"Timestamp","TZ","GHI1_AV (W/m2)","UVB22013 (W/m2)","UVB22013_AV (W/m2)","UVB22013_SD (W/m2)","UVB22012 (W/m2)","UVB22012_AV (W/m2)","UVB22012_SD (W/m2)","TA_AV (degC)","TL (degC)","GTI_AV (W/m2)"
2026/06/05 00:00:00.274,n,-2.786954,6.590939,4.596208,1.293979,OverRange,OverRange,OverRange,14.43036,17.02805,-3.34983
2026/06/05 00:01:00.259,n,-2.649415,3.612128,4.770676,1.740857,OverRange,OverRange,OverRange,14.404364,17.026974,-3.293432
2026/06/05 00:02:00.260,n,-2.810433,3.610405,4.507369,1.557001,OverRange,OverRange,OverRange,14.406148,17.021688,-3.31681
2026/06/05 00:03:00.265,n,-2.672766,2.846434,5.172775,1.576711,OverRange,OverRange,OverRange,14.430598,17.029126,-3.262289
2026/06/05 00:04:00.264,n,-2.579235,6.834634,4.244639,1.270506,OverRange,OverRange,OverRange,14.411454,17.026974,-3.129869
2026/06/05 00:05:00.266,n,-2.625936,6.162993,5.929848,0.902161,OverRange,OverRange,OverRange,14.421804,17.021688,-3.235071
2026/06/05 00:06:00.268,n,-2.64377,6.231916,5.763174,1.295506,OverRange,OverRange,OverRange,14.428356,17.03659,-3.254354
2026/06/05 00:07:00.272,n,-2.620291,6.596168,4.957628,1.69673,OverRange,OverRange,OverRange,14.424032,17.033396,-3.244798
2026/06/05 00:08:00.273,n,-2.599891,6.576423,4.597264,1.056253,OverRange,OverRange,OverRange,14.430614,17.034504,-3.233024
2026/06/05 00:09:00.277,n,-2.737302,3.718446,3.954645,1.251107,OverRange,OverRange,OverRange,14.396078,17.033396,-3.201966
2026/06/05 00:10:00.260,n,-2.719596,6.336542,6.26296,0.184539,OverRange,OverRange,OverRange,14.474492,17.040864,-3.258279
2026/06/05 00:11:00.263,n,-2.784003,3.652309,3.683453,0.082476,OverRange,OverRange,OverRange,14.401628,17.03979,-3.303244
2026/06/05 00:12:00.264,n,-2.866116,6.100778,4.501575,1.386339,OverRange,OverRange,OverRange,14.500962,17.035514,-3.390869
2026/06/05 00:13:00.270,n,-2.678796,3.687597,5.350478,1.091756,OverRange,OverRange,OverRange,14.46642,17.040864,-3.459042
2026/06/05 00:14:00.267,n,-2.59091,3.772793,4.144331,1.204595,OverRange,OverRange,OverRange,14.469702,17.04194,-3.305206
2026/06/05 00:15:00.272,n,-2.585265,6.480988,5.31618,1.733491,OverRange,OverRange,OverRange,14.56042,17.038742,-3.295479
2026/06/05 00:16:00.274,n,-2.573333,5.709443,4.841088,1.48216,OverRange,OverRange,OverRange,14.531454,17.040864,-3.272016
2026/06/05 00:17:00.275,n,-2.570382,4.775508,4.545989,1.567844,OverRange,OverRange,OverRange,14.524628,17.03979,-3.223382
2026/06/05 00:18:00.275,n,-2.555884,6.250653,5.148121,1.414057,OverRange,OverRange,OverRange,14.568518,17.03979,-3.328414
2026/06/05 00:19:00.261,n,-2.561658,3.475429,4.313589,1.180816,OverRange,OverRange,OverRange,14.490112,17.042982,-3.248723
2026/06/05 00:20:00.264,n,-2.628759,3.215428,4.154664,1.218355,OverRange,OverRange,OverRange,14.525656,17.042982,-3.196164
2026/06/05 00:21:00.265,n,-2.737302,6.187,4.820853,1.316156,OverRange,OverRange,OverRange,14.584646,17.051558,-3.270139
2026/06/05 00:22:00.267,n,-2.593861,6.540145,5.247436,1.704056,OverRange,OverRange,OverRange,14.589392,17.048362,-3.320649
2026/06/05 00:23:00.269,n,-2.605536,5.918506,5.199937,1.451378,OverRange,OverRange,OverRange,14.583136,17.044092,-3.291469
2026/06/05 00:24:00.271,n,-2.585009,6.466012,4.957352,1.581851,OverRange,OverRange,OverRange,14.56042,17.048362,-3.270053
2026/06/05 00:25:00.272,n,-2.614389,3.056818,4.634517,1.500657,OverRange,OverRange,OverRange,14.550848,17.049406,-3.326366
2026/06/05 00:26:00.275,n,-2.591039,4.537747,6.009738,0.730937,OverRange,OverRange,OverRange,14.632534,17.052634,-3.318772
2026/06/05 00:27:00.276,n,-2.763731,3.935378,4.486277,1.352212,OverRange,OverRange,OverRange,14.608572,17.047286,-3.37517
2026/06/05 00:28:00.263,n,-2.664298,6.445561,5.620914,1.381405,OverRange,OverRange,OverRange,14.649404,17.053676,-3.30111
2026/06/05 00:29:00.264,n,-2.690343,6.349867,4.096955,1.210863,OverRange,OverRange,OverRange,14.587174,17.049406,-3.301196
2026/06/05 00:30:00.267,n,-2.596812,3.269195,4.223567,1.226375,OverRange,OverRange,OverRange,14.57984,17.050482,-3.180636
2026/06/05 00:31:00.269,n,-2.625808,3.682513,4.563508,1.642512,OverRange,OverRange,OverRange,14.594214,17.054754,-3.213741
2026/06/05 00:32:00.271,n,-2.599892,3.12789,4.864747,1.950791,OverRange,OverRange,OverRange,14.606038,17.056876,-3.225345
2026/06/05 00:33:00.273,n,-2.629016,5.354983,4.885716,1.568777,OverRange,OverRange,OverRange,14.604554,17.0558,-3.260412
2026/06/05 00:34:00.276,n,-2.655189,3.061894,4.385048,1.259593,OverRange,OverRange,OverRange,14.575816,17.059024,-3.244798
2026/06/05 00:35:00.277,n,-2.614261,6.594376,5.313078,1.78229,OverRange,OverRange,OverRange,14.615866,17.063298,-3.201881
2026/06/05 00:36:00.278,n,-2.620163,6.388919,5.816897,1.324799,OverRange,OverRange,OverRange,14.627996,17.062254,-3.268005
2026/06/05 00:37:00.265,n,-2.676102,3.847149,4.077132,1.286043,OverRange,OverRange,OverRange,14.549846,17.065448,-3.27978
2026/06/05 00:38:00.268,n,-2.631838,4.685773,5.243336,1.148944,OverRange,OverRange,OverRange,14.63177,17.069688,-3.266299
2026/06/05 00:39:00.268,n,-2.637997,6.097962,6.256901,0.172283,OverRange,OverRange,OverRange,14.684688,17.0676,-3.264252
2026/06/05 00:40:00.271,n,-2.591039,6.610684,5.293374,1.295593,OverRange,OverRange,OverRange,14.617392,17.072916,-3.248723
2026/06/05 00:41:00.274,n,-2.616955,3.637386,4.793365,1.479059,OverRange,OverRange,OverRange,14.616898,17.07184,-3.287459
2026/06/05 00:42:00.276,n,-2.635174,3.664755,4.445112,1.39293,OverRange,OverRange,OverRange,14.621934,17.070796,-3.215448
2026/06/05 00:43:00.276,n,-2.789777,4.19951,3.744879,0.245149,OverRange,OverRange,OverRange,14.591976,17.070796,-3.283705
2026/06/05 00:44:00.279,n,-2.737302,3.731746,4.443896,1.417575,OverRange,OverRange,OverRange,14.636048,17.070796,-3.349915
2026/06/05 00:45:00.566,n,-2.830961,3.032927,3.969984,1.256524,OverRange,OverRange,OverRange,14.660996,17.072916,-3.295308
2026/06/05 00:46:00.265,n,-2.716773,3.469344,3.936857,0.697058,OverRange,OverRange,OverRange,14.64916,17.077188,-3.219543
2026/06/05 00:47:00.268,n,-2.751928,6.1686,5.248044,1.280722,OverRange,OverRange,OverRange,14.70811,17.079308,-3.268176
2026/06/05 00:48:00.271,n,-2.649544,6.138875,4.974242,1.501258,OverRange,OverRange,OverRange,14.643092,17.08361,-3.268091
2026/06/05 00:49:00.272,n,-2.567431,6.257867,6.163383,0.081021,OverRange,OverRange,OverRange,14.69956,17.084656,-3.266214
2026/06/05 00:50:00.273,n,-2.555756,6.158956,5.037771,1.622184,OverRange,OverRange,OverRange,14.66476,17.08361,-3.318857
2026/06/05 00:51:00.275,n,-2.59399,3.660598,4.407118,1.579146,OverRange,OverRange,OverRange,14.61085,17.093134,-3.235071
2026/06/05 00:52:00.277,n,-2.374466,4.521205,5.87638,0.688243,OverRange,OverRange,OverRange,14.719284,17.08883,-3.089341
2026/06/05 00:53:00.279,n,-2.248347,3.72034,4.262963,1.216515,OverRange,OverRange,OverRange,14.64974,17.108948,-3.042158
2026/06/05 00:54:00.281,n,-2.505333,6.558992,4.938761,1.500476,OverRange,OverRange,OverRange,14.694306,17.111068,-3.096594
2026/06/05 00:55:00.266,n,-2.61657,3.641063,3.549432,0.220636,OverRange,OverRange,OverRange,14.617474,17.11322,-3.180124
2026/06/05 00:56:00.271,n,-2.724857,3.35053,4.104682,0.914213,OverRange,OverRange,OverRange,14.678706,17.116448,-3.215192
2026/06/05 00:57:00.333,n,-2.598737,6.531365,4.784505,1.701044,OverRange,OverRange,OverRange,14.705628,17.116448,-3.17236
2026/06/05 00:58:00.323,n,-2.464534,3.571558,4.350534,1.528766,OverRange,OverRange,OverRange,14.64088,17.122838,-3.207512
2026/06/05 00:59:00.275,n,-2.657627,3.710204,4.179216,1.120271,OverRange,OverRange,OverRange,14.673152,17.121794,-3.236522
2026/06/05 01:00:00.277,n,-2.616699,3.144254,4.789535,1.740728,OverRange,OverRange,OverRange,14.702108,17.122838,-3.15666
2026/06/05 01:01:00.326,n,-2.464534,3.046094,4.881817,1.530931,OverRange,OverRange,OverRange,14.69634,17.127112,-3.090706
2026/06/05 01:02:00.282,n,-2.446957,3.713417,4.865239,1.718725,OverRange,OverRange,OverRange,14.682968,17.124958,-3.148981
2026/06/05 01:03:00.281,n,-2.473258,6.587773,5.099619,1.342114,OverRange,OverRange,OverRange,14.718496,17.128188,-3.057601
2026/06/05 01:04:00.267,n,-2.45876,5.741232,4.705901,1.731868,OverRange,OverRange,OverRange,14.678162,17.130338,-3.10615
2026/06/05 01:05:00.270,n,-2.432202,3.122514,4.70277,1.516701,OverRange,OverRange,OverRange,14.676662,17.136762,-3.051714
2026/06/05 01:06:00.340,n,-2.531635,3.037806,4.919277,1.791586,OverRange,OverRange,OverRange,14.68952,17.13461,-3.080809
2026/06/05 01:07:00.273,n,-2.484934,6.056261,5.317781,1.6469,OverRange,OverRange,OverRange,14.707932,17.135686,-3.119887
2026/06/05 01:08:00.275,n,-2.467357,4.612336,5.352318,1.274238,OverRange,OverRange,OverRange,14.699606,17.139926,-3.228843
2026/06/05 01:09:00.278,n,-2.435409,2.901105,4.757342,1.559721,OverRange,OverRange,OverRange,14.69102,17.142078,-3.123726
2026/06/05 01:10:00.279,n,-2.496481,3.604597,3.905407,1.231714,OverRange,OverRange,OverRange,14.67719,17.143154,-3.051714
2026/06/05 01:11:00.281,n,-2.487756,3.723316,4.723552,1.376058,OverRange,OverRange,OverRange,14.695328,17.1485,-3.119887
2026/06/05 01:12:00.283,n,-2.482111,3.551471,4.534236,1.283076,OverRange,OverRange,OverRange,14.685226,17.150652,-3.032175
2026/06/05 01:13:00.269,n,-2.578722,3.102091,5.171982,1.188082,OverRange,OverRange,OverRange,14.719254,17.14423,-3.221079
2026/06/05 01:14:00.271,n,-2.59322,6.44676,4.916001,1.634277,OverRange,OverRange,OverRange,14.71069,17.147424,-3.113999
2026/06/05 01:15:00.273,n,-2.607846,6.240323,5.027856,1.417667,OverRange,OverRange,OverRange,14.679958,17.149576,-3.187888
2026/06/05 01:16:00.276,n,-2.467228,6.196903,5.856529,1.114594,OverRange,OverRange,OverRange,14.68072,17.152772,-3.160585
2026/06/05 01:17:00.276,n,-2.473387,6.162904,5.231957,1.676278,OverRange,OverRange,OverRange,14.670878,17.150652,-3.119801
2026/06/05 01:18:00.278,n,-2.558194,4.737579,4.554474,1.502529,OverRange,OverRange,OverRange,14.634838,17.160208,-3.129528
2026/06/05 01:19:00.281,n,-2.601944,6.513261,5.731042,1.252052,OverRange,OverRange,OverRange,14.692048,17.153816,-3.148896
2026/06/05 01:20:00.266,n,-2.543439,3.664298,4.824663,1.645665,OverRange,OverRange,OverRange,14.623988,17.15597,-3.219116
2026/06/05 01:21:00.268,n,-2.613748,3.021315,4.824914,1.72367,OverRange,OverRange,OverRange,14.655238,17.158088,-3.176113
2026/06/05 01:22:00.273,n,-2.461583,4.002515,4.801313,1.395496,OverRange,OverRange,OverRange,14.649456,17.153816,-3.061356
2026/06/05 01:23:00.272,n,-2.443877,3.342748,5.158387,1.41924,OverRange,OverRange,OverRange,14.640896,17.157046,-3.082857
2026/06/05 01:24:00.258,n,-2.470051,6.57383,4.83135,1.150764,OverRange,OverRange,OverRange,14.653508,17.158088,-3.010759
2026/06/05 01:25:00.259,n,-2.414882,6.248849,5.362534,1.301581,OverRange,OverRange,OverRange,14.638372,17.15173,-3.10231
2026/06/05 01:26:00.261,n,-2.409108,4.031883,3.97576,0.557226,OverRange,OverRange,OverRange,14.569332,17.149512,-3.057516
2026/06/05 01:27:00.264,n,-2.517779,3.532189,5.900426,1.181751,OverRange,OverRange,OverRange,14.642178,17.14524,-3.176796
2026/06/05 01:28:00.266,n,-2.57051,6.004087,4.496849,1.319808,OverRange,OverRange,OverRange,14.624792,17.142014,-3.143521
2026/06/05 01:29:00.267,n,-2.529454,6.017911,5.445551,1.200323,OverRange,OverRange,OverRange,14.630326,17.144166,-3.190192
2026/06/05 01:30:00.270,n,-2.593733,3.671844,4.765574,1.266828,OverRange,OverRange,OverRange,14.578918,17.149512,-3.190363
2026/06/05 01:31:00.273,n,-2.649544,5.833328,5.121069,1.412852,OverRange,OverRange,OverRange,14.609914,17.140968,-3.1884
2026/06/05 01:32:00.257,n,-2.582186,3.973071,4.827726,1.357549,OverRange,OverRange,OverRange,14.584722,17.147392,-3.162974
2026/06/05 01:33:00.260,n,-2.755007,3.781339,4.871315,1.483966,OverRange,OverRange,OverRange,14.590994,17.137774,-3.307168
2026/06/05 01:34:00.261,n,-2.68457,3.87077,4.594155,1.38299,OverRange,OverRange,OverRange,14.5716,17.132426,-3.281742
2026/06/05 01:35:00.263,n,-2.625808,6.093689,5.020686,1.49737,OverRange,OverRange,OverRange,14.617478,17.134576,-3.159135
2026/06/05 01:36:00.265,n,-2.541129,3.195912,5.462496,1.198661,OverRange,OverRange,OverRange,14.571106,17.133502,-3.168862
2026/06/05 01:37:00.267,n,-2.549982,5.266357,5.136857,1.12848,OverRange,OverRange,OverRange,14.603104,17.13135,-3.174749
2026/06/05 01:38:00.274,n,-2.585009,6.451396,4.808857,1.661713,OverRange,OverRange,OverRange,14.58545,17.127044,-3.13388
2026/06/05 01:39:00.272,n,-2.582057,3.597839,4.39343,1.36379,OverRange,OverRange,OverRange,14.534556,17.127044,-3.139681
2026/06/05 01:40:00.256,n,-2.617212,5.259166,5.46526,0.983795,OverRange,OverRange,OverRange,14.592778,17.126002,-3.184475
2026/06/05 01:41:00.260,n,-2.70497,4.936319,4.683232,1.563376,OverRange,OverRange,OverRange,14.549164,17.127044,-3.161097
2026/06/05 01:42:00.264,n,-2.699324,3.786081,4.457485,1.450203,OverRange,OverRange,OverRange,14.512376,17.123882,-3.213485
2026/06/05 01:43:00.263,n,-2.836478,3.755201,5.056756,1.506188,OverRange,OverRange,OverRange,14.549164,17.11961,-3.342151
2026/06/05 01:44:00.264,n,-2.792728,6.030401,5.48524,1.317572,OverRange,OverRange,OverRange,14.565304,17.123882,-3.19224
2026/06/05 01:45:00.267,n,-2.640691,6.201875,5.398628,1.579373,OverRange,OverRange,OverRange,14.535818,17.118534,-3.170739
2026/06/05 01:46:00.270,n,-2.634917,5.287784,5.590094,1.287996,OverRange,OverRange,OverRange,14.511108,17.11534,-3.27978
2026/06/05 01:47:00.271,n,-2.666865,5.509746,5.619761,1.140576,OverRange,OverRange,OverRange,14.522198,17.116382,-3.174749
2026/06/05 01:48:00.274,n,-2.687521,6.204223,5.390923,1.309038,OverRange,OverRange,OverRange,14.51086,17.114264,-3.221505
2026/06/05 01:49:00.259,n,-2.710743,2.9262,4.441805,1.386453,OverRange,OverRange,OverRange,14.442266,17.109958,-3.237034
2026/06/05 01:50:00.260,n,-2.626065,3.211764,5.030803,1.496547,OverRange,OverRange,OverRange,14.50504,17.11211,-3.242836
2026/06/05 01:51:00.261,n,-2.623242,3.886174,4.513472,1.333575,OverRange,OverRange,OverRange,14.470516,17.10784,-3.205806
2026/06/05 01:52:00.264,n,-2.696117,3.854108,4.269013,0.594717,OverRange,OverRange,OverRange,14.465988,17.101448,-3.219543
2026/06/05 01:53:00.269,n,-2.64377,6.331664,5.651696,1.359532,OverRange,OverRange,OverRange,14.530766,17.101448,-3.242836
2026/06/05 01:54:00.270,n,-2.675717,3.778782,4.095741,1.33674,OverRange,OverRange,OverRange,14.43219,17.090752,-3.262289
2026/06/05 01:55:00.270,n,-2.693423,2.977393,5.266493,1.490871,OverRange,OverRange,OverRange,14.48792,17.090752,-3.233109
2026/06/05 01:56:00.272,n,-2.63774,6.509032,5.183272,1.67387,OverRange,OverRange,OverRange,14.489426,17.086482,-3.147531
2026/06/05 01:57:00.276,n,-2.617212,3.143283,4.401298,1.65624,OverRange,OverRange,OverRange,14.431428,17.086482,-3.184475
2026/06/05 01:58:00.263,n,-2.626193,3.629703,4.59335,1.427771,OverRange,OverRange,OverRange,14.439764,17.08433,-3.161012
2026/06/05 01:59:00.261,n,-2.614389,5.423412,5.035838,1.383862,OverRange,OverRange,OverRange,14.473536,17.086482,-3.087037
2026/06/05 02:00:00.263,n,-2.555756,6.662921,5.031938,1.273991,OverRange,OverRange,OverRange,14.434704,17.077938,-3.141559
2026/06/05 02:01:00.268,n,-2.614518,3.190793,4.784253,1.813051,OverRange,OverRange,OverRange,14.406194,17.081102,-3.186523
2026/06/05 02:02:00.267,n,-2.754751,6.511415,4.989027,1.810446,OverRange,OverRange,OverRange,14.457646,17.07259,-3.199833
2026/06/05 02:03:00.269,n,-2.80466,3.72684,3.974984,1.260753,OverRange,OverRange,OverRange,14.382512,17.068286,-3.238911
2026/06/05 02:04:00.272,n,-2.746026,3.967203,4.968914,1.606094,OverRange,OverRange,OverRange,14.444798,17.065122,-3.161012
2026/06/05 02:05:00.274,n,-2.693295,6.108123,4.497702,1.364761,OverRange,OverRange,OverRange,14.455404,17.059806,-3.169032
2026/06/05 02:06:00.275,n,-2.669815,5.049803,4.706789,1.192596,OverRange,OverRange,OverRange,14.403972,17.06085,-3.21357
2026/06/05 02:07:00.261,n,-2.65814,6.140538,5.662449,1.156534,OverRange,OverRange,OverRange,14.461452,17.063004,-3.213656
2026/06/05 02:08:00.264,n,-2.591039,3.939115,4.527617,1.010757,OverRange,OverRange,OverRange,14.373962,17.057624,-3.198127
2026/06/05 02:09:00.267,n,-2.625936,3.719974,3.830404,0.226916,OverRange,OverRange,OverRange,14.39236,17.051232,-3.137804
2026/06/05 02:10:00.267,n,-2.555756,4.186022,5.444407,1.321122,OverRange,OverRange,OverRange,14.462962,17.048036,-3.161183
2026/06/05 02:11:00.268,n,-2.643514,6.503153,4.217259,1.172691,OverRange,OverRange,OverRange,14.424626,17.048036,-3.14335
2026/06/05 02:12:00.270,n,-2.64377,3.687947,4.720987,1.452699,OverRange,OverRange,OverRange,14.40244,17.044808,-3.223382
2026/06/05 02:13:00.272,n,-2.652495,3.767366,4.204614,1.286026,OverRange,OverRange,OverRange,14.394862,17.044808,-3.207854
2026/06/05 02:14:00.274,n,-2.734351,6.40837,5.381319,1.089875,OverRange,OverRange,OverRange,14.451092,17.039462,-3.35
2026/06/05 02:15:00.276,n,-2.602586,3.371132,4.55909,1.335629,OverRange,OverRange,OverRange,14.383266,17.043766,-3.238911
2026/06/05 02:16:00.265,n,-2.599507,3.924026,5.057003,1.555001,OverRange,OverRange,OverRange,14.41152,17.038418,-3.198042
2026/06/05 02:17:00.266,n,-2.649544,6.088038,4.619655,1.259276,OverRange,OverRange,OverRange,14.415812,17.034148,-3.155295
2026/06/05 02:18:00.267,n,-2.628887,6.012555,5.312884,1.403664,OverRange,OverRange,OverRange,14.404694,17.031994,-3.238911
2026/06/05 02:19:00.269,n,-2.605665,6.440998,4.633352,1.547762,OverRange,OverRange,OverRange,14.424618,17.034148,-3.219458
2026/06/05 02:20:00.273,n,-2.675846,6.467473,5.204419,1.420592,OverRange,OverRange,OverRange,14.436992,17.026646,-3.2506
2026/06/05 02:21:00.273,n,-2.649416,5.842031,5.596579,1.233846,OverRange,OverRange,OverRange,14.433462,17.027724,-3.285753
2026/06/05 02:22:00.273,n,-2.605408,3.186031,4.825674,1.772035,OverRange,OverRange,OverRange,14.395864,17.026646,-3.272101
2026/06/05 02:23:00.279,n,-2.640691,3.96066,4.938248,1.705028,OverRange,OverRange,OverRange,14.438228,17.023484,-3.2506
2026/06/05 02:24:00.277,n,-2.602586,6.413718,4.806605,1.548175,OverRange,OverRange,OverRange,14.450348,17.024526,-3.172786
2026/06/05 02:25:00.264,n,-2.552933,3.31287,4.821553,1.625994,OverRange,OverRange,OverRange,14.413006,17.020256,-3.200004
2026/06/05 02:26:00.265,n,-2.63774,5.96583,4.976229,1.593179,OverRange,OverRange,OverRange,14.462204,17.021332,-3.180465
2026/06/05 02:27:00.267,n,-2.626065,3.071469,4.367268,1.735529,OverRange,OverRange,OverRange,14.407208,17.015984,-3.192069
2026/06/05 02:28:00.270,n,-2.7518,3.076608,4.92545,1.541012,OverRange,OverRange,OverRange,14.449844,17.020256,-3.28379
2026/06/05 02:29:00.270,n,-2.643642,6.613626,4.965672,1.397937,OverRange,OverRange,OverRange,14.483892,17.01706,-3.194202
2026/06/05 02:30:00.273,n,-2.614389,3.017236,4.681012,1.822678,OverRange,OverRange,OverRange,14.43395,17.021332,-3.236948
2026/06/05 02:31:00.275,n,-2.699068,6.603764,4.930075,1.715134,OverRange,OverRange,OverRange,14.480342,17.023484,-3.240873
2026/06/05 02:32:00.279,n,-2.629016,6.532545,4.585799,1.611552,OverRange,OverRange,OverRange,14.45336,17.015984,-3.211779
2026/06/05 02:33:00.280,n,-2.617212,6.133321,4.985001,1.418795,OverRange,OverRange,OverRange,14.480862,17.018104,-3.198127
2026/06/05 02:34:00.264,n,-2.555884,3.341541,4.699354,1.677885,OverRange,OverRange,OverRange,14.477824,17.018104,-3.27978
2026/06/05 02:35:00.266,n,-2.713694,3.060853,4.962506,1.681211,OverRange,OverRange,OverRange,14.480078,17.011714,-3.270053
2026/06/05 02:36:00.268,n,-2.737173,3.208442,4.922442,1.857109,OverRange,OverRange,OverRange,14.477814,17.014908,-3.31297
2026/06/05 02:37:00.271,n,-2.666993,2.951203,5.087616,1.662189,OverRange,OverRange,OverRange,14.504044,17.014908,-3.305121
2026/06/05 02:38:00.272,n,-2.681619,3.133583,5.348702,1.464362,OverRange,OverRange,OverRange,14.506054,17.015984,-3.31681
2026/06/05 02:39:00.274,n,-2.713822,5.891448,5.193133,1.693356,OverRange,OverRange,OverRange,14.515126,17.01067,-3.268176
2026/06/05 02:40:00.277,n,-2.751672,6.108586,6.127392,0.071368,OverRange,OverRange,OverRange,14.536836,17.018104,-3.268176
2026/06/05 02:41:00.278,n,-2.72229,6.050631,4.773768,1.427199,OverRange,OverRange,OverRange,14.476808,17.01067,-3.305121
2026/06/05 02:42:00.282,n,-2.766426,4.727283,4.87411,1.184334,OverRange,OverRange,OverRange,14.478348,17.011714,-3.363652
2026/06/05 02:43:00.265,n,-2.912561,6.46806,5.44591,1.356501,OverRange,OverRange,OverRange,14.507324,17.012756,-3.453155
2026/06/05 02:44:00.266,n,-2.927444,6.640966,4.900749,1.305964,OverRange,OverRange,OverRange,14.492214,17.01067,-3.373293
2026/06/05 02:45:00.269,n,-2.997625,3.763313,4.087741,1.050197,OverRange,OverRange,OverRange,14.444566,17.009562,-3.367406
2026/06/05 02:46:00.272,n,-3.021232,4.777956,4.64758,1.083538,OverRange,OverRange,OverRange,14.464966,17.01067,-3.414163
2026/06/05 02:47:00.272,n,-3.03265,6.461439,4.731984,1.38773,OverRange,OverRange,OverRange,14.493698,17.004214,-3.386945
2026/06/05 02:48:00.276,n,-3.064983,3.749199,4.150464,1.324108,OverRange,OverRange,OverRange,14.434972,17.006332,-3.49974
2026/06/05 02:49:00.278,n,-3.024054,3.630686,4.708849,1.429812,OverRange,OverRange,OverRange,14.48614,17.002092,-3.400511
2026/06/05 02:50:00.281,n,-2.906659,5.407171,5.224895,1.57032,OverRange,OverRange,OverRange,14.497742,17.00529,-3.338226
2026/06/05 02:51:00.281,n,-2.830833,4.099491,4.044988,1.33489,OverRange,OverRange,OverRange,14.391342,16.995702,-3.351877
2026/06/05 02:52:00.267,n,-2.798629,6.171908,5.485019,1.249846,OverRange,OverRange,OverRange,14.494986,16.998898,-3.215533
2026/06/05 02:53:00.270,n,-2.825059,5.799276,4.561823,1.35499,OverRange,OverRange,OverRange,14.416046,16.994626,-3.306998
2026/06/05 02:54:00.270,n,-2.795679,6.113409,4.959625,1.413858,OverRange,OverRange,OverRange,14.466742,16.998898,-3.293432
2026/06/05 02:55:00.272,n,-2.807483,6.513409,4.913168,1.707904,OverRange,OverRange,OverRange,14.433946,16.9914,-3.215532
2026/06/05 02:56:00.274,n,-2.792728,3.363958,4.355051,1.332377,OverRange,OverRange,OverRange,14.41302,16.990322,-3.305206
2026/06/05 02:57:00.278,n,-2.77515,4.119547,5.102371,0.694093,OverRange,OverRange,OverRange,14.459204,16.987128,-3.285667
2026/06/05 02:58:00.278,n,-2.780795,5.392185,4.918448,1.324911,OverRange,OverRange,OverRange,14.443538,16.9914,-3.244798
2026/06/05 02:59:00.283,n,-2.757573,3.863026,4.140271,1.135101,OverRange,OverRange,OverRange,14.40448,16.994626,-3.205891
2026/06/05 03:00:00.282,n,-2.816079,3.716909,4.80658,1.369872,OverRange,OverRange,OverRange,14.442006,16.98817,-3.24676
2026/06/05 03:01:00.267,n,-2.860342,6.401644,4.96014,1.446095,OverRange,OverRange,OverRange,14.47254,16.987128,-3.234986
2026/06/05 03:02:00.269,n,-2.842637,3.788756,4.654456,1.357206,OverRange,OverRange,OverRange,14.411012,16.987128,-3.28379
2026/06/05 03:03:00.272,n,-2.933089,6.103384,4.6481,1.294243,OverRange,OverRange,OverRange,14.46045,16.986082,-3.198041
2026/06/05 03:04:00.275,n,-2.804403,6.416596,4.226796,1.312373,OverRange,OverRange,OverRange,14.424626,16.977508,-3.24676
2026/06/05 03:05:00.276,n,-2.798501,4.141001,3.803074,0.472548,OverRange,OverRange,OverRange,14.38529,16.986082,-3.262374
2026/06/05 03:06:00.278,n,-2.833528,3.089746,4.891929,1.389389,OverRange,OverRange,OverRange,14.44252,16.978584,-3.309131
2026/06/05 03:07:00.281,n,-2.828139,3.440376,4.335638,1.348379,OverRange,OverRange,OverRange,14.415298,16.973238,-3.231232
2026/06/05 03:08:00.282,n,-2.845331,4.417647,5.30955,1.254286,OverRange,OverRange,OverRange,14.443044,16.97004,-3.336349
2026/06/05 03:09:00.284,n,-2.801581,5.388634,6.079907,0.346205,OverRange,OverRange,OverRange,14.44128,16.97004,-3.318858
2026/06/05 03:10:00.275,n,-2.927316,3.856961,4.075106,1.243901,OverRange,OverRange,OverRange,14.35603,16.96577,-3.355802
2026/06/05 03:11:00.272,n,-3.061903,3.126782,4.5467,1.45473,OverRange,OverRange,OverRange,14.393632,16.966844,-3.386859
2026/06/05 03:12:00.257,n,-2.88921,3.949236,4.988775,1.692171,OverRange,OverRange,OverRange,14.376964,16.960422,-3.293517
2026/06/05 03:13:00.258,n,-2.953617,3.342578,4.675582,1.6394,OverRange,OverRange,OverRange,14.37141,16.961466,-3.400511
2026/06/05 03:14:00.260,n,-2.971451,6.195086,5.667469,1.267183,OverRange,OverRange,OverRange,14.414022,16.950804,-3.406313
2026/06/05 03:15:00.262,n,-2.930267,3.752461,4.903562,1.635957,OverRange,OverRange,OverRange,14.321218,16.946534,-3.373293
2026/06/05 03:16:00.266,n,-3.023798,3.247407,4.644171,1.360033,OverRange,OverRange,OverRange,14.36434,16.944382,-3.351877
2026/06/05 03:17:00.267,n,-3.07948,6.048342,6.050221,0.285808,OverRange,OverRange,OverRange,14.406738,16.946534,-3.37517
2026/06/05 03:18:00.273,n,-3.094107,3.131402,4.583828,1.4229,OverRange,OverRange,OverRange,14.302786,16.94014,-3.453069
2026/06/05 03:19:00.270,n,-3.13542,6.270292,5.804783,1.072777,OverRange,OverRange,OverRange,14.373454,16.934794,-3.488136
2026/06/05 03:20:00.271,n,-3.053307,3.257513,4.461575,1.601432,OverRange,OverRange,OverRange,14.297242,16.92413,-3.406398
2026/06/05 03:21:00.258,n,-3.205215,6.029034,4.087278,0.953159,OverRange,OverRange,OverRange,14.316676,16.923056,-3.493939
2026/06/05 03:22:00.260,n,-3.035473,5.180501,4.337103,1.16402,OverRange,OverRange,OverRange,14.292222,16.91236,-3.525081
2026/06/05 03:23:00.262,n,-3.079609,3.116442,5.109402,1.671466,OverRange,OverRange,OverRange,14.294464,16.912526,-3.503751
2026/06/05 03:24:00.266,n,-2.731656,6.356692,6.187555,0.113792,OverRange,OverRange,OverRange,14.374196,16.906722,-3.251027
2026/06/05 03:25:00.266,n,-2.833912,6.412287,4.820111,1.498991,OverRange,OverRange,OverRange,14.28828,16.900328,-3.313056
2026/06/05 03:26:00.268,n,-2.997881,6.266435,4.555109,1.141187,OverRange,OverRange,OverRange,14.280228,16.891722,-3.373293
2026/06/05 03:27:00.269,n,-3.024054,3.933313,4.091533,1.026006,OverRange,OverRange,OverRange,14.252706,16.884286,-3.515525
2026/06/05 03:28:00.271,n,-3.062288,4.662608,4.68656,1.30878,OverRange,OverRange,OverRange,14.304948,16.884286,-3.353754
2026/06/05 03:29:00.257,n,-2.991851,6.171263,5.717726,1.104777,OverRange,OverRange,OverRange,14.313008,16.881058,-3.377303
2026/06/05 03:30:00.259,n,-2.9685,5.493869,4.643975,1.415585,OverRange,OverRange,OverRange,14.247662,16.87679,-3.37918
2026/06/05 03:31:00.261,n,-2.985949,3.008196,5.201202,1.563423,OverRange,OverRange,OverRange,14.260784,16.86179,-3.457165
2026/06/05 03:32:00.265,n,-2.930267,2.98879,4.816186,1.860397,OverRange,OverRange,OverRange,14.256744,16.85543,-3.392832
2026/06/05 03:33:00.264,n,-3.070756,5.941034,5.35988,1.182236,OverRange,OverRange,OverRange,14.291322,16.847966,-3.480543
2026/06/05 03:34:00.269,n,-2.907044,3.664631,4.613053,1.561137,OverRange,OverRange,OverRange,14.211346,16.840466,-3.363737
2026/06/05 03:35:00.268,n,-2.936297,3.204685,4.940836,1.806278,OverRange,OverRange,OverRange,14.22292,16.834076,-3.35
2026/06/05 03:36:00.270,n,-3.08256,4.687195,4.131853,0.468548,OverRange,OverRange,OverRange,14.212372,16.830844,-3.431653
2026/06/05 03:37:00.256,n,-3.152869,6.624104,4.950964,1.793624,OverRange,OverRange,OverRange,14.21256,16.823314,-3.461089
2026/06/05 03:38:00.258,n,-2.994802,3.250377,4.815122,1.764755,OverRange,OverRange,OverRange,14.182058,16.81588,-3.441636
2026/06/05 03:39:00.259,n,-3.129518,6.129992,5.013022,1.528034,OverRange,OverRange,OverRange,14.220154,16.807306,-3.347953
2026/06/05 03:40:00.263,n,-3.097314,6.136579,4.832154,1.679805,OverRange,OverRange,OverRange,14.175488,16.803034,-3.42406
2026/06/05 03:41:00.263,n,-3.14671,3.607908,4.958787,1.521948,OverRange,OverRange,OverRange,14.130554,16.79661,-3.507761
2026/06/05 03:42:00.265,n,-3.106038,6.257809,6.179623,0.443881,OverRange,OverRange,OverRange,14.207814,16.786992,-3.517402
2026/06/05 03:43:00.267,n,-3.079737,6.271034,4.761859,1.328785,OverRange,OverRange,OverRange,14.1394,16.776334,-3.501703
2026/06/05 03:44:00.270,n,-3.003526,3.738685,4.433817,1.146736,OverRange,OverRange,OverRange,14.125778,16.7688,-3.53293
2026/06/05 03:45:00.272,n,-3.012379,6.033114,6.117743,0.066727,OverRange,OverRange,OverRange,14.196716,16.7688,-3.447353
2026/06/05 03:46:00.259,n,-2.918847,6.620935,5.201611,1.626636,OverRange,OverRange,OverRange,14.129298,16.76342,-3.431824
2026/06/05 03:47:00.259,n,-2.92167,4.086276,4.614114,1.589507,OverRange,OverRange,OverRange,14.10556,16.75279,-3.433872
2026/06/05 03:48:00.262,n,-2.918591,3.8086,4.946665,1.520875,OverRange,OverRange,OverRange,14.10936,16.744184,-3.451278
2026/06/05 03:49:00.263,n,-2.924621,6.106138,4.893275,1.305166,OverRange,OverRange,OverRange,14.158096,16.74314,-3.344283
2026/06/05 03:50:00.266,n,-2.918591,3.864901,3.719173,0.162797,OverRange,OverRange,OverRange,14.083116,16.736684,-3.371587
2026/06/05 03:51:00.266,n,-2.872018,4.041749,4.866575,1.481694,OverRange,OverRange,OverRange,14.125768,16.732446,-3.381143
2026/06/05 03:52:00.269,n,-2.924493,3.863001,4.029157,0.090377,OverRange,OverRange,OverRange,14.086904,16.726022,-3.338226
2026/06/05 03:53:00.271,n,-3.024183,3.776082,3.676869,0.107162,OverRange,OverRange,OverRange,14.10079,16.716372,-3.398633
2026/06/05 03:54:00.274,n,-3.012507,6.241227,5.541957,1.105038,OverRange,OverRange,OverRange,14.139664,16.712132,-3.464929
2026/06/05 03:55:00.258,n,-2.977224,6.419009,4.605354,1.438242,OverRange,OverRange,OverRange,14.06364,16.704634,-3.377303
2026/06/05 03:56:00.260,n,-3.056258,6.161775,6.012796,0.262981,OverRange,OverRange,OverRange,14.121486,16.704634,-3.507676
2026/06/05 03:57:00.262,n,-2.986077,6.185885,5.492018,1.242161,OverRange,OverRange,OverRange,14.10431,16.689636,-3.470645
2026/06/05 03:58:00.265,n,-2.942198,5.941062,6.027922,0.346496,OverRange,OverRange,OverRange,14.114426,16.688594,-3.443342
2026/06/05 03:59:00.267,n,-3.0093,6.373591,4.575105,1.551936,OverRange,OverRange,OverRange,14.067698,16.68217,-3.474656
2026/06/05 04:00:00.268,n,-2.930395,6.262841,5.748736,1.331337,OverRange,OverRange,OverRange,14.124264,16.67679,-3.490184
2026/06/05 04:01:00.270,n,-2.956696,4.937365,4.794044,1.219778,OverRange,OverRange,OverRange,14.056112,16.672518,-3.443513
2026/06/05 04:02:00.273,n,-3.027133,6.50077,5.624338,1.264355,OverRange,OverRange,OverRange,14.080074,16.665052,-3.429861
2026/06/05 04:03:00.274,n,-3.108733,6.089222,4.95486,1.647831,OverRange,OverRange,OverRange,14.058086,16.662902,-3.441551
2026/06/05 04:04:00.260,n,-3.161465,4.622168,4.694765,1.364284,OverRange,OverRange,OverRange,14.051036,16.657522,-3.52329
2026/06/05 04:05:00.264,n,-3.12631,3.387539,4.714273,1.627353,OverRange,OverRange,OverRange,14.050268,16.650056,-3.591462
2026/06/05 04:06:00.263,n,-3.193668,3.937873,4.878875,1.583194,OverRange,OverRange,OverRange,14.05834,16.643634,-3.572008
2026/06/05 04:07:00.265,n,-3.179042,3.88081,4.891905,1.68523,OverRange,OverRange,OverRange,14.057068,16.638286,-3.556309
2026/06/05 04:08:00.267,n,-3.184816,3.215507,4.794094,1.586939,OverRange,OverRange,OverRange,14.056082,16.63721,-3.546753
2026/06/05 04:09:00.269,n,-3.395614,6.006771,5.278408,1.245104,OverRange,OverRange,OverRange,14.115164,16.629712,-3.700503
2026/06/05 04:10:00.272,n,-3.217019,3.181213,4.945451,1.518921,OverRange,OverRange,OverRange,14.059866,16.628668,-3.653661
2026/06/05 04:11:00.273,n,-3.19957,3.063357,5.313897,1.460244,OverRange,OverRange,OverRange,14.090928,16.62009,-3.605028
2026/06/05 04:12:00.277,n,-3.161465,6.113474,5.779137,0.748287,OverRange,OverRange,OverRange,14.131588,16.616898,-3.605113
2026/06/05 04:13:00.260,n,-3.190718,6.254932,4.941047,1.355519,OverRange,OverRange,OverRange,14.08336,16.610474,-3.684889
2026/06/05 04:14:00.263,n,-3.179042,6.481809,5.307075,1.516336,OverRange,OverRange,OverRange,14.07806,16.606172,-3.74726
2026/06/05 04:15:00.266,n,-3.193668,6.742265,5.925538,0.911239,OverRange,OverRange,OverRange,14.075268,16.606172,-3.673285
2026/06/05 04:16:00.266,n,-3.088462,3.775107,5.288083,1.347288,OverRange,OverRange,OverRange,14.011892,16.602944,-3.671323
2026/06/05 04:17:00.268,n,-3.214325,5.129684,4.849243,1.047819,OverRange,OverRange,OverRange,14.080068,16.59336,-3.593424
2026/06/05 04:18:00.270,n,-3.202778,3.116681,5.600611,1.217802,OverRange,OverRange,OverRange,14.02274,16.59551,-3.682841
2026/06/05 04:19:00.273,n,-3.214068,6.218549,5.76432,1.268884,OverRange,OverRange,OverRange,14.073498,16.589022,-3.671238
2026/06/05 04:20:00.277,n,-3.281298,5.095993,4.338398,1.105576,OverRange,OverRange,OverRange,13.99295,16.576208,-3.708268
2026/06/05 04:21:00.277,n,-3.281298,6.171064,5.951885,0.501876,OverRange,OverRange,OverRange,14.05508,16.575132,-3.667398
2026/06/05 04:22:00.263,n,-3.176219,4.869381,5.412779,1.224609,OverRange,OverRange,OverRange,13.984126,16.57086,-3.612877
2026/06/05 04:23:00.265,n,-3.190718,6.513499,5.232741,1.480421,OverRange,OverRange,OverRange,14.004574,16.569784,-3.626614
2026/06/05 04:24:00.267,n,-3.214197,6.462559,5.317283,1.264274,OverRange,OverRange,OverRange,14.022518,16.557986,-3.638133
2026/06/05 04:25:00.269,n,-3.284377,3.355943,4.599474,1.380082,OverRange,OverRange,OverRange,13.92981,16.59026,-3.57397
2026/06/05 04:26:00.270,n,-3.219842,3.658549,4.098859,0.897782,OverRange,OverRange,OverRange,13.953908,16.581652,-3.478581
2026/06/05 04:27:00.274,n,-3.123359,3.70726,3.839558,0.084034,OverRange,OverRange,OverRange,13.982442,16.577414,-3.437626
2026/06/05 04:28:00.274,n,-3.205087,3.91454,4.789242,1.076595,OverRange,OverRange,OverRange,13.980418,16.574188,-3.536941
2026/06/05 04:29:00.276,n,-3.284377,3.67723,3.916095,0.529342,OverRange,OverRange,OverRange,13.91856,16.564568,-3.472523
2026/06/05 04:30:00.277,n,-3.231774,6.49598,4.92093,1.560344,OverRange,OverRange,OverRange,13.982686,16.565644,-3.488222
2026/06/05 04:31:00.264,n,-3.21997,6.322331,4.933577,1.432196,OverRange,OverRange,OverRange,13.93571,16.559192,-3.476447
2026/06/05 04:32:00.266,n,-3.334286,6.521637,5.069815,1.554217,OverRange,OverRange,OverRange,13.932922,16.54631,-3.564159
2026/06/05 04:33:00.267,n,-3.284249,3.496475,4.793613,1.580985,OverRange,OverRange,OverRange,13.923076,16.536758,-3.634293
2026/06/05 04:34:00.269,n,-3.328385,5.969284,5.652228,0.940174,OverRange,OverRange,OverRange,13.988008,16.533532,-3.589414
2026/06/05 04:35:00.271,n,-3.249223,4.067834,4.159018,1.208216,OverRange,OverRange,OverRange,13.864472,16.52597,-3.501788
2026/06/05 04:36:00.273,n,-3.436414,3.698199,4.03665,0.516311,OverRange,OverRange,OverRange,13.89911,16.511002,-3.577725
2026/06/05 04:37:00.276,n,-3.337109,4.746115,4.77669,0.974393,OverRange,OverRange,OverRange,13.936224,16.505658,-3.554347
2026/06/05 04:38:00.278,n,-3.348784,6.497912,4.471092,1.045532,OverRange,OverRange,OverRange,13.924098,16.497084,-3.513392
2026/06/05 04:39:00.281,n,-3.345577,6.596071,4.299155,1.132177,OverRange,OverRange,OverRange,13.902608,16.488542,-3.612707
2026/06/05 04:40:00.265,n,-3.392407,6.229045,5.350402,1.418282,OverRange,OverRange,OverRange,13.941772,16.483162,-3.756901
2026/06/05 04:41:00.269,n,-3.331207,3.743724,4.636901,1.420024,OverRange,OverRange,OverRange,13.906144,16.48101,-3.755109
2026/06/05 04:42:00.270,n,-3.585756,3.933107,4.187167,1.118024,OverRange,OverRange,OverRange,13.907918,16.464936,-3.764665
2026/06/05 04:43:00.271,n,-3.410112,6.217921,6.147666,0.170449,OverRange,OverRange,OverRange,13.986232,16.463862,-3.700333
2026/06/05 04:44:00.272,n,-3.339803,3.835002,4.923552,1.428882,OverRange,OverRange,OverRange,13.872574,16.456364,-3.73156
2026/06/05 04:45:00.275,n,-3.383939,4.021886,4.493428,1.284135,OverRange,OverRange,OverRange,13.887966,16.453168,-3.690606
2026/06/05 04:46:00.276,n,-3.454119,6.502186,4.856809,1.38034,OverRange,OverRange,OverRange,13.922064,16.44994,-3.659463
2026/06/05 04:47:00.280,n,-3.386505,3.763014,4.75482,1.27919,OverRange,OverRange,OverRange,13.841232,16.43817,-3.723711
2026/06/05 04:48:00.281,n,-3.509673,6.087145,5.336806,1.692771,OverRange,OverRange,OverRange,13.918762,16.43605,-3.653576
2026/06/05 04:49:00.266,n,-3.491968,6.591887,4.926984,1.799504,OverRange,OverRange,OverRange,13.861918,16.424282,-3.682927
2026/06/05 04:50:00.270,n,-3.544572,6.559035,5.265006,1.635766,OverRange,OverRange,OverRange,13.860394,16.426402,-3.774392
2026/06/05 04:51:00.270,n,-3.471568,5.040904,4.574603,1.1399,OverRange,OverRange,OverRange,13.849056,16.421022,-3.737277
2026/06/05 04:52:00.272,n,-3.436414,3.385895,5.181544,1.389878,OverRange,OverRange,OverRange,13.873566,16.412448,-3.852206
2026/06/05 04:53:00.273,n,-3.439365,5.019097,4.969661,1.352959,OverRange,OverRange,OverRange,13.871312,16.402832,-3.698285
2026/06/05 04:54:00.275,n,-3.591658,6.008657,4.832122,1.675731,OverRange,OverRange,OverRange,13.834142,16.394258,-3.715946
2026/06/05 04:55:00.278,n,-3.597303,6.176544,5.704563,1.241844,OverRange,OverRange,OverRange,13.862702,16.387802,-3.789921
2026/06/05 04:56:00.279,n,-3.512625,3.8033,4.915401,1.654737,OverRange,OverRange,OverRange,13.806606,16.377108,-3.844356
2026/06/05 04:57:00.282,n,-3.5651,6.600996,5.589793,1.321671,OverRange,OverRange,OverRange,13.848288,16.370718,-3.821149
2026/06/05 04:58:00.268,n,-3.573953,4.031289,4.513681,1.509292,OverRange,OverRange,OverRange,13.793452,16.368534,-3.89316
2026/06/05 04:59:00.269,n,-3.582805,3.274009,4.891471,1.707813,OverRange,OverRange,OverRange,13.85434,16.358852,-4.004079
2026/06/05 05:00:00.272,n,-3.662095,3.720162,4.553386,1.54211,OverRange,OverRange,OverRange,13.859402,16.344934,-4.008004
2026/06/05 05:01:00.273,n,-3.600254,5.734731,5.412497,1.104935,OverRange,OverRange,OverRange,13.862458,16.339618,-4.08394
2026/06/05 05:02:00.275,n,-3.758449,6.51502,4.479439,1.622141,OverRange,OverRange,OverRange,13.803056,16.329934,-4.091876
2026/06/05 05:03:00.277,n,-3.68211,3.666134,5.062045,1.235171,OverRange,OverRange,OverRange,13.821514,16.31921,-4.161839
2026/06/05 05:04:00.280,n,-3.755498,6.08162,5.378197,1.654728,OverRange,OverRange,OverRange,13.874314,16.311776,-4.111158
2026/06/05 05:05:00.281,n,-3.764094,3.75941,4.402515,1.52793,OverRange,OverRange,OverRange,13.774246,16.304214,-4.160047
2026/06/05 05:06:00.284,n,-3.761144,6.15108,5.439657,1.498126,OverRange,OverRange,OverRange,13.886196,16.295672,-4.144349
2026/06/05 05:07:00.270,n,-3.746645,6.777131,4.633879,1.6205,OverRange,OverRange,OverRange,13.78511,16.28602,-4.093753
2026/06/05 05:08:00.272,n,-3.761272,3.327077,4.168076,1.172449,OverRange,OverRange,OverRange,13.748978,16.28602,-4.070289
2026/06/05 05:09:00.273,n,-3.723167,5.714957,5.139807,1.371011,OverRange,OverRange,OverRange,13.838436,16.278492,-4.111073
2026/06/05 05:10:00.259,n,-3.749597,6.03134,5.623255,1.269566,OverRange,OverRange,OverRange,13.847534,16.266722,-4.082149
2026/06/05 05:11:00.263,n,-3.699559,4.677308,4.341551,0.835131,OverRange,OverRange,OverRange,13.818722,16.266722,-4.084026
2026/06/05 05:12:00.264,n,-3.769997,3.456722,4.431259,1.177419,OverRange,OverRange,OverRange,13.845784,16.246348,-4.25723
2026/06/05 05:13:00.265,n,-3.685318,6.261835,5.759993,1.212116,OverRange,OverRange,OverRange,13.86726,16.246348,-4.237776
2026/06/05 05:14:00.269,n,-3.632586,6.064272,5.323946,1.32935,OverRange,OverRange,OverRange,13.821264,16.233504,-4.253646
2026/06/05 05:15:00.267,n,-3.632329,3.901494,4.119079,1.003442,OverRange,OverRange,OverRange,13.74849,16.229168,-4.111158
2026/06/05 05:16:00.270,n,-3.732019,4.157407,5.071712,1.47962,OverRange,OverRange,OverRange,13.80661,16.223822,-4.173614
2026/06/05 05:17:00.272,n,-3.758192,6.740101,4.421118,1.151459,OverRange,OverRange,OverRange,13.787914,16.210946,-4.146226
2026/06/05 05:18:00.257,n,-3.784494,3.370811,4.766569,1.296725,OverRange,OverRange,OverRange,13.76743,16.203446,-4.220285
2026/06/05 05:19:00.259,n,-3.881362,3.872427,4.458146,1.195546,OverRange,OverRange,OverRange,13.744946,16.201328,-4.204842
2026/06/05 05:20:00.263,n,-3.846207,3.937894,4.81421,1.539256,OverRange,OverRange,OverRange,13.758058,16.197026,-4.193067
2026/06/05 05:21:00.264,n,-3.82555,3.303519,4.889454,1.806018,OverRange,OverRange,OverRange,13.761608,16.185226,-4.19119
2026/06/05 05:22:00.265,n,-3.860962,3.063209,4.684136,1.503882,OverRange,OverRange,OverRange,13.826538,16.182046,-4.370452
2026/06/05 05:23:00.268,n,-3.811053,3.116532,4.987839,1.744082,OverRange,OverRange,OverRange,13.755788,16.175574,-4.302194
2026/06/05 05:24:00.269,n,-3.872637,3.699964,5.018092,1.662361,OverRange,OverRange,OverRange,13.728236,16.167018,-4.302109
2026/06/05 05:25:00.270,n,-3.910486,5.127083,5.041201,1.340132,OverRange,OverRange,OverRange,13.704742,16.161654,-4.263117
2026/06/05 05:26:00.256,n,-3.94564,3.276662,4.792616,1.740302,OverRange,OverRange,OverRange,13.655438,16.161654,-4.249636
2026/06/05 05:27:00.317,n,-3.954365,6.006869,5.400812,1.687299,OverRange,OverRange,OverRange,13.730016,16.147702,-4.173614
2026/06/05 05:28:00.349,n,-3.849158,6.266282,5.157741,1.54289,OverRange,OverRange,OverRange,13.69487,16.140156,-4.132574
2026/06/05 05:29:00.352,n,-3.752419,6.828873,4.953305,1.726925,OverRange,OverRange,OverRange,13.721676,16.132676,-4.09179
2026/06/05 05:30:00.422,n,-3.869558,3.23554,4.523745,1.427972,OverRange,OverRange,OverRange,13.6724,16.128388,-4.117216
2026/06/05 05:31:00.424,n,-3.851981,6.458366,4.964895,1.711622,OverRange,OverRange,OverRange,13.751496,16.120872,-4.080186
2026/06/05 05:32:00.269,n,-3.65568,4.458091,4.562697,1.660582,OverRange,OverRange,OverRange,13.671376,16.11551,-3.93019
2026/06/05 05:33:00.269,n,-3.670435,6.47222,5.338942,1.512107,OverRange,OverRange,OverRange,13.766418,16.10904,-3.807497
2026/06/05 05:34:00.275,n,-3.620782,6.710861,4.951401,1.683748,OverRange,OverRange,OverRange,13.706746,16.103728,-3.785996
2026/06/05 05:35:00.258,n,-3.526994,3.78536,4.934222,1.498232,OverRange,OverRange,OverRange,13.788656,16.11323,-3.840602
2026/06/05 05:36:00.259,n,-3.293487,6.724762,4.887943,1.656145,OverRange,OverRange,OverRange,13.853592,16.105666,-3.761253
2026/06/05 05:37:00.261,n,-3.109375,3.087886,4.849438,1.726371,OverRange,OverRange,OverRange,13.818462,16.111062,-3.749563
2026/06/05 05:38:00.264,n,-3.126824,5.013094,4.909635,1.511209,OverRange,OverRange,OverRange,13.900086,16.106758,-3.73011
2026/06/05 05:39:00.265,n,-3.05382,3.147341,4.76768,1.614549,OverRange,OverRange,OverRange,13.890478,16.10891,-3.80417
2026/06/05 05:40:00.270,n,-3.074092,4.196514,4.834426,1.442999,OverRange,OverRange,OverRange,13.918264,16.106758,-3.753488
2026/06/05 05:41:00.269,n,-3.188665,3.250896,5.101364,1.594265,OverRange,OverRange,OverRange,13.94453,16.109954,-3.780877
2026/06/05 05:42:00.273,n,-3.042529,6.592885,5.105613,1.409835,OverRange,OverRange,OverRange,13.98873,16.114274,-3.665862
2026/06/05 05:43:00.256,n,-3.124257,3.221624,4.73366,1.408515,OverRange,OverRange,OverRange,13.929124,16.115348,-3.7261
2026/06/05 05:44:00.258,n,-3.109374,3.459883,4.925524,1.795072,OverRange,OverRange,OverRange,13.952602,16.11965,-3.613389
2026/06/05 05:45:00.261,n,-3.044968,5.436637,5.058755,1.46254,OverRange,OverRange,OverRange,13.941494,16.121788,-3.463393
2026/06/05 05:46:00.265,n,-3.045096,6.480303,5.248388,1.543888,OverRange,OverRange,OverRange,13.945552,16.129302,-3.412797
2026/06/05 05:47:00.264,n,-3.012764,5.345672,5.579497,1.155029,OverRange,OverRange,OverRange,13.925848,16.131452,-3.443854
2026/06/05 05:48:00.267,n,-3.089231,6.015737,5.362057,1.074827,OverRange,OverRange,OverRange,13.921052,16.134664,-3.412883
2026/06/05 05:49:00.269,n,-3.050998,6.314183,5.612694,0.785539,OverRange,OverRange,OverRange,13.882416,16.13789,-3.379607
2026/06/05 05:50:00.272,n,-3.086024,3.340543,5.090424,1.438901,OverRange,OverRange,OverRange,13.85587,16.147508,-3.428241
2026/06/05 05:51:00.272,n,-3.161978,3.775583,4.170793,1.269049,OverRange,OverRange,OverRange,13.856364,16.146464,-3.383532
2026/06/05 05:52:00.259,n,-3.293486,3.895001,4.598277,1.330825,OverRange,OverRange,OverRange,13.901836,16.13789,-3.50631
2026/06/05 05:53:00.261,n,-3.32569,3.326021,4.856879,1.577724,OverRange,OverRange,OverRange,13.90561,16.147508,-3.572349
2026/06/05 05:54:00.262,n,-3.346603,3.773957,3.989887,0.598327,OverRange,OverRange,OverRange,13.887208,16.14433,-3.535405
2026/06/05 05:55:00.264,n,-3.340444,5.806297,4.119728,0.829122,OverRange,OverRange,OverRange,13.887712,16.147508,-3.552896
2026/06/05 05:56:00.267,n,-3.407803,6.565286,4.835502,1.569567,OverRange,OverRange,OverRange,13.879106,16.147508,-3.63472
2026/06/05 05:57:00.267,n,-3.387403,6.230398,5.735054,1.109092,OverRange,OverRange,OverRange,13.857646,16.150734,-3.623031
2026/06/05 05:58:00.271,n,-3.407931,3.967788,4.912151,1.371896,OverRange,OverRange,OverRange,13.803828,16.150734,-3.601615
2026/06/05 05:59:00.272,n,-3.483885,3.16814,4.879286,1.526167,OverRange,OverRange,OverRange,13.834392,16.147508,-3.642399
2026/06/05 06:00:00.275,n,-3.457712,3.960329,4.93459,1.464869,OverRange,OverRange,OverRange,13.85584,16.147508,-3.648371
2026/06/05 06:01:00.259,n,-3.43141,3.283775,4.579755,1.571566,OverRange,OverRange,OverRange,13.849548,16.149658,-3.621239
2026/06/05 06:02:00.267,n,-3.457583,3.698405,4.735598,1.467252,OverRange,OverRange,OverRange,13.821,16.147508,-3.701015
2026/06/05 06:03:00.264,n,-3.483757,3.036046,5.282879,1.652522,OverRange,OverRange,OverRange,13.853832,16.142144,-3.683524
2026/06/05 06:04:00.265,n,-3.448731,3.093742,4.937016,1.445536,OverRange,OverRange,OverRange,13.793198,16.149658,-3.732243
2026/06/05 06:05:00.268,n,-3.580367,3.246361,4.905893,1.78476,OverRange,OverRange,OverRange,13.780284,16.13789,-3.79632
2026/06/05 06:06:00.270,n,-3.504285,5.611104,5.043839,1.29956,OverRange,OverRange,OverRange,13.76086,16.132528,-3.757498
2026/06/05 06:07:00.271,n,-3.519168,4.390641,4.425166,1.070866,OverRange,OverRange,OverRange,13.70926,16.131452,-3.773027
2026/06/05 06:08:00.272,n,-3.703408,3.934552,3.928141,0.02833,OverRange,OverRange,OverRange,13.70753,16.125014,-3.915259
2026/06/05 06:09:00.274,n,-3.612828,3.880881,4.853671,1.389465,OverRange,OverRange,OverRange,13.7482,16.126058,-3.928825
2026/06/05 06:10:00.262,n,-3.577545,6.025757,5.72884,0.986968,OverRange,OverRange,OverRange,13.82404,16.116426,-3.985223
2026/06/05 06:11:00.265,n,-3.507492,4.980602,5.505772,0.950595,OverRange,OverRange,OverRange,13.731802,16.112138,-4.000751
2026/06/05 06:12:00.264,n,-3.521991,6.304136,5.290217,1.357597,OverRange,OverRange,OverRange,13.789648,16.106758,-3.965599
2026/06/05 06:13:00.416,n,-3.557017,6.218505,5.326377,1.643534,OverRange,OverRange,OverRange,13.740112,16.105666,-4.080783
2026/06/05 06:14:00.269,n,-3.513266,6.550174,4.948876,1.829284,OverRange,OverRange,OverRange,13.697642,16.094958,-4.020205
2026/06/05 06:15:00.439,n,-3.492609,6.657895,4.837082,1.646523,OverRange,OverRange,OverRange,13.633912,16.093884,-3.969694
2026/06/05 06:16:00.339,n,-3.499025,3.280114,4.79104,1.668384,OverRange,OverRange,OverRange,13.599782,16.08534,-3.93275
2026/06/05 06:17:00.321,n,-3.51904,3.16061,5.031943,1.329644,OverRange,OverRange,OverRange,13.567688,16.078872,-3.878144
2026/06/05 06:18:00.277,n,-3.588964,6.221331,5.417983,1.288576,OverRange,OverRange,OverRange,13.559586,16.07245,-3.792395
2026/06/05 06:19:00.452,n,-3.542519,4.287899,4.939543,1.679033,OverRange,OverRange,OverRange,13.462448,16.067056,-3.847001
2026/06/05 06:20:00.402,n,-3.565869,6.102116,5.603575,1.095658,OverRange,OverRange,OverRange,13.429338,16.053118,-3.712619
2026/06/05 06:21:00.330,n,-3.551115,4.74245,5.567608,0.99882,OverRange,OverRange,OverRange,13.313702,16.046666,-3.663815
2026/06/05 06:22:00.267,n,-3.66248,3.732455,3.91463,0.549268,OverRange,OverRange,OverRange,13.237234,16.029502,-3.705025
2026/06/05 06:23:00.270,n,-3.726759,3.089523,4.433435,1.219986,OverRange,OverRange,OverRange,13.226578,16.015552,-3.689241
2026/06/05 06:24:00.273,n,-3.72368,6.198857,5.242508,1.469342,OverRange,OverRange,OverRange,13.202764,16.000524,-3.704769
2026/06/05 06:25:00.276,n,-3.662352,6.265704,4.987921,1.575069,OverRange,OverRange,OverRange,13.146846,15.985512,-3.679514
2026/06/05 06:26:00.276,n,-3.644903,3.693262,4.222268,0.974956,OverRange,OverRange,OverRange,13.100002,15.968364,-3.761508
2026/06/05 06:27:00.277,n,-3.814517,3.754451,4.464678,1.428041,OverRange,OverRange,OverRange,13.104538,15.952246,-3.786593
2026/06/05 06:28:00.266,n,-3.81734,6.780868,4.649244,1.558936,OverRange,OverRange,OverRange,13.097438,15.938294,-3.823538
2026/06/05 06:29:00.266,n,-3.662609,6.576112,4.671934,1.404266,OverRange,OverRange,OverRange,13.08936,15.92004,-3.763385
2026/06/05 06:30:00.266,n,-3.630148,6.688474,4.94043,1.812013,OverRange,OverRange,OverRange,13.08345,15.898526,-3.852888
2026/06/05 06:31:00.269,n,-3.770894,6.438216,4.250849,1.121067,OverRange,OverRange,OverRange,13.05101,15.882456,-3.963892
2026/06/05 06:32:00.270,n,-3.68583,6.420405,5.165529,1.299944,OverRange,OverRange,OverRange,13.032248,15.86958,-3.915259
2026/06/05 06:33:00.272,n,-3.545213,3.870842,4.613036,1.214264,OverRange,OverRange,OverRange,12.946416,15.877892,-3.942476
2026/06/05 06:34:00.275,n,-3.261411,3.404337,4.422374,1.145945,OverRange,OverRange,OverRange,13.039084,15.859654,-3.698967
2026/06/05 06:35:00.276,n,-3.147095,3.295468,5.279404,1.506985,OverRange,OverRange,OverRange,13.045334,15.845606,-3.693251
2026/06/05 06:36:00.280,n,-3.381116,5.872063,4.93916,1.404827,OverRange,OverRange,OverRange,12.994904,15.834816,-3.804084
2026/06/05 06:37:00.265,n,-3.334415,6.535711,5.239775,1.378672,OverRange,OverRange,OverRange,12.941082,15.815502,-3.804084
2026/06/05 06:38:00.266,n,-3.369184,6.176926,5.347608,1.400077,OverRange,OverRange,OverRange,12.944622,15.799402,-3.918928
2026/06/05 06:39:00.269,n,-3.466051,6.338712,4.757309,1.283289,OverRange,OverRange,OverRange,12.964498,15.786526,-3.922682
2026/06/05 06:40:00.269,n,-3.358022,5.754791,5.18488,1.278053,OverRange,OverRange,OverRange,12.936646,15.767148,-3.97925
2026/06/05 06:41:00.272,n,-3.275909,3.755825,3.833066,0.150884,OverRange,OverRange,OverRange,12.948268,15.755348,-3.846831
2026/06/05 06:42:00.273,n,-3.571515,4.868144,3.928138,0.466381,OverRange,OverRange,OverRange,12.971696,15.731716,-4.006553
2026/06/05 06:43:00.277,n,-3.351735,6.730348,5.52105,1.417791,OverRange,OverRange,OverRange,13.022096,15.719884,-3.918757
2026/06/05 06:44:00.278,n,-3.237676,3.073224,5.319096,1.453883,OverRange,OverRange,OverRange,12.99968,15.70701,-3.889662
2026/06/05 06:45:00.280,n,-3.164416,6.642701,5.007452,1.602884,OverRange,OverRange,OverRange,13.01537,15.701614,-3.815773
2026/06/05 06:46:00.264,n,-3.164672,3.832612,4.845606,1.428668,OverRange,OverRange,OverRange,12.964874,15.687976,-3.76714
2026/06/05 06:47:00.266,n,-3.187766,6.842362,5.185375,1.546839,OverRange,OverRange,OverRange,13.040146,15.678342,-3.7261
2026/06/05 06:48:00.269,n,-3.202778,4.684781,5.123864,1.443664,OverRange,OverRange,OverRange,12.988994,15.661264,-3.770894
2026/06/05 06:49:00.270,n,-3.208808,3.810975,4.591209,1.465191,OverRange,OverRange,OverRange,12.947606,15.646302,-3.737874
2026/06/05 06:50:00.271,n,-3.234853,6.171767,5.453578,1.549234,OverRange,OverRange,OverRange,13.037852,15.639898,-3.681391
2026/06/05 06:51:00.275,n,-3.267056,6.662659,4.707579,1.579242,OverRange,OverRange,OverRange,12.9955,15.634602,-3.730024
2026/06/05 06:52:00.276,n,-3.287713,6.535461,4.853167,1.666818,OverRange,OverRange,OverRange,13.025804,15.618564,-3.825415
2026/06/05 06:53:00.278,n,-3.249479,3.231854,4.452198,1.675618,OverRange,OverRange,OverRange,12.988704,15.612128,-3.82934
2026/06/05 06:54:00.280,n,-3.278988,6.58914,4.93393,1.794161,OverRange,OverRange,OverRange,13.037232,15.603572,-3.813726
2026/06/05 06:55:00.265,n,-3.217276,6.653182,4.935747,1.793889,OverRange,OverRange,OverRange,13.017752,15.598208,-3.774819
2026/06/05 06:56:00.268,n,-3.234981,3.756622,4.44084,1.668339,OverRange,OverRange,OverRange,12.975556,15.588612,-3.765092
2026/06/05 06:57:00.269,n,-3.2056,3.259575,4.795603,1.500352,OverRange,OverRange,OverRange,13.022518,15.581164,-3.739837
2026/06/05 06:58:00.271,n,-3.255509,6.100955,5.939667,0.680775,OverRange,OverRange,OverRange,13.060506,15.570424,-3.831217
2026/06/05 06:59:00.273,n,-3.255253,5.868232,4.654798,1.056458,OverRange,OverRange,OverRange,12.983394,15.561902,-3.831473
2026/06/05 07:00:00.275,n,-3.264234,3.779027,5.013383,1.335637,OverRange,OverRange,OverRange,13.02029,15.55553,-3.761253
2026/06/05 07:01:00.277,n,-3.269751,6.177669,5.554454,1.316108,OverRange,OverRange,OverRange,13.05251,15.553378,-3.788385
2026/06/05 07:02:00.279,n,-3.155563,6.182378,6.163167,0.152804,OverRange,OverRange,OverRange,13.0339,15.550168,-3.73395
2026/06/05 07:03:00.281,n,-3.252559,3.937619,4.364213,1.057201,OverRange,OverRange,OverRange,12.960348,15.554128,-3.75929
2026/06/05 07:04:00.267,n,-2.971579,4.359063,5.125186,1.467205,OverRange,OverRange,OverRange,13.047832,15.563466,-3.492915
2026/06/05 07:05:00.269,n,-3.033677,6.676474,5.178175,1.552298,OverRange,OverRange,OverRange,12.998892,15.554942,-3.553323
2026/06/05 07:06:00.272,n,-2.969142,6.63329,4.87018,1.636795,OverRange,OverRange,OverRange,13.02825,15.545326,-3.549483
2026/06/05 07:07:00.272,n,-3.097956,4.92966,4.589417,1.655485,OverRange,OverRange,OverRange,12.966446,15.53889,-3.629259
2026/06/05 07:08:00.275,n,-3.121178,6.586909,4.991218,1.693829,OverRange,OverRange,OverRange,13.05362,15.536738,-3.590438
2026/06/05 07:09:00.276,n,-3.065752,5.829895,5.547194,1.113599,OverRange,OverRange,OverRange,13.042048,15.532502,-3.720895
2026/06/05 07:10:00.278,n,-3.124514,5.128768,4.79715,1.35192,OverRange,OverRange,OverRange,13.021444,15.52292,-3.74999
2026/06/05 07:11:00.280,n,-3.176989,6.204679,5.774056,1.136179,OverRange,OverRange,OverRange,13.050472,15.520768,-3.752123
2026/06/05 07:12:00.283,n,-2.986847,6.40816,5.941537,0.379389,OverRange,OverRange,OverRange,13.076112,15.521842,-3.619533
2026/06/05 07:13:00.268,n,-2.896267,6.084545,5.62848,1.215986,OverRange,OverRange,OverRange,13.080486,15.517542,-3.685828
2026/06/05 07:14:00.270,n,-2.94887,6.260977,5.967059,0.440403,OverRange,OverRange,OverRange,13.13612,15.514364,-3.625249
2026/06/05 07:15:00.272,n,-2.945791,3.309736,5.091306,1.070532,OverRange,OverRange,OverRange,13.113576,15.50902,-3.820125
2026/06/05 07:16:00.274,n,-3.130288,4.085033,3.949655,0.232194,OverRange,OverRange,OverRange,13.097204,15.50902,-3.880618
2026/06/05 07:17:00.276,n,-3.051382,3.639488,4.336933,1.126968,OverRange,OverRange,OverRange,13.121242,15.503624,-3.919696
2026/06/05 07:18:00.277,n,-3.042273,3.836379,3.935632,0.551129,OverRange,OverRange,OverRange,13.139028,15.50149,-3.822087
2026/06/05 07:19:00.280,n,-3.176989,6.168387,5.753006,0.989426,OverRange,OverRange,OverRange,13.139298,15.498294,-3.88258
2026/06/05 07:20:00.282,n,-3.007247,3.262892,5.491618,1.23599,OverRange,OverRange,OverRange,12.985622,15.498294,-3.826097
2026/06/05 07:21:00.283,n,-3.206242,6.293513,5.084843,1.602434,OverRange,OverRange,OverRange,13.007548,15.498294,-3.798794
2026/06/05 07:22:00.269,n,-3.305675,3.739858,3.877032,0.746836,OverRange,OverRange,OverRange,12.907776,15.498294,-3.847427
2026/06/05 07:23:00.271,n,-3.358663,6.218857,4.775103,1.37939,OverRange,OverRange,OverRange,13.026952,15.486562,-3.753915
2026/06/05 07:24:00.275,n,-3.387659,6.647109,5.182601,1.396907,OverRange,OverRange,OverRange,12.933468,15.48762,-3.907836
2026/06/05 07:25:00.259,n,-3.422686,3.397696,4.429812,1.193929,OverRange,OverRange,OverRange,12.852554,15.48762,-3.822172
2026/06/05 07:26:00.277,n,-3.408316,4.709463,4.729514,1.230778,OverRange,OverRange,OverRange,12.913606,15.478006,-3.781218
2026/06/05 07:27:00.279,n,-3.460791,6.003254,4.65681,1.382002,OverRange,OverRange,OverRange,12.895436,15.470526,-3.90775
2026/06/05 07:28:00.264,n,-3.378935,3.877667,3.793532,0.305653,OverRange,OverRange,OverRange,12.864838,15.45982,-3.833691
2026/06/05 07:29:00.267,n,-3.493122,5.995586,4.658016,1.314189,OverRange,OverRange,OverRange,13.014694,15.457686,-3.855277
2026/06/05 07:30:00.285,n,-3.279373,6.232489,6.18375,0.102132,OverRange,OverRange,OverRange,12.972942,15.451298,-3.790944
2026/06/05 07:31:00.271,n,-3.092182,3.268887,5.50175,1.13911,OverRange,OverRange,OverRange,12.939418,15.454524,-3.749905
2026/06/05 07:32:00.274,n,-2.975043,6.177802,5.3972,1.314966,OverRange,OverRange,OverRange,13.040854,15.442758,-3.590352
2026/06/05 07:33:00.258,n,-2.901912,5.939425,5.87631,0.932243,OverRange,OverRange,OverRange,12.98843,15.434168,-3.598202
2026/06/05 07:34:00.263,n,-2.799528,3.247862,5.309705,1.462646,OverRange,OverRange,OverRange,12.951614,15.432018,-3.551446
2026/06/05 07:35:00.261,n,-2.858161,5.916374,4.638082,1.230249,OverRange,OverRange,OverRange,13.000286,15.429868,-3.416892
2026/06/05 07:36:00.263,n,-2.673793,3.105462,5.137453,1.54522,OverRange,OverRange,OverRange,12.975856,15.422422,-3.383873
2026/06/05 07:37:00.265,n,-2.726524,5.978886,5.074064,1.462847,OverRange,OverRange,OverRange,13.08254,15.41706,-3.33925
2026/06/05 07:38:00.267,n,-2.4603,6.268578,5.320923,1.377531,OverRange,OverRange,OverRange,13.070236,15.41706,-3.296162
2026/06/05 07:39:00.269,n,-2.214219,5.226098,4.409093,1.09709,OverRange,OverRange,OverRange,13.05061,15.41173,-3.216386
2026/06/05 07:40:00.270,n,-2.205622,6.220201,5.720845,1.222827,OverRange,OverRange,OverRange,13.134584,15.41494,-3.123043
2026/06/05 07:41:00.257,n,-1.951202,4.009788,4.530557,1.332965,OverRange,OverRange,OverRange,13.005102,15.412838,-2.942076
2026/06/05 07:42:00.258,n,-1.813791,3.123839,4.421674,1.199768,OverRange,OverRange,OverRange,13.06069,15.413898,-2.675188
2026/06/05 07:43:00.260,n,-1.895519,6.026318,4.6417,1.255532,OverRange,OverRange,OverRange,13.105816,15.406368,-2.71802
2026/06/05 07:44:00.264,n,-1.681898,3.701822,4.119781,0.711225,OverRange,OverRange,OverRange,12.96193,15.408504,-2.556505
2026/06/05 07:45:00.264,n,-1.488805,3.191394,4.591848,1.164542,OverRange,OverRange,OverRange,13.010748,15.410654,-2.274345
2026/06/05 07:46:00.265,n,-1.441975,3.048625,4.519697,1.444944,OverRange,OverRange,OverRange,13.018016,15.403176,-2.175201
2026/06/05 07:47:00.270,n,-1.240286,6.570633,5.409574,1.166315,OverRange,OverRange,OverRange,13.05572,15.4021,-1.996024
2026/06/05 07:48:00.270,n,-0.985865,3.760202,4.46067,1.262731,OverRange,OverRange,OverRange,12.948228,15.4021,-1.848076
2026/06/05 07:49:00.274,n,-0.76647,3.373608,5.602034,1.106459,OverRange,OverRange,OverRange,13.036652,15.404218,-1.476413
2026/06/05 07:50:00.257,n,-0.339484,5.57815,4.422628,1.321676,OverRange,OverRange,OverRange,12.982498,15.415102,-1.130176
2026/06/05 07:51:00.261,n,0.540404,3.809969,5.814223,0.983694,OverRange,OverRange,OverRange,12.96259,15.407656,-0.35238
2026/06/05 07:52:00.263,n,1.116347,3.696985,5.021641,1.488133,OverRange,OverRange,OverRange,12.962494,15.405506,0.267997
2026/06/05 07:53:00.264,n,1.674456,6.909964,4.934914,1.471064,OverRange,OverRange,OverRange,13.009588,15.414826,0.796652
2026/06/05 07:54:00.265,n,2.078091,6.035848,5.079008,1.201636,OverRange,OverRange,OverRange,12.990356,15.412676,1.265412
2026/06/05 07:55:00.270,n,2.639151,6.482183,5.312008,1.485323,OverRange,OverRange,OverRange,12.99295,15.412676,1.846369
2026/06/05 07:56:00.269,n,3.261283,6.273975,5.323741,1.472492,OverRange,OverRange,OverRange,13.019084,15.415902,2.51666
2026/06/05 07:57:00.271,n,3.953723,5.360626,4.879008,1.074815,OverRange,OverRange,OverRange,13.012834,15.41059,3.19625
2026/06/05 07:58:00.256,n,4.791785,3.11306,5.527928,1.228878,OverRange,OverRange,OverRange,13.035512,15.41908,4.083514
2026/06/05 07:59:00.260,n,5.460233,3.352229,5.108981,1.474045,OverRange,OverRange,OverRange,13.06575,15.418036,4.769759
2026/06/05 08:00:00.261,n,6.32139,3.277478,4.983941,1.450746,OverRange,OverRange,OverRange,13.074876,15.412676,5.583476
2026/06/05 08:01:00.263,n,7.090426,6.459855,5.046086,1.421543,OverRange,OverRange,OverRange,13.11087,15.420188,6.446253
2026/06/05 08:02:00.265,n,7.789795,6.189483,5.705073,1.270667,OverRange,OverRange,OverRange,13.11085,15.41375,7.174135
2026/06/05 08:03:00.266,n,8.557164,3.880656,4.464103,1.340516,OverRange,OverRange,OverRange,13.026418,15.420188,8.135373
2026/06/05 08:04:00.270,n,9.453346,3.303433,4.855669,1.587519,OverRange,OverRange,OverRange,13.090684,15.426592,9.04593
2026/06/05 08:05:00.272,n,10.442674,6.15706,5.800757,0.909524,OverRange,OverRange,OverRange,13.173808,15.431954,10.0628
2026/06/05 08:06:00.273,n,11.33244,6.517967,5.390477,1.508196,OverRange,OverRange,OverRange,13.101574,15.437298,10.937436
2026/06/05 08:07:00.258,n,12.166142,6.596178,5.813665,1.217515,OverRange,OverRange,OverRange,13.120234,15.441552,11.860364
2026/06/05 08:08:00.261,n,12.67524,3.75915,3.835472,0.660883,OverRange,OverRange,OverRange,13.116146,15.449064,12.52451
2026/06/05 08:09:00.262,n,13.53229,5.521173,4.793177,1.138773,OverRange,OverRange,OverRange,13.20166,15.454394,13.417492
2026/06/05 08:10:00.266,n,14.26938,3.789541,3.85004,0.286472,OverRange,OverRange,OverRange,13.106018,15.462948,14.23846
2026/06/05 08:11:00.265,n,14.964898,6.153219,5.737976,1.046146,OverRange,OverRange,OverRange,13.274364,15.471472,14.98938
2026/06/05 08:12:00.268,n,15.815536,6.075979,5.3001,1.428445,OverRange,OverRange,OverRange,13.233658,15.47576,15.677928
2026/06/05 08:13:00.269,n,16.712744,6.089787,6.158373,0.089589,OverRange,OverRange,OverRange,13.26349,15.493912,16.463232
2026/06/05 08:14:00.271,n,17.56864,6.021096,6.112784,0.085795,OverRange,OverRange,OverRange,13.255392,15.49502,17.203488
2026/06/05 08:15:00.272,n,18.363336,5.058894,4.96849,1.465723,OverRange,OverRange,OverRange,13.183116,15.504636,17.914816
2026/06/05 08:16:00.258,n,19.061292,3.266894,5.663361,1.24188,OverRange,OverRange,OverRange,13.226574,15.520672,18.472566
2026/06/05 08:17:00.260,n,19.487254,4.604941,5.086246,1.369147,OverRange,OverRange,OverRange,13.247548,15.52494,18.910268
2026/06/05 08:18:00.262,n,20.196886,3.779499,4.528826,1.370178,OverRange,OverRange,OverRange,13.241456,15.53242,19.663578
2026/06/05 08:19:00.264,n,20.976182,5.186275,5.300823,1.199949,OverRange,OverRange,OverRange,13.353832,15.5495,20.441544
2026/06/05 08:20:00.266,n,22.087526,5.692279,5.211804,1.201799,OverRange,OverRange,OverRange,13.33759,15.560222,21.443908
2026/06/05 08:21:00.271,n,22.971266,6.553126,5.581766,1.302642,OverRange,OverRange,OverRange,13.313894,15.573032,22.318288
2026/06/05 08:22:00.272,n,23.75313,4.003651,4.001302,0.867354,OverRange,OverRange,OverRange,13.271062,15.58263,23.182428
2026/06/05 08:23:00.273,n,24.476234,3.693303,4.324284,1.032545,OverRange,OverRange,OverRange,13.313354,15.596516,23.971148
2026/06/05 08:24:00.276,n,25.397438,4.051108,4.847078,1.602531,OverRange,OverRange,OverRange,13.30011,15.608264,24.855256
2026/06/05 08:25:00.261,n,26.181482,3.374162,5.214096,1.29486,OverRange,OverRange,OverRange,13.34139,15.615712,25.625028
2026/06/05 08:26:00.261,n,26.962454,6.577107,5.33702,1.492624,OverRange,OverRange,OverRange,13.380566,15.627448,26.431582
2026/06/05 08:27:00.263,n,27.774984,3.538064,4.554356,1.309875,OverRange,OverRange,OverRange,13.295384,15.639246,27.138728
2026/06/05 08:28:00.266,n,28.555182,5.968964,5.375037,1.419423,OverRange,OverRange,OverRange,13.416606,15.650996,27.88086
2026/06/05 08:29:00.268,n,29.632782,3.688778,5.311245,1.07953,OverRange,OverRange,OverRange,13.31918,15.667,28.670858
2026/06/05 08:30:00.272,n,30.491372,4.861099,5.638417,1.091981,OverRange,OverRange,OverRange,13.420422,15.666968,29.516996
2026/06/05 08:31:00.272,n,31.270544,6.816847,4.881247,1.397502,OverRange,OverRange,OverRange,13.397294,15.673372,30.161262
2026/06/05 08:32:00.274,n,31.904734,6.253359,4.62312,1.246828,OverRange,OverRange,OverRange,13.41123,15.680852,30.799812
2026/06/05 08:33:00.277,n,32.841462,5.91088,5.846185,0.83353,OverRange,OverRange,OverRange,13.427166,15.694706,31.519248
2026/06/05 08:34:00.262,n,33.606136,5.760515,4.716281,1.574738,OverRange,OverRange,OverRange,13.39472,15.708592,31.950296
2026/06/05 08:35:00.263,n,34.094828,3.753881,4.927904,1.441787,OverRange,OverRange,OverRange,13.419292,15.718042,32.31607
2026/06/05 08:36:00.265,n,34.499108,6.525418,4.801148,1.435367,OverRange,OverRange,OverRange,13.423854,15.7288,32.530574
2026/06/05 08:37:00.268,n,34.667568,3.719584,4.665947,1.207443,OverRange,OverRange,OverRange,13.398072,15.744934,32.356514
2026/06/05 08:38:00.270,n,34.65012,6.82006,4.62479,1.251966,OverRange,OverRange,OverRange,13.491186,15.756734,32.033654
2026/06/05 08:39:00.271,n,34.565572,6.121027,5.733706,1.236428,OverRange,OverRange,OverRange,13.515976,15.767456,31.3684
2026/06/05 08:40:00.274,n,34.132688,6.278088,5.106639,1.192757,OverRange,OverRange,OverRange,13.504074,15.778214,30.472772
2026/06/05 08:41:00.275,n,33.586116,6.08957,4.672869,1.364183,OverRange,OverRange,OverRange,13.53418,15.787878,29.516912
2026/06/05 08:42:00.277,n,33.239964,6.281531,5.244335,1.538057,OverRange,OverRange,OverRange,13.55188,15.800966,28.750206
2026/06/05 08:43:00.263,n,32.725094,3.694859,4.576742,1.393727,OverRange,OverRange,OverRange,13.49117,15.81278,27.92924
2026/06/05 08:44:00.265,n,32.215992,6.412419,4.933287,1.399196,OverRange,OverRange,OverRange,13.609288,15.821354,27.268674
2026/06/05 08:45:00.269,n,31.811716,3.870811,4.395779,1.507813,OverRange,OverRange,OverRange,13.513424,15.839624,26.6971
2026/06/05 08:46:00.268,n,31.078734,3.108749,4.673608,1.352012,OverRange,OverRange,OverRange,13.612086,15.843926,26.053604
2026/06/05 08:47:00.273,n,30.598374,3.86003,4.515658,1.324638,OverRange,OverRange,OverRange,13.604264,15.864348,25.63288
2026/06/05 08:48:00.273,n,30.252348,6.107085,5.395616,1.344424,OverRange,OverRange,OverRange,13.724106,15.877224,25.537916
2026/06/05 08:49:00.274,n,30.083502,6.211036,4.641166,1.350005,OverRange,OverRange,OverRange,13.686642,15.889056,25.41181
2026/06/05 08:50:00.276,n,30.176392,3.53896,5.102259,1.419394,OverRange,OverRange,OverRange,13.700604,15.901964,25.371368
2026/06/05 08:51:00.279,n,30.336512,6.598674,5.43985,1.462917,OverRange,OverRange,OverRange,13.835786,15.920202,25.559248
2026/06/05 08:52:00.264,n,30.534606,3.598626,4.599671,1.465274,OverRange,OverRange,OverRange,13.752142,15.93523,25.708476
2026/06/05 08:53:00.265,n,30.546156,6.275522,6.245251,0.244039,OverRange,OverRange,OverRange,13.900258,15.952392,25.611634
2026/06/05 08:54:00.267,n,30.476232,3.645986,5.225794,1.458861,OverRange,OverRange,OverRange,13.836834,15.976008,25.433312
2026/06/05 08:55:00.270,n,30.29289,3.808165,4.958057,1.564225,OverRange,OverRange,OverRange,13.88559,15.99534,25.320684
2026/06/05 08:56:00.271,n,29.868086,6.197612,6.036124,0.671746,OverRange,OverRange,OverRange,14.016216,16.006046,25.074532
2026/06/05 08:57:00.274,n,29.955458,5.994288,5.733517,1.13503,OverRange,OverRange,OverRange,13.917924,16.02968,25.109428
2026/06/05 08:58:00.275,n,29.806884,6.095425,5.756783,1.269631,OverRange,OverRange,OverRange,13.98311,16.047936,25.179308
2026/06/05 08:59:00.277,n,30.048604,4.957646,5.999965,0.522267,OverRange,OverRange,OverRange,13.96724,16.071536,25.367528
2026/06/05 09:00:00.279,n,30.138672,3.716913,4.48883,1.187013,OverRange,OverRange,OverRange,14.021008,16.088682,25.603698
2026/06/05 09:01:00.270,n,30.377054,3.10425,5.506052,1.388165,OverRange,OverRange,OverRange,14.118454,16.093736,25.943114
2026/06/05 09:02:00.270,n,30.453008,6.77012,4.808993,1.325474,OverRange,OverRange,OverRange,14.071788,16.10658,26.144728
2026/06/05 09:03:00.272,n,30.62737,2.984171,4.536557,1.135388,OverRange,OverRange,OverRange,14.07306,16.122684,26.336786
2026/06/05 09:04:00.270,n,30.735014,3.697809,3.670952,0.150012,OverRange,OverRange,OverRange,14.078878,16.146284,26.52475
2026/06/05 09:05:00.272,n,30.97699,6.104211,5.512242,0.954541,OverRange,OverRange,OverRange,14.250514,16.164558,26.757426
2026/06/05 09:06:00.274,n,31.581672,6.184952,6.18748,0.050389,OverRange,OverRange,OverRange,14.206116,16.187066,27.205022
2026/06/05 09:07:00.278,n,32.288742,3.696313,4.061059,1.033632,OverRange,OverRange,OverRange,14.103104,16.207424,27.729926
2026/06/05 09:08:00.280,n,33.08844,3.126917,4.888032,1.559132,OverRange,OverRange,OverRange,14.16592,16.226724,28.465744
2026/06/05 09:09:00.282,n,34.169756,3.863623,3.842623,0.088518,OverRange,OverRange,OverRange,14.169012,16.248174,29.431846
2026/06/05 09:10:00.268,n,35.01706,4.94728,4.364895,1.216304,OverRange,OverRange,OverRange,14.240388,16.27282,30.351018
2026/06/05 09:11:00.268,n,36.31444,6.62317,4.362363,1.266288,OverRange,OverRange,OverRange,14.26387,16.29,31.513618
2026/06/05 09:12:00.270,n,37.413848,3.560792,4.592705,1.390615,OverRange,OverRange,OverRange,14.199504,16.310342,32.54414
2026/06/05 09:13:00.272,n,38.361356,3.861208,4.20635,1.158144,OverRange,OverRange,OverRange,14.245198,16.334988,33.43703
2026/06/05 09:14:00.275,n,39.171832,4.437177,5.899142,0.740879,OverRange,OverRange,OverRange,14.364024,16.35957,33.960572
2026/06/05 09:15:00.277,n,39.702868,3.767974,4.482754,1.651067,OverRange,OverRange,OverRange,14.243184,16.377826,34.31636
2026/06/05 09:16:00.278,n,39.219044,5.922433,4.613896,1.282668,OverRange,OverRange,OverRange,14.357006,16.399244,33.87004
2026/06/05 09:17:00.280,n,38.691472,3.757094,3.895919,0.881441,OverRange,OverRange,OverRange,14.30479,16.417438,33.12228
2026/06/05 09:18:00.282,n,37.942196,3.546722,4.44363,1.443385,OverRange,OverRange,OverRange,14.356726,16.438856,32.38578
2026/06/05 09:19:00.267,n,37.417316,6.585276,5.226271,1.273342,OverRange,OverRange,OverRange,14.485616,16.466796,31.832892
2026/06/05 09:20:00.269,n,36.585928,3.364663,4.095774,0.787467,OverRange,OverRange,OverRange,14.373694,16.482836,30.973872
2026/06/05 09:21:00.274,n,36.1515,3.410896,4.914263,1.414053,OverRange,OverRange,OverRange,14.455638,16.493528,30.616202
2026/06/05 09:22:00.275,n,35.932484,6.457344,5.059273,1.457897,OverRange,OverRange,OverRange,14.51035,16.518176,30.517396
2026/06/05 09:23:00.277,n,35.815732,5.894426,4.876982,1.627534,OverRange,OverRange,OverRange,14.471482,16.547094,30.499992
2026/06/05 09:24:00.279,n,35.75184,6.224462,5.786455,1.283271,OverRange,OverRange,OverRange,14.47279,16.561014,30.505792
2026/06/05 09:25:00.279,n,35.541424,3.996313,4.101807,1.271451,OverRange,OverRange,OverRange,14.386292,16.580284,30.596746
2026/06/05 09:26:00.281,n,35.611736,5.678057,4.638334,1.400103,OverRange,OverRange,OverRange,14.513362,16.603824,30.97788
2026/06/05 09:27:00.267,n,35.976108,5.924267,4.188342,1.06626,OverRange,OverRange,OverRange,14.494472,16.625244,31.492202
2026/06/05 09:28:00.269,n,36.533192,6.28986,5.306972,1.111823,OverRange,OverRange,OverRange,14.541876,16.648752,32.085788
2026/06/05 09:29:00.273,n,37.274128,3.473501,5.401551,1.330811,OverRange,OverRange,OverRange,14.48995,16.665902,32.899674
2026/06/05 09:30:00.274,n,37.647616,6.003307,4.799979,1.301352,OverRange,OverRange,OverRange,14.584748,16.68517,33.674396
2026/06/05 09:31:00.259,n,38.067288,3.65227,4.314863,1.794972,OverRange,OverRange,OverRange,14.462662,16.70444,34.348612
2026/06/05 09:32:00.260,n,38.624372,6.830711,5.185227,1.574489,OverRange,OverRange,OverRange,14.58899,16.724752,35.397136
2026/06/05 09:33:00.263,n,39.653216,6.222324,5.491118,1.323472,OverRange,OverRange,OverRange,14.558746,16.737598,36.863652
2026/06/05 09:34:00.265,n,41.118412,3.256031,5.234587,1.596343,OverRange,OverRange,OverRange,14.530264,16.762214,38.65738
2026/06/05 09:35:00.267,n,42.563344,3.14322,4.653296,1.288915,OverRange,OverRange,OverRange,14.588502,16.779332,40.474652
2026/06/05 09:36:00.270,n,44.501844,6.639307,5.29709,1.528614,OverRange,OverRange,OverRange,14.660548,16.784028,42.48868
2026/06/05 09:37:00.271,n,46.136648,5.947602,5.670475,1.21392,OverRange,OverRange,OverRange,14.607916,16.791556,44.096064
2026/06/05 09:38:00.258,n,47.957112,4.994976,5.92281,0.465011,OverRange,OverRange,OverRange,14.613978,16.816468,45.813936
2026/06/05 09:39:00.259,n,49.927944,6.314966,5.352322,1.50111,OverRange,OverRange,OverRange,14.622906,16.837824,47.820284
2026/06/05 09:40:00.261,n,52.829344,6.18138,4.905719,1.602236,OverRange,OverRange,OverRange,14.615356,16.84855,50.764236
2026/06/05 09:41:00.263,n,56.975388,3.857558,4.622125,1.219646,OverRange,OverRange,OverRange,14.555394,16.873138,54.783156
2026/06/05 09:42:00.266,n,61.656068,5.70985,5.17923,1.405953,OverRange,OverRange,OverRange,14.712856,16.88918,59.190384
2026/06/05 09:43:00.267,n,66.735376,6.328155,5.374811,1.385462,OverRange,OverRange,OverRange,14.69222,16.913762,63.509984
2026/06/05 09:44:00.272,n,71.499704,6.665392,5.376614,1.503324,OverRange,OverRange,OverRange,14.682622,16.928728,67.237368
2026/06/05 09:45:00.271,n,74.873504,3.008895,4.351651,1.602516,OverRange,OverRange,OverRange,14.665222,16.955466,69.336888
2026/06/05 09:46:00.258,n,76.359232,3.11858,4.865146,1.75477,OverRange,OverRange,OverRange,14.72847,16.96828,69.484584
2026/06/05 09:47:00.258,n,76.318816,6.612897,4.946023,1.888555,OverRange,OverRange,OverRange,14.774034,16.990714,68.366096
2026/06/05 09:48:00.261,n,75.42392,3.043296,4.750311,1.798469,OverRange,OverRange,OverRange,14.738292,17.012072,66.500268
2026/06/05 09:49:00.264,n,73.972448,4.795141,4.97847,1.594939,OverRange,OverRange,OverRange,14.81035,17.03558,64.554068
2026/06/05 09:50:00.264,n,73.085632,3.670933,5.349561,1.278001,OverRange,OverRange,OverRange,14.787206,17.056908,62.954452
2026/06/05 09:51:00.267,n,72.421928,4.833446,5.077603,1.461248,OverRange,OverRange,OverRange,14.887178,17.076146,61.732816
2026/06/05 09:52:00.268,n,72.48864,3.679026,4.349484,1.16143,OverRange,OverRange,OverRange,14.836844,17.10073,60.8499
2026/06/05 09:53:00.271,n,71.752192,3.70954,3.800056,0.385658,OverRange,OverRange,OverRange,14.882686,17.121044,59.277156
2026/06/05 09:54:00.272,n,70.902592,6.269835,6.359446,0.091526,OverRange,OverRange,OverRange,14.97406,17.129522,57.438384
2026/06/05 09:55:00.259,n,68.87312,5.675834,5.388153,1.450141,OverRange,OverRange,OverRange,14.89243,17.142272,54.845188
2026/06/05 09:56:00.259,n,66.219856,3.663098,4.78871,1.384817,OverRange,OverRange,OverRange,14.846142,17.158316,51.952348
2026/06/05 09:57:00.262,n,62.833232,2.996129,5.019869,1.751173,OverRange,OverRange,OverRange,14.942262,17.179676,48.83852
2026/06/05 09:58:00.263,n,59.202564,3.034697,5.029945,1.783877,OverRange,OverRange,OverRange,14.947796,17.205272,45.859416
2026/06/05 09:59:00.266,n,55.021364,5.218919,4.518801,1.193264,OverRange,OverRange,OverRange,14.996674,17.221316,42.762056
2026/06/05 10:00:00.267,n,51.326428,5.033136,4.483953,1.302989,OverRange,OverRange,OverRange,15.008968,17.242644,40.114252
2026/06/05 10:01:00.270,n,48.162396,6.017533,4.974739,1.54485,OverRange,OverRange,OverRange,15.069386,17.256534,37.980692
2026/06/05 10:02:00.271,n,45.728652,6.303026,6.143987,0.311331,OverRange,OverRange,OverRange,15.074452,17.280012,36.335512
2026/06/05 10:03:00.274,n,44.096284,2.942761,4.326804,1.648448,OverRange,OverRange,OverRange,14.98782,17.29811,35.453448
2026/06/05 10:04:00.259,n,43.240644,3.027887,5.697973,1.412583,OverRange,OverRange,OverRange,15.056306,17.317352,35.001844
2026/06/05 10:05:00.267,n,42.946444,6.619099,4.928864,1.70016,OverRange,OverRange,OverRange,15.107366,17.334406,35.02112
2026/06/05 10:06:00.262,n,43.35996,6.218706,5.903365,1.009188,OverRange,OverRange,OverRange,15.103628,17.356942,35.37828
2026/06/05 10:07:00.265,n,44.032384,3.921915,4.084508,1.105398,OverRange,OverRange,OverRange,14.985724,17.36545,36.028608
2026/06/05 10:08:00.496,n,45.088688,3.122992,4.975721,1.767309,OverRange,OverRange,OverRange,15.092886,17.383584,36.98566
2026/06/05 10:09:00.272,n,46.5721,3.448834,3.939296,1.272852,OverRange,OverRange,OverRange,15.077328,17.400672,38.416428
2026/06/05 10:10:00.273,n,48.342656,6.802673,5.35004,1.280863,OverRange,OverRange,OverRange,15.127376,17.416682,40.125856
2026/06/05 10:11:00.273,n,50.182104,6.704339,5.020426,1.616055,OverRange,OverRange,OverRange,15.096176,17.434814,41.85798
2026/06/05 10:12:00.275,n,51.410588,3.608171,4.416407,1.485478,OverRange,OverRange,OverRange,15.077576,17.446522,43.1431
2026/06/05 10:13:00.265,n,52.754928,6.492975,4.351865,1.108989,OverRange,OverRange,OverRange,15.16187,17.460382,44.672668
2026/06/05 10:14:00.261,n,54.04384,3.26027,4.841017,1.697471,OverRange,OverRange,OverRange,15.108256,17.475318,46.050536
2026/06/05 10:15:00.267,n,55.201372,6.665556,4.097281,1.266483,OverRange,OverRange,OverRange,15.16537,17.498766,48.007992
2026/06/05 10:16:00.265,n,56.610884,5.529069,5.326393,1.472063,OverRange,OverRange,OverRange,15.147782,17.508352,50.140872
2026/06/05 10:17:00.267,n,58.291372,OverRange,OverRange,OverRange,OverRange,OverRange,OverRange,15.116984,17.515788,53.04686
2026/06/05 10:18:00.269,n,60.890364,3.79036,5.337657,1.47273,OverRange,OverRange,OverRange,15.062398,17.529648,56.852224
2026/06/05 10:19:00.271,n,64.110468,3.521844,3.643651,0.109012,OverRange,OverRange,OverRange,15.11501,17.541356,61.68648
2026/06/05 10:20:00.272,n,68.799864,3.377468,4.569892,1.64756,OverRange,OverRange,OverRange,15.145386,17.556294,67.457832
2026/06/05 10:21:00.275,n,74.456272,6.0871,5.56325,1.295871,OverRange,OverRange,OverRange,15.226376,17.565978,73.873456
2026/06/05 10:22:00.261,n,80.800368,3.224205,4.889563,1.699211,OverRange,OverRange,OverRange,15.115704,17.577684,80.694792
2026/06/05 10:23:00.262,n,86.731848,6.579977,5.817416,1.293969,OverRange,OverRange,OverRange,15.203518,17.591512,86.741392
2026/06/05 10:24:00.265,n,92.660768,6.252115,5.893742,0.731994,OverRange,OverRange,OverRange,15.2043,17.606386,92.359504
2026/06/05 10:25:00.266,n,98.117928,3.887627,4.82223,1.411596,OverRange,OverRange,OverRange,15.140402,17.614992,97.2204
2026/06/05 10:26:00.270,n,102.01366,3.055058,4.133906,0.975395,OverRange,OverRange,OverRange,15.168824,17.626668,100.44386
2026/06/05 10:27:00.270,n,104.02158,3.799692,4.628223,1.320029,OverRange,OverRange,OverRange,15.195466,17.637334,101.2336
2026/06/05 10:28:00.272,n,105.31062,4.540005,5.141193,1.519301,OverRange,OverRange,OverRange,15.207504,17.655402,101.6342
2026/06/05 10:29:00.322,n,105.60468,6.245215,5.831833,0.800179,OverRange,OverRange,OverRange,15.268678,17.662934,101.7522
2026/06/05 10:30:00.378,n,105.53834,3.271308,4.260947,1.243509,OverRange,OverRange,OverRange,15.154186,17.67888,101.9905
2026/06/05 10:31:00.335,n,105.1374,6.661564,4.697362,1.509856,OverRange,OverRange,OverRange,15.244238,17.690592,101.61874
2026/06/05 10:32:00.372,n,105.78608,3.293343,4.256533,1.263053,OverRange,OverRange,OverRange,15.181642,17.703376,101.90476
2026/06/05 10:33:00.463,n,105.97662,3.808698,4.885312,1.376061,OverRange,OverRange,OverRange,15.230662,17.719324,101.7045
2026/06/05 10:34:00.468,n,105.89298,3.599282,4.072185,1.295996,OverRange,OverRange,OverRange,15.21082,17.726792,101.36134
2026/06/05 10:35:00.270,n,106.6683,5.382467,6.167923,0.418312,OverRange,OverRange,OverRange,15.300854,17.745968,102.0707
2026/06/05 10:36:00.274,n,107.78348,6.112388,4.871191,1.672717,OverRange,OverRange,OverRange,15.272908,17.755558,103.00276
2026/06/05 10:37:00.277,n,109.09418,6.016535,5.641046,1.206361,OverRange,OverRange,OverRange,15.31718,17.765176,103.82014
2026/06/05 10:38:00.279,n,110.72364,6.480622,5.302967,1.459705,OverRange,OverRange,OverRange,15.334748,17.768242,104.17072
2026/06/05 10:39:00.278,n,111.93622,6.355026,5.691561,1.382943,OverRange,OverRange,OverRange,15.350484,17.776786,104.27176
2026/06/05 10:40:00.263,n,112.3333,3.185188,5.682256,1.226075,OverRange,OverRange,OverRange,15.32336,17.791662,103.88874
2026/06/05 10:41:00.264,n,110.83396,3.013542,5.182424,1.518751,OverRange,OverRange,OverRange,15.351486,17.805488,102.33938
2026/06/05 10:42:00.268,n,108.77512,5.369493,5.528673,1.211841,OverRange,OverRange,OverRange,15.386948,17.81723,100.59088
2026/06/05 10:43:00.268,n,106.5251,6.820343,4.14311,1.34706,OverRange,OverRange,OverRange,15.360036,17.834256,98.981528
2026/06/05 10:44:00.271,n,104.52734,6.269597,4.886287,1.66275,OverRange,OverRange,OverRange,15.428412,17.850234,97.74008
2026/06/05 10:45:00.273,n,103.14566,3.103908,5.46632,1.25992,OverRange,OverRange,OverRange,15.430182,17.861912,96.707008
2026/06/05 10:46:00.277,n,102.35546,3.515012,4.311554,1.602807,OverRange,OverRange,OverRange,15.473134,17.874698,96.008392
2026/06/05 10:47:00.279,n,101.89652,6.413641,4.731371,1.344381,OverRange,OverRange,OverRange,15.52919,17.882136,95.302184
2026/06/05 10:48:00.281,n,101.21256,6.349571,5.722714,1.40534,OverRange,OverRange,OverRange,15.542242,17.898116,94.185912
2026/06/05 10:49:00.264,n,99.861024,3.07766,5.568979,1.411967,OverRange,OverRange,OverRange,15.515382,17.915142,92.680488
2026/06/05 10:50:00.268,n,97.639872,6.653033,4.81668,1.540502,OverRange,OverRange,OverRange,15.579922,17.935362,90.687528
2026/06/05 10:51:00.269,n,95.457856,4.12181,5.497237,1.172043,OverRange,OverRange,OverRange,15.55808,17.945996,88.59168
2026/06/05 10:52:00.271,n,92.785608,3.62465,3.653372,0.074711,OverRange,OverRange,OverRange,15.549068,17.965142,86.411536
2026/06/05 10:53:00.272,n,90.281824,3.103181,4.534117,1.520893,OverRange,OverRange,OverRange,15.58697,17.978972,84.288728
2026/06/05 10:54:00.274,n,87.489344,6.454987,4.825125,1.52262,OverRange,OverRange,OverRange,15.625118,17.988558,82.089288
2026/06/05 10:55:00.277,n,85.006464,6.186648,4.941955,1.63366,OverRange,OverRange,OverRange,15.611314,18.005582,80.329272
2026/06/05 10:56:00.278,n,83.146608,3.619493,4.32548,1.236565,OverRange,OverRange,OverRange,15.587448,18.019412,79.271536
2026/06/05 10:57:00.281,n,82.342936,6.65573,4.588268,1.600124,OverRange,OverRange,OverRange,15.669052,18.036408,79.16292
2026/06/05 10:58:00.265,n,82.247472,3.252756,5.119438,1.595971,OverRange,OverRange,OverRange,15.65654,18.044918,79.64968
2026/06/05 10:59:00.268,n,82.779408,6.332125,5.453139,1.59257,OverRange,OverRange,OverRange,15.768514,18.051182,80.67184
2026/06/05 11:00:00.271,n,83.355224,5.870018,5.335213,1.299206,OverRange,OverRange,OverRange,15.635498,18.065468,81.719168
2026/06/05 11:01:00.272,n,84.375344,3.712987,4.911532,1.599241,OverRange,OverRange,OverRange,15.600418,18.069742,83.162304
2026/06/05 11:02:00.274,n,86.099208,6.337276,5.433395,1.244177,OverRange,OverRange,OverRange,15.669744,18.084582,85.394928
2026/06/05 11:03:00.276,n,88.471608,6.114165,6.156117,0.079978,OverRange,OverRange,OverRange,15.660214,18.096292,88.224968
2026/06/05 11:04:00.277,n,91.506832,3.448938,5.67313,1.09492,OverRange,OverRange,OverRange,15.607484,18.103728,91.44672
2026/06/05 11:05:00.279,n,94.450568,6.542104,5.252727,1.390276,OverRange,OverRange,OverRange,15.660696,18.117558,94.698096
2026/06/05 11:06:00.283,n,97.66168,6.328292,5.829835,1.363959,OverRange,OverRange,OverRange,15.676006,18.129236,97.95996
2026/06/05 11:07:00.267,n,100.67676,3.198964,4.501628,1.449377,OverRange,OverRange,OverRange,15.6185,18.14199,101.29862
2026/06/05 11:08:00.272,n,104.23698,6.400223,4.799102,1.647896,OverRange,OverRange,OverRange,15.682028,18.152654,104.99136
2026/06/05 11:09:00.271,n,108.35506,6.299143,5.684718,1.253122,OverRange,OverRange,OverRange,15.736252,18.168606,109.08486
2026/06/05 11:10:00.272,n,113.56474,3.978499,4.782264,1.576268,OverRange,OverRange,OverRange,15.71841,18.183446,114.25938
2026/06/05 11:11:00.275,n,120.79128,3.735594,4.933823,1.558511,OverRange,OverRange,OverRange,15.732488,18.199394,120.83482
2026/06/05 11:12:00.278,n,129.97904,4.518514,5.627516,1.345139,OverRange,OverRange,OverRange,15.832668,18.210062,128.69784
2026/06/05 11:13:00.279,n,139.71786,3.71895,4.292308,1.081894,OverRange,OverRange,OverRange,15.744818,18.22386,136.4717
2026/06/05 11:14:00.281,n,147.17074,5.966572,4.907521,1.155379,OverRange,OverRange,OverRange,15.843466,18.245092,141.86202
2026/06/05 11:15:00.283,n,151.30754,3.47925,5.151665,1.366434,OverRange,OverRange,OverRange,15.855006,18.269526,144.11102
2026/06/05 11:16:00.269,n,151.85538,3.710195,5.402456,1.171805,OverRange,OverRange,OverRange,15.919984,18.285476,143.49924
2026/06/05 11:17:00.270,n,150.10562,6.172563,4.818756,1.307918,OverRange,OverRange,OverRange,15.945598,18.29898,141.24044
2026/06/05 11:18:00.274,n,147.66586,3.114231,4.521168,1.485614,OverRange,OverRange,OverRange,15.874212,18.309612,138.6748
2026/06/05 11:19:00.274,n,144.46216,6.496712,4.506586,1.410812,OverRange,OverRange,OverRange,15.950216,18.330816,135.28948
2026/06/05 11:20:00.277,n,141.662,3.769104,4.102817,1.331799,OverRange,OverRange,OverRange,15.865916,18.3574,131.8993
2026/06/05 11:21:00.311,n,139.06558,4.661469,6.001972,0.669149,OverRange,OverRange,OverRange,16.000158,18.37932,129.13332
2026/06/05 11:22:00.281,n,136.53278,3.693965,3.567808,0.20934,OverRange,OverRange,OverRange,15.961396,18.39844,126.64114
2026/06/05 11:23:00.283,n,134.08224,3.532655,3.581154,0.06318,OverRange,OverRange,OverRange,16.048942,18.417552,124.38848
2026/06/05 11:24:00.283,n,133.16334,4.957508,5.013313,1.399386,OverRange,OverRange,OverRange,16.15748,18.438822,123.57126
2026/06/05 11:25:00.269,n,133.87274,6.607353,4.943406,1.817409,OverRange,OverRange,OverRange,16.18152,18.46407,124.35614
2026/06/05 11:26:00.457,n,137.44744,3.688434,4.852387,1.719376,OverRange,OverRange,OverRange,16.176524,18.492938,127.58184
2026/06/05 11:27:00.257,n,143.12988,6.658639,4.903398,1.506125,OverRange,OverRange,OverRange,16.227164,18.507128,132.82504
2026/06/05 11:28:00.259,n,148.19534,6.654698,4.663542,1.786731,OverRange,OverRange,OverRange,16.181564,18.528462,136.60796
2026/06/05 11:29:00.261,n,151.8487,3.139682,4.704397,1.68548,OverRange,OverRange,OverRange,16.253244,18.555212,139.1003
2026/06/05 11:30:00.264,n,155.66374,3.596546,5.095587,1.50729,OverRange,OverRange,OverRange,16.329896,18.579744,141.98454
2026/06/05 11:31:00.266,n,159.08258,6.638541,4.601203,1.592166,OverRange,OverRange,OverRange,16.264054,18.60966,145.07626
2026/06/05 11:32:00.269,n,163.36424,6.570193,4.854154,1.7364,OverRange,OverRange,OverRange,16.32013,18.637418,149.69662
2026/06/05 11:33:00.269,n,168.33372,6.88145,4.722592,1.704105,OverRange,OverRange,OverRange,16.319864,18.655526,156.25652
2026/06/05 11:34:00.271,n,174.98844,3.11225,4.816723,1.844266,OverRange,OverRange,OverRange,16.298712,18.673694,165.96336
2026/06/05 11:35:00.257,n,183.36828,4.766385,4.725456,1.559861,OverRange,OverRange,OverRange,16.343974,18.704622,179.0532
2026/06/05 11:36:00.262,n,196.9655,4.238299,4.520446,1.63181,OverRange,OverRange,OverRange,16.397186,18.734504,198.05818
2026/06/05 11:37:00.263,n,207.59794,3.033651,4.430595,1.423609,OverRange,OverRange,OverRange,16.588196,18.77401,211.04658
2026/06/05 11:38:00.263,n,219.09176,6.356814,5.175767,1.524383,OverRange,OverRange,OverRange,16.732788,18.797468,224.7315
2026/06/05 11:39:00.265,n,233.57348,6.258188,5.819669,1.232932,OverRange,OverRange,OverRange,16.758094,18.845492,240.82416
2026/06/05 11:40:00.267,n,263.69342,3.693263,4.36079,1.387164,OverRange,OverRange,OverRange,16.683096,18.88066,285.52738
2026/06/05 11:41:00.269,n,271.30936,2.837103,4.477155,1.510814,OverRange,OverRange,OverRange,16.78327,18.915862,304.87302
2026/06/05 11:42:00.271,n,257.43258,6.17645,4.926999,1.516644,OverRange,OverRange,OverRange,16.895234,18.95961,284.33118
2026/06/05 11:43:00.258,n,221.2526,3.547993,4.260343,1.1661,OverRange,OverRange,OverRange,16.912338,19.004404,232.71806
2026/06/05 11:44:00.258,n,194.24946,3.778766,4.428372,1.197687,OverRange,OverRange,OverRange,16.991586,19.05129,192.48742
2026/06/05 11:45:00.260,n,180.47204,6.654367,5.278188,1.481517,OverRange,OverRange,OverRange,17.06221,19.08545,173.85504
2026/06/05 11:46:00.264,n,173.01142,6.502096,4.807146,1.761179,OverRange,OverRange,OverRange,17.03103,19.121664,166.13094
2026/06/05 11:47:00.265,n,165.49212,6.099959,4.817638,1.397707,OverRange,OverRange,OverRange,17.159774,19.168548,159.1851
2026/06/05 11:48:00.267,n,157.49178,3.575334,4.719721,1.72154,OverRange,OverRange,OverRange,17.149216,19.214324,151.28276
2026/06/05 11:49:00.268,n,152.90552,5.555669,5.200405,1.37942,OverRange,OverRange,OverRange,17.18164,19.254784,148.21134
2026/06/05 11:50:00.270,n,153.89706,6.484983,4.997455,1.605972,OverRange,OverRange,OverRange,17.176858,19.297398,152.44998
2026/06/05 11:51:00.273,n,163.39708,6.479024,4.755887,1.540737,OverRange,OverRange,OverRange,17.2143,19.33146,167.6459
2026/06/05 11:52:00.257,n,180.0572,3.130352,4.495164,1.571613,OverRange,OverRange,OverRange,17.247218,19.369082,190.12826
2026/06/05 11:53:00.260,n,197.4923,2.871224,4.891192,1.702537,OverRange,OverRange,OverRange,17.303168,19.39466,210.8174
2026/06/05 11:54:00.262,n,210.82432,3.166551,4.758613,1.949797,OverRange,OverRange,OverRange,17.341578,19.439298,226.0365
2026/06/05 11:55:00.264,n,211.63556,3.43049,4.8932,1.876546,OverRange,OverRange,OverRange,17.345362,19.47118,226.3986
2026/06/05 11:56:00.271,n,218.05474,3.506143,4.534837,1.656979,OverRange,OverRange,OverRange,17.37148,19.512686,234.76868
2026/06/05 11:57:00.268,n,277.98206,2.948828,4.792434,1.830425,OverRange,OverRange,OverRange,17.46842,19.554192,328.31992
2026/06/05 11:58:00.272,n,287.678,6.389534,5.134823,1.686738,OverRange,OverRange,OverRange,17.555292,19.594556,346.14632
2026/06/05 11:59:00.273,n,288.89596,2.736415,4.886034,1.58016,OverRange,OverRange,OverRange,17.663976,19.640272,339.18852
2026/06/05 12:00:00.274,n,391.56448,6.054832,5.452093,0.97891,OverRange,OverRange,OverRange,17.853888,19.692352,510.96748
2026/06/05 12:01:00.261,n,312.5426,3.030376,4.861807,1.606843,OverRange,OverRange,OverRange,17.926828,19.738038,382.21336
2026/06/05 12:02:00.261,n,320.9462,3.605646,3.691695,0.102616,OverRange,OverRange,OverRange,18.103454,19.794396,397.72496
2026/06/05 12:03:00.264,n,364.88748,3.385868,3.507044,0.081011,OverRange,OverRange,OverRange,18.322602,19.858062,474.80788
2026/06/05 12:04:00.267,n,302.99124,5.933145,4.789876,1.477978,OverRange,OverRange,OverRange,18.475072,19.919674,374.10548
2026/06/05 12:05:00.270,n,281.80642,6.633425,4.69631,1.520978,OverRange,OverRange,OverRange,18.561844,19.98005,335.51084
2026/06/05 12:06:00.271,n,275.48288,6.410854,5.458962,1.204409,OverRange,OverRange,OverRange,18.605094,20.05116,329.84902
2026/06/05 12:07:00.272,n,226.89824,6.539505,5.092784,1.534439,OverRange,OverRange,OverRange,18.704116,20.115844,255.22064
2026/06/05 12:08:00.274,n,199.51188,6.523385,5.322184,1.627717,OverRange,OverRange,OverRange,18.935266,20.17717,214.49346
2026/06/05 12:09:00.277,n,178.06844,6.216236,5.135107,1.517193,OverRange,OverRange,OverRange,19.068594,20.23549,184.94956
2026/06/05 12:10:00.261,n,163.0948,3.137988,4.597679,1.521305,OverRange,OverRange,OverRange,19.151474,20.296948,165.3645
2026/06/05 12:11:00.264,n,155.15606,6.459351,4.868352,1.213955,OverRange,OverRange,OverRange,19.309728,20.357328,155.1515
2026/06/05 12:12:00.267,n,150.27176,3.563958,4.216017,0.945783,OverRange,OverRange,OverRange,19.227132,20.4103,149.06898
2026/06/05 12:13:00.269,n,146.23632,3.497944,3.53961,0.129767,OverRange,OverRange,OverRange,19.277564,20.471758,144.20316
2026/06/05 12:14:00.269,n,142.37894,5.747598,5.102567,1.103271,OverRange,OverRange,OverRange,19.326966,20.522516,139.8013
2026/06/05 12:15:00.273,n,140.16254,6.247055,5.600792,1.285982,OverRange,OverRange,OverRange,19.310996,20.556786,137.00598
2026/06/05 12:16:00.274,n,139.36914,4.95075,5.89484,0.480453,OverRange,OverRange,OverRange,19.209,20.605488,136.2177
2026/06/05 12:17:00.276,n,140.50652,6.27685,4.232269,1.41126,OverRange,OverRange,OverRange,19.077184,20.650956,137.62184
2026/06/05 12:18:00.277,n,143.88212,5.909296,5.964651,0.101698,OverRange,OverRange,OverRange,19.074708,20.690122,140.68864
2026/06/05 12:19:00.264,n,147.68996,3.310287,4.097532,1.382545,OverRange,OverRange,OverRange,18.960322,20.72603,143.69864
2026/06/05 12:20:00.266,n,151.3368,6.521688,4.803048,1.745548,OverRange,OverRange,OverRange,19.1406,20.756518,146.173
2026/06/05 12:21:00.268,n,154.11452,6.017645,4.750653,1.263586,OverRange,OverRange,OverRange,19.003534,20.78508,147.82132
2026/06/05 12:22:00.270,n,155.61268,6.247922,5.113559,1.416238,OverRange,OverRange,OverRange,19.008256,20.810474,148.0755
2026/06/05 12:23:00.272,n,156.32296,6.115,5.107746,1.343573,OverRange,OverRange,OverRange,19.076178,20.843218,148.01544
2026/06/05 12:24:00.274,n,155.80758,3.471419,4.288997,1.395047,OverRange,OverRange,OverRange,19.006266,20.873902,147.53686
2026/06/05 12:25:00.275,n,154.31224,3.395835,4.012694,1.242703,OverRange,OverRange,OverRange,19.073186,20.903472,146.71358
2026/06/05 12:26:00.278,n,152.94838,6.158991,5.54545,1.261148,OverRange,OverRange,OverRange,19.04548,20.926684,146.32724
2026/06/05 12:27:00.280,n,152.12572,3.4383,4.812562,1.427669,OverRange,OverRange,OverRange,19.037984,20.953094,146.92262
2026/06/05 12:28:00.267,n,152.67882,6.005371,4.891566,1.499278,OverRange,OverRange,OverRange,19.08866,20.97637,149.18256
2026/06/05 12:29:00.267,n,155.95922,3.580506,5.363382,1.021619,OverRange,OverRange,OverRange,19.071204,21.003824,154.76262
2026/06/05 12:30:00.270,n,165.94142,3.638963,4.301075,1.435862,OverRange,OverRange,OverRange,19.150574,21.024944,170.75274
2026/06/05 12:31:00.272,n,173.58276,3.446182,3.385768,0.145368,OverRange,OverRange,OverRange,19.174774,21.046098,181.61952
2026/06/05 12:32:00.273,n,184.28512,4.909246,4.617808,1.420435,OverRange,OverRange,OverRange,19.302546,21.07032,193.328
2026/06/05 12:33:00.276,n,196.5761,4.108595,3.475012,0.423609,OverRange,OverRange,OverRange,19.369422,21.081386,207.88336
2026/06/05 12:34:00.278,n,228.65226,3.639755,4.408454,1.441191,OverRange,OverRange,OverRange,19.479928,21.110962,252.26142
2026/06/05 12:35:00.280,n,257.93284,2.771562,5.633969,1.40784,OverRange,OverRange,OverRange,19.639968,21.136296,294.0048
2026/06/05 12:36:00.282,n,230.8435,3.470608,3.57151,0.369765,OverRange,OverRange,OverRange,19.565954,21.172176,236.2528
2026/06/05 12:37:00.267,n,231.7076,3.793442,3.569107,0.142463,OverRange,OverRange,OverRange,19.620798,21.223854,227.69624
2026/06/05 12:38:00.269,n,231.04582,3.165444,3.555673,0.277203,OverRange,OverRange,OverRange,19.696496,21.25996,221.21254
2026/06/05 12:39:00.271,n,227.19024,6.416033,4.351411,1.196058,OverRange,OverRange,OverRange,19.895112,21.307754,212.8951
2026/06/05 12:40:00.273,n,222.57772,6.13774,5.607507,1.311441,OverRange,OverRange,OverRange,19.962606,21.350262,205.33094
2026/06/05 12:41:00.276,n,218.86596,5.380746,5.518996,1.267833,OverRange,OverRange,OverRange,19.853296,21.394828,200.05762
2026/06/05 12:42:00.277,n,216.19446,3.601469,3.999668,0.8873,OverRange,OverRange,OverRange,19.47016,21.434104,197.83354
2026/06/05 12:43:00.280,n,216.3787,4.935595,5.482589,1.183526,OverRange,OverRange,OverRange,19.591818,21.481868,200.19354
2026/06/05 12:44:00.281,n,220.2262,3.15998,5.163943,1.265585,OverRange,OverRange,OverRange,19.551676,21.526434,207.3023
2026/06/05 12:45:00.284,n,225.94842,5.92686,4.847199,1.444058,OverRange,OverRange,OverRange,19.543208,21.572046,215.97768
2026/06/05 12:46:00.269,n,231.29448,4.136443,4.653088,1.265477,OverRange,OverRange,OverRange,19.424042,21.591082,222.9847
2026/06/05 12:47:00.271,n,230.95396,6.29682,5.334947,1.453091,OverRange,OverRange,OverRange,19.43608,21.619714,223.32292
2026/06/05 12:48:00.273,n,227.43518,6.29733,5.062133,1.604346,OverRange,OverRange,OverRange,19.330094,21.654716,219.04206
2026/06/05 12:49:00.276,n,222.60222,2.978524,4.814402,1.604765,OverRange,OverRange,OverRange,19.300378,21.689686,212.14136
2026/06/05 12:50:00.261,n,215.01848,5.99981,5.244107,1.546686,OverRange,OverRange,OverRange,19.346048,21.72041,202.1603
2026/06/05 12:51:00.262,n,204.7481,3.14238,4.586756,1.734227,OverRange,OverRange,OverRange,19.262466,21.753322,190.01112
2026/06/05 12:52:00.265,n,194.79106,6.064755,4.692961,1.723515,OverRange,OverRange,OverRange,19.262964,21.778692,178.73316
2026/06/05 12:53:00.268,n,185.47652,6.324491,4.511733,1.002034,OverRange,OverRange,OverRange,19.294154,21.805206,168.03232
2026/06/05 12:54:00.271,n,174.57006,6.177104,4.80731,1.783727,OverRange,OverRange,OverRange,19.299384,21.814968,156.17188
2026/06/05 12:55:00.272,n,162.97448,3.852043,4.111126,1.172558,OverRange,OverRange,OverRange,19.16513,21.832992,144.52022
2026/06/05 12:56:00.260,n,154.19174,2.883817,5.025041,1.547315,OverRange,OverRange,OverRange,19.140662,21.856308,135.60654
2026/06/05 12:57:00.259,n,147.575,3.058701,5.153113,1.559158,OverRange,OverRange,OverRange,19.130188,21.87322,128.80936
2026/06/05 12:58:00.261,n,141.95068,4.410952,4.513412,1.416572,OverRange,OverRange,OverRange,19.133188,21.8902,123.29404
2026/06/05 12:59:00.263,n,137.02008,6.149905,4.601225,1.400721,OverRange,OverRange,OverRange,19.175848,21.898656,118.59554
2026/06/05 13:00:00.269,n,133.54338,5.667427,4.21117,1.039522,OverRange,OverRange,OverRange,19.164138,21.906068,115.51438
2026/06/05 13:01:00.267,n,131.04278,6.3354,4.872026,1.518866,OverRange,OverRange,OverRange,19.22677,21.934378,113.73526
2026/06/05 13:02:00.269,n,129.108,3.583224,3.569181,0.204942,OverRange,OverRange,OverRange,19.093618,21.940744,112.51522
2026/06/05 13:03:00.272,n,129.08222,5.798706,5.16029,1.267843,OverRange,OverRange,OverRange,19.16326,21.949172,112.7124
2026/06/05 13:04:00.258,n,130.9291,5.944141,5.983099,0.251539,OverRange,OverRange,OverRange,19.139308,21.950246,113.89368
2026/06/05 13:05:00.258,n,133.92058,6.360896,4.389742,1.413923,OverRange,OverRange,OverRange,19.065896,21.95345,115.85252
2026/06/05 13:06:00.261,n,136.93822,6.106381,5.945033,0.30963,OverRange,OverRange,OverRange,19.100854,21.951358,117.72866
2026/06/05 13:07:00.264,n,136.83544,6.218158,6.117045,0.092307,OverRange,OverRange,OverRange,19.071136,21.955538,116.756
2026/06/05 13:08:00.265,n,134.4515,6.151089,6.163775,0.055518,OverRange,OverRange,OverRange,19.058924,21.950246,113.96742
2026/06/05 13:09:00.267,n,131.65876,6.093224,6.005475,0.066406,OverRange,OverRange,OverRange,19.0784,21.95237,111.50392
2026/06/05 13:10:00.268,n,129.25466,6.56645,5.141006,1.236582,OverRange,OverRange,OverRange,19.048676,21.941792,109.94558
2026/06/05 13:11:00.270,n,126.4718,3.536583,4.777175,1.712682,OverRange,OverRange,OverRange,19.000474,21.938624,108.80772
2026/06/05 13:12:00.272,n,124.18188,5.664809,4.41927,1.224141,OverRange,OverRange,OverRange,19.03045,21.934378,108.4126
2026/06/05 13:13:00.258,n,122.80906,5.77525,5.974789,0.137952,OverRange,OverRange,OverRange,19.006974,21.938166,109.01472
2026/06/05 13:14:00.259,n,122.47638,6.27359,4.765447,1.591369,OverRange,OverRange,OverRange,18.895838,21.9318,111.82634
2026/06/05 13:15:00.264,n,128.46548,5.992494,4.816352,1.49388,OverRange,OverRange,OverRange,18.822922,21.915928,125.60056
2026/06/05 13:16:00.263,n,217.57612,6.000941,5.520344,1.252033,OverRange,OverRange,OverRange,18.85263,21.91802,274.874
2026/06/05 13:17:00.265,n,196.40674,3.576135,3.992281,0.975625,OverRange,OverRange,OverRange,18.824152,21.914884,248.51136
2026/06/05 13:18:00.268,n,170.57836,6.001098,4.727262,1.611052,OverRange,OverRange,OverRange,18.899088,21.915928,196.66718
2026/06/05 13:19:00.273,n,147.094,5.940588,5.683346,1.11441,OverRange,OverRange,OverRange,18.907842,21.911716,150.50328
2026/06/05 13:20:00.271,n,152.56604,3.333453,3.637545,0.879831,OverRange,OverRange,OverRange,18.816916,21.911716,154.67354
2026/06/05 13:21:00.273,n,159.14056,6.009198,5.297336,1.012221,OverRange,OverRange,OverRange,18.977758,21.915928,160.94454
2026/06/05 13:22:00.260,n,164.75414,3.355864,4.821042,1.350546,OverRange,OverRange,OverRange,18.899354,21.919064,164.46544
2026/06/05 13:23:00.261,n,170.44684,6.100561,5.522482,0.970844,OverRange,OverRange,OverRange,18.945062,21.920176,168.18522
2026/06/05 13:24:00.263,n,173.25148,3.505365,4.480628,1.094539,OverRange,OverRange,OverRange,18.780192,21.922266,168.01082
2026/06/05 13:25:00.265,n,172.7415,6.024719,4.894716,1.410652,OverRange,OverRange,OverRange,18.659734,21.92651,164.29992
2026/06/05 13:26:00.269,n,169.96224,3.701025,4.160022,1.355729,OverRange,OverRange,OverRange,18.486964,21.92442,159.19688
2026/06/05 13:27:00.270,n,164.01138,3.621037,3.90669,0.484662,OverRange,OverRange,OverRange,18.37114,21.919064,152.10994
2026/06/05 13:28:00.271,n,155.70302,5.878492,6.077632,0.232157,OverRange,OverRange,OverRange,18.426932,21.910638,144.15094
2026/06/05 13:29:00.278,n,147.68356,3.408254,4.831367,1.480127,OverRange,OverRange,OverRange,18.393142,21.89683,138.26826
2026/06/05 13:30:00.275,n,142.81454,3.572831,3.533642,0.081434,OverRange,OverRange,OverRange,18.355886,21.884126,136.5997
2026/06/05 13:31:00.262,n,144.0389,5.581844,4.240563,1.350002,OverRange,OverRange,OverRange,18.396902,21.86829,140.85664
2026/06/05 13:32:00.262,n,152.3337,3.424777,4.962464,1.477067,OverRange,OverRange,OverRange,18.38389,21.853434,151.40442
2026/06/05 13:33:00.265,n,163.71028,3.518587,4.305835,1.496809,OverRange,OverRange,OverRange,18.413926,21.84073,163.78706
2026/06/05 13:34:00.267,n,175.98982,3.034866,4.451338,1.423489,OverRange,OverRange,OverRange,18.590978,21.831228,175.06824
2026/06/05 13:35:00.269,n,187.18292,3.651672,4.350777,1.616757,OverRange,OverRange,OverRange,18.628958,21.82166,184.38738
2026/06/05 13:36:00.271,n,196.80872,6.618457,4.904665,1.392994,OverRange,OverRange,OverRange,18.735198,21.825874,192.60754
2026/06/05 13:37:00.273,n,201.74638,3.556391,4.59425,1.095944,OverRange,OverRange,OverRange,18.761682,21.82166,197.09822
2026/06/05 13:38:00.278,n,201.03996,3.780689,4.702971,1.709968,OverRange,OverRange,OverRange,18.782166,21.818494,197.31112
2026/06/05 13:39:00.278,n,199.24322,3.521379,4.717927,1.477731,OverRange,OverRange,OverRange,18.788946,21.831228,197.96936
2026/06/05 13:40:00.262,n,204.39104,3.593161,3.50679,0.107482,OverRange,OverRange,OverRange,18.812928,21.83015,209.98884
2026/06/05 13:41:00.264,n,274.21668,3.351801,4.12618,1.258797,OverRange,OverRange,OverRange,18.562988,21.843932,326.57074
2026/06/05 13:42:00.268,n,258.14454,6.001793,4.380736,1.392296,OverRange,OverRange,OverRange,18.690216,21.85771,309.64248
2026/06/05 13:43:00.269,n,206.10592,3.12598,4.33678,1.105429,OverRange,OverRange,OverRange,18.47669,21.870378,213.22948
2026/06/05 13:44:00.277,n,221.12664,6.38862,4.768627,1.612411,OverRange,OverRange,OverRange,18.423926,21.884126,241.16894
2026/06/05 13:45:00.274,n,201.27514,2.982173,4.420473,1.18463,OverRange,OverRange,OverRange,18.508962,21.900028,207.13714
2026/06/05 13:46:00.276,n,198.48214,6.099735,5.336229,1.44454,OverRange,OverRange,OverRange,18.791162,21.911716,203.3573
2026/06/05 13:47:00.278,n,194.658,3.592985,3.858283,0.643038,OverRange,OverRange,OverRange,18.81492,21.920176,198.14104
2026/06/05 13:48:00.279,n,193.22486,2.959621,5.361191,1.239938,OverRange,OverRange,OverRange,19.04892,21.933954,196.70446
2026/06/05 13:49:00.265,n,194.10914,3.573183,3.612269,0.668445,OverRange,OverRange,OverRange,19.123042,21.94767,198.1057
2026/06/05 13:50:00.266,n,196.15862,5.243395,5.592207,1.174713,OverRange,OverRange,OverRange,19.242822,21.963572,199.78374
2026/06/05 13:51:00.270,n,198.4851,6.116152,6.031029,0.085902,OverRange,OverRange,OverRange,19.275254,21.975228,200.20498
2026/06/05 13:52:00.270,n,201.34902,5.940178,5.565025,1.212133,OverRange,OverRange,OverRange,19.3396,21.99531,200.4583
2026/06/05 13:53:00.271,n,203.82152,3.473601,4.011501,1.182955,OverRange,OverRange,OverRange,19.388982,22.023914,200.1862
2026/06/05 13:54:00.275,n,205.84124,3.067527,4.339995,1.309611,OverRange,OverRange,OverRange,19.577926,22.0472,199.7857
2026/06/05 13:55:00.279,n,207.32054,3.552921,4.662417,1.43225,OverRange,OverRange,OverRange,19.659402,22.062024,199.54912
2026/06/05 13:56:00.277,n,207.85236,3.613536,4.424481,1.415789,OverRange,OverRange,OverRange,19.503882,22.087392,199.137
2026/06/05 13:57:00.280,n,207.95484,3.616367,4.920935,1.319221,OverRange,OverRange,OverRange,19.346308,22.118092,198.99714
2026/06/05 13:58:00.264,n,210.43054,3.408467,5.15053,1.18742,OverRange,OverRange,OverRange,19.109796,22.137096,203.35404
2026/06/05 13:59:00.266,n,221.1192,3.162838,4.403227,1.571004,OverRange,OverRange,OverRange,19.00997,22.161458,222.31866
2026/06/05 14:00:00.268,n,219.97988,3.445155,4.473254,1.451341,OverRange,OverRange,OverRange,19.199152,22.178406,220.84932
2026/06/05 14:01:00.270,n,223.27912,6.354219,4.393163,1.549045,OverRange,OverRange,OverRange,19.494176,22.201654,226.19314
2026/06/05 14:02:00.272,n,229.4558,3.226339,4.513537,1.429095,OverRange,OverRange,OverRange,19.556742,22.21857,234.81374
2026/06/05 14:03:00.274,n,235.42244,2.82611,4.235725,1.454144,OverRange,OverRange,OverRange,19.745432,22.238656,242.15218
2026/06/05 14:04:00.279,n,240.35662,5.049369,4.732874,1.178628,OverRange,OverRange,OverRange,19.895828,22.260892,247.70666
2026/06/05 14:05:00.278,n,244.55182,3.576347,4.002313,1.189082,OverRange,OverRange,OverRange,19.846618,22.29048,252.7824
2026/06/05 14:06:00.281,n,248.17208,3.370697,4.273486,1.501044,OverRange,OverRange,OverRange,19.784186,22.3169,257.9972
2026/06/05 14:07:00.267,n,252.41588,5.693489,5.151154,1.566207,OverRange,OverRange,OverRange,19.811204,22.338516,266.21668
2026/06/05 14:08:00.270,n,258.0225,3.554945,3.34558,0.243115,OverRange,OverRange,OverRange,19.741928,22.36386,278.08158
2026/06/05 14:09:00.270,n,256.76212,5.543885,5.34536,1.296968,OverRange,OverRange,OverRange,19.860468,22.397662,277.61108
2026/06/05 14:10:00.273,n,257.83712,2.862743,4.648663,1.651246,OverRange,OverRange,OverRange,19.85061,22.423034,280.42434
2026/06/05 14:11:00.274,n,268.42312,5.992908,5.727517,1.120004,OverRange,OverRange,OverRange,20.02501,22.449456,298.60852
2026/06/05 14:12:00.276,n,271.75946,6.145303,4.592189,1.501572,OverRange,OverRange,OverRange,20.196946,22.477998,304.5303
2026/06/05 14:13:00.278,n,274.26776,3.518587,4.214716,1.393914,OverRange,OverRange,OverRange,20.181712,22.51069,306.41488
2026/06/05 14:14:00.280,n,298.32044,5.313596,3.900787,0.705661,OverRange,OverRange,OverRange,20.126938,22.547658,346.10976
2026/06/05 14:15:00.282,n,354.03808,3.725846,4.563311,1.359244,OverRange,OverRange,OverRange,20.176214,22.583552,451.12956
2026/06/05 14:16:00.267,n,283.49012,5.912057,5.727628,0.930949,OverRange,OverRange,OverRange,20.257284,22.625812,327.7438
2026/06/05 14:17:00.270,n,411.63884,4.503972,5.141461,1.047652,OverRange,OverRange,OverRange,20.316564,22.671212,544.61224
2026/06/05 14:18:00.271,n,470.93932,6.23181,4.900164,1.608528,OverRange,OverRange,OverRange,20.436334,22.715498,672.75968
2026/06/05 14:19:00.274,n,284.20874,3.601321,3.950663,0.984108,OverRange,OverRange,OverRange,20.5336,22.769324,346.00664
2026/06/05 14:20:00.275,n,265.77612,3.543267,4.45244,1.339396,OverRange,OverRange,OverRange,20.564082,22.828406,308.70986
2026/06/05 14:21:00.281,n,292.40872,3.100343,4.605862,1.553099,OverRange,OverRange,OverRange,20.587066,22.886384,351.24296
2026/06/05 14:22:00.280,n,253.39802,3.328096,4.924868,1.37687,OverRange,OverRange,OverRange,20.592082,22.922472,298.31884
2026/06/05 14:23:00.284,n,217.03678,6.251181,5.147218,1.322368,OverRange,OverRange,OverRange,20.499808,22.966732,232.41012
2026/06/05 14:24:00.284,n,228.87716,3.701559,4.37818,1.502049,OverRange,OverRange,OverRange,20.413324,23.012036,251.79418
2026/06/05 14:25:00.270,n,229.04394,3.147931,4.654671,1.361153,OverRange,OverRange,OverRange,20.43183,23.043622,258.27114
2026/06/05 14:26:00.273,n,207.86504,3.471401,4.306176,1.565422,OverRange,OverRange,OverRange,20.439554,23.073116,215.47618
2026/06/05 14:27:00.275,n,204.64494,6.28368,4.617769,1.386175,OverRange,OverRange,OverRange,20.592286,23.09314,208.5411
2026/06/05 14:28:00.276,n,204.6764,6.15085,5.598352,1.294123,OverRange,OverRange,OverRange,20.696442,23.117378,206.97948
2026/06/05 14:29:00.277,n,203.28216,3.625702,5.026353,1.278382,OverRange,OverRange,OverRange,20.72143,23.134232,204.42934
2026/06/05 14:30:00.263,n,200.36162,3.831757,4.026118,1.203195,OverRange,OverRange,OverRange,20.69519,23.128776,200.42476
2026/06/05 14:31:00.265,n,192.5083,5.967535,5.104577,0.984129,OverRange,OverRange,OverRange,20.508036,23.136126,190.94206
2026/06/05 14:32:00.266,n,183.1861,6.032768,4.904894,1.383421,OverRange,OverRange,OverRange,20.334788,23.154028,179.2335
2026/06/05 14:33:00.270,n,174.03424,3.622788,5.248473,1.345673,OverRange,OverRange,OverRange,20.203486,23.16033,168.33488
2026/06/05 14:34:00.270,n,165.27786,4.706836,5.31897,1.142339,OverRange,OverRange,OverRange,20.145422,23.167744,158.19992
2026/06/05 14:35:00.272,n,158.56514,3.352975,4.410249,1.167992,OverRange,OverRange,OverRange,20.130426,23.16879,150.31844
2026/06/05 14:36:00.258,n,153.66712,6.351551,4.761533,1.435989,OverRange,OverRange,OverRange,20.162436,23.16879,144.93872
2026/06/05 14:37:00.260,n,150.44908,3.248735,4.603669,1.520461,OverRange,OverRange,OverRange,20.012528,23.163532,141.95082
2026/06/05 14:38:00.262,n,149.06958,3.390191,4.595223,1.390272,OverRange,OverRange,OverRange,19.970148,23.151934,141.17082
2026/06/05 14:39:00.263,n,148.45272,5.992937,4.796093,1.546691,OverRange,OverRange,OverRange,19.868646,23.144586,141.32952
2026/06/05 14:40:00.267,n,149.33646,6.024079,5.311052,1.3867,OverRange,OverRange,OverRange,19.753586,23.13299,142.849
2026/06/05 14:41:00.268,n,151.3894,6.100611,5.1154,1.372669,OverRange,OverRange,OverRange,19.666148,23.117212,145.5534
2026/06/05 14:42:00.272,n,153.0745,3.24129,4.371951,1.420277,OverRange,OverRange,OverRange,19.667634,23.103492,148.1324
2026/06/05 14:43:00.271,n,152.93978,3.172956,5.245528,1.640843,OverRange,OverRange,OverRange,19.647452,23.090886,148.56738
2026/06/05 14:44:00.257,n,152.8052,6.320768,4.861309,1.634461,OverRange,OverRange,OverRange,19.566488,23.065568,149.16942
2026/06/05 14:45:00.259,n,153.62748,3.43902,4.880359,1.324783,OverRange,OverRange,OverRange,19.501456,23.049796,150.10274
2026/06/05 14:46:00.263,n,153.74758,6.158427,4.101988,1.034223,OverRange,OverRange,OverRange,19.484746,23.03085,149.45924
2026/06/05 14:47:00.264,n,151.89092,5.942551,5.858886,0.091259,OverRange,OverRange,OverRange,19.492972,23.013964,146.92152
2026/06/05 14:48:00.265,n,149.73214,6.466667,4.171806,1.150162,OverRange,OverRange,OverRange,19.415674,22.995018,142.40322
2026/06/05 14:49:00.268,n,145.62804,5.323036,4.78947,1.343046,OverRange,OverRange,OverRange,19.506662,22.980286,136.4886
2026/06/05 14:50:00.273,n,141.59066,3.270529,5.297532,1.587562,OverRange,OverRange,OverRange,19.5017,22.969704,131.31184
2026/06/05 14:51:00.272,n,138.0361,6.380622,5.245754,1.318401,OverRange,OverRange,OverRange,19.461318,22.954972,126.95232
2026/06/05 14:52:00.258,n,134.69848,3.225328,4.41667,1.467159,OverRange,OverRange,OverRange,19.266074,22.943378,123.11316
2026/06/05 14:53:00.262,n,131.13978,5.956357,4.418469,1.115499,OverRange,OverRange,OverRange,19.171762,22.926488,119.59816
2026/06/05 14:54:00.262,n,128.24992,3.761354,4.075082,0.951998,OverRange,OverRange,OverRange,19.055466,22.905424,117.02996
2026/06/05 14:55:00.264,n,126.02762,4.586566,4.003076,0.961061,OverRange,OverRange,OverRange,18.93862,22.880112,115.29434
2026/06/05 14:56:00.266,n,124.14058,5.968877,5.290882,1.144567,OverRange,OverRange,OverRange,18.897172,22.853752,113.94352
2026/06/05 14:57:00.269,n,122.13166,6.063843,5.228311,1.037006,OverRange,OverRange,OverRange,18.866446,22.82638,111.94536
2026/06/05 14:58:00.269,n,120.42112,5.197251,5.304953,1.275704,OverRange,OverRange,OverRange,18.785746,22.797934,110.02272
2026/06/05 14:59:00.271,n,119.10154,4.665014,5.778746,0.624883,OverRange,OverRange,OverRange,18.645294,22.769454,108.6574
2026/06/05 15:00:00.273,n,117.54834,3.308173,4.606168,1.435061,OverRange,OverRange,OverRange,18.507288,22.738818,106.78346
2026/06/05 15:01:00.261,n,115.76534,6.366288,4.845714,1.51998,OverRange,OverRange,OverRange,18.413752,22.698742,105.07736
2026/06/05 15:02:00.264,n,114.62526,3.679231,4.864027,1.498921,OverRange,OverRange,OverRange,18.306428,22.664972,103.78696
2026/06/05 15:03:00.264,n,113.74294,6.301568,5.390688,1.169623,OverRange,OverRange,OverRange,18.401504,22.637572,102.69218
2026/06/05 15:04:00.270,n,113.02726,3.571625,3.535459,0.141964,OverRange,OverRange,OverRange,18.385004,22.617974,101.80628
2026/06/05 15:05:00.266,n,112.71806,6.03042,5.066549,1.15354,OverRange,OverRange,OverRange,18.435862,22.583128,101.32678
2026/06/05 15:06:00.269,n,111.89604,4.172842,4.505748,1.269724,OverRange,OverRange,OverRange,18.366578,22.556738,100.23252
2026/06/05 15:07:00.274,n,110.47204,5.729505,3.946254,0.882513,OverRange,OverRange,OverRange,18.336568,22.52509,98.343912
2026/06/05 15:08:00.272,n,108.5814,2.885285,4.664226,1.444923,OverRange,OverRange,OverRange,18.352548,22.497626,95.582296
2026/06/05 15:09:00.278,n,106.07874,6.366885,5.421377,1.244219,OverRange,OverRange,OverRange,18.394354,22.472314,92.530576
2026/06/05 15:10:00.262,n,103.29526,3.253048,5.170912,1.515039,OverRange,OverRange,OverRange,18.31752,22.447984,89.258648
2026/06/05 15:11:00.262,n,100.50356,3.354536,4.498083,1.435045,OverRange,OverRange,OverRange,18.229188,22.416276,86.192512
2026/06/05 15:12:00.266,n,98.079168,3.578901,4.349416,1.306088,OverRange,OverRange,OverRange,18.24119,22.394134,83.495056
2026/06/05 15:13:00.267,n,95.6616,5.353789,4.715392,1.356984,OverRange,OverRange,OverRange,18.213166,22.361346,81.056984
2026/06/05 15:14:00.268,n,92.828848,4.264967,4.496316,1.279725,OverRange,OverRange,OverRange,18.019846,22.334956,78.325392
2026/06/05 15:15:00.271,n,89.513424,4.364862,5.713318,0.761069,OverRange,OverRange,OverRange,17.945938,22.300046,75.39304
2026/06/05 15:16:00.272,n,86.01824,3.373361,3.583859,0.15604,OverRange,OverRange,OverRange,17.74093,22.267294,72.91444
2026/06/05 15:17:00.275,n,83.276064,3.032306,4.742953,1.737342,OverRange,OverRange,OverRange,17.76423,22.226052,71.116872
2026/06/05 15:18:00.278,n,81.875272,6.145369,6.085088,0.152694,OverRange,OverRange,OverRange,17.664224,22.180626,70.833424
2026/06/05 15:19:00.262,n,81.979584,5.975612,5.438415,1.315257,OverRange,OverRange,OverRange,17.581162,22.141472,71.750648
2026/06/05 15:20:00.263,n,82.83728,4.699743,4.630457,1.277469,OverRange,OverRange,OverRange,17.440928,22.097026,73.239696
2026/06/05 15:21:00.265,n,83.917312,6.469854,4.627243,1.135267,OverRange,OverRange,OverRange,17.42862,22.049418,74.61892
2026/06/05 15:22:00.266,n,84.976568,3.640216,3.917339,0.514759,OverRange,OverRange,OverRange,17.40329,22.007064,75.624704
2026/06/05 15:23:00.269,n,86.214416,3.937622,4.521954,1.460784,OverRange,OverRange,OverRange,17.324426,22.002234,77.170296
2026/06/05 15:24:00.272,n,88.741552,3.318511,4.824435,1.348271,OverRange,OverRange,OverRange,17.239172,21.942934,79.73312
2026/06/05 15:25:00.273,n,91.541864,3.717598,4.550728,1.382232,OverRange,OverRange,OverRange,17.04975,21.899506,82.729544
2026/06/05 15:26:00.277,n,94.5636,3.610356,3.678331,0.144124,OverRange,OverRange,OverRange,16.978876,21.853956,85.97068
2026/06/05 15:27:00.279,n,97.972416,3.654156,4.036168,1.2921,OverRange,OverRange,OverRange,16.932352,21.797858,89.289368
2026/06/05 15:28:00.264,n,101.68366,3.548639,4.19384,1.202113,OverRange,OverRange,OverRange,16.917532,21.7512,92.727168
2026/06/05 15:29:00.268,n,105.4026,6.502915,4.482844,1.107765,OverRange,OverRange,OverRange,16.883596,21.706726,96.507784
2026/06/05 15:30:00.268,n,109.2873,6.106724,5.263832,1.395129,OverRange,OverRange,OverRange,16.80487,21.648384,100.51008
2026/06/05 15:31:00.269,n,112.77682,3.613416,4.757657,1.554983,OverRange,OverRange,OverRange,16.668504,21.601756,104.24812
2026/06/05 15:32:00.271,n,115.33734,3.274001,4.296785,0.865244,OverRange,OverRange,OverRange,16.579438,21.550826,106.9193
2026/06/05 15:33:00.273,n,116.77366,5.794543,4.682319,1.359476,OverRange,OverRange,OverRange,16.640834,21.503122,108.32216
2026/06/05 15:34:00.276,n,116.92608,5.920576,5.128238,1.325681,OverRange,OverRange,OverRange,16.555762,21.453236,108.7533
2026/06/05 15:35:00.276,n,115.8748,6.211556,5.650349,1.328875,OverRange,OverRange,OverRange,16.523042,21.406548,108.07114
2026/06/05 15:36:00.279,n,113.80298,3.778845,4.432477,1.525787,OverRange,OverRange,OverRange,16.443726,21.396918,106.73484
2026/06/05 15:37:00.264,n,111.69666,6.40778,4.892739,1.688987,OverRange,OverRange,OverRange,16.497966,21.35023,105.06516
2026/06/05 15:38:00.266,n,109.6912,5.654518,4.979639,1.480636,OverRange,OverRange,OverRange,16.37411,21.301324,103.7042
2026/06/05 15:39:00.269,n,108.67786,6.089113,5.246294,1.583681,OverRange,OverRange,OverRange,16.37086,21.254638,103.96298
2026/06/05 15:40:00.271,n,106.12366,3.290382,5.163845,1.626419,OverRange,OverRange,OverRange,16.308524,21.210012,101.26364
2026/06/05 15:41:00.272,n,103.44922,6.560362,5.34648,1.791562,OverRange,OverRange,OverRange,16.250006,21.17175,97.905784
2026/06/05 15:42:00.276,n,100.27634,3.19373,4.47566,1.649462,OverRange,OverRange,OverRange,16.164832,21.11808,94.2116
2026/06/05 15:43:00.276,n,96.673,6.667979,5.251136,1.709121,OverRange,OverRange,OverRange,16.195664,21.08109,90.115968
2026/06/05 15:44:00.278,n,92.828712,3.119309,4.261357,1.734036,OverRange,OverRange,OverRange,16.144796,21.036762,85.8276
2026/06/05 15:45:00.280,n,88.814568,6.47012,5.057988,1.691376,OverRange,OverRange,OverRange,16.072862,20.995532,81.690328
2026/06/05 15:46:00.266,n,84.822736,6.322709,5.056294,1.530149,OverRange,OverRange,OverRange,16.024238,20.950124,77.47772
2026/06/05 15:47:00.267,n,80.753152,5.760391,4.900856,1.418584,OverRange,OverRange,OverRange,15.963574,20.898352,73.091392
2026/06/05 15:48:00.269,n,76.53384,6.345566,5.077306,1.586537,OverRange,OverRange,OverRange,15.951788,20.855002,68.712584
2026/06/05 15:49:00.273,n,72.553048,3.687236,4.841186,1.666364,OverRange,OverRange,OverRange,15.912918,20.821278,64.546052
2026/06/05 15:50:00.274,n,69.20376,6.55462,5.062046,1.634581,OverRange,OverRange,OverRange,15.956768,20.770522,61.098784
2026/06/05 15:51:00.275,n,65.945808,6.440118,5.214516,1.650436,OverRange,OverRange,OverRange,15.916418,20.73037,58.022244
2026/06/05 15:52:00.277,n,62.699152,2.988968,4.042349,1.327793,OverRange,OverRange,OverRange,15.89734,20.681704,54.923856
2026/06/05 15:53:00.280,n,59.81674,3.221711,4.723385,1.911421,OverRange,OverRange,OverRange,15.939458,20.634114,52.355748
2026/06/05 15:54:00.281,n,57.440228,5.70098,4.982407,1.487757,OverRange,OverRange,OverRange,15.912648,20.582246,50.268004
2026/06/05 15:55:00.266,n,54.854312,6.056561,4.869509,1.672861,OverRange,OverRange,OverRange,15.863974,20.542034,48.384944
2026/06/05 15:56:00.268,n,52.414548,3.163509,4.638483,1.704126,OverRange,OverRange,OverRange,15.807552,20.4997,46.349504
2026/06/05 15:57:00.271,n,49.813368,2.922392,5.254169,1.825789,OverRange,OverRange,OverRange,15.867238,20.445714,44.451428
2026/06/05 15:58:00.275,n,47.402468,3.495435,4.792609,1.576334,OverRange,OverRange,OverRange,15.807796,20.396986,42.654116
2026/06/05 15:59:00.274,n,45.382112,5.354562,4.81573,1.489626,OverRange,OverRange,OverRange,15.756634,20.357852,41.282484
2026/06/05 16:00:00.278,n,43.663256,5.966245,6.179474,0.146732,OverRange,OverRange,OverRange,15.786992,20.310134,40.220904
2026/06/05 16:01:00.280,n,42.510864,3.056087,4.312118,1.723584,OverRange,OverRange,OverRange,15.585948,20.311668,39.864856
2026/06/05 16:02:00.281,n,42.0119,3.082317,4.856985,1.814806,OverRange,OverRange,OverRange,15.62117,20.26509,40.140108
2026/06/05 16:03:00.283,n,41.304452,3.477758,4.684203,1.566055,OverRange,OverRange,OverRange,15.58073,20.222664,39.988064
2026/06/05 16:04:00.268,n,40.867844,3.370546,4.756316,1.49266,OverRange,OverRange,OverRange,15.522732,20.168584,40.234556
2026/06/05 16:05:00.272,n,40.75712,6.540742,5.102221,1.574392,OverRange,OverRange,OverRange,15.482056,20.114506,40.602296
2026/06/05 16:06:00.274,n,41.118028,3.211357,4.565098,1.637847,OverRange,OverRange,OverRange,15.420518,20.068946,41.246304
2026/06/05 16:07:00.274,n,41.991628,3.513282,5.074673,1.516575,OverRange,OverRange,OverRange,15.41273,20.022212,42.544652
2026/06/05 16:08:00.278,n,43.3216,3.862989,4.485639,1.209804,OverRange,OverRange,OverRange,15.374054,19.97238,44.193588
2026/06/05 16:09:00.263,n,45.095872,5.963954,5.882514,1.031035,OverRange,OverRange,OverRange,15.36551,19.926726,46.296432
2026/06/05 16:10:00.280,n,46.831784,3.456356,4.745245,1.595496,OverRange,OverRange,OverRange,15.285086,19.893178,48.266432
2026/06/05 16:11:00.283,n,49.262064,5.193289,4.256223,1.314946,OverRange,OverRange,OverRange,15.337092,19.844354,50.537872
2026/06/05 16:12:00.284,n,51.622928,6.103534,4.89423,1.582659,OverRange,OverRange,OverRange,15.284068,19.797624,52.84866
2026/06/05 16:13:00.271,n,54.136088,3.138659,4.731157,1.686213,OverRange,OverRange,OverRange,15.219442,19.752986,54.9922
2026/06/05 16:14:00.387,n,55.995424,6.812416,4.368531,1.250596,OverRange,OverRange,OverRange,15.184764,19.70733,56.85316
2026/06/05 16:15:00.259,n,57.690796,4.379061,4.966408,1.623585,OverRange,OverRange,OverRange,15.1176,19.666932,58.384692
2026/06/05 16:16:00.349,n,59.012424,6.334886,4.669332,1.524376,OverRange,OverRange,OverRange,15.08365,19.620204,59.973308
2026/06/05 16:17:00.453,n,60.078476,3.736291,4.497754,1.267545,OverRange,OverRange,OverRange,15.001134,19.590412,61.217728
2026/06/05 16:18:00.269,n,61.010968,3.057799,5.176996,1.475819,OverRange,OverRange,OverRange,15.046936,19.542574,62.80838
2026/06/05 16:19:00.266,n,61.428208,3.574974,4.035609,0.434743,OverRange,OverRange,OverRange,14.974992,19.508542,64.123192
2026/06/05 16:20:00.268,n,61.552144,6.311635,5.211038,1.496865,OverRange,OverRange,OverRange,15.013458,19.470234,65.170356
2026/06/05 16:21:00.271,n,62.072912,6.401932,5.521451,1.230298,OverRange,OverRange,OverRange,14.973964,19.443702,66.884896
2026/06/05 16:22:00.272,n,62.790496,6.348809,5.729833,1.265091,OverRange,OverRange,OverRange,14.988556,19.410718,68.805504
2026/06/05 16:23:00.257,n,63.787272,4.276701,5.017386,1.398082,OverRange,OverRange,OverRange,14.902496,19.379816,70.891032
2026/06/05 16:24:00.260,n,64.29278,4.012476,4.927061,1.236687,OverRange,OverRange,OverRange,14.901994,19.35009,71.375832
2026/06/05 16:25:00.262,n,65.468408,6.837101,5.273527,1.690522,OverRange,OverRange,OverRange,14.929672,19.31283,72.356264
2026/06/05 16:26:00.264,n,67.610632,3.611516,4.801562,1.407044,OverRange,OverRange,OverRange,14.879074,19.2926,75.230672
2026/06/05 16:27:00.266,n,69.110744,6.032035,5.481589,0.98057,OverRange,OverRange,OverRange,14.93598,19.255338,76.238168
2026/06/05 16:28:00.270,n,72.511224,6.346588,5.596664,1.319222,OverRange,OverRange,OverRange,14.89797,19.230868,81.103056
2026/06/05 16:29:00.270,n,75.187584,6.440343,5.053707,1.549617,OverRange,OverRange,OverRange,14.926662,19.195726,85.139048
2026/06/05 16:30:00.273,n,76.788528,6.216466,5.028824,1.609824,OverRange,OverRange,OverRange,14.95108,19.173346,87.304432
2026/06/05 16:31:00.257,n,77.870752,3.038937,5.308702,1.172759,OverRange,OverRange,OverRange,14.951076,19.145676,88.70636
2026/06/05 16:32:00.259,n,78.087448,4.083133,5.083915,1.407628,OverRange,OverRange,OverRange,14.95837,19.121174,88.4428
2026/06/05 16:33:00.264,n,78.09052,3.258721,4.637428,1.607559,OverRange,OverRange,OverRange,14.950558,19.09667,88.19476
2026/06/05 16:34:00.265,n,78.52444,6.22009,5.06905,1.49184,OverRange,OverRange,OverRange,14.981268,19.066852,89.351648
2026/06/05 16:35:00.266,n,78.061656,6.634878,4.865373,1.871766,OverRange,OverRange,OverRange,14.949276,19.047666,89.17008
2026/06/05 16:36:00.268,n,77.34972,6.096383,5.253367,1.479509,OverRange,OverRange,OverRange,14.977986,19.069362,88.983312
2026/06/05 16:37:00.270,n,77.141488,5.472142,4.661699,1.728869,OverRange,OverRange,OverRange,15.01473,19.039546,89.761712
2026/06/05 16:38:00.275,n,76.504464,4.803177,4.932999,1.543082,OverRange,OverRange,OverRange,15.034114,19.013996,90.198384
2026/06/05 16:39:00.274,n,77.222176,2.942815,4.795607,1.892024,OverRange,OverRange,OverRange,14.988318,19.002286,94.229848
2026/06/05 16:40:00.259,n,78.376896,4.695665,4.806166,1.529112,OverRange,OverRange,OverRange,14.976742,18.976674,100.91886
2026/06/05 16:41:00.262,n,81.41288,3.215643,4.341178,1.724544,OverRange,OverRange,OverRange,14.962388,18.954292,113.292
2026/06/05 16:42:00.264,n,87.055688,6.53035,4.745752,1.243301,OverRange,OverRange,OverRange,15.053498,18.92976,133.08782
2026/06/05 16:43:00.265,n,93.216696,6.508704,5.111785,1.610521,OverRange,OverRange,OverRange,15.030066,18.914816,153.492
2026/06/05 16:44:00.269,n,96.183016,3.421419,4.370565,1.428202,OverRange,OverRange,OverRange,15.05801,18.903102,164.65084
2026/06/05 16:45:00.271,n,93.16448,3.643857,4.365737,1.420369,OverRange,OverRange,OverRange,15.11461,18.896678,160.61572
2026/06/05 16:46:00.274,n,90.87136,3.033804,4.502885,1.752186,OverRange,OverRange,OverRange,15.119634,18.890316,159.2975
2026/06/05 16:47:00.275,n,89.278752,3.616931,4.939589,1.465775,OverRange,OverRange,OverRange,15.16039,18.884966,158.1696
2026/06/05 16:48:00.275,n,92.227352,3.191513,4.43796,1.677349,OverRange,OverRange,OverRange,15.15585,18.891362,168.57354
2026/06/05 16:49:00.261,n,86.6282,3.963019,5.403626,1.674698,OverRange,OverRange,OverRange,15.15913,18.888162,153.58858
2026/06/05 16:50:00.263,n,74.861576,3.080408,4.561664,1.731751,OverRange,OverRange,OverRange,15.164876,18.89459,122.73818
2026/06/05 16:51:00.265,n,68.204936,6.405737,5.264716,1.745381,OverRange,OverRange,OverRange,15.18276,18.89772,107.289
2026/06/05 16:52:00.266,n,68.820008,6.124797,5.312884,1.534136,OverRange,OverRange,OverRange,15.174704,18.903102,112.69704
2026/06/05 16:53:00.268,n,70.957256,3.907978,4.398536,1.4959,OverRange,OverRange,OverRange,15.143758,18.906302,123.36292
2026/06/05 16:54:00.270,n,76.070168,3.792763,4.303392,1.145661,OverRange,OverRange,OverRange,15.154592,18.905256,142.55244
2026/06/05 16:55:00.272,n,79.204176,6.023397,4.497297,1.333553,OverRange,OverRange,OverRange,15.22224,18.910544,154.62704
2026/06/05 16:56:00.274,n,79.036352,6.580531,4.823408,1.494724,OverRange,OverRange,OverRange,15.228262,18.91697,157.40742
2026/06/05 16:57:00.276,n,75.293304,6.352142,4.490322,1.519569,OverRange,OverRange,OverRange,15.269506,18.923332,150.20916
2026/06/05 16:58:00.266,n,54.197032,6.571375,4.308656,1.262398,OverRange,OverRange,OverRange,15.208898,18.930836,90.321752
2026/06/05 16:59:00.264,n,43.586024,6.842445,5.684287,1.322602,OverRange,OverRange,OverRange,15.253668,18.937196,61.975296
2026/06/05 17:00:00.266,n,40.080844,3.47341,4.7895,1.686397,OverRange,OverRange,OverRange,15.175456,18.945746,54.610808
2026/06/05 17:01:00.268,n,37.65108,3.317139,4.727217,1.378172,OverRange,OverRange,OverRange,15.19608,18.934032,51.473348
2026/06/05 17:02:00.271,n,36.429652,3.206059,4.947757,1.669735,OverRange,OverRange,OverRange,15.19481,18.922286,51.588792
2026/06/05 17:03:00.271,n,36.24554,3.569651,4.359669,1.711218,OverRange,OverRange,OverRange,15.146022,18.914816,55.601488
2026/06/05 17:04:00.274,n,38.492992,3.773828,4.805181,1.776526,OverRange,OverRange,OverRange,15.143754,18.891362,67.580288
2026/06/05 17:05:00.276,n,38.839916,3.736077,4.281061,1.310363,OverRange,OverRange,OverRange,15.141018,18.868978,72.084176
2026/06/05 17:06:00.279,n,39.579696,4.448453,4.983121,1.344537,OverRange,OverRange,OverRange,15.15559,18.85084,77.333016
2026/06/05 17:07:00.264,n,41.56618,3.808427,5.584505,1.063407,OverRange,OverRange,OverRange,15.140518,18.82846,87.103416
2026/06/05 17:08:00.265,n,42.815068,6.869578,5.41963,1.729049,OverRange,OverRange,OverRange,15.169674,18.811366,96.358216
2026/06/05 17:09:00.267,n,38.612184,2.949645,4.830338,1.807501,OverRange,OverRange,OverRange,15.126928,18.791106,85.938344
2026/06/05 17:10:00.270,n,32.46323,3.679041,4.31535,1.401933,OverRange,OverRange,OverRange,15.09673,18.780406,68.411992
2026/06/05 17:11:00.272,n,28.43368,2.943511,5.033136,1.584344,OverRange,OverRange,OverRange,15.083684,18.765498,58.13922
2026/06/05 17:12:00.275,n,25.748984,3.313232,5.052376,1.584699,OverRange,OverRange,OverRange,15.039654,18.74948,51.481964
2026/06/05 17:13:00.276,n,22.275232,5.25441,5.339041,1.005208,OverRange,OverRange,OverRange,15.061534,18.731342,40.05572
2026/06/05 17:14:00.277,n,23.129204,3.011659,4.703993,1.679164,OverRange,OverRange,OverRange,14.983288,18.708962,38.170956
2026/06/05 17:15:00.282,n,22.861184,6.60832,5.4843,1.43414,OverRange,OverRange,OverRange,14.985546,18.68332,36.489428
2026/06/05 17:16:00.269,n,20.399728,3.676809,4.27588,1.168729,OverRange,OverRange,OverRange,14.883636,18.659864,32.351906
2026/06/05 17:17:00.268,n,17.811128,3.806799,3.767428,0.159268,OverRange,OverRange,OverRange,14.86173,18.631026,26.48337
2026/06/05 17:18:00.270,n,15.112446,6.368297,4.81833,1.310966,OverRange,OverRange,OverRange,14.854936,18.60111,20.695718
2026/06/05 17:19:00.270,n,12.8913,6.752978,4.74199,1.457195,OverRange,OverRange,OverRange,14.774358,18.569074,17.353824
2026/06/05 17:20:00.275,n,11.385556,3.497191,4.598713,1.447562,OverRange,OverRange,OverRange,14.732804,18.577918,15.352254
2026/06/05 17:21:00.276,n,10.863888,3.864353,4.488715,1.459303,OverRange,OverRange,OverRange,14.750662,18.53835,14.384702
2026/06/05 17:22:00.278,n,10.196722,6.207508,5.394783,1.249286,OverRange,OverRange,OverRange,14.750408,18.499918,13.25555
2026/06/05 17:23:00.280,n,9.749336,3.655305,4.58873,1.526763,OverRange,OverRange,OverRange,14.655188,18.45399,12.411288
2026/06/05 17:24:00.281,n,9.034956,6.4237,4.056957,1.16345,OverRange,OverRange,OverRange,14.662756,18.413832,11.726068
2026/06/05 17:25:00.268,n,8.90627,2.891842,5.678776,1.367025,OverRange,OverRange,OverRange,14.62673,18.374558,11.252104
2026/06/05 17:26:00.270,n,8.4848,3.575565,4.382759,1.592761,OverRange,OverRange,OverRange,14.563492,18.334144,10.991956
2026/06/05 17:27:00.271,n,8.089377,3.508038,4.591706,1.429898,OverRange,OverRange,OverRange,14.537786,18.293828,10.354686
2026/06/05 17:28:00.273,n,7.714482,3.593019,4.393581,1.442523,OverRange,OverRange,OverRange,14.495698,18.252402,9.886524
2026/06/05 17:29:00.275,n,7.181776,6.175967,5.141129,1.544095,OverRange,OverRange,OverRange,14.505754,18.21626,9.270242
2026/06/05 17:30:00.277,n,6.648686,3.10436,4.709519,1.61037,OverRange,OverRange,OverRange,14.410726,18.181162,8.473248
2026/06/05 17:31:00.280,n,5.456257,6.390144,4.622493,1.408967,OverRange,OverRange,OverRange,14.419576,18.149326,7.30263
2026/06/05 17:32:00.281,n,4.304755,6.008963,5.239346,1.426596,OverRange,OverRange,OverRange,14.35753,18.111034,5.761202
2026/06/05 17:33:00.283,n,3.272189,2.873804,5.614271,1.345078,OverRange,OverRange,OverRange,14.339128,18.078092,4.530431
2026/06/05 17:34:00.269,n,2.474926,6.693809,5.224598,1.517211,OverRange,OverRange,OverRange,14.333572,18.076232,3.659634
2026/06/05 17:35:00.270,n,2.205622,3.892312,4.220831,1.2568,OverRange,OverRange,OverRange,14.303224,18.039014,3.173639
2026/06/05 17:36:00.274,n,1.706147,3.525828,4.379011,1.22577,OverRange,OverRange,OverRange,14.34963,17.998638,2.626213
2026/06/05 17:37:00.260,n,1.349983,6.763844,4.847664,1.530663,OverRange,OverRange,OverRange,14.357188,17.966674,2.140987
2026/06/05 17:38:00.260,n,1.022687,3.314968,5.697024,1.230227,OverRange,OverRange,OverRange,14.303494,17.926296,1.577519
2026/06/05 17:39:00.279,n,0.572736,2.823072,5.255419,1.610061,OverRange,OverRange,OverRange,14.296666,17.890092,1.220105
2026/06/05 17:40:00.266,n,0.15178,3.149907,4.955423,1.387393,OverRange,OverRange,OverRange,14.270172,17.857086,0.790765
2026/06/05 17:41:00.268,n,-0.374254,3.752504,4.402206,1.591165,OverRange,OverRange,OverRange,14.226782,17.826232,0.2953
2026/06/05 17:42:00.270,n,-0.698599,6.26712,5.442137,1.318016,OverRange,OverRange,OverRange,14.271708,17.78579,-0.048719
2026/06/05 17:43:00.273,n,-0.982272,3.127664,5.707858,1.265713,OverRange,OverRange,OverRange,14.180618,17.753828,-0.51927
2026/06/05 17:44:00.274,n,-1.502918,6.419811,4.461534,1.348769,OverRange,OverRange,OverRange,14.217204,17.741012,-0.915932
2026/06/05 17:45:00.260,n,-1.253501,3.860831,3.755589,0.22344,OverRange,OverRange,OverRange,14.157044,17.70269,-0.932911
2026/06/05 17:46:00.260,n,-1.449673,3.626927,4.584997,1.417101,OverRange,OverRange,OverRange,14.155264,17.66538,-1.201164
2026/06/05 17:47:00.265,n,-1.718592,5.059866,5.093327,1.277088,OverRange,OverRange,OverRange,14.157528,17.630256,-1.461908
2026/06/05 17:48:00.263,n,-2.043065,5.505303,5.383089,1.084955,OverRange,OverRange,OverRange,14.141394,17.599338,-1.755501
2026/06/05 17:49:00.265,n,-2.236286,4.662508,5.429168,1.330082,OverRange,OverRange,OverRange,14.104274,17.558804,-2.061125
2026/06/05 17:50:00.268,n,-2.452602,3.325666,5.467042,1.391596,OverRange,OverRange,OverRange,14.07779,17.524756,-2.300454
2026/06/05 17:51:00.274,n,-2.713181,3.792079,3.636742,0.13241,OverRange,OverRange,OverRange,14.02678,17.486372,-2.411287
2026/06/05 17:52:00.272,n,-2.926674,6.143482,5.766756,1.115686,OverRange,OverRange,OverRange,14.100994,17.449032,-2.704965
2026/06/05 17:53:00.258,n,-3.116559,6.376213,5.82816,1.335731,OverRange,OverRange,OverRange,14.029298,17.424508,-2.998985
2026/06/05 17:54:00.259,n,-3.289252,5.670575,4.568978,1.128997,OverRange,OverRange,OverRange,13.980306,17.382898,-3.150602
2026/06/05 17:55:00.263,n,-3.461946,6.449889,5.782143,1.357886,OverRange,OverRange,OverRange,13.995956,17.346698,-3.358959
2026/06/05 17:56:00.265,n,-3.614111,6.254256,5.409498,1.599366,OverRange,OverRange,OverRange,13.944168,17.31572,-3.54991
2026/06/05 17:57:00.266,n,-3.833505,6.578226,4.20893,1.168502,OverRange,OverRange,OverRange,13.90327,17.275154,-3.627809
2026/06/05 17:58:00.267,n,-3.886109,6.508088,5.074828,1.108774,OverRange,OverRange,OverRange,13.917924,17.234622,-3.8069
2026/06/05 17:59:00.272,n,-4.018002,6.507112,4.659091,1.338467,OverRange,OverRange,OverRange,13.882812,17.200448,-3.841882
2026/06/05 18:00:00.273,n,-4.015051,6.82434,4.533069,1.636036,OverRange,OverRange,OverRange,13.88206,17.168426,-3.914065
2026/06/05 18:01:00.260,n,-3.974123,3.1353,4.776863,1.775732,OverRange,OverRange,OverRange,13.838826,17.12574,-3.984028
2026/06/05 18:02:00.259,n,-4.026599,3.711919,4.330996,1.308484,OverRange,OverRange,OverRange,13.791352,17.125154,-3.929508
2026/06/05 18:03:00.261,n,-3.843128,3.033561,4.910966,1.876736,OverRange,OverRange,OverRange,13.842774,17.08883,-3.873622
2026/06/05 18:04:00.264,n,-3.936788,2.958271,4.883071,1.91329,OverRange,OverRange,OverRange,13.790706,17.06108,-3.894867
2026/06/05 18:05:00.265,n,-4.053798,5.393178,5.07285,1.523763,OverRange,OverRange,OverRange,13.807912,17.032222,-3.924132
2026/06/05 18:06:00.268,n,-4.132703,3.028325,5.072859,1.497371,OverRange,OverRange,OverRange,13.77708,17.00767,-4.231974
2026/06/05 18:07:00.270,n,-4.179533,4.618863,4.673419,1.594063,OverRange,OverRange,OverRange,13.75763,16.986278,-4.247332
2026/06/05 18:08:00.336,n,-4.182484,3.01997,5.30601,1.73898,OverRange,OverRange,OverRange,13.726782,16.9628,-4.333166
2026/06/05 18:09:00.342,n,-4.171065,3.40751,5.806731,1.18916,OverRange,OverRange,OverRange,13.757116,16.943532,-4.426509
2026/06/05 18:10:00.322,n,-4.161828,6.181156,5.849726,1.017227,OverRange,OverRange,OverRange,13.751822,16.921096,-4.372073
2026/06/05 18:11:00.309,n,-4.0801,4.852524,5.430342,1.226004,OverRange,OverRange,OverRange,13.713684,16.901862,-4.405178
2026/06/05 18:12:00.312,n,-4.106402,6.348437,5.740953,1.347288,OverRange,OverRange,OverRange,13.765228,16.875156,-4.385639
2026/06/05 18:13:00.490,n,-4.141556,3.699029,3.600927,0.250278,OverRange,OverRange,OverRange,13.660344,16.863356,-4.379837
2026/06/05 18:14:00.484,n,-4.121028,3.839625,4.954108,1.483855,OverRange,OverRange,OverRange,13.704306,16.833456,-4.428556
2026/06/05 18:15:00.465,n,-4.220589,6.662875,4.348778,1.178642,OverRange,OverRange,OverRange,13.703558,16.820576,-4.350743
2026/06/05 18:16:00.430,n,-4.223669,6.252659,4.949579,1.524774,OverRange,OverRange,OverRange,13.657558,16.804568,-4.432396
2026/06/05 18:17:00.393,n,-4.0801,3.846275,4.908379,1.454551,OverRange,OverRange,OverRange,13.667898,16.790646,-4.44801
2026/06/05 18:18:00.395,n,-3.998115,6.587963,5.298005,1.336651,OverRange,OverRange,OverRange,13.710384,16.763908,-4.339054
2026/06/05 18:19:00.262,n,-3.84903,4.503212,3.834733,0.384052,OverRange,OverRange,OverRange,13.633016,16.744672,-4.334958
2026/06/05 18:20:00.265,n,-3.840177,5.767924,4.943175,1.57057,OverRange,OverRange,OverRange,13.710374,16.729706,-4.370196
2026/06/05 18:21:00.265,n,-3.837098,5.190473,3.984226,1.196009,OverRange,OverRange,OverRange,13.685848,16.730262,-4.338969
2026/06/05 18:22:00.267,n,-3.284249,4.393554,4.58379,1.055835,OverRange,OverRange,OverRange,13.755072,16.710992,-4.033345
2026/06/05 18:23:00.268,n,-3.281298,3.855043,3.699816,0.176245,OverRange,OverRange,OverRange,13.70276,16.69495,-4.10348
2026/06/05 18:24:00.270,n,-3.292973,3.665813,4.108133,0.753152,OverRange,OverRange,OverRange,13.720698,16.676758,-3.920379
2026/06/05 18:25:00.273,n,-3.331079,3.532903,4.445763,1.519893,OverRange,OverRange,OverRange,13.747972,16.664986,-4.03343
2026/06/05 18:26:00.275,n,-3.445138,6.516361,4.617842,1.497141,OverRange,OverRange,OverRange,13.786148,16.652142,-4.078138
2026/06/05 18:27:00.280,n,-3.281298,3.926258,3.741784,0.237524,OverRange,OverRange,OverRange,13.719952,16.636102,-4.183511
2026/06/05 18:28:00.265,n,-3.386761,3.774744,5.250825,1.262343,OverRange,OverRange,OverRange,13.791458,16.617876,-4.09964
2026/06/05 18:29:00.266,n,-3.416142,3.648187,4.378896,0.906396,OverRange,OverRange,OverRange,13.746216,16.603988,-4.212521
2026/06/05 18:30:00.268,n,-3.433463,3.343837,4.770917,1.266041,OverRange,OverRange,OverRange,13.788952,16.59864,-4.255438
2026/06/05 18:31:00.269,n,-3.524043,6.505192,4.920926,1.399709,OverRange,OverRange,OverRange,13.819504,16.57722,-4.271052
2026/06/05 18:32:00.272,n,-3.568179,3.781674,4.53819,1.401898,OverRange,OverRange,OverRange,13.754802,16.582338,-4.446303
2026/06/05 18:33:00.276,n,-3.296566,6.043849,5.021851,1.504611,OverRange,OverRange,OverRange,13.887634,16.572882,-4.05331
2026/06/05 18:34:00.275,n,-3.474647,4.556102,4.811284,1.577488,OverRange,OverRange,OverRange,13.805538,16.555768,-4.224381
2026/06/05 18:35:00.277,n,-3.553681,3.389599,4.541922,1.62402,OverRange,OverRange,OverRange,13.816906,16.54077,-4.220627
2026/06/05 18:36:00.279,n,-3.743823,6.188476,4.997442,1.180376,OverRange,OverRange,OverRange,13.846508,16.527924,-4.238203
2026/06/05 18:37:00.267,n,-3.673514,3.836824,5.008209,1.429096,OverRange,OverRange,OverRange,13.763336,16.517198,-4.292639
2026/06/05 18:38:00.267,n,-3.837611,3.648255,4.265289,1.032777,OverRange,OverRange,OverRange,13.778006,16.506472,-4.187522
2026/06/05 18:39:00.269,n,-3.83466,3.406068,4.560208,1.209443,OverRange,OverRange,OverRange,13.809846,16.4904,-4.144604
2026/06/05 18:40:00.272,n,-3.799505,3.672828,4.617934,1.428942,OverRange,OverRange,OverRange,13.764604,16.482934,-4.20689
2026/06/05 18:41:00.276,n,-3.758577,3.897741,5.065933,1.564352,OverRange,OverRange,OverRange,13.796418,16.47224,-4.142642
2026/06/05 18:42:00.275,n,-3.776155,4.284389,4.945725,1.251335,OverRange,OverRange,OverRange,13.801758,16.463666,-4.236069
2026/06/05 18:43:00.279,n,-3.799377,6.126314,4.753467,1.399628,OverRange,OverRange,OverRange,13.830812,16.45721,-4.146482
2026/06/05 18:44:00.279,n,-3.767302,5.222252,5.40383,1.085356,OverRange,OverRange,OverRange,13.812618,16.455092,-4.302365
2026/06/05 18:45:00.284,n,-3.714699,3.244104,5.778601,1.252404,OverRange,OverRange,OverRange,13.784302,16.450822,-4.312092
2026/06/05 18:46:00.266,n,-3.793604,6.655051,5.462913,1.757663,OverRange,OverRange,OverRange,13.747396,16.442214,-4.201088
2026/06/05 18:47:00.269,n,-3.983874,6.272029,4.636348,1.38999,OverRange,OverRange,OverRange,13.73579,16.43364,-4.292553
2026/06/05 18:48:00.271,n,-3.869814,3.955313,4.814661,1.653235,OverRange,OverRange,OverRange,13.697602,16.435792,-4.315932
2026/06/05 18:49:00.272,n,-3.936916,6.254418,4.763003,1.295312,OverRange,OverRange,OverRange,13.76083,16.430444,-4.277025
2026/06/05 18:50:00.277,n,-3.80823,3.671152,3.923995,1.33397,OverRange,OverRange,OverRange,13.66246,16.418674,-4.220627
2026/06/05 18:51:00.278,n,-3.840433,3.705777,4.533545,1.558626,OverRange,OverRange,OverRange,13.704438,16.409026,-4.216702
2026/06/05 18:52:00.280,n,-4.024802,6.512532,4.185345,1.142765,OverRange,OverRange,OverRange,13.729722,16.398298,-4.255608
2026/06/05 18:53:00.281,n,-3.977972,3.733737,4.006985,1.102855,OverRange,OverRange,OverRange,13.605088,16.397224,-4.349036
2026/06/05 18:54:00.282,n,-4.098062,3.697905,5.324469,1.423814,OverRange,OverRange,OverRange,13.662724,16.382228,-4.424973
2026/06/05 18:55:00.268,n,-4.030704,6.122886,5.183371,1.436536,OverRange,OverRange,OverRange,13.685216,16.373684,-4.343234
2026/06/05 18:56:00.272,n,-3.90484,3.208346,5.026631,1.575236,OverRange,OverRange,OverRange,13.608592,16.362962,-4.504834
2026/06/05 18:57:00.271,n,-3.942818,3.527482,4.572834,1.396326,OverRange,OverRange,OverRange,13.60634,16.352234,-4.306375
2026/06/05 18:58:00.275,n,-4.06573,5.162603,4.518442,1.385484,OverRange,OverRange,OverRange,13.610612,16.337206,-4.436747
2026/06/05 18:59:00.278,n,-4.077662,3.416388,4.880447,1.681211,OverRange,OverRange,OverRange,13.637192,16.327588,-4.466183
2026/06/05 19:00:00.280,n,-4.071889,6.497586,4.624896,1.595776,OverRange,OverRange,OverRange,13.645772,16.310408,-4.428983
2026/06/05 19:01:00.282,n,-3.878539,3.760304,3.789382,0.468556,OverRange,OverRange,OverRange,13.584102,16.299716,-4.38436
2026/06/05 19:02:00.281,n,-3.837611,4.215517,5.113323,1.31879,OverRange,OverRange,OverRange,13.67007,16.287946,-4.210729
2026/06/05 19:03:00.283,n,-3.857883,3.815133,3.736352,0.149385,OverRange,OverRange,OverRange,13.5798,16.272884,-4.191446
2026/06/05 19:04:00.269,n,-3.913565,3.306022,5.285738,1.203166,OverRange,OverRange,OverRange,13.60405,16.271842,-4.183511
2026/06/05 19:05:00.273,n,-4.103964,6.181982,4.700904,1.300443,OverRange,OverRange,OverRange,13.573716,16.284164,-4.337262
2026/06/05 19:06:00.273,n,-3.756011,3.77729,4.157981,1.258945,OverRange,OverRange,OverRange,13.544308,16.272332,-4.102114
2026/06/05 19:07:00.275,n,-3.688782,6.167057,5.441542,1.649023,OverRange,OverRange,OverRange,13.625722,16.265388,-4.05715
2026/06/05 19:08:00.261,n,-3.893294,6.221473,5.657252,1.281832,OverRange,OverRange,OverRange,13.617992,16.251432,-4.34733
2026/06/05 19:09:00.263,n,-3.811438,3.101531,4.845186,1.641147,OverRange,OverRange,OverRange,13.516826,16.24074,-4.271308
2026/06/05 19:10:00.266,n,-3.939995,2.872548,4.4335,1.289613,OverRange,OverRange,OverRange,13.529736,16.225712,-4.216873
2026/06/05 19:11:00.267,n,-4.086643,2.921651,4.312346,1.305429,OverRange,OverRange,OverRange,13.523144,16.21282,-4.312177
2026/06/05 19:12:00.269,n,-4.030832,3.817244,3.699911,0.142297,OverRange,OverRange,OverRange,13.518612,16.206414,-4.197163
2026/06/05 19:13:00.272,n,-3.934478,6.076038,4.199945,0.922697,OverRange,OverRange,OverRange,13.54569,16.194614,-4.10766
2026/06/05 19:14:00.260,n,-3.98118,3.61178,3.920434,1.062808,OverRange,OverRange,OverRange,13.46751,16.183906,-4.166105
2026/06/05 19:15:00.259,n,-3.969248,6.563115,5.410506,1.220459,OverRange,OverRange,OverRange,13.544918,16.175332,-4.158256
2026/06/05 19:16:00.261,n,-3.88149,6.095853,4.878156,1.541223,OverRange,OverRange,OverRange,13.530232,16.165666,-4.181635
2026/06/05 19:17:00.262,n,-3.688397,3.257271,4.768831,1.407827,OverRange,OverRange,OverRange,13.53883,16.15815,-4.119349
2026/06/05 19:18:00.264,n,-3.673771,3.578607,4.554196,1.421007,OverRange,OverRange,OverRange,13.581334,16.152822,-4.135049
2026/06/05 19:19:00.268,n,-3.536488,6.165244,5.376066,1.449434,OverRange,OverRange,OverRange,13.644032,16.155984,-4.061074
2026/06/05 19:20:00.269,n,-3.410241,6.140414,5.20336,1.330141,OverRange,OverRange,OverRange,13.585394,16.151712,-3.998618
2026/06/05 19:21:00.270,n,-3.319532,4.876673,4.703424,1.106901,OverRange,OverRange,OverRange,13.559078,16.16027,-4.037526
2026/06/05 19:22:00.273,n,-3.234853,6.027744,5.680105,1.231951,OverRange,OverRange,OverRange,13.64,16.167816,-3.907068
2026/06/05 19:23:00.258,n,-3.161721,2.958686,4.853719,1.588631,OverRange,OverRange,OverRange,13.560328,16.16889,-3.899474
2026/06/05 19:24:00.261,n,-3.278604,4.080922,4.789422,1.437168,OverRange,OverRange,OverRange,13.571722,16.173178,-3.963551
2026/06/05 19:25:00.262,n,-3.348913,6.769145,4.703351,1.482268,OverRange,OverRange,OverRange,13.607884,16.180694,-3.932323
2026/06/05 19:26:00.263,n,-3.211374,3.063234,4.546126,1.593815,OverRange,OverRange,OverRange,13.591192,16.18283,-3.885567
2026/06/05 19:27:00.267,n,-3.480678,6.296732,5.516011,1.128747,OverRange,OverRange,OverRange,13.668828,16.179586,-4.002458
2026/06/05 19:28:00.267,n,-3.223049,3.775575,4.916291,1.309341,OverRange,OverRange,OverRange,13.567932,16.179586,-3.918928
2026/06/05 19:29:00.269,n,-3.556503,3.932385,4.600053,1.3904,OverRange,OverRange,OverRange,13.602814,16.17851,-4.140765
2026/06/05 19:30:00.271,n,-3.419221,5.465949,5.453722,0.729702,OverRange,OverRange,OverRange,13.678436,16.18925,-4.002543
2026/06/05 19:31:00.258,n,-3.360716,6.589899,4.564011,1.423982,OverRange,OverRange,OverRange,13.615968,16.179586,-3.922596
2026/06/05 19:32:00.261,n,-3.305034,3.944121,4.827239,1.216775,OverRange,OverRange,OverRange,13.585114,16.17851,-3.914917
2026/06/05 19:33:00.260,n,-3.527379,6.208961,4.949896,1.29942,OverRange,OverRange,OverRange,13.670594,16.177434,-3.91287
2026/06/05 19:34:00.263,n,-3.31966,3.617245,4.060159,0.97827,OverRange,OverRange,OverRange,13.577546,16.173178,-3.872086
2026/06/05 19:35:00.266,n,-3.518655,3.484079,5.615181,1.080843,OverRange,OverRange,OverRange,13.671098,16.16889,-3.946231
2026/06/05 19:36:00.267,n,-3.310807,5.639787,4.962548,1.36836,OverRange,OverRange,OverRange,13.653138,16.16674,-3.788214
2026/06/05 19:37:00.269,n,-3.266928,6.307388,5.011003,1.702449,OverRange,OverRange,OverRange,13.650082,16.163482,-3.727977
2026/06/05 19:38:00.271,n,-3.267057,6.227919,5.243102,1.484918,OverRange,OverRange,OverRange,13.665288,16.16242,-3.778573
2026/06/05 19:39:00.273,n,-3.138114,4.095002,4.956085,1.539049,OverRange,OverRange,OverRange,13.616974,16.15383,-3.634293
2026/06/05 19:40:00.258,n,-3.13234,6.418525,4.861648,1.348406,OverRange,OverRange,OverRange,13.669072,16.152822,-3.566292
2026/06/05 19:41:00.261,n,-2.936168,3.721411,4.986064,1.315787,OverRange,OverRange,OverRange,13.633932,16.149594,-3.525422
2026/06/05 19:42:00.262,n,-3.062032,3.72897,4.811198,1.269088,OverRange,OverRange,OverRange,13.648076,16.149594,-3.564329
2026/06/05 19:43:00.265,n,-3.085639,4.364169,4.483804,0.942347,OverRange,OverRange,OverRange,13.641006,16.1442,-3.542999
2026/06/05 19:44:00.266,n,-3.100393,6.157542,5.393921,1.378833,OverRange,OverRange,OverRange,13.689296,16.142062,-3.54479
2026/06/05 19:45:00.268,n,-3.079737,6.317768,5.111395,1.373754,OverRange,OverRange,OverRange,13.629624,16.145274,-3.628662
2026/06/05 19:46:00.270,n,-2.962855,3.503466,4.650875,1.418293,OverRange,OverRange,OverRange,13.583344,16.138804,-3.6267
2026/06/05 19:47:00.274,n,-3.021488,3.840893,4.436178,1.09538,OverRange,OverRange,OverRange,13.638478,16.136718,-3.535149
2026/06/05 19:48:00.274,n,-2.974274,3.575054,4.834018,1.183697,OverRange,OverRange,OverRange,13.656694,16.13776,-3.568425
2026/06/05 19:49:00.260,n,-3.027133,3.894715,4.814135,1.405925,OverRange,OverRange,OverRange,13.648326,16.133472,-3.538989
2026/06/05 19:50:00.263,n,-2.816464,4.243668,4.746486,1.480842,OverRange,OverRange,OverRange,13.635676,16.129186,-3.431909
2026/06/05 19:51:00.395,n,-2.755007,OverRange,OverRange,OverRange,OverRange,OverRange,OverRange,13.639226,16.135642,-3.284046
2026/06/05 19:52:00.432,n,-2.813513,3.092448,4.350527,1.769049,OverRange,OverRange,OverRange,13.6238,16.13776,-3.350171
2026/06/05 19:53:00.268,n,-2.769505,3.830857,3.805827,0.569178,OverRange,OverRange,OverRange,13.641022,16.134582,-3.328755
2026/06/05 19:54:00.270,n,-2.810562,OverRange,OverRange,OverRange,OverRange,OverRange,OverRange,13.707982,16.136718,-3.406654
2026/06/05 19:55:00.274,n,-2.839942,6.32274,5.730414,0.76899,OverRange,OverRange,OverRange,13.67388,16.138804,-3.527214
2026/06/05 19:56:00.275,n,-2.725883,5.763157,5.887343,0.259105,OverRange,OverRange,OverRange,13.695898,16.145274,-3.352133
2026/06/05 19:57:00.276,n,-2.883565,6.094732,5.76053,0.933355,OverRange,OverRange,OverRange,13.68096,16.159226,-3.431909
2026/06/05 19:58:00.261,n,-2.825188,6.181097,6.065083,0.353312,OverRange,OverRange,OverRange,13.668844,16.163482,-3.431909
2026/06/05 19:59:00.266,n,-2.927572,3.69473,4.386164,1.417847,OverRange,OverRange,OverRange,13.617986,16.170994,-3.469025
2026/06/05 20:00:00.266,n,-3.02136,3.209817,4.036668,1.303421,OverRange,OverRange,OverRange,13.619508,16.176374,-3.505969
2026/06/05 20:01:00.267,n,-2.930652,6.489533,4.887007,1.653551,OverRange,OverRange,OverRange,13.653866,16.177434,-3.48643
2026/06/05 20:02:00.269,n,-3.053563,6.751139,4.44588,1.734856,OverRange,OverRange,OverRange,13.644028,16.184948,-3.42807
2026/06/05 20:03:00.271,n,-2.89524,3.734086,4.734196,1.53888,OverRange,OverRange,OverRange,13.600536,16.188142,-3.408616
2026/06/05 20:04:00.274,n,-3.02136,5.783344,5.502022,1.253469,OverRange,OverRange,OverRange,13.66956,16.18599,-3.503921
2026/06/05 20:05:00.274,n,-2.930395,6.797588,5.381419,1.449988,OverRange,OverRange,OverRange,13.618506,16.188142,-3.505969
2026/06/05 20:06:00.276,n,-3.032907,3.545586,4.272441,1.273198,OverRange,OverRange,OverRange,13.574244,16.18925,-3.54863
2026/06/05 20:07:00.264,n,-3.009557,3.076982,4.122165,1.300781,OverRange,OverRange,OverRange,13.621282,16.18599,-3.447523
2026/06/05 20:08:00.263,n,-3.021103,6.373153,5.454461,1.288536,OverRange,OverRange,OverRange,13.66097,16.183906,-3.465014
2026/06/05 20:09:00.266,n,-3.021232,6.34478,5.037625,1.209631,OverRange,OverRange,OverRange,13.596752,16.18283,-3.455202
2026/06/05 20:10:00.269,n,-2.915769,6.365197,5.820302,0.656101,OverRange,OverRange,OverRange,13.635716,16.181768,-3.484553
2026/06/05 20:11:00.271,n,-2.968628,6.097817,5.251355,1.502514,OverRange,OverRange,OverRange,13.60281,16.17851,-3.51962
2026/06/05 20:12:00.274,n,-2.886644,4.880826,5.636557,0.776768,OverRange,OverRange,OverRange,13.58691,16.16674,-3.519706
2026/06/05 20:13:00.273,n,-2.991979,2.956671,5.714121,1.358154,OverRange,OverRange,OverRange,13.596762,16.16027,-3.521498
2026/06/05 20:14:00.276,n,-3.135291,6.250053,4.67276,1.469829,OverRange,OverRange,OverRange,13.627874,16.16027,-3.556565
2026/06/05 20:15:00.279,n,-3.240755,6.203639,5.155192,1.471297,OverRange,OverRange,OverRange,13.585888,16.147426,-3.675419
2026/06/05 20:16:00.265,n,-3.243706,4.76478,5.539471,1.006754,OverRange,OverRange,OverRange,13.601054,16.136718,-3.712363
2026/06/05 20:17:00.265,n,-3.278604,5.828927,5.97641,0.113106,OverRange,OverRange,OverRange,13.639512,16.132398,-3.716117
2026/06/05 20:18:00.267,n,-3.307984,4.051005,4.059818,0.98263,OverRange,OverRange,OverRange,13.535558,16.122716,-3.706476
2026/06/05 20:19:00.270,n,-3.457327,3.670178,4.906522,1.44609,OverRange,OverRange,OverRange,13.561096,16.117372,-3.770723
2026/06/05 20:20:00.274,n,-3.603461,6.590266,4.222638,1.168308,OverRange,OverRange,OverRange,13.55274,16.108796,-3.731731
2026/06/05 20:21:00.274,n,-3.527379,6.181643,5.819927,0.994894,OverRange,OverRange,OverRange,13.545918,16.106644,-3.881812
2026/06/05 20:22:00.276,n,-3.404595,3.731617,4.883125,1.655717,OverRange,OverRange,OverRange,13.483944,16.09377,-3.788385
2026/06/05 20:23:00.473,n,-3.597816,6.216762,4.969046,1.652327,OverRange,OverRange,OverRange,13.573472,16.084136,-3.751355
2026/06/05 20:24:00.280,n,-3.401773,5.443337,5.028973,1.556009,OverRange,OverRange,OverRange,13.49405,16.079816,-3.739751
2026/06/05 20:25:00.265,n,-3.41627,3.215385,4.778904,1.550784,OverRange,OverRange,OverRange,13.459642,16.069108,-3.716288
2026/06/05 20:26:00.267,n,-3.588836,6.352393,4.583205,1.084447,OverRange,OverRange,OverRange,13.518368,16.05835,-3.805876
2026/06/05 20:27:00.269,n,-3.504028,6.109961,5.149383,1.411645,OverRange,OverRange,OverRange,13.5062,16.046582,-3.68506
2026/06/05 20:28:00.271,n,-3.354814,6.736882,5.728716,1.379415,OverRange,OverRange,OverRange,13.493572,16.040144,-3.692824
2026/06/05 20:29:00.273,n,-3.296309,5.671296,5.488916,0.909628,OverRange,OverRange,OverRange,13.469784,16.033708,-3.617058
2026/06/05 20:30:00.276,n,-3.214325,4.337887,5.003659,1.214351,OverRange,OverRange,OverRange,13.48193,16.033708,-3.545047
2026/06/05 20:31:00.278,n,-3.261411,6.166424,4.434088,1.169801,OverRange,OverRange,OverRange,13.526704,16.040942,-3.474827
2026/06/05 20:32:00.280,n,-2.863165,6.329088,5.916546,0.572819,OverRange,OverRange,OverRange,13.548656,16.034472,-3.371843
2026/06/05 20:33:00.282,n,-2.801965,3.948645,4.914665,1.381899,OverRange,OverRange,OverRange,13.489208,16.032352,-3.381399
2026/06/05 20:34:00.270,n,-2.898319,6.577449,5.53005,1.469692,OverRange,OverRange,OverRange,13.576214,16.035548,-3.369539
2026/06/05 20:35:00.271,n,-2.924621,6.173471,5.558254,1.336947,OverRange,OverRange,OverRange,13.559514,16.035548,-3.371587
2026/06/05 20:36:00.273,n,-2.737302,3.846913,3.810761,0.317667,OverRange,OverRange,OverRange,13.449244,16.046062,-3.319199
2026/06/05 20:37:00.272,n,-3.038937,6.013383,5.151526,1.264,OverRange,OverRange,OverRange,13.588262,16.042802,-3.447609
2026/06/05 20:38:00.274,n,-3.000832,4.785724,5.761951,0.646958,OverRange,OverRange,OverRange,13.479014,16.03959,-3.582162
2026/06/05 20:39:00.276,n,-2.933602,3.679451,4.545085,1.482882,OverRange,OverRange,OverRange,13.479492,16.042802,-3.488649
2026/06/05 20:40:00.278,n,-2.948228,3.732342,3.937638,0.789663,OverRange,OverRange,OverRange,13.527578,16.035304,-3.379436
2026/06/05 20:41:00.280,n,-2.951179,5.753618,5.682778,0.97085,OverRange,OverRange,OverRange,13.568542,16.028864,-3.500337
2026/06/05 20:42:00.283,n,-3.015458,3.670485,3.678872,0.243629,OverRange,OverRange,OverRange,13.44865,16.02996,-3.531566
2026/06/05 20:43:00.268,n,-2.933859,3.965258,4.120111,0.330264,OverRange,OverRange,OverRange,13.465592,16.03426,-3.348379
2026/06/05 20:44:00.269,n,-3.018538,6.612342,4.334408,1.119655,OverRange,OverRange,OverRange,13.5182,16.023518,-3.328925
2026/06/05 20:45:00.271,n,-2.921799,5.999572,5.375287,1.284898,OverRange,OverRange,OverRange,13.510372,16.025672,-3.436005
2026/06/05 20:46:00.275,n,-2.842765,6.15391,5.889592,0.721443,OverRange,OverRange,OverRange,13.530122,16.01819,-3.34454
2026/06/05 20:47:00.276,n,-2.719981,5.255455,5.500532,1.179505,OverRange,OverRange,OverRange,13.50909,16.012794,-3.346417
2026/06/05 20:48:00.278,n,-2.725755,2.886276,4.98074,1.514513,OverRange,OverRange,OverRange,13.497946,16.010644,-3.309558
2026/06/05 20:49:00.279,n,-2.798886,4.142333,4.636255,1.537835,OverRange,OverRange,OverRange,13.503754,16.002038,-3.362031
2026/06/05 20:50:00.282,n,-2.854569,5.144628,5.184705,1.170224,OverRange,OverRange,OverRange,13.55337,15.995616,-3.375682
2026/06/05 20:51:00.285,n,-2.813513,6.455658,5.308442,1.479377,OverRange,OverRange,OverRange,13.512376,15.99348,-3.441892
2026/06/05 20:52:00.269,n,-2.716902,3.516655,5.152147,1.431711,OverRange,OverRange,OverRange,13.501756,15.992406,-3.53148
2026/06/05 20:53:00.271,n,-2.790162,6.581473,4.677704,1.477578,OverRange,OverRange,OverRange,13.54272,15.989162,-3.366041
2026/06/05 20:54:00.276,n,-2.951051,3.885421,3.75963,0.253828,OverRange,OverRange,OverRange,13.499242,15.999218,-3.550934
2026/06/05 20:55:00.276,n,-2.570767,3.237345,4.513325,1.342395,OverRange,OverRange,OverRange,13.566204,15.992764,-3.233621
2026/06/05 20:56:00.260,n,-2.383448,6.299442,5.685811,1.19856,OverRange,OverRange,OverRange,13.599096,15.997212,-3.175175
2026/06/05 20:57:00.265,n,-2.447598,3.724564,4.875748,1.450747,OverRange,OverRange,OverRange,13.503378,15.990776,-3.225942
2026/06/05 20:58:00.265,n,-2.556012,6.195505,5.451365,1.460995,OverRange,OverRange,OverRange,13.607808,15.988638,-3.251197
2026/06/05 20:59:00.266,n,-2.509183,3.942532,4.900623,1.439838,OverRange,OverRange,OverRange,13.519288,15.982202,-3.303585
2026/06/05 21:00:00.268,n,-2.54716,3.377157,5.31381,1.405237,OverRange,OverRange,OverRange,13.51703,15.984338,-3.282255
2026/06/05 21:01:00.272,n,-2.599892,3.588843,5.082229,1.196767,OverRange,OverRange,OverRange,13.51678,15.9779,-3.249149
2026/06/05 21:02:00.272,n,-2.617469,3.763549,4.541754,1.209816,OverRange,OverRange,OverRange,13.497804,15.978974,-3.209987
2026/06/05 21:03:00.260,n,-2.55319,3.698482,4.636229,1.311521,OverRange,OverRange,OverRange,13.503886,15.974688,-3.019377
2026/06/05 21:04:00.259,n,-2.760652,6.087736,5.617981,0.942079,OverRange,OverRange,OverRange,13.586598,15.96825,-3.233536
2026/06/05 21:05:00.264,n,-2.693551,6.606541,4.798335,1.389145,OverRange,OverRange,OverRange,13.49022,15.972504,-3.210072
2026/06/05 21:06:00.269,n,-2.746026,6.134345,5.668753,0.986438,OverRange,OverRange,OverRange,13.535024,15.972504,-3.169203
2026/06/05 21:07:00.268,n,-2.670072,4.021645,4.820862,1.199944,OverRange,OverRange,OverRange,13.46519,15.975324,-3.305548
2026/06/05 21:08:00.268,n,-3.117329,6.233876,5.305515,1.308533,OverRange,OverRange,OverRange,13.543182,15.968886,-3.425937
2026/06/05 21:09:00.271,n,-3.015073,4.024123,5.635545,0.949849,OverRange,OverRange,OverRange,13.440724,15.967812,-3.488222
2026/06/05 21:10:00.272,n,-3.000575,6.087044,5.64769,1.215675,OverRange,OverRange,OverRange,13.46983,15.967812,-3.490184
2026/06/05 21:11:00.257,n,-3.105782,5.342213,4.818651,1.339467,OverRange,OverRange,OverRange,13.414662,15.9646,-3.692654
2026/06/05 21:12:00.259,n,-3.257947,3.810136,5.201364,1.429784,OverRange,OverRange,OverRange,13.444264,15.969994,-3.657928
2026/06/05 21:13:00.260,n,-3.316581,3.363241,4.140687,0.848323,OverRange,OverRange,OverRange,13.4091,15.97213,-3.571923
2026/06/05 21:14:00.262,n,-3.325177,4.345937,5.503241,0.732921,OverRange,OverRange,OverRange,13.451092,15.9646,-3.716032
2026/06/05 21:15:00.268,n,-3.196491,6.357242,5.438978,1.112526,OverRange,OverRange,OverRange,13.420228,15.961406,-3.618679
2026/06/05 21:16:00.267,n,-3.108861,3.281845,5.308889,1.630158,OverRange,OverRange,OverRange,13.334412,15.966734,-3.642143
2026/06/05 21:17:00.269,n,-3.275524,6.194529,5.74778,1.063776,OverRange,OverRange,OverRange,13.447286,15.958194,-3.698626
2026/06/05 21:18:00.272,n,-3.225743,3.724109,4.728894,1.321364,OverRange,OverRange,OverRange,13.296712,15.94954,-3.755024
2026/06/05 21:19:00.256,n,-3.210989,3.937817,5.142087,1.179632,OverRange,OverRange,OverRange,13.367082,15.948496,-3.6732
2026/06/05 21:20:00.258,n,-3.381116,3.867817,3.816068,0.109737,OverRange,OverRange,OverRange,13.361532,15.937772,-3.778402
2026/06/05 21:21:00.260,n,-3.175963,6.224699,4.79432,1.389386,OverRange,OverRange,OverRange,13.416148,15.925988,-3.644191
2026/06/05 21:22:00.263,n,-3.310422,6.098678,4.575177,1.386496,OverRange,OverRange,OverRange,13.37315,15.919502,-3.75528
2026/06/05 21:23:00.264,n,-3.214068,3.929196,4.821356,1.23829,OverRange,OverRange,OverRange,13.312932,15.907718,-3.729939
2026/06/05 21:24:00.267,n,-3.339803,6.111978,5.714555,0.636748,OverRange,OverRange,OverRange,13.377472,15.899112,-3.70639
2026/06/05 21:25:00.268,n,-3.161336,3.187403,4.898847,1.62589,OverRange,OverRange,OverRange,13.285218,15.89375,-3.667313
2026/06/05 21:26:00.270,n,-3.091156,5.953414,5.133459,1.23633,OverRange,OverRange,OverRange,13.37822,15.884086,-3.573885
2026/06/05 21:27:00.273,n,-3.193283,6.103608,5.163713,1.29066,OverRange,OverRange,OverRange,13.350114,15.877648,-3.700673
2026/06/05 21:28:00.258,n,-3.029571,6.61455,5.142634,1.544,OverRange,OverRange,OverRange,13.32807,15.872286,-3.607076
2026/06/05 21:29:00.260,n,-2.994674,3.361209,5.152382,1.323312,OverRange,OverRange,OverRange,13.284988,15.86474,-3.618765
2026/06/05 21:30:00.263,n,-2.982613,3.636668,4.69024,1.408687,OverRange,OverRange,OverRange,13.308096,15.852906,-3.577725
2026/06/05 21:31:00.264,n,-3.146582,3.804214,5.331782,1.431992,OverRange,OverRange,OverRange,13.33257,15.843308,-3.64786
2026/06/05 21:32:00.266,n,-3.020847,6.107713,5.833994,1.024199,OverRange,OverRange,OverRange,13.394928,15.840064,-3.525337
2026/06/05 21:33:00.268,n,-2.947716,6.297335,4.862069,1.33986,OverRange,OverRange,OverRange,13.337132,15.831442,-3.52329
2026/06/05 21:34:00.269,n,-2.883308,5.937886,6.134592,0.111311,OverRange,OverRange,OverRange,13.388368,15.826114,-3.511515
2026/06/05 21:35:00.272,n,-2.980047,6.000553,5.293836,1.394716,OverRange,OverRange,OverRange,13.359732,15.820718,-3.63617
2026/06/05 21:36:00.272,n,-3.12028,3.789003,3.731371,0.242534,OverRange,OverRange,OverRange,13.277166,15.811052,-3.655624
2026/06/05 21:37:00.259,n,-3.117329,6.630426,5.728883,1.242562,OverRange,OverRange,OverRange,13.401424,15.799222,-3.674992
2026/06/05 21:38:00.260,n,-3.097058,6.359617,6.097959,0.166903,OverRange,OverRange,OverRange,13.373942,15.801374,-3.636256
2026/06/05 21:39:00.262,n,-3.000319,6.272291,4.725414,1.545666,OverRange,OverRange,OverRange,13.353302,15.790632,-3.513648
2026/06/05 21:40:00.264,n,-3.09385,3.907012,4.860177,1.406814,OverRange,OverRange,OverRange,13.321956,15.785272,-3.673115
2026/06/05 21:41:00.265,n,-3.044198,5.728672,5.019254,1.316088,OverRange,OverRange,OverRange,13.394404,15.785272,-3.568084
2026/06/05 21:42:00.268,n,-3.015073,5.946416,5.429437,1.14668,OverRange,OverRange,OverRange,13.400482,15.776682,-3.451278
2026/06/05 21:43:00.270,n,-2.985692,3.940949,4.439844,1.390544,OverRange,OverRange,OverRange,13.302008,15.783102,-3.558186
2026/06/05 21:44:00.274,n,-3.044198,6.41896,5.065064,1.340782,OverRange,OverRange,OverRange,13.411012,15.777726,-3.484382
2026/06/05 21:45:00.276,n,-2.980047,4.363365,4.609031,1.236466,OverRange,OverRange,OverRange,13.348836,15.783102,-3.583612
2026/06/05 21:46:00.259,n,-3.050228,6.568529,4.672084,1.555372,OverRange,OverRange,OverRange,13.358938,15.784196,-3.562111
2026/06/05 21:47:00.261,n,-3.09988,6.088104,4.870727,1.674507,OverRange,OverRange,OverRange,13.350348,15.789574,-3.671409
2026/06/05 21:48:00.266,n,-2.979919,6.163595,5.188451,1.529097,OverRange,OverRange,OverRange,13.369802,15.79601,-3.628662
2026/06/05 21:49:00.265,n,-3.011866,4.608867,4.611223,1.522912,OverRange,OverRange,OverRange,13.341166,15.801374,-3.573885
2026/06/05 21:50:00.267,n,-2.950538,5.126391,5.09856,1.426372,OverRange,OverRange,OverRange,13.384522,15.799222,-3.511685
2026/06/05 21:51:00.269,n,-2.900757,4.563036,4.599897,1.537511,OverRange,OverRange,OverRange,13.293904,15.797038,-3.536941
2026/06/05 21:52:00.272,n,-2.830705,3.8718,4.949381,1.665246,OverRange,OverRange,OverRange,13.37254,15.800298,-3.531139
2026/06/05 21:53:00.273,n,-2.98287,6.350933,4.865619,1.06144,OverRange,OverRange,OverRange,13.394166,15.798146,-3.540866
2026/06/05 21:54:00.275,n,-2.880357,6.607395,4.835843,1.437038,OverRange,OverRange,OverRange,13.33434,15.799222,-3.488222
2026/06/05 21:55:00.260,n,-2.816079,4.186808,4.609007,1.283429,OverRange,OverRange,OverRange,13.32164,15.797038,-3.468768
2026/06/05 21:56:00.262,n,-2.845331,6.165788,5.076843,1.640749,OverRange,OverRange,OverRange,13.406378,15.791708,-3.373293
2026/06/05 21:57:00.264,n,-2.780667,6.723794,4.819056,1.651731,OverRange,OverRange,OverRange,13.354534,15.79601,-3.494109
2026/06/05 21:58:00.269,n,-2.795679,3.579811,4.640534,1.489185,OverRange,OverRange,OverRange,13.337092,15.797038,-3.437711
2026/06/05 21:59:00.268,n,-2.789648,3.312764,4.662318,1.578494,OverRange,OverRange,OverRange,13.39852,15.790632,-3.246846
2026/06/05 22:00:00.270,n,-2.77515,5.93859,5.37501,1.653264,OverRange,OverRange,OverRange,13.434062,15.791708,-3.201966
2026/06/05 22:01:00.274,n,-2.953489,3.405679,4.650172,1.591949,OverRange,OverRange,OverRange,13.33161,15.789574,-3.451278
2026/06/05 22:02:00.274,n,-3.0093,3.55283,5.295373,1.4902,OverRange,OverRange,OverRange,13.437252,15.785272,-3.638304
2026/06/05 22:03:00.276,n,-2.915383,6.260227,5.998036,0.773514,OverRange,OverRange,OverRange,13.498104,15.790632,-3.628406
2026/06/05 22:04:00.262,n,-2.804275,6.001379,6.115065,0.100353,OverRange,OverRange,OverRange,13.447312,15.789574,-3.546667
2026/06/05 22:05:00.263,n,-2.763475,3.119784,5.441447,1.241384,OverRange,OverRange,OverRange,13.349112,15.789574,-3.461004
2026/06/05 22:06:00.267,n,-3.017896,5.846005,4.942223,1.240711,OverRange,OverRange,OverRange,13.576264,15.786378,-3.534978
2026/06/05 22:07:00.267,n,-2.900757,5.348284,4.93728,1.323366,OverRange,OverRange,OverRange,13.458374,15.794936,-3.529091
2026/06/05 22:08:00.269,n,-2.971323,5.351499,4.812317,1.441086,OverRange,OverRange,OverRange,13.378602,15.799222,-3.478495
2026/06/05 22:09:00.273,n,-2.98287,3.83802,5.10296,1.367834,OverRange,OverRange,OverRange,13.350164,15.790632,-3.499911
2026/06/05 22:10:00.273,n,-3.009172,3.554029,4.54751,1.29794,OverRange,OverRange,OverRange,13.49878,15.793892,-3.667398
2026/06/05 22:11:00.278,n,-2.892033,2.968008,5.638302,1.362638,OverRange,OverRange,OverRange,13.497854,15.791708,-3.562281
2026/06/05 22:12:00.278,n,-2.845331,6.809971,5.409251,1.590127,OverRange,OverRange,OverRange,13.50768,15.789574,-3.55648
2026/06/05 22:13:00.261,n,-3.052922,3.656177,4.42996,1.690022,OverRange,OverRange,OverRange,13.357762,15.793892,-3.552469
2026/06/05 22:14:00.264,n,-2.991851,3.953624,4.936352,1.300892,OverRange,OverRange,OverRange,13.48316,15.79601,-3.513477
2026/06/05 22:15:00.268,n,-3.129133,3.873997,4.939041,1.610414,OverRange,OverRange,OverRange,13.457082,15.815812,-3.54479
2026/06/05 22:16:00.269,n,-2.564994,4.989401,5.041304,1.416777,OverRange,OverRange,OverRange,13.601608,15.821142,-3.066304
2026/06/05 22:17:00.272,n,-2.471334,3.816091,4.753692,1.291644,OverRange,OverRange,OverRange,13.46458,15.817214,-3.189083
2026/06/05 22:18:00.275,n,-2.863422,6.114818,5.697778,0.88033,OverRange,OverRange,OverRange,13.722744,15.824794,-3.40691
2026/06/05 22:19:00.274,n,-2.872531,6.735167,4.574158,1.475759,OverRange,OverRange,OverRange,13.506124,15.82688,-3.492744
2026/06/05 22:20:00.276,n,-2.928085,5.831598,4.112198,0.846689,OverRange,OverRange,OverRange,13.526098,15.839788,-3.449741
2026/06/05 22:21:00.336,n,-2.851874,5.979409,6.042291,0.123353,OverRange,OverRange,OverRange,13.72783,15.848392,-3.496583
2026/06/05 22:22:00.339,n,-2.85752,3.655578,4.232516,0.980734,OverRange,OverRange,OverRange,13.405142,15.862312,-3.440271
2026/06/05 22:23:00.311,n,-2.875354,6.008042,5.971255,0.656029,OverRange,OverRange,OverRange,13.751806,15.87737,-3.484895
2026/06/05 22:24:00.269,n,-2.866629,6.247456,5.080438,1.232894,OverRange,OverRange,OverRange,13.57604,15.891322,-3.595813
2026/06/05 22:25:00.465,n,-2.922183,3.686122,4.635992,1.528036,OverRange,OverRange,OverRange,13.517004,15.90208,-3.761508
2026/06/05 22:26:00.459,n,-3.018538,6.4386,4.657013,1.476984,OverRange,OverRange,OverRange,13.689714,15.91282,-3.683609
2026/06/05 22:27:00.431,n,-2.998138,6.044216,5.713003,1.286064,OverRange,OverRange,OverRange,13.692246,15.928906,-3.568595
2026/06/05 22:28:00.413,n,-2.82275,3.403462,5.525637,1.062045,OverRange,OverRange,OverRange,13.493882,15.944274,-3.665948
2026/06/05 22:29:00.276,n,-3.124257,3.821636,4.525053,1.26571,OverRange,OverRange,OverRange,13.580714,15.948562,-3.874475
2026/06/05 22:30:00.278,n,-3.012764,3.373726,4.551853,1.327161,OverRange,OverRange,OverRange,13.670182,15.96147,-3.7011
2026/06/05 22:31:00.264,n,-3.006991,6.650344,4.857115,1.413759,OverRange,OverRange,OverRange,13.702484,15.968984,-3.607587
2026/06/05 22:32:00.266,n,-2.904606,5.049692,5.291656,1.079699,OverRange,OverRange,OverRange,13.61463,15.979676,-3.630966
2026/06/05 22:33:00.268,n,-2.910508,3.54028,4.484313,1.280051,OverRange,OverRange,OverRange,13.64418,15.992552,-3.552981
2026/06/05 22:34:00.273,n,-3.012892,3.695958,4.559952,1.239433,OverRange,OverRange,OverRange,13.673976,15.994736,-3.683524
2026/06/05 22:35:00.271,n,-2.869708,4.764946,4.522623,1.190301,OverRange,OverRange,OverRange,13.556652,16.006536,-3.483102
2026/06/05 22:36:00.276,n,-3.080378,6.181478,4.709937,1.281215,OverRange,OverRange,OverRange,13.72995,16.008686,-3.623287
2026/06/05 22:37:00.278,n,-2.904863,5.920729,5.94899,0.134389,OverRange,OverRange,OverRange,13.767202,16.02052,-3.523801
2026/06/05 22:38:00.281,n,-2.884335,6.125285,5.153976,1.386314,OverRange,OverRange,OverRange,13.672256,16.022638,-3.582332
2026/06/05 22:39:00.280,n,-3.074348,6.478003,4.283269,1.1992,OverRange,OverRange,OverRange,13.592366,16.030152,-3.693336
2026/06/05 22:40:00.265,n,-3.039322,3.658363,3.928446,0.440389,OverRange,OverRange,OverRange,13.506714,16.041952,-3.632928
2026/06/05 22:41:00.268,n,-3.174038,3.90486,3.768491,0.138526,OverRange,OverRange,OverRange,13.709072,16.045166,-3.611427
2026/06/05 22:42:00.270,n,-3.068575,6.29808,5.344273,1.472725,OverRange,OverRange,OverRange,13.777318,16.052678,-3.691288
2026/06/05 22:43:00.271,n,-3.053949,6.007743,5.353463,1.284655,OverRange,OverRange,OverRange,13.60523,16.059116,-3.808009
2026/06/05 22:44:00.272,n,-3.095133,6.783272,4.928126,1.700265,OverRange,OverRange,OverRange,13.615566,16.064478,-3.847001
2026/06/05 22:45:00.276,n,-3.191487,3.936018,4.901372,1.136355,OverRange,OverRange,OverRange,13.601904,16.075218,-3.99512
2026/06/05 22:46:00.277,n,-3.217789,6.271405,4.987674,1.53557,OverRange,OverRange,OverRange,13.682058,16.079506,-3.944439
2026/06/05 22:47:00.278,n,-3.203034,3.727957,4.919248,1.297582,OverRange,OverRange,OverRange,13.620968,16.092382,-4.005018
2026/06/05 22:48:00.280,n,-3.226257,6.591428,5.075189,1.666976,OverRange,OverRange,OverRange,13.775772,16.103124,-3.880191
2026/06/05 22:49:00.267,n,-3.217532,6.145247,4.672701,1.427198,OverRange,OverRange,OverRange,13.72429,16.108454,-3.960138
2026/06/05 22:50:00.268,n,-3.209065,6.113142,4.876521,1.674113,OverRange,OverRange,OverRange,13.697586,16.117044,-3.956128
2026/06/05 22:51:00.271,n,-3.241012,6.590755,4.899329,1.819272,OverRange,OverRange,OverRange,13.685002,16.1278,-3.952204
2026/06/05 22:52:00.272,n,-3.194181,3.131708,4.300893,1.381078,OverRange,OverRange,OverRange,13.646672,16.136358,-3.905532
2026/06/05 22:53:00.274,n,-3.004296,3.051771,4.919968,1.422926,OverRange,OverRange,OverRange,13.756154,16.146008,-3.83352
2026/06/05 22:54:00.277,n,-2.989285,6.391071,4.962466,1.722436,OverRange,OverRange,OverRange,13.785416,16.16211,-3.652467
2026/06/05 22:55:00.279,n,-2.948614,3.963513,4.54078,1.619727,OverRange,OverRange,OverRange,13.698476,16.180382,-3.611598
2026/06/05 22:56:00.281,n,-2.86355,3.269603,4.923422,1.853869,OverRange,OverRange,OverRange,13.751968,16.174286,-3.572605
2026/06/05 22:57:00.283,n,-3.155435,6.377598,5.460528,1.597409,OverRange,OverRange,OverRange,13.813548,16.189282,-3.657586
2026/06/05 22:58:00.268,n,-3.208038,3.230621,4.748853,1.823129,OverRange,OverRange,OverRange,13.655462,16.204294,-3.735485
2026/06/05 22:59:00.270,n,-3.173012,3.001883,5.154908,1.642831,OverRange,OverRange,OverRange,13.81629,16.227898,-3.733523
2026/06/05 23:00:00.273,n,-3.243193,3.092733,5.054747,1.653914,OverRange,OverRange,OverRange,13.780636,16.243938,-3.632331
2026/06/05 23:01:00.275,n,-3.164159,3.15522,4.90382,1.776934,OverRange,OverRange,OverRange,13.80363,16.262192,-3.755024
2026/06/05 23:02:00.277,n,-3.272573,3.174406,4.769102,1.5745,OverRange,OverRange,OverRange,13.85348,16.269658,-3.721834
2026/06/05 23:03:00.276,n,-3.225615,6.679396,5.080588,1.658993,OverRange,OverRange,OverRange,13.916856,16.28361,-3.692483
2026/06/05 23:04:00.280,n,-3.210989,3.145971,4.572531,1.708556,OverRange,OverRange,OverRange,13.763246,16.289022,-3.762703
2026/06/05 23:05:00.282,n,-3.105525,4.859972,5.236674,1.508155,OverRange,OverRange,OverRange,13.881058,16.301868,-3.482335
2026/06/05 23:06:00.282,n,-3.146839,3.702992,4.950247,1.803817,OverRange,OverRange,OverRange,13.889314,16.313636,-3.591291
2026/06/05 23:07:00.272,n,-3.205087,3.295242,4.709883,1.612061,OverRange,OverRange,OverRange,13.865658,16.320122,-3.665265
2026/06/05 23:08:00.270,n,-3.175963,3.338156,4.954305,1.922927,OverRange,OverRange,OverRange,13.88295,16.332934,-3.534893
2026/06/05 23:09:00.274,n,-3.219713,3.443047,5.065325,1.284666,OverRange,OverRange,OverRange,13.982698,16.34151,-3.63216
2026/06/05 23:10:00.274,n,-3.158257,3.378505,3.988805,1.295199,OverRange,OverRange,OverRange,13.90737,16.345812,-3.558186
2026/06/05 23:11:00.276,n,-3.272573,3.68044,4.349952,1.410076,OverRange,OverRange,OverRange,13.987198,16.349038,-3.649737
2026/06/05 23:12:00.280,n,-3.190717,3.589609,4.636596,1.404186,OverRange,OverRange,OverRange,13.984462,16.359732,-3.673115
2026/06/05 23:13:00.282,n,-3.137729,3.698681,4.929375,1.574948,OverRange,OverRange,OverRange,13.987686,16.358656,-3.638047
2026/06/05 23:14:00.285,n,-3.132212,3.85963,4.918356,1.804561,OverRange,OverRange,OverRange,13.988104,16.373654,-3.612792
2026/06/05 23:15:00.271,n,-3.047149,2.99093,5.69735,1.38241,OverRange,OverRange,OverRange,14.098816,16.37473,-3.645812
2026/06/05 23:16:00.271,n,-3.079609,6.519865,4.755215,1.53094,OverRange,OverRange,OverRange,14.02914,16.382584,-3.593253
2026/06/05 23:17:00.273,n,-3.112326,6.110204,5.708771,1.310927,OverRange,OverRange,OverRange,14.03506,16.382584,-3.539159
2026/06/05 23:18:00.259,n,-3.182378,5.017514,5.936093,0.459578,OverRange,OverRange,OverRange,13.98615,16.387868,-3.720298
2026/06/05 23:19:00.259,n,-3.240755,3.12179,4.235821,1.251481,OverRange,OverRange,OverRange,13.920364,16.390018,-3.7261
2026/06/05 23:20:00.262,n,-3.203034,3.092184,4.521576,1.675351,OverRange,OverRange,OverRange,14.002884,16.393246,-3.714325
2026/06/05 23:21:00.264,n,-3.267056,6.483397,4.931256,1.812729,OverRange,OverRange,OverRange,14.09196,16.393246,-3.661853
2026/06/05 23:22:00.265,n,-3.176476,4.810543,5.113286,1.437101,OverRange,OverRange,OverRange,14.008694,16.40182,-3.685145
2026/06/05 23:23:00.269,n,-3.132597,3.782639,4.376334,1.276476,OverRange,OverRange,OverRange,13.987808,16.405016,-3.560575
2026/06/05 23:24:00.269,n,-3.205729,3.593142,4.515928,1.493918,OverRange,OverRange,OverRange,14.003682,16.402896,-3.644191
2026/06/05 23:25:00.271,n,-3.211502,5.504121,5.260124,1.539544,OverRange,OverRange,OverRange,14.136974,16.407198,-3.605454
2026/06/05 23:26:00.260,n,-3.200084,6.607579,5.309882,1.366628,OverRange,OverRange,OverRange,14.136012,16.414666,-3.644276
2026/06/05 23:27:00.259,n,-3.196876,3.1314,4.722271,1.638593,OverRange,OverRange,OverRange,13.979396,16.41359,-3.659975
2026/06/05 23:28:00.261,n,-3.223306,3.698083,3.714343,0.056458,OverRange,OverRange,OverRange,14.027838,16.410394,-3.537111
2026/06/05 23:29:00.262,n,-3.39895,6.53477,4.174769,1.196414,OverRange,OverRange,OverRange,14.15299,16.417892,-3.480628
2026/06/05 23:30:00.267,n,-3.220483,6.268652,5.336024,1.3924,OverRange,OverRange,OverRange,14.102244,16.416818,-3.591718
2026/06/05 23:31:00.267,n,-3.164801,6.04817,5.187895,1.33352,OverRange,OverRange,OverRange,14.025732,16.426468,-3.546838
2026/06/05 23:32:00.270,n,-3.202906,6.004823,6.129441,0.128432,OverRange,OverRange,OverRange,14.234314,16.430738,-3.529432
2026/06/05 23:33:00.276,n,-3.205729,6.633603,4.467505,1.50073,OverRange,OverRange,OverRange,14.056728,16.433966,-3.484553
2026/06/05 23:34:00.273,n,-3.155691,4.824164,4.548533,1.034768,OverRange,OverRange,OverRange,13.980556,16.443552,-3.480543
2026/06/05 23:35:00.257,n,-3.182506,6.63165,4.864334,1.430263,OverRange,OverRange,OverRange,14.063554,16.452188,-3.416466
2026/06/05 23:36:00.259,n,-3.246529,6.716764,4.348643,1.183746,OverRange,OverRange,OverRange,13.98608,16.45757,-3.482676
2026/06/05 23:37:00.263,n,-3.340316,3.595772,4.595971,1.411109,OverRange,OverRange,OverRange,13.983978,16.462882,-3.595642
2026/06/05 23:38:00.264,n,-3.340188,6.580357,4.796638,1.449604,OverRange,OverRange,OverRange,14.12138,16.468264,-3.515866
2026/06/05 23:39:00.265,n,-3.211502,3.870259,4.066765,1.276497,OverRange,OverRange,OverRange,13.959732,16.470382,-3.562452
2026/06/05 23:40:00.269,n,-3.407417,6.004202,5.289232,1.315883,OverRange,OverRange,OverRange,14.264558,16.46934,-3.636597
2026/06/05 23:41:00.271,n,-3.343267,3.166515,5.151247,1.594558,OverRange,OverRange,OverRange,13.974594,16.46934,-3.718165
2026/06/05 23:42:00.271,n,-3.436927,6.354898,4.884369,1.487831,OverRange,OverRange,OverRange,14.10695,16.47149,-3.576189
2026/06/05 23:43:00.257,n,-3.416399,6.499643,4.862413,1.732083,OverRange,OverRange,OverRange,14.012406,16.46396,-3.630539
2026/06/05 23:44:00.258,n,-3.308241,3.184878,5.127115,1.511408,OverRange,OverRange,OverRange,13.976192,16.46396,-3.601444
2026/06/05 23:45:00.262,n,-3.354815,3.037226,4.77476,1.640152,OverRange,OverRange,OverRange,14.00084,16.459656,-3.578152
2026/06/05 23:46:00.263,n,-3.489787,4.031235,4.761444,1.448875,OverRange,OverRange,OverRange,14.022868,16.456494,-3.613048
2026/06/05 23:47:00.266,n,-3.37252,3.242692,4.782764,1.652607,OverRange,OverRange,OverRange,13.991522,16.450364,-3.579943
2026/06/05 23:48:00.270,n,-3.393048,3.105663,4.892871,1.873647,OverRange,OverRange,OverRange,13.97224,16.438562,-3.735826
2026/06/05 23:49:00.269,n,-3.504413,6.424286,5.132025,1.613352,OverRange,OverRange,OverRange,14.057446,16.444984,-3.778658
2026/06/05 23:50:00.272,n,-3.46913,3.745836,4.519797,1.481499,OverRange,OverRange,OverRange,13.881724,16.428944,-3.852633
2026/06/05 23:51:00.272,n,-3.504028,6.073916,5.435534,1.499106,OverRange,OverRange,OverRange,14.113078,16.425716,-3.757157
2026/06/05 23:52:00.258,n,-3.442829,6.58063,5.258863,1.720171,OverRange,OverRange,OverRange,13.940434,16.417144,-3.839237
2026/06/05 23:53:00.261,n,-3.501206,3.813058,4.79196,1.533567,OverRange,OverRange,OverRange,13.882238,16.416098,-3.788385
2026/06/05 23:54:00.263,n,-3.486708,3.797536,5.374824,1.507079,OverRange,OverRange,OverRange,13.959784,16.416098,-3.75127
2026/06/05 23:55:00.264,n,-3.501078,6.597403,4.753013,1.592819,OverRange,OverRange,OverRange,14.016598,16.409614,-3.71825
2026/06/05 23:56:00.267,n,-3.691476,6.607472,4.848443,1.700598,OverRange,OverRange,OverRange,13.907674,16.402178,-3.825415
2026/06/05 23:57:00.270,n,-3.647469,5.546185,4.92264,1.242547,OverRange,OverRange,OverRange,13.984802,16.397842,-3.901351
2026/06/05 23:58:00.271,n,-3.723551,5.728654,4.403374,1.139469,OverRange,OverRange,OverRange,13.949982,16.393802,-3.897341
2026/06/05 23:59:00.273,n,-3.390611,5.00754,5.293376,1.079391,OverRange,OverRange,OverRange,13.91919,16.39804,-3.711168
