"Timestamp","TZ","GHI1_AV (W/m2)","UVB22013 (W/m2)","UVB22013_AV (W/m2)","UVB22013_SD (W/m2)","UVB22012 (W/m2)","UVB22012_AV (W/m2)","UVB22012_SD (W/m2)","TA_AV (degC)","TL (degC)","GTI_AV (W/m2)"
2026/06/01 00:00:00.277,n,-3.1512,3.286159,4.785576,1.379008,OverRange,OverRange,OverRange,11.11018,14.16161,-3.692142
2026/06/01 00:01:00.262,n,-3.177374,5.538604,5.033751,1.449059,OverRange,OverRange,OverRange,11.132742,14.149818,-3.680367
2026/06/01 00:02:00.263,n,-3.153895,3.268542,5.116955,1.476242,OverRange,OverRange,OverRange,11.195598,14.143316,-3.657074
2026/06/01 00:03:00.266,n,-2.875867,5.257313,5.191915,1.446256,OverRange,OverRange,OverRange,11.235134,14.139066,-3.487625
2026/06/01 00:04:00.269,n,-3.022386,6.620801,5.226305,1.662828,OverRange,OverRange,OverRange,11.14996,14.134748,-3.561513
2026/06/01 00:05:00.272,n,-2.83789,6.4883,4.705967,1.55383,OverRange,OverRange,OverRange,11.124868,14.127204,-3.419538
2026/06/01 00:06:00.271,n,-2.79106,3.023295,4.389274,1.517667,OverRange,OverRange,OverRange,11.098786,14.126164,-3.438991
2026/06/01 00:07:00.275,n,-2.779256,3.172193,5.275166,1.589954,OverRange,OverRange,OverRange,11.15097,14.124014,-3.395989
2026/06/01 00:08:00.276,n,-2.93758,3.219488,4.882263,1.713673,OverRange,OverRange,OverRange,11.135504,14.118622,-3.470219
2026/06/01 00:09:00.278,n,-2.905119,4.962832,5.071812,1.558019,OverRange,OverRange,OverRange,11.166444,14.11647,-3.460407
2026/06/01 00:10:00.262,n,-2.981587,6.523584,4.904806,1.754418,OverRange,OverRange,OverRange,11.152486,14.115378,-3.514928
2026/06/01 00:11:00.266,n,-2.931549,6.105398,5.456163,1.189217,OverRange,OverRange,OverRange,11.185456,14.114336,-3.503324
2026/06/01 00:12:00.266,n,-2.881897,3.392445,5.036239,1.519593,OverRange,OverRange,OverRange,11.11348,14.112152,-3.510918
2026/06/01 00:13:00.268,n,-2.840969,3.390122,4.931444,1.731743,OverRange,OverRange,OverRange,11.158574,14.108976,-3.441039
2026/06/01 00:14:00.272,n,-2.814667,3.237319,4.974435,1.72807,OverRange,OverRange,OverRange,11.167944,14.104644,-3.450595
2026/06/01 00:15:00.273,n,-2.785415,6.580421,5.311833,1.642723,OverRange,OverRange,OverRange,11.179638,14.104644,-3.460322
2026/06/01 00:16:00.275,n,-2.758856,6.135208,5.046784,1.403165,OverRange,OverRange,OverRange,11.179626,14.10357,-3.425169
2026/06/01 00:17:00.278,n,-2.832244,3.6927,4.285877,1.100131,OverRange,OverRange,OverRange,11.099534,14.098178,-3.48771
2026/06/01 00:18:00.280,n,-2.919874,3.310282,5.251802,1.283237,OverRange,OverRange,OverRange,11.201178,14.091774,-3.489587
2026/06/01 00:19:00.265,n,-2.875995,5.403992,5.146793,1.078026,OverRange,OverRange,OverRange,11.214874,14.086382,-3.442916
2026/06/01 00:20:00.265,n,-2.846743,3.301053,4.733925,1.490853,OverRange,OverRange,OverRange,11.150468,14.080958,-3.528494
2026/06/01 00:21:00.268,n,-2.873173,3.289219,5.114795,1.582016,OverRange,OverRange,OverRange,11.16035,14.082066,-3.505201
2026/06/01 00:22:00.270,n,-2.943353,6.106776,5.612219,1.270064,OverRange,OverRange,OverRange,11.228796,14.074556,-3.382423
2026/06/01 00:23:00.273,n,-3.019436,6.277043,5.346039,1.426024,OverRange,OverRange,OverRange,11.163406,14.097134,-3.549825
2026/06/01 00:24:00.273,n,-2.574616,3.260967,4.682322,1.60638,OverRange,OverRange,OverRange,11.148992,14.093892,-3.398122
2026/06/01 00:25:00.276,n,-2.732426,3.313477,5.030567,1.555284,OverRange,OverRange,OverRange,11.213384,14.087426,-3.407848
2026/06/01 00:26:00.280,n,-2.779256,5.83511,5.733552,0.929161,OverRange,OverRange,OverRange,11.268178,14.083142,-3.390272
2026/06/01 00:27:00.280,n,-2.621574,3.562131,4.863505,1.50439,OverRange,OverRange,OverRange,11.129004,14.077748,-3.345392
2026/06/01 00:28:00.265,n,-2.574359,3.372576,4.974809,1.770601,OverRange,OverRange,OverRange,11.205008,14.073416,-3.32611
2026/06/01 00:29:00.270,n,-2.589114,3.962384,5.207029,1.117899,OverRange,OverRange,OverRange,11.216466,14.071314,-3.374829
2026/06/01 00:30:00.268,n,-2.641718,3.159162,4.981751,1.422916,OverRange,OverRange,OverRange,11.173092,14.064848,-3.310581
2026/06/01 00:31:00.270,n,-2.729604,3.28579,4.855808,1.759387,OverRange,OverRange,OverRange,11.192586,14.059488,-3.477898
2026/06/01 00:32:00.273,n,-2.958108,6.413702,5.249882,1.527638,OverRange,OverRange,OverRange,11.27119,14.058414,-3.596752
2026/06/01 00:33:00.275,n,-2.785158,3.326811,4.322563,1.666328,OverRange,OverRange,OverRange,11.167492,14.049796,-3.512965
2026/06/01 00:34:00.276,n,-2.84084,6.42247,5.287055,1.718985,OverRange,OverRange,OverRange,11.254918,14.04118,-3.542231
2026/06/01 00:35:00.279,n,-2.826214,2.988354,4.735469,1.65807,OverRange,OverRange,OverRange,11.165208,14.04118,-3.585062
2026/06/01 00:36:00.281,n,-2.729604,3.322978,4.95508,1.723022,OverRange,OverRange,OverRange,11.185482,14.03797,-3.479946
2026/06/01 00:37:00.266,n,-2.586291,3.596241,4.733016,1.565619,OverRange,OverRange,OverRange,11.214916,14.033686,-3.35145
2026/06/01 00:38:00.271,n,-2.653521,6.6933,4.998963,1.759271,OverRange,OverRange,OverRange,11.25265,14.032578,-3.255975
2026/06/01 00:39:00.270,n,-2.691627,3.060587,4.73456,1.746613,OverRange,OverRange,OverRange,11.187252,14.031504,-3.442745
2026/06/01 00:40:00.273,n,-2.752955,5.124606,5.204064,1.57903,OverRange,OverRange,OverRange,11.25495,14.029352,-3.423548
2026/06/01 00:41:00.275,n,-2.560118,6.527567,5.541569,1.264834,OverRange,OverRange,OverRange,11.26791,14.027186,-3.367064
2026/06/01 00:42:00.277,n,-2.673793,6.580866,4.907594,1.801396,OverRange,OverRange,OverRange,11.240464,14.019676,-3.370733
2026/06/01 00:43:00.278,n,-2.548314,3.361354,4.673827,1.599613,OverRange,OverRange,OverRange,11.179174,14.022886,-3.316383
2026/06/01 00:44:00.279,n,-2.627476,6.477022,4.914519,1.702359,OverRange,OverRange,OverRange,11.27797,14.018602,-3.333959
2026/06/01 00:45:00.283,n,-2.591937,3.355329,4.692577,1.607971,OverRange,OverRange,OverRange,11.22936,14.01106,-3.339676
2026/06/01 00:46:00.266,n,-2.665197,6.495407,4.908754,1.740081,OverRange,OverRange,OverRange,11.285588,14.012136,-3.370819
2026/06/01 00:47:00.268,n,-2.548186,3.369546,4.564403,1.564265,OverRange,OverRange,OverRange,11.202206,14.01106,-3.294882
2026/06/01 00:48:00.272,n,-2.656344,5.800884,4.847026,1.616767,OverRange,OverRange,OverRange,11.310426,14.007818,-3.353413
2026/06/01 00:49:00.272,n,-2.594888,3.332932,4.456606,1.626906,OverRange,OverRange,OverRange,11.215144,14.01106,-3.327902
2026/06/01 00:50:00.275,n,-2.665068,3.212729,5.224251,1.535385,OverRange,OverRange,OverRange,11.281022,14.007818,-3.353157
2026/06/01 00:51:00.279,n,-2.577567,3.581633,3.965645,0.755737,OverRange,OverRange,OverRange,11.23549,14.001384,-3.265702
2026/06/01 00:52:00.278,n,-2.483907,3.693748,4.46608,1.380996,OverRange,OverRange,OverRange,11.299794,14.007818,-3.248126
2026/06/01 00:53:00.280,n,-2.434127,3.122376,4.846579,1.721373,OverRange,OverRange,OverRange,11.33929,14.009968,-3.131405
2026/06/01 00:54:00.282,n,-2.545363,3.717684,4.454662,1.149884,OverRange,OverRange,OverRange,11.300854,14.006742,-3.273466
2026/06/01 00:55:00.269,n,-2.451447,5.954415,5.817805,0.710592,OverRange,OverRange,OverRange,11.402196,14.009968,-3.2599
2026/06/01 00:56:00.270,n,-2.483779,6.173354,5.73602,1.192475,OverRange,OverRange,OverRange,11.335038,14.004626,-3.316213
2026/06/01 00:57:00.273,n,-2.407825,3.86797,5.346457,1.355887,OverRange,OverRange,OverRange,11.223308,14.009968,-3.250003
2026/06/01 00:58:00.280,n,-2.609514,6.240429,5.828172,1.289766,OverRange,OverRange,OverRange,11.396318,14.003534,-3.25973
2026/06/01 00:59:00.277,n,-2.641846,3.750708,3.699083,0.261208,OverRange,OverRange,OverRange,11.17566,14.006742,-3.285155
2026/06/01 01:00:00.279,n,-2.539461,4.726998,5.468405,1.102948,OverRange,OverRange,OverRange,11.402172,14.005702,-3.18183
2026/06/01 01:01:00.281,n,-2.548314,3.759764,4.845368,1.697532,OverRange,OverRange,OverRange,11.321056,14.007818,-3.310496
2026/06/01 01:02:00.266,n,-2.498405,3.428044,5.342552,1.254463,OverRange,OverRange,OverRange,11.381378,14.008924,-3.211096
2026/06/01 01:03:00.269,n,-2.618495,3.696602,4.282937,1.122086,OverRange,OverRange,OverRange,11.278286,14.004626,-3.261777
2026/06/01 01:04:00.271,n,-2.706381,3.100869,4.888945,1.649927,OverRange,OverRange,OverRange,11.358028,14.008924,-3.349403
2026/06/01 01:05:00.256,n,-2.580646,4.932206,5.118051,1.325272,OverRange,OverRange,OverRange,11.365434,14.003534,-3.316383
2026/06/01 01:06:00.259,n,-2.633121,2.929505,4.876925,1.723688,OverRange,OverRange,OverRange,11.439346,14.00034,-3.298722
2026/06/01 01:07:00.260,n,-2.797218,6.166271,5.478464,1.238508,OverRange,OverRange,OverRange,11.497116,14.003534,-3.417661
2026/06/01 01:08:00.262,n,-2.673921,6.432541,5.709459,1.281233,OverRange,OverRange,OverRange,11.399368,13.999234,-3.386433
2026/06/01 01:09:00.264,n,-2.627476,3.781669,4.317318,1.178116,OverRange,OverRange,OverRange,11.254436,14.003534,-3.273466
2026/06/01 01:10:00.269,n,-2.621574,4.27315,4.346665,1.132258,OverRange,OverRange,OverRange,11.352,14.006742,-3.23857
2026/06/01 01:11:00.268,n,-2.542156,4.983706,5.194999,0.767415,OverRange,OverRange,OverRange,11.402436,14.002458,-3.300684
2026/06/01 01:12:00.270,n,-2.545363,6.593327,4.619875,1.548813,OverRange,OverRange,OverRange,11.339818,13.996024,-3.166302
2026/06/01 01:13:00.273,n,-2.436692,3.537377,4.708012,1.524933,OverRange,OverRange,OverRange,11.270672,13.998158,-3.293005
2026/06/01 01:14:00.257,n,-2.398844,6.075032,5.82408,1.021327,OverRange,OverRange,OverRange,11.414608,13.992768,-3.238399
2026/06/01 01:15:00.260,n,-2.44593,5.45656,5.967251,0.288793,OverRange,OverRange,OverRange,11.332562,13.9906,-3.304779
2026/06/01 01:16:00.261,n,-2.402051,3.219417,4.756571,1.485521,OverRange,OverRange,OverRange,11.268132,13.992768,-3.290872
2026/06/01 01:17:00.263,n,-2.360738,5.290223,4.98224,1.46165,OverRange,OverRange,OverRange,11.298758,13.991708,-3.213144
2026/06/01 01:18:00.266,n,-2.387297,6.199028,5.262739,1.595416,OverRange,OverRange,OverRange,11.334748,13.986334,-3.251965
2026/06/01 01:19:00.266,n,-2.393198,6.100819,5.621706,1.189788,OverRange,OverRange,OverRange,11.341888,13.988514,-3.263739
2026/06/01 01:20:00.268,n,-2.436821,3.662324,4.750663,1.163579,OverRange,OverRange,OverRange,11.242584,13.989556,-3.294882
2026/06/01 01:21:00.270,n,-2.498277,3.11085,5.132467,1.296928,OverRange,OverRange,OverRange,11.344396,13.987374,-3.250088
2026/06/01 01:22:00.256,n,-2.694449,3.196245,4.113592,1.272369,OverRange,OverRange,OverRange,11.330958,13.985242,-3.290957
2026/06/01 01:23:00.258,n,-2.84392,6.063186,5.308121,1.260457,OverRange,OverRange,OverRange,11.392564,13.984198,-3.35529
2026/06/01 01:24:00.262,n,-2.916923,6.684136,5.178023,1.349932,OverRange,OverRange,OverRange,11.259746,13.988514,-3.452472
2026/06/01 01:25:00.263,n,-3.21548,3.932199,4.91986,1.377623,OverRange,OverRange,OverRange,11.205028,13.976624,-3.657245
2026/06/01 01:26:00.265,n,-3.49941,3.219887,4.857616,1.428997,OverRange,OverRange,OverRange,11.295976,13.98094,-3.742908
2026/06/01 01:27:00.266,n,-3.584216,3.461521,5.233751,1.476056,OverRange,OverRange,OverRange,11.215124,13.96804,-3.824732
2026/06/01 01:28:00.267,n,-3.745362,3.030011,4.596638,1.509746,OverRange,OverRange,OverRange,11.24579,13.956182,-4.001946
2026/06/01 01:29:00.270,n,-3.800917,3.28868,4.857826,1.744054,OverRange,OverRange,OverRange,11.222926,13.946504,-4.109196
2026/06/01 01:30:00.271,n,-3.915105,6.587614,5.311057,1.494447,OverRange,OverRange,OverRange,11.238934,13.937888,-4.227965
2026/06/01 01:31:00.259,n,-3.923829,6.549403,4.89814,1.730359,OverRange,OverRange,OverRange,11.119014,13.923896,-4.229841
2026/06/01 01:32:00.260,n,-3.757038,6.259798,4.909477,1.564983,OverRange,OverRange,OverRange,11.135518,13.919628,-4.21619
2026/06/01 01:33:00.262,n,-3.692759,6.309579,5.135632,1.512102,OverRange,OverRange,OverRange,11.177354,13.90342,-4.161584
2026/06/01 01:34:00.264,n,-3.625401,4.506992,5.109724,1.216501,OverRange,OverRange,OverRange,11.122392,13.895912,-4.177368
2026/06/01 01:35:00.265,n,-3.651446,6.109422,5.53407,1.186841,OverRange,OverRange,OverRange,11.19691,13.880878,-4.136328
2026/06/01 01:36:00.269,n,-3.394202,3.791502,4.298478,1.189923,OverRange,OverRange,OverRange,11.091966,13.870078,-4.013806
2026/06/01 01:37:00.268,n,-3.338648,3.887601,4.293862,1.051608,OverRange,OverRange,OverRange,11.099324,13.864684,-3.967049
2026/06/01 01:38:00.271,n,-3.329539,3.632247,3.6804,0.071985,OverRange,OverRange,OverRange,11.17594,13.84965,-3.863639
2026/06/01 01:39:00.272,n,-3.054462,6.21291,5.401852,1.483112,OverRange,OverRange,OverRange,11.26555,13.846394,-3.717568
2026/06/01 01:40:00.258,n,-3.057541,6.335984,4.712267,1.379619,OverRange,OverRange,OverRange,11.171788,13.837792,-3.625932
2026/06/01 01:41:00.259,n,-3.159925,3.779258,4.77163,1.505825,OverRange,OverRange,OverRange,11.100804,13.831326,-3.719445
2026/06/01 01:42:00.261,n,-3.218559,3.333254,4.310159,1.133674,OverRange,OverRange,OverRange,11.129716,13.82271,-3.643508
2026/06/01 01:43:00.263,n,-3.479138,3.169445,4.558982,1.545131,OverRange,OverRange,OverRange,11.151744,13.816212,-3.826695
2026/06/01 01:44:00.265,n,-3.423199,3.802015,4.887307,1.686423,OverRange,OverRange,OverRange,11.085272,13.81735,-3.836336
2026/06/01 01:45:00.267,n,-3.382399,3.170205,5.254742,1.627905,OverRange,OverRange,OverRange,11.13297,13.807674,-3.849987
2026/06/01 01:46:00.269,n,-3.394074,3.721343,4.265488,1.106294,OverRange,OverRange,OverRange,11.131786,13.801176,-3.738984
2026/06/01 01:47:00.272,n,-3.531485,3.138841,4.874813,1.636675,OverRange,OverRange,OverRange,11.164378,13.792562,-3.931811
2026/06/01 01:48:00.272,n,-3.350195,3.195343,4.907551,1.650767,OverRange,OverRange,OverRange,11.152954,13.782852,-3.787617
2026/06/01 01:49:00.259,n,-3.481832,4.055568,5.016263,1.261175,OverRange,OverRange,OverRange,11.168492,13.79339,-3.820807
2026/06/01 01:50:00.259,n,-3.180453,3.265544,4.891467,1.806914,OverRange,OverRange,OverRange,11.146516,13.776174,-3.705879
2026/06/01 01:51:00.263,n,-3.338264,3.397319,4.990289,1.570482,OverRange,OverRange,OverRange,11.155208,13.778292,-3.756645
2026/06/01 01:52:00.265,n,-3.124899,4.540117,5.380982,1.258891,OverRange,OverRange,OverRange,11.177522,13.764348,-3.59095
2026/06/01 01:53:00.266,n,-3.048817,3.029721,5.260215,1.663566,OverRange,OverRange,OverRange,11.118928,13.779416,-3.643764
2026/06/01 01:54:00.268,n,-3.287969,3.383915,4.930718,1.726813,OverRange,OverRange,OverRange,11.087326,13.764316,-3.73284
2026/06/01 01:55:00.270,n,-3.384837,3.603896,4.889937,1.548775,OverRange,OverRange,OverRange,11.05161,13.754624,-3.758181
2026/06/01 01:56:00.271,n,-3.405237,3.675017,4.613637,1.399346,OverRange,OverRange,OverRange,11.068096,13.750308,-3.740775
2026/06/01 01:57:00.273,n,-3.501719,4.474041,3.857646,0.324332,OverRange,OverRange,OverRange,11.091258,13.737374,-3.684292
2026/06/01 01:58:00.259,n,-3.375984,3.384732,4.699126,1.329284,OverRange,OverRange,OverRange,11.045842,13.730908,-3.684207
2026/06/01 01:59:00.261,n,-3.516474,3.706489,5.121366,1.16693,OverRange,OverRange,OverRange,11.024756,13.723382,-3.801013
2026/06/01 02:00:00.263,n,-3.621937,6.524359,5.082612,1.614071,OverRange,OverRange,OverRange,11.09317,13.712584,-3.836165
2026/06/01 02:01:00.265,n,-3.566254,3.172618,4.419451,1.630491,OverRange,OverRange,OverRange,10.928792,13.708302,-3.838128
2026/06/01 02:02:00.267,n,-3.598457,6.613961,5.155575,1.445818,OverRange,OverRange,OverRange,11.087606,13.701866,-3.822429
2026/06/01 02:03:00.271,n,-3.53713,3.600953,4.340287,1.677041,OverRange,OverRange,OverRange,10.96103,13.686768,-3.849732
2026/06/01 02:04:00.272,n,-3.706616,4.508001,4.575009,1.136723,OverRange,OverRange,OverRange,11.051102,13.677044,-3.976435
2026/06/01 02:05:00.274,n,-3.551756,6.546488,4.960809,1.65907,OverRange,OverRange,OverRange,11.082012,13.67276,-3.882836
2026/06/01 02:06:00.275,n,-3.563432,5.558026,4.863367,1.550433,OverRange,OverRange,OverRange,11.00999,13.659796,-3.896488
2026/06/01 02:07:00.260,n,-3.595892,3.382052,4.576379,1.526229,OverRange,OverRange,OverRange,10.928584,13.64797,-3.927716
2026/06/01 02:08:00.263,n,-3.384837,3.14856,4.995991,1.649994,OverRange,OverRange,OverRange,10.999314,13.639338,-3.801098
2026/06/01 02:09:00.265,n,-3.5311,6.485125,5.356688,1.571168,OverRange,OverRange,OverRange,11.068818,13.631796,-3.925839
2026/06/01 02:10:00.269,n,-3.364437,6.514741,4.724533,1.446781,OverRange,OverRange,OverRange,11.007986,13.621014,-3.781474
2026/06/01 02:11:00.268,n,-3.288098,3.274066,4.593489,1.533711,OverRange,OverRange,OverRange,10.834488,13.612396,-3.783436
2026/06/01 02:12:00.272,n,-3.291177,5.480697,5.57003,0.943238,OverRange,OverRange,OverRange,11.003764,13.608082,-3.828316
2026/06/01 02:13:00.273,n,-3.449116,6.028956,4.99908,1.573822,OverRange,OverRange,OverRange,10.983342,13.594074,-3.824476
2026/06/01 02:14:00.274,n,-3.487349,6.800152,4.144547,1.354779,OverRange,OverRange,OverRange,10.99001,13.58761,-3.859629
2026/06/01 02:15:00.278,n,-3.528149,6.249333,4.398377,1.164528,OverRange,OverRange,OverRange,10.983928,13.579008,-3.828316
2026/06/01 02:16:00.262,n,-3.437569,3.874313,3.911658,0.568059,OverRange,OverRange,OverRange,10.859706,13.572022,-3.890772
2026/06/01 02:17:00.264,n,-3.171857,4.261435,5.151311,1.272775,OverRange,OverRange,OverRange,11.04295,13.57067,-3.715776
2026/06/01 02:18:00.267,n,-3.186355,3.308814,4.548113,1.530237,OverRange,OverRange,OverRange,10.945064,13.558846,-3.639839
2026/06/01 02:19:00.267,n,-3.265388,6.048078,4.934788,1.43605,OverRange,OverRange,OverRange,11.103134,13.550212,-3.698114
2026/06/01 02:20:00.270,n,-3.291819,6.464829,5.188767,1.4129,OverRange,OverRange,OverRange,10.996608,13.546954,-3.873707
2026/06/01 02:21:00.271,n,-3.282966,6.511139,4.692028,1.482743,OverRange,OverRange,OverRange,10.976562,13.536204,-3.807412
2026/06/01 02:22:00.276,n,-3.320943,3.717499,4.556636,1.601017,OverRange,OverRange,OverRange,10.910828,13.532964,-3.828742
2026/06/01 02:23:00.276,n,-3.209834,3.883973,5.691426,1.029811,OverRange,OverRange,OverRange,11.028112,13.527556,-3.8813
2026/06/01 02:24:00.281,n,-3.326845,5.988876,5.540842,0.789418,OverRange,OverRange,OverRange,11.109304,13.52324,-3.945634
2026/06/01 02:25:00.263,n,-3.180453,5.920852,5.854307,0.730874,OverRange,OverRange,OverRange,11.002788,13.52215,-4.039147
2026/06/01 02:26:00.266,n,-3.288739,6.196265,4.775403,1.4733,OverRange,OverRange,OverRange,10.999182,13.518926,-4.072337
2026/06/01 02:27:00.266,n,-3.309267,5.296612,4.206041,0.869148,OverRange,OverRange,OverRange,10.969778,13.526774,-4.072166
2026/06/01 02:28:00.269,n,-2.846999,6.174615,5.82026,0.777299,OverRange,OverRange,OverRange,11.134884,13.517606,-3.80963
2026/06/01 02:29:00.273,n,-2.867142,6.313453,5.087585,1.710502,OverRange,OverRange,OverRange,10.95134,13.511106,-3.832667
2026/06/01 02:30:00.278,n,-2.840968,6.024119,6.219214,0.102415,OverRange,OverRange,OverRange,10.948466,13.504642,-3.883434
2026/06/01 02:31:00.274,n,-2.934629,3.390846,5.472961,1.218242,OverRange,OverRange,OverRange,10.822572,13.503598,-3.896915
2026/06/01 02:32:00.276,n,-3.119125,6.122065,5.380344,1.295134,OverRange,OverRange,OverRange,11.066356,13.492816,-3.863895
2026/06/01 02:33:00.278,n,-3.329796,6.767935,4.822844,1.567199,OverRange,OverRange,OverRange,10.950358,13.49819,-4.014062
2026/06/01 02:34:00.264,n,-3.373803,3.867685,4.720692,1.335517,OverRange,OverRange,OverRange,10.885006,13.48635,-3.988465
2026/06/01 02:35:00.266,n,-3.490685,6.132897,5.769661,1.010354,OverRange,OverRange,OverRange,11.087912,13.482002,-4.017816
2026/06/01 02:36:00.268,n,-3.540722,3.399516,4.447881,1.570684,OverRange,OverRange,OverRange,10.834102,13.473402,-4.041023
2026/06/01 02:37:00.270,n,-3.605001,3.458169,5.471112,1.313091,OverRange,OverRange,OverRange,10.92452,13.466936,-4.089913
2026/06/01 02:38:00.273,n,-3.62848,3.714067,4.935543,1.588064,OverRange,OverRange,OverRange,10.895268,13.458288,-4.004164
2026/06/01 02:39:00.276,n,-3.514292,3.644597,4.974857,1.331011,OverRange,OverRange,OverRange,10.862494,13.453972,-3.869697
2026/06/01 02:40:00.275,n,-3.587681,6.171958,5.478081,1.340526,OverRange,OverRange,OverRange,10.963568,13.44539,-3.883348
2026/06/01 02:41:00.278,n,-3.496715,6.327272,5.28159,1.271921,OverRange,OverRange,OverRange,10.754492,13.442116,-3.951606
2026/06/01 02:42:00.280,n,-3.479266,3.034891,4.425296,1.462412,OverRange,OverRange,OverRange,10.754344,13.437798,-3.967049
2026/06/01 02:43:00.266,n,-3.470285,3.899054,4.72831,1.467112,OverRange,OverRange,OverRange,10.826726,13.429184,-3.867734
2026/06/01 02:44:00.268,n,-3.320943,6.088714,5.216188,1.134866,OverRange,OverRange,OverRange,10.891754,13.422686,-3.780023
2026/06/01 02:45:00.269,n,-3.236008,3.266646,4.8438,1.693983,OverRange,OverRange,OverRange,10.742886,13.418402,-3.780109
2026/06/01 02:46:00.272,n,-3.315169,4.965532,5.667155,1.035274,OverRange,OverRange,OverRange,10.9192,13.406546,-3.842308
2026/06/01 02:47:00.273,n,-3.160053,6.046021,5.609711,1.077321,OverRange,OverRange,OverRange,10.876308,13.403304,-3.877461
2026/06/01 02:48:00.278,n,-3.013534,3.64379,4.626883,1.465684,OverRange,OverRange,OverRange,10.775208,13.394656,-3.768505
2026/06/01 02:49:00.279,n,-2.849821,3.982134,4.177398,1.167125,OverRange,OverRange,OverRange,10.953182,13.39788,-3.602724
2026/06/01 02:50:00.281,n,-2.653393,6.198732,5.175952,1.40576,OverRange,OverRange,OverRange,10.944714,13.3957,-3.415869
2026/06/01 02:51:00.283,n,-2.662374,6.589927,4.249916,1.16747,OverRange,OverRange,OverRange,10.90117,13.394656,-3.258023
2026/06/01 02:52:00.269,n,-2.55999,3.127344,4.791173,1.704628,OverRange,OverRange,OverRange,10.87711,13.401122,-3.306657
2026/06/01 02:53:00.269,n,-2.548186,6.496279,4.979406,1.727869,OverRange,OverRange,OverRange,11.063564,13.401122,-3.217239
2026/06/01 02:54:00.270,n,-2.562684,6.323375,5.044028,1.412269,OverRange,OverRange,OverRange,10.993664,13.400046,-3.310581
2026/06/01 02:55:00.276,n,-2.483908,3.565776,5.60319,1.006215,OverRange,OverRange,OverRange,10.98284,13.403304,-3.337799
2026/06/01 02:56:00.274,n,-2.542156,3.945838,4.270392,1.119481,OverRange,OverRange,OverRange,10.933864,13.414054,-3.250173
2026/06/01 02:57:00.278,n,-2.671227,6.063343,5.461571,1.136505,OverRange,OverRange,OverRange,11.151688,13.410862,-3.291043
2026/06/01 02:58:00.281,n,-2.507386,3.964298,4.208725,0.928199,OverRange,OverRange,OverRange,10.889018,13.41516,-3.258023
2026/06/01 02:59:00.279,n,-2.706638,3.849792,4.627443,1.353147,OverRange,OverRange,OverRange,11.00681,13.419444,-3.295053
2026/06/01 03:00:00.282,n,-2.559733,3.798624,4.903279,1.390611,OverRange,OverRange,OverRange,11.00148,13.423792,-3.22688
2026/06/01 03:01:00.267,n,-2.524964,6.564175,5.47714,1.477086,OverRange,OverRange,OverRange,11.070648,13.424866,-3.178247
2026/06/01 03:02:00.269,n,-2.738585,3.561616,4.557922,1.615656,OverRange,OverRange,OverRange,10.909878,13.425942,-3.404265
2026/06/01 03:03:00.271,n,-2.744358,6.563676,5.187926,1.587232,OverRange,OverRange,OverRange,11.106934,13.432376,-3.341724
2026/06/01 03:04:00.274,n,-2.829422,6.51203,4.841178,1.64544,OverRange,OverRange,OverRange,11.021414,13.433484,-3.400255
2026/06/01 03:05:00.276,n,-2.811716,6.423722,4.877526,1.81628,OverRange,OverRange,OverRange,10.986354,13.44539,-3.380716
2026/06/01 03:06:00.277,n,-3.007632,6.55875,4.775114,1.821425,OverRange,OverRange,OverRange,10.989868,13.444298,-3.468342
2026/06/01 03:07:00.279,n,-2.957851,3.141161,4.840335,1.449635,OverRange,OverRange,OverRange,10.876176,13.444298,-3.550251
2026/06/01 03:08:00.281,n,-2.872916,6.17131,5.637095,1.27659,OverRange,OverRange,OverRange,11.100392,13.443222,-3.444964
2026/06/01 03:09:00.267,n,-2.899731,6.234872,5.95452,0.577943,OverRange,OverRange,OverRange,11.022472,13.444298,-3.505457
2026/06/01 03:10:00.270,n,-3.031239,3.94533,4.70256,1.141808,OverRange,OverRange,OverRange,10.733186,13.444298,-3.561855
2026/06/01 03:11:00.270,n,-3.332747,3.688306,4.434799,1.179765,OverRange,OverRange,OverRange,10.899288,13.441008,-3.700076
2026/06/01 03:12:00.272,n,-3.443727,3.649317,4.39556,1.664399,OverRange,OverRange,OverRange,10.967648,13.438874,-3.725502
2026/06/01 03:13:00.275,n,-3.426406,6.066323,5.789358,1.251269,OverRange,OverRange,OverRange,11.00291,13.443222,-3.791713
2026/06/01 03:14:00.277,n,-3.241909,3.928364,5.486785,1.173565,OverRange,OverRange,OverRange,10.631598,13.437798,-3.787873
2026/06/01 03:15:00.281,n,-3.511213,6.225638,5.145293,1.471946,OverRange,OverRange,OverRange,10.93479,13.435616,-3.842394
2026/06/01 03:16:00.265,n,-3.473236,3.802907,4.038841,0.754471,OverRange,OverRange,OverRange,10.76418,13.429184,-3.929849
2026/06/01 03:17:00.266,n,-3.646057,3.775688,4.336148,1.217871,OverRange,OverRange,OverRange,10.919836,13.429184,-3.918501
2026/06/01 03:18:00.284,n,-3.60205,3.812537,4.733251,1.389293,OverRange,OverRange,OverRange,10.840118,13.433484,-3.926351
2026/06/01 03:19:00.269,n,-3.429486,6.178291,5.981413,0.755905,OverRange,OverRange,OverRange,10.971004,13.424866,-3.867649
2026/06/01 03:20:00.272,n,-3.546496,6.43628,4.963774,1.648221,OverRange,OverRange,OverRange,10.726812,13.424866,-3.973022
2026/06/01 03:21:00.260,n,-3.496715,6.066206,4.930531,1.610089,OverRange,OverRange,OverRange,10.85696,13.42055,-3.965087
2026/06/01 03:22:00.259,n,-3.613854,6.494459,4.978591,1.645453,OverRange,OverRange,OverRange,10.787746,13.41516,-4.019608
2026/06/01 03:23:00.262,n,-3.52584,6.271996,5.439616,1.121331,OverRange,OverRange,OverRange,10.787684,13.413012,-4.033259
2026/06/01 03:24:00.263,n,-3.646057,6.126359,5.769772,1.191064,OverRange,OverRange,OverRange,10.741124,13.408694,-4.138547
2026/06/01 03:25:00.265,n,-3.631431,3.195056,5.653744,1.207557,OverRange,OverRange,OverRange,10.695486,13.413012,-4.310044
2026/06/01 03:26:00.268,n,-3.657861,3.709708,4.196547,1.163798,OverRange,OverRange,OverRange,10.732844,13.401122,-4.288458
2026/06/01 03:27:00.269,n,-3.824524,3.72917,4.16012,1.166153,OverRange,OverRange,OverRange,10.774196,13.402196,-4.208767
2026/06/01 03:28:00.272,n,-3.710208,3.892724,3.755489,0.12127,OverRange,OverRange,OverRange,10.796464,13.400046,-4.163717
2026/06/01 03:29:00.257,n,-3.672359,4.853243,5.352925,1.077148,OverRange,OverRange,OverRange,10.83639,13.39788,-4.257485
2026/06/01 03:30:00.260,n,-3.605258,6.315151,5.828812,1.242491,OverRange,OverRange,OverRange,10.74345,13.400046,-4.333507
2026/06/01 03:31:00.262,n,-3.839279,6.275813,4.41927,1.055366,OverRange,OverRange,OverRange,10.641272,13.391448,-4.296392
2026/06/01 03:32:00.264,n,-3.95321,6.532055,4.926922,1.547308,OverRange,OverRange,OverRange,10.806294,13.383842,-4.428898
2026/06/01 03:33:00.264,n,-3.865581,6.34217,5.428494,1.315342,OverRange,OverRange,OverRange,10.72344,13.3828,-4.395878
2026/06/01 03:34:00.266,n,-3.848003,3.865648,4.741208,1.371651,OverRange,OverRange,OverRange,10.545594,13.377376,-4.567204
2026/06/01 03:35:00.269,n,-4.140786,5.923075,4.566378,1.270047,OverRange,OverRange,OverRange,10.991436,13.363386,-4.604064
2026/06/01 03:36:00.272,n,-3.847875,4.275251,5.420258,1.326242,OverRange,OverRange,OverRange,10.61237,13.36552,-4.516438
2026/06/01 03:37:00.259,n,-3.894833,6.448374,4.98836,1.546477,OverRange,OverRange,OverRange,10.866848,13.357962,-4.454067
2026/06/01 03:38:00.262,n,-3.74254,5.432044,5.270624,1.377965,OverRange,OverRange,OverRange,10.728114,13.353662,-4.428727
2026/06/01 03:39:00.261,n,-3.642979,6.512215,5.001836,1.658962,OverRange,OverRange,OverRange,10.733338,13.351528,-4.343149
2026/06/01 03:40:00.263,n,-3.733815,6.317979,4.563613,1.509973,OverRange,OverRange,OverRange,10.77677,13.34718,-4.343064
2026/06/01 03:41:00.266,n,-3.801302,6.143652,5.712976,1.252382,OverRange,OverRange,OverRange,10.852316,13.34503,-4.426765
2026/06/01 03:42:00.267,n,-3.865452,3.122518,4.136422,1.256692,OverRange,OverRange,OverRange,10.68065,13.33964,-4.424887
2026/06/01 03:43:00.269,n,-3.979769,3.366814,4.371556,0.938038,OverRange,OverRange,OverRange,10.732652,13.341774,-4.352875
2026/06/01 03:44:00.274,n,-4.035323,6.511097,5.003784,1.401775,OverRange,OverRange,OverRange,10.915126,13.334282,-4.380093
2026/06/01 03:45:00.275,n,-3.830298,3.284112,4.670264,1.376073,OverRange,OverRange,OverRange,10.66031,13.333174,-4.384018
2026/06/01 03:46:00.260,n,-3.965142,5.920227,5.034354,1.454211,OverRange,OverRange,OverRange,10.76827,13.325602,-4.514561
2026/06/01 03:47:00.261,n,-3.970916,2.973656,4.839172,1.73579,OverRange,OverRange,OverRange,10.68662,13.32021,-4.492975
2026/06/01 03:48:00.264,n,-3.921135,6.550135,5.141546,1.545426,OverRange,OverRange,OverRange,10.793606,13.318044,-4.419256
2026/06/01 03:49:00.265,n,-3.941663,3.23714,4.673487,1.535174,OverRange,OverRange,OverRange,10.687332,13.31158,-4.411321
2026/06/01 03:50:00.266,n,-4.047383,6.238715,5.284422,1.403201,OverRange,OverRange,OverRange,10.790396,13.309428,-4.487172
2026/06/01 03:51:00.269,n,-3.997346,6.723373,4.883892,1.757518,OverRange,OverRange,OverRange,10.662206,13.298648,-4.473692
2026/06/01 03:52:00.270,n,-3.930116,3.474795,5.081622,1.086082,OverRange,OverRange,OverRange,10.772538,13.299688,-4.53009
2026/06/01 03:53:00.272,n,-4.219948,6.135026,4.72365,1.21453,OverRange,OverRange,OverRange,11.01056,13.29433,-4.483333
2026/06/01 03:54:00.274,n,-4.029549,6.423203,4.829907,1.713288,OverRange,OverRange,OverRange,10.722554,13.285684,-4.586744
2026/06/01 03:55:00.259,n,-4.15259,6.219587,4.979275,1.551567,OverRange,OverRange,OverRange,10.76978,13.277052,-4.570959
2026/06/01 03:56:00.260,n,-4.082153,6.103694,4.908069,1.696955,OverRange,OverRange,OverRange,10.76886,13.278126,-4.530175
2026/06/01 03:57:00.264,n,-4.111534,3.651498,4.646544,1.533649,OverRange,OverRange,OverRange,10.566224,13.265162,-4.607989
2026/06/01 03:58:00.266,n,-4.205193,6.422213,4.989082,1.733796,OverRange,OverRange,OverRange,10.864056,13.26298,-4.625736
2026/06/01 03:59:00.267,n,-4.009149,4.099295,4.947099,1.622895,OverRange,OverRange,OverRange,10.633358,13.253306,-4.578809
2026/06/01 04:00:00.268,n,-3.733944,6.612344,4.852177,1.420734,OverRange,OverRange,OverRange,10.797792,13.25438,-4.315846
2026/06/01 04:01:00.272,n,-3.482089,6.231596,5.359312,1.438141,OverRange,OverRange,OverRange,10.753774,13.253306,-4.237861
2026/06/01 04:02:00.275,n,-3.277192,3.273177,5.178449,1.4333,OverRange,OverRange,OverRange,10.573956,13.250082,-4.06261
2026/06/01 04:03:00.275,n,-3.26834,3.125559,4.993919,1.348855,OverRange,OverRange,OverRange,10.846318,13.25438,-4.130612
2026/06/01 04:04:00.260,n,-3.001859,3.464071,4.69061,1.422895,OverRange,OverRange,OverRange,10.844258,13.25438,-3.926351
2026/06/01 04:05:00.263,n,-2.835195,3.75094,4.800944,1.404453,OverRange,OverRange,OverRange,10.814282,13.259772,-3.826865
2026/06/01 04:06:00.264,n,-2.750132,3.130193,5.11012,1.608519,OverRange,OverRange,OverRange,10.919134,13.26627,-3.688387
2026/06/01 04:07:00.272,n,-2.741407,6.393879,5.225819,1.59458,OverRange,OverRange,OverRange,11.00529,13.261938,-3.686425
2026/06/01 04:08:00.269,n,-2.765015,3.131492,4.376238,1.733532,OverRange,OverRange,OverRange,10.738658,13.274902,-3.692397
2026/06/01 04:09:00.271,n,-2.583469,3.805991,4.871615,1.415827,OverRange,OverRange,OverRange,10.922008,13.281368,-3.635915
2026/06/01 04:10:00.272,n,-2.442723,6.252418,5.526148,1.56052,OverRange,OverRange,OverRange,11.072826,13.29754,-3.538562
2026/06/01 04:11:00.278,n,-2.448881,3.244672,5.300627,1.563709,OverRange,OverRange,OverRange,10.787176,13.31158,-3.676869
2026/06/01 04:12:00.276,n,-2.621446,3.723084,3.75648,0.100079,OverRange,OverRange,OverRange,11.098826,13.318044,-3.546497
2026/06/01 04:13:00.262,n,-2.562812,3.69666,5.011428,1.544572,OverRange,OverRange,OverRange,11.047074,13.32021,-3.63199
2026/06/01 04:14:00.263,n,-2.559861,6.328146,4.600188,1.119713,OverRange,OverRange,OverRange,11.130932,13.343956,-3.554261
2026/06/01 04:15:00.265,n,-2.460556,3.640636,4.799528,1.634659,OverRange,OverRange,OverRange,11.013016,13.349346,-3.522863
2026/06/01 04:16:00.268,n,-2.542541,3.286773,4.869271,1.586575,OverRange,OverRange,OverRange,11.180324,13.361236,-3.542401
2026/06/01 04:17:00.269,n,-2.548186,3.616858,4.102836,1.201299,OverRange,OverRange,OverRange,11.157196,13.373124,-3.538562
2026/06/01 04:18:00.273,n,-2.518934,3.649292,3.812813,0.306965,OverRange,OverRange,OverRange,11.21343,13.3957,-3.400169
2026/06/01 04:19:00.273,n,-2.603869,5.993909,4.773224,1.201015,OverRange,OverRange,OverRange,11.339798,13.411936,-3.460748
2026/06/01 04:20:00.274,n,-2.4399,3.191052,5.227762,1.566723,OverRange,OverRange,OverRange,11.004898,13.41516,-3.481993
2026/06/01 04:21:00.276,n,-2.463379,6.185073,5.439143,1.268834,OverRange,OverRange,OverRange,11.162202,13.432376,-3.320393
2026/06/01 04:22:00.264,n,-2.46633,6.557727,4.170725,1.204411,OverRange,OverRange,OverRange,11.059906,13.444298,-3.376962
2026/06/01 04:23:00.265,n,-2.486858,3.689072,5.208513,1.377602,OverRange,OverRange,OverRange,10.997442,13.453972,-3.454776
2026/06/01 04:24:00.267,n,-2.565763,6.411328,5.450907,1.546874,OverRange,OverRange,OverRange,11.148846,13.466936,-3.443172
2026/06/01 04:25:00.267,n,-2.615672,3.799334,5.291354,1.40012,OverRange,OverRange,OverRange,10.78262,13.477716,-3.600847
2026/06/01 04:26:00.271,n,-2.697657,3.173857,5.36705,1.651707,OverRange,OverRange,OverRange,10.912724,13.489608,-3.627979
2026/06/01 04:27:00.271,n,-3.048945,6.515117,4.986066,1.567979,OverRange,OverRange,OverRange,11.061692,13.489608,-3.803316
2026/06/01 04:28:00.275,n,-2.928855,6.418241,5.021022,1.581246,OverRange,OverRange,OverRange,10.940146,13.507866,-3.690521
2026/06/01 04:29:00.275,n,-3.139653,6.189123,5.2182,1.470186,OverRange,OverRange,OverRange,10.940334,13.507866,-3.842479
2026/06/01 04:30:00.278,n,-3.14825,3.212093,4.800663,1.659189,OverRange,OverRange,OverRange,10.806102,13.516498,-3.782156
2026/06/01 04:31:00.263,n,-3.16865,6.503515,5.378633,1.591923,OverRange,OverRange,OverRange,10.97106,13.518712,-3.813128
2026/06/01 04:32:00.269,n,-3.39446,6.176793,5.299038,1.32725,OverRange,OverRange,OverRange,10.931702,13.525178,-4.008089
2026/06/01 04:33:00.267,n,-3.373803,6.499302,4.861706,1.650101,OverRange,OverRange,OverRange,10.88383,13.527346,-3.996144
2026/06/01 04:34:00.270,n,-3.379576,6.351236,4.805301,1.583391,OverRange,OverRange,OverRange,10.914886,13.52943,-3.939746
2026/06/01 04:35:00.271,n,-3.596277,6.494793,4.863941,1.800036,OverRange,OverRange,OverRange,10.841442,13.534854,-4.113291
2026/06/01 04:36:00.273,n,-3.467591,6.511475,4.818974,1.821357,OverRange,OverRange,OverRange,10.889064,13.533778,-3.994438
2026/06/01 04:37:00.276,n,-3.610775,6.538143,5.304464,1.445385,OverRange,OverRange,OverRange,10.872026,13.532688,-4.002031
2026/06/01 04:38:00.280,n,-3.748313,3.44671,4.7664,1.54935,OverRange,OverRange,OverRange,10.767498,13.530538,-4.126857
2026/06/01 04:39:00.280,n,-3.798095,6.349028,5.405775,1.36963,OverRange,OverRange,OverRange,10.924546,13.527346,-4.185218
2026/06/01 04:40:00.266,n,-3.637333,3.278737,4.760183,1.720119,OverRange,OverRange,OverRange,10.697496,13.532688,-4.109281
2026/06/01 04:41:00.268,n,-3.607952,6.448093,5.003151,1.664713,OverRange,OverRange,OverRange,10.903218,13.52192,-4.113206
2026/06/01 04:42:00.270,n,-3.610775,3.831034,3.970655,1.257708,OverRange,OverRange,OverRange,10.734314,13.517606,-4.142471
2026/06/01 04:43:00.272,n,-3.663507,6.148103,6.178535,0.298234,OverRange,OverRange,OverRange,10.883698,13.512216,-4.152198
2026/06/01 04:44:00.275,n,-3.572669,6.166418,5.690693,1.224298,OverRange,OverRange,OverRange,10.72286,13.513288,-4.130697
2026/06/01 04:45:00.276,n,-3.484911,6.009526,4.552757,1.409335,OverRange,OverRange,OverRange,10.76121,13.508972,-4.041194
2026/06/01 04:46:00.276,n,-3.514293,3.679941,4.741857,1.656842,OverRange,OverRange,OverRange,10.66037,13.505748,-4.062695
2026/06/01 04:47:00.278,n,-3.528791,3.798121,4.940178,1.65483,OverRange,OverRange,OverRange,10.75793,13.50254,-4.002117
2026/06/01 04:48:00.280,n,-3.508519,5.488224,5.096334,1.346975,OverRange,OverRange,OverRange,10.932618,13.499282,-4.002117
2026/06/01 04:49:00.267,n,-3.742668,6.329501,5.193332,1.44621,OverRange,OverRange,OverRange,10.807454,13.4885,-4.134792
2026/06/01 04:50:00.268,n,-3.578699,2.95896,5.090728,1.629302,OverRange,OverRange,OverRange,10.684342,13.487426,-4.119264
2026/06/01 04:51:00.270,n,-3.640156,6.651703,4.850769,1.6087,OverRange,OverRange,OverRange,10.86647,13.476644,-4.041109
2026/06/01 04:52:00.272,n,-3.730865,6.573625,4.911553,1.529411,OverRange,OverRange,OverRange,10.79653,13.47876,-4.132745
2026/06/01 04:53:00.561,n,-3.596277,6.73272,4.655075,1.436691,OverRange,OverRange,OverRange,10.688634,13.477474,-4.041109
2026/06/01 04:54:00.277,n,-3.859422,4.87103,5.093475,1.624477,OverRange,OverRange,OverRange,10.65444,13.467734,-4.194774
2026/06/01 04:55:00.277,n,-4.040712,6.35071,4.785037,1.475012,OverRange,OverRange,OverRange,10.758668,13.458044,-4.302024
2026/06/01 04:56:00.279,n,-4.064447,6.538963,4.9056,1.562386,OverRange,OverRange,OverRange,10.664974,13.45915,-4.413028
2026/06/01 04:57:00.281,n,-4.146303,6.085974,5.243285,1.676044,OverRange,OverRange,OverRange,10.686214,13.45052,-4.41499
2026/06/01 04:58:00.266,n,-4.105247,3.571158,4.410597,1.516652,OverRange,OverRange,OverRange,10.539018,13.447262,-4.438283
2026/06/01 04:59:00.269,n,-4.166703,3.624268,4.738481,1.555033,OverRange,OverRange,OverRange,10.648982,13.431088,-4.395537
2026/06/01 05:00:00.270,n,-4.064447,6.42298,5.211715,1.54116,OverRange,OverRange,OverRange,10.736714,13.42355,-4.337091
2026/06/01 05:01:00.273,n,-4.026213,3.574257,4.776891,0.935656,OverRange,OverRange,OverRange,10.523642,13.414884,-4.362346
2026/06/01 05:02:00.274,n,-4.003119,6.474058,4.898144,1.560219,OverRange,OverRange,OverRange,10.723338,13.4063,-4.300061
2026/06/01 05:03:00.276,n,-4.02044,4.769353,5.092692,1.307844,OverRange,OverRange,OverRange,10.44454,13.397668,-4.379923
2026/06/01 05:04:00.262,n,-4.099473,3.651015,4.754383,1.5171,OverRange,OverRange,OverRange,10.630412,13.393304,-4.325487
2026/06/01 05:05:00.280,n,-4.442165,4.300146,4.273383,1.132029,OverRange,OverRange,OverRange,10.620912,13.377164,-4.586488
2026/06/01 05:06:00.283,n,-4.377758,4.153047,4.359557,1.252336,OverRange,OverRange,OverRange,10.404994,13.362066,-4.54758
2026/06/01 05:07:00.268,n,-4.328106,4.37741,4.942137,1.382273,OverRange,OverRange,OverRange,10.48441,13.359884,-4.506284
2026/06/01 05:08:00.270,n,-4.254718,5.727557,5.743768,1.277927,OverRange,OverRange,OverRange,10.503506,13.33832,-4.51823
2026/06/01 05:09:00.275,n,-4.3512,5.968633,5.202401,1.510231,OverRange,OverRange,OverRange,10.64972,13.32863,-4.564986
2026/06/01 05:10:00.275,n,-4.272167,3.397974,4.972016,1.508193,OverRange,OverRange,OverRange,10.423192,13.32104,-4.62548
2026/06/01 05:11:00.261,n,-4.494898,3.868959,4.049576,0.346949,OverRange,OverRange,OverRange,10.430272,13.299478,-4.606112
2026/06/01 05:12:00.279,n,-4.591508,3.623109,3.712438,0.08086,OverRange,OverRange,OverRange,10.607082,13.288662,-4.674113
2026/06/01 05:13:00.264,n,-4.612036,6.236165,5.606621,1.339422,OverRange,OverRange,OverRange,10.69926,13.280048,-4.851583
2026/06/01 05:14:00.268,n,-4.456663,6.387059,5.283444,1.307773,OverRange,OverRange,OverRange,10.352818,13.267086,-4.726928
2026/06/01 05:15:00.269,n,-4.368905,4.995266,5.161805,1.362418,OverRange,OverRange,OverRange,10.368984,13.25088,-4.759777
2026/06/01 05:16:00.271,n,-4.430362,3.430282,5.196051,1.459899,OverRange,OverRange,OverRange,10.401006,13.235816,-4.75807
2026/06/01 05:17:00.273,n,-4.717371,3.86303,3.823291,0.1162,OverRange,OverRange,OverRange,10.477788,13.241696,-4.828205
2026/06/01 05:18:00.258,n,-4.389818,3.451471,4.320152,1.212196,OverRange,OverRange,OverRange,10.463202,13.222234,-4.684267
2026/06/01 05:19:00.260,n,-4.386867,3.325432,4.845861,1.841325,OverRange,OverRange,OverRange,10.456224,13.211486,-4.709522
2026/06/01 05:20:00.263,n,-4.337086,3.207165,5.084151,1.592122,OverRange,OverRange,OverRange,10.421098,13.206614,-4.602443
2026/06/01 05:21:00.265,n,-4.684783,6.51856,4.998073,1.692872,OverRange,OverRange,OverRange,10.498734,13.183946,-4.847317
2026/06/01 05:22:00.267,n,-4.778571,3.216694,4.648256,1.219083,OverRange,OverRange,OverRange,10.351338,13.16989,-4.929141
2026/06/01 05:23:00.267,n,-4.685039,3.747519,4.134908,1.174756,OverRange,OverRange,OverRange,10.4345,13.156928,-4.945011
2026/06/01 05:24:00.270,n,-4.523893,3.143006,5.203314,1.545934,OverRange,OverRange,OverRange,10.527684,13.143966,-4.892026
2026/06/01 05:25:00.273,n,-4.626405,3.393688,4.48611,1.227996,OverRange,OverRange,OverRange,10.496144,13.129942,-4.968219
2026/06/01 05:26:00.258,n,-4.623455,6.484206,4.176116,1.13204,OverRange,OverRange,OverRange,10.621266,13.124552,-4.876497
2026/06/01 05:27:00.260,n,-4.564949,6.19276,5.401201,1.234106,OverRange,OverRange,OverRange,10.538876,13.108316,-4.907896
2026/06/01 05:28:00.261,n,-4.406754,3.785627,4.827404,1.239693,OverRange,OverRange,OverRange,10.358586,13.105092,-4.859177
2026/06/01 05:29:00.262,n,-4.617681,5.197572,5.150542,1.388052,OverRange,OverRange,OverRange,10.574326,13.087812,-4.903886
2026/06/01 05:30:00.265,n,-4.611908,5.531801,5.553603,1.073818,OverRange,OverRange,OverRange,10.554372,13.077032,-4.929312
2026/06/01 05:31:00.266,n,-4.468211,6.244623,5.691662,1.141274,OverRange,OverRange,OverRange,10.458842,13.07376,-4.905934
2026/06/01 05:32:00.269,n,-4.456407,6.115134,6.190621,0.070269,OverRange,OverRange,OverRange,10.363464,13.060796,-4.781107
2026/06/01 05:33:00.271,n,-4.482708,6.109924,5.472188,1.298298,OverRange,OverRange,OverRange,10.379812,13.047832,-4.77138
2026/06/01 05:34:00.260,n,-4.482836,6.339244,5.422159,1.457157,OverRange,OverRange,OverRange,10.302766,13.032704,-4.845526
2026/06/01 05:35:00.257,n,-4.5679,6.54543,5.21441,1.555848,OverRange,OverRange,OverRange,10.340846,13.027314,-4.83375
2026/06/01 05:36:00.259,n,-4.78165,3.543526,3.821081,0.459401,OverRange,OverRange,OverRange,10.26828,13.029464,-4.868903
2026/06/01 05:37:00.266,n,-4.307834,3.725081,4.145325,1.145178,OverRange,OverRange,OverRange,10.386856,13.010004,-4.493316
2026/06/01 05:38:00.264,n,-4.301933,3.281193,4.652209,1.456469,OverRange,OverRange,OverRange,10.46812,12.998084,-4.698004
2026/06/01 05:39:00.265,n,-4.257797,6.555485,4.963424,1.636157,OverRange,OverRange,OverRange,10.448284,12.985136,-4.715409
2026/06/01 05:40:00.267,n,-4.128854,6.309743,5.693803,1.141784,OverRange,OverRange,OverRange,10.381552,12.97649,-4.676502
2026/06/01 05:41:00.270,n,-3.941791,3.263862,4.869653,1.724176,OverRange,OverRange,OverRange,10.227818,12.966784,-4.563365
2026/06/01 05:42:00.272,n,-4.140786,6.186761,5.775843,1.206386,OverRange,OverRange,OverRange,10.429048,12.955874,-4.674454
2026/06/01 05:43:00.259,n,-4.032372,3.544728,5.278458,1.278686,OverRange,OverRange,OverRange,10.102676,12.948318,-4.47574
2026/06/01 05:44:00.259,n,-4.231495,3.716313,4.166523,0.67969,OverRange,OverRange,OverRange,10.308462,12.93327,-4.647152
2026/06/01 05:45:00.263,n,-4.205193,6.098148,4.556286,1.018044,OverRange,OverRange,OverRange,10.520946,12.92472,-4.692031
2026/06/01 05:46:00.265,n,-4.178764,6.168033,5.368641,1.408524,OverRange,OverRange,OverRange,10.3195,12.918256,-4.80312
2026/06/01 05:47:00.266,n,-3.95924,6.502154,5.028356,1.559522,OverRange,OverRange,OverRange,10.230114,12.908616,-4.797318
2026/06/01 05:48:00.268,n,-3.84223,6.340492,6.205168,0.093113,OverRange,OverRange,OverRange,10.260198,12.906466,-4.848
2026/06/01 05:49:00.268,n,-3.891882,6.433551,5.578303,1.213767,OverRange,OverRange,OverRange,10.260188,12.900034,-4.697833
2026/06/01 05:50:00.272,n,-3.669408,3.780079,4.519326,1.515786,OverRange,OverRange,OverRange,10.195918,12.898926,-4.46405
2026/06/01 05:51:00.273,n,-3.792321,3.337104,4.579217,1.420362,OverRange,OverRange,OverRange,10.31007,12.892494,-4.411236
2026/06/01 05:52:00.258,n,-3.745491,3.926472,4.210891,1.17841,OverRange,OverRange,OverRange,10.305268,12.892494,-4.337433
2026/06/01 05:53:00.260,n,-3.932939,3.765013,4.537679,1.41313,OverRange,OverRange,OverRange,10.376644,12.88603,-4.43086
2026/06/01 05:54:00.265,n,-4.084975,3.480597,3.79635,0.38409,OverRange,OverRange,OverRange,10.376882,12.883896,-4.473692
2026/06/01 05:55:00.264,n,-4.070349,3.467962,4.74254,1.651829,OverRange,OverRange,OverRange,10.38295,12.881746,-4.635377
2026/06/01 05:56:00.266,n,-3.774872,5.611492,5.017478,1.430468,OverRange,OverRange,OverRange,10.32458,12.884988,-4.432907
2026/06/01 05:57:00.268,n,-3.613469,4.115396,5.872996,0.868373,OverRange,OverRange,OverRange,10.362854,12.88603,-4.43487
2026/06/01 05:58:00.270,n,-3.681084,4.310128,4.001773,0.87441,OverRange,OverRange,OverRange,10.335342,12.878524,-4.296393
2026/06/01 05:59:00.271,n,-3.765891,3.611143,3.717118,0.094585,OverRange,OverRange,OverRange,10.316906,12.881746,-4.300402
2026/06/01 06:00:00.275,n,-3.760117,3.828503,4.156273,0.914794,OverRange,OverRange,OverRange,10.366628,12.879598,-4.197078
2026/06/01 06:01:00.259,n,-3.745491,3.204017,5.083833,1.585507,OverRange,OverRange,OverRange,10.232204,12.880704,-4.269089
2026/06/01 06:02:00.262,n,-3.757038,6.098795,5.769922,0.787741,OverRange,OverRange,OverRange,10.491898,12.879598,-4.249551
2026/06/01 06:03:00.263,n,-3.868531,6.052681,5.090732,1.385285,OverRange,OverRange,OverRange,10.337468,12.873166,-4.335385
2026/06/01 06:04:00.265,n,-4.023904,6.56484,4.942985,1.716124,OverRange,OverRange,OverRange,10.271292,12.872058,-4.53427
2026/06/01 06:05:00.266,n,-4.067526,6.501398,5.481307,1.481908,OverRange,OverRange,OverRange,10.216568,12.872058,-4.534271
2026/06/01 06:06:00.271,n,-4.014923,3.697423,4.757904,1.586254,OverRange,OverRange,OverRange,10.086874,12.873166,-4.462003
2026/06/01 06:07:00.271,n,-4.134756,3.190673,5.036261,1.363091,OverRange,OverRange,OverRange,10.268342,12.866734,-4.495278
2026/06/01 06:08:00.273,n,-4.070734,3.421003,5.194226,1.538505,OverRange,OverRange,OverRange,10.257976,12.861342,-4.557648
2026/06/01 06:09:00.274,n,-4.193518,4.018131,4.9732,1.48635,OverRange,OverRange,OverRange,10.276062,12.864566,-4.584952
2026/06/01 06:10:00.260,n,-4.091005,5.75985,5.176749,1.459345,OverRange,OverRange,OverRange,10.401098,12.859194,-4.565243
2026/06/01 06:11:00.261,n,-4.190311,6.107069,6.104968,0.022508,OverRange,OverRange,OverRange,10.30953,12.859194,-4.676417
2026/06/01 06:12:00.265,n,-4.102681,3.033047,4.852846,1.513796,OverRange,OverRange,OverRange,10.146618,12.850628,-4.606282
2026/06/01 06:13:00.266,n,-4.029293,6.194253,5.335955,1.184395,OverRange,OverRange,OverRange,10.406784,12.857028,-4.506882
2026/06/01 06:14:00.269,n,-3.965142,5.245948,4.691661,1.646724,OverRange,OverRange,OverRange,10.077592,12.851686,-4.50108
2026/06/01 06:15:00.270,n,-4.090878,5.501401,5.275731,1.591524,OverRange,OverRange,OverRange,10.27359,12.847404,-4.635377
2026/06/01 06:16:00.273,n,-3.871611,3.702665,5.108019,1.403317,OverRange,OverRange,OverRange,10.08934,12.845238,-4.584952
2026/06/01 06:17:00.273,n,-3.985542,3.779899,4.31546,1.043854,OverRange,OverRange,OverRange,10.267732,12.839848,-4.539987
2026/06/01 06:18:00.276,n,-3.909459,3.799287,4.76557,1.250125,OverRange,OverRange,OverRange,10.310818,12.843088,-4.54195
2026/06/01 06:19:00.262,n,-3.830298,3.874132,3.959631,0.920961,OverRange,OverRange,OverRange,10.315028,12.843088,-4.428812
2026/06/01 06:20:00.262,n,-3.736895,3.332775,4.509177,1.590945,OverRange,OverRange,OverRange,10.286052,12.847404,-4.347159
2026/06/01 06:21:00.265,n,-3.634254,6.74535,5.035851,1.463177,OverRange,OverRange,OverRange,10.303534,12.843088,-4.278901
2026/06/01 06:22:00.268,n,-3.473365,3.070798,4.985426,1.523787,OverRange,OverRange,OverRange,10.124676,12.849522,-4.210729
2026/06/01 06:23:00.268,n,-3.499538,5.335937,4.185114,0.948789,OverRange,OverRange,OverRange,10.40475,12.858134,-3.984626
2026/06/01 06:24:00.271,n,-3.569718,3.239645,5.653066,1.18501,OverRange,OverRange,OverRange,10.321046,12.853836,-4.189314
2026/06/01 06:25:00.276,n,-3.528662,3.844133,5.056342,1.242729,OverRange,OverRange,OverRange,10.300644,12.854878,-4.017816
2026/06/01 06:26:00.276,n,-3.499538,3.685264,4.501787,1.563557,OverRange,OverRange,OverRange,10.312002,12.857028,-4.076176
2026/06/01 06:27:00.278,n,-3.557915,4.61538,5.010444,1.219971,OverRange,OverRange,OverRange,10.398576,12.861342,-4.177539
2026/06/01 06:28:00.262,n,-3.365078,6.666545,5.255787,1.552834,OverRange,OverRange,OverRange,10.365712,12.862416,-4.134707
2026/06/01 06:29:00.263,n,-3.241781,3.78346,4.888022,1.56874,OverRange,OverRange,OverRange,10.186712,12.862416,-3.976861
2026/06/01 06:30:00.265,n,-3.168521,5.243471,5.986242,0.417384,OverRange,OverRange,OverRange,10.510208,12.864566,-3.857922
2026/06/01 06:31:00.269,n,-3.060364,3.559875,4.960186,1.265707,OverRange,OverRange,OverRange,10.294552,12.873166,-3.898962
2026/06/01 06:32:00.272,n,-3.08102,6.13361,5.114779,1.293097,OverRange,OverRange,OverRange,10.39505,12.883896,-3.754683
2026/06/01 06:33:00.271,n,-3.192129,6.030033,5.282973,1.44771,OverRange,OverRange,OverRange,10.39086,12.879598,-3.941794
2026/06/01 06:34:00.273,n,-2.972477,3.781178,3.983732,1.273487,OverRange,OverRange,OverRange,10.19743,12.884988,-3.83079
2026/06/01 06:35:00.281,n,-2.867142,4.27862,4.48687,1.264934,OverRange,OverRange,OverRange,10.424252,12.900034,-3.725588
2026/06/01 06:36:00.281,n,-2.823392,6.267942,5.780517,1.185883,OverRange,OverRange,OverRange,10.501246,12.904284,-3.696237
2026/06/01 06:37:00.264,n,-2.785415,6.791844,4.796984,1.49983,OverRange,OverRange,OverRange,10.27795,12.912898,-3.643849
2026/06/01 06:38:00.266,n,-2.840969,3.949046,4.964887,1.127738,OverRange,OverRange,OverRange,10.244308,12.92148,-3.706049
2026/06/01 06:39:00.269,n,-2.919618,3.548403,4.346351,0.970425,OverRange,OverRange,OverRange,10.495992,12.92472,-3.616461
2026/06/01 06:40:00.269,n,-2.679695,3.585853,5.09139,1.411537,OverRange,OverRange,OverRange,10.449494,12.936512,-3.513051
2026/06/01 06:41:00.271,n,-2.788237,4.019933,4.259221,1.116622,OverRange,OverRange,OverRange,10.422974,12.945158,-3.501532
2026/06/01 06:42:00.273,n,-2.747181,3.76321,3.725181,0.12241,OverRange,OverRange,OverRange,10.513606,12.954766,-3.406142
2026/06/01 06:43:00.276,n,-2.741408,6.147208,5.807059,0.86184,OverRange,OverRange,OverRange,10.703232,12.973218,-3.476192
2026/06/01 06:44:00.277,n,-2.481085,5.23346,5.992616,0.37889,OverRange,OverRange,OverRange,10.464794,12.979746,-3.394453
2026/06/01 06:45:00.280,n,-2.487115,6.132978,6.015282,0.601621,OverRange,OverRange,OverRange,10.56184,12.99056,-3.308704
2026/06/01 06:46:00.265,n,-2.419372,4.338033,5.047593,1.286015,OverRange,OverRange,OverRange,10.276372,13.00134,-3.211352
2026/06/01 06:47:00.269,n,-2.38704,5.606726,5.714742,0.91727,OverRange,OverRange,OverRange,10.529928,13.019872,-3.156746
2026/06/01 06:48:00.272,n,-2.802735,3.582928,4.747056,1.495374,OverRange,OverRange,OverRange,10.43858,13.023146,-3.298722
2026/06/01 06:49:00.275,n,-2.852388,3.348465,4.889367,1.74276,OverRange,OverRange,OverRange,10.53771,13.041498,-3.271333
2026/06/01 06:50:00.273,n,-2.788109,6.419681,5.167052,1.591308,OverRange,OverRange,OverRange,10.60053,13.046888,-3.296759
2026/06/01 06:51:00.274,n,-2.74423,4.105147,4.008491,0.649098,OverRange,OverRange,OverRange,10.390646,13.056562,-3.314165
2026/06/01 06:52:00.278,n,-2.73217,6.160096,5.431694,1.133347,OverRange,OverRange,OverRange,10.644726,13.070632,-3.236181
2026/06/01 06:53:00.279,n,-2.899218,3.869401,4.359089,0.927379,OverRange,OverRange,OverRange,10.290512,13.073874,-3.433104
2026/06/01 06:54:00.281,n,-2.864063,3.71621,4.943325,1.237878,OverRange,OverRange,OverRange,10.47289,13.081478,-3.341383
2026/06/01 06:55:00.269,n,-3.019307,3.915311,4.098851,0.619756,OverRange,OverRange,OverRange,10.584768,13.091184,-3.362884
2026/06/01 06:56:00.268,n,-2.946047,5.218814,4.401137,1.205279,OverRange,OverRange,OverRange,10.54297,13.104146,-3.440868
2026/06/01 06:57:00.271,n,-3.024952,6.053275,4.826752,1.483017,OverRange,OverRange,OverRange,10.657014,13.109506,-3.477813
2026/06/01 06:58:00.272,n,-2.946047,3.670776,4.852149,1.491933,OverRange,OverRange,OverRange,10.459564,13.122484,-3.473973
2026/06/01 06:59:00.279,n,-2.743973,3.388754,4.779603,1.55278,OverRange,OverRange,OverRange,10.54797,13.125742,-3.351195
2026/06/01 07:00:00.276,n,-2.907942,3.888908,4.727834,1.295659,OverRange,OverRange,OverRange,10.573268,13.134406,-3.493426
2026/06/01 07:01:00.279,n,-2.899089,5.683522,4.94339,1.449895,OverRange,OverRange,OverRange,10.649364,13.14087,-3.427217
2026/06/01 07:02:00.281,n,-2.799785,6.074649,5.206887,1.238823,OverRange,OverRange,OverRange,10.681962,13.152726,-3.411688
2026/06/01 07:03:00.283,n,-2.530481,3.114021,4.65132,1.607004,OverRange,OverRange,OverRange,10.545674,13.1603,-3.41749
2026/06/01 07:04:00.268,n,-2.545235,5.696511,5.154726,1.350592,OverRange,OverRange,OverRange,10.699286,13.167888,-3.296759
2026/06/01 07:05:00.270,n,-2.562684,3.697831,5.513706,1.261085,OverRange,OverRange,OverRange,10.541768,13.174322,-3.325939
2026/06/01 07:06:00.271,n,-2.838018,5.430251,4.049891,0.684731,OverRange,OverRange,OverRange,10.656138,13.179712,-3.473973
2026/06/01 07:07:00.273,n,-2.659423,4.439804,5.056904,1.415267,OverRange,OverRange,OverRange,10.622244,13.195916,-3.365017
2026/06/01 07:08:00.276,n,-2.700223,3.613233,4.456488,1.618586,OverRange,OverRange,OverRange,10.562022,13.194858,-3.3843
2026/06/01 07:09:00.277,n,-2.623884,6.567988,5.166075,1.628746,OverRange,OverRange,OverRange,10.776052,13.205704,-3.263569
2026/06/01 07:10:00.279,n,-2.6974,3.602655,4.405672,1.599679,OverRange,OverRange,OverRange,10.512752,13.209954,-3.493341
2026/06/01 07:11:00.281,n,-2.720751,6.594442,5.222067,1.509644,OverRange,OverRange,OverRange,10.739264,13.217526,-3.433019
2026/06/01 07:12:00.283,n,-2.641718,6.421151,4.91983,1.726638,OverRange,OverRange,OverRange,10.682074,13.232624,-3.403838
2026/06/01 07:13:00.270,n,-2.606435,6.682911,4.958658,1.72533,OverRange,OverRange,OverRange,10.64653,13.228668,-3.50887
2026/06/01 07:14:00.270,n,-2.597839,6.576564,4.753536,1.455572,OverRange,OverRange,OverRange,10.68752,13.229742,-3.386347
2026/06/01 07:15:00.272,n,-2.875995,6.672203,4.424855,1.720025,OverRange,OverRange,OverRange,10.650372,13.237314,-3.641546
2026/06/01 07:16:00.276,n,-2.679694,6.520128,4.640001,1.482448,OverRange,OverRange,OverRange,10.665914,13.245946,-3.407848
2026/06/01 07:17:00.276,n,-2.518805,3.797859,4.477345,1.580564,OverRange,OverRange,OverRange,10.651692,13.254594,-3.382593
2026/06/01 07:18:00.280,n,-2.451447,6.735431,4.711035,1.499119,OverRange,OverRange,OverRange,10.69312,13.261058,-3.288995
2026/06/01 07:19:00.281,n,-2.401538,3.10577,4.283531,1.468319,OverRange,OverRange,OverRange,10.622494,13.263226,-3.304694
2026/06/01 07:20:00.282,n,-2.375493,3.635808,4.455985,1.620533,OverRange,OverRange,OverRange,10.61311,13.272916,-3.224748
2026/06/01 07:21:00.268,n,-2.425402,6.112974,5.141487,1.476167,OverRange,OverRange,OverRange,10.778168,13.275082,-3.283278
2026/06/01 07:22:00.271,n,-2.41347,6.599614,5.364256,1.501564,OverRange,OverRange,OverRange,10.630676,13.283728,-3.242409
2026/06/01 07:23:00.271,n,-2.284656,5.915794,4.922684,1.5453,OverRange,OverRange,OverRange,10.61054,13.288078,-3.203332
2026/06/01 07:24:00.257,n,-2.220505,3.203171,4.98835,1.391604,OverRange,OverRange,OverRange,10.546362,13.302084,-3.096167
2026/06/01 07:25:00.261,n,-2.278882,3.269381,4.902702,1.803061,OverRange,OverRange,OverRange,10.563788,13.303176,-3.197615
2026/06/01 07:26:00.261,n,-2.205751,3.420353,4.88428,1.259058,OverRange,OverRange,OverRange,10.559332,13.312864,-3.092413
2026/06/01 07:27:00.262,n,-2.097465,6.466097,5.020411,1.670015,OverRange,OverRange,OverRange,10.65148,13.318254,-2.989173
2026/06/01 07:28:00.265,n,-2.038959,6.350789,4.917132,1.321034,OverRange,OverRange,OverRange,10.581178,13.32368,-3.045571
2026/06/01 07:29:00.268,n,-1.980582,6.251259,5.129765,1.433967,OverRange,OverRange,OverRange,10.654812,13.329038,-2.987296
2026/06/01 07:30:00.269,n,-1.983149,6.363319,4.668565,1.488144,OverRange,OverRange,OverRange,10.71166,13.344168,-2.886019
2026/06/01 07:31:00.273,n,-1.866266,6.589688,4.971761,1.809452,OverRange,OverRange,OverRange,10.712626,13.342,-2.901377
2026/06/01 07:32:00.255,n,-1.813791,3.674129,4.446758,1.59807,OverRange,OverRange,OverRange,10.644868,13.349558,-2.794383
2026/06/01 07:33:00.260,n,-1.807633,4.300808,5.069041,1.572706,OverRange,OverRange,OverRange,10.775066,13.351708,-2.689266
2026/06/01 07:34:00.260,n,-1.708328,6.461597,5.069254,1.523024,OverRange,OverRange,OverRange,10.759892,13.364672,-2.611538
2026/06/01 07:35:00.262,n,-1.722954,3.672977,4.65489,1.501956,OverRange,OverRange,OverRange,10.66445,13.372196,-2.679454
2026/06/01 07:36:00.264,n,-1.892825,4.180281,5.76729,0.814938,OverRange,OverRange,OverRange,10.833074,13.368956,-2.681417
2026/06/01 07:37:00.266,n,-1.708328,6.296259,4.59324,1.370894,OverRange,OverRange,OverRange,10.783086,13.378728,-2.523826
2026/06/01 07:38:00.268,n,-1.45968,3.690025,5.49972,1.051834,OverRange,OverRange,OverRange,10.624432,13.378728,-2.482872
2026/06/01 07:39:00.269,n,-1.269282,3.438497,5.402777,1.351653,OverRange,OverRange,OverRange,10.674622,13.385194,-2.268628
2026/06/01 07:40:00.273,n,-1.023842,3.82269,5.147085,1.188076,OverRange,OverRange,OverRange,10.663754,13.3927,-2.118803
2026/06/01 07:41:00.258,n,-0.792515,3.881715,4.538426,1.438194,OverRange,OverRange,OverRange,10.659144,13.39705,-1.822906
2026/06/01 07:42:00.263,n,-0.789436,6.410076,5.476155,1.195883,OverRange,OverRange,OverRange,10.815236,13.40029,-1.788009
2026/06/01 07:43:00.261,n,-0.412488,3.87561,4.58205,1.252998,OverRange,OverRange,OverRange,10.607896,13.406724,-1.575728
2026/06/01 07:44:00.267,n,-0.143184,3.866389,4.174182,1.148301,OverRange,OverRange,OverRange,10.670094,13.40998,-1.291605
2026/06/01 07:45:00.268,n,0.055554,3.799779,4.546832,1.032369,OverRange,OverRange,OverRange,10.672914,13.412148,-1.097071
2026/06/01 07:46:00.268,n,0.336405,6.382073,5.331735,1.582827,OverRange,OverRange,OverRange,10.795086,13.417522,-0.783939
2026/06/01 07:47:00.273,n,0.620079,6.008077,5.279518,1.47163,OverRange,OverRange,OverRange,10.686046,13.418614,-0.527034
2026/06/01 07:48:00.273,n,0.786742,6.414081,4.911003,1.447102,OverRange,OverRange,OverRange,10.625844,13.424036,-0.377379
2026/06/01 07:49:00.258,n,1.073238,3.992298,4.457208,1.448404,OverRange,OverRange,OverRange,10.587494,13.42508,-0.254772
2026/06/01 07:50:00.260,n,1.397583,6.423492,5.386024,1.510683,OverRange,OverRange,OverRange,10.70987,13.425292,0.069964
2026/06/01 07:51:00.262,n,1.72552,3.807304,4.457318,1.413033,OverRange,OverRange,OverRange,10.54949,13.423124,0.313217
2026/06/01 07:52:00.265,n,2.035239,6.030519,5.524986,1.20628,OverRange,OverRange,OverRange,10.788972,13.425292,0.680699
2026/06/01 07:53:00.266,n,2.505718,6.380504,5.210253,1.482342,OverRange,OverRange,OverRange,10.661504,13.42959,0.88496
2026/06/01 07:54:00.269,n,2.949768,6.202728,4.621891,1.467163,OverRange,OverRange,OverRange,10.653916,13.42959,1.394162
2026/06/01 07:55:00.272,n,3.198031,3.350942,5.235282,1.447336,OverRange,OverRange,OverRange,10.666082,13.432864,1.592536
2026/06/01 07:56:00.273,n,3.47298,3.650513,5.042679,1.109254,OverRange,OverRange,OverRange,10.655478,13.43609,2.029471
2026/06/01 07:57:00.275,n,4.054183,5.132239,5.741517,0.635827,OverRange,OverRange,OverRange,10.7104,13.440372,2.690375
2026/06/01 07:58:00.262,n,4.731741,6.345303,4.553424,1.450177,OverRange,OverRange,OverRange,10.623474,13.44148,3.216642
2026/06/01 07:59:00.263,n,5.368113,3.432592,4.550001,1.495687,OverRange,OverRange,OverRange,10.616568,13.44793,3.746577
2026/06/01 08:00:00.264,n,5.292545,6.096123,4.888998,1.267007,OverRange,OverRange,OverRange,10.713842,13.44687,3.971998
2026/06/01 08:01:00.266,n,5.03838,4.394276,4.897261,1.317456,OverRange,OverRange,OverRange,10.686172,13.454428,3.892563
2026/06/01 08:02:00.267,n,5.771364,6.449088,4.908533,1.695702,OverRange,OverRange,OverRange,10.735112,13.450112,4.436065
2026/06/01 08:03:00.269,n,6.65292,6.18429,5.183263,1.466619,OverRange,OverRange,OverRange,10.736446,13.454428,4.958065
2026/06/01 08:04:00.274,n,8.161098,6.086076,4.81077,1.406599,OverRange,OverRange,OverRange,10.70548,13.458728,6.088497
2026/06/01 08:05:00.273,n,9.189302,3.818486,4.110239,0.966499,OverRange,OverRange,OverRange,10.602478,13.461968,7.242563
2026/06/01 08:06:00.276,n,9.177884,3.20461,5.11823,1.131211,OverRange,OverRange,OverRange,10.75504,13.46736,7.47609
2026/06/01 08:07:00.260,n,9.772174,3.712078,4.682927,1.338858,OverRange,OverRange,OverRange,10.690272,13.471676,7.861575
2026/06/01 08:08:00.263,n,10.841048,6.000516,4.841882,1.441798,OverRange,OverRange,OverRange,10.747116,13.470616,8.756434
2026/06/01 08:09:00.265,n,10.91123,3.10111,4.793322,1.70472,OverRange,OverRange,OverRange,10.713304,13.477068,9.112568
2026/06/01 08:10:00.267,n,9.980022,3.112071,4.773886,1.827486,OverRange,OverRange,OverRange,10.741486,13.481366,8.552086
2026/06/01 08:11:00.270,n,10.202752,6.444968,4.699939,1.472624,OverRange,OverRange,OverRange,10.820958,13.485714,8.947212
2026/06/01 08:12:00.271,n,9.705072,4.950219,5.011687,1.559889,OverRange,OverRange,OverRange,10.789506,13.487864,8.602852
2026/06/01 08:13:00.272,n,9.28604,6.422712,4.921452,1.697297,OverRange,OverRange,OverRange,10.839204,13.494298,8.118309
2026/06/01 08:14:00.276,n,9.007884,5.756831,4.817375,1.584188,OverRange,OverRange,OverRange,10.79479,13.504004,7.71738
2026/06/01 08:15:00.276,n,8.87907,4.513116,4.592131,1.51761,OverRange,OverRange,OverRange,10.792034,13.505112,7.499382
2026/06/01 08:16:00.265,n,9.174676,3.996576,4.728623,1.409376,OverRange,OverRange,OverRange,10.888484,13.511578,7.678473
2026/06/01 08:17:00.263,n,9.564454,3.471242,4.890972,1.661686,OverRange,OverRange,OverRange,10.815344,13.512638,8.026757
2026/06/01 08:18:00.267,n,9.488242,6.680734,4.710377,1.556685,OverRange,OverRange,OverRange,10.854228,13.51368,8.085204
2026/06/01 08:19:00.268,n,9.573178,3.241891,4.703569,1.539206,OverRange,OverRange,OverRange,10.834158,13.521286,8.153119
2026/06/01 08:20:00.269,n,9.687238,6.153797,5.338414,1.574069,OverRange,OverRange,OverRange,10.890488,13.529868,8.233153
2026/06/01 08:21:00.272,n,10.381218,6.540826,4.772824,1.436165,OverRange,OverRange,OverRange,10.828074,13.54285,8.664968
2026/06/01 08:22:00.275,n,11.239166,3.181945,4.805548,1.764429,OverRange,OverRange,OverRange,10.803158,13.54821,9.180654
2026/06/01 08:23:00.276,n,12.026166,3.56162,4.862171,1.579565,OverRange,OverRange,OverRange,10.81841,13.55036,9.90811
2026/06/01 08:24:00.279,n,12.845494,3.620247,4.435094,1.448728,OverRange,OverRange,OverRange,10.82482,13.555782,10.708858
2026/06/01 08:25:00.263,n,14.03305,5.614202,4.802132,1.566444,OverRange,OverRange,OverRange,10.909018,13.563324,11.806952
2026/06/01 08:26:00.265,n,15.635528,3.71117,4.746612,1.371958,OverRange,OverRange,OverRange,10.787526,13.566532,13.191814
2026/06/01 08:27:00.267,n,17.04145,6.071219,5.690416,1.287428,OverRange,OverRange,OverRange,10.935384,13.574106,14.748516
2026/06/01 08:28:00.269,n,17.93558,4.366635,5.738028,0.673762,OverRange,OverRange,OverRange,10.846212,13.572998,15.608136
2026/06/01 08:29:00.272,n,18.721294,3.483975,3.944307,1.210458,OverRange,OverRange,OverRange,10.759584,13.575148,15.974678
2026/06/01 08:30:00.274,n,20.861484,6.121356,5.044957,1.447815,OverRange,OverRange,OverRange,10.900742,13.580572,17.29879
2026/06/01 08:31:00.276,n,23.843584,3.643541,5.182258,1.501467,OverRange,OverRange,OverRange,10.713394,13.587006,19.801714
2026/06/01 08:32:00.277,n,25.86997,6.050035,5.058029,1.381203,OverRange,OverRange,OverRange,10.811932,13.587006,22.124182
2026/06/01 08:33:00.279,n,26.263342,6.398949,5.078262,1.413538,OverRange,OverRange,OverRange,10.757294,13.593504,23.41587
2026/06/01 08:34:00.265,n,24.694986,3.55685,5.097903,1.482487,OverRange,OverRange,OverRange,10.738546,13.598896,23.00991
2026/06/01 08:35:00.266,n,22.1486,6.585115,4.363098,1.102227,OverRange,OverRange,OverRange,10.857864,13.604254,21.09093
2026/06/01 08:36:00.269,n,20.741908,6.515887,4.700189,1.459032,OverRange,OverRange,OverRange,10.799154,13.607462,19.371862
2026/06/01 08:37:00.271,n,20.829408,5.948019,4.816929,1.64179,OverRange,OverRange,OverRange,10.751668,13.612886,18.849008
2026/06/01 08:38:00.274,n,20.733182,6.337986,4.961519,1.513251,OverRange,OverRange,OverRange,10.770238,13.609646,18.715308
2026/06/01 08:39:00.279,n,20.63978,3.330854,4.459854,1.587447,OverRange,OverRange,OverRange,10.69304,13.615068,18.426664
2026/06/01 08:40:00.277,n,20.534574,3.71979,4.27201,1.076825,OverRange,OverRange,OverRange,10.744396,13.623652,18.083842
2026/06/01 08:41:00.279,n,20.435396,6.409436,4.95438,1.619872,OverRange,OverRange,OverRange,10.843318,13.63121,17.818232
2026/06/01 08:42:00.282,n,20.820556,3.810664,4.431873,1.328658,OverRange,OverRange,OverRange,10.712392,13.635542,17.934698
2026/06/01 08:43:00.270,n,21.20328,3.114357,4.823064,1.761394,OverRange,OverRange,OverRange,10.768402,13.632318,18.081708
2026/06/01 08:44:00.272,n,22.3032,6.133831,5.258967,1.275711,OverRange,OverRange,OverRange,10.815212,13.632318,18.655242
2026/06/01 08:45:00.272,n,24.03026,3.613355,4.693908,1.368936,OverRange,OverRange,OverRange,10.683422,13.638784,20.061264
2026/06/01 08:46:00.273,n,25.146866,3.124828,5.215265,1.586299,OverRange,OverRange,OverRange,10.759324,13.637676,21.27096
2026/06/01 08:47:00.276,n,25.359842,3.562317,5.181496,1.271004,OverRange,OverRange,OverRange,10.713202,13.644144,21.80499
2026/06/01 08:48:00.277,n,25.111968,3.160057,4.681593,1.363648,OverRange,OverRange,OverRange,10.746404,13.643036,21.87086
2026/06/01 08:49:00.278,n,25.42669,3.298525,5.072988,1.450895,OverRange,OverRange,OverRange,10.734986,13.646324,21.998414
2026/06/01 08:50:00.281,n,26.111686,6.158242,5.682637,1.302883,OverRange,OverRange,OverRange,10.839306,13.643036,22.62903
2026/06/01 08:51:00.266,n,26.913442,5.035451,4.70132,1.218108,OverRange,OverRange,OverRange,10.715718,13.64846,23.38507
2026/06/01 08:52:00.269,n,27.95627,6.656791,5.518429,1.398325,OverRange,OverRange,OverRange,10.80072,13.64494,24.353392
2026/06/01 08:53:00.271,n,29.158196,4.023377,4.100705,1.050624,OverRange,OverRange,OverRange,10.6436,13.640656,25.262328
2026/06/01 08:54:00.274,n,30.942734,3.898718,5.161786,1.528902,OverRange,OverRange,OverRange,10.738744,13.646016,26.685412
2026/06/01 08:55:00.274,n,32.810924,3.274772,4.290303,1.268412,OverRange,OverRange,OverRange,10.705522,13.64494,28.471716
2026/06/01 08:56:00.275,n,33.369168,3.594552,4.674892,1.433369,OverRange,OverRange,OverRange,10.697652,13.650364,29.643358
2026/06/01 08:57:00.278,n,32.188412,3.643452,5.1005,1.315825,OverRange,OverRange,OverRange,10.734726,13.656798,29.182618
2026/06/01 08:58:00.281,n,30.63122,6.583182,4.384127,1.186852,OverRange,OverRange,OverRange,10.759634,13.658948,28.189126
2026/06/01 08:59:00.282,n,29.51333,6.236327,6.137173,0.099114,OverRange,OverRange,OverRange,10.805594,13.657872,27.15451
2026/06/01 09:00:00.284,n,29.603658,6.181196,6.178358,0.064258,OverRange,OverRange,OverRange,10.754828,13.661116,26.762884
2026/06/01 09:01:00.268,n,30.47431,6.077446,6.129999,0.033146,OverRange,OverRange,OverRange,10.789856,13.66004,27.057588
2026/06/01 09:02:00.271,n,32.074734,6.040047,5.923906,0.184266,OverRange,OverRange,OverRange,10.837072,13.667614,27.900314
2026/06/01 09:03:00.257,n,34.340656,4.107238,5.807987,0.833655,OverRange,OverRange,OverRange,10.792634,13.668656,29.416742
2026/06/01 09:04:00.274,n,36.57566,6.085059,6.24315,0.147458,OverRange,OverRange,OverRange,10.807358,13.68698,31.19929
2026/06/01 09:05:00.276,n,39.045836,3.828971,3.981087,0.80168,OverRange,OverRange,OverRange,10.640574,13.68698,32.9687
2026/06/01 09:06:00.278,n,42.895252,6.536614,5.230042,1.400723,OverRange,OverRange,OverRange,10.76822,13.68913,35.997892
2026/06/01 09:07:00.265,n,47.109944,6.064217,4.825143,1.475878,OverRange,OverRange,OverRange,10.725342,13.68913,39.88286
2026/06/01 09:08:00.282,n,50.793848,3.301971,4.579706,1.482646,OverRange,OverRange,OverRange,10.637466,13.691704,43.36272
2026/06/01 09:09:00.268,n,54.280812,3.288414,4.575054,1.484091,OverRange,OverRange,OverRange,10.656886,13.692762,46.439436
2026/06/01 09:10:00.270,n,58.6442,6.239204,5.337291,1.567676,OverRange,OverRange,OverRange,10.842968,13.696018,50.67158
2026/06/01 09:11:00.258,n,61.238444,3.236027,4.755726,1.424656,OverRange,OverRange,OverRange,10.76582,13.705696,53.923116
2026/06/01 09:12:00.258,n,61.249988,6.219818,4.373486,1.146007,OverRange,OverRange,OverRange,10.80977,13.70892,54.56576
2026/06/01 09:13:00.260,n,61.218044,3.836745,4.4653,1.480615,OverRange,OverRange,OverRange,10.724696,13.714344,54.246404
2026/06/01 09:14:00.263,n,62.107424,3.466498,5.075181,1.155507,OverRange,OverRange,OverRange,10.810268,13.729376,54.45988
2026/06/01 09:15:00.263,n,65.590796,3.861162,4.072488,1.142753,OverRange,OverRange,OverRange,10.782852,13.73156,56.722196
2026/06/01 09:16:00.266,n,70.92312,6.435846,4.381277,1.013495,OverRange,OverRange,OverRange,10.907456,13.741268,61.081464
2026/06/01 09:17:00.267,n,73.878152,4.101038,5.091419,1.303268,OverRange,OverRange,OverRange,10.875454,13.758468,65.031884
2026/06/01 09:18:00.271,n,72.811712,6.392564,4.886809,1.501939,OverRange,OverRange,OverRange,10.9036,13.76386,64.910888
2026/06/01 09:19:00.276,n,72.284128,6.383453,4.894832,1.594392,OverRange,OverRange,OverRange,10.919058,13.774642,64.999368
2026/06/01 09:20:00.257,n,70.490864,3.366538,5.203131,1.465628,OverRange,OverRange,OverRange,10.936844,13.785426,63.507092
2026/06/01 09:21:00.261,n,68.912512,6.425576,5.116268,1.403075,OverRange,OverRange,OverRange,11.051732,13.7994,62.027004
2026/06/01 09:22:00.263,n,67.992088,3.381745,4.828905,1.629268,OverRange,OverRange,OverRange,11.022304,13.809076,61.240936
2026/06/01 09:23:00.264,n,67.817728,3.529983,4.745787,1.468255,OverRange,OverRange,OverRange,11.057058,13.817724,60.803572
2026/06/01 09:24:00.265,n,70.462008,6.345988,5.301824,1.619588,OverRange,OverRange,OverRange,11.133896,13.831684,62.12282
2026/06/01 09:25:00.267,n,72.64608,6.520539,4.640378,1.433684,OverRange,OverRange,OverRange,11.11235,13.852828,64.107072
2026/06/01 09:26:00.269,n,67.970272,3.388562,4.479913,1.493788,OverRange,OverRange,OverRange,11.099274,13.849618,61.259188
2026/06/01 09:27:00.270,n,65.155096,3.378199,4.719147,1.534213,OverRange,OverRange,OverRange,11.146688,13.86791,58.747736
2026/06/01 09:28:00.272,n,64.327676,5.347336,5.208709,1.428112,OverRange,OverRange,OverRange,11.241746,13.88081,57.93922
2026/06/01 09:29:00.259,n,65.110956,6.169311,4.816346,1.332947,OverRange,OverRange,OverRange,11.245814,13.890488,58.113964
2026/06/01 09:30:00.259,n,70.10392,3.871072,4.281845,1.016582,OverRange,OverRange,OverRange,11.148244,13.90777,61.763704
2026/06/01 09:31:00.261,n,75.957648,5.965761,5.824836,0.825547,OverRange,OverRange,OverRange,11.284836,13.918504,66.869636
2026/06/01 09:32:00.264,n,81.45188,6.047935,4.031943,1.038294,OverRange,OverRange,OverRange,11.201726,13.943248,72.663168
2026/06/01 09:33:00.265,n,84.669408,6.193284,5.188952,1.388928,OverRange,OverRange,OverRange,11.265306,13.947548,76.669808
2026/06/01 09:34:00.268,n,88.600168,3.389633,4.460887,1.380598,OverRange,OverRange,OverRange,11.166224,13.960448,80.726616
2026/06/01 09:35:00.269,n,92.010032,6.037107,5.331459,1.529727,OverRange,OverRange,OverRange,11.19689,13.972308,84.79844
2026/06/01 09:36:00.272,n,93.595824,4.385777,4.867561,1.355823,OverRange,OverRange,OverRange,11.200444,13.98845,86.59704
2026/06/01 09:37:00.258,n,95.134408,6.0205,5.033584,1.459674,OverRange,OverRange,OverRange,11.262782,14.006742,87.472432
2026/06/01 09:38:00.258,n,97.722376,6.32885,4.82239,1.680648,OverRange,OverRange,OverRange,11.25821,14.022886,88.659264
2026/06/01 09:39:00.260,n,102.52892,6.250427,5.051885,1.476398,OverRange,OverRange,OverRange,11.36437,14.036862,91.491024
2026/06/01 09:40:00.262,n,108.98258,6.300253,4.762419,1.422912,OverRange,OverRange,OverRange,11.380326,14.055124,95.693816
2026/06/01 09:41:00.267,n,117.40336,3.435506,4.970829,1.456816,OverRange,OverRange,OverRange,11.301036,14.069132,103.8472
2026/06/01 09:42:00.267,n,128.14894,3.200822,4.591328,1.486857,OverRange,OverRange,OverRange,11.327394,14.088468,114.73744
2026/06/01 09:43:00.268,n,135.49046,6.348689,4.830794,1.210689,OverRange,OverRange,OverRange,11.328426,14.109988,123.3572
2026/06/01 09:44:00.271,n,139.98652,3.171688,4.829838,1.667455,OverRange,OverRange,OverRange,11.304058,14.127204,128.60348
2026/06/01 09:45:00.272,n,143.3943,6.322922,5.106103,1.574946,OverRange,OverRange,OverRange,11.437562,14.145466,133.24132
2026/06/01 09:46:00.258,n,142.16532,3.360899,4.749991,1.637691,OverRange,OverRange,OverRange,11.45984,14.16697,133.3716
2026/06/01 09:47:00.261,n,138.4696,4.146332,4.284273,1.005749,OverRange,OverRange,OverRange,11.522934,14.187414,130.28644
2026/06/01 09:48:00.263,n,142.57512,6.004737,6.125348,0.376972,OverRange,OverRange,OverRange,11.609254,14.205708,133.9513
2026/06/01 09:49:00.266,n,144.21096,5.219015,5.611811,0.760207,OverRange,OverRange,OverRange,11.39883,14.226152,136.24174
2026/06/01 09:50:00.266,n,143.67248,2.929723,4.554849,1.312332,OverRange,OverRange,OverRange,11.449966,14.248732,135.62086
2026/06/01 09:51:00.270,n,145.93738,4.413686,4.245739,1.044683,OverRange,OverRange,OverRange,11.441396,14.269112,137.89384
2026/06/01 09:52:00.271,n,146.6728,3.824686,4.508568,1.314907,OverRange,OverRange,OverRange,11.473018,14.294914,139.95752
2026/06/01 09:53:00.272,n,147.78888,5.917691,4.830035,1.341155,OverRange,OverRange,OverRange,11.516582,14.305668,142.9496
2026/06/01 09:54:00.273,n,139.34346,6.248447,4.408824,1.496927,OverRange,OverRange,OverRange,11.536322,14.329306,137.17066
2026/06/01 09:55:00.259,n,129.62968,6.317613,4.540923,1.357005,OverRange,OverRange,OverRange,11.496068,14.352928,124.82866
2026/06/01 09:56:00.263,n,133.0816,6.17747,5.084841,1.594915,OverRange,OverRange,OverRange,11.482128,14.36798,125.70116
2026/06/01 09:57:00.264,n,134.91414,6.303206,5.178058,1.366229,OverRange,OverRange,OverRange,11.514038,14.389452,126.40582
2026/06/01 09:58:00.266,n,139.91494,3.365666,4.774121,1.594456,OverRange,OverRange,OverRange,11.531016,14.411982,132.87392
2026/06/01 09:59:00.268,n,146.16022,3.870113,4.110897,1.094913,OverRange,OverRange,OverRange,11.549504,14.42917,139.49646
2026/06/01 10:00:00.270,n,146.6212,5.974221,5.647218,0.980077,OverRange,OverRange,OverRange,11.634298,14.443148,138.8609
2026/06/01 10:01:00.271,n,144.3798,6.056067,5.968767,0.247263,OverRange,OverRange,OverRange,11.490784,14.462486,138.59854
2026/06/01 10:02:00.272,n,145.5078,5.70832,5.451901,0.966375,OverRange,OverRange,OverRange,11.493028,14.453688,141.42976
2026/06/01 10:03:00.280,n,153.0314,6.201609,5.505831,1.09952,OverRange,OverRange,OverRange,11.476604,14.467634,149.12666
2026/06/01 10:04:00.260,n,161.22842,3.756932,4.635018,1.150191,OverRange,OverRange,OverRange,11.538096,14.489122,158.53726
2026/06/01 10:05:00.262,n,165.1702,5.961633,5.281898,1.070961,OverRange,OverRange,OverRange,11.571274,14.500952,163.73594
2026/06/01 10:06:00.263,n,165.3701,3.895257,4.379748,1.052159,OverRange,OverRange,OverRange,11.577606,14.518106,164.09122
2026/06/01 10:07:00.266,n,168.3468,6.013161,6.151815,0.280424,OverRange,OverRange,OverRange,11.664662,14.533128,167.2402
2026/06/01 10:08:00.267,n,172.7329,5.946329,5.707672,1.141815,OverRange,OverRange,OverRange,11.617082,14.551392,172.69824
2026/06/01 10:09:00.269,n,176.04796,6.412107,4.460651,1.2474,OverRange,OverRange,OverRange,11.608708,14.565336,178.37072
2026/06/01 10:10:00.272,n,185.80138,3.41465,4.731521,1.204699,OverRange,OverRange,OverRange,11.699544,14.590002,191.01818
2026/06/01 10:11:00.273,n,201.7741,3.928278,4.161392,1.014155,OverRange,OverRange,OverRange,11.689708,14.610384,214.71458
2026/06/01 10:12:00.275,n,217.34856,5.239599,5.206071,1.247199,OverRange,OverRange,OverRange,11.751928,14.62865,245.53968
2026/06/01 10:13:00.261,n,217.31622,6.191352,4.773235,1.598128,OverRange,OverRange,OverRange,12.006302,14.650692,256.51926
2026/06/01 10:14:00.263,n,204.03448,4.120034,4.478799,1.370708,OverRange,OverRange,OverRange,11.998444,14.678552,246.36898
2026/06/01 10:15:00.264,n,186.92118,3.798228,5.065731,0.885126,OverRange,OverRange,OverRange,12.080338,14.69574,227.85018
2026/06/01 10:16:00.267,n,173.86372,3.440838,4.415824,1.037718,OverRange,OverRange,OverRange,12.119228,14.720376,210.09978
2026/06/01 10:17:00.269,n,170.43002,5.590086,4.439331,1.123448,OverRange,OverRange,OverRange,12.126308,14.751528,197.34968
2026/06/01 10:18:00.270,n,176.76772,3.245524,5.299123,1.007526,OverRange,OverRange,OverRange,12.075526,14.777238,193.76
2026/06/01 10:19:00.274,n,216.97698,3.609442,5.076685,1.057378,OverRange,OverRange,OverRange,12.166982,14.804024,249.8269
2026/06/01 10:20:00.280,n,217.9654,3.786182,4.763774,1.307893,OverRange,OverRange,OverRange,12.000204,14.835094,234.57448
2026/06/01 10:21:00.279,n,231.47962,3.998001,3.853498,0.097461,OverRange,OverRange,OverRange,11.929952,14.86299,259.78518
2026/06/01 10:22:00.263,n,205.9784,4.269491,4.293418,0.925534,OverRange,OverRange,OverRange,12.04066,14.88764,222.16848
2026/06/01 10:23:00.267,n,194.24782,3.950063,4.132367,0.5392,OverRange,OverRange,OverRange,12.02322,14.914426,200.6122
2026/06/01 10:24:00.266,n,193.85792,6.084717,5.595626,0.975592,OverRange,OverRange,OverRange,12.075542,14.947798,194.32168
2026/06/01 10:25:00.269,n,209.146,3.809934,4.358213,1.174664,OverRange,OverRange,OverRange,12.06725,14.9703,207.84898
2026/06/01 10:26:00.271,n,231.62214,3.320984,5.05041,1.266321,OverRange,OverRange,OverRange,12.34811,15.000312,237.21026
2026/06/01 10:27:00.274,n,247.75872,6.164295,4.856012,1.476661,OverRange,OverRange,OverRange,12.355418,15.028142,266.8832
2026/06/01 10:28:00.275,n,244.15692,3.995199,4.614056,1.295203,OverRange,OverRange,OverRange,12.389766,15.05278,264.59628
2026/06/01 10:29:00.277,n,265.14322,3.324603,4.352599,1.022108,OverRange,OverRange,OverRange,12.413998,15.093452,302.92252
2026/06/01 10:30:00.280,n,300.1141,5.774013,4.68772,1.009126,OverRange,OverRange,OverRange,12.48972,15.1249,382.47312
2026/06/01 10:31:00.266,n,286.59208,4.02437,5.041339,1.230475,OverRange,OverRange,OverRange,12.344502,15.161318,349.61044
2026/06/01 10:32:00.268,n,269.26388,5.696909,5.552191,1.048524,OverRange,OverRange,OverRange,12.523434,15.194462,316.38852
2026/06/01 10:33:00.269,n,271.514,6.232131,5.365659,1.1257,OverRange,OverRange,OverRange,12.468182,15.233016,317.1119
2026/06/01 10:34:00.272,n,260.69784,4.985414,4.764272,0.939916,OverRange,OverRange,OverRange,12.359894,15.270414,307.03006
2026/06/01 10:35:00.272,n,234.92206,5.896173,4.819181,1.041733,OverRange,OverRange,OverRange,12.381852,15.297172,270.17312
2026/06/01 10:36:00.276,n,222.113,3.019898,4.503344,1.408525,OverRange,OverRange,OverRange,12.462148,15.329272,249.16004
2026/06/01 10:37:00.279,n,196.90484,3.773144,3.780159,0.128628,OverRange,OverRange,OverRange,12.673782,15.359192,219.30996
2026/06/01 10:38:00.279,n,192.72758,6.101978,4.694596,1.136425,OverRange,OverRange,OverRange,12.857594,15.396608,204.6034
2026/06/01 10:39:00.281,n,204.74476,5.895918,4.799007,1.214218,OverRange,OverRange,OverRange,12.809428,15.429786,210.73852
2026/06/01 10:40:00.266,n,219.81782,6.143805,4.509605,1.228494,OverRange,OverRange,OverRange,13.025574,15.466078,224.21596
2026/06/01 10:41:00.269,n,229.30658,3.438585,4.278297,1.006984,OverRange,OverRange,OverRange,13.074636,15.499224,234.72014
2026/06/01 10:42:00.271,n,236.80244,6.173198,4.963527,1.369749,OverRange,OverRange,OverRange,12.863348,15.53876,242.68972
2026/06/01 10:43:00.274,n,244.3673,6.366678,4.847937,1.238449,OverRange,OverRange,OverRange,12.966858,15.58444,252.48878
2026/06/01 10:44:00.276,n,252.28594,6.271012,4.844033,1.495715,OverRange,OverRange,OverRange,13.112942,15.616446,260.74514
2026/06/01 10:45:00.278,n,255.61562,3.761309,4.895908,1.542798,OverRange,OverRange,OverRange,13.188376,15.661328,263.90226
2026/06/01 10:46:00.281,n,251.4843,6.00445,4.700431,0.793238,OverRange,OverRange,OverRange,13.214284,15.692292,258.10914
2026/06/01 10:47:00.281,n,247.61358,6.03421,4.854803,1.212811,OverRange,OverRange,OverRange,13.011744,15.734896,252.83128
2026/06/01 10:48:00.286,n,244.9262,5.840493,4.897259,1.387009,OverRange,OverRange,OverRange,12.692622,15.77246,249.0863
2026/06/01 10:49:00.271,n,238.02334,6.19543,5.185925,1.336725,OverRange,OverRange,OverRange,12.821666,15.805788,240.09014
2026/06/01 10:50:00.270,n,228.24272,6.225623,4.673256,1.201277,OverRange,OverRange,OverRange,12.835058,15.841254,230.4019
2026/06/01 10:51:00.272,n,229.30094,5.500946,4.792669,1.454946,OverRange,OverRange,OverRange,12.84136,15.873476,229.51556
2026/06/01 10:52:00.274,n,232.8314,6.48184,4.728784,1.464964,OverRange,OverRange,OverRange,12.903224,15.906774,230.81658
2026/06/01 10:53:00.276,n,234.3877,6.01208,4.996119,1.435909,OverRange,OverRange,OverRange,13.089172,15.914352,231.32978
2026/06/01 10:54:00.280,n,233.63946,3.741839,4.572608,1.332688,OverRange,OverRange,OverRange,12.814404,15.931514,230.11042
2026/06/01 10:55:00.265,n,239.83982,5.374123,5.249218,1.133956,OverRange,OverRange,OverRange,12.709254,15.963736,235.5556
2026/06/01 10:56:00.270,n,245.61634,3.425779,4.647856,1.434918,OverRange,OverRange,OverRange,12.596852,15.986276,244.01282
2026/06/01 10:57:00.268,n,246.70112,6.152615,4.595942,1.209698,OverRange,OverRange,OverRange,12.457336,16.009876,250.4862
2026/06/01 10:58:00.270,n,246.76178,6.089212,5.104349,1.374662,OverRange,OverRange,OverRange,12.421254,16.030268,254.83824
2026/06/01 10:59:00.256,n,222.49764,3.53485,4.862524,1.095068,OverRange,OverRange,OverRange,12.464676,16.051764,226.6898
2026/06/01 11:00:00.258,n,200.77128,6.14369,5.063588,1.316606,OverRange,OverRange,OverRange,12.749126,16.06676,204.86808
2026/06/01 11:01:00.260,n,191.57006,6.138978,5.085076,1.196939,OverRange,OverRange,OverRange,12.633866,16.083648,191.77746
2026/06/01 11:02:00.266,n,198.74054,3.575964,4.775867,1.56436,OverRange,OverRange,OverRange,12.277284,16.095446,199.21234
2026/06/01 11:03:00.265,n,200.78106,5.975847,4.971882,1.301499,OverRange,OverRange,OverRange,12.263158,16.102994,201.03704
2026/06/01 11:04:00.265,n,196.86208,3.758423,4.881912,1.158961,OverRange,OverRange,OverRange,12.289166,16.114794,194.82226
2026/06/01 11:05:00.268,n,194.7409,6.090649,4.138422,1.035975,OverRange,OverRange,OverRange,12.171,16.118022,189.6706
2026/06/01 11:06:00.271,n,195.93242,4.360078,5.464379,0.542603,OverRange,OverRange,OverRange,12.174038,16.126578,189.44494
2026/06/01 11:07:00.273,n,202.06878,4.126338,4.574568,1.115307,OverRange,OverRange,OverRange,12.242962,16.133018,194.1513
2026/06/01 11:08:00.259,n,213.13538,3.466626,4.191853,1.198187,OverRange,OverRange,OverRange,12.289922,16.136262,205.36714
2026/06/01 11:09:00.259,n,213.66156,3.919426,5.000462,1.340018,OverRange,OverRange,OverRange,12.319454,16.133018,206.84858
2026/06/01 11:10:00.262,n,205.17266,5.175879,5.551042,0.831442,OverRange,OverRange,OverRange,12.475414,16.13688,197.33372
2026/06/01 11:11:00.263,n,193.80802,6.415931,4.928275,0.975889,OverRange,OverRange,OverRange,12.580084,16.143286,184.12876
2026/06/01 11:12:00.265,n,186.8219,5.840583,5.543226,0.994949,OverRange,OverRange,OverRange,12.440054,16.143286,174.5277
2026/06/01 11:13:00.269,n,187.17254,3.806878,4.34256,1.207853,OverRange,OverRange,OverRange,12.34694,16.151876,172.2765
2026/06/01 11:14:00.269,n,191.1786,6.043519,4.171545,0.934955,OverRange,OverRange,OverRange,12.223476,16.161524,175.94654
2026/06/01 11:15:00.271,n,195.74894,6.10944,4.504009,1.309564,OverRange,OverRange,OverRange,12.254018,16.166888,181.57276
2026/06/01 11:16:00.257,n,205.35138,3.430147,4.852294,1.387164,OverRange,OverRange,OverRange,12.378984,16.16904,191.49052
2026/06/01 11:17:00.259,n,216.5205,6.167521,4.876996,1.398588,OverRange,OverRange,OverRange,12.5324,16.171224,203.72382
2026/06/01 11:18:00.262,n,221.5277,3.452205,4.361669,1.184812,OverRange,OverRange,OverRange,12.575546,16.173292,211.16698
2026/06/01 11:19:00.263,n,225.15374,5.931412,5.532279,1.131125,OverRange,OverRange,OverRange,12.567938,16.181916,219.6922
2026/06/01 11:20:00.264,n,223.59092,6.295038,5.148958,1.338367,OverRange,OverRange,OverRange,12.654226,16.184032,225.8249
2026/06/01 11:21:00.266,n,210.691,5.739965,5.406376,1.114811,OverRange,OverRange,OverRange,12.778264,16.19691,207.39318
2026/06/01 11:22:00.268,n,204.72938,5.719162,5.200062,1.16582,OverRange,OverRange,OverRange,12.854376,16.20868,199.63172
2026/06/01 11:23:00.270,n,195.90456,4.152302,5.039439,1.086912,OverRange,OverRange,OverRange,12.781566,16.223724,188.4394
2026/06/01 11:24:00.272,n,188.07552,5.75886,5.754687,0.840812,OverRange,OverRange,OverRange,12.775482,16.2366,177.79052
2026/06/01 11:25:00.258,n,181.65058,4.583256,4.947725,0.804118,OverRange,OverRange,OverRange,12.677434,16.249476,169.26696
2026/06/01 11:26:00.261,n,178.38826,4.066188,4.524981,1.173698,OverRange,OverRange,OverRange,12.570746,16.258018,164.03516
2026/06/01 11:27:00.262,n,179.03068,3.982926,4.738756,1.144297,OverRange,OverRange,OverRange,12.604528,16.271972,162.97154
2026/06/01 11:28:00.266,n,180.5313,3.549024,4.576319,1.233131,OverRange,OverRange,OverRange,12.414322,16.27947,164.27202
2026/06/01 11:29:00.266,n,182.07064,5.756997,5.720855,1.145224,OverRange,OverRange,OverRange,12.42216,16.288076,165.4289
2026/06/01 11:30:00.268,n,186.19398,6.23533,5.173819,1.360029,OverRange,OverRange,OverRange,12.334056,16.286968,168.49306
2026/06/01 11:31:00.270,n,192.4085,3.939108,4.323796,1.200306,OverRange,OverRange,OverRange,12.54627,16.286968,173.9134
2026/06/01 11:32:00.272,n,197.8133,6.190257,5.31687,1.397485,OverRange,OverRange,OverRange,12.5831,16.285892,179.3701
2026/06/01 11:33:00.274,n,202.93982,5.831252,5.351751,0.927512,OverRange,OverRange,OverRange,12.548564,16.290226,184.53132
2026/06/01 11:34:00.261,n,208.44074,3.989518,4.251495,0.983215,OverRange,OverRange,OverRange,12.589158,16.290226,189.95874
2026/06/01 11:35:00.261,n,214.57866,6.213539,6.03393,0.279847,OverRange,OverRange,OverRange,12.436992,16.281882,196.34246
2026/06/01 11:36:00.263,n,220.3019,3.854068,4.301838,1.008795,OverRange,OverRange,OverRange,12.234828,16.278654,204.69462
2026/06/01 11:37:00.265,n,217.95014,4.509479,5.252108,1.162584,OverRange,OverRange,OverRange,12.125432,16.27973,205.27926
2026/06/01 11:38:00.272,n,212.10656,5.765667,5.506731,0.717586,OverRange,OverRange,OverRange,12.044338,16.277578,198.64638
2026/06/01 11:39:00.269,n,210.91552,4.958316,4.784302,1.064695,OverRange,OverRange,OverRange,12.033992,16.276504,195.45202
2026/06/01 11:40:00.274,n,215.23106,3.861494,4.603207,1.334821,OverRange,OverRange,OverRange,12.130742,16.266854,197.83856
2026/06/01 11:41:00.274,n,221.22286,2.862902,4.942357,1.281812,OverRange,OverRange,OverRange,12.377208,16.265778,202.705
2026/06/01 11:42:00.277,n,227.32306,3.422963,4.637561,1.276471,OverRange,OverRange,OverRange,12.54275,16.259356,208.22798
2026/06/01 11:43:00.261,n,231.22016,4.540272,5.035406,0.989662,OverRange,OverRange,OverRange,12.567964,16.270114,212.19152
2026/06/01 11:44:00.263,n,232.184,5.601395,5.10025,0.956731,OverRange,OverRange,OverRange,12.500326,16.266854,214.0198
2026/06/01 11:45:00.266,n,232.58788,3.541448,4.828702,1.014106,OverRange,OverRange,OverRange,12.377202,16.273278,215.3527
2026/06/01 11:46:00.267,n,232.59648,3.617157,4.744656,1.505549,OverRange,OverRange,OverRange,12.429424,16.281882,216.94798
2026/06/01 11:47:00.269,n,234.76836,3.917607,4.492906,1.367904,OverRange,OverRange,OverRange,12.478654,16.284034,219.8044
2026/06/01 11:48:00.270,n,243.17156,4.108064,4.671521,1.31424,OverRange,OverRange,OverRange,12.422856,16.298998,228.13952
2026/06/01 11:49:00.273,n,257.83442,5.945546,5.2745,1.298753,OverRange,OverRange,OverRange,12.316606,16.30542,244.14198
2026/06/01 11:50:00.579,n,273.09262,4.464036,4.606625,1.153485,OverRange,OverRange,OverRange,12.18808,16.309756,263.39954
2026/06/01 11:51:00.276,n,289.06994,3.248355,4.776832,1.734125,OverRange,OverRange,OverRange,12.185308,16.309756,284.06342
2026/06/01 11:52:00.264,n,307.03336,3.447891,3.783777,0.170359,OverRange,OverRange,OverRange,12.234548,16.314026,309.24668
2026/06/01 11:53:00.268,n,313.9371,3.444457,4.524982,1.236225,OverRange,OverRange,OverRange,12.372136,16.324752,323.66984
2026/06/01 11:54:00.266,n,301.11752,5.880826,5.361273,0.88984,OverRange,OverRange,OverRange,12.342622,16.326872,314.91476
2026/06/01 11:55:00.270,n,281.9418,3.534693,5.027377,1.090289,OverRange,OverRange,OverRange,12.537954,16.3344,292.88266
2026/06/01 11:56:00.273,n,269.23026,3.841983,5.135065,1.154664,OverRange,OverRange,OverRange,12.67236,16.347246,275.43368
2026/06/01 11:57:00.273,n,265.89762,5.767939,5.444863,0.949818,OverRange,OverRange,OverRange,12.84935,16.362242,268.69538
2026/06/01 11:58:00.276,n,262.5618,6.526442,4.621508,1.064772,OverRange,OverRange,OverRange,12.94015,16.379356,262.60126
2026/06/01 11:59:00.277,n,257.34408,4.448048,4.845726,1.333063,OverRange,OverRange,OverRange,12.99733,16.395462,254.08834
2026/06/01 12:00:00.280,n,256.4824,6.081849,4.631768,1.400034,OverRange,OverRange,OverRange,12.970184,16.419034,251.02442
2026/06/01 12:01:00.264,n,252.2649,3.605059,5.029269,1.244828,OverRange,OverRange,OverRange,13.125154,16.44368,246.65736
2026/06/01 12:02:00.272,n,243.54016,5.88982,5.869727,0.484951,OverRange,OverRange,OverRange,13.326554,16.459722,237.39668
2026/06/01 12:03:00.269,n,234.93526,5.814526,6.003352,0.148314,OverRange,OverRange,OverRange,13.483206,16.48652,227.14396
2026/06/01 12:04:00.272,n,230.84748,3.753637,4.530819,1.148509,OverRange,OverRange,OverRange,13.613984,16.511168,220.72144
2026/06/01 12:05:00.273,n,233.3985,4.704533,5.026449,1.324131,OverRange,OverRange,OverRange,13.600072,16.536826,222.03106
2026/06/01 12:06:00.284,n,237.16706,3.590895,4.368495,1.253126,OverRange,OverRange,OverRange,13.498652,16.568972,225.64408
2026/06/01 12:07:00.276,n,239.07876,3.474682,4.773485,1.243737,OverRange,OverRange,OverRange,13.360214,16.593586,227.8908
2026/06/01 12:08:00.279,n,238.971,6.0619,4.730975,1.49451,OverRange,OverRange,OverRange,13.400452,16.622474,227.14532
2026/06/01 12:09:00.279,n,240.20818,5.860017,5.198014,0.868432,OverRange,OverRange,OverRange,13.38504,16.640698,228.41406
2026/06/01 12:10:00.264,n,241.76204,5.831691,5.41323,1.045082,OverRange,OverRange,OverRange,13.327322,16.656966,229.84672
2026/06/01 12:11:00.266,n,241.45796,4.028264,4.31416,0.958201,OverRange,OverRange,OverRange,13.3275,16.66551,228.60912
2026/06/01 12:12:00.268,n,239.91488,5.914794,5.783745,0.54073,OverRange,OverRange,OverRange,13.323456,16.686898,226.32804
2026/06/01 12:13:00.274,n,235.87928,4.614424,4.34512,0.975689,OverRange,OverRange,OverRange,13.199138,16.699774,222.38582
2026/06/01 12:14:00.274,n,232.34026,6.339708,5.468387,1.195203,OverRange,OverRange,OverRange,13.310802,16.71474,218.00596
2026/06/01 12:15:00.276,n,231.59996,5.981652,5.83548,0.472998,OverRange,OverRange,OverRange,13.196126,16.728662,216.00994
2026/06/01 12:16:00.278,n,231.98988,3.943085,4.511177,0.947572,OverRange,OverRange,OverRange,13.078838,16.742584,215.74426
2026/06/01 12:17:00.278,n,232.81752,5.949362,4.28709,0.817026,OverRange,OverRange,OverRange,13.352264,16.75002,215.8706
2026/06/01 12:18:00.280,n,235.29116,3.881664,4.621141,0.986677,OverRange,OverRange,OverRange,13.427704,16.761758,218.08394
2026/06/01 12:19:00.266,n,236.89044,4.932363,4.643437,0.892771,OverRange,OverRange,OverRange,13.466406,16.783178,219.62734
2026/06/01 12:20:00.268,n,235.79346,5.673146,4.290279,1.144014,OverRange,OverRange,OverRange,13.300396,16.794948,218.5561
2026/06/01 12:21:00.270,n,235.74318,3.039362,4.77211,1.314288,OverRange,OverRange,OverRange,13.251288,16.803524,218.07472
2026/06/01 12:22:00.275,n,240.72716,6.067403,4.330148,0.862133,OverRange,OverRange,OverRange,12.953726,16.806914,223.17298
2026/06/01 12:23:00.277,n,248.87274,5.715091,5.381949,1.036613,OverRange,OverRange,OverRange,12.746736,16.813304,232.75792
2026/06/01 12:24:00.276,n,254.94178,6.06354,4.540277,1.209162,OverRange,OverRange,OverRange,12.834042,16.81761,242.6253
2026/06/01 12:25:00.280,n,247.47118,6.079419,4.521815,1.108849,OverRange,OverRange,OverRange,13.11353,16.822956,236.88912
2026/06/01 12:26:00.280,n,237.20006,3.834058,4.664482,1.111201,OverRange,OverRange,OverRange,12.960302,16.827226,225.25664
2026/06/01 12:27:00.283,n,233.29368,6.017131,5.178432,1.228427,OverRange,OverRange,OverRange,12.67661,16.833618,219.79602
2026/06/01 12:28:00.270,n,235.01856,6.098638,4.954066,1.085177,OverRange,OverRange,OverRange,12.522564,16.841116,220.44934
2026/06/01 12:29:00.270,n,237.8386,3.540734,4.68405,1.238924,OverRange,OverRange,OverRange,12.532156,16.838996,222.95336
2026/06/01 12:30:00.271,n,237.00104,6.018636,5.046282,1.357286,OverRange,OverRange,OverRange,12.543004,16.83577,223.03486
2026/06/01 12:31:00.274,n,231.12024,6.019387,4.859396,1.393304,OverRange,OverRange,OverRange,12.690014,16.834694,217.63518
2026/06/01 12:32:00.276,n,223.57984,5.728945,5.130087,1.111655,OverRange,OverRange,OverRange,12.933834,16.83577,208.81788
2026/06/01 12:33:00.278,n,218.92626,5.776458,5.200255,1.191912,OverRange,OverRange,OverRange,12.825918,16.834694,202.23198
2026/06/01 12:34:00.282,n,218.9432,4.629102,5.461996,0.784133,OverRange,OverRange,OverRange,12.833516,16.838996,200.52332
2026/06/01 12:35:00.281,n,220.39788,5.8062,5.09827,1.139194,OverRange,OverRange,OverRange,12.65296,16.834694,201.67318
2026/06/01 12:36:00.283,n,219.18414,5.998036,4.488334,0.824512,OverRange,OverRange,OverRange,12.517274,16.841116,200.5269
2026/06/01 12:37:00.269,n,218.251,3.622304,5.099995,1.140905,OverRange,OverRange,OverRange,12.608566,16.84004,198.34838
2026/06/01 12:38:00.271,n,222.55152,6.115024,4.597059,1.271219,OverRange,OverRange,OverRange,12.659242,16.84327,201.49752
2026/06/01 12:39:00.258,n,231.98448,6.011527,4.624476,1.458295,OverRange,OverRange,OverRange,12.639338,16.838996,209.9234
2026/06/01 12:40:00.276,n,244.42452,3.473926,5.143983,1.264495,OverRange,OverRange,OverRange,12.64183,16.832542,222.39136
2026/06/01 12:41:00.260,n,255.0824,4.132862,5.369279,1.248996,OverRange,OverRange,OverRange,12.6005,16.833618,235.70672
2026/06/01 12:42:00.264,n,254.72736,3.469462,4.22513,1.013242,OverRange,OverRange,OverRange,12.709412,16.83039,239.36126
2026/06/01 12:43:00.265,n,249.09368,4.16599,4.403923,1.026975,OverRange,OverRange,OverRange,12.447886,16.82827,236.82232
2026/06/01 12:44:00.266,n,243.75392,3.41933,4.939908,1.405517,OverRange,OverRange,OverRange,12.415334,16.827226,232.13548
2026/06/01 12:45:00.269,n,242.34272,3.964292,3.962175,0.993935,OverRange,OverRange,OverRange,12.628968,16.83039,229.92126
2026/06/01 12:46:00.270,n,240.36998,5.902655,4.851836,0.999069,OverRange,OverRange,OverRange,12.82159,16.82615,228.38514
2026/06/01 12:47:00.274,n,233.5024,5.923978,4.609213,0.794098,OverRange,OverRange,OverRange,12.644882,16.829348,222.55578
2026/06/01 12:48:00.259,n,228.79696,6.56401,4.927263,1.416193,OverRange,OverRange,OverRange,12.521048,16.8315,217.78866
2026/06/01 12:49:00.261,n,229.0147,3.572514,4.502287,1.251853,OverRange,OverRange,OverRange,12.517254,16.832542,217.7181
2026/06/01 12:50:00.263,n,230.51314,5.893093,5.287992,1.243684,OverRange,OverRange,OverRange,12.600734,16.83577,219.25414
2026/06/01 12:51:00.264,n,231.33568,5.943718,5.426343,0.896538,OverRange,OverRange,OverRange,12.839458,16.833618,219.4806
2026/06/01 12:52:00.267,n,231.33862,4.16141,4.260965,0.562798,OverRange,OverRange,OverRange,13.025346,16.83577,219.0982
2026/06/01 12:53:00.268,n,232.42378,5.893708,4.594215,1.24487,OverRange,OverRange,OverRange,12.876782,16.832542,221.15426
2026/06/01 12:54:00.271,n,237.13756,6.295438,5.245346,0.992781,OverRange,OverRange,OverRange,12.968556,16.836846,226.62282
2026/06/01 12:55:00.271,n,245.99444,5.92799,4.769676,1.385091,OverRange,OverRange,OverRange,12.981206,16.845388,237.58806
2026/06/01 12:56:00.258,n,256.3491,3.511224,4.381192,1.425448,OverRange,OverRange,OverRange,13.0418,16.855008,250.8147
2026/06/01 12:57:00.261,n,265.90304,6.101965,5.189558,1.24349,OverRange,OverRange,OverRange,13.329728,16.863582,263.16712
2026/06/01 12:58:00.265,n,270.72586,4.049912,5.174863,1.040875,OverRange,OverRange,OverRange,13.27241,16.874244,269.81208
2026/06/01 12:59:00.264,n,273.92722,6.379895,5.066708,1.305867,OverRange,OverRange,OverRange,12.909612,16.890318,273.24716
2026/06/01 13:00:00.267,n,284.06958,5.513682,5.115696,1.016408,OverRange,OverRange,OverRange,12.97751,16.905252,282.39834
2026/06/01 13:01:00.267,n,300.58932,6.304226,4.615885,1.243894,OverRange,OverRange,OverRange,12.753804,16.918066,299.05646
2026/06/01 13:02:00.269,n,316.75076,6.036299,5.35231,1.160479,OverRange,OverRange,OverRange,12.684718,16.926642,316.73108
2026/06/01 13:03:00.272,n,325.14396,5.895118,4.760885,1.045822,OverRange,OverRange,OverRange,12.656714,16.93199,330.46232
2026/06/01 13:04:00.256,n,321.79708,6.301166,5.193471,0.987013,OverRange,OverRange,OverRange,12.819814,16.942682,329.82388
2026/06/01 13:05:00.259,n,315.79916,5.771134,4.702577,1.232176,OverRange,OverRange,OverRange,12.772436,16.951228,325.70868
2026/06/01 13:06:00.262,n,311.84402,4.033998,4.686563,1.009836,OverRange,OverRange,OverRange,12.819066,16.959802,323.62156
2026/06/01 13:07:00.262,n,306.87094,3.843194,4.794981,0.92918,OverRange,OverRange,OverRange,12.762868,16.970464,318.42022
2026/06/01 13:08:00.266,n,307.56556,4.099526,4.689996,1.074676,OverRange,OverRange,OverRange,12.760356,16.977248,320.23306
2026/06/01 13:09:00.268,n,304.6929,3.224591,5.164883,1.007622,OverRange,OverRange,OverRange,12.675858,16.983638,319.15052
2026/06/01 13:10:00.268,n,292.64774,5.778503,5.383866,0.978227,OverRange,OverRange,OverRange,12.5586,16.996454,302.15732
2026/06/01 13:11:00.271,n,284.67472,3.674366,4.882235,1.112073,OverRange,OverRange,OverRange,12.602214,16.99965,291.08732
2026/06/01 13:12:00.272,n,276.1835,5.62967,5.503487,0.593557,OverRange,OverRange,OverRange,12.6998,17.009298,279.7705
2026/06/01 13:13:00.261,n,271.08612,6.190947,5.609694,0.758817,OverRange,OverRange,OverRange,12.551524,17.012464,273.14816
2026/06/01 13:14:00.261,n,263.16598,3.949894,4.328805,0.910863,OverRange,OverRange,OverRange,12.336818,17.011422,264.87568
2026/06/01 13:15:00.261,n,254.4867,3.610667,4.299792,0.900852,OverRange,OverRange,OverRange,12.405188,17.012464,254.87346
2026/06/01 13:16:00.263,n,243.50062,3.975764,4.303498,0.83947,OverRange,OverRange,OverRange,12.618862,17.010342,241.76766
2026/06/01 13:17:00.265,n,233.96868,5.778829,4.615797,1.195719,OverRange,OverRange,OverRange,12.775422,17.010342,229.17498
2026/06/01 13:18:00.268,n,230.96834,5.841466,5.804448,0.240512,OverRange,OverRange,OverRange,12.685374,17.011422,222.30714
2026/06/01 13:19:00.269,n,232.36438,4.029603,5.107145,0.980596,OverRange,OverRange,OverRange,12.57095,17.008222,219.70336
2026/06/01 13:20:00.276,n,236.48964,6.217048,5.738208,0.638841,OverRange,OverRange,OverRange,12.42767,17.0018,222.48922
2026/06/01 13:21:00.273,n,245.82714,3.976551,4.348421,0.877803,OverRange,OverRange,OverRange,12.382762,17.000724,230.89226
2026/06/01 13:22:00.261,n,257.53756,3.580014,5.336303,0.882742,OverRange,OverRange,OverRange,12.587596,16.993256,243.25568
2026/06/01 13:23:00.264,n,269.50174,6.083762,4.844015,1.418215,OverRange,OverRange,OverRange,12.740886,16.983638,257.38346
2026/06/01 13:24:00.266,n,276.95166,3.667699,4.866248,1.338144,OverRange,OverRange,OverRange,12.89385,16.98579,266.21414
2026/06/01 13:25:00.266,n,277.441,3.670491,4.599899,1.126662,OverRange,OverRange,OverRange,12.926434,16.981488,265.0697
2026/06/01 13:26:00.267,n,272.1196,5.610529,4.880894,1.327003,OverRange,OverRange,OverRange,12.79154,16.982564,258.98658
2026/06/01 13:27:00.269,n,264.68918,5.290238,5.065325,1.180284,OverRange,OverRange,OverRange,12.747696,16.983638,251.29796
2026/06/01 13:28:00.271,n,258.00086,4.005147,4.223482,0.770436,OverRange,OverRange,OverRange,12.611038,16.986836,244.81238
2026/06/01 13:29:00.272,n,256.51676,6.247111,5.629269,0.831778,OverRange,OverRange,OverRange,12.549504,16.991104,242.58504
2026/06/01 13:30:00.276,n,262.50048,3.834273,4.316815,0.815816,OverRange,OverRange,OverRange,12.45719,16.988986,249.25414
2026/06/01 13:31:00.260,n,266.0715,6.530698,5.289889,1.334753,OverRange,OverRange,OverRange,12.497814,16.98579,255.83422
2026/06/01 13:32:00.262,n,264.6336,6.170903,4.610581,1.221596,OverRange,OverRange,OverRange,12.625668,16.98579,256.8124
2026/06/01 13:33:00.265,n,260.26652,6.083186,4.677389,1.305923,OverRange,OverRange,OverRange,12.788528,16.984714,254.30974
2026/06/01 13:34:00.270,n,249.35976,5.448106,5.229771,0.969747,OverRange,OverRange,OverRange,12.808676,16.98579,245.87916
2026/06/01 13:35:00.268,n,234.05448,3.141647,4.897389,1.422192,OverRange,OverRange,OverRange,12.948848,16.993256,231.41186
2026/06/01 13:36:00.270,n,221.17666,4.107163,4.807279,1.252524,OverRange,OverRange,OverRange,12.723744,16.998604,217.0235
2026/06/01 13:37:00.272,n,211.7133,3.092377,4.765049,1.450676,OverRange,OverRange,OverRange,12.518498,16.998604,204.9365
2026/06/01 13:38:00.274,n,202.23316,3.116525,4.762166,1.167549,OverRange,OverRange,OverRange,12.450364,16.997498,192.48554
2026/06/01 13:39:00.278,n,196.5072,5.735722,4.968713,1.332344,OverRange,OverRange,OverRange,12.40471,16.995408,184.05676
2026/06/01 13:40:00.262,n,196.38198,3.687573,4.418919,1.226538,OverRange,OverRange,OverRange,12.376684,16.983638,181.75408
2026/06/01 13:41:00.265,n,196.7914,6.267987,5.196333,1.121984,OverRange,OverRange,OverRange,12.384262,16.9719,182.23494
2026/06/01 13:42:00.268,n,196.69184,6.136389,5.25627,1.25345,OverRange,OverRange,OverRange,12.396638,16.967596,182.64126
2026/06/01 13:43:00.268,n,197.32294,6.044564,4.574121,1.208728,OverRange,OverRange,OverRange,12.586578,16.95263,183.81042
2026/06/01 13:44:00.270,n,197.26326,6.384528,4.854741,1.569196,OverRange,OverRange,OverRange,12.56894,16.94627,184.71734
2026/06/01 13:45:00.272,n,198.80662,6.158286,4.845728,1.291143,OverRange,OverRange,OverRange,12.467032,16.934532,186.88294
2026/06/01 13:46:00.273,n,199.95414,5.643988,4.478804,1.3081,OverRange,OverRange,OverRange,12.469544,16.922698,188.94978
2026/06/01 13:47:00.276,n,201.33158,5.937642,4.573826,1.394217,OverRange,OverRange,OverRange,12.537908,16.91311,190.76478
2026/06/01 13:48:00.278,n,202.3023,6.204299,5.128524,1.291645,OverRange,OverRange,OverRange,12.743918,16.908808,192.43664
2026/06/01 13:49:00.263,n,198.83752,5.619324,5.017485,0.941298,OverRange,OverRange,OverRange,12.807434,16.900296,190.65624
2026/06/01 13:50:00.267,n,193.27568,3.620111,4.601705,1.021748,OverRange,OverRange,OverRange,12.632992,16.895992,185.58068
2026/06/01 13:51:00.268,n,189.79616,5.616636,5.1805,1.012247,OverRange,OverRange,OverRange,12.562872,16.887482,181.89622
2026/06/01 13:52:00.269,n,187.00896,5.927836,4.63062,1.073937,OverRange,OverRange,OverRange,12.642818,16.881028,178.9591
2026/06/01 13:53:00.271,n,184.96434,5.997238,4.588314,1.10163,OverRange,OverRange,OverRange,12.501568,16.873558,177.56254
2026/06/01 13:54:00.273,n,185.03582,6.311292,4.894965,1.23494,OverRange,OverRange,OverRange,12.400422,16.86818,178.46986
2026/06/01 13:55:00.277,n,186.47588,3.135085,4.311844,1.080162,OverRange,OverRange,OverRange,12.405208,16.857516,179.7387
2026/06/01 13:56:00.276,n,190.72454,4.026701,3.883344,0.23371,OverRange,OverRange,OverRange,12.3502,16.843628,183.54822
2026/06/01 13:57:00.279,n,196.9837,3.96675,3.962471,0.040876,OverRange,OverRange,OverRange,12.315862,16.830812,188.72704
2026/06/01 13:58:00.264,n,205.86358,5.872475,5.298631,0.81955,OverRange,OverRange,OverRange,12.292904,16.819012,197.27986
2026/06/01 13:59:00.266,n,206.69726,5.434989,5.138976,1.06991,OverRange,OverRange,OverRange,12.253256,16.802968,198.62062
2026/06/01 14:00:00.270,n,206.99324,6.273315,5.611733,0.407742,OverRange,OverRange,OverRange,12.21463,16.790158,197.7697
2026/06/01 14:01:00.272,n,210.98906,5.76277,5.932136,0.156123,OverRange,OverRange,OverRange,12.279776,16.776266,200.63688
2026/06/01 14:02:00.274,n,213.72852,3.208083,5.096673,1.111899,OverRange,OverRange,OverRange,12.319402,16.76342,202.3515
2026/06/01 14:03:00.274,n,219.68018,3.509398,4.926233,1.374275,OverRange,OverRange,OverRange,12.36963,16.75168,207.44738
2026/06/01 14:04:00.276,n,226.898,3.524665,4.870505,1.449287,OverRange,OverRange,OverRange,12.586334,16.74203,213.2015
2026/06/01 14:05:00.278,n,232.70592,4.183274,4.929258,1.236162,OverRange,OverRange,OverRange,12.671062,16.73776,219.00484
2026/06/01 14:06:00.281,n,234.84404,3.587743,4.217562,0.92409,OverRange,OverRange,OverRange,12.71014,16.735608,222.13548
2026/06/01 14:07:00.265,n,233.79082,5.191712,5.083687,1.235519,OverRange,OverRange,OverRange,12.560852,16.73238,221.87218
2026/06/01 14:08:00.268,n,228.39732,5.84467,5.11344,1.207156,OverRange,OverRange,OverRange,12.600194,16.73238,216.84516
2026/06/01 14:09:00.272,n,216.89282,3.667559,4.184766,0.959862,OverRange,OverRange,OverRange,12.689708,16.734564,203.37836
2026/06/01 14:10:00.273,n,199.71638,5.823797,5.25906,1.063076,OverRange,OverRange,OverRange,12.835888,16.739878,187.20634
2026/06/01 14:11:00.275,n,190.72276,6.560099,5.650721,1.131454,OverRange,OverRange,OverRange,12.795588,16.739878,176.31524
2026/06/01 14:12:00.276,n,191.76288,4.587364,4.960134,1.031123,OverRange,OverRange,OverRange,12.806906,16.74203,177.94634
2026/06/01 14:13:00.280,n,170.67214,4.128967,4.194159,0.480927,OverRange,OverRange,OverRange,12.678884,16.743074,163.14158
2026/06/01 14:14:00.283,n,150.69438,5.741128,4.590957,1.021159,OverRange,OverRange,OverRange,12.666026,16.748422,144.18984
2026/06/01 14:15:00.284,n,153.03486,5.485685,4.953244,0.929558,OverRange,OverRange,OverRange,12.7361,16.745196,143.62006
2026/06/01 14:16:00.268,n,153.88024,3.570975,4.409833,1.080124,OverRange,OverRange,OverRange,12.823294,16.738804,145.24732
2026/06/01 14:17:00.271,n,167.36338,4.143649,4.211277,0.907488,OverRange,OverRange,OverRange,12.52682,16.733488,153.98766
2026/06/01 14:18:00.271,n,182.34686,4.071869,5.055353,1.210586,OverRange,OverRange,OverRange,12.320146,16.721718,170.70812
2026/06/01 14:19:00.274,n,175.4535,4.461456,4.606937,1.279673,OverRange,OverRange,OverRange,12.38324,16.707796,172.1934
2026/06/01 14:20:00.276,n,156.01004,5.95659,5.527191,0.955091,OverRange,OverRange,OverRange,12.462972,16.69495,153.31274
2026/06/01 14:21:00.277,n,144.40352,5.89517,4.791338,1.1436,OverRange,OverRange,OverRange,12.304516,16.674606,140.39242
2026/06/01 14:22:00.280,n,134.1795,5.525713,4.760118,0.892838,OverRange,OverRange,OverRange,12.265122,16.662836,130.58354
2026/06/01 14:23:00.282,n,123.01294,5.662484,4.803231,1.082804,OverRange,OverRange,OverRange,12.422624,16.646826,119.68784
2026/06/01 14:24:00.268,n,120.00826,5.601001,5.03049,1.196166,OverRange,OverRange,OverRange,12.539668,16.632906,112.56078
2026/06/01 14:25:00.270,n,139.43292,3.125961,4.611897,1.353929,OverRange,OverRange,OverRange,12.635768,16.62006,125.98356
2026/06/01 14:26:00.274,n,153.87562,5.744335,5.235898,1.230128,OverRange,OverRange,OverRange,12.546998,16.60076,143.43706
2026/06/01 14:27:00.275,n,140.82496,5.45245,4.701582,0.928375,OverRange,OverRange,OverRange,12.513438,16.592184,135.42684
2026/06/01 14:28:00.260,n,129.95468,5.836259,5.242789,0.879696,OverRange,OverRange,OverRange,12.417324,16.571874,124.70272
2026/06/01 14:29:00.263,n,130.26824,4.134043,4.52499,1.249808,OverRange,OverRange,OverRange,12.298182,16.557954,124.8092
2026/06/01 14:30:00.263,n,141.51484,5.523619,4.963235,0.835054,OverRange,OverRange,OverRange,12.215378,16.547224,134.44592
2026/06/01 14:31:00.265,n,152.54154,6.005883,5.039939,1.081277,OverRange,OverRange,OverRange,12.36257,16.526946,146.00038
2026/06/01 14:32:00.267,n,159.3225,5.664906,5.361766,1.093073,OverRange,OverRange,OverRange,12.33228,16.509796,151.56842
2026/06/01 14:33:00.269,n,156.41906,5.833757,5.275968,0.985193,OverRange,OverRange,OverRange,12.331788,16.495876,151.97002
2026/06/01 14:34:00.272,n,148.55034,5.301964,4.776217,1.122047,OverRange,OverRange,OverRange,12.37847,16.478728,143.42878
2026/06/01 14:35:00.259,n,142.2137,6.072197,4.581221,1.111889,OverRange,OverRange,OverRange,12.487454,16.472304,134.51578
2026/06/01 14:36:00.259,n,135.70204,3.169747,5.285402,1.059166,OverRange,OverRange,OverRange,12.4496,16.459428,126.70112
2026/06/01 14:37:00.261,n,131.91818,5.617608,4.80528,1.233149,OverRange,OverRange,OverRange,12.448354,16.472012,121.71166
2026/06/01 14:38:00.264,n,131.52662,3.897325,4.851304,1.202274,OverRange,OverRange,OverRange,12.481456,16.457048,121.22534
2026/06/01 14:39:00.266,n,129.61556,5.67005,5.240191,0.971939,OverRange,OverRange,OverRange,12.307298,16.449582,119.60522
2026/06/01 14:40:00.274,n,128.38182,5.585215,4.537444,1.147402,OverRange,OverRange,OverRange,12.240902,16.43778,118.2696
2026/06/01 14:41:00.270,n,126.66694,3.976032,4.13633,0.391526,OverRange,OverRange,OverRange,12.180548,16.423826,116.6229
2026/06/01 14:42:00.271,n,125.9332,5.709302,5.538097,0.874599,OverRange,OverRange,OverRange,12.30806,16.407786,116.2002
2026/06/01 14:43:00.258,n,125.02956,5.0971,4.381934,0.969329,OverRange,OverRange,OverRange,12.258328,16.39168,116.61914
2026/06/01 14:44:00.260,n,130.25514,3.71627,4.399793,1.294661,OverRange,OverRange,OverRange,12.234844,16.375642,121.38506
2026/06/01 14:45:00.263,n,137.55006,5.12236,4.810685,1.224126,OverRange,OverRange,OverRange,12.246968,16.356342,129.31462
2026/06/01 14:46:00.265,n,140.83536,5.973446,4.933416,1.268785,OverRange,OverRange,OverRange,12.258836,16.348844,134.15536
2026/06/01 14:47:00.269,n,152.15894,4.037001,4.27183,0.98362,OverRange,OverRange,OverRange,12.250504,16.333848,145.48332
2026/06/01 14:48:00.270,n,172.9746,3.1966,4.615143,1.041895,OverRange,OverRange,OverRange,12.391098,16.320972,159.28402
2026/06/01 14:49:00.270,n,226.73952,5.041165,5.118572,1.329967,OverRange,OverRange,OverRange,12.52358,16.319894,203.21914
2026/06/01 14:50:00.272,n,249.70886,5.606016,5.00012,1.076225,OverRange,OverRange,OverRange,12.611354,16.3092,231.76176
2026/06/01 14:51:00.274,n,256.05246,5.639585,5.289452,1.078377,OverRange,OverRange,OverRange,12.47109,16.312428,241.92808
2026/06/01 14:52:00.261,n,259.28588,5.770409,5.755081,0.057939,OverRange,OverRange,OverRange,12.552078,16.31885,248.13704
2026/06/01 14:53:00.263,n,250.07658,5.641206,5.328448,1.042544,OverRange,OverRange,OverRange,12.527084,16.327394,244.09336
2026/06/01 14:54:00.264,n,225.99642,5.664196,5.179417,1.105175,OverRange,OverRange,OverRange,12.450902,16.340268,225.03266
2026/06/01 14:55:00.267,n,201.38558,6.57982,4.770654,1.241748,OverRange,OverRange,OverRange,12.585378,16.348844,196.2358
2026/06/01 14:56:00.270,n,184.5489,6.068021,5.058451,1.177177,OverRange,OverRange,OverRange,12.57957,16.36172,175.67726
2026/06/01 14:57:00.270,n,173.62166,4.209125,4.559484,0.62074,OverRange,OverRange,OverRange,12.729844,16.368142,162.53922
2026/06/01 14:58:00.273,n,168.0385,4.206402,4.71912,1.220662,OverRange,OverRange,OverRange,12.728592,16.385292,158.44914
2026/06/01 14:59:00.276,n,159.59988,3.324231,4.572625,1.280404,OverRange,OverRange,OverRange,12.761622,16.395988,152.62512
2026/06/01 15:00:00.278,n,158.11724,5.870921,5.440777,0.822119,OverRange,OverRange,OverRange,12.782044,16.395988,149.46618
2026/06/01 15:01:00.264,n,165.7799,3.670589,5.351831,0.839033,OverRange,OverRange,OverRange,12.735398,16.40345,157.7303
2026/06/01 15:02:00.265,n,160.79628,4.125881,5.123017,0.993809,OverRange,OverRange,OverRange,12.813792,16.41636,156.05244
2026/06/01 15:03:00.486,n,190.31128,3.947519,4.327526,0.825174,OverRange,OverRange,OverRange,12.750534,16.424902,178.84186
2026/06/01 15:04:00.269,n,222.61236,4.06049,5.172201,1.023931,OverRange,OverRange,OverRange,12.837744,16.431356,206.73994
2026/06/01 15:05:00.462,n,218.2909,5.63196,4.876436,1.068623,OverRange,OverRange,OverRange,12.836732,16.434552,211.47508
2026/06/01 15:06:00.274,n,189.43242,5.250116,4.981955,1.077649,OverRange,OverRange,OverRange,12.909908,16.4517,187.0693
2026/06/01 15:07:00.275,n,169.42262,3.807411,4.414699,0.961444,OverRange,OverRange,OverRange,12.918356,16.466666,162.60354
2026/06/01 15:08:00.446,n,157.57658,5.964837,5.675039,0.835781,OverRange,OverRange,OverRange,12.826146,16.485964,149.2759
2026/06/01 15:09:00.281,n,139.40082,5.761951,5.211102,1.046996,OverRange,OverRange,OverRange,12.827916,16.496658,131.98454
2026/06/01 15:10:00.265,n,124.76142,5.717806,5.366126,0.841619,OverRange,OverRange,OverRange,12.893168,16.511656,116.93678
2026/06/01 15:11:00.266,n,116.84372,5.729632,5.455027,0.589813,OverRange,OverRange,OverRange,12.80547,16.520262,109.23844
2026/06/01 15:12:00.268,n,112.82994,3.227693,5.350643,1.047098,OverRange,OverRange,OverRange,12.839976,16.522348,105.17532
2026/06/01 15:13:00.437,n,110.41802,5.828936,5.447151,1.038678,OverRange,OverRange,OverRange,12.76793,16.525576,103.55616
2026/06/01 15:14:00.273,n,107.20344,4.786044,5.389889,0.435956,OverRange,OverRange,OverRange,12.831178,16.521306,101.5888
2026/06/01 15:15:00.277,n,105.16832,5.835651,4.589767,1.308777,OverRange,OverRange,OverRange,12.723058,16.517036,100.49208
2026/06/01 15:16:00.279,n,106.34754,5.69151,5.725485,0.053872,OverRange,OverRange,OverRange,12.733892,16.513808,102.78782
2026/06/01 15:17:00.279,n,107.9268,4.803992,4.157577,0.432106,OverRange,OverRange,OverRange,12.678436,16.506308,105.27054
2026/06/01 15:18:00.470,n,108.51146,6.232828,4.982388,0.974142,OverRange,OverRange,OverRange,12.517518,16.49555,106.291
2026/06/01 15:19:00.270,n,104.56814,3.45699,3.865186,0.528776,OverRange,OverRange,OverRange,12.47816,16.481662,103.12494
2026/06/01 15:20:00.272,n,96.566376,3.393337,4.599317,1.176125,OverRange,OverRange,OverRange,12.46049,16.46562,95.332816
2026/06/01 15:21:00.275,n,88.610568,6.000963,4.300303,0.840029,OverRange,OverRange,OverRange,12.45191,16.452776,86.925688
2026/06/01 15:22:00.476,n,83.861248,5.526448,5.773287,0.226886,OverRange,OverRange,OverRange,12.557384,16.438824,81.898168
2026/06/01 15:23:00.443,n,78.659024,5.973737,4.955559,1.063898,OverRange,OverRange,OverRange,12.599248,16.436704,76.467672
2026/06/01 15:24:00.278,n,74.4986,5.932131,5.049958,1.195981,OverRange,OverRange,OverRange,12.468838,16.405634,71.989376
2026/06/01 15:25:00.281,n,72.94244,3.860814,4.71881,1.328851,OverRange,OverRange,OverRange,12.44864,16.386336,69.639352
2026/06/01 15:26:00.283,n,72.96592,4.227248,4.896564,1.182974,OverRange,OverRange,OverRange,12.456208,16.364948,69.067696
2026/06/01 15:27:00.284,n,70.744648,3.716698,5.208405,1.277916,OverRange,OverRange,OverRange,12.447128,16.352102,66.719972
2026/06/01 15:28:00.273,n,66.417832,6.263461,4.96723,1.489468,OverRange,OverRange,OverRange,12.382014,16.329512,62.161732
2026/06/01 15:29:00.565,n,62.805376,4.07424,5.114911,0.967402,OverRange,OverRange,OverRange,12.422902,16.312428,58.463016
2026/06/01 15:30:00.273,n,58.896944,5.707332,5.349046,0.679807,OverRange,OverRange,OverRange,12.44309,16.289902,54.892548
2026/06/01 15:31:00.260,n,55.724964,3.827813,4.838597,1.176831,OverRange,OverRange,OverRange,12.380264,16.272722,51.843904
2026/06/01 15:32:00.261,n,53.328308,5.664674,4.811306,1.081072,OverRange,OverRange,OverRange,12.441586,16.252378,49.762388
2026/06/01 15:33:00.264,n,51.896852,6.162833,4.824881,1.110862,OverRange,OverRange,OverRange,12.3535,16.22881,48.203204
2026/06/01 15:34:00.265,n,51.870804,6.008098,4.888989,1.23689,OverRange,OverRange,OverRange,12.282054,16.2063,48.413532
2026/06/01 15:35:00.267,n,52.335384,3.822701,4.515554,1.263632,OverRange,OverRange,OverRange,12.282568,16.18912,49.088
2026/06/01 15:36:00.269,n,50.99066,6.401955,5.220119,1.34707,OverRange,OverRange,OverRange,12.32195,16.167686,48.027872
2026/06/01 15:37:00.271,n,49.308508,4.533605,4.479129,1.081121,OverRange,OverRange,OverRange,12.158566,16.14516,46.212984
2026/06/01 15:38:00.257,n,48.660204,3.547946,4.780196,1.324562,OverRange,OverRange,OverRange,12.125998,16.121542,45.329132
2026/06/01 15:39:00.259,n,49.334424,3.852906,4.622355,1.180099,OverRange,OverRange,OverRange,12.078506,16.104412,45.63792
2026/06/01 15:40:00.260,n,51.132948,3.997306,4.379051,0.991776,OverRange,OverRange,OverRange,12.080522,16.084022,46.986604
2026/06/01 15:41:00.263,n,52.245448,4.164139,4.267935,0.863725,OverRange,OverRange,OverRange,12.093908,16.066842,47.752196
2026/06/01 15:42:00.265,n,52.503844,5.971054,4.860576,1.25404,OverRange,OverRange,OverRange,11.995382,16.045376,47.979664
2026/06/01 15:43:00.269,n,52.58788,5.900633,4.743924,1.309299,OverRange,OverRange,OverRange,11.900604,16.027138,48.232304
2026/06/01 15:44:00.269,n,52.1786,3.477763,4.612299,1.126047,OverRange,OverRange,OverRange,11.926636,16.01537,47.964476
2026/06/01 15:45:00.271,n,50.697236,3.797395,4.500781,1.119696,OverRange,OverRange,OverRange,11.913728,15.997132,46.58354
2026/06/01 15:46:00.256,n,49.18636,6.103412,4.894493,1.123351,OverRange,OverRange,OverRange,11.94483,15.980996,44.85048
2026/06/01 15:47:00.259,n,48.459672,4.069252,4.425813,1.003352,OverRange,OverRange,OverRange,11.8862,15.969228,43.993332
2026/06/01 15:48:00.263,n,46.988436,3.379491,4.062363,0.377274,OverRange,OverRange,OverRange,11.843704,15.94558,42.687052
2026/06/01 15:49:00.262,n,45.6069,5.634032,5.281243,0.729359,OverRange,OverRange,OverRange,11.86698,15.929492,41.21542
2026/06/01 15:50:00.265,n,45.3943,6.011952,4.782564,0.950603,OverRange,OverRange,OverRange,11.803004,15.907994,40.433524
2026/06/01 15:51:00.269,n,46.700532,5.729692,4.879259,1.231433,OverRange,OverRange,OverRange,11.822216,15.889758,41.057404
2026/06/01 15:52:00.271,n,50.601008,3.531559,4.544626,1.138418,OverRange,OverRange,OverRange,11.75496,15.868294,44.269092
2026/06/01 15:53:00.273,n,55.060756,6.116208,5.283173,1.246585,OverRange,OverRange,OverRange,11.779744,15.847872,48.70618
2026/06/01 15:54:00.272,n,57.743532,6.12604,4.841591,1.324172,OverRange,OverRange,OverRange,11.807312,15.824238,51.528212
2026/06/01 15:55:00.260,n,60.612592,3.746248,4.926362,1.214917,OverRange,OverRange,OverRange,11.845474,15.804958,54.083268
2026/06/01 15:56:00.261,n,63.49898,5.657111,5.017407,1.164644,OverRange,OverRange,OverRange,11.868754,15.782386,56.86392
2026/06/01 15:57:00.265,n,66.470168,5.642975,4.659679,1.029403,OverRange,OverRange,OverRange,11.865718,15.810712,59.888576
2026/06/01 15:58:00.268,n,69.11176,5.925422,5.400028,0.882166,OverRange,OverRange,OverRange,11.886388,15.792442,62.934316
2026/06/01 15:59:00.267,n,70.260576,6.123728,4.241287,0.969864,OverRange,OverRange,OverRange,11.81535,15.77096,64.747672
2026/06/01 16:00:00.270,n,70.98868,4.024463,4.203322,0.855426,OverRange,OverRange,OverRange,11.78653,15.758086,65.787316
2026/06/01 16:01:00.272,n,72.125424,3.667017,4.777953,1.058438,OverRange,OverRange,OverRange,11.787044,15.747346,66.849672
2026/06/01 16:02:00.273,n,72.107976,3.693344,5.124145,1.390859,OverRange,OverRange,OverRange,11.868704,15.722606,66.230996
2026/06/01 16:03:00.275,n,71.64712,3.389645,4.819767,1.330088,OverRange,OverRange,OverRange,11.762242,15.706488,65.026328
2026/06/01 16:04:00.261,n,71.217952,3.300212,5.035272,1.347151,OverRange,OverRange,OverRange,11.752884,15.68747,63.832672
2026/06/01 16:05:00.262,n,70.16216,3.848939,4.241871,0.85146,OverRange,OverRange,OverRange,11.74732,15.67145,62.15738
2026/06/01 16:06:00.265,n,70.570928,4.708944,4.499047,0.436723,OverRange,OverRange,OverRange,11.735936,15.656488,62.103544
2026/06/01 16:07:00.268,n,71.940032,5.828808,5.391566,0.936818,OverRange,OverRange,OverRange,11.75264,15.639442,63.761348
2026/06/01 16:08:00.269,n,71.412328,3.947231,3.762161,0.366793,OverRange,OverRange,OverRange,11.69571,15.627658,64.630524
2026/06/01 16:09:00.271,n,68.302056,3.771547,5.04643,1.202389,OverRange,OverRange,OverRange,11.788046,15.604158,62.796008
2026/06/01 16:10:00.279,n,64.491644,6.129604,4.706005,1.063079,OverRange,OverRange,OverRange,11.870728,15.590258,59.26018
2026/06/01 16:11:00.274,n,62.290772,4.834664,5.284091,0.820811,OverRange,OverRange,OverRange,11.84671,15.578524,56.200104
2026/06/01 16:12:00.279,n,62.791536,5.927185,5.773885,0.639531,OverRange,OverRange,OverRange,11.8988,15.561412,55.54884
2026/06/01 16:13:00.267,n,64.157556,5.890795,5.770393,0.29766,OverRange,OverRange,OverRange,11.886648,15.545408,56.684308
2026/06/01 16:14:00.266,n,64.186548,5.910584,5.211462,0.982392,OverRange,OverRange,OverRange,11.914964,15.53576,57.746228
2026/06/01 16:15:00.267,n,63.176684,6.368736,4.915993,1.159483,OverRange,OverRange,OverRange,11.938478,15.532568,57.425588
2026/06/01 16:16:00.270,n,62.687212,5.795413,5.141823,1.029381,OverRange,OverRange,OverRange,11.980678,15.51764,57.325756
2026/06/01 16:17:00.270,n,63.211336,3.089473,5.385656,1.128636,OverRange,OverRange,OverRange,11.990042,15.521322,57.569524
2026/06/01 16:18:00.272,n,65.181648,3.312731,4.070596,0.981171,OverRange,OverRange,OverRange,12.034414,15.510648,59.4269
2026/06/01 16:19:00.277,n,67.587032,4.135447,4.106719,0.432861,OverRange,OverRange,OverRange,12.054612,15.506394,61.807728
2026/06/01 16:20:00.277,n,69.847576,4.18548,4.960513,1.359888,OverRange,OverRange,OverRange,12.10111,15.501034,64.356636
2026/06/01 16:21:00.279,n,72.29812,6.157243,4.634055,1.200853,OverRange,OverRange,OverRange,12.05893,15.50747,66.7582
2026/06/01 16:22:00.263,n,75.920312,5.671188,4.906565,1.166588,OverRange,OverRange,OverRange,12.026576,15.509604,70.181408
2026/06/01 16:23:00.266,n,78.656336,5.712189,5.615414,0.516004,OverRange,OverRange,OverRange,12.05513,15.505318,73.269032
2026/06/01 16:24:00.267,n,77.275568,3.890563,5.081901,1.084121,OverRange,OverRange,OverRange,12.049072,15.505318,72.376312
2026/06/01 16:25:00.270,n,73.828752,5.721136,5.397343,0.896669,OverRange,OverRange,OverRange,12.10642,15.501034,69.391488
2026/06/01 16:26:00.272,n,71.747456,4.014933,5.134717,0.957414,OverRange,OverRange,OverRange,12.128658,15.506394,67.195984
2026/06/01 16:27:00.274,n,71.43696,5.289093,5.283779,0.92216,OverRange,OverRange,OverRange,12.148622,15.49999,66.963744
2026/06/01 16:28:00.276,n,73.078056,3.890425,3.779416,0.108218,OverRange,OverRange,OverRange,12.032628,15.496798,68.932888
2026/06/01 16:29:00.278,n,74.608184,6.041091,5.423159,1.244535,OverRange,OverRange,OverRange,12.127636,15.494644,70.50016
2026/06/01 16:30:00.279,n,76.085696,3.659495,4.510336,1.322206,OverRange,OverRange,OverRange,12.117024,15.492478,71.345544
2026/06/01 16:31:00.266,n,79.0556,3.650119,4.934078,1.358678,OverRange,OverRange,OverRange,12.125356,15.491402,73.644024
2026/06/01 16:32:00.266,n,86.124872,4.783304,4.778973,1.017816,OverRange,OverRange,OverRange,11.94747,15.488176,80.368264
2026/06/01 16:33:00.268,n,112.46146,6.077003,5.129101,1.019669,OverRange,OverRange,OverRange,11.965932,15.480728,116.21692
2026/06/01 16:34:00.275,n,138.17606,5.879014,5.476893,1.001517,OverRange,OverRange,OverRange,12.04098,15.480728,156.55166
2026/06/01 16:35:00.274,n,146.59222,5.766212,5.160647,1.124407,OverRange,OverRange,OverRange,12.11727,15.478594,173.09858
2026/06/01 16:36:00.277,n,143.09126,6.39714,5.353286,0.87523,OverRange,OverRange,OverRange,12.190532,15.489252,165.46396
2026/06/01 16:37:00.278,n,147.92592,3.956593,4.271486,0.970174,OverRange,OverRange,OverRange,12.323848,15.49999,180.23568
2026/06/01 16:38:00.280,n,184.16322,5.701105,5.64473,0.395836,OverRange,OverRange,OverRange,12.38469,15.514918,279.49136
2026/06/01 16:39:00.281,n,162.54632,6.139565,4.851163,1.264005,OverRange,OverRange,OverRange,12.41396,15.534132,248.73302
2026/06/01 16:40:00.266,n,128.63446,5.043789,4.685294,1.289351,OverRange,OverRange,OverRange,12.50557,15.56301,157.39626
2026/06/01 16:41:00.269,n,124.67418,4.544989,4.546132,0.89486,OverRange,OverRange,OverRange,12.490942,15.590778,148.96432
2026/06/01 16:42:00.271,n,118.29224,5.944299,5.06914,1.305623,OverRange,OverRange,OverRange,12.52879,15.619608,139.39108
2026/06/01 16:43:00.272,n,110.84396,4.044108,4.364506,0.944665,OverRange,OverRange,OverRange,12.559052,15.645226,124.42858
2026/06/01 16:44:00.274,n,106.69614,5.465544,4.474689,1.136025,OverRange,OverRange,OverRange,12.580746,15.667668,117.74088
2026/06/01 16:45:00.277,n,105.53154,3.976734,4.538577,0.95368,OverRange,OverRange,OverRange,12.572674,15.684748,115.61156
2026/06/01 16:46:00.279,n,106.81148,4.745025,4.391204,0.91878,OverRange,OverRange,OverRange,12.71819,15.696514,118.28214
2026/06/01 16:47:00.282,n,107.62118,3.230295,4.971566,1.1345,OverRange,OverRange,OverRange,12.709112,15.709112,120.62296
2026/06/01 16:48:00.284,n,106.77118,5.627531,5.244056,1.080716,OverRange,OverRange,OverRange,12.706346,15.72202,120.29234
2026/06/01 16:49:00.271,n,104.26214,6.065597,5.401068,0.91242,OverRange,OverRange,OverRange,12.682898,15.734896,118.1312
2026/06/01 16:50:00.270,n,101.0791,4.020609,5.072566,1.065722,OverRange,OverRange,OverRange,12.635478,15.743518,115.68332
2026/06/01 16:51:00.272,n,98.179128,5.772018,4.806452,0.972369,OverRange,OverRange,OverRange,12.726502,15.747834,112.95412
2026/06/01 16:52:00.276,n,96.69648,4.614255,4.392409,1.052656,OverRange,OverRange,OverRange,12.76887,15.754272,111.69564
2026/06/01 16:53:00.278,n,94.819944,4.043221,4.557288,1.321709,OverRange,OverRange,OverRange,12.798366,15.766088,111.27216
2026/06/01 16:54:00.278,n,91.810384,3.793557,4.315599,0.991628,OverRange,OverRange,OverRange,12.807928,15.768256,110.1722
2026/06/01 16:55:00.280,n,85.01916,4.023737,4.293147,0.875522,OverRange,OverRange,OverRange,12.827098,15.774694,104.83676
2026/06/01 16:56:00.266,n,74.969088,4.745445,5.006024,0.653652,OverRange,OverRange,OverRange,12.761816,15.78439,95.499024
2026/06/01 16:57:00.284,n,65.52524,6.229417,4.510261,1.325199,OverRange,OverRange,OverRange,12.762808,15.790796,86.370584
2026/06/01 16:58:00.272,n,65.197692,4.343059,5.659906,0.650742,OverRange,OverRange,OverRange,12.766094,15.795604,100.63354
2026/06/01 16:59:00.272,n,53.1873,3.846191,4.428809,1.086381,OverRange,OverRange,OverRange,12.61699,15.787014,85.258408
2026/06/01 17:00:00.260,n,38.845948,3.398253,4.514273,1.213287,OverRange,OverRange,OverRange,12.586212,15.785972,52.78296
2026/06/01 17:01:00.259,n,32.81054,6.164795,5.213163,1.315293,OverRange,OverRange,OverRange,12.49136,15.779486,43.285844
2026/06/01 17:02:00.261,n,28.757256,5.925809,5.118418,1.255385,OverRange,OverRange,OverRange,12.416164,15.762276,37.404596
2026/06/01 17:03:00.264,n,25.99904,6.454052,4.92118,1.492564,OverRange,OverRange,OverRange,12.34877,15.7494,33.781224
2026/06/01 17:04:00.265,n,24.917974,5.719471,4.910932,1.195659,OverRange,OverRange,OverRange,12.262686,15.722542,32.247132
2026/06/01 17:05:00.267,n,24.833298,3.940584,5.405871,0.73473,OverRange,OverRange,OverRange,12.116944,15.691642,32.086384
2026/06/01 17:06:00.270,n,24.559504,4.075728,4.862145,1.274447,OverRange,OverRange,OverRange,11.970638,15.660678,31.912582
2026/06/01 17:07:00.271,n,23.73427,3.869131,3.870213,0.147742,OverRange,OverRange,OverRange,11.878128,15.621174,31.195196
2026/06/01 17:08:00.259,n,22.340668,5.988906,5.542207,1.067024,OverRange,OverRange,OverRange,11.879888,15.586982,29.701548
2026/06/01 17:09:00.259,n,20.432318,5.873804,5.223329,1.188471,OverRange,OverRange,OverRange,11.757996,15.539982,26.978752
2026/06/01 17:10:00.260,n,18.426974,3.445061,5.499131,1.011784,OverRange,OverRange,OverRange,11.665666,15.498328,23.884546
2026/06/01 17:11:00.262,n,16.808712,6.242417,5.489883,1.175951,OverRange,OverRange,OverRange,11.618852,15.454524,21.533326
2026/06/01 17:12:00.265,n,15.528782,4.76694,4.871387,1.088826,OverRange,OverRange,OverRange,11.5227,15.410654,19.410512
2026/06/01 17:13:00.267,n,14.748584,5.334259,5.523297,1.056532,OverRange,OverRange,OverRange,11.448518,15.364668,17.983586
2026/06/01 17:14:00.269,n,14.321598,5.608712,5.107197,1.106669,OverRange,OverRange,OverRange,11.392568,15.31125,17.367308
2026/06/01 17:15:00.272,n,13.96505,4.028872,5.12709,1.195701,OverRange,OverRange,OverRange,11.319366,15.269518,16.82858
2026/06/01 17:16:00.257,n,13.75438,6.434958,4.907632,1.272666,OverRange,OverRange,OverRange,11.280354,15.221398,16.70461
2026/06/01 17:17:00.261,n,13.617096,5.069589,4.249918,0.450897,OverRange,OverRange,OverRange,11.209946,15.169988,16.56707
2026/06/01 17:18:00.260,n,13.576042,3.794994,4.382078,1.408166,OverRange,OverRange,OverRange,11.168884,15.12187,16.270408
2026/06/01 17:19:00.262,n,13.336246,3.687947,4.288152,1.069074,OverRange,OverRange,OverRange,11.09691,15.077972,15.950362
2026/06/01 17:20:00.264,n,13.900642,4.600981,4.708211,1.153756,OverRange,OverRange,OverRange,11.075618,15.033014,16.442842
2026/06/01 17:21:00.267,n,13.090678,5.210128,4.564518,0.983126,OverRange,OverRange,OverRange,11.037842,14.980564,15.79337
2026/06/01 17:22:00.268,n,12.090444,3.709921,4.80006,1.231864,OverRange,OverRange,OverRange,10.97929,14.931274,15.221372
2026/06/01 17:23:00.270,n,11.136526,6.096294,4.457949,0.965089,OverRange,OverRange,OverRange,10.966844,14.929352,15.357118
2026/06/01 17:24:00.274,n,10.980384,5.857397,5.545532,1.121388,OverRange,OverRange,OverRange,11.017132,14.882214,16.82858
2026/06/01 17:25:00.260,n,10.57367,6.325717,4.066698,1.142434,OverRange,OverRange,OverRange,10.931138,14.83933,18.907454
2026/06/01 17:26:00.260,n,10.784468,5.238926,4.899627,1.3324,OverRange,OverRange,OverRange,10.928356,14.793238,22.69268
2026/06/01 17:27:00.261,n,11.55697,6.097215,5.776055,1.25147,OverRange,OverRange,OverRange,10.948884,14.752504,32.30592
2026/06/01 17:28:00.266,n,12.34371,6.67861,4.184908,1.243285,OverRange,OverRange,OverRange,10.853536,14.712814,41.344852
2026/06/01 17:29:00.268,n,11.34912,3.28075,5.083968,1.382729,OverRange,OverRange,OverRange,10.88117,14.679594,37.148888
2026/06/01 17:30:00.268,n,9.405618,3.300927,5.139874,1.25014,OverRange,OverRange,OverRange,10.888536,14.645268,25.982702
2026/06/01 17:31:00.402,n,7.035256,3.738555,4.237084,1.061326,OverRange,OverRange,OverRange,10.80481,14.6206,14.393322
2026/06/01 17:32:00.273,n,5.013618,6.350388,5.021856,1.529399,OverRange,OverRange,OverRange,10.814952,14.591632,7.948092
2026/06/01 17:33:00.275,n,4.578421,3.661914,5.088481,1.353948,OverRange,OverRange,OverRange,10.744166,14.56589,7.738114
2026/06/01 17:34:00.259,n,4.166831,5.399545,5.358103,1.034131,OverRange,OverRange,OverRange,10.801254,14.556994,7.689395
2026/06/01 17:35:00.330,n,3.741129,6.361227,4.5087,1.232186,OverRange,OverRange,OverRange,10.78096,14.522618,6.058037
2026/06/01 17:36:00.312,n,2.750645,6.133255,6.138397,0.12287,OverRange,OverRange,OverRange,10.785788,14.494728,3.959883
2026/06/01 17:37:00.265,n,1.98533,4.729289,5.003149,1.318875,OverRange,OverRange,OverRange,10.70077,14.463594,2.827829
2026/06/01 17:38:00.269,n,1.503174,5.483398,4.790183,1.592437,OverRange,OverRange,OverRange,10.71345,14.423842,2.280147
2026/06/01 17:39:00.269,n,1.286859,6.352754,5.311909,1.556139,OverRange,OverRange,OverRange,10.690842,14.39271,1.982799
2026/06/01 17:40:00.270,n,0.69924,5.921668,5.297594,1.092645,OverRange,OverRange,OverRange,10.689352,14.357278,1.149288
2026/06/01 17:41:00.274,n,-0.002438,6.07295,5.263756,1.62453,OverRange,OverRange,OverRange,10.682734,14.321828,0.245386
2026/06/01 17:42:00.277,n,-0.479204,3.203828,4.386883,1.373352,OverRange,OverRange,OverRange,10.70126,14.286364,-0.25827
2026/06/01 17:43:00.261,n,-0.903239,3.429434,4.494262,1.40695,OverRange,OverRange,OverRange,10.666738,14.25305,-0.695887
2026/06/01 17:44:00.263,n,-1.335998,3.690068,3.864606,0.123223,OverRange,OverRange,OverRange,10.554022,14.219718,-1.067464
2026/06/01 17:45:00.311,n,-1.798267,4.770145,4.247061,1.136444,OverRange,OverRange,OverRange,10.610118,14.18212,-1.460287
2026/06/01 17:46:00.269,n,-2.245781,6.416113,4.571677,1.519096,OverRange,OverRange,OverRange,10.542044,14.150924,-1.86898
2026/06/01 17:47:00.269,n,-2.675974,3.806847,4.812021,1.263168,OverRange,OverRange,OverRange,10.520238,14.119792,-2.248663
2026/06/01 17:48:00.271,n,-3.015586,2.971951,4.295353,0.999245,OverRange,OverRange,OverRange,10.573074,14.08749,-2.571778
2026/06/01 17:49:00.273,n,-3.071269,3.542976,4.551978,1.212018,OverRange,OverRange,OverRange,10.612168,14.048754,-2.885251
2026/06/01 17:50:00.275,n,-3.141321,3.632526,4.233248,1.263915,OverRange,OverRange,OverRange,10.628404,14.015474,-3.091474
2026/06/01 17:51:00.277,n,-3.293743,3.924578,4.529623,1.301587,OverRange,OverRange,OverRange,10.540274,13.982114,-3.216215
2026/06/01 17:52:00.264,n,-3.422172,4.258634,5.916018,0.878819,OverRange,OverRange,OverRange,10.635006,13.953054,-3.422609
2026/06/01 17:53:00.264,n,-3.580496,3.616147,4.421302,1.455446,OverRange,OverRange,OverRange,10.540318,13.9633,-3.543255
2026/06/01 17:54:00.267,n,-3.165314,3.756305,4.17452,1.302401,OverRange,OverRange,OverRange,10.69367,13.924532,-3.327646
2026/06/01 17:55:00.268,n,-3.238573,6.259077,6.223397,0.17119,OverRange,OverRange,OverRange,10.710698,13.896562,-3.388139
2026/06/01 17:56:00.272,n,-3.308754,6.135657,5.917698,1.071015,OverRange,OverRange,OverRange,10.625118,13.87076,-3.543766
2026/06/01 17:57:00.274,n,-3.554579,6.199531,5.68445,1.250699,OverRange,OverRange,OverRange,10.660412,13.843822,-3.715264
2026/06/01 17:58:00.274,n,-3.621809,3.15756,5.058105,1.462159,OverRange,OverRange,OverRange,10.60049,13.821178,-3.830193
2026/06/01 17:59:00.276,n,-3.630533,3.907388,4.513242,1.538901,OverRange,OverRange,OverRange,10.62766,13.798636,-3.79521
2026/06/01 18:00:00.278,n,-3.768072,6.527787,5.362482,1.716119,OverRange,OverRange,OverRange,10.67158,13.759836,-3.884628
2026/06/01 18:01:00.264,n,-3.706616,6.274898,5.13293,1.551592,OverRange,OverRange,OverRange,10.584494,13.744802,-3.857581
2026/06/01 18:02:00.300,n,-3.592556,3.829567,4.813712,1.64197,OverRange,OverRange,OverRange,10.602758,13.74682,-3.851609
2026/06/01 18:03:00.315,n,-3.358407,2.977903,4.254377,1.172565,OverRange,OverRange,OverRange,10.66219,13.723104,-3.658952
2026/06/01 18:04:00.373,n,-3.273472,3.707158,4.334667,1.397824,OverRange,OverRange,OverRange,10.633992,13.720468,-3.703745
2026/06/01 18:05:00.272,n,-3.340573,6.283654,5.553518,1.335365,OverRange,OverRange,OverRange,10.691116,13.705336,-3.677978
2026/06/01 18:06:00.274,n,-3.212015,3.501612,5.743356,1.101536,OverRange,OverRange,OverRange,10.649232,13.69351,-3.781218
2026/06/01 18:07:00.276,n,-3.31132,3.538281,4.407395,1.362703,OverRange,OverRange,OverRange,10.630444,13.678462,-3.769614
2026/06/01 18:08:00.280,n,-3.26757,3.862645,4.593876,1.411802,OverRange,OverRange,OverRange,10.663696,13.677354,-3.682074
2026/06/01 18:09:00.281,n,-3.109374,6.490882,4.319755,1.065613,OverRange,OverRange,OverRange,10.67946,13.667678,-3.602127
2026/06/01 18:10:00.265,n,-3.019051,3.47913,5.240745,1.186729,OverRange,OverRange,OverRange,10.66394,13.664454,-3.619703
2026/06/01 18:11:00.271,n,-3.004296,6.638422,5.02708,1.611899,OverRange,OverRange,OverRange,10.675604,13.664454,-3.487198
2026/06/01 18:12:00.270,n,-2.919104,3.229346,4.908861,1.585699,OverRange,OverRange,OverRange,10.640824,13.65903,-3.45998
2026/06/01 18:13:00.274,n,-2.951693,6.160191,5.198905,1.435157,OverRange,OverRange,OverRange,10.719304,13.656864,-3.473461
2026/06/01 18:14:00.274,n,-2.966319,3.780688,4.036604,1.285658,OverRange,OverRange,OverRange,10.59081,13.651504,-3.494962
2026/06/01 18:15:00.277,n,-3.12105,6.234117,5.548094,0.874362,OverRange,OverRange,OverRange,10.760188,13.646098,-3.562964
2026/06/01 18:16:00.279,n,-3.071526,6.474,4.602562,1.459901,OverRange,OverRange,OverRange,10.670788,13.64178,-3.551445
2026/06/01 18:17:00.281,n,-2.977866,3.454785,4.724991,1.44916,OverRange,OverRange,OverRange,10.673584,13.643964,-3.565097
2026/06/01 18:18:00.285,n,-2.834297,5.504072,4.829277,1.539506,OverRange,OverRange,OverRange,10.641826,13.640706,-3.461857
2026/06/01 18:19:00.269,n,-2.784388,4.45764,4.855468,1.401268,OverRange,OverRange,OverRange,10.57633,13.635314,-3.508699
2026/06/01 18:20:00.272,n,-2.860599,6.101587,4.681334,1.301546,OverRange,OverRange,OverRange,10.585226,13.634254,-3.508614
2026/06/01 18:21:00.273,n,-2.731913,3.763224,4.704604,1.079267,OverRange,OverRange,OverRange,10.531652,13.62779,-3.580711
2026/06/01 18:22:00.275,n,-2.684955,6.258048,5.901472,1.010196,OverRange,OverRange,OverRange,10.614446,13.63103,-3.467745
2026/06/01 18:23:00.278,n,-2.576797,4.042983,5.804722,0.870768,OverRange,OverRange,OverRange,10.504736,13.626714,-3.426705
2026/06/01 18:24:00.262,n,-2.582827,5.938059,4.607803,1.213606,OverRange,OverRange,OverRange,10.535706,13.62779,-3.372355
2026/06/01 18:25:00.266,n,-2.608872,3.569937,3.600246,0.290445,OverRange,OverRange,OverRange,10.51769,13.624564,-3.337202
2026/06/01 18:26:00.267,n,-2.649929,6.085109,4.930073,1.382367,OverRange,OverRange,OverRange,10.714234,13.63103,-3.343004
2026/06/01 18:27:00.270,n,-2.568072,3.667031,3.956437,1.259254,OverRange,OverRange,OverRange,10.62917,13.62779,-3.319711
2026/06/01 18:28:00.270,n,-2.755392,6.321609,6.185423,0.151399,OverRange,OverRange,OverRange,10.819058,13.629922,-3.43464
2026/06/01 18:29:00.272,n,-2.603227,6.233347,5.330289,1.463326,OverRange,OverRange,OverRange,10.774618,13.64828,-3.333448
2026/06/01 18:30:00.258,n,-2.57962,6.428535,4.82461,1.668349,OverRange,OverRange,OverRange,10.76672,13.638572,-3.245651
2026/06/01 18:31:00.260,n,-2.538692,3.286996,5.395027,1.181341,OverRange,OverRange,OverRange,10.788072,13.638572,-3.204867
2026/06/01 18:32:00.262,n,-2.76989,3.857984,4.046998,0.848101,OverRange,OverRange,OverRange,10.810426,13.640706,-3.304182
2026/06/01 18:33:00.264,n,-2.793369,3.497439,4.305324,1.236605,OverRange,OverRange,OverRange,10.850484,13.642888,-3.271078
2026/06/01 18:34:00.266,n,-2.726011,3.864721,5.042156,1.294812,OverRange,OverRange,OverRange,10.87814,13.653606,-3.22816
2026/06/01 18:35:00.268,n,-2.901783,3.784269,4.262278,0.672496,OverRange,OverRange,OverRange,10.890606,13.649324,-3.296333
2026/06/01 18:36:00.269,n,-2.974658,3.14669,4.935908,1.62804,OverRange,OverRange,OverRange,10.924296,13.652564,-3.368515
2026/06/01 18:37:00.272,n,-2.875225,6.427365,5.042865,1.581503,OverRange,OverRange,OverRange,10.952454,13.656864,-3.319882
2026/06/01 18:38:00.257,n,-2.728962,6.171859,5.021555,1.459958,OverRange,OverRange,OverRange,10.975804,13.661212,-3.19497
2026/06/01 18:39:00.368,n,-2.766811,6.221513,6.223199,0.070788,OverRange,OverRange,OverRange,10.964162,13.660104,-3.210755
2026/06/01 18:40:00.261,n,-3.030598,6.604865,4.449141,1.428284,OverRange,OverRange,OverRange,10.91416,13.664454,-3.319625
2026/06/01 18:41:00.263,n,-3.109631,6.063937,6.027804,0.292463,OverRange,OverRange,OverRange,10.972534,13.667678,-3.372184
2026/06/01 18:42:00.517,n,-3.340573,6.085184,4.940933,1.411442,OverRange,OverRange,OverRange,10.916428,13.674112,-3.489161
2026/06/01 18:43:00.269,n,-3.349426,4.079695,4.575535,1.303072,OverRange,OverRange,OverRange,10.870544,13.671962,-3.55537
2026/06/01 18:44:00.270,n,-3.539824,3.710667,4.431125,1.227345,OverRange,OverRange,OverRange,10.891342,13.670856,-3.652722
2026/06/01 18:45:00.273,n,-3.685959,3.669999,4.219271,1.240285,OverRange,OverRange,OverRange,10.838304,13.675186,-3.717056
2026/06/01 18:46:00.257,n,-3.721114,3.449813,4.784286,1.371631,OverRange,OverRange,OverRange,10.880916,13.678462,-3.779426
2026/06/01 18:47:00.259,n,-4.107685,6.175411,4.794561,1.370774,OverRange,OverRange,OverRange,10.91266,13.678462,-3.919696
2026/06/01 18:48:00.261,n,-4.145661,3.793092,5.115762,1.187622,OverRange,OverRange,OverRange,10.820068,13.671962,-4.061842
2026/06/01 18:49:00.264,n,-4.453327,5.809571,5.151951,1.408475,OverRange,OverRange,OverRange,10.900468,13.661212,-4.18846
2026/06/01 18:50:00.266,n,-4.418045,4.720144,4.919948,1.22157,OverRange,OverRange,OverRange,10.779454,13.651504,-4.31303
2026/06/01 18:51:00.267,n,-4.379811,3.779391,4.143003,1.225006,OverRange,OverRange,OverRange,10.78858,13.64178,-4.28786
2026/06/01 18:52:00.271,n,-4.444346,3.626916,4.346281,1.307744,OverRange,OverRange,OverRange,10.807862,13.63103,-4.338542
2026/06/01 18:53:00.271,n,-4.602798,5.069563,5.129667,1.055456,OverRange,OverRange,OverRange,10.837042,13.618098,-4.441696
2026/06/01 18:54:00.275,n,-4.52941,6.333133,5.166809,1.456087,OverRange,OverRange,OverRange,10.773332,13.601924,-4.422243
2026/06/01 18:55:00.259,n,-4.599591,6.698837,4.676744,1.61894,OverRange,OverRange,OverRange,10.690344,13.582494,-4.461064
2026/06/01 18:56:00.261,n,-4.670028,6.153024,4.487692,1.403928,OverRange,OverRange,OverRange,10.752782,13.562036,-4.617119
2026/06/01 18:57:00.263,n,-4.435622,3.867538,5.365731,1.401714,OverRange,OverRange,OverRange,10.674866,13.54588,-4.700905
2026/06/01 18:58:00.264,n,-4.497334,6.023626,4.568616,1.022784,OverRange,OverRange,OverRange,10.720052,13.529708,-4.52352
2026/06/01 18:59:00.266,n,-4.520685,6.104232,5.530429,1.387325,OverRange,OverRange,OverRange,10.706594,13.510308,-4.700819
2026/06/01 19:00:00.268,n,-4.617168,6.194847,5.346778,1.416313,OverRange,OverRange,OverRange,10.581406,13.493028,-4.811994
2026/06/01 19:01:00.270,n,-4.707877,6.774863,4.968148,1.61558,OverRange,OverRange,OverRange,10.619228,13.46933,-4.893818
2026/06/01 19:02:00.271,n,-4.924706,6.292009,4.912985,1.662719,OverRange,OverRange,OverRange,10.64589,13.45314,-5.000982
2026/06/01 19:03:00.274,n,-4.874924,4.347763,4.254941,1.272631,OverRange,OverRange,OverRange,10.592586,13.43832,-5.034258
2026/06/01 19:04:00.261,n,-4.340166,3.40667,5.180155,1.382915,OverRange,OverRange,OverRange,10.63114,13.414574,-4.727098
2026/06/01 19:05:00.262,n,-4.255231,3.870106,4.492105,1.049939,OverRange,OverRange,OverRange,10.615916,13.408288,-4.59647
2026/06/01 19:06:00.264,n,-4.380324,3.707806,4.042632,0.264142,OverRange,OverRange,OverRange,10.616482,13.385616,-4.810373
2026/06/01 19:07:00.266,n,-4.415607,6.798763,4.279391,1.239963,OverRange,OverRange,OverRange,10.677892,13.367278,-4.773428
2026/06/01 19:08:00.267,n,-4.140273,3.452502,5.60154,1.073956,OverRange,OverRange,OverRange,10.617976,13.35542,-4.67198
2026/06/01 19:09:00.271,n,-4.128598,6.430705,4.642077,1.442217,OverRange,OverRange,OverRange,10.611858,13.340308,-4.568825
2026/06/01 19:10:00.272,n,-4.043662,6.164324,5.343688,1.301699,OverRange,OverRange,OverRange,10.589788,13.329494,-4.492634
2026/06/01 19:11:00.274,n,-4.040583,6.548097,4.950485,1.405565,OverRange,OverRange,OverRange,10.52853,13.316564,-4.463624
2026/06/01 19:12:00.276,n,-4.122824,6.18216,4.946232,1.424085,OverRange,OverRange,OverRange,10.639546,13.309006,-4.504493
2026/06/01 19:13:00.261,n,-3.853392,6.126731,4.938101,1.641402,OverRange,OverRange,OverRange,10.636226,13.291724,-4.459699
2026/06/01 19:14:00.263,n,-3.824268,6.427217,4.943321,1.574048,OverRange,OverRange,OverRange,10.645116,13.28311,-4.426423
2026/06/01 19:15:00.265,n,-3.537002,3.86374,4.649763,1.544437,OverRange,OverRange,OverRange,10.602194,13.28526,-4.216019
2026/06/01 19:16:00.269,n,-3.437569,3.960854,4.74037,1.254078,OverRange,OverRange,OverRange,10.656302,13.277688,-4.177112
2026/06/01 19:17:00.269,n,-3.402671,3.157377,5.004797,1.534564,OverRange,OverRange,OverRange,10.650956,13.266938,-4.066023
2026/06/01 19:18:00.272,n,-3.241268,2.980559,5.345991,1.572924,OverRange,OverRange,OverRange,10.681442,13.275572,-4.093241
2026/06/01 19:19:00.273,n,-3.238574,3.262903,4.601651,1.13771,OverRange,OverRange,OverRange,10.689322,13.273372,-3.94333
2026/06/01 19:20:00.275,n,-3.033677,2.83395,4.857915,1.627386,OverRange,OverRange,OverRange,10.734234,13.279868,-3.86927
2026/06/01 19:21:00.277,n,-3.191615,6.32509,4.76257,1.47597,OverRange,OverRange,OverRange,10.767518,13.289608,-3.933603
2026/06/01 19:22:00.263,n,-2.919489,3.990927,4.507916,1.334176,OverRange,OverRange,OverRange,10.665462,13.297148,-3.816541
2026/06/01 19:23:00.265,n,-2.981074,6.060217,5.127795,1.415362,OverRange,OverRange,OverRange,10.81955,13.312214,-3.740775
2026/06/01 19:24:00.267,n,-2.890236,3.685922,4.807243,1.67764,OverRange,OverRange,OverRange,10.708084,13.319786,-3.771833
2026/06/01 19:25:00.269,n,-3.153895,6.017144,5.431569,1.125524,OverRange,OverRange,OverRange,10.871572,13.329494,-3.806985
2026/06/01 19:26:00.273,n,-3.048303,6.430311,5.550215,1.243361,OverRange,OverRange,OverRange,10.810436,13.337066,-3.791286
2026/06/01 19:27:00.276,n,-3.2328,3.078776,5.121297,1.506087,OverRange,OverRange,OverRange,10.75913,13.349134,-3.775757
2026/06/01 19:28:00.276,n,-2.987104,4.29901,4.725338,0.968948,OverRange,OverRange,OverRange,10.824886,13.356676,-3.591462
2026/06/01 19:29:00.276,n,-3.069345,5.974801,5.556537,1.207985,OverRange,OverRange,OverRange,10.920822,13.356676,-3.626102
2026/06/01 19:30:00.280,n,-2.998907,5.041507,4.597782,0.932821,OverRange,OverRange,OverRange,10.800282,13.356676,-3.581394
2026/06/01 19:31:00.264,n,-3.089616,6.485194,4.50356,1.562203,OverRange,OverRange,OverRange,10.858846,13.364232,-3.610318
2026/06/01 19:32:00.267,n,-3.165955,3.925307,5.347505,1.399822,OverRange,OverRange,OverRange,10.866502,13.361544,-3.657416
2026/06/01 19:33:00.268,n,-3.620012,6.188666,5.614313,1.103378,OverRange,OverRange,OverRange,10.886068,13.358288,-3.963295
2026/06/01 19:34:00.270,n,-3.730993,4.062538,4.900169,1.126998,OverRange,OverRange,OverRange,10.756634,13.35394,-4.072422
2026/06/01 19:35:00.271,n,-3.745875,6.635815,5.653694,1.342879,OverRange,OverRange,OverRange,10.86167,13.35394,-4.187265
2026/06/01 19:36:00.273,n,-3.889316,3.731831,4.063509,1.285914,OverRange,OverRange,OverRange,10.751288,13.35394,-4.294515
2026/06/01 19:37:00.275,n,-3.939097,6.689163,4.642177,1.494953,OverRange,OverRange,OverRange,10.854304,13.344266,-4.337347
2026/06/01 19:38:00.279,n,-4.006455,3.957598,4.773986,1.297466,OverRange,OverRange,OverRange,10.726396,13.3378,-4.403557
2026/06/01 19:39:00.280,n,-4.152846,3.726909,4.726601,1.540735,OverRange,OverRange,OverRange,10.81217,13.332376,-4.436833
2026/06/01 19:40:00.266,n,-3.939225,6.013208,4.888092,1.315367,OverRange,OverRange,OverRange,10.856854,13.323762,-4.374292
2026/06/01 19:41:00.267,n,-3.89509,3.086358,4.747576,1.633609,OverRange,OverRange,OverRange,10.815486,13.317278,-4.389906
2026/06/01 19:42:00.269,n,-3.859935,4.922035,3.906073,0.51851,OverRange,OverRange,OverRange,10.785838,13.307556,-4.331716
2026/06/01 19:43:00.272,n,-3.546753,3.884818,4.808245,1.389106,OverRange,OverRange,OverRange,10.79366,13.300032,-4.263287
2026/06/01 19:44:00.273,n,-3.628737,6.109622,4.660662,1.28825,OverRange,OverRange,OverRange,10.84697,13.296774,-4.239909
2026/06/01 19:45:00.275,n,-3.37406,3.700116,4.02938,0.969938,OverRange,OverRange,OverRange,10.752304,13.292458,-4.125066
2026/06/01 19:46:00.280,n,-3.195336,3.831293,3.913772,0.687817,OverRange,OverRange,OverRange,10.804866,13.293532,-3.943756
2026/06/01 19:47:00.281,n,-3.054975,5.945073,5.877772,0.828527,OverRange,OverRange,OverRange,10.953044,13.294606,-3.836763
2026/06/01 19:48:00.282,n,-2.908584,3.932355,4.980167,1.354726,OverRange,OverRange,OverRange,10.75561,13.29785,-3.90101
2026/06/01 19:49:00.268,n,-3.095775,6.437605,4.270477,1.173335,OverRange,OverRange,OverRange,10.924108,13.2957,-3.836677
2026/06/01 19:50:00.269,n,-3.06665,3.699373,4.139675,1.06731,OverRange,OverRange,OverRange,10.842158,13.302198,-3.928398
2026/06/01 19:51:00.271,n,-3.128235,3.934271,4.644925,1.495892,OverRange,OverRange,OverRange,10.943116,13.300032,-3.862103
2026/06/01 19:52:00.454,n,-3.414987,6.201886,5.295653,1.256105,OverRange,OverRange,OverRange,10.972322,13.306464,-4.062781
2026/06/01 19:53:00.350,n,-3.579085,6.663087,5.396176,1.343823,OverRange,OverRange,OverRange,10.892624,13.308632,-4.177539
2026/06/01 19:54:00.277,n,-3.777951,3.93184,5.261452,1.308873,OverRange,OverRange,OverRange,10.87209,13.310812,-4.462003
2026/06/01 19:55:00.279,n,-3.906893,4.047395,4.157414,0.738634,OverRange,OverRange,OverRange,10.870846,13.318338,-4.431116
2026/06/01 19:56:00.280,n,-4.264212,5.342201,4.16473,0.580127,OverRange,OverRange,OverRange,10.913732,13.325242,-4.627698
2026/06/01 19:57:00.282,n,-4.070478,4.451972,4.465552,1.336671,OverRange,OverRange,OverRange,10.881332,13.334038,-4.539987
2026/06/01 19:58:00.270,n,-4.219563,3.865891,4.361132,1.160709,OverRange,OverRange,OverRange,10.891266,13.334038,-4.752098
2026/06/01 19:59:00.270,n,-4.21379,6.263138,5.801506,1.152344,OverRange,OverRange,OverRange,10.98283,13.33293,-4.7579
2026/06/01 20:00:00.271,n,-4.357102,6.480609,4.670153,1.071761,OverRange,OverRange,OverRange,10.836208,13.33293,-4.88247
2026/06/01 20:01:00.259,n,-4.342604,5.88293,6.03525,0.23652,OverRange,OverRange,OverRange,10.89713,13.334038,-4.923595
2026/06/01 20:02:00.275,n,-4.377502,3.713098,3.67711,0.395072,OverRange,OverRange,OverRange,10.761348,13.329674,-4.975983
2026/06/01 20:03:00.280,n,-4.310272,5.457962,4.97078,1.310734,OverRange,OverRange,OverRange,10.94481,13.326432,-4.851328
2026/06/01 20:04:00.279,n,-4.231367,6.157068,5.309352,1.194242,OverRange,OverRange,OverRange,10.885936,13.319998,-4.794844
2026/06/01 20:05:00.283,n,-4.13745,6.163943,5.02883,1.556518,OverRange,OverRange,OverRange,10.824998,13.329656,-4.806618
2026/06/01 20:06:00.284,n,-4.407139,3.751223,4.099765,1.149132,OverRange,OverRange,OverRange,10.81805,13.3178,-5.028883
2026/06/01 20:07:00.272,n,-4.377887,3.989721,4.549749,1.499034,OverRange,OverRange,OverRange,10.833258,13.312376,-4.964635
2026/06/01 20:08:00.273,n,-4.310529,6.1034,5.592287,1.20787,OverRange,OverRange,OverRange,10.94899,13.305912,-4.835969
2026/06/01 20:09:00.257,n,-4.0733,4.524506,4.808146,1.273899,OverRange,OverRange,OverRange,10.823868,13.302688,-4.756108
2026/06/01 20:10:00.259,n,-4.055723,6.18394,5.44422,1.452221,OverRange,OverRange,OverRange,10.893428,13.296188,-4.631367
2026/06/01 20:11:00.261,n,-3.888931,3.788206,5.294497,1.209334,OverRange,OverRange,OverRange,10.777476,13.291874,-4.568911
2026/06/01 20:12:00.262,n,-3.850698,6.010734,5.665285,0.583197,OverRange,OverRange,OverRange,10.950058,13.285374,-4.491097
2026/06/01 20:13:00.265,n,-3.692759,3.802559,4.621202,1.338605,OverRange,OverRange,OverRange,10.844686,13.280016,-4.413198
2026/06/01 20:14:00.267,n,-3.53187,6.435294,4.951336,1.578253,OverRange,OverRange,OverRange,10.92133,13.280016,-4.276768
2026/06/01 20:15:00.268,n,-3.616805,3.66102,4.108449,1.032553,OverRange,OverRange,OverRange,10.771652,13.27891,-4.403216
2026/06/01 20:16:00.272,n,-3.396897,3.267012,4.879383,1.586027,OverRange,OverRange,OverRange,10.927124,13.281092,-4.136413
2026/06/01 20:17:00.272,n,-3.195208,6.172753,5.242193,1.259859,OverRange,OverRange,OverRange,10.926702,13.287556,-4.033259
2026/06/01 20:18:00.260,n,-3.092695,5.944774,5.591284,1.122557,OverRange,OverRange,OverRange,10.91271,13.285374,-3.916453
2026/06/01 20:19:00.259,n,-3.095518,3.2526,4.944091,1.572285,OverRange,OverRange,OverRange,10.823868,13.28863,-4.023447
2026/06/01 20:20:00.261,n,-3.019564,6.275401,5.606592,1.281096,OverRange,OverRange,OverRange,11.009908,13.29513,-3.91833
2026/06/01 20:21:00.263,n,-2.931678,6.247774,5.882267,1.175109,OverRange,OverRange,OverRange,10.926686,13.302688,-3.824818
2026/06/01 20:22:00.264,n,-3.036884,6.14901,5.4803,1.313322,OverRange,OverRange,OverRange,10.941636,13.304804,-3.912358
2026/06/01 20:23:00.267,n,-3.001987,6.078844,5.1247,1.379135,OverRange,OverRange,OverRange,10.963186,13.315618,-3.86381
2026/06/01 20:24:00.269,n,-2.955413,5.418288,4.695161,1.368285,OverRange,OverRange,OverRange,10.96954,13.325324,-3.807411
2026/06/01 20:25:00.272,n,-2.987232,3.165651,4.711721,1.578732,OverRange,OverRange,OverRange,10.962408,13.337214,-3.834544
2026/06/01 20:26:00.256,n,-2.940659,3.78057,4.502374,1.168108,OverRange,OverRange,OverRange,10.95686,13.346904,-3.698114
2026/06/01 20:27:00.258,n,-3.089745,5.740334,4.611856,1.165714,OverRange,OverRange,OverRange,11.035768,13.355568,-3.785825
2026/06/01 20:28:00.262,n,-3.288868,3.748027,4.040682,0.968269,OverRange,OverRange,OverRange,10.94572,13.35775,-4.048788
2026/06/01 20:29:00.262,n,-3.189434,6.020015,5.021704,1.433058,OverRange,OverRange,OverRange,11.110332,13.372848,-3.92618
2026/06/01 20:30:00.264,n,-3.037141,3.879357,4.478175,1.45247,OverRange,OverRange,OverRange,10.88175,13.380388,-3.910566
2026/06/01 20:31:00.266,n,-2.999164,3.291351,4.883977,1.665029,OverRange,OverRange,OverRange,11.009314,13.400876,-3.836507
2026/06/01 20:32:00.269,n,-2.823392,6.212288,5.487541,1.560522,OverRange,OverRange,OverRange,11.040558,13.409492,-3.742994
2026/06/01 20:33:00.274,n,-2.876252,3.598475,4.678036,1.264494,OverRange,OverRange,OverRange,10.921112,13.427832,-3.836421
2026/06/01 20:34:00.256,n,-3.075375,3.831246,4.509774,1.492494,OverRange,OverRange,OverRange,11.041586,13.443988,-3.91833
2026/06/01 20:35:00.257,n,-2.89678,3.71495,4.336143,1.292742,OverRange,OverRange,OverRange,11.040578,13.463402,-3.770296
2026/06/01 20:36:00.263,n,-2.732811,3.334876,5.151008,1.60361,OverRange,OverRange,OverRange,11.071508,13.48933,-3.713728
2026/06/01 20:37:00.264,n,-2.762064,2.877473,5.094824,1.650062,OverRange,OverRange,OverRange,11.066926,13.495796,-3.737106
2026/06/01 20:38:00.265,n,-2.791316,6.166444,5.058153,1.652287,OverRange,OverRange,OverRange,11.129808,13.514118,-3.684463
2026/06/01 20:39:00.266,n,-2.873173,2.946139,4.86618,1.736872,OverRange,OverRange,OverRange,11.04334,13.5249,-3.758693
2026/06/01 20:40:00.267,n,-2.738457,3.779739,4.931501,1.531495,OverRange,OverRange,OverRange,11.10142,13.543224,-3.676527
2026/06/01 20:41:00.270,n,-2.767966,2.859808,5.163341,1.481848,OverRange,OverRange,OverRange,11.162522,13.551858,-3.637792
2026/06/01 20:42:00.420,n,-2.806199,6.213804,5.962194,0.632588,OverRange,OverRange,OverRange,11.226476,13.566972,-3.682586
2026/06/01 20:43:00.256,n,-2.835324,3.859087,3.994854,0.614772,OverRange,OverRange,OverRange,11.033998,13.571288,-3.733181
2026/06/01 20:44:00.260,n,-2.934885,6.093884,5.762924,0.901053,OverRange,OverRange,OverRange,11.252056,13.589546,-3.737192
2026/06/01 20:45:00.262,n,-2.785543,6.369171,6.239289,0.129979,OverRange,OverRange,OverRange,11.163096,13.592788,-3.72354
2026/06/01 20:46:00.262,n,-2.762063,5.046354,5.535345,1.196914,OverRange,OverRange,OverRange,11.1291,13.601436,-3.649566
2026/06/01 20:47:00.264,n,-2.811973,3.965675,4.35227,1.357417,OverRange,OverRange,OverRange,11.121466,13.605084,-3.606734
2026/06/01 20:48:00.266,n,-3.142605,6.308961,4.722947,1.273523,OverRange,OverRange,OverRange,11.199936,13.600752,-3.817139
2026/06/01 20:49:00.268,n,-3.107963,6.671299,5.844119,0.865043,OverRange,OverRange,OverRange,11.14798,13.613716,-3.980786
2026/06/01 20:50:00.270,n,-3.16031,4.597336,5.888413,0.839653,OverRange,OverRange,OverRange,11.13023,13.613716,-3.977032
2026/06/01 20:51:00.275,n,-3.408957,6.232115,5.440211,1.498398,OverRange,OverRange,OverRange,11.143102,13.624498,-4.068412
2026/06/01 20:52:00.258,n,-3.514549,6.268755,4.361262,1.265251,OverRange,OverRange,OverRange,11.086584,13.630966,-4.132916
2026/06/01 20:53:00.261,n,-3.690193,3.397529,5.049701,1.396902,OverRange,OverRange,OverRange,11.141628,13.625574,-4.354753
2026/06/01 20:54:00.263,n,-3.80143,3.30329,4.157205,1.20644,OverRange,OverRange,OverRange,11.113978,13.623408,-4.329583
2026/06/01 20:55:00.265,n,-3.845309,5.99298,6.163852,0.130002,OverRange,OverRange,OverRange,11.204504,13.628832,-4.312007
2026/06/01 20:56:00.266,n,-3.824781,3.954135,4.493714,1.232859,OverRange,OverRange,OverRange,11.019424,13.62665,-4.335385
2026/06/01 20:57:00.267,n,-4.11179,3.162751,4.134664,1.276309,OverRange,OverRange,OverRange,11.106374,13.623408,-4.448437
2026/06/01 20:58:00.270,n,-4.112047,6.107746,6.12154,0.052524,OverRange,OverRange,OverRange,11.179424,13.612642,-4.510807
2026/06/01 20:59:00.271,n,-4.000425,4.661712,4.885211,1.271656,OverRange,OverRange,OverRange,11.059194,13.606176,-4.436662
2026/06/01 21:00:00.274,n,-3.851082,6.492581,5.088278,1.495247,OverRange,OverRange,OverRange,11.088084,13.604008,-4.292553
2026/06/01 21:01:00.259,n,-3.695838,4.633334,4.751817,1.170497,OverRange,OverRange,OverRange,11.019166,13.60186,-4.259363
2026/06/01 21:02:00.261,n,-3.625657,3.539913,3.988101,1.219198,OverRange,OverRange,OverRange,11.047044,13.597544,-4.13684
2026/06/01 21:03:00.263,n,-3.44424,6.069677,4.700873,1.409275,OverRange,OverRange,OverRange,11.14618,13.590002,-3.965258
2026/06/01 21:04:00.264,n,-3.341856,3.86176,4.018811,1.010963,OverRange,OverRange,OverRange,10.980128,13.585686,-4.080357
2026/06/01 21:05:00.270,n,-3.452964,3.864464,4.824544,1.316778,OverRange,OverRange,OverRange,11.067576,13.585686,-4.095971
2026/06/01 21:06:00.270,n,-3.391637,4.712706,4.568809,0.984156,OverRange,OverRange,OverRange,11.06329,13.58458,-4.004079
2026/06/01 21:07:00.276,n,-3.432308,5.574002,4.2153,0.786019,OverRange,OverRange,OverRange,11.01259,13.592184,-4.037355
2026/06/01 21:08:00.272,n,-3.297849,4.11404,4.522363,1.500438,OverRange,OverRange,OverRange,11.025732,13.591078,-3.867905
2026/06/01 21:09:00.274,n,-3.227539,6.071324,5.819361,1.205741,OverRange,OverRange,OverRange,11.129196,13.60186,-3.811422
2026/06/01 21:10:00.259,n,-3.10745,6.570711,4.936973,1.53824,OverRange,OverRange,OverRange,11.015072,13.610476,-3.84265
2026/06/01 21:11:00.263,n,-3.052153,6.171445,4.610532,1.404973,OverRange,OverRange,OverRange,11.066046,13.623408,-3.70622
2026/06/01 21:12:00.264,n,-2.961187,5.927639,5.100823,1.189391,OverRange,OverRange,OverRange,11.083064,13.630966,-3.785996
2026/06/01 21:13:00.266,n,-2.984794,6.130483,5.089017,1.452893,OverRange,OverRange,OverRange,11.116252,13.6374,-3.708097
2026/06/01 21:14:00.269,n,-2.908712,4.117688,5.040535,1.417582,OverRange,OverRange,OverRange,11.063518,13.643868,-3.758863
2026/06/01 21:15:00.269,n,-3.028801,6.183787,5.493888,1.259872,OverRange,OverRange,OverRange,11.143144,13.650332,-3.774392
2026/06/01 21:16:00.272,n,-3.136959,3.357486,5.698937,1.154359,OverRange,OverRange,OverRange,11.024486,13.649288,-3.922426
2026/06/01 21:17:00.274,n,-3.464768,5.596856,4.945781,1.337865,OverRange,OverRange,OverRange,11.13123,13.657872,-3.967049
2026/06/01 21:18:00.274,n,-3.716495,6.053561,5.458544,1.248975,OverRange,OverRange,OverRange,11.1117,13.663296,-4.193238
2026/06/01 21:19:00.260,n,-3.763325,5.177426,5.888609,0.410402,OverRange,OverRange,OverRange,11.0798,13.65465,-4.386066
2026/06/01 21:20:00.264,n,-3.898041,3.964322,4.010424,1.07329,OverRange,OverRange,OverRange,11.005712,13.653606,-4.469852
2026/06/01 21:21:00.264,n,-4.012229,3.695493,4.400438,1.240696,OverRange,OverRange,OverRange,11.055172,13.646048,-4.479665
2026/06/01 21:22:00.267,n,-3.938969,6.24242,5.958676,1.030118,OverRange,OverRange,OverRange,11.136566,13.644972,-4.460296
2026/06/01 21:23:00.268,n,-3.804253,5.975685,6.104804,0.099682,OverRange,OverRange,OverRange,11.061296,13.640656,-4.436748
2026/06/01 21:24:00.273,n,-3.684291,3.207851,5.458514,1.255329,OverRange,OverRange,OverRange,10.993806,13.642792,-4.327535
2026/06/01 21:25:00.273,n,-3.845181,3.450579,4.766345,1.444017,OverRange,OverRange,OverRange,11.005444,13.628832,-4.415247
2026/06/01 21:26:00.276,n,-3.783853,6.508383,4.939313,1.609644,OverRange,OverRange,OverRange,11.044728,13.628832,-4.312092
2026/06/01 21:27:00.276,n,-3.731249,3.795362,3.69173,0.184423,OverRange,OverRange,OverRange,10.955288,13.615866,-4.329583
2026/06/01 21:28:00.263,n,-3.473493,3.279495,5.792331,1.239853,OverRange,OverRange,OverRange,11.088614,13.613716,-4.292639
2026/06/01 21:29:00.264,n,-3.362127,5.952312,5.219408,0.92633,OverRange,OverRange,OverRange,11.063548,13.6094,-4.177539
2026/06/01 21:30:00.266,n,-3.251147,6.207672,5.473504,1.296483,OverRange,OverRange,OverRange,11.049592,13.602902,-4.105528
2026/06/01 21:31:00.268,n,-3.093209,3.80646,4.842743,1.430862,OverRange,OverRange,OverRange,10.974278,13.605084,-4.10365
2026/06/01 21:32:00.270,n,-3.265645,3.567664,3.647902,0.111256,OverRange,OverRange,OverRange,11.03975,13.604008,-3.973022
2026/06/01 21:33:00.273,n,-3.072809,6.048081,5.64514,0.611412,OverRange,OverRange,OverRange,11.182958,13.602902,-3.941965
2026/06/01 21:34:00.274,n,-3.134137,3.067006,4.740574,1.316328,OverRange,OverRange,OverRange,11.04272,13.60186,-4.019949
2026/06/01 21:35:00.275,n,-3.209834,6.038242,5.126101,1.243453,OverRange,OverRange,OverRange,11.14442,13.605084,-3.955701
2026/06/01 21:36:00.277,n,-3.13991,4.966998,4.908245,1.262443,OverRange,OverRange,OverRange,11.075694,13.602902,-4.06662
2026/06/01 21:37:00.265,n,-3.180967,3.048622,4.501416,1.633384,OverRange,OverRange,OverRange,11.098492,13.605084,-4.043156
2026/06/01 21:38:00.265,n,-3.148763,6.192833,5.387449,1.448675,OverRange,OverRange,OverRange,11.191788,13.606176,-3.963466
2026/06/01 21:39:00.267,n,-3.01379,3.289885,4.70276,1.552779,OverRange,OverRange,OverRange,11.066818,13.615866,-3.877717
2026/06/01 21:40:00.401,n,-3.04022,3.938753,4.679192,1.397676,OverRange,OverRange,OverRange,11.129696,13.619078,-3.754939
2026/06/01 21:41:00.385,n,-2.993647,5.930285,5.593807,1.070026,OverRange,OverRange,OverRange,11.219956,13.618034,-3.811251
2026/06/01 21:42:00.409,n,-2.88241,4.877177,4.970091,1.080499,OverRange,OverRange,OverRange,11.120092,13.625574,-3.8348
2026/06/01 21:43:00.446,n,-2.850335,5.030146,5.348037,1.13725,OverRange,OverRange,OverRange,11.17306,13.63419,-3.739325
2026/06/01 21:44:00.276,n,-2.823905,4.615623,4.858547,1.265816,OverRange,OverRange,OverRange,11.193822,13.640656,-3.67704
2026/06/01 21:45:00.278,n,-2.768222,6.347509,4.73595,1.334278,OverRange,OverRange,OverRange,11.204732,13.656798,-3.634123
2026/06/01 21:46:00.265,n,-2.785671,3.854801,5.267202,1.379883,OverRange,OverRange,OverRange,11.11172,13.656798,-3.762788
2026/06/01 21:47:00.267,n,-2.806199,6.592132,4.677963,1.461365,OverRange,OverRange,OverRange,11.185206,13.67944,-3.680965
2026/06/01 21:48:00.267,n,-2.680593,6.645654,4.633621,1.450521,OverRange,OverRange,OverRange,11.1842,13.689178,-3.575592
2026/06/01 21:49:00.271,n,-2.501869,6.202605,6.235391,0.071985,OverRange,OverRange,OverRange,11.272166,13.696688,-3.587366
2026/06/01 21:50:00.272,n,-2.507771,6.177806,6.034949,0.156309,OverRange,OverRange,OverRange,11.235688,13.712846,-3.439332
2026/06/01 21:51:00.274,n,-2.484164,6.084711,5.290269,1.145615,OverRange,OverRange,OverRange,11.222464,13.719296,-3.382935
2026/06/01 21:52:00.276,n,-2.525349,5.88788,5.181898,1.288545,OverRange,OverRange,OverRange,11.260472,13.732226,-3.365188
2026/06/01 21:53:00.278,n,-2.399357,3.759736,4.710065,1.320301,OverRange,OverRange,OverRange,11.21105,13.74195,-3.353584
2026/06/01 21:54:00.281,n,-2.43156,3.319693,5.260207,1.509948,OverRange,OverRange,OverRange,11.307576,13.748384,-3.377047
2026/06/01 21:55:00.265,n,-2.671483,3.863811,3.774997,0.138333,OverRange,OverRange,OverRange,11.239736,13.764526,-3.386774
2026/06/01 21:56:00.268,n,-2.69214,5.903583,5.455632,0.966345,OverRange,OverRange,OverRange,11.396566,13.768844,-3.384726
2026/06/01 21:57:00.271,n,-2.493017,6.012182,5.481694,1.107118,OverRange,OverRange,OverRange,11.312184,13.77531,-3.425681
2026/06/01 21:58:00.271,n,-2.484549,3.867281,4.124765,1.243323,OverRange,OverRange,OverRange,11.222194,13.78181,-3.355546
2026/06/01 21:59:00.276,n,-2.69214,3.841714,5.034679,1.273454,OverRange,OverRange,OverRange,11.335968,13.790394,-3.441295
2026/06/01 22:00:00.279,n,-2.589755,6.38655,5.03372,1.588506,OverRange,OverRange,OverRange,11.335968,13.799058,-3.304865
2026/06/01 22:01:00.277,n,-2.560503,5.964624,4.985062,1.411184,OverRange,OverRange,OverRange,11.285564,13.80331,-3.427643
2026/06/01 22:02:00.281,n,-2.700736,6.153072,5.237419,1.14164,OverRange,OverRange,OverRange,11.343344,13.809776,-3.398633
2026/06/01 22:03:00.284,n,-2.621959,6.232485,4.814957,1.49478,OverRange,OverRange,OverRange,11.321788,13.819468,-3.353584
2026/06/01 22:04:00.269,n,-2.70946,6.419203,4.263586,1.073921,OverRange,OverRange,OverRange,11.293942,13.822678,-3.458957
2026/06/01 22:05:00.270,n,-2.76232,4.696452,5.379622,1.319053,OverRange,OverRange,OverRange,11.327378,13.834568,-3.490014
2026/06/01 22:06:00.275,n,-2.782848,3.944174,4.143168,1.344392,OverRange,OverRange,OverRange,11.2435,13.834568,-3.493853
2026/06/01 22:07:00.273,n,-2.826727,3.370979,5.402285,1.382115,OverRange,OverRange,OverRange,11.308106,13.835644,-3.622434
2026/06/01 22:08:00.276,n,-2.788751,5.842384,4.766268,1.194314,OverRange,OverRange,OverRange,11.334488,13.843184,-3.491976
2026/06/01 22:09:00.277,n,-2.779898,6.481641,4.217574,1.307652,OverRange,OverRange,OverRange,11.274166,13.842078,-3.491976
2026/06/01 22:10:00.281,n,-2.627476,3.876475,4.854301,1.44141,OverRange,OverRange,OverRange,11.228578,13.846394,-3.507505
2026/06/01 22:11:00.281,n,-2.703943,6.158375,4.77328,1.319641,OverRange,OverRange,OverRange,11.347916,13.835218,-3.468512
2026/06/01 22:12:00.284,n,-2.978251,4.030006,4.45393,1.288781,OverRange,OverRange,OverRange,11.214162,13.828752,-3.697944
2026/06/01 22:13:00.271,n,-3.068703,3.889574,4.023006,0.273164,OverRange,OverRange,OverRange,11.244344,13.836292,-3.68233
2026/06/01 22:14:00.271,n,-3.095261,4.646158,4.624836,1.319103,OverRange,OverRange,OverRange,11.286092,13.831994,-3.748625
2026/06/01 22:15:00.273,n,-2.951949,6.558405,4.329984,1.094291,OverRange,OverRange,OverRange,11.310696,13.836292,-3.645385
2026/06/01 22:16:00.258,n,-2.872916,6.341059,4.293259,1.137461,OverRange,OverRange,OverRange,11.300328,13.841654,-3.577213
2026/06/01 22:17:00.277,n,-2.829037,5.420414,5.585186,1.180597,OverRange,OverRange,OverRange,11.297772,13.840578,-3.668849
2026/06/01 22:18:00.278,n,-2.758728,6.593546,4.753768,1.418421,OverRange,OverRange,OverRange,11.261012,13.850254,-3.637535
2026/06/01 22:19:00.280,n,-2.67405,3.376474,4.848943,1.646169,OverRange,OverRange,OverRange,11.25643,13.859978,-3.6453
2026/06/01 22:20:00.267,n,-2.647619,6.339949,5.466082,1.348536,OverRange,OverRange,OverRange,11.358308,13.866446,-3.545985
2026/06/01 22:21:00.269,n,-2.612465,3.422786,5.46814,1.045546,OverRange,OverRange,OverRange,11.311474,13.875046,-3.524655
2026/06/01 22:22:00.270,n,-2.621318,3.145807,5.328916,1.493187,OverRange,OverRange,OverRange,11.342606,13.885798,-3.608355
2026/06/01 22:23:00.273,n,-2.7178,3.353866,4.623692,1.17362,OverRange,OverRange,OverRange,11.327652,13.901922,-3.571155
2026/06/01 22:24:00.257,n,-2.811331,3.715924,4.160334,1.174932,OverRange,OverRange,OverRange,11.32893,13.907346,-3.575165
2026/06/01 22:25:00.259,n,-2.823007,6.025563,4.74116,1.207029,OverRange,OverRange,OverRange,11.428478,13.919204,-3.563561
2026/06/01 22:26:00.261,n,-2.641974,6.349768,5.147828,1.551759,OverRange,OverRange,OverRange,11.37679,13.93103,-3.54991
2026/06/01 22:27:00.264,n,-2.615416,6.63031,4.913321,1.765215,OverRange,OverRange,OverRange,11.3912,13.938572,-3.491293
2026/06/01 22:28:00.265,n,-2.594888,3.798939,4.950845,1.225919,OverRange,OverRange,OverRange,11.349462,13.944974,-3.534296
2026/06/01 22:29:00.267,n,-2.518933,3.16658,4.81868,1.578288,OverRange,OverRange,OverRange,11.393002,13.962224,-3.452472
2026/06/01 22:30:00.270,n,-2.469281,3.24553,5.306186,1.199453,OverRange,OverRange,OverRange,11.418606,13.9633,-3.392064
2026/06/01 22:31:00.272,n,-2.507001,3.711127,3.776677,0.107148,OverRange,OverRange,OverRange,11.358862,13.96869,-3.370478
2026/06/01 22:32:00.257,n,-2.726396,3.779488,4.511065,1.338206,OverRange,OverRange,OverRange,11.427456,13.9762,-3.401791
2026/06/01 22:33:00.259,n,-2.618238,5.650262,4.933068,1.277782,OverRange,OverRange,OverRange,11.450268,13.980516,-3.415527
2026/06/01 22:34:00.260,n,-2.559862,3.668481,3.633368,0.139771,OverRange,OverRange,OverRange,11.34341,13.98806,-3.337714
2026/06/01 22:35:00.262,n,-2.709075,6.346869,4.476985,1.473941,OverRange,OverRange,OverRange,11.49229,13.991268,-3.419453
2026/06/01 22:36:00.265,n,-2.688547,5.805711,5.190592,0.925036,OverRange,OverRange,OverRange,11.46723,13.993418,-3.489416
2026/06/01 22:37:00.266,n,-2.820056,5.990915,5.186991,1.364717,OverRange,OverRange,OverRange,11.472554,13.99881,-3.514928
2026/06/01 22:38:00.269,n,-2.641717,3.567032,5.117636,1.335087,OverRange,OverRange,OverRange,11.409222,14.003126,-3.432933
2026/06/01 22:39:00.271,n,-2.571537,3.268829,4.750925,1.403761,OverRange,OverRange,OverRange,11.455816,14.010636,-3.306571
2026/06/01 22:40:00.255,n,-2.530737,6.457241,5.318997,1.630955,OverRange,OverRange,OverRange,11.498322,14.012786,-3.290787
2026/06/01 22:41:00.257,n,-2.577438,6.48287,4.761411,1.465229,OverRange,OverRange,OverRange,11.449244,14.018178,-3.273296
2026/06/01 22:42:00.599,n,-2.509952,6.44023,4.762973,1.406375,OverRange,OverRange,OverRange,11.4257,14.023538,-3.288909
2026/06/01 22:43:00.262,n,-2.495454,6.338364,4.837427,1.274842,OverRange,OverRange,OverRange,11.421138,14.026748,-3.322015
2026/06/01 22:44:00.264,n,-2.501228,5.937606,4.740775,1.588411,OverRange,OverRange,OverRange,11.394024,14.02893,-3.224577
2026/06/01 22:45:00.265,n,-2.668019,3.745888,4.109863,1.055356,OverRange,OverRange,OverRange,11.37708,14.02893,-3.397951
2026/06/01 22:46:00.269,n,-2.603741,6.101539,6.253539,0.24208,OverRange,OverRange,OverRange,11.508256,14.032154,-3.312203
2026/06/01 22:47:00.269,n,-2.603741,6.158683,6.09098,0.117318,OverRange,OverRange,OverRange,11.430028,14.042872,-3.337543
2026/06/01 22:48:00.272,n,-2.60374,6.15424,6.170853,0.040932,OverRange,OverRange,OverRange,11.324408,14.03859,-3.403753
2026/06/01 22:49:00.258,n,-2.524707,3.458413,5.175389,1.366451,OverRange,OverRange,OverRange,11.262818,14.04183,-3.475936
2026/06/01 22:50:00.258,n,-2.583212,4.848521,4.732315,1.534529,OverRange,OverRange,OverRange,11.345384,14.04183,-3.427046
2026/06/01 22:51:00.261,n,-2.495326,3.341654,4.980838,1.456126,OverRange,OverRange,OverRange,11.351974,14.049372,-3.34343
2026/06/01 22:52:00.265,n,-2.498148,5.980466,5.212469,1.494628,OverRange,OverRange,OverRange,11.362112,14.045056,-3.296674
2026/06/01 22:53:00.264,n,-2.562684,5.936135,4.919222,1.482615,OverRange,OverRange,OverRange,11.334752,14.056882,-3.407678
2026/06/01 22:54:00.266,n,-2.705739,3.22544,4.570701,1.508016,OverRange,OverRange,OverRange,11.307286,14.055776,-3.502983
2026/06/01 22:55:00.319,n,-2.840584,5.926497,5.693193,1.244799,OverRange,OverRange,OverRange,11.421504,14.06656,-3.415442
2026/06/01 22:56:00.427,n,-2.714592,3.860808,4.262687,1.241861,OverRange,OverRange,OverRange,11.29386,14.079428,-3.534125
2026/06/01 22:57:00.272,n,-2.688547,6.399241,5.311883,1.604127,OverRange,OverRange,OverRange,11.402004,14.080534,-3.543852
2026/06/01 22:58:00.258,n,-2.802479,6.390505,5.099933,1.50409,OverRange,OverRange,OverRange,11.385296,14.09233,-3.578834
2026/06/01 22:59:00.260,n,-2.849437,3.781367,4.556813,1.443459,OverRange,OverRange,OverRange,11.366822,14.09772,-3.56322
2026/06/01 23:00:00.261,n,-3.083458,6.27838,5.167451,1.424775,OverRange,OverRange,OverRange,11.446844,14.109548,-3.662535
2026/06/01 23:01:00.263,n,-2.998394,5.919444,4.773987,1.338553,OverRange,OverRange,OverRange,11.419246,14.119272,-3.631478
2026/06/01 23:02:00.267,n,-3.074605,3.286826,4.482735,1.43286,OverRange,OverRange,OverRange,11.39417,14.126766,-3.70366
2026/06/01 23:03:00.268,n,-3.077556,5.982188,5.333741,1.410138,OverRange,OverRange,OverRange,11.490642,14.129992,-3.627638
2026/06/01 23:04:00.269,n,-3.057156,5.77871,5.513598,1.263946,OverRange,OverRange,OverRange,11.472926,14.136458,-3.691715
2026/06/01 23:05:00.271,n,-3.036499,5.878684,4.958711,1.268749,OverRange,OverRange,OverRange,11.456218,14.138576,-3.761935
2026/06/01 23:06:00.273,n,-3.159412,6.186658,4.856755,1.478403,OverRange,OverRange,OverRange,11.509374,14.139668,-3.874987
2026/06/01 23:07:00.259,n,-3.124257,6.260899,5.035358,1.454829,OverRange,OverRange,OverRange,11.529628,14.146102,-3.816541
2026/06/01 23:08:00.262,n,-2.995443,3.122667,4.764682,1.705465,OverRange,OverRange,OverRange,11.481014,14.146102,-3.752294
2026/06/01 23:09:00.262,n,-3.024824,6.458006,4.938043,1.618833,OverRange,OverRange,OverRange,11.526082,14.153678,-3.615864
2026/06/01 23:10:00.268,n,-2.998266,3.868641,3.895923,0.206045,OverRange,OverRange,OverRange,11.45547,14.146102,-3.647006
2026/06/01 23:11:00.266,n,-3.226898,6.358028,4.169758,1.090465,OverRange,OverRange,OverRange,11.524334,14.14936,-3.765689
2026/06/01 23:12:00.268,n,-3.220868,3.943578,3.88537,0.299011,OverRange,OverRange,OverRange,11.524354,14.147178,-3.771577
2026/06/01 23:13:00.271,n,-3.010198,3.982004,5.019641,1.298261,OverRange,OverRange,OverRange,11.58077,14.14936,-3.717141
2026/06/01 23:14:00.272,n,-2.825701,4.385379,4.630753,1.3663,OverRange,OverRange,OverRange,11.547598,14.14936,-3.543681
2026/06/01 23:15:00.274,n,-2.823007,6.322613,5.091329,1.379319,OverRange,OverRange,OverRange,11.62608,14.150402,-3.46399
2026/06/01 23:16:00.259,n,-2.767067,6.48157,5.226051,1.514829,OverRange,OverRange,OverRange,11.59875,14.150402,-3.458188
2026/06/01 23:17:00.262,n,-2.77592,6.42036,4.586916,1.542901,OverRange,OverRange,OverRange,11.565304,14.147178,-3.432762
2026/06/01 23:18:00.264,n,-2.767196,6.579573,5.189495,1.452796,OverRange,OverRange,OverRange,11.60052,14.152602,-3.411261
2026/06/01 23:19:00.265,n,-2.84918,5.974876,5.146122,1.239757,OverRange,OverRange,OverRange,11.571396,14.14936,-3.40563
2026/06/01 23:20:00.267,n,-2.773226,3.318553,4.753595,1.60729,OverRange,OverRange,OverRange,11.471644,14.144,-3.477556
2026/06/01 23:21:00.269,n,-2.872403,3.320632,4.871304,1.641103,OverRange,OverRange,OverRange,11.486584,14.146102,-3.518426
2026/06/01 23:22:00.271,n,-2.998523,5.601535,5.552814,1.106902,OverRange,OverRange,OverRange,11.54888,14.144,-3.561343
2026/06/01 23:23:00.273,n,-2.825829,3.669411,4.702095,1.229716,OverRange,OverRange,OverRange,11.45695,14.146102,-3.528238
2026/06/01 23:24:00.274,n,-2.831603,5.960745,5.551045,1.059671,OverRange,OverRange,OverRange,11.542806,14.141818,-3.500764
2026/06/01 23:25:00.260,n,-2.80838,3.373062,4.207605,1.154515,OverRange,OverRange,OverRange,11.41215,14.141818,-3.510661
2026/06/01 23:26:00.263,n,-2.858033,5.970703,5.012161,1.408576,OverRange,OverRange,OverRange,11.536204,14.1375,-3.462113
2026/06/01 23:27:00.266,n,-2.843407,3.615818,5.340965,0.945818,OverRange,OverRange,OverRange,11.492692,14.139668,-3.569107
2026/06/01 23:28:00.265,n,-2.902168,3.749039,4.419144,1.115421,OverRange,OverRange,OverRange,11.466854,14.138576,-3.516549
2026/06/01 23:29:00.268,n,-2.945919,3.327761,4.936234,1.575956,OverRange,OverRange,OverRange,11.490622,14.14071,-3.543937
2026/06/01 23:30:00.273,n,-2.869965,4.050209,4.413712,1.12165,OverRange,OverRange,OverRange,11.436214,14.14286,-3.518511
2026/06/01 23:31:00.273,n,-3.133239,6.024199,5.685691,0.939055,OverRange,OverRange,OverRange,11.542314,14.139668,-3.651016
2026/06/01 23:32:00.274,n,-2.931293,6.430576,5.259846,1.585042,OverRange,OverRange,OverRange,11.441752,14.14071,-3.691971
2026/06/01 23:33:00.277,n,-2.896138,4.588539,4.7003,1.386228,OverRange,OverRange,OverRange,11.340962,14.150402,-3.526446
2026/06/01 23:34:00.262,n,-2.90204,3.317692,5.299701,1.515459,OverRange,OverRange,OverRange,11.251282,14.150402,-3.631477
2026/06/01 23:35:00.266,n,-2.902297,6.548939,5.052998,1.461518,OverRange,OverRange,OverRange,11.277618,14.153678,-3.656733
2026/06/01 23:36:00.266,n,-3.022001,3.795459,4.905677,1.502952,OverRange,OverRange,OverRange,11.33488,14.154718,-3.861164
2026/06/01 23:37:00.268,n,-3.077556,6.255937,4.261317,1.043272,OverRange,OverRange,OverRange,11.36758,14.15687,-3.766031
2026/06/01 23:38:00.271,n,-2.919489,3.233407,4.598864,1.446415,OverRange,OverRange,OverRange,11.37439,14.166546,-3.631563
2026/06/01 23:39:00.272,n,-2.823007,3.913354,4.488619,1.434216,OverRange,OverRange,OverRange,11.30955,14.171906,-3.617826
2026/06/01 23:40:00.273,n,-2.995571,6.307595,5.245664,1.456173,OverRange,OverRange,OverRange,11.398468,14.167622,-3.666545
2026/06/01 23:41:00.277,n,-2.904735,6.439397,5.796259,1.243003,OverRange,OverRange,OverRange,11.350622,14.166546,-3.711168
2026/06/01 23:42:00.278,n,-2.781694,3.857507,4.42885,1.325606,OverRange,OverRange,OverRange,11.292334,14.170864,-3.643167
2026/06/01 23:43:00.263,n,-2.864063,6.451846,5.328885,1.58432,OverRange,OverRange,OverRange,11.406062,14.177266,-3.541719
2026/06/01 23:44:00.266,n,-2.740766,3.477684,3.761975,0.405308,OverRange,OverRange,OverRange,11.332378,14.17624,-3.52235
2026/06/01 23:45:00.267,n,-2.749619,5.912056,4.702901,1.120811,OverRange,OverRange,OverRange,11.41623,14.17624,-3.471755
2026/06/01 23:46:00.268,n,-2.682517,6.384712,4.751875,1.189281,OverRange,OverRange,OverRange,11.355434,14.17834,-3.471755
2026/06/01 23:47:00.272,n,-2.641717,3.202173,4.391099,1.347387,OverRange,OverRange,OverRange,11.355922,14.182674,-3.40546
2026/06/01 23:48:00.272,n,-2.667634,6.327017,5.6271,1.15403,OverRange,OverRange,OverRange,11.441548,14.179448,-3.411347
2026/06/01 23:49:00.276,n,-2.606435,6.324335,4.899425,1.633299,OverRange,OverRange,OverRange,11.407324,14.177266,-3.427046
2026/06/01 23:50:00.278,n,-2.611952,6.571825,4.956898,1.455475,OverRange,OverRange,OverRange,11.43596,14.179448,-3.351109
2026/06/01 23:51:00.278,n,-2.582956,3.232143,4.766144,1.673164,OverRange,OverRange,OverRange,11.41215,14.17624,-3.460151
2026/06/01 23:52:00.264,n,-2.670585,3.682566,4.517147,1.441964,OverRange,OverRange,OverRange,11.418752,14.174056,-3.475594
2026/06/01 23:53:00.266,n,-2.702917,6.342798,5.290828,1.404124,OverRange,OverRange,OverRange,11.37238,14.174056,-3.462113
2026/06/01 23:54:00.268,n,-2.699838,6.113499,4.533363,1.269435,OverRange,OverRange,OverRange,11.373164,14.17624,-3.494962
2026/06/01 23:55:00.271,n,-2.746668,5.142674,4.57897,1.157268,OverRange,OverRange,OverRange,11.375936,14.171906,-3.565353
2026/06/01 23:56:00.273,n,-2.743974,6.290208,5.080142,1.333865,OverRange,OverRange,OverRange,11.405818,14.168696,-3.506907
2026/06/01 23:57:00.274,n,-2.761166,3.739343,4.365481,1.257955,OverRange,OverRange,OverRange,11.408864,14.166546,-3.617826
2026/06/01 23:58:00.276,n,-2.840456,3.433993,4.899407,1.412129,OverRange,OverRange,OverRange,11.462292,14.174056,-3.580967
2026/06/01 23:59:00.277,n,-2.899089,6.260789,5.427042,1.389718,OverRange,OverRange,OverRange,11.50737,14.167622,-3.582929
