"Timestamp","TZ","GHI1_AV (W/m2)","UVB22013 (W/m2)","UVB22013_AV (W/m2)","UVB22013_SD (W/m2)","UVB22012 (W/m2)","UVB22012_AV (W/m2)","UVB22012_SD (W/m2)","TA_AV (degC)","TL (degC)","GTI_AV (W/m2)"
2026/05/19 15:16:00.267,n,371.67168,4.229343,4.50815,0.562394,OverRange,OverRange,OverRange,13.961122,18.22262,663.91308
2026/05/19 15:17:00.272,n,366.45212,4.461597,4.723835,0.689822,OverRange,OverRange,OverRange,13.91569,18.22585,654.97436
2026/05/19 15:18:00.271,n,364.60744,5.688167,4.910103,0.871677,OverRange,OverRange,OverRange,14.160066,18.230122,652.77996
2026/05/19 15:19:00.259,n,361.2744,5.392646,5.229548,0.592943,OverRange,OverRange,OverRange,14.053004,18.237496,648.39508
2026/05/19 15:20:00.260,n,360.17152,3.713829,4.849809,0.913278,OverRange,OverRange,OverRange,13.972016,18.237496,648.01728
2026/05/19 15:21:00.261,n,357.52024,4.328125,5.006713,0.731346,OverRange,OverRange,OverRange,13.95104,18.238572,644.76496
2026/05/19 15:22:00.264,n,354.56836,4.848074,5.265321,0.601327,OverRange,OverRange,OverRange,14.017452,18.23645,639.93648
2026/05/19 15:23:00.265,n,353.64464,4.178692,4.868016,0.714487,OverRange,OverRange,OverRange,13.827016,18.233286,640.14264
2026/05/19 15:24:00.267,n,350.78904,4.199821,5.053681,0.917872,OverRange,OverRange,OverRange,13.878566,18.22585,635.68028
2026/05/19 15:25:00.271,n,347.91164,5.898305,5.023466,0.810633,OverRange,OverRange,OverRange,13.93691,18.221936,631.67192
2026/05/19 15:26:00.270,n,345.15648,5.274257,4.485783,0.527053,OverRange,OverRange,OverRange,13.874762,18.21554,628.09468
2026/05/19 15:27:00.274,n,343.38376,5.694375,4.898434,0.680367,OverRange,OverRange,OverRange,13.672114,18.217662,626.25212
2026/05/19 15:28:00.259,n,341.4618,3.982584,4.637364,0.704634,OverRange,OverRange,OverRange,13.550278,18.204908,624.24092
2026/05/19 15:29:00.260,n,339.04912,4.604886,4.908924,0.676088,OverRange,OverRange,OverRange,13.52475,18.19532,619.73028
2026/05/19 15:30:00.265,n,335.30038,5.600699,4.902509,0.795551,OverRange,OverRange,OverRange,13.58012,18.1794,613.22296
2026/05/19 15:31:00.265,n,334.53674,5.960719,4.967282,0.991954,OverRange,OverRange,OverRange,13.560394,18.162406,613.32428
2026/05/19 15:32:00.266,n,330.48118,4.321271,4.718497,0.787547,OverRange,OverRange,OverRange,13.663788,18.142184,607.54876
2026/05/19 15:33:00.268,n,328.88456,5.596832,5.386225,0.644969,OverRange,OverRange,OverRange,13.686788,18.135792,605.77056
2026/05/19 15:34:00.270,n,326.79788,6.002539,4.504562,0.762079,OverRange,OverRange,OverRange,13.843944,18.11883,602.80644
2026/05/19 15:35:00.273,n,322.177,4.268009,4.868003,0.772259,OverRange,OverRange,OverRange,13.725942,18.115602,595.74004
2026/05/19 15:36:00.275,n,319.61404,5.044102,4.903943,0.694742,OverRange,OverRange,OverRange,13.665568,18.107152,592.239
2026/05/19 15:37:00.262,n,317.97678,5.434636,4.852424,0.7183,OverRange,OverRange,OverRange,13.758546,18.101772,589.84552
2026/05/19 15:38:00.262,n,317.85108,5.752739,4.781955,0.907778,OverRange,OverRange,OverRange,13.664776,18.090096,591.1496
2026/05/19 15:39:00.264,n,313.59686,4.520361,4.68036,0.717992,OverRange,OverRange,OverRange,13.688054,18.084778,584.39644
2026/05/19 15:40:00.266,n,309.8189,5.690114,5.126487,0.758589,OverRange,OverRange,OverRange,13.729508,18.079494,578.42876
2026/05/19 15:41:00.269,n,307.24598,4.256192,4.840302,0.792291,OverRange,OverRange,OverRange,13.653158,18.082658,574.99568
2026/05/19 15:42:00.269,n,304.84954,4.434682,4.983101,0.619633,OverRange,OverRange,OverRange,13.61727,18.075218,571.62624
2026/05/19 15:43:00.376,n,300.46704,5.658742,5.118993,0.771367,OverRange,OverRange,OverRange,13.793182,18.078416,564.9068
2026/05/19 15:44:00.320,n,298.64994,3.737405,4.605984,0.857687,OverRange,OverRange,OverRange,13.900528,18.074176,563.03432
2026/05/19 15:45:00.326,n,296.0653,4.141638,4.745246,0.688281,OverRange,OverRange,OverRange,13.944214,18.084778,559.73576
2026/05/19 15:46:00.321,n,294.29554,4.208523,4.841393,0.657154,OverRange,OverRange,OverRange,13.915172,18.090096,557.97728
2026/05/19 15:47:00.338,n,291.15854,4.110086,5.103342,0.788921,OverRange,OverRange,OverRange,13.854814,18.095378,553.09028
2026/05/19 15:48:00.319,n,289.42484,5.66872,5.078561,0.877885,OverRange,OverRange,OverRange,13.899266,18.101772,551.03156
2026/05/19 15:49:00.268,n,286.27146,4.537752,4.846155,0.647225,OverRange,OverRange,OverRange,13.885102,18.113512,547.25648
2026/05/19 15:50:00.270,n,281.5134,3.982346,4.705357,0.85379,OverRange,OverRange,OverRange,13.791912,18.11883,539.252
2026/05/19 15:51:00.441,n,279.05582,4.100633,4.16945,0.168146,OverRange,OverRange,OverRange,13.995214,18.119874,535.6856
2026/05/19 15:52:00.444,n,276.82452,5.82555,4.428317,0.73025,OverRange,OverRange,OverRange,14.053288,18.121994,533.50188
2026/05/19 15:53:00.447,n,274.18844,5.485416,5.58994,0.137075,OverRange,OverRange,OverRange,13.774206,18.125188,530.42528
2026/05/19 15:54:00.279,n,272.4606,4.420461,5.070971,0.614437,OverRange,OverRange,OverRange,13.833842,18.129462,527.53072
2026/05/19 15:55:00.264,n,271.05264,4.36798,5.381092,0.51942,OverRange,OverRange,OverRange,13.950024,18.123038,526.44196
2026/05/19 15:56:00.267,n,266.49796,4.176104,4.357797,0.211082,OverRange,OverRange,OverRange,13.943944,18.119874,518.47344
2026/05/19 15:57:00.268,n,262.7725,4.766387,4.597008,0.312649,OverRange,OverRange,OverRange,13.66859,18.123038,512.97216
2026/05/19 15:58:00.271,n,259.94742,5.608278,5.389103,0.319182,OverRange,OverRange,OverRange,13.782818,18.11883,508.82224
2026/05/19 15:59:00.272,n,256.81714,4.261235,5.153331,0.818118,OverRange,OverRange,OverRange,13.81868,18.116678,503.68188
2026/05/19 16:00:00.275,n,255.7638,5.450502,5.524546,0.163914,OverRange,OverRange,OverRange,13.628154,18.105,503.50132
2026/05/19 16:01:00.277,n,253.68658,4.349807,5.334835,0.831169,OverRange,OverRange,OverRange,13.71812,18.092248,500.58556
2026/05/19 16:02:00.281,n,250.78492,4.571113,4.282319,0.276754,OverRange,OverRange,OverRange,13.794678,18.085824,496.43832
2026/05/19 16:03:00.280,n,246.49392,5.657874,4.697624,0.768746,OverRange,OverRange,OverRange,13.789372,18.084778,489.3026
2026/05/19 16:04:00.270,n,244.45058,5.551774,5.305805,0.703537,OverRange,OverRange,OverRange,13.668834,18.074176,487.06712
2026/05/19 16:05:00.268,n,241.02288,5.6757,4.938362,0.83996,OverRange,OverRange,OverRange,13.508302,18.06038,482.01724
2026/05/19 16:06:00.272,n,238.19834,5.588841,4.928595,0.821471,OverRange,OverRange,OverRange,13.449142,18.053956,478.1746
2026/05/19 16:07:00.273,n,235.57446,5.171833,4.878257,0.72334,OverRange,OverRange,OverRange,13.599346,18.032688,473.94432
2026/05/19 16:08:00.276,n,234.40844,4.206662,5.029242,0.784258,OverRange,OverRange,OverRange,13.598074,18.02313,472.96668
2026/05/19 16:09:00.280,n,232.17192,4.698275,5.478277,0.44052,OverRange,OverRange,OverRange,13.547486,18.016708,470.64476
2026/05/19 16:10:00.279,n,227.91514,4.420097,4.70312,0.508941,OverRange,OverRange,OverRange,13.397278,17.999714,463.12868
2026/05/19 16:11:00.280,n,225.38814,4.302501,4.883206,0.702419,OverRange,OverRange,OverRange,13.416256,17.98908,459.88936
2026/05/19 16:12:00.284,n,221.76902,4.130685,4.314908,0.12264,OverRange,OverRange,OverRange,13.454692,17.975252,453.94568
2026/05/19 16:13:00.269,n,219.10998,5.752708,4.772715,0.82024,OverRange,OverRange,OverRange,13.345418,17.958226,450.474
2026/05/19 16:14:00.274,n,216.91448,4.962613,4.632668,0.559827,OverRange,OverRange,OverRange,13.347958,17.941234,447.34084
2026/05/19 16:15:00.271,n,214.1269,6.062866,5.140911,0.810353,OverRange,OverRange,OverRange,13.40739,17.91886,443.50272
2026/05/19 16:16:00.278,n,210.97302,5.709201,5.672211,0.041744,OverRange,OverRange,OverRange,13.456472,17.910346,437.90884
2026/05/19 16:17:00.276,n,208.61022,5.888222,4.887532,0.849216,OverRange,OverRange,OverRange,13.472656,17.905062,434.9106
2026/05/19 16:18:00.278,n,205.04396,4.098472,4.394991,0.336171,OverRange,OverRange,OverRange,13.503758,17.896486,429.65172
2026/05/19 16:19:00.280,n,202.0774,5.267604,4.976688,0.621025,OverRange,OverRange,OverRange,13.370448,17.88908,425.60368
2026/05/19 16:20:00.282,n,199.32044,5.328372,5.136644,0.552237,OverRange,OverRange,OverRange,13.3434,17.88057,421.73256
2026/05/19 16:21:00.284,n,197.38554,5.244347,5.459864,0.54635,OverRange,OverRange,OverRange,13.267986,17.874144,419.41936
2026/05/19 16:22:00.269,n,193.11994,6.038618,5.462993,0.558129,OverRange,OverRange,OverRange,13.263428,17.86889,412.91736
2026/05/19 16:23:00.272,n,189.85724,5.535701,5.394759,0.544125,OverRange,OverRange,OverRange,13.208004,17.858196,407.52028
2026/05/19 16:24:00.259,n,187.74642,4.128622,4.617099,0.722819,OverRange,OverRange,OverRange,13.386384,17.845442,404.66476
2026/05/19 16:25:00.260,n,183.73406,4.206427,5.027026,0.790683,OverRange,OverRange,OverRange,13.378556,17.837972,397.93828
2026/05/19 16:26:00.265,n,182.00152,5.647101,4.745454,0.759351,OverRange,OverRange,OverRange,13.316326,17.82199,396.3828
2026/05/19 16:27:00.265,n,179.02002,4.597722,4.788089,0.5133,OverRange,OverRange,OverRange,13.36086,17.808196,391.26512
2026/05/19 16:28:00.266,n,176.72268,6.083008,5.271762,0.6739,OverRange,OverRange,OverRange,13.342896,17.794366,388.03836
2026/05/19 16:29:00.268,n,173.26868,5.376072,5.57603,0.129485,OverRange,OverRange,OverRange,13.256862,17.808688,383.0656
2026/05/19 16:30:00.271,n,170.2934,5.43606,4.906803,0.601261,OverRange,OverRange,OverRange,13.215252,17.787418,377.06804
2026/05/19 16:31:00.275,n,167.52528,4.515229,4.777272,0.572867,OverRange,OverRange,OverRange,13.308422,17.773562,372.84104
2026/05/19 16:32:00.257,n,164.4716,4.250021,5.173753,0.743978,OverRange,OverRange,OverRange,13.49969,17.765048,368.02808
2026/05/19 16:33:00.260,n,161.12102,4.694256,4.905244,0.425498,OverRange,OverRange,OverRange,13.411912,17.750144,363.87068
2026/05/19 16:34:00.263,n,157.97868,4.315154,4.178531,0.233478,OverRange,OverRange,OverRange,13.486272,17.740556,358.5322
2026/05/19 16:35:00.266,n,153.96246,5.943492,4.923577,0.773503,OverRange,OverRange,OverRange,13.541428,17.73201,351.99752
2026/05/19 16:36:00.268,n,151.67152,5.286525,4.872772,0.737541,OverRange,OverRange,OverRange,13.551788,17.722422,349.2988
2026/05/19 16:37:00.268,n,148.3788,5.546376,5.086658,0.774006,OverRange,OverRange,OverRange,13.498414,17.712866,344.34592
2026/05/19 16:38:00.269,n,145.68488,5.94191,5.324762,0.568302,OverRange,OverRange,OverRange,13.42355,17.707582,340.30348
2026/05/19 16:39:00.274,n,142.32146,5.959848,5.737966,0.137031,OverRange,OverRange,OverRange,13.490326,17.696884,334.0235
2026/05/19 16:40:00.259,n,139.54772,4.424297,5.185879,0.718916,OverRange,OverRange,OverRange,13.50676,17.687296,329.86976
2026/05/19 16:41:00.260,n,136.73458,5.595606,5.083179,0.613901,OverRange,OverRange,OverRange,13.620794,17.679862,325.9056
2026/05/19 16:42:00.263,n,134.166,4.163337,4.810082,0.722183,OverRange,OverRange,OverRange,13.665558,17.673436,322.53736
2026/05/19 16:43:00.262,n,130.49812,4.619228,4.835547,0.62438,OverRange,OverRange,OverRange,13.616278,17.669198,316.29202
2026/05/19 16:44:00.265,n,127.50194,5.41681,5.720584,0.232446,OverRange,OverRange,OverRange,13.515376,17.666032,310.0195
2026/05/19 16:45:00.269,n,124.5351,5.447799,5.46012,0.474695,OverRange,OverRange,OverRange,13.541402,17.654294,304.92788
2026/05/19 16:46:00.268,n,121.56582,4.425617,5.191635,0.538595,OverRange,OverRange,OverRange,13.597296,17.648942,298.9132
2026/05/19 16:47:00.271,n,119.7501,4.355385,4.695496,0.434399,OverRange,OverRange,OverRange,13.661774,17.63828,297.15628
2026/05/19 16:48:00.272,n,116.64844,5.464088,4.691456,0.548087,OverRange,OverRange,OverRange,13.696148,17.634072,292.6509
2026/05/19 16:49:00.261,n,113.57806,5.5172,4.769532,0.619446,OverRange,OverRange,OverRange,13.59427,17.623374,286.7074
2026/05/19 16:50:00.260,n,110.64036,4.533387,4.617458,0.720789,OverRange,OverRange,OverRange,13.434174,17.619168,281.00626
2026/05/19 16:51:00.265,n,108.70252,5.520062,5.309843,0.415919,OverRange,OverRange,OverRange,13.45137,17.609516,277.92746
2026/05/19 16:52:00.266,n,106.25632,5.505646,5.450586,0.115786,OverRange,OverRange,OverRange,13.546464,17.60208,272.88864
2026/05/19 16:53:00.269,n,103.8603,5.688218,5.472206,0.635726,OverRange,OverRange,OverRange,13.33168,17.596764,269.05918
2026/05/19 16:54:00.270,n,101.36188,4.083267,5.274727,0.590547,OverRange,OverRange,OverRange,13.31928,17.588218,263.86582
2026/05/19 16:55:00.272,n,98.647424,5.53508,5.356188,0.49886,OverRange,OverRange,OverRange,13.40001,17.579706,257.9686
2026/05/19 16:56:00.273,n,96.168248,5.961104,5.560233,0.204667,OverRange,OverRange,OverRange,13.310696,17.569074,253.00602
2026/05/19 16:57:00.278,n,93.748256,5.600412,5.186753,0.593082,OverRange,OverRange,OverRange,13.250198,17.564772,247.6524
2026/05/19 16:58:00.260,n,91.426768,4.375501,4.726416,0.670454,OverRange,OverRange,OverRange,13.236012,17.547748,242.94396
2026/05/19 16:59:00.263,n,89.293,5.620362,5.613601,0.084704,OverRange,OverRange,OverRange,13.33044,17.531766,238.9702
2026/05/19 17:00:00.265,n,86.606496,4.834957,4.67845,0.537254,OverRange,OverRange,OverRange,13.340806,17.521102,232.89714
2026/05/19 17:01:00.268,n,84.354056,5.495866,5.376801,0.31384,OverRange,OverRange,OverRange,13.180334,17.513604,229.05918
2026/05/19 17:02:00.271,n,81.814328,4.396302,4.887424,0.914184,OverRange,OverRange,OverRange,13.127412,17.4987,222.14622
2026/05/19 17:03:00.272,n,79.752536,4.120281,4.808094,0.654723,OverRange,OverRange,OverRange,13.13145,17.479492,217.46598
2026/05/19 17:04:00.273,n,77.34228,5.031978,5.116892,0.397394,OverRange,OverRange,OverRange,13.15298,17.465632,211.5279
2026/05/19 17:05:00.275,n,75.226072,5.673641,5.354157,0.277096,OverRange,OverRange,OverRange,13.17603,17.444304,207.00276
2026/05/19 17:06:00.276,n,72.760384,4.69198,4.752257,0.700401,OverRange,OverRange,OverRange,13.112458,17.420886,201.95758
2026/05/19 17:07:00.265,n,70.777752,4.319084,4.507265,0.49944,OverRange,OverRange,OverRange,13.003282,17.400604,197.21462
2026/05/19 17:08:00.266,n,68.465768,5.336992,4.99872,0.525422,OverRange,OverRange,OverRange,13.019506,17.375006,191.84554
2026/05/19 17:09:00.268,n,65.980964,5.854978,5.157188,0.636023,OverRange,OverRange,OverRange,12.973068,17.349376,186.2863
2026/05/19 17:10:00.268,n,63.750064,5.7926,4.963198,0.905489,OverRange,OverRange,OverRange,12.952332,17.31422,180.51698
2026/05/19 17:11:00.270,n,61.91536,5.151777,4.859778,0.545103,OverRange,OverRange,OverRange,12.902466,17.28859,176.38826
2026/05/19 17:12:00.273,n,59.7141,5.360848,4.838112,0.65808,OverRange,OverRange,OverRange,12.904984,17.251252,171.65528
2026/05/19 17:13:00.274,n,57.32616,4.581824,5.328036,0.459306,OverRange,OverRange,OverRange,12.92891,17.2566,165.46816
2026/05/19 17:14:00.277,n,55.369828,5.485434,5.009572,0.776678,OverRange,OverRange,OverRange,13.014054,17.218186,160.18636
2026/05/19 17:15:00.279,n,53.054384,4.35034,4.825674,0.647566,OverRange,OverRange,OverRange,12.983998,17.188314,155.01576
2026/05/19 17:16:00.264,n,51.010164,4.92632,5.225239,0.741531,OverRange,OverRange,OverRange,12.959824,17.157338,150.33578
2026/05/19 17:17:00.268,n,48.662384,5.163609,4.841975,0.482484,OverRange,OverRange,OverRange,12.96108,17.132786,145.03292
2026/05/19 17:18:00.269,n,46.493452,5.013796,5.362309,0.700688,OverRange,OverRange,OverRange,12.913972,17.101806,139.71266
2026/05/19 17:19:00.270,n,44.38432,4.20769,4.384905,0.143881,OverRange,OverRange,OverRange,12.897588,17.067634,134.33472
2026/05/19 17:20:00.273,n,42.282872,4.004013,4.63066,0.802272,OverRange,OverRange,OverRange,12.822516,17.04093,129.72
2026/05/19 17:21:00.274,n,40.28484,4.245324,4.18553,0.034654,OverRange,OverRange,OverRange,12.81217,17.01419,124.67576
2026/05/19 17:22:00.276,n,38.023152,3.895951,4.832769,0.744823,OverRange,OverRange,OverRange,12.800584,16.971508,119.2921
2026/05/19 17:23:00.278,n,36.01986,3.960247,4.748385,0.832204,OverRange,OverRange,OverRange,12.746136,16.942652,107.85298
2026/05/19 17:24:00.281,n,34.073276,5.450392,5.034349,0.640108,OverRange,OverRange,OverRange,12.712342,16.903068,78.840488
2026/05/19 17:25:00.267,n,32.184818,4.681354,4.984852,0.608583,OverRange,OverRange,OverRange,12.656372,16.866712,58.077104
2026/05/19 17:26:00.271,n,30.526782,5.116814,4.636154,0.518855,OverRange,OverRange,OverRange,12.62637,16.854192,67.151784
2026/05/19 17:27:00.271,n,28.67848,4.552407,4.870088,0.656248,OverRange,OverRange,OverRange,12.620072,16.807112,86.631592
2026/05/19 17:28:00.273,n,26.806054,5.605616,5.116662,0.942064,OverRange,OverRange,OverRange,12.639486,16.76541,88.104832
2026/05/19 17:29:00.275,n,24.813154,5.040109,5.183718,0.508524,OverRange,OverRange,OverRange,12.611502,16.726934,83.346864
2026/05/19 17:30:00.278,n,22.862852,4.850725,5.145767,0.806345,OverRange,OverRange,OverRange,12.549704,16.691626,78.382728
2026/05/19 17:31:00.461,n,21.100894,4.20396,4.069588,0.136964,OverRange,OverRange,OverRange,12.525,16.660618,73.504192
2026/05/19 17:32:00.280,n,19.13083,5.819095,5.027987,0.75058,OverRange,OverRange,OverRange,12.498506,16.61778,68.678112
2026/05/19 17:33:00.474,n,17.454836,5.430336,5.056177,0.646894,OverRange,OverRange,OverRange,12.470754,16.583544,63.894016
2026/05/19 17:34:00.439,n,15.780892,4.166281,4.836354,0.705114,OverRange,OverRange,OverRange,12.436428,16.546082,58.77248
2026/05/19 17:35:00.394,n,14.173538,5.443923,5.375981,0.542586,OverRange,OverRange,OverRange,12.408682,16.506408,53.662372
2026/05/19 17:36:00.378,n,12.582864,3.916826,5.033623,0.607615,OverRange,OverRange,OverRange,12.394532,16.465752,48.585368
2026/05/19 17:37:00.452,n,11.0267,6.003458,4.535808,0.725576,OverRange,OverRange,OverRange,12.357194,16.43152,43.272024
2026/05/19 17:38:00.276,n,9.539692,3.97411,4.668071,0.648157,OverRange,OverRange,OverRange,12.330954,16.384314,37.525408
2026/05/19 17:39:00.281,n,7.949786,4.336469,4.558292,0.508929,OverRange,OverRange,OverRange,12.321858,16.340402,31.366522
2026/05/19 17:40:00.282,n,6.446483,5.396655,4.571455,0.660272,OverRange,OverRange,OverRange,12.28146,16.298608,24.731964
2026/05/19 17:41:00.285,n,5.269578,5.56795,5.473162,0.49614,OverRange,OverRange,OverRange,12.219106,16.247162,20.1901
2026/05/19 17:42:00.286,n,4.160288,4.518845,4.91314,0.540188,OverRange,OverRange,OverRange,12.206986,16.200006,13.259048
2026/05/19 17:43:00.271,n,2.749747,5.350187,4.867235,0.717116,OverRange,OverRange,OverRange,12.171112,16.17952,6.698038
2026/05/19 17:44:00.272,n,2.562684,4.566707,4.759824,0.658824,OverRange,OverRange,OverRange,12.18306,16.116244,5.278108
2026/05/19 17:45:00.257,n,1.931828,5.484593,5.181469,0.63183,OverRange,OverRange,OverRange,12.150498,16.0658,4.192555
2026/05/19 17:46:00.261,n,1.347289,4.72812,4.762157,0.618311,OverRange,OverRange,OverRange,12.129538,16.010006,3.034735
2026/05/19 17:47:00.261,n,0.739527,4.060627,4.75982,0.578138,OverRange,OverRange,OverRange,12.103246,15.952018,2.226906
2026/05/19 17:48:00.266,n,0.186935,4.502728,5.292479,0.429371,OverRange,OverRange,OverRange,12.078492,15.902634,1.416688
2026/05/19 17:49:00.266,n,-0.108158,4.371896,4.620539,0.615705,OverRange,OverRange,OverRange,12.081768,15.852206,0.781465
2026/05/19 17:50:00.270,n,-0.590698,5.502452,4.91161,0.626843,OverRange,OverRange,OverRange,12.075212,15.79417,0.273969
2026/05/19 17:51:00.270,n,-0.921073,5.719074,5.078215,0.714673,OverRange,OverRange,OverRange,12.04742,15.745848,-0.072012
2026/05/19 17:52:00.272,n,-1.099539,5.520923,5.553324,0.539128,OverRange,OverRange,OverRange,12.015326,15.726682,-0.443419
2026/05/19 17:53:00.257,n,-1.485982,4.22026,5.064535,0.736568,OverRange,OverRange,OverRange,12.008072,15.667,-0.711927
2026/05/19 17:54:00.261,n,-1.81918,5.598841,5.279429,0.78057,OverRange,OverRange,OverRange,12.009328,15.621074,-1.153554
2026/05/19 17:55:00.261,n,-2.132363,4.78575,4.862846,0.746214,OverRange,OverRange,OverRange,11.984798,15.578312,-1.450987
2026/05/19 17:56:00.263,n,-2.527145,4.365074,4.77722,0.668177,OverRange,OverRange,OverRange,11.947392,15.52494,-1.803282
2026/05/19 17:57:00.265,n,-2.913715,4.097849,4.822635,0.75876,OverRange,OverRange,OverRange,11.963328,15.47576,-2.161464
2026/05/19 17:58:00.267,n,-3.045224,5.538112,5.39765,0.665795,OverRange,OverRange,OverRange,11.962312,15.435148,-2.558382
2026/05/19 17:59:00.269,n,-3.31132,5.619345,4.865934,0.843618,OverRange,OverRange,OverRange,11.945394,15.394506,-2.704454
2026/05/19 18:00:00.273,n,-3.618858,4.874845,4.693921,0.657623,OverRange,OverRange,OverRange,11.930446,15.350702,-2.850269
2026/05/19 18:01:00.257,n,-3.671589,5.541989,4.82314,0.774902,OverRange,OverRange,OverRange,11.92895,15.313238,-2.986613
2026/05/19 18:02:00.260,n,-3.656707,5.517954,5.03303,0.74732,OverRange,OverRange,OverRange,11.939316,15.270478,-3.405204
2026/05/19 18:03:00.262,n,-3.759347,5.641011,4.750439,0.652236,OverRange,OverRange,OverRange,11.953472,15.235168,-3.442148
2026/05/19 18:04:00.263,n,-4.013897,5.444261,4.679354,0.643723,OverRange,OverRange,OverRange,11.914022,15.24105,-3.646665
2026/05/19 18:05:00.265,n,-3.659658,5.592155,5.111153,0.655999,OverRange,OverRange,OverRange,11.9478,15.204662,-3.340871
2026/05/19 18:06:00.266,n,-3.855701,4.549865,5.002714,0.612482,OverRange,OverRange,OverRange,11.92303,15.1672,-3.695213
2026/05/19 18:07:00.269,n,-4.069323,4.988476,4.327457,0.352851,OverRange,OverRange,OverRange,11.880804,15.136128,-3.802548
2026/05/19 18:08:00.271,n,-4.362106,4.000499,4.383734,0.51465,OverRange,OverRange,OverRange,11.90888,15.113656,-4.199893
2026/05/19 18:09:00.272,n,-4.274476,4.562027,5.060469,0.372391,OverRange,OverRange,OverRange,11.957684,15.082632,-4.190167
2026/05/19 18:10:00.259,n,-4.37686,4.366088,4.932793,0.654133,OverRange,OverRange,OverRange,11.937948,15.061188,-4.328389
2026/05/19 18:11:00.260,n,-4.435494,4.539562,4.719513,0.670536,OverRange,OverRange,OverRange,11.895218,15.029088,-4.275915
2026/05/19 18:12:00.262,n,-4.678367,5.501511,5.163292,0.546833,OverRange,OverRange,OverRange,11.868928,15.008736,-4.386663
2026/05/19 18:13:00.264,n,-4.672851,5.61212,5.600144,0.27083,OverRange,OverRange,OverRange,11.857036,14.980874,-4.462685
2026/05/19 18:14:00.267,n,-4.608187,4.631023,5.239667,0.524652,OverRange,OverRange,OverRange,11.842866,14.945532,-4.585634
2026/05/19 18:15:00.268,n,-4.880185,4.027406,4.59932,0.680118,OverRange,OverRange,OverRange,11.826692,14.916596,-4.669335
2026/05/19 18:16:00.275,n,-4.950751,4.353628,4.875637,0.739531,OverRange,OverRange,OverRange,11.798874,14.893034,-4.749026
2026/05/19 18:17:00.274,n,-4.962426,4.375201,4.597807,0.419243,OverRange,OverRange,OverRange,11.835038,14.86087,-4.83085
2026/05/19 18:18:00.276,n,-4.892117,4.864555,4.820777,0.612106,OverRange,OverRange,OverRange,11.845674,14.828756,-4.827096
2026/05/19 18:19:00.260,n,-4.889166,5.471271,5.198584,0.725783,OverRange,OverRange,OverRange,11.817826,14.798728,-4.768736
2026/05/19 18:20:00.262,n,-4.857219,5.604608,5.373913,0.641273,OverRange,OverRange,OverRange,11.851986,14.782662,-4.834945
2026/05/19 18:21:00.265,n,-4.842208,5.664284,5.650532,0.041634,OverRange,OverRange,OverRange,11.856792,14.77147,-5.018132
2026/05/19 18:22:00.267,n,-4.158235,5.235343,5.065049,0.72689,OverRange,OverRange,OverRange,11.910778,14.745696,-4.567034
2026/05/19 18:23:00.273,n,-4.269344,4.259448,4.313399,0.29164,OverRange,OverRange,OverRange,11.91154,14.723208,-4.424632
2026/05/19 18:24:00.270,n,-4.325155,5.43247,4.8031,0.723703,OverRange,OverRange,OverRange,11.927968,14.708188,-4.57659
2026/05/19 18:25:00.272,n,-4.348377,5.014135,4.548445,0.379059,OverRange,OverRange,OverRange,11.92394,14.678178,-4.600054
2026/05/19 18:26:00.276,n,-4.380709,5.897041,5.044107,0.71712,OverRange,OverRange,OverRange,11.924418,14.657796,-4.485039
2026/05/19 18:27:00.276,n,-4.275374,5.667254,5.708649,0.171564,OverRange,OverRange,OverRange,11.957316,14.634204,-4.576761
2026/05/19 18:28:00.261,n,-4.310656,4.439657,5.225193,0.614742,OverRange,OverRange,OverRange,11.934794,14.617032,-4.463624
2026/05/19 18:29:00.264,n,-4.307706,5.947154,5.844386,0.296422,OverRange,OverRange,OverRange,11.927714,14.594516,-4.570788
2026/05/19 18:30:00.267,n,-4.322204,4.295154,4.540001,0.160888,OverRange,OverRange,OverRange,11.9295,14.57842,-4.547325
2026/05/19 18:31:00.269,n,-4.553402,5.158083,5.266299,0.479741,OverRange,OverRange,OverRange,11.925694,14.55587,-4.492804
2026/05/19 18:32:00.275,n,-4.427796,4.775022,5.109133,0.6115,OverRange,OverRange,OverRange,11.917614,14.535458,-4.563024
2026/05/19 18:33:00.273,n,-4.48335,5.369292,5.407134,0.588297,OverRange,OverRange,OverRange,11.89409,14.51185,-4.500568
2026/05/19 18:34:00.274,n,-4.544806,5.367067,5.000089,0.334422,OverRange,OverRange,OverRange,11.869812,14.494694,-4.496643
2026/05/19 18:35:00.275,n,-4.606134,5.347576,5.285209,0.53342,OverRange,OverRange,OverRange,11.867808,14.481792,-4.570703
2026/05/19 18:36:00.278,n,-4.591764,4.503512,5.05277,0.580793,OverRange,OverRange,OverRange,11.942628,14.45817,-4.882555
2026/05/19 18:37:00.263,n,-4.559433,4.351857,4.803972,0.61146,OverRange,OverRange,OverRange,11.962108,14.442106,-4.693482
2026/05/19 18:38:00.265,n,-4.468595,5.433577,4.718863,0.628775,OverRange,OverRange,OverRange,11.945416,14.425992,-4.637083
2026/05/19 18:39:00.267,n,-4.331057,4.238567,4.125015,0.201681,OverRange,OverRange,OverRange,11.939856,14.412014,-4.566864
2026/05/19 18:40:00.269,n,-4.453841,4.229781,4.243934,0.122497,OverRange,OverRange,OverRange,11.939846,14.398038,-4.613705
2026/05/19 18:41:00.274,n,-4.41009,5.414929,4.587953,0.420449,OverRange,OverRange,OverRange,11.923178,14.393786,-4.490927
2026/05/19 18:42:00.274,n,-4.626662,4.451387,4.91764,0.571016,OverRange,OverRange,OverRange,11.898652,14.38085,-4.693482
2026/05/19 18:43:00.276,n,-4.594331,5.249309,4.521361,0.598158,OverRange,OverRange,OverRange,11.892822,14.368012,-4.627356
2026/05/19 18:44:00.278,n,-4.611908,5.498706,5.503851,0.100049,OverRange,OverRange,OverRange,11.915844,14.364754,-4.660462
2026/05/19 18:45:00.282,n,-4.559432,4.609585,5.540254,0.505189,OverRange,OverRange,OverRange,11.917848,14.35617,-4.781278
2026/05/19 18:46:00.265,n,-4.559304,6.075146,5.752245,0.175477,OverRange,OverRange,OverRange,11.91153,14.3476,-4.594081
2026/05/19 18:47:00.269,n,-4.644368,5.570617,5.226242,0.462811,OverRange,OverRange,OverRange,11.898388,14.34545,-4.66029
2026/05/19 18:48:00.270,n,-4.632564,4.582839,5.304836,0.498591,OverRange,OverRange,OverRange,11.87791,14.333622,-4.884518
2026/05/19 18:49:00.271,n,-4.670669,4.521921,4.867547,0.640353,OverRange,OverRange,OverRange,11.90649,14.326112,-4.786994
2026/05/19 18:50:00.274,n,-4.743801,4.424253,4.789953,0.609337,OverRange,OverRange,OverRange,11.905224,14.322904,-4.85329
2026/05/19 18:51:00.276,n,-4.714805,6.092016,5.295723,0.616445,OverRange,OverRange,OverRange,11.89764,14.308892,-4.732388
2026/05/19 18:52:00.279,n,-4.632307,5.371106,4.921055,0.59611,OverRange,OverRange,OverRange,11.933304,14.301382,-4.935284
2026/05/19 18:53:00.279,n,-4.653092,5.466591,5.273932,0.394307,OverRange,OverRange,OverRange,11.93303,14.293872,-4.874876
2026/05/19 18:54:00.281,n,-4.471546,5.761872,5.789429,0.467841,OverRange,OverRange,OverRange,11.97931,14.320996,-4.868989
2026/05/19 18:55:00.269,n,-4.075481,4.507711,5.413939,0.687092,OverRange,OverRange,OverRange,11.98522,14.310246,-4.648261
2026/05/19 18:56:00.268,n,-4.321434,5.841974,4.981242,0.786756,OverRange,OverRange,OverRange,11.949814,14.29731,-4.509868
2026/05/19 18:57:00.271,n,-4.301162,4.461679,5.343716,0.739318,OverRange,OverRange,OverRange,11.943986,14.290908,-4.422413
2026/05/19 18:58:00.272,n,-4.312838,4.367046,4.902828,0.533603,OverRange,OverRange,OverRange,11.98345,14.27478,-4.726245
2026/05/19 18:59:00.275,n,-4.297955,5.92185,5.567637,0.524931,OverRange,OverRange,OverRange,11.989268,14.270494,-4.541096
2026/05/19 19:00:00.277,n,-4.289359,4.393258,4.376212,0.179675,OverRange,OverRange,OverRange,11.965506,14.263994,-4.400827
2026/05/19 19:01:00.280,n,-4.482452,5.904907,4.800789,0.872585,OverRange,OverRange,OverRange,11.947282,14.25756,-4.367722
2026/05/19 19:02:00.280,n,-4.432671,6.012096,5.321869,0.735963,OverRange,OverRange,OverRange,11.959422,14.245766,-4.620787
2026/05/19 19:03:00.284,n,-4.303728,5.768818,5.149421,0.518976,OverRange,OverRange,OverRange,11.95335,14.233938,-4.589815
2026/05/19 19:04:00.268,n,-4.450248,5.345885,4.741038,0.604634,OverRange,OverRange,OverRange,12.005448,14.22643,-4.601504
2026/05/19 19:05:00.271,n,-4.324513,5.417894,5.027797,0.626731,OverRange,OverRange,OverRange,12.014294,14.225322,-4.621128
2026/05/19 19:06:00.275,n,-4.409448,5.506162,4.981454,0.617548,OverRange,OverRange,OverRange,12.059784,14.213528,-4.695017
2026/05/19 19:07:00.276,n,-4.315789,5.598249,4.963568,0.573086,OverRange,OverRange,OverRange,12.064576,14.213528,-4.433932
2026/05/19 19:08:00.279,n,-4.265752,4.54707,5.023557,0.552311,OverRange,OverRange,OverRange,12.035264,14.208166,-4.474801
2026/05/19 19:09:00.263,n,-4.345042,3.997254,4.803235,0.663794,OverRange,OverRange,OverRange,12.038808,14.194192,-4.482566
2026/05/19 19:10:00.264,n,-4.330287,5.604118,5.092873,0.590811,OverRange,OverRange,OverRange,12.043854,14.19305,-4.492463
2026/05/19 19:11:00.266,n,-4.219178,5.644095,5.355189,0.432321,OverRange,OverRange,OverRange,12.054464,14.190932,-4.539048
2026/05/19 19:12:00.268,n,-4.17825,4.594603,4.965239,0.563949,OverRange,OverRange,OverRange,12.060792,14.186648,-4.525397
2026/05/19 19:13:00.271,n,-4.181201,4.28479,4.356515,0.083943,OverRange,OverRange,OverRange,12.065582,14.178046,-4.408591
2026/05/19 19:14:00.272,n,-4.157466,4.427088,4.829226,0.649688,OverRange,OverRange,OverRange,12.064072,14.17264,-4.398779
2026/05/19 19:15:00.259,n,-4.280634,4.377257,4.871053,0.552811,OverRange,OverRange,OverRange,12.053472,14.17264,-4.461235
2026/05/19 19:16:00.260,n,-4.306679,5.27845,4.802214,0.550773,OverRange,OverRange,OverRange,12.05776,14.167312,-4.398779
2026/05/19 19:17:00.262,n,-4.195571,5.580626,5.08586,0.788906,OverRange,OverRange,OverRange,12.047654,14.168356,-4.478726
2026/05/19 19:18:00.264,n,-4.268831,4.410342,5.083124,0.792131,OverRange,OverRange,OverRange,12.058778,14.16943,-4.515841
2026/05/19 19:19:00.269,n,-4.289231,5.327073,4.724625,0.72689,OverRange,OverRange,OverRange,12.067352,14.166204,-4.467122
2026/05/19 19:20:00.269,n,-4.175043,4.129433,5.040453,0.630844,OverRange,OverRange,OverRange,12.02617,14.168356,-4.264482
2026/05/19 19:21:00.272,n,-4.470905,5.558371,5.355616,0.204532,OverRange,OverRange,OverRange,12.041072,14.17264,-4.504152
2026/05/19 19:22:00.272,n,-4.321434,5.679289,5.57679,0.189,OverRange,OverRange,OverRange,12.034028,14.180214,-4.379411
2026/05/19 19:23:00.262,n,-4.192748,4.73952,5.442995,0.520837,OverRange,OverRange,OverRange,12.023632,14.184482,-4.283936
2026/05/19 19:24:00.259,n,-4.342091,5.098273,4.923243,0.374805,OverRange,OverRange,OverRange,12.025158,14.187692,-4.422243
2026/05/19 19:25:00.263,n,-4.263057,4.725413,5.270652,0.520977,OverRange,OverRange,OverRange,12.030452,14.185542,-4.385213
2026/05/19 19:26:00.266,n,-4.125518,4.640758,5.049782,0.470339,OverRange,OverRange,OverRange,12.031464,14.189874,-4.480774
2026/05/19 19:27:00.266,n,-4.289359,5.522373,5.169908,0.689302,OverRange,OverRange,OverRange,12.047654,14.18233,-4.480774
2026/05/19 19:28:00.268,n,-4.216227,4.077208,5.024321,0.791532,OverRange,OverRange,OverRange,12.019328,14.18233,-4.359872
2026/05/19 19:29:00.270,n,-4.418173,4.31615,4.247001,0.145242,OverRange,OverRange,OverRange,11.981166,14.18129,-4.153393
2026/05/19 19:30:00.272,n,-4.409192,4.498096,4.454342,0.130594,OverRange,OverRange,OverRange,11.954118,14.175896,-4.390929
2026/05/19 19:31:00.258,n,-4.573289,5.421157,5.06687,0.55724,OverRange,OverRange,OverRange,11.954372,14.17479,-4.427959
2026/05/19 19:32:00.261,n,-4.377117,4.537997,5.194964,0.471185,OverRange,OverRange,OverRange,11.938432,14.165144,-4.513964
2026/05/19 19:33:00.264,n,-4.491305,5.460926,5.288559,0.343754,OverRange,OverRange,OverRange,11.951086,14.16943,-4.4905
2026/05/19 19:34:00.264,n,-4.53544,5.608693,5.192407,0.703854,OverRange,OverRange,OverRange,11.936666,14.156528,-4.628893
2026/05/19 19:35:00.265,n,-4.435879,5.724048,5.171158,0.66683,OverRange,OverRange,OverRange,11.964478,14.15221,-4.535209
2026/05/19 19:36:00.267,n,-4.236499,4.560783,4.891905,0.483735,OverRange,OverRange,OverRange,12.008734,14.14255,-4.636572
2026/05/19 19:37:00.269,n,-4.227774,6.072501,5.232628,0.670468,OverRange,OverRange,OverRange,12.008214,14.138234,-4.397073
2026/05/19 19:38:00.272,n,-4.227774,4.320647,4.291549,0.245979,OverRange,OverRange,OverRange,11.997102,14.127514,-4.244943
2026/05/19 19:39:00.275,n,-4.295261,4.848388,5.074548,0.55077,OverRange,OverRange,OverRange,11.983704,14.12644,-4.322842
2026/05/19 19:40:00.258,n,-4.403418,5.043165,5.045824,0.626809,OverRange,OverRange,OverRange,11.988252,14.119972,-4.546983
2026/05/19 19:41:00.261,n,-4.251126,5.462816,4.804058,0.526287,OverRange,OverRange,OverRange,11.978892,14.123214,-4.463282
2026/05/19 19:42:00.264,n,-4.38289,5.531332,5.350093,0.382306,OverRange,OverRange,OverRange,11.977382,14.111356,-4.441696
2026/05/19 19:43:00.267,n,-4.24548,4.315973,5.350945,0.721849,OverRange,OverRange,OverRange,11.959942,14.107072,-4.396987
2026/05/19 19:44:00.269,n,-4.341963,4.331565,4.832907,0.639579,OverRange,OverRange,OverRange,12.009472,14.09741,-4.58973
2026/05/19 19:45:00.268,n,-4.301034,5.527659,5.506592,0.066222,OverRange,OverRange,OverRange,12.027928,14.099528,-4.3074
2026/05/19 19:46:00.271,n,-4.306936,5.493649,5.060228,0.484876,OverRange,OverRange,OverRange,11.991796,14.09417,-4.324805
2026/05/19 19:47:00.274,n,-4.221873,4.693535,5.244859,0.656805,OverRange,OverRange,OverRange,11.966264,14.09417,-4.359957
2026/05/19 19:48:00.275,n,-4.359668,4.359144,5.085045,0.707698,OverRange,OverRange,OverRange,11.944264,14.086628,-4.209962
2026/05/19 19:49:00.261,n,-4.517863,5.47311,5.085118,0.472488,OverRange,OverRange,OverRange,11.912634,14.084478,-4.042389
2026/05/19 19:50:00.264,n,-4.456279,4.566573,4.883213,0.536941,OverRange,OverRange,OverRange,11.906586,14.075876,-4.079418
2026/05/19 19:51:00.267,n,-4.268831,4.049446,4.985744,0.776698,OverRange,OverRange,OverRange,11.911392,14.071592,-4.075493
2026/05/19 19:52:00.268,n,-4.289359,5.582372,5.112038,0.748126,OverRange,OverRange,OverRange,11.88712,14.068366,-4.061927
2026/05/19 19:53:00.422,n,-4.380068,5.431644,4.95417,0.836859,OverRange,OverRange,OverRange,11.838314,14.064082,-3.995632
2026/05/19 19:54:00.271,n,-4.453328,4.228558,5.222708,0.700355,OverRange,OverRange,OverRange,11.829198,14.051148,-3.937443
2026/05/19 19:55:00.276,n,-4.374166,5.828341,5.321788,0.714536,OverRange,OverRange,OverRange,11.813508,14.053298,-4.032406
2026/05/19 19:56:00.275,n,-4.473856,4.901762,5.165938,0.644349,OverRange,OverRange,OverRange,11.783676,14.051148,-3.939063
2026/05/19 19:57:00.279,n,-4.640647,5.61182,5.028088,0.647423,OverRange,OverRange,OverRange,11.807446,14.04903,-4.030699
2026/05/19 19:58:00.261,n,-4.576112,4.241077,4.760924,0.439227,OverRange,OverRange,OverRange,11.80744,14.047922,-4.061842
2026/05/19 19:59:00.263,n,-4.418045,4.585447,4.989084,0.675964,OverRange,OverRange,OverRange,11.8092,14.050106,-3.979933
2026/05/19 20:00:00.266,n,-4.412143,4.621665,4.894017,0.454611,OverRange,OverRange,OverRange,11.838292,14.047922,-4.06389
2026/05/19 20:01:00.268,n,-4.479758,5.348378,4.61845,0.5684,OverRange,OverRange,OverRange,11.83601,14.050106,-4.116449
2026/05/19 20:02:00.270,n,-4.368264,4.717554,4.948276,0.64505,OverRange,OverRange,OverRange,11.753058,14.052192,-3.773709
2026/05/19 20:03:00.271,n,-4.655402,4.441948,5.111397,0.711678,OverRange,OverRange,OverRange,11.710796,14.04253,-3.841711
2026/05/19 20:04:00.273,n,-4.699153,5.612479,5.186457,0.562351,OverRange,OverRange,OverRange,11.704732,14.03714,-4.030699
2026/05/19 20:05:00.276,n,-4.687606,4.928617,5.08413,0.588367,OverRange,OverRange,OverRange,11.719158,14.036064,-4.393148
2026/05/19 20:06:00.278,n,-4.637696,5.512635,5.047053,0.530186,OverRange,OverRange,OverRange,11.73939,14.023164,-4.244943
2026/05/19 20:07:00.263,n,-4.614217,5.553596,5.033068,0.562771,OverRange,OverRange,OverRange,11.719906,14.018846,-4.030699
2026/05/19 20:08:00.267,n,-4.558663,5.36585,4.950928,0.737135,OverRange,OverRange,OverRange,11.692328,14.009202,-3.941111
2026/05/19 20:09:00.268,n,-4.517863,4.559604,5.079541,0.656638,OverRange,OverRange,OverRange,11.658422,13.995226,-3.980103
2026/05/19 20:10:00.271,n,-4.60267,5.785321,5.204859,0.618642,OverRange,OverRange,OverRange,11.67133,13.987684,-4.186497
2026/05/19 20:11:00.271,n,-4.406498,5.274544,4.870873,0.396075,OverRange,OverRange,OverRange,11.731552,13.983398,-4.202197
2026/05/19 20:12:00.277,n,-4.71365,5.336016,4.732714,0.78604,OverRange,OverRange,OverRange,11.701702,13.976902,-4.091108
2026/05/19 20:13:00.279,n,-4.503237,5.947162,5.395242,0.445672,OverRange,OverRange,OverRange,11.712316,13.96185,-4.322927
2026/05/19 20:14:00.279,n,-4.339268,4.125147,4.89892,0.735073,OverRange,OverRange,OverRange,11.767476,13.96185,-4.209876
2026/05/19 20:15:00.282,n,-4.564564,5.632447,5.028145,0.506543,OverRange,OverRange,OverRange,11.744192,13.957532,-4.06389
2026/05/19 20:16:00.264,n,-4.520557,5.675083,4.97182,0.619406,OverRange,OverRange,OverRange,11.709794,13.942482,-3.976179
2026/05/19 20:17:00.268,n,-4.526459,4.346382,5.12336,0.810224,OverRange,OverRange,OverRange,11.735612,13.94139,-4.141789
2026/05/19 20:18:00.268,n,-4.523508,4.515903,5.366153,0.646052,OverRange,OverRange,OverRange,11.692836,13.93603,-4.083258
2026/05/19 20:19:00.271,n,-4.705182,5.81447,5.059521,0.651354,OverRange,OverRange,OverRange,11.676646,13.925264,-4.22549
2026/05/19 20:20:00.272,n,-4.787167,5.938396,4.951177,0.79822,OverRange,OverRange,OverRange,11.71434,13.925264,-4.3911
2026/05/19 20:21:00.274,n,-4.681447,4.259211,4.891915,0.749823,OverRange,OverRange,OverRange,11.758636,13.920948,-4.279926
2026/05/19 20:22:00.276,n,-4.766639,4.830099,4.994901,0.687316,OverRange,OverRange,OverRange,11.769252,13.906972,-4.18061
2026/05/19 20:23:00.278,n,-4.611651,4.161298,4.549586,0.526555,OverRange,OverRange,OverRange,11.795548,13.908046,-4.328729
2026/05/19 20:24:00.280,n,-4.62307,4.505677,4.888972,0.554335,OverRange,OverRange,OverRange,11.777588,13.899412,-4.570362
2026/05/19 20:25:00.266,n,-4.637953,5.562237,5.025445,0.613905,OverRange,OverRange,OverRange,11.80188,13.897296,-4.449461
2026/05/19 20:26:00.269,n,-4.664126,4.48498,4.833637,0.704863,OverRange,OverRange,OverRange,11.82896,13.89622,-4.424205
2026/05/19 20:27:00.270,n,-4.379939,5.454489,4.996292,0.727184,OverRange,OverRange,OverRange,11.841578,13.889754,-4.496217
2026/05/19 20:28:00.276,n,-4.520685,4.724702,5.13517,0.559265,OverRange,OverRange,OverRange,11.856522,13.88868,-4.463112
2026/05/19 20:29:00.274,n,-4.476806,5.110507,5.113937,0.442245,OverRange,OverRange,OverRange,11.809712,13.895146,-4.315163
2026/05/19 20:30:00.276,n,-4.540957,4.392528,4.904852,0.686594,OverRange,OverRange,OverRange,11.818578,13.895146,-4.467122
2026/05/19 20:31:00.278,n,-4.670028,4.325143,4.878609,0.476703,OverRange,OverRange,OverRange,11.794042,13.892996,-4.644336
2026/05/19 20:32:00.279,n,-4.517735,5.159832,4.824051,0.437305,OverRange,OverRange,OverRange,11.800364,13.899412,-4.387175
2026/05/19 20:33:00.281,n,-4.869023,5.988296,5.174926,0.588308,OverRange,OverRange,OverRange,11.831956,13.900506,-4.578041
2026/05/19 20:34:00.267,n,-4.681575,5.329688,4.686064,0.55552,OverRange,OverRange,OverRange,11.881282,13.911272,-4.59357
2026/05/19 20:35:00.269,n,-4.529538,5.921119,5.65392,0.50796,OverRange,OverRange,OverRange,11.8694,13.918764,-4.391015
2026/05/19 20:36:00.270,n,-4.511833,5.654642,4.991246,0.479757,OverRange,OverRange,OverRange,11.889628,13.922022,-4.545021
2026/05/19 20:37:00.273,n,-4.584965,4.784189,4.600898,0.132098,OverRange,OverRange,OverRange,11.947038,13.922022,-4.755425
2026/05/19 20:38:00.274,n,-4.625892,5.353463,4.98424,0.517978,OverRange,OverRange,OverRange,11.985464,13.92419,-4.609268
2026/05/19 20:39:00.278,n,-4.494127,5.521457,5.180702,0.579546,OverRange,OverRange,OverRange,12.00771,13.93388,-4.56055
2026/05/19 20:40:00.278,n,-4.467825,4.292076,5.038166,0.703003,OverRange,OverRange,OverRange,12.013276,13.943558,-4.307399
2026/05/19 20:41:00.280,n,-4.523509,5.539787,4.957556,0.611874,OverRange,OverRange,OverRange,12.005184,13.944632,-4.219688
2026/05/19 20:42:00.282,n,-4.546987,5.570022,5.332527,0.428802,OverRange,OverRange,OverRange,11.9746,13.948948,-4.12609
2026/05/19 20:43:00.268,n,-4.48258,4.49872,4.80647,0.503809,OverRange,OverRange,OverRange,11.96954,13.953216,-4.35407
2026/05/19 20:44:00.269,n,-4.555969,4.230884,4.757074,0.610191,OverRange,OverRange,OverRange,12.01051,13.953216,-4.500142
2026/05/19 20:45:00.277,n,-4.544164,4.649146,5.218723,0.392126,OverRange,OverRange,OverRange,12.054718,13.955382,-4.476763
2026/05/19 20:46:00.276,n,-4.470905,5.520944,5.167367,0.51128,OverRange,OverRange,OverRange,12.056744,13.95861,-4.439819
2026/05/19 20:47:00.278,n,-4.397645,4.380878,4.941284,0.549944,OverRange,OverRange,OverRange,12.05599,13.960774,-4.595617
2026/05/19 20:48:00.278,n,-4.488225,5.539937,4.80776,0.553051,OverRange,OverRange,OverRange,12.052456,13.966182,-4.278048
2026/05/19 20:49:00.279,n,-4.465132,5.921147,5.455494,0.50546,OverRange,OverRange,OverRange,12.031978,13.973676,-4.276086
2026/05/19 20:50:00.281,n,-4.506059,4.549088,5.225857,0.695216,OverRange,OverRange,OverRange,12.017584,13.970434,-4.287861
2026/05/19 20:51:00.283,n,-4.426769,5.829992,5.27731,0.573953,OverRange,OverRange,OverRange,12.042858,13.979068,-4.285898
2026/05/19 20:52:00.271,n,-4.48258,4.20349,4.362139,0.172734,OverRange,OverRange,OverRange,12.038564,13.979068,-4.21764
2026/05/19 20:53:00.271,n,-4.626149,5.514557,4.926009,0.707163,OverRange,OverRange,OverRange,12.069626,13.979068,-4.280011
2026/05/19 20:54:00.274,n,-4.508881,5.454977,4.918824,0.55133,OverRange,OverRange,OverRange,12.076716,13.979068,-4.291614
2026/05/19 20:55:00.258,n,-4.461924,4.499868,5.154232,0.605562,OverRange,OverRange,OverRange,12.06535,13.979068,-4.276171
2026/05/19 20:56:00.277,n,-4.503108,4.11769,4.99884,0.873897,OverRange,OverRange,OverRange,12.062322,13.985518,-4.276256
2026/05/19 20:57:00.263,n,-4.508754,4.785304,4.908092,0.585622,OverRange,OverRange,OverRange,12.066102,13.980176,-4.289822
2026/05/19 20:58:00.268,n,-4.485403,4.5197,4.824567,0.531948,OverRange,OverRange,OverRange,12.070644,13.988728,-4.221651
2026/05/19 20:59:00.267,n,-4.426769,4.614888,4.774207,0.447401,OverRange,OverRange,OverRange,12.051952,13.985518,-4.180696
2026/05/19 21:00:00.270,n,-4.549938,5.414934,5.12542,0.542586,OverRange,OverRange,OverRange,12.100216,13.987684,-4.322928
2026/05/19 21:01:00.271,n,-4.435494,4.692658,5.350755,0.514105,OverRange,OverRange,OverRange,12.089336,13.986576,-4.317041
2026/05/19 21:02:00.256,n,-4.38289,5.431155,4.840905,0.632919,OverRange,OverRange,OverRange,12.079998,13.99091,-4.159365
2026/05/19 21:03:00.261,n,-4.303857,5.615839,5.534357,0.068621,OverRange,OverRange,OverRange,12.106282,13.994118,-4.161157
2026/05/19 21:04:00.261,n,-4.131164,5.559367,5.360104,0.493274,OverRange,OverRange,OverRange,12.161366,13.9963,-4.319088
2026/05/19 21:05:00.262,n,-4.178122,6.056134,5.476969,0.583118,OverRange,OverRange,OverRange,12.182582,14.009202,-4.375486
2026/05/19 21:06:00.265,n,-4.014025,4.636729,4.635958,0.362487,OverRange,OverRange,OverRange,12.173742,14.009202,-4.242981
2026/05/19 21:07:00.266,n,-4.286408,4.455733,4.73538,0.582689,OverRange,OverRange,OverRange,12.15354,14.023164,-4.379411
2026/05/19 21:08:00.269,n,-4.213277,4.510857,4.775141,0.548327,OverRange,OverRange,OverRange,12.152512,14.035022,-4.326767
2026/05/19 21:09:00.271,n,-4.350687,4.274385,4.725726,0.659814,OverRange,OverRange,OverRange,12.184368,14.041456,-4.32489
2026/05/19 21:10:00.257,n,-4.371472,4.645279,5.328644,0.619672,OverRange,OverRange,OverRange,12.162878,14.050106,-4.244943
2026/05/19 21:11:00.262,n,-4.341963,5.96147,5.21607,0.685762,OverRange,OverRange,OverRange,12.177032,14.062974,-4.15143
2026/05/19 21:12:00.260,n,-4.306679,4.309813,4.582052,0.429375,OverRange,OverRange,OverRange,12.169698,14.073692,-4.239141
2026/05/19 21:13:00.263,n,-4.406498,4.383967,5.030948,0.58923,OverRange,OverRange,OverRange,12.147472,14.084478,-4.268322
2026/05/19 21:14:00.264,n,-4.359411,4.487022,4.680196,0.392266,OverRange,OverRange,OverRange,12.117894,14.090928,-4.011331
2026/05/19 21:15:00.266,n,-4.473599,4.595449,4.833959,0.738887,OverRange,OverRange,OverRange,12.097428,14.09417,-4.048191
2026/05/19 21:16:00.268,n,-4.465131,5.701391,5.081795,0.618267,OverRange,OverRange,OverRange,12.056244,14.09741,-4.141789
2026/05/19 21:17:00.273,n,-4.473856,4.4116,4.965204,0.526588,OverRange,OverRange,OverRange,12.044612,14.098486,-4.33274
2026/05/19 21:18:00.274,n,-4.669899,4.305808,4.719272,0.668592,OverRange,OverRange,OverRange,12.036526,14.096336,-4.318918
2026/05/19 21:19:00.260,n,-4.599848,4.313216,4.831704,0.585612,OverRange,OverRange,OverRange,12.041332,14.101712,-4.398864
2026/05/19 21:20:00.259,n,-4.538263,4.673243,4.675308,0.649425,OverRange,OverRange,OverRange,12.04739,14.09741,-4.326767
2026/05/19 21:21:00.261,n,-4.58227,4.379351,4.713344,0.599772,OverRange,OverRange,OverRange,12.038798,14.095244,-4.562427
2026/05/19 21:22:00.264,n,-4.517478,4.499868,4.9539,0.449633,OverRange,OverRange,OverRange,12.022624,14.09417,-4.525653
2026/05/19 21:23:00.266,n,-4.669771,4.436736,4.957011,0.724476,OverRange,OverRange,OverRange,12.026164,14.093094,-4.102797
2026/05/19 21:24:00.270,n,-4.582013,5.36462,5.210077,0.415288,OverRange,OverRange,OverRange,12.003926,14.089852,-4.217811
2026/05/19 21:25:00.270,n,-4.517607,5.028003,5.078337,0.464857,OverRange,OverRange,OverRange,12.00114,14.090928,-4.256633
2026/05/19 21:26:00.271,n,-4.488482,5.163821,5.407877,0.582618,OverRange,OverRange,OverRange,12.02795,14.084478,-4.46516
2026/05/19 21:27:00.275,n,-4.447426,4.552901,5.257798,0.62928,OverRange,OverRange,OverRange,12.0489,14.082342,-4.293662
2026/05/19 21:28:00.259,n,-4.441524,4.339143,4.997588,0.67431,OverRange,OverRange,OverRange,12.037288,14.08345,-4.352108
2026/05/19 21:29:00.260,n,-4.53249,5.892703,5.173909,0.568718,OverRange,OverRange,OverRange,12.034764,14.08552,-4.418403
2026/05/19 21:30:00.263,n,-4.461924,4.576833,4.96319,0.504372,OverRange,OverRange,OverRange,12.029446,14.076984,-4.32489
2026/05/19 21:31:00.264,n,-4.400468,5.51336,5.024828,0.578893,OverRange,OverRange,OverRange,12.026918,14.072652,-4.250745
2026/05/19 21:32:00.268,n,-4.415222,5.032935,5.052482,0.56266,OverRange,OverRange,OverRange,12.015798,14.078026,-4.237179
2026/05/19 21:33:00.269,n,-4.432671,4.392428,4.974283,0.557297,OverRange,OverRange,OverRange,12.033234,14.06941,-4.566437
2026/05/19 21:34:00.270,n,-4.6087,4.470258,4.973191,0.667377,OverRange,OverRange,OverRange,12.0014,14.067292,-4.342381
2026/05/19 21:35:00.272,n,-4.634745,5.622645,5.127427,0.706206,OverRange,OverRange,OverRange,12.001654,14.062974,-4.435808
2026/05/19 21:36:00.274,n,-4.57021,5.559699,5.273238,0.647173,OverRange,OverRange,OverRange,12.007706,14.060824,-4.457481
2026/05/19 21:37:00.261,n,-4.555455,5.677117,4.873536,0.797017,OverRange,OverRange,OverRange,11.980404,14.056508,-4.361835
2026/05/19 21:38:00.262,n,-4.635002,4.323679,4.9428,0.602931,OverRange,OverRange,OverRange,11.987474,14.055432,-4.332655
2026/05/19 21:39:00.269,n,-4.415222,4.333695,4.873035,0.642927,OverRange,OverRange,OverRange,12.043076,14.050106,-4.736057
2026/05/19 21:40:00.365,n,-4.336445,4.270429,4.87087,0.728052,OverRange,OverRange,OverRange,12.050182,14.04903,-4.819587
2026/05/19 21:41:00.418,n,-4.221873,5.041114,5.192974,0.746086,OverRange,OverRange,OverRange,12.040828,14.056508,-4.642374
2026/05/19 21:42:00.432,n,-4.192619,5.614634,5.018056,0.7335,OverRange,OverRange,OverRange,12.04361,14.054358,-4.373609
2026/05/19 21:43:00.272,n,-4.383019,4.548334,4.859895,0.7368,OverRange,OverRange,OverRange,12.037548,14.061932,-4.507906
2026/05/19 21:44:00.274,n,-4.31271,4.056219,4.87232,0.683748,OverRange,OverRange,OverRange,12.027182,14.066216,-4.498179
2026/05/19 21:45:00.276,n,-4.403675,4.448922,4.843333,0.562844,OverRange,OverRange,OverRange,12.024394,14.071592,-4.595702
2026/05/19 21:46:00.262,n,-4.497206,5.118127,5.235539,0.614623,OverRange,OverRange,OverRange,12.008214,14.080194,-4.437686
2026/05/19 21:47:00.263,n,-4.471033,4.457055,4.983424,0.715379,OverRange,OverRange,OverRange,12.010738,14.078026,-4.628722
2026/05/19 21:48:00.266,n,-4.456022,4.539209,5.047501,0.78126,OverRange,OverRange,OverRange,12.061804,14.090928,-4.693055
2026/05/19 21:49:00.268,n,-4.31271,5.202303,4.913346,0.579904,OverRange,OverRange,OverRange,12.059526,14.093094,-4.656025
2026/05/19 21:50:00.270,n,-4.383018,5.571739,4.877837,0.562028,OverRange,OverRange,OverRange,12.05271,14.102754,-4.515841
2026/05/19 21:51:00.271,n,-4.359411,4.042053,5.009592,0.772488,OverRange,OverRange,OverRange,12.041836,14.10492,-4.428045
2026/05/19 21:52:00.274,n,-4.38597,4.222658,5.169566,0.747975,OverRange,OverRange,OverRange,12.060284,14.108146,-4.402789
2026/05/19 21:53:00.278,n,-4.435622,4.442037,5.024926,0.576293,OverRange,OverRange,OverRange,12.023396,14.112432,-4.277963
2026/05/19 21:54:00.278,n,-4.467954,6.171557,5.081351,0.788134,OverRange,OverRange,OverRange,12.025402,14.113538,-4.330692
2026/05/19 21:55:00.263,n,-4.488354,5.526323,5.278514,0.496057,OverRange,OverRange,OverRange,12.025158,14.109222,-4.395025
2026/05/19 21:56:00.269,n,-4.426897,4.287722,4.626446,0.581415,OverRange,OverRange,OverRange,12.073944,14.110312,-4.718481
2026/05/19 21:57:00.267,n,-4.415479,4.478086,4.764346,0.591794,OverRange,OverRange,OverRange,12.064088,14.109222,-4.334532
2026/05/19 21:58:00.269,n,-4.467953,4.455238,4.813597,0.595287,OverRange,OverRange,OverRange,12.027944,14.121046,-4.291785
2026/05/19 21:59:00.273,n,-4.57316,4.337316,4.981198,0.719885,OverRange,OverRange,OverRange,12.034756,14.107072,-4.488538
2026/05/19 22:00:00.273,n,-4.517478,5.435045,5.060185,0.569619,OverRange,OverRange,OverRange,12.084538,14.107072,-4.404752
2026/05/19 22:01:00.281,n,-4.377117,4.308779,4.805759,0.587378,OverRange,OverRange,OverRange,12.06282,14.101712,-4.383336
2026/05/19 22:02:00.278,n,-4.412528,4.479385,4.941547,0.534717,OverRange,OverRange,OverRange,12.036282,14.10492,-4.373524
2026/05/19 22:03:00.279,n,-4.418173,4.687946,5.273093,0.586835,OverRange,OverRange,OverRange,12.024914,14.09417,-4.488367
2026/05/19 22:04:00.267,n,-4.605364,4.529749,5.093827,0.569105,OverRange,OverRange,OverRange,11.998098,14.095244,-4.546898
2026/05/19 22:05:00.267,n,-4.444474,4.505053,4.986496,0.584485,OverRange,OverRange,OverRange,11.996846,14.096336,-4.432054
2026/05/19 22:06:00.269,n,-4.570466,5.543518,4.997443,0.568692,OverRange,OverRange,OverRange,11.995072,14.08552,-4.459187
2026/05/19 22:07:00.271,n,-4.547116,5.591446,5.225577,0.61236,OverRange,OverRange,OverRange,11.978898,14.084478,-4.431969
2026/05/19 22:08:00.273,n,-4.52338,5.591203,5.060145,0.585878,OverRange,OverRange,OverRange,11.95311,14.079118,-4.398949
2026/05/19 22:09:00.277,n,-4.652451,4.130293,4.866864,0.774033,OverRange,OverRange,OverRange,11.944764,14.072652,-4.500227
2026/05/19 22:10:00.278,n,-4.745854,4.613535,5.083264,0.814872,OverRange,OverRange,OverRange,11.938188,14.071592,-4.492292
2026/05/19 22:11:00.280,n,-4.424075,4.486296,5.150225,0.649564,OverRange,OverRange,OverRange,11.937674,14.068366,-4.463197
2026/05/19 22:12:00.281,n,-4.523508,4.341702,5.033801,0.716279,OverRange,OverRange,OverRange,11.936158,14.061932,-4.307399
2026/05/19 22:13:00.265,n,-4.520558,4.539966,4.736924,0.580532,OverRange,OverRange,OverRange,11.915436,14.055432,-4.27037
2026/05/19 22:14:00.268,n,-4.517735,4.883872,5.124819,0.72947,OverRange,OverRange,OverRange,11.914398,14.050106,-4.268407
2026/05/19 22:15:00.269,n,-4.450505,5.434313,5.199816,0.506483,OverRange,OverRange,OverRange,11.870164,14.047922,-4.159195
2026/05/19 22:16:00.272,n,-4.207503,4.322679,5.094424,0.575917,OverRange,OverRange,OverRange,11.8593,14.03929,-4.324976
2026/05/19 22:17:00.274,n,-4.418429,5.520063,4.908029,0.63748,OverRange,OverRange,OverRange,11.8947,14.03929,-4.29187
2026/05/19 22:18:00.276,n,-4.101783,4.555479,4.93733,0.54748,OverRange,OverRange,OverRange,11.836766,14.03714,-4.098872
2026/05/19 22:19:00.279,n,-4.400596,5.5146,5.251241,0.64582,OverRange,OverRange,OverRange,11.821112,14.03929,-4.067814
2026/05/19 22:20:00.284,n,-4.23945,5.606576,5.679827,0.200995,OverRange,OverRange,OverRange,11.818324,14.033962,-4.332655
2026/05/19 22:21:00.282,n,-4.23945,5.761591,5.534456,0.509798,OverRange,OverRange,OverRange,11.826666,14.036064,-4.178733
2026/05/19 22:22:00.268,n,-4.479501,4.591313,5.050555,0.522694,OverRange,OverRange,OverRange,11.799088,14.038248,-4.264482
2026/05/19 22:23:00.270,n,-4.573289,5.453542,5.139423,0.562316,OverRange,OverRange,OverRange,11.78772,14.044714,-4.016963
2026/05/19 22:24:00.273,n,-4.444475,5.620588,4.820967,0.592752,OverRange,OverRange,OverRange,11.7877,14.040364,-4.18061
2026/05/19 22:25:00.274,n,-4.500157,5.496014,5.23686,0.726163,OverRange,OverRange,OverRange,11.799606,14.03929,-4.439734
2026/05/19 22:26:00.276,n,-4.359668,5.733635,5.351078,0.562877,OverRange,OverRange,OverRange,11.772278,14.03714,-4.788531
2026/05/19 22:27:00.278,n,-4.514784,4.130734,4.633899,0.62638,OverRange,OverRange,OverRange,11.797338,14.033962,-4.350231
2026/05/19 22:28:00.279,n,-4.605493,4.766551,5.260698,0.272201,OverRange,OverRange,OverRange,11.814778,14.03714,-4.291785
2026/05/19 22:29:00.281,n,-4.435622,4.624601,4.827566,0.555476,OverRange,OverRange,OverRange,11.794796,14.028556,-4.252793
2026/05/19 22:30:00.283,n,-4.520686,4.731356,4.870814,0.516908,OverRange,OverRange,OverRange,11.793524,14.030704,-4.428045
2026/05/19 22:31:00.268,n,-4.579319,4.536684,4.97303,0.566115,OverRange,OverRange,OverRange,11.776852,14.023164,-4.48248
2026/05/19 22:32:00.270,n,-4.567644,4.476981,5.075569,0.575822,OverRange,OverRange,OverRange,11.756842,14.016728,-4.303389
2026/05/19 22:33:00.273,n,-4.596512,4.500722,4.97963,0.648346,OverRange,OverRange,OverRange,11.751526,14.009202,-4.379496
2026/05/19 22:34:00.258,n,-4.514655,5.514087,5.130939,0.712357,OverRange,OverRange,OverRange,11.740154,14.005946,-4.279926
2026/05/19 22:35:00.276,n,-4.500157,5.617797,5.025556,0.68151,OverRange,OverRange,OverRange,11.708782,14.001694,-4.096995
2026/05/19 22:36:00.280,n,-4.520686,4.588381,5.003648,0.820776,OverRange,OverRange,OverRange,11.697134,13.995226,-4.022936
2026/05/19 22:37:00.265,n,-4.465003,4.386424,5.12918,0.594248,OverRange,OverRange,OverRange,11.674862,13.986576,-4.194433
2026/05/19 22:38:00.266,n,-4.494127,5.796446,5.073155,0.66165,OverRange,OverRange,OverRange,11.659184,13.979068,-4.069521
2026/05/19 22:39:00.270,n,-4.497206,5.507525,5.051201,0.730231,OverRange,OverRange,OverRange,11.663488,13.970434,-4.1301
2026/05/19 22:40:00.270,n,-4.60267,5.266304,5.041421,0.59997,OverRange,OverRange,OverRange,11.637166,13.966182,-4.344343
2026/05/19 22:41:00.272,n,-4.544037,4.644238,5.246323,0.571053,OverRange,OverRange,OverRange,11.662724,13.951132,-4.48649
2026/05/19 22:42:00.258,n,-4.532361,4.47797,4.834389,0.605002,OverRange,OverRange,OverRange,11.638688,13.950024,-4.056126
2026/05/19 22:43:00.259,n,-4.532361,4.673729,5.134337,0.704383,OverRange,OverRange,OverRange,11.628296,13.939274,-4.391186
2026/05/19 22:44:00.263,n,-4.462052,4.324511,5.114862,0.694054,OverRange,OverRange,OverRange,11.649822,13.930656,-4.278134
2026/05/19 22:45:00.264,n,-4.465003,5.571198,5.213171,0.67168,OverRange,OverRange,OverRange,11.678666,13.930656,-4.513793
2026/05/19 22:46:00.269,n,-4.444474,5.458822,5.29128,0.395057,OverRange,OverRange,OverRange,11.691072,13.920948,-4.26252
2026/05/19 22:47:00.268,n,-4.42972,4.624438,4.737155,0.703947,OverRange,OverRange,OverRange,11.695384,13.915622,-4.157318
2026/05/19 22:48:00.270,n,-4.415351,4.436173,5.051541,0.753829,OverRange,OverRange,OverRange,11.738896,13.906972,-4.190337
2026/05/19 22:49:00.274,n,-4.514784,4.276164,4.712388,0.70825,OverRange,OverRange,OverRange,11.736614,13.900506,-4.299464
2026/05/19 22:50:00.257,n,-4.210197,4.744259,5.269427,0.78369,OverRange,OverRange,OverRange,11.724224,13.897296,-4.301512
2026/05/19 22:51:00.260,n,-4.210197,5.690464,5.642198,0.618965,OverRange,OverRange,OverRange,11.71282,13.892996,-4.285898
2026/05/19 22:52:00.262,n,-4.186846,6.282263,5.675557,0.467694,OverRange,OverRange,OverRange,11.67032,13.887586,-4.22933
2026/05/19 22:53:00.266,n,-4.438445,6.097382,5.276884,0.737527,OverRange,OverRange,OverRange,11.68652,13.880046,-4.246991
2026/05/19 22:54:00.266,n,-4.511704,5.45281,5.541012,0.083762,OverRange,OverRange,OverRange,11.665258,13.876852,-4.29554
2026/05/19 22:55:00.269,n,-4.464875,5.459218,5.515677,0.079825,OverRange,OverRange,OverRange,11.676402,13.877928,-4.3911
2026/05/19 22:56:00.270,n,-4.224952,4.656842,5.5774,0.801345,OverRange,OverRange,OverRange,11.649816,13.881138,-4.474886
2026/05/19 22:57:00.271,n,-4.362362,4.166519,5.093287,0.762348,OverRange,OverRange,OverRange,11.680696,13.880046,-4.467037
2026/05/19 22:58:00.258,n,-4.728533,4.455461,4.388329,0.570555,OverRange,OverRange,OverRange,11.719168,13.876852,-4.734095
2026/05/19 22:59:00.258,n,-4.506188,5.550632,5.232165,0.697068,OverRange,OverRange,OverRange,11.733068,13.879004,-4.613279
2026/05/19 23:00:00.264,n,-4.599462,5.406017,5.353832,0.531394,OverRange,OverRange,OverRange,11.714346,13.884362,-4.539134
2026/05/19 23:01:00.262,n,-4.588172,5.611311,5.521059,0.075543,OverRange,OverRange,OverRange,11.71814,13.886512,-4.494254
2026/05/19 23:02:00.267,n,-4.532361,4.608523,5.016009,0.539493,OverRange,OverRange,OverRange,11.756108,13.885438,-4.546983
2026/05/19 23:03:00.268,n,-4.602542,4.86609,5.158296,0.588593,OverRange,OverRange,OverRange,11.757604,13.886512,-4.669762
2026/05/19 23:04:00.269,n,-4.418173,5.95334,5.525576,0.634481,OverRange,OverRange,OverRange,11.76824,13.885438,-4.73017
2026/05/19 23:05:00.272,n,-4.476807,5.600002,4.952541,0.54683,OverRange,OverRange,OverRange,11.753306,13.885438,-4.737934
2026/05/19 23:06:00.276,n,-4.614474,4.340738,4.696234,0.739118,OverRange,OverRange,OverRange,11.751786,13.88868,-4.940404
2026/05/19 23:07:00.258,n,-4.582142,4.770755,4.922551,0.800175,OverRange,OverRange,OverRange,11.789486,13.885438,-5.012757
2026/05/19 23:08:00.260,n,-4.643598,4.705994,5.058892,0.541576,OverRange,OverRange,OverRange,11.771272,13.884362,-4.901582
2026/05/19 23:09:00.264,n,-4.623198,4.745709,4.800169,0.370999,OverRange,OverRange,OverRange,11.77734,13.885438,-4.967791
2026/05/19 23:10:00.264,n,-4.778314,5.580897,5.229779,0.464772,OverRange,OverRange,OverRange,11.79884,13.883256,-5.287664
2026/05/19 23:11:00.268,n,-4.538135,4.399024,4.924054,0.600529,OverRange,OverRange,OverRange,11.802914,13.883256,-5.143129
2026/05/19 23:12:00.269,n,-4.55584,4.510628,4.770052,0.665566,OverRange,OverRange,OverRange,11.820842,13.879004,-5.117873
2026/05/19 23:13:00.272,n,-4.775491,4.522644,4.435902,0.577939,OverRange,OverRange,OverRange,11.831468,13.876852,-5.137412
2026/05/19 23:14:00.273,n,-4.690556,4.704472,4.967318,0.476447,OverRange,OverRange,OverRange,11.837544,13.875746,-5.260191
2026/05/19 23:15:00.274,n,-4.652323,4.367347,5.25891,0.656417,OverRange,OverRange,OverRange,11.8555,13.87361,-5.312835
2026/05/19 23:16:00.261,n,-4.529538,4.12738,5.25631,0.746192,OverRange,OverRange,OverRange,11.869908,13.866038,-5.252512
2026/05/19 23:17:00.263,n,-4.596896,4.424647,4.954679,0.718576,OverRange,OverRange,OverRange,11.870678,13.867144,-5.299268
2026/05/19 23:18:00.264,n,-4.62307,4.272675,5.056276,0.692308,OverRange,OverRange,OverRange,11.877752,13.861786,-5.186131
2026/05/19 23:19:00.269,n,-4.640647,4.098065,4.891754,0.620941,OverRange,OverRange,OverRange,11.876232,13.85853,-5.188179
2026/05/19 23:20:00.268,n,-4.669899,4.497209,4.976655,0.632294,OverRange,OverRange,OverRange,11.873942,13.857454,-5.143129
2026/05/19 23:21:00.269,n,-4.596768,5.534517,5.166599,0.65846,OverRange,OverRange,OverRange,11.842098,13.864962,-4.874279
2026/05/19 23:22:00.546,n,-4.658353,4.605891,4.990455,0.72597,OverRange,OverRange,OverRange,11.844356,13.85853,-5.080758
2026/05/19 23:23:00.273,n,-4.875053,5.575446,4.98144,0.833016,OverRange,OverRange,OverRange,11.848924,13.856362,-5.002945
2026/05/19 23:24:00.276,n,-4.754835,4.788415,4.812688,0.519546,OverRange,OverRange,OverRange,11.848176,13.847778,-5.096458
2026/05/19 23:25:00.263,n,-4.737386,4.30337,5.108083,0.642967,OverRange,OverRange,OverRange,11.857274,13.848822,-5.096457
2026/05/19 23:26:00.262,n,-4.710955,4.054516,4.981397,0.718126,OverRange,OverRange,OverRange,11.846904,13.842386,-5.055673
2026/05/19 23:27:00.265,n,-4.749061,4.047442,4.534714,0.546691,OverRange,OverRange,OverRange,11.806448,13.839162,-5.069239
2026/05/19 23:28:00.269,n,-4.725711,4.823856,5.370579,0.283681,OverRange,OverRange,OverRange,11.829956,13.834844,-5.051578
2026/05/19 23:29:00.271,n,-4.707876,4.630174,5.094283,0.766756,OverRange,OverRange,OverRange,11.787212,13.831636,-5.108146
2026/05/19 23:30:00.469,n,-4.725711,5.664662,5.17078,0.660563,OverRange,OverRange,OverRange,11.792766,13.827304,-5.133487
2026/05/19 23:31:00.487,n,-4.675801,4.805483,5.214653,0.480246,OverRange,OverRange,OverRange,11.770524,13.831636,-5.143299
2026/05/19 23:32:00.274,n,-4.696329,5.464615,5.05892,0.817478,OverRange,OverRange,OverRange,11.74824,13.833736,-5.151064
2026/05/19 23:33:00.278,n,-4.752141,5.502468,5.186625,0.780842,OverRange,OverRange,OverRange,11.73992,13.824094,-5.207632
2026/05/19 23:34:00.263,n,-4.714035,4.711955,4.855994,0.659423,OverRange,OverRange,OverRange,11.730032,13.829486,-5.217359
2026/05/19 23:35:00.265,n,-4.8458,6.146516,5.045967,0.857626,OverRange,OverRange,OverRange,11.735332,13.830528,-5.131611
2026/05/19 23:36:00.267,n,-4.942283,5.587395,4.8158,0.663012,OverRange,OverRange,OverRange,11.702438,13.834844,-5.191933
2026/05/19 23:37:00.271,n,-4.775363,5.590569,5.205732,0.834125,OverRange,OverRange,OverRange,11.712814,13.840236,-5.108232
2026/05/19 23:38:00.273,n,-4.784087,4.380746,5.086153,0.614618,OverRange,OverRange,OverRange,11.679668,13.83592,-5.129648
2026/05/19 23:39:00.272,n,-4.828223,5.604199,5.13642,0.711909,OverRange,OverRange,OverRange,11.701448,13.83807,-5.147138
2026/05/19 23:40:00.274,n,-4.907128,4.413913,4.839543,0.596869,OverRange,OverRange,OverRange,11.669048,13.829486,-5.170518
2026/05/19 23:41:00.278,n,-4.997965,5.975481,5.31651,0.719679,OverRange,OverRange,OverRange,11.678416,13.825168,-5.155074
2026/05/19 23:42:00.279,n,-4.608443,4.632358,5.793587,0.602893,OverRange,OverRange,OverRange,11.659688,13.824094,-5.27973
2026/05/19 23:43:00.265,n,-4.89263,4.492642,5.068392,0.572158,OverRange,OverRange,OverRange,11.66273,13.812236,-5.197735
2026/05/19 23:44:00.268,n,-4.907128,4.360987,5.234831,0.565951,OverRange,OverRange,OverRange,11.65057,13.810118,-5.24671
2026/05/19 23:45:00.267,n,-4.901355,4.902177,5.497542,0.363117,OverRange,OverRange,OverRange,11.647802,13.796062,-5.221113
2026/05/19 23:46:00.271,n,-4.848495,4.298827,4.609444,0.217143,OverRange,OverRange,OverRange,11.64324,13.788552,-5.221113
2026/05/19 23:47:00.271,n,-4.971535,5.411424,5.014319,0.839093,OverRange,OverRange,OverRange,11.631602,13.776726,-5.248417
2026/05/19 23:48:00.273,n,-4.883777,5.627067,5.22818,0.555323,OverRange,OverRange,OverRange,11.593114,13.772378,-5.279644
2026/05/19 23:49:00.276,n,-4.848494,6.148841,5.306618,0.683263,OverRange,OverRange,OverRange,11.549586,13.761612,-5.293296
2026/05/19 23:50:00.277,n,-4.948056,5.506853,4.972752,0.739801,OverRange,OverRange,OverRange,11.53009,13.753012,-5.215397
2026/05/19 23:51:00.280,n,-4.866457,5.716595,4.862514,0.728666,OverRange,OverRange,OverRange,11.504522,13.736854,-5.209424
2026/05/19 23:52:00.265,n,-4.971535,5.638514,5.085646,0.885058,OverRange,OverRange,OverRange,11.481216,13.724964,-5.293296
2026/05/19 23:53:00.267,n,-4.921755,4.840362,5.154434,0.660337,OverRange,OverRange,OverRange,11.45337,13.71314,-5.306947
2026/05/19 23:54:00.270,n,-4.957037,3.91849,4.914528,0.815999,OverRange,OverRange,OverRange,11.426534,13.702388,-5.301145
2026/05/19 23:55:00.271,n,-4.98026,4.383171,5.125876,0.922628,OverRange,OverRange,OverRange,11.417146,13.69268,-5.318722
2026/05/19 23:56:00.273,n,-4.997837,5.554775,5.021211,0.613677,OverRange,OverRange,OverRange,11.413096,13.677598,-5.176404
2026/05/19 23:57:00.274,n,-4.857219,4.441838,5.178618,0.698481,OverRange,OverRange,OverRange,11.380666,13.666848,-5.427849
2026/05/19 23:58:00.282,n,-5.009512,4.38285,5.160905,0.834915,OverRange,OverRange,OverRange,11.350514,13.651716,-5.312749
2026/05/19 23:59:00.278,n,-4.992063,6.203478,5.078398,0.832235,OverRange,OverRange,OverRange,11.338618,13.642024,-5.412234
2026/05/20 00:00:00.282,n,-4.968584,5.729469,5.24029,0.741394,OverRange,OverRange,OverRange,11.34139,13.63235,-5.40447
2026/05/20 00:01:00.267,n,-5.050568,5.778131,5.191771,0.708079,OverRange,OverRange,OverRange,11.31632,13.622658,-5.513597
2026/05/20 00:02:00.268,n,-4.994886,5.697742,5.065521,0.708183,OverRange,OverRange,OverRange,11.360912,13.644176,-5.37512
2026/05/20 00:03:00.271,n,-4.556482,5.626732,4.822087,0.739595,OverRange,OverRange,OverRange,11.36375,13.633392,-5.011477
2026/05/20 00:04:00.275,n,-4.237269,4.276595,4.793915,0.774652,OverRange,OverRange,OverRange,11.379212,13.621568,-5.001665
2026/05/20 00:05:00.274,n,-4.248944,5.614266,5.240589,1.026338,OverRange,OverRange,OverRange,11.395916,13.61292,-4.933578
2026/05/20 00:06:00.277,n,-4.257797,5.767594,5.15731,0.752965,OverRange,OverRange,OverRange,11.388088,13.610752,-5.027005
2026/05/20 00:07:00.278,n,-4.260876,4.343062,5.006075,0.6292,OverRange,OverRange,OverRange,11.401754,13.61292,-5.052261
2026/05/20 00:08:00.280,n,-4.275374,4.550598,5.022762,0.564277,OverRange,OverRange,OverRange,11.39441,13.604286,-5.009429
2026/05/20 00:09:00.283,n,-4.334008,4.439744,4.919184,0.620816,OverRange,OverRange,OverRange,11.393642,13.601062,-5.007552
2026/05/20 00:10:00.267,n,-4.366083,4.467949,4.94966,0.863203,OverRange,OverRange,OverRange,11.37415,13.596746,-5.0561
2026/05/20 00:11:00.270,n,-4.35723,4.405844,4.848192,0.655098,OverRange,OverRange,OverRange,11.373632,13.595672,-5.013354
2026/05/20 00:12:00.274,n,-4.084718,5.90491,5.812867,0.292447,OverRange,OverRange,OverRange,11.373638,13.598928,-5.079563
2026/05/20 00:13:00.275,n,-4.275374,4.346514,4.689737,0.77745,OverRange,OverRange,OverRange,11.334886,13.58813,-4.988013
2026/05/20 00:14:00.275,n,-4.345683,5.834942,5.236753,0.645719,OverRange,OverRange,OverRange,11.38909,13.581646,-5.007467
2026/05/20 00:15:00.280,n,-4.340166,6.305722,4.666096,0.831031,OverRange,OverRange,OverRange,11.387074,13.576272,-5.044667
2026/05/20 00:16:00.280,n,-4.076251,5.56057,5.929077,0.509394,OverRange,OverRange,OverRange,11.395428,13.574106,-5.108744
2026/05/20 00:17:00.282,n,-4.26062,4.467024,4.602408,0.632475,OverRange,OverRange,OverRange,11.37111,13.56982,-5.032722
2026/05/20 00:18:00.284,n,-4.500542,3.947677,4.402065,0.233481,OverRange,OverRange,OverRange,11.433172,13.570882,-4.909943
2026/05/20 00:19:00.270,n,-4.459999,4.533664,4.518166,0.500544,OverRange,OverRange,OverRange,11.44862,13.56764,-4.888528
2026/05/20 00:20:00.273,n,-4.427796,5.571946,5.646418,0.083433,OverRange,OverRange,OverRange,11.49699,13.559024,-4.956785
2026/05/20 00:21:00.258,n,-4.445245,5.866107,4.813542,0.79826,OverRange,OverRange,OverRange,11.462036,13.554708,-4.93153
2026/05/20 00:22:00.260,n,-4.465772,6.233532,5.063665,0.969729,OverRange,OverRange,OverRange,11.491406,13.545,-5.044582
2026/05/20 00:23:00.263,n,-4.448067,4.000075,4.736345,0.667315,OverRange,OverRange,OverRange,11.456456,13.537458,-5.066083
2026/05/20 00:24:00.263,n,-4.497848,6.244176,5.415773,0.820208,OverRange,OverRange,OverRange,11.488368,13.539608,-5.003542
2026/05/20 00:25:00.266,n,-4.427411,4.445345,4.418723,0.172986,OverRange,OverRange,OverRange,11.40556,13.524528,-4.988013
2026/05/20 00:26:00.270,n,-4.515425,4.410277,4.476224,0.06201,OverRange,OverRange,OverRange,11.43745,13.520178,-4.943219
2026/05/20 00:27:00.270,n,-4.422022,5.807402,5.831864,0.587436,OverRange,OverRange,OverRange,11.42834,13.51267,-5.027091
2026/05/20 00:28:00.274,n,-4.450889,4.407861,4.863174,0.711755,OverRange,OverRange,OverRange,11.378714,13.50078,-5.015316
2026/05/20 00:29:00.257,n,-4.805385,3.699489,4.462415,0.876209,OverRange,OverRange,OverRange,11.43771,13.492182,-5.030845
2026/05/20 00:30:00.258,n,-4.620888,4.422073,5.041774,0.822601,OverRange,OverRange,OverRange,11.43517,13.487864,-5.161302
2026/05/20 00:31:00.261,n,-4.60344,4.42765,5.03079,0.802182,OverRange,OverRange,OverRange,11.41795,13.483532,-5.069922
2026/05/20 00:32:00.264,n,-4.538904,5.497796,5.085914,0.959628,OverRange,OverRange,OverRange,11.398708,13.470616,-4.993815
2026/05/20 00:33:00.265,n,-4.574059,5.786295,4.979189,0.869258,OverRange,OverRange,OverRange,11.397436,13.467392,-5.032892
2026/05/20 00:34:00.268,n,-4.524278,5.712503,5.159683,0.828735,OverRange,OverRange,OverRange,11.32777,13.455504,-5.03878
2026/05/20 00:35:00.271,n,-4.79371,4.390039,4.163442,0.186893,OverRange,OverRange,OverRange,11.370088,13.44469,-5.007467
2026/05/20 00:36:00.271,n,-4.744057,4.834779,4.495978,0.351356,OverRange,OverRange,OverRange,11.390096,13.440436,-5.032892
2026/05/20 00:37:00.257,n,-4.591508,4.441338,4.638304,0.480923,OverRange,OverRange,OverRange,11.332336,13.432864,-5.114717
2026/05/20 00:38:00.258,n,-4.83451,5.844742,4.715894,0.848005,OverRange,OverRange,OverRange,11.312068,13.424248,-5.097054
2026/05/20 00:39:00.261,n,-4.761507,5.759009,5.429309,0.869254,OverRange,OverRange,OverRange,11.32601,13.4199,-5.231607
2026/05/20 00:40:00.263,n,-4.661945,4.490211,5.268135,0.695126,OverRange,OverRange,OverRange,11.29736,13.413434,-5.333141
2026/05/20 00:41:00.264,n,-4.688247,4.41279,5.10314,0.87101,OverRange,OverRange,OverRange,11.248952,13.400518,-5.243212
2026/05/20 00:42:00.267,n,-4.770359,5.664809,5.120043,0.937782,OverRange,OverRange,OverRange,11.260376,13.389704,-5.106952
2026/05/20 00:43:00.272,n,-4.650269,4.453153,4.910559,0.712625,OverRange,OverRange,OverRange,11.160772,13.37894,-5.249099
2026/05/20 00:44:00.271,n,-4.989882,6.167293,5.085266,0.91516,OverRange,OverRange,OverRange,11.1998,13.39135,-5.196455
2026/05/20 00:45:00.273,n,-4.612806,5.75783,5.052192,0.728157,OverRange,OverRange,OverRange,11.131028,13.37946,-5.0003
2026/05/20 00:46:00.258,n,-4.352098,5.973823,5.48985,0.843916,OverRange,OverRange,OverRange,11.147528,13.370828,-5.011988
2026/05/20 00:47:00.260,n,-4.481169,5.863177,4.716239,0.592015,OverRange,OverRange,OverRange,11.158428,13.378336,-4.990659
2026/05/20 00:48:00.263,n,-4.541342,4.821976,5.096027,0.882145,OverRange,OverRange,OverRange,11.108002,13.365404,-5.209936
2026/05/20 00:49:00.265,n,-4.579191,5.765439,5.101647,0.916675,OverRange,OverRange,OverRange,11.214192,13.353548,-5.19253
2026/05/20 00:50:00.265,n,-4.453456,4.494118,5.148214,0.643892,OverRange,OverRange,OverRange,11.107234,13.344902,-5.272392
2026/05/20 00:51:00.267,n,-4.623198,5.909594,4.858923,0.936717,OverRange,OverRange,OverRange,11.136124,13.342734,-5.137839
2026/05/20 00:52:00.270,n,-4.523637,5.346606,5.211505,0.918057,OverRange,OverRange,OverRange,11.15059,13.331952,-5.151405
2026/05/20 00:53:00.275,n,-4.594331,4.197077,4.907943,0.893944,OverRange,OverRange,OverRange,11.131042,13.325454,-5.245003
2026/05/20 00:54:00.274,n,-4.635258,6.206724,5.494509,0.658548,OverRange,OverRange,OverRange,11.141444,13.325454,-5.172907
2026/05/20 00:55:00.260,n,-4.605492,4.498914,4.453067,0.10046,OverRange,OverRange,OverRange,11.093034,13.313598,-5.2334
2026/05/20 00:56:00.263,n,-4.731869,4.883242,4.782501,0.705389,OverRange,OverRange,OverRange,11.162496,13.3071,-5.171029
2026/05/20 00:57:00.263,n,-4.825401,5.543285,4.603733,0.883055,OverRange,OverRange,OverRange,11.192388,13.297394,-5.19253
2026/05/20 00:58:00.267,n,-4.676186,4.054193,4.649301,0.859615,OverRange,OverRange,OverRange,11.119904,13.297394,-5.233314
2026/05/20 00:59:00.270,n,-4.640775,4.528525,4.964453,0.620499,OverRange,OverRange,OverRange,11.145244,13.283356,-5.18852
2026/05/20 01:00:00.271,n,-4.75522,4.296874,4.996708,0.937869,OverRange,OverRange,OverRange,11.136622,13.285538,-5.194322
2026/05/20 01:01:00.271,n,-4.667334,4.254084,5.042738,0.948711,OverRange,OverRange,OverRange,11.114324,13.272574,-5.264542
2026/05/20 01:02:00.274,n,-4.617553,4.322235,5.058841,0.914101,OverRange,OverRange,OverRange,11.084906,13.275814,-5.149528
2026/05/20 01:03:00.278,n,-4.68196,6.032661,5.301224,0.911657,OverRange,OverRange,OverRange,11.091742,13.268256,-5.153282
2026/05/20 01:04:00.261,n,-4.710956,5.688099,5.340033,0.827072,OverRange,OverRange,OverRange,11.085648,13.257476,-5.157377
2026/05/20 01:05:00.265,n,-4.640775,4.336941,4.60882,0.57861,OverRange,OverRange,OverRange,11.02126,13.245556,-5.198417
2026/05/20 01:06:00.265,n,-4.743544,6.296255,5.28024,0.780502,OverRange,OverRange,OverRange,11.05652,13.247722,-5.243126
2026/05/20 01:07:00.268,n,-4.561742,4.446661,5.058507,0.746065,OverRange,OverRange,OverRange,10.964962,13.234774,-5.325035
2026/05/20 01:08:00.268,n,-4.915981,4.340198,4.307245,0.214471,OverRange,OverRange,OverRange,11.016698,13.228308,-5.174868
2026/05/20 01:09:00.273,n,-4.84285,4.285295,4.294515,0.160556,OverRange,OverRange,OverRange,10.992366,13.226128,-5.01907
2026/05/20 01:10:00.273,n,-4.740465,5.839001,5.415547,0.70916,OverRange,OverRange,OverRange,10.980682,13.217526,-5.161217
2026/05/20 01:11:00.275,n,-4.714035,4.295101,4.660249,0.638404,OverRange,OverRange,OverRange,10.92564,13.211028,-5.085109
2026/05/20 01:12:00.278,n,-4.679137,4.366934,5.489716,0.555152,OverRange,OverRange,OverRange,10.956578,13.203488,-5.071543
2026/05/20 01:13:00.263,n,-4.78165,5.873819,5.136929,0.628142,OverRange,OverRange,OverRange,10.965984,13.192676,-5.044155
2026/05/20 01:14:00.265,n,-4.764073,6.204233,4.859872,0.864481,OverRange,OverRange,OverRange,10.975094,13.192676,-5.054138
2026/05/20 01:15:00.269,n,-4.68196,4.212754,4.715111,0.766513,OverRange,OverRange,OverRange,10.924618,13.179712,-5.071629
2026/05/20 01:16:00.269,n,-4.590994,5.92676,5.605614,0.715531,OverRange,OverRange,OverRange,10.982442,13.181894,-5.053882
2026/05/20 01:17:00.270,n,-4.629357,4.310601,5.084012,1.057827,OverRange,OverRange,OverRange,10.93071,13.174322,-5.098761
2026/05/20 01:18:00.273,n,-4.547372,4.665961,4.889943,0.741653,OverRange,OverRange,OverRange,10.921072,13.168932,-4.979822
2026/05/20 01:19:00.274,n,-4.629228,4.323667,5.279992,0.770051,OverRange,OverRange,OverRange,10.918544,13.168932,-4.956444
2026/05/20 01:20:00.277,n,-4.661176,4.114526,5.261164,0.849555,OverRange,OverRange,OverRange,10.901526,13.164616,-4.985795
2026/05/20 01:21:00.279,n,-4.842978,4.450169,4.530681,0.646577,OverRange,OverRange,OverRange,10.910156,13.157044,-4.892196
2026/05/20 01:22:00.268,n,-4.772669,5.122895,5.600558,0.254273,OverRange,OverRange,OverRange,10.91627,13.149486,-4.87462
2026/05/20 01:23:00.267,n,-4.760865,5.542497,4.800515,0.527283,OverRange,OverRange,OverRange,10.879974,13.14623,-4.88648
2026/05/20 01:24:00.268,n,-4.816419,5.786173,4.621416,0.622728,OverRange,OverRange,OverRange,10.853836,13.138704,-4.835543
2026/05/20 01:25:00.270,n,-4.8662,5.790861,5.519106,0.692511,OverRange,OverRange,OverRange,10.87083,13.133282,-4.933151
2026/05/20 01:26:00.272,n,-4.670028,6.360656,5.240404,0.924835,OverRange,OverRange,OverRange,10.841386,13.130026,-4.97803
2026/05/20 01:27:00.273,n,-4.731612,4.430612,4.652689,0.499692,OverRange,OverRange,OverRange,10.812978,13.121426,-5.021033
2026/05/20 01:28:00.275,n,-4.819499,5.771158,5.177923,0.923092,OverRange,OverRange,OverRange,10.857388,13.113854,-4.946802
2026/05/20 01:29:00.277,n,-4.813854,5.736867,5.770318,0.038153,OverRange,OverRange,OverRange,10.796992,13.104146,-5.011221
2026/05/20 01:30:00.279,n,-4.83977,4.357906,4.547169,0.340427,OverRange,OverRange,OverRange,10.789638,13.09765,-4.892196
2026/05/20 01:31:00.266,n,-5.01272,5.701138,4.970554,0.863956,OverRange,OverRange,OverRange,10.845704,13.087942,-4.956529
2026/05/20 01:32:00.268,n,-4.810518,4.347137,4.976146,0.723062,OverRange,OverRange,OverRange,10.79799,13.083612,-4.978116
2026/05/20 01:33:00.271,n,-4.96589,5.816264,4.973578,0.823041,OverRange,OverRange,OverRange,10.817022,13.07498,-4.954653
2026/05/20 01:34:00.272,n,-4.989369,5.762012,5.03106,0.734207,OverRange,OverRange,OverRange,10.76298,13.0728,-4.975982
2026/05/20 01:35:00.274,n,-4.746239,4.485931,5.280703,0.705437,OverRange,OverRange,OverRange,10.72821,13.067376,-5.030589
2026/05/20 01:36:00.276,n,-5.059421,3.969749,4.322951,0.223846,OverRange,OverRange,OverRange,10.758668,13.051172,-4.849365
2026/05/20 01:37:00.277,n,-4.936765,4.449578,5.419244,0.483631,OverRange,OverRange,OverRange,10.755626,13.043648,-4.987757
2026/05/20 01:38:00.281,n,-4.954215,5.70048,5.622448,0.295153,OverRange,OverRange,OverRange,10.756892,13.034968,-5.011221
2026/05/20 01:39:00.282,n,-4.860298,5.673013,5.217583,0.701876,OverRange,OverRange,OverRange,10.748506,13.02847,-4.98588
2026/05/20 01:40:00.268,n,-4.936765,4.227276,4.859731,0.746441,OverRange,OverRange,OverRange,10.70433,13.019872,-5.087072
2026/05/20 01:41:00.271,n,-4.995271,5.525186,4.976502,0.629854,OverRange,OverRange,OverRange,10.72314,13.009026,-5.020777
2026/05/20 01:42:00.273,n,-4.863506,4.445237,5.202641,0.623971,OverRange,OverRange,OverRange,10.668794,13.009026,-4.796807
2026/05/20 01:43:00.274,n,-5.077127,5.501601,4.948828,0.861765,OverRange,OverRange,OverRange,10.732504,12.99499,-4.580515
2026/05/20 01:44:00.276,n,-4.974871,5.739425,4.842109,0.753491,OverRange,OverRange,OverRange,10.689342,12.99178,-4.631111
2026/05/20 01:45:00.278,n,-4.910079,6.155394,5.309277,0.823204,OverRange,OverRange,OverRange,10.679962,12.983084,-4.681707
2026/05/20 01:46:00.280,n,-4.963067,5.76532,5.128544,0.902859,OverRange,OverRange,OverRange,10.646434,12.973394,-4.748002
2026/05/20 01:47:00.281,n,-4.927785,5.95003,5.134077,0.863614,OverRange,OverRange,OverRange,10.639832,12.964634,-4.73034
2026/05/20 01:48:00.334,n,-4.92214,4.249902,4.934646,0.986923,OverRange,OverRange,OverRange,10.614436,12.95817,-4.792711
2026/05/20 01:49:00.268,n,-4.936638,4.873844,5.18285,0.833631,OverRange,OverRange,OverRange,10.624354,12.948528,-4.81225
2026/05/20 01:50:00.270,n,-5.071481,4.100244,4.985554,0.95416,OverRange,OverRange,OverRange,10.575084,12.947422,-4.839553
2026/05/20 01:51:00.273,n,-4.989369,5.824237,5.020551,0.735826,OverRange,OverRange,OverRange,10.568222,12.94423,-4.925215
2026/05/20 01:52:00.274,n,-4.892887,4.513051,5.077032,0.947492,OverRange,OverRange,OverRange,10.535458,12.9249,-5.143555
2026/05/20 01:53:00.278,n,-4.901355,4.526375,5.247095,0.937052,OverRange,OverRange,OverRange,10.540024,12.921692,-5.075469
2026/05/20 01:54:00.278,n,-4.99232,4.35251,4.780288,0.9553,OverRange,OverRange,OverRange,10.5583,12.914152,-4.917537
2026/05/20 01:55:00.280,n,-4.968969,5.832258,4.9943,0.889089,OverRange,OverRange,OverRange,10.590062,12.905538,-4.903886
2026/05/20 01:56:00.265,n,-4.898532,5.695811,5.01417,0.795158,OverRange,OverRange,OverRange,10.541804,12.893748,-5.02291
2026/05/20 01:57:00.284,n,-5.006946,5.652413,4.867964,0.676429,OverRange,OverRange,OverRange,10.555782,12.888358,-4.991768
2026/05/20 01:58:00.269,n,-4.921883,6.23063,5.186211,0.931265,OverRange,OverRange,OverRange,10.557292,12.884044,-5.120262
2026/05/20 01:59:00.273,n,-4.910336,5.764606,5.209326,0.739326,OverRange,OverRange,OverRange,10.548138,12.873328,-5.063779
2026/05/20 02:00:00.258,n,-4.848623,5.907456,5.385942,0.799276,OverRange,OverRange,OverRange,10.541046,12.872252,-5.04424
2026/05/20 02:01:00.261,n,-4.834253,3.895374,4.782638,0.844471,OverRange,OverRange,OverRange,10.517162,12.867954,-4.979993
2026/05/20 02:02:00.263,n,-4.933429,4.527999,4.896437,0.579509,OverRange,OverRange,OverRange,10.522778,12.8852,-5.003371
2026/05/20 02:03:00.265,n,-4.573931,4.346646,4.985726,0.78721,OverRange,OverRange,OverRange,10.571636,12.874452,-4.764043
2026/05/20 02:04:00.265,n,-4.588429,4.930699,5.310614,0.59261,OverRange,OverRange,OverRange,10.58662,12.869062,-4.756108
2026/05/20 02:05:00.270,n,-4.591379,5.334114,5.317902,0.729591,OverRange,OverRange,OverRange,10.611516,12.85724,-4.75807
2026/05/20 02:06:00.271,n,-4.617809,4.433321,5.161896,0.800625,OverRange,OverRange,OverRange,10.553848,12.852956,-4.810629
2026/05/20 02:07:00.272,n,-4.670541,6.122232,5.288336,0.995194,OverRange,OverRange,OverRange,10.600826,12.842226,-4.580856
2026/05/20 02:08:00.258,n,-4.588429,5.418907,5.316227,0.645929,OverRange,OverRange,OverRange,10.519032,12.836836,-4.512599
2026/05/20 02:09:00.262,n,-4.579832,4.586984,5.633188,0.559503,OverRange,OverRange,OverRange,10.529216,12.825046,-4.582648
2026/05/20 02:10:00.263,n,-4.934071,3.791222,4.952598,0.887436,OverRange,OverRange,OverRange,10.59373,12.812116,-4.625479
2026/05/20 02:11:00.262,n,-4.784729,5.6642,5.030965,0.754535,OverRange,OverRange,OverRange,10.630046,12.808908,-4.529919
2026/05/20 02:12:00.265,n,-4.787552,6.157137,5.080498,0.984646,OverRange,OverRange,OverRange,10.560456,12.79497,-4.450314
2026/05/20 02:13:00.267,n,-4.646934,6.375945,5.109998,0.973523,OverRange,OverRange,OverRange,10.580754,12.785248,-4.578809
2026/05/20 02:14:00.268,n,-4.752526,5.589844,5.632622,0.13053,OverRange,OverRange,OverRange,10.594,12.775608,-4.600224
2026/05/20 02:15:00.272,n,-4.635258,5.74049,5.339407,1.030593,OverRange,OverRange,OverRange,10.654674,12.76592,-4.545533
2026/05/20 02:16:00.256,n,-4.690813,3.954944,4.619149,0.758959,OverRange,OverRange,OverRange,10.624196,12.76053,-4.738703
2026/05/20 02:17:00.259,n,-4.623583,5.589453,5.067064,0.618854,OverRange,OverRange,OverRange,10.704448,12.754096,-4.689898
2026/05/20 02:18:00.261,n,-4.567772,4.26769,4.751449,0.735625,OverRange,OverRange,OverRange,10.640722,12.747632,-4.760032
2026/05/20 02:19:00.263,n,-4.629357,4.931238,5.056192,0.917939,OverRange,OverRange,OverRange,10.643738,12.733644,-4.789298
2026/05/20 02:20:00.264,n,-4.603183,3.888255,5.342072,0.77352,OverRange,OverRange,OverRange,10.615576,12.728306,-4.789298
2026/05/20 02:21:00.266,n,-4.632436,4.433387,5.017048,1.020862,OverRange,OverRange,OverRange,10.668874,12.719706,-4.366442
2026/05/20 02:22:00.267,n,-4.849264,4.306401,4.351759,0.051364,OverRange,OverRange,OverRange,10.5955,12.717526,-4.159877
2026/05/20 02:23:00.270,n,-4.825914,5.847265,5.404612,0.718896,OverRange,OverRange,OverRange,10.59932,12.714348,-4.300062
2026/05/20 02:24:00.272,n,-4.764073,4.60392,5.094037,0.954135,OverRange,OverRange,OverRange,10.607178,12.702494,-4.36064
2026/05/20 02:25:00.257,n,-4.890064,5.644647,5.21533,0.707128,OverRange,OverRange,OverRange,10.629028,12.69603,-4.340931
2026/05/20 02:26:00.261,n,-4.731869,6.196001,5.720155,0.845569,OverRange,OverRange,OverRange,10.643738,12.687416,-4.376083
2026/05/20 02:27:00.263,n,-4.702745,4.444585,5.147014,0.881865,OverRange,OverRange,OverRange,10.623714,12.68206,-4.401595
2026/05/20 02:28:00.265,n,-4.658738,5.847177,5.81979,0.82898,OverRange,OverRange,OverRange,10.692226,12.678836,-4.348865
2026/05/20 02:29:00.265,n,-4.585478,5.341791,5.88941,0.312329,OverRange,OverRange,OverRange,10.601338,12.667014,-4.387687
2026/05/20 02:30:00.268,n,-4.603183,5.806917,5.237115,0.982128,OverRange,OverRange,OverRange,10.662532,12.66488,-4.364565
2026/05/20 02:31:00.270,n,-4.647062,4.373326,4.974929,0.898004,OverRange,OverRange,OverRange,10.650356,12.668122,-4.313884
2026/05/20 02:32:00.274,n,-4.658866,3.785489,5.148976,0.843734,OverRange,OverRange,OverRange,10.739218,12.654118,-4.38982
2026/05/20 02:33:00.274,n,-4.682345,4.319375,4.270594,0.178315,OverRange,OverRange,OverRange,10.774792,12.654118,-4.31576
2026/05/20 02:34:00.258,n,-4.655658,5.679495,5.332268,0.842767,OverRange,OverRange,OverRange,10.737976,12.650878,-4.379838
2026/05/20 02:35:00.260,n,-4.568028,4.362027,5.024482,0.870523,OverRange,OverRange,OverRange,10.702652,12.645488,-4.405349
2026/05/20 02:36:00.263,n,-4.629485,4.056574,4.685832,0.639495,OverRange,OverRange,OverRange,10.7674,12.646562,-4.35663
2026/05/20 02:37:00.264,n,-4.673236,4.34565,4.770406,0.761837,OverRange,OverRange,OverRange,10.806244,12.642264,-4.382056
2026/05/20 02:38:00.268,n,-4.591636,6.208261,5.216985,0.973401,OverRange,OverRange,OverRange,10.863836,12.645488,-4.42284
2026/05/20 02:39:00.272,n,-4.568028,4.20583,5.162014,0.936332,OverRange,OverRange,OverRange,10.831884,12.643338,-4.436577
2026/05/20 02:40:00.271,n,-4.600104,5.802447,5.757527,0.387602,OverRange,OverRange,OverRange,10.86286,12.644446,-4.413284
2026/05/20 02:41:00.273,n,-4.591379,6.262974,5.077461,0.997187,OverRange,OverRange,OverRange,10.840256,12.643338,-4.46004
2026/05/20 02:42:00.275,n,-4.529539,4.209225,5.039275,0.881356,OverRange,OverRange,OverRange,10.782634,12.643338,-4.346903
2026/05/20 02:43:00.261,n,-4.629356,4.053546,4.902866,0.875633,OverRange,OverRange,OverRange,10.868664,12.643338,-4.292297
2026/05/20 02:44:00.263,n,-4.702616,5.946985,5.427227,0.940255,OverRange,OverRange,OverRange,10.92423,12.642264,-4.430775
2026/05/20 02:45:00.265,n,-4.520942,3.893455,4.436631,0.724414,OverRange,OverRange,OverRange,10.783398,12.646562,-4.286495
2026/05/20 02:46:00.268,n,-4.500414,5.88782,5.984823,0.168196,OverRange,OverRange,OverRange,10.910046,12.643338,-4.192896
2026/05/20 02:47:00.269,n,-4.573931,4.273894,4.781266,0.880693,OverRange,OverRange,OverRange,10.824276,12.653692,-4.337006
2026/05/20 02:48:00.272,n,-4.339781,6.023265,5.066397,1.065065,OverRange,OverRange,OverRange,10.953238,12.662942,-4.197163
2026/05/20 02:49:00.272,n,-4.439214,3.889895,4.381871,0.943899,OverRange,OverRange,OverRange,10.945378,12.659784,-4.276853
2026/05/20 02:50:00.277,n,-4.40406,4.017356,5.006323,0.852121,OverRange,OverRange,OverRange,11.041256,12.66086,-4.24008
2026/05/20 02:51:00.277,n,-4.254974,5.754502,5.81756,0.143642,OverRange,OverRange,OverRange,11.01973,12.668366,-4.337433
2026/05/20 02:52:00.263,n,-4.257668,3.951052,4.540027,0.72876,OverRange,OverRange,OverRange,10.934448,12.66729,-4.206719
2026/05/20 02:53:00.264,n,-4.339909,5.907191,5.677206,0.365634,OverRange,OverRange,OverRange,10.966452,12.670514,-4.26525
2026/05/20 02:54:00.267,n,-4.214046,4.27379,4.752632,1.023669,OverRange,OverRange,OverRange,10.892076,12.671606,-4.321648
2026/05/20 02:55:00.270,n,-4.439343,4.860645,4.873205,0.788825,OverRange,OverRange,OverRange,11.003738,12.678038,-4.222333
2026/05/20 02:56:00.274,n,-4.404317,5.046802,5.648054,0.2995,OverRange,OverRange,OverRange,10.977632,12.677012,-4.333422
2026/05/20 02:57:00.272,n,-4.19942,4.375312,5.275028,0.851202,OverRange,OverRange,OverRange,10.942586,12.67908,-4.386066
2026/05/20 02:58:00.275,n,-4.269601,4.220014,4.534317,0.785188,OverRange,OverRange,OverRange,11.060806,12.684502,-4.49707
2026/05/20 02:59:00.276,n,-4.178764,6.403508,4.749083,0.861965,OverRange,OverRange,OverRange,11.051942,12.685576,-4.647152
2026/05/20 03:00:00.281,n,-4.134884,5.8245,5.425902,1.002595,OverRange,OverRange,OverRange,10.95401,12.695232,-4.816772
2026/05/20 03:01:00.264,n,-4.178764,3.863634,4.48463,0.9256,OverRange,OverRange,OverRange,10.909328,12.707088,-4.830509
2026/05/20 03:02:00.265,n,-4.19634,4.276876,4.886832,0.750506,OverRange,OverRange,OverRange,10.957052,12.714592,-4.711485
2026/05/20 03:03:00.267,n,-4.292951,3.980969,5.021223,0.781107,OverRange,OverRange,OverRange,10.947414,12.724264,-4.920182
2026/05/20 03:04:00.269,n,-4.278581,4.118571,5.486747,0.822115,OverRange,OverRange,OverRange,10.939026,12.736088,-4.923936
2026/05/20 03:05:00.273,n,-4.419071,6.014426,5.360788,1.049453,OverRange,OverRange,OverRange,10.949922,12.745776,-4.754487
2026/05/20 03:06:00.275,n,-4.35723,6.281019,5.482251,0.609916,OverRange,OverRange,OverRange,10.932984,12.740906,-4.730938
2026/05/20 03:07:00.276,n,-4.386098,4.062828,4.983859,0.896501,OverRange,OverRange,OverRange,10.81037,12.736576,-4.650735
2026/05/20 03:08:00.279,n,-4.494512,4.262777,4.627322,0.646715,OverRange,OverRange,OverRange,10.831448,12.745222,-4.693652
2026/05/20 03:09:00.281,n,-4.608957,4.320473,4.343767,0.053773,OverRange,OverRange,OverRange,10.803814,12.746264,-4.639046
2026/05/20 03:10:00.264,n,-4.693379,4.331925,4.32354,0.065271,OverRange,OverRange,OverRange,10.773356,12.751622,-4.619507
2026/05/20 03:11:00.267,n,-4.831431,3.866553,4.259822,0.873847,OverRange,OverRange,OverRange,10.730668,12.758086,-4.434358
2026/05/20 03:12:00.268,n,-4.749318,4.008209,4.985292,0.865186,OverRange,OverRange,OverRange,10.7007,12.760252,-4.602101
2026/05/20 03:13:00.270,n,-4.720194,5.430136,5.324004,0.76845,OverRange,OverRange,OverRange,10.6662,12.765644,-4.697491
2026/05/20 03:14:00.276,n,-4.775748,4.233327,4.592987,0.636688,OverRange,OverRange,OverRange,10.6568,12.765644,-4.600054
2026/05/20 03:15:00.274,n,-4.863634,5.370166,4.387441,0.512967,OverRange,OverRange,OverRange,10.681952,12.76455,-4.720956
2026/05/20 03:16:00.277,n,-4.78165,3.972346,5.37892,0.690001,OverRange,OverRange,OverRange,10.664678,12.760252,-4.816431
2026/05/20 03:17:00.279,n,-4.702488,4.339105,4.827625,0.952938,OverRange,OverRange,OverRange,10.629872,12.759194,-4.697491
2026/05/20 03:18:00.280,n,-4.743416,4.239992,4.968861,0.913959,OverRange,OverRange,OverRange,10.627838,12.76136,-4.641008
2026/05/20 03:19:00.266,n,-4.682088,4.762676,5.038215,0.69895,OverRange,OverRange,OverRange,10.564856,12.755938,-4.804656
2026/05/20 03:20:00.268,n,-4.532617,4.153224,5.258172,0.813855,OverRange,OverRange,OverRange,10.577306,12.755938,-5.040486
2026/05/20 03:21:00.270,n,-4.406754,4.959592,5.212199,0.971334,OverRange,OverRange,OverRange,10.615646,12.757044,-4.516182
2026/05/20 03:22:00.273,n,-4.277684,4.305862,5.057882,0.906536,OverRange,OverRange,OverRange,10.64026,12.758086,-4.282314
2026/05/20 03:23:00.273,n,-4.169525,4.111252,5.069128,0.934716,OverRange,OverRange,OverRange,10.65857,12.768802,-4.17515
2026/05/20 03:24:00.275,n,-4.292438,5.911168,5.174725,0.889638,OverRange,OverRange,OverRange,10.683946,12.766718,-4.177112
2026/05/20 03:25:00.277,n,-4.266136,5.926571,5.01844,0.967598,OverRange,OverRange,OverRange,10.56331,12.765644,-4.192726
2026/05/20 03:26:00.279,n,-4.274861,4.171186,4.873606,1.066898,OverRange,OverRange,OverRange,10.524186,12.768802,-4.301938
2026/05/20 03:27:00.283,n,-4.412656,5.413258,4.871433,0.964877,OverRange,OverRange,OverRange,10.604214,12.765644,-4.186925
2026/05/20 03:28:00.267,n,-4.321819,5.287764,5.276145,0.780048,OverRange,OverRange,OverRange,10.573512,12.766718,-4.374036
2026/05/20 03:29:00.268,n,-4.233805,5.728022,5.447849,0.850528,OverRange,OverRange,OverRange,10.619732,12.76455,-4.440245
2026/05/20 03:30:00.271,n,-4.195956,5.033041,5.648097,0.304076,OverRange,OverRange,OverRange,10.50087,12.76455,-4.424546
2026/05/20 03:31:00.272,n,-4.204552,4.223114,5.088004,0.868436,OverRange,OverRange,OverRange,10.507202,12.76455,-4.463709
2026/05/20 03:32:00.275,n,-4.286665,4.685349,5.290951,0.90678,OverRange,OverRange,OverRange,10.370744,12.763476,-4.017475
2026/05/20 03:33:00.277,n,-4.354151,5.842169,5.332631,0.925189,OverRange,OverRange,OverRange,10.348862,12.757044,-4.052542
2026/05/20 03:34:00.279,n,-4.555968,4.42504,4.882658,0.759048,OverRange,OverRange,OverRange,10.234732,12.753788,-4.231804
2026/05/20 03:35:00.280,n,-4.617424,4.269154,4.719167,0.634354,OverRange,OverRange,OverRange,10.347856,12.744148,-4.081722
2026/05/20 03:36:00.288,n,-4.523765,5.78015,5.440697,0.86921,OverRange,OverRange,OverRange,10.306178,12.741966,-4.229585
2026/05/20 03:37:00.269,n,-4.517991,5.115923,5.237193,0.570773,OverRange,OverRange,OverRange,10.192506,12.732328,-4.37412
2026/05/20 03:38:00.270,n,-4.34517,5.746845,5.802328,0.169353,OverRange,OverRange,OverRange,10.215678,12.722638,-4.518144
2026/05/20 03:39:00.272,n,-4.260235,5.674323,5.89961,0.220722,OverRange,OverRange,OverRange,10.251782,12.71943,-4.561062
2026/05/20 03:40:00.278,n,-4.424203,3.991842,5.273682,0.820175,OverRange,OverRange,OverRange,10.245418,12.709724,-4.461747
2026/05/20 03:41:00.277,n,-4.553146,5.843436,4.971658,0.953348,OverRange,OverRange,OverRange,10.370224,12.709724,-4.223954
2026/05/20 03:42:00.280,n,-4.55892,6.091848,5.272807,0.837868,OverRange,OverRange,OverRange,10.35167,12.698994,-4.34477
2026/05/20 03:43:00.280,n,-4.558791,4.89505,4.966728,0.747759,OverRange,OverRange,OverRange,10.339458,12.69792,-4.47335
2026/05/20 03:44:00.281,n,-4.767024,4.041503,4.900382,0.871817,OverRange,OverRange,OverRange,10.317616,12.686098,-4.459699
2026/05/20 03:45:00.284,n,-4.793197,6.276656,5.237493,0.826766,OverRange,OverRange,OverRange,10.321422,12.6775,-4.488879
2026/05/20 03:46:00.269,n,-4.760994,4.231407,4.954883,0.736288,OverRange,OverRange,OverRange,10.249476,12.667812,-4.555259
2026/05/20 03:47:00.273,n,-4.834381,5.68005,5.008818,0.782483,OverRange,OverRange,OverRange,10.337204,12.663496,-4.541609
2026/05/20 03:48:00.257,n,-4.790502,3.929092,4.664233,0.860012,OverRange,OverRange,OverRange,10.253552,12.64739,-4.580685
2026/05/20 03:49:00.258,n,-4.91906,4.466425,4.663528,0.62571,OverRange,OverRange,OverRange,10.303894,12.638778,-4.525909
2026/05/20 03:50:00.262,n,-4.892758,4.15454,4.916643,0.699895,OverRange,OverRange,OverRange,10.30746,12.634496,-4.424631
2026/05/20 03:51:00.263,n,-4.784601,5.769779,5.057235,0.895529,OverRange,OverRange,OverRange,10.31662,12.620494,-4.446048
2026/05/20 03:52:00.265,n,-4.743673,4.208178,4.678131,0.871208,OverRange,OverRange,OverRange,10.206254,12.61188,-4.469426
2026/05/20 03:53:00.270,n,-4.734692,4.356591,5.32109,0.836308,OverRange,OverRange,OverRange,10.26347,12.60328,-4.31943
2026/05/20 03:54:00.269,n,-4.843106,4.127022,5.044166,0.981646,OverRange,OverRange,OverRange,10.245392,12.588236,-4.282485
2026/05/20 03:55:00.273,n,-4.869407,5.799037,5.375002,0.793644,OverRange,OverRange,OverRange,10.266266,12.580666,-4.444171
2026/05/20 03:56:00.256,n,-4.951392,5.85739,4.829643,0.766838,OverRange,OverRange,OverRange,10.218968,12.579624,-4.461662
2026/05/20 03:57:00.259,n,-4.875181,5.845102,5.067456,0.881287,OverRange,OverRange,OverRange,10.24997,12.565636,-4.568911
2026/05/20 03:58:00.261,n,-4.92817,5.761314,5.08333,0.779833,OverRange,OverRange,OverRange,10.266496,12.552738,-4.625395
2026/05/20 03:59:00.264,n,-4.901739,4.464642,4.727725,0.790013,OverRange,OverRange,OverRange,10.195048,12.543084,-4.590242
2026/05/20 04:00:00.266,n,-4.869664,4.563552,5.607799,0.552165,OverRange,OverRange,OverRange,10.198854,12.532272,-4.523947
2026/05/20 04:01:00.269,n,-4.977693,4.453939,4.384199,0.204547,OverRange,OverRange,OverRange,10.249258,12.517242,-4.416953
2026/05/20 04:02:00.269,n,-4.910335,5.82305,4.814908,0.771427,OverRange,OverRange,OverRange,10.19277,12.505422,-4.510381
2026/05/20 04:03:00.273,n,-4.930992,4.116254,5.221532,0.764686,OverRange,OverRange,OverRange,10.14037,12.503242,-4.582563
2026/05/20 04:04:00.258,n,-4.960245,5.718962,5.122941,0.792998,OverRange,OverRange,OverRange,10.173188,12.487104,-4.574799
2026/05/20 04:05:00.259,n,-4.898789,4.251612,5.098353,0.809563,OverRange,OverRange,OverRange,10.12789,12.475284,-4.564986
2026/05/20 04:06:00.262,n,-4.97192,5.770901,5.31667,0.813602,OverRange,OverRange,OverRange,10.14418,12.465564,-4.537683
2026/05/20 04:07:00.262,n,-5.050953,5.762231,5.040724,0.821571,OverRange,OverRange,OverRange,10.15359,12.453742,-4.5434
2026/05/20 04:08:00.264,n,-5.033376,4.562123,4.940363,0.59041,OverRange,OverRange,OverRange,10.145474,12.446238,-4.703294
2026/05/20 04:09:00.266,n,-4.992449,4.530136,4.732127,0.502232,OverRange,OverRange,OverRange,10.152344,12.43331,-4.668055
2026/05/20 04:10:00.268,n,-5.056855,6.026569,5.340877,0.73305,OverRange,OverRange,OverRange,10.21109,12.421456,-4.757729
2026/05/20 04:11:00.269,n,-4.708518,5.172813,5.408767,0.488122,OverRange,OverRange,OverRange,10.168614,12.41071,-4.855167
2026/05/20 04:12:00.273,n,-4.740465,6.170418,5.802098,0.634767,OverRange,OverRange,OverRange,10.175984,12.409636,-4.557137
2026/05/20 04:13:00.258,n,-4.872358,4.376083,5.152003,0.714374,OverRange,OverRange,OverRange,10.138844,12.398856,-4.709095
2026/05/20 04:14:00.260,n,-4.989626,5.825263,5.322184,0.67045,OverRange,OverRange,OverRange,10.2355,12.388078,-4.605856
2026/05/20 04:15:00.263,n,-4.924834,5.899856,5.147545,0.808924,OverRange,OverRange,OverRange,10.145966,12.379498,-4.701417
2026/05/20 04:16:00.263,n,-4.869407,4.241298,4.95287,0.671143,OverRange,OverRange,OverRange,10.114436,12.373034,-4.664387
2026/05/20 04:17:00.267,n,-4.957294,5.421862,5.353891,0.618482,OverRange,OverRange,OverRange,10.126374,12.364404,-4.588364
2026/05/20 04:18:00.270,n,-4.99232,5.052512,5.118332,0.728802,OverRange,OverRange,OverRange,10.102962,12.356866,-4.648687
2026/05/20 04:19:00.269,n,-5.209149,4.279196,4.271949,0.24843,OverRange,OverRange,OverRange,10.065832,12.352584,-4.58444
2026/05/20 04:20:00.271,n,-5.106636,4.279968,5.156059,0.721181,OverRange,OverRange,OverRange,10.037594,12.34073,-4.598177
2026/05/20 04:21:00.273,n,-5.138711,4.441521,4.789232,0.625342,OverRange,OverRange,OverRange,10.068904,12.333192,-4.582477
2026/05/20 04:22:00.263,n,-5.086108,4.888828,4.962423,0.715535,OverRange,OverRange,OverRange,10.1241,12.320264,-4.61362
2026/05/20 04:23:00.262,n,-4.995143,5.922779,4.97554,0.881391,OverRange,OverRange,OverRange,10.11848,12.355952,-4.720784
2026/05/20 04:24:00.264,n,-4.650911,4.412615,5.4365,0.788565,OverRange,OverRange,OverRange,10.129106,12.3441,-4.518912
2026/05/20 04:25:00.266,n,-4.829506,4.24089,4.704368,0.775034,OverRange,OverRange,OverRange,10.195766,12.339786,-4.409786
2026/05/20 04:26:00.268,n,-4.876465,5.752705,5.776181,0.102087,OverRange,OverRange,OverRange,10.205684,12.32795,-4.476081
2026/05/20 04:27:00.270,n,-4.72122,4.516852,5.227468,0.72242,OverRange,OverRange,OverRange,10.13649,12.320394,-4.5248
2026/05/20 04:28:00.272,n,-4.917264,4.523922,4.454008,0.076964,OverRange,OverRange,OverRange,10.156072,12.317172,-4.427362
2026/05/20 04:29:00.275,n,-5.057882,4.602548,4.860965,0.905716,OverRange,OverRange,OverRange,10.170578,12.3075,-4.437174
2026/05/20 04:30:00.276,n,-5.057753,5.947546,5.358419,0.837526,OverRange,OverRange,OverRange,10.191708,12.297812,-4.563621
2026/05/20 04:31:00.262,n,-4.896864,4.724738,5.307983,0.832578,OverRange,OverRange,OverRange,10.119446,12.29239,-4.686571
2026/05/20 04:32:00.264,n,-4.867611,5.733245,5.408465,0.79202,OverRange,OverRange,OverRange,10.083558,12.281578,-4.589133
2026/05/20 04:33:00.267,n,-4.762148,5.021781,4.990193,0.691353,OverRange,OverRange,OverRange,10.063218,12.270866,-4.534697
2026/05/20 04:34:00.267,n,-5.005278,4.610837,4.685265,0.359744,OverRange,OverRange,OverRange,10.078496,12.267626,-4.468231
2026/05/20 04:35:00.272,n,-4.940871,5.765324,4.935784,0.786446,OverRange,OverRange,OverRange,10.15327,12.261162,-4.532649
2026/05/20 04:36:00.274,n,-4.811929,5.698598,5.696518,0.627694,OverRange,OverRange,OverRange,10.068558,12.24716,-4.628125
2026/05/20 04:37:00.274,n,-4.688888,5.453122,5.767721,0.210974,OverRange,OverRange,OverRange,10.01587,12.23959,-4.778035
2026/05/20 04:38:00.276,n,-4.84131,4.772825,5.078278,0.66978,OverRange,OverRange,OverRange,10.01025,12.232034,-4.560038
2026/05/20 04:39:00.278,n,-4.882109,6.148346,5.4016,0.846565,OverRange,OverRange,OverRange,10.130112,12.233142,-4.591009
2026/05/20 04:40:00.263,n,-4.911619,5.245201,5.268748,0.713942,OverRange,OverRange,OverRange,10.091696,12.221306,-4.665069
2026/05/20 04:41:00.266,n,-4.800254,4.460047,4.933209,0.746795,OverRange,OverRange,OverRange,10.101634,12.210528,-4.633927
2026/05/20 04:42:00.267,n,-4.885189,5.632046,5.354531,0.498117,OverRange,OverRange,OverRange,10.095276,12.208362,-4.526932
2026/05/20 04:43:00.270,n,-4.782676,4.351085,5.079779,0.840013,OverRange,OverRange,OverRange,10.020966,12.201898,-4.579491
2026/05/20 04:44:00.272,n,-4.961272,4.578954,5.088145,0.800979,OverRange,OverRange,OverRange,10.119198,12.197582,-4.567546
2026/05/20 04:45:00.273,n,-4.914313,5.621457,4.899816,0.837369,OverRange,OverRange,OverRange,10.229848,12.191152,-4.515073
2026/05/20 04:46:00.274,n,-4.823604,5.777213,4.97594,0.665064,OverRange,OverRange,OverRange,10.18712,12.18679,-4.779998
2026/05/20 04:47:00.281,n,-4.864532,4.504986,4.99243,0.660209,OverRange,OverRange,OverRange,10.126832,12.182474,-4.711826
2026/05/20 04:48:00.279,n,-4.773824,4.455752,4.856607,0.742307,OverRange,OverRange,OverRange,10.148678,12.183582,-4.610378
2026/05/20 04:49:00.264,n,-4.794352,3.912587,4.36465,0.249245,OverRange,OverRange,OverRange,10.137788,12.180342,-4.475995
2026/05/20 04:50:00.269,n,-4.91457,4.843158,4.495289,0.191398,OverRange,OverRange,OverRange,10.187642,12.178226,-4.370879
2026/05/20 04:51:00.269,n,-4.882238,4.067408,4.805958,0.938105,OverRange,OverRange,OverRange,10.14006,12.172804,-4.439051
2026/05/20 04:52:00.271,n,-4.750601,5.767975,5.155987,0.589914,OverRange,OverRange,OverRange,10.211544,12.177118,-4.445023
2026/05/20 04:53:00.273,n,-4.636156,4.386475,4.641042,0.422489,OverRange,OverRange,OverRange,10.162186,12.165234,-4.596812
2026/05/20 04:54:00.274,n,-4.624481,5.724074,5.346691,0.63704,OverRange,OverRange,OverRange,10.221722,12.16092,-4.59903
2026/05/20 04:55:00.279,n,-4.542369,4.063735,4.919389,0.776735,OverRange,OverRange,OverRange,10.206448,12.156652,-4.659438
2026/05/20 04:56:00.278,n,-4.466286,6.098724,5.082239,0.80902,OverRange,OverRange,OverRange,10.25935,12.16092,-4.538451
2026/05/20 04:57:00.279,n,-4.521969,5.634811,4.965348,0.76064,OverRange,OverRange,OverRange,10.346574,12.172804,-4.507223
2026/05/20 04:58:00.265,n,-4.416633,5.743473,5.160827,0.640372,OverRange,OverRange,OverRange,10.316056,12.172804,-4.579491
2026/05/20 04:59:00.271,n,-4.144251,5.689043,5.750973,0.128883,OverRange,OverRange,OverRange,10.305638,12.172804,-4.417721
2026/05/20 05:00:00.271,n,-4.059059,4.068967,5.255837,0.763516,OverRange,OverRange,OverRange,10.222972,12.182474,-4.296734
2026/05/20 05:01:00.272,n,-3.942176,5.630482,5.770159,0.166463,OverRange,OverRange,OverRange,10.362092,12.187896,-4.17404
2026/05/20 05:02:00.274,n,-3.816441,4.527585,5.134936,0.729892,OverRange,OverRange,OverRange,10.348588,12.195436,-4.220797
2026/05/20 05:03:00.280,n,-3.702125,3.928499,4.475524,0.654358,OverRange,OverRange,OverRange,10.39919,12.214826,-3.90903
2026/05/20 05:04:00.277,n,-3.734328,4.188924,4.619825,0.5904,OverRange,OverRange,OverRange,10.452312,12.214826,-3.848708
2026/05/20 05:05:00.280,n,-3.596533,6.076359,5.031039,0.689005,OverRange,OverRange,OverRange,10.433752,12.233142,-3.696664
2026/05/20 05:06:00.285,n,-3.418067,4.466419,5.172258,0.871649,OverRange,OverRange,OverRange,10.37326,12.24716,-3.714155
2026/05/20 05:07:00.267,n,-3.330437,4.887426,5.005526,0.653615,OverRange,OverRange,OverRange,10.455612,12.255774,-3.620727
2026/05/20 05:08:00.270,n,-3.301056,4.301907,4.879385,0.793713,OverRange,OverRange,OverRange,10.487382,12.276254,-3.569961
2026/05/20 05:09:00.271,n,-3.142861,5.661699,5.306175,0.444465,OverRange,OverRange,OverRange,10.531088,12.287002,-3.546667
2026/05/20 05:10:00.274,n,-2.894085,4.47529,4.427263,0.102303,OverRange,OverRange,OverRange,10.566926,12.306392,-3.425937
2026/05/20 05:11:00.277,n,-3.008145,5.957442,4.848872,0.746055,OverRange,OverRange,OverRange,10.593588,12.320394,-3.340188
2026/05/20 05:12:00.277,n,-2.727294,5.780343,5.753536,0.550604,OverRange,OverRange,OverRange,10.573528,12.335454,-3.268176
2026/05/20 05:13:00.280,n,-2.806199,5.146251,5.430463,0.662968,OverRange,OverRange,OverRange,10.541514,12.358086,-3.203843
2026/05/20 05:14:00.280,n,-2.99647,4.343219,4.852622,0.696065,OverRange,OverRange,OverRange,10.553706,12.372088,-3.077311
2026/05/20 05:15:00.285,n,-2.984795,4.712248,5.433723,0.357271,OverRange,OverRange,OverRange,10.59461,12.384984,-3.123812
2026/05/20 05:16:00.271,n,-2.95567,5.702119,5.133344,0.858647,OverRange,OverRange,OverRange,10.665212,12.409764,-3.133879
2026/05/20 05:17:00.270,n,-2.946817,5.707751,5.275464,0.552698,OverRange,OverRange,OverRange,10.68451,12.422692,-3.036442
2026/05/20 05:18:00.271,n,-2.832501,5.518671,5.500031,0.661885,OverRange,OverRange,OverRange,10.713994,12.438828,-3.028592
2026/05/20 05:19:00.273,n,-2.943738,4.494314,4.863556,0.603212,OverRange,OverRange,OverRange,10.702046,12.456038,-2.999412
2026/05/20 05:20:00.277,n,-3.090001,4.467311,4.892118,0.668834,OverRange,OverRange,OverRange,10.609844,12.469,-2.900097
2026/05/20 05:21:00.278,n,-3.216249,4.612137,5.079903,0.688032,OverRange,OverRange,OverRange,10.524476,12.4916,-3.059649
2026/05/20 05:22:00.281,n,-3.385991,6.164459,5.14048,0.817587,OverRange,OverRange,OverRange,10.495256,12.495896,-3.275941
2026/05/20 05:23:00.282,n,-3.344935,5.788463,5.045078,0.809184,OverRange,OverRange,OverRange,10.542024,12.503388,-3.951947
2026/05/20 05:24:00.286,n,-3.298233,4.444999,5.158278,0.749194,OverRange,OverRange,OverRange,10.56107,12.513108,-4.135049
2026/05/20 05:25:00.270,n,-3.403312,5.342503,5.195332,0.635481,OverRange,OverRange,OverRange,10.573258,12.523854,-4.076603
2026/05/20 05:26:00.272,n,-3.297977,4.138735,4.762932,0.561653,OverRange,OverRange,OverRange,10.514588,12.532468,-4.037781
2026/05/20 05:27:00.277,n,-3.391508,4.521207,5.066564,0.771241,OverRange,OverRange,OverRange,10.538204,12.538932,-4.060989
2026/05/20 05:28:00.276,n,-3.467976,4.677587,5.023097,0.785547,OverRange,OverRange,OverRange,10.523454,12.545364,-4.205098
2026/05/20 05:29:00.277,n,-3.461689,4.80937,4.93093,0.642376,OverRange,OverRange,OverRange,10.538194,12.551846,-4.236411
2026/05/20 05:30:00.278,n,-3.41781,4.42596,5.001457,0.722464,OverRange,OverRange,OverRange,10.525234,12.559384,-4.191617
2026/05/20 05:31:00.281,n,-3.397539,4.247053,4.809218,0.940947,OverRange,OverRange,OverRange,10.587734,12.564708,-4.14469
2026/05/20 05:32:00.267,n,-3.467719,5.674754,5.200244,0.61116,OverRange,OverRange,OverRange,10.635758,12.565814,-4.04546
2026/05/20 05:33:00.268,n,-3.45027,4.469737,5.361648,0.442773,OverRange,OverRange,OverRange,10.546586,12.57013,-4.125151
2026/05/20 05:34:00.270,n,-3.435772,6.201033,4.716401,0.838824,OverRange,OverRange,OverRange,10.559312,12.571206,-4.133257
2026/05/20 05:35:00.272,n,-3.424097,4.284182,4.743549,0.458381,OverRange,OverRange,OverRange,10.442918,12.57228,-4.220627
2026/05/20 05:36:00.259,n,-3.611288,5.98636,4.841067,0.79686,OverRange,OverRange,OverRange,10.467052,12.579818,-4.135133
2026/05/20 05:37:00.261,n,-3.494277,5.565544,4.734772,0.424011,OverRange,OverRange,OverRange,10.418254,12.575502,-4.162437
2026/05/20 05:38:00.263,n,-3.450142,4.411755,5.219462,0.77817,OverRange,OverRange,OverRange,10.40834,12.575502,-4.283253
2026/05/20 05:39:00.263,n,-3.643363,5.679834,5.131813,0.652072,OverRange,OverRange,OverRange,10.43961,12.583026,-4.302706
2026/05/20 05:40:00.265,n,-3.573439,6.260935,5.238796,0.851632,OverRange,OverRange,OverRange,10.415218,12.564496,-4.403984
2026/05/20 05:41:00.270,n,-3.632073,5.688661,5.366257,0.556906,OverRange,OverRange,OverRange,10.35054,12.560246,-4.46644
2026/05/20 05:42:00.269,n,-3.708027,4.517964,4.750422,0.610611,OverRange,OverRange,OverRange,10.35281,12.553782,-4.526848
2026/05/20 05:43:00.273,n,-3.836841,4.339959,5.222502,0.676129,OverRange,OverRange,OverRange,10.32128,12.558096,-4.462429
2026/05/20 05:44:00.257,n,-3.962576,3.992301,4.225831,0.198363,OverRange,OverRange,OverRange,10.38584,12.555932,-4.42156
2026/05/20 05:45:00.260,n,-3.807588,4.441621,5.108133,0.796174,OverRange,OverRange,OverRange,10.414836,12.549468,-4.45074
2026/05/20 05:46:00.263,n,-3.532255,5.734808,5.496323,0.766774,OverRange,OverRange,OverRange,10.41536,12.553782,-4.526762
2026/05/20 05:47:00.264,n,-3.561764,4.538447,5.08972,0.692982,OverRange,OverRange,OverRange,10.330948,12.550558,-4.499544
2026/05/20 05:48:00.267,n,-3.558428,4.458923,4.847416,0.667711,OverRange,OverRange,OverRange,10.327912,12.552676,-4.294857
2026/05/20 05:49:00.268,n,-3.505953,6.019265,5.355822,0.511695,OverRange,OverRange,OverRange,10.389934,12.550558,-4.298781
2026/05/20 05:50:00.271,n,-3.482474,5.852353,5.166134,0.610988,OverRange,OverRange,OverRange,10.397568,12.553782,-4.386408
2026/05/20 05:51:00.272,n,-3.549832,4.353037,4.900619,0.649512,OverRange,OverRange,OverRange,10.440258,12.550558,-4.368831
2026/05/20 05:52:00.259,n,-3.576134,5.6705,5.066676,0.709279,OverRange,OverRange,OverRange,10.500718,12.558096,-4.382397
2026/05/20 05:53:00.623,n,-3.520451,5.611295,4.700705,0.452899,OverRange,OverRange,OverRange,10.450414,12.564496,-4.372841
2026/05/20 05:54:00.262,n,-3.485425,6.011679,5.274986,0.684916,OverRange,OverRange,OverRange,10.397802,12.561338,-4.472241
2026/05/20 05:55:00.265,n,-3.318633,4.404143,5.37588,0.909958,OverRange,OverRange,OverRange,10.412038,12.564496,-4.456542
2026/05/20 05:56:00.267,n,-3.476572,6.189929,5.459067,0.658708,OverRange,OverRange,OverRange,10.44634,12.567752,-4.423437
2026/05/20 05:57:00.267,n,-3.230747,4.558846,5.058875,0.656524,OverRange,OverRange,OverRange,10.406454,12.570992,-4.376766
2026/05/20 05:58:00.269,n,-3.491454,5.631701,4.939496,0.614119,OverRange,OverRange,OverRange,10.460836,12.580698,-4.244176
2026/05/20 05:59:00.272,n,-3.248196,5.274209,5.53879,0.548502,OverRange,OverRange,OverRange,10.423986,12.579606,-4.400059
2026/05/20 06:00:00.276,n,-3.339162,5.906927,5.051686,0.8658,OverRange,OverRange,OverRange,10.476324,12.584996,-4.285215
2026/05/20 06:01:00.260,n,-3.163517,5.716635,5.710637,0.241266,OverRange,OverRange,OverRange,10.492346,12.59685,-4.306632
2026/05/20 06:02:00.262,n,-3.181095,4.8776,4.989927,0.646996,OverRange,OverRange,OverRange,10.499196,12.597892,-4.207231
2026/05/20 06:03:00.265,n,-3.239472,4.53562,4.899444,0.794925,OverRange,OverRange,OverRange,10.56628,12.604356,-4.216787
2026/05/20 06:04:00.264,n,-3.198544,4.382522,4.37688,0.220999,OverRange,OverRange,OverRange,10.56427,12.610788,-4.057149
2026/05/20 06:05:00.267,n,-3.104884,4.29703,4.513816,0.553251,OverRange,OverRange,OverRange,10.578476,12.615102,-4.002629
2026/05/20 06:06:00.269,n,-2.935142,5.74438,5.375469,0.651274,OverRange,OverRange,OverRange,10.58278,12.624776,-3.945975
2026/05/20 06:07:00.272,n,-2.967089,5.948591,5.389625,0.757621,OverRange,OverRange,OverRange,10.48167,12.630134,-4.026007
2026/05/20 06:08:00.273,n,-3.025979,5.725133,5.216727,0.625,OverRange,OverRange,OverRange,10.447358,12.632316,-4.158426
2026/05/20 06:09:00.275,n,-2.984795,5.705345,5.134275,0.695668,OverRange,OverRange,OverRange,10.44074,12.636598,-4.04546
2026/05/20 06:10:00.263,n,-2.958621,4.528403,4.691868,0.654781,OverRange,OverRange,OverRange,10.501476,12.64521,-3.957835
2026/05/20 06:11:00.263,n,-2.847127,5.701097,5.523806,0.522933,OverRange,OverRange,OverRange,10.604382,12.652748,-4.051347
2026/05/20 06:12:00.267,n,-2.730245,4.384083,4.786922,0.699928,OverRange,OverRange,OverRange,10.638672,12.662422,-3.953995
2026/05/20 06:13:00.267,n,-2.542797,6.174492,5.974492,0.285702,OverRange,OverRange,OverRange,10.7113,12.671002,-3.928654
2026/05/20 06:14:00.269,n,-2.59245,3.865464,4.497883,0.334079,OverRange,OverRange,OverRange,10.627488,12.678542,-3.872086
2026/05/20 06:15:00.270,n,-2.779769,5.587463,5.296892,0.812215,OverRange,OverRange,OverRange,10.638408,12.682858,-3.84666
2026/05/20 06:16:00.272,n,-2.715619,4.256484,4.933821,0.639953,OverRange,OverRange,OverRange,10.624436,12.694678,-3.889662
2026/05/20 06:17:00.276,n,-2.800169,4.719339,4.769912,0.557122,OverRange,OverRange,OverRange,10.633596,12.706532,-3.922682
2026/05/20 06:18:00.277,n,-2.630812,4.559567,5.13807,0.772926,OverRange,OverRange,OverRange,10.633576,12.711858,-3.936333
2026/05/20 06:19:00.263,n,-2.897037,5.680869,4.978314,0.809569,OverRange,OverRange,OverRange,10.623174,12.720504,-3.760997
2026/05/20 06:20:00.266,n,-2.759369,5.535422,5.253294,0.6446,OverRange,OverRange,OverRange,10.557384,12.732328,-3.823282
2026/05/20 06:21:00.268,n,-2.759626,5.736357,5.395238,0.77969,OverRange,OverRange,OverRange,10.557882,12.738726,-3.891454
2026/05/20 06:22:00.268,n,-3.0229,6.098398,5.082624,0.825159,OverRange,OverRange,OverRange,10.528408,12.73762,-3.963636
2026/05/20 06:23:00.270,n,-3.063828,5.936158,5.34113,0.88649,OverRange,OverRange,OverRange,10.542308,12.736576,-4.097848
2026/05/20 06:24:00.272,n,-2.843791,6.115923,5.469535,0.800953,OverRange,OverRange,OverRange,10.584454,12.741934,-4.14085
2026/05/20 06:25:00.276,n,-2.990183,5.759679,4.954172,0.815161,OverRange,OverRange,OverRange,10.67335,12.747308,-4.121311
2026/05/20 06:26:00.278,n,-3.10745,3.801952,4.955936,0.768096,OverRange,OverRange,OverRange,10.687068,12.761296,-4.060989
2026/05/20 06:27:00.280,n,-3.022771,4.703242,5.03062,0.737361,OverRange,OverRange,OverRange,10.74344,12.769908,-3.932323
2026/05/20 06:28:00.265,n,-2.996213,5.515675,5.38678,0.688511,OverRange,OverRange,OverRange,10.693162,12.773116,-3.766628
2026/05/20 06:29:00.268,n,-3.045994,4.372152,4.881847,0.595974,OverRange,OverRange,OverRange,10.647202,12.782804,-3.86398
2026/05/20 06:30:00.269,n,-3.169034,3.92551,4.971542,0.809433,OverRange,OverRange,OverRange,10.703842,12.786014,-3.967305
2026/05/20 06:31:00.273,n,-3.198159,5.750823,5.182019,0.664754,OverRange,OverRange,OverRange,10.66447,12.794596,-4.086159
2026/05/20 06:32:00.273,n,-3.221895,4.018062,4.927894,0.746174,OverRange,OverRange,OverRange,10.663442,12.796744,-4.17387
2026/05/20 06:33:00.278,n,-3.165955,4.517016,5.272036,0.822046,OverRange,OverRange,OverRange,10.72514,12.805374,-4.18957
2026/05/20 06:34:00.276,n,-3.212785,4.622738,5.023016,0.699566,OverRange,OverRange,OverRange,10.739614,12.808566,-4.236241
2026/05/20 06:35:00.278,n,-3.400233,4.433216,4.370047,0.275948,OverRange,OverRange,OverRange,10.741664,12.810732,-4.099725
2026/05/20 06:36:00.282,n,-3.482346,4.500096,4.83086,0.700507,OverRange,OverRange,OverRange,10.794704,12.81824,-4.230524
2026/05/20 06:37:00.267,n,-3.385606,3.985643,4.350147,0.187919,OverRange,OverRange,OverRange,10.791926,12.82042,-4.226343
2026/05/20 06:38:00.268,n,-3.473364,4.42114,4.518443,0.235738,OverRange,OverRange,OverRange,10.767552,12.823612,-4.23223
2026/05/20 06:39:00.271,n,-3.657861,5.761644,5.42681,0.453721,OverRange,OverRange,OverRange,10.714238,12.82682,-4.359019
2026/05/20 06:40:00.274,n,-3.482217,4.461865,4.87237,0.647505,OverRange,OverRange,OverRange,10.677156,12.823612,-4.466183
2026/05/20 06:41:00.275,n,-3.520066,4.413078,4.475119,0.057992,OverRange,OverRange,OverRange,10.676922,12.834392,-4.425229
2026/05/20 06:42:00.276,n,-3.438338,5.447637,5.133611,0.578624,OverRange,OverRange,OverRange,10.716528,12.824672,-4.398011
2026/05/20 06:43:00.278,n,-3.41781,4.486094,5.175244,0.742535,OverRange,OverRange,OverRange,10.71372,12.82682,-4.450655
2026/05/20 06:44:00.284,n,-3.306445,4.516426,4.755763,0.696466,OverRange,OverRange,OverRange,10.724392,12.833284,-4.366783
2026/05/20 06:45:00.285,n,-3.397282,5.562874,5.305204,0.583636,OverRange,OverRange,OverRange,10.75081,12.829002,-4.283168
2026/05/20 06:46:00.269,n,-2.999292,4.69162,5.325135,0.75533,OverRange,OverRange,OverRange,10.750036,12.830062,-4.277196
2026/05/20 06:47:00.273,n,-3.283094,5.684761,4.418343,0.658762,OverRange,OverRange,OverRange,10.81833,12.834392,-4.150406
2026/05/20 06:48:00.274,n,-3.268596,3.867944,4.627475,0.629197,OverRange,OverRange,OverRange,10.728456,12.833284,-4.199211
2026/05/20 06:49:00.274,n,-3.163133,5.619759,5.123257,0.810612,OverRange,OverRange,OverRange,10.778194,12.8376,-4.167983
2026/05/20 06:50:00.276,n,-3.010839,6.004111,5.386585,0.748061,OverRange,OverRange,OverRange,10.72694,12.832422,-4.128991
2026/05/20 06:51:00.279,n,-3.075888,4.486195,5.266596,0.674117,OverRange,OverRange,OverRange,10.68858,12.834538,-4.189739
2026/05/20 06:52:00.280,n,-3.111171,5.562845,5.141275,0.601055,OverRange,OverRange,OverRange,10.741384,12.832422,-4.059112
2026/05/20 06:53:00.266,n,-3.309909,5.506532,5.442533,0.497565,OverRange,OverRange,OverRange,10.687306,12.834538,-4.035733
2026/05/20 06:54:00.267,n,-3.477085,5.701128,5.154193,0.832405,OverRange,OverRange,OverRange,10.642594,12.829182,-4.242384
2026/05/20 06:55:00.270,n,-3.441546,4.464245,5.437636,0.494603,OverRange,OverRange,OverRange,10.624074,12.825958,-4.055273
2026/05/20 06:56:00.274,n,-3.655552,5.529599,5.11542,0.549308,OverRange,OverRange,OverRange,10.650758,12.827066,-4.131209
2026/05/20 06:57:00.257,n,-3.558941,4.277789,4.930877,0.830144,OverRange,OverRange,OverRange,10.657598,12.828108,-4.197419
2026/05/20 06:58:00.262,n,-3.708027,4.618886,5.251145,0.762107,OverRange,OverRange,OverRange,10.692898,12.827066,-4.361237
2026/05/20 06:59:00.261,n,-3.983618,4.588252,4.821155,0.583594,OverRange,OverRange,OverRange,10.65556,12.821642,-4.398268
2026/05/20 07:00:00.263,n,-4.261517,4.47737,5.009295,0.63691,OverRange,OverRange,OverRange,10.594116,12.811968,-4.614302
2026/05/20 07:01:00.266,n,-4.223412,4.385384,5.026388,0.843041,OverRange,OverRange,OverRange,10.559306,12.80339,-4.651503
2026/05/20 07:02:00.267,n,-4.48412,4.345379,4.855152,0.938177,OverRange,OverRange,OverRange,10.503662,12.800164,-4.770442
2026/05/20 07:03:00.270,n,-4.43126,5.778882,5.310658,0.800196,OverRange,OverRange,OverRange,10.59792,12.78406,-4.83486
2026/05/20 07:04:00.270,n,-4.369932,5.845279,5.84098,0.234101,OverRange,OverRange,OverRange,10.496044,12.774386,-4.947741
2026/05/20 07:05:00.259,n,-4.358128,4.356657,4.937008,0.664267,OverRange,OverRange,OverRange,10.426936,12.762548,-4.97129
2026/05/20 07:06:00.261,n,-4.5543,5.709737,5.137722,0.738664,OverRange,OverRange,OverRange,10.519424,12.752876,-4.977092
2026/05/20 07:07:00.262,n,-4.452044,5.788596,5.101401,0.777403,OverRange,OverRange,OverRange,10.579098,12.74216,-5.060878
2026/05/20 07:08:00.266,n,-4.355305,5.629056,4.922358,0.709109,OverRange,OverRange,OverRange,10.602234,12.729264,-5.111389
2026/05/20 07:09:00.265,n,-3.91318,5.699783,5.457777,0.750273,OverRange,OverRange,OverRange,10.503144,12.7228,-5.074359
2026/05/20 07:10:00.268,n,-3.904328,5.659141,5.121377,0.7594,OverRange,OverRange,OverRange,10.453106,12.717444,-4.955676
2026/05/20 07:11:00.269,n,-3.684933,5.014998,4.872665,0.716087,OverRange,OverRange,OverRange,10.412954,12.708828,-4.80167
2026/05/20 07:12:00.271,n,-3.362769,4.214808,5.370451,0.625886,OverRange,OverRange,OverRange,10.394644,12.702332,-4.489733
2026/05/20 07:13:00.257,n,-3.582164,5.800606,4.775186,0.564688,OverRange,OverRange,OverRange,10.421326,12.696974,-4.347501
2026/05/20 07:14:00.259,n,-3.611545,4.047309,4.680662,0.671555,OverRange,OverRange,OverRange,10.413692,12.688394,-4.448777
2026/05/20 07:15:00.262,n,-3.617575,5.907857,5.093585,0.782577,OverRange,OverRange,OverRange,10.431244,12.695932,-4.482054
2026/05/20 07:16:00.262,n,-3.687627,6.135477,5.659125,0.33343,OverRange,OverRange,OverRange,10.333664,12.689436,-4.546301
2026/05/20 07:17:00.265,n,-3.511983,5.768198,5.907689,0.230025,OverRange,OverRange,OverRange,10.280278,12.681962,-4.634012
2026/05/20 07:18:00.266,n,-3.500307,4.361604,5.465506,0.549608,OverRange,OverRange,OverRange,10.342804,12.68087,-4.484101
2026/05/20 07:19:00.268,n,-3.643748,5.801347,4.734936,0.528292,OverRange,OverRange,OverRange,10.421596,12.672256,-4.443061
2026/05/20 07:20:00.271,n,-3.403697,4.549509,4.563751,0.58407,OverRange,OverRange,OverRange,10.422348,12.673364,-4.298782
2026/05/20 07:21:00.273,n,-3.35366,4.036331,4.671812,0.871504,OverRange,OverRange,OverRange,10.535416,12.671216,-4.100066
2026/05/20 07:22:00.257,n,-3.046507,4.509775,5.434534,0.555888,OverRange,OverRange,OverRange,10.555492,12.6669,-3.994864
2026/05/20 07:23:00.259,n,-3.011353,4.092672,4.671968,0.871927,OverRange,OverRange,OverRange,10.517644,12.660436,-3.864407
2026/05/20 07:24:00.262,n,-3.222279,5.997651,4.909327,1.008823,OverRange,OverRange,OverRange,10.473684,12.65936,-3.712448
2026/05/20 07:25:00.265,n,-2.7858,4.446992,4.956991,0.693981,OverRange,OverRange,OverRange,10.404308,12.663644,-3.4494
2026/05/20 07:26:00.266,n,-3.066907,5.632633,4.793337,0.805133,OverRange,OverRange,OverRange,10.46758,12.660436,-3.305377
2026/05/20 07:27:00.267,n,-2.595786,4.506922,5.000836,0.70596,OverRange,OverRange,OverRange,10.35957,12.649706,-3.098812
2026/05/20 07:28:00.270,n,-2.674819,4.549083,4.971119,0.639392,OverRange,OverRange,OverRange,10.352966,12.639968,-2.958543
2026/05/20 07:29:00.271,n,-2.6634,4.856554,5.011266,0.733067,OverRange,OverRange,OverRange,10.383724,12.635718,-2.855474
2026/05/20 07:30:00.274,n,-2.270928,4.540058,4.997708,0.669839,OverRange,OverRange,OverRange,10.374574,12.621746,-2.592596
2026/05/20 07:31:00.261,n,-2.071933,4.298745,4.544708,0.632734,OverRange,OverRange,OverRange,10.430482,12.620672,-2.298491
2026/05/20 07:32:00.261,n,-1.539355,5.818856,5.74545,0.546258,OverRange,OverRange,OverRange,10.397696,12.61525,-2.039709
2026/05/20 07:33:00.262,n,-1.085811,4.059766,4.972197,0.791129,OverRange,OverRange,OverRange,10.304394,12.60561,-1.576325
2026/05/20 07:34:00.265,n,-0.699625,6.182791,5.463112,0.732265,OverRange,OverRange,OverRange,10.394156,12.599146,-1.08214
2026/05/20 07:35:00.266,n,-0.202459,5.751976,5.239179,0.712254,OverRange,OverRange,OverRange,10.297796,12.598072,-0.770714
2026/05/20 07:36:00.270,n,0.016807,5.6905,5.426583,0.619386,OverRange,OverRange,OverRange,10.327292,12.60022,-0.726005
2026/05/20 07:37:00.275,n,0.35039,5.839443,5.32638,0.685195,OverRange,OverRange,OverRange,10.42159,12.595922,-0.60536
2026/05/20 07:38:00.274,n,0.967389,5.832544,5.175517,0.722703,OverRange,OverRange,OverRange,10.442418,12.596996,-0.369957
2026/05/20 07:39:00.277,n,1.668939,4.325599,5.029026,0.749341,OverRange,OverRange,OverRange,10.505178,12.599146,0.197777
2026/05/20 07:40:00.264,n,2.057691,4.395999,5.215491,0.845903,OverRange,OverRange,OverRange,10.527554,12.60022,0.639489
2026/05/20 07:41:00.264,n,2.373312,6.055578,5.33902,0.791092,OverRange,OverRange,OverRange,10.567434,12.613132,1.070877
2026/05/20 07:42:00.267,n,2.616057,5.706989,4.867282,0.963693,OverRange,OverRange,OverRange,10.538982,12.618506,1.475474
2026/05/20 07:43:00.267,n,3.060107,5.756009,5.683273,0.253533,OverRange,OverRange,OverRange,10.469366,12.62282,1.914627
2026/05/20 07:44:00.271,n,3.296822,5.78183,5.579586,0.284599,OverRange,OverRange,OverRange,10.434566,12.626028,2.508981
2026/05/20 07:45:00.271,n,3.814132,5.130085,5.380745,0.252061,OverRange,OverRange,OverRange,10.43633,12.629252,3.255122
2026/05/20 07:46:00.274,n,4.240604,5.6858,5.0884,0.78771,OverRange,OverRange,OverRange,10.368974,12.627072,3.804767
2026/05/20 07:47:00.276,n,4.900713,5.863927,5.101021,0.926175,OverRange,OverRange,OverRange,10.35043,12.634642,4.429837
2026/05/20 07:48:00.277,n,5.788299,5.60044,5.277148,0.508809,OverRange,OverRange,OverRange,10.380184,12.624938,5.312835
2026/05/20 07:49:00.265,n,7.361526,4.060958,4.947391,0.826227,OverRange,OverRange,OverRange,10.384222,12.627072,6.496252
2026/05/20 07:50:00.265,n,9.171724,5.890784,5.360797,0.850761,OverRange,OverRange,OverRange,10.432266,12.621746,8.53306
2026/05/20 07:51:00.268,n,10.390456,4.764248,5.258096,0.85698,OverRange,OverRange,OverRange,10.375844,12.624938,10.026964
2026/05/20 07:52:00.270,n,10.627556,5.599961,5.678786,0.72527,OverRange,OverRange,OverRange,10.426164,12.626028,10.777458
2026/05/20 07:53:00.271,n,10.96101,6.291303,4.907661,0.880441,OverRange,OverRange,OverRange,10.398464,12.617432,11.554826
2026/05/20 07:54:00.272,n,15.083322,5.984478,5.810875,0.581483,OverRange,OverRange,OverRange,10.39948,12.617432,19.452834
2026/05/20 07:55:00.275,n,19.119414,4.497601,4.831044,0.666933,OverRange,OverRange,OverRange,10.33161,12.61525,23.964492
2026/05/20 07:56:00.276,n,23.403638,4.593497,4.700467,0.522793,OverRange,OverRange,OverRange,10.378378,12.614206,24.582736
2026/05/20 07:57:00.278,n,30.505356,5.017086,5.144185,0.744927,OverRange,OverRange,OverRange,10.381186,12.617432,31.417628
2026/05/20 07:58:00.269,n,41.592488,5.78533,4.731223,0.523848,OverRange,OverRange,OverRange,10.4254,12.607776,44.167648
2026/05/20 07:59:00.265,n,58.60956,6.337277,5.704819,0.695659,OverRange,OverRange,OverRange,10.44243,12.607776,81.231296
2026/05/20 08:00:00.269,n,69.448304,4.338439,5.13851,0.835293,OverRange,OverRange,OverRange,10.465032,12.61525,103.70342
2026/05/20 08:01:00.271,n,70.818168,3.891993,5.008989,0.852769,OverRange,OverRange,OverRange,10.53746,12.621746,110.26956
2026/05/20 08:02:00.271,n,62.540312,4.533435,4.990257,0.891531,OverRange,OverRange,OverRange,10.624588,12.631402,109.123
2026/05/20 08:03:00.275,n,49.463624,5.715559,5.245084,0.732927,OverRange,OverRange,OverRange,10.735046,12.645392,100.5343
2026/05/20 08:04:00.275,n,41.288156,5.588728,5.821563,0.234941,OverRange,OverRange,OverRange,10.762208,12.66475,91.697752
2026/05/20 08:05:00.279,n,38.106032,6.088073,5.09352,0.846707,OverRange,OverRange,OverRange,10.768306,12.683038,91.514824
2026/05/20 08:06:00.279,n,36.27454,5.631642,5.05967,0.595749,OverRange,OverRange,OverRange,10.747244,12.700248,90.05804
2026/05/20 08:07:00.265,n,30.729884,4.462892,5.493798,0.511047,OverRange,OverRange,OverRange,10.772624,12.721726,71.597152
2026/05/20 08:08:00.268,n,20.392674,4.487904,5.389233,0.60507,OverRange,OverRange,OverRange,10.806132,12.734622,27.875656
2026/05/20 08:09:00.269,n,21.770494,5.755439,5.202624,0.779531,OverRange,OverRange,OverRange,10.767538,12.748626,26.82389
2026/05/20 08:10:00.271,n,24.795448,4.542423,5.097848,0.655324,OverRange,OverRange,OverRange,10.672322,12.75934,29.471946
2026/05/20 08:11:00.273,n,28.059808,5.59093,5.202032,0.475219,OverRange,OverRange,OverRange,10.659892,12.772238,31.842874
2026/05/20 08:12:00.274,n,34.33476,4.290043,5.021024,0.730051,OverRange,OverRange,OverRange,10.619004,12.778702,36.614848
2026/05/20 08:13:00.279,n,44.70314,5.592261,4.799952,0.681667,OverRange,OverRange,OverRange,10.622046,12.790524,48.462416
2026/05/20 08:14:00.278,n,66.596688,4.543881,5.117338,0.824681,OverRange,OverRange,OverRange,10.579362,12.797998,94.998088
2026/05/20 08:15:00.281,n,79.821944,4.407227,5.156728,0.672066,OverRange,OverRange,OverRange,10.66446,12.80557,142.76882
2026/05/20 08:16:00.266,n,55.851732,4.56595,5.598681,0.632349,OverRange,OverRange,OverRange,10.65861,12.819494,74.179344
2026/05/20 08:17:00.269,n,59.690504,4.587436,4.7553,0.735031,OverRange,OverRange,OverRange,10.723622,12.83133,70.207336
2026/05/20 08:18:00.272,n,77.663288,4.893837,5.037586,0.661369,OverRange,OverRange,OverRange,10.80309,12.847436,86.992504
2026/05/20 08:19:00.569,n,102.62502,4.254488,4.69531,0.613413,OverRange,OverRange,OverRange,10.819824,12.865724,148.28454
2026/05/20 08:20:00.277,n,110.5077,4.009739,4.835747,0.798417,OverRange,OverRange,OverRange,10.833272,12.874306,197.10488
2026/05/20 08:21:00.278,n,75.401336,6.167971,5.826947,0.243751,OverRange,OverRange,OverRange,10.806382,12.89795,109.24372
2026/05/20 08:22:00.280,n,72.273744,5.807208,5.105382,0.702919,OverRange,OverRange,OverRange,10.77058,12.911922,121.32916
2026/05/20 08:23:00.283,n,80.069432,4.280336,4.695625,0.487058,OverRange,OverRange,OverRange,10.771846,12.932326,151.63982
2026/05/20 08:24:00.268,n,61.14876,4.630663,5.037856,0.798042,OverRange,OverRange,OverRange,10.837586,12.95058,111.67414
2026/05/20 08:25:00.270,n,55.19586,6.088535,5.344967,0.674464,OverRange,OverRange,OverRange,10.91803,12.966654,96.123496
2026/05/20 08:26:00.273,n,43.240512,6.285334,5.253455,0.985175,OverRange,OverRange,OverRange,10.923112,12.987188,60.919444
2026/05/20 08:27:00.274,n,45.72968,5.75866,4.892387,0.861878,OverRange,OverRange,OverRange,10.913992,13.003474,59.597628
2026/05/20 08:28:00.258,n,50.909316,4.961687,5.434059,0.267731,OverRange,OverRange,OverRange,10.929724,13.02072,62.48988
2026/05/20 08:29:00.261,n,53.895784,4.043562,4.385739,0.204279,OverRange,OverRange,OverRange,10.859158,13.037998,66.254456
2026/05/20 08:30:00.264,n,58.26776,6.021239,5.841282,0.256703,OverRange,OverRange,OverRange,10.855618,13.049918,77.172864
2026/05/20 08:31:00.265,n,54.014588,6.267592,5.290241,0.881792,OverRange,OverRange,OverRange,10.771846,13.063954,70.46152
2026/05/20 08:32:00.270,n,61.12734,5.512514,4.82299,0.552968,OverRange,OverRange,OverRange,10.82336,13.07599,93.674584
2026/05/20 08:33:00.270,n,57.792796,5.622256,5.155561,0.566026,OverRange,OverRange,OverRange,10.83847,13.081414,90.487208
2026/05/20 08:34:00.272,n,102.62424,6.195268,5.608841,0.420894,OverRange,OverRange,OverRange,10.877046,13.085664,215.74682
2026/05/20 08:35:00.259,n,66.591936,4.56873,5.183192,0.59234,OverRange,OverRange,OverRange,10.872472,13.095434,101.98682
2026/05/20 08:36:00.259,n,127.91774,4.460642,4.960179,0.941578,OverRange,OverRange,OverRange,10.996816,13.108366,270.02648
2026/05/20 08:37:00.262,n,129.63224,5.501771,5.094675,0.709453,OverRange,OverRange,OverRange,11.077728,13.120286,276.21228
2026/05/20 08:38:00.263,n,134.3518,4.570036,4.983358,0.634428,OverRange,OverRange,OverRange,11.056932,13.131066,281.27356
2026/05/20 08:39:00.265,n,144.95742,4.215234,4.830914,0.892648,OverRange,OverRange,OverRange,11.094712,13.147238,297.21606
2026/05/20 08:40:00.269,n,148.911,5.625808,4.790013,0.726588,OverRange,OverRange,OverRange,11.204976,13.161308,307.7222
2026/05/20 08:41:00.270,n,123.93734,5.676082,4.959528,0.688695,OverRange,OverRange,OverRange,11.227566,13.183978,256.23672
2026/05/20 08:42:00.271,n,136.51264,4.189354,5.021626,0.867685,OverRange,OverRange,OverRange,11.186742,13.210964,294.08688
2026/05/20 08:43:00.256,n,121.04852,4.287061,4.993269,0.77646,OverRange,OverRange,OverRange,11.185206,13.235816,264.70648
2026/05/20 08:44:00.262,n,128.43148,4.497532,5.226847,0.638607,OverRange,OverRange,OverRange,11.188778,13.26176,273.97928
2026/05/20 08:45:00.261,n,122.15344,5.765671,5.093491,0.707618,OverRange,OverRange,OverRange,11.249874,13.286546,271.80068
2026/05/20 08:46:00.263,n,79.2374,5.859064,5.078589,0.8132,OverRange,OverRange,OverRange,11.225774,13.313534,145.7626
2026/05/20 08:47:00.265,n,124.46158,4.622444,4.87008,0.659578,OverRange,OverRange,OverRange,11.227306,13.338352,262.4574
2026/05/20 08:48:00.267,n,150.72698,5.435923,5.251667,0.860658,OverRange,OverRange,OverRange,11.326146,13.370698,327.06702
2026/05/20 08:49:00.271,n,153.88292,4.886793,5.005855,0.773568,OverRange,OverRange,OverRange,11.411,13.383206,332.89544
2026/05/20 08:50:00.271,n,155.33938,4.573144,5.336955,0.639593,OverRange,OverRange,OverRange,11.440028,13.403728,334.78866
2026/05/20 08:51:00.273,n,158.16856,5.529445,5.267112,0.892819,OverRange,OverRange,OverRange,11.489156,13.435046,339.19096
2026/05/20 08:52:00.259,n,163.03102,6.149433,5.06303,0.675339,OverRange,OverRange,OverRange,11.572728,13.469542,349.1078
2026/05/20 08:53:00.262,n,163.82856,4.591707,4.800319,0.714304,OverRange,OverRange,OverRange,11.598806,13.504038,347.08204
2026/05/20 08:54:00.262,n,169.61428,6.101476,5.107095,0.762155,OverRange,OverRange,OverRange,11.67653,13.533144,357.55436
2026/05/20 08:55:00.264,n,172.66272,4.620228,4.950558,0.519578,OverRange,OverRange,OverRange,11.62942,13.56979,366.20168
2026/05/20 08:56:00.266,n,173.4129,4.41814,4.608523,0.242914,OverRange,OverRange,OverRange,11.694992,13.60753,368.31736
2026/05/20 08:57:00.269,n,175.41978,4.066402,4.548752,0.30545,OverRange,OverRange,OverRange,11.794434,13.645218,371.4608
2026/05/20 08:58:00.272,n,177.30888,5.45375,4.896275,0.641277,OverRange,OverRange,OverRange,11.73016,13.688362,374.58804
2026/05/20 08:59:00.272,n,178.76702,5.520494,4.944872,0.664836,OverRange,OverRange,OverRange,11.714718,13.726072,376.85472
2026/05/20 09:00:00.274,n,176.45826,5.939284,5.06908,0.748894,OverRange,OverRange,OverRange,11.743306,13.768046,368.7634
2026/05/20 09:01:00.260,n,185.9787,5.870795,4.747048,0.66505,OverRange,OverRange,OverRange,11.82429,13.789742,388.61844
2026/05/20 09:02:00.262,n,190.40394,4.533985,5.078843,0.493639,OverRange,OverRange,OverRange,11.791276,13.826326,397.77432
2026/05/20 09:03:00.264,n,193.01856,5.285656,4.829548,0.452508,OverRange,OverRange,OverRange,11.917726,13.875908,401.3884
2026/05/20 09:04:00.270,n,200.10758,4.662943,5.106416,0.547686,OverRange,OverRange,OverRange,11.972356,13.913568,408.88972
2026/05/20 09:05:00.268,n,207.6876,4.871059,4.985842,0.67431,OverRange,OverRange,OverRange,12.114376,13.95768,419.3174
2026/05/20 09:06:00.271,n,208.01646,4.519772,5.08511,0.538929,OverRange,OverRange,OverRange,12.034022,14.001808,419.79484
2026/05/20 09:07:00.276,n,202.77984,4.025588,4.750105,0.809282,OverRange,OverRange,OverRange,12.112106,14.054244,408.59472
2026/05/20 09:08:00.273,n,166.47092,4.447503,5.024283,0.50644,OverRange,OverRange,OverRange,12.077566,14.095146,331.88364
2026/05/20 09:09:00.276,n,209.64126,5.573762,5.185297,0.650456,OverRange,OverRange,OverRange,12.167782,14.143528,427.21288
2026/05/20 09:10:00.262,n,213.05688,4.491948,4.873297,0.57733,OverRange,OverRange,OverRange,12.167776,14.186534,434.75008
2026/05/20 09:11:00.264,n,212.81464,5.518846,5.375412,0.43435,OverRange,OverRange,OverRange,12.142502,14.239608,433.56688
2026/05/20 09:12:00.266,n,220.0158,4.7849,4.933588,0.697254,OverRange,OverRange,OverRange,12.094462,14.280416,447.3916
2026/05/20 09:13:00.270,n,223.07282,5.448003,5.327689,0.461725,OverRange,OverRange,OverRange,12.172276,14.327708,452.43872
2026/05/20 09:14:00.269,n,227.1479,5.665906,5.097931,0.534788,OverRange,OverRange,OverRange,12.131338,14.373894,457.43956
2026/05/20 09:15:00.273,n,233.63482,4.628909,5.019172,0.810674,OverRange,OverRange,OverRange,12.27179,14.428714,464.141
2026/05/20 09:16:00.273,n,242.10176,5.054524,4.958137,0.546426,OverRange,OverRange,OverRange,12.450068,14.471676,475.5228
2026/05/20 09:17:00.275,n,240.45992,5.277287,5.131435,0.467606,OverRange,OverRange,OverRange,12.503296,14.525308,475.15648
2026/05/20 09:18:00.278,n,239.6919,5.299474,4.804741,0.587373,OverRange,OverRange,OverRange,12.355626,14.579006,475.7104
2026/05/20 09:19:00.263,n,243.26522,4.610009,4.486745,0.222653,OverRange,OverRange,OverRange,12.381398,14.622978,481.34056
2026/05/20 09:20:00.265,n,245.35448,5.353917,4.996551,0.490902,OverRange,OverRange,OverRange,12.459626,14.673404,483.17832
2026/05/20 09:21:00.268,n,249.54298,4.476225,5.364714,0.499789,OverRange,OverRange,OverRange,12.524486,14.693052,489.10216
2026/05/20 09:22:00.269,n,247.14436,4.688147,5.089771,0.683433,OverRange,OverRange,OverRange,12.572342,14.743462,481.84628
2026/05/20 09:23:00.272,n,256.8836,5.527992,4.748733,0.460477,OverRange,OverRange,OverRange,12.687886,14.79384,493.67652
2026/05/20 09:24:00.272,n,266.87824,4.358221,5.17581,0.675275,OverRange,OverRange,OverRange,12.711834,14.85603,506.17992
2026/05/20 09:25:00.274,n,216.27388,5.025345,5.209786,0.515581,OverRange,OverRange,OverRange,12.708532,14.922396,403.19048
2026/05/20 09:26:00.277,n,185.447,4.744191,5.151355,0.541728,OverRange,OverRange,OverRange,12.782904,14.965282,329.31884
2026/05/20 09:27:00.280,n,138.19554,4.606314,5.024518,0.526513,OverRange,OverRange,OverRange,12.65656,15.017746,237.94526
2026/05/20 09:28:00.266,n,231.03904,4.118825,4.858546,0.829035,OverRange,OverRange,OverRange,12.596528,15.06808,391.4916
2026/05/20 09:29:00.267,n,271.03122,5.557156,5.288429,0.66516,OverRange,OverRange,OverRange,12.58341,15.09622,478.64232
2026/05/20 09:30:00.274,n,151.71798,4.589321,4.764696,0.53602,OverRange,OverRange,OverRange,12.51997,15.135818,248.60514
2026/05/20 09:31:00.270,n,117.82662,5.296895,4.846884,0.498772,OverRange,OverRange,OverRange,12.528286,15.18185,171.32994
2026/05/20 09:32:00.276,n,109.62498,5.779557,5.203776,0.641646,OverRange,OverRange,OverRange,12.440466,15.217144,168.88084
2026/05/20 09:33:00.275,n,147.1524,5.349897,5.093173,0.574182,OverRange,OverRange,OverRange,12.289242,15.244976,253.8518
2026/05/20 09:34:00.278,n,101.47376,4.284979,5.165478,0.615948,OverRange,OverRange,OverRange,12.274846,15.271734,182.45092
2026/05/20 09:35:00.278,n,79.092168,4.362121,5.206877,0.741928,OverRange,OverRange,OverRange,12.043452,15.285618,126.92254
2026/05/20 09:36:00.280,n,152.38758,4.63288,5.075368,0.659722,OverRange,OverRange,OverRange,11.958512,15.301684,252.1935
2026/05/20 09:37:00.267,n,118.83352,4.392095,5.073987,0.741109,OverRange,OverRange,OverRange,11.929714,15.3003,226.33494
2026/05/20 09:38:00.269,n,200.10424,5.22721,4.999032,0.507635,OverRange,OverRange,OverRange,11.96517,15.303526,360.94508
2026/05/20 09:39:00.271,n,304.20242,5.012774,5.329589,0.541142,OverRange,OverRange,OverRange,12.045284,15.312098,573.41572
2026/05/20 09:40:00.273,n,304.17728,4.3979,4.941518,0.543458,OverRange,OverRange,OverRange,12.145336,15.319546,573.19196
2026/05/20 09:41:00.277,n,304.43502,4.527382,4.945089,0.676997,OverRange,OverRange,OverRange,12.280458,15.33025,572.73
2026/05/20 09:42:00.277,n,305.77924,5.448861,5.324941,0.443465,OverRange,OverRange,OverRange,12.3009,15.350604,574.1698
2026/05/20 09:43:00.279,n,308.89234,5.336371,4.845679,0.668343,OverRange,OverRange,OverRange,12.381684,15.367714,579.03412
2026/05/20 09:44:00.282,n,309.9022,5.50793,5.021899,0.601603,OverRange,OverRange,OverRange,12.490458,15.389078,578.33376
2026/05/20 09:45:00.284,n,316.53762,4.587171,4.980212,0.529711,OverRange,OverRange,OverRange,12.478856,15.413654,585.90144
2026/05/20 09:46:00.270,n,323.18838,5.610401,4.679582,0.708872,OverRange,OverRange,OverRange,12.491222,15.443604,591.8172
2026/05/20 09:47:00.270,n,326.24514,5.615121,4.816979,0.666894,OverRange,OverRange,OverRange,12.540402,15.4746,591.50652
2026/05/20 09:48:00.272,n,334.46206,4.487121,4.771675,0.767172,OverRange,OverRange,OverRange,12.748974,15.505596,605.40584
2026/05/20 09:49:00.276,n,232.5246,4.601474,5.090318,0.692489,OverRange,OverRange,OverRange,12.883072,15.547252,428.36816
2026/05/20 09:50:00.277,n,172.25996,5.379022,4.894668,0.613933,OverRange,OverRange,OverRange,12.800156,15.577334,293.05188
2026/05/20 09:51:00.280,n,138.4677,5.519357,5.185678,0.528598,OverRange,OverRange,OverRange,12.602814,15.601876,249.2365
2026/05/20 09:52:00.279,n,192.24724,3.973778,4.59965,0.527073,OverRange,OverRange,OverRange,12.529404,15.637176,305.9172
2026/05/20 09:53:00.281,n,341.74496,4.137625,5.003375,0.615749,OverRange,OverRange,OverRange,12.514772,15.652072,603.36296
2026/05/20 09:54:00.283,n,181.88012,5.806905,5.086245,0.701841,OverRange,OverRange,OverRange,12.524104,15.674544,325.56436
2026/05/20 09:55:00.270,n,212.17146,5.605927,4.704581,0.683623,OverRange,OverRange,OverRange,12.325726,15.693728,341.9172
2026/05/20 09:56:00.271,n,366.72068,4.407472,4.997973,0.738031,OverRange,OverRange,OverRange,12.407014,15.712976,651.13288
2026/05/20 09:57:00.259,n,284.91916,5.683139,5.215142,0.534483,OverRange,OverRange,OverRange,12.57658,15.726632,512.2762
2026/05/20 09:58:00.277,n,367.55052,4.620983,4.657895,0.415089,OverRange,OverRange,OverRange,12.830262,15.749188,642.6886
2026/05/20 09:59:00.277,n,386.05704,4.557022,5.092375,0.504439,OverRange,OverRange,OverRange,12.912182,15.774972,658.38616
2026/05/20 10:00:00.265,n,420.20948,5.590623,4.889522,0.610588,OverRange,OverRange,OverRange,13.032344,15.80398,696.54336
2026/05/20 10:01:00.265,n,429.09364,4.439004,4.98845,0.73628,OverRange,OverRange,OverRange,12.99381,15.836234,716.824
2026/05/20 10:02:00.266,n,400.5358,5.592771,4.90642,0.627575,OverRange,OverRange,OverRange,13.169576,15.849158,690.22968
2026/05/20 10:03:00.269,n,243.41918,4.461494,5.338808,0.564031,OverRange,OverRange,OverRange,13.118404,15.885748,433.11136
2026/05/20 10:04:00.273,n,107.44348,5.490137,5.125946,0.500552,OverRange,OverRange,OverRange,13.051168,15.926494,162.608
2026/05/20 10:05:00.273,n,182.11352,4.274944,5.006217,0.688848,OverRange,OverRange,OverRange,12.959996,15.95549,292.26196
2026/05/20 10:06:00.257,n,220.80932,5.466366,4.718839,0.646654,OverRange,OverRange,OverRange,12.92925,15.974802,376.09908
2026/05/20 10:07:00.261,n,377.91772,5.42531,5.215818,0.464768,OverRange,OverRange,OverRange,12.905066,15.998436,675.80088
2026/05/20 10:08:00.263,n,375.61424,5.593244,4.974209,0.737665,OverRange,OverRange,OverRange,13.011952,16.016724,672.44264
2026/05/20 10:09:00.265,n,379.47264,4.314268,4.6173,0.509962,OverRange,OverRange,OverRange,13.025742,16.03708,676.86216
2026/05/20 10:10:00.267,n,383.4316,4.389525,4.640891,0.472492,OverRange,OverRange,OverRange,13.039516,16.061756,681.24368
2026/05/20 10:11:00.271,n,385.44872,5.534773,5.114243,0.539586,OverRange,OverRange,OverRange,13.120656,16.08751,685.65448
2026/05/20 10:12:00.272,n,387.73584,5.532589,5.492795,0.086944,OverRange,OverRange,OverRange,13.168666,16.111208,686.93928
2026/05/20 10:13:00.274,n,400.40028,4.46592,4.686506,0.460431,OverRange,OverRange,OverRange,13.20132,16.136962,705.18624
2026/05/20 10:14:00.258,n,395.89748,5.377073,5.14298,0.552797,OverRange,OverRange,OverRange,13.329946,16.166986,697.94456
2026/05/20 10:15:00.260,n,398.38756,5.18785,5.102312,0.615447,OverRange,OverRange,OverRange,13.291946,16.19807,700.81904
2026/05/20 10:16:00.262,n,326.98356,4.608642,5.24201,0.587771,OverRange,OverRange,OverRange,13.362076,16.236698,586.74452
2026/05/20 10:17:00.263,n,384.66832,4.470898,4.896548,0.358474,OverRange,OverRange,OverRange,13.30917,16.269918,666.75764
2026/05/20 10:18:00.268,n,404.77444,5.590678,5.135502,0.580509,OverRange,OverRange,OverRange,13.21347,16.297824,707.09376
2026/05/20 10:19:00.268,n,413.9774,4.379308,4.945669,0.717664,OverRange,OverRange,OverRange,13.234478,16.335314,722.03464
2026/05/20 10:20:00.270,n,424.3586,5.412791,5.09689,0.563982,OverRange,OverRange,OverRange,13.409124,16.366384,733.44088
2026/05/20 10:21:00.273,n,440.30772,5.971262,5.409899,0.59357,OverRange,OverRange,OverRange,13.377254,16.402536,745.92448
2026/05/20 10:22:00.257,n,465.83384,5.190153,5.125152,0.563405,OverRange,OverRange,OverRange,13.330876,16.433606,765.82176
2026/05/20 10:23:00.263,n,461.30608,5.580432,5.092278,0.646156,OverRange,OverRange,OverRange,13.537334,16.475402,722.97232
2026/05/20 10:24:00.263,n,541.28108,4.525582,4.994349,0.674737,OverRange,OverRange,OverRange,13.544678,16.519254,822.97288
2026/05/20 10:25:00.264,n,310.78708,4.287204,4.858092,0.835665,OverRange,OverRange,OverRange,13.621304,16.564244,436.78004
2026/05/20 10:26:00.268,n,231.74636,4.213158,4.918973,0.675255,OverRange,OverRange,OverRange,13.667324,16.609236,282.8353
2026/05/20 10:27:00.272,n,375.85916,5.540335,4.947097,0.718476,OverRange,OverRange,OverRange,13.694134,16.643502,524.97796
2026/05/20 10:28:00.272,n,277.41074,4.626266,4.875223,0.54412,OverRange,OverRange,OverRange,13.701452,16.677704,391.50316
2026/05/20 10:29:00.272,n,230.42318,5.381764,4.829402,0.579862,OverRange,OverRange,OverRange,13.477672,16.71083,260.00506
2026/05/20 10:30:00.276,n,243.02144,5.344597,4.693763,0.402389,OverRange,OverRange,OverRange,13.466802,16.739748,277.60754
2026/05/20 10:31:00.260,n,216.91744,4.296889,5.237314,0.805747,OverRange,OverRange,OverRange,13.32838,16.760094,255.02302
2026/05/20 10:32:00.263,n,212.92356,4.480288,4.603354,0.320336,OverRange,OverRange,OverRange,13.303838,16.780342,251.67074
2026/05/20 10:33:00.263,n,187.07348,5.340886,4.881531,0.428731,OverRange,OverRange,OverRange,13.306636,16.793188,201.99298
2026/05/20 10:34:00.269,n,197.04632,5.546803,4.831733,0.754507,OverRange,OverRange,OverRange,13.146286,16.807112,205.36542
2026/05/20 10:35:00.268,n,187.04846,5.524083,5.211974,0.340785,OverRange,OverRange,OverRange,12.933238,16.810338,203.31932
2026/05/20 10:36:00.274,n,148.29246,5.36081,4.786925,0.539263,OverRange,OverRange,OverRange,12.744,16.810338,170.53594
2026/05/20 10:37:00.274,n,118.86638,4.512759,5.036291,0.70599,OverRange,OverRange,OverRange,12.583354,16.808188,134.95374
2026/05/20 10:38:00.274,n,108.60294,5.403439,4.650579,0.38051,OverRange,OverRange,OverRange,12.501892,16.791102,116.03008
2026/05/20 10:39:00.275,n,110.74788,3.895132,5.07891,0.920944,OverRange,OverRange,OverRange,12.431996,16.764332,110.06188
2026/05/20 10:40:00.261,n,119.21574,5.535749,5.423692,0.494776,OverRange,OverRange,OverRange,12.559662,16.74617,111.61142
2026/05/20 10:41:00.263,n,127.747,4.092118,4.492609,0.562454,OverRange,OverRange,OverRange,12.476156,16.719404,116.76776
2026/05/20 10:42:00.266,n,134.2965,6.064484,5.013386,0.851976,OverRange,OverRange,OverRange,12.251994,16.692636,121.88342
2026/05/20 10:43:00.267,n,140.57028,5.603122,4.945921,0.968085,OverRange,OverRange,OverRange,12.083584,16.655208,126.45378
2026/05/20 10:44:00.273,n,149.44038,5.290661,4.84453,0.672427,OverRange,OverRange,OverRange,12.09317,16.622018,132.16474
2026/05/20 10:45:00.271,n,174.8291,4.88149,4.980284,0.608455,OverRange,OverRange,OverRange,12.041656,16.589934,156.41682
2026/05/20 10:46:00.274,n,207.15426,4.601581,4.84099,0.502739,OverRange,OverRange,OverRange,11.840698,16.556744,194.11274
2026/05/20 10:47:00.276,n,237.2769,5.703396,5.096071,0.762374,OverRange,OverRange,OverRange,11.8349,16.518208,233.80132
2026/05/20 10:48:00.280,n,304.85364,5.58944,4.989527,0.638659,OverRange,OverRange,OverRange,11.820236,16.489288,357.10864
2026/05/20 10:49:00.263,n,229.96874,5.667522,4.87467,0.619808,OverRange,OverRange,OverRange,11.831096,16.459264,255.66532
2026/05/20 10:50:00.266,n,206.88354,4.293914,4.760382,0.738839,OverRange,OverRange,OverRange,11.857906,16.429302,232.93316
2026/05/20 10:51:00.267,n,178.08204,4.434214,4.55761,0.345923,OverRange,OverRange,OverRange,11.837956,16.400386,188.37992
2026/05/20 10:52:00.269,n,171.99108,4.117065,5.049772,0.899056,OverRange,OverRange,OverRange,11.78684,16.368208,175.48316
2026/05/20 10:53:00.271,n,176.39024,4.61601,4.973725,0.613351,OverRange,OverRange,OverRange,11.73882,16.338218,177.64666
2026/05/20 10:54:00.273,n,191.24288,5.636386,5.090341,0.480431,OverRange,OverRange,OverRange,11.700868,16.30392,192.89068
2026/05/20 10:55:00.276,n,217.15198,4.111943,4.8318,0.57085,OverRange,OverRange,OverRange,11.617894,16.26643,223.65746
2026/05/20 10:56:00.280,n,250.93146,4.542868,4.912171,0.664956,OverRange,OverRange,OverRange,11.607504,16.23533,267.76914
2026/05/20 10:57:00.280,n,352.281,4.031652,5.16189,0.722584,OverRange,OverRange,OverRange,11.65862,16.204212,422.06408
2026/05/20 10:58:00.266,n,365.84448,4.351222,4.912873,0.624113,OverRange,OverRange,OverRange,11.674316,16.173114,445.09676
2026/05/20 10:59:00.266,n,446.66808,5.59205,5.104585,0.567486,OverRange,OverRange,OverRange,11.786098,16.152724,569.59468
2026/05/20 11:00:00.270,n,425.67776,5.502536,5.154713,0.630307,OverRange,OverRange,OverRange,11.812394,16.130196,566.8084
2026/05/20 11:01:00.273,n,323.085,5.922019,4.954463,0.741439,OverRange,OverRange,OverRange,11.832876,16.12164,390.63248
2026/05/20 11:02:00.274,n,304.8642,5.531019,5.088162,0.526878,OverRange,OverRange,OverRange,11.87054,16.10772,358.92968
2026/05/20 11:03:00.277,n,293.81478,4.259837,4.793172,0.666867,OverRange,OverRange,OverRange,12.117422,16.102324,340.3852
2026/05/20 11:04:00.278,n,287.85596,4.326797,5.234028,0.670718,OverRange,OverRange,OverRange,12.223002,16.1034,330.24466
2026/05/20 11:05:00.280,n,280.38602,4.067413,5.141252,0.80371,OverRange,OverRange,OverRange,12.281082,16.09481,319.80242
2026/05/20 11:06:00.282,n,274.55206,5.611392,5.073169,0.652159,OverRange,OverRange,OverRange,12.235128,16.119064,311.23764
2026/05/20 11:07:00.267,n,275.99338,5.456856,5.080165,0.454269,OverRange,OverRange,OverRange,12.261506,16.113718,309.0029
2026/05/20 11:08:00.269,n,287.8189,4.48831,4.957327,0.830855,OverRange,OverRange,OverRange,12.28679,16.111614,320.2031
2026/05/20 11:09:00.271,n,296.4542,5.652514,5.039284,0.637949,OverRange,OverRange,OverRange,12.241324,16.112658,331.81884
2026/05/20 11:10:00.274,n,296.734,5.492836,4.994445,0.678922,OverRange,OverRange,OverRange,12.27417,16.10622,335.22312
2026/05/20 11:11:00.276,n,296.0109,5.017574,4.817976,0.668302,OverRange,OverRange,OverRange,12.29385,16.101886,332.71078
2026/05/20 11:12:00.278,n,305.4822,4.498362,4.778271,0.733525,OverRange,OverRange,OverRange,12.317836,16.098706,348.7402
2026/05/20 11:13:00.279,n,293.94448,4.390287,5.004588,0.766866,OverRange,OverRange,OverRange,12.298138,16.105146,326.93656
2026/05/20 11:14:00.281,n,301.95392,5.598955,5.124635,0.696768,OverRange,OverRange,OverRange,12.138794,16.095512,331.5577
2026/05/20 11:15:00.283,n,312.77072,5.371468,5.00545,0.521469,OverRange,OverRange,OverRange,12.034938,16.091192,343.8712
2026/05/20 11:16:00.270,n,311.24996,4.342077,4.687168,0.431145,OverRange,OverRange,OverRange,11.968226,16.078316,345.94248
2026/05/20 11:17:00.271,n,300.5035,4.587595,4.803307,0.375537,OverRange,OverRange,OverRange,12.000082,16.066518,340.4178
2026/05/20 11:18:00.273,n,282.14222,4.430291,4.656706,0.426508,OverRange,OverRange,OverRange,12.115296,16.062214,317.50234
2026/05/20 11:19:00.261,n,279.49716,5.604722,5.150541,0.780253,OverRange,OverRange,OverRange,12.097102,16.05685,312.45688
2026/05/20 11:20:00.262,n,287.57102,4.129717,5.154227,0.665282,OverRange,OverRange,OverRange,12.112768,16.042898,322.42028
2026/05/20 11:21:00.264,n,300.33786,5.372055,5.050116,0.479894,OverRange,OverRange,OverRange,12.132986,16.036492,340.97176
2026/05/20 11:22:00.265,n,304.64966,5.597264,5.149961,0.710222,OverRange,OverRange,OverRange,12.132228,16.028946,348.27072
2026/05/20 11:23:00.267,n,279.97046,6.084727,5.476891,0.401193,OverRange,OverRange,OverRange,12.07662,16.018222,317.29064
2026/05/20 11:24:00.269,n,285.53168,5.565169,4.832602,0.586026,OverRange,OverRange,OverRange,12.033432,16.012878,316.59252
2026/05/20 11:25:00.270,n,325.28302,4.199839,4.896365,0.522629,OverRange,OverRange,OverRange,12.07336,16.003196,368.79968
2026/05/20 11:26:00.257,n,356.886,5.63236,4.94572,0.504079,OverRange,OverRange,OverRange,12.067292,15.999982,416.12828
2026/05/20 11:27:00.260,n,360.84692,4.490643,5.246854,0.601667,OverRange,OverRange,OverRange,12.14914,15.990318,420.82884
2026/05/20 11:28:00.261,n,351.46768,5.44905,4.979037,0.65001,OverRange,OverRange,OverRange,12.227688,15.989244,410.55516
2026/05/20 11:29:00.264,n,352.90792,4.712407,4.97572,0.607632,OverRange,OverRange,OverRange,12.15418,15.99247,419.73656
2026/05/20 11:30:00.266,n,348.20992,5.92168,5.056758,0.839875,OverRange,OverRange,OverRange,12.27821,15.99247,419.60904
2026/05/20 11:31:00.267,n,350.43364,5.625207,5.191599,0.687058,OverRange,OverRange,OverRange,12.288046,15.99247,435.70476
2026/05/20 11:32:00.270,n,327.36856,5.948553,5.06878,0.879186,OverRange,OverRange,OverRange,12.229198,15.994606,416.0038
2026/05/20 11:33:00.271,n,310.58126,4.424784,4.821732,0.636939,OverRange,OverRange,OverRange,12.325912,16.002152,406.98392
2026/05/20 11:34:00.259,n,341.99208,5.423638,5.098422,0.787423,OverRange,OverRange,OverRange,12.260514,16.01175,476.19652
2026/05/20 11:35:00.261,n,270.65134,4.467005,4.781167,0.817663,OverRange,OverRange,OverRange,12.24915,16.005378,384.8306
2026/05/20 11:36:00.262,n,239.94746,5.599772,5.100323,0.75867,OverRange,OverRange,OverRange,12.313812,16.005378,351.4554
2026/05/20 11:37:00.264,n,381.0264,4.435099,4.66686,0.786256,OverRange,OverRange,OverRange,12.310252,16.005378,556.32732
2026/05/20 11:38:00.267,n,555.85688,5.530986,4.924524,0.660946,OverRange,OverRange,OverRange,12.422832,15.995682,883.8032
2026/05/20 11:39:00.268,n,528.28288,5.595653,4.95183,0.774057,OverRange,OverRange,OverRange,12.58635,16.003196,821.29272
2026/05/20 11:40:00.270,n,612.9944,5.900727,5.278724,0.393679,OverRange,OverRange,OverRange,12.555552,16.002152,983.81176
2026/05/20 11:41:00.272,n,585.48448,4.493076,4.831703,0.599252,OverRange,OverRange,OverRange,12.613846,16.01933,953.40536
2026/05/20 11:42:00.273,n,387.87504,4.050776,5.151869,0.705376,OverRange,OverRange,OverRange,12.673854,16.028946,635.52912
2026/05/20 11:43:00.259,n,600.24052,4.6457,4.571838,0.186615,OverRange,OverRange,OverRange,12.787808,16.046144,955.84384
2026/05/20 11:44:00.262,n,389.72692,6.140309,5.102804,0.817536,OverRange,OverRange,OverRange,12.903996,16.06544,625.56432
2026/05/20 11:45:00.264,n,264.4999,5.033359,5.224745,0.335515,OverRange,OverRange,OverRange,12.783772,16.093344,439.00896
2026/05/20 11:46:00.265,n,593.85976,4.664458,4.779447,0.590115,OverRange,OverRange,OverRange,12.865932,16.112658,962.79416
2026/05/20 11:47:00.267,n,592.82564,5.595864,4.917754,0.474663,OverRange,OverRange,OverRange,12.722006,16.12661,965.07784
2026/05/20 11:48:00.269,n,450.29004,3.79945,4.773717,0.655959,OverRange,OverRange,OverRange,12.68192,16.141624,713.67008
2026/05/20 11:49:00.271,n,347.4198,5.66092,5.559361,0.370736,OverRange,OverRange,OverRange,12.835694,16.165208,576.081
2026/05/20 11:50:00.274,n,423.22872,4.602068,5.127844,0.551053,OverRange,OverRange,OverRange,12.82285,16.179192,662.7182
2026/05/20 11:51:00.277,n,581.57928,4.715611,4.718741,0.570735,OverRange,OverRange,OverRange,12.914328,16.192004,950.60936
2026/05/20 11:52:00.260,n,567.19508,5.46216,5.39208,0.194412,OverRange,OverRange,OverRange,13.066586,16.203838,922.33176
2026/05/20 11:53:00.263,n,579.6922,4.528873,4.959308,0.67561,OverRange,OverRange,OverRange,13.053616,16.226302,934.7676
2026/05/20 11:54:00.265,n,565.47492,5.14135,4.72586,0.470089,OverRange,OverRange,OverRange,12.972276,16.247782,922.28848
2026/05/20 11:55:00.272,n,512.93556,4.356745,4.971959,0.675942,OverRange,OverRange,OverRange,13.018886,16.268126,834.1896
2026/05/20 11:56:00.274,n,514.46028,5.608457,4.733517,0.774283,OverRange,OverRange,OverRange,13.10402,16.294924,838.6484
2026/05/20 11:57:00.272,n,547.2816,5.432494,5.009491,0.620892,OverRange,OverRange,OverRange,13.274236,16.315364,891.46048
2026/05/20 11:58:00.273,n,557.66424,4.846409,5.084302,0.43023,OverRange,OverRange,OverRange,13.303366,16.3346,903.07552
2026/05/20 11:59:00.277,n,544.01404,5.493807,5.079273,0.625283,OverRange,OverRange,OverRange,13.331212,16.36094,883.30656
2026/05/20 12:00:00.279,n,571.0606,4.664522,4.784594,0.321245,OverRange,OverRange,OverRange,13.36826,16.385584,923.6104
2026/05/20 12:01:00.263,n,571.94172,4.676017,4.664744,0.46106,OverRange,OverRange,OverRange,13.365214,16.416656,926.42328
2026/05/20 12:02:00.264,n,547.97272,5.929981,5.35734,0.629328,OverRange,OverRange,OverRange,13.502106,16.449876,884.49848
2026/05/20 12:03:00.266,n,569.10528,4.548048,4.596561,0.109702,OverRange,OverRange,OverRange,13.38647,16.475598,916.55864
2026/05/20 12:04:00.268,n,589.26436,4.244047,4.704667,0.549361,OverRange,OverRange,OverRange,13.459844,16.50129,939.23008
2026/05/20 12:05:00.270,n,519.58576,4.471622,4.965689,0.57884,OverRange,OverRange,OverRange,13.499806,16.534478,832.52128
2026/05/20 12:06:00.273,n,575.23444,5.355589,5.018958,0.656952,OverRange,OverRange,OverRange,13.353816,16.552538,900.0312
2026/05/20 12:07:00.275,n,397.93628,4.489856,5.627618,0.60938,OverRange,OverRange,OverRange,13.289704,16.57497,649.52464
2026/05/20 12:08:00.276,n,589.6944,4.443448,4.883173,0.730895,OverRange,OverRange,OverRange,13.43925,16.604932,946.49736
2026/05/20 12:09:00.279,n,590.71196,4.622422,4.874761,0.525979,OverRange,OverRange,OverRange,13.803136,16.626418,958.80096
2026/05/20 12:10:00.269,n,584.88664,4.115965,4.544767,0.427514,OverRange,OverRange,OverRange,13.873384,16.658466,947.9084
2026/05/20 12:11:00.268,n,483.38948,5.371809,4.952004,0.602027,OverRange,OverRange,OverRange,14.072662,16.69055,809.12032
2026/05/20 12:12:00.268,n,578.67736,4.4233,5.164291,0.634031,OverRange,OverRange,OverRange,13.942846,16.729086,935.272
2026/05/20 12:13:00.270,n,573.40308,5.529982,5.310069,0.527002,OverRange,OverRange,OverRange,13.991348,16.766548,928.5788
2026/05/20 12:14:00.272,n,564.81624,4.425972,5.067001,0.659879,OverRange,OverRange,OverRange,13.954968,16.795374,896.02792
2026/05/20 12:15:00.276,n,536.3974,4.405425,4.411146,0.099911,OverRange,OverRange,OverRange,13.917598,16.831074,869.4224
2026/05/20 12:16:00.278,n,406.08104,4.464336,4.908375,0.61143,OverRange,OverRange,OverRange,13.851396,16.861038,664.44304
2026/05/20 12:17:00.278,n,389.21644,4.361683,4.434458,0.122653,OverRange,OverRange,OverRange,13.909978,16.895274,616.1194
2026/05/20 12:18:00.283,n,586.27924,5.495278,4.537696,0.470282,OverRange,OverRange,OverRange,13.754334,16.917676,940.42008
2026/05/20 12:19:00.267,n,587.87372,4.291252,5.077568,0.576306,OverRange,OverRange,OverRange,13.824092,16.942258,943.13888
2026/05/20 12:20:00.271,n,569.77864,4.432256,4.37439,0.124921,OverRange,OverRange,OverRange,13.86176,16.974346,908.06248
2026/05/20 12:21:00.270,n,584.50764,5.611043,5.310358,0.732944,OverRange,OverRange,OverRange,13.97113,16.996746,938.32832
2026/05/20 12:22:00.274,n,576.67548,5.03086,5.223655,0.556574,OverRange,OverRange,OverRange,14.26297,17.030948,923.1584
2026/05/20 12:23:00.275,n,575.94472,5.376127,5.088249,0.500644,OverRange,OverRange,OverRange,14.283174,17.065122,911.17352
2026/05/20 12:24:00.277,n,580.1922,5.434547,5.173311,0.594125,OverRange,OverRange,OverRange,14.429952,17.087622,907.28792
2026/05/20 12:25:00.280,n,526.84932,4.464016,4.723913,0.387798,OverRange,OverRange,OverRange,14.36353,17.12075,816.2456
2026/05/20 12:26:00.282,n,652.17388,5.375919,4.738088,0.481747,OverRange,OverRange,OverRange,14.34111,17.157046,947.57296
2026/05/20 12:27:00.285,n,715.14968,4.957616,4.781655,0.489489,OverRange,OverRange,OverRange,14.287618,17.19549,1043.4716
2026/05/20 12:28:00.267,n,688.07224,5.483963,4.535264,0.563179,OverRange,OverRange,OverRange,14.158682,17.233904,994.90232
2026/05/20 12:29:00.271,n,427.75756,5.499126,4.484102,0.529259,OverRange,OverRange,OverRange,14.25935,17.275548,580.10748
2026/05/20 12:30:00.271,n,410.13464,5.294822,4.64675,0.539334,OverRange,OverRange,OverRange,14.46668,17.321426,521.0022
2026/05/20 12:31:00.274,n,440.94676,4.473707,4.866912,0.485385,OverRange,OverRange,OverRange,14.516104,17.357724,576.53664
2026/05/20 12:32:00.275,n,511.24928,6.172436,5.184016,0.642967,OverRange,OverRange,OverRange,14.561214,17.389714,722.91464
2026/05/20 12:33:00.279,n,406.2338,5.101007,5.47582,0.487449,OverRange,OverRange,OverRange,14.516358,17.41257,575.25456
2026/05/20 12:34:00.281,n,289.89532,3.972219,4.265156,0.362811,OverRange,OverRange,OverRange,14.60816,17.43814,398.81344
2026/05/20 12:35:00.284,n,456.1598,5.613569,5.323937,0.4959,OverRange,OverRange,OverRange,14.63589,17.468014,626.73052
2026/05/20 12:36:00.284,n,461.22124,4.398346,4.86035,0.577124,OverRange,OverRange,OverRange,14.452642,17.492568,680.37784
2026/05/20 12:37:00.270,n,414.82152,4.228798,5.004721,0.569705,OverRange,OverRange,OverRange,14.401216,17.512786,570.91816
2026/05/20 12:38:00.272,n,656.3842,4.43882,4.642661,0.594918,OverRange,OverRange,OverRange,14.19252,17.531994,946.12304
2026/05/20 12:39:00.273,n,292.05282,4.798811,5.079922,0.64839,OverRange,OverRange,OverRange,14.185522,17.544812,403.866
2026/05/20 12:40:00.276,n,276.6843,4.176642,4.800174,0.815273,OverRange,OverRange,OverRange,13.920172,17.56291,370.10252
2026/05/20 12:41:00.277,n,274.67612,5.827253,5.746063,0.18189,OverRange,OverRange,OverRange,13.95048,17.57038,372.31296
2026/05/20 12:42:00.262,n,423.31656,4.631558,5.073402,0.564047,OverRange,OverRange,OverRange,13.699632,17.573544,615.906
2026/05/20 12:43:00.264,n,559.97136,4.329555,4.704037,0.604669,OverRange,OverRange,OverRange,13.379466,17.563596,858.80224
2026/05/20 12:44:00.266,n,439.59792,4.60161,4.783115,0.54401,OverRange,OverRange,OverRange,13.36293,17.547618,645.253
2026/05/20 12:45:00.269,n,569.6844,5.607507,5.16503,0.536461,OverRange,OverRange,OverRange,13.350256,17.548726,842.82536
2026/05/20 12:46:00.273,n,521.88976,5.984604,5.670587,0.20076,OverRange,OverRange,OverRange,13.514456,17.539136,782.1232
2026/05/20 12:47:00.256,n,428.60408,4.292306,4.990011,0.677331,OverRange,OverRange,OverRange,13.636582,17.53594,630.606
2026/05/20 12:48:00.258,n,432.28384,5.445801,4.490158,0.610388,OverRange,OverRange,OverRange,13.682332,17.53594,623.39496
2026/05/20 12:49:00.264,n,437.12904,5.585737,4.914476,0.769109,OverRange,OverRange,OverRange,13.772314,17.543346,630.78648
2026/05/20 12:50:00.262,n,379.79104,6.05182,5.988828,0.134989,OverRange,OverRange,OverRange,13.574128,17.544422,515.93536
2026/05/20 12:51:00.265,n,410.40036,4.477911,5.040426,0.662374,OverRange,OverRange,OverRange,13.372784,17.54977,551.9878
2026/05/20 12:52:00.269,n,584.21368,4.203995,4.937897,0.579351,OverRange,OverRange,OverRange,13.246258,17.554008,831.52352
2026/05/20 12:53:00.271,n,431.759,4.29605,4.842944,0.703568,OverRange,OverRange,OverRange,13.49344,17.552998,609.18904
2026/05/20 12:54:00.271,n,454.33,5.74154,5.044801,0.656315,OverRange,OverRange,OverRange,13.507864,17.557238,621.71344
2026/05/20 12:55:00.258,n,479.58488,5.948063,5.100252,0.683328,OverRange,OverRange,OverRange,13.500534,17.561478,625.3134
2026/05/20 12:56:00.258,n,588.16228,4.391948,4.646592,0.559426,OverRange,OverRange,OverRange,13.627996,17.564704,764.62136
2026/05/20 12:57:00.278,n,704.29056,5.429467,5.177157,0.840676,OverRange,OverRange,OverRange,13.449936,17.571098,1024.869
2026/05/20 12:58:00.264,n,212.06202,5.713413,4.950148,0.748422,OverRange,OverRange,OverRange,13.71875,17.580652,271.80964
2026/05/20 12:59:00.270,n,153.86226,4.028726,4.820256,0.757718,OverRange,OverRange,OverRange,13.66184,17.591318,173.46094
2026/05/20 13:00:00.266,n,154.11708,5.204212,5.191033,0.596038,OverRange,OverRange,OverRange,13.206726,17.591318,154.99854
2026/05/20 13:01:00.269,n,164.54884,4.467303,4.857911,0.765198,OverRange,OverRange,OverRange,12.845846,17.582806,160.34738
2026/05/20 13:02:00.271,n,163.4511,5.222932,5.094086,0.563814,OverRange,OverRange,OverRange,12.902786,17.55786,162.7293
2026/05/20 13:03:00.276,n,166.14004,4.337628,5.165133,0.627157,OverRange,OverRange,OverRange,12.860998,17.525928,168.55244
2026/05/20 13:04:00.259,n,183.6717,4.847675,4.881882,0.589577,OverRange,OverRange,OverRange,12.700974,17.48647,193.9739
2026/05/20 13:05:00.261,n,182.86446,5.67035,5.224345,0.615231,OverRange,OverRange,OverRange,12.66089,17.452326,203.83244
2026/05/20 13:06:00.263,n,169.85588,5.635362,5.404546,0.592399,OverRange,OverRange,OverRange,12.61728,17.4129,194.6227
2026/05/20 13:07:00.267,n,164.5092,4.10624,4.523173,0.554792,OverRange,OverRange,OverRange,12.489406,17.371318,193.49566
2026/05/20 13:08:00.267,n,168.74096,4.231049,4.141653,0.300357,OverRange,OverRange,OverRange,12.322628,17.32433,205.06004
2026/05/20 13:09:00.268,n,185.9955,4.358088,4.452592,0.11474,OverRange,OverRange,OverRange,12.051646,17.26997,232.57804
2026/05/20 13:10:00.273,n,208.45894,4.691126,5.0398,0.593709,OverRange,OverRange,OverRange,11.876802,17.216588,267.74564
2026/05/20 13:11:00.273,n,247.00916,4.604443,5.000541,0.696282,OverRange,OverRange,OverRange,11.798946,17.157924,319.34478
2026/05/20 13:12:00.275,n,405.41084,5.618441,4.929695,0.633829,OverRange,OverRange,OverRange,11.883134,17.10774,544.8894
2026/05/20 13:13:00.261,n,422.17152,4.661696,4.921907,0.637878,OverRange,OverRange,OverRange,11.973846,17.05433,585.33424
2026/05/20 13:14:00.262,n,451.43648,5.476682,5.29075,0.503558,OverRange,OverRange,OverRange,12.030182,17.010506,647.67316
2026/05/20 13:15:00.263,n,296.71078,4.617887,5.101783,0.584506,OverRange,OverRange,OverRange,11.984456,16.9838,416.28812
2026/05/20 13:16:00.450,n,269.37266,5.566916,5.594645,0.354695,OverRange,OverRange,OverRange,12.014278,16.953902,342.2128
2026/05/20 13:17:00.268,n,340.951,5.415097,5.320931,0.482642,OverRange,OverRange,OverRange,12.147386,16.927194,438.8154
2026/05/20 13:18:00.272,n,295.43686,5.415646,5.070635,0.603538,OverRange,OverRange,OverRange,12.058996,16.89622,359.52792
2026/05/20 13:19:00.272,n,298.32186,4.129416,4.557515,0.266623,OverRange,OverRange,OverRange,12.060512,16.867332,353.1556
2026/05/20 13:20:00.360,n,306.7687,4.464897,4.587246,0.463827,OverRange,OverRange,OverRange,11.93039,16.850246,359.37636
2026/05/20 13:21:00.324,n,299.17084,5.262837,4.653019,0.622841,OverRange,OverRange,OverRange,11.904866,16.87408,348.50148
2026/05/20 13:22:00.260,n,298.87292,4.424552,4.45528,0.06118,OverRange,OverRange,OverRange,12.06667,16.840954,348.82576
2026/05/20 13:23:00.369,n,322.68082,4.571443,4.807745,0.583843,OverRange,OverRange,OverRange,12.024242,16.81849,381.91988
2026/05/20 13:24:00.328,n,311.50698,4.477979,5.05037,0.541551,OverRange,OverRange,OverRange,11.946916,16.79283,341.2222
2026/05/20 13:25:00.266,n,298.05192,4.370699,4.652675,0.42649,OverRange,OverRange,OverRange,11.87943,16.766092,337.05232
2026/05/20 13:26:00.268,n,275.4802,4.394699,5.025032,0.692392,OverRange,OverRange,OverRange,11.991394,16.74575,308.12638
2026/05/20 13:27:00.270,n,262.39182,4.185172,5.006778,0.836129,OverRange,OverRange,OverRange,12.121766,16.724392,274.89154
2026/05/20 13:28:00.272,n,294.05982,4.618864,4.91302,0.622645,OverRange,OverRange,OverRange,12.053284,16.694396,295.03074
2026/05/20 13:29:00.275,n,274.0355,5.534303,4.78714,0.620209,OverRange,OverRange,OverRange,12.035854,16.675128,286.34964
2026/05/20 13:30:00.277,n,222.79414,4.465292,4.900477,0.688088,OverRange,OverRange,OverRange,11.754532,16.650544,238.42806
2026/05/20 13:31:00.263,n,206.13554,5.94669,4.887155,0.685936,OverRange,OverRange,OverRange,11.713308,16.620548,219.2118
2026/05/20 13:32:00.266,n,200.56176,4.210494,4.746932,0.622647,OverRange,OverRange,OverRange,11.668794,16.58736,216.29264
2026/05/20 13:33:00.267,n,189.6735,4.777657,5.165074,0.619374,OverRange,OverRange,OverRange,11.745184,16.551006,209.5037
2026/05/20 13:34:00.270,n,190.53056,4.001928,5.028755,0.751662,OverRange,OverRange,OverRange,11.757824,16.521046,209.66266
2026/05/20 13:35:00.271,n,199.33818,5.466656,4.860714,0.646984,OverRange,OverRange,OverRange,11.719376,16.486746,221.6783
2026/05/20 13:36:00.276,n,214.70146,4.940608,5.445756,0.260743,OverRange,OverRange,OverRange,11.636388,16.442834,246.67922
2026/05/20 13:37:00.358,n,254.46038,4.609982,5.40111,0.676905,OverRange,OverRange,OverRange,11.537216,16.405342,315.65552
2026/05/20 13:38:00.280,n,306.6708,4.356883,4.840468,0.588287,OverRange,OverRange,OverRange,11.504838,16.372152,419.13536
2026/05/20 13:39:00.278,n,303.99686,5.602505,5.257088,0.570339,OverRange,OverRange,OverRange,11.453186,16.343204,447.74056
2026/05/20 13:40:00.268,n,336.92776,4.6863,4.953808,0.702359,OverRange,OverRange,OverRange,11.460684,16.298182,520.4182
2026/05/20 13:41:00.266,n,291.04822,5.744347,5.075263,0.617403,OverRange,OverRange,OverRange,11.64918,16.261736,484.9752
2026/05/20 13:42:00.268,n,571.21156,4.053439,4.735082,0.681875,OverRange,OverRange,OverRange,11.765534,16.233894,910.89824
2026/05/20 13:43:00.270,n,573.33636,5.432428,5.211494,0.64219,OverRange,OverRange,OverRange,11.736218,16.207066,937.36056
2026/05/20 13:44:00.274,n,538.64112,5.095853,5.222016,0.53458,OverRange,OverRange,OverRange,11.907888,16.192068,876.13408
2026/05/20 13:45:00.274,n,518.94996,4.534301,5.121792,0.654513,OverRange,OverRange,OverRange,12.091076,16.188876,845.87032
2026/05/20 13:46:00.277,n,558.38676,5.736715,5.304199,0.563281,OverRange,OverRange,OverRange,12.392014,16.192068,918.68488
2026/05/20 13:47:00.279,n,528.6336,4.466219,4.92943,0.549219,OverRange,OverRange,OverRange,12.417256,16.203838,849.51928
2026/05/20 13:48:00.284,n,447.71056,5.545646,5.119721,0.655824,OverRange,OverRange,OverRange,12.39356,16.218866,699.66064
2026/05/20 13:49:00.266,n,555.79304,5.429859,4.765796,0.671089,OverRange,OverRange,OverRange,12.443014,16.240284,886.71832
2026/05/20 13:50:00.270,n,620.47028,4.615042,4.288247,0.355938,OverRange,OverRange,OverRange,12.45461,16.257464,978.42928
2026/05/20 13:51:00.272,n,591.50056,4.287084,5.204354,0.524268,OverRange,OverRange,OverRange,12.538128,16.285306,911.45968
2026/05/20 13:52:00.274,n,706.42032,4.37685,5.082712,0.831195,OverRange,OverRange,OverRange,12.62818,16.312136,1076.9044
2026/05/20 13:53:00.276,n,592.64604,4.876514,4.718823,0.605378,OverRange,OverRange,OverRange,13.01006,16.348552,903.31272
2026/05/20 13:54:00.276,n,440.2296,5.33793,5.129209,0.482117,OverRange,OverRange,OverRange,13.037674,16.389268,655.3664
2026/05/20 13:55:00.280,n,272.07496,4.57948,4.952815,0.5316,OverRange,OverRange,OverRange,13.064846,16.432076,381.75772
2026/05/20 13:56:00.280,n,271.1354,5.431483,5.095465,0.618684,OverRange,OverRange,OverRange,12.999908,16.458906,381.838
2026/05/20 13:57:00.282,n,255.68438,5.297259,4.984588,0.607662,OverRange,OverRange,OverRange,12.797328,16.484628,368.2886
2026/05/20 13:58:00.270,n,310.62684,5.992218,5.161089,0.730851,OverRange,OverRange,OverRange,12.755484,16.499624,463.32644
2026/05/20 13:59:00.270,n,246.04972,4.460542,4.95763,0.605073,OverRange,OverRange,OverRange,12.725734,16.509244,341.4756
2026/05/20 14:00:00.272,n,636.05292,4.337633,4.418182,0.091167,OverRange,OverRange,OverRange,12.637238,16.515664,943.45016
2026/05/20 14:01:00.274,n,463.64564,5.615069,5.175201,0.537773,OverRange,OverRange,OverRange,12.772862,16.521012,710.1556
2026/05/20 14:02:00.276,n,269.67096,4.759406,5.085871,0.603796,OverRange,OverRange,OverRange,12.684636,16.532814,360.12796
2026/05/20 14:03:00.280,n,273.3301,3.976603,4.892876,0.758799,OverRange,OverRange,OverRange,12.71666,16.53601,362.83768
2026/05/20 14:04:00.264,n,265.3942,4.309672,4.919972,0.675982,OverRange,OverRange,OverRange,12.82124,16.543508,354.66588
2026/05/20 14:05:00.268,n,299.59988,4.364744,4.736029,0.555248,OverRange,OverRange,OverRange,12.811932,16.545628,424.24568
2026/05/20 14:06:00.269,n,349.95596,5.979301,5.403311,0.616096,OverRange,OverRange,OverRange,12.737576,16.544552,522.9356
2026/05/20 14:07:00.274,n,505.26952,4.494722,4.747013,0.597743,OverRange,OverRange,OverRange,12.702794,16.542432,790.35672
2026/05/20 14:08:00.257,n,399.68684,5.606565,5.14663,0.571822,OverRange,OverRange,OverRange,12.650874,16.542432,642.13396
2026/05/20 14:09:00.259,n,341.52892,4.128575,4.748757,0.864588,OverRange,OverRange,OverRange,12.892044,16.548822,558.33528
2026/05/20 14:10:00.260,n,323.6101,5.43231,4.879612,0.424651,OverRange,OverRange,OverRange,12.875676,16.55955,511.46912
2026/05/20 14:11:00.264,n,459.34944,5.341367,5.282967,0.498181,OverRange,OverRange,OverRange,12.911708,16.560658,730.4488
2026/05/20 14:12:00.266,n,564.9478,5.566763,5.056217,0.591247,OverRange,OverRange,OverRange,12.793762,16.565972,916.63848
2026/05/20 14:13:00.267,n,559.96504,5.689838,5.280559,0.531138,OverRange,OverRange,OverRange,12.841412,16.58097,906.16776
2026/05/20 14:14:00.268,n,578.34832,5.901922,5.5115,0.55036,OverRange,OverRange,OverRange,12.729762,16.59062,923.60104
2026/05/20 14:15:00.275,n,563.85432,5.578305,5.248719,0.551617,OverRange,OverRange,OverRange,12.853008,16.606662,922.63624
2026/05/20 14:16:00.272,n,514.00416,5.550545,4.677623,0.433259,OverRange,OverRange,OverRange,12.78394,16.629126,864.73456
2026/05/20 14:17:00.258,n,451.65408,4.19479,4.963048,0.580372,OverRange,OverRange,OverRange,12.687912,16.650512,759.56784
2026/05/20 14:18:00.260,n,503.61524,4.185977,4.803159,0.730233,OverRange,OverRange,OverRange,12.899984,16.674084,840.20136
2026/05/20 14:19:00.263,n,507.42348,4.101642,4.915138,0.661078,OverRange,OverRange,OverRange,13.284404,16.694396,838.4548
2026/05/20 14:20:00.266,n,525.61688,4.295448,5.023339,0.569528,OverRange,OverRange,OverRange,13.196056,16.715816,855.46016
2026/05/20 14:21:00.265,n,483.52444,4.385053,4.552772,0.506097,OverRange,OverRange,OverRange,13.072392,16.752628,801.1384
2026/05/20 14:22:00.267,n,280.45068,4.500335,4.815115,0.5998,OverRange,OverRange,OverRange,13.020676,16.778288,432.14676
2026/05/20 14:23:00.271,n,407.27316,5.876389,5.458678,0.371858,OverRange,OverRange,OverRange,13.062622,16.807142,653.8752
2026/05/20 14:24:00.273,n,534.48048,4.820408,4.600705,0.380171,OverRange,OverRange,OverRange,13.031926,16.823184,858.63496
2026/05/20 14:25:00.257,n,535.86812,4.297392,4.407609,0.139218,OverRange,OverRange,OverRange,12.981318,16.842454,838.56296
2026/05/20 14:26:00.263,n,494.6328,5.518379,5.157154,0.491344,OverRange,OverRange,OverRange,13.11612,16.862798,755.08128
2026/05/20 14:27:00.263,n,261.12534,4.448715,4.81659,0.566212,OverRange,OverRange,OverRange,13.023122,16.889472,352.39756
2026/05/20 14:28:00.267,n,296.30308,4.347925,4.569852,0.613877,OverRange,OverRange,OverRange,12.966614,16.915164,405.33372
2026/05/20 14:29:00.267,n,364.09116,4.435239,4.883957,0.733148,OverRange,OverRange,OverRange,13.01447,16.923708,507.9092
2026/05/20 14:30:00.267,n,493.37696,4.379646,4.945269,0.623073,OverRange,OverRange,OverRange,12.960302,16.925828,817.0944
2026/05/20 14:31:00.269,n,188.57088,5.541559,4.631966,0.538459,OverRange,OverRange,OverRange,12.67953,16.93225,321.29294
2026/05/20 14:32:00.271,n,338.31404,5.658251,4.908321,0.76898,OverRange,OverRange,OverRange,12.662146,16.938672,535.93952
2026/05/20 14:33:00.275,n,378.48424,4.342152,4.993676,0.843403,OverRange,OverRange,OverRange,12.85171,16.936522,595.35084
2026/05/20 14:34:00.259,n,536.62872,6.117482,5.165345,0.73482,OverRange,OverRange,OverRange,12.826264,16.932216,874.9512
2026/05/20 14:35:00.263,n,371.94596,4.226645,4.761953,0.753206,OverRange,OverRange,OverRange,12.876344,16.923642,612.88008
2026/05/20 14:36:00.264,n,399.18132,5.274512,4.902041,0.70148,OverRange,OverRange,OverRange,12.916154,16.926838,655.09692
2026/05/20 14:37:00.266,n,474.09908,4.245246,4.866087,0.651243,OverRange,OverRange,OverRange,12.895248,16.931108,803.70408
2026/05/20 14:38:00.271,n,464.3518,5.567307,5.055252,0.699932,OverRange,OverRange,OverRange,12.880128,16.937532,793.67064
2026/05/20 14:39:00.270,n,458.52,4.391813,4.962511,0.697002,OverRange,OverRange,OverRange,12.817898,16.95253,785.43992
2026/05/20 14:40:00.271,n,454.158,5.130118,5.055112,0.55131,OverRange,OverRange,OverRange,12.667156,16.969616,779.36336
2026/05/20 14:41:00.277,n,447.5714,5.915946,5.051638,0.706578,OverRange,OverRange,OverRange,12.617748,16.977086,768.23
2026/05/20 14:42:00.276,n,456.71764,5.593185,5.11629,0.641618,OverRange,OverRange,OverRange,12.682034,16.98778,783.62576
2026/05/20 14:43:00.260,n,452.59864,5.446069,5.277154,0.462692,OverRange,OverRange,OverRange,12.844086,16.999548,776.6504
2026/05/20 14:44:00.263,n,453.17088,5.522937,5.346405,0.195266,OverRange,OverRange,OverRange,12.954082,17.010212,775.21048
2026/05/20 14:45:00.265,n,252.94628,5.525973,5.486985,0.165691,OverRange,OverRange,OverRange,13.042114,17.027298,436.87888
2026/05/20 14:46:00.267,n,406.856,4.565266,5.122663,0.581302,OverRange,OverRange,OverRange,12.937054,17.04546,665.34892
2026/05/20 14:47:00.268,n,390.82388,6.019284,5.43068,0.487205,OverRange,OverRange,OverRange,12.628088,17.049732,658.88188
2026/05/20 14:48:00.272,n,262.2425,4.687369,4.965806,0.575352,OverRange,OverRange,OverRange,12.62178,17.058276,446.45396
2026/05/20 14:49:00.273,n,426.07704,5.896412,5.181691,0.61134,OverRange,OverRange,OverRange,12.828462,17.063492,713.53584
2026/05/20 14:50:00.275,n,374.56408,4.345163,5.050641,0.666986,OverRange,OverRange,OverRange,12.906022,17.066656,626.45296
2026/05/20 14:51:00.279,n,446.24528,4.421253,5.245398,0.675653,OverRange,OverRange,OverRange,13.024618,17.062416,765.81712
2026/05/20 14:52:00.266,n,438.62364,5.847597,5.629923,0.388109,OverRange,OverRange,OverRange,12.84781,17.073078,755.62496
2026/05/20 14:53:00.264,n,437.71,5.351493,5.305819,0.591956,OverRange,OverRange,OverRange,12.918458,17.089122,750.92952
2026/05/20 14:54:00.268,n,431.33716,5.247347,4.606509,0.632868,OverRange,OverRange,OverRange,12.76087,17.099784,737.12456
2026/05/20 14:55:00.271,n,437.54508,5.530582,4.700477,0.611163,OverRange,OverRange,OverRange,12.806982,17.116904,747.78376
2026/05/20 14:56:00.271,n,438.04652,4.351416,5.172923,0.775327,OverRange,OverRange,OverRange,13.069,17.131806,747.74512
2026/05/20 14:57:00.273,n,434.48812,5.328896,4.870112,0.699212,OverRange,OverRange,OverRange,13.22548,17.154272,741.68832
2026/05/20 14:58:00.277,n,432.8444,5.597229,5.158042,0.622137,OverRange,OverRange,OverRange,13.328248,17.174524,740.95312
2026/05/20 14:59:00.278,n,440.683,4.402149,4.672573,0.355387,OverRange,OverRange,OverRange,13.48968,17.200186,744.22536
2026/05/20 15:00:00.278,n,377.54196,5.405533,5.259172,0.449647,OverRange,OverRange,OverRange,13.200668,17.232206,634.78784
2026/05/20 15:01:00.265,n,468.2562,4.446031,4.863985,0.741976,OverRange,OverRange,OverRange,13.249786,17.262108,740.03336
2026/05/20 15:02:00.266,n,467.51724,6.006151,4.96518,0.856456,OverRange,OverRange,OverRange,13.181942,17.28774,695.12792
2026/05/20 15:03:00.269,n,559.6452,4.749461,4.919343,0.662491,OverRange,OverRange,OverRange,13.202958,17.318656,852.84528
2026/05/20 15:04:00.270,n,278.4542,4.409196,4.793044,0.695541,OverRange,OverRange,OverRange,13.267258,17.350678,378.59972
2026/05/20 15:05:00.272,n,239.12006,4.539225,4.568088,0.437081,OverRange,OverRange,OverRange,13.172318,17.383908,299.01032
2026/05/20 15:06:00.277,n,268.06808,3.986111,4.77236,0.597878,OverRange,OverRange,OverRange,13.28325,17.3903,372.73156
2026/05/20 15:07:00.277,n,191.86706,4.844246,5.317349,0.731905,OverRange,OverRange,OverRange,13.177394,17.405204,253.4112
2026/05/20 15:08:00.280,n,163.7984,5.492247,4.875278,0.536256,OverRange,OverRange,OverRange,12.980144,17.40843,229.2586
2026/05/20 15:09:00.282,n,387.3784,4.284948,5.162781,0.823046,OverRange,OverRange,OverRange,12.804042,17.407354,615.51008
2026/05/20 15:10:00.265,n,453.63224,4.132699,4.821996,0.749593,OverRange,OverRange,OverRange,12.799164,17.397798,743.36064
2026/05/20 15:11:00.269,n,454.9554,4.238276,4.917676,0.754859,OverRange,OverRange,OverRange,12.77825,17.391344,745.3196
2026/05/20 15:12:00.270,n,253.84966,4.146891,4.616327,0.700663,OverRange,OverRange,OverRange,12.955724,17.399922,381.09904
2026/05/20 15:13:00.272,n,452.08824,4.199234,4.880928,0.77923,OverRange,OverRange,OverRange,12.89239,17.403052,701.43768
2026/05/20 15:14:00.274,n,324.87836,4.054223,4.578562,0.62926,OverRange,OverRange,OverRange,12.7175,17.409508,438.948
2026/05/20 15:15:00.275,n,500.49584,5.675304,5.150098,0.810814,OverRange,OverRange,OverRange,12.817566,17.4159,732.95192
2026/05/20 15:16:00.278,n,509.55428,5.640291,4.934024,0.752198,OverRange,OverRange,OverRange,13.111548,17.416976,780.6376
2026/05/20 15:17:00.280,n,293.15864,4.055277,5.023884,0.892807,OverRange,OverRange,OverRange,13.262736,17.435108,424.27676
2026/05/20 15:18:00.283,n,175.61492,4.322083,4.70283,0.839326,OverRange,OverRange,OverRange,13.450522,17.456434,228.32764
2026/05/20 15:19:00.269,n,121.14656,4.993671,5.094242,0.636836,OverRange,OverRange,OverRange,13.18984,17.4671,157.74148
2026/05/20 15:20:00.269,n,93.590568,4.403188,4.99384,0.818417,OverRange,OverRange,OverRange,13.124004,17.472446,120.09566
2026/05/20 15:21:00.274,n,81.423272,4.431024,4.989403,0.729212,OverRange,OverRange,OverRange,13.161728,17.469218,98.71404
2026/05/20 15:22:00.273,n,77.504312,3.870525,4.578389,0.808133,OverRange,OverRange,OverRange,12.825944,17.440424,86.536104
2026/05/20 15:23:00.275,n,81.362072,5.604586,5.115397,0.617425,OverRange,OverRange,OverRange,12.480424,17.40628,82.31684
2026/05/20 15:24:00.277,n,89.901144,4.662569,4.724586,0.667937,OverRange,OverRange,OverRange,12.161102,17.362582,86.12588
2026/05/20 15:25:00.279,n,95.357792,5.518917,5.124508,0.620467,OverRange,OverRange,OverRange,11.93453,17.303916,89.959832
2026/05/20 15:26:00.283,n,98.08328,5.563371,5.058597,0.566145,OverRange,OverRange,OverRange,11.772476,17.23987,91.442384
2026/05/20 15:27:00.268,n,98.99332,5.948742,5.068959,0.747663,OverRange,OverRange,OverRange,11.820776,17.176868,91.059024
2026/05/20 15:28:00.269,n,98.291384,4.091631,4.746215,0.666228,OverRange,OverRange,OverRange,11.862712,17.110644,88.623256
2026/05/20 15:29:00.271,n,100.5668,5.932413,4.983572,0.771284,OverRange,OverRange,OverRange,11.890274,17.047614,88.224216
2026/05/20 15:30:00.257,n,104.24274,5.278338,4.826772,0.721268,OverRange,OverRange,OverRange,11.68571,16.976042,91.423096
2026/05/20 15:31:00.259,n,104.37838,5.094275,5.277299,0.558028,OverRange,OverRange,OverRange,11.622472,16.915132,92.235536
2026/05/20 15:32:00.263,n,102.2237,4.623687,5.078944,0.827679,OverRange,OverRange,OverRange,11.733288,16.84992,90.060848
2026/05/20 15:33:00.263,n,100.97416,4.715086,5.251551,0.696185,OverRange,OverRange,OverRange,11.637654,16.791102,87.977968
2026/05/20 15:34:00.265,n,102.81798,4.38722,4.359714,0.038808,OverRange,OverRange,OverRange,11.565044,16.72586,87.953056
2026/05/20 15:35:00.267,n,107.38446,4.447446,4.560466,0.431753,OverRange,OverRange,OverRange,11.62727,16.663816,90.738224
2026/05/20 15:36:00.269,n,113.51008,5.514447,4.96509,0.687049,OverRange,OverRange,OverRange,11.690018,16.62919,95.974696
2026/05/20 15:37:00.272,n,121.12088,4.340122,4.524439,0.340799,OverRange,OverRange,OverRange,11.582214,16.566004,103.0909
2026/05/20 15:38:00.258,n,127.66962,5.767864,5.374795,0.581357,OverRange,OverRange,OverRange,11.481242,16.518892,110.72202
2026/05/20 15:39:00.258,n,133.87478,4.393276,4.670659,0.561656,OverRange,OverRange,OverRange,11.550848,16.471816,118.59162
2026/05/20 15:40:00.266,n,138.63268,5.636924,5.324873,0.695732,OverRange,OverRange,OverRange,11.49669,16.42575,126.18964
2026/05/20 15:41:00.265,n,142.46708,5.611902,5.557025,0.12074,OverRange,OverRange,OverRange,11.49846,16.388256,133.7454
2026/05/20 15:42:00.265,n,147.76118,5.570445,4.614863,0.658634,OverRange,OverRange,OverRange,11.45667,16.34004,143.10062
2026/05/20 15:43:00.270,n,154.06112,5.667754,4.691494,0.721661,OverRange,OverRange,OverRange,11.458964,16.305746,155.71056
2026/05/20 15:44:00.268,n,159.07718,4.72563,4.958181,0.587288,OverRange,OverRange,OverRange,11.518952,16.27145,168.64314
2026/05/20 15:45:00.270,n,161.29206,4.52398,4.882882,0.554454,OverRange,OverRange,OverRange,11.503266,16.241426,179.9466
2026/05/20 15:46:00.273,n,162.62638,5.456038,4.430934,0.523185,OverRange,OverRange,OverRange,11.379472,16.208192,193.11326
2026/05/20 15:47:00.257,n,145.80714,5.884544,5.373118,0.677358,OverRange,OverRange,OverRange,11.377706,16.173912,174.018
2026/05/20 15:48:00.259,n,134.45366,5.588712,5.772913,0.192432,OverRange,OverRange,OverRange,11.306804,16.141722,164.2402
2026/05/20 15:49:00.261,n,129.16278,5.502805,4.831177,0.545168,OverRange,OverRange,OverRange,11.302496,16.107378,162.1342
2026/05/20 15:50:00.263,n,124.1756,4.615142,5.185912,0.710072,OverRange,OverRange,OverRange,11.338974,16.115232,155.0209
2026/05/20 15:51:00.266,n,120.02776,5.838274,5.166305,0.657001,OverRange,OverRange,OverRange,11.430014,16.068016,150.37016
2026/05/20 15:52:00.269,n,113.77104,4.231123,4.762014,0.654418,OverRange,OverRange,OverRange,11.367722,16.030448,143.62732
2026/05/20 15:53:00.270,n,107.04792,5.010388,5.032229,0.703841,OverRange,OverRange,OverRange,11.300604,15.99071,135.68734
2026/05/20 15:54:00.272,n,111.97136,4.844371,4.779353,0.703719,OverRange,OverRange,OverRange,11.247926,15.948904,151.70024
2026/05/20 15:55:00.257,n,99.267632,5.538564,4.932143,0.760016,OverRange,OverRange,OverRange,11.181784,15.90273,135.29886
2026/05/20 15:56:00.260,n,112.46722,5.600832,5.03929,0.934845,OverRange,OverRange,OverRange,11.093324,15.859736,161.00334
2026/05/20 15:57:00.263,n,172.29756,5.752,4.836441,0.719949,OverRange,OverRange,OverRange,11.083462,15.811396,279.7501
2026/05/20 15:58:00.266,n,97.402776,4.364133,4.938291,0.642304,OverRange,OverRange,OverRange,11.168086,15.774874,139.35098
2026/05/20 15:59:00.265,n,75.331416,4.356339,4.950575,0.634154,OverRange,OverRange,OverRange,11.157196,15.735172,103.3303
2026/05/20 16:00:00.268,n,68.1132,3.96171,4.967559,0.802409,OverRange,OverRange,OverRange,11.133138,15.688986,91.139072
2026/05/20 16:01:00.271,n,102.86186,5.554951,5.189449,0.645997,OverRange,OverRange,OverRange,11.098912,15.647492,151.6331
2026/05/20 16:02:00.277,n,171.46222,5.727699,4.956581,0.796178,OverRange,OverRange,OverRange,11.103734,15.602676,304.63064
2026/05/20 16:03:00.273,n,245.17088,5.614793,5.075007,0.775038,OverRange,OverRange,OverRange,11.208136,15.597802,467.58928
2026/05/20 16:04:00.259,n,226.8011,5.64709,4.90783,0.735046,OverRange,OverRange,OverRange,11.38174,15.562552,437.79684
2026/05/20 16:05:00.261,n,248.70762,5.689196,4.932725,0.790091,OverRange,OverRange,OverRange,11.504532,15.55403,480.56912
2026/05/20 16:06:00.265,n,237.20274,4.485804,4.717171,0.662781,OverRange,OverRange,OverRange,11.60377,15.552954,459.07924
2026/05/20 16:07:00.265,n,199.89692,5.869278,4.841841,0.676454,OverRange,OverRange,OverRange,11.694322,15.56151,383.22756
2026/05/20 16:08:00.266,n,141.45158,5.52284,5.051081,0.601131,OverRange,OverRange,OverRange,11.72897,15.573226,246.63538
2026/05/20 16:09:00.268,n,235.48748,4.135249,4.453725,0.531118,OverRange,OverRange,OverRange,11.554408,15.5818,433.58216
2026/05/20 16:10:00.270,n,135.55846,5.510823,5.238835,0.838123,OverRange,OverRange,OverRange,11.553126,15.591398,230.00562
2026/05/20 16:11:00.273,n,98.028104,4.460296,4.73019,0.656905,OverRange,OverRange,OverRange,11.54504,15.592474,131.94332
2026/05/20 16:12:00.279,n,165.5433,5.749814,4.707168,0.61911,OverRange,OverRange,OverRange,11.435176,15.589248,265.27868
2026/05/20 16:13:00.261,n,240.1466,6.022318,5.606104,0.634031,OverRange,OverRange,OverRange,11.425798,15.570032,436.13744
2026/05/20 16:14:00.266,n,200.42076,4.145725,5.023112,0.703804,OverRange,OverRange,OverRange,11.565288,15.564704,340.99588
2026/05/20 16:15:00.265,n,243.11906,5.909814,5.160357,0.719766,OverRange,OverRange,OverRange,11.688264,15.556182,431.73228
2026/05/20 16:16:00.267,n,215.19334,3.8811,5.280279,0.698503,OverRange,OverRange,OverRange,11.782104,15.565764,367.13528
2026/05/20 16:17:00.270,n,213.01286,6.063958,4.780237,0.665075,OverRange,OverRange,OverRange,11.75758,15.577514,385.21988
2026/05/20 16:18:00.271,n,235.98078,5.538363,5.411048,0.173043,OverRange,OverRange,OverRange,11.667766,15.589248,433.54884
2026/05/20 16:19:00.272,n,185.22944,5.814607,4.448854,0.716171,OverRange,OverRange,OverRange,11.64502,15.613806,339.78232
2026/05/20 16:20:00.275,n,122.94558,4.438899,4.679824,0.64487,OverRange,OverRange,OverRange,11.611348,15.62135,185.18854
2026/05/20 16:21:00.277,n,221.74092,5.447747,5.1829,0.522191,OverRange,OverRange,OverRange,11.648036,15.629874,412.62192
2026/05/20 16:22:00.262,n,184.72416,5.46087,4.709028,0.462481,OverRange,OverRange,OverRange,11.685476,15.63413,336.86588
2026/05/20 16:23:00.264,n,202.65592,4.230289,4.553913,0.442214,OverRange,OverRange,OverRange,11.6913,15.643728,378.49276
2026/05/20 16:24:00.266,n,190.83348,4.40396,4.248098,0.119693,OverRange,OverRange,OverRange,11.577948,15.651208,346.98728
2026/05/20 16:25:00.268,n,181.35536,3.992424,3.976671,0.115852,OverRange,OverRange,OverRange,11.669796,15.659764,336.7328
2026/05/20 16:26:00.271,n,110.46806,4.357554,4.568462,0.405216,OverRange,OverRange,OverRange,11.728994,15.667212,180.0584
2026/05/20 16:27:00.271,n,137.56536,4.694543,4.69035,0.554005,OverRange,OverRange,OverRange,11.6326,15.676844,264.01334
2026/05/20 16:28:00.275,n,98.438544,3.989248,4.818311,0.59278,OverRange,OverRange,OverRange,11.68067,15.667212,177.0426
2026/05/20 16:29:00.277,n,77.988528,5.419115,4.716879,0.769734,OverRange,OverRange,OverRange,11.486822,15.667212,129.01694
2026/05/20 16:30:00.277,n,60.033572,4.457031,4.738494,0.687198,OverRange,OverRange,OverRange,11.400732,15.643728,80.792064
2026/05/20 16:31:00.263,n,56.578552,5.464833,4.822474,0.683589,OverRange,OverRange,OverRange,11.369828,15.629874,70.747
2026/05/20 16:32:00.265,n,53.33382,4.264659,4.611799,0.573516,OverRange,OverRange,OverRange,11.31361,15.595652,65.379988
2026/05/20 16:33:00.270,n,48.752712,4.468447,4.387013,0.498818,OverRange,OverRange,OverRange,11.238088,15.567914,58.384176
2026/05/20 16:34:00.269,n,44.494396,4.435591,4.852997,0.612828,OverRange,OverRange,OverRange,11.188452,15.527302,52.463084
2026/05/20 16:35:00.271,n,39.691708,4.888715,5.088864,0.750149,OverRange,OverRange,OverRange,11.21404,15.485634,46.709392
2026/05/20 16:36:00.273,n,33.51363,5.088824,4.889074,0.755661,OverRange,OverRange,OverRange,11.237086,15.446098,40.483868
2026/05/20 16:37:00.275,n,27.872874,5.91773,5.041258,0.610641,OverRange,OverRange,OverRange,11.162602,15.394782,33.7581
2026/05/20 16:38:00.277,n,24.19564,5.807838,5.405419,0.370974,OverRange,OverRange,OverRange,11.051824,15.355232,28.49936
2026/05/20 16:39:00.283,n,21.103716,4.315223,4.425873,0.476895,OverRange,OverRange,OverRange,10.943294,15.306004,24.407312
2026/05/20 16:40:00.264,n,19.014076,4.466205,4.944181,0.678458,OverRange,OverRange,OverRange,10.809602,15.26217,21.017554
2026/05/20 16:41:00.268,n,18.64611,6.090274,5.153363,0.747054,OverRange,OverRange,OverRange,10.787796,15.211898,19.217516
2026/05/20 16:42:00.269,n,18.599152,5.58882,5.190511,0.519155,OverRange,OverRange,OverRange,10.74236,15.169074,18.47581
2026/05/20 16:43:00.273,n,18.84485,4.442774,5.133593,0.710564,OverRange,OverRange,OverRange,10.621816,15.123058,18.01106
2026/05/20 16:44:00.272,n,19.08708,6.084018,5.329337,0.663637,OverRange,OverRange,OverRange,10.627392,15.075984,17.757312
2026/05/20 16:45:00.276,n,19.011,4.886184,5.127074,0.467564,OverRange,OverRange,OverRange,10.578894,15.050174,17.631378
2026/05/20 16:46:00.279,n,18.36218,5.56436,5.726689,0.20489,OverRange,OverRange,OverRange,10.588054,14.997706,17.00332
2026/05/20 16:47:00.281,n,18.347428,4.628613,4.683379,0.592335,OverRange,OverRange,OverRange,10.563176,14.952734,16.27817
2026/05/20 16:48:00.282,n,18.619168,4.403135,5.034515,0.512621,OverRange,OverRange,OverRange,10.454712,14.907746,16.499326
2026/05/20 16:49:00.268,n,19.165088,4.068839,4.470993,0.438902,OverRange,OverRange,OverRange,10.463354,14.86061,16.520656
2026/05/20 16:50:00.270,n,19.465826,5.292618,4.593853,0.605748,OverRange,OverRange,OverRange,10.534466,14.813458,16.675686
2026/05/20 16:51:00.271,n,19.982494,5.555119,5.265017,0.479868,OverRange,OverRange,OverRange,10.56013,14.771632,16.867574
2026/05/20 16:52:00.274,n,20.227676,5.48668,5.170777,0.527292,OverRange,OverRange,OverRange,10.537522,14.735186,16.90648
2026/05/20 16:53:00.275,n,20.645296,3.964095,4.993378,0.831319,OverRange,OverRange,OverRange,10.532176,14.69442,16.925764
2026/05/20 16:54:00.328,n,21.085754,5.024677,4.48065,0.518006,OverRange,OverRange,OverRange,10.586294,14.667636,17.292138
2026/05/20 16:55:00.389,n,21.465142,4.33689,4.577473,0.630123,OverRange,OverRange,OverRange,10.6076,14.629024,17.317306
2026/05/20 16:56:00.280,n,21.745348,6.105891,4.967759,0.773443,OverRange,OverRange,OverRange,10.535748,14.592512,17.54025
2026/05/20 16:57:00.282,n,22.293838,5.359622,5.611507,0.575869,OverRange,OverRange,OverRange,10.495866,14.56677,17.852104
2026/05/20 16:58:00.268,n,22.83937,4.59701,4.913495,0.731673,OverRange,OverRange,OverRange,10.542858,14.539954,18.276328
2026/05/20 16:59:00.270,n,23.203874,5.530845,5.554414,0.538113,OverRange,OverRange,OverRange,10.577658,14.508852,18.586216
2026/05/20 17:00:00.272,n,23.76365,4.352597,4.639614,0.596982,OverRange,OverRange,OverRange,10.55251,14.480912,19.072382
2026/05/20 17:01:00.277,n,24.385016,4.931407,4.655106,0.41749,OverRange,OverRange,OverRange,10.498912,14.458414,19.808116
2026/05/20 17:02:00.276,n,24.635588,5.515332,5.232815,0.48045,OverRange,OverRange,OverRange,10.451132,14.43049,20.462448
2026/05/20 17:03:00.278,n,24.34973,5.87801,4.916345,0.756783,OverRange,OverRange,OverRange,10.432618,14.449926,20.793414
2026/05/20 17:04:00.280,n,24.011786,4.499014,5.434354,0.510967,OverRange,OverRange,OverRange,10.55451,14.418776,20.565348
2026/05/20 17:05:00.282,n,23.072878,5.503132,5.027185,0.783884,OverRange,OverRange,OverRange,10.569256,14.397306,19.854956
2026/05/20 17:06:00.270,n,22.696702,5.596736,5.107723,0.777874,OverRange,OverRange,OverRange,10.452394,14.364022,19.522028
2026/05/20 17:07:00.271,n,23.043754,5.393994,5.283371,0.702124,OverRange,OverRange,OverRange,10.470942,14.330706,19.568446
2026/05/20 17:08:00.272,n,23.422884,4.421311,5.222298,0.758253,OverRange,OverRange,OverRange,10.520218,14.302798,19.994456
2026/05/20 17:09:00.258,n,23.472406,5.503071,5.034529,0.456029,OverRange,OverRange,OverRange,10.560868,14.274846,20.137626
2026/05/20 17:10:00.260,n,23.250834,5.534122,4.961896,0.758829,OverRange,OverRange,OverRange,10.56161,14.249072,20.118346
2026/05/20 17:11:00.262,n,22.754692,4.438823,4.815174,0.733895,OverRange,OverRange,OverRange,10.55806,14.22112,19.8919
2026/05/20 17:12:00.263,n,22.136412,4.353477,4.323675,0.121037,OverRange,OverRange,OverRange,10.566448,14.19854,19.24516
2026/05/20 17:13:00.265,n,21.75138,6.077204,5.708036,0.216633,OverRange,OverRange,OverRange,10.506008,14.17277,18.80174
2026/05/20 17:14:00.268,n,21.637446,4.495236,4.432006,0.213911,OverRange,OverRange,OverRange,10.474492,14.140498,18.702852
2026/05/20 17:15:00.270,n,21.591004,4.497076,5.007334,0.665587,OverRange,OverRange,OverRange,10.47729,14.117888,19.09593
2026/05/20 17:16:00.273,n,21.640528,5.565676,5.516785,0.05701,OverRange,OverRange,OverRange,10.526586,14.097478,19.42715
2026/05/20 17:17:00.256,n,21.707498,4.133736,4.667932,0.620408,OverRange,OverRange,OverRange,10.45572,14.068432,19.998296
2026/05/20 17:18:00.262,n,20.887658,5.445262,4.46796,0.517439,OverRange,OverRange,OverRange,10.477052,14.045872,19.862804
2026/05/20 17:19:00.265,n,19.877416,4.585281,4.941403,0.580162,OverRange,OverRange,OverRange,10.528866,14.024368,18.925542
2026/05/20 17:20:00.262,n,18.373728,4.805409,5.221322,0.446216,OverRange,OverRange,OverRange,10.551724,14.00285,17.819512
2026/05/20 17:21:00.266,n,16.451266,5.381977,5.304998,0.380225,OverRange,OverRange,OverRange,10.52682,13.98024,16.338576
2026/05/20 17:22:00.272,n,14.393574,4.263652,4.696083,0.725611,OverRange,OverRange,OverRange,10.452648,13.954438,14.71123
2026/05/20 17:23:00.271,n,12.465982,5.59568,5.073962,0.656875,OverRange,OverRange,OverRange,10.459254,13.933964,12.945064
2026/05/20 17:24:00.270,n,10.77459,5.303257,5.034785,0.72389,OverRange,OverRange,OverRange,10.44071,13.94657,11.527182
2026/05/20 17:25:00.279,n,11.20953,4.179069,4.361115,0.611175,OverRange,OverRange,OverRange,10.49701,13.920736,16.46144
2026/05/20 17:26:00.261,n,13.10569,4.279582,5.122434,0.674267,OverRange,OverRange,OverRange,10.495728,13.89386,27.859274
2026/05/20 17:27:00.261,n,8.432968,4.835091,5.250523,0.671259,OverRange,OverRange,OverRange,10.526978,13.87985,11.368226
2026/05/20 17:28:00.264,n,6.859997,5.356405,4.957356,0.59898,OverRange,OverRange,OverRange,10.560258,13.862634,6.453761
2026/05/20 17:29:00.264,n,6.713862,5.563657,5.286223,0.714152,OverRange,OverRange,OverRange,10.574468,13.852924,5.747465
2026/05/20 17:30:00.268,n,6.448408,3.875179,4.473942,0.721508,OverRange,OverRange,OverRange,10.598846,13.840026,5.301316
2026/05/20 17:31:00.267,n,6.001536,4.247442,4.207735,0.197766,OverRange,OverRange,OverRange,10.636948,13.824976,4.857044
2026/05/20 17:32:00.271,n,5.47037,4.436736,4.33659,0.066739,OverRange,OverRange,OverRange,10.625784,13.815298,4.152198
2026/05/20 17:33:00.271,n,4.962297,3.981992,5.274854,0.67402,OverRange,OverRange,OverRange,10.569906,13.804482,3.812616
2026/05/20 17:34:00.257,n,4.670028,4.363188,4.311674,0.170663,OverRange,OverRange,OverRange,10.556702,13.799156,3.463223
2026/05/20 17:35:00.264,n,3.980923,5.981545,5.423756,0.525477,OverRange,OverRange,OverRange,10.521374,13.781906,3.064939
2026/05/20 17:36:00.262,n,3.118997,5.561605,5.5876,0.089623,OverRange,OverRange,OverRange,10.339188,13.775408,2.455057
2026/05/20 17:37:00.264,n,2.303773,4.3917,5.259552,0.590058,OverRange,OverRange,OverRange,10.360814,13.759284,1.648764
2026/05/20 17:38:00.265,n,1.397711,5.473569,5.113243,0.524605,OverRange,OverRange,OverRange,10.38113,13.74529,0.826515
2026/05/20 17:39:00.270,n,0.877707,5.183607,4.955098,0.631717,OverRange,OverRange,OverRange,10.43247,13.728042,0.118854
2026/05/20 17:40:00.270,n,0.2371,5.361421,4.54113,0.657613,OverRange,OverRange,OverRange,10.468796,13.718318,-0.355878
2026/05/20 17:41:00.272,n,-0.043751,5.684149,5.310346,0.839235,OverRange,OverRange,OverRange,10.409074,13.700026,-0.770032
2026/05/20 17:42:00.273,n,-0.31562,4.465904,4.968419,0.574354,OverRange,OverRange,OverRange,10.440104,13.684926,-1.157223
2026/05/20 17:43:00.261,n,-0.458933,5.563809,4.932025,0.4803,OverRange,OverRange,OverRange,10.4843,13.67092,-1.291605
2026/05/20 17:44:00.262,n,-0.672682,4.116704,4.836243,0.664692,OverRange,OverRange,OverRange,10.484538,13.65802,-1.476328
2026/05/20 17:45:00.263,n,-0.803934,5.921737,5.198401,0.756472,OverRange,OverRange,OverRange,10.477184,13.640706,-1.591171
2026/05/20 17:46:00.266,n,-0.754281,4.990099,4.873243,0.601146,OverRange,OverRange,OverRange,10.482518,13.624598,-1.746713
2026/05/20 17:47:00.267,n,-0.818817,5.249656,5.373056,0.541855,OverRange,OverRange,OverRange,10.53155,13.609498,-1.79364
2026/05/20 17:48:00.270,n,-0.944424,5.726374,5.736016,0.500378,OverRange,OverRange,OverRange,10.53004,13.594418,-1.960957
2026/05/20 17:49:00.274,n,-1.026408,5.537339,5.085807,0.566428,OverRange,OverRange,OverRange,10.46726,13.579318,-1.976656
2026/05/20 17:50:00.274,n,-1.219244,4.281158,4.388417,0.33732,OverRange,OverRange,OverRange,10.353694,13.564236,-2.029215
2026/05/20 17:51:00.275,n,-1.280829,6.009412,5.813617,0.273248,OverRange,OverRange,OverRange,10.437552,13.551304,-2.138086
2026/05/20 17:52:00.261,n,-1.324836,5.515419,4.48407,0.531115,OverRange,OverRange,OverRange,10.457372,13.54163,-2.198493
2026/05/20 17:53:00.265,n,-1.529476,4.518393,5.09159,0.480812,OverRange,OverRange,OverRange,10.436778,13.523274,-2.278184
2026/05/20 17:54:00.267,n,-1.725648,4.447939,4.580052,0.59384,OverRange,OverRange,OverRange,10.426362,13.510374,-2.319139
2026/05/20 17:55:00.267,n,-1.918741,4.092959,4.490991,0.483014,OverRange,OverRange,OverRange,10.480744,13.49521,-2.469135
2026/05/20 17:56:00.271,n,-2.14994,4.768384,5.25919,0.65144,OverRange,OverRange,OverRange,10.421026,13.480144,-2.644302
2026/05/20 17:57:00.270,n,-2.363561,4.268062,4.861153,0.648628,OverRange,OverRange,OverRange,10.389018,13.463956,-2.735681
2026/05/20 17:58:00.272,n,-2.849437,5.369368,4.588383,0.420703,OverRange,OverRange,OverRange,10.345038,13.44674,-3.016306
2026/05/20 17:59:00.274,n,-3.092054,5.593472,5.039376,0.688383,OverRange,OverRange,OverRange,10.392314,13.431642,-3.230208
2026/05/20 18:00:00.278,n,-3.235623,4.565626,5.035453,0.552043,OverRange,OverRange,OverRange,10.436026,13.415438,-3.446585
2026/05/20 18:01:00.263,n,-3.487349,5.321355,5.046255,0.660117,OverRange,OverRange,OverRange,10.437038,13.43293,-3.652893
2026/05/20 18:02:00.265,n,-3.239215,4.439617,4.696974,0.377381,OverRange,OverRange,OverRange,10.455836,13.418922,-3.528664
2026/05/20 18:03:00.268,n,-3.286045,4.523173,4.679337,0.580945,OverRange,OverRange,OverRange,10.391806,13.398434,-3.66902
2026/05/20 18:04:00.267,n,-3.309139,5.40492,4.784584,0.617598,OverRange,OverRange,OverRange,10.456356,13.384394,-3.667057
2026/05/20 18:05:00.270,n,-3.16865,5.406266,4.759012,0.418527,OverRange,OverRange,OverRange,10.436016,13.3714,-3.686596
2026/05/20 18:06:00.273,n,-3.256664,5.374367,5.081659,0.623957,OverRange,OverRange,OverRange,10.372224,13.363874,-3.631904
2026/05/20 18:07:00.275,n,-3.203804,5.689116,5.614796,0.121031,OverRange,OverRange,OverRange,10.379608,13.353092,-3.692483
2026/05/20 18:08:00.277,n,-3.203932,5.628574,5.413404,0.702925,OverRange,OverRange,OverRange,10.422816,13.346626,-3.826865
2026/05/20 18:09:00.280,n,-3.16865,4.978962,5.714954,0.41051,OverRange,OverRange,OverRange,10.409852,13.342296,-3.828913
2026/05/20 18:10:00.263,n,-3.162748,5.898373,4.894636,0.880242,OverRange,OverRange,OverRange,10.411892,13.33262,-3.770297
2026/05/20 18:11:00.266,n,-3.236008,5.594342,5.44236,0.384038,OverRange,OverRange,OverRange,10.41444,13.331512,-3.832411
2026/05/20 18:12:00.267,n,-3.113224,4.227428,4.379992,0.236894,OverRange,OverRange,OverRange,10.459656,13.333662,-3.846319
2026/05/20 18:13:00.268,n,-3.133495,5.364392,5.02438,0.481316,OverRange,OverRange,OverRange,10.496496,13.319624,-3.702295
2026/05/20 18:14:00.272,n,-2.98133,5.041714,4.94209,0.590725,OverRange,OverRange,OverRange,10.50616,13.315308,-3.69035
2026/05/20 18:15:00.273,n,-3.010583,5.405104,4.776159,0.507665,OverRange,OverRange,OverRange,10.534358,13.309916,-3.651614
2026/05/20 18:16:00.275,n,-2.852901,4.391237,5.181684,0.681412,OverRange,OverRange,OverRange,10.433752,13.302344,-3.647689
2026/05/20 18:17:00.276,n,-2.87035,5.396936,5.114476,0.43359,OverRange,OverRange,OverRange,10.391292,13.299136,-3.534552
2026/05/20 18:18:00.278,n,-2.864448,3.968962,4.628781,0.631888,OverRange,OverRange,OverRange,10.382412,13.294852,-3.544364
2026/05/20 18:19:00.264,n,-3.013405,5.286761,4.466471,0.736523,OverRange,OverRange,OverRange,10.309968,13.285098,-3.466294
2026/05/20 18:20:00.268,n,-2.978636,5.991762,5.108133,0.761867,OverRange,OverRange,OverRange,10.381898,13.279676,-3.521071
2026/05/20 18:21:00.268,n,-2.785415,5.604046,5.700723,0.16462,OverRange,OverRange,OverRange,10.413148,13.27,-3.49556
2026/05/20 18:22:00.269,n,-2.823392,5.608242,5.682308,0.120829,OverRange,OverRange,OverRange,10.446936,13.262428,-3.516976
2026/05/20 18:23:00.272,n,-2.747566,5.653688,5.886618,0.182752,OverRange,OverRange,OverRange,10.42893,13.255962,-3.567657
2026/05/20 18:24:00.273,n,-2.864448,4.274483,4.601038,0.478711,OverRange,OverRange,OverRange,10.37884,13.251646,-3.552213
2026/05/20 18:25:00.275,n,-2.993006,5.418844,4.407079,0.558663,OverRange,OverRange,OverRange,10.426372,13.244088,-3.56177
2026/05/20 18:26:00.279,n,-2.975428,4.367789,4.965477,0.634063,OverRange,OverRange,OverRange,10.445166,13.233292,-3.674907
2026/05/20 18:27:00.279,n,-3.110273,5.493622,5.452228,0.044298,OverRange,OverRange,OverRange,10.38826,13.232234,-3.616461
2026/05/20 18:28:00.264,n,-2.958108,4.454774,5.241817,0.677232,OverRange,OverRange,OverRange,10.45838,13.227902,-3.653405
2026/05/20 18:29:00.266,n,-2.925776,5.199435,5.132272,0.52079,OverRange,OverRange,OverRange,10.49294,13.221418,-3.58711
2026/05/20 18:30:00.269,n,-2.922825,4.22155,4.39581,0.546171,OverRange,OverRange,OverRange,10.4838,13.214952,-3.561855
2026/05/20 18:31:00.270,n,-2.964009,5.599956,5.59228,0.098558,OverRange,OverRange,OverRange,10.459652,13.20738,-3.56578
2026/05/20 18:32:00.274,n,-2.928599,5.534761,5.178112,0.64239,OverRange,OverRange,OverRange,10.441102,13.200884,-3.548118
2026/05/20 18:33:00.275,n,-2.928599,4.262388,4.514263,0.575743,OverRange,OverRange,OverRange,10.46398,13.197642,-3.6203
2026/05/20 18:34:00.276,n,-3.025594,4.400881,4.644933,0.448154,OverRange,OverRange,OverRange,10.473888,13.194418,-3.522948
2026/05/20 18:35:00.279,n,-3.095646,4.578076,4.889254,0.54208,OverRange,OverRange,OverRange,10.488876,13.18468,-3.548374
2026/05/20 18:36:00.282,n,-2.914101,5.527982,4.666329,0.438632,OverRange,OverRange,OverRange,10.537908,13.18253,-3.600847
2026/05/20 18:37:00.266,n,-3.045737,5.334975,5.043341,0.827148,OverRange,OverRange,OverRange,10.458386,13.180364,-3.526788
2026/05/20 18:38:00.269,n,-2.773867,4.528465,4.853154,0.683513,OverRange,OverRange,OverRange,10.440334,13.16958,-3.452728
2026/05/20 18:39:00.269,n,-2.870222,5.597855,5.252846,0.600857,OverRange,OverRange,OverRange,10.419006,13.171748,-3.31826
2026/05/20 18:40:00.271,n,-2.840969,5.796417,4.794552,0.697906,OverRange,OverRange,OverRange,10.444912,13.16419,-3.345563
2026/05/20 18:41:00.273,n,-2.808894,4.193534,5.484587,0.654835,OverRange,OverRange,OverRange,10.330288,13.16958,-3.347611
2026/05/20 18:42:00.278,n,-2.878946,5.263131,5.069707,0.627877,OverRange,OverRange,OverRange,10.396382,13.1674,-3.33012
2026/05/20 18:43:00.277,n,-2.870093,4.17285,4.197378,0.248433,OverRange,OverRange,OverRange,10.437562,13.1674,-3.310581
2026/05/20 18:44:00.280,n,-3.037141,4.163356,4.37224,0.576072,OverRange,OverRange,OverRange,10.449992,13.171748,-3.470219
2026/05/20 18:45:00.281,n,-3.124771,5.447145,5.058055,0.744163,OverRange,OverRange,OverRange,10.386964,13.1674,-3.448888
2026/05/20 18:46:00.266,n,-3.066394,4.430488,4.741153,0.584459,OverRange,OverRange,OverRange,10.40477,13.16419,-3.555967
2026/05/20 18:47:00.268,n,-3.21548,5.734411,5.482169,0.617333,OverRange,OverRange,OverRange,10.418484,13.17393,-3.604686
2026/05/20 18:48:00.273,n,-3.1716,4.373534,5.084816,0.737475,OverRange,OverRange,OverRange,10.407324,13.16958,-3.68651
2026/05/20 18:49:00.274,n,-3.259615,4.410775,5.026852,0.748719,OverRange,OverRange,OverRange,10.354946,13.172822,-3.717738
2026/05/20 18:50:00.274,n,-3.373675,5.203519,5.434621,0.54248,OverRange,OverRange,OverRange,10.36791,13.168508,-3.782071
2026/05/20 18:51:00.275,n,-3.359177,5.960799,4.841555,0.842682,OverRange,OverRange,OverRange,10.37351,13.166326,-3.795637
2026/05/20 18:52:00.278,n,-3.335698,4.155472,5.456792,0.648861,OverRange,OverRange,OverRange,10.33106,13.16201,-3.785996
2026/05/20 18:53:00.281,n,-3.288739,4.146355,4.956517,0.670313,OverRange,OverRange,OverRange,10.3552,13.157726,-3.820807
2026/05/20 18:54:00.286,n,-3.26834,5.542883,4.786271,0.815915,OverRange,OverRange,OverRange,10.409612,13.151228,-3.725417
2026/05/20 18:55:00.269,n,-3.247811,4.391666,4.502608,0.564757,OverRange,OverRange,OverRange,10.411886,13.144732,-3.787702
2026/05/20 18:56:00.269,n,-3.224332,5.591728,5.189656,0.725911,OverRange,OverRange,OverRange,10.400192,13.13934,-3.69052
2026/05/20 18:57:00.271,n,-3.162748,5.07103,4.428875,0.317554,OverRange,OverRange,OverRange,10.367392,13.132842,-3.715605
2026/05/20 18:58:00.273,n,-3.212657,4.895775,5.576365,0.359511,OverRange,OverRange,OverRange,10.295996,13.130708,-3.700247
2026/05/20 18:59:00.275,n,-3.227283,4.214892,4.765826,0.706811,OverRange,OverRange,OverRange,10.317842,13.123136,-3.72755
2026/05/20 19:00:00.278,n,-3.315169,5.695168,5.278384,0.634844,OverRange,OverRange,OverRange,10.321904,13.118788,-3.76458
2026/05/20 19:01:00.263,n,-3.335569,5.833855,5.420317,0.473733,OverRange,OverRange,OverRange,10.379848,13.111248,-3.865772
2026/05/20 19:02:00.281,n,-3.280143,5.498534,5.165346,0.647524,OverRange,OverRange,OverRange,10.406302,13.103676,-3.873366
2026/05/20 19:03:00.283,n,-3.353275,5.996325,5.128986,0.814878,OverRange,OverRange,OverRange,10.34759,13.09936,-3.840346
2026/05/20 19:04:00.269,n,-3.344422,4.345026,5.141659,0.754137,OverRange,OverRange,OverRange,10.346568,13.093968,-3.961162
2026/05/20 19:05:00.271,n,-3.397153,5.681352,4.89325,0.671502,OverRange,OverRange,OverRange,10.398672,13.088578,-3.926009
2026/05/20 19:06:00.272,n,-3.356225,4.033148,4.664955,0.680069,OverRange,OverRange,OverRange,10.37936,13.079948,-3.904764
2026/05/20 19:07:00.257,n,-3.365078,5.692371,5.152838,0.729449,OverRange,OverRange,OverRange,10.41416,13.077798,-3.881215
2026/05/20 19:08:00.277,n,-3.335569,5.988824,5.060047,0.949465,OverRange,OverRange,OverRange,10.395636,13.064802,-3.861677
2026/05/20 19:09:00.262,n,-3.262566,5.743803,5.064547,0.733959,OverRange,OverRange,OverRange,10.37731,13.065878,-3.795467
2026/05/20 19:10:00.280,n,-3.259487,4.40631,4.898653,0.723907,OverRange,OverRange,OverRange,10.394868,13.056204,-3.791798
2026/05/20 19:11:00.284,n,-3.221381,5.320371,4.962284,0.691581,OverRange,OverRange,OverRange,10.438564,13.050782,-3.844271
2026/05/20 19:12:00.267,n,-3.27129,5.925351,4.964093,0.889245,OverRange,OverRange,OverRange,10.442882,13.049674,-3.815091
2026/05/20 19:13:00.272,n,-3.253713,4.115179,4.728315,0.760245,OverRange,OverRange,OverRange,10.416708,13.041042,-3.844442
2026/05/20 19:14:00.273,n,-3.069216,5.746416,5.025376,0.746376,OverRange,OverRange,OverRange,10.39359,13.037818,-3.682671
2026/05/20 19:15:00.389,n,-2.960802,4.248781,4.95417,0.675214,OverRange,OverRange,OverRange,10.435772,13.03886,-3.750843
2026/05/20 19:16:00.343,n,-3.12785,4.446921,4.730537,0.721826,OverRange,OverRange,OverRange,10.416962,13.03347,-3.770296
2026/05/20 19:17:00.262,n,-3.028288,4.485049,4.990745,0.73435,OverRange,OverRange,OverRange,10.464234,13.032396,-3.793675
2026/05/20 19:18:00.264,n,-3.136831,5.520046,5.210205,0.500991,OverRange,OverRange,OverRange,10.414958,13.034544,-3.817138
2026/05/20 19:19:00.265,n,-2.966576,3.866406,4.709548,0.757744,OverRange,OverRange,OverRange,10.425614,13.03565,-3.717653
2026/05/20 19:20:00.267,n,-3.110401,4.357885,4.581523,0.500939,OverRange,OverRange,OverRange,10.451016,13.04425,-3.684633
2026/05/20 19:21:00.269,n,-3.224589,5.76654,4.876192,0.776731,OverRange,OverRange,OverRange,10.485836,13.051824,-3.780023
2026/05/20 19:22:00.271,n,-3.189306,5.764084,4.979101,0.509019,OverRange,OverRange,OverRange,10.494986,13.052914,-3.774306
2026/05/20 19:23:00.259,n,-3.183404,5.6733,5.06309,0.585909,OverRange,OverRange,OverRange,10.501846,13.063712,-3.787873
2026/05/20 19:24:00.258,n,-3.168521,4.14936,5.032045,0.815608,OverRange,OverRange,OverRange,10.490662,13.063712,-3.853998
2026/05/20 19:25:00.262,n,-3.16865,4.617848,4.956509,0.755986,OverRange,OverRange,OverRange,10.473384,13.06915,-3.780023
2026/05/20 19:26:00.262,n,-3.177759,4.309147,4.750325,0.726649,OverRange,OverRange,OverRange,10.498536,13.070194,-3.787787
2026/05/20 19:27:00.265,n,-3.195208,4.594019,4.53984,0.492017,OverRange,OverRange,OverRange,10.529796,13.075616,-3.783948
2026/05/20 19:28:00.266,n,-3.198031,5.299924,5.10072,0.664322,OverRange,OverRange,OverRange,10.507426,13.07884,-3.752806
2026/05/20 19:29:00.269,n,-3.206883,4.286181,5.019954,0.593118,OverRange,OverRange,OverRange,10.482286,13.074556,-3.836506
2026/05/20 19:30:00.270,n,-3.206883,5.48998,5.321051,0.399512,OverRange,OverRange,OverRange,10.495234,13.074556,-3.776098
2026/05/20 19:31:00.272,n,-3.078197,4.027578,4.691771,0.642098,OverRange,OverRange,OverRange,10.480734,13.072374,-3.748795
2026/05/20 19:32:00.258,n,-3.14825,5.424149,4.900373,0.435175,OverRange,OverRange,OverRange,10.500566,13.072374,-3.688558
2026/05/20 19:33:00.261,n,-3.19508,4.971452,5.056172,0.519983,OverRange,OverRange,OverRange,10.45686,13.076658,-3.706049
2026/05/20 19:34:00.261,n,-3.10142,4.669717,5.132342,0.454658,OverRange,OverRange,OverRange,10.481506,13.06915,-3.723455
2026/05/20 19:35:00.265,n,-3.163004,4.919259,5.245915,0.453172,OverRange,OverRange,OverRange,10.473378,13.068026,-3.770296
2026/05/20 19:36:00.267,n,-3.095518,4.307478,4.917777,0.627993,OverRange,OverRange,OverRange,10.503602,13.06915,-3.688473
2026/05/20 19:37:00.267,n,-3.078197,5.922352,5.195925,0.784874,OverRange,OverRange,OverRange,10.517834,13.071268,-3.709889
2026/05/20 19:38:00.269,n,-3.083843,5.502351,5.14085,0.834377,OverRange,OverRange,OverRange,10.501568,13.065878,-3.748966
2026/05/20 19:39:00.273,n,-3.001987,4.132602,4.936092,0.733658,OverRange,OverRange,OverRange,10.523158,13.065878,-3.760655
2026/05/20 19:40:00.257,n,-3.069345,4.942024,5.08295,0.644938,OverRange,OverRange,OverRange,10.590734,13.087016,-3.717823
2026/05/20 19:41:00.260,n,-2.849693,4.538387,4.964006,0.472333,OverRange,OverRange,OverRange,10.559774,13.080518,-3.530883
2026/05/20 19:42:00.261,n,-2.823263,4.084441,4.531591,0.449482,OverRange,OverRange,OverRange,10.57983,13.076234,-3.513136
2026/05/20 19:43:00.263,n,-2.677,4.595909,4.881792,0.376527,OverRange,OverRange,OverRange,10.589996,13.074052,-3.365188
2026/05/20 19:44:00.266,n,-2.668147,3.962177,4.404336,0.565607,OverRange,OverRange,OverRange,10.618958,13.07731,-3.260241
2026/05/20 19:45:00.266,n,-2.820184,5.531945,4.714867,0.545548,OverRange,OverRange,OverRange,10.520894,13.075128,-3.145227
2026/05/20 19:46:00.269,n,-2.589242,5.90356,5.211172,0.686043,OverRange,OverRange,OverRange,10.460678,13.074052,-3.049667
2026/05/20 19:47:00.271,n,-2.662246,6.043121,5.26889,0.572849,OverRange,OverRange,OverRange,10.480246,13.075128,-3.076799
2026/05/20 19:48:00.273,n,-2.615544,5.324248,4.929247,0.75517,OverRange,OverRange,OverRange,10.444922,13.064314,-2.985504
2026/05/20 19:49:00.257,n,-2.603869,4.430911,5.030486,0.58644,OverRange,OverRange,OverRange,10.350896,13.064314,-2.946427
2026/05/20 19:50:00.263,n,-2.627476,4.328596,5.094028,0.605053,OverRange,OverRange,OverRange,10.299058,13.058924,-2.948304
2026/05/20 19:51:00.262,n,-2.551265,4.785695,5.089012,0.503209,OverRange,OverRange,OverRange,10.151272,13.057882,-2.888152
2026/05/20 19:52:00.264,n,-2.639151,4.590079,4.922837,0.675151,OverRange,OverRange,OverRange,10.043428,13.050324,-2.850952
2026/05/20 19:53:00.266,n,-2.635944,4.467448,4.33433,0.113852,OverRange,OverRange,OverRange,10.037054,13.038372,-2.810082
2026/05/20 19:54:00.269,n,-2.568714,4.612715,5.074643,0.717303,OverRange,OverRange,OverRange,10.072932,13.03194,-3.008797
2026/05/20 19:55:00.272,n,-2.680079,5.400703,4.982604,0.603502,OverRange,OverRange,OverRange,10.034256,13.029758,-2.962041
2026/05/20 19:56:00.277,n,-2.553959,5.541042,4.806505,0.549194,OverRange,OverRange,OverRange,9.894012,13.02541,-2.880217
2026/05/20 19:57:00.277,n,-2.738328,4.718563,4.543079,0.432224,OverRange,OverRange,OverRange,9.93245,13.022202,-3.000948
2026/05/20 19:58:00.258,n,-2.665325,5.331506,5.137483,0.600288,OverRange,OverRange,OverRange,9.905716,13.011388,-2.831498
2026/05/20 19:59:00.261,n,-2.551137,5.189846,5.145711,0.562172,OverRange,OverRange,OverRange,9.859894,13.009238,-2.938748
2026/05/20 20:00:00.262,n,-2.688932,5.880709,5.320523,0.651817,OverRange,OverRange,OverRange,9.870606,13.007056,-3.012722
2026/05/20 20:01:00.264,n,-2.60374,4.530729,4.991748,0.647743,OverRange,OverRange,OverRange,9.874914,13.007056,-3.281657
2026/05/20 20:02:00.268,n,-2.738328,5.703447,5.179302,0.542333,OverRange,OverRange,OverRange,9.78325,12.998458,-3.223126
2026/05/20 20:03:00.337,n,-2.630042,5.6388,5.267901,0.593027,OverRange,OverRange,OverRange,9.765942,12.98976,-3.260156
2026/05/20 20:04:00.272,n,-2.714977,5.430918,5.022158,0.625339,OverRange,OverRange,OverRange,9.733094,12.973526,-3.367065
2026/05/20 20:05:00.272,n,-2.700479,6.152469,5.551356,0.593298,OverRange,OverRange,OverRange,9.694876,12.964912,-3.374914
2026/05/20 20:06:00.275,n,-2.662246,4.096391,4.5059,0.250756,OverRange,OverRange,OverRange,9.719336,12.949864,-3.417746
2026/05/20 20:07:00.260,n,-2.79709,4.46482,5.183632,0.63081,OverRange,OverRange,OverRange,9.69489,12.938076,-3.452813
2026/05/20 20:08:00.261,n,-2.835067,4.537795,4.944491,0.363655,OverRange,OverRange,OverRange,9.678314,12.926316,-3.587195
2026/05/20 20:09:00.265,n,-2.952078,4.047021,4.847977,0.814187,OverRange,OverRange,OverRange,9.675518,12.911272,-3.667057
2026/05/20 20:10:00.266,n,-2.940274,5.690931,4.959872,0.5705,OverRange,OverRange,OverRange,9.664556,12.90049,-3.733353
2026/05/20 20:11:00.268,n,-2.837761,4.095917,5.057639,0.704889,OverRange,OverRange,OverRange,9.722642,12.885444,-3.871574
2026/05/20 20:12:00.269,n,-2.905504,4.80815,5.342731,0.606728,OverRange,OverRange,OverRange,9.659734,12.876846,-4.013806
2026/05/20 20:13:00.272,n,-2.764886,4.524773,4.620969,0.483145,OverRange,OverRange,OverRange,9.787338,12.868298,-4.093668
2026/05/20 20:14:00.276,n,-2.923082,5.61145,4.994784,0.60195,OverRange,OverRange,OverRange,9.908788,12.855366,-4.115254
2026/05/20 20:15:00.277,n,-2.697528,4.540948,5.25512,0.654359,OverRange,OverRange,OverRange,9.977016,12.84786,-4.136584
2026/05/20 20:16:00.261,n,-2.782463,4.495336,5.009125,0.684742,OverRange,OverRange,OverRange,10.024078,12.843544,-4.111414
2026/05/20 20:17:00.265,n,-2.794267,5.595497,4.849674,0.573008,OverRange,OverRange,OverRange,9.944682,12.83283,-4.072336
2026/05/20 20:18:00.265,n,-2.820312,4.773277,5.251464,0.487537,OverRange,OverRange,OverRange,9.98872,12.833904,-4.039317
2026/05/20 20:19:00.267,n,-2.767581,3.925662,4.393606,0.251618,OverRange,OverRange,OverRange,10.091248,12.828498,-4.027372
2026/05/20 20:20:00.270,n,-2.838146,4.612559,4.978357,0.480742,OverRange,OverRange,OverRange,10.018744,12.82529,-3.871659
2026/05/20 20:21:00.271,n,-2.864576,5.585969,5.450764,0.169893,OverRange,OverRange,OverRange,10.00729,12.817782,-3.897
2026/05/20 20:22:00.273,n,-2.738585,5.759506,5.663545,0.449938,OverRange,OverRange,OverRange,9.960974,12.808078,-3.86398
2026/05/20 20:23:00.275,n,-2.817618,4.361428,4.693089,0.644036,OverRange,OverRange,OverRange,9.96071,12.804886,-3.873622
2026/05/20 20:24:00.277,n,-2.946304,4.500656,4.352609,0.12746,OverRange,OverRange,OverRange,10.023326,12.798422,-3.721492
2026/05/20 20:25:00.262,n,-2.931549,4.693392,5.267473,0.553208,OverRange,OverRange,OverRange,10.008052,12.801646,-3.852121
2026/05/20 20:26:00.264,n,-2.846871,4.419327,4.912344,0.610101,OverRange,OverRange,OverRange,10.024064,12.793032,-3.803402
2026/05/20 20:27:00.266,n,-2.881769,4.49908,4.788053,0.647319,OverRange,OverRange,OverRange,10.014166,12.78878,-3.752891
2026/05/20 20:28:00.268,n,-2.878946,5.029861,5.019283,0.707482,OverRange,OverRange,OverRange,10.000418,12.781242,-3.633952
2026/05/20 20:29:00.270,n,-2.963881,4.514823,4.967114,0.590237,OverRange,OverRange,OverRange,10.082342,12.77906,-3.805449
2026/05/20 20:30:00.273,n,-2.916795,4.602939,5.05761,0.485288,OverRange,OverRange,OverRange,10.108552,12.780136,-3.782156
2026/05/20 20:31:00.277,n,-2.996085,4.33445,4.678712,0.601271,OverRange,OverRange,OverRange,9.99404,12.778018,-3.754768
2026/05/20 20:32:00.276,n,-2.987232,5.427753,5.000105,0.612938,OverRange,OverRange,OverRange,10.002458,12.780136,-3.612536
2026/05/20 20:33:00.277,n,-3.087178,4.346276,4.986896,0.603277,OverRange,OverRange,OverRange,9.998108,12.781242,-3.824903
2026/05/20 20:34:00.264,n,-3.306188,4.261205,4.925576,0.682913,OverRange,OverRange,OverRange,10.023576,12.78339,-3.797685
2026/05/20 20:35:00.267,n,-3.376754,3.882562,4.836393,0.700618,OverRange,OverRange,OverRange,9.9864,12.781242,-3.791713
2026/05/20 20:36:00.267,n,-3.534564,5.54474,4.719311,0.674568,OverRange,OverRange,OverRange,9.902182,12.784452,-3.844441
2026/05/20 20:37:00.273,n,-3.710465,3.918806,4.560529,0.763234,OverRange,OverRange,OverRange,9.862686,12.78339,-3.801525
2026/05/20 20:38:00.275,n,-3.660684,5.740556,5.15494,0.712764,OverRange,OverRange,OverRange,9.927358,12.77157,-3.930105
2026/05/20 20:39:00.274,n,-3.704563,4.47523,5.132894,0.680953,OverRange,OverRange,OverRange,9.945944,12.768346,-4.017901
2026/05/20 20:40:00.276,n,-3.859935,5.843974,5.364082,0.709866,OverRange,OverRange,OverRange,9.901652,12.7576,-4.192982
2026/05/20 20:41:00.278,n,-3.988493,4.897349,4.979657,0.661406,OverRange,OverRange,OverRange,9.829876,12.746836,-4.238032
2026/05/20 20:42:00.281,n,-4.038145,5.685005,5.023827,0.751279,OverRange,OverRange,OverRange,9.7998,12.732846,-4.372329
2026/05/20 20:43:00.265,n,-4.064575,6.099702,5.069033,0.759625,OverRange,OverRange,OverRange,9.82399,12.71676,-4.386151
2026/05/20 20:44:00.266,n,-3.994394,5.646992,4.951135,0.65462,OverRange,OverRange,OverRange,9.798794,12.703832,-4.325658
2026/05/20 20:45:00.269,n,-3.897912,5.70107,4.829061,0.677639,OverRange,OverRange,OverRange,9.843608,12.693116,-4.315931
2026/05/20 20:46:00.270,n,-4.055979,4.401169,4.798593,0.693018,OverRange,OverRange,OverRange,9.833176,12.676978,-4.440587
2026/05/20 20:47:00.273,n,-4.047255,4.264112,5.43025,0.607564,OverRange,OverRange,OverRange,9.766444,12.66729,-4.43086
2026/05/20 20:48:00.278,n,-4.178892,4.212652,4.842432,0.661726,OverRange,OverRange,OverRange,9.70429,12.649036,-4.487429
2026/05/20 20:49:00.277,n,-4.380837,4.296673,4.818115,0.680486,OverRange,OverRange,OverRange,9.73589,12.62751,-4.538111
2026/05/20 20:50:00.281,n,-4.501055,5.547224,5.339168,0.383955,OverRange,OverRange,OverRange,9.738684,12.609224,-4.616094
2026/05/20 20:51:00.280,n,-4.363131,5.420588,5.363444,0.525146,OverRange,OverRange,OverRange,9.781994,12.599538,-4.701758
2026/05/20 20:52:00.268,n,-4.442165,5.42836,5.51416,0.0731,OverRange,OverRange,OverRange,9.772558,12.581284,-4.672663
2026/05/20 20:53:00.269,n,-4.430489,5.511915,5.480739,0.222176,OverRange,OverRange,OverRange,9.763646,12.557576,-4.78179
2026/05/20 20:54:00.272,n,-4.378015,5.272864,5.275553,0.401334,OverRange,OverRange,OverRange,9.733586,12.55541,-4.878971
2026/05/20 20:55:00.272,n,-4.129496,5.472729,5.340082,0.4709,OverRange,OverRange,OverRange,9.740514,12.536016,-4.604576
2026/05/20 20:56:00.273,n,-4.056236,4.147003,5.054688,0.667667,OverRange,OverRange,OverRange,9.754786,12.52633,-4.661145
2026/05/20 20:57:00.276,n,-4.032885,4.663175,5.351729,0.662869,OverRange,OverRange,OverRange,9.715058,12.504836,-4.678635
2026/05/20 20:58:00.278,n,-4.076636,4.294094,4.8158,0.719594,OverRange,OverRange,OverRange,9.75173,12.493014,-4.600652
2026/05/20 20:59:00.279,n,-4.079587,4.481653,4.997514,0.556966,OverRange,OverRange,OverRange,9.761658,12.475804,-4.690239
2026/05/20 21:00:00.285,n,-4.120643,5.922118,5.09242,0.680908,OverRange,OverRange,OverRange,9.7237,12.45858,-4.50893
2026/05/20 21:01:00.266,n,-3.982976,4.639817,5.286297,0.588344,OverRange,OverRange,OverRange,9.698756,12.449948,-4.711741
2026/05/20 21:02:00.269,n,-3.87469,4.438689,4.887531,0.692996,OverRange,OverRange,OverRange,9.737198,12.434872,-4.552103
2026/05/20 21:03:00.288,n,-3.798351,5.693032,5.123222,0.797847,OverRange,OverRange,OverRange,9.769048,12.418736,-4.511148
2026/05/20 21:04:00.443,n,-3.766276,5.583811,5.113725,0.6984,OverRange,OverRange,OverRange,9.742804,12.41763,-4.433164
2026/05/20 21:05:00.277,n,-3.798351,5.402331,5.348204,0.524431,OverRange,OverRange,OverRange,9.64005,12.404734,-4.405775
2026/05/20 21:06:00.276,n,-3.845309,5.866662,5.691916,0.104568,OverRange,OverRange,OverRange,9.669496,12.39288,-4.388284
2026/05/20 21:07:00.279,n,-3.883414,5.812995,4.988308,0.718964,OverRange,OverRange,OverRange,9.721432,12.382102,-4.563621
2026/05/20 21:08:00.281,n,-3.883286,5.20127,5.158261,0.683509,OverRange,OverRange,OverRange,9.759884,12.375704,-4.530431
2026/05/20 21:09:00.284,n,-4.19108,5.69802,5.574585,0.065224,OverRange,OverRange,OverRange,9.753494,12.378926,-4.565669
2026/05/20 21:10:00.269,n,-4.155669,4.341295,4.963286,0.45453,OverRange,OverRange,OverRange,9.696946,12.364924,-4.68256
2026/05/20 21:11:00.270,n,-4.170424,5.675384,4.616082,0.523239,OverRange,OverRange,OverRange,9.743074,12.356278,-4.540243
2026/05/20 21:12:00.273,n,-4.322717,4.151835,4.778567,0.762718,OverRange,OverRange,OverRange,9.717586,12.35307,-4.696212
2026/05/20 21:13:00.275,n,-4.343117,5.549862,5.092129,0.645461,OverRange,OverRange,OverRange,9.727026,12.345502,-4.758497
2026/05/20 21:14:00.276,n,-4.360695,4.539467,5.217022,0.620494,OverRange,OverRange,OverRange,9.676846,12.336936,-4.731194
2026/05/20 21:15:00.279,n,-4.40483,4.295264,5.05899,0.713342,OverRange,OverRange,OverRange,9.634908,12.325082,-4.735289
2026/05/20 21:16:00.280,n,-4.586376,4.760173,5.018485,0.612579,OverRange,OverRange,OverRange,9.66009,12.31323,-4.883323
2026/05/20 21:17:00.282,n,-4.530436,5.37726,4.960564,0.351502,OverRange,OverRange,OverRange,9.736938,12.30784,-4.861822
2026/05/20 21:18:00.285,n,-4.463207,4.583624,4.770265,0.437053,OverRange,OverRange,OverRange,9.724208,12.29488,-4.969072
2026/05/20 21:19:00.270,n,-4.457433,4.867933,5.104194,0.412423,OverRange,OverRange,OverRange,9.726502,12.28306,-4.928118
2026/05/20 21:20:00.271,n,-4.346196,4.762038,5.204278,0.491561,OverRange,OverRange,OverRange,9.663132,12.269058,-4.910712
2026/05/20 21:21:00.257,n,-4.17902,5.452777,5.37829,0.480281,OverRange,OverRange,OverRange,9.673268,12.263668,-4.813273
2026/05/20 21:22:00.259,n,-4.050462,5.552737,4.996387,0.727945,OverRange,OverRange,OverRange,9.70129,12.25828,-4.793649
2026/05/20 21:23:00.260,n,-3.96232,4.47569,4.7599,0.560413,OverRange,OverRange,OverRange,9.694656,12.249666,-4.69442
2026/05/20 21:24:00.263,n,-4.09447,5.356175,4.787613,0.612103,OverRange,OverRange,OverRange,9.69926,12.243236,-4.65722
2026/05/20 21:25:00.266,n,-3.900864,4.523206,5.007416,0.554178,OverRange,OverRange,OverRange,9.80215,12.235682,-4.64553
2026/05/20 21:26:00.266,n,-4.030063,4.62724,4.967972,0.544066,OverRange,OverRange,OverRange,9.80595,12.234606,-4.598774
2026/05/20 21:27:00.268,n,-4.06804,5.721394,5.364766,0.432787,OverRange,OverRange,OverRange,9.784318,12.224904,-4.670786
2026/05/20 21:28:00.272,n,-4.15862,3.899051,4.64707,0.690368,OverRange,OverRange,OverRange,9.700526,12.21629,-4.698088
2026/05/20 21:29:00.256,n,-4.07407,5.579175,5.341185,0.273622,OverRange,OverRange,OverRange,9.76267,12.209826,-4.733071
2026/05/20 21:30:00.258,n,-4.062138,6.091831,5.621081,0.245013,OverRange,OverRange,OverRange,9.765484,12.208786,-4.672663
2026/05/20 21:31:00.260,n,-3.845309,4.889502,5.270635,0.571091,OverRange,OverRange,OverRange,9.743576,12.20229,-4.700136
2026/05/20 21:32:00.262,n,-3.892011,5.520548,4.890962,0.677428,OverRange,OverRange,OverRange,9.717072,12.195826,-4.705938
2026/05/20 21:33:00.264,n,-3.839536,5.527642,5.412723,0.41692,OverRange,OverRange,OverRange,9.741018,12.197942,-4.548007
2026/05/20 21:34:00.266,n,-3.766147,5.537988,5.065205,0.65668,OverRange,OverRange,OverRange,9.787872,12.189362,-4.524714
2026/05/20 21:35:00.268,n,-3.766404,4.394242,4.794424,0.645426,OverRange,OverRange,OverRange,9.795792,12.183942,-4.425315
2026/05/20 21:36:00.270,n,-3.751392,4.274329,5.003769,0.742642,OverRange,OverRange,OverRange,9.74765,12.183942,-4.362859
2026/05/20 21:37:00.273,n,-3.795656,4.989139,4.999869,0.655154,OverRange,OverRange,OverRange,9.702816,12.21305,-4.345197
2026/05/20 21:38:00.257,n,-3.561379,4.723901,4.832228,0.597753,OverRange,OverRange,OverRange,9.774038,12.21087,-4.244175
2026/05/20 21:39:00.260,n,-3.508647,5.56306,5.056137,0.702574,OverRange,OverRange,OverRange,9.788824,12.21305,-4.158342
2026/05/20 21:40:00.261,n,-3.412165,4.619504,5.343857,0.471399,OverRange,OverRange,OverRange,9.809692,12.204408,-4.168324
2026/05/20 21:41:00.263,n,-3.596661,5.676421,5.602764,0.399279,OverRange,OverRange,OverRange,9.7529,12.206554,-4.240336
2026/05/20 21:42:00.265,n,-3.678646,5.510832,5.631785,0.079749,OverRange,OverRange,OverRange,9.724614,12.207646,-4.257827
2026/05/20 21:43:00.267,n,-3.883543,5.640719,4.525565,0.555527,OverRange,OverRange,OverRange,9.69865,12.205448,-4.376681
2026/05/20 21:44:00.269,n,-3.886494,4.36509,4.736326,0.738701,OverRange,OverRange,OverRange,9.72997,12.205448,-4.363029
2026/05/20 21:45:00.270,n,-3.971429,4.293247,5.066513,0.813729,OverRange,OverRange,OverRange,9.776332,12.2012,-4.409871
2026/05/20 21:46:00.258,n,-4.02121,4.51433,4.751728,0.668973,OverRange,OverRange,OverRange,9.782196,12.209796,-4.534697
2026/05/20 21:47:00.259,n,-4.19108,4.686257,4.978699,0.544103,OverRange,OverRange,OverRange,9.707562,12.21305,-4.628296
2026/05/20 21:48:00.261,n,-4.038787,4.481187,4.985677,0.737783,OverRange,OverRange,OverRange,9.735058,12.21844,-4.550226
2026/05/20 21:49:00.266,n,-3.880592,5.418781,5.225151,0.575668,OverRange,OverRange,OverRange,9.731772,12.215184,-4.528639
2026/05/20 21:50:00.265,n,-3.687242,5.540794,5.004553,0.605766,OverRange,OverRange,OverRange,9.781178,12.21411,-4.458504
2026/05/20 21:51:00.267,n,-3.467719,4.52173,4.900155,0.646446,OverRange,OverRange,OverRange,9.79747,12.21629,-4.388369
2026/05/20 21:52:00.268,n,-3.535077,4.438685,5.079359,0.739772,OverRange,OverRange,OverRange,9.772264,12.219498,-4.265677
2026/05/20 21:53:00.270,n,-3.447319,4.076933,4.746889,0.673386,OverRange,OverRange,OverRange,9.760304,12.225962,-4.15655
2026/05/20 21:54:00.271,n,-3.616805,5.559588,5.268069,0.493893,OverRange,OverRange,OverRange,9.76386,12.221614,-4.154587
2026/05/20 21:55:00.257,n,-3.570104,4.280186,5.021383,0.632101,OverRange,OverRange,OverRange,9.747294,12.217334,-4.242213
2026/05/20 21:56:00.259,n,-3.865966,4.087678,4.607306,0.615866,OverRange,OverRange,OverRange,9.716722,12.21629,-4.150748
2026/05/20 21:57:00.261,n,-4.056364,5.520849,5.37073,0.173087,OverRange,OverRange,OverRange,9.697144,12.211944,-4.32216
2026/05/20 21:58:00.265,n,-3.968478,4.355855,5.212661,0.628596,OverRange,OverRange,OverRange,9.653488,12.202224,-4.361237
2026/05/20 21:59:00.265,n,-4.141171,4.435918,5.230579,0.65504,OverRange,OverRange,OverRange,9.675772,12.197942,-4.324122
2026/05/20 22:00:00.270,n,-4.21148,5.359556,4.720161,0.553126,OverRange,OverRange,OverRange,9.678828,12.188238,-4.489818
2026/05/20 22:01:00.269,n,-4.252665,4.404473,4.709181,0.454275,OverRange,OverRange,OverRange,9.608908,12.176386,-4.499544
2026/05/20 22:02:00.271,n,-4.390203,5.454606,5.405119,0.523857,OverRange,OverRange,OverRange,9.656282,12.1667,-4.579406
2026/05/20 22:03:00.273,n,-4.489765,4.726272,4.977767,0.603029,OverRange,OverRange,OverRange,9.70426,12.151574,-4.694335
2026/05/20 22:04:00.259,n,-4.62153,5.639037,5.225215,0.479607,OverRange,OverRange,OverRange,9.677826,12.147324,-4.799793
2026/05/20 22:05:00.260,n,-4.586376,5.063799,4.788037,0.457425,OverRange,OverRange,OverRange,9.652222,12.132218,-4.735375
2026/05/20 22:06:00.262,n,-4.627432,4.628975,5.374594,0.6195,OverRange,OverRange,OverRange,9.603848,12.119272,-4.883494
2026/05/20 22:07:00.267,n,-4.800125,4.605384,4.19861,0.243998,OverRange,OverRange,OverRange,9.568136,12.102,-4.807472
2026/05/20 22:08:00.267,n,-4.773695,4.456971,4.821349,0.717118,OverRange,OverRange,OverRange,9.57928,12.089072,-4.924448
2026/05/20 22:09:00.269,n,-4.627432,4.856708,4.873321,0.610381,OverRange,OverRange,OverRange,9.579768,12.072906,-4.89706
2026/05/20 22:10:00.271,n,-4.674134,4.32842,4.408413,0.159975,OverRange,OverRange,OverRange,9.543284,12.062112,-4.891258
2026/05/20 22:11:00.272,n,-4.782676,5.187607,4.617264,0.561466,OverRange,OverRange,OverRange,9.570654,12.048128,-4.96728
2026/05/20 22:12:00.274,n,-4.940487,4.276116,4.630847,0.561392,OverRange,OverRange,OverRange,9.446728,12.035168,-5.093898
2026/05/20 22:13:00.261,n,-4.934841,5.303152,5.098485,0.735706,OverRange,OverRange,OverRange,9.404902,12.017926,-5.175807
2026/05/20 22:14:00.262,n,-4.873385,4.351677,4.668898,0.779807,OverRange,OverRange,OverRange,9.48756,12.00497,-5.171882
2026/05/20 22:15:00.265,n,-4.832457,6.048208,4.572584,0.733141,OverRange,OverRange,OverRange,9.490606,11.995234,-5.160364
2026/05/20 22:16:00.266,n,-4.650655,5.736663,5.635751,0.302874,OverRange,OverRange,OverRange,9.495148,11.973678,-5.248074
2026/05/20 22:17:00.268,n,-4.682858,5.392336,4.711313,0.673071,OverRange,OverRange,OverRange,9.571406,11.96396,-5.244065
2026/05/20 22:18:00.271,n,-4.594972,5.495142,5.325529,0.558599,OverRange,OverRange,OverRange,9.57016,11.952108,-5.152429
2026/05/20 22:19:00.273,n,-4.563025,5.548034,5.230977,0.692498,OverRange,OverRange,OverRange,9.541266,11.94348,-5.109682
2026/05/20 22:20:00.273,n,-4.495539,4.081408,4.440379,0.369485,OverRange,OverRange,OverRange,9.513896,11.939164,-4.945779
2026/05/20 22:21:00.276,n,-4.536467,5.895764,5.067742,0.658919,OverRange,OverRange,OverRange,9.5509,11.939164,-4.938185
2026/05/20 22:22:00.262,n,-4.562897,5.514796,4.548743,0.476823,OverRange,OverRange,OverRange,9.570912,11.934868,-4.961478
2026/05/20 22:23:00.263,n,-4.735718,5.146295,4.805485,0.627468,OverRange,OverRange,OverRange,9.51795,11.9327,-4.947656
2026/05/20 22:24:00.264,n,-4.78242,4.559533,4.600369,0.425263,OverRange,OverRange,OverRange,9.495148,11.931628,-4.953628
2026/05/20 22:25:00.266,n,-4.996426,4.030642,4.697213,0.614514,OverRange,OverRange,OverRange,9.44725,11.925132,-5.053114
2026/05/20 22:26:00.268,n,-4.946388,5.593833,5.139681,0.714177,OverRange,OverRange,OverRange,9.477158,11.925132,-5.177769
2026/05/20 22:27:00.271,n,-5.014003,5.627318,5.636833,0.179704,OverRange,OverRange,OverRange,9.492864,11.914354,-5.218809
2026/05/20 22:28:00.272,n,-4.975898,4.385309,4.979702,0.654623,OverRange,OverRange,OverRange,9.536718,11.907892,-5.283142
2026/05/20 22:29:00.275,n,-5.05801,4.406591,4.764484,0.621509,OverRange,OverRange,OverRange,9.486028,11.904652,-5.333824
2026/05/20 22:30:00.276,n,-4.975898,4.511676,4.738673,0.746597,OverRange,OverRange,OverRange,9.445226,11.891694,-5.38459
2026/05/20 22:31:00.262,n,-4.970124,4.316928,4.561293,0.681905,OverRange,OverRange,OverRange,9.421926,11.883064,-5.287067
2026/05/20 22:32:00.266,n,-4.844004,4.362448,4.640955,0.515018,OverRange,OverRange,OverRange,9.412512,11.870108,-5.14074
2026/05/20 22:33:00.265,n,-4.788322,4.444134,5.143396,0.564001,OverRange,OverRange,OverRange,9.464996,11.865792,-5.181694
2026/05/20 22:34:00.267,n,-4.759069,5.528962,4.860039,0.787528,OverRange,OverRange,OverRange,9.489304,11.858256,-5.142702
2026/05/20 22:35:00.271,n,-4.729816,5.592383,4.759742,0.597899,OverRange,OverRange,OverRange,9.516704,11.851792,-5.144494
2026/05/20 22:36:00.272,n,-4.662458,4.928425,5.356674,0.616463,OverRange,OverRange,OverRange,9.544064,11.846372,-5.093983
2026/05/20 22:37:00.274,n,-4.64193,5.637508,5.530575,0.490989,OverRange,OverRange,OverRange,9.548874,11.834518,-5.13289
2026/05/20 22:38:00.275,n,-4.761892,5.813463,5.29789,0.511534,OverRange,OverRange,OverRange,9.521774,11.830174,-5.17393
2026/05/20 22:39:00.277,n,-4.741492,5.605016,5.017786,0.58148,OverRange,OverRange,OverRange,9.496674,11.822636,-5.193383
2026/05/20 22:40:00.263,n,-4.662458,4.673383,5.276155,0.575153,OverRange,OverRange,OverRange,9.566102,11.8151,-5.247905
2026/05/20 22:41:00.265,n,-4.66836,5.745518,5.536837,0.61221,OverRange,OverRange,OverRange,9.565846,11.809678,-5.1369
2026/05/20 22:42:00.266,n,-4.700435,5.119078,5.013905,0.537589,OverRange,OverRange,OverRange,9.51973,11.798902,-5.181609
2026/05/20 22:43:00.270,n,-4.586247,5.056968,5.379749,0.53448,OverRange,OverRange,OverRange,9.470312,11.79781,-5.282971
2026/05/20 22:44:00.271,n,-4.518889,4.50528,4.734798,0.68718,OverRange,OverRange,OverRange,9.537206,11.792388,-5.191592
2026/05/20 22:45:00.272,n,-4.346324,4.262632,5.001107,0.690879,OverRange,OverRange,OverRange,9.579524,11.800676,-5.113436
2026/05/20 22:46:00.274,n,-4.094341,5.461738,4.584828,0.709435,OverRange,OverRange,OverRange,9.623816,11.79532,-4.770442
2026/05/20 22:47:00.277,n,-4.018002,4.448665,5.183066,0.617059,OverRange,OverRange,OverRange,9.632416,11.790974,-4.811311
2026/05/20 22:48:00.279,n,-4.029934,5.694433,5.635115,0.096888,OverRange,OverRange,OverRange,9.648886,11.79532,-4.782131
2026/05/20 22:49:00.265,n,-3.918697,4.487998,4.680794,0.46941,OverRange,OverRange,OverRange,9.756684,11.790974,-4.772404
2026/05/20 22:50:00.265,n,-3.953467,4.558911,4.91308,0.404715,OverRange,OverRange,OverRange,9.725408,11.794246,-4.610548
2026/05/20 22:51:00.267,n,-3.950773,5.499839,4.682482,0.69466,OverRange,OverRange,OverRange,9.694988,11.788824,-4.468231
2026/05/20 22:52:00.270,n,-3.599099,5.578231,4.999424,0.728379,OverRange,OverRange,OverRange,9.602768,11.790974,-4.468231
2026/05/20 22:53:00.272,n,-3.540723,5.620455,5.174929,0.584689,OverRange,OverRange,OverRange,9.57695,11.79532,-4.440928
2026/05/20 22:54:00.324,n,-3.403184,5.356836,5.037686,0.605123,OverRange,OverRange,OverRange,9.669896,11.797468,-4.466354
2026/05/20 22:55:00.463,n,-3.203932,4.626913,5.111423,0.474734,OverRange,OverRange,OverRange,9.646602,11.806096,-4.407823
2026/05/20 22:56:00.278,n,-3.244989,5.68379,5.167504,0.673245,OverRange,OverRange,OverRange,9.611404,11.811484,-4.285301
2026/05/20 22:57:00.363,n,-3.186484,5.550302,4.938674,0.615911,OverRange,OverRange,OverRange,9.678274,11.823338,-4.19759
2026/05/20 22:58:00.264,n,-3.286045,5.758432,4.978148,0.634847,OverRange,OverRange,OverRange,9.682332,11.83737,-4.170201
2026/05/20 22:59:00.269,n,-3.274241,5.730299,4.997174,0.602001,OverRange,OverRange,OverRange,9.648128,11.851922,-4.187692
2026/05/20 23:00:00.268,n,-3.344679,4.316148,4.887526,0.801636,OverRange,OverRange,OverRange,9.656758,11.861626,-4.193665
2026/05/20 23:01:00.271,n,-3.301056,5.797005,5.189922,0.667962,OverRange,OverRange,OverRange,9.668152,11.875642,-4.265933
2026/05/20 23:02:00.272,n,-3.330052,5.361626,4.839011,0.645629,OverRange,OverRange,OverRange,9.660828,11.886436,-4.25996
2026/05/20 23:03:00.274,n,-3.207268,4.529828,4.325601,0.262298,OverRange,OverRange,OverRange,9.626878,11.896136,-4.232827
2026/05/20 23:04:00.276,n,-3.209963,4.490462,4.421973,0.11947,OverRange,OverRange,OverRange,9.691956,11.903692,-4.183938
2026/05/20 23:05:00.280,n,-3.218687,4.275701,4.367129,0.296376,OverRange,OverRange,OverRange,9.722676,11.914452,-4.076773
2026/05/20 23:06:00.280,n,-3.221638,5.505432,4.838031,0.630953,OverRange,OverRange,OverRange,9.719616,11.920966,-4.031894
2026/05/20 23:07:00.267,n,-3.250891,6.003786,5.03022,0.84796,OverRange,OverRange,OverRange,9.799342,11.937114,-4.125578
2026/05/20 23:08:00.267,n,-3.095903,4.668853,5.443027,0.392286,OverRange,OverRange,OverRange,9.766232,11.94146,-4.16841
2026/05/20 23:09:00.271,n,-3.101676,5.500222,5.103951,0.741622,OverRange,OverRange,OverRange,9.731828,11.946848,-4.088548
2026/05/20 23:10:00.272,n,-3.128106,5.520828,4.935233,0.620469,OverRange,OverRange,OverRange,9.749684,11.954386,-4.043498
2026/05/20 23:11:00.273,n,-2.952591,5.759284,5.715102,0.18802,OverRange,OverRange,OverRange,9.819718,11.963016,-4.047337
2026/05/20 23:12:00.275,n,-2.782848,5.646953,5.703058,0.59392,OverRange,OverRange,OverRange,9.86403,11.978122,-4.067132
2026/05/20 23:13:00.277,n,-2.882153,5.761559,4.868687,0.73849,OverRange,OverRange,OverRange,9.792212,11.98247,-3.897512
2026/05/20 23:14:00.280,n,-2.879203,5.719892,5.067917,0.632125,OverRange,OverRange,OverRange,9.774632,11.99214,-3.825329
2026/05/20 23:15:00.283,n,-2.902553,4.42123,5.05492,0.717796,OverRange,OverRange,OverRange,9.758592,12.002918,-3.794187
2026/05/20 23:16:00.267,n,-2.873429,6.159017,5.337126,0.856887,OverRange,OverRange,OverRange,9.75375,12.012636,-3.809801
2026/05/20 23:17:00.269,n,-2.905633,3.972333,4.287295,0.664452,OverRange,OverRange,OverRange,9.775906,12.012636,-3.700588
2026/05/20 23:18:00.270,n,-3.005066,5.308712,4.574388,0.581085,OverRange,OverRange,OverRange,9.723938,12.024488,-3.648115
2026/05/20 23:19:00.273,n,-2.928855,5.599633,4.697534,0.69149,OverRange,OverRange,OverRange,9.690212,12.027728,-3.801951
2026/05/20 23:20:00.276,n,-2.861625,5.637199,5.299278,0.611717,OverRange,OverRange,OverRange,9.73618,12.034192,-3.792224
2026/05/20 23:21:00.278,n,-2.741664,4.030305,4.749475,0.637782,OverRange,OverRange,OverRange,9.830934,12.040654,-3.77661
2026/05/20 23:22:00.280,n,-2.841097,4.387754,5.176175,0.624878,OverRange,OverRange,OverRange,9.896638,12.047152,-3.716203
2026/05/20 23:23:00.284,n,-2.691755,5.747864,5.077918,0.631219,OverRange,OverRange,OverRange,9.92182,12.05039,-3.774648
2026/05/20 23:24:00.285,n,-2.683287,5.524784,4.761043,0.578225,OverRange,OverRange,OverRange,9.767242,12.057896,-3.537026
2026/05/20 23:25:00.267,n,-2.680336,4.04869,4.428491,0.485005,OverRange,OverRange,OverRange,9.767996,12.063318,-3.540951
2026/05/20 23:26:00.271,n,-2.780026,5.611868,5.466555,0.185923,OverRange,OverRange,OverRange,9.750698,12.06978,-3.377303
2026/05/20 23:27:00.277,n,-2.613106,4.93076,5.234451,0.469677,OverRange,OverRange,OverRange,9.848756,12.079484,-3.500081
2026/05/20 23:28:00.275,n,-2.475311,5.435624,4.966156,0.567004,OverRange,OverRange,OverRange,9.765472,12.081632,-3.332509
2026/05/20 23:29:00.275,n,-2.463507,4.756807,4.963079,0.593724,OverRange,OverRange,OverRange,9.738698,12.088114,-3.423974
2026/05/20 23:30:00.280,n,-2.504564,5.545871,4.896941,0.59821,OverRange,OverRange,OverRange,9.802902,12.098906,-3.414248
2026/05/20 23:31:00.281,n,-2.61285,5.3883,5.045596,0.584316,OverRange,OverRange,OverRange,9.846452,12.10537,-3.410493
2026/05/20 23:32:00.282,n,-2.463636,4.409726,4.66683,0.453976,OverRange,OverRange,OverRange,9.715328,12.116114,-3.338311
2026/05/20 23:33:00.283,n,-2.516239,4.454286,4.909939,0.55773,OverRange,OverRange,OverRange,9.717366,12.130132,-3.161097
2026/05/20 23:34:00.270,n,-2.598095,4.140526,4.357992,0.144626,OverRange,OverRange,OverRange,9.721192,12.143092,-3.336519
2026/05/20 23:35:00.270,n,-2.621574,4.438448,4.404499,0.073152,OverRange,OverRange,OverRange,9.769526,12.146398,-3.332509
2026/05/20 23:36:00.273,n,-3.054718,4.161243,4.252134,0.297322,OverRange,OverRange,OverRange,9.728252,12.148514,-3.568169
2026/05/20 23:37:00.275,n,-3.083843,5.940289,4.870305,0.888134,OverRange,OverRange,OverRange,9.701814,12.158216,-3.639924
2026/05/20 23:38:00.264,n,-2.85829,5.488699,5.573597,0.560277,OverRange,OverRange,OverRange,9.602188,12.171144,-3.688644
2026/05/20 23:39:00.279,n,-2.925648,4.209718,4.85338,0.743319,OverRange,OverRange,OverRange,9.663254,12.170102,-3.653747
2026/05/20 23:40:00.281,n,-2.908455,4.599365,5.07664,0.598468,OverRange,OverRange,OverRange,9.668086,12.17979,-3.663303
2026/05/20 23:41:00.266,n,-2.905376,4.699867,4.771612,0.637514,OverRange,OverRange,OverRange,9.621212,12.18521,-3.680879
2026/05/20 23:42:00.268,n,-3.030982,4.836965,4.85552,0.592348,OverRange,OverRange,OverRange,9.564724,12.190568,-3.731475
2026/05/20 23:43:00.270,n,-2.858418,5.53824,4.859777,0.684566,OverRange,OverRange,OverRange,9.54799,12.18946,-3.624396
2026/05/20 23:44:00.274,n,-2.800041,4.673061,4.92544,0.615383,OverRange,OverRange,OverRange,9.545198,12.19703,-3.684719
2026/05/20 23:45:00.257,n,-2.791316,4.187752,5.453051,0.640013,OverRange,OverRange,OverRange,9.588792,12.195924,-3.567912
2026/05/20 23:46:00.259,n,-2.758728,4.475788,4.997599,0.564458,OverRange,OverRange,OverRange,9.621968,12.19703,-3.575763
2026/05/20 23:47:00.262,n,-2.820312,4.740435,4.963758,0.696345,OverRange,OverRange,OverRange,9.650854,12.195924,-3.661426
2026/05/20 23:48:00.263,n,-2.785158,4.476712,5.032393,0.634621,OverRange,OverRange,OverRange,9.635142,12.203512,-3.558101
2026/05/20 23:49:00.265,n,-2.913844,4.366096,4.735218,0.669712,OverRange,OverRange,OverRange,9.63084,12.193808,-3.74726
2026/05/20 23:50:00.266,n,-3.218302,4.773345,5.010062,0.436645,OverRange,OverRange,OverRange,9.634136,12.18946,-3.745041
2026/05/20 23:51:00.268,n,-3.02816,4.573602,5.295958,0.611155,OverRange,OverRange,OverRange,9.557858,12.18946,-3.865857
2026/05/20 23:52:00.271,n,-3.21548,5.326384,4.884897,0.536187,OverRange,OverRange,OverRange,9.621206,12.187344,-3.856131
2026/05/20 23:53:00.274,n,-3.063571,4.449967,4.611452,0.487701,OverRange,OverRange,OverRange,9.537842,12.187344,-3.926436
2026/05/20 23:54:00.261,n,-3.116046,4.593992,5.271355,0.402636,OverRange,OverRange,OverRange,9.475744,12.187344,-3.871659
2026/05/20 23:55:00.261,n,-3.133495,5.367744,4.828276,0.562736,OverRange,OverRange,OverRange,9.566214,12.178714,-3.836677
2026/05/20 23:56:00.262,n,-2.946176,4.39275,4.806417,0.551526,OverRange,OverRange,OverRange,9.60879,12.183028,-3.811422
2026/05/20 23:57:00.265,n,-2.846486,4.892379,5.274079,0.623795,OverRange,OverRange,OverRange,9.654902,12.183028,-3.840517
2026/05/20 23:58:00.266,n,-2.937451,4.380532,5.21577,0.62071,OverRange,OverRange,OverRange,9.672124,12.178714,-3.846489
2026/05/20 23:59:00.269,n,-2.884848,5.630495,5.186426,0.633152,OverRange,OverRange,OverRange,9.616136,12.181954,-3.750843
2026/05/21 00:00:00.271,n,-2.922696,5.468597,4.564599,0.480664,OverRange,OverRange,OverRange,9.486908,12.177608,-3.700418
2026/05/21 00:01:00.257,n,-2.879074,4.530468,4.772626,0.584477,OverRange,OverRange,OverRange,9.461834,12.176534,-3.636
2026/05/21 00:02:00.259,n,-2.712026,6.009485,5.218994,0.733437,OverRange,OverRange,OverRange,9.570782,12.176534,-3.647689
2026/05/21 00:03:00.260,n,-2.641589,4.455224,5.251625,0.747446,OverRange,OverRange,OverRange,9.549012,12.181954,-3.63199
2026/05/21 00:04:00.263,n,-2.565507,4.422499,5.308414,0.656071,OverRange,OverRange,OverRange,9.576106,12.177608,-3.628235
2026/05/21 00:05:00.265,n,-2.671227,5.61402,5.047584,0.566668,OverRange,OverRange,OverRange,9.628546,12.18088,-3.587281
2026/05/21 00:06:00.266,n,-2.77066,4.669596,5.373545,0.451735,OverRange,OverRange,OverRange,9.549266,12.18088,-3.69837
2026/05/21 00:07:00.269,n,-2.694577,5.894487,4.692696,0.595172,OverRange,OverRange,OverRange,9.559138,12.18088,-3.637962
2026/05/21 00:08:00.270,n,-2.74423,4.495335,5.275903,0.775613,OverRange,OverRange,OverRange,9.575364,12.188418,-3.712022
2026/05/21 00:09:00.273,n,-2.732555,4.257293,5.145069,0.659261,OverRange,OverRange,OverRange,9.60348,12.1927,-3.762788
2026/05/21 00:10:00.259,n,-2.726781,5.495405,5.252707,0.727316,OverRange,OverRange,OverRange,9.620956,12.198106,-3.764665
2026/05/21 00:11:00.259,n,-2.832244,3.83724,4.771058,0.743422,OverRange,OverRange,OverRange,9.59132,12.199196,-3.789921
2026/05/21 00:12:00.262,n,-2.840969,3.889512,4.895327,0.774878,OverRange,OverRange,OverRange,9.60906,12.201344,-3.820978
2026/05/21 00:13:00.263,n,-2.700351,4.634803,4.469918,0.15464,OverRange,OverRange,OverRange,9.620454,12.198106,-3.809289
2026/05/21 00:14:00.265,n,-2.680079,4.451853,4.72849,0.589479,OverRange,OverRange,OverRange,9.67389,12.207808,-3.688644
2026/05/21 00:15:00.267,n,-2.67097,4.611439,5.058815,0.630423,OverRange,OverRange,OverRange,9.610052,12.211016,-3.497692
2026/05/21 00:16:00.269,n,-2.776562,4.316535,4.877311,0.600484,OverRange,OverRange,OverRange,9.549764,12.200304,-3.419623
2026/05/21 00:17:00.270,n,-2.920002,4.688432,5.023245,0.509998,OverRange,OverRange,OverRange,9.424296,12.19703,-3.174322
2026/05/21 00:18:00.273,n,-3.332747,5.101755,5.13956,0.74712,OverRange,OverRange,OverRange,9.298538,12.195924,-3.041902
2026/05/21 00:19:00.260,n,-3.572669,5.762295,5.167252,0.731364,OverRange,OverRange,OverRange,9.279012,12.198106,-3.112037
2026/05/21 00:20:00.262,n,-3.634126,4.376577,5.373805,0.804238,OverRange,OverRange,OverRange,9.295752,12.17546,-3.345734
2026/05/21 00:21:00.262,n,-3.587168,5.324447,5.103524,0.560375,OverRange,OverRange,OverRange,9.325928,12.160366,-3.460663
2026/05/21 00:22:00.264,n,-3.335441,4.297002,4.482788,0.32037,OverRange,OverRange,OverRange,9.386526,12.14747,-3.657586
2026/05/21 00:23:00.266,n,-3.057413,4.64063,5.325696,0.584227,OverRange,OverRange,OverRange,9.360922,12.146398,-3.723796
2026/05/21 00:24:00.269,n,-3.066265,5.512137,4.785051,0.53414,OverRange,OverRange,OverRange,9.367254,12.12805,-3.684633
2026/05/21 00:25:00.271,n,-2.984281,5.383865,5.205508,0.434441,OverRange,OverRange,OverRange,9.360164,12.130198,-3.719957
2026/05/21 00:26:00.271,n,-2.937323,4.635746,4.580482,0.456756,OverRange,OverRange,OverRange,9.37587,12.11942,-3.801439
2026/05/21 00:27:00.274,n,-2.969526,4.767535,5.076674,0.687127,OverRange,OverRange,OverRange,9.392106,12.114064,-3.828828
2026/05/21 00:28:00.264,n,-3.013277,4.489781,4.8242,0.651274,OverRange,OverRange,OverRange,9.392604,12.108674,-3.784119
2026/05/21 00:29:00.261,n,-2.969655,5.071373,4.810132,0.39392,OverRange,OverRange,OverRange,9.396664,12.10218,-3.885481
2026/05/21 00:30:00.263,n,-3.057413,5.568303,5.562168,0.095683,OverRange,OverRange,OverRange,9.409094,12.101136,-3.918586
2026/05/21 00:31:00.269,n,-3.004681,5.36986,5.273177,0.447374,OverRange,OverRange,OverRange,9.44663,12.10218,-3.961248
2026/05/21 00:32:00.269,n,-2.975557,3.89423,4.491735,0.607966,OverRange,OverRange,OverRange,9.454976,12.097898,-3.943756
2026/05/21 00:33:00.272,n,-3.051639,4.211773,4.619112,0.676616,OverRange,OverRange,OverRange,9.486894,12.096822,-3.914576
2026/05/21 00:34:00.274,n,-2.899474,4.20616,4.714803,0.592739,OverRange,OverRange,OverRange,9.54924,12.094642,-3.957579
2026/05/21 00:35:00.273,n,-2.919874,4.523915,4.91207,0.622162,OverRange,OverRange,OverRange,9.575368,12.095716,-3.971059
2026/05/21 00:36:00.275,n,-2.989926,4.586691,5.137346,0.388541,OverRange,OverRange,OverRange,9.586248,12.097898,-3.895123
2026/05/21 00:37:00.261,n,-2.893316,3.965187,4.282041,0.205749,OverRange,OverRange,OverRange,9.582194,12.098956,-3.941879
2026/05/21 00:38:00.264,n,-2.96093,4.662885,5.106841,0.480789,OverRange,OverRange,OverRange,9.602464,12.094642,-3.89717
2026/05/21 00:39:00.267,n,-2.940146,4.355729,4.600604,0.411571,OverRange,OverRange,OverRange,9.603978,12.096822,-3.883519
2026/05/21 00:40:00.266,n,-3.016356,4.525759,4.722428,0.646529,OverRange,OverRange,OverRange,9.642228,12.096822,-3.865943
2026/05/21 00:41:00.268,n,-2.946176,4.657694,4.765302,0.362588,OverRange,OverRange,OverRange,9.61842,12.093568,-3.932153
2026/05/21 00:42:00.270,n,-3.107193,4.408053,5.002365,0.47757,OverRange,OverRange,OverRange,9.553326,12.098956,-3.93804
2026/05/21 00:43:00.272,n,-3.069216,5.239418,4.974304,0.689869,OverRange,OverRange,OverRange,9.551016,12.097898,-3.932067
2026/05/21 00:44:00.274,n,-3.025338,5.643348,4.972434,0.622838,OverRange,OverRange,OverRange,9.537594,12.097898,-3.945804
2026/05/21 00:45:00.279,n,-2.978507,4.78028,4.813469,0.602057,OverRange,OverRange,OverRange,9.571034,12.0914,-4.027543
2026/05/21 00:46:00.262,n,-3.118997,4.37605,5.067454,0.52606,OverRange,OverRange,OverRange,9.602972,12.095716,-4.008089
2026/05/21 00:47:00.267,n,-3.05459,5.344908,5.233173,0.653909,OverRange,OverRange,OverRange,9.64121,12.096822,-4.134707
2026/05/21 00:48:00.266,n,-2.896267,4.036319,5.109331,0.805681,OverRange,OverRange,OverRange,9.633368,12.096822,-3.986759
2026/05/21 00:49:00.268,n,-2.966832,4.351884,4.421484,0.067647,OverRange,OverRange,OverRange,9.588268,12.097898,-3.850414
2026/05/21 00:50:00.270,n,-2.863935,4.520654,5.195348,0.74213,OverRange,OverRange,OverRange,9.626038,12.097898,-3.875669
2026/05/21 00:51:00.272,n,-2.732683,4.455788,4.641543,0.418352,OverRange,OverRange,OverRange,9.653896,12.094642,-3.82695
2026/05/21 00:52:00.273,n,-2.753083,4.637408,4.726003,0.433917,OverRange,OverRange,OverRange,9.677934,12.095716,-3.83864
2026/05/21 00:53:00.276,n,-2.887542,4.433386,4.970142,0.512901,OverRange,OverRange,OverRange,9.674678,12.098956,-3.780109
2026/05/21 00:54:00.279,n,-2.726653,4.493922,5.283983,0.654364,OverRange,OverRange,OverRange,9.583446,12.10218,-3.828913
2026/05/21 00:55:00.262,n,-2.700223,5.211526,5.316556,0.476034,OverRange,OverRange,OverRange,9.620718,12.098956,-3.785996
2026/05/21 00:56:00.266,n,-2.890622,4.532041,4.976876,0.742015,OverRange,OverRange,OverRange,9.659964,12.107568,-3.856046
2026/05/21 00:57:00.266,n,-2.762064,4.455224,4.622368,0.349067,OverRange,OverRange,OverRange,9.689092,12.109748,-3.815176
2026/05/21 00:58:00.269,n,-2.785286,4.498456,4.763178,0.590811,OverRange,OverRange,OverRange,9.666814,12.112956,-3.842479
2026/05/21 00:59:00.270,n,-2.896138,4.388071,4.521372,0.353741,OverRange,OverRange,OverRange,9.609554,12.112956,-3.844527
2026/05/21 01:00:00.274,n,-2.989926,4.577327,5.036613,0.627417,OverRange,OverRange,OverRange,9.624746,12.116228,-3.834544
2026/05/21 01:01:00.275,n,-2.741279,4.458894,4.528044,0.075098,OverRange,OverRange,OverRange,9.65743,12.115138,-3.891027
2026/05/21 01:02:00.276,n,-3.019307,5.546117,5.270974,0.437322,OverRange,OverRange,OverRange,9.562684,12.118378,-3.774221
2026/05/21 01:03:00.283,n,-2.764758,5.637407,5.227787,0.784964,OverRange,OverRange,OverRange,9.65009,12.120496,-3.881472
2026/05/21 01:04:00.263,n,-2.826342,4.431934,4.718352,0.498701,OverRange,OverRange,OverRange,9.767218,12.120496,-3.747089
2026/05/21 01:05:00.265,n,-2.81749,5.588423,5.466045,0.469553,OverRange,OverRange,OverRange,9.847448,12.124842,-3.758864
2026/05/21 01:06:00.268,n,-2.700351,4.623293,5.328656,0.552223,OverRange,OverRange,OverRange,9.853816,12.124842,-3.667228
2026/05/21 01:07:00.269,n,-2.840712,4.419427,4.599652,0.373604,OverRange,OverRange,OverRange,9.863236,12.130198,-3.723711
2026/05/21 01:08:00.270,n,-2.996085,5.530988,4.770439,0.629057,OverRange,OverRange,OverRange,9.749426,12.12805,-3.534637
2026/05/21 01:09:00.273,n,-2.773611,4.641411,5.116008,0.441551,OverRange,OverRange,OverRange,9.662248,12.135618,-3.60682
2026/05/21 01:10:00.276,n,-2.908198,5.509612,5.050781,0.588554,OverRange,OverRange,OverRange,9.647054,12.134544,-3.526873
2026/05/21 01:11:00.278,n,-2.706125,4.693859,5.410883,0.542209,OverRange,OverRange,OverRange,9.67213,12.135618,-3.708182
2026/05/21 01:12:00.278,n,-2.875995,4.128545,4.994313,0.618496,OverRange,OverRange,OverRange,9.6326,12.14205,-3.710059
2026/05/21 01:13:00.264,n,-2.943225,4.41328,4.645613,0.450528,OverRange,OverRange,OverRange,9.574596,12.136694,-3.600932
2026/05/21 01:14:00.266,n,-2.709204,4.468171,4.747794,0.428425,OverRange,OverRange,OverRange,9.66123,12.139902,-3.599055
2026/05/21 01:15:00.269,n,-2.76463,4.464112,4.753498,0.37791,OverRange,OverRange,OverRange,9.701544,12.144232,-3.641972
2026/05/21 01:16:00.270,n,-2.729604,4.441555,4.479999,0.079144,OverRange,OverRange,OverRange,9.659964,12.143156,-3.614584
2026/05/21 01:17:00.273,n,-2.887542,5.427791,5.181331,0.55227,OverRange,OverRange,OverRange,9.660466,12.139902,-3.591121
2026/05/21 01:18:00.275,n,-2.826343,5.578974,5.427502,0.54561,OverRange,OverRange,OverRange,9.55711,12.143156,-3.626273
2026/05/21 01:19:00.277,n,-2.697272,4.486557,4.708106,0.389632,OverRange,OverRange,OverRange,9.55534,12.143156,-3.567572
2026/05/21 01:20:00.279,n,-2.902553,4.365896,4.766777,0.359507,OverRange,OverRange,OverRange,9.605246,12.14205,-3.608867
2026/05/21 01:21:00.281,n,-2.858418,4.515481,4.640311,0.507837,OverRange,OverRange,OverRange,9.604748,12.14205,-3.647945
2026/05/21 01:22:00.268,n,-2.849437,5.534646,4.777801,0.560908,OverRange,OverRange,OverRange,9.618414,12.14205,-3.593083
2026/05/21 01:23:00.269,n,-2.831988,5.779802,5.522192,0.180459,OverRange,OverRange,OverRange,9.61968,12.14747,-3.634037
2026/05/21 01:24:00.270,n,-2.668019,5.553743,5.363192,0.587815,OverRange,OverRange,OverRange,9.651108,12.143156,-3.606905
2026/05/21 01:25:00.272,n,-2.706253,5.671305,5.418798,0.389651,OverRange,OverRange,OverRange,9.62704,12.14747,-3.559978
2026/05/21 01:26:00.275,n,-2.744358,5.388895,5.325312,0.523982,OverRange,OverRange,OverRange,9.604254,12.139902,-3.622434
2026/05/21 01:27:00.277,n,-2.77066,5.92027,5.471001,0.437873,OverRange,OverRange,OverRange,9.574864,12.138808,-3.579602
2026/05/21 01:28:00.278,n,-2.776433,4.732238,4.786562,0.427826,OverRange,OverRange,OverRange,9.532782,12.145306,-3.579517
2026/05/21 01:29:00.279,n,-2.855467,4.498129,5.018413,0.756006,OverRange,OverRange,OverRange,9.571544,12.14205,-3.548459
2026/05/21 01:30:00.282,n,-2.758984,4.116347,4.628467,0.513083,OverRange,OverRange,OverRange,9.535054,12.139902,-3.571667
2026/05/21 01:31:00.267,n,-2.852644,4.327695,4.816459,0.532283,OverRange,OverRange,OverRange,9.485922,12.135618,-3.528921
2026/05/21 01:32:00.270,n,-2.867271,5.511377,4.911743,0.518558,OverRange,OverRange,OverRange,9.537084,12.139902,-3.468513
2026/05/21 01:33:00.271,n,-2.753083,4.443114,5.051182,0.577507,OverRange,OverRange,OverRange,9.515026,12.137736,-3.618423
2026/05/21 01:34:00.274,n,-2.808637,5.317673,4.575266,0.441107,OverRange,OverRange,OverRange,9.583954,12.132378,-3.523118
2026/05/21 01:35:00.275,n,-2.723702,4.3891,4.429123,0.08163,OverRange,OverRange,OverRange,9.591324,12.131304,-3.567913
2026/05/21 01:36:00.277,n,-2.869965,5.461829,5.116173,0.486434,OverRange,OverRange,OverRange,9.53,12.137736,-3.585318
2026/05/21 01:37:00.281,n,-2.814411,4.412983,4.809564,0.668394,OverRange,OverRange,OverRange,9.483624,12.130198,-3.657416
2026/05/21 01:38:00.281,n,-2.75026,5.833401,5.002862,0.759976,OverRange,OverRange,OverRange,9.547226,12.130198,-3.678917
2026/05/21 01:39:00.283,n,-2.747053,4.538976,4.572352,0.254725,OverRange,OverRange,OverRange,9.59512,12.132378,-3.649651
2026/05/21 01:40:00.270,n,-2.940274,5.903611,5.056449,0.587939,OverRange,OverRange,OverRange,9.633118,12.129124,-3.719786
2026/05/21 01:41:00.272,n,-2.794011,4.096184,4.497071,0.235301,OverRange,OverRange,OverRange,9.610316,12.133472,-3.715947
2026/05/21 01:42:00.273,n,-3.031111,5.432482,5.144739,0.474435,OverRange,OverRange,OverRange,9.540376,12.130198,-3.848452
2026/05/21 01:43:00.259,n,-2.890365,5.484234,5.137742,0.688647,OverRange,OverRange,OverRange,9.622712,12.131304,-3.799733
2026/05/21 01:44:00.261,n,-2.978379,3.999678,4.238374,0.187064,OverRange,OverRange,OverRange,9.650086,12.130198,-3.725588
2026/05/21 01:45:00.263,n,-3.057413,5.905751,5.106127,0.673379,OverRange,OverRange,OverRange,9.617158,12.135618,-3.827036
2026/05/21 01:46:00.264,n,-2.870093,4.806163,5.308388,0.52206,OverRange,OverRange,OverRange,9.545436,12.12805,-3.754768
2026/05/21 01:47:00.266,n,-2.838018,4.577229,5.227457,0.566242,OverRange,OverRange,OverRange,9.558126,12.129124,-3.766713
2026/05/21 01:48:00.333,n,-2.855595,5.624492,5.19143,0.569048,OverRange,OverRange,OverRange,9.528474,12.131304,-3.70622
2026/05/21 01:49:00.319,n,-2.720879,4.112769,4.69973,0.568826,OverRange,OverRange,OverRange,9.600948,12.133472,-3.682841
2026/05/21 01:50:00.343,n,-2.93758,5.461006,5.135485,0.442801,OverRange,OverRange,OverRange,9.541128,12.126958,-3.384812
2026/05/21 01:51:00.324,n,-2.808766,6.034601,5.577907,0.234551,OverRange,OverRange,OverRange,9.506176,12.11942,-3.392576
2026/05/21 01:52:00.325,n,-2.676872,4.856663,5.006583,0.627094,OverRange,OverRange,OverRange,9.487672,12.121602,-3.429606
2026/05/21 01:53:00.262,n,-2.902297,3.8708,4.147592,0.22955,OverRange,OverRange,OverRange,9.502102,12.123734,-3.466721
2026/05/21 01:54:00.265,n,-2.720751,5.896484,5.728125,0.20486,OverRange,OverRange,OverRange,9.516058,12.118378,-3.550166
2026/05/21 01:55:00.266,n,-2.755777,5.408546,5.380636,0.389906,OverRange,OverRange,OverRange,9.488704,12.116228,-3.415954
2026/05/21 01:56:00.269,n,-2.788237,5.601713,5.0958,0.787497,OverRange,OverRange,OverRange,9.516796,12.117272,-3.538647
2026/05/21 01:57:00.270,n,-2.679823,5.895162,5.708206,0.109445,OverRange,OverRange,OverRange,9.438498,12.107568,-3.486004
2026/05/21 01:58:00.272,n,-2.67405,3.99961,4.758703,0.683196,OverRange,OverRange,OverRange,9.467648,12.108674,-3.46655
2026/05/21 01:59:00.257,n,-2.811588,4.743499,5.264734,0.592907,OverRange,OverRange,OverRange,9.525426,12.104328,-3.599055
2026/05/21 02:00:00.260,n,-2.752826,5.467622,5.250212,0.708969,OverRange,OverRange,OverRange,9.52796,12.108674,-3.562025
2026/05/21 02:01:00.260,n,-2.756034,5.326046,5.00702,0.424014,OverRange,OverRange,OverRange,9.467912,12.107568,-3.536514
2026/05/21 02:02:00.263,n,-2.838018,5.351012,4.998508,0.398717,OverRange,OverRange,OverRange,9.522644,12.103286,-3.63216
2026/05/21 02:03:00.265,n,-2.656215,4.826372,5.412947,0.519279,OverRange,OverRange,OverRange,9.54089,12.10218,-3.712022
2026/05/21 02:04:00.267,n,-2.852644,4.019327,4.464859,0.567077,OverRange,OverRange,OverRange,9.483378,12.105418,-3.62815
2026/05/21 02:05:00.270,n,-2.84392,4.523633,5.195736,0.793584,OverRange,OverRange,OverRange,9.58372,12.106494,-3.764665
2026/05/21 02:06:00.272,n,-2.706125,4.583723,4.712135,0.208698,OverRange,OverRange,OverRange,9.552038,12.10218,-3.745212
2026/05/21 02:07:00.256,n,-2.834939,5.22943,5.16113,0.522994,OverRange,OverRange,OverRange,9.562184,12.100062,-3.723711
2026/05/21 02:08:00.258,n,-2.846614,5.688066,5.091559,0.457872,OverRange,OverRange,OverRange,9.510722,12.100062,-3.764665
2026/05/21 02:09:00.260,n,-2.861112,5.386811,4.973496,0.662448,OverRange,OverRange,OverRange,9.548738,12.096822,-3.719872
2026/05/21 02:10:00.262,n,-2.808509,4.411461,4.802104,0.545811,OverRange,OverRange,OverRange,9.599422,12.101136,-3.782156
2026/05/21 02:11:00.265,n,-2.893701,5.891403,5.178677,0.656429,OverRange,OverRange,OverRange,9.522396,12.098956,-3.702295
2026/05/21 02:12:00.266,n,-2.72383,4.428834,4.772711,0.4478,OverRange,OverRange,OverRange,9.544434,12.103286,-3.819272
2026/05/21 02:13:00.268,n,-2.919874,5.541845,4.792874,0.532627,OverRange,OverRange,OverRange,9.562424,12.101136,-3.745212
2026/05/21 02:14:00.269,n,-2.820697,4.605414,4.913029,0.564098,OverRange,OverRange,OverRange,9.549504,12.103286,-3.710059
2026/05/21 02:15:00.271,n,-2.917179,5.396678,4.982897,0.677925,OverRange,OverRange,OverRange,9.555084,12.107568,-3.674992
2026/05/21 02:16:00.256,n,-2.878946,6.010399,5.147023,0.741134,OverRange,OverRange,OverRange,9.619954,12.106494,-3.711936
2026/05/21 02:17:00.259,n,-2.738328,5.113492,4.881094,0.292786,OverRange,OverRange,OverRange,9.645794,12.106494,-3.63216
2026/05/21 02:18:00.260,n,-2.881769,5.70519,5.297758,0.521091,OverRange,OverRange,OverRange,9.62704,12.107568,-3.626188
2026/05/21 02:19:00.262,n,-2.820184,6.01474,5.73508,0.237254,OverRange,OverRange,OverRange,9.533524,12.106494,-3.671067
2026/05/21 02:20:00.264,n,-2.674178,5.764098,5.379385,0.567593,OverRange,OverRange,OverRange,9.465108,12.105418,-3.754853
2026/05/21 02:21:00.266,n,-2.767966,4.2756,5.152069,0.803275,OverRange,OverRange,OverRange,9.410848,12.110808,-3.760741
2026/05/21 02:22:00.269,n,-2.861497,4.320668,4.441023,0.270213,OverRange,OverRange,OverRange,9.407318,12.108674,-3.67303
2026/05/21 02:23:00.270,n,-2.928599,5.592947,5.115049,0.735581,OverRange,OverRange,OverRange,9.465118,12.106494,-3.682756
2026/05/21 02:24:00.272,n,-2.799913,5.357683,5.586083,0.131994,OverRange,OverRange,OverRange,9.500834,12.109748,-3.661341
2026/05/21 02:25:00.258,n,-2.799784,4.42867,5.384044,0.532971,OverRange,OverRange,OverRange,9.555588,12.104328,-3.641887
2026/05/21 02:26:00.260,n,-2.779384,3.993878,4.28954,0.254998,OverRange,OverRange,OverRange,9.57813,12.108674,-3.624396
2026/05/21 02:27:00.262,n,-2.905376,5.494132,4.77097,0.633405,OverRange,OverRange,OverRange,9.527202,12.098956,-3.663473
2026/05/21 02:28:00.263,n,-2.814539,5.909091,5.021437,0.663952,OverRange,OverRange,OverRange,9.525936,12.10218,-3.696408
2026/05/21 02:29:00.557,n,-2.83789,4.611667,5.333138,0.611352,OverRange,OverRange,OverRange,9.58042,12.107568,-3.754854
2026/05/21 02:30:00.269,n,-2.826343,5.377942,5.036253,0.45332,OverRange,OverRange,OverRange,9.617656,12.103286,-3.659463
2026/05/21 02:31:00.269,n,-2.823392,4.742209,5.18668,0.47898,OverRange,OverRange,OverRange,9.570024,12.106494,-3.632075
2026/05/21 02:32:00.271,n,-2.814282,5.705311,5.209104,0.575464,OverRange,OverRange,OverRange,9.572572,12.103286,-3.563988
2026/05/21 02:33:00.275,n,-2.814539,6.014477,5.612078,0.574474,OverRange,OverRange,OverRange,9.478038,12.10218,-3.741372
2026/05/21 02:34:00.259,n,-2.808637,5.551203,5.238,0.448621,OverRange,OverRange,OverRange,9.429882,12.101136,-3.616461
2026/05/21 02:35:00.260,n,-2.721136,6.111581,5.725629,0.585177,OverRange,OverRange,OverRange,9.44659,12.101136,-3.754853
2026/05/21 02:36:00.264,n,-2.808637,4.163839,4.392735,0.225432,OverRange,OverRange,OverRange,9.51328,12.095716,-3.708182
2026/05/21 02:37:00.265,n,-2.957851,4.872313,4.813532,0.687496,OverRange,OverRange,OverRange,9.479548,12.097898,-3.743335
2026/05/21 02:38:00.269,n,-2.963625,5.278069,4.518891,0.508355,OverRange,OverRange,OverRange,9.474508,12.101136,-3.643764
2026/05/21 02:39:00.270,n,-2.969655,4.819579,4.76964,0.690477,OverRange,OverRange,OverRange,9.486146,12.096822,-3.70622
2026/05/21 02:40:00.272,n,-2.931678,4.451653,5.136538,0.538805,OverRange,OverRange,OverRange,9.46993,12.095716,-3.696408
2026/05/21 02:41:00.274,n,-2.846871,6.186102,5.136153,0.847923,OverRange,OverRange,OverRange,9.504396,12.092474,-3.669105
2026/05/21 02:42:00.275,n,-2.899474,5.560062,5.099097,0.63754,OverRange,OverRange,OverRange,9.541646,12.095716,-3.805535
2026/05/21 02:43:00.261,n,-2.87561,4.582255,5.252635,0.562003,OverRange,OverRange,OverRange,9.435226,12.090326,-3.780365
2026/05/21 02:44:00.262,n,-2.852644,4.050608,4.241904,0.194937,OverRange,OverRange,OverRange,9.433168,12.088178,-3.562111
2026/05/21 02:45:00.265,n,-2.890365,5.279137,4.547812,0.575688,OverRange,OverRange,OverRange,9.452938,12.08922,-3.49974
2026/05/21 02:46:00.266,n,-2.843791,5.093893,4.880144,0.467299,OverRange,OverRange,OverRange,9.426066,12.087104,-3.563817
2026/05/21 02:47:00.269,n,-2.867399,4.525726,4.943628,0.491924,OverRange,OverRange,OverRange,9.458014,12.08383,-3.585489
2026/05/21 02:48:00.269,n,-2.881897,5.354188,5.027577,0.654923,OverRange,OverRange,OverRange,9.463598,12.079548,-3.528835
2026/05/21 02:49:00.272,n,-2.849437,5.755209,5.61856,0.290731,OverRange,OverRange,OverRange,9.382732,12.0774,-3.560234
2026/05/21 02:50:00.273,n,-2.852516,5.934857,5.193267,0.855738,OverRange,OverRange,OverRange,9.405284,12.0774,-3.587366
2026/05/21 02:51:00.277,n,-2.846614,5.597018,5.016136,0.651546,OverRange,OverRange,OverRange,9.416702,12.070904,-3.425425
2026/05/21 02:52:00.262,n,-2.940274,3.987459,4.650041,0.792669,OverRange,OverRange,OverRange,9.405538,12.06983,-3.606819
2026/05/21 02:53:00.264,n,-2.972477,5.770995,5.128845,0.704805,OverRange,OverRange,OverRange,9.400722,12.070904,-3.600932
2026/05/21 02:54:00.265,n,-2.995957,4.379668,4.834848,0.746049,OverRange,OverRange,OverRange,9.380184,12.067664,-3.622348
2026/05/21 02:55:00.267,n,-3.016356,5.53525,4.676643,0.696451,OverRange,OverRange,OverRange,9.344696,12.060158,-3.507505
2026/05/21 02:56:00.270,n,-3.089745,6.154877,5.22836,0.845488,OverRange,OverRange,OverRange,9.306672,12.055812,-3.64001
2026/05/21 02:57:00.274,n,-3.069216,5.526068,5.059083,0.704246,OverRange,OverRange,OverRange,9.357362,12.050456,-3.626273
2026/05/21 02:58:00.272,n,-3.259615,5.71275,4.920921,0.770807,OverRange,OverRange,OverRange,9.312756,12.041812,-3.686681
2026/05/21 02:59:00.276,n,-3.347501,5.749218,5.084234,0.670306,OverRange,OverRange,OverRange,9.282048,12.034256,-3.778317
2026/05/21 03:00:00.277,n,-3.441033,4.026905,4.656646,0.701472,OverRange,OverRange,OverRange,9.272176,12.028886,-3.836677
2026/05/21 03:01:00.262,n,-3.587424,5.702111,5.630436,0.067183,OverRange,OverRange,OverRange,9.286118,12.020224,-3.983004
2026/05/21 03:02:00.263,n,-3.482089,4.131686,5.089159,0.687291,OverRange,OverRange,OverRange,9.287892,12.01376,-4.051177
2026/05/21 03:03:00.268,n,-3.397282,5.818445,5.355778,0.643235,OverRange,OverRange,OverRange,9.273956,12.005164,-3.955531
2026/05/21 03:04:00.267,n,-3.280015,4.222467,4.578295,0.56545,OverRange,OverRange,OverRange,9.265316,12.002984,-3.982834
2026/05/21 03:05:00.272,n,-3.388301,5.618061,4.783393,0.649573,OverRange,OverRange,OverRange,9.249344,11.99328,-3.926265
2026/05/21 03:06:00.271,n,-3.317864,4.567162,4.908947,0.517459,OverRange,OverRange,OverRange,9.306152,11.988982,-3.95536
2026/05/21 03:07:00.276,n,-3.192386,5.576021,5.131586,0.544066,OverRange,OverRange,OverRange,9.32541,11.986816,-3.87567
2026/05/21 03:08:00.277,n,-3.268211,4.330591,5.106546,0.573075,OverRange,OverRange,OverRange,9.259222,11.974964,-3.932153
2026/05/21 03:09:00.277,n,-3.283094,3.910321,4.730071,0.736897,OverRange,OverRange,OverRange,9.202148,11.97607,-3.906897
2026/05/21 03:10:00.266,n,-3.300671,5.677291,5.267927,0.678688,OverRange,OverRange,OverRange,9.211802,11.968468,-3.858093
2026/05/21 03:11:00.265,n,-3.303237,5.654439,5.68897,0.069812,OverRange,OverRange,OverRange,9.25644,11.96308,-3.918416
2026/05/21 03:12:00.267,n,-3.359048,4.470447,4.974087,0.570454,OverRange,OverRange,OverRange,9.24022,11.956648,-4.070545
2026/05/21 03:13:00.270,n,-3.420376,3.987322,4.548755,0.443078,OverRange,OverRange,OverRange,9.24758,11.949048,-4.062695
2026/05/21 03:14:00.271,n,-3.481961,3.837275,4.466682,0.551627,OverRange,OverRange,OverRange,9.207728,11.942584,-3.986673
2026/05/21 03:15:00.274,n,-3.321071,4.489912,4.545724,0.495296,OverRange,OverRange,OverRange,9.189204,11.939378,-3.998277
2026/05/21 03:16:00.275,n,-3.297464,6.004988,4.706672,0.701121,OverRange,OverRange,OverRange,9.187944,11.929642,-3.918501
2026/05/21 03:17:00.276,n,-3.192257,4.304254,4.709637,0.615665,OverRange,OverRange,OverRange,9.191508,11.925326,-3.965343
2026/05/21 03:18:00.280,n,-3.230234,4.322501,4.462224,0.369893,OverRange,OverRange,OverRange,9.221432,11.922104,-3.93002
2026/05/21 03:19:00.264,n,-3.306188,4.701683,4.546114,0.509449,OverRange,OverRange,OverRange,9.21663,11.915642,-3.934115
2026/05/21 03:20:00.266,n,-3.253456,5.830277,5.128448,0.703092,OverRange,OverRange,OverRange,9.2364,11.905906,-4.05715
2026/05/21 03:21:00.268,n,-3.154023,4.472427,4.74794,0.759872,OverRange,OverRange,OverRange,9.21053,11.904864,-3.973107
2026/05/21 03:22:00.269,n,-3.200981,4.366695,4.676574,0.760159,OverRange,OverRange,OverRange,9.219656,11.899442,-3.860055
2026/05/21 03:23:00.271,n,-3.113223,4.798517,4.699767,0.509112,OverRange,OverRange,OverRange,9.252132,11.898368,-3.842564
2026/05/21 03:24:00.273,n,-3.180453,5.848584,5.047838,0.780834,OverRange,OverRange,OverRange,9.250356,11.89184,-3.825073
2026/05/21 03:25:00.278,n,-3.083714,5.239326,4.926798,0.666622,OverRange,OverRange,OverRange,9.284836,11.898368,-3.935992
2026/05/21 03:26:00.279,n,-3.130288,5.35453,4.895218,0.790631,OverRange,OverRange,OverRange,9.276734,11.886484,-3.897171
2026/05/21 03:27:00.279,n,-2.960802,4.288168,4.906173,0.792928,OverRange,OverRange,OverRange,9.301846,11.892946,-3.920463
2026/05/21 03:28:00.264,n,-3.077941,5.701542,5.337057,0.54177,OverRange,OverRange,OverRange,9.305654,11.887592,-3.932067
2026/05/21 03:29:00.267,n,-2.978379,4.960713,5.641291,0.349726,OverRange,OverRange,OverRange,9.299556,11.886484,-3.924303
2026/05/21 03:30:00.271,n,-2.978379,4.569222,4.918134,0.676336,OverRange,OverRange,OverRange,9.263022,11.883278,-3.928142
2026/05/21 03:31:00.271,n,-2.928599,4.611144,5.072565,0.697416,OverRange,OverRange,OverRange,9.269868,11.884352,-3.885481
2026/05/21 03:32:00.273,n,-3.022515,3.97176,4.805362,0.621283,OverRange,OverRange,OverRange,9.283818,11.883278,-3.869782
2026/05/21 03:33:00.276,n,-3.045737,4.265613,4.912255,0.630002,OverRange,OverRange,OverRange,9.283326,11.886484,-3.908604
2026/05/21 03:34:00.277,n,-2.966704,4.599365,4.468156,0.108352,OverRange,OverRange,OverRange,9.280274,11.883278,-3.926436
2026/05/21 03:35:00.278,n,-3.030982,4.450669,4.830771,0.549217,OverRange,OverRange,OverRange,9.287648,11.878962,-3.807412
2026/05/21 03:36:00.281,n,-3.133495,5.347215,4.739784,0.675165,OverRange,OverRange,OverRange,9.314016,11.88217,-3.842479
2026/05/21 03:37:00.265,n,-3.007889,5.713289,5.276107,0.581105,OverRange,OverRange,OverRange,9.316554,11.878962,-3.846489
2026/05/21 03:38:00.268,n,-3.025209,5.721463,5.356997,0.611812,OverRange,OverRange,OverRange,9.342926,11.877856,-3.926436
2026/05/21 03:39:00.271,n,-2.998907,4.861614,4.886046,0.526434,OverRange,OverRange,OverRange,9.340388,11.880022,-3.895123
2026/05/21 03:40:00.271,n,-3.022258,4.519705,4.955686,0.591608,OverRange,OverRange,OverRange,9.302592,11.880022,-3.881386
2026/05/21 03:41:00.274,n,-3.054718,4.434572,4.855908,0.607881,OverRange,OverRange,OverRange,9.319346,11.881128,-3.791883
2026/05/21 03:42:00.275,n,-3.142476,5.44121,4.894048,0.688729,OverRange,OverRange,OverRange,9.296,11.88217,-3.928313
2026/05/21 03:43:00.279,n,-3.089744,4.383123,4.925302,0.600494,OverRange,OverRange,OverRange,9.22321,11.878962,-3.813384
2026/05/21 03:44:00.279,n,-3.036884,4.772599,5.015151,0.735635,OverRange,OverRange,OverRange,9.235896,11.880022,-3.774307
2026/05/21 03:45:00.283,n,-3.039835,4.364464,5.116028,0.615814,OverRange,OverRange,OverRange,9.26912,11.880022,-3.710144
2026/05/21 03:46:00.269,n,-2.981202,6.011441,5.294972,0.688219,OverRange,OverRange,OverRange,9.232854,11.875708,-3.698455
2026/05/21 03:47:00.268,n,-2.995828,4.604049,4.861495,0.692813,OverRange,OverRange,OverRange,9.231074,11.871392,-3.733352
2026/05/21 03:48:00.270,n,-3.098469,5.679542,5.059333,0.768045,OverRange,OverRange,OverRange,9.229574,11.870286,-3.774307
2026/05/21 03:49:00.273,n,-3.083714,5.701991,5.000042,0.836793,OverRange,OverRange,OverRange,9.203172,11.872436,-3.70221
2026/05/21 03:50:00.275,n,-3.133623,4.147909,4.67079,0.807806,OverRange,OverRange,OverRange,9.231854,11.866004,-3.719701
2026/05/21 03:51:00.276,n,-3.127722,5.474716,5.43392,0.543559,OverRange,OverRange,OverRange,9.229794,11.86493,-3.76859
2026/05/21 03:52:00.278,n,-3.116046,4.616175,4.993187,0.721773,OverRange,OverRange,OverRange,9.191244,11.858434,-3.799733
2026/05/21 03:53:00.279,n,-3.177503,4.226197,4.813342,0.638313,OverRange,OverRange,OverRange,9.141516,11.861708,-3.704257
2026/05/21 03:54:00.283,n,-3.113223,4.064347,4.931334,0.824128,OverRange,OverRange,OverRange,9.172222,11.855196,-3.737362
2026/05/21 03:55:00.267,n,-3.150944,5.4571,5.319175,0.806239,OverRange,OverRange,OverRange,9.157772,11.850898,-3.764751
2026/05/21 03:56:00.270,n,-3.165827,4.117249,4.625544,0.559271,OverRange,OverRange,OverRange,9.142544,11.85194,-3.659378
2026/05/21 03:57:00.272,n,-3.115918,4.382557,4.876864,0.598761,OverRange,OverRange,OverRange,9.141276,11.844386,-3.690691
2026/05/21 03:58:00.274,n,-3.124899,5.542239,5.348776,0.546515,OverRange,OverRange,OverRange,9.128582,11.84227,-3.692483
2026/05/21 03:59:00.276,n,-3.14825,5.494375,4.942039,0.708467,OverRange,OverRange,OverRange,9.137472,11.836848,-3.653747
2026/05/21 04:00:00.277,n,-3.192001,5.688987,5.365261,0.604679,OverRange,OverRange,OverRange,9.12705,11.833608,-3.77243
2026/05/21 04:01:00.281,n,-3.259615,3.925964,4.657614,0.741634,OverRange,OverRange,OverRange,9.114614,11.8347,-3.776184
2026/05/21 04:02:00.281,n,-3.420633,5.520779,4.966163,0.653099,OverRange,OverRange,OverRange,9.100408,11.823922,-3.785911
2026/05/21 04:03:00.283,n,-3.458738,5.615905,5.04555,0.712128,OverRange,OverRange,OverRange,9.080104,11.82065,-3.914747
2026/05/21 04:04:00.269,n,-3.414602,4.458761,4.589219,0.510356,OverRange,OverRange,OverRange,9.080856,11.81422,-3.928228
2026/05/21 04:05:00.270,n,-3.572798,4.089719,4.319248,0.1448,OverRange,OverRange,OverRange,9.127554,11.825126,-4.008174
2026/05/21 04:06:00.272,n,-3.280271,4.306247,4.613559,0.670164,OverRange,OverRange,OverRange,9.141698,11.814334,-3.846745
2026/05/21 04:07:00.276,n,-3.295154,5.13,5.051299,0.583474,OverRange,OverRange,OverRange,9.138398,11.808946,-3.95007
2026/05/21 04:08:00.262,n,-3.318505,4.129875,4.486496,0.536352,OverRange,OverRange,OverRange,9.092738,11.805674,-3.95391
2026/05/21 04:09:00.262,n,-3.397539,4.441581,4.617165,0.591937,OverRange,OverRange,OverRange,9.13763,11.79921,-3.961845
2026/05/21 04:10:00.267,n,-3.315555,4.34464,4.663782,0.592564,OverRange,OverRange,OverRange,9.12469,11.789508,-3.99495
2026/05/21 04:11:00.266,n,-3.215864,5.754469,4.844454,0.632535,OverRange,OverRange,OverRange,9.067602,11.787326,-3.899474
2026/05/21 04:12:00.270,n,-3.174808,5.643766,5.618508,0.589098,OverRange,OverRange,OverRange,9.016338,11.775476,-3.967561
2026/05/21 04:13:00.270,n,-3.063443,3.971636,4.473825,0.489656,OverRange,OverRange,OverRange,9.076488,11.772202,-3.948279
2026/05/21 04:14:00.256,n,-3.031496,5.528342,5.48679,0.208412,OverRange,OverRange,OverRange,9.077504,11.771162,-3.796234
2026/05/21 04:15:00.258,n,-2.931806,4.776151,5.19344,0.642805,OverRange,OverRange,OverRange,9.04272,11.765742,-3.8255
2026/05/21 04:16:00.261,n,-2.967089,5.370487,4.881556,0.519246,OverRange,OverRange,OverRange,9.06252,11.758204,-3.815603
2026/05/21 04:17:00.262,n,-2.981587,5.4397,5.407321,0.460984,OverRange,OverRange,OverRange,9.067616,11.751724,-3.760997
2026/05/21 04:18:00.267,n,-3.019821,5.737187,4.821303,0.651119,OverRange,OverRange,OverRange,9.064556,11.750648,-3.782583
2026/05/21 04:19:00.267,n,-3.002115,4.695143,5.028715,0.55008,OverRange,OverRange,OverRange,9.066586,11.746304,-3.798026
2026/05/21 04:20:00.270,n,-3.054975,5.721105,5.058197,0.790886,OverRange,OverRange,OverRange,9.055156,11.744186,-3.823452
2026/05/21 04:21:00.270,n,-2.99339,4.371945,4.672148,0.691431,OverRange,OverRange,OverRange,9.051596,11.744186,-3.784545
2026/05/21 04:22:00.274,n,-3.078198,4.092107,4.712534,0.619515,OverRange,OverRange,OverRange,9.050848,11.73551,-3.86253
2026/05/21 04:23:00.257,n,-3.057798,4.246072,5.036643,0.811286,OverRange,OverRange,OverRange,9.056184,11.737692,-3.819357
2026/05/21 04:24:00.259,n,-3.090129,4.852828,4.841566,0.56292,OverRange,OverRange,OverRange,8.985362,11.736586,-3.825415
2026/05/21 04:25:00.260,n,-3.0637,3.955623,4.213674,0.166041,OverRange,OverRange,OverRange,9.003622,11.73009,-3.780791
2026/05/21 04:26:00.264,n,-2.961187,4.600567,4.427764,0.221495,OverRange,OverRange,OverRange,9.00314,11.73009,-3.823452
2026/05/21 04:27:00.265,n,-3.057798,3.988294,4.334618,0.453112,OverRange,OverRange,OverRange,9.002356,11.740394,-3.753232
2026/05/21 04:28:00.266,n,-3.078967,4.161169,4.327674,0.607302,OverRange,OverRange,OverRange,9.013362,11.73175,-3.69709
2026/05/21 04:29:00.268,n,-3.058311,5.354756,5.601561,0.231618,OverRange,OverRange,OverRange,9.00853,11.729602,-3.761423
2026/05/21 04:30:00.270,n,-3.017126,6.011517,4.933423,0.766603,OverRange,OverRange,OverRange,9.01031,11.725254,-3.812105
2026/05/21 04:31:00.273,n,-3.040861,4.443759,5.133154,0.648056,OverRange,OverRange,OverRange,9.0324,11.720974,-3.815944
2026/05/21 04:32:00.257,n,-3.005579,5.549732,5.529547,0.203703,OverRange,OverRange,OverRange,9.026052,11.71666,-3.779085
2026/05/21 04:33:00.259,n,-2.996855,4.08375,4.892823,0.646373,OverRange,OverRange,OverRange,9.013612,11.713404,-3.845124
2026/05/21 04:34:00.263,n,-2.999806,5.935051,5.356758,0.815958,OverRange,OverRange,OverRange,9.005742,11.709058,-3.798368
2026/05/21 04:35:00.266,n,-3.005579,5.551607,4.778214,0.659314,OverRange,OverRange,OverRange,9.011084,11.70691,-3.893758
2026/05/21 04:36:00.265,n,-3.002628,5.354602,5.707036,0.189869,OverRange,OverRange,OverRange,9.03009,11.70585,-3.862786
2026/05/21 04:37:00.267,n,-2.964523,4.422528,4.292352,0.143705,OverRange,OverRange,OverRange,9.056006,11.700462,-3.926863
2026/05/21 04:38:00.270,n,-2.993904,5.74481,5.029626,0.829142,OverRange,OverRange,OverRange,9.097102,11.6961,-3.845124
2026/05/21 04:39:00.271,n,-2.961572,4.177498,4.38054,0.551429,OverRange,OverRange,OverRange,9.07784,11.704742,-3.843247
2026/05/21 04:40:00.257,n,-3.046636,5.474483,4.396973,0.538879,OverRange,OverRange,OverRange,9.05271,11.695058,-3.73412
2026/05/21 04:41:00.260,n,-2.9821,5.542551,5.55416,0.146919,OverRange,OverRange,OverRange,9.02734,11.686398,-3.716544
2026/05/21 04:42:00.260,n,-2.923723,5.771277,5.396027,0.525175,OverRange,OverRange,OverRange,9.022496,11.686398,-3.851097
2026/05/21 04:43:00.262,n,-2.976583,4.930903,5.182102,0.652124,OverRange,OverRange,OverRange,9.045086,11.686398,-3.83352
2026/05/21 04:44:00.265,n,-2.829935,6.017935,5.710594,0.594266,OverRange,OverRange,OverRange,9.02709,11.684232,-3.753744
2026/05/21 04:45:00.265,n,-2.835709,5.696917,5.173631,0.790697,OverRange,OverRange,OverRange,9.044332,11.683126,-3.796405
2026/05/21 04:46:00.268,n,-2.870992,4.62091,5.479855,0.678656,OverRange,OverRange,OverRange,9.046108,11.685324,-3.794613
2026/05/21 04:47:00.270,n,-3.05536,4.338932,4.751402,0.541396,OverRange,OverRange,OverRange,9.026052,11.680944,-3.745809
2026/05/21 04:48:00.272,n,-3.040733,4.672189,4.798144,0.618718,OverRange,OverRange,OverRange,9.031896,11.684232,-3.769273
2026/05/21 04:49:00.258,n,-3.020205,4.804495,5.528569,0.359799,OverRange,OverRange,OverRange,9.035954,11.686398,-3.845039
2026/05/21 04:50:00.260,n,-3.072809,3.779755,4.611954,0.765736,OverRange,OverRange,OverRange,9.029348,11.67886,-3.804255
2026/05/21 04:51:00.260,n,-3.134522,5.676163,5.314636,0.48124,OverRange,OverRange,OverRange,9.028346,11.683126,-3.786679
2026/05/21 04:52:00.263,n,-3.017383,5.931671,4.995059,0.833037,OverRange,OverRange,OverRange,9.03443,11.680944,-3.852973
2026/05/21 04:53:00.264,n,-3.046636,4.31923,4.776176,0.660075,OverRange,OverRange,OverRange,9.038748,11.682052,-3.796576
2026/05/21 04:54:00.267,n,-3.017511,4.333214,5.109604,0.756912,OverRange,OverRange,OverRange,9.009812,11.67777,-3.83352
2026/05/21 04:55:00.271,n,-3.0025,5.369222,4.916326,0.674384,OverRange,OverRange,OverRange,9.063122,11.674514,-3.831472
2026/05/21 04:56:00.274,n,-2.999806,5.287559,4.861255,0.58908,OverRange,OverRange,OverRange,9.056504,11.671274,-3.837189
2026/05/21 04:57:00.274,n,-2.894342,4.643883,5.48967,0.550008,OverRange,OverRange,OverRange,9.01413,11.675588,-3.816029
2026/05/21 04:58:00.258,n,-3.002756,3.994892,4.924517,0.776812,OverRange,OverRange,OverRange,8.99762,11.67344,-3.792651
2026/05/21 04:59:00.263,n,-3.032009,4.585191,4.714731,0.499814,OverRange,OverRange,OverRange,8.99051,11.675588,-3.778999
2026/05/21 05:00:00.265,n,-3.023156,5.533787,4.64038,0.667998,OverRange,OverRange,OverRange,8.980348,11.676696,-3.794699
2026/05/21 05:01:00.266,n,-3.10219,4.211444,4.78798,0.793067,OverRange,OverRange,OverRange,8.983398,11.671274,-3.812104
2026/05/21 05:02:00.266,n,-3.160695,5.43344,4.691935,0.623117,OverRange,OverRange,OverRange,8.974514,11.663706,-3.856899
2026/05/21 05:03:00.268,n,-3.134521,4.258358,4.733095,0.582511,OverRange,OverRange,OverRange,8.994568,11.66696,-3.868417
2026/05/21 05:04:00.270,n,-3.110786,5.606859,5.182491,0.660348,OverRange,OverRange,OverRange,9.009054,11.670168,-3.839237
2026/05/21 05:05:00.271,n,-3.05536,5.899994,5.060414,0.976177,OverRange,OverRange,OverRange,9.027328,11.66696,-3.919098
2026/05/21 05:06:00.275,n,-3.005579,5.611039,5.373667,0.760981,OverRange,OverRange,OverRange,9.0126,11.66478,-3.944524
2026/05/21 05:07:00.259,n,-3.061133,5.518789,5.160506,0.611981,OverRange,OverRange,OverRange,8.998882,11.671274,-3.843418
2026/05/21 05:08:00.263,n,-3.014432,4.062709,4.76092,0.646923,OverRange,OverRange,OverRange,8.994584,11.665886,-3.880191
2026/05/21 05:09:00.264,n,-3.143246,6.097077,4.932883,0.72223,OverRange,OverRange,OverRange,8.988226,11.669126,-3.891966
2026/05/21 05:10:00.265,n,-3.143118,4.688944,5.048816,0.638497,OverRange,OverRange,OverRange,8.978322,11.66478,-3.973619
2026/05/21 05:11:00.270,n,-3.131571,6.027463,4.9301,0.835713,OverRange,OverRange,OverRange,8.995082,11.6626,-3.96577
2026/05/21 05:12:00.270,n,-3.113865,5.740769,5.246309,0.909626,OverRange,OverRange,OverRange,9.016652,11.66478,-4.026348
2026/05/21 05:13:00.271,n,-3.10822,5.030131,4.923014,0.62502,OverRange,OverRange,OverRange,9.022502,11.6626,-4.06534
2026/05/21 05:14:00.276,n,-3.026107,5.731012,4.819776,0.776957,OverRange,OverRange,OverRange,9.03925,11.661572,-3.9406
2026/05/21 05:15:00.276,n,-3.043556,5.830177,5.283289,0.822707,OverRange,OverRange,OverRange,9.046368,11.660498,-4.024386
2026/05/21 05:16:00.262,n,-2.964523,4.304883,4.588599,0.50988,OverRange,OverRange,OverRange,9.0527,11.661572,-3.993328
2026/05/21 05:17:00.264,n,-3.040862,4.203142,4.75122,0.684459,OverRange,OverRange,OverRange,9.068432,11.6626,-3.995291
2026/05/21 05:18:00.268,n,-3.084869,4.206546,4.232161,0.039257,OverRange,OverRange,OverRange,9.081868,11.661572,-3.967903
2026/05/21 05:19:00.268,n,-3.064212,4.311399,4.959875,0.593534,OverRange,OverRange,OverRange,9.081152,11.6626,-4.007065
2026/05/21 05:20:00.270,n,-2.941172,4.156312,5.064964,0.731521,OverRange,OverRange,OverRange,9.105,11.663706,-3.981554
2026/05/21 05:21:00.272,n,-2.941044,4.578173,5.135445,0.611864,OverRange,OverRange,OverRange,9.158514,11.668052,-3.991451
2026/05/21 05:22:00.273,n,-2.926802,5.58973,5.211786,0.718096,OverRange,OverRange,OverRange,9.192262,11.665886,-3.993073
2026/05/21 05:23:00.276,n,-2.906017,4.443463,5.072956,0.507954,OverRange,OverRange,OverRange,9.199636,11.671274,-3.950411
2026/05/21 05:24:00.279,n,-2.903067,5.943472,5.223841,0.737388,OverRange,OverRange,OverRange,9.210526,11.668052,-3.89973
2026/05/21 05:25:00.265,n,-2.829935,5.52307,4.632486,0.44161,OverRange,OverRange,OverRange,9.224728,11.67235,-3.808179
2026/05/21 05:26:00.267,n,-2.894342,4.786108,4.678961,0.409057,OverRange,OverRange,OverRange,9.228032,11.671274,-3.843076
2026/05/21 05:27:00.267,n,-2.824162,4.19255,4.889961,0.659971,OverRange,OverRange,OverRange,9.21993,11.676696,-3.812104
2026/05/21 05:28:00.272,n,-2.92924,5.623709,5.463862,0.525015,OverRange,OverRange,OverRange,9.196066,11.67886,-3.813982
2026/05/21 05:29:00.271,n,-2.81826,4.443109,5.436777,0.519889,OverRange,OverRange,OverRange,9.165878,11.683126,-3.804255
2026/05/21 05:30:00.274,n,-2.759498,4.527819,5.355796,0.681808,OverRange,OverRange,OverRange,9.205724,11.684232,-3.819869
2026/05/21 05:31:00.275,n,-2.788879,4.725519,5.153365,0.776863,OverRange,OverRange,OverRange,9.227784,11.683126,-3.782839
2026/05/21 05:32:00.278,n,-2.803505,4.401032,4.454803,0.161593,OverRange,OverRange,OverRange,9.206488,11.689652,-3.738045
2026/05/21 05:33:00.282,n,-2.985051,4.482637,4.82226,0.538176,OverRange,OverRange,OverRange,9.211288,11.691818,-3.747771
2026/05/21 05:34:00.265,n,-2.899987,4.328689,4.877954,0.742664,OverRange,OverRange,OverRange,9.234376,11.699388,-3.83352
2026/05/21 05:35:00.267,n,-2.891263,5.602511,5.02307,0.683737,OverRange,OverRange,OverRange,9.264064,11.699388,-3.856728
2026/05/21 05:36:00.270,n,-2.873686,5.576125,5.182766,0.686949,OverRange,OverRange,OverRange,9.286382,11.702596,-3.890003
2026/05/21 05:37:00.274,n,-2.835837,6.02787,5.040772,0.769077,OverRange,OverRange,OverRange,9.320364,11.71124,-3.812019
2026/05/21 05:38:00.275,n,-2.850463,4.562516,4.784408,0.711071,OverRange,OverRange,OverRange,9.335546,11.712314,-3.854765
2026/05/21 05:39:00.277,n,-2.911919,4.267611,4.86925,0.667653,OverRange,OverRange,OverRange,9.307176,11.71666,-3.80033
2026/05/21 05:40:00.278,n,-2.897036,5.102673,5.058364,0.707314,OverRange,OverRange,OverRange,9.320872,11.720974,-3.810142
2026/05/21 05:41:00.279,n,-2.780154,4.545866,4.856347,0.643631,OverRange,OverRange,OverRange,9.315028,11.725254,-3.765177
2026/05/21 05:42:00.281,n,-2.87112,4.067872,5.002835,0.945363,OverRange,OverRange,OverRange,9.308946,11.729602,-3.790688
2026/05/21 05:43:00.270,n,-2.786056,5.584437,5.141494,0.714686,OverRange,OverRange,OverRange,9.337602,11.73393,-3.80033
2026/05/21 05:44:00.270,n,-2.873814,4.112327,4.753047,0.763701,OverRange,OverRange,OverRange,9.324666,11.743634,-3.747686
2026/05/21 05:45:00.270,n,-2.885489,5.648581,5.298522,0.42351,OverRange,OverRange,OverRange,9.310466,11.743634,-3.665862
2026/05/21 05:46:00.273,n,-2.824033,5.578144,5.077619,0.596926,OverRange,OverRange,OverRange,9.315014,11.749022,-3.701015
2026/05/21 05:47:00.274,n,-2.879588,5.924998,5.221222,0.523376,OverRange,OverRange,OverRange,9.326188,11.754442,-3.687279
2026/05/21 05:48:00.276,n,-2.903067,4.051887,4.847511,0.833565,OverRange,OverRange,OverRange,9.337092,11.757716,-3.710657
2026/05/21 05:49:00.278,n,-2.870992,4.347766,4.968705,0.824023,OverRange,OverRange,OverRange,9.313996,11.763072,-3.722431
2026/05/21 05:50:00.279,n,-2.844561,4.391418,4.433886,0.076177,OverRange,OverRange,OverRange,9.326192,11.7674,-3.708779
2026/05/21 05:51:00.282,n,-2.879844,4.454824,5.364706,0.467909,OverRange,OverRange,OverRange,9.305638,11.77279,-3.646324
2026/05/21 05:52:00.269,n,-2.844561,4.300673,4.779998,0.635433,OverRange,OverRange,OverRange,9.270382,11.774954,-3.710571
2026/05/21 05:53:00.269,n,-2.870863,4.191774,4.926325,0.601674,OverRange,OverRange,OverRange,9.280788,11.779284,-3.704769
2026/05/21 05:54:00.271,n,-2.897165,5.593788,5.329571,0.54642,OverRange,OverRange,OverRange,9.27064,11.781384,-3.741969
2026/05/21 05:55:00.273,n,-2.771429,5.66639,5.54196,0.438562,OverRange,OverRange,OverRange,9.261012,11.790094,-3.737874
2026/05/21 05:56:00.276,n,-2.771558,4.352311,5.104491,0.774638,OverRange,OverRange,OverRange,9.291688,11.791152,-3.710742
2026/05/21 05:57:00.276,n,-2.826727,5.520759,4.769888,0.637528,OverRange,OverRange,OverRange,9.302358,11.792228,-3.710571
2026/05/21 05:58:00.278,n,-2.847512,5.46245,4.725624,0.532541,OverRange,OverRange,OverRange,9.294988,11.79545,-3.712534
2026/05/21 05:59:00.281,n,-3.01456,5.430855,5.05329,0.622238,OverRange,OverRange,OverRange,9.311722,11.801946,-3.738045
2026/05/21 06:00:00.283,n,-2.86509,5.621039,5.685522,0.177328,OverRange,OverRange,OverRange,9.333034,11.803004,-3.751611
2026/05/21 06:01:00.269,n,-2.75937,5.747571,5.789372,0.176751,OverRange,OverRange,OverRange,9.355098,11.805184,-3.745894
2026/05/21 06:02:00.270,n,-2.76835,5.112516,4.7687,0.494591,OverRange,OverRange,OverRange,9.37944,11.807334,-3.683524
2026/05/21 06:03:00.273,n,-2.806456,4.265841,5.108781,0.730521,OverRange,OverRange,OverRange,9.321122,11.81811,-3.70494
2026/05/21 06:04:00.275,n,-2.84469,4.205284,5.175329,0.688635,OverRange,OverRange,OverRange,9.323376,11.817002,-3.675504
2026/05/21 06:05:00.275,n,-2.826984,4.386141,4.956348,0.69405,OverRange,OverRange,OverRange,9.30565,11.820276,-3.63472
2026/05/21 06:06:00.279,n,-2.745256,4.259227,4.66685,0.550499,OverRange,OverRange,OverRange,9.344692,11.822424,-3.689241
2026/05/21 06:07:00.280,n,-2.756675,5.793626,5.27769,0.699847,OverRange,OverRange,OverRange,9.310456,11.826738,-3.648201
2026/05/21 06:08:00.284,n,-2.765528,4.141827,4.740117,0.615492,OverRange,OverRange,OverRange,9.320358,11.833202,-3.620983
2026/05/21 06:09:00.284,n,-2.756547,4.236561,4.234055,0.130676,OverRange,OverRange,OverRange,9.318818,11.832128,-3.609379
2026/05/21 06:10:00.269,n,-2.809279,4.395231,4.403494,0.322272,OverRange,OverRange,OverRange,9.32543,11.838622,-3.582076
2026/05/21 06:11:00.270,n,-2.753981,4.334511,4.816414,0.782245,OverRange,OverRange,OverRange,9.29297,11.837548,-3.539245
2026/05/21 06:12:00.273,n,-2.7042,4.04245,5.245808,0.657472,OverRange,OverRange,OverRange,9.293712,11.839696,-3.613219
2026/05/21 06:13:00.276,n,-2.642615,4.156009,4.744908,0.729055,OverRange,OverRange,OverRange,9.324408,11.84401,-3.648372
2026/05/21 06:14:00.277,n,-2.736275,5.539341,4.899841,0.732623,OverRange,OverRange,OverRange,9.327958,11.841846,-3.549056
2026/05/21 06:15:00.278,n,-2.721906,5.367562,5.018502,0.572817,OverRange,OverRange,OverRange,9.31046,11.852654,-3.513989
2026/05/21 06:16:00.281,n,-2.625167,4.570922,5.091298,0.654261,OverRange,OverRange,OverRange,9.337082,11.853746,-3.566462
2026/05/21 06:17:00.281,n,-2.698426,5.471835,4.714521,0.677585,OverRange,OverRange,OverRange,9.331238,11.84619,-3.543169
2026/05/21 06:18:00.284,n,-2.736147,4.702461,5.01993,0.57584,OverRange,OverRange,OverRange,9.308182,11.855896,-3.595642
2026/05/21 06:19:00.269,n,-2.654291,4.256987,4.896697,0.772298,OverRange,OverRange,OverRange,9.325944,11.850474,-3.59385
2026/05/21 06:20:00.271,n,-2.701249,5.241565,5.178983,0.422359,OverRange,OverRange,OverRange,9.317822,11.855896,-3.586001
2026/05/21 06:21:00.257,n,-2.654419,5.730536,5.173428,0.734676,OverRange,OverRange,OverRange,9.36169,11.859136,-3.523631
2026/05/21 06:22:00.259,n,-2.645438,4.512531,4.747746,0.614268,OverRange,OverRange,OverRange,9.395666,11.863432,-3.607502
2026/05/21 06:23:00.260,n,-2.727551,4.480945,5.25227,0.523921,OverRange,OverRange,OverRange,9.404018,11.86239,-3.560746
2026/05/21 06:24:00.279,n,-2.668917,4.198928,4.273516,0.314757,OverRange,OverRange,OverRange,9.352062,11.861284,-3.583953
2026/05/21 06:25:00.264,n,-2.733324,4.320663,4.664715,0.779449,OverRange,OverRange,OverRange,9.296006,11.870986,-3.514074
2026/05/21 06:26:00.267,n,-2.695347,5.039342,4.741316,0.48318,OverRange,OverRange,OverRange,9.299572,11.869928,-3.486771
2026/05/21 06:27:00.270,n,-2.733453,5.459461,5.101107,0.729836,OverRange,OverRange,OverRange,9.335318,11.870986,-3.525593
2026/05/21 06:28:00.272,n,-2.695476,3.898589,4.559072,0.826206,OverRange,OverRange,OverRange,9.366252,11.870986,-3.597605
2026/05/21 06:29:00.273,n,-2.666223,4.667587,4.336964,0.228734,OverRange,OverRange,OverRange,9.356608,11.875316,-3.537367
2026/05/21 06:30:00.259,n,-2.698298,5.442749,5.426193,0.590777,OverRange,OverRange,OverRange,9.346716,11.873168,-3.494536
2026/05/21 06:31:00.260,n,-2.65134,4.150002,4.701195,0.722173,OverRange,OverRange,OverRange,9.32745,11.876408,-3.533357
2026/05/21 06:32:00.263,n,-2.621959,5.732293,4.96205,0.805033,OverRange,OverRange,OverRange,9.329738,11.873168,-3.554773
2026/05/21 06:33:00.264,n,-2.718698,5.726098,5.003922,0.764784,OverRange,OverRange,OverRange,9.313258,11.874242,-3.463223
2026/05/21 06:34:00.268,n,-2.698298,5.377368,4.70942,0.638227,OverRange,OverRange,OverRange,9.271928,11.876408,-3.488649
2026/05/21 06:35:00.267,n,-2.660065,5.53273,5.224011,0.580919,OverRange,OverRange,OverRange,9.263784,11.876408,-3.441807
2026/05/21 06:36:00.271,n,-2.604638,4.400203,4.883566,0.661362,OverRange,OverRange,OverRange,9.24934,11.874242,-3.453581
2026/05/21 06:37:00.273,n,-2.715876,4.338333,4.457561,0.491908,OverRange,OverRange,OverRange,9.257198,11.872062,-3.434042
2026/05/21 06:38:00.256,n,-2.701121,4.594839,4.652549,0.334485,OverRange,OverRange,OverRange,9.222958,11.870986,-3.430032
2026/05/21 06:39:00.263,n,-2.756675,4.494972,4.32185,0.102839,OverRange,OverRange,OverRange,9.23615,11.874242,-3.492659
2026/05/21 06:40:00.261,n,-2.712924,4.226325,4.29483,0.13378,OverRange,OverRange,OverRange,9.286378,11.869928,-3.490526
2026/05/21 06:41:00.262,n,-2.844689,4.18506,4.413871,0.607151,OverRange,OverRange,OverRange,9.285594,11.867812,-3.578066
2026/05/21 06:42:00.264,n,-2.707023,4.50771,4.830782,0.581567,OverRange,OverRange,OverRange,9.285864,11.872062,-3.591974
2026/05/21 06:43:00.266,n,-2.803633,4.119949,4.809516,0.53396,OverRange,OverRange,OverRange,9.274704,11.873168,-3.665862
2026/05/21 06:44:00.268,n,-2.750773,5.511783,4.719982,0.57904,OverRange,OverRange,OverRange,9.26152,11.86563,-3.519876
2026/05/21 06:45:00.270,n,-2.756547,5.710704,5.304552,0.61999,OverRange,OverRange,OverRange,9.233872,11.864538,-3.537453
2026/05/21 06:46:00.272,n,-2.671868,5.863206,4.902428,0.69392,OverRange,OverRange,OverRange,9.234116,11.86239,-3.580199
2026/05/21 06:47:00.257,n,-2.762705,5.707985,4.864611,0.801682,OverRange,OverRange,OverRange,9.240474,11.859136,-3.634805
2026/05/21 06:48:00.262,n,-2.782848,4.75754,4.626411,0.480319,OverRange,OverRange,OverRange,9.23135,11.86239,-3.642313
2026/05/21 06:49:00.262,n,-2.721649,4.57334,5.330844,0.646906,OverRange,OverRange,OverRange,9.289154,11.863432,-3.603578
2026/05/21 06:50:00.264,n,-2.686366,6.17905,5.250683,0.734182,OverRange,OverRange,OverRange,9.241222,11.86021,-3.590011
2026/05/21 06:51:00.266,n,-2.812358,5.620903,5.799176,0.172548,OverRange,OverRange,OverRange,9.213278,11.855896,-3.716458
2026/05/21 06:52:00.269,n,-2.809279,5.743613,5.758148,0.361179,OverRange,OverRange,OverRange,9.2361,11.855896,-3.695043
2026/05/21 06:53:00.270,n,-2.926417,5.517422,5.583309,0.11434,OverRange,OverRange,OverRange,9.237386,11.853746,-3.726185
2026/05/21 06:54:00.272,n,-2.903323,4.142031,4.899303,0.802247,OverRange,OverRange,OverRange,9.25765,11.853746,-3.817821
2026/05/21 06:55:00.257,n,-3.017126,5.437817,5.370648,0.067523,OverRange,OverRange,OverRange,9.230276,11.857002,-3.796405
2026/05/21 06:56:00.260,n,-2.926674,4.94258,5.300817,0.513959,OverRange,OverRange,OverRange,9.188156,11.853746,-3.806046
2026/05/21 06:57:00.261,n,-2.938093,4.755256,5.098334,0.613741,OverRange,OverRange,OverRange,9.147564,11.850474,-3.784716
2026/05/21 06:58:00.263,n,-3.014432,3.78546,4.404425,0.454447,OverRange,OverRange,OverRange,9.143494,11.849432,-3.745724
2026/05/21 06:59:00.265,n,-2.973247,4.54846,5.019348,0.516669,OverRange,OverRange,OverRange,9.166336,11.847266,-3.794443
2026/05/21 07:00:00.267,n,-3.072937,5.431062,4.666629,0.502019,OverRange,OverRange,OverRange,9.165574,11.845084,-3.79248
2026/05/21 07:01:00.267,n,-3.043684,4.488891,5.172182,0.606063,OverRange,OverRange,OverRange,9.165828,11.840802,-3.870294
2026/05/21 07:02:00.270,n,-3.043556,5.740256,5.240861,0.734591,OverRange,OverRange,OverRange,9.16862,11.842938,-3.852888
2026/05/21 07:03:00.271,n,-2.97607,4.558422,5.381323,0.692705,OverRange,OverRange,OverRange,9.150844,11.840802,-3.835312
2026/05/21 07:04:00.257,n,-3.031752,4.445397,4.524801,0.374534,OverRange,OverRange,OverRange,9.118648,11.834308,-3.79632
2026/05/21 07:05:00.259,n,-3.037911,5.600116,5.05329,0.675271,OverRange,OverRange,OverRange,9.132844,11.840802,-3.759119
2026/05/21 07:06:00.262,n,-2.996726,5.700003,4.891263,0.632523,OverRange,OverRange,OverRange,9.130322,11.834308,-3.794357
2026/05/21 07:07:00.265,n,-2.961443,5.642995,5.087252,0.720237,OverRange,OverRange,OverRange,9.139684,11.833234,-3.808094
2026/05/21 07:08:00.267,n,-2.973247,5.748217,4.72917,0.686083,OverRange,OverRange,OverRange,9.160772,11.830028,-3.83736
2026/05/21 07:09:00.267,n,-2.985051,4.149939,4.452157,0.600661,OverRange,OverRange,OverRange,9.171662,11.817068,-3.798283
2026/05/21 07:10:00.269,n,-2.979021,4.398318,4.999336,0.466943,OverRange,OverRange,OverRange,9.144532,11.82353,-3.843162
2026/05/21 07:11:00.271,n,-2.976198,5.751035,5.083843,0.723998,OverRange,OverRange,OverRange,9.131836,11.817068,-3.807924
2026/05/21 07:12:00.274,n,-3.035088,5.655884,4.850503,0.831132,OverRange,OverRange,OverRange,9.123708,11.820276,-3.79248
2026/05/21 07:13:00.259,n,-3.017126,5.43849,5.418989,0.283089,OverRange,OverRange,OverRange,9.125992,11.813814,-3.850926
2026/05/21 07:14:00.260,n,-2.911791,6.019617,4.550049,0.748293,OverRange,OverRange,OverRange,9.143754,11.813814,-3.726185
2026/05/21 07:15:00.262,n,-2.891263,4.251874,4.707964,0.667624,OverRange,OverRange,OverRange,9.13818,11.813814,-3.772856
2026/05/21 07:16:00.264,n,-2.838531,5.712698,4.85676,0.605995,OverRange,OverRange,OverRange,9.153382,11.809466,-3.757327
2026/05/21 07:17:00.266,n,-2.820954,4.228712,4.853501,0.723119,OverRange,OverRange,OverRange,9.125488,11.806226,-3.739922
2026/05/21 07:18:00.270,n,-2.832757,4.20537,5.214961,0.728375,OverRange,OverRange,OverRange,9.110006,11.808392,-3.609465
2026/05/21 07:19:00.270,n,-2.759498,4.019324,4.533836,0.642925,OverRange,OverRange,OverRange,9.123968,11.809466,-3.611427
2026/05/21 07:20:00.271,n,-2.841482,4.387836,4.640222,0.517159,OverRange,OverRange,OverRange,9.142498,11.803004,-3.644447
2026/05/21 07:21:00.275,n,-2.730245,5.510589,4.863722,0.753546,OverRange,OverRange,OverRange,9.146292,11.806226,-3.671749
2026/05/21 07:22:00.260,n,-2.58411,5.795545,5.039879,0.538156,OverRange,OverRange,OverRange,9.148556,11.804046,-3.53532
2026/05/21 07:23:00.262,n,-2.543054,4.285185,5.116444,0.803564,OverRange,OverRange,OverRange,9.154664,11.804046,-3.570302
2026/05/21 07:24:00.263,n,-2.446443,4.264809,5.089819,0.736004,OverRange,OverRange,OverRange,9.160762,11.799796,-3.46527
2026/05/21 07:25:00.264,n,-2.379214,4.481519,5.234514,0.552126,OverRange,OverRange,OverRange,9.168884,11.805152,-3.422268
2026/05/21 07:26:00.266,n,-2.256173,4.480861,5.251887,0.492132,OverRange,OverRange,OverRange,9.183848,11.797616,-3.29966
2026/05/21 07:27:00.268,n,-2.209343,3.954441,4.384719,0.508056,OverRange,OverRange,OverRange,9.204646,11.799796,-3.245139
2026/05/21 07:28:00.272,n,-2.065903,4.417444,5.060953,0.876888,OverRange,OverRange,OverRange,9.21835,11.79545,-3.112549
2026/05/21 07:29:00.274,n,-1.971986,5.340555,5.517662,0.456587,OverRange,OverRange,OverRange,9.199574,11.807334,-2.978167
2026/05/21 07:30:00.277,n,-1.73232,5.940032,5.559218,0.593251,OverRange,OverRange,OverRange,9.2072,11.808392,-2.882776
2026/05/21 07:31:00.261,n,-1.711792,4.383055,5.281518,0.633805,OverRange,OverRange,OverRange,9.213028,11.805152,-2.742593
2026/05/21 07:32:00.262,n,-1.551031,5.009481,5.355355,0.561514,OverRange,OverRange,OverRange,9.237122,11.804046,-2.67041
2026/05/21 07:33:00.264,n,-1.425039,4.444867,4.713427,0.683884,OverRange,OverRange,OverRange,9.200578,11.806226,-2.547632
2026/05/21 07:34:00.266,n,-1.290323,5.616534,4.880057,0.730137,OverRange,OverRange,OverRange,9.218094,11.807334,-2.358814
2026/05/21 07:35:00.269,n,-1.182294,5.691079,4.941298,0.863836,OverRange,OverRange,OverRange,9.215566,11.807334,-2.246018
2026/05/21 07:36:00.270,n,-1.038597,4.856131,5.462374,0.304327,OverRange,OverRange,OverRange,9.202098,11.811648,-2.136977
2026/05/21 07:37:00.271,n,-0.795851,4.244742,4.517955,0.534504,OverRange,OverRange,OverRange,9.213018,11.810574,-1.992867
2026/05/21 07:38:00.273,n,-0.591211,5.679012,5.788593,0.1197,OverRange,OverRange,OverRange,9.209208,11.812754,-1.823588
2026/05/21 07:39:00.275,n,-0.204897,4.966461,4.871487,0.454745,OverRange,OverRange,OverRange,9.211752,11.809466,-1.621119
2026/05/21 07:40:00.263,n,-0.05286,5.538479,4.625504,0.507951,OverRange,OverRange,OverRange,9.208944,11.811648,-1.333072
2026/05/21 07:41:00.263,n,0.260194,4.987343,4.494026,0.597245,OverRange,OverRange,OverRange,9.212016,11.810574,-0.982654
2026/05/21 07:42:00.269,n,0.730931,4.624728,5.231051,0.551426,OverRange,OverRange,OverRange,9.186636,11.813814,-0.671399
2026/05/21 07:43:00.267,n,1.289425,5.372303,5.464361,0.597656,OverRange,OverRange,OverRange,9.21758,11.810574,-0.222008
2026/05/21 07:44:00.269,n,1.692932,4.963639,5.130626,0.541672,OverRange,OverRange,OverRange,9.222408,11.810574,0.237281
2026/05/21 07:45:00.271,n,1.96493,4.580036,4.753634,0.518549,OverRange,OverRange,OverRange,9.21555,11.812754,0.595036
2026/05/21 07:46:00.273,n,2.265924,4.294658,4.897411,0.787016,OverRange,OverRange,OverRange,9.206172,11.810574,0.871138
2026/05/21 07:47:00.274,n,2.724728,4.188958,4.925482,0.629285,OverRange,OverRange,OverRange,9.201854,11.814888,1.285292
2026/05/21 07:48:00.279,n,3.172114,4.779538,5.151673,0.58152,OverRange,OverRange,OverRange,9.209478,11.813814,1.602092
2026/05/21 07:49:00.265,n,3.654397,5.751243,4.960558,0.600793,OverRange,OverRange,OverRange,9.210232,11.811648,2.020171
2026/05/21 07:50:00.264,n,4.174401,5.431138,5.375214,0.595164,OverRange,OverRange,OverRange,9.20692,11.818142,2.422208
2026/05/21 07:51:00.267,n,4.74688,5.414323,5.275206,0.659398,OverRange,OverRange,OverRange,9.217576,11.814888,2.884739
2026/05/21 07:52:00.268,n,5.252258,5.615404,4.843524,0.642608,OverRange,OverRange,OverRange,9.21961,11.812754,3.595813
2026/05/21 07:53:00.270,n,5.86297,4.265945,4.992918,0.655696,OverRange,OverRange,OverRange,9.22317,11.821384,4.14341
2026/05/21 07:54:00.272,n,6.168968,5.694724,5.205809,0.644789,OverRange,OverRange,OverRange,9.2252,11.819202,4.720017
2026/05/21 07:55:00.273,n,6.577864,5.357151,5.393757,0.449395,OverRange,OverRange,OverRange,9.23992,11.818142,5.065571
2026/05/21 07:56:00.276,n,6.867054,5.709204,4.513202,0.615264,OverRange,OverRange,OverRange,9.246476,11.821384,5.321622
2026/05/21 07:57:00.277,n,7.18832,4.47905,5.098207,0.800042,OverRange,OverRange,OverRange,9.251562,11.825664,5.599175
2026/05/21 07:58:00.265,n,7.628777,5.221546,4.818938,0.730525,OverRange,OverRange,OverRange,9.237626,11.827846,5.962136
2026/05/21 07:59:00.265,n,8.262199,3.981994,5.192646,0.760622,OverRange,OverRange,OverRange,9.263246,11.828918,6.471423
2026/05/21 08:00:00.270,n,9.020844,4.92757,5.181094,0.565945,OverRange,OverRange,OverRange,9.280742,11.825664,7.092055
2026/05/21 08:01:00.268,n,9.770122,4.261702,4.144586,0.180264,OverRange,OverRange,OverRange,9.283544,11.831052,7.753899
2026/05/21 08:02:00.272,n,10.611774,5.837474,4.544134,0.636378,OverRange,OverRange,OverRange,9.29926,11.836474,8.511302
2026/05/21 08:03:00.273,n,11.352586,5.613578,4.930886,0.888532,OverRange,OverRange,OverRange,9.300776,11.842938,9.219476
2026/05/21 08:04:00.274,n,12.154594,4.520261,5.051218,0.850734,OverRange,OverRange,OverRange,9.291902,11.845084,9.851626
2026/05/21 08:05:00.277,n,12.842544,4.38986,4.786573,0.813596,OverRange,OverRange,OverRange,9.314474,11.851582,10.512788
2026/05/21 08:06:00.280,n,13.491746,6.091924,5.524894,0.711573,OverRange,OverRange,OverRange,9.315756,11.851582,11.002708
2026/05/21 08:07:00.263,n,14.363682,4.282953,4.713412,0.433164,OverRange,OverRange,OverRange,9.340358,11.855896,11.68699
2026/05/21 08:08:00.265,n,14.966184,4.538022,4.68364,0.508929,OverRange,OverRange,OverRange,9.343898,11.859118,12.380744
2026/05/21 08:09:00.267,n,15.545204,5.528505,5.284212,0.509456,OverRange,OverRange,OverRange,9.360134,11.863432,12.992502
2026/05/21 08:10:00.270,n,16.404692,5.2217,5.404639,0.501949,OverRange,OverRange,OverRange,9.369508,11.868854,13.600336
2026/05/21 08:11:00.272,n,17.237878,5.767725,5.207361,0.693999,OverRange,OverRange,OverRange,9.392838,11.872092,14.291616
2026/05/21 08:12:00.275,n,18.111608,5.715475,5.276404,0.873709,OverRange,OverRange,OverRange,9.384466,11.877482,15.12035
2026/05/21 08:13:00.276,n,18.96776,5.777413,5.046135,0.675522,OverRange,OverRange,OverRange,9.354548,11.883946,15.935174
2026/05/21 08:14:00.277,n,19.697922,4.351551,5.118768,0.805597,OverRange,OverRange,OverRange,9.361384,11.88826,16.813736
2026/05/21 08:15:00.280,n,20.188674,5.896052,5.176804,0.810755,OverRange,OverRange,OverRange,9.387756,11.897978,17.47319
2026/05/21 08:16:00.264,n,20.416022,5.688966,4.763106,0.673968,OverRange,OverRange,OverRange,9.427806,11.900144,17.757996
2026/05/21 08:17:00.270,n,20.667494,4.548099,5.15564,0.814402,OverRange,OverRange,OverRange,9.443528,11.901218,17.95381
2026/05/21 08:18:00.269,n,20.936156,5.842006,4.878524,0.758394,OverRange,OverRange,OverRange,9.462026,11.909862,18.10483
2026/05/21 08:19:00.274,n,21.563548,5.639965,4.740427,0.687868,OverRange,OverRange,OverRange,9.44125,11.9131,18.379994
2026/05/21 08:20:00.273,n,22.497706,4.41503,5.397303,0.49685,OverRange,OverRange,OverRange,9.424536,11.916308,19.062142
2026/05/21 08:21:00.274,n,23.550672,5.498171,4.964331,0.604255,OverRange,OverRange,OverRange,9.452164,11.919564,20.024576
2026/05/21 08:22:00.280,n,24.71757,5.686941,5.141384,0.69871,OverRange,OverRange,OverRange,9.425262,11.927134,21.050744
2026/05/21 08:23:00.279,n,25.787984,5.793766,4.978083,0.755653,OverRange,OverRange,OverRange,9.438732,11.934654,22.1229
2026/05/21 08:24:00.282,n,26.70893,6.087489,4.97011,0.796149,OverRange,OverRange,OverRange,9.43391,11.934654,23.076546
2026/05/21 08:25:00.266,n,27.38803,5.189275,5.320143,0.48919,OverRange,OverRange,OverRange,9.432882,11.94439,23.79982
2026/05/21 08:26:00.269,n,27.959094,5.586566,5.424515,0.410636,OverRange,OverRange,OverRange,9.456966,11.947646,24.333338
2026/05/21 08:27:00.270,n,28.55659,4.543801,4.761203,0.720097,OverRange,OverRange,OverRange,9.46228,11.953004,24.708244
2026/05/21 08:28:00.271,n,29.112778,5.624486,5.265478,0.681439,OverRange,OverRange,OverRange,9.472936,11.958392,25.116
2026/05/21 08:29:00.275,n,29.916582,4.613149,5.0779,0.682349,OverRange,OverRange,OverRange,9.490932,11.967004,25.792348
2026/05/21 08:30:00.276,n,30.62121,5.736479,4.911172,0.683772,OverRange,OverRange,OverRange,9.519308,11.974558,26.598726
2026/05/21 08:31:00.278,n,30.99983,4.403583,4.798547,0.605605,OverRange,OverRange,OverRange,9.512472,11.984244,27.087194
2026/05/21 08:32:00.280,n,31.017404,4.4394,4.38288,0.23078,OverRange,OverRange,OverRange,9.5259,11.990756,27.356728
2026/05/21 08:33:00.282,n,31.10157,4.201124,4.7968,0.692749,OverRange,OverRange,OverRange,9.531994,11.998294,27.575576
2026/05/21 08:34:00.267,n,31.23847,6.001996,5.11895,0.939641,OverRange,OverRange,OverRange,9.543904,12.001566,27.668748
2026/05/21 08:35:00.270,n,31.541258,4.968429,5.524578,0.428482,OverRange,OverRange,OverRange,9.543916,12.015566,27.83726
2026/05/21 08:36:00.273,n,32.094104,4.715797,4.878682,0.669771,OverRange,OverRange,OverRange,9.521368,12.023072,28.182128
2026/05/21 08:37:00.273,n,32.390996,4.546098,4.674601,0.482598,OverRange,OverRange,OverRange,9.515534,12.028494,28.583402
2026/05/21 08:38:00.275,n,32.711238,5.588401,4.735636,0.711751,OverRange,OverRange,OverRange,9.55455,12.031734,28.891412
2026/05/21 08:39:00.278,n,32.981822,4.355098,5.08357,0.82634,OverRange,OverRange,OverRange,9.556072,12.041452,29.110268
2026/05/21 08:40:00.279,n,33.284226,4.146155,4.935264,0.630172,OverRange,OverRange,OverRange,9.556828,12.051156,29.276732
2026/05/21 08:41:00.281,n,33.7846,4.374846,4.974235,0.636887,OverRange,OverRange,OverRange,9.586218,12.058694,29.569128
2026/05/21 08:42:00.283,n,34.933408,5.790176,5.125098,0.672209,OverRange,OverRange,OverRange,9.586716,12.063008,30.248804
2026/05/21 08:43:00.269,n,36.189352,5.180173,5.124566,0.664299,OverRange,OverRange,OverRange,9.513738,12.067322,31.239736
2026/05/21 08:44:00.271,n,37.809532,4.344349,4.931372,0.779412,OverRange,OverRange,OverRange,9.544148,12.07486,32.617004
2026/05/21 08:45:00.273,n,39.670664,4.28351,4.957546,0.830945,OverRange,OverRange,OverRange,9.546428,12.0781,34.3028
2026/05/21 08:46:00.275,n,41.468928,5.537456,4.784758,0.657184,OverRange,OverRange,OverRange,9.57102,12.083488,36.008552
2026/05/21 08:47:00.277,n,43.22896,4.373604,4.803555,0.791917,OverRange,OverRange,OverRange,9.61612,12.094282,37.603136
2026/05/21 08:48:00.278,n,44.510432,4.199088,4.816688,0.713989,OverRange,OverRange,OverRange,9.633606,12.100744,38.843724
2026/05/21 08:49:00.281,n,45.689524,5.71825,5.152704,0.786316,OverRange,OverRange,OverRange,9.647268,12.107226,39.775012
2026/05/21 08:50:00.281,n,47.016668,5.711534,4.966059,0.928127,OverRange,OverRange,OverRange,9.650818,12.115838,40.766028
2026/05/21 08:51:00.284,n,48.320332,4.616894,4.780524,0.511844,OverRange,OverRange,OverRange,9.672862,12.126828,42.035532
2026/05/21 08:52:00.270,n,48.762716,5.675947,5.28642,0.710877,OverRange,OverRange,OverRange,9.649796,12.135472,42.77144
2026/05/21 08:53:00.272,n,49.039076,4.207155,4.789585,0.729842,OverRange,OverRange,OverRange,9.639416,12.14949,43.094724
2026/05/21 08:54:00.274,n,49.146588,5.94277,5.068192,0.774811,OverRange,OverRange,OverRange,9.673356,12.155954,43.516384
2026/05/21 08:55:00.277,n,49.446044,5.552849,4.615357,0.514987,OverRange,OverRange,OverRange,9.687048,12.167774,43.828232
2026/05/21 08:56:00.261,n,49.826968,4.416947,5.0952,0.761975,OverRange,OverRange,OverRange,9.703522,12.173162,44.124388
2026/05/21 08:57:00.262,n,50.173,4.111989,4.680672,0.711407,OverRange,OverRange,OverRange,9.69188,12.18184,44.53172
2026/05/21 08:58:00.264,n,50.3734,5.167608,4.949719,0.807642,OverRange,OverRange,OverRange,9.708614,12.191512,44.618576
2026/05/21 08:59:00.266,n,50.730976,5.465562,5.181127,0.574527,OverRange,OverRange,OverRange,9.741232,12.209858,44.639988
2026/05/21 09:00:00.269,n,51.599964,5.456228,4.642955,0.73185,OverRange,OverRange,OverRange,9.764914,12.217398,44.991864
2026/05/21 09:01:00.270,n,52.947892,5.323441,5.08279,0.657718,OverRange,OverRange,OverRange,9.790402,12.227068,45.841496
2026/05/21 09:02:00.256,n,54.606312,4.298602,4.668783,0.569021,OverRange,OverRange,OverRange,9.80008,12.234606,47.09624
2026/05/21 09:03:00.258,n,55.761792,5.522111,4.983471,0.527639,OverRange,OverRange,OverRange,9.771276,12.244312,48.379148
2026/05/21 09:04:00.262,n,56.858764,3.979588,4.395858,0.621295,OverRange,OverRange,OverRange,9.795228,12.257238,49.38586
2026/05/21 09:05:00.262,n,57.404296,4.388034,4.144028,0.224581,OverRange,OverRange,OverRange,9.706594,12.265868,50.195312
2026/05/21 09:06:00.264,n,57.827688,4.433679,4.805733,0.602672,OverRange,OverRange,OverRange,9.79447,12.27277,50.667392
2026/05/21 09:07:00.267,n,57.966136,6.038349,5.596569,0.658098,OverRange,OverRange,OverRange,9.833818,12.280292,50.894436
2026/05/21 09:08:00.269,n,58.241848,5.65195,5.425162,0.408871,OverRange,OverRange,OverRange,9.770116,12.28783,51.042644
2026/05/21 09:09:00.271,n,58.836396,6.193938,5.411371,0.670577,OverRange,OverRange,OverRange,9.715384,12.300792,51.310384
2026/05/21 09:10:00.273,n,59.859848,5.634489,5.638609,0.253972,OverRange,OverRange,OverRange,9.704128,12.317968,52.1328
2026/05/21 09:11:00.258,n,61.030596,5.471608,4.90325,0.653428,OverRange,OverRange,OverRange,9.73167,12.32015,53.172284
2026/05/21 09:12:00.260,n,61.731888,5.51315,5.279413,0.276015,OverRange,OverRange,OverRange,9.763768,12.327704,53.982332
2026/05/21 09:13:00.264,n,62.548916,5.621195,5.153541,0.583926,OverRange,OverRange,OverRange,9.755366,12.3406,54.5289
2026/05/21 09:14:00.263,n,63.035432,5.712211,5.585524,0.108703,OverRange,OverRange,OverRange,9.766816,12.350352,54.982648
2026/05/21 09:15:00.265,n,63.308072,4.344614,4.572186,0.658595,OverRange,OverRange,OverRange,9.805798,12.360024,55.186476
2026/05/21 09:16:00.267,n,63.490388,4.408911,4.19679,0.169353,OverRange,OverRange,OverRange,9.844502,12.369678,55.33656
2026/05/21 09:17:00.272,n,63.8232,4.029218,4.332089,0.573864,OverRange,OverRange,OverRange,9.856216,12.378308,55.655584
2026/05/21 09:18:00.274,n,64.46894,5.616104,4.845547,0.896273,OverRange,OverRange,OverRange,9.871746,12.39879,56.063168
2026/05/21 09:19:00.256,n,65.46186,5.144913,4.953648,0.656166,OverRange,OverRange,OverRange,9.869976,12.41167,56.659052
2026/05/21 09:20:00.260,n,66.576928,5.530075,4.741775,0.681094,OverRange,OverRange,OverRange,9.912486,12.4203,57.481384
2026/05/21 09:21:00.261,n,68.087792,4.364298,4.687904,0.629503,OverRange,OverRange,OverRange,9.962112,12.43751,58.374452
2026/05/21 09:22:00.262,n,70.030024,5.539449,5.712371,0.120145,OverRange,OverRange,OverRange,9.979168,12.448288,59.71622
2026/05/21 09:23:00.264,n,72.594752,4.252643,4.519263,0.192269,OverRange,OverRange,OverRange,9.911978,12.46011,61.669164
2026/05/21 09:24:00.266,n,75.264824,4.025103,4.633597,0.840715,OverRange,OverRange,OverRange,9.857732,12.475218,64.18992
2026/05/21 09:25:00.270,n,77.990696,5.618244,5.30113,0.590389,OverRange,OverRange,OverRange,9.842454,12.484826,66.544548
2026/05/21 09:26:00.270,n,80.480512,4.682347,5.167193,0.554346,OverRange,OverRange,OverRange,9.844254,12.491322,68.734
2026/05/21 09:27:00.273,n,82.947488,4.389329,5.098606,0.6573,OverRange,OverRange,OverRange,9.911464,12.505324,70.733272
2026/05/21 09:28:00.257,n,85.28924,4.267146,4.734494,0.800333,OverRange,OverRange,OverRange,9.947368,12.512864,72.717512
2026/05/21 09:29:00.259,n,87.822408,4.22606,4.981431,0.860642,OverRange,OverRange,OverRange,9.897976,12.524716,74.839736
2026/05/21 09:30:00.261,n,90.815296,5.649853,4.917836,0.914833,OverRange,OverRange,OverRange,9.882956,12.53439,77.26808
2026/05/21 09:31:00.265,n,94.368328,5.661618,5.268678,0.64022,OverRange,OverRange,OverRange,9.92393,12.54621,80.144464
2026/05/21 09:32:00.265,n,98.244048,5.580116,4.805889,0.660715,OverRange,OverRange,OverRange,9.910446,12.5559,83.781736
2026/05/21 09:33:00.267,n,101.14814,4.224751,4.830056,0.596504,OverRange,OverRange,OverRange,9.874806,12.54823,87.164424
2026/05/21 09:34:00.271,n,102.30746,5.589755,4.812626,0.621479,OverRange,OverRange,OverRange,9.867558,12.55681,89.275624
2026/05/21 09:35:00.274,n,102.41434,4.156952,4.663828,0.805658,OverRange,OverRange,OverRange,9.881562,12.562168,90.307088
2026/05/21 09:36:00.274,n,101.53086,5.426402,5.137364,0.576166,OverRange,OverRange,OverRange,9.923814,12.57617,90.028344
2026/05/21 09:37:00.258,n,101.08604,5.743201,4.94676,0.839018,OverRange,OverRange,OverRange,9.95131,12.589068,89.573832
2026/05/21 09:38:00.261,n,101.5047,4.183006,4.738417,0.709171,OverRange,OverRange,OverRange,9.924072,12.596638,90.141136
2026/05/21 09:39:00.262,n,101.41232,5.743112,5.137015,0.768263,OverRange,OverRange,OverRange,9.954112,12.607352,90.601112
2026/05/21 09:40:00.266,n,100.15842,4.18267,4.53698,0.655411,OverRange,OverRange,OverRange,10.005534,12.621356,89.98252
2026/05/21 09:41:00.266,n,98.51412,5.57826,5.030985,0.748988,OverRange,OverRange,OverRange,10.034276,12.6343,88.813272
2026/05/21 09:42:00.269,n,97.219176,4.358703,5.313546,0.780179,OverRange,OverRange,OverRange,10.050076,12.643956,87.467744
2026/05/21 09:43:00.271,n,96.660808,4.371816,5.222735,0.700875,OverRange,OverRange,OverRange,10.031994,12.66006,86.301216
2026/05/21 09:44:00.272,n,96.877888,4.179174,4.957504,0.785475,OverRange,OverRange,OverRange,10.112666,12.668674,85.77888
2026/05/21 09:45:00.276,n,97.551728,5.870227,5.114832,0.644477,OverRange,OverRange,OverRange,10.134526,12.684778,85.761728
2026/05/21 09:46:00.261,n,98.37824,4.337699,4.987906,0.729781,OverRange,OverRange,OverRange,10.165298,12.69875,86.088928
2026/05/21 09:47:00.262,n,99.187688,5.72061,5.13289,0.715458,OverRange,OverRange,OverRange,10.216172,12.707396,86.668448
2026/05/21 09:48:00.264,n,100.19922,4.268975,4.905737,0.618588,OverRange,OverRange,OverRange,10.20956,12.729998,87.467736
2026/05/21 09:49:00.267,n,101.18702,5.872997,4.938071,0.695512,OverRange,OverRange,OverRange,10.193538,12.741788,88.41772
2026/05/21 09:50:00.269,n,102.47784,5.674121,5.00649,0.812922,OverRange,OverRange,OverRange,10.082378,12.755758,89.61172
2026/05/21 09:51:00.271,n,103.58946,4.115306,4.689112,0.704053,OverRange,OverRange,OverRange,10.136068,12.770788,90.836
2026/05/21 09:52:00.274,n,104.16078,5.529711,5.101253,0.607346,OverRange,OverRange,OverRange,10.140392,12.782626,91.777096
2026/05/21 09:53:00.276,n,104.38876,5.447269,4.822179,0.613197,OverRange,OverRange,OverRange,10.164032,12.796582,92.273248
2026/05/21 09:54:00.276,n,104.80126,4.530493,4.593606,0.538608,OverRange,OverRange,OverRange,10.159704,12.79974,92.702328
2026/05/21 09:55:00.263,n,104.95508,5.776437,4.930232,0.848169,OverRange,OverRange,OverRange,10.097546,12.804056,93.236448
2026/05/21 09:56:00.265,n,105.7802,5.674899,4.98235,0.830598,OverRange,OverRange,OverRange,10.1367,12.820176,93.930368
2026/05/21 09:57:00.267,n,107.07488,5.433354,5.307814,0.837823,OverRange,OverRange,OverRange,10.12196,12.831998,94.919688
2026/05/21 09:58:00.270,n,108.55958,5.560408,4.984798,0.926994,OverRange,OverRange,OverRange,10.116868,12.841672,96.144736
2026/05/21 09:59:00.269,n,110.25956,5.908748,5.016796,0.836036,OverRange,OverRange,OverRange,10.186564,12.853494,97.338648
2026/05/21 10:00:00.271,n,112.09684,4.696522,4.806888,0.551086,OverRange,OverRange,OverRange,10.227514,12.86854,98.531792
2026/05/21 10:01:00.274,n,114.24112,4.208851,4.805821,0.745306,OverRange,OverRange,OverRange,10.18427,12.879256,100.22254
2026/05/21 10:02:00.275,n,116.57108,4.245953,4.823279,0.731005,OverRange,OverRange,OverRange,10.190374,12.889988,102.11174
2026/05/21 10:03:00.278,n,118.95978,5.449484,5.124131,0.660263,OverRange,OverRange,OverRange,10.174862,12.89966,104.18558
2026/05/21 10:04:00.263,n,121.56776,4.155381,4.492349,0.557887,OverRange,OverRange,OverRange,10.173584,12.914738,106.50388
2026/05/21 10:05:00.265,n,124.03036,5.599466,4.875327,0.641075,OverRange,OverRange,OverRange,10.150448,12.92438,109.10132
2026/05/21 10:06:00.270,n,126.32888,4.317632,4.888852,0.53902,OverRange,OverRange,OverRange,10.183264,12.936202,111.61986
2026/05/21 10:07:00.270,n,128.16832,5.275005,5.276109,0.509217,OverRange,OverRange,OverRange,10.252676,12.941022,113.93994
2026/05/21 10:08:00.272,n,129.7327,4.196202,4.429238,0.218984,OverRange,OverRange,OverRange,10.335084,12.944264,115.94654
2026/05/21 10:09:00.273,n,130.56962,5.349099,4.671526,0.572188,OverRange,OverRange,OverRange,10.374452,12.956052,117.63182
2026/05/21 10:10:00.275,n,131.17068,5.601018,5.679459,0.278047,OverRange,OverRange,OverRange,10.382588,12.97434,118.85346
2026/05/21 10:11:00.278,n,131.50416,4.252573,5.076371,0.56791,OverRange,OverRange,OverRange,10.40802,12.99279,119.74918
2026/05/21 10:12:00.279,n,131.53264,5.794407,5.115457,0.70283,OverRange,OverRange,OverRange,10.465466,13.012202,120.2978
2026/05/21 10:13:00.264,n,131.0959,3.989916,4.735897,0.832435,OverRange,OverRange,OverRange,10.430394,13.021924,120.28458
2026/05/21 10:14:00.267,n,130.29646,4.098343,4.69795,0.594194,OverRange,OverRange,OverRange,10.451488,13.04355,119.85326
2026/05/21 10:15:00.271,n,129.25812,4.525328,4.84953,0.558449,OverRange,OverRange,OverRange,10.503576,13.05868,118.6852
2026/05/21 10:16:00.272,n,128.01488,4.026969,5.085037,0.834779,OverRange,OverRange,OverRange,10.501288,13.07275,117.15812
2026/05/21 10:17:00.272,n,126.7773,5.592805,4.993712,0.715767,OverRange,OverRange,OverRange,10.49165,13.090028,115.37412
2026/05/21 10:18:00.277,n,126.4836,5.644244,5.436425,0.382817,OverRange,OverRange,OverRange,10.477906,13.110548,114.0802
2026/05/21 10:19:00.276,n,127.41622,5.581528,4.867703,0.637885,OverRange,OverRange,OverRange,10.482992,13.12457,113.75956
2026/05/21 10:20:00.280,n,129.34422,4.615359,4.92815,0.660168,OverRange,OverRange,OverRange,10.410294,13.142954,114.79554
2026/05/21 10:21:00.280,n,131.61604,5.237245,4.783888,0.512428,OverRange,OverRange,OverRange,10.366848,13.158086,116.36002
2026/05/21 10:22:00.267,n,134.1396,4.028913,4.996054,0.881951,OverRange,OverRange,OverRange,10.374742,13.171016,118.10358
2026/05/21 10:23:00.268,n,137.2433,5.638213,5.053222,0.637485,OverRange,OverRange,OverRange,10.455796,13.18924,120.3844
2026/05/21 10:24:00.273,n,140.77032,5.609886,5.30314,0.799171,OverRange,OverRange,OverRange,10.372914,13.198994,123.18476
2026/05/21 10:25:00.272,n,144.08306,5.271992,4.916833,0.506874,OverRange,OverRange,OverRange,10.327658,13.213016,126.0167
2026/05/21 10:26:00.276,n,146.78918,5.373126,4.914498,0.745384,OverRange,OverRange,OverRange,10.358902,13.22383,128.18804
2026/05/21 10:27:00.277,n,149.90418,5.695922,5.29362,0.681774,OverRange,OverRange,OverRange,10.41509,13.232478,130.4896
2026/05/21 10:28:00.281,n,154.14864,4.204744,5.043161,0.616386,OverRange,OverRange,OverRange,10.296646,13.246468,133.8356
2026/05/21 10:29:00.282,n,159.23744,4.311171,4.939423,0.724704,OverRange,OverRange,OverRange,10.415594,13.257314,137.96288
2026/05/21 10:30:00.284,n,165.3085,4.463817,4.851139,0.720948,OverRange,OverRange,OverRange,10.425004,13.265928,143.37392
2026/05/21 10:31:00.268,n,171.71136,4.342492,5.314937,0.487487,OverRange,OverRange,OverRange,10.312428,13.279984,149.88168
2026/05/21 10:32:00.270,n,177.75254,4.019538,4.8041,0.700405,OverRange,OverRange,OverRange,10.456264,13.299414,156.24876
2026/05/21 10:33:00.272,n,181.7608,5.498111,4.939591,0.518796,OverRange,OverRange,OverRange,10.616548,13.313418,161.63316
2026/05/21 10:34:00.278,n,183.56086,4.588351,5.287898,0.618023,OverRange,OverRange,OverRange,10.679784,13.322018,164.6238
2026/05/21 10:35:00.276,n,183.68068,5.762272,5.307433,0.5751,OverRange,OverRange,OverRange,10.666586,13.338256,165.50304
2026/05/21 10:36:00.280,n,183.92626,5.572531,4.915079,0.682738,OverRange,OverRange,OverRange,10.642956,13.356154,166.07956
2026/05/21 10:37:00.281,n,184.10552,5.426945,4.970949,0.537183,OverRange,OverRange,OverRange,10.666682,13.373434,166.5682
2026/05/21 10:38:00.282,n,185.5924,5.629023,4.720674,0.706096,OverRange,OverRange,OverRange,10.816692,13.394998,168.01348
2026/05/21 10:39:00.285,n,187.45814,3.805224,4.63748,0.698009,OverRange,OverRange,OverRange,10.871278,13.42306,170.13654
2026/05/21 10:40:00.273,n,189.71894,5.206932,5.314167,0.606252,OverRange,OverRange,OverRange,10.787538,13.443532,172.99516
2026/05/21 10:41:00.274,n,192.20332,4.631495,4.708274,0.688666,OverRange,OverRange,OverRange,10.958054,13.473728,176.21882
2026/05/21 10:42:00.257,n,194.10234,4.551678,5.083438,0.656752,OverRange,OverRange,OverRange,10.994574,13.496382,179.48876
2026/05/21 10:43:00.259,n,194.27912,5.792895,5.118485,0.783709,OverRange,OverRange,OverRange,10.95018,13.528762,181.30674
2026/05/21 10:44:00.262,n,193.85188,4.353145,4.395862,0.123409,OverRange,OverRange,OverRange,10.916184,13.54816,181.07234
2026/05/21 10:45:00.263,n,195.33748,5.910515,4.490841,0.704275,OverRange,OverRange,OverRange,10.928624,13.5665,181.95646
2026/05/21 10:46:00.265,n,198.43774,5.574876,5.688815,0.111981,OverRange,OverRange,OverRange,10.91618,13.597724,184.77288
2026/05/21 10:47:00.266,n,200.49262,5.785036,4.565586,0.633031,OverRange,OverRange,OverRange,10.78296,13.609222,187.6721
2026/05/21 10:48:00.269,n,199.95658,6.086446,5.095999,0.754072,OverRange,OverRange,OverRange,10.706792,13.617854,188.0611
2026/05/21 10:49:00.271,n,199.02166,4.278237,4.84219,0.682495,OverRange,OverRange,OverRange,10.726106,13.636112,187.50634
2026/05/21 10:50:00.257,n,197.8563,5.477672,5.139262,0.547698,OverRange,OverRange,OverRange,10.754512,13.65447,186.65234
2026/05/21 10:51:00.260,n,195.85966,5.696118,5.205429,0.861705,OverRange,OverRange,OverRange,10.684932,13.668508,184.79982
2026/05/21 10:52:00.261,n,193.92464,4.364452,4.924228,0.693009,OverRange,OverRange,OverRange,10.746124,13.683576,182.47182
2026/05/21 10:53:00.263,n,193.32098,4.590209,4.926898,0.567862,OverRange,OverRange,OverRange,10.793092,13.698658,181.50732
2026/05/21 10:54:00.265,n,194.74128,4.275503,4.53164,0.368372,OverRange,OverRange,OverRange,10.756282,13.714798,182.16474
2026/05/21 10:55:00.266,n,197.91276,4.035421,4.576874,0.539972,OverRange,OverRange,OverRange,10.83345,13.729866,184.3095
2026/05/21 10:56:00.269,n,203.27342,5.601359,5.618498,0.065154,OverRange,OverRange,OverRange,10.900426,13.746058,188.46772
2026/05/21 10:57:00.274,n,209.43752,4.466532,5.156575,0.767941,OverRange,OverRange,OverRange,10.898158,13.766514,194.20434
2026/05/21 10:58:00.259,n,215.29418,4.544334,5.383967,0.430163,OverRange,OverRange,OverRange,10.924546,13.78914,200.00166
2026/05/21 10:59:00.259,n,220.91148,5.887616,5.499504,0.592314,OverRange,OverRange,OverRange,10.960048,13.802772,205.95422
2026/05/21 11:00:00.261,n,225.4161,3.943937,5.19989,0.807262,OverRange,OverRange,OverRange,10.982692,13.818948,211.45896
2026/05/21 11:01:00.263,n,229.64454,6.053478,5.096533,0.977233,OverRange,OverRange,OverRange,11.091492,13.840416,216.80372
2026/05/21 11:02:00.265,n,234.55138,5.614669,4.673331,0.750826,OverRange,OverRange,OverRange,10.946702,13.859846,223.37162
2026/05/21 11:03:00.267,n,239.01948,4.44948,5.087607,0.745408,OverRange,OverRange,OverRange,10.94364,13.882456,229.50022
2026/05/21 11:04:00.269,n,241.72572,5.511913,5.120877,0.542283,OverRange,OverRange,OverRange,11.032156,13.911484,233.83184
2026/05/21 11:05:00.271,n,247.08166,5.592539,4.934616,0.752936,OverRange,OverRange,OverRange,10.980906,13.927594,242.38734
2026/05/21 11:06:00.273,n,245.63236,5.737418,5.216897,0.693198,OverRange,OverRange,OverRange,10.951996,13.944844,238.53984
2026/05/21 11:07:00.261,n,251.78082,5.912442,5.809489,0.132444,OverRange,OverRange,OverRange,11.03623,13.961914,244.37406
2026/05/21 11:08:00.262,n,261.48792,4.14472,4.449428,0.632762,OverRange,OverRange,OverRange,11.14706,13.98024,256.07614
2026/05/21 11:09:00.263,n,271.39866,5.755434,5.544106,0.642945,OverRange,OverRange,OverRange,11.111308,14.00285,270.06858
2026/05/21 11:10:00.264,n,281.38514,4.056428,4.699835,0.772502,OverRange,OverRange,OverRange,11.190404,14.030802,285.9563
2026/05/21 11:11:00.266,n,284.5585,4.139347,5.011901,0.769359,OverRange,OverRange,OverRange,11.228918,14.060922,291.18624
2026/05/21 11:12:00.270,n,288.93396,4.11815,4.614078,0.616682,OverRange,OverRange,OverRange,11.227632,14.081332,297.36828
2026/05/21 11:13:00.274,n,294.75754,4.2784,4.678393,0.644136,OverRange,OverRange,OverRange,11.421174,14.109302,305.77158
2026/05/21 11:14:00.272,n,305.54904,4.272062,5.13818,0.851426,OverRange,OverRange,OverRange,11.351274,14.130854,323.23758
2026/05/21 11:15:00.274,n,307.52836,5.970825,5.298334,0.713707,OverRange,OverRange,OverRange,11.484732,14.165258,329.05722
2026/05/21 11:16:00.261,n,304.2405,5.852285,4.868731,0.896555,OverRange,OverRange,OverRange,11.72697,14.195316,324.40026
2026/05/21 11:17:00.263,n,305.4201,5.769703,5.169611,0.657934,OverRange,OverRange,OverRange,11.825612,14.230812,328.0874
2026/05/21 11:18:00.265,n,305.5321,4.752156,4.790219,0.492981,OverRange,OverRange,OverRange,11.68977,14.267334,331.55914
2026/05/21 11:19:00.265,n,303.1923,5.630133,4.977047,0.718047,OverRange,OverRange,OverRange,11.793488,14.277662,331.4266
2026/05/21 11:20:00.270,n,301.20812,4.711729,5.007243,0.60562,OverRange,OverRange,OverRange,11.84752,14.308826,332.3294
2026/05/21 11:21:00.272,n,298.21444,5.689028,5.201967,0.572326,OverRange,OverRange,OverRange,11.889516,14.344294,328.814
2026/05/21 11:22:00.273,n,301.74954,4.515508,5.248939,0.617534,OverRange,OverRange,OverRange,11.853872,14.382984,335.49368
2026/05/21 11:23:00.273,n,307.27792,5.962932,5.214819,0.713508,OverRange,OverRange,OverRange,11.804036,14.423744,346.0626
2026/05/21 11:24:00.276,n,310.93216,4.218759,5.080125,0.843736,OverRange,OverRange,OverRange,11.900402,14.458104,353.50868
2026/05/21 11:25:00.261,n,315.3143,3.877588,4.924705,0.859945,OverRange,OverRange,OverRange,12.0834,14.495706,365.02488
2026/05/21 11:26:00.264,n,318.4187,3.942487,5.022441,0.822158,OverRange,OverRange,OverRange,12.124334,14.534348,378.13624
2026/05/21 11:27:00.265,n,317.42808,4.253361,4.49376,0.659284,OverRange,OverRange,OverRange,12.181936,14.56757,385.49632
2026/05/21 11:28:00.268,n,335.47372,4.935332,5.614319,0.368478,OverRange,OverRange,OverRange,12.109436,14.607288,422.65932
2026/05/21 11:29:00.269,n,340.00876,5.578519,4.810865,0.772885,OverRange,OverRange,OverRange,12.20366,14.643766,441.4562
2026/05/21 11:30:00.272,n,350.92244,5.430631,4.571163,0.505564,OverRange,OverRange,OverRange,12.168808,14.693964,466.56376
2026/05/21 11:31:00.276,n,354.31332,5.7809,4.964827,0.941359,OverRange,OverRange,OverRange,12.102346,14.728326,480.66052
2026/05/21 11:32:00.275,n,343.76684,4.112565,4.92906,0.857898,OverRange,OverRange,OverRange,11.862448,14.772268,473.51772
2026/05/21 11:33:00.276,n,335.0068,4.5214,5.071684,0.801838,OverRange,OverRange,OverRange,12.032842,14.800162,463.88168
2026/05/21 11:34:00.263,n,330.504,4.422434,5.104064,0.765166,OverRange,OverRange,OverRange,12.214016,14.838778,463.09764
2026/05/21 11:35:00.265,n,341.18224,5.922571,5.02645,0.77755,OverRange,OverRange,OverRange,12.218054,14.877376,489.97032
2026/05/21 11:36:00.267,n,336.40788,4.238496,4.749155,0.775664,OverRange,OverRange,OverRange,11.960074,14.909522,487.30016
2026/05/21 11:37:00.269,n,353.77016,5.835714,5.250062,0.690222,OverRange,OverRange,OverRange,11.955242,14.9273,511.74184
2026/05/21 11:38:00.271,n,485.73636,4.079855,4.925748,0.819527,OverRange,OverRange,OverRange,11.981318,14.957296,708.08688
2026/05/21 11:39:00.277,n,717.02272,5.602669,5.418676,0.69089,OverRange,OverRange,OverRange,12.235006,14.994788,1086.9452
2026/05/21 11:40:00.276,n,719.6784,5.62718,5.060209,0.811972,OverRange,OverRange,OverRange,12.489512,15.034384,1112.0678
2026/05/21 11:41:00.277,n,662.25568,4.24714,4.654594,0.907029,OverRange,OverRange,OverRange,12.741018,15.093336,1029.5592
2026/05/21 11:42:00.280,n,542.35076,5.845234,4.479079,0.675145,OverRange,OverRange,OverRange,13.273946,15.156446,852.64072
2026/05/21 11:43:00.266,n,561.67436,4.458709,5.052408,0.641465,OverRange,OverRange,OverRange,13.328578,15.228144,877.82952
2026/05/21 11:44:00.269,n,513.24744,4.221923,4.630852,0.730698,OverRange,OverRange,OverRange,13.265442,15.311608,794.02048
2026/05/21 11:45:00.270,n,485.88584,5.769944,4.923381,0.7297,OverRange,OverRange,OverRange,13.728618,15.393984,741.46792
2026/05/21 11:46:00.270,n,575.56792,5.742631,4.556607,0.597642,OverRange,OverRange,OverRange,12.934102,15.462672,876.42952
2026/05/21 11:47:00.272,n,678.69096,5.749749,4.710936,0.903544,OverRange,OverRange,OverRange,13.63528,15.539656,1056.313
2026/05/21 11:48:00.274,n,674.45144,5.336201,4.789176,0.649794,OverRange,OverRange,OverRange,14.162802,15.628278,1042.2214
2026/05/21 11:49:00.277,n,496.90312,5.767469,5.186363,0.833953,OverRange,OverRange,OverRange,14.288774,15.705316,737.87472
2026/05/21 11:50:00.280,n,655.21904,4.32412,4.498662,0.364541,OverRange,OverRange,OverRange,14.19101,15.803884,971.72544
2026/05/21 11:51:00.281,n,767.56624,5.671466,5.101656,0.875544,OverRange,OverRange,OverRange,14.062272,15.904834,1155.5576
2026/05/21 11:52:00.266,n,646.57652,4.018008,4.536619,0.904026,OverRange,OverRange,OverRange,14.137034,16.00789,969.23152
2026/05/21 11:53:00.269,n,703.81344,4.124083,4.976354,0.808939,OverRange,OverRange,OverRange,14.403276,16.116296,1010.5962
2026/05/21 11:54:00.276,n,799.89864,4.516921,5.011075,0.688487,OverRange,OverRange,OverRange,14.783316,16.214726,1178.4274
2026/05/21 11:55:00.272,n,812.9544,4.330274,4.621694,0.631898,OverRange,OverRange,OverRange,15.687144,16.327326,1201.4658
2026/05/21 11:56:00.274,n,635.97784,5.503883,4.924708,0.833217,OverRange,OverRange,OverRange,15.579158,16.453754,905.07256
2026/05/21 11:57:00.278,n,538.99316,5.827317,5.118787,0.702439,OverRange,OverRange,OverRange,16.204386,16.578262,771.89624
2026/05/21 11:58:00.278,n,437.79272,5.429873,4.99105,0.702548,OverRange,OverRange,OverRange,16.593848,16.70884,576.487
2026/05/21 11:59:00.281,n,415.77476,5.597817,4.886689,0.89282,OverRange,OverRange,OverRange,16.535498,16.851096,538.49012
2026/05/21 12:00:00.285,n,457.43972,4.228769,4.839049,0.713155,OverRange,OverRange,OverRange,16.465118,16.981488,609.45916
2026/05/21 12:01:00.270,n,397.98788,3.872378,4.892827,0.999838,OverRange,OverRange,OverRange,16.124202,17.09773,512.31776
2026/05/21 12:02:00.271,n,384.6982,5.826407,5.28276,0.868805,OverRange,OverRange,OverRange,15.938066,17.207718,489.18444
2026/05/21 12:03:00.274,n,372.40116,4.339652,5.081598,0.91163,OverRange,OverRange,OverRange,15.528102,17.321914,468.57664
2026/05/21 12:04:00.274,n,363.45708,4.729218,5.095707,0.711796,OverRange,OverRange,OverRange,15.897976,17.398488,449.21936
2026/05/21 12:05:00.276,n,363.19408,4.256124,4.754656,0.810191,OverRange,OverRange,OverRange,16.110138,17.483796,443.55812
2026/05/21 12:06:00.278,n,369.21664,5.999367,4.810348,0.81132,OverRange,OverRange,OverRange,15.823686,17.565878,451.11772
2026/05/21 12:07:00.264,n,362.81812,5.612816,5.063001,0.706928,OverRange,OverRange,OverRange,15.770738,17.636222,443.6672
2026/05/21 12:08:00.269,n,356.4856,5.650064,5.291433,0.599728,OverRange,OverRange,OverRange,15.728322,17.694928,433.1528
2026/05/21 12:09:00.269,n,356.77696,4.428279,4.747427,0.766039,OverRange,OverRange,OverRange,15.788296,17.755622,430.071
2026/05/21 12:10:00.274,n,360.02736,5.631811,4.817093,0.791385,OverRange,OverRange,OverRange,15.682598,17.814196,430.33348
2026/05/21 12:11:00.259,n,364.67476,5.776244,4.967772,0.739258,OverRange,OverRange,OverRange,15.6017,17.868436,431.54076
2026/05/21 12:12:00.259,n,366.7888,6.06152,4.760587,0.9635,OverRange,OverRange,OverRange,15.440908,17.917816,435.20876
2026/05/21 12:13:00.261,n,363.22216,5.202419,5.094123,0.754386,OverRange,OverRange,OverRange,14.854304,17.960348,436.267
2026/05/21 12:14:00.263,n,356.56896,5.771118,4.706208,0.910662,OverRange,OverRange,OverRange,14.422526,17.994398,434.26852
2026/05/21 12:15:00.266,n,338.28368,6.010439,4.674781,1.010371,OverRange,OverRange,OverRange,14.204102,18.021012,407.66208
2026/05/21 12:16:00.271,n,333.64878,6.020611,5.084626,0.920996,OverRange,OverRange,OverRange,14.184912,18.047596,394.48112
2026/05/21 12:17:00.269,n,337.94504,3.902957,4.712241,0.922679,OverRange,OverRange,OverRange,14.354686,18.057672,392.7914
2026/05/21 12:18:00.272,n,347.72752,5.848354,5.244956,1.073622,OverRange,OverRange,OverRange,14.275044,18.067232,400.6134
2026/05/21 12:19:00.258,n,354.56836,4.098339,4.615623,1.00412,OverRange,OverRange,OverRange,14.359014,18.073654,409.95708
2026/05/21 12:20:00.258,n,354.51784,4.449909,4.943323,1.023373,OverRange,OverRange,OverRange,14.745342,18.086376,410.78312
2026/05/21 12:21:00.260,n,369.7822,5.735565,4.919298,0.899597,OverRange,OverRange,OverRange,14.821432,18.10236,434.9138
2026/05/21 12:22:00.264,n,364.38172,3.982533,5.002808,0.883671,OverRange,OverRange,OverRange,14.658442,18.071502,425.63232
2026/05/21 12:23:00.263,n,OverRange,OverRange,OverRange,OverRange,OverRange,OverRange,OverRange,OverRange,18.010868,OverRange
1989/01/01 00:01:00.257,n,OverRange,OverRange,OverRange,OverRange,OverRange,OverRange,OverRange,OverRange,21.864468,OverRange
1989/01/01 00:02:00.259,n,290.69156,4.706578,4.702432,0.508575,OverRange,OverRange,OverRange,13.635504,21.383172,290.6654
1989/01/01 00:03:00.260,n,285.81302,4.263221,4.86942,0.53398,OverRange,OverRange,OverRange,13.775448,21.222844,283.94636
1989/01/01 00:04:00.263,n,283.51758,5.929038,5.376073,0.776134,OverRange,OverRange,OverRange,13.824428,21.103912,280.46012
1989/01/01 00:05:00.267,n,281.67504,5.591369,5.354172,0.228894,OverRange,OverRange,OverRange,13.973126,21.049034,277.80282
1989/01/01 00:06:00.268,n,282.1666,5.434005,4.272658,0.580188,OverRange,OverRange,OverRange,13.558706,20.943402,278.32602
1989/01/01 00:07:00.272,n,282.15274,4.102473,5.000518,0.810748,OverRange,OverRange,OverRange,13.210282,20.851508,278.20154
1989/01/01 00:08:00.271,n,282.52018,4.213087,5.175121,0.826315,OverRange,OverRange,OverRange,13.084788,20.748976,278.34976
1989/01/01 00:09:00.274,n,282.69956,5.55468,4.444319,0.694644,OverRange,OverRange,OverRange,13.318812,20.677066,278.55654
1989/01/01 00:10:00.262,n,283.37954,4.074795,5.223131,0.650836,OverRange,OverRange,OverRange,13.123032,20.572322,280.67508
1989/01/01 00:11:00.262,n,282.35544,3.940817,4.695833,0.804928,OverRange,OverRange,OverRange,13.158972,20.463306,280.88346
1989/01/01 00:12:00.263,n,279.01498,5.598908,5.201879,0.651105,OverRange,OverRange,OverRange,13.196946,20.358436,277.30154
1989/01/01 00:13:00.271,n,277.22274,4.382344,4.928557,0.66544,OverRange,OverRange,OverRange,12.831544,20.286406,275.63114
1989/01/01 00:14:00.266,n,276.34046,4.459375,5.182354,0.610366,OverRange,OverRange,OverRange,12.770528,20.183598,274.24652
1989/01/01 00:15:00.270,n,275.43528,3.956803,4.395943,0.641051,OverRange,OverRange,OverRange,12.857464,20.07864,272.87986
1989/01/01 00:16:00.274,n,274.51586,5.025625,5.587083,0.331074,OverRange,OverRange,OverRange,12.72994,19.981028,270.9506
1989/01/01 00:17:00.272,n,273.84628,5.553757,5.268386,0.446777,OverRange,OverRange,OverRange,12.817414,19.882342,269.72498
1989/01/01 00:18:00.274,n,274.36384,4.326123,5.124199,0.794438,OverRange,OverRange,OverRange,12.938772,19.828006,268.8057
1989/01/01 00:19:00.262,n,277.25662,5.630079,4.636565,0.868202,OverRange,OverRange,OverRange,13.03066,19.735622,270.57058
1989/01/01 00:20:00.263,n,281.8093,4.612181,4.687958,0.564298,OverRange,OverRange,OverRange,12.882508,19.648494,274.47434
1989/01/01 00:21:00.267,n,286.63644,4.101609,4.580187,0.723345,OverRange,OverRange,OverRange,13.073686,19.562412,278.71334
1989/01/01 00:22:00.266,n,289.68454,5.629839,5.13614,0.711075,OverRange,OverRange,OverRange,13.28477,19.484786,282.09504
1989/01/01 00:23:00.269,n,290.84488,4.167525,4.467576,0.606724,OverRange,OverRange,OverRange,13.399608,19.41463,284.19764
1989/01/01 00:24:00.439,n,289.65924,5.682804,5.312035,0.830092,OverRange,OverRange,OverRange,13.344488,19.352868,284.69224
1989/01/01 00:25:00.328,n,286.29712,4.469396,5.166937,0.610046,OverRange,OverRange,OverRange,13.139984,19.29648,282.62128
1989/01/01 00:26:00.344,n,281.30094,5.634313,4.731292,0.757365,OverRange,OverRange,OverRange,12.86496,19.26826,278.79206
1989/01/01 00:27:00.458,n,275.24412,5.451816,4.738726,0.798684,OverRange,OverRange,OverRange,12.790318,19.20222,272.609
1989/01/01 00:28:00.307,n,270.01792,4.184558,5.135368,0.835715,OverRange,OverRange,OverRange,12.643266,19.136184,266.83374
1989/01/01 00:29:00.309,n,266.55442,5.892473,5.416104,0.755039,OverRange,OverRange,OverRange,12.414856,19.071224,262.12534
1989/01/01 00:30:00.270,n,266.12308,4.003988,4.275892,0.350145,OverRange,OverRange,OverRange,12.569936,19.00832,260.57374
1989/01/01 00:31:00.267,n,268.07104,5.879667,5.188126,0.650285,OverRange,OverRange,OverRange,12.632208,18.944376,262.78458
1989/01/01 00:32:00.270,n,270.77836,5.270135,5.372977,0.411694,OverRange,OverRange,OverRange,12.808386,18.878276,265.68302
1989/01/01 00:33:00.271,n,272.51242,4.033036,4.879918,0.878898,OverRange,OverRange,OverRange,12.781418,18.822848,268.3762
1989/01/01 00:34:00.273,n,272.79972,4.264802,5.142153,0.776651,OverRange,OverRange,OverRange,12.56162,18.760962,270.43508
1989/01/01 00:35:00.277,n,271.45138,4.090356,4.764024,0.790093,OverRange,OverRange,OverRange,12.418626,18.733168,269.60746
1989/01/01 00:36:00.280,n,270.82748,3.999558,4.911626,0.822109,OverRange,OverRange,OverRange,12.303192,18.67552,268.30868
1989/01/01 00:37:00.265,n,271.24954,5.612189,5.609768,0.18785,OverRange,OverRange,OverRange,12.415472,18.621042,268.1587
1989/01/01 00:38:00.265,n,272.67692,4.352669,5.257098,0.795946,OverRange,OverRange,OverRange,12.523178,18.559128,269.4822
1989/01/01 00:39:00.268,n,274.2051,5.556275,4.764294,0.672064,OverRange,OverRange,OverRange,12.457596,18.498222,271.04598
1989/01/01 00:40:00.269,n,274.35422,5.372553,5.171327,0.64795,OverRange,OverRange,OverRange,12.375102,18.449098,271.22952
1989/01/01 00:41:00.272,n,273.2258,4.827105,4.789621,0.536205,OverRange,OverRange,OverRange,12.483348,18.397198,270.97244
1989/01/01 00:42:00.272,n,270.83826,4.150948,4.462733,0.627883,OverRange,OverRange,OverRange,12.463654,18.34197,269.48034
1989/01/01 00:43:00.274,n,268.9653,5.41039,4.549799,0.73474,OverRange,OverRange,OverRange,12.363766,18.292098,268.27774
1989/01/01 00:44:00.277,n,269.52304,5.380593,4.704185,0.663522,OverRange,OverRange,OverRange,12.518896,18.271678,268.5613
1989/01/01 00:45:00.279,n,273.21502,5.272204,5.040203,0.678485,OverRange,OverRange,OverRange,12.668778,18.217532,271.99512
1989/01/01 00:46:00.264,n,278.61448,5.428794,4.642084,0.718826,OverRange,OverRange,OverRange,12.928966,18.174998,278.20922
1989/01/01 00:47:00.267,n,284.39206,3.773109,4.842363,0.808518,OverRange,OverRange,OverRange,12.927486,18.144208,285.28782
1989/01/01 00:48:00.268,n,290.2815,3.893156,4.234323,0.628978,OverRange,OverRange,OverRange,12.724472,18.112272,288.66604
1989/01/01 00:49:00.270,n,294.77908,4.105141,3.980391,0.118063,OverRange,OverRange,OverRange,12.996374,18.081484,284.75836
1989/01/01 00:50:00.272,n,295.67234,5.509584,5.094928,0.795323,OverRange,OverRange,OverRange,13.003002,18.060214,291.93942
1989/01/01 00:51:00.274,n,293.3207,4.857308,5.132185,0.459269,OverRange,OverRange,OverRange,12.877346,18.037908,302.566
1989/01/01 00:52:00.277,n,288.85238,5.687937,5.060227,0.749799,OverRange,OverRange,OverRange,12.719438,18.01449,298.58456
1989/01/01 00:53:00.283,n,284.02466,5.737606,5.681671,0.068376,OverRange,OverRange,OverRange,12.659444,17.988982,293.45718
1989/01/01 00:54:00.281,n,279.06106,5.544909,4.475016,0.549169,OverRange,OverRange,OverRange,12.454448,17.962368,287.94308
1989/01/01 00:55:00.271,n,272.45202,4.146037,4.924673,0.768768,OverRange,OverRange,OverRange,12.667262,17.974762,279.64588
1989/01/01 00:56:00.268,n,266.92098,5.659138,4.538424,0.889343,OverRange,OverRange,OverRange,12.47962,17.945016,272.64022
1989/01/01 00:57:00.270,n,262.75516,4.536059,4.993675,0.902099,OverRange,OverRange,OverRange,12.222296,17.913086,267.71464
1989/01/01 00:58:00.272,n,260.64884,4.840446,4.70259,0.856672,OverRange,OverRange,OverRange,12.198284,17.885428,265.75382
1989/01/01 00:59:00.273,n,260.44894,4.005291,4.634935,0.811848,OverRange,OverRange,OverRange,12.190984,17.847072,265.93894
1989/01/01 01:00:00.275,n,262.33332,3.966743,4.423698,0.69004,OverRange,OverRange,OverRange,11.88001,17.806632,269.37012
1989/01/01 01:01:00.277,n,264.9187,4.037357,4.325102,0.704657,OverRange,OverRange,OverRange,11.794094,17.764036,273.09092
1989/01/01 01:02:00.280,n,268.3619,4.167875,5.002587,0.689054,OverRange,OverRange,OverRange,12.03011,17.722518,277.6488
1989/01/01 01:03:00.281,n,273.8169,4.703687,4.250972,0.519205,OverRange,OverRange,OverRange,12.007844,17.679924,283.63862
1989/01/01 01:04:00.267,n,281.12258,4.453153,4.887709,0.49451,OverRange,OverRange,OverRange,11.641118,17.633062,291.65998
1989/01/01 01:05:00.269,n,290.01986,5.456401,4.513285,0.67833,OverRange,OverRange,OverRange,11.872198,17.596828,300.54064
1989/01/01 01:06:00.274,n,300.60266,4.015327,4.378555,0.675737,OverRange,OverRange,OverRange,12.0248,17.560564,312.16398
1989/01/01 01:07:00.273,n,312.1871,3.94974,4.708049,0.659261,OverRange,OverRange,OverRange,11.607214,17.517972,327.1876
1989/01/01 01:08:00.277,n,325.72772,3.872965,4.611831,0.836046,OverRange,OverRange,OverRange,11.602902,17.482818,347.12736
1989/01/01 01:09:00.277,n,332.95402,4.781873,4.99103,0.644041,OverRange,OverRange,OverRange,12.071274,17.445478,358.41476
1989/01/01 01:10:00.279,n,332.89808,5.316146,5.416148,0.441074,OverRange,OverRange,OverRange,12.103108,17.412378,362.83464
1989/01/01 01:11:00.281,n,325.04196,5.698301,5.535026,0.609395,OverRange,OverRange,OverRange,12.118002,17.391082,355.78908
1989/01/01 01:12:00.283,n,313.48922,4.067484,4.691794,0.769291,OverRange,OverRange,OverRange,12.221786,17.36868,342.4064
1989/01/01 01:13:00.271,n,304.35306,5.404993,5.024418,0.877584,OverRange,OverRange,OverRange,12.139984,17.354818,331.4826
1989/01/01 01:14:00.273,n,296.311,5.429413,5.103838,0.729821,OverRange,OverRange,OverRange,12.262192,17.346862,322.63572
1989/01/01 01:15:00.275,n,288.24088,3.954496,4.011625,0.171551,OverRange,OverRange,OverRange,12.426016,17.327656,313.4873
1989/01/01 01:16:00.275,n,280.41116,5.266191,4.863545,0.812761,OverRange,OverRange,OverRange,12.57661,17.315948,303.75292
1989/01/01 01:17:00.278,n,274.3052,5.669009,5.398031,0.551161,OverRange,OverRange,OverRange,12.356868,17.300982,296.78366
1989/01/01 01:18:00.262,n,269.91562,4.86869,4.973273,0.605499,OverRange,OverRange,OverRange,12.39675,17.286046,291.36996
1989/01/01 01:19:00.270,n,267.93198,3.99026,4.433982,0.550183,OverRange,OverRange,OverRange,12.52414,17.27861,288.37198
1989/01/01 01:20:00.270,n,268.1854,4.118877,5.01335,0.876854,OverRange,OverRange,OverRange,12.71248,17.26896,287.73588
1989/01/01 01:21:00.271,n,269.24784,5.624208,4.892285,0.716805,OverRange,OverRange,OverRange,12.42421,17.25086,289.68838
1989/01/01 01:22:00.270,n,267.48642,4.95411,4.880618,0.406487,OverRange,OverRange,OverRange,12.288498,17.236968,288.42496
1989/01/01 01:23:00.255,n,265.7012,5.469777,4.64152,0.517748,OverRange,OverRange,OverRange,12.32131,17.22311,285.1231
1989/01/01 01:24:00.258,n,266.61216,4.260845,4.526921,0.666927,OverRange,OverRange,OverRange,12.330388,17.213524,284.89686
1989/01/01 01:25:00.260,n,268.33486,5.764755,5.238261,0.473469,OverRange,OverRange,OverRange,12.30363,17.1921,285.02836
1989/01/01 01:26:00.263,n,272.45612,4.385955,5.068235,0.87196,OverRange,OverRange,OverRange,12.345272,17.180394,288.79598
1989/01/01 01:27:00.264,n,277.57612,4.257606,4.735163,0.744958,OverRange,OverRange,OverRange,12.2461,17.168686,295.84018
1989/01/01 01:28:00.266,n,279.23746,5.776954,5.367892,0.600112,OverRange,OverRange,OverRange,12.381358,17.153718,299.1412
1989/01/01 01:29:00.269,n,279.2992,5.116386,5.257706,0.77793,OverRange,OverRange,OverRange,12.480754,17.141948,300.51068
1989/01/01 01:30:00.271,n,278.50976,3.705745,4.460854,0.878264,OverRange,OverRange,OverRange,12.515326,17.13236,301.81198
1989/01/01 01:31:00.255,n,277.24186,5.640335,4.681577,0.640842,OverRange,OverRange,OverRange,12.5085,17.120654,302.39956
1989/01/01 01:32:00.257,n,277.57932,4.382159,4.900665,0.660029,OverRange,OverRange,OverRange,12.49438,17.108914,303.79782
1989/01/01 01:33:00.259,n,280.72616,4.199934,4.639352,0.73141,OverRange,OverRange,OverRange,12.702128,17.101384,308.26376
1989/01/01 01:34:00.262,n,285.47776,4.366884,5.01889,0.650775,OverRange,OverRange,OverRange,12.668366,17.093914,314.97706
1989/01/01 01:35:00.267,n,290.64614,5.655044,4.824522,0.775079,OverRange,OverRange,OverRange,12.724824,17.09072,320.96726
1989/01/01 01:36:00.266,n,304.23166,5.573422,5.077213,0.760793,OverRange,OverRange,OverRange,12.896664,17.088568,338.84508
1989/01/01 01:37:00.269,n,335.22814,5.948262,5.706641,0.251467,OverRange,OverRange,OverRange,12.9221,17.088568,387.80088
1989/01/01 01:38:00.271,n,345.68724,5.699199,4.846629,0.813714,OverRange,OverRange,OverRange,12.610128,17.093914,409.27928
1989/01/01 01:39:00.272,n,317.42562,5.665208,4.908368,0.88251,OverRange,OverRange,OverRange,12.527924,17.094992,358.05676
1989/01/01 01:40:00.257,n,313.64624,5.671388,4.836825,0.672724,OverRange,OverRange,OverRange,12.598282,17.094992,351.3164
1989/01/01 01:41:00.259,n,319.12484,4.318714,4.83248,0.727259,OverRange,OverRange,OverRange,12.39801,17.091794,362.45256
1989/01/01 01:42:00.261,n,305.16044,5.874523,5.47509,0.647889,OverRange,OverRange,OverRange,12.565506,17.09072,342.21236
1989/01/01 01:43:00.264,n,299.27836,5.685871,5.553517,0.544493,OverRange,OverRange,OverRange,12.396246,17.09072,332.81226
1989/01/01 01:44:00.265,n,299.25654,4.384959,4.503132,0.612051,OverRange,OverRange,OverRange,12.52087,17.08322,331.86108
1989/01/01 01:45:00.267,n,335.01876,5.667926,5.162659,0.617682,OverRange,OverRange,OverRange,12.51936,17.08322,399.1552
1989/01/01 01:46:00.270,n,289.03586,4.3467,5.422592,0.549672,OverRange,OverRange,OverRange,12.517594,17.081102,322.30872
1989/01/01 01:47:00.271,n,272.56658,4.033434,4.471519,0.682174,OverRange,OverRange,OverRange,12.384888,17.078982,296.82822
1989/01/01 01:48:00.274,n,258.63412,4.233073,4.123526,0.199326,OverRange,OverRange,OverRange,12.334448,17.071514,277.55502
1989/01/01 01:49:00.259,n,245.32418,4.189413,4.864412,0.712087,OverRange,OverRange,OverRange,12.377838,17.062972,259.8707
1989/01/01 01:50:00.263,n,233.52062,5.538015,5.031849,0.733081,OverRange,OverRange,OverRange,12.498408,17.054396,244.09822
1989/01/01 01:51:00.265,n,223.69496,4.375962,5.005015,0.770734,OverRange,OverRange,OverRange,12.55389,17.043734,229.95472
1989/01/01 01:52:00.267,n,216.05388,4.190899,4.741633,0.750283,OverRange,OverRange,OverRange,12.633322,17.036234,218.31756
1989/01/01 01:53:00.269,n,209.07096,4.056448,4.508704,0.678811,OverRange,OverRange,OverRange,12.465374,17.031994,208.98676
1989/01/01 01:54:00.268,n,202.04406,5.455853,4.75146,0.613271,OverRange,OverRange,OverRange,12.295564,17.013832,200.868
1989/01/01 01:55:00.271,n,195.39046,5.996487,5.749594,0.242017,OverRange,OverRange,OverRange,12.30187,17.005256,192.54414
1989/01/01 01:56:00.274,n,189.71828,5.534984,4.919771,0.635594,OverRange,OverRange,OverRange,12.006434,16.981746,185.37122
1989/01/01 01:57:00.276,n,185.49154,4.128969,4.829853,0.751299,OverRange,OverRange,OverRange,12.00112,16.963618,179.45244
1989/01/01 01:58:00.263,n,182.61554,4.249215,4.988501,0.669951,OverRange,OverRange,OverRange,12.23726,16.942258,174.38062
1989/01/01 01:59:00.262,n,181.15406,5.94337,5.449145,0.633947,OverRange,OverRange,OverRange,12.391698,16.9166,170.92748
1989/01/01 02:00:00.264,n,180.12292,5.846578,5.586187,0.622343,OverRange,OverRange,OverRange,12.390442,16.896286,168.5929
1989/01/01 02:01:00.267,n,178.52376,5.639976,4.76998,0.673769,OverRange,OverRange,OverRange,12.266286,16.873822,166.48254
1989/01/01 02:02:00.268,n,176.8946,5.84921,4.761203,0.765236,OverRange,OverRange,OverRange,12.225628,16.84816,164.64478
1989/01/01 02:03:00.273,n,174.79264,4.264316,5.02983,0.747667,OverRange,OverRange,OverRange,11.830562,16.82253,162.82974
1989/01/01 02:04:00.271,n,172.92008,3.913868,4.333873,0.666816,OverRange,OverRange,OverRange,11.695302,16.795798,160.70668
1989/01/01 02:05:00.274,n,173.53594,4.716767,4.445314,0.668065,OverRange,OverRange,OverRange,11.696818,16.800752,160.4019
1989/01/01 02:06:00.276,n,176.21296,5.678053,5.305281,0.688403,OverRange,OverRange,OverRange,11.654088,16.76867,162.75832
1989/01/01 02:07:00.261,n,178.41546,5.590251,4.835098,0.692434,OverRange,OverRange,OverRange,11.628282,16.726934,164.86468
1989/01/01 02:08:00.264,n,180.39784,4.55309,5.109294,0.689377,OverRange,OverRange,OverRange,11.695802,16.69055,166.80754
1989/01/01 02:09:00.265,n,182.31402,5.760921,4.80296,0.909269,OverRange,OverRange,OverRange,11.745636,16.658466,168.54648
1989/01/01 02:10:00.268,n,183.7297,5.374454,4.688421,0.763655,OverRange,OverRange,OverRange,11.796204,16.61569,169.73118
1989/01/01 02:11:00.269,n,185.27612,5.787477,4.869082,0.983396,OverRange,OverRange,OverRange,11.698588,16.587848,170.93968
1989/01/01 02:12:00.271,n,186.26866,5.369262,4.906746,0.862998,OverRange,OverRange,OverRange,11.512894,16.550354,172.1717
1989/01/01 02:13:00.272,n,185.89518,4.49698,4.748759,0.865056,OverRange,OverRange,OverRange,11.3891,16.518242,171.95832
1989/01/01 02:14:00.275,n,184.65412,5.280535,4.803965,0.753467,OverRange,OverRange,OverRange,11.266042,16.48828,170.91732
1989/01/01 02:15:00.277,n,183.22754,4.143318,4.435975,0.744107,OverRange,OverRange,OverRange,11.21513,16.44756,169.72554
1989/01/01 02:16:00.262,n,180.19206,4.282097,4.496012,0.604874,OverRange,OverRange,OverRange,11.367082,16.418642,167.33276
1989/01/01 02:17:00.265,n,175.80842,4.494944,5.158157,0.751729,OverRange,OverRange,OverRange,11.476954,16.378968,163.56828
1989/01/01 02:18:00.269,n,171.97826,4.585667,4.647629,0.834344,OverRange,OverRange,OverRange,11.359508,16.35008,160.08174
1989/01/01 02:19:00.269,n,169.13688,4.310371,4.855374,0.584843,OverRange,OverRange,OverRange,11.183726,16.309332,157.6192
1989/01/01 02:20:00.270,n,166.60166,5.668083,4.760545,0.899753,OverRange,OverRange,OverRange,11.153824,16.272918,155.75516
1989/01/01 02:21:00.274,n,165.67044,5.61479,5.152281,0.637361,OverRange,OverRange,OverRange,11.065904,16.238622,154.8744
1989/01/01 02:22:00.274,n,166.25614,4.63405,5.090777,0.646845,OverRange,OverRange,OverRange,10.966522,16.201082,155.44902
1989/01/01 02:23:00.277,n,167.16992,4.999024,4.607154,0.650394,OverRange,OverRange,OverRange,10.84787,16.165698,156.30712
1989/01/01 02:24:00.278,n,168.2293,5.614248,4.873351,0.81488,OverRange,OverRange,OverRange,11.039532,16.130312,157.06692
1989/01/01 02:25:00.265,n,170.0586,4.208806,5.438497,0.611677,OverRange,OverRange,OverRange,11.167256,16.124084,158.85808
1989/01/01 02:26:00.266,n,171.79592,5.444899,4.294125,0.643853,OverRange,OverRange,OverRange,11.333782,16.086566,161.01708
1989/01/01 02:27:00.270,n,173.05058,5.936571,5.767587,0.235706,OverRange,OverRange,OverRange,11.430516,16.055416,162.66088
1989/01/01 02:28:00.271,n,175.9997,4.290223,4.869423,0.838509,OverRange,OverRange,OverRange,11.578828,16.033952,165.72488
1989/01/01 02:29:00.273,n,181.30546,4.10962,4.416588,0.608542,OverRange,OverRange,OverRange,11.660298,16.014638,171.31628
1989/01/01 02:30:00.274,n,188.8416,5.425675,4.827901,0.681116,OverRange,OverRange,OverRange,11.581112,15.99961,180.11
1989/01/01 02:31:00.276,n,194.64492,3.943378,4.312704,0.357288,OverRange,OverRange,OverRange,11.579834,15.979252,188.06474
1989/01/01 02:32:00.279,n,197.97444,5.680867,4.904379,0.749585,OverRange,OverRange,OverRange,11.638046,15.9653,193.1986
1989/01/01 02:33:00.282,n,201.08832,5.919971,5.298277,0.697199,OverRange,OverRange,OverRange,11.658544,15.953466,198.4569
1989/01/01 02:34:00.267,n,202.10742,6.048376,5.848246,0.461156,OverRange,OverRange,OverRange,11.606924,15.944846,202.64126
1989/01/01 02:35:00.269,n,201.34106,5.984231,5.628605,0.643356,OverRange,OverRange,OverRange,11.614502,15.929852,204.24624
1989/01/01 02:36:00.270,n,203.39016,4.230572,5.099816,0.865654,OverRange,OverRange,OverRange,11.695466,15.92879,207.52154
1989/01/01 02:37:00.273,n,206.49608,5.428679,4.757234,0.69674,OverRange,OverRange,OverRange,11.60818,15.929852,212.50364
1989/01/01 02:38:00.273,n,208.51936,5.788916,5.177549,0.750767,OverRange,OverRange,OverRange,11.630672,15.919094,217.78448
1989/01/01 02:39:00.275,n,213.85722,4.480971,5.205267,0.742625,OverRange,OverRange,OverRange,11.898778,15.917988,230.37902
1989/01/01 02:40:00.278,n,233.87858,3.814911,5.208056,0.872396,OverRange,OverRange,OverRange,11.85959,15.91696,276.087
1989/01/01 02:41:00.281,n,201.47692,3.943922,4.320573,0.693032,OverRange,OverRange,OverRange,11.862636,15.914806,219.0505
1989/01/01 02:42:00.283,n,188.1688,4.470134,5.044675,0.625142,OverRange,OverRange,OverRange,11.913692,15.926608,198.44452
1989/01/01 02:43:00.268,n,181.29354,5.684245,4.822244,0.672803,OverRange,OverRange,OverRange,11.860866,15.923396,191.92086
1989/01/01 02:44:00.269,n,173.13448,5.598695,5.259936,0.564766,OverRange,OverRange,OverRange,11.80067,15.925532,181.60622
1989/01/01 02:45:00.271,n,163.53166,5.629937,5.219155,0.607517,OverRange,OverRange,OverRange,11.696228,15.924456,165.55262
1989/01/01 02:46:00.272,n,156.6727,5.597879,4.913819,0.820632,OverRange,OverRange,OverRange,11.692938,15.925532,153.9326
1989/01/01 02:47:00.275,n,150.58134,5.802192,4.988987,0.758191,OverRange,OverRange,OverRange,11.648152,15.910506,146.01046
1989/01/01 02:48:00.280,n,145.0748,4.138107,4.930494,0.61513,OverRange,OverRange,OverRange,11.60643,15.900856,139.2713
1989/01/01 02:49:00.281,n,142.10246,3.972458,5.044293,0.815031,OverRange,OverRange,OverRange,11.569722,15.88366,135.20074
1989/01/01 02:50:00.284,n,139.44572,4.304993,4.691108,0.362903,OverRange,OverRange,OverRange,11.476832,15.867592,131.84682
1989/01/01 02:51:00.283,n,136.49724,5.907149,5.456542,0.64097,OverRange,OverRange,OverRange,11.30897,15.848214,128.36688
1989/01/01 02:52:00.351,n,135.04784,5.782031,5.273597,0.87579,OverRange,OverRange,OverRange,11.264134,15.820246,126.11924
1989/01/01 02:53:00.271,n,133.47166,4.387366,4.836777,0.68493,OverRange,OverRange,OverRange,11.442404,15.797754,124.32422
1989/01/01 02:54:00.273,n,130.3511,5.815291,4.822825,0.77702,OverRange,OverRange,OverRange,11.41125,15.771972,121.58804
1989/01/01 02:55:00.260,n,126.86004,4.392938,5.085275,0.956849,OverRange,OverRange,OverRange,11.252468,15.746188,117.64052
1989/01/01 02:56:00.261,n,123.74208,4.285437,4.383617,0.681072,OverRange,OverRange,OverRange,11.236516,15.719332,114.60886
1989/01/01 02:57:00.263,n,120.17994,5.396871,4.957659,0.691252,OverRange,OverRange,OverRange,11.238542,15.697834,110.79028
1989/01/01 02:58:00.264,n,117.48638,5.728755,4.975696,0.857706,OverRange,OverRange,OverRange,11.326198,15.660626,107.35556
1989/01/01 02:59:00.267,n,116.18168,5.7885,5.252931,0.702502,OverRange,OverRange,OverRange,11.239532,15.640354,105.6312
1989/01/01 03:00:00.270,n,115.17824,4.802448,4.97505,0.608463,OverRange,OverRange,OverRange,11.030732,15.605136,104.83172
1989/01/01 03:01:00.272,n,113.585,4.442218,4.692164,0.462478,OverRange,OverRange,OverRange,11.042644,15.57942,103.42954
1989/01/01 03:02:00.255,n,111.58234,3.960399,4.258996,0.289395,OverRange,OverRange,OverRange,11.107794,15.58113,101.15128
1989/01/01 03:03:00.258,n,110.32038,5.982492,5.694236,0.180492,OverRange,OverRange,OverRange,11.206024,15.550168,99.165136
1989/01/01 03:04:00.261,n,109.17722,5.552562,4.994303,0.809354,OverRange,OverRange,OverRange,11.15204,15.522398,97.399992
1989/01/01 03:05:00.267,n,108.6413,4.136793,4.767915,0.621504,OverRange,OverRange,OverRange,10.94517,15.49352,96.836608
1989/01/01 03:06:00.264,n,108.1975,4.038226,4.36971,0.650587,OverRange,OverRange,OverRange,10.987004,15.460374,96.117008
1989/01/01 03:07:00.266,n,107.72242,5.668168,4.640873,0.76133,OverRange,OverRange,OverRange,10.99259,15.4358,95.443136
2026/05/21 16:01:00.279,n,107.67878,5.577574,4.999078,0.583796,OverRange,OverRange,OverRange,10.946682,15.407982,95.086832
2026/05/21 16:02:00.282,n,107.31556,5.49416,5.090677,0.621683,OverRange,OverRange,OverRange,10.678514,15.37381,95.20884
2026/05/21 16:04:00.416,n,104.87388,3.904279,4.434934,0.73141,OverRange,OverRange,OverRange,10.69566,15.31407,94.083016
2026/05/21 16:05:00.492,n,101.96556,5.754816,5.518502,0.174431,OverRange,OverRange,OverRange,10.747412,15.294776,92.086816
2026/05/21 16:06:00.275,n,98.537464,4.065391,4.897412,0.715906,OverRange,OverRange,OverRange,10.677624,15.276638,89.264368
2026/05/21 16:07:00.532,n,94.86048,4.423465,5.05918,0.603143,OverRange,OverRange,OverRange,10.687526,15.249882,86.126648
2026/05/21 16:08:00.266,n,91.433568,4.145646,4.662674,0.696494,OverRange,OverRange,OverRange,10.771008,15.238134,82.950184
2026/05/21 16:09:00.268,n,88.511384,5.697511,5.089975,0.832995,OverRange,OverRange,OverRange,10.787506,15.214568,80.093264
2026/05/21 16:10:00.270,n,85.97128,6.033986,5.300305,0.793367,OverRange,OverRange,OverRange,10.729672,15.204972,77.654168
2026/05/21 16:11:00.274,n,84.099504,4.242469,4.922013,0.842999,OverRange,OverRange,OverRange,10.782446,15.186738,75.745856
2026/05/21 16:12:00.274,n,83.220896,5.572354,5.223573,0.882095,OverRange,OverRange,OverRange,10.756288,15.175022,74.905768
2026/05/21 16:13:00.263,n,83.041784,4.275182,4.342009,0.610733,OverRange,OverRange,OverRange,10.699458,15.163256,74.827448
2026/05/21 16:14:00.261,n,82.689216,5.567771,4.712619,0.708469,OverRange,OverRange,OverRange,10.713674,15.150384,74.976504
2026/05/21 16:15:00.264,n,81.38516,5.430323,4.950656,0.573496,OverRange,OverRange,OverRange,10.737524,15.127946,74.119192
2026/05/21 16:16:00.266,n,79.66144,4.41881,5.107482,0.885631,OverRange,OverRange,OverRange,10.728888,15.10326,72.51052
2026/05/21 16:17:00.271,n,78.046776,4.430193,4.593812,0.703034,OverRange,OverRange,OverRange,10.728638,15.08726,70.973792
2026/05/21 16:18:00.268,n,76.060416,4.342442,4.427945,0.331709,OverRange,OverRange,OverRange,10.763662,15.099398,69.435944
2026/05/21 16:19:00.273,n,73.6898,4.069274,4.09962,0.070388,OverRange,OverRange,OverRange,10.778494,15.07693,67.488136
2026/05/21 16:20:00.272,n,70.4538,4.113323,4.784173,0.611762,OverRange,OverRange,OverRange,10.842692,15.054474,64.527708
2026/05/21 16:21:00.274,n,67.496328,5.323646,4.563957,0.619654,OverRange,OverRange,OverRange,10.8564,15.035182,61.595276
2026/05/21 16:22:00.260,n,65.128784,4.703917,4.656448,0.745873,OverRange,OverRange,OverRange,10.77115,15.016982,59.337656
2026/05/21 16:23:00.262,n,63.243924,3.873982,4.605893,0.63577,OverRange,OverRange,OverRange,10.66837,14.988044,57.786668
2026/05/21 16:24:00.264,n,61.89188,4.027084,4.237931,0.163965,OverRange,OverRange,OverRange,10.604382,14.9688,56.346264
2026/05/21 16:25:00.266,n,60.941424,5.570275,4.804781,0.80843,OverRange,OverRange,OverRange,10.543956,14.945224,55.268132
2026/05/21 16:26:00.269,n,60.405644,4.267658,4.674213,0.758438,OverRange,OverRange,OverRange,10.468532,14.915194,54.514392
2026/05/21 16:27:00.273,n,59.85806,5.505084,4.398369,0.552232,OverRange,OverRange,OverRange,10.41062,14.877702,53.818252
2026/05/21 16:28:00.272,n,58.762236,4.202344,4.774105,0.792405,OverRange,OverRange,OverRange,10.341512,14.848798,52.71214
2026/05/21 16:29:00.274,n,57.672452,4.774048,4.268877,0.249954,OverRange,OverRange,OverRange,10.355992,14.827078,51.476504
2026/05/21 16:30:00.276,n,57.115748,5.363629,5.539662,0.113241,OverRange,OverRange,OverRange,10.404344,14.794948,50.534636
2026/05/21 16:31:00.263,n,56.70134,5.585415,5.296082,0.469332,OverRange,OverRange,OverRange,10.385784,14.75956,49.771856
2026/05/21 16:32:00.264,n,55.59294,5.691041,5.777502,0.172787,OverRange,OverRange,OverRange,10.277762,14.72844,48.885356
2026/05/21 16:33:00.267,n,54.179456,4.44704,5.223237,0.470932,OverRange,OverRange,OverRange,10.266582,14.68771,47.398712
2026/05/21 16:34:00.268,n,53.140088,4.053746,5.07643,0.745721,OverRange,OverRange,OverRange,10.290746,14.65553,46.289352
2026/05/21 16:35:00.270,n,52.3504,5.705582,5.446068,0.604864,OverRange,OverRange,OverRange,10.254888,14.62332,45.706344
2026/05/21 16:36:00.273,n,51.35106,3.89597,4.867221,0.915865,OverRange,OverRange,OverRange,10.260472,14.593292,44.903208
2026/05/21 16:37:00.273,n,49.99992,5.918925,4.79655,0.778458,OverRange,OverRange,OverRange,10.240148,14.558998,44.047684
2026/05/21 16:38:00.277,n,49.15994,4.112929,4.292961,0.378156,OverRange,OverRange,OverRange,10.24904,14.533224,43.409992
2026/05/21 16:39:00.280,n,48.383848,4.811153,4.435546,0.463807,OverRange,OverRange,OverRange,10.279562,14.496716,42.938156
2026/05/21 16:40:00.263,n,47.555144,4.18307,4.880049,0.817488,OverRange,OverRange,OverRange,10.3121,14.467764,42.54388
2026/05/21 16:41:00.265,n,46.03388,5.933584,4.269546,0.822264,OverRange,OverRange,OverRange,10.338756,14.441976,41.644588
2026/05/21 16:42:00.267,n,44.625136,4.045677,4.572874,0.817137,OverRange,OverRange,OverRange,10.320746,14.416204,40.591032
2026/05/21 16:43:00.270,n,43.559848,4.091476,4.329607,0.516329,OverRange,OverRange,OverRange,10.31922,14.395806,39.731496
2026/05/21 16:44:00.272,n,42.526004,4.187837,5.000265,0.85063,OverRange,OverRange,OverRange,10.313126,14.375424,38.798588
2026/05/21 16:45:00.274,n,41.94634,5.735956,4.359546,0.694159,OverRange,OverRange,OverRange,10.334438,14.35283,38.083164
2026/05/21 16:46:00.276,n,41.224136,4.16016,4.334087,0.516327,OverRange,OverRange,OverRange,10.323792,14.341036,37.321236
2026/05/21 16:47:00.279,n,40.297412,4.213152,4.914243,0.814734,OverRange,OverRange,OverRange,10.298874,14.316306,36.49344
2026/05/21 16:48:00.281,n,38.854544,4.256809,4.715528,0.677196,OverRange,OverRange,OverRange,10.334712,14.306662,35.207636
2026/05/21 16:49:00.265,n,37.19792,5.740089,5.308522,0.72929,OverRange,OverRange,OverRange,10.27829,14.287324,33.72022
2026/05/21 16:50:00.268,n,35.533984,5.048674,4.768569,0.601296,OverRange,OverRange,OverRange,10.1733,14.269046,32.303532
2026/05/21 16:51:00.270,n,33.615628,4.213454,4.679522,0.801082,OverRange,OverRange,OverRange,10.152436,14.256144,30.796828
2026/05/21 16:52:00.271,n,31.45414,5.62172,5.029186,0.780504,OverRange,OverRange,OverRange,10.182698,14.228206,28.938852
2026/05/21 16:53:00.273,n,29.28855,4.844953,4.765424,0.571123,OverRange,OverRange,OverRange,10.14967,14.246596,27.067742
2026/05/21 16:54:00.275,n,28.051214,5.601509,4.392206,0.608893,OverRange,OverRange,OverRange,10.181874,14.220792,25.63851
2026/05/21 16:55:00.278,n,26.830558,5.815325,5.145565,0.828131,OverRange,OverRange,OverRange,10.19077,14.195022,24.480606
2026/05/21 16:56:00.280,n,25.906922,4.148687,4.958752,0.674353,OverRange,OverRange,OverRange,10.168152,14.17782,23.619708
2026/05/21 16:57:00.281,n,25.23347,4.411665,4.564889,0.549372,OverRange,OverRange,OverRange,10.201966,14.148742,22.883292
2026/05/21 16:58:00.267,n,25.009072,5.897901,4.869664,0.83892,OverRange,OverRange,OverRange,10.220516,14.127288,22.568026
2026/05/21 16:59:00.268,n,24.723472,4.506758,4.803771,0.663755,OverRange,OverRange,OverRange,10.199154,14.107934,22.343628
2026/05/21 17:00:00.271,n,24.43749,4.565494,5.011202,0.695914,OverRange,OverRange,OverRange,10.195858,14.081056,22.144488
2026/05/21 17:01:00.272,n,23.939042,5.705606,4.887918,0.702359,OverRange,OverRange,OverRange,10.180344,14.06058,21.753714
2026/05/21 17:02:00.277,n,23.023096,4.238329,4.939324,0.836383,OverRange,OverRange,OverRange,10.171698,14.039078,20.904246
2026/05/21 17:03:00.276,n,22.051606,4.302435,5.23231,0.773739,OverRange,OverRange,OverRange,10.176788,14.015392,19.94625
2026/05/21 17:04:00.278,n,21.010056,5.888005,5.087285,0.823897,OverRange,OverRange,OverRange,10.141668,13.99179,19.059242
2026/05/21 17:05:00.280,n,20.096296,5.717341,4.898774,0.768438,OverRange,OverRange,OverRange,10.080114,13.966998,18.06379
2026/05/21 17:06:00.282,n,19.240658,4.176612,4.858141,0.859513,OverRange,OverRange,OverRange,9.904556,13.94442,17.385562
2026/05/21 17:07:00.267,n,18.43775,4.175637,5.038358,0.789604,OverRange,OverRange,OverRange,9.805528,13.913226,16.798208
2026/05/21 17:08:00.270,n,17.68411,4.284988,5.150553,0.72753,OverRange,OverRange,OverRange,9.82896,13.885226,15.958554
2026/05/21 17:09:00.271,n,16.915714,3.891309,4.691034,0.738356,OverRange,OverRange,OverRange,9.777252,13.873792,15.095522
2026/05/21 17:10:00.275,n,16.51452,4.607454,5.151131,0.70225,OverRange,OverRange,OverRange,9.812718,13.842566,14.51115
2026/05/21 17:11:00.276,n,15.97386,4.609252,4.906305,0.760064,OverRange,OverRange,OverRange,9.847096,13.818882,13.975412
2026/05/21 17:12:00.277,n,15.406896,4.356197,5.285682,0.492184,OverRange,OverRange,OverRange,9.798234,13.78549,13.371588
2026/05/21 17:13:00.282,n,15.108596,5.215976,4.470939,0.383081,OverRange,OverRange,OverRange,9.72488,13.757476,12.967846
2026/05/21 17:14:00.283,n,14.626056,4.293508,4.424618,0.40882,OverRange,OverRange,OverRange,9.718994,13.728432,12.521184
2026/05/21 17:15:00.286,n,14.20202,5.928314,5.159335,0.780105,OverRange,OverRange,OverRange,9.682598,13.701508,12.051144
2026/05/21 17:16:00.269,n,13.912446,5.568884,4.803005,0.58478,OverRange,OverRange,OverRange,9.663748,13.669178,11.645268
2026/05/21 17:17:00.271,n,13.576298,5.738462,5.183817,0.737382,OverRange,OverRange,OverRange,9.650514,13.642238,11.2934
2026/05/21 17:18:00.273,n,13.236814,5.838849,5.553192,0.644671,OverRange,OverRange,OverRange,9.635464,13.617462,10.889228
2026/05/21 17:19:00.277,n,13.064248,4.597664,4.981916,0.682063,OverRange,OverRange,OverRange,9.592916,13.588356,10.615004
2026/05/21 17:20:00.260,n,12.648938,4.724315,4.894766,0.709102,OverRange,OverRange,OverRange,9.580684,13.563568,10.154434
2026/05/21 17:21:00.263,n,12.464698,4.215898,5.224632,0.735295,OverRange,OverRange,OverRange,9.580434,13.550636,9.84318
2026/05/21 17:22:00.315,n,11.929042,6.078257,5.706784,0.304683,OverRange,OverRange,OverRange,9.523392,13.523646,9.427064
2026/05/21 17:23:00.331,n,11.557354,6.252786,5.616418,0.690616,OverRange,OverRange,OverRange,9.497804,13.501008,8.935012
2026/05/21 17:24:00.317,n,10.969094,5.766662,5.029669,0.872728,OverRange,OverRange,OverRange,9.497554,13.48161,8.462328
2026/05/21 17:25:00.338,n,10.357482,4.306239,4.861146,0.719766,OverRange,OverRange,OverRange,9.492474,13.459004,7.974029
2026/05/21 17:26:00.273,n,9.730476,6.005681,5.048654,0.795037,OverRange,OverRange,OverRange,9.501354,13.440648,7.466021
2026/05/21 17:27:00.348,n,9.180322,4.878973,5.110421,0.723336,OverRange,OverRange,OverRange,9.498816,13.41586,7.04163
2026/05/21 17:28:00.316,n,8.626574,5.874922,5.168925,0.828085,OverRange,OverRange,OverRange,9.501852,13.392116,6.587972
2026/05/21 17:29:00.309,n,8.207414,4.272529,4.840873,0.776996,OverRange,OverRange,OverRange,9.50591,13.372668,6.276376
2026/05/21 17:30:00.315,n,7.948118,4.397522,5.130252,0.736357,OverRange,OverRange,OverRange,9.516546,13.375242,6.093361
2026/05/21 17:31:00.267,n,8.024585,5.116455,4.880429,0.716532,OverRange,OverRange,OverRange,9.529938,13.347198,6.237128
2026/05/21 17:32:00.378,n,7.504967,4.118039,4.856741,0.787045,OverRange,OverRange,OverRange,9.527166,13.327784,5.962818
2026/05/21 17:33:00.399,n,6.746195,5.752151,5.284588,0.823406,OverRange,OverRange,OverRange,9.526398,13.310504,5.439111
2026/05/21 17:34:00.327,n,6.007694,5.805639,5.675505,0.631393,OverRange,OverRange,OverRange,9.487382,13.291074,4.783326
2026/05/21 17:35:00.322,n,5.046848,5.779404,5.453333,0.633119,OverRange,OverRange,OverRange,9.454686,13.26733,4.043668
2026/05/21 17:36:00.371,n,4.153231,5.686332,5.735205,0.502162,OverRange,OverRange,OverRange,9.447088,13.24466,3.259218
2026/05/21 17:37:00.261,n,3.26526,5.673063,5.836203,0.115852,OverRange,OverRange,OverRange,9.446834,13.223064,2.47451
2026/05/21 17:38:00.264,n,2.511364,4.247659,4.592749,0.528591,OverRange,OverRange,OverRange,9.456732,13.202544,1.77504
2026/05/21 17:39:00.266,n,1.710381,5.709078,4.899549,0.776943,OverRange,OverRange,OverRange,9.47522,13.178766,1.090843
2026/05/21 17:40:00.267,n,1.052581,5.521161,5.647423,0.104845,OverRange,OverRange,OverRange,9.45925,13.158278,0.526864
2026/05/21 17:41:00.491,n,0.593649,5.734329,5.206734,0.709147,OverRange,OverRange,OverRange,9.441504,13.137712,0.052644
2026/05/21 17:42:00.409,n,0.29227,4.40739,5.029664,0.640866,OverRange,OverRange,OverRange,9.4106,13.1183,-0.276188
2026/05/21 17:43:00.259,n,-0.099305,6.062233,5.637383,0.681692,OverRange,OverRange,OverRange,9.39058,13.096722,-0.562187
2026/05/21 17:44:00.260,n,-0.347952,4.283616,5.56435,0.70671,OverRange,OverRange,OverRange,9.364964,13.07617,-0.900489
2026/05/21 17:45:00.431,n,-0.643558,4.711663,4.69171,0.570409,OverRange,OverRange,OverRange,9.373088,13.061072,-1.073778
2026/05/21 17:46:00.368,n,-1.014733,6.129545,5.715739,0.630394,OverRange,OverRange,OverRange,9.37028,13.038372,-1.394845
2026/05/21 17:47:00.335,n,-1.164203,4.255455,5.131819,0.855369,OverRange,OverRange,OverRange,9.373608,13.021126,-1.628457
2026/05/21 17:48:00.267,n,-1.52691,5.779268,5.041864,0.868931,OverRange,OverRange,OverRange,9.360922,12.999468,-1.924268
2026/05/21 17:49:00.270,n,-1.705248,4.549542,4.853642,0.720057,OverRange,OverRange,OverRange,9.339122,12.975692,-2.109076
2026/05/21 17:50:00.271,n,-1.96865,4.259132,4.950034,0.830445,OverRange,OverRange,OverRange,9.343684,12.960434,-2.368029
2026/05/21 17:51:00.462,n,-2.150068,5.723848,5.250131,0.762924,OverRange,OverRange,OverRange,9.355088,12.94651,-2.51026
2026/05/21 17:52:00.258,n,-2.36664,5.774236,5.175018,0.764396,OverRange,OverRange,OverRange,9.340138,12.91964,-2.732098
2026/05/21 17:53:00.261,n,-2.384217,4.204951,4.329853,0.241098,OverRange,OverRange,OverRange,9.322642,12.900342,-2.755476
2026/05/21 17:54:00.263,n,-2.706125,5.867559,4.868953,0.897539,OverRange,OverRange,OverRange,9.318822,12.883148,-2.985334
2026/05/21 17:55:00.264,n,-2.650442,4.812928,4.967104,0.772492,OverRange,OverRange,OverRange,9.32722,12.896972,-3.125518
2026/05/21 17:56:00.268,n,-2.574873,4.263443,5.070931,0.76752,OverRange,OverRange,OverRange,9.363888,12.884074,-3.020572
2026/05/21 17:57:00.269,n,-2.627604,5.414195,5.227785,0.588891,OverRange,OverRange,OverRange,9.350454,12.874388,-3.06912
2026/05/21 17:58:00.273,n,-2.689189,5.734825,5.257259,0.798272,OverRange,OverRange,OverRange,9.349452,12.862598,-3.127736
2026/05/21 17:59:00.274,n,-2.861626,5.98944,5.38335,0.637729,OverRange,OverRange,OverRange,9.346664,12.85185,-3.291299
2026/05/21 18:00:00.275,n,-2.917179,5.665171,5.382674,0.593935,OverRange,OverRange,OverRange,9.36999,12.844342,-3.40435
2026/05/21 18:01:00.261,n,-3.110529,5.573152,4.864641,0.779398,OverRange,OverRange,OverRange,9.367188,12.830338,-3.414077
2026/05/21 18:02:00.264,n,-3.110529,5.778009,4.948829,0.762986,OverRange,OverRange,OverRange,9.356294,12.821772,-3.462625
2026/05/21 18:03:00.264,n,-3.151457,4.792033,4.845282,0.654564,OverRange,OverRange,OverRange,9.347932,12.817474,-3.472352
2026/05/21 18:04:00.267,n,-3.095903,5.628866,5.09737,0.600514,OverRange,OverRange,OverRange,9.367448,12.8078,-3.466636
2026/05/21 18:05:00.267,n,-3.180838,6.155167,4.903948,0.780963,OverRange,OverRange,OverRange,9.344122,12.798178,-3.5366
2026/05/21 18:06:00.270,n,-3.198159,4.374194,5.093391,0.804413,OverRange,OverRange,OverRange,9.329666,12.78844,-3.597008
2026/05/21 18:07:00.272,n,-3.247939,3.974557,5.326537,0.674649,OverRange,OverRange,OverRange,9.325104,12.775542,-3.618423
2026/05/21 18:08:00.276,n,-3.291947,4.089862,5.284106,0.599469,OverRange,OverRange,OverRange,9.314448,12.764828,-3.64001
2026/05/21 18:09:00.277,n,-3.288996,5.688239,5.194969,0.881025,OverRange,OverRange,OverRange,9.325612,12.75514,-3.622604
2026/05/21 18:10:00.262,n,-3.280143,6.013439,5.923283,0.146628,OverRange,OverRange,OverRange,9.309892,12.741168,-3.727465
2026/05/21 18:11:00.263,n,-3.251019,4.381131,4.571995,0.37381,OverRange,OverRange,OverRange,9.294684,12.72399,-3.7354
2026/05/21 18:12:00.268,n,-3.438467,4.896765,4.506536,0.595195,OverRange,OverRange,OverRange,9.286804,12.712136,-3.686767
2026/05/21 18:13:00.268,n,-3.441289,5.437692,4.764292,0.496324,OverRange,OverRange,OverRange,9.296188,12.701386,-3.793846
2026/05/21 18:14:00.270,n,-3.391508,5.188207,4.983498,0.66186,OverRange,OverRange,OverRange,9.29189,12.688492,-3.745383
2026/05/21 18:15:00.273,n,-3.379961,5.86244,4.923318,0.675705,OverRange,OverRange,OverRange,9.305584,12.67667,-3.741202
2026/05/21 18:16:00.275,n,-3.412036,3.713837,4.693041,0.788103,OverRange,OverRange,OverRange,9.292384,12.663774,-3.778232
2026/05/21 18:17:00.276,n,-3.482345,5.196407,4.341748,0.553915,OverRange,OverRange,OverRange,9.28478,12.647654,-3.7354
2026/05/21 18:18:00.278,n,-3.435387,5.621404,5.585163,0.341452,OverRange,OverRange,OverRange,9.292654,12.63259,-3.750928
2026/05/21 18:19:00.265,n,-3.315297,5.074555,4.686233,0.615764,OverRange,OverRange,OverRange,9.288356,12.619696,-3.754939
2026/05/21 18:20:00.266,n,-3.330181,5.670936,5.268718,0.55144,OverRange,OverRange,OverRange,9.28123,12.604618,-3.729513
2026/05/21 18:21:00.268,n,-3.359305,3.95923,4.301708,0.615029,OverRange,OverRange,OverRange,9.279454,12.59283,-3.655624
2026/05/21 18:22:00.271,n,-3.444112,5.662331,4.772904,0.695675,OverRange,OverRange,OverRange,9.271586,12.577734,-3.751014
2026/05/21 18:23:00.274,n,-3.347629,4.355969,4.663656,0.574065,OverRange,OverRange,OverRange,9.269568,12.572376,-3.72755
2026/05/21 18:24:00.275,n,-3.435387,5.602134,4.699247,0.677729,OverRange,OverRange,OverRange,9.30836,12.555182,-3.725673
2026/05/21 18:25:00.276,n,-3.359433,4.171586,4.866709,0.6976,OverRange,OverRange,OverRange,9.31572,12.54551,-3.801695
2026/05/21 18:26:00.277,n,-3.39138,4.627952,5.057303,0.349023,OverRange,OverRange,OverRange,9.308874,12.536864,-3.805534
2026/05/21 18:27:00.282,n,-3.388558,4.442353,5.170928,0.606816,OverRange,OverRange,OverRange,9.277182,12.525044,-3.77243
2026/05/21 18:28:00.266,n,-3.350324,5.556611,5.287111,0.696742,OverRange,OverRange,OverRange,9.26475,12.516414,-3.755024
2026/05/21 18:29:00.270,n,-3.268596,4.689188,5.387469,0.443021,OverRange,OverRange,OverRange,9.244238,12.502444,-3.669275
2026/05/21 18:30:00.269,n,-3.289124,4.221632,4.441396,0.146383,OverRange,OverRange,OverRange,9.258662,12.493862,-3.708268
2026/05/21 18:31:00.272,n,-3.394331,4.271654,4.690909,0.716824,OverRange,OverRange,OverRange,9.274624,12.488442,-3.70622
2026/05/21 18:32:00.274,n,-3.373931,4.373137,5.067891,0.734919,OverRange,OverRange,OverRange,9.280732,12.479876,-3.661341
2026/05/21 18:33:00.276,n,-3.403441,4.783464,4.746252,0.716396,OverRange,OverRange,OverRange,9.303808,12.475546,-3.704257
2026/05/21 18:34:00.279,n,-3.309524,4.471335,5.229197,0.559751,OverRange,OverRange,OverRange,9.290356,12.475546,-3.690691
2026/05/21 18:35:00.286,n,-3.40049,5.477877,4.58793,0.48007,OverRange,OverRange,OverRange,9.258392,12.47662,-3.774392
2026/05/21 18:36:00.282,n,-3.487991,4.708712,5.304798,0.567993,OverRange,OverRange,OverRange,9.247254,12.473378,-3.776355
2026/05/21 18:37:00.267,n,-3.502617,4.191116,5.200253,0.716916,OverRange,OverRange,OverRange,9.25587,12.470138,-3.790007
2026/05/21 18:38:00.273,n,-3.505568,5.497252,5.505394,0.600882,OverRange,OverRange,OverRange,9.255362,12.470138,-3.828998
2026/05/21 18:39:00.271,n,-3.452836,5.483045,5.239713,0.658305,OverRange,OverRange,OverRange,9.255122,12.493048,-3.860141
2026/05/21 18:40:00.274,n,-2.9753,4.452951,5.178395,0.763262,OverRange,OverRange,OverRange,9.278468,12.48551,-3.49172
2026/05/21 18:41:00.277,n,-3.019307,4.43908,4.917083,0.684591,OverRange,OverRange,OverRange,9.287842,12.479046,-3.472096
2026/05/21 18:42:00.279,n,-3.130416,4.467549,5.192959,0.589305,OverRange,OverRange,OverRange,9.292166,12.472582,-3.534467
2026/05/21 18:43:00.281,n,-3.036884,4.487186,4.941025,0.560541,OverRange,OverRange,OverRange,9.296468,12.476896,-3.629942
2026/05/21 18:44:00.282,n,-3.080635,4.684185,5.42764,0.573261,OverRange,OverRange,OverRange,9.308136,12.463968,-3.588987
2026/05/21 18:45:00.285,n,-3.007504,4.200681,4.335594,0.291452,OverRange,OverRange,OverRange,9.30357,12.465076,-3.522692
2026/05/21 18:46:00.270,n,-3.063186,4.48791,4.880234,0.731961,OverRange,OverRange,OverRange,9.296214,12.451072,-3.458615
2026/05/21 18:47:00.270,n,-3.107065,5.449584,4.498851,0.590295,OverRange,OverRange,OverRange,9.289358,12.448908,-3.516976
2026/05/21 18:48:00.272,n,-3.051382,5.39933,5.190374,0.471784,OverRange,OverRange,OverRange,9.289622,12.44355,-3.546155
2026/05/21 18:49:00.274,n,-2.998651,4.315348,4.909737,0.565829,OverRange,OverRange,OverRange,9.314714,12.433862,-3.624055
2026/05/21 18:50:00.278,n,-3.045481,4.691777,5.246032,0.659601,OverRange,OverRange,OverRange,9.332234,12.427382,-3.641716
2026/05/21 18:51:00.280,n,-3.145171,4.20892,4.477814,0.584702,OverRange,OverRange,OverRange,9.314214,12.423084,-3.715605
2026/05/21 18:52:00.264,n,-3.262053,4.242516,4.689712,0.708704,OverRange,OverRange,OverRange,9.302548,12.413412,-3.748796
2026/05/21 18:53:00.282,n,-3.18302,4.412858,4.553078,0.546593,OverRange,OverRange,OverRange,9.259196,12.401558,-3.834544
2026/05/21 18:54:00.269,n,-3.241781,5.457607,5.289346,0.503106,OverRange,OverRange,OverRange,9.267798,12.399408,-3.793504
2026/05/21 18:55:00.269,n,-3.194695,5.76306,5.056028,0.599263,OverRange,OverRange,OverRange,9.269078,12.389736,-3.815005
2026/05/21 18:56:00.272,n,-3.28566,4.483336,4.748585,0.910897,OverRange,OverRange,OverRange,9.268834,12.377918,-3.836336
2026/05/21 18:57:00.257,n,-3.306317,4.620421,4.911655,0.721227,OverRange,OverRange,OverRange,9.28479,12.367124,-3.858008
2026/05/21 18:58:00.258,n,-3.376497,4.068178,5.082877,0.824208,OverRange,OverRange,OverRange,9.290152,12.362808,-3.918415
2026/05/21 18:59:00.264,n,-3.443599,4.258879,5.025908,0.929192,OverRange,OverRange,OverRange,9.307118,12.359568,-3.990257
2026/05/21 19:00:00.263,n,-3.443599,4.292769,4.919144,0.835086,OverRange,OverRange,OverRange,9.298248,12.347748,-3.984284
2026/05/21 19:01:00.266,n,-3.467078,4.961425,4.955977,0.722498,OverRange,OverRange,OverRange,9.299764,12.338026,-3.953398
2026/05/21 19:02:00.267,n,-3.689551,3.953213,5.436751,0.82202,OverRange,OverRange,OverRange,9.26349,12.330504,-4.093582
2026/05/21 19:03:00.269,n,-3.733302,4.835575,4.782815,0.691488,OverRange,OverRange,OverRange,9.250056,12.32404,-4.06244
2026/05/21 19:04:00.271,n,-3.871098,4.377718,5.059388,0.871087,OverRange,OverRange,OverRange,9.22876,12.305758,-4.181463
2026/05/21 19:05:00.257,n,-3.847618,3.800593,4.911566,0.771098,OverRange,OverRange,OverRange,9.233562,12.301458,-4.154076
2026/05/21 19:06:00.259,n,-3.853521,5.189291,5.143163,0.799895,OverRange,OverRange,OverRange,9.217332,12.284184,-4.267128
2026/05/21 19:07:00.261,n,-3.87392,4.190823,4.841933,0.746388,OverRange,OverRange,OverRange,9.222912,12.276662,-4.259277
2026/05/21 19:08:00.264,n,-3.745106,5.707765,5.354283,0.575851,OverRange,OverRange,OverRange,9.210734,12.2659,-4.272929
2026/05/21 19:09:00.265,n,-3.803611,4.030545,4.715086,0.54023,OverRange,OverRange,OverRange,9.213786,12.264808,-4.319686
2026/05/21 19:10:00.267,n,-3.715982,5.647195,4.767169,0.826397,OverRange,OverRange,OverRange,9.223674,12.25727,-4.22421
2026/05/21 19:11:00.320,n,-3.830041,5.756451,5.459339,0.642072,OverRange,OverRange,OverRange,9.219122,12.252974,-4.317552
2026/05/21 19:12:00.319,n,-3.730608,4.412164,5.377752,0.769022,OverRange,OverRange,OverRange,9.195776,12.258378,-4.307997
2026/05/21 19:13:00.337,n,-3.742412,5.604107,4.819987,0.753595,OverRange,OverRange,OverRange,9.169642,12.25408,-4.296307
2026/05/21 19:14:00.317,n,-3.748057,4.137867,4.779936,0.765198,OverRange,OverRange,OverRange,9.182078,12.249732,-4.321647
2026/05/21 19:15:00.348,n,-3.598715,4.176278,4.813476,0.688372,OverRange,OverRange,OverRange,9.179536,12.251912,-4.282656
2026/05/21 19:16:00.351,n,-3.622194,5.657318,5.096951,0.653059,OverRange,OverRange,OverRange,9.189682,12.25408,-4.259278
2026/05/21 19:17:00.265,n,-3.493251,4.546462,4.783265,0.561669,OverRange,OverRange,OverRange,9.194234,12.249732,-4.155867
2026/05/21 19:18:00.268,n,-3.499281,5.756242,5.353138,0.727062,OverRange,OverRange,OverRange,9.207942,12.249732,-4.155952
2026/05/21 19:19:00.268,n,-3.449629,4.283528,4.903733,0.781441,OverRange,OverRange,OverRange,9.211742,12.244344,-4.15015
2026/05/21 19:20:00.273,n,-3.464127,5.631285,4.967717,0.785916,OverRange,OverRange,OverRange,9.213284,12.249732,-4.091705
2026/05/21 19:21:00.272,n,-3.490428,4.248109,4.782141,0.853376,OverRange,OverRange,OverRange,9.224172,12.244344,-4.11696
2026/05/21 19:22:00.259,n,-3.446678,4.510502,5.129619,0.599975,OverRange,OverRange,OverRange,9.236862,12.242194,-4.05459
2026/05/21 19:23:00.262,n,-3.463999,5.740694,5.082896,0.776788,OverRange,OverRange,OverRange,9.229264,12.238986,-4.031212
2026/05/21 19:24:00.265,n,-3.513908,5.444513,4.892936,0.615858,OverRange,OverRange,OverRange,9.219112,12.237914,-4.045034
2026/05/21 19:25:00.265,n,-3.610518,5.956218,5.047501,0.858473,OverRange,OverRange,OverRange,9.215312,12.232492,-4.109196
2026/05/21 19:26:00.267,n,-3.434874,4.401573,5.032913,0.726869,OverRange,OverRange,OverRange,9.22164,12.231416,-4.097678
2026/05/21 19:27:00.271,n,-3.505311,4.924787,5.267838,0.540284,OverRange,OverRange,OverRange,9.23255,12.227102,-4.121141
2026/05/21 19:28:00.273,n,-3.437697,5.567802,4.740124,0.629777,OverRange,OverRange,OverRange,9.245764,12.223878,-3.98838
2026/05/21 19:29:00.272,n,-3.473108,4.527836,4.799153,0.561732,OverRange,OverRange,OverRange,9.234578,12.21852,-4.052713
2026/05/21 19:30:00.274,n,-3.461304,4.39498,4.786762,0.675458,OverRange,OverRange,OverRange,9.239416,12.214174,-3.924132
2026/05/21 19:31:00.261,n,-3.440647,4.555747,5.09083,0.751214,OverRange,OverRange,OverRange,9.248022,12.212026,-3.959114
2026/05/21 19:32:00.262,n,-3.434874,4.527768,4.987003,0.834684,OverRange,OverRange,OverRange,9.254624,12.209858,-4.11696
2026/05/21 19:33:00.263,n,-3.446678,4.113975,5.051874,0.751853,OverRange,OverRange,OverRange,9.276948,12.200172,-4.117046
2026/05/21 19:34:00.266,n,-3.402799,5.514832,5.106855,0.829533,OverRange,OverRange,OverRange,9.2706,12.20128,-4.142472
2026/05/21 19:35:00.267,n,-3.405622,5.442117,4.962811,0.593382,OverRange,OverRange,OverRange,9.274664,12.19589,-4.040853
2026/05/21 19:36:00.273,n,-3.361871,4.867914,5.396733,0.640451,OverRange,OverRange,OverRange,9.27237,12.19589,-4.099384
2026/05/21 19:37:00.272,n,-3.437825,5.438193,4.814573,0.63412,OverRange,OverRange,OverRange,9.264786,12.191608,-4.021485
2026/05/21 19:38:00.274,n,-3.4291,5.775275,5.494725,0.484684,OverRange,OverRange,OverRange,9.250036,12.189428,-4.015768
2026/05/21 19:39:00.276,n,-3.326845,5.517095,5.135975,0.713205,OverRange,OverRange,OverRange,9.25766,12.184006,-3.968841
2026/05/21 19:40:00.261,n,-3.402799,4.1537,4.682844,0.652423,OverRange,OverRange,OverRange,9.271378,12.200546,-3.898877
2026/05/21 19:41:00.271,n,-3.157102,4.285918,4.70299,0.642943,OverRange,OverRange,OverRange,9.281006,12.18876,-3.752976
2026/05/21 19:42:00.265,n,-3.083586,4.28049,5.007942,0.562424,OverRange,OverRange,OverRange,9.260972,12.186578,-3.743164
2026/05/21 19:43:00.272,n,-3.189306,5.829858,5.133268,0.546227,OverRange,OverRange,OverRange,9.268342,12.183338,-3.813384
2026/05/21 19:44:00.270,n,-3.110145,4.473804,4.7068,0.615831,OverRange,OverRange,OverRange,9.281006,12.182264,-3.789921
2026/05/21 19:45:00.272,n,-3.195208,4.508362,5.089357,0.513754,OverRange,OverRange,OverRange,9.29598,12.18876,-3.751099
2026/05/21 19:46:00.274,n,-3.054718,5.819766,5.167101,0.549217,OverRange,OverRange,OverRange,9.286346,12.191968,-3.758949
2026/05/21 19:47:00.277,n,-3.048688,4.537655,5.194706,0.587106,OverRange,OverRange,OverRange,9.28381,12.196266,-3.757072
2026/05/21 19:48:00.278,n,-3.189563,4.574445,5.151305,0.478521,OverRange,OverRange,OverRange,9.284298,12.194082,-3.790006
2026/05/21 19:49:00.263,n,-3.119125,4.535134,5.183349,0.732984,OverRange,OverRange,OverRange,9.28506,12.205968,-3.770553
2026/05/21 19:50:00.266,n,-3.227155,5.645652,5.118778,0.776778,OverRange,OverRange,OverRange,9.277212,12.20382,-3.762703
2026/05/21 19:51:00.269,n,-3.20406,4.313595,5.211767,0.678121,OverRange,OverRange,OverRange,9.26707,12.205968,-3.793846
2026/05/21 19:52:00.268,n,-3.215608,4.251433,5.125547,0.749184,OverRange,OverRange,OverRange,9.266552,12.211358,-3.80161
2026/05/21 19:53:00.271,n,-3.277064,5.68689,5.147621,0.765043,OverRange,OverRange,OverRange,9.272136,12.228292,-3.828913
2026/05/21 19:54:00.272,n,-3.245374,4.161857,4.86991,0.680529,OverRange,OverRange,OverRange,9.266078,12.208882,-3.798026
2026/05/21 19:55:00.274,n,-3.394459,5.843027,5.220653,0.759506,OverRange,OverRange,OverRange,9.238942,12.208882,-3.889491
2026/05/21 19:56:00.277,n,-3.271675,4.232278,5.04194,0.797248,OverRange,OverRange,OverRange,9.238684,12.206768,-3.868161
2026/05/21 19:57:00.278,n,-3.333388,4.30733,4.598048,0.678958,OverRange,OverRange,OverRange,9.236914,12.204584,-3.874048
2026/05/21 19:58:00.264,n,-3.37701,4.226705,4.53315,0.509713,OverRange,OverRange,OverRange,9.241486,12.198106,-3.819528
2026/05/21 19:59:00.266,n,-3.514549,4.194591,4.880786,0.643164,OverRange,OverRange,OverRange,9.252142,12.198106,-3.922596
2026/05/21 20:00:00.268,n,-3.587937,5.640864,5.309147,0.481611,OverRange,OverRange,OverRange,9.243744,12.18088,-3.952118
2026/05/21 20:01:00.270,n,-3.573311,4.960224,4.910278,0.574399,OverRange,OverRange,OverRange,9.219162,12.17979,-4.043498
2026/05/21 20:02:00.272,n,-3.649265,3.940556,4.60866,0.628712,OverRange,OverRange,OverRange,9.207754,12.170102,-4.074726
2026/05/21 20:03:00.273,n,-3.830811,5.842196,5.495185,0.488297,OverRange,OverRange,OverRange,9.21637,12.16468,-4.146823
2026/05/21 20:04:00.275,n,-3.795913,5.394912,5.379756,0.506528,OverRange,OverRange,OverRange,9.20165,12.149652,-4.261752
2026/05/21 20:05:00.278,n,-3.916003,4.78949,4.867818,0.757798,OverRange,OverRange,OverRange,9.20013,12.142082,-4.384616
2026/05/21 20:06:00.280,n,-3.962704,4.566964,4.95706,0.57178,OverRange,OverRange,OverRange,9.178076,12.129124,-4.415758
2026/05/21 20:07:00.265,n,-4.091262,4.500361,5.57571,0.56546,OverRange,OverRange,OverRange,9.162588,12.125916,-4.501592
2026/05/21 20:08:00.268,n,-4.012485,5.494838,4.590524,0.568297,OverRange,OverRange,OverRange,9.153454,12.120558,-4.462429
2026/05/21 20:09:00.269,n,-4.109224,4.714535,5.098822,0.649679,OverRange,OverRange,OverRange,9.13645,12.106526,-4.546301
2026/05/21 20:10:00.273,n,-4.082794,4.350425,5.127677,0.607748,OverRange,OverRange,OverRange,9.13063,12.093568,-4.499544
2026/05/21 20:11:00.276,n,-4.091519,5.691995,5.394122,0.473073,OverRange,OverRange,OverRange,9.151942,12.081714,-4.587
2026/05/21 20:12:00.275,n,-4.082666,5.68276,5.330777,0.534023,OverRange,OverRange,OverRange,9.148388,12.074192,-4.59101
2026/05/21 20:13:00.278,n,-3.974252,4.777926,5.211901,0.700662,OverRange,OverRange,OverRange,9.133678,12.063398,-4.59502
2026/05/21 20:14:00.281,n,-3.985799,5.615642,5.074386,0.648873,OverRange,OverRange,OverRange,9.141796,12.055876,-4.593142
2026/05/21 20:15:00.281,n,-3.912924,4.520883,4.608596,0.404781,OverRange,OverRange,OverRange,9.145346,12.052622,-4.470364
2026/05/21 20:16:00.266,n,-3.798864,4.040082,4.489228,0.640771,OverRange,OverRange,OverRange,9.152446,12.045066,-4.462429
2026/05/21 20:17:00.270,n,-3.713672,5.53405,5.044787,0.666217,OverRange,OverRange,OverRange,9.142552,12.03756,-4.450825
2026/05/21 20:18:00.270,n,-3.485296,5.676562,5.122683,0.661419,OverRange,OverRange,OverRange,9.133682,12.033214,-4.337859
2026/05/21 20:19:00.273,n,-3.459123,4.521872,4.77398,0.574872,OverRange,OverRange,OverRange,9.158296,12.028886,-4.298867
2026/05/21 20:20:00.276,n,-3.421018,4.233063,4.797122,0.70057,OverRange,OverRange,OverRange,9.14737,12.026718,-4.176088
2026/05/21 20:21:00.276,n,-3.465025,4.268788,4.501429,0.725338,OverRange,OverRange,OverRange,9.167684,12.027826,-4.111585
2026/05/21 20:22:00.279,n,-3.35366,4.529747,4.694042,0.604043,OverRange,OverRange,OverRange,9.148642,12.031034,-4.064913
2026/05/21 20:23:00.280,n,-3.365335,5.228795,4.925052,0.558452,OverRange,OverRange,OverRange,9.142304,12.03538,-4.018157
2026/05/21 20:24:00.283,n,-3.494021,4.223918,4.871674,0.678699,OverRange,OverRange,OverRange,9.15474,12.039678,-4.129417
2026/05/21 20:25:00.267,n,-3.511726,5.822313,5.295492,0.864851,OverRange,OverRange,OverRange,9.18161,12.041812,-4.090425
2026/05/21 20:26:00.271,n,-3.394844,4.06235,5.08516,0.900353,OverRange,OverRange,OverRange,9.195578,12.046126,-4.08249
2026/05/21 20:27:00.273,n,-3.365463,4.284958,5.104296,0.621347,OverRange,OverRange,OverRange,9.179098,12.051546,-4.05715
2026/05/21 20:28:00.274,n,-3.38009,4.500919,5.541797,0.52001,OverRange,OverRange,OverRange,9.179592,12.05477,-4.156635
2026/05/21 20:29:00.277,n,-3.309652,5.482845,5.328344,0.649925,OverRange,OverRange,OverRange,9.194286,12.05695,-4.105954
2026/05/21 20:30:00.278,n,-3.412293,6.120467,5.668509,0.678355,OverRange,OverRange,OverRange,9.218156,12.061234,-4.160304
2026/05/21 20:31:00.280,n,-3.350709,5.431635,4.60734,0.656853,OverRange,OverRange,OverRange,9.208772,12.059084,-4.002543
2026/05/21 20:32:00.281,n,-3.277449,5.067085,5.020027,0.539733,OverRange,OverRange,OverRange,9.19278,12.057978,-4.033942
2026/05/21 20:33:00.285,n,-3.283351,4.295234,4.764068,0.535313,OverRange,OverRange,OverRange,9.212048,12.06234,-4.053225
2026/05/21 20:34:00.272,n,-3.301056,4.258166,5.198014,0.682128,OverRange,OverRange,OverRange,9.234894,12.063398,-4.026092
2026/05/21 20:35:00.271,n,-3.254098,4.566736,4.897936,0.769097,OverRange,OverRange,OverRange,9.241984,12.064442,-3.971401
2026/05/21 20:36:00.273,n,-3.227796,4.461999,5.037539,0.706409,OverRange,OverRange,OverRange,9.237416,12.065548,-3.897512
2026/05/21 20:37:00.276,n,-3.218944,5.754796,5.015936,0.752196,OverRange,OverRange,OverRange,9.245286,12.063398,-3.910907
2026/05/21 20:38:00.277,n,-3.204317,5.831221,5.035856,0.824637,OverRange,OverRange,OverRange,9.227276,12.059084,-3.91688
2026/05/21 20:39:00.278,n,-3.277577,4.333288,5.014137,0.926042,OverRange,OverRange,OverRange,9.226518,12.064442,-3.988891
2026/05/21 20:40:00.280,n,-3.245245,5.643773,5.151325,0.725899,OverRange,OverRange,OverRange,9.249084,12.063398,-4.014147
2026/05/21 20:41:00.282,n,-3.239472,4.426558,4.553847,0.619487,OverRange,OverRange,OverRange,9.264836,12.064442,-3.942306
2026/05/21 20:42:00.269,n,-3.315555,5.98966,5.235911,0.693563,OverRange,OverRange,OverRange,9.25137,12.069862,-3.893331
2026/05/21 20:43:00.271,n,-3.222023,5.618304,4.873141,0.677871,OverRange,OverRange,OverRange,9.248074,12.066622,-4.014318
2026/05/21 20:44:00.272,n,-3.292075,4.266951,4.762771,0.672502,OverRange,OverRange,OverRange,9.259984,12.065548,-3.95391
2026/05/21 20:45:00.258,n,-3.227796,5.573104,5.18133,0.770785,OverRange,OverRange,OverRange,9.273174,12.074192,-3.969438
2026/05/21 20:46:00.260,n,-3.227668,4.052859,4.741104,0.732646,OverRange,OverRange,OverRange,9.281816,12.068802,-3.981298
2026/05/21 20:47:00.263,n,-3.248068,4.323303,5.06241,0.759697,OverRange,OverRange,OverRange,9.281296,12.070936,-3.951862
2026/05/21 20:48:00.264,n,-3.198415,4.279293,4.915048,0.747591,OverRange,OverRange,OverRange,9.270126,12.078506,-3.836933
2026/05/21 20:49:00.265,n,-3.298234,5.440027,5.141475,0.779862,OverRange,OverRange,OverRange,9.24705,12.075284,-3.883689
2026/05/21 20:50:00.268,n,-3.204189,5.690646,5.114327,0.667955,OverRange,OverRange,OverRange,9.250096,12.079548,-3.920804
2026/05/21 20:51:00.269,n,-3.145812,4.167011,4.913888,0.624194,OverRange,OverRange,OverRange,9.27978,12.074192,-3.922767
2026/05/21 20:52:00.272,n,-3.207268,4.061194,4.982082,0.660221,OverRange,OverRange,OverRange,9.287644,12.073118,-3.879765
2026/05/21 20:53:00.257,n,-3.119382,5.769219,5.012206,0.826666,OverRange,OverRange,OverRange,9.300564,12.079548,-3.899304
2026/05/21 20:54:00.259,n,-2.978764,5.319594,5.18549,0.6861,OverRange,OverRange,OverRange,9.318578,12.079548,-3.805876
2026/05/21 20:55:00.260,n,-2.97004,4.410371,4.945363,0.721441,OverRange,OverRange,OverRange,9.332022,12.08064,-3.799989
2026/05/21 20:56:00.262,n,-2.946689,5.750259,5.287712,0.804955,OverRange,OverRange,OverRange,9.332016,12.083896,-3.761082
2026/05/21 20:57:00.266,n,-2.958364,5.888758,5.043732,0.847179,OverRange,OverRange,OverRange,9.326432,12.093568,-3.770638
2026/05/21 20:58:00.266,n,-3.008017,5.723583,5.063164,0.77294,OverRange,OverRange,OverRange,9.342164,12.098956,-3.794102
2026/05/21 20:59:00.268,n,-2.955413,4.321936,5.004758,0.781162,OverRange,OverRange,OverRange,9.346722,12.102244,-3.831046
2026/05/21 21:00:00.274,n,-3.052153,4.970985,4.896521,0.717362,OverRange,OverRange,OverRange,9.360912,12.114064,-3.895464
2026/05/21 21:01:00.272,n,-3.090514,5.712425,4.907634,0.901224,OverRange,OverRange,OverRange,9.357366,12.124872,-3.83881
2026/05/21 21:02:00.257,n,-3.063828,4.056568,4.831506,0.833766,OverRange,OverRange,OverRange,9.376622,12.133472,-3.83881
2026/05/21 21:03:00.260,n,-2.993647,5.496111,5.255378,0.650852,OverRange,OverRange,OverRange,9.387284,12.139966,-3.753147
2026/05/21 21:04:00.261,n,-2.961187,4.876591,5.029828,0.655347,OverRange,OverRange,OverRange,9.373592,12.14747,-3.792139
2026/05/21 21:05:00.262,n,-3.017126,5.60172,5.050337,0.659044,OverRange,OverRange,OverRange,9.376882,12.153934,-3.743591
2026/05/21 21:06:00.265,n,-3.031753,5.631942,5.037274,0.728201,OverRange,OverRange,OverRange,9.369274,12.163608,-3.794102
2026/05/21 21:07:00.266,n,-3.06973,5.275803,4.835792,0.687789,OverRange,OverRange,OverRange,9.373088,12.165788,-3.726185
2026/05/21 21:08:00.269,n,-3.134265,4.497043,4.825656,0.777989,OverRange,OverRange,OverRange,9.37637,12.167968,-3.759034
2026/05/21 21:09:00.271,n,-3.040348,4.344119,4.273752,0.052013,OverRange,OverRange,OverRange,9.371308,12.178746,-3.757157
2026/05/21 21:10:00.257,n,-3.183789,4.375048,5.106834,0.534097,OverRange,OverRange,OverRange,9.395906,12.183028,-3.782583
2026/05/21 21:11:00.258,n,-3.069601,5.185556,5.39637,0.739085,OverRange,OverRange,OverRange,9.408326,12.184136,-3.84282
2026/05/21 21:12:00.262,n,-3.072681,6.125169,5.202564,0.848459,OverRange,OverRange,OverRange,9.394908,12.192732,-3.762959
2026/05/21 21:13:00.264,n,-2.996085,5.671347,5.066324,0.722069,OverRange,OverRange,OverRange,9.403336,12.189492,-3.782327
2026/05/21 21:14:00.266,n,-3.183404,5.581063,4.92997,0.618109,OverRange,OverRange,OverRange,9.401546,12.194914,-3.895294
2026/05/21 21:15:00.266,n,-3.104499,5.660707,5.030434,0.792915,OverRange,OverRange,OverRange,9.385574,12.193808,-3.840688
2026/05/21 21:16:00.268,n,-3.13388,5.968928,4.93423,0.8265,OverRange,OverRange,OverRange,9.385824,12.193808,-3.774477
2026/05/21 21:17:00.270,n,-3.151329,4.341686,5.048993,0.548555,OverRange,OverRange,OverRange,9.376196,12.192732,-3.780279
2026/05/21 21:18:00.277,n,-3.163004,5.76414,5.331658,0.69302,OverRange,OverRange,OverRange,9.394186,12.19703,-3.88369
2026/05/21 21:19:00.258,n,-3.19803,4.113807,4.789289,0.771355,OverRange,OverRange,OverRange,9.37646,12.195988,-3.860141
2026/05/21 21:20:00.260,n,-3.180581,5.59784,4.930481,0.784557,OverRange,OverRange,OverRange,9.371114,12.192732,-3.856216
2026/05/21 21:21:00.263,n,-3.145427,4.219399,4.819808,0.591915,OverRange,OverRange,OverRange,9.362768,12.193808,-3.877717
2026/05/21 21:22:00.266,n,-3.122076,4.728135,4.424406,0.172385,OverRange,OverRange,OverRange,9.365804,12.189492,-3.854339
2026/05/21 21:23:00.267,n,-3.118997,4.226659,4.476244,0.287392,OverRange,OverRange,OverRange,9.374166,12.190568,-3.8348
2026/05/21 21:24:00.268,n,-3.15428,4.367187,4.240889,0.085875,OverRange,OverRange,OverRange,9.38001,12.187312,-3.827036
2026/05/21 21:25:00.269,n,-3.221766,5.580973,5.308604,0.332674,OverRange,OverRange,OverRange,9.378494,12.189492,-3.866028
2026/05/21 21:26:00.273,n,-2.998907,5.450146,5.409653,0.520529,OverRange,OverRange,OverRange,9.39243,12.19703,-3.836677
2026/05/21 21:27:00.274,n,-2.920002,5.930043,5.632451,0.596969,OverRange,OverRange,OverRange,9.416006,12.192732,-3.838896
2026/05/21 21:28:00.259,n,-2.966832,5.821499,4.670437,0.653879,OverRange,OverRange,OverRange,9.422852,12.192732,-3.733523
2026/05/21 21:29:00.260,n,-3.028288,4.279114,4.709505,0.699365,OverRange,OverRange,OverRange,9.422566,12.191674,-3.727721
2026/05/21 21:30:00.267,n,-2.838018,5.625633,5.161862,0.665364,OverRange,OverRange,OverRange,9.417766,12.195988,-3.620556
2026/05/21 21:31:00.266,n,-2.878946,4.432655,4.975717,0.692846,OverRange,OverRange,OverRange,9.406124,12.193808,-3.68506
2026/05/21 21:32:00.448,n,-2.785286,5.541553,5.225162,0.611148,OverRange,OverRange,OverRange,9.421316,12.198122,-3.682757
2026/05/21 21:33:00.394,n,-2.764758,5.579376,5.243426,0.613794,OverRange,OverRange,OverRange,9.426906,12.204584,-3.661341
2026/05/21 21:34:00.377,n,-2.861497,4.959156,5.231475,0.588461,OverRange,OverRange,OverRange,9.430954,12.211082,-3.67721
2026/05/21 21:35:00.272,n,-2.767837,4.366423,5.143163,0.825037,OverRange,OverRange,OverRange,9.435516,12.213198,-3.673115
2026/05/21 21:36:00.278,n,-2.946304,5.61867,5.206372,0.422688,OverRange,OverRange,OverRange,9.44135,12.22181,-3.67303
2026/05/21 21:37:00.263,n,-2.849693,4.127527,4.903001,0.711731,OverRange,OverRange,OverRange,9.453776,12.23687,-3.715946
2026/05/21 21:38:00.264,n,-2.949255,5.632248,4.894344,0.766949,OverRange,OverRange,OverRange,9.460866,12.241218,-3.661511
2026/05/21 21:39:00.265,n,-2.917051,5.697456,5.211004,0.642573,OverRange,OverRange,OverRange,9.461106,12.253038,-3.680794
2026/05/21 21:40:00.270,n,-2.855723,5.087475,4.747389,0.224513,OverRange,OverRange,OverRange,9.46339,12.26061,-3.624481
2026/05/21 21:41:00.268,n,-2.899346,4.276215,4.819799,0.719166,OverRange,OverRange,OverRange,9.484692,12.268146,-3.749222
2026/05/21 21:42:00.271,n,-2.847127,5.758339,5.038094,0.8947,OverRange,OverRange,OverRange,9.49406,12.267072,-3.640095
2026/05/21 21:43:00.273,n,-2.796962,5.750359,5.006174,0.812699,OverRange,OverRange,OverRange,9.499898,12.27785,-3.733523
2026/05/21 21:44:00.274,n,-2.902425,4.267808,4.525364,0.608784,OverRange,OverRange,OverRange,9.494324,12.282132,-3.7354
2026/05/21 21:45:00.277,n,-2.902553,5.914112,5.211789,0.815469,OverRange,OverRange,OverRange,9.498876,12.289884,-3.655709
2026/05/21 21:46:00.260,n,-2.926546,4.093547,5.082187,0.755083,OverRange,OverRange,OverRange,9.49172,12.299602,-3.697091
2026/05/21 21:47:00.262,n,-2.950153,4.260169,4.996049,0.827954,OverRange,OverRange,OverRange,9.502874,12.298528,-3.656136
2026/05/21 21:48:00.265,n,-2.991081,4.373917,4.889162,0.821276,OverRange,OverRange,OverRange,9.51325,12.296378,-3.695213
2026/05/21 21:49:00.267,n,-2.985308,4.688851,4.902819,0.683893,OverRange,OverRange,OverRange,9.499548,12.303886,-3.615181
2026/05/21 21:50:00.268,n,-3.070114,5.743556,5.251173,0.802869,OverRange,OverRange,OverRange,9.498562,12.298528,-3.681562
2026/05/21 21:51:00.271,n,-3.049843,5.698831,5.25709,0.728972,OverRange,OverRange,OverRange,9.502336,12.299602,-3.724308
2026/05/21 21:52:00.275,n,-3.011609,5.721414,4.973465,0.685152,OverRange,OverRange,OverRange,9.51907,12.304958,-3.712619
2026/05/21 21:53:00.276,n,-3.043941,4.360401,4.831091,0.704484,OverRange,OverRange,OverRange,9.518322,12.303886,-3.669787
2026/05/21 21:54:00.276,n,-3.046636,5.650676,4.893677,0.618578,OverRange,OverRange,OverRange,9.49704,12.307124,-3.73011
2026/05/21 21:55:00.263,n,-3.052537,5.59691,4.826599,0.622561,OverRange,OverRange,OverRange,9.493744,12.302776,-3.730195
2026/05/21 21:56:00.264,n,-3.020077,4.588155,4.760597,0.599929,OverRange,OverRange,OverRange,9.49677,12.301736,-3.751526
2026/05/21 21:57:00.266,n,-2.9413,4.361567,4.422741,0.078203,OverRange,OverRange,OverRange,9.502096,12.300694,-3.689155
2026/05/21 21:58:00.269,n,-3.169804,6.018479,5.101121,0.822401,OverRange,OverRange,OverRange,9.514018,12.300694,-3.700845
2026/05/21 21:59:00.271,n,-3.002756,5.207372,5.355519,0.743826,OverRange,OverRange,OverRange,9.508958,12.297422,-3.755536
2026/05/21 22:00:00.272,n,-3.058439,5.674601,5.156435,0.699358,OverRange,OverRange,OverRange,9.500824,12.301736,-3.755365
2026/05/21 22:01:00.274,n,-3.122974,4.22042,4.83566,0.691099,OverRange,OverRange,OverRange,9.490194,12.299602,-3.751696
2026/05/21 22:02:00.276,n,-3.119895,4.594151,4.97021,0.804132,OverRange,OverRange,OverRange,9.49501,12.296378,-3.835312
2026/05/21 22:03:00.278,n,-3.216506,5.120062,5.155636,0.694272,OverRange,OverRange,OverRange,9.494492,12.302776,-3.80033
2026/05/21 22:04:00.262,n,-3.275011,5.776085,5.644123,0.23076,OverRange,OverRange,OverRange,9.487138,12.301736,-3.835483
2026/05/21 22:05:00.264,n,-3.158129,4.136529,4.538684,0.421936,OverRange,OverRange,OverRange,9.481568,12.300694,-3.86253
2026/05/21 22:06:00.267,n,-3.22831,5.51755,4.701455,0.624167,OverRange,OverRange,OverRange,9.47397,12.298528,-3.773027
2026/05/21 22:07:00.270,n,-3.117072,5.623038,5.088618,0.586656,OverRange,OverRange,OverRange,9.465608,12.295272,-3.769102
2026/05/21 22:08:00.270,n,-3.29849,4.608499,5.370927,0.425172,OverRange,OverRange,OverRange,9.45191,12.297422,-3.763215
2026/05/21 22:09:00.273,n,-3.234083,4.227088,4.256544,0.177548,OverRange,OverRange,OverRange,9.438244,12.292032,-3.802378
2026/05/21 22:10:00.275,n,-3.474262,4.32896,4.180736,0.107737,OverRange,OverRange,OverRange,9.443808,12.292032,-3.829596
2026/05/21 22:11:00.278,n,-3.359946,5.604472,5.090737,0.671589,OverRange,OverRange,OverRange,9.436452,12.292032,-3.841114
2026/05/21 22:12:00.280,n,-3.459508,4.637665,4.929195,0.718089,OverRange,OverRange,OverRange,9.427334,12.293138,-3.93275
2026/05/21 22:13:00.264,n,-3.644005,5.613376,4.827728,0.723116,OverRange,OverRange,OverRange,9.41212,12.297422,-4.071057
2026/05/21 22:14:00.266,n,-3.793347,4.44788,5.015453,0.618408,OverRange,OverRange,OverRange,9.41566,12.294198,-4.13155
2026/05/21 22:15:00.269,n,-3.875075,4.320769,5.083382,0.497592,OverRange,OverRange,OverRange,9.41061,12.298528,-4.108087
2026/05/21 22:16:00.270,n,-3.948335,4.658273,5.073302,0.567701,OverRange,OverRange,OverRange,9.384236,12.294198,-4.170542
2026/05/21 22:17:00.272,n,-4.015949,5.656547,4.673922,0.77501,OverRange,OverRange,OverRange,9.373074,12.290956,-4.237008
2026/05/21 22:18:00.275,n,-4.039044,5.696225,5.25291,0.655242,OverRange,OverRange,OverRange,9.359366,12.28021,-4.234875
2026/05/21 22:19:00.276,n,-4.100628,5.441018,5.000576,0.544333,OverRange,OverRange,OverRange,9.320842,12.27264,-4.295198
2026/05/21 22:20:00.278,n,-4.056749,4.798924,4.594136,0.228984,OverRange,OverRange,OverRange,9.307912,12.26621,-4.279755
2026/05/21 22:21:00.280,n,-4.080485,4.658014,5.31347,0.437249,OverRange,OverRange,OverRange,9.2833,12.26082,-4.298952
2026/05/21 22:22:00.266,n,-4.004017,4.41523,4.774338,0.471192,OverRange,OverRange,OverRange,9.281032,12.25325,-4.263885
2026/05/21 22:23:00.268,n,-4.100756,5.357668,4.665156,0.658091,OverRange,OverRange,OverRange,9.299546,12.243578,-4.295198
2026/05/21 22:24:00.270,n,-4.004017,5.569432,4.956748,0.602353,OverRange,OverRange,OverRange,9.298284,12.228484,-4.275745
2026/05/21 22:25:00.272,n,-4.045074,6.01028,5.263343,0.634224,OverRange,OverRange,OverRange,9.28154,12.21559,-4.283424
2026/05/21 22:26:00.272,n,-4.053798,4.482441,5.321223,0.650524,OverRange,OverRange,OverRange,9.26734,12.19835,-4.394513
2026/05/21 22:27:00.276,n,-4.100628,4.521338,4.897045,0.649157,OverRange,OverRange,OverRange,9.25059,12.189672,-4.377022
2026/05/21 22:28:00.278,n,-4.208786,4.579185,4.695248,0.560293,OverRange,OverRange,OverRange,9.224228,12.173538,-4.439392
2026/05/21 22:29:00.280,n,-4.124364,5.664474,4.887873,0.749601,OverRange,OverRange,OverRange,9.2123,12.16061,-4.400315
2026/05/21 22:30:00.284,n,-4.241118,5.349487,5.160351,0.659148,OverRange,OverRange,OverRange,9.215348,12.140128,-4.53299
2026/05/21 22:31:00.269,n,-4.32926,4.393411,4.995543,0.661652,OverRange,OverRange,OverRange,9.200638,12.127234,-4.490159
2026/05/21 22:32:00.268,n,-4.373139,5.458337,5.464959,0.402658,OverRange,OverRange,OverRange,9.175522,12.114274,-4.542632
2026/05/21 22:33:00.271,n,-4.41689,5.68152,5.192866,0.57968,OverRange,OverRange,OverRange,9.142518,12.102422,-4.532905
2026/05/21 22:34:00.275,n,-4.475652,4.240927,4.530077,0.575612,OverRange,OverRange,OverRange,9.120702,12.0809,-4.636145
2026/05/21 22:35:00.275,n,-4.531462,4.358578,4.707635,0.634092,OverRange,OverRange,OverRange,9.12856,12.067876,-4.641947
2026/05/21 22:36:00.277,n,-4.443448,5.696107,5.169217,0.632347,OverRange,OverRange,OverRange,9.133138,12.059264,-4.591436
2026/05/21 22:37:00.278,n,-4.314506,4.390427,4.785886,0.678528,OverRange,OverRange,OverRange,9.124512,12.03989,-4.653722
2026/05/21 22:38:00.281,n,-4.261903,4.57497,4.922249,0.585041,OverRange,OverRange,OverRange,9.105998,12.029112,-4.538878
2026/05/21 22:39:00.283,n,-4.15336,5.576667,5.279298,0.502769,OverRange,OverRange,OverRange,9.090236,12.016152,-4.509612
2026/05/21 22:40:00.268,n,-4.068424,5.85874,5.286294,0.68572,OverRange,OverRange,OverRange,9.089218,12.003226,-4.513366
2026/05/21 22:41:00.270,n,-4.080356,5.54083,4.836701,0.747248,OverRange,OverRange,OverRange,9.13086,11.993524,-4.568144
2026/05/21 22:42:00.272,n,-3.989519,4.40792,4.797144,0.788623,OverRange,OverRange,OverRange,9.141012,11.983804,-4.525141
2026/05/21 22:43:00.274,n,-3.840177,5.660825,5.160486,0.677184,OverRange,OverRange,OverRange,9.1306,11.971954,-4.451082
2026/05/21 22:44:00.275,n,-3.954365,4.214097,5.005495,0.809959,OverRange,OverRange,OverRange,9.113592,11.971954,-4.523093
2026/05/21 22:45:00.278,n,-3.79912,5.390904,5.074063,0.663221,OverRange,OverRange,OverRange,9.124238,11.961176,-4.427703
2026/05/21 22:46:00.280,n,-3.878411,5.634803,5.056767,0.70298,OverRange,OverRange,OverRange,9.13591,11.957902,-4.453044
2026/05/21 22:47:00.282,n,-3.825679,4.300145,4.984084,0.698983,OverRange,OverRange,OverRange,9.133648,11.957902,-4.460979
2026/05/21 22:48:00.284,n,-3.749212,5.940765,5.17078,0.696216,OverRange,OverRange,OverRange,9.142522,11.957902,-4.435467
2026/05/21 22:49:00.271,n,-3.793219,4.359534,4.893281,0.748385,OverRange,OverRange,OverRange,9.148098,11.957902,-4.550567
2026/05/21 22:50:00.272,n,-3.711106,4.290011,4.517391,0.579675,OverRange,OverRange,OverRange,9.167648,11.956796,-4.382909
2026/05/21 22:51:00.257,n,-3.746517,4.247291,4.998884,0.813739,OverRange,OverRange,OverRange,9.17272,11.9644,-4.375059
2026/05/21 22:52:00.259,n,-3.605643,5.846212,5.311407,0.684711,OverRange,OverRange,OverRange,9.180328,11.961176,-4.322501
2026/05/21 22:53:00.261,n,-3.597175,5.976708,5.007688,0.922558,OverRange,OverRange,OverRange,9.153178,11.961176,-4.328218
2026/05/21 22:54:00.263,n,-3.643876,5.660376,5.079004,0.798205,OverRange,OverRange,OverRange,9.145062,11.957902,-4.283594
2026/05/21 22:55:00.264,n,-3.740744,5.703587,4.950309,0.623749,OverRange,OverRange,OverRange,9.135926,11.961176,-4.308935
2026/05/21 22:56:00.270,n,-3.719831,4.571475,5.046373,0.687899,OverRange,OverRange,OverRange,9.12198,11.962216,-4.236838
2026/05/21 22:57:00.270,n,-3.711235,5.488774,5.092921,0.568756,OverRange,OverRange,OverRange,9.126028,11.967638,-4.258254
2026/05/21 22:58:00.270,n,-3.696737,5.934806,5.617862,0.595152,OverRange,OverRange,OverRange,9.130844,11.962216,-4.312689
2026/05/21 22:59:00.257,n,-3.734714,5.924426,5.214372,0.528765,OverRange,OverRange,OverRange,9.151912,11.954696,-4.335982
2026/05/21 23:00:00.259,n,-3.550217,4.307695,5.587635,0.642238,OverRange,OverRange,OverRange,9.155478,11.957902,-4.330265
2026/05/21 23:01:00.261,n,-3.634895,4.706252,4.711562,0.628605,OverRange,OverRange,OverRange,9.200124,11.954696,-4.265932
2026/05/21 23:02:00.264,n,-3.459637,5.052767,5.016349,0.592984,OverRange,OverRange,OverRange,9.251358,11.952548,-4.252366
2026/05/21 23:03:00.265,n,-3.374701,4.607707,4.638277,0.49144,OverRange,OverRange,OverRange,9.243744,11.950398,-4.182232
2026/05/21 23:04:00.266,n,-3.439108,5.470346,5.05297,0.458934,OverRange,OverRange,OverRange,9.264278,11.95144,-4.154928
2026/05/21 23:05:00.271,n,-3.321841,5.447489,4.784993,0.649803,OverRange,OverRange,OverRange,9.271394,11.944978,-4.115936
2026/05/21 23:06:00.271,n,-3.307215,5.477347,5.393587,0.49658,OverRange,OverRange,OverRange,9.27824,11.944978,-4.078992
2026/05/21 23:07:00.259,n,-3.242808,4.607232,4.870094,0.594949,OverRange,OverRange,OverRange,9.301066,11.944978,-4.086756
2026/05/21 23:08:00.258,n,-3.207781,4.492442,5.165877,0.781477,OverRange,OverRange,OverRange,9.326924,11.943904,-4.057491
2026/05/21 23:09:00.262,n,-3.18751,5.66818,5.338469,0.793309,OverRange,OverRange,OverRange,9.34898,11.942812,-3.985308
2026/05/21 23:10:00.261,n,-3.210732,4.337507,4.863242,0.734298,OverRange,OverRange,OverRange,9.333522,11.943904,-3.905447
2026/05/21 23:11:00.265,n,-3.298618,4.689841,4.811546,0.727995,OverRange,OverRange,OverRange,9.330486,11.942812,-3.954251
2026/05/21 23:12:00.267,n,-3.374829,4.454643,5.087662,0.705893,OverRange,OverRange,OverRange,9.327438,11.9482,-3.975752
2026/05/21 23:13:00.268,n,-3.389327,5.029721,4.883849,0.697361,OverRange,OverRange,OverRange,9.342402,11.95144,-4.0243
2026/05/21 23:14:00.269,n,-3.49184,4.333884,4.7467,0.616116,OverRange,OverRange,OverRange,9.346452,11.94602,-4.075152
2026/05/21 23:15:00.271,n,-3.424482,4.301815,5.010064,0.862648,OverRange,OverRange,OverRange,9.323634,11.944978,-3.96978
2026/05/21 23:16:00.257,n,-3.489146,4.948461,4.887251,0.658383,OverRange,OverRange,OverRange,9.302078,11.942812,-3.981639
2026/05/21 23:17:00.259,n,-3.479908,4.371023,4.775252,0.583981,OverRange,OverRange,OverRange,9.302836,11.941736,-4.018413
2026/05/21 23:18:00.260,n,-3.637975,5.485677,4.577086,0.721737,OverRange,OverRange,OverRange,9.288132,11.941736,-3.963978
2026/05/21 23:19:00.262,n,-3.500564,5.848475,5.314423,0.786382,OverRange,OverRange,OverRange,9.290152,11.936348,-3.876267
2026/05/21 23:20:00.266,n,-3.573824,4.282475,5.366925,0.751445,OverRange,OverRange,OverRange,9.265814,11.936348,-3.971742
2026/05/21 23:21:00.270,n,-3.553168,5.253027,5.688579,0.425982,OverRange,OverRange,OverRange,9.251852,11.936348,-3.921061
2026/05/21 23:22:00.271,n,-3.649907,4.153279,5.010348,0.881567,OverRange,OverRange,OverRange,9.269078,11.941736,-3.979506
2026/05/21 23:23:00.273,n,-3.758193,4.187284,4.18505,0.375537,OverRange,OverRange,OverRange,9.277222,11.939556,-3.991195
2026/05/21 23:24:00.274,n,-3.708412,4.723445,4.589762,0.698437,OverRange,OverRange,OverRange,9.26912,11.939556,-3.950155
2026/05/21 23:25:00.258,n,-3.816698,5.703746,5.264697,0.390836,OverRange,OverRange,OverRange,9.280782,11.941736,-4.038037
2026/05/21 23:26:00.260,n,-3.734585,4.644922,4.986762,0.67958,OverRange,OverRange,OverRange,9.26733,11.941736,-4.051689
2026/05/21 23:27:00.263,n,-3.813875,5.629183,4.880891,0.797872,OverRange,OverRange,OverRange,9.253392,11.943904,-3.975582
2026/05/21 23:28:00.265,n,-3.922161,4.770996,4.798739,0.640072,OverRange,OverRange,OverRange,9.255148,11.9482,-3.99111
2026/05/21 23:29:00.266,n,-3.936916,4.238413,4.889485,0.698653,OverRange,OverRange,OverRange,9.25617,11.949292,-4.067303
2026/05/21 23:30:00.268,n,-3.945512,4.535332,5.120768,0.764374,OverRange,OverRange,OverRange,9.25644,11.944978,-4.117899
2026/05/21 23:31:00.270,n,-4.094854,4.077423,4.64001,0.762672,OverRange,OverRange,OverRange,9.23842,11.947126,-4.153052
2026/05/21 23:32:00.271,n,-4.135782,5.452719,5.312731,0.345605,OverRange,OverRange,OverRange,9.25414,11.944978,-4.174467
2026/05/21 23:33:00.275,n,-4.056877,5.753024,5.220967,0.621955,OverRange,OverRange,OverRange,9.235632,11.935306,-4.285471
2026/05/21 23:34:00.259,n,-4.080228,4.379915,4.721909,0.605968,OverRange,OverRange,OverRange,9.23082,11.933126,-4.252367
2026/05/21 23:35:00.261,n,-4.217895,4.504495,4.937132,0.666887,OverRange,OverRange,OverRange,9.199108,11.928778,-4.398523
2026/05/21 23:36:00.262,n,-4.250355,4.569514,4.892699,0.603098,OverRange,OverRange,OverRange,9.20011,11.925572,-4.39656
2026/05/21 23:37:00.267,n,-4.44332,5.859036,5.130922,0.625781,OverRange,OverRange,OverRange,9.174236,11.925572,-4.52335
2026/05/21 23:38:00.266,n,-4.52261,4.328161,4.992461,0.677139,OverRange,OverRange,OverRange,9.164592,11.913688,-4.645871
2026/05/21 23:39:00.269,n,-4.393539,5.685408,5.156554,0.660621,OverRange,OverRange,OverRange,9.160284,11.907224,-4.575823
2026/05/21 23:40:00.272,n,-4.299752,4.39603,4.94015,0.66568,OverRange,OverRange,OverRange,9.14177,11.897506,-4.525141
2026/05/21 23:41:00.273,n,-4.215073,4.329094,5.127424,0.799275,OverRange,OverRange,OverRange,9.131358,11.892118,-4.437515
2026/05/21 23:42:00.275,n,-4.050847,4.792392,4.865847,0.692824,OverRange,OverRange,OverRange,9.129578,11.886728,-4.377107
2026/05/21 23:43:00.260,n,-3.986568,4.234294,5.01297,0.790824,OverRange,OverRange,OverRange,9.167648,11.8781,-4.398438
2026/05/21 23:44:00.264,n,-3.85198,5.732108,5.281394,0.813418,OverRange,OverRange,OverRange,9.155966,11.874876,-4.367295
2026/05/21 23:45:00.267,n,-3.752419,4.464606,4.987616,0.867634,OverRange,OverRange,OverRange,9.146072,11.86729,-4.338115
2026/05/21 23:46:00.265,n,-3.725989,4.103085,4.878287,0.76046,OverRange,OverRange,OverRange,9.133906,11.872712,-4.228988
2026/05/21 23:47:00.268,n,-3.708412,5.62813,5.107672,0.638767,OverRange,OverRange,OverRange,9.130352,11.86729,-4.205695
2026/05/21 23:48:00.270,n,-3.714057,5.706627,5.068294,0.825913,OverRange,OverRange,OverRange,9.121704,11.8641,-4.236667
2026/05/21 23:49:00.272,n,-3.66171,5.614331,5.074283,0.658476,OverRange,OverRange,OverRange,9.118932,11.859754,-4.19375
2026/05/21 23:50:00.275,n,-3.623476,6.022878,5.019791,0.758992,OverRange,OverRange,OverRange,9.126282,11.851092,-4.229073
2026/05/21 23:51:00.276,n,-3.500564,5.674991,5.096214,0.648132,OverRange,OverRange,OverRange,9.136434,11.852166,-4.19776
2026/05/21 23:52:00.261,n,-3.480165,5.262575,4.847934,0.683741,OverRange,OverRange,OverRange,9.159282,11.853258,-4.197846
2026/05/21 23:53:00.264,n,-3.368799,4.134,4.699648,0.776845,OverRange,OverRange,OverRange,9.166388,11.846828,-4.084708
2026/05/21 23:54:00.266,n,-3.245758,5.7744,5.462618,0.693559,OverRange,OverRange,OverRange,9.195802,11.846828,-4.008857
2026/05/21 23:55:00.284,n,-3.075888,4.53053,5.027093,0.647067,OverRange,OverRange,OverRange,9.231822,11.846828,-3.950326
2026/05/21 23:56:00.342,n,-3.195978,4.35437,4.929611,0.647425,OverRange,OverRange,OverRange,9.249064,11.848944,-3.926948
2026/05/21 23:57:00.464,n,-3.08179,4.620448,4.876603,0.67991,OverRange,OverRange,OverRange,9.265036,11.858678,-3.864577
2026/05/21 23:58:00.273,n,-2.979406,4.556358,4.950919,0.656538,OverRange,OverRange,OverRange,9.279516,11.865142,-3.8255
2026/05/21 23:59:00.274,n,-2.98813,5.140839,5.26846,0.594269,OverRange,OverRange,OverRange,9.279246,11.8879,-3.788641
