"Timestamp","TZ","GHI1_AV (W/m2)","UVB22013 (W/m2)","UVB22013_AV (W/m2)","UVB22013_SD (W/m2)","UVB22012 (W/m2)","UVB22012_AV (W/m2)","UVB22012_SD (W/m2)","TA_AV (degC)","TL (degC)","GTI_AV (W/m2)"
2026/05/30 00:00:00.273,n,-2.366383,6.178504,5.287456,1.266421,OverRange,OverRange,OverRange,11.384136,14.29454,-3.218604
2026/05/30 00:01:00.258,n,-2.349063,3.794556,4.274472,1.184031,OverRange,OverRange,OverRange,11.31955,14.292406,-3.214765
2026/05/30 00:02:00.260,n,-2.378059,6.10698,4.657597,1.261678,OverRange,OverRange,OverRange,11.450496,14.289214,-3.039513
2026/05/30 00:03:00.262,n,-2.375236,6.809393,5.578242,1.332407,OverRange,OverRange,OverRange,11.366156,14.290288,-3.321929
2026/05/30 00:04:00.281,n,-2.272852,3.900022,4.589655,1.29661,OverRange,OverRange,OverRange,11.33222,14.29133,-3.134903
2026/05/30 00:05:00.395,n,-2.31981,6.10932,6.221518,0.146461,OverRange,OverRange,OverRange,11.464438,14.292406,-3.084393
2026/05/30 00:06:00.317,n,-2.416421,4.794351,4.816841,1.006413,OverRange,OverRange,OverRange,11.40744,14.290288,-3.214764
2026/05/30 00:07:00.316,n,-2.404617,6.384681,5.277998,1.450266,OverRange,OverRange,OverRange,11.411474,14.29454,-3.199236
2026/05/30 00:08:00.273,n,-2.246679,6.656671,5.147657,1.339745,OverRange,OverRange,OverRange,11.36108,14.296692,-3.199065
2026/05/30 00:09:00.275,n,-2.246422,6.8753,4.908664,1.741497,OverRange,OverRange,OverRange,11.391476,14.298874,-3.140791
2026/05/30 00:10:00.260,n,-2.269773,3.288104,4.15238,1.21067,OverRange,OverRange,OverRange,11.354244,14.298874,-3.086184
2026/05/30 00:11:00.264,n,-2.208445,3.658932,4.549288,1.366801,OverRange,OverRange,OverRange,11.401872,14.301008,-3.070741
2026/05/30 00:12:00.265,n,-2.272724,6.391598,5.034683,1.605897,OverRange,OverRange,OverRange,11.456288,14.298874,-3.006494
2026/05/30 00:13:00.266,n,-2.240777,6.467198,5.235098,1.263699,OverRange,OverRange,OverRange,11.40213,14.298874,-3.150602
2026/05/30 00:14:00.269,n,-2.384217,5.203765,5.091234,0.984,OverRange,OverRange,OverRange,11.42543,14.297832,-3.177735
2026/05/30 00:15:00.270,n,-2.357659,3.70235,4.928674,1.453078,OverRange,OverRange,OverRange,11.41503,14.295648,-3.171848
2026/05/30 00:16:00.272,n,-2.284399,6.296199,5.193487,1.524495,OverRange,OverRange,OverRange,11.43681,14.293514,-3.064854
2026/05/30 00:17:00.275,n,-2.222943,6.125393,5.246878,1.267382,OverRange,OverRange,OverRange,11.407436,14.29454,-3.158196
2026/05/30 00:18:00.275,n,-2.240649,3.765689,4.331159,1.129373,OverRange,OverRange,OverRange,11.36667,14.287046,-3.148555
2026/05/30 00:19:00.262,n,-2.235003,3.524284,4.852446,1.2388,OverRange,OverRange,OverRange,11.44569,14.287046,-3.088147
2026/05/30 00:20:00.264,n,-2.307878,6.421457,4.95284,1.381989,OverRange,OverRange,OverRange,11.47025,14.28382,-3.08627
2026/05/30 00:21:00.265,n,-2.237954,3.817771,4.744685,1.333624,OverRange,OverRange,OverRange,11.425172,14.28278,-3.205038
2026/05/30 00:22:00.270,n,-2.410647,6.021971,5.772756,1.107351,OverRange,OverRange,OverRange,11.510758,14.274194,-3.193178
2026/05/30 00:23:00.270,n,-2.322633,6.22687,5.77477,1.18055,OverRange,OverRange,OverRange,11.40212,14.275218,-3.226454
2026/05/30 00:24:00.271,n,-2.217426,3.354508,5.122775,1.402447,OverRange,OverRange,OverRange,11.349446,14.273102,-3.169971
2026/05/30 00:25:00.273,n,-2.419243,3.372218,4.549357,1.508952,OverRange,OverRange,OverRange,11.404394,14.26771,-3.232341
2026/05/30 00:26:00.274,n,-2.264128,6.453971,5.041678,1.613596,OverRange,OverRange,OverRange,11.461102,14.266634,-3.099836
2026/05/30 00:27:00.276,n,-2.398715,3.262115,4.654667,1.511589,OverRange,OverRange,OverRange,11.415278,14.262318,-3.255634
2026/05/30 00:28:00.262,n,-2.465945,6.170601,5.121487,1.498291,OverRange,OverRange,OverRange,11.472754,14.259156,-3.220652
2026/05/30 00:29:00.264,n,-2.278882,6.516197,4.971588,1.310584,OverRange,OverRange,OverRange,11.440602,14.265558,-3.171848
2026/05/30 00:30:00.267,n,-2.261305,6.26553,4.646759,1.449199,OverRange,OverRange,OverRange,11.412496,14.2602,-3.163998
2026/05/30 00:31:00.269,n,-2.509952,6.352172,5.084675,1.465302,OverRange,OverRange,OverRange,11.418066,14.268068,-3.312032
2026/05/30 00:32:00.270,n,-1.916304,6.438985,4.926453,1.666519,OverRange,OverRange,OverRange,11.403956,14.272386,-2.926717
2026/05/30 00:33:00.271,n,-2.12351,4.0958,5.043576,1.444477,OverRange,OverRange,OverRange,11.392056,14.271326,-2.994549
2026/05/30 00:34:00.273,n,-2.032801,3.622811,4.495826,1.446602,OverRange,OverRange,OverRange,11.378144,14.26489,-2.996511
2026/05/30 00:35:00.276,n,-2.050635,6.103518,6.06876,0.765587,OverRange,OverRange,OverRange,11.409312,14.263784,-3.045059
2026/05/30 00:36:00.277,n,-2.032544,6.104781,5.283153,1.419108,OverRange,OverRange,OverRange,11.404222,14.263784,-3.054957
2026/05/30 00:37:00.263,n,-2.155713,6.256521,5.269122,1.42841,OverRange,OverRange,OverRange,11.404232,14.263784,-3.099666
2026/05/30 00:38:00.265,n,-2.149812,5.039916,4.672821,1.529112,OverRange,OverRange,OverRange,11.355322,14.260558,-3.091901
2026/05/30 00:39:00.266,n,-2.217041,5.83763,5.091523,1.411449,OverRange,OverRange,OverRange,11.411046,14.26489,-3.090109
2026/05/30 00:40:00.270,n,-2.202671,5.701004,4.843704,1.38346,OverRange,OverRange,OverRange,11.406982,14.269176,-3.045144
2026/05/30 00:41:00.272,n,-2.219992,6.283772,5.196364,1.287147,OverRange,OverRange,OverRange,11.4336,14.262676,-3.072533
2026/05/30 00:42:00.273,n,-2.076552,6.308514,5.880898,0.901628,OverRange,OverRange,OverRange,11.44248,14.27025,-3.089939
2026/05/30 00:43:00.274,n,-2.041782,4.067877,4.419892,0.940222,OverRange,OverRange,OverRange,11.352306,14.271326,-2.990709
2026/05/30 00:44:00.277,n,-2.085404,3.882045,4.438037,1.151848,OverRange,OverRange,OverRange,11.42574,14.265934,-3.010248
2026/05/30 00:45:00.279,n,-2.214219,6.231214,5.586794,1.205332,OverRange,OverRange,OverRange,11.453116,14.269176,-3.115364
2026/05/30 00:46:00.266,n,-2.059103,6.187429,5.422871,1.153593,OverRange,OverRange,OverRange,11.500432,14.274568,-3.091987
2026/05/30 00:47:00.267,n,-1.945043,3.376216,5.615176,1.103284,OverRange,OverRange,OverRange,11.476644,14.274568,-3.134733
2026/05/30 00:48:00.268,n,-2.214219,3.79875,4.000295,0.718904,OverRange,OverRange,OverRange,11.51767,14.279896,-3.023814
2026/05/30 00:49:00.270,n,-2.196513,6.450119,4.811548,1.396381,OverRange,OverRange,OverRange,11.549068,14.283154,-3.105638
2026/05/30 00:50:00.271,n,-2.164566,3.656756,4.092219,0.961199,OverRange,OverRange,OverRange,11.439444,14.285288,-3.0704
2026/05/30 00:51:00.276,n,-2.231668,6.248484,5.045448,1.456241,OverRange,OverRange,OverRange,11.54652,14.291706,-3.022107
2026/05/30 00:52:00.276,n,-2.117608,5.900834,4.26848,0.817908,OverRange,OverRange,OverRange,11.482204,14.288514,-3.022022
2026/05/30 00:53:00.279,n,-2.10311,3.819805,5.075768,1.213854,OverRange,OverRange,OverRange,11.481976,14.293872,-3.16579
2026/05/30 00:54:00.280,n,-2.079759,3.901942,4.064511,0.270441,OverRange,OverRange,OverRange,11.482976,14.292798,-2.982945
2026/05/30 00:55:00.266,n,-2.290044,4.172141,4.189705,1.136567,OverRange,OverRange,OverRange,11.505514,14.29819,-3.064769
2026/05/30 00:56:00.268,n,-2.114786,6.413269,4.981187,1.606861,OverRange,OverRange,OverRange,11.549292,14.3057,-2.992842
2026/05/30 00:57:00.268,n,-1.992001,6.220206,4.743717,1.137783,OverRange,OverRange,OverRange,11.54629,14.307882,-3.012125
2026/05/30 00:58:00.271,n,-2.184709,6.355326,4.953658,1.667478,OverRange,OverRange,OverRange,11.54295,14.308926,-3.152394
2026/05/30 00:59:00.273,n,-2.138008,6.501297,4.912119,1.535772,OverRange,OverRange,OverRange,11.559428,14.31536,-3.021937
2026/05/30 01:00:00.275,n,-2.082454,3.507309,4.726283,1.445825,OverRange,OverRange,OverRange,11.55663,14.316436,-3.142582
2026/05/30 01:01:00.276,n,-2.199464,4.012005,4.647874,1.448805,OverRange,OverRange,OverRange,11.543736,14.31536,-3.130978
2026/05/30 01:02:00.278,n,-2.170211,3.764298,5.334745,1.467325,OverRange,OverRange,OverRange,11.544988,14.323962,-3.107515
2026/05/30 01:03:00.284,n,-2.094,3.406767,4.918494,1.309395,OverRange,OverRange,OverRange,11.527294,14.329338,-3.0082
2026/05/30 01:04:00.266,n,-1.971345,3.367949,5.150458,1.450926,OverRange,OverRange,OverRange,11.5303,14.331472,-2.965539
2026/05/30 01:05:00.267,n,-2.038703,6.46098,4.829317,1.492326,OverRange,OverRange,OverRange,11.547734,14.328262,-2.877913
2026/05/30 01:06:00.272,n,-2.182015,3.48311,4.652483,1.461206,OverRange,OverRange,OverRange,11.442398,14.33473,-3.185584
2026/05/30 01:07:00.271,n,-2.102853,5.203171,4.626704,1.185796,OverRange,OverRange,OverRange,11.52651,14.331472,-3.025776
2026/05/30 01:08:00.273,n,-2.161487,3.727052,4.274208,1.022371,OverRange,OverRange,OverRange,11.467026,14.332548,-3.115194
2026/05/30 01:09:00.275,n,-2.237569,6.052746,4.984328,1.308761,OverRange,OverRange,OverRange,11.585496,14.33473,-3.014173
2026/05/30 01:10:00.278,n,-2.044476,6.218406,6.231821,0.031299,OverRange,OverRange,OverRange,11.461198,14.339014,-3.087891
2026/05/30 01:11:00.282,n,-2.126332,4.514166,4.138148,0.410892,OverRange,OverRange,OverRange,11.430024,14.33579,-2.971255
2026/05/30 01:12:00.281,n,-2.108883,3.87203,4.562208,1.436859,OverRange,OverRange,OverRange,11.448004,14.336832,-3.101713
2026/05/30 01:13:00.269,n,-2.167389,3.781247,4.623578,1.364942,OverRange,OverRange,OverRange,11.516114,14.344374,-3.055042
2026/05/30 01:14:00.270,n,-2.208317,3.725449,4.804824,1.050174,OverRange,OverRange,OverRange,11.502458,14.3433,-3.130893
2026/05/30 01:15:00.270,n,-2.225766,6.448915,4.228014,1.092358,OverRange,OverRange,OverRange,11.617152,14.3433,-3.018097
2026/05/30 01:16:00.272,n,-2.079631,3.406591,5.312878,1.499607,OverRange,OverRange,OverRange,11.471248,14.348676,-3.138657
2026/05/30 01:17:00.277,n,-2.278497,3.60265,4.300629,1.202083,OverRange,OverRange,OverRange,11.534088,14.347568,-3.060929
2026/05/30 01:18:00.276,n,-2.225894,3.794759,4.258349,1.052947,OverRange,OverRange,OverRange,11.488236,14.351884,-3.09958
2026/05/30 01:19:00.278,n,-2.193691,6.220377,5.869747,0.910481,OverRange,OverRange,OverRange,11.58955,14.357244,-3.062721
2026/05/30 01:20:00.282,n,-1.988922,6.415393,5.184351,1.35178,OverRange,OverRange,OverRange,11.481644,14.3642,-3.004361
2026/05/30 01:21:00.282,n,-2.076937,3.696508,4.445296,1.265298,OverRange,OverRange,OverRange,11.436672,14.360992,-3.076543
2026/05/30 01:22:00.269,n,-2.237954,6.42718,5.09591,1.463552,OverRange,OverRange,OverRange,11.585496,14.36635,-3.08243
2026/05/30 01:23:00.270,n,-2.02151,3.384394,5.667102,1.129521,OverRange,OverRange,OverRange,11.458502,14.36956,-3.125177
2026/05/30 01:24:00.272,n,-2.032673,6.21603,5.373064,1.161493,OverRange,OverRange,OverRange,11.588104,14.36956,-2.959737
2026/05/30 01:25:00.273,n,-2.132619,6.185854,5.245361,1.244751,OverRange,OverRange,OverRange,11.461758,14.373894,-3.142753
2026/05/30 01:26:00.277,n,-2.106189,3.475653,4.50851,1.42218,OverRange,OverRange,OverRange,11.38475,14.379254,-3.134903
2026/05/30 01:27:00.278,n,-2.094514,3.288447,5.353793,1.528833,OverRange,OverRange,OverRange,11.481984,14.392124,-3.078591
2026/05/30 01:28:00.279,n,-2.033058,4.036135,4.350664,0.992377,OverRange,OverRange,OverRange,11.549418,14.386764,-2.973303
2026/05/30 01:29:00.281,n,-2.194075,3.753634,4.985106,1.436864,OverRange,OverRange,OverRange,11.471318,14.392124,-3.158452
2026/05/30 01:30:00.283,n,-2.322633,6.629729,4.279611,1.156315,OverRange,OverRange,OverRange,11.609416,14.396442,-3.119375
2026/05/30 01:31:00.268,n,-2.185223,4.273971,4.796877,1.301714,OverRange,OverRange,OverRange,11.497432,14.402878,-3.058967
2026/05/30 01:32:00.271,n,-2.06231,5.79067,5.202982,1.106225,OverRange,OverRange,OverRange,11.556504,14.410354,-2.989088
2026/05/30 01:33:00.272,n,-2.032929,5.719077,5.929104,0.667407,OverRange,OverRange,OverRange,11.41801,14.412536,-3.193349
2026/05/30 01:34:00.275,n,-1.997647,6.598616,5.072216,1.385857,OverRange,OverRange,OverRange,11.452382,14.415746,-3.094119
2026/05/30 01:35:00.277,n,-2.208701,3.939631,4.51115,1.545306,OverRange,OverRange,OverRange,11.46398,14.42329,-3.173981
2026/05/30 01:36:00.280,n,-2.273109,5.885215,5.280644,1.153632,OverRange,OverRange,OverRange,11.622986,14.421106,-3.177906
2026/05/30 01:37:00.264,n,-2.135698,3.418074,5.149867,1.367644,OverRange,OverRange,OverRange,11.48078,14.424364,-3.173981
2026/05/30 01:38:00.267,n,-2.252581,3.667333,4.934797,1.683465,OverRange,OverRange,OverRange,11.508102,14.431842,-3.142838
2026/05/30 01:39:00.270,n,-2.226279,3.56803,4.922102,0.870731,OverRange,OverRange,OverRange,11.497752,14.434042,-3.062891
2026/05/30 01:40:00.271,n,-2.132234,5.476471,4.875758,1.183016,OverRange,OverRange,OverRange,11.551174,14.437234,-3.018353
2026/05/30 01:41:00.272,n,-2.071291,6.470634,5.236783,1.477148,OverRange,OverRange,OverRange,11.536204,14.437234,-2.994805
2026/05/30 01:42:00.259,n,-2.085661,3.689304,4.388348,0.909511,OverRange,OverRange,OverRange,11.41777,14.44903,-3.05726
2026/05/30 01:43:00.259,n,-2.12351,3.316678,4.669243,1.569809,OverRange,OverRange,OverRange,11.547826,14.44903,-2.959737
2026/05/30 01:44:00.262,n,-2.118121,6.724792,5.306929,1.519081,OverRange,OverRange,OverRange,11.60175,14.452288,-3.132941
2026/05/30 01:45:00.264,n,-2.141087,3.127517,5.126879,1.607063,OverRange,OverRange,OverRange,11.459748,14.452288,-3.070656
2026/05/30 01:46:00.268,n,-2.255275,3.113479,4.87057,1.785853,OverRange,OverRange,OverRange,11.46199,14.451212,-3.17381
2026/05/30 01:47:00.268,n,-2.275931,3.103068,4.173921,1.268328,OverRange,OverRange,OverRange,11.50081,14.457616,-3.121337
2026/05/30 01:48:00.269,n,-2.337259,5.349648,5.263643,1.663609,OverRange,OverRange,OverRange,11.569856,14.455498,-3.117498
2026/05/30 01:49:00.273,n,-2.197026,6.717646,5.156687,1.471283,OverRange,OverRange,OverRange,11.536748,14.459766,-3.18567
2026/05/30 01:50:00.256,n,-2.565635,3.050447,4.681221,1.647903,OverRange,OverRange,OverRange,11.446076,14.45439,-3.3843
2026/05/30 01:51:00.258,n,-2.557039,4.508499,4.77365,1.463689,OverRange,OverRange,OverRange,11.473928,14.459766,-3.296674
2026/05/30 01:52:00.260,n,-2.706125,6.415121,5.501811,1.680503,OverRange,OverRange,OverRange,11.529796,14.460858,-3.320137
2026/05/30 01:53:00.263,n,-2.612337,6.315099,5.739556,1.251665,OverRange,OverRange,OverRange,11.524822,14.459766,-3.485577
2026/05/30 01:54:00.264,n,-2.627091,6.175352,5.226586,1.339395,OverRange,OverRange,OverRange,11.49524,14.453346,-3.399828
2026/05/30 01:55:00.266,n,-2.817105,3.569861,4.6564,1.543844,OverRange,OverRange,OverRange,11.408326,14.45869,-3.547862
2026/05/30 01:56:00.267,n,-2.951693,3.541425,4.747057,1.531398,OverRange,OverRange,OverRange,11.517198,14.453346,-3.584977
2026/05/30 01:57:00.270,n,-2.758856,6.401092,5.689907,1.451258,OverRange,OverRange,OverRange,11.519756,14.44903,-3.477727
2026/05/30 01:58:00.272,n,-2.700479,2.918967,5.679978,1.355089,OverRange,OverRange,OverRange,11.411682,14.442596,-3.50486
2026/05/30 01:59:00.258,n,-2.881769,5.488532,5.133147,1.124684,OverRange,OverRange,OverRange,11.582062,14.437234,-3.472011
2026/05/30 02:00:00.260,n,-2.858161,3.807814,4.098213,1.367017,OverRange,OverRange,OverRange,11.373642,14.428648,-3.629686
2026/05/30 02:01:00.262,n,-2.998907,5.95618,4.592594,1.287375,OverRange,OverRange,OverRange,11.547668,14.42329,-3.551872
2026/05/30 02:02:00.264,n,-2.861112,6.013994,5.487329,0.980965,OverRange,OverRange,OverRange,11.48254,14.41361,-3.61996
2026/05/30 02:03:00.265,n,-2.829037,4.061977,4.89759,1.574281,OverRange,OverRange,OverRange,11.42656,14.414672,-3.604345
2026/05/30 02:04:00.267,n,-2.65057,6.223909,5.833794,1.061401,OverRange,OverRange,OverRange,11.458278,14.407176,-3.423292
2026/05/30 02:05:00.269,n,-2.682902,3.81837,4.96748,1.575212,OverRange,OverRange,OverRange,11.304448,14.4018,-3.522521
2026/05/30 02:06:00.271,n,-2.911021,3.370697,4.492558,1.556615,OverRange,OverRange,OverRange,11.374394,14.392124,-3.57124
2026/05/30 02:07:00.257,n,-2.87561,3.24134,4.927544,1.556878,OverRange,OverRange,OverRange,11.369268,14.394274,-3.458359
2026/05/30 02:08:00.259,n,-3.077556,5.42881,5.206878,1.509158,OverRange,OverRange,OverRange,11.39008,14.379254,-3.60426
2026/05/30 02:09:00.260,n,-2.975043,6.235822,5.82657,0.960138,OverRange,OverRange,OverRange,11.402324,14.37497,-3.61612
2026/05/30 02:10:00.263,n,-2.934244,6.266305,4.989716,1.440679,OverRange,OverRange,OverRange,11.241394,14.368518,-3.657074
2026/05/30 02:11:00.265,n,-3.080635,3.714029,3.636876,0.248626,OverRange,OverRange,OverRange,11.296698,14.35348,-3.656989
2026/05/30 02:12:00.269,n,-3.08936,6.253787,5.945519,0.729235,OverRange,OverRange,OverRange,11.402308,14.350224,-3.732841
2026/05/30 02:13:00.270,n,-3.025209,3.793774,4.245328,0.987963,OverRange,OverRange,OverRange,11.308304,14.340578,-3.672603
2026/05/30 02:14:00.272,n,-3.171344,3.282578,4.204889,1.132993,OverRange,OverRange,OverRange,11.475454,14.327708,-3.752209
2026/05/30 02:15:00.274,n,-3.036628,3.633826,4.935442,1.240387,OverRange,OverRange,OverRange,11.337408,14.32445,-3.631734
2026/05/30 02:16:00.259,n,-2.998907,3.252032,4.923398,1.480646,OverRange,OverRange,OverRange,11.297628,14.310522,-3.662706
2026/05/30 02:17:00.261,n,-2.972477,4.584958,4.920093,1.472201,OverRange,OverRange,OverRange,11.325252,14.304054,-3.664582
2026/05/30 02:18:00.604,n,-2.951821,3.79894,5.334091,1.349271,OverRange,OverRange,OverRange,11.265468,14.294394,-3.801098
2026/05/30 02:19:00.265,n,-3.124514,5.8898,4.951257,1.267902,OverRange,OverRange,OverRange,11.371334,14.286884,-3.74453
2026/05/30 02:20:00.267,n,-2.890365,5.101101,5.115607,1.311306,OverRange,OverRange,OverRange,11.242682,14.279342,-3.668593
2026/05/30 02:21:00.269,n,-2.907813,4.93083,5.266629,1.345812,OverRange,OverRange,OverRange,11.33516,14.27289,-3.549739
2026/05/30 02:22:00.272,n,-2.907942,4.964116,4.845983,1.295598,OverRange,OverRange,OverRange,11.301198,14.258946,-3.617826
2026/05/30 02:23:00.274,n,-2.919874,6.543715,4.946677,1.310926,OverRange,OverRange,OverRange,11.305258,14.253552,-3.62559
2026/05/30 02:24:00.275,n,-2.893444,3.905598,4.769394,1.244112,OverRange,OverRange,OverRange,11.289104,14.244968,-3.614072
2026/05/30 02:25:00.260,n,-2.849437,3.45418,5.42141,1.312001,OverRange,OverRange,OverRange,11.286648,14.232066,-3.616034
2026/05/30 02:26:00.262,n,-2.785158,6.441193,4.621077,1.435082,OverRange,OverRange,OverRange,11.341456,14.22775,-3.454349
2026/05/30 02:27:00.265,n,-2.752826,6.377196,5.012352,1.210309,OverRange,OverRange,OverRange,11.372142,14.218088,-3.460322
2026/05/30 02:28:00.269,n,-2.582956,6.549374,4.970979,1.683529,OverRange,OverRange,OverRange,11.293554,14.21488,-3.450424
2026/05/30 02:29:00.269,n,-2.562556,3.78649,4.578331,1.456317,OverRange,OverRange,OverRange,11.227208,14.209486,-3.335751
2026/05/30 02:30:00.270,n,-2.682774,6.475321,5.082033,1.505409,OverRange,OverRange,OverRange,11.321396,14.20408,-3.444708
2026/05/30 02:31:00.272,n,-2.524707,3.4522,4.581148,1.567509,OverRange,OverRange,OverRange,11.259358,14.20201,-3.477727
2026/05/30 02:32:00.274,n,-2.445673,4.609255,4.604402,0.989234,OverRange,OverRange,OverRange,11.331126,14.19872,-3.325769
2026/05/30 02:33:00.278,n,-2.559733,3.961434,3.861204,0.071496,OverRange,OverRange,OverRange,11.35674,14.189042,-3.395903
2026/05/30 02:34:00.263,n,-2.530737,3.767605,3.830922,0.080454,OverRange,OverRange,OverRange,11.412456,14.186958,-3.452387
2026/05/30 02:35:00.264,n,-2.4807,3.336632,4.825056,1.554588,OverRange,OverRange,OverRange,11.424836,14.186958,-3.345307
2026/05/30 02:36:00.266,n,-2.369335,4.196327,5.356892,1.22405,OverRange,OverRange,OverRange,11.443578,14.19336,-3.249832
2026/05/30 02:37:00.272,n,-2.316859,3.803723,4.487859,1.400597,OverRange,OverRange,OverRange,11.418736,14.18585,-3.240106
2026/05/30 02:38:00.272,n,-2.392814,6.202101,5.455355,1.384768,OverRange,OverRange,OverRange,11.470184,14.18585,-3.304438
2026/05/30 02:39:00.272,n,-2.387168,3.638036,4.645392,1.405605,OverRange,OverRange,OverRange,11.391374,14.200446,-3.362884
2026/05/30 02:40:00.275,n,-2.219992,3.562033,5.168458,1.244989,OverRange,OverRange,OverRange,11.524678,14.19937,-3.236181
2026/05/30 02:41:00.276,n,-2.141087,5.989471,4.926169,1.547274,OverRange,OverRange,OverRange,11.555028,14.202614,-3.115706
2026/05/30 02:42:00.278,n,-2.14686,3.377559,5.010699,1.423895,OverRange,OverRange,OverRange,11.460358,14.206718,-3.189509
2026/05/30 02:43:00.262,n,-2.322248,3.749762,4.187277,1.137264,OverRange,OverRange,OverRange,11.558064,14.208868,-3.228331
2026/05/30 02:44:00.267,n,-2.474413,3.715126,3.785567,0.105483,OverRange,OverRange,OverRange,11.587704,14.205676,-3.315956
2026/05/30 02:45:00.267,n,-2.61208,6.745082,4.245943,1.227145,OverRange,OverRange,OverRange,11.580856,14.203542,-3.345137
2026/05/30 02:46:00.268,n,-2.430662,6.166579,6.020392,0.331654,OverRange,OverRange,OverRange,11.507966,14.211018,-3.354778
2026/05/30 02:47:00.271,n,-2.536126,6.020465,4.532557,1.322571,OverRange,OverRange,OverRange,11.499542,14.20776,-3.362543
2026/05/30 02:48:00.272,n,-2.480315,6.251174,4.717772,1.303395,OverRange,OverRange,OverRange,11.472972,14.209976,-3.337202
2026/05/30 02:49:00.276,n,-2.398587,3.415274,5.109519,1.354579,OverRange,OverRange,OverRange,11.458314,14.213184,-3.413309
2026/05/30 02:50:00.277,n,-2.325199,6.3144,5.69062,1.308177,OverRange,OverRange,OverRange,11.564642,14.217502,-3.284728
2026/05/30 02:51:00.281,n,-2.240264,6.182596,6.237705,0.106834,OverRange,OverRange,OverRange,11.467224,14.217502,-3.269115
2026/05/30 02:52:00.266,n,-2.430406,6.169507,4.964329,1.400613,OverRange,OverRange,OverRange,11.497244,14.213184,-3.317834
2026/05/30 02:53:00.266,n,-2.360482,6.519557,4.99585,1.399917,OverRange,OverRange,OverRange,11.474478,14.216412,-3.191216
2026/05/30 02:54:00.267,n,-2.228588,3.526815,5.322398,1.245723,OverRange,OverRange,OverRange,11.458568,14.216412,-3.306059
2026/05/30 02:55:00.269,n,-2.450934,3.740521,3.778754,0.076795,OverRange,OverRange,OverRange,11.522914,14.216412,-3.212717
2026/05/30 02:56:00.271,n,-2.389606,3.459326,4.552031,1.394782,OverRange,OverRange,OverRange,11.569958,14.220696,-3.156063
2026/05/30 02:57:00.276,n,-2.319554,3.309017,4.784726,1.370537,OverRange,OverRange,OverRange,11.51883,14.230372,-3.171762
2026/05/30 02:58:00.274,n,-2.237569,3.672447,4.133168,0.887184,OverRange,OverRange,OverRange,11.57453,14.227162,-3.093864
2026/05/30 02:59:00.276,n,-2.284399,6.124684,4.622643,1.371638,OverRange,OverRange,OverRange,11.614746,14.237914,-3.173725
2026/05/30 03:00:00.279,n,-2.255147,6.126989,5.630902,1.113542,OverRange,OverRange,OverRange,11.535778,14.235746,-3.275087
2026/05/30 03:01:00.264,n,-2.096823,6.593118,5.068051,1.258062,OverRange,OverRange,OverRange,11.476788,14.246498,-3.14062
2026/05/30 03:02:00.266,n,-2.076167,3.425406,4.80819,1.527852,OverRange,OverRange,OverRange,11.48764,14.242214,-3.158111
2026/05/30 03:03:00.269,n,-2.169955,6.511724,5.062946,1.615759,OverRange,OverRange,OverRange,11.603344,14.246498,-3.066646
2026/05/30 03:04:00.270,n,-2.120559,6.383849,4.590558,1.470958,OverRange,OverRange,OverRange,11.595486,14.250816,-3.101713
2026/05/30 03:05:00.274,n,-2.190355,3.739998,4.142691,1.025962,OverRange,OverRange,OverRange,11.515534,14.252966,-3.218519
2026/05/30 03:06:00.274,n,-2.316346,6.099179,5.404513,1.331519,OverRange,OverRange,OverRange,11.679576,14.25937,-3.13277
2026/05/30 03:07:00.277,n,-2.196385,6.007777,5.671971,1.160949,OverRange,OverRange,OverRange,11.585628,14.265868,-3.220396
2026/05/30 03:08:00.280,n,-2.269645,3.374518,5.182174,1.471334,OverRange,OverRange,OverRange,11.543828,14.267986,-3.304182
2026/05/30 03:09:00.280,n,-2.184838,6.542396,4.681185,1.465926,OverRange,OverRange,OverRange,11.606862,14.272272,-3.097788
2026/05/30 03:10:00.265,n,-2.228588,3.779403,4.481837,1.56735,OverRange,OverRange,OverRange,11.549154,14.28198,-3.175602
2026/05/30 03:11:00.268,n,-2.284143,3.288,4.691422,1.274026,OverRange,OverRange,OverRange,11.663564,14.285206,-3.197189
2026/05/30 03:12:00.269,n,-2.096823,5.970145,4.980631,1.222932,OverRange,OverRange,OverRange,11.656728,14.290566,-3.111354
2026/05/30 03:13:00.271,n,-2.070521,3.400139,5.065348,1.406004,OverRange,OverRange,OverRange,11.57422,14.293758,-3.144374
2026/05/30 03:14:00.275,n,-2.000469,3.631086,4.967096,1.691043,OverRange,OverRange,OverRange,11.613978,14.302392,-2.934226
2026/05/30 03:15:00.274,n,-2.026771,3.207941,4.901835,1.600955,OverRange,OverRange,OverRange,11.544622,14.301318,-3.039343
2026/05/30 03:16:00.278,n,-2.053201,6.535062,5.191078,1.566974,OverRange,OverRange,OverRange,11.610922,14.318488,-3.025691
2026/05/30 03:17:00.278,n,-2.143653,6.599183,4.965645,1.739233,OverRange,OverRange,OverRange,11.565892,14.31637,-3.080212
2026/05/30 03:18:00.280,n,-2.00945,6.78746,4.932673,1.633916,OverRange,OverRange,OverRange,11.594748,14.33139,-2.992671
2026/05/30 03:19:00.266,n,-1.912583,3.373748,4.976572,1.391259,OverRange,OverRange,OverRange,11.559566,14.330316,-3.014002
2026/05/30 03:20:00.268,n,-2.073857,6.41167,4.904667,1.357512,OverRange,OverRange,OverRange,11.65119,14.33675,-3.010162
2026/05/30 03:21:00.273,n,-1.97699,6.28883,5.257665,1.591285,OverRange,OverRange,OverRange,11.626394,14.349684,-3.027654
2026/05/30 03:22:00.276,n,-1.883459,3.349575,4.856791,1.674486,OverRange,OverRange,OverRange,11.555004,14.350728,-2.938065
2026/05/30 03:23:00.273,n,-2.091178,3.341146,4.910647,1.748009,OverRange,OverRange,OverRange,11.582058,14.359298,-3.158196
2026/05/30 03:24:00.276,n,-2.000341,3.642119,5.002046,1.728042,OverRange,OverRange,OverRange,11.609162,14.367884,-2.959481
2026/05/30 03:25:00.277,n,-1.863059,3.187541,5.116558,1.472517,OverRange,OverRange,OverRange,11.579046,14.367884,-2.988747
2026/05/30 03:26:00.283,n,-1.936062,6.507027,5.330304,1.309011,OverRange,OverRange,OverRange,11.62257,14.37435,-2.924584
2026/05/30 03:27:00.281,n,-2.14083,6.421975,4.899413,1.68665,OverRange,OverRange,OverRange,11.595978,14.378634,-3.128931
2026/05/30 03:28:00.267,n,-2.090921,3.481557,4.374511,1.236991,OverRange,OverRange,OverRange,11.573232,14.388328,-2.963406
2026/05/30 03:29:00.270,n,-2.108627,5.085899,5.261337,1.464291,OverRange,OverRange,OverRange,11.609182,14.39693,-3.062806
2026/05/30 03:30:00.271,n,-2.026643,6.39619,5.174349,1.446071,OverRange,OverRange,OverRange,11.549678,14.39693,-3.033626
2026/05/30 03:31:00.272,n,-2.085404,6.33656,4.574603,1.410467,OverRange,OverRange,OverRange,11.563594,14.403364,-3.047192
2026/05/30 03:32:00.276,n,-2.18163,6.170169,5.283669,1.554737,OverRange,OverRange,OverRange,11.560812,14.403364,-3.088061
2026/05/30 03:33:00.278,n,-2.126204,3.53709,4.883565,1.620355,OverRange,OverRange,OverRange,11.46433,14.414102,-3.080382
2026/05/30 03:34:00.278,n,-2.064748,4.103775,4.924521,1.213514,OverRange,OverRange,OverRange,11.5112,14.410322,-2.975095
2026/05/30 03:35:00.281,n,-2.200234,6.448761,5.013853,1.524394,OverRange,OverRange,OverRange,11.550868,14.410322,-3.016306
2026/05/30 03:36:00.283,n,-2.200106,5.925554,4.850401,1.564835,OverRange,OverRange,OverRange,11.535156,14.409686,-3.068949
2026/05/30 03:37:00.268,n,-1.988665,6.286136,5.801307,0.89209,OverRange,OverRange,OverRange,11.562816,14.425618,-2.975266
2026/05/30 03:38:00.270,n,-2.13557,6.078897,6.05522,0.048726,OverRange,OverRange,OverRange,11.612178,14.427802,-3.094205
2026/05/30 03:39:00.273,n,-2.047684,6.258098,6.1122,0.118637,OverRange,OverRange,OverRange,11.537512,14.432118,-3.057175
2026/05/30 03:40:00.274,n,-2.068212,6.2681,6.083298,0.220335,OverRange,OverRange,OverRange,11.537248,14.440672,-3.084478
2026/05/30 03:41:00.276,n,-2.039088,6.363376,5.777794,1.137328,OverRange,OverRange,OverRange,11.476192,14.444988,-3.031834
2026/05/30 03:42:00.278,n,-2.10914,6.391942,4.561878,1.052497,OverRange,OverRange,OverRange,11.603292,14.446032,-2.963747
2026/05/30 03:43:00.280,n,-2.056536,6.425012,5.173602,1.389085,OverRange,OverRange,OverRange,11.55188,14.453542,-2.990965
2026/05/30 03:44:00.265,n,-2.103366,6.589956,4.833099,1.282265,OverRange,OverRange,OverRange,11.545812,14.456752,-3.059308
2026/05/30 03:45:00.284,n,-2.091563,3.766465,4.499994,1.371751,OverRange,OverRange,OverRange,11.601262,14.465404,-3.102054
2026/05/30 03:46:00.269,n,-2.044989,4.885216,5.813573,0.79581,OverRange,OverRange,OverRange,11.667828,14.469654,-3.100092
2026/05/30 03:47:00.271,n,-2.02459,6.503206,5.239178,1.468978,OverRange,OverRange,OverRange,11.654902,14.477198,-3.088573
2026/05/30 03:48:00.274,n,-2.059359,3.733409,4.14932,1.229831,OverRange,OverRange,OverRange,11.625798,14.47609,-3.117498
2026/05/30 03:49:00.275,n,-2.270158,3.70086,3.802648,0.112253,OverRange,OverRange,OverRange,11.717692,14.48259,-3.020145
2026/05/30 03:50:00.261,n,-2.059616,4.341828,4.699665,1.327524,OverRange,OverRange,OverRange,11.69185,14.495428,-3.002739
2026/05/30 03:51:00.262,n,-2.120944,6.390904,4.971432,1.431892,OverRange,OverRange,OverRange,11.693116,14.500788,-3.051458
2026/05/30 03:52:00.281,n,-2.100544,3.881792,5.285947,1.321084,OverRange,OverRange,OverRange,11.604568,14.5083,-3.086355
2026/05/30 03:53:00.266,n,-2.199977,3.396839,5.124507,1.527795,OverRange,OverRange,OverRange,11.662222,14.51366,-3.032005
2026/05/30 03:54:00.269,n,-2.237954,6.231348,4.840516,1.414354,OverRange,OverRange,OverRange,11.696656,14.51366,-3.096253
2026/05/30 03:55:00.270,n,-2.2232,3.762689,3.684097,0.190006,OverRange,OverRange,OverRange,11.563818,14.517992,-3.026117
2026/05/30 03:56:00.273,n,-2.208701,3.343019,5.693726,1.169946,OverRange,OverRange,OverRange,11.611904,14.523352,-2.969634
2026/05/30 03:57:00.256,n,-2.264256,3.603228,5.366909,1.298633,OverRange,OverRange,OverRange,11.606564,14.526528,-3.035759
2026/05/30 03:58:00.260,n,-2.094514,4.24251,5.602158,1.009223,OverRange,OverRange,OverRange,11.551392,14.53298,-2.911274
2026/05/30 03:59:00.263,n,-2.281962,3.948178,4.932543,1.586046,OverRange,OverRange,OverRange,11.567068,14.530862,-3.104102
2026/05/30 04:00:00.264,n,-2.393198,6.22596,5.366905,1.619912,OverRange,OverRange,OverRange,11.629582,14.529756,-3.141132
2026/05/30 04:01:00.266,n,-2.167902,3.425706,4.93965,1.456022,OverRange,OverRange,OverRange,11.456686,14.537298,-3.203246
2026/05/30 04:02:00.268,n,-2.044733,6.467821,5.692431,0.901518,OverRange,OverRange,OverRange,11.548616,14.537298,-2.990965
2026/05/30 04:03:00.268,n,-2.044861,5.238205,4.398947,1.07892,OverRange,OverRange,OverRange,11.441,14.54256,-3.012466
2026/05/30 04:04:00.270,n,-2.046914,6.201248,5.781679,1.154693,OverRange,OverRange,OverRange,11.520192,14.544744,-3.039172
2026/05/30 04:05:00.256,n,-2.047427,6.177254,6.103845,0.325398,OverRange,OverRange,OverRange,11.51237,14.549028,-3.074324
2026/05/30 04:06:00.257,n,-2.018046,4.007054,5.404036,1.022126,OverRange,OverRange,OverRange,11.48908,14.543668,-3.083881
2026/05/30 04:07:00.259,n,-2.167132,6.339727,5.302731,1.234517,OverRange,OverRange,OverRange,11.588054,14.543668,-3.054957
2026/05/30 04:08:00.262,n,-2.193562,5.556003,4.76309,1.417639,OverRange,OverRange,OverRange,11.518932,14.547954,-3.152138
2026/05/30 04:09:00.264,n,-2.214219,3.865178,4.147832,1.024642,OverRange,OverRange,OverRange,11.506038,14.549028,-3.146422
2026/05/30 04:10:00.266,n,-2.299154,4.464449,4.678909,1.468361,OverRange,OverRange,OverRange,11.55537,14.554388,-3.111269
2026/05/30 04:11:00.268,n,-2.126204,6.591883,4.830423,1.452298,OverRange,OverRange,OverRange,11.52298,14.555464,-3.056834
2026/05/30 04:12:00.270,n,-2.06462,6.429989,5.117912,1.437136,OverRange,OverRange,OverRange,11.521724,14.563006,-3.090109
2026/05/30 04:13:00.275,n,-2.263743,3.59919,4.858007,1.577043,OverRange,OverRange,OverRange,11.510326,14.559764,-3.125006
2026/05/30 04:14:00.256,n,-2.284143,6.274355,4.8602,1.56643,OverRange,OverRange,OverRange,11.584494,14.564082,-3.012039
2026/05/30 04:15:00.260,n,-2.299025,6.579648,4.535449,1.663457,OverRange,OverRange,OverRange,11.554886,14.563006,-2.998303
2026/05/30 04:16:00.261,n,-2.129283,4.401336,5.229535,1.247775,OverRange,OverRange,OverRange,11.468556,14.564082,-2.97902
2026/05/30 04:17:00.262,n,-2.249373,3.700015,4.57864,1.237724,OverRange,OverRange,OverRange,11.445012,14.567292,-3.091901
2026/05/30 04:18:00.267,n,-2.322248,6.164005,4.961766,1.50161,OverRange,OverRange,OverRange,11.542242,14.572636,-3.111269
2026/05/30 04:19:00.267,n,-2.190868,6.049324,5.513552,1.150112,OverRange,OverRange,OverRange,11.473892,14.572636,-3.002398
2026/05/30 04:20:00.269,n,-2.152891,3.802095,4.479878,1.062435,OverRange,OverRange,OverRange,11.40653,14.572636,-3.039257
2026/05/30 04:21:00.271,n,-2.225894,3.777155,4.572771,1.44118,OverRange,OverRange,OverRange,11.457164,14.57156,-3.021681
2026/05/30 04:22:00.259,n,-2.316603,3.22689,4.92399,0.988294,OverRange,OverRange,OverRange,11.480714,14.573728,-3.123129
2026/05/30 04:23:00.258,n,-2.304799,6.351,4.676803,1.254421,OverRange,OverRange,OverRange,11.53616,14.575846,-3.017927
2026/05/30 04:24:00.260,n,-2.211268,6.046396,5.181824,1.27453,OverRange,OverRange,OverRange,11.468304,14.582314,-3.10359
2026/05/30 04:25:00.263,n,-2.258098,5.114609,4.809217,1.275459,OverRange,OverRange,OverRange,11.479172,14.577994,-3.021852
2026/05/30 04:26:00.264,n,-2.199079,6.326244,5.482897,1.46474,OverRange,OverRange,OverRange,11.475148,14.583388,-3.064683
2026/05/30 04:27:00.267,n,-2.079631,3.59954,5.165106,1.399155,OverRange,OverRange,OverRange,11.417938,14.57907,-3.035333
2026/05/30 04:28:00.268,n,-2.257713,4.043814,5.110198,1.327861,OverRange,OverRange,OverRange,11.462988,14.581238,-3.099666
2026/05/30 04:29:00.270,n,-2.129027,3.872335,4.219564,1.254551,OverRange,OverRange,OverRange,11.464026,14.580164,-3.049069
2026/05/30 04:30:00.272,n,-2.181887,3.686163,4.912732,1.610105,OverRange,OverRange,OverRange,11.489064,14.585556,-3.208536
2026/05/30 04:31:00.257,n,-2.216913,3.769404,5.2068,1.323865,OverRange,OverRange,OverRange,11.502228,14.584462,-3.163827
2026/05/30 04:32:00.260,n,-2.105804,6.253439,5.03891,1.52472,OverRange,OverRange,OverRange,11.517178,14.583388,-2.988661
2026/05/30 04:33:00.263,n,-2.058846,3.684699,4.470215,1.609827,OverRange,OverRange,OverRange,11.422984,14.589792,-2.986784
2026/05/30 04:34:00.264,n,-2.19074,3.377154,4.807948,1.50066,OverRange,OverRange,OverRange,11.487534,14.587672,-3.051031
2026/05/30 04:35:00.266,n,-2.114657,6.188456,5.37686,1.455025,OverRange,OverRange,OverRange,11.510834,14.595182,-2.906923
2026/05/30 04:36:00.267,n,-2.035495,6.222719,5.952233,0.547734,OverRange,OverRange,OverRange,11.419206,14.589792,-2.91264
2026/05/30 04:37:00.269,n,-2.161615,6.256611,5.792221,1.204524,OverRange,OverRange,OverRange,11.395138,14.59411,-3.021766
2026/05/30 04:38:00.271,n,-2.102853,3.522843,5.770256,1.101351,OverRange,OverRange,OverRange,11.371852,14.589792,-2.994463
2026/05/30 04:39:00.273,n,-2.278497,6.309284,6.20891,0.09589,OverRange,OverRange,OverRange,11.405026,14.587672,-3.119033
2026/05/30 04:40:00.259,n,-2.126461,3.946716,3.79174,0.227329,OverRange,OverRange,OverRange,11.361714,14.589792,-2.994549
2026/05/30 04:41:00.260,n,-2.331101,4.321407,4.198486,0.913838,OverRange,OverRange,OverRange,11.41187,14.585556,-3.03738
2026/05/30 04:42:00.264,n,-2.117736,6.235347,5.868811,1.228365,OverRange,OverRange,OverRange,11.407284,14.580164,-2.947792
2026/05/30 04:43:00.264,n,-2.070778,3.767326,4.566255,1.160153,OverRange,OverRange,OverRange,11.368272,14.583388,-2.94583
2026/05/30 04:44:00.268,n,-2.053201,3.566998,5.061493,1.587588,OverRange,OverRange,OverRange,11.38728,14.576954,-2.906752
2026/05/30 04:45:00.268,n,-2.038446,3.815808,4.779486,1.353343,OverRange,OverRange,OverRange,11.315598,14.57907,-2.971
2026/05/30 04:46:00.271,n,-2.020869,6.252924,4.715047,1.366073,OverRange,OverRange,OverRange,11.386766,14.570582,-2.899073
2026/05/30 04:47:00.276,n,-2.202158,3.742508,4.718105,1.236493,OverRange,OverRange,OverRange,11.347372,14.5502,-3.076202
2026/05/30 04:48:00.274,n,-2.363176,3.808322,4.16261,1.164444,OverRange,OverRange,OverRange,11.404358,14.555528,-3.066475
2026/05/30 04:49:00.261,n,-2.316346,6.507329,4.343405,1.087511,OverRange,OverRange,OverRange,11.451462,14.552304,-2.95914
2026/05/30 04:50:00.262,n,-2.240136,6.458868,4.695264,1.45242,OverRange,OverRange,OverRange,11.384832,14.552304,-2.973047
2026/05/30 04:51:00.264,n,-2.173034,3.698859,4.160112,1.147013,OverRange,OverRange,OverRange,11.351686,14.556636,-2.910762
2026/05/30 04:52:00.266,n,-2.281192,6.714835,5.092006,1.365896,OverRange,OverRange,OverRange,11.418284,14.557678,-3.045059
2026/05/30 04:53:00.268,n,-2.292867,5.748748,4.912003,1.372228,OverRange,OverRange,OverRange,11.355236,14.551276,-3.159988
2026/05/30 04:54:00.269,n,-2.325071,6.255881,5.187701,1.180948,OverRange,OverRange,OverRange,11.37114,14.545868,-3.014002
2026/05/30 04:55:00.271,n,-2.243343,3.619494,5.226671,1.353355,OverRange,OverRange,OverRange,11.303538,14.545868,-3.095655
2026/05/30 04:56:00.274,n,-2.137751,3.636689,5.420326,1.349787,OverRange,OverRange,OverRange,11.312394,14.552304,-3.008029
2026/05/30 04:57:00.275,n,-2.240264,3.383019,4.981757,1.558268,OverRange,OverRange,OverRange,11.325848,14.5502,-3.03721
2026/05/30 04:58:00.261,n,-2.149683,5.592864,5.209236,1.192085,OverRange,OverRange,OverRange,11.341828,14.549094,-2.998217
2026/05/30 04:59:00.263,n,-2.067442,3.521323,4.20445,1.210487,OverRange,OverRange,OverRange,11.311894,14.549094,-2.90095
2026/05/30 05:00:00.265,n,-2.307493,4.72425,5.248579,1.401957,OverRange,OverRange,OverRange,11.292634,14.53839,-3.101542
2026/05/30 05:01:00.266,n,-2.184709,6.305753,5.332629,1.401927,OverRange,OverRange,OverRange,11.342814,14.541582,-2.953594
2026/05/30 05:02:00.268,n,-2.102725,3.716119,4.470728,1.426414,OverRange,OverRange,OverRange,11.307364,14.542624,-2.924243
2026/05/30 05:03:00.271,n,-2.304542,6.188955,5.336664,1.211467,OverRange,OverRange,OverRange,11.374746,14.531938,-3.011954
2026/05/30 05:04:00.272,n,-2.304671,6.300653,4.60773,1.528809,OverRange,OverRange,OverRange,11.351446,14.529756,-3.072277
2026/05/30 05:05:00.275,n,-2.169955,3.885945,3.915411,0.356022,OverRange,OverRange,OverRange,11.349656,14.539466,-2.976887
2026/05/30 05:06:00.276,n,-2.377674,6.066134,5.529943,1.108928,OverRange,OverRange,OverRange,11.407176,14.528712,-3.116986
2026/05/30 05:07:00.263,n,-2.146604,6.108077,5.708205,1.29974,OverRange,OverRange,OverRange,11.338008,14.528712,-3.031493
2026/05/30 05:08:00.264,n,-2.190483,3.69625,4.383072,1.174155,OverRange,OverRange,OverRange,11.297978,14.52547,-3.086014
2026/05/30 05:09:00.266,n,-2.278241,3.564738,3.802963,0.180285,OverRange,OverRange,OverRange,11.400578,14.53821,-2.992416
2026/05/30 05:10:00.270,n,-1.892953,3.748282,4.736978,1.32758,OverRange,OverRange,OverRange,11.398708,14.547138,-2.815884
2026/05/30 05:11:00.272,n,-2.067699,3.058165,5.257772,1.422373,OverRange,OverRange,OverRange,11.415344,14.540702,-2.918527
2026/05/30 05:12:00.275,n,-2.143653,6.271189,5.393128,1.45714,OverRange,OverRange,OverRange,11.418376,14.535328,-2.980811
2026/05/30 05:13:00.275,n,-2.135057,6.58677,4.915499,1.724371,OverRange,OverRange,OverRange,11.371776,14.536436,-3.062636
2026/05/30 05:14:00.277,n,-2.164181,6.510753,4.985382,1.314297,OverRange,OverRange,OverRange,11.41357,14.538586,-3.002142
2026/05/30 05:15:00.280,n,-2.058974,5.594081,4.945763,1.384149,OverRange,OverRange,OverRange,11.429266,14.547138,-2.934055
2026/05/30 05:16:00.265,n,-2.076552,3.497873,4.370523,1.552577,OverRange,OverRange,OverRange,11.386968,14.543944,-2.953509
2026/05/30 05:17:00.268,n,-2.175856,6.151022,5.908396,1.387109,OverRange,OverRange,OverRange,11.41914,14.542902,-3.027398
2026/05/30 05:18:00.268,n,-2.032544,6.765231,4.712775,1.613041,OverRange,OverRange,OverRange,11.40089,14.547138,-2.928253
2026/05/30 05:19:00.271,n,-2.038318,6.650107,5.109933,1.59256,OverRange,OverRange,OverRange,11.393042,14.549304,-2.951632
2026/05/30 05:20:00.275,n,-2.038575,5.676693,5.17779,1.508343,OverRange,OverRange,OverRange,11.387242,14.54823,-2.99634
2026/05/30 05:21:00.273,n,-2.146732,3.815067,5.046484,1.500252,OverRange,OverRange,OverRange,11.40421,14.547138,-2.992416
2026/05/30 05:22:00.276,n,-2.178936,5.575777,5.464249,1.29056,OverRange,OverRange,OverRange,11.432576,14.547138,-2.971085
2026/05/30 05:23:00.278,n,-2.032416,3.214666,5.089403,1.557697,OverRange,OverRange,OverRange,11.363942,14.547138,-3.017841
2026/05/30 05:24:00.280,n,-2.228588,3.812887,3.809243,0.038193,OverRange,OverRange,OverRange,11.430024,14.541794,-2.938065
2026/05/30 05:25:00.266,n,-2.319297,6.682404,4.294749,1.172682,OverRange,OverRange,OverRange,11.436366,14.541794,-3.04122
2026/05/30 05:26:00.268,n,-2.126076,3.355747,4.346106,1.045252,OverRange,OverRange,OverRange,11.40775,14.549304,-2.9088
2026/05/30 05:27:00.270,n,-2.061925,5.707523,5.57569,1.160088,OverRange,OverRange,OverRange,11.428488,14.542902,-3.004105
2026/05/30 05:28:00.271,n,-2.047171,3.504272,4.742754,1.410954,OverRange,OverRange,OverRange,11.355306,14.546062,-2.949669
2026/05/30 05:29:00.273,n,-2.178936,4.97161,5.101319,1.595712,OverRange,OverRange,OverRange,11.415334,14.542902,-3.047021
2026/05/30 05:30:00.275,n,-2.096695,6.581662,5.06238,1.618907,OverRange,OverRange,OverRange,11.403438,14.55253,-2.998473
2026/05/30 05:31:00.278,n,-2.27529,3.554083,4.768336,1.559161,OverRange,OverRange,OverRange,11.407242,14.549304,-3.105467
2026/05/30 05:32:00.279,n,-2.225766,5.535309,4.907071,1.490745,OverRange,OverRange,OverRange,11.396342,14.553574,-2.916564
2026/05/30 05:33:00.281,n,-2.129027,6.50703,4.817191,1.313642,OverRange,OverRange,OverRange,11.41126,14.547138,-2.918441
2026/05/30 05:34:00.267,n,-2.30172,6.44356,4.710782,1.43432,OverRange,OverRange,OverRange,11.380128,14.546062,-3.021681
2026/05/30 05:35:00.268,n,-2.272467,4.252225,4.145533,0.969428,OverRange,OverRange,OverRange,11.405212,14.543944,-3.062636
2026/05/30 05:36:00.270,n,-2.097208,3.723986,5.0563,1.36477,OverRange,OverRange,OverRange,11.397854,14.549304,-3.050946
2026/05/30 05:37:00.274,n,-2.298897,3.966973,3.864217,0.104312,OverRange,OverRange,OverRange,11.435614,14.541794,-3.080127
2026/05/30 05:38:00.276,n,-2.257841,6.065017,5.44368,1.238851,OverRange,OverRange,OverRange,11.46574,14.544988,-2.980812
2026/05/30 05:39:00.276,n,-2.246294,6.160739,5.012301,1.264661,OverRange,OverRange,OverRange,11.436366,14.543944,-3.037295
2026/05/30 05:40:00.279,n,-2.094001,6.247999,6.182769,0.100945,OverRange,OverRange,OverRange,11.377366,14.55038,-3.093863
2026/05/30 05:41:00.280,n,-2.152634,6.044396,5.728258,1.114448,OverRange,OverRange,OverRange,11.432562,14.55253,-3.021681
2026/05/30 05:42:00.282,n,-2.064876,6.278253,5.421222,1.186117,OverRange,OverRange,OverRange,11.381638,14.54823,-3.035418
2026/05/30 05:43:00.268,n,-2.058846,6.492599,5.326193,1.099268,OverRange,OverRange,OverRange,11.411022,14.549304,-3.013917
2026/05/30 05:44:00.269,n,-2.190611,6.174356,4.543524,1.242974,OverRange,OverRange,OverRange,11.47308,14.54823,-3.017671
2026/05/30 05:45:00.271,n,-2.164438,3.382975,4.954186,1.324968,OverRange,OverRange,OverRange,11.381654,14.549304,-3.068437
2026/05/30 05:46:00.274,n,-2.096951,3.737182,4.580809,1.502162,OverRange,OverRange,OverRange,11.394308,14.546062,-2.947877
2026/05/30 05:47:00.275,n,-2.167132,3.894583,5.404223,1.297142,OverRange,OverRange,OverRange,11.378866,14.55253,-2.945744
2026/05/30 05:48:00.277,n,-2.076295,3.31978,5.223589,1.472994,OverRange,OverRange,OverRange,11.408494,14.547138,-2.903083
2026/05/30 05:49:00.279,n,-2.079631,6.089253,5.803575,0.836031,OverRange,OverRange,OverRange,11.420918,14.549304,-2.864005
2026/05/30 05:50:00.283,n,-2.041269,3.762772,5.165005,1.141943,OverRange,OverRange,OverRange,11.351518,14.551456,-2.996426
2026/05/30 05:51:00.284,n,-2.175856,3.74146,4.906297,1.539986,OverRange,OverRange,OverRange,11.403454,14.54823,-2.978935
2026/05/30 05:52:00.269,n,-2.137879,6.507121,4.643509,1.431356,OverRange,OverRange,OverRange,11.465226,14.55253,-2.889346
2026/05/30 05:53:00.271,n,-2.137879,6.243765,6.139281,0.128075,OverRange,OverRange,OverRange,11.39206,14.557892,-3.027568
2026/05/30 05:54:00.273,n,-1.985458,3.718688,4.493899,1.382865,OverRange,OverRange,OverRange,11.379136,14.549304,-2.980897
2026/05/30 05:55:00.277,n,-2.02985,3.299284,5.491207,1.205388,OverRange,OverRange,OverRange,11.401648,14.547138,-3.019804
2026/05/30 05:56:00.278,n,-2.205109,5.987074,5.966922,0.417925,OverRange,OverRange,OverRange,11.463196,14.55038,-2.982859
2026/05/30 05:57:00.265,n,-2.070906,6.197895,5.342571,1.511005,OverRange,OverRange,OverRange,11.438376,14.551456,-2.94182
2026/05/30 05:58:00.267,n,-2.158408,3.320784,4.66888,1.376848,OverRange,OverRange,OverRange,11.4151,14.551456,-3.064427
2026/05/30 05:59:00.268,n,-2.064748,3.901289,4.72693,1.295498,OverRange,OverRange,OverRange,11.376822,14.558966,-3.013917
2026/05/30 06:00:00.269,n,-2.22846,3.690016,4.220394,1.051508,OverRange,OverRange,OverRange,11.472072,14.55574,-3.115279
2026/05/30 06:01:00.271,n,-2.287222,6.167724,5.39872,1.189352,OverRange,OverRange,OverRange,11.483968,14.558966,-3.122958
2026/05/30 06:02:00.272,n,-2.129155,3.455381,5.310982,1.309723,OverRange,OverRange,OverRange,11.430034,14.554666,-3.12876
2026/05/30 06:03:00.257,n,-2.085148,3.840074,3.852541,0.266502,OverRange,OverRange,OverRange,11.508774,14.562176,-2.959652
2026/05/30 06:04:00.259,n,-2.005986,6.141835,5.812794,0.810799,OverRange,OverRange,OverRange,11.489294,14.568612,-2.93013
2026/05/30 06:05:00.262,n,-2.064748,6.138587,4.995316,1.17928,OverRange,OverRange,OverRange,11.48523,14.563252,-2.967245
2026/05/30 06:06:00.263,n,-2.129027,3.660044,4.579156,1.370004,OverRange,OverRange,OverRange,11.442434,14.568612,-3.082004
2026/05/30 06:07:00.265,n,-2.149555,6.329369,4.676596,1.450099,OverRange,OverRange,OverRange,11.508256,14.568612,-2.99634
2026/05/30 06:08:00.267,n,-1.950817,6.181019,5.681534,1.032763,OverRange,OverRange,OverRange,11.454606,14.571836,-2.965198
2026/05/30 06:09:00.269,n,-1.892183,3.69696,5.244,1.440478,OverRange,OverRange,OverRange,11.437878,14.571836,-2.955471
2026/05/30 06:10:00.271,n,-2.184709,3.857841,4.230883,1.011812,OverRange,OverRange,OverRange,11.510056,14.57293,-2.986699
2026/05/30 06:11:00.256,n,-2.161359,6.101699,5.838379,0.991955,OverRange,OverRange,OverRange,11.527024,14.578304,-3.033455
2026/05/30 06:12:00.258,n,-2.017918,3.835763,4.399961,1.014546,OverRange,OverRange,OverRange,11.491822,14.578304,-2.996511
2026/05/30 06:13:00.262,n,-2.105804,3.727471,4.593507,1.307034,OverRange,OverRange,OverRange,11.526236,14.580406,-2.97117
2026/05/30 06:14:00.263,n,-2.094,3.305787,5.463707,1.210817,OverRange,OverRange,OverRange,11.51916,14.581482,-3.072277
2026/05/30 06:15:00.265,n,-2.120431,4.152331,4.385758,1.10193,OverRange,OverRange,OverRange,11.54775,14.581482,-3.010077
2026/05/30 06:16:00.266,n,-2.026642,3.735129,4.868742,1.284437,OverRange,OverRange,OverRange,11.534078,14.58474,-2.920404
2026/05/30 06:17:00.270,n,-2.164053,4.749027,4.56496,1.02115,OverRange,OverRange,OverRange,11.571804,14.58474,-2.955642
2026/05/30 06:18:00.271,n,-2.152634,5.505798,5.473921,0.815662,OverRange,OverRange,OverRange,11.563212,14.583632,-3.054786
2026/05/30 06:19:00.257,n,-2.035495,3.942383,3.766732,0.13835,OverRange,OverRange,OverRange,11.539414,14.585814,-2.922537
2026/05/30 06:20:00.257,n,-2.02382,6.176131,5.922025,1.031985,OverRange,OverRange,OverRange,11.546758,14.592218,-2.932008
2026/05/30 06:21:00.259,n,-2.21409,3.724369,4.399889,1.116073,OverRange,OverRange,OverRange,11.502182,14.593292,-3.115279
2026/05/30 06:22:00.262,n,-2.21409,6.427385,4.697373,1.395418,OverRange,OverRange,OverRange,11.624456,14.59761,-2.978934
2026/05/30 06:23:00.264,n,-2.134929,6.304096,4.763079,1.344862,OverRange,OverRange,OverRange,11.59052,14.601896,-3.015879
2026/05/30 06:24:00.266,n,-2.123125,6.072616,5.68898,1.183932,OverRange,OverRange,OverRange,11.588268,14.60294,-3.056834
2026/05/30 06:25:00.270,n,-2.009194,3.38319,4.589547,1.257868,OverRange,OverRange,OverRange,11.554352,14.606164,-3.011954
2026/05/30 06:26:00.271,n,-2.094129,4.047814,4.666439,1.366286,OverRange,OverRange,OverRange,11.584458,14.604046,-2.953594
2026/05/30 06:27:00.272,n,-2.167261,3.798473,4.584239,1.465807,OverRange,OverRange,OverRange,11.563198,14.610482,-2.974924
2026/05/30 06:28:00.257,n,-2.173162,3.724336,5.005816,1.455384,OverRange,OverRange,OverRange,11.57661,14.611558,-3.03337
2026/05/30 06:29:00.259,n,-2.18163,4.756589,5.402106,1.146437,OverRange,OverRange,OverRange,11.625708,14.614736,-3.050946
2026/05/30 06:30:00.265,n,-2.181758,6.504571,4.987076,1.524877,OverRange,OverRange,OverRange,11.636846,14.622246,-3.072277
2026/05/30 06:31:00.264,n,-2.053201,6.229019,5.338058,1.279856,OverRange,OverRange,OverRange,11.627238,14.623352,-3.09958
2026/05/30 06:32:00.265,n,-2.158408,5.986405,5.40533,1.228123,OverRange,OverRange,OverRange,11.659378,14.630862,-3.054871
2026/05/30 06:33:00.267,n,-2.076552,6.261235,5.641745,1.137005,OverRange,OverRange,OverRange,11.61459,14.63515,-3.012125
2026/05/30 06:34:00.269,n,-1.979813,6.178719,5.653555,1.149229,OverRange,OverRange,OverRange,11.610286,14.636256,-2.998388
2026/05/30 06:35:00.271,n,-2.061925,6.502544,4.273473,1.117153,OverRange,OverRange,OverRange,11.600148,14.639434,-2.967245
2026/05/30 06:36:00.272,n,-2.216784,6.184036,5.778796,1.196147,OverRange,OverRange,OverRange,11.59485,14.646944,-3.029531
2026/05/30 06:37:00.259,n,-2.085148,3.454243,4.70472,1.317805,OverRange,OverRange,OverRange,11.547516,14.64481,-2.998473
2026/05/30 06:38:00.262,n,-2.287094,3.79348,4.898629,1.549044,OverRange,OverRange,OverRange,11.600164,14.647532,-3.113232
2026/05/30 06:39:00.264,n,-2.082582,6.186277,5.408407,1.51454,OverRange,OverRange,OverRange,11.664648,14.653934,-2.952058
2026/05/30 06:40:00.267,n,-1.857285,3.432272,4.775521,1.556359,OverRange,OverRange,OverRange,11.625668,14.643294,-2.926632
2026/05/30 06:41:00.269,n,-2.056922,3.867964,4.736313,1.425107,OverRange,OverRange,OverRange,11.643022,14.64116,-2.983115
2026/05/30 06:42:00.269,n,-2.150068,3.666969,4.179219,1.150319,OverRange,OverRange,OverRange,11.708562,14.642268,-2.977143
2026/05/30 06:43:00.274,n,-2.27606,4.195665,4.652213,1.38302,OverRange,OverRange,OverRange,11.720928,14.643294,-3.092072
2026/05/30 06:44:00.274,n,-2.083095,3.729632,4.62239,1.389621,OverRange,OverRange,OverRange,11.68275,14.650806,-2.9617
2026/05/30 06:45:00.276,n,-2.109397,6.100421,6.203553,0.158037,OverRange,OverRange,OverRange,11.705526,14.656182,-2.977058
2026/05/30 06:46:00.263,n,-2.118249,3.192686,4.687587,1.333525,OverRange,OverRange,OverRange,11.67389,14.657242,-3.029786
2026/05/30 06:47:00.262,n,-2.296588,6.419256,5.108852,1.540871,OverRange,OverRange,OverRange,11.715628,14.656182,-3.045401
2026/05/30 06:48:00.265,n,-2.211524,6.427614,5.257145,1.430082,OverRange,OverRange,OverRange,11.689062,14.665794,-3.064854
2026/05/30 06:49:00.267,n,-2.100544,3.869864,4.669375,1.415709,OverRange,OverRange,OverRange,11.679448,14.671188,-3.022022
2026/05/30 06:50:00.269,n,-2.2028,3.307279,4.529938,1.491975,OverRange,OverRange,OverRange,11.709824,14.66371,-3.086184
2026/05/30 06:51:00.271,n,-2.162257,3.688452,5.283152,1.427866,OverRange,OverRange,OverRange,11.684016,14.674414,-3.060844
2026/05/30 06:52:00.274,n,-2.082838,6.205045,5.332995,1.238637,OverRange,OverRange,OverRange,11.691096,14.678732,-2.994805
2026/05/30 06:53:00.274,n,-2.050891,3.686607,5.211933,1.353659,OverRange,OverRange,OverRange,11.664276,14.677624,-3.014173
2026/05/30 06:54:00.277,n,-2.255403,6.550525,4.613711,1.097974,OverRange,OverRange,OverRange,11.694642,14.682998,-3.043353
2026/05/30 06:55:00.263,n,-2.208573,6.4906,5.435664,1.379291,OverRange,OverRange,OverRange,11.68654,14.682998,-3.051117
2026/05/30 06:56:00.265,n,-2.164694,6.208106,5.098405,1.322483,OverRange,OverRange,OverRange,11.666046,14.688358,-2.955897
2026/05/30 06:57:00.269,n,-2.191253,3.75341,3.70993,0.143083,OverRange,OverRange,OverRange,11.689312,14.685134,-3.004531
2026/05/30 06:58:00.268,n,-2.2028,4.782658,5.24309,1.466284,OverRange,OverRange,OverRange,11.649328,14.695838,-3.061014
2026/05/30 06:59:00.272,n,-2.167645,3.864884,4.323515,0.638584,OverRange,OverRange,OverRange,11.666306,14.692678,-3.094119
2026/05/30 07:00:00.275,n,-2.369591,6.751657,4.271957,1.215912,OverRange,OverRange,OverRange,11.697932,14.692678,-3.104017
2026/05/30 07:01:00.277,n,-2.205751,3.711362,4.854657,1.492669,OverRange,OverRange,OverRange,11.663774,14.698004,-3.064939
2026/05/30 07:02:00.276,n,-2.311086,3.741288,4.490975,1.302247,OverRange,OverRange,OverRange,11.698442,14.705516,-3.136951
2026/05/30 07:03:00.285,n,-2.334565,6.082248,4.541737,1.140836,OverRange,OverRange,OverRange,11.79127,14.703398,-3.109648
2026/05/30 07:04:00.265,n,-2.182528,6.077546,5.501292,0.91484,OverRange,OverRange,OverRange,11.752828,14.711952,-3.0611
2026/05/30 07:05:00.267,n,-2.223456,6.011143,5.007601,1.345843,OverRange,OverRange,OverRange,11.740682,14.72813,-3.039599
2026/05/30 07:06:00.266,n,-1.959284,4.613339,4.686047,1.365648,OverRange,OverRange,OverRange,11.710902,14.730218,-2.934055
2026/05/30 07:07:00.269,n,-1.976733,6.468547,5.097788,1.540776,OverRange,OverRange,OverRange,11.719014,14.730218,-2.93798
2026/05/30 07:08:00.270,n,-1.930032,3.356564,4.604299,1.489049,OverRange,OverRange,OverRange,11.682328,14.727038,-2.910677
2026/05/30 07:09:00.275,n,-1.897957,6.496014,5.102209,1.572073,OverRange,OverRange,OverRange,11.712922,14.731994,-2.747029
2026/05/30 07:10:00.275,n,-2.249373,5.995473,5.696654,1.126748,OverRange,OverRange,OverRange,11.743496,14.735218,-3.084307
2026/05/30 07:11:00.277,n,-2.085918,3.803982,4.867202,1.498492,OverRange,OverRange,OverRange,11.697714,14.728784,-3.023728
2026/05/30 07:12:00.279,n,-2.231796,6.2565,5.07629,1.396077,OverRange,OverRange,OverRange,11.740224,14.738462,-3.006323
2026/05/30 07:13:00.264,n,-2.044861,3.405393,4.847051,1.463864,OverRange,OverRange,OverRange,11.65975,14.741686,-2.992671
2026/05/30 07:14:00.266,n,-2.307878,3.746254,3.912302,0.326175,OverRange,OverRange,OverRange,11.726812,14.739534,-3.101627
2026/05/30 07:15:00.269,n,-2.138008,6.216421,6.229794,0.274145,OverRange,OverRange,OverRange,11.75466,14.739534,-2.963662
2026/05/30 07:16:00.270,n,-2.065261,3.838137,4.791471,1.333164,OverRange,OverRange,OverRange,11.715932,14.750238,-2.969379
2026/05/30 07:17:00.272,n,-2.17637,6.09593,5.405529,1.466518,OverRange,OverRange,OverRange,11.756664,14.74809,-3.00436
2026/05/30 07:18:00.274,n,-2.094514,6.534728,5.000292,1.490149,OverRange,OverRange,OverRange,11.70631,14.74809,-2.951887
2026/05/30 07:19:00.277,n,-2.217426,6.212535,4.833105,1.230305,OverRange,OverRange,OverRange,11.758698,14.749166,-2.965454
2026/05/30 07:20:00.278,n,-2.132491,3.505657,3.929744,0.739243,OverRange,OverRange,OverRange,11.733644,14.753482,-2.965539
2026/05/30 07:21:00.282,n,-2.270029,3.683746,4.454558,1.094669,OverRange,OverRange,OverRange,11.753892,14.750238,-3.029616
2026/05/30 07:22:00.266,n,-2.34624,3.748234,3.725507,0.051616,OverRange,OverRange,OverRange,11.773866,14.751332,-3.07441
2026/05/30 07:23:00.269,n,-2.24963,5.312697,4.813014,1.051435,OverRange,OverRange,OverRange,11.75845,14.753482,-2.943953
2026/05/30 07:24:00.270,n,-2.196898,3.770459,3.969343,0.815771,OverRange,OverRange,OverRange,11.735418,14.754558,-3.021852
2026/05/30 07:25:00.272,n,-2.310958,5.671397,4.856855,1.349587,OverRange,OverRange,OverRange,11.78829,14.754558,-2.984992
2026/05/30 07:26:00.275,n,-2.217426,3.805714,3.647098,0.253154,OverRange,OverRange,OverRange,11.748322,14.760994,-2.996596
2026/05/30 07:27:00.279,n,-2.094385,6.564115,5.070219,1.43018,OverRange,OverRange,OverRange,11.750596,14.759918,-2.924585
2026/05/30 07:28:00.279,n,-1.883843,3.788611,5.180024,1.375172,OverRange,OverRange,OverRange,11.696686,14.764186,-2.906923
2026/05/30 07:29:00.280,n,-2.073857,3.454467,5.36001,1.514723,OverRange,OverRange,OverRange,11.708344,14.768472,-2.889517
2026/05/30 07:30:00.282,n,-1.930417,4.682488,5.151798,1.43933,OverRange,OverRange,OverRange,11.74326,14.765244,-2.78039
2026/05/30 07:31:00.268,n,-2.036137,6.340311,4.924836,1.562984,OverRange,OverRange,OverRange,11.751862,14.768472,-2.852487
2026/05/30 07:32:00.271,n,-1.930545,3.700214,4.445853,1.293816,OverRange,OverRange,OverRange,11.73314,14.769548,-2.784486
2026/05/30 07:33:00.274,n,-1.948379,4.520837,4.896128,1.208864,OverRange,OverRange,OverRange,11.725296,14.770638,-2.809656
2026/05/30 07:34:00.274,n,-1.857413,3.709754,4.590123,1.444364,OverRange,OverRange,OverRange,11.75617,14.770638,-2.712388
2026/05/30 07:35:00.278,n,-1.804938,6.415648,5.778828,0.993852,OverRange,OverRange,OverRange,11.725796,14.77494,-2.759059
2026/05/30 07:36:00.278,n,-1.696524,6.030534,5.806605,0.8361,OverRange,OverRange,OverRange,11.72987,14.780236,-2.634404
2026/05/30 07:37:00.279,n,-1.585544,5.248262,4.184684,0.676944,OverRange,OverRange,OverRange,11.707312,14.778102,-2.591658
2026/05/30 07:38:00.284,n,-1.617619,6.217078,4.945314,1.40662,OverRange,OverRange,OverRange,11.7635,14.779192,-2.433897
2026/05/30 07:39:00.283,n,-1.53897,6.376112,5.009716,1.19129,OverRange,OverRange,OverRange,11.687836,14.782418,-2.585941
2026/05/30 07:40:00.270,n,-1.527167,6.477453,5.312752,1.467387,OverRange,OverRange,OverRange,11.71669,14.780236,-2.467087
2026/05/30 07:41:00.273,n,-1.494707,3.510072,4.980824,1.283493,OverRange,OverRange,OverRange,11.717214,14.781376,-2.441832
2026/05/30 07:42:00.275,n,-1.667271,3.620885,4.201913,1.136433,OverRange,OverRange,OverRange,11.744268,14.78563,-2.490466
2026/05/30 07:43:00.276,n,-1.521265,6.227893,5.188994,1.295948,OverRange,OverRange,OverRange,11.738958,14.786704,-2.393113
2026/05/30 07:44:00.262,n,-1.263637,3.839792,4.870016,1.599816,OverRange,OverRange,OverRange,11.665564,14.78778,-2.284072
2026/05/30 07:45:00.265,n,-1.334202,4.620751,4.609444,1.070937,OverRange,OverRange,OverRange,11.751354,14.789962,-2.235523
2026/05/30 07:46:00.265,n,-1.170105,3.382671,4.712364,1.422145,OverRange,OverRange,OverRange,11.735932,14.79314,-2.169228
2026/05/30 07:47:00.267,n,-0.88656,4.115166,5.069152,1.626655,OverRange,OverRange,OverRange,11.756166,14.794182,-1.951401
2026/05/30 07:48:00.269,n,-0.740168,6.479043,5.391205,1.577001,OverRange,OverRange,OverRange,11.740734,14.796334,-1.783914
2026/05/30 07:49:00.273,n,-0.512178,3.305517,4.729127,1.349649,OverRange,OverRange,OverRange,11.736938,14.79744,-1.612672
2026/05/30 07:50:00.273,n,-0.073516,3.5483,5.1902,1.43105,OverRange,OverRange,OverRange,11.750096,14.80598,-1.217716
2026/05/30 07:51:00.260,n,0.46445,6.272768,5.1545,1.346438,OverRange,OverRange,OverRange,11.776652,14.803878,-0.721654
2026/05/30 07:52:00.259,n,0.707323,6.560824,4.892661,1.599231,OverRange,OverRange,OverRange,11.77007,14.807056,-0.521489
2026/05/30 07:53:00.262,n,1.320859,3.2697,5.192245,1.511672,OverRange,OverRange,OverRange,11.746792,14.80598,-0.056569
2026/05/30 07:54:00.264,n,1.849844,4.490082,5.069851,1.543878,OverRange,OverRange,OverRange,11.77234,14.811356,0.547853
2026/05/30 07:55:00.267,n,2.300052,3.422931,5.29183,1.301317,OverRange,OverRange,OverRange,11.739446,14.811356,0.946563
2026/05/30 07:56:00.273,n,2.793754,6.496878,4.481484,1.10994,OverRange,OverRange,OverRange,11.802958,14.816748,1.599533
2026/05/30 07:57:00.271,n,3.459765,6.330307,4.975023,1.531096,OverRange,OverRange,OverRange,11.772858,14.814598,2.283304
2026/05/30 07:58:00.275,n,3.994395,6.142657,6.003502,0.193586,OverRange,OverRange,OverRange,11.788794,14.814598,2.829109
2026/05/30 07:59:00.257,n,4.619221,3.913303,3.757265,0.26328,OverRange,OverRange,OverRange,11.797644,14.824226,3.487369
2026/05/30 08:00:00.259,n,5.054289,6.479098,4.650502,1.294284,OverRange,OverRange,OverRange,11.848984,14.821,4.015512
2026/05/30 08:01:00.263,n,6.198606,3.761071,4.569168,1.28959,OverRange,OverRange,OverRange,11.791088,14.825302,5.036903
2026/05/30 08:02:00.263,n,7.132637,6.263899,5.187771,1.27773,OverRange,OverRange,OverRange,11.793854,14.827404,5.695247
2026/05/30 08:03:00.265,n,7.779787,3.708461,3.915556,0.647971,OverRange,OverRange,OverRange,11.77261,14.82851,6.154877
2026/05/30 08:04:00.266,n,8.622596,4.499247,5.517784,1.327255,OverRange,OverRange,OverRange,11.78652,14.844136,6.699915
2026/05/30 08:05:00.270,n,10.148866,6.811671,5.514425,1.493436,OverRange,OverRange,OverRange,11.761704,14.843078,8.130937
2026/05/30 08:06:00.274,n,12.094806,3.861937,4.730302,1.198486,OverRange,OverRange,OverRange,11.795604,14.847364,10.423712
2026/05/30 08:07:00.256,n,13.876522,6.026436,5.287133,1.138599,OverRange,OverRange,OverRange,11.839874,14.847364,12.735684
2026/05/30 08:08:00.258,n,16.05443,3.539541,4.407324,1.307595,OverRange,OverRange,OverRange,11.800664,14.8538,14.936736
2026/05/30 08:09:00.259,n,17.638178,6.564959,4.678813,1.453416,OverRange,OverRange,OverRange,11.828732,14.858084,16.42808
2026/05/30 08:10:00.262,n,18.368342,6.49005,6.001142,0.656898,OverRange,OverRange,OverRange,11.777394,14.862386,16.373902
2026/05/30 08:11:00.263,n,17.275986,3.360888,5.18834,1.467196,OverRange,OverRange,OverRange,11.825948,14.86131,14.880422
2026/05/30 08:12:00.265,n,15.992848,6.404531,5.197467,1.45443,OverRange,OverRange,OverRange,11.857814,14.872,13.481398
2026/05/30 08:13:00.269,n,16.028258,3.775183,5.381278,1.125922,OverRange,OverRange,OverRange,11.851762,14.873076,13.595816
2026/05/30 08:14:00.271,n,16.817308,3.412367,4.538748,1.352647,OverRange,OverRange,OverRange,11.886632,14.870926,14.635976
2026/05/30 08:15:00.272,n,18.055796,3.780464,5.196561,1.316892,OverRange,OverRange,OverRange,11.88083,14.88166,15.933556
2026/05/30 08:16:00.256,n,19.559614,4.199297,4.622774,1.441887,OverRange,OverRange,OverRange,11.90863,14.884872,17.407064
2026/05/30 08:17:00.259,n,21.76049,6.622154,4.773525,1.441567,OverRange,OverRange,OverRange,11.934922,14.88914,19.220244
2026/05/30 08:18:00.261,n,22.810632,6.701741,5.023232,1.688193,OverRange,OverRange,OverRange,11.890408,14.897694,19.923212
2026/05/30 08:19:00.263,n,23.6129,6.131022,4.933566,1.171152,OverRange,OverRange,OverRange,11.94656,14.900936,20.705104
2026/05/30 08:20:00.265,n,23.709254,4.603319,5.551588,1.236861,OverRange,OverRange,OverRange,11.916734,14.910632,20.790254
2026/05/30 08:21:00.267,n,25.641722,6.16839,5.049734,1.395582,OverRange,OverRange,OverRange,11.986756,14.91811,23.216218
2026/05/30 08:22:00.269,n,34.387484,3.766183,4.168032,0.696138,OverRange,OverRange,OverRange,11.957672,14.917002,32.944808
2026/05/30 08:23:00.270,n,46.219788,3.842124,4.506077,1.373873,OverRange,OverRange,OverRange,11.996618,14.929874,46.112136
2026/05/30 08:24:00.272,n,54.665328,3.272487,4.860597,1.505371,OverRange,OverRange,OverRange,12.012512,14.934158,55.909152
2026/05/30 08:25:00.258,n,54.897936,3.205668,5.297174,1.533799,OverRange,OverRange,OverRange,12.050186,14.9513,58.266948
2026/05/30 08:26:00.260,n,57.844624,6.426462,4.693617,1.383273,OverRange,OverRange,OverRange,12.132818,14.957736,63.74974
2026/05/30 08:27:00.263,n,64.565032,3.955989,5.35252,1.30493,OverRange,OverRange,OverRange,12.08934,14.973786,73.373296
2026/05/30 08:28:00.264,n,63.237504,4.782473,4.697439,1.41011,OverRange,OverRange,OverRange,12.134572,14.9856,71.915408
2026/05/30 08:29:00.265,n,63.252004,6.426152,5.360521,1.535381,OverRange,OverRange,OverRange,12.13028,14.99847,72.327504
2026/05/30 08:30:00.268,n,66.61502,6.428369,5.020199,1.543174,OverRange,OverRange,OverRange,12.152258,15.013462,77.320736
2026/05/30 08:31:00.271,n,68.058664,3.46021,4.782341,1.58459,OverRange,OverRange,OverRange,12.161346,15.03699,77.980696
2026/05/30 08:32:00.272,n,67.585504,3.54174,4.743749,1.489191,OverRange,OverRange,OverRange,12.198232,15.050906,75.418216
2026/05/30 08:33:00.273,n,73.21868,3.675739,4.546648,1.590435,OverRange,OverRange,OverRange,12.236618,15.07126,78.924272
2026/05/30 08:34:00.259,n,82.711544,3.364237,5.061862,1.684332,OverRange,OverRange,OverRange,12.29598,15.09055,88.497584
2026/05/30 08:35:00.260,n,81.566704,6.131914,5.307908,1.36274,OverRange,OverRange,OverRange,12.361862,15.10872,83.944448
2026/05/30 08:36:00.264,n,92.713888,5.385062,4.443924,1.235328,OverRange,OverRange,OverRange,12.399212,15.13334,94.861744
2026/05/30 08:37:00.266,n,99.693448,3.874001,4.105192,1.253846,OverRange,OverRange,OverRange,12.365632,15.150498,107.09174
2026/05/30 08:38:00.268,n,108.32466,3.882926,4.75288,1.481187,OverRange,OverRange,OverRange,12.398448,15.174044,120.4105
2026/05/30 08:39:00.269,n,113.19534,6.2693,5.799333,0.972984,OverRange,OverRange,OverRange,12.520584,15.196516,129.47162
2026/05/30 08:40:00.272,n,112.41836,6.64614,5.089045,1.377704,OverRange,OverRange,OverRange,12.594258,15.209502,126.54642
2026/05/30 08:41:00.273,n,97.938176,3.751854,4.464491,1.466747,OverRange,OverRange,OverRange,12.633592,15.227686,106.16086
2026/05/30 08:42:00.274,n,79.03584,3.450308,5.215955,1.4435,OverRange,OverRange,OverRange,12.701158,15.265116,82.522392
2026/05/30 08:43:00.260,n,88.515496,6.576077,4.698562,1.544135,OverRange,OverRange,OverRange,12.63409,15.295054,100.861
2026/05/30 08:44:00.262,n,120.1957,3.021331,4.974122,1.435159,OverRange,OverRange,OverRange,12.64293,15.32396,143.14124
2026/05/30 08:45:00.264,n,142.17482,3.223544,5.381983,1.679175,OverRange,OverRange,OverRange,12.671418,15.34855,163.09184
2026/05/30 08:46:00.268,n,141.06334,6.513433,5.034262,1.60575,OverRange,OverRange,OverRange,12.71983,15.376352,161.7231
2026/05/30 08:47:00.268,n,140.95326,3.238012,4.481673,1.738041,OverRange,OverRange,OverRange,12.75462,15.404152,178.71226
2026/05/30 08:48:00.272,n,139.15846,5.312158,5.219914,1.619353,OverRange,OverRange,OverRange,12.842586,15.441552,194.65246
2026/05/30 08:49:00.273,n,94.522152,3.609768,4.54132,1.570685,OverRange,OverRange,OverRange,12.845866,15.472548,109.36362
2026/05/30 08:50:00.278,n,78.438864,3.81009,5.523522,1.510113,OverRange,OverRange,OverRange,12.847128,15.509946,86.685512
2026/05/30 08:51:00.277,n,72.753712,5.145901,4.874058,1.571493,OverRange,OverRange,OverRange,12.7821,15.540944,81.323608
2026/05/30 08:52:00.261,n,74.715688,6.579716,4.976586,1.783572,OverRange,OverRange,OverRange,12.771516,15.56979,84.145128
2026/05/30 08:53:00.264,n,77.947984,4.301269,4.800421,1.515177,OverRange,OverRange,OverRange,12.760168,15.596482,87.683696
2026/05/30 08:54:00.266,n,80.884664,3.107117,5.047535,1.635821,OverRange,OverRange,OverRange,12.793686,15.610646,88.782296
2026/05/30 08:55:00.269,n,83.596304,6.257721,5.45316,1.613183,OverRange,OverRange,OverRange,12.823492,15.63527,87.6488
2026/05/30 08:56:00.270,n,84.50916,3.300606,4.862851,1.741759,OverRange,OverRange,OverRange,12.706762,15.650166,84.407328
2026/05/30 08:57:00.272,n,81.968936,6.414727,4.942564,1.38879,OverRange,OverRange,OverRange,12.76123,15.672606,79.387144
2026/05/30 08:58:00.273,n,80.522728,3.200262,4.57969,1.516331,OverRange,OverRange,OverRange,12.74559,15.695046,76.625608
2026/05/30 08:59:00.275,n,76.876672,6.658386,4.845387,1.412014,OverRange,OverRange,OverRange,12.762234,15.710008,72.209856
2026/05/30 09:00:00.278,n,74.594328,3.744394,4.031904,1.28074,OverRange,OverRange,OverRange,12.770558,15.725834,68.40748
2026/05/30 09:01:00.263,n,71.950672,4.890727,4.140265,0.980221,OverRange,OverRange,OverRange,12.771566,15.74306,64.012368
2026/05/30 09:02:00.265,n,66.210364,3.372615,5.13958,1.57395,OverRange,OverRange,OverRange,12.705252,15.76669,57.309032
2026/05/30 09:03:00.267,n,57.366832,6.023086,5.466243,1.404751,OverRange,OverRange,OverRange,12.710806,15.77849,49.245164
2026/05/30 09:04:00.271,n,52.364636,3.769296,3.832918,0.148746,OverRange,OverRange,OverRange,12.69037,15.790306,45.458056
2026/05/30 09:05:00.270,n,51.969728,2.938304,5.193022,1.548888,OverRange,OverRange,OverRange,12.75417,15.802172,45.78416
2026/05/30 09:06:00.272,n,54.24296,5.940246,5.330511,1.364748,OverRange,OverRange,OverRange,12.771306,15.817164,48.037176
2026/05/30 09:07:00.273,n,56.749712,6.150725,4.921788,1.702235,OverRange,OverRange,OverRange,12.699962,15.837572,49.98192
2026/05/30 09:08:00.276,n,58.127276,3.56366,5.215068,1.481728,OverRange,OverRange,OverRange,12.662126,15.844042,50.991276
2026/05/30 09:09:00.279,n,57.999616,4.097258,3.763094,0.17663,OverRange,OverRange,OverRange,12.7287,15.857992,51.449544
2026/05/30 09:10:00.264,n,58.738892,5.108173,5.20102,1.53475,OverRange,OverRange,OverRange,12.719116,15.865506,53.198904
2026/05/30 09:11:00.266,n,61.543548,5.466971,5.835803,0.718699,OverRange,OverRange,OverRange,12.697682,15.878414,57.115784
2026/05/30 09:12:00.267,n,65.341768,6.648053,4.555996,1.693209,OverRange,OverRange,OverRange,12.709794,15.887002,62.6275
2026/05/30 09:13:00.270,n,69.125496,6.140533,6.252575,0.074547,OverRange,OverRange,OverRange,12.713832,15.889968,68.205776
2026/05/30 09:14:00.271,n,72.089504,5.893878,5.090124,1.30013,OverRange,OverRange,OverRange,12.669038,15.888894,73.60128
2026/05/30 09:15:00.273,n,75.760704,3.697875,5.389904,1.525591,OverRange,OverRange,OverRange,12.661236,15.904964,80.212296
2026/05/30 09:16:00.275,n,80.643336,3.378237,4.64432,1.352769,OverRange,OverRange,OverRange,12.768128,15.91572,88.73972
2026/05/30 09:17:00.277,n,86.067768,3.665567,4.49444,1.324235,OverRange,OverRange,OverRange,12.792038,15.92964,97.608272
2026/05/30 09:18:00.281,n,91.565328,6.65045,5.041397,1.626187,OverRange,OverRange,OverRange,12.833878,15.933974,108.31934
2026/05/30 09:19:00.264,n,100.6207,3.337155,4.504959,1.667918,OverRange,OverRange,OverRange,12.81774,15.952212,125.92522
2026/05/30 09:20:00.266,n,114.23896,4.29726,4.911358,1.437532,OverRange,OverRange,OverRange,12.947282,15.97156,149.4503
2026/05/30 09:21:00.267,n,149.77678,6.71975,5.25954,1.539461,OverRange,OverRange,OverRange,13.04919,15.990872,214.721
2026/05/30 09:22:00.270,n,222.19434,6.442806,4.959068,1.657931,OverRange,OverRange,OverRange,13.111954,16.012338,360.2616
2026/05/30 09:23:00.274,n,201.55328,6.360395,5.729771,1.316653,OverRange,OverRange,OverRange,13.139694,16.039654,296.3666
2026/05/30 09:24:00.276,n,217.27452,6.45604,5.854377,1.337991,OverRange,OverRange,OverRange,13.23528,16.067526,308.2529
2026/05/30 09:25:00.277,n,203.4461,6.277502,5.338194,1.665584,OverRange,OverRange,OverRange,13.315206,16.10508,260.73812
2026/05/30 09:26:00.280,n,205.20268,3.557279,3.955035,0.994556,OverRange,OverRange,OverRange,13.624406,16.141558,253.17326
2026/05/30 09:27:00.281,n,205.84944,6.197284,5.362866,1.472392,OverRange,OverRange,OverRange,13.659806,16.187686,251.13508
2026/05/30 09:28:00.267,n,208.05224,5.520973,5.672472,0.965342,OverRange,OverRange,OverRange,13.576884,16.240218,254.29406
2026/05/30 09:29:00.270,n,211.91152,6.543572,5.897286,1.284065,OverRange,OverRange,OverRange,13.66006,16.286252,261.0885
2026/05/30 09:30:00.270,n,213.24906,6.538328,5.160449,1.535236,OverRange,OverRange,OverRange,13.861858,16.34089,262.1586
2026/05/30 09:31:00.272,n,204.50536,3.37752,4.676673,1.44844,OverRange,OverRange,OverRange,14.219732,16.392366,242.14424
2026/05/30 09:32:00.274,n,193.43786,3.414977,4.929607,1.862365,OverRange,OverRange,OverRange,14.389028,16.455548,220.7141
2026/05/30 09:33:00.276,n,182.61068,6.49686,5.316134,1.649669,OverRange,OverRange,OverRange,14.525706,16.513414,204.29992
2026/05/30 09:34:00.278,n,170.99314,3.289464,4.838322,1.866759,OverRange,OverRange,OverRange,14.539074,16.57761,191.71406
2026/05/30 09:35:00.281,n,160.62578,6.333852,5.424017,1.656546,OverRange,OverRange,OverRange,14.584712,16.644022,184.71236
2026/05/30 09:36:00.284,n,155.91624,6.174043,5.388773,1.471298,OverRange,OverRange,OverRange,14.548406,16.709264,187.77416
2026/05/30 09:37:00.269,n,147.69972,6.606251,4.886546,1.838788,OverRange,OverRange,OverRange,14.758072,16.74063,178.92266
2026/05/30 09:38:00.269,n,137.5117,6.409191,5.226941,1.601927,OverRange,OverRange,OverRange,14.728746,16.797296,162.2504
2026/05/30 09:39:00.271,n,132.2556,3.349007,4.767971,1.460497,OverRange,OverRange,OverRange,14.700766,16.85615,153.13704
2026/05/30 09:40:00.273,n,128.58776,3.708488,4.564699,1.285646,OverRange,OverRange,OverRange,14.581594,16.910664,148.30458
2026/05/30 09:41:00.276,n,127.31372,6.117523,5.479784,1.197407,OverRange,OverRange,OverRange,14.691208,16.96515,148.31792
2026/05/30 09:42:00.277,n,129.84984,6.343725,6.247791,0.149166,OverRange,OverRange,OverRange,14.507748,17.013114,153.8379
2026/05/30 09:43:00.279,n,135.00342,6.494119,5.22813,1.195546,OverRange,OverRange,OverRange,14.227788,17.049438,163.27682
2026/05/30 09:44:00.283,n,143.92086,4.034455,4.530572,1.27161,OverRange,OverRange,OverRange,14.190948,17.086774,178.81652
2026/05/30 09:45:00.283,n,159.492,3.896479,4.911426,1.529968,OverRange,OverRange,OverRange,14.245636,17.124206,206.21974
2026/05/30 09:46:00.269,n,178.48234,6.173227,5.018671,1.527261,OverRange,OverRange,OverRange,14.184372,17.161546,238.58532
2026/05/30 09:47:00.272,n,175.18152,3.614249,4.601403,1.484527,OverRange,OverRange,OverRange,14.072536,17.193568,226.14628
2026/05/30 09:48:00.272,n,178.36416,6.132828,4.577442,1.357633,OverRange,OverRange,OverRange,14.30095,17.219228,228.59734
2026/05/30 09:49:00.274,n,178.67452,6.311833,5.310017,1.405756,OverRange,OverRange,OverRange,14.162156,17.246946,226.84736
2026/05/30 09:50:00.277,n,177.95704,6.395068,5.8761,0.99277,OverRange,OverRange,OverRange,14.324902,17.260282,223.4759
2026/05/30 09:51:00.278,n,180.45714,6.374095,6.242195,0.330843,OverRange,OverRange,OverRange,14.511464,17.285884,225.78216
2026/05/30 09:52:00.280,n,185.3689,6.252501,5.572448,1.364633,OverRange,OverRange,OverRange,14.442318,17.320058,231.14864
2026/05/30 09:53:00.283,n,188.2205,3.513884,3.981573,1.098652,OverRange,OverRange,OverRange,14.531094,17.352048,230.49302
2026/05/30 09:54:00.284,n,189.21496,3.616094,4.791959,1.569172,OverRange,OverRange,OverRange,14.640702,17.38831,226.17446
2026/05/30 09:55:00.270,n,193.11054,3.55549,4.252806,1.515458,OverRange,OverRange,OverRange,14.633668,17.427772,230.2828
2026/05/30 09:56:00.271,n,191.66448,3.691623,4.80598,1.427025,OverRange,OverRange,OverRange,14.621318,17.458718,224.36768
2026/05/30 09:57:00.275,n,192.45342,3.777926,4.478419,1.435955,OverRange,OverRange,OverRange,14.476644,17.50346,223.849
2026/05/30 09:58:00.259,n,192.6524,3.602688,4.135185,0.478963,OverRange,OverRange,OverRange,14.745046,17.535484,222.96656
2026/05/30 09:59:00.260,n,193.11336,3.703409,4.929187,1.658003,OverRange,OverRange,OverRange,14.718542,17.575958,221.71706
2026/05/30 10:00:00.263,n,194.94848,6.549116,4.225396,1.179409,OverRange,OverRange,OverRange,15.01293,17.621776,222.95714
2026/05/30 10:01:00.265,n,189.82466,6.117974,4.441701,1.457376,OverRange,OverRange,OverRange,14.788534,17.671708,213.74244
2026/05/30 10:02:00.266,n,186.91516,6.43297,4.449078,1.37662,OverRange,OverRange,OverRange,15.160528,17.717464,207.64506
2026/05/30 10:03:00.268,n,184.27436,5.817088,4.402681,1.215245,OverRange,OverRange,OverRange,15.073766,17.757936,200.82832
2026/05/30 10:04:00.270,n,185.28986,6.082178,6.204951,0.18995,OverRange,OverRange,OverRange,15.12386,17.809076,199.50678
2026/05/30 10:05:00.273,n,189.39726,6.026271,5.051382,1.41418,OverRange,OverRange,OverRange,14.906398,17.85803,202.47914
2026/05/30 10:06:00.260,n,193.31508,2.996567,5.172474,1.341731,OverRange,OverRange,OverRange,14.852774,17.90379,206.34992
2026/05/30 10:07:00.259,n,194.04934,6.226401,4.915857,1.641877,OverRange,OverRange,OverRange,14.842952,17.952748,207.97242
2026/05/30 10:08:00.261,n,189.43128,5.6752,4.534633,1.240516,OverRange,OverRange,OverRange,15.087026,17.996388,202.17328
2026/05/30 10:09:00.263,n,186.12252,6.060701,5.325429,1.450231,OverRange,OverRange,OverRange,15.067708,18.045278,198.52728
2026/05/30 10:10:00.265,n,184.85914,3.691745,3.617762,0.156069,OverRange,OverRange,OverRange,14.881252,18.088886,198.88172
2026/05/30 10:11:00.267,n,183.8974,6.005492,5.420483,1.316733,OverRange,OverRange,OverRange,15.138418,18.102326,201.81756
2026/05/30 10:12:00.269,n,184.83464,3.715509,3.939039,0.871638,OverRange,OverRange,OverRange,15.028744,18.140586,210.59694
2026/05/30 10:13:00.271,n,190.25356,5.006465,5.350445,1.272802,OverRange,OverRange,OverRange,15.06692,18.183118,223.81812
2026/05/30 10:14:00.258,n,183.22242,3.546543,4.599679,1.42721,OverRange,OverRange,OverRange,15.01389,18.224576,209.17292
2026/05/30 10:15:00.260,n,186.09174,3.571934,4.362376,1.553858,OverRange,OverRange,OverRange,14.889772,18.26597,212.95354
2026/05/30 10:16:00.262,n,191.78468,6.052936,5.113359,1.294168,OverRange,OverRange,OverRange,15.042308,18.299962,220.94592
2026/05/30 10:17:00.265,n,191.16398,4.704861,3.912483,0.772229,OverRange,OverRange,OverRange,14.949722,18.344582,214.90552
2026/05/30 10:18:00.265,n,187.79698,4.101253,4.433187,1.539684,OverRange,OverRange,OverRange,15.232224,18.365784,203.52044
2026/05/30 10:19:00.266,n,188.11402,6.288126,5.673406,1.275495,OverRange,OverRange,OverRange,15.205298,18.391262,199.77588
2026/05/30 10:20:00.271,n,190.35004,3.532057,4.783378,1.505788,OverRange,OverRange,OverRange,15.220608,18.429426,199.04884
2026/05/30 10:21:00.272,n,193.10248,5.229906,4.940324,1.351084,OverRange,OverRange,OverRange,15.135056,18.462242,200.23286
2026/05/30 10:22:00.272,n,195.69378,3.475662,4.19097,1.187355,OverRange,OverRange,OverRange,15.19928,18.49855,200.86468
2026/05/30 10:23:00.258,n,197.93944,3.37694,4.802216,1.527594,OverRange,OverRange,OverRange,15.150426,18.53489,202.92478
2026/05/30 10:24:00.261,n,200.80182,3.616398,4.482217,1.532138,OverRange,OverRange,OverRange,15.12936,18.566888,205.25286
2026/05/30 10:25:00.261,n,206.24602,3.459682,4.734236,1.677021,OverRange,OverRange,OverRange,15.294286,18.607474,210.31206
2026/05/30 10:26:00.263,n,211.72306,2.826599,5.439683,1.481216,OverRange,OverRange,OverRange,15.257366,18.634322,214.7348
2026/05/30 10:27:00.266,n,215.27852,3.718567,3.932431,0.752237,OverRange,OverRange,OverRange,15.365896,18.668508,217.6715
2026/05/30 10:28:00.267,n,214.10278,6.025873,4.962699,1.430507,OverRange,OverRange,OverRange,15.627844,18.706938,215.25322
2026/05/30 10:29:00.272,n,210.5622,5.944436,5.896652,0.03918,OverRange,OverRange,OverRange,15.808146,18.744258,210.08698
2026/05/30 10:30:00.272,n,206.58116,6.434527,5.304631,1.156125,OverRange,OverRange,OverRange,15.736542,18.78269,204.83056
2026/05/30 10:31:00.258,n,203.91596,3.608954,4.577144,1.510133,OverRange,OverRange,OverRange,15.593974,18.81789,201.12916
2026/05/30 10:32:00.260,n,202.66218,3.609341,4.067021,1.254909,OverRange,OverRange,OverRange,15.825648,18.861672,198.83052
2026/05/30 10:33:00.263,n,202.5429,3.419254,3.45105,0.102356,OverRange,OverRange,OverRange,15.733348,18.898992,198.01348
2026/05/30 10:34:00.267,n,204.54256,6.408038,4.917635,1.526479,OverRange,OverRange,OverRange,15.687628,18.941636,199.22966
2026/05/30 10:35:00.267,n,206.32146,3.502317,3.708911,1.225975,OverRange,OverRange,OverRange,15.514836,18.981112,200.41546
2026/05/30 10:36:00.269,n,205.959,3.276532,5.339815,1.287996,OverRange,OverRange,OverRange,15.652482,19.021142,197.80982
2026/05/30 10:37:00.271,n,202.36712,3.456199,3.852534,1.235005,OverRange,OverRange,OverRange,15.635488,19.057388,192.48562
2026/05/30 10:38:00.276,n,197.68744,3.246,3.983968,1.313699,OverRange,OverRange,OverRange,15.610372,19.088288,186.52484
2026/05/30 10:39:00.276,n,192.52922,6.101622,5.670805,1.348269,OverRange,OverRange,OverRange,15.77854,19.124536,180.29354
2026/05/30 10:40:00.260,n,188.1072,6.080363,5.231456,1.578453,OverRange,OverRange,OverRange,15.609086,19.14385,175.34136
2026/05/30 10:41:00.264,n,185.9483,3.785342,4.344375,1.473671,OverRange,OverRange,OverRange,15.633154,19.171548,174.19906
2026/05/30 10:42:00.263,n,186.36168,6.029032,4.850569,1.587878,OverRange,OverRange,OverRange,15.661816,19.198176,175.58948
2026/05/30 10:43:00.269,n,188.86366,3.744183,5.108322,1.332507,OverRange,OverRange,OverRange,15.704504,19.229042,180.3501
2026/05/30 10:44:00.267,n,194.42206,3.457407,4.56307,1.214415,OverRange,OverRange,OverRange,15.910274,19.255664,190.1484
2026/05/30 10:45:00.271,n,208.93572,4.231742,4.817094,1.650989,OverRange,OverRange,OverRange,16.004762,19.282258,216.00014
2026/05/30 10:46:00.272,n,250.9784,3.495197,4.143207,1.137168,OverRange,OverRange,OverRange,15.771516,19.303564,293.36558
2026/05/30 10:47:00.273,n,261.91376,6.241949,5.043752,1.502882,OverRange,OverRange,OverRange,15.948152,19.32911,306.71378
2026/05/30 10:48:00.277,n,243.30782,2.980653,4.612551,1.692041,OverRange,OverRange,OverRange,16.112916,19.353616,270.71482
2026/05/30 10:49:00.262,n,237.5689,5.794596,4.861789,1.530868,OverRange,OverRange,OverRange,16.245834,19.374922,258.11878
2026/05/30 10:50:00.265,n,246.35212,3.168068,4.447687,1.569281,OverRange,OverRange,OverRange,16.154822,19.41003,270.03656
2026/05/30 10:51:00.265,n,235.91022,6.414004,5.047763,1.617559,OverRange,OverRange,OverRange,16.179962,19.446184,245.92582
2026/05/30 10:52:00.268,n,231.74314,6.349067,4.534566,1.570753,OverRange,OverRange,OverRange,16.146658,19.481294,235.3493
2026/05/30 10:53:00.270,n,225.91328,6.374538,4.517008,1.543706,OverRange,OverRange,OverRange,16.15921,19.511054,223.91784
2026/05/30 10:54:00.270,n,220.75916,3.13043,4.341335,1.491435,OverRange,OverRange,OverRange,16.034552,19.542964,215.7196
2026/05/30 10:55:00.273,n,213.80012,5.913289,5.192471,1.64566,OverRange,OverRange,OverRange,16.309226,19.57168,205.31432
2026/05/30 10:56:00.274,n,204.93554,6.408986,4.806288,1.695996,OverRange,OverRange,OverRange,16.26676,19.608848,193.05388
2026/05/30 10:57:00.276,n,197.9869,3.067906,4.638672,1.69417,OverRange,OverRange,OverRange,16.047308,19.617888,184.19328
2026/05/30 10:58:00.261,n,193.57412,6.349666,5.084209,1.503379,OverRange,OverRange,OverRange,15.915024,19.634856,179.17018
2026/05/30 10:59:00.264,n,192.87426,5.869472,4.799768,1.608305,OverRange,OverRange,OverRange,15.573248,19.660374,178.79374
2026/05/30 11:00:00.266,n,192.95122,6.454263,4.984954,1.635431,OverRange,OverRange,OverRange,15.567494,19.66677,178.56318
2026/05/30 11:01:00.269,n,190.87364,5.813524,4.698509,1.718245,OverRange,OverRange,OverRange,15.53333,19.684816,175.3869
2026/05/30 11:02:00.269,n,185.52836,6.096672,4.785191,1.769155,OverRange,OverRange,OverRange,15.618698,19.685892,168.55964
2026/05/30 11:03:00.271,n,176.31072,2.950383,4.601483,1.828903,OverRange,OverRange,OverRange,15.544108,19.685892,158.12832
2026/05/30 11:04:00.274,n,164.98046,6.348136,4.871153,1.712032,OverRange,OverRange,OverRange,15.813736,19.691212,146.6136
2026/05/30 11:05:00.276,n,154.22946,3.115949,4.218846,1.723556,OverRange,OverRange,OverRange,15.55092,19.694408,136.63142
2026/05/30 11:06:00.278,n,146.0417,6.325424,4.800737,1.803618,OverRange,OverRange,OverRange,15.69575,19.68165,129.58586
2026/05/30 11:07:00.265,n,140.53768,6.352805,4.758663,1.82562,OverRange,OverRange,OverRange,15.638036,19.678452,125.18188
2026/05/30 11:08:00.265,n,137.79796,6.223199,4.267002,1.083257,OverRange,OverRange,OverRange,15.66267,19.675288,123.34534
2026/05/30 11:09:00.267,n,137.17584,5.843079,4.450396,1.410224,OverRange,OverRange,OverRange,15.645848,19.665692,122.83152
2026/05/30 11:10:00.269,n,137.82118,6.342674,4.653834,1.289599,OverRange,OverRange,OverRange,15.636822,19.659852,123.4042
2026/05/30 11:11:00.272,n,138.35208,6.444046,5.154261,1.483481,OverRange,OverRange,OverRange,15.715154,19.64817,123.62774
2026/05/30 11:12:00.277,n,136.30748,6.370541,3.925124,1.202807,OverRange,OverRange,OverRange,15.579906,19.63541,121.80886
2026/05/30 11:13:00.275,n,133.4841,6.217761,5.628533,1.236553,OverRange,OverRange,OverRange,15.345242,19.622652,119.37904
2026/05/30 11:14:00.276,n,132.00838,3.526931,4.192379,0.674156,OverRange,OverRange,OverRange,15.04331,19.605682,118.61746
2026/05/30 11:15:00.279,n,132.96422,3.495644,3.69268,0.370894,OverRange,OverRange,OverRange,14.977184,19.580166,119.72282
2026/05/30 11:16:00.265,n,136.07232,3.530136,4.469796,1.549544,OverRange,OverRange,OverRange,14.891022,19.540814,121.68564
2026/05/30 11:17:00.266,n,137.66118,6.298621,4.0257,1.118248,OverRange,OverRange,OverRange,14.863658,19.503582,121.70468
2026/05/30 11:18:00.269,n,137.42306,4.511309,4.871208,1.546689,OverRange,OverRange,OverRange,14.692912,19.469548,119.48902
2026/05/30 11:19:00.272,n,137.34866,3.525241,5.373236,1.498691,OverRange,OverRange,OverRange,14.507722,19.424878,118.22396
2026/05/30 11:20:00.272,n,137.68968,4.884594,4.525136,1.248522,OverRange,OverRange,OverRange,14.37167,19.372768,117.17338
2026/05/30 11:21:00.274,n,138.93958,3.592455,4.40523,1.567274,OverRange,OverRange,OverRange,14.27886,19.324902,115.6968
2026/05/30 11:22:00.276,n,139.25212,3.313397,4.405907,1.185265,OverRange,OverRange,OverRange,14.246582,19.273836,113.53202
2026/05/30 11:23:00.278,n,134.57966,5.016435,4.259573,1.305194,OverRange,OverRange,OverRange,14.21581,19.227996,107.94376
2026/05/30 11:24:00.280,n,126.2814,6.21048,4.960869,1.258516,OverRange,OverRange,OverRange,14.23753,19.167344,101.1779
2026/05/30 11:25:00.266,n,113.39166,6.164323,5.483061,1.31358,OverRange,OverRange,OverRange,14.183284,19.11837,92.843456
2026/05/30 11:26:00.268,n,104.9642,6.141455,5.093263,1.15397,OverRange,OverRange,OverRange,14.13411,19.06933,86.635256
2026/05/30 11:27:00.271,n,98.787392,5.852091,4.596335,1.528132,OverRange,OverRange,OverRange,13.955876,19.013932,82.220696
2026/05/30 11:28:00.271,n,93.293936,5.056767,5.503371,1.373122,OverRange,OverRange,OverRange,13.994762,18.96594,77.510824
2026/05/30 11:29:00.273,n,89.72576,4.209721,4.615628,1.371148,OverRange,OverRange,OverRange,13.93596,18.91374,74.431296
2026/05/30 11:30:00.278,n,89.552552,6.406623,5.453652,1.516217,OverRange,OverRange,OverRange,13.935192,18.864672,74.6818
2026/05/30 11:31:00.279,n,88.745144,3.369605,4.482421,1.409391,OverRange,OverRange,OverRange,13.859462,18.816684,75.978104
2026/05/30 11:32:00.280,n,92.596872,3.720206,3.742954,0.12093,OverRange,OverRange,OverRange,13.785478,18.812966,83.502392
2026/05/30 11:33:00.281,n,99.995736,3.669538,4.986303,1.580834,OverRange,OverRange,OverRange,13.784246,18.769214,91.73316
2026/05/30 11:34:00.267,n,111.83074,6.589992,5.384996,1.49802,OverRange,OverRange,OverRange,13.799394,18.719042,101.83556
2026/05/30 11:35:00.268,n,121.81768,2.996492,4.626884,1.503701,OverRange,OverRange,OverRange,13.696092,18.672098,109.19228
2026/05/30 11:36:00.270,n,130.63068,3.620481,4.845713,1.744664,OverRange,OverRange,OverRange,13.718816,18.632624,113.99114
2026/05/30 11:37:00.272,n,135.48186,3.038622,5.475408,1.221729,OverRange,OverRange,OverRange,13.66119,18.592042,116.82152
2026/05/30 11:38:00.274,n,145.47576,5.930535,5.468214,1.453539,OverRange,OverRange,OverRange,13.587932,18.550382,123.29892
2026/05/30 11:39:00.276,n,137.74086,3.374409,5.517493,1.076199,OverRange,OverRange,OverRange,13.430644,18.50768,119.58818
2026/05/30 11:40:00.279,n,111.14766,3.893863,3.709422,0.121094,OverRange,OverRange,OverRange,13.484036,18.468114,98.008168
2026/05/30 11:41:00.283,n,115.2193,3.713266,3.654639,0.106283,OverRange,OverRange,OverRange,13.541678,18.451086,96.088768
2026/05/30 11:42:00.283,n,113.4168,3.075037,5.561439,1.253512,OverRange,OverRange,OverRange,13.568894,18.413084,94.950232
2026/05/30 11:43:00.267,n,101.62502,6.583282,4.995272,1.594394,OverRange,OverRange,OverRange,13.592906,18.372732,84.507744
2026/05/30 11:44:00.269,n,96.77024,3.71232,3.632294,0.238169,OverRange,OverRange,OverRange,13.510794,18.340864,79.973304
2026/05/30 11:45:00.272,n,89.436952,6.283471,4.879332,1.440308,OverRange,OverRange,OverRange,13.589936,18.306908,76.981656
2026/05/30 11:46:00.273,n,82.458656,3.805687,3.950098,0.882583,OverRange,OverRange,OverRange,13.387868,18.269752,73.745904
2026/05/30 11:47:00.275,n,81.400568,6.041394,4.884028,1.331841,OverRange,OverRange,OverRange,13.60761,18.24529,73.54676
2026/05/30 11:48:00.277,n,83.997888,6.294203,6.269996,0.084649,OverRange,OverRange,OverRange,13.513078,18.205954,75.315664
2026/05/30 11:49:00.279,n,88.784152,3.067747,4.427083,1.599255,OverRange,OverRange,OverRange,13.375962,18.176204,81.305352
2026/05/30 11:50:00.281,n,95.52188,5.450357,5.159202,1.510662,OverRange,OverRange,OverRange,13.442704,18.140096,88.901576
2026/05/30 11:51:00.282,n,106.98122,3.759471,5.303663,1.470985,OverRange,OverRange,OverRange,13.398982,18.105,99.179904
2026/05/30 11:52:00.325,n,122.85962,6.232273,5.75539,0.883606,OverRange,OverRange,OverRange,13.533772,18.069938,113.42944
2026/05/30 11:53:00.321,n,127.52016,6.351516,4.519957,1.625875,OverRange,OverRange,OverRange,13.442236,18.041234,117.82764
2026/05/30 11:54:00.328,n,132.48232,4.986276,3.925134,0.70398,OverRange,OverRange,OverRange,13.315516,18.016772,117.10846
2026/05/30 11:55:00.891,n,128.66356,4.127386,4.66237,1.456982,OverRange,OverRange,OverRange,13.286168,17.991266,113.8675
2026/05/30 11:56:00.277,n,121.6364,3.556552,4.770345,1.609057,OverRange,OverRange,OverRange,13.260336,17.95405,107.22492
2026/05/30 11:57:00.280,n,112.69754,3.35803,4.302967,1.487144,OverRange,OverRange,OverRange,13.328924,17.925284,97.466368
2026/05/30 11:58:00.282,n,111.0427,6.251209,5.252861,1.3565,OverRange,OverRange,OverRange,13.330684,17.894462,93.801456
2026/05/30 11:59:00.266,n,104.06866,6.017061,5.290264,1.110604,OverRange,OverRange,OverRange,13.332704,17.868924,87.131232
2026/05/30 12:00:00.284,n,96.38444,6.176917,5.331164,1.42148,OverRange,OverRange,OverRange,13.284114,17.871402,81.793392
2026/05/30 12:01:00.271,n,86.387872,4.213165,4.723768,1.393588,OverRange,OverRange,OverRange,13.307862,17.842638,73.687712
2026/05/30 12:02:00.272,n,86.515016,3.625574,5.400288,1.52934,OverRange,OverRange,OverRange,13.305324,17.8171,74.118672
2026/05/30 12:03:00.258,n,91.874792,5.256073,5.508765,0.99097,OverRange,OverRange,OverRange,13.483958,17.796294,78.653632
2026/05/30 12:04:00.259,n,94.878576,3.731947,4.05748,0.894414,OverRange,OverRange,OverRange,13.393498,17.766516,82.419744
2026/05/30 12:05:00.261,n,92.49296,3.613711,4.984638,1.353273,OverRange,OverRange,OverRange,13.465078,17.745218,80.978568
2026/05/30 12:06:00.265,n,92.784704,5.424594,4.145604,0.645203,OverRange,OverRange,OverRange,13.439556,17.724966,80.004792
2026/05/30 12:07:00.432,n,95.867008,6.243217,6.201119,0.512327,OverRange,OverRange,OverRange,13.388688,17.707942,82.390984
2026/05/30 12:08:00.268,n,89.938224,6.255142,5.276051,1.554088,OverRange,OverRange,OverRange,13.41245,17.6856,78.38052
2026/05/30 12:09:00.453,n,88.590416,3.682572,4.907837,1.526501,OverRange,OverRange,OverRange,13.352498,17.665318,77.46108
2026/05/30 12:10:00.347,n,98.971888,3.890525,4.931082,1.143276,OverRange,OverRange,OverRange,13.376526,17.641898,86.221192
2026/05/30 12:11:00.301,n,108.20802,3.708909,4.011845,0.549446,OverRange,OverRange,OverRange,13.370732,17.619526,94.6464
2026/05/30 12:12:00.260,n,113.6666,6.418298,5.422778,1.510475,OverRange,OverRange,OverRange,13.462256,17.60994,99.346608
2026/05/30 12:13:00.445,n,115.82282,5.875612,4.543174,1.309631,OverRange,OverRange,OverRange,13.380322,17.593928,100.11094
2026/05/30 12:14:00.310,n,115.48912,5.202526,5.154444,1.171803,OverRange,OverRange,OverRange,13.445094,17.57798,100.86442
2026/05/30 12:15:00.266,n,119.52956,3.485066,5.246134,1.490288,OverRange,OverRange,OverRange,13.433706,17.560922,104.60306
2026/05/30 12:16:00.268,n,124.0976,6.866657,5.132548,1.469123,OverRange,OverRange,OverRange,13.485546,17.547096,109.5532
2026/05/30 12:17:00.268,n,124.44336,3.610614,4.954388,1.489315,OverRange,OverRange,OverRange,13.289216,17.537506,110.28098
2026/05/30 12:18:00.270,n,124.56704,4.248439,5.421705,1.156577,OverRange,OverRange,OverRange,13.295522,17.519374,110.79582
2026/05/30 12:19:00.258,n,126.53864,6.617941,4.60667,1.585329,OverRange,OverRange,OverRange,13.358038,17.503362,111.51908
2026/05/30 12:20:00.258,n,125.04496,3.722335,5.092112,1.315571,OverRange,OverRange,OverRange,13.219874,17.510932,108.73008
2026/05/30 12:21:00.260,n,122.94276,3.533328,4.381669,1.373073,OverRange,OverRange,OverRange,13.373708,17.491786,106.59892
2026/05/30 12:22:00.262,n,121.06444,5.984553,5.141155,1.224809,OverRange,OverRange,OverRange,13.406124,17.480012,105.60944
2026/05/30 12:23:00.270,n,122.34706,4.933636,5.910175,0.480789,OverRange,OverRange,OverRange,13.349446,17.466152,105.99372
2026/05/30 12:24:00.268,n,122.53372,6.221215,5.801516,1.301018,OverRange,OverRange,OverRange,13.411168,17.453402,105.70064
2026/05/30 12:25:00.268,n,117.28596,3.747113,4.565712,1.293067,OverRange,OverRange,OverRange,13.355012,17.440814,101.32048
2026/05/30 12:26:00.270,n,111.38362,6.637223,5.416839,1.708201,OverRange,OverRange,OverRange,13.524426,17.42591,96.80096
2026/05/30 12:27:00.273,n,107.20228,6.850954,4.669542,1.671295,OverRange,OverRange,OverRange,13.470312,17.418474,93.668608
2026/05/30 12:28:00.258,n,109.3943,6.083136,5.360227,1.622027,OverRange,OverRange,OverRange,13.444774,17.406738,95.988184
2026/05/30 12:29:00.259,n,113.47492,3.048731,4.766957,1.947403,OverRange,OverRange,OverRange,13.399968,17.390694,98.960368
2026/05/30 12:30:00.262,n,111.53052,3.704659,3.953653,0.551097,OverRange,OverRange,OverRange,13.472122,17.389648,97.12432
2026/05/30 12:31:00.265,n,107.30018,6.054776,5.451521,1.348227,OverRange,OverRange,OverRange,13.62787,17.378986,93.357768
2026/05/30 12:32:00.268,n,100.76528,5.685716,5.868368,0.308925,OverRange,OverRange,OverRange,13.507034,17.368352,87.837952
2026/05/30 12:33:00.269,n,95.5188,6.499323,5.238668,1.65565,OverRange,OverRange,OverRange,13.476126,17.35655,83.39984
2026/05/30 12:34:00.271,n,92.279976,3.097059,5.207145,1.680388,OverRange,OverRange,OverRange,13.437922,17.352308,80.35828
2026/05/30 12:35:00.271,n,90.488,6.499969,5.016322,1.644163,OverRange,OverRange,OverRange,13.537344,17.346962,79.39184
2026/05/30 12:36:00.274,n,90.67852,6.338845,6.230372,0.154176,OverRange,OverRange,OverRange,13.488322,17.334144,80.070488
2026/05/30 12:37:00.259,n,92.997304,4.997082,4.995781,1.483341,OverRange,OverRange,OverRange,13.3962,17.322438,83.135936
2026/05/30 12:38:00.260,n,94.463784,6.196051,5.292951,1.335783,OverRange,OverRange,OverRange,13.35751,17.311742,84.502368
2026/05/30 12:39:00.262,n,95.22436,3.220507,4.696626,1.310062,OverRange,OverRange,OverRange,13.325354,17.296808,84.993912
2026/05/30 12:40:00.264,n,93.494728,3.754697,3.922484,0.204659,OverRange,OverRange,OverRange,13.29096,17.283992,83.281576
2026/05/30 12:41:00.266,n,91.581384,3.658003,3.707589,0.067455,OverRange,OverRange,OverRange,13.336752,17.26697,82.297312
2026/05/30 12:42:00.270,n,89.59104,3.977432,4.596863,1.457378,OverRange,OverRange,OverRange,13.305552,17.25624,80.649992
2026/05/30 12:43:00.270,n,90.150552,3.424175,4.332042,1.180114,OverRange,OverRange,OverRange,13.319256,17.238142,81.280264
2026/05/30 12:44:00.273,n,91.23188,3.602181,4.475102,1.613996,OverRange,OverRange,OverRange,13.217946,17.22748,82.126832
2026/05/30 12:45:00.273,n,92.756864,4.359792,4.643761,1.623769,OverRange,OverRange,OverRange,13.205256,17.205044,83.836432
2026/05/30 12:46:00.260,n,98.903504,3.201851,4.699705,1.205889,OverRange,OverRange,OverRange,13.095968,17.190076,89.294912
2026/05/30 12:47:00.261,n,115.70696,3.627101,4.884991,1.627691,OverRange,OverRange,OverRange,13.033108,17.169796,104.33224
2026/05/30 12:48:00.263,n,133.66424,3.328477,4.567856,1.500816,OverRange,OverRange,OverRange,12.953796,17.144198,119.8375
2026/05/30 12:49:00.266,n,143.77268,4.572949,4.522154,1.192961,OverRange,OverRange,OverRange,12.880276,17.12395,128.68092
2026/05/30 12:50:00.267,n,145.65948,6.790881,5.164515,1.252958,OverRange,OverRange,OverRange,12.935604,17.099328,130.00754
2026/05/30 12:51:00.269,n,143.48976,3.294762,5.799487,1.227412,OverRange,OverRange,OverRange,12.811986,17.079046,127.63286
2026/05/30 12:52:00.271,n,143.03494,4.913043,5.102386,1.376265,OverRange,OverRange,OverRange,12.926174,17.05984,126.87374
2026/05/30 12:53:00.273,n,135.4548,6.398832,4.92783,1.297633,OverRange,OverRange,OverRange,12.919994,17.040602,121.47354
2026/05/30 12:54:00.275,n,127.38068,4.501945,4.518334,1.486498,OverRange,OverRange,OverRange,12.766328,17.025668,114.31586
2026/05/30 12:55:00.262,n,117.00652,3.11853,4.140362,1.237907,OverRange,OverRange,OverRange,12.7582,17.002126,105.55124
2026/05/30 12:56:00.265,n,106.76054,3.002225,4.76282,1.461831,OverRange,OverRange,OverRange,12.74728,17.017126,96.302672
2026/05/30 12:57:00.265,n,102.7986,6.411725,5.321589,1.598791,OverRange,OverRange,OverRange,12.779858,16.99153,92.700112
2026/05/30 12:58:00.268,n,97.387248,5.362669,5.287949,1.248253,OverRange,OverRange,OverRange,12.595998,16.978876,87.99152
2026/05/30 12:59:00.270,n,91.676696,3.199263,4.391372,1.701605,OverRange,OverRange,OverRange,12.586502,16.948976,82.409936
2026/05/30 13:00:00.273,n,90.108216,4.106208,5.020641,1.606681,OverRange,OverRange,OverRange,12.628108,16.919046,80.309896
2026/05/30 13:01:00.276,n,93.722984,3.531778,4.050557,1.284436,OverRange,OverRange,OverRange,12.5026,16.895504,83.08892
2026/05/30 13:02:00.276,n,95.111064,3.539169,4.274286,1.06226,OverRange,OverRange,OverRange,12.559582,16.864528,84.051448
2026/05/30 13:03:00.278,n,106.2966,6.357981,5.465335,1.568382,OverRange,OverRange,OverRange,12.411962,16.838868,94.01476
2026/05/30 13:04:00.263,n,115.26868,6.335469,4.669073,1.522697,OverRange,OverRange,OverRange,12.415736,16.812162,103.32484
2026/05/30 13:05:00.266,n,122.5513,3.608272,4.602712,1.438227,OverRange,OverRange,OverRange,12.37258,16.784352,109.85072
2026/05/30 13:06:00.266,n,126.03134,4.138663,5.460497,1.361229,OverRange,OverRange,OverRange,12.544398,16.767236,114.0587
2026/05/30 13:07:00.270,n,123.89784,6.609084,5.454269,1.732439,OverRange,OverRange,OverRange,12.48258,16.741574,112.9101
2026/05/30 13:08:00.270,n,121.835,3.118449,5.256057,1.659702,OverRange,OverRange,OverRange,12.360234,16.720154,110.49744
2026/05/30 13:09:00.274,n,132.49696,3.311861,4.857826,1.424233,OverRange,OverRange,OverRange,12.4289,16.695568,119.8269
2026/05/30 13:10:00.274,n,132.4228,6.349733,5.139274,1.306802,OverRange,OverRange,OverRange,12.403692,16.670922,119.81512
2026/05/30 13:11:00.277,n,136.91768,6.129451,5.36672,1.45651,OverRange,OverRange,OverRange,12.421066,16.649566,122.33614
2026/05/30 13:12:00.280,n,139.8663,4.017456,4.559972,1.217037,OverRange,OverRange,OverRange,12.34252,16.65439,123.6646
2026/05/30 13:13:00.265,n,137.1857,4.678178,4.888473,1.57199,OverRange,OverRange,OverRange,12.435176,16.629354,121.25392
2026/05/30 13:14:00.266,n,133.28306,3.517747,5.2197,1.54781,OverRange,OverRange,OverRange,12.336004,16.609042,117.95444
2026/05/30 13:15:00.270,n,142.98402,5.568083,4.456736,1.29298,OverRange,OverRange,OverRange,12.417546,16.586544,125.49416
2026/05/30 13:16:00.270,n,148.87404,6.327978,6.118421,0.355821,OverRange,OverRange,OverRange,12.25267,16.574804,130.59454
2026/05/30 13:17:00.272,n,147.19792,6.037684,5.459037,1.383017,OverRange,OverRange,OverRange,12.285996,16.555474,130.7935
2026/05/30 13:18:00.275,n,142.87944,4.927573,4.524652,1.43477,OverRange,OverRange,OverRange,12.333226,16.540478,126.15482
2026/05/30 13:19:00.277,n,145.23852,6.1721,5.113787,1.623648,OverRange,OverRange,OverRange,12.402364,16.528706,128.17372
2026/05/30 13:20:00.278,n,144.74342,6.295619,6.296922,0.068309,OverRange,OverRange,OverRange,12.317364,16.514818,128.63342
2026/05/30 13:21:00.281,n,141.026,3.298725,4.553388,1.307372,OverRange,OverRange,OverRange,12.312016,16.500896,125.17916
2026/05/30 13:22:00.265,n,140.44354,6.543602,4.839028,1.563329,OverRange,OverRange,OverRange,12.35844,16.481598,124.06374
2026/05/30 13:23:00.268,n,132.91444,3.958346,4.88483,1.162177,OverRange,OverRange,OverRange,12.236806,16.474132,117.48216
2026/05/30 13:24:00.270,n,122.6741,6.274389,5.438448,1.199739,OverRange,OverRange,OverRange,12.504842,16.457016,108.23044
2026/05/30 13:25:00.274,n,111.34564,3.705309,4.563886,1.434063,OverRange,OverRange,OverRange,12.280224,16.450558,98.646464
2026/05/30 13:26:00.273,n,105.57042,6.401484,4.70778,1.422032,OverRange,OverRange,OverRange,12.464696,16.444168,93.974736
2026/05/30 13:27:00.276,n,103.92368,6.64459,4.953856,1.52242,OverRange,OverRange,OverRange,12.342198,16.433476,91.89868
2026/05/30 13:28:00.280,n,100.01576,4.355315,4.727204,1.484882,OverRange,OverRange,OverRange,12.33952,16.421674,88.546976
2026/05/30 13:29:00.285,n,98.953032,3.624286,4.419488,1.670672,OverRange,OverRange,OverRange,12.291566,16.414144,86.976704
2026/05/30 13:30:00.283,n,99.98124,4.48423,4.191903,1.289742,OverRange,OverRange,OverRange,12.28122,16.404526,88.442112
2026/05/30 13:31:00.268,n,94.394112,3.521659,4.667295,1.550346,OverRange,OverRange,OverRange,12.240326,16.392724,84.767464
2026/05/30 13:32:00.270,n,90.957432,4.580648,5.782871,0.813534,OverRange,OverRange,OverRange,12.257498,16.373458,81.484784
2026/05/30 13:33:00.272,n,89.157768,2.921613,5.696053,1.383019,OverRange,OverRange,OverRange,12.18831,16.35631,80.144464
2026/05/30 13:34:00.275,n,86.722496,3.140455,5.431473,1.544422,OverRange,OverRange,OverRange,12.086208,16.334858,77.623536
2026/05/30 13:35:00.278,n,85.440248,6.413755,5.121142,1.651328,OverRange,OverRange,OverRange,12.146246,16.319862,76.308216
2026/05/30 13:36:00.278,n,90.476448,3.635275,4.088994,1.332192,OverRange,OverRange,OverRange,11.902008,16.324556,80.402656
2026/05/30 13:37:00.279,n,95.413848,3.714946,4.673932,1.615851,OverRange,OverRange,OverRange,12.003316,16.307378,84.711496
2026/05/30 13:38:00.282,n,94.03064,6.106156,5.720718,0.671664,OverRange,OverRange,OverRange,12.291794,16.284882,83.69924
2026/05/30 13:39:00.283,n,93.674736,6.864693,5.947977,0.957564,OverRange,OverRange,OverRange,11.970988,16.2677,83.308464
2026/05/30 13:40:00.272,n,94.487648,3.163965,4.199499,1.253571,OverRange,OverRange,OverRange,11.913778,16.251632,84.081912
2026/05/30 13:41:00.273,n,93.764928,6.598821,4.718686,1.479222,OverRange,OverRange,OverRange,12.112396,16.229136,83.771584
2026/05/30 13:42:00.274,n,99.59992,4.935879,5.541762,1.309204,OverRange,OverRange,OverRange,11.836106,16.205518,88.480344
2026/05/30 13:43:00.276,n,106.4271,3.491805,4.903023,1.815689,OverRange,OverRange,OverRange,11.886098,16.186268,94.88232
2026/05/30 13:44:00.277,n,118.65096,5.872464,4.982764,1.291668,OverRange,OverRange,OverRange,11.99642,16.167994,104.99828
2026/05/30 13:45:00.262,n,134.01576,6.199304,4.800191,1.793969,OverRange,OverRange,OverRange,12.036026,16.147636,119.07334
2026/05/30 13:46:00.265,n,141.87216,3.208862,4.83692,1.466709,OverRange,OverRange,OverRange,11.999212,16.136912,125.7126
2026/05/30 13:47:00.282,n,143.16734,5.286907,5.133701,1.642071,OverRange,OverRange,OverRange,12.008784,16.119732,126.91956
2026/05/30 13:48:00.268,n,135.77222,4.269402,5.080498,1.719481,OverRange,OverRange,OverRange,11.960256,16.10689,120.39088
2026/05/30 13:49:00.270,n,127.29318,3.610046,4.464339,1.46444,OverRange,OverRange,OverRange,12.027538,16.098268,113.1921
2026/05/30 13:50:00.271,n,127.48026,3.134656,5.699016,1.275862,OverRange,OverRange,OverRange,12.107052,16.091862,113.57374
2026/05/30 13:51:00.273,n,132.3213,5.667587,5.664807,1.314807,OverRange,OverRange,OverRange,12.056332,16.088648,117.89368
2026/05/30 13:52:00.275,n,146.0454,3.08795,4.197595,1.289978,OverRange,OverRange,OverRange,11.990118,16.084314,128.3488
2026/05/30 13:53:00.261,n,145.29998,5.481184,5.257913,1.499024,OverRange,OverRange,OverRange,12.04718,16.084314,128.49606
2026/05/30 13:54:00.262,n,133.59084,3.430891,4.859273,1.704279,OverRange,OverRange,OverRange,11.91298,16.078986,118.77606
2026/05/30 13:55:00.265,n,122.2425,3.223347,5.021563,1.626082,OverRange,OverRange,OverRange,11.96431,16.073622,109.34628
2026/05/30 13:56:00.266,n,118.36972,5.669201,5.289839,1.56206,OverRange,OverRange,OverRange,11.88854,16.063958,105.14614
2026/05/30 13:57:00.269,n,112.56424,3.138363,5.153829,1.605099,OverRange,OverRange,OverRange,11.812592,16.052156,100.03696
2026/05/30 13:58:00.271,n,107.31248,6.236108,5.555088,1.371593,OverRange,OverRange,OverRange,11.998668,16.036068,95.480768
2026/05/30 13:59:00.257,n,110.63612,3.61998,3.974126,1.067747,OverRange,OverRange,OverRange,11.731984,16.029632,98.978792
2026/05/30 14:00:00.259,n,118.27722,3.239468,4.043974,1.223333,OverRange,OverRange,OverRange,11.947408,16.013494,106.73328
2026/05/30 14:01:00.261,n,125.46542,3.604619,3.699291,0.115125,OverRange,OverRange,OverRange,11.820862,16.00062,112.98468
2026/05/30 14:02:00.264,n,130.58602,6.362983,5.147206,1.403528,OverRange,OverRange,OverRange,11.953476,15.987776,116.74558
2026/05/30 14:03:00.266,n,127.52618,3.731309,4.805996,1.505989,OverRange,OverRange,OverRange,11.673854,16.001728,114.00034
2026/05/30 14:04:00.266,n,125.38202,3.770933,4.135671,1.255694,OverRange,OverRange,OverRange,11.8136,15.994214,111.43922
2026/05/30 14:05:00.268,n,129.48174,3.029828,4.827475,1.80737,OverRange,OverRange,OverRange,11.85931,15.981338,115.09374
2026/05/30 14:06:00.271,n,131.12338,3.280265,5.212779,1.637684,OverRange,OverRange,OverRange,11.791342,15.97275,116.76376
2026/05/30 14:07:00.272,n,129.70642,3.18419,4.947804,1.514782,OverRange,OverRange,OverRange,11.763982,15.969506,115.72538
2026/05/30 14:08:00.259,n,135.9789,3.095127,4.858729,1.936603,OverRange,OverRange,OverRange,11.82105,15.955554,120.86366
2026/05/30 14:09:00.259,n,150.30128,2.887965,5.229816,1.764254,OverRange,OverRange,OverRange,11.927552,15.951284,133.42996
2026/05/30 14:10:00.262,n,165.5016,3.942189,5.202621,1.569422,OverRange,OverRange,OverRange,11.878062,15.948072,146.66196
2026/05/30 14:11:00.264,n,172.32158,6.190783,4.668887,1.449503,OverRange,OverRange,OverRange,11.87911,15.943752,152.62564
2026/05/30 14:12:00.266,n,188.26514,6.636022,4.821013,1.958555,OverRange,OverRange,OverRange,11.862828,15.940558,167.95556
2026/05/30 14:13:00.269,n,203.92504,3.09858,4.078602,1.363983,OverRange,OverRange,OverRange,11.795878,15.952326,181.05324
2026/05/30 14:14:00.273,n,212.71972,6.536908,5.370871,1.810876,OverRange,OverRange,OverRange,11.975072,15.944814,189.05568
2026/05/30 14:15:00.272,n,233.0073,6.257184,5.028288,1.545205,OverRange,OverRange,OverRange,11.936982,15.948072,207.87544
2026/05/30 14:16:00.256,n,241.6816,3.830436,4.248254,1.292116,OverRange,OverRange,OverRange,11.90033,15.954478,213.7372
2026/05/30 14:17:00.262,n,212.71856,5.175153,4.950775,1.375314,OverRange,OverRange,OverRange,12.10349,15.969506,187.1746
2026/05/30 14:18:00.260,n,187.36782,6.273095,5.331582,1.162576,OverRange,OverRange,OverRange,12.090652,15.973792,164.33618
2026/05/30 14:19:00.264,n,160.76396,3.760543,4.522402,1.515962,OverRange,OverRange,OverRange,11.94929,15.98455,140.76178
2026/05/30 14:20:00.265,n,147.53562,6.215316,5.27227,1.308484,OverRange,OverRange,OverRange,12.127066,15.9985,130.90196
2026/05/30 14:21:00.269,n,136.80722,6.439706,5.601065,1.221847,OverRange,OverRange,OverRange,11.933702,16.00696,121.93546
2026/05/30 14:22:00.268,n,124.7518,6.087355,5.393328,1.170757,OverRange,OverRange,OverRange,12.036648,16.01022,110.73764
2026/05/30 14:23:00.270,n,117.63188,2.988079,4.526131,1.542246,OverRange,OverRange,OverRange,11.93011,16.008066,104.75962
2026/05/30 14:24:00.273,n,115.18018,6.222701,4.613707,1.362571,OverRange,OverRange,OverRange,12.15332,16.01237,102.79346
2026/05/30 14:25:00.258,n,113.6702,3.205006,5.51194,1.336566,OverRange,OverRange,OverRange,11.927414,16.014508,101.5387
2026/05/30 14:26:00.259,n,114.09,3.70757,4.586979,1.477703,OverRange,OverRange,OverRange,11.99198,16.014508,102.4294
2026/05/30 14:27:00.263,n,111.98122,5.347137,5.27451,1.222957,OverRange,OverRange,OverRange,11.975174,16.01343,100.71674
2026/05/30 14:28:00.266,n,114.13924,3.186767,4.68205,1.56315,OverRange,OverRange,OverRange,11.791302,16.005918,102.17776
2026/05/30 14:29:00.267,n,116.58582,6.650216,4.608107,1.576079,OverRange,OverRange,OverRange,11.902104,15.994148,104.47764
2026/05/30 14:30:00.268,n,119.9699,6.500131,4.863528,1.782319,OverRange,OverRange,OverRange,11.774364,15.982316,107.33524
2026/05/30 14:31:00.270,n,119.22562,3.827489,4.039963,1.309664,OverRange,OverRange,OverRange,11.607976,15.973694,106.98124
2026/05/30 14:32:00.272,n,118.1058,4.607558,4.682428,1.389195,OverRange,OverRange,OverRange,11.804474,15.960818,105.10082
2026/05/30 14:33:00.275,n,116.63188,5.934787,5.384156,1.639849,OverRange,OverRange,OverRange,11.972142,15.949052,104.11604
2026/05/30 14:34:00.258,n,116.39594,6.601574,4.721972,1.307217,OverRange,OverRange,OverRange,11.786968,15.93293,103.70052
2026/05/30 14:35:00.260,n,116.8618,3.429968,4.874044,1.680334,OverRange,OverRange,OverRange,11.846498,15.938294,103.32528
2026/05/30 14:36:00.262,n,115.44164,6.597451,5.318884,1.398923,OverRange,OverRange,OverRange,11.953232,15.934024,102.03452
2026/05/30 14:37:00.264,n,114.2569,3.188246,4.788453,1.799738,OverRange,OverRange,OverRange,11.829062,15.927554,101.8248
2026/05/30 14:38:00.266,n,117.4797,6.549976,5.158659,1.591996,OverRange,OverRange,OverRange,11.93751,15.93293,105.18452
2026/05/30 14:39:00.269,n,120.58458,6.191605,5.31495,1.493497,OverRange,OverRange,OverRange,11.876872,15.93725,107.67388
2026/05/30 14:40:00.270,n,119.72318,6.613568,4.589203,1.607081,OverRange,OverRange,OverRange,11.789368,15.93293,107.85084
2026/05/30 14:41:00.272,n,112.92758,6.681329,4.590335,1.613071,OverRange,OverRange,OverRange,11.742086,15.934024,101.52958
2026/05/30 14:42:00.276,n,106.12788,6.642863,5.296427,1.612518,OverRange,OverRange,OverRange,11.800014,15.92434,94.928464
2026/05/30 14:43:00.264,n,100.29672,6.574893,4.865027,1.871499,OverRange,OverRange,OverRange,11.840444,15.921148,89.56052
2026/05/30 14:44:00.262,n,97.948432,3.228354,4.744664,1.717872,OverRange,OverRange,OverRange,11.71021,15.914678,87.811
2026/05/30 14:45:00.268,n,98.60148,3.393816,5.041467,1.621285,OverRange,OverRange,OverRange,11.688722,15.907146,88.936216
2026/05/30 14:46:00.267,n,99.002816,3.224706,4.840602,1.843172,OverRange,OverRange,OverRange,11.652004,15.902878,89.23032
2026/05/30 14:47:00.268,n,106.31238,3.022543,4.908162,1.587396,OverRange,OverRange,OverRange,11.717834,15.885682,94.31304
2026/05/30 14:48:00.270,n,107.37048,4.913011,5.217959,1.673741,OverRange,OverRange,OverRange,11.777762,15.881414,95.843136
2026/05/30 14:49:00.273,n,107.09952,3.393427,4.473313,1.695206,OverRange,OverRange,OverRange,11.59107,15.868504,95.660184
2026/05/30 14:50:00.274,n,110.80934,3.366133,5.083211,1.719054,OverRange,OverRange,OverRange,11.684678,15.855596,98.259704
2026/05/30 14:51:00.277,n,116.08264,3.172244,4.86125,1.498673,OverRange,OverRange,OverRange,11.579702,15.845948,102.83714
2026/05/30 14:52:00.261,n,114.58728,3.633579,4.445658,1.740034,OverRange,OverRange,OverRange,11.59691,15.831998,102.08836
2026/05/30 14:53:00.264,n,105.42082,6.201894,5.455015,1.651319,OverRange,OverRange,OverRange,11.677882,15.82877,94.682152
2026/05/30 14:54:00.265,n,97.499504,3.535025,4.29382,1.651466,OverRange,OverRange,OverRange,11.604748,15.809424,87.859712
2026/05/30 14:55:00.267,n,93.4556,4.949207,3.941625,0.504924,OverRange,OverRange,OverRange,11.6845,15.801944,83.800512
2026/05/30 14:56:00.270,n,101.50212,6.178393,6.159864,0.096002,OverRange,OverRange,OverRange,11.552898,15.7869,90.015624
2026/05/30 14:57:00.271,n,110.08404,6.517172,6.353373,0.104437,OverRange,OverRange,OverRange,11.4251,15.773994,97.73096
2026/05/30 14:58:00.272,n,111.69602,3.695336,4.160086,1.022753,OverRange,OverRange,OverRange,11.354156,15.75569,99.713072
2026/05/30 14:59:00.275,n,111.70486,6.164274,5.866968,1.039384,OverRange,OverRange,OverRange,11.563528,15.743922,100.00514
2026/05/30 15:00:00.276,n,110.8269,3.451882,3.89987,1.167703,OverRange,OverRange,OverRange,11.463766,15.731016,98.689808
2026/05/30 15:01:00.263,n,111.77686,3.639718,4.672266,1.468372,OverRange,OverRange,OverRange,11.52303,15.724578,99.482792
2026/05/30 15:02:00.263,n,114.0642,5.615998,5.35677,1.55682,OverRange,OverRange,OverRange,11.59108,15.718142,100.7623
2026/05/30 15:03:00.322,n,117.89026,6.768015,4.958373,1.95766,OverRange,OverRange,OverRange,11.47871,15.704158,105.23786
2026/05/30 15:04:00.268,n,115.2692,3.825589,4.656671,1.325748,OverRange,OverRange,OverRange,11.391638,15.69446,103.55982
2026/05/30 15:05:00.270,n,112.62864,6.131959,5.850392,0.999797,OverRange,OverRange,OverRange,11.44659,15.692292,100.80698
2026/05/30 15:06:00.272,n,121.38236,4.958461,3.811831,0.683502,OverRange,OverRange,OverRange,11.345058,15.692292,107.93028
2026/05/30 15:07:00.274,n,131.4971,6.825794,5.408607,1.654463,OverRange,OverRange,OverRange,11.41389,15.682874,117.3814
2026/05/30 15:08:00.277,n,134.48216,4.520344,6.032497,0.744845,OverRange,OverRange,OverRange,11.429902,15.682874,120.09678
2026/05/30 15:09:00.278,n,138.6658,6.216935,4.83432,1.494422,OverRange,OverRange,OverRange,11.491882,15.678652,124.10154
2026/05/30 15:10:00.264,n,148.50082,6.184947,5.084868,1.563302,OverRange,OverRange,OverRange,11.424032,15.678652,132.97744
2026/05/30 15:11:00.265,n,164.56924,3.258174,4.435752,1.745879,OverRange,OverRange,OverRange,11.390594,15.67435,146.65908
2026/05/30 15:12:00.267,n,170.43092,5.513781,5.410849,1.07554,OverRange,OverRange,OverRange,11.459494,15.665826,151.19444
2026/05/30 15:13:00.269,n,191.58584,6.150749,5.601033,1.153645,OverRange,OverRange,OverRange,11.566574,15.665826,173.08106
2026/05/30 15:14:00.274,n,207.72648,4.464256,5.345238,1.310008,OverRange,OverRange,OverRange,11.469604,15.666904,186.1623
2026/05/30 15:15:00.275,n,198.18114,6.701676,5.753906,1.28823,OverRange,OverRange,OverRange,11.512142,15.665826,175.34418
2026/05/30 15:16:00.277,n,184.1472,3.148918,4.473941,1.735574,OverRange,OverRange,OverRange,11.543748,15.669022,162.9944
2026/05/30 15:17:00.279,n,172.6477,6.679809,4.740864,1.429346,OverRange,OverRange,OverRange,11.665742,15.67435,152.67446
2026/05/30 15:18:00.281,n,152.21552,3.714141,4.375939,1.694405,OverRange,OverRange,OverRange,11.637376,15.678652,134.96534
2026/05/30 15:19:00.268,n,139.67552,3.714483,5.071851,1.647717,OverRange,OverRange,OverRange,11.56044,15.688024,123.07766
2026/05/30 15:20:00.585,n,129.75848,4.129458,4.671677,1.362058,OverRange,OverRange,OverRange,11.547334,15.688024,114.35204
2026/05/30 15:21:00.275,n,122.0458,6.318989,5.286865,1.06099,OverRange,OverRange,OverRange,11.61517,15.6891,108.92828
2026/05/30 15:22:00.272,n,115.38982,6.252581,5.549166,1.135526,OverRange,OverRange,OverRange,11.573416,15.69125,103.42032
2026/05/30 15:23:00.275,n,111.68176,3.193477,5.744305,1.264435,OverRange,OverRange,OverRange,11.48938,15.688024,99.93304
2026/05/30 15:24:00.277,n,112.5595,3.61628,3.696017,0.128135,OverRange,OverRange,OverRange,11.666026,15.694036,100.57738
2026/05/30 15:25:00.277,n,122.56658,3.808734,4.326554,1.071257,OverRange,OverRange,OverRange,11.596578,15.685694,109.3654
2026/05/30 15:26:00.281,n,126.05534,6.321259,5.728426,1.316024,OverRange,OverRange,OverRange,11.725862,15.68359,113.58364
2026/05/30 15:27:00.282,n,128.5014,6.743507,5.960586,1.081397,OverRange,OverRange,OverRange,11.552312,15.703228,115.42728
2026/05/30 15:28:00.266,n,126.80232,6.437856,5.327672,1.615502,OverRange,OverRange,OverRange,11.492244,15.694656,114.12516
2026/05/30 15:29:00.269,n,124.93616,3.652976,4.561323,1.27033,OverRange,OverRange,OverRange,11.396572,15.682906,112.52504
2026/05/30 15:30:00.271,n,119.8675,6.431817,6.020956,0.652952,OverRange,OverRange,OverRange,11.581604,15.680788,107.59214
2026/05/30 15:31:00.274,n,116.93482,6.317841,5.296824,1.529101,OverRange,OverRange,OverRange,11.564636,15.676534,104.37934
2026/05/30 15:32:00.276,n,114.50234,6.62058,5.690565,1.307266,OverRange,OverRange,OverRange,11.60816,15.674382,101.39086
2026/05/30 15:33:00.277,n,108.27244,6.65247,4.603304,1.331073,OverRange,OverRange,OverRange,11.59903,15.665858,96.189792
2026/05/30 15:34:00.278,n,104.8314,6.28735,4.439954,1.446964,OverRange,OverRange,OverRange,11.64357,15.662648,92.503624
2026/05/30 15:35:00.282,n,101.74024,4.619288,5.413489,1.385837,OverRange,OverRange,OverRange,11.647888,15.659422,90.137048
2026/05/30 15:36:00.283,n,97.113064,6.378914,6.315761,0.098667,OverRange,OverRange,OverRange,11.620072,15.658348,86.251304
2026/05/30 15:37:00.268,n,94.548712,6.151595,6.105189,0.486054,OverRange,OverRange,OverRange,11.59199,15.65621,83.291904
2026/05/30 15:38:00.271,n,94.22296,4.491003,4.369756,1.062528,OverRange,OverRange,OverRange,11.602356,15.655136,83.366224
2026/05/30 15:39:00.273,n,90.479,4.82279,5.068269,1.163664,OverRange,OverRange,OverRange,11.643092,15.661572,80.25828
2026/05/30 15:40:00.275,n,89.192416,3.589038,4.672142,1.359796,OverRange,OverRange,OverRange,11.689876,15.655136,78.921456
2026/05/30 15:41:00.276,n,90.637848,2.991554,5.535832,1.275432,OverRange,OverRange,OverRange,11.781178,15.661572,80.147448
2026/05/30 15:42:00.283,n,89.157896,5.805791,5.253393,1.348721,OverRange,OverRange,OverRange,11.790788,15.666904,79.746608
2026/05/30 15:43:00.282,n,85.604336,4.022767,5.252464,1.422738,OverRange,OverRange,OverRange,11.643326,15.674382,76.797968
2026/05/30 15:44:00.282,n,85.659128,3.947207,4.564194,1.360066,OverRange,OverRange,OverRange,11.587174,15.68183,75.992944
2026/05/30 15:45:00.283,n,90.092184,6.479862,4.65696,1.529563,OverRange,OverRange,OverRange,11.711868,15.685058,78.53896
2026/05/30 15:46:00.270,n,91.064576,3.80471,5.055238,1.421597,OverRange,OverRange,OverRange,11.503144,15.690386,79.681496
2026/05/30 15:47:00.272,n,86.955088,4.053441,3.830135,0.173259,OverRange,OverRange,OverRange,11.587956,15.688268,77.265952
2026/05/30 15:48:00.273,n,79.582408,3.704162,4.406101,1.301559,OverRange,OverRange,OverRange,11.499822,15.688268,70.267576
2026/05/30 15:49:00.279,n,71.163688,3.64643,4.124588,1.273515,OverRange,OverRange,OverRange,11.485928,15.685058,62.476736
2026/05/30 15:50:00.264,n,59.564372,4.189621,4.159249,0.631412,OverRange,OverRange,OverRange,11.51202,15.677576,53.088836
2026/05/30 15:51:00.263,n,55.053052,3.297537,4.728815,1.619041,OverRange,OverRange,OverRange,11.503892,15.675458,49.76222
2026/05/30 15:52:00.269,n,48.290056,5.655799,5.266701,1.459189,OverRange,OverRange,OverRange,11.541092,15.671172,42.039288
2026/05/30 15:53:00.267,n,41.996892,5.118785,4.867299,1.467073,OverRange,OverRange,OverRange,11.386892,15.65621,36.555044
2026/05/30 15:54:00.271,n,40.965992,6.552975,4.977603,1.721075,OverRange,OverRange,OverRange,11.38084,15.639164,36.281072
2026/05/30 15:55:00.272,n,40.575572,3.847781,4.662073,1.547467,OverRange,OverRange,OverRange,11.265096,15.622052,36.277144
2026/05/30 15:56:00.275,n,40.85822,3.560929,3.868115,0.910195,OverRange,OverRange,OverRange,11.427456,15.604924,36.73072
2026/05/30 15:57:00.258,n,43.720744,4.941063,5.986134,0.529458,OverRange,OverRange,OverRange,11.396062,15.59425,38.503024
2026/05/30 15:58:00.260,n,50.154012,3.499573,4.514883,1.525044,OverRange,OverRange,OverRange,11.338038,15.575036,43.907672
2026/05/30 15:59:00.262,n,54.486864,6.497544,5.095913,1.5084,OverRange,OverRange,OverRange,11.408666,15.553688,48.341944
2026/05/30 16:00:00.263,n,58.9357,6.196893,5.95845,0.864998,OverRange,OverRange,OverRange,11.349986,15.537636,52.546268
2026/05/30 16:01:00.265,n,66.431556,3.516593,5.676346,1.19778,OverRange,OverRange,OverRange,11.223338,15.522692,58.776408
2026/05/30 16:02:00.267,n,74.590992,3.655251,4.283825,1.323962,OverRange,OverRange,OverRange,11.365154,15.49916,65.207724
2026/05/30 16:03:00.270,n,80.641536,6.257809,5.203413,1.490523,OverRange,OverRange,OverRange,11.395788,15.481038,70.910488
2026/05/30 16:04:00.272,n,83.980688,6.361117,4.889386,1.615721,OverRange,OverRange,OverRange,11.311474,15.462866,73.998624
2026/05/30 16:05:00.256,n,87.03952,3.813055,4.94981,1.508899,OverRange,OverRange,OverRange,11.240026,15.445756,76.524592
2026/05/30 16:06:00.258,n,82.943,6.249329,6.203826,0.507846,OverRange,OverRange,OverRange,11.403672,15.439384,73.30172
2026/05/30 16:07:00.260,n,77.501496,3.974562,4.797253,1.470843,OverRange,OverRange,OverRange,11.363384,15.428612,68.710536
2026/05/30 16:08:00.262,n,70.335112,6.418425,5.445191,1.387948,OverRange,OverRange,OverRange,11.427954,15.423318,62.301316
2026/05/30 16:09:00.268,n,64.375784,6.479055,4.714968,1.638754,OverRange,OverRange,OverRange,11.374508,15.415836,56.628084
2026/05/30 16:10:00.268,n,59.747332,3.019652,4.686579,1.713066,OverRange,OverRange,OverRange,11.390472,15.40407,52.619648
2026/05/30 16:11:00.269,n,53.83086,5.920743,4.836975,1.693666,OverRange,OverRange,OverRange,11.473242,15.410378,47.67268
2026/05/30 16:12:00.270,n,48.537548,3.581769,4.332514,1.576663,OverRange,OverRange,OverRange,11.444306,15.404006,43.145656
2026/05/30 16:13:00.272,n,45.151808,4.034424,4.547192,1.616874,OverRange,OverRange,OverRange,11.411378,15.396524,40.115016
2026/05/30 16:14:00.258,n,45.02672,3.455146,4.464995,1.313912,OverRange,OverRange,OverRange,11.362782,15.387384,40.030292
2026/05/30 16:15:00.260,n,47.349604,6.320209,6.118578,0.646897,OverRange,OverRange,OverRange,11.37141,15.3735,42.062924
2026/05/30 16:16:00.264,n,49.843908,3.239607,5.679278,1.197501,OverRange,OverRange,OverRange,11.304276,15.370256,43.948624
2026/05/30 16:17:00.265,n,51.436248,6.092313,5.021458,1.416787,OverRange,OverRange,OverRange,11.365108,15.35321,45.53596
2026/05/30 16:18:00.266,n,51.627928,6.158695,5.686636,1.294847,OverRange,OverRange,OverRange,11.319244,15.34459,45.505068
2026/05/30 16:19:00.267,n,51.779072,3.871316,3.604448,0.253166,OverRange,OverRange,OverRange,11.284282,15.333932,46.001048
2026/05/30 16:20:00.269,n,51.793568,6.41312,4.90725,1.533531,OverRange,OverRange,OverRange,11.316448,15.327514,46.390716
2026/05/30 16:21:00.271,n,57.251876,3.792695,4.054337,1.146442,OverRange,OverRange,OverRange,11.289358,15.323228,51.509016
2026/05/30 16:22:00.258,n,59.919636,3.846631,4.048464,1.24113,OverRange,OverRange,OverRange,11.32659,15.320018,53.207516
2026/05/30 16:23:00.261,n,55.317096,6.265345,5.832218,1.042542,OverRange,OverRange,OverRange,11.292648,15.308236,48.7869
2026/05/30 16:24:00.261,n,46.225692,3.671344,5.002178,1.37745,OverRange,OverRange,OverRange,11.22171,15.301864,40.192152
2026/05/30 16:25:00.263,n,41.181536,3.663904,4.900176,1.720921,OverRange,OverRange,OverRange,11.265778,15.296502,36.393612
2026/05/30 16:26:00.264,n,43.069228,6.434143,4.960717,1.771313,OverRange,OverRange,OverRange,11.302012,15.280468,38.004488
2026/05/30 16:27:00.267,n,49.270528,3.17785,4.269024,1.487836,OverRange,OverRange,OverRange,11.25082,15.272956,43.700592
2026/05/30 16:28:00.270,n,55.11464,6.083021,4.843471,1.253371,OverRange,OverRange,OverRange,11.370906,15.255846,48.924944
2026/05/30 16:29:00.273,n,56.048932,3.081064,4.563704,1.821651,OverRange,OverRange,OverRange,11.296174,15.250484,49.876712
2026/05/30 16:30:00.273,n,55.256928,6.490104,5.431519,1.696697,OverRange,OverRange,OverRange,11.30808,15.245188,49.651296
2026/05/30 16:31:00.258,n,50.271024,5.259244,4.781437,1.255758,OverRange,OverRange,OverRange,11.261724,15.23445,44.966004
2026/05/30 16:32:00.260,n,48.538828,4.369168,4.553755,1.616295,OverRange,OverRange,OverRange,11.26199,15.222686,43.204956
2026/05/30 16:33:00.263,n,47.689992,6.572552,5.086515,1.683474,OverRange,OverRange,OverRange,11.267044,15.21092,42.721952
2026/05/30 16:34:00.265,n,43.25514,3.804073,3.801063,0.259235,OverRange,OverRange,OverRange,11.266546,15.20129,39.072216
2026/05/30 16:35:00.267,n,40.2085,3.030464,5.190758,1.611536,OverRange,OverRange,OverRange,11.295416,15.188482,36.055736
2026/05/30 16:36:00.269,n,39.147456,6.517035,4.222029,1.143902,OverRange,OverRange,OverRange,11.378514,15.179862,34.202028
2026/05/30 16:37:00.271,n,37.578844,6.157492,5.784779,0.856834,OverRange,OverRange,OverRange,11.377492,15.169204,32.311974
2026/05/30 16:38:00.272,n,39.246756,3.693934,4.321229,1.233724,OverRange,OverRange,OverRange,11.353436,15.159574,33.923624
2026/05/30 16:39:00.274,n,43.336868,3.404297,4.143456,1.050245,OverRange,OverRange,OverRange,11.361786,15.150988,37.7882
2026/05/30 16:40:00.261,n,43.927824,4.212683,4.216462,1.178592,OverRange,OverRange,OverRange,11.359762,15.148836,38.742956
2026/05/30 16:41:00.261,n,42.346768,3.59446,4.517671,1.496476,OverRange,OverRange,OverRange,11.34432,15.140266,37.541624
2026/05/30 16:42:00.264,n,39.330924,6.927684,5.084858,1.773964,OverRange,OverRange,OverRange,11.273642,15.138114,34.846808
2026/05/30 16:43:00.413,n,33.510552,6.086688,5.645909,1.295669,OverRange,OverRange,OverRange,11.250066,15.133878,29.684738
2026/05/30 16:44:00.270,n,31.250526,5.25387,4.940426,1.422932,OverRange,OverRange,OverRange,11.223454,15.12208,27.355448
2026/05/30 16:45:00.270,n,32.606156,6.126694,5.388237,1.666214,OverRange,OverRange,OverRange,11.243704,15.119964,28.327864
2026/05/30 16:46:00.272,n,34.144744,6.651428,4.980431,1.856917,OverRange,OverRange,OverRange,11.312378,15.113526,29.518618
2026/05/30 16:47:00.440,n,34.757892,3.528229,4.099095,1.292615,OverRange,OverRange,OverRange,11.298962,15.108166,30.273376
2026/05/30 16:48:00.460,n,37.890872,6.581593,4.741217,1.532788,OverRange,OverRange,OverRange,11.319982,15.104988,32.92834
2026/05/30 16:49:00.261,n,39.791524,6.118334,5.369576,1.683222,OverRange,OverRange,OverRange,11.325048,15.107562,34.254332
2026/05/30 16:50:00.263,n,39.08356,4.454807,4.497824,1.763416,OverRange,OverRange,OverRange,11.33608,15.103292,33.615612
2026/05/30 16:51:00.265,n,37.99916,6.621363,4.955636,1.836711,OverRange,OverRange,OverRange,11.391846,15.099008,33.016312
2026/05/30 16:52:00.266,n,36.722696,2.951326,4.670179,1.815779,OverRange,OverRange,OverRange,11.259628,15.108786,32.54277
2026/05/30 16:53:00.271,n,33.257282,6.716905,4.960734,1.78905,OverRange,OverRange,OverRange,11.275844,15.100198,29.773474
2026/05/30 16:54:00.270,n,31.913588,6.618014,4.502987,1.411976,OverRange,OverRange,OverRange,11.187678,15.101274,28.362076
2026/05/30 16:55:00.273,n,32.51596,6.176756,5.77146,1.361497,OverRange,OverRange,OverRange,11.16943,15.104498,28.764796
2026/05/30 16:56:00.275,n,32.201626,6.255771,6.028083,0.464262,OverRange,OverRange,OverRange,11.183888,15.101274,28.07736
2026/05/30 16:57:00.276,n,30.010244,3.698032,4.902935,1.573799,OverRange,OverRange,OverRange,11.207194,15.110902,25.718886
2026/05/30 16:58:00.264,n,27.89379,4.558068,3.842138,0.392888,OverRange,OverRange,OverRange,11.423,15.110902,24.1958
2026/05/30 16:59:00.266,n,28.55454,3.70203,4.214861,1.216849,OverRange,OverRange,OverRange,11.370576,15.115188,24.742714
2026/05/30 17:00:00.266,n,31.459658,5.99364,5.372977,1.331223,OverRange,OverRange,OverRange,11.415402,15.118414,27.186082
2026/05/30 17:01:00.270,n,31.459532,3.695299,3.587299,0.176466,OverRange,OverRange,OverRange,11.33133,15.110902,27.009806
2026/05/30 17:02:00.269,n,29.579666,3.834222,4.813379,1.624713,OverRange,OverRange,OverRange,11.274288,15.110902,25.22052
2026/05/30 17:03:00.271,n,27.45949,3.126789,4.614237,1.619086,OverRange,OverRange,OverRange,11.341192,15.114146,23.494196
2026/05/30 17:04:00.273,n,26.812982,3.138535,5.336725,1.57304,OverRange,OverRange,OverRange,11.365266,15.119474,22.830308
2026/05/30 17:05:00.274,n,25.17227,3.848321,3.985353,0.800379,OverRange,OverRange,OverRange,11.315884,15.115188,21.395188
2026/05/30 17:06:00.276,n,22.05494,5.104055,4.66946,1.189852,OverRange,OverRange,OverRange,11.324478,15.107708,18.906002
2026/05/30 17:07:00.262,n,21.144774,3.956324,4.352576,1.260827,OverRange,OverRange,OverRange,11.26292,15.10238,18.022836
2026/05/30 17:08:00.265,n,21.068818,3.712552,4.923762,1.694997,OverRange,OverRange,OverRange,11.27001,15.096988,18.036402
2026/05/30 17:09:00.266,n,18.642646,6.294442,5.087834,1.368139,OverRange,OverRange,OverRange,11.307252,15.088432,15.894646
2026/05/30 17:10:00.268,n,16.755982,3.626945,4.238856,1.250066,OverRange,OverRange,OverRange,11.15623,15.083072,14.16824
2026/05/30 17:11:00.272,n,17.1532,6.550202,4.769277,1.497487,OverRange,OverRange,OverRange,11.248714,15.078836,14.754232
2026/05/30 17:12:00.276,n,17.880666,3.268128,5.182986,1.393846,OverRange,OverRange,OverRange,11.095404,15.072366,15.041256
2026/05/30 17:13:00.274,n,17.71426,6.358284,5.454828,1.594198,OverRange,OverRange,OverRange,11.142288,15.0606,14.876244
2026/05/30 17:14:00.276,n,16.487062,3.276414,4.460327,1.685353,OverRange,OverRange,OverRange,11.102764,15.04882,13.881046
2026/05/30 17:15:00.278,n,15.253962,6.181512,5.027962,1.58298,OverRange,OverRange,OverRange,11.232986,15.048854,12.758976
2026/05/30 17:16:00.263,n,14.571914,6.057266,5.083835,1.374365,OverRange,OverRange,OverRange,11.20901,15.034938,11.946966
2026/05/30 17:17:00.265,n,13.586434,6.348529,5.739229,1.330797,OverRange,OverRange,OverRange,11.066798,15.026366,11.078472
2026/05/30 17:18:00.269,n,12.176534,3.541818,5.343708,1.566295,OverRange,OverRange,OverRange,10.923554,15.01993,9.894798
2026/05/30 17:19:00.270,n,11.690914,3.614608,4.498824,1.131591,OverRange,OverRange,OverRange,11.098512,15.006016,9.468958
2026/05/30 17:20:00.275,n,11.81062,5.602849,4.190577,0.695703,OverRange,OverRange,OverRange,11.070882,14.996386,9.721852
2026/05/30 17:21:00.274,n,10.259846,6.33781,4.890194,1.475751,OverRange,OverRange,OverRange,11.01613,14.97711,8.412756
2026/05/30 17:22:00.276,n,8.819154,6.363621,5.3852,1.489731,OverRange,OverRange,OverRange,10.888494,14.963194,6.961085
2026/05/30 17:23:00.280,n,7.864209,4.985647,5.699056,0.703641,OverRange,OverRange,OverRange,10.94991,14.950322,5.950702
2026/05/30 17:24:00.280,n,7.216931,6.360797,4.900845,1.258351,OverRange,OverRange,OverRange,11.020162,14.940692,5.602417
2026/05/30 17:25:00.265,n,6.321775,3.276177,4.620149,1.609646,OverRange,OverRange,OverRange,10.955978,14.92246,4.648602
2026/05/30 17:26:00.267,n,5.886963,6.554957,5.553196,1.385098,OverRange,OverRange,OverRange,10.94099,14.905288,4.516694
2026/05/30 17:27:00.269,n,5.510143,4.14216,4.935772,1.573913,OverRange,OverRange,OverRange,10.82581,14.892056,4.165252
2026/05/30 17:28:00.272,n,4.757145,6.592768,5.726726,1.310431,OverRange,OverRange,OverRange,10.8605,14.866328,3.53421
2026/05/30 17:29:00.273,n,3.571001,6.213487,5.364218,1.604972,OverRange,OverRange,OverRange,10.902064,14.854566,2.460432
2026/05/30 17:30:00.279,n,3.013405,3.865648,4.963546,1.672912,OverRange,OverRange,OverRange,10.823156,14.841758,2.04662
2026/05/30 17:31:00.276,n,2.572307,4.287045,5.620068,1.370714,OverRange,OverRange,OverRange,10.87674,14.82993,1.718301
2026/05/30 17:32:00.279,n,2.586805,6.147171,5.516446,1.526473,OverRange,OverRange,OverRange,10.820654,14.824554,1.475389
2026/05/30 17:33:00.280,n,2.093102,6.780744,4.446707,1.561807,OverRange,OverRange,OverRange,10.866338,14.813832,1.185977
2026/05/30 17:34:00.267,n,1.72475,6.449778,5.744562,1.251941,OverRange,OverRange,OverRange,10.801178,14.805244,0.855439
2026/05/30 17:35:00.269,n,1.3215,4.343222,4.180623,1.082953,OverRange,OverRange,OverRange,10.886418,14.79565,0.561931
2026/05/30 17:36:00.270,n,0.988174,3.637276,5.695872,1.246527,OverRange,OverRange,OverRange,10.7364,14.78276,0.179006
2026/05/30 17:37:00.273,n,0.470608,6.373648,6.080577,1.045447,OverRange,OverRange,OverRange,10.732388,14.772024,-0.307159
2026/05/30 17:38:00.274,n,0.058762,4.599897,5.107964,1.386018,OverRange,OverRange,OverRange,10.728816,14.754916,-0.781806
2026/05/30 17:39:00.276,n,-0.295221,3.779263,4.478971,1.162366,OverRange,OverRange,OverRange,10.834386,14.73991,-0.915847
2026/05/30 17:40:00.278,n,-0.728236,6.353682,4.68456,1.476342,OverRange,OverRange,OverRange,10.854686,14.731292,-1.145534
2026/05/30 17:41:00.282,n,-0.827413,3.219766,4.85619,1.358431,OverRange,OverRange,OverRange,10.771954,14.714134,-1.421807
2026/05/30 17:42:00.283,n,-1.037827,3.133776,4.410548,1.326126,OverRange,OverRange,OverRange,10.800634,14.69486,-1.520951
2026/05/30 17:43:00.272,n,-1.140339,3.615916,5.155137,1.387405,OverRange,OverRange,OverRange,10.717642,14.679838,-1.702004
2026/05/30 17:44:00.269,n,-1.473793,6.3179,5.44075,1.557275,OverRange,OverRange,OverRange,10.827006,14.6627,-1.882887
2026/05/30 17:45:00.272,n,-1.511771,3.416301,5.05642,1.53296,OverRange,OverRange,OverRange,10.656708,14.644434,-2.143717
2026/05/30 17:46:00.274,n,-1.631732,4.044895,4.793545,1.40215,OverRange,OverRange,OverRange,10.788468,14.621886,-2.168887
2026/05/30 17:47:00.276,n,-1.851127,6.095818,5.08656,1.452502,OverRange,OverRange,OverRange,10.756262,14.62798,-2.311033
2026/05/30 17:48:00.279,n,-1.573612,6.696078,4.739064,1.440849,OverRange,OverRange,OverRange,10.676138,14.61247,-2.323234
2026/05/30 17:49:00.280,n,-1.758237,3.085123,5.153273,1.580871,OverRange,OverRange,OverRange,10.712124,14.593164,-2.400707
2026/05/30 17:50:00.265,n,-1.94222,6.122508,5.086487,1.415238,OverRange,OverRange,OverRange,10.806062,14.56954,-2.406936
2026/05/30 17:51:00.284,n,-2.044989,6.536308,4.484448,1.206249,OverRange,OverRange,OverRange,10.690308,14.556668,-2.591743
2026/05/30 17:52:00.270,n,-2.03588,5.757267,5.448145,1.329276,OverRange,OverRange,OverRange,10.769238,14.540572,-2.720238
2026/05/30 17:53:00.272,n,-1.99213,6.956803,4.38324,1.395943,OverRange,OverRange,OverRange,10.801194,14.522342,-2.661878
2026/05/30 17:54:00.258,n,-2.129796,3.245032,5.76905,1.237444,OverRange,OverRange,OverRange,10.706814,14.506212,-2.872026
2026/05/30 17:55:00.259,n,-2.225894,3.78687,3.876359,0.09982,OverRange,OverRange,OverRange,10.747152,14.4901,-2.743531
2026/05/30 17:56:00.261,n,-2.304927,6.568424,5.116167,1.562364,OverRange,OverRange,OverRange,10.808314,14.48044,-2.757097
2026/05/30 17:57:00.263,n,-2.328406,3.181665,4.623135,1.580291,OverRange,OverRange,OverRange,10.659074,14.463252,-2.889432
2026/05/30 17:58:00.267,n,-2.527401,5.459776,5.316097,1.390239,OverRange,OverRange,OverRange,10.700912,14.441828,-3.033455
2026/05/30 17:59:00.268,n,-2.577054,6.168025,5.357044,1.646534,OverRange,OverRange,OverRange,10.657766,14.427818,-3.082345
2026/05/30 18:00:00.271,n,-2.66494,6.186246,5.077936,1.489338,OverRange,OverRange,OverRange,10.708318,14.40962,-3.027824
2026/05/30 18:01:00.272,n,-2.559733,6.428382,5.993565,0.930993,OverRange,OverRange,OverRange,10.513332,14.403154,-2.95385
2026/05/30 18:02:00.257,n,-2.556654,3.769162,5.371691,1.369995,OverRange,OverRange,OverRange,10.50496,14.378456,-3.027909
2026/05/30 18:03:00.259,n,-2.542028,3.699112,4.698929,1.34783,OverRange,OverRange,OverRange,10.651704,14.369838,-2.90496
2026/05/30 18:04:00.263,n,-2.588986,3.852699,4.143217,0.571677,OverRange,OverRange,OverRange,10.613902,14.357,-2.88363
2026/05/30 18:05:00.263,n,-2.700094,3.760571,4.621416,1.50171,OverRange,OverRange,OverRange,10.676356,14.340888,-2.934226
2026/05/30 18:06:00.265,n,-2.626963,3.745681,5.354967,1.034844,OverRange,OverRange,OverRange,10.56486,14.32691,-3.091987
2026/05/30 18:07:00.270,n,-2.71177,6.142999,4.916712,1.292904,OverRange,OverRange,OverRange,10.695394,14.321518,-3.060844
2026/05/30 18:08:00.270,n,-2.700223,6.181408,5.052871,1.557253,OverRange,OverRange,OverRange,10.609548,14.312934,-3.066731
2026/05/30 18:09:00.272,n,-2.536126,3.776535,4.936854,1.445316,OverRange,OverRange,OverRange,10.48842,14.307542,-2.982859
2026/05/30 18:10:00.257,n,-2.541899,5.921393,4.176033,0.863914,OverRange,OverRange,OverRange,10.591802,14.297864,-2.866224
2026/05/30 18:11:00.258,n,-2.49802,3.689056,4.040011,1.106452,OverRange,OverRange,OverRange,10.606792,14.290386,-2.899329
2026/05/30 18:12:00.261,n,-2.424889,6.136331,6.172877,0.195516,OverRange,OverRange,OverRange,10.567918,14.283952,-2.897367
2026/05/30 18:13:00.263,n,-2.492375,6.016867,5.34112,1.419426,OverRange,OverRange,OverRange,10.482326,14.267792,-2.988832
2026/05/30 18:14:00.264,n,-2.454141,6.36947,5.766434,1.293221,OverRange,OverRange,OverRange,10.498826,14.252754,-2.891394
2026/05/30 18:15:00.267,n,-2.59771,6.581009,5.028661,1.626632,OverRange,OverRange,OverRange,10.440156,14.238778,-2.906923
2026/05/30 18:16:00.268,n,-2.696887,3.563972,4.903316,1.242538,OverRange,OverRange,OverRange,10.45313,14.230226,-3.14062
2026/05/30 18:17:00.271,n,-2.588986,4.551784,5.123918,0.905802,OverRange,OverRange,OverRange,10.52475,14.215174,-2.947877
2026/05/30 18:18:00.273,n,-2.547929,3.006446,5.579548,1.274888,OverRange,OverRange,OverRange,10.393148,14.198996,-2.97902
2026/05/30 18:19:00.259,n,-2.582956,6.639669,4.966042,1.746923,OverRange,OverRange,OverRange,10.4399,14.179692,-2.794127
2026/05/30 18:20:00.262,n,-2.553575,6.201606,5.718153,0.857863,OverRange,OverRange,OverRange,10.418066,14.16676,-2.909056
2026/05/30 18:21:00.262,n,-2.568329,6.597747,4.21956,1.17455,OverRange,OverRange,OverRange,10.398732,14.177542,-2.955727
2026/05/30 18:22:00.265,n,-2.185223,3.315277,5.484513,1.180448,OverRange,OverRange,OverRange,10.34404,14.159282,-2.732183
2026/05/30 18:23:00.266,n,-2.08874,6.094795,5.093338,1.407365,OverRange,OverRange,OverRange,10.42127,14.14638,-2.663755
2026/05/30 18:24:00.268,n,-2.027412,6.096437,6.243402,0.084631,OverRange,OverRange,OverRange,10.235016,14.122726,-2.710682
2026/05/30 18:25:00.273,n,-2.076937,3.232747,4.919871,1.718949,OverRange,OverRange,OverRange,10.287314,14.110868,-2.599593
2026/05/30 18:26:00.276,n,-2.10914,3.970168,4.821346,1.396067,OverRange,OverRange,OverRange,10.352412,14.097964,-2.611282
2026/05/30 18:27:00.275,n,-2.106189,3.924749,3.837045,0.137437,OverRange,OverRange,OverRange,10.40477,14.073758,-2.650444
2026/05/30 18:28:00.261,n,-2.395508,6.144544,5.432333,1.339856,OverRange,OverRange,OverRange,10.433624,14.047956,-2.907008
2026/05/30 18:29:00.262,n,-2.292995,4.857782,4.677227,1.288687,OverRange,OverRange,OverRange,10.301488,14.038312,-2.908885
2026/05/30 18:30:00.265,n,-2.425017,5.849626,4.581687,1.363952,OverRange,OverRange,OverRange,10.411006,14.024336,-2.961444
2026/05/30 18:31:00.267,n,-2.401281,3.813638,4.1728,1.103472,OverRange,OverRange,OverRange,10.337804,14.009252,-2.823136
2026/05/30 18:32:00.268,n,-2.521371,6.315682,6.066466,0.845834,OverRange,OverRange,OverRange,10.3373,13.999576,-3.012125
2026/05/30 18:33:00.270,n,-2.459787,6.601476,5.169603,1.587385,OverRange,OverRange,OverRange,10.286958,13.983432,-2.96716
2026/05/30 18:34:00.273,n,-2.477492,6.602488,5.025196,1.762647,OverRange,OverRange,OverRange,10.360438,13.972666,-2.910762
2026/05/30 18:35:00.274,n,-2.398459,6.214901,5.868714,1.191436,OverRange,OverRange,OverRange,10.298706,13.964064,-2.869893
2026/05/30 18:36:00.278,n,-2.410006,6.233588,5.087161,1.552786,OverRange,OverRange,OverRange,10.262574,13.946864,-3.004105
2026/05/30 18:37:00.262,n,-2.410262,3.335557,5.692114,1.161938,OverRange,OverRange,OverRange,10.211766,13.940414,-3.02552
2026/05/30 18:38:00.264,n,-2.600405,5.936495,5.365843,1.237522,OverRange,OverRange,OverRange,10.391194,13.924254,-2.875695
2026/05/30 18:39:00.316,n,-2.626578,3.37599,4.396383,1.470098,OverRange,OverRange,OverRange,10.353582,13.94859,-3.058711
2026/05/30 18:40:00.317,n,-2.434383,3.208175,4.745932,1.389277,OverRange,OverRange,OverRange,10.413442,13.935722,-2.952484
2026/05/30 18:41:00.317,n,-2.384602,3.866268,4.967232,1.545616,OverRange,OverRange,OverRange,10.352956,13.930362,-2.872538
2026/05/30 18:42:00.410,n,-2.378572,3.54018,4.928612,1.584233,OverRange,OverRange,OverRange,10.375824,13.918504,-2.915369
2026/05/30 18:43:00.273,n,-2.481213,3.966465,4.198969,1.309521,OverRange,OverRange,OverRange,10.398204,13.919564,-2.794554
2026/05/30 18:44:00.275,n,-2.486987,6.136509,4.767169,1.241565,OverRange,OverRange,OverRange,10.436574,13.91308,-2.759571
2026/05/30 18:45:00.276,n,-2.413983,3.744379,4.651254,1.130119,OverRange,OverRange,OverRange,10.271856,13.919564,-2.995231
2026/05/30 18:46:00.262,n,-2.361508,6.459922,4.337389,1.043792,OverRange,OverRange,OverRange,10.45309,13.915248,-2.748053
2026/05/30 18:47:00.264,n,-2.375749,4.87509,5.749628,0.561838,OverRange,OverRange,OverRange,10.37966,13.912036,-2.864859
2026/05/30 18:48:00.266,n,-2.26169,3.85592,4.47566,1.153728,OverRange,OverRange,OverRange,10.310252,13.910994,-2.786789
2026/05/30 18:49:00.268,n,-2.285041,5.539428,4.614115,1.204803,OverRange,OverRange,OverRange,10.384216,13.910164,-2.687645
2026/05/30 18:50:00.272,n,-2.38704,3.989111,4.495322,1.171904,OverRange,OverRange,OverRange,10.279068,13.90158,-2.858545
2026/05/30 18:51:00.272,n,-2.629914,6.126279,5.997728,0.534303,OverRange,OverRange,OverRange,10.368572,13.90158,-2.938321
2026/05/30 18:52:00.274,n,-2.372414,6.383671,6.214093,0.12613,OverRange,OverRange,OverRange,10.3007,13.900472,-2.850695
2026/05/30 18:53:00.277,n,-2.504051,6.231714,6.153899,0.084955,OverRange,OverRange,OverRange,10.240698,13.88969,-2.998815
2026/05/30 18:54:00.279,n,-2.387297,6.507971,5.633991,1.207817,OverRange,OverRange,OverRange,10.32307,13.885438,-2.909141
2026/05/30 18:55:00.264,n,-2.71177,6.101059,5.088497,1.372882,OverRange,OverRange,OverRange,10.309582,13.876788,-3.051373
2026/05/30 18:56:00.266,n,-2.542156,4.119944,4.630069,1.622653,OverRange,OverRange,OverRange,10.203034,13.86928,-2.910933
2026/05/30 18:57:00.268,n,-2.592065,3.87314,4.384869,1.168597,OverRange,OverRange,OverRange,10.316682,13.868188,-2.903424
2026/05/30 18:58:00.270,n,-2.788109,3.585423,4.605343,1.605435,OverRange,OverRange,OverRange,10.312104,13.849862,-3.080639
2026/05/30 18:59:00.271,n,-2.612465,3.883398,5.017808,1.572379,OverRange,OverRange,OverRange,10.286458,13.847746,-3.055127
2026/05/30 19:00:00.275,n,-2.714721,3.875713,4.654827,1.368989,OverRange,OverRange,OverRange,10.28999,13.839128,-3.035759
2026/05/30 19:01:00.276,n,-2.709075,5.921623,5.725634,1.025286,OverRange,OverRange,OverRange,10.28975,13.835886,-3.131234
2026/05/30 19:02:00.276,n,-2.758856,OverRange,OverRange,OverRange,OverRange,OverRange,OverRange,10.327368,13.833736,-3.111696
2026/05/30 19:03:00.280,n,-2.685596,6.205782,5.10125,1.390264,OverRange,OverRange,OverRange,10.260524,13.82082,-3.105723
2026/05/30 19:04:00.265,n,-2.565635,3.868576,3.926843,0.57921,OverRange,OverRange,OverRange,10.210704,13.814354,-3.076799
2026/05/30 19:05:00.267,n,-2.732298,6.587068,4.580868,1.432906,OverRange,OverRange,OverRange,10.371094,13.818978,-2.903425
2026/05/30 19:06:00.269,n,-2.237698,6.082094,5.577603,1.231895,OverRange,OverRange,OverRange,10.212124,13.810674,-2.780646
2026/05/30 19:07:00.272,n,-2.375878,3.732679,4.083395,1.306278,OverRange,OverRange,OverRange,10.22195,13.800982,-2.861019
2026/05/30 19:08:00.275,n,-2.466458,3.781754,4.991843,1.405497,OverRange,OverRange,OverRange,10.210246,13.799922,-2.835678
2026/05/30 19:09:00.275,n,-2.481341,4.480956,4.352196,1.202867,OverRange,OverRange,OverRange,10.287538,13.790198,-2.938918
2026/05/30 19:10:00.278,n,-2.472745,4.134429,5.055953,1.316611,OverRange,OverRange,OverRange,10.23795,13.775132,-2.973815
2026/05/30 19:11:00.279,n,-2.417319,6.152501,4.475579,1.081236,OverRange,OverRange,OverRange,10.330754,13.774056,-2.882435
2026/05/30 19:12:00.282,n,-2.428995,6.07488,5.05059,1.103146,OverRange,OverRange,OverRange,10.230092,13.770832,-2.89421
2026/05/30 19:13:00.267,n,-2.563454,6.637626,4.575083,1.469767,OverRange,OverRange,OverRange,10.268484,13.753582,-2.954447
2026/05/30 19:14:00.270,n,-2.624782,6.668801,5.023962,1.594216,OverRange,OverRange,OverRange,10.248652,13.750374,-2.892333
2026/05/30 19:15:00.272,n,-2.519703,3.523233,4.7606,1.609366,OverRange,OverRange,OverRange,10.156586,13.745014,-2.847453
2026/05/30 19:16:00.277,n,-2.721264,6.188357,6.09833,0.256358,OverRange,OverRange,OverRange,10.213822,13.73959,-2.960334
2026/05/30 19:17:00.276,n,-2.601431,4.0345,4.972458,1.425385,OverRange,OverRange,OverRange,10.12736,13.73205,-2.897964
2026/05/30 19:18:00.277,n,-2.721264,5.441293,4.953525,1.32572,OverRange,OverRange,OverRange,10.201344,13.729932,-2.905899
2026/05/30 19:19:00.279,n,-2.595529,6.133596,5.78614,1.190227,OverRange,OverRange,OverRange,10.12229,13.729932,-2.866992
2026/05/30 19:20:00.542,n,-2.577952,6.198053,5.32575,0.968559,OverRange,OverRange,OverRange,10.12202,13.727764,-2.851378
2026/05/30 19:21:00.283,n,-2.674434,6.105353,5.457002,1.2405,OverRange,OverRange,OverRange,10.11235,13.72669,-3.014855
2026/05/30 19:22:00.269,n,-2.630812,6.173753,4.894018,1.340756,OverRange,OverRange,OverRange,10.125586,13.72669,-2.981665
2026/05/30 19:23:00.270,n,-2.674691,6.271549,5.154959,1.386206,OverRange,OverRange,OverRange,10.142366,13.729932,-2.956495
2026/05/30 19:24:00.274,n,-2.399357,3.575133,4.563783,1.532319,OverRange,OverRange,OverRange,10.07572,13.727764,-2.816225
2026/05/30 19:25:00.275,n,-2.443364,6.120371,5.824622,1.267634,OverRange,OverRange,OverRange,10.128642,13.729932,-2.857095
2026/05/30 19:26:00.280,n,-2.416421,6.255867,5.633715,1.098475,OverRange,OverRange,OverRange,10.05188,13.727814,-3.016305
2026/05/30 19:27:00.280,n,-2.442722,4.755922,5.423754,1.225413,OverRange,OverRange,OverRange,10.052632,13.720288,-3.002654
2026/05/30 19:28:00.283,n,-2.477749,6.618971,4.733249,1.421791,OverRange,OverRange,OverRange,10.14267,13.717032,-2.911189
2026/05/30 19:29:00.266,n,-2.515983,3.203757,4.849954,1.563566,OverRange,OverRange,OverRange,10.070166,13.711608,-3.000692
2026/05/30 19:30:00.285,n,-2.4399,3.61607,4.189699,1.11317,OverRange,OverRange,OverRange,10.175004,13.705206,-2.870319
2026/05/30 19:31:00.272,n,-2.483522,6.262265,5.069196,1.605214,OverRange,OverRange,OverRange,10.195592,13.701932,-2.946171
2026/05/30 19:32:00.274,n,-2.548058,3.87165,4.043831,0.747677,OverRange,OverRange,OverRange,10.140672,13.697648,-2.969634
2026/05/30 19:33:00.257,n,-2.594888,4.013911,4.253453,1.138205,OverRange,OverRange,OverRange,10.107086,13.687956,-3.000862
2026/05/30 19:34:00.260,n,-2.518548,6.180615,4.909329,1.236093,OverRange,OverRange,OverRange,10.216966,13.685806,-2.9617
2026/05/30 19:35:00.262,n,-2.492504,3.8965,5.367518,1.295706,OverRange,OverRange,OverRange,10.014216,13.679324,-3.127395
2026/05/30 19:36:00.264,n,-2.55396,3.97389,4.464663,1.250966,OverRange,OverRange,OverRange,10.132518,13.673932,-2.95786
2026/05/30 19:37:00.267,n,-2.673921,6.59345,5.484143,1.180423,OverRange,OverRange,OverRange,10.125378,13.671816,-3.029872
2026/05/30 19:38:00.271,n,-2.527273,5.343826,4.92243,1.192334,OverRange,OverRange,OverRange,10.081636,13.670708,-2.961955
2026/05/30 19:39:00.272,n,-2.512903,6.593892,4.711717,1.491087,OverRange,OverRange,OverRange,10.094356,13.661,-2.975266
2026/05/30 19:40:00.272,n,-2.659166,4.520167,4.372783,1.18866,OverRange,OverRange,OverRange,10.125392,13.661,-3.088403
2026/05/30 19:41:00.258,n,-2.641718,4.040656,4.959014,1.373985,OverRange,OverRange,OverRange,10.060782,13.651342,-3.08644
2026/05/30 19:42:00.260,n,-2.644668,6.132373,4.685944,1.272,OverRange,OverRange,OverRange,10.226634,13.6481,-2.881838
2026/05/30 19:43:00.260,n,-2.492375,3.796445,5.313438,1.384911,OverRange,OverRange,OverRange,10.028976,13.640528,-3.055383
2026/05/30 19:44:00.265,n,-2.776305,5.95169,5.061134,1.249401,OverRange,OverRange,OverRange,10.174734,13.628702,-2.992927
2026/05/30 19:45:00.265,n,-2.606563,3.873259,4.905752,1.343288,OverRange,OverRange,OverRange,10.047562,13.629746,-3.049496
2026/05/30 19:46:00.268,n,-2.662246,6.099464,5.472372,1.285393,OverRange,OverRange,OverRange,10.170416,13.621162,-2.922707
2026/05/30 19:47:00.269,n,-2.568458,6.263502,6.210706,0.10557,OverRange,OverRange,OverRange,10.019568,13.616844,-3.026203
2026/05/30 19:48:00.270,n,-2.606691,6.107246,5.022276,1.417962,OverRange,OverRange,OverRange,10.103516,13.611452,-2.998815
2026/05/30 19:49:00.272,n,-2.559605,3.627285,4.806417,1.52228,OverRange,OverRange,OverRange,10.039418,13.604986,-3.086525
2026/05/30 19:50:00.259,n,-2.76463,6.565392,4.678068,1.484943,OverRange,OverRange,OverRange,10.160736,13.612072,-3.05709
2026/05/30 19:51:00.265,n,-2.358686,3.707106,4.691455,1.377273,OverRange,OverRange,OverRange,10.104198,13.60502,-2.761875
2026/05/30 19:52:00.264,n,-2.636072,2.995232,5.072626,1.311058,OverRange,OverRange,OverRange,10.114422,13.60502,-2.954021
2026/05/30 19:53:00.264,n,-2.671227,6.171479,4.846701,1.199462,OverRange,OverRange,OverRange,10.127432,13.598554,-2.921001
2026/05/30 19:54:00.270,n,-2.533816,4.019426,5.384854,1.357354,OverRange,OverRange,OverRange,10.01622,13.597478,-2.994975
2026/05/30 19:55:00.269,n,-2.513416,6.178144,6.27093,0.134899,OverRange,OverRange,OverRange,10.00887,13.597478,-2.891906
2026/05/30 19:56:00.271,n,-2.466587,6.176417,6.245597,0.094383,OverRange,OverRange,OverRange,9.993088,13.599628,-2.87433
2026/05/30 19:57:00.273,n,-2.395893,3.376729,5.221334,1.507502,OverRange,OverRange,OverRange,9.961766,13.599628,-2.952229
2026/05/30 19:58:00.258,n,-2.709076,6.000936,5.067859,1.321851,OverRange,OverRange,OverRange,10.134252,13.60502,-3.03192
2026/05/30 19:59:00.260,n,-2.51316,6.183634,5.001321,1.500637,OverRange,OverRange,OverRange,10.072938,13.606094,-3.078761
2026/05/30 20:00:00.261,n,-2.530737,3.410344,4.85162,1.685108,OverRange,OverRange,OverRange,9.999924,13.607186,-2.973644
2026/05/30 20:01:00.263,n,-2.428225,6.547802,5.2604,1.589072,OverRange,OverRange,OverRange,10.069134,13.610442,-2.913322
2026/05/30 20:02:00.265,n,-2.504564,3.049089,4.82113,1.637382,OverRange,OverRange,OverRange,10.002482,13.610442,-2.930813
2026/05/30 20:03:00.268,n,-2.516239,3.287453,4.706901,1.530476,OverRange,OverRange,OverRange,9.978318,13.610442,-2.827573
2026/05/30 20:04:00.270,n,-2.472103,3.447627,4.9192,1.48819,OverRange,OverRange,OverRange,10.002228,13.607186,-2.86648
2026/05/30 20:05:00.271,n,-2.712155,3.262512,5.073426,1.484414,OverRange,OverRange,OverRange,10.001958,13.601794,-3.075007
2026/05/30 20:06:00.274,n,-2.571537,3.887802,4.641682,1.053698,OverRange,OverRange,OverRange,10.004268,13.600736,-2.921086
2026/05/30 20:07:00.260,n,-2.472232,6.498458,5.124653,1.591978,OverRange,OverRange,OverRange,10.020788,13.60976,-2.959993
2026/05/30 20:08:00.264,n,-2.524578,3.392921,4.621257,1.408787,OverRange,OverRange,OverRange,9.977438,13.602234,-3.010674
2026/05/30 20:09:00.263,n,-2.759113,3.204665,4.976739,1.558371,OverRange,OverRange,OverRange,10.020676,13.595736,-3.082515
2026/05/30 20:10:00.266,n,-2.679823,6.24039,5.09788,1.378596,OverRange,OverRange,OverRange,10.070568,13.59251,-2.950096
2026/05/30 20:11:00.267,n,-2.533688,4.603786,5.017125,1.361893,OverRange,OverRange,OverRange,9.954784,13.590376,-2.975436
2026/05/30 20:12:00.270,n,-2.703174,6.192511,5.232906,1.364831,OverRange,OverRange,OverRange,10.021194,13.581728,-2.977484
2026/05/30 20:13:00.276,n,-2.685981,6.129933,5.178426,1.293959,OverRange,OverRange,OverRange,9.979966,13.579594,-3.138914
2026/05/30 20:14:00.275,n,-2.59771,6.178708,5.411797,1.129283,OverRange,OverRange,OverRange,9.965226,13.576304,-2.959908
2026/05/30 20:15:00.276,n,-2.762064,3.793913,3.792991,0.13804,OverRange,OverRange,OverRange,9.966492,13.569904,-3.158623
2026/05/30 20:16:00.261,n,-2.700479,3.7726,4.442599,1.27591,OverRange,OverRange,OverRange,10.016358,13.569904,-3.053336
2026/05/30 20:17:00.263,n,-2.752955,6.287558,5.39159,1.544139,OverRange,OverRange,OverRange,10.056828,13.574204,-3.080724
2026/05/30 20:18:00.264,n,-2.703687,6.12855,4.666223,1.330417,OverRange,OverRange,OverRange,9.999806,13.562346,-3.055383
2026/05/30 20:19:00.267,n,-2.735377,6.490052,4.387289,1.29993,OverRange,OverRange,OverRange,10.036968,13.561272,-3.088574
2026/05/30 20:20:00.270,n,-2.644925,3.628666,4.613991,1.338635,OverRange,OverRange,OverRange,9.941544,13.557166,-3.106064
2026/05/30 20:21:00.271,n,-2.42861,3.621144,4.964563,1.585641,OverRange,OverRange,OverRange,9.972682,13.556678,-2.84933
2026/05/30 20:22:00.273,n,-2.70946,3.825059,4.237651,1.148111,OverRange,OverRange,OverRange,10.036464,13.541564,-2.952484
2026/05/30 20:23:00.275,n,-2.586676,5.397363,4.822721,1.291662,OverRange,OverRange,OverRange,10.067236,13.541564,-2.893869
2026/05/30 20:24:00.277,n,-2.539846,3.821775,3.730524,0.258696,OverRange,OverRange,OverRange,10.008972,13.537248,-2.855132
2026/05/30 20:25:00.263,n,-2.642231,3.72395,3.698186,0.115264,OverRange,OverRange,OverRange,10.075658,13.539396,-2.843358
2026/05/30 20:26:00.266,n,-2.530994,3.806892,4.200717,1.376986,OverRange,OverRange,OverRange,9.989106,13.531888,-2.872623
2026/05/30 20:27:00.268,n,-2.516496,3.706038,5.132755,1.178632,OverRange,OverRange,OverRange,9.957042,13.531888,-2.87433
2026/05/30 20:28:00.270,n,-2.574873,6.569619,4.814366,1.357497,OverRange,OverRange,OverRange,10.003882,13.52539,-2.827829
2026/05/30 20:29:00.271,n,-2.589499,6.623933,5.361963,1.675838,OverRange,OverRange,OverRange,9.914022,13.53293,-2.962126
2026/05/30 20:30:00.276,n,-2.692268,6.274474,5.432606,1.561456,OverRange,OverRange,OverRange,9.949946,13.53614,-2.962041
2026/05/30 20:31:00.275,n,-2.510594,6.035653,5.174368,1.398417,OverRange,OverRange,OverRange,9.970048,13.535098,-2.907605
2026/05/30 20:32:00.280,n,-2.56602,3.299292,4.900364,1.749868,OverRange,OverRange,OverRange,9.924978,13.542606,-2.985504
2026/05/30 20:33:00.279,n,-2.50482,6.552047,5.318072,1.60852,OverRange,OverRange,OverRange,10.006664,13.541564,-2.969976
2026/05/30 20:34:00.264,n,-2.466458,3.348876,4.954147,1.612511,OverRange,OverRange,OverRange,9.964438,13.554496,-2.966051
2026/05/30 20:35:00.265,n,-2.407953,3.930795,4.983998,1.445167,OverRange,OverRange,OverRange,9.95197,13.551272,-2.878511
2026/05/30 20:36:00.270,n,-2.463636,6.517878,5.123094,1.650301,OverRange,OverRange,OverRange,10.029826,13.57251,-2.831754
2026/05/30 20:37:00.269,n,-2.565635,6.516541,4.80509,1.390007,OverRange,OverRange,OverRange,10.006638,13.564936,-2.979617
2026/05/30 20:38:00.272,n,-2.732811,3.616692,5.325836,1.526855,OverRange,OverRange,OverRange,9.922902,13.574628,-3.205379
2026/05/30 20:39:00.275,n,-2.542413,3.0205,4.768105,1.614457,OverRange,OverRange,OverRange,10.013234,13.577868,-3.028251
2026/05/30 20:40:00.275,n,-2.764886,3.832253,4.704942,1.535421,OverRange,OverRange,OverRange,10.03156,13.575734,-3.164425
2026/05/30 20:41:00.276,n,-2.662631,3.962943,4.591687,1.556556,OverRange,OverRange,OverRange,10.02673,13.584334,-3.010589
2026/05/30 20:42:00.278,n,-2.653649,5.794729,5.256647,1.459913,OverRange,OverRange,OverRange,10.024176,13.58005,-3.111866
2026/05/30 20:43:00.264,n,-2.732811,6.51682,5.159078,1.506175,OverRange,OverRange,OverRange,10.026738,13.581124,-3.0983
2026/05/30 20:44:00.267,n,-2.662502,3.742858,4.78574,1.453473,OverRange,OverRange,OverRange,9.974568,13.577868,-3.100263
2026/05/30 20:45:00.268,n,-2.838146,3.308366,4.942541,1.693849,OverRange,OverRange,OverRange,9.977112,13.578944,-3.146934
2026/05/30 20:46:00.272,n,-2.846871,3.309514,5.172945,1.392657,OverRange,OverRange,OverRange,9.967702,13.570342,-3.218945
2026/05/30 20:47:00.272,n,-2.761935,3.744491,4.605202,1.530248,OverRange,OverRange,OverRange,10.017584,13.56816,-3.063147
2026/05/30 20:48:00.273,n,-2.955285,6.007755,5.415999,1.205921,OverRange,OverRange,OverRange,10.075592,13.567086,-3.191728
2026/05/30 20:49:00.276,n,-2.811588,6.334157,4.747752,1.380438,OverRange,OverRange,OverRange,9.993382,13.571402,-3.057431
2026/05/30 20:50:00.281,n,-2.700479,3.306894,5.711036,1.178052,OverRange,OverRange,OverRange,9.957016,13.566044,-3.149067
2026/05/30 20:51:00.279,n,-2.820441,6.271611,5.027876,0.865565,OverRange,OverRange,OverRange,10.030314,13.558486,-3.002739
2026/05/30 20:52:00.265,n,-2.876252,3.206012,4.301628,1.337464,OverRange,OverRange,OverRange,9.918324,13.556336,-3.133282
2026/05/30 20:53:00.269,n,-3.063315,6.154336,5.424876,1.465912,OverRange,OverRange,OverRange,9.970988,13.554154,-3.267579
2026/05/30 20:54:00.270,n,-2.89075,6.731547,5.408537,1.744357,OverRange,OverRange,OverRange,9.893632,13.548762,-3.135244
2026/05/30 20:55:00.272,n,-3.07499,3.741327,4.470818,1.682091,OverRange,OverRange,OverRange,9.858012,13.542296,-3.213144
2026/05/30 20:56:00.274,n,-2.914101,3.077527,5.441214,1.353892,OverRange,OverRange,OverRange,9.89389,13.53798,-3.108027
2026/05/30 20:57:00.275,n,-2.858674,6.320668,5.810303,1.312852,OverRange,OverRange,OverRange,9.886272,13.53798,-3.182086
2026/05/30 20:58:00.279,n,-2.779513,3.167763,5.37028,1.300212,OverRange,OverRange,OverRange,9.799184,13.529348,-3.152821
2026/05/30 20:59:00.279,n,-2.820441,3.806106,4.687501,1.376564,OverRange,OverRange,OverRange,9.811152,13.526156,-3.074922
2026/05/30 21:00:00.281,n,-2.808765,6.293733,5.247179,1.478023,OverRange,OverRange,OverRange,9.881932,13.516416,-2.981494
2026/05/30 21:01:00.269,n,-2.782592,3.107966,4.449483,1.564909,OverRange,OverRange,OverRange,9.820578,13.513192,-3.020401
2026/05/30 21:02:00.269,n,-2.96093,3.268603,4.614905,1.308974,OverRange,OverRange,OverRange,9.851654,13.504558,-3.158537
2026/05/30 21:03:00.271,n,-3.157231,6.656307,4.955033,1.721839,OverRange,OverRange,OverRange,9.865388,13.495944,-3.043609
2026/05/30 21:04:00.274,n,-3.086922,3.253581,4.625892,1.57043,OverRange,OverRange,OverRange,9.738852,13.490552,-2.958031
2026/05/30 21:05:00.276,n,-3.174551,3.340572,4.623699,1.38773,OverRange,OverRange,OverRange,9.78417,13.484086,-3.080553
2026/05/30 21:06:00.276,n,-3.054718,3.635423,5.158447,1.400077,OverRange,OverRange,OverRange,9.78215,13.48192,-3.080724
2026/05/30 21:07:00.279,n,-2.98133,3.298414,4.902191,1.785488,OverRange,OverRange,OverRange,9.806316,13.483012,-3.131405
2026/05/30 21:08:00.280,n,-2.89075,3.676745,4.343714,1.20074,OverRange,OverRange,OverRange,9.793324,13.478662,-2.993098
2026/05/30 21:09:00.282,n,-2.858674,4.691995,4.716853,1.649702,OverRange,OverRange,OverRange,9.805298,13.470062,-3.082686
2026/05/30 21:10:00.268,n,-2.875867,3.31418,4.941141,1.51502,OverRange,OverRange,OverRange,9.769918,13.471154,-3.067158
2026/05/30 21:11:00.270,n,-2.832116,3.365478,4.993335,1.735131,OverRange,OverRange,OverRange,9.747726,13.474346,-3.119716
2026/05/30 21:12:00.272,n,-2.867527,3.540963,4.894761,1.525116,OverRange,OverRange,OverRange,9.806066,13.468988,-3.219031
2026/05/30 21:13:00.273,n,-2.990311,6.570062,5.095799,1.618929,OverRange,OverRange,OverRange,9.84959,13.466806,-3.265702
2026/05/30 21:14:00.275,n,-3.048817,4.764019,4.659119,1.610754,OverRange,OverRange,OverRange,9.812684,13.46034,-3.33797
2026/05/30 21:15:00.279,n,-2.940531,6.600259,5.242462,1.601402,OverRange,OverRange,OverRange,9.827184,13.464672,-3.265702
2026/05/30 21:16:00.279,n,-2.964138,3.719214,4.405088,1.536423,OverRange,OverRange,OverRange,9.790544,13.46034,-3.283193
2026/05/30 21:17:00.281,n,-3.045737,6.27362,5.804909,1.228036,OverRange,OverRange,OverRange,9.841472,13.458206,-3.228672
2026/05/30 21:18:00.283,n,-3.057541,3.911744,4.386015,1.280758,OverRange,OverRange,OverRange,9.74525,13.451708,-3.312458
2026/05/30 21:19:00.268,n,-3.025337,6.576412,5.719673,1.12217,OverRange,OverRange,OverRange,9.832296,13.448484,-3.32995
2026/05/30 21:20:00.271,n,-3.17468,3.804339,4.463881,1.147854,OverRange,OverRange,OverRange,9.788762,13.437702,-3.341638
2026/05/30 21:21:00.272,n,-3.209706,6.290751,5.590358,1.077954,OverRange,OverRange,OverRange,9.806306,13.431236,-3.302817
2026/05/30 21:22:00.274,n,-3.168906,5.142175,5.125883,1.438704,OverRange,OverRange,OverRange,9.72545,13.42477,-3.297015
2026/05/30 21:23:00.278,n,-3.168778,3.227454,4.842768,1.63798,OverRange,OverRange,OverRange,9.745458,13.421528,-3.316468
2026/05/30 21:24:00.278,n,-3.227283,3.148988,4.631262,1.318095,OverRange,OverRange,OverRange,9.777588,13.41182,-3.372952
2026/05/30 21:25:00.282,n,-3.273985,6.508055,4.978432,1.751437,OverRange,OverRange,OverRange,9.79002,13.402066,-3.366979
2026/05/30 21:26:00.282,n,-3.426149,3.206678,4.72675,1.644133,OverRange,OverRange,OverRange,9.717198,13.39135,-3.505201
2026/05/30 21:27:00.269,n,-3.397154,6.597244,5.202511,1.605115,OverRange,OverRange,OverRange,9.703274,13.385926,-3.45469
2026/05/30 21:28:00.269,n,-3.277064,2.884927,4.712854,1.686876,OverRange,OverRange,OverRange,9.692352,13.377294,-3.534467
2026/05/30 21:29:00.272,n,-3.288867,5.119173,5.016154,1.430633,OverRange,OverRange,OverRange,9.720038,13.365438,-3.431227
2026/05/30 21:30:00.257,n,-3.198031,3.537793,4.558989,1.548097,OverRange,OverRange,OverRange,9.676006,13.35793,-3.372781
2026/05/30 21:31:00.262,n,-3.165955,6.692549,4.900292,1.428536,OverRange,OverRange,OverRange,9.71373,13.348158,-3.349573
2026/05/30 21:32:00.277,n,-3.227283,4.000782,4.699668,1.248878,OverRange,OverRange,OverRange,9.686662,13.341692,-3.419538
2026/05/30 21:33:00.262,n,-3.186227,4.049087,5.95777,0.980911,OverRange,OverRange,OverRange,9.686886,13.329804,-3.401961
2026/05/30 21:34:00.265,n,-3.209834,3.478714,4.541273,1.334444,OverRange,OverRange,OverRange,9.690964,13.320128,-3.361348
2026/05/30 21:35:00.266,n,-2.703045,3.656068,4.594009,1.261121,OverRange,OverRange,OverRange,9.726376,13.32609,-3.068864
2026/05/30 21:36:00.270,n,-2.715747,6.381766,5.413361,1.627897,OverRange,OverRange,OverRange,9.754746,13.31635,-3.098727
2026/05/30 21:37:00.271,n,-2.747694,6.431453,5.594237,1.240406,OverRange,OverRange,OverRange,9.709946,13.306676,-3.127907
2026/05/30 21:38:00.272,n,-2.64531,6.192037,6.2411,0.106491,OverRange,OverRange,OverRange,9.699474,13.301286,-3.063574
2026/05/30 21:39:00.258,n,-2.683544,6.109121,5.378443,1.32041,OverRange,OverRange,OverRange,9.683782,13.294786,-3.065536
2026/05/30 21:40:00.260,n,-2.709845,6.172637,5.011458,1.44927,OverRange,OverRange,OverRange,9.6869,13.29267,-2.942843
2026/05/30 21:41:00.262,n,-2.721392,4.902216,4.617523,1.418357,OverRange,OverRange,OverRange,9.69135,13.285098,-2.962297
2026/05/30 21:42:00.265,n,-2.674691,6.269871,5.064337,1.522517,OverRange,OverRange,OverRange,9.746842,13.284006,-2.874671
2026/05/30 21:43:00.266,n,-2.66571,6.419437,5.084844,1.481968,OverRange,OverRange,OverRange,9.700862,13.284006,-2.95658
2026/05/30 21:44:00.268,n,-2.67174,6.191722,4.761908,1.433857,OverRange,OverRange,OverRange,9.721736,13.284006,-2.857265
2026/05/30 21:45:00.270,n,-2.616185,3.645398,4.722763,1.511374,OverRange,OverRange,OverRange,9.67771,13.291564,-2.909653
2026/05/30 21:46:00.271,n,-2.800554,5.967772,5.300958,1.35562,OverRange,OverRange,OverRange,9.78656,13.28943,-3.063574
2026/05/30 21:47:00.342,n,-2.656985,3.255546,4.592301,1.534381,OverRange,OverRange,OverRange,9.68714,13.293744,-3.007261
2026/05/30 21:48:00.345,n,-2.613106,5.215125,4.75737,1.493402,OverRange,OverRange,OverRange,9.760392,13.303452,-2.905899
2026/05/30 21:49:00.309,n,-2.57808,5.628586,5.415461,1.288763,OverRange,OverRange,OverRange,9.67212,13.301286,-2.874756
2026/05/30 21:50:00.308,n,-2.630812,5.622611,4.604877,1.376827,OverRange,OverRange,OverRange,9.681692,13.296954,-2.796943
2026/05/30 21:51:00.324,n,-2.712668,5.529858,5.090596,1.295672,OverRange,OverRange,OverRange,9.696752,13.29267,-2.987637
2026/05/30 21:52:00.266,n,-2.741792,6.250395,5.34498,1.469309,OverRange,OverRange,OverRange,9.695008,13.296954,-3.133709
2026/05/30 21:53:00.487,n,-2.645566,6.652936,4.493988,1.346833,OverRange,OverRange,OverRange,9.721478,13.301286,-2.942843
2026/05/30 21:54:00.423,n,-2.850463,3.286776,4.996475,1.517215,OverRange,OverRange,OverRange,9.708426,13.28943,-3.102481
2026/05/30 21:55:00.379,n,-2.782977,5.809819,5.340473,1.436654,OverRange,OverRange,OverRange,9.779454,13.291564,-3.145398
2026/05/30 21:56:00.392,n,-2.785799,3.083963,4.423788,1.675286,OverRange,OverRange,OverRange,9.737722,13.29267,-3.02279
2026/05/30 21:57:00.260,n,-2.680593,6.548029,5.302122,1.482795,OverRange,OverRange,OverRange,9.775636,13.285098,-2.99361
2026/05/30 21:58:00.261,n,-2.671868,6.398605,5.15558,1.650708,OverRange,OverRange,OverRange,9.74787,13.282932,-2.971938
2026/05/30 21:59:00.264,n,-2.624781,6.582797,5.271883,1.640565,OverRange,OverRange,OverRange,9.707418,13.274284,-2.977911
2026/05/30 22:00:00.267,n,-2.700736,6.333698,5.398537,1.489699,OverRange,OverRange,OverRange,9.701396,13.279708,-2.923475
2026/05/30 22:01:00.267,n,-2.642615,3.817234,4.865104,1.612541,OverRange,OverRange,OverRange,9.634172,13.268926,-2.931325
2026/05/30 22:02:00.269,n,-3.037654,3.343773,4.927017,1.636754,OverRange,OverRange,OverRange,9.697582,13.266758,-3.174407
2026/05/30 22:03:00.274,n,-2.774252,3.778205,5.043202,1.356917,OverRange,OverRange,OverRange,9.686372,13.260262,-3.071424
2026/05/30 22:04:00.257,n,-2.636714,6.709526,5.079787,1.733979,OverRange,OverRange,OverRange,9.67622,13.251646,-2.884568
2026/05/30 22:05:00.259,n,-2.794781,6.777598,4.76954,1.623644,OverRange,OverRange,OverRange,9.64592,13.244088,-2.977996
2026/05/30 22:06:00.265,n,-2.656857,5.802862,5.678484,1.177532,OverRange,OverRange,OverRange,9.633348,13.237592,-3.012978
2026/05/30 22:07:00.263,n,-2.856109,3.627224,4.422276,1.333406,OverRange,OverRange,OverRange,9.64148,13.2322,-3.067499
2026/05/30 22:08:00.265,n,-2.850335,3.441005,4.838944,1.348778,OverRange,OverRange,OverRange,9.683274,13.23541,-2.960505
2026/05/30 22:09:00.266,n,-2.981843,6.253822,5.183548,1.299352,OverRange,OverRange,OverRange,9.653128,13.223554,-3.059734
2026/05/30 22:10:00.268,n,-2.791701,3.351558,4.448125,1.593699,OverRange,OverRange,OverRange,9.566606,13.215996,-3.069376
2026/05/30 22:11:00.270,n,-2.914742,6.585156,4.397621,1.080109,OverRange,OverRange,OverRange,9.640904,13.20953,-2.973986
2026/05/30 22:12:00.468,n,-2.82955,3.671561,4.439301,1.196675,OverRange,OverRange,OverRange,9.55594,13.211422,-3.034394
2026/05/30 22:13:00.258,n,-2.621318,4.584141,4.677457,1.272837,OverRange,OverRange,OverRange,9.631684,13.200606,-2.747968
2026/05/30 22:14:00.259,n,-2.548314,6.087965,5.438491,1.508353,OverRange,OverRange,OverRange,9.588928,13.187658,-2.83747
2026/05/30 22:15:00.261,n,-2.536767,3.542687,4.006607,1.35673,OverRange,OverRange,OverRange,9.602728,13.17797,-2.769298
2026/05/30 22:16:00.263,n,-2.524835,6.563276,5.308962,1.422806,OverRange,OverRange,OverRange,9.631582,13.180574,-2.730391
2026/05/30 22:17:00.265,n,-2.697272,3.289127,4.821593,1.681107,OverRange,OverRange,OverRange,9.620606,13.168686,-2.973474
2026/05/30 22:18:00.267,n,-2.650699,6.190213,5.620398,0.860186,OverRange,OverRange,OverRange,9.628636,13.165444,-2.814092
2026/05/30 22:19:00.271,n,-2.609386,6.524538,5.298932,1.411447,OverRange,OverRange,OverRange,9.527028,13.164338,-2.852828
2026/05/30 22:20:00.271,n,-2.612465,3.731062,4.924159,1.460122,OverRange,OverRange,OverRange,9.519288,13.16652,-2.798393
2026/05/30 22:21:00.273,n,-2.831988,5.204645,4.335043,1.245727,OverRange,OverRange,OverRange,9.609462,13.161098,-2.887811
2026/05/30 22:22:00.259,n,-2.700222,6.583707,5.202468,1.392204,OverRange,OverRange,OverRange,9.598486,13.160054,-2.92868
2026/05/30 22:23:00.260,n,-2.638767,6.048086,5.339572,1.503841,OverRange,OverRange,OverRange,9.545156,13.161098,-2.967587
2026/05/30 22:24:00.262,n,-2.562684,3.948072,4.07181,1.316348,OverRange,OverRange,OverRange,9.532044,13.16652,-2.860507
2026/05/30 22:25:00.266,n,-2.574359,3.795014,4.816197,1.54037,OverRange,OverRange,OverRange,9.549862,13.170836,-2.907435
2026/05/30 22:26:00.268,n,-2.55691,6.550659,5.439531,1.695977,OverRange,OverRange,OverRange,9.574208,13.163264,-2.872197
2026/05/30 22:27:00.268,n,-2.55088,3.292547,5.195122,1.562621,OverRange,OverRange,OverRange,9.51145,13.160542,-2.926718
2026/05/30 22:28:00.271,n,-2.600661,3.812129,5.080466,1.5534,OverRange,OverRange,OverRange,9.556804,13.160542,-2.90351
2026/05/30 22:29:00.275,n,-2.512903,5.90683,5.324467,1.363761,OverRange,OverRange,OverRange,9.542358,13.151864,-2.979276
2026/05/30 22:30:00.276,n,-2.504307,3.226325,5.262,1.565337,OverRange,OverRange,OverRange,9.509604,13.150806,-3.039684
2026/05/30 22:31:00.262,n,-2.708947,3.779576,3.771167,0.07309,OverRange,OverRange,OverRange,9.633892,13.14219,-2.975351
2026/05/30 22:32:00.263,n,-2.846357,3.636713,4.629934,1.21788,OverRange,OverRange,OverRange,9.62766,13.145414,-3.084478
2026/05/30 22:33:00.265,n,-2.703302,3.831662,4.007335,0.422314,OverRange,OverRange,OverRange,9.589666,13.136766,-3.027909
2026/05/30 22:34:00.266,n,-2.896138,6.544629,4.619339,1.554051,OverRange,OverRange,OverRange,9.64262,13.127028,-3.08243
2026/05/30 22:35:00.268,n,-2.656216,3.241764,4.338432,1.343969,OverRange,OverRange,OverRange,9.52913,13.125986,-3.016476
2026/05/30 22:36:00.270,n,-2.808509,6.524165,4.977766,1.494049,OverRange,OverRange,OverRange,9.621908,13.115172,-3.12731
2026/05/30 22:37:00.273,n,-2.647363,4.56127,5.113399,1.673361,OverRange,OverRange,OverRange,9.636144,13.119488,-3.053421
2026/05/30 22:38:00.274,n,-2.600661,3.314782,4.891482,1.743639,OverRange,OverRange,OverRange,9.57101,13.108674,-2.992927
2026/05/30 22:39:00.276,n,-2.600661,3.368213,4.830174,1.540728,OverRange,OverRange,OverRange,9.579128,13.104392,-2.918953
2026/05/30 22:40:00.260,n,-2.612337,6.287097,5.472304,1.778022,OverRange,OverRange,OverRange,9.620082,13.100044,-2.942246
2026/05/30 22:41:00.262,n,-2.615287,3.208685,4.398043,1.686097,OverRange,OverRange,OverRange,9.603872,13.092504,-3.010504
2026/05/30 22:42:00.266,n,-2.76463,6.148783,5.701418,1.270675,OverRange,OverRange,OverRange,9.5687,13.082764,-3.158623
2026/05/30 22:43:00.266,n,-2.700223,6.674789,4.899382,1.507263,OverRange,OverRange,OverRange,9.566972,13.078434,-2.930642
2026/05/30 22:44:00.270,n,-2.71177,6.21932,4.913334,1.67449,OverRange,OverRange,OverRange,9.627346,13.074118,-2.944294
2026/05/30 22:45:00.270,n,-2.755777,6.329687,4.961005,1.690478,OverRange,OverRange,OverRange,9.593028,13.070844,-2.930727
2026/05/30 22:46:00.272,n,-2.585778,6.333105,4.909534,1.784953,OverRange,OverRange,OverRange,9.499482,13.063336,-2.837129
2026/05/30 22:47:00.275,n,-2.61811,3.195861,4.779439,1.622753,OverRange,OverRange,OverRange,9.52705,13.054674,-2.963576
2026/05/30 22:48:00.277,n,-2.53356,3.328328,4.874923,1.589226,OverRange,OverRange,OverRange,9.551408,13.045994,-2.8995
2026/05/30 22:49:00.263,n,-2.629914,6.244878,5.42266,1.630885,OverRange,OverRange,OverRange,9.538916,13.038468,-2.885848
2026/05/30 22:50:00.264,n,-2.615288,5.983077,5.613711,0.510704,OverRange,OverRange,OverRange,9.523448,13.034138,-2.950096
2026/05/30 22:51:00.265,n,-2.744102,3.128142,4.456747,1.371719,OverRange,OverRange,OverRange,9.426936,13.021224,-2.915028
2026/05/30 22:52:00.272,n,-2.626963,6.732924,4.667451,1.558521,OverRange,OverRange,OverRange,9.504696,13.012512,-2.729965
2026/05/30 22:53:00.270,n,-2.679694,3.861703,4.892222,1.294124,OverRange,OverRange,OverRange,9.424866,13.002838,-2.932605
2026/05/30 22:54:00.274,n,-2.746924,6.240812,5.467907,1.447942,OverRange,OverRange,OverRange,9.5242,12.998522,-2.726211
2026/05/30 22:55:00.276,n,-2.603612,6.597417,5.601305,1.121699,OverRange,OverRange,OverRange,9.426922,12.986604,-2.911103
2026/05/30 22:56:00.276,n,-2.700094,5.562119,4.823062,1.451542,OverRange,OverRange,OverRange,9.409648,12.985496,-2.872197
2026/05/30 22:57:00.278,n,-2.635687,6.606224,4.601393,1.383159,OverRange,OverRange,OverRange,9.474294,12.985496,-2.815799
2026/05/30 22:58:00.263,n,-2.799784,3.211071,4.234644,1.284468,OverRange,OverRange,OverRange,9.422338,12.97903,-3.023985
2026/05/30 22:59:00.268,n,-2.708947,3.129756,4.717279,1.412479,OverRange,OverRange,OverRange,9.469996,12.98442,-2.963662
2026/05/30 23:00:00.267,n,-2.606178,3.45111,5.007493,1.68743,OverRange,OverRange,OverRange,9.404038,12.98442,-2.948048
2026/05/30 23:01:00.269,n,-2.582956,6.537436,5.112862,1.68966,OverRange,OverRange,OverRange,9.485662,12.977956,-2.918868
2026/05/30 23:02:00.274,n,-2.697143,6.618653,5.208017,1.623177,OverRange,OverRange,OverRange,9.39797,12.977956,-3.014258
2026/05/30 23:03:00.273,n,-2.682646,4.01957,4.448368,1.247896,OverRange,OverRange,OverRange,9.309506,12.97144,-2.796174
2026/05/30 23:04:00.276,n,-2.621318,3.279142,4.92336,1.864779,OverRange,OverRange,OverRange,9.396698,12.968218,-2.848904
2026/05/30 23:05:00.277,n,-2.861241,6.171113,5.851882,1.262911,OverRange,OverRange,OverRange,9.433732,12.962794,-3.035759
2026/05/30 23:06:00.280,n,-2.793754,6.589191,5.180451,1.362766,OverRange,OverRange,OverRange,9.317872,12.952992,-2.989088
2026/05/30 23:07:00.266,n,-2.709204,6.680181,5.058012,1.504365,OverRange,OverRange,OverRange,9.301626,12.944392,-2.914943
2026/05/30 23:08:00.269,n,-2.732298,6.26594,6.161776,0.191995,OverRange,OverRange,OverRange,9.250712,12.94006,-2.990965
2026/05/30 23:09:00.270,n,-2.711769,3.787726,4.133701,1.016783,OverRange,OverRange,OverRange,9.241298,12.92827,-3.024155
2026/05/30 23:10:00.271,n,-2.855338,6.233211,5.573899,1.494513,OverRange,OverRange,OverRange,9.3369,12.917556,-2.954106
2026/05/30 23:11:00.273,n,-2.714592,3.779085,5.170741,1.252052,OverRange,OverRange,OverRange,9.229656,12.908942,-3.070827
2026/05/30 23:12:00.277,n,-2.90204,6.51951,4.785647,1.348,OverRange,OverRange,OverRange,9.411932,12.9249,-2.971597
2026/05/30 23:13:00.277,n,-2.483779,3.753888,5.293057,1.01714,OverRange,OverRange,OverRange,9.253094,12.914186,-2.907691
2026/05/30 23:14:00.279,n,-2.41347,6.321979,5.089884,1.041615,OverRange,OverRange,OverRange,9.360326,12.892038,-2.654455
2026/05/30 23:15:00.281,n,-2.60374,6.265907,4.920136,1.733767,OverRange,OverRange,OverRange,9.319128,12.878066,-2.744043
2026/05/30 23:16:00.266,n,-2.64454,3.166121,4.770716,1.725016,OverRange,OverRange,OverRange,9.204738,12.86517,-2.886019
2026/05/30 23:17:00.269,n,-2.612593,6.50747,5.15995,1.655238,OverRange,OverRange,OverRange,9.36701,12.85338,-2.950352
2026/05/30 23:18:00.270,n,-2.668404,6.407246,4.827189,1.620395,OverRange,OverRange,OverRange,9.281602,12.844766,-2.981409
2026/05/30 23:19:00.272,n,-2.829293,6.601198,4.709832,1.311401,OverRange,OverRange,OverRange,9.290432,12.834018,-2.979617
2026/05/30 23:20:00.291,n,-2.618495,6.199866,4.64312,1.382891,OverRange,OverRange,OverRange,9.283116,12.821154,-2.965966
2026/05/30 23:21:00.277,n,-2.632993,3.156883,4.854118,1.692713,OverRange,OverRange,OverRange,9.230072,12.810374,-2.919039
2026/05/30 23:22:00.278,n,-2.644797,6.266556,5.299726,1.330679,OverRange,OverRange,OverRange,9.28185,12.799644,-2.934738
2026/05/30 23:23:00.280,n,-2.685853,3.350166,4.691656,1.547043,OverRange,OverRange,OverRange,9.21111,12.795328,-2.96989
2026/05/30 23:24:00.284,n,-2.577439,5.280785,4.914452,1.486302,OverRange,OverRange,OverRange,9.22377,12.779288,-2.872453
2026/05/30 23:25:00.269,n,-2.676872,3.848096,4.509496,1.64243,OverRange,OverRange,OverRange,9.170492,12.770642,-2.919209
2026/05/30 23:26:00.269,n,-2.884848,2.96149,4.959644,1.648908,OverRange,OverRange,OverRange,9.288468,12.760968,-3.152906
2026/05/30 23:27:00.272,n,-2.74423,3.577322,5.057377,1.496576,OverRange,OverRange,OverRange,9.17865,12.755578,-3.057431
2026/05/30 23:28:00.273,n,-2.77066,6.619495,5.499388,1.613105,OverRange,OverRange,OverRange,9.219696,12.746998,-2.812045
2026/05/30 23:29:00.277,n,-2.750132,6.568657,5.009922,1.710334,OverRange,OverRange,OverRange,9.120778,12.73625,-2.825696
2026/05/30 23:30:00.277,n,-2.703045,4.919518,5.090531,1.31756,OverRange,OverRange,OverRange,9.109376,12.731952,-2.831413
2026/05/30 23:31:00.281,n,-2.782464,3.44966,4.771454,1.523824,OverRange,OverRange,OverRange,9.122804,12.724414,-2.876207
2026/05/30 23:32:00.281,n,-2.881897,5.238429,5.322804,1.131291,OverRange,OverRange,OverRange,9.114686,12.713698,-2.962041
2026/05/30 23:33:00.349,n,-2.881897,3.291274,4.64842,1.396066,OverRange,OverRange,OverRange,9.12382,12.710458,-3.010589
2026/05/30 23:34:00.271,n,-2.776562,6.507415,4.891185,1.515947,OverRange,OverRange,OverRange,9.22583,12.706126,-2.958031
2026/05/30 23:35:00.271,n,-2.758856,6.58582,4.987838,1.294964,OverRange,OverRange,OverRange,9.140854,12.703994,-2.977569
2026/05/30 23:36:00.330,n,-2.770916,6.517827,4.943321,1.7415,OverRange,OverRange,OverRange,9.134228,12.708276,-3.032175
2026/05/30 23:37:00.321,n,-2.761807,4.446469,4.697445,1.469212,OverRange,OverRange,OverRange,9.111664,12.706126,-2.928765
2026/05/30 23:38:00.326,n,-2.773739,3.288952,4.917703,1.786042,OverRange,OverRange,OverRange,8.995178,12.695412,-2.936786
2026/05/30 23:39:00.313,n,-2.802992,3.384203,4.927036,1.751989,OverRange,OverRange,OverRange,8.984248,12.694304,-2.977569
2026/05/30 23:40:00.316,n,-2.761807,3.929039,4.568932,1.21252,OverRange,OverRange,OverRange,9.098226,12.690022,-2.993098
2026/05/30 23:41:00.267,n,-2.794139,3.633157,4.808302,1.46374,OverRange,OverRange,OverRange,9.07132,12.679306,-2.950437
2026/05/30 23:42:00.269,n,-2.846871,6.451602,5.157159,1.559843,OverRange,OverRange,OverRange,9.088298,12.67281,-3.028336
2026/05/30 23:43:00.270,n,-2.729732,3.621648,4.948691,1.596727,OverRange,OverRange,OverRange,9.01118,12.66208,-3.100177
2026/05/30 23:44:00.272,n,-2.83789,4.016084,4.351957,1.189202,OverRange,OverRange,OverRange,9.007858,12.65669,-3.00692
2026/05/30 23:45:00.258,n,-2.841097,3.244857,5.14388,1.56963,OverRange,OverRange,OverRange,9.015992,12.644868,-3.026203
2026/05/30 23:46:00.261,n,-2.82044,3.449474,5.030753,1.450646,OverRange,OverRange,OverRange,9.015484,12.634154,-3.065195
2026/05/30 23:47:00.264,n,-2.800169,3.33158,4.64596,1.517261,OverRange,OverRange,OverRange,8.991618,12.627658,-3.01076
2026/05/30 23:48:00.264,n,-2.870093,3.215123,4.532042,1.569149,OverRange,OverRange,OverRange,9.063686,12.618018,-3.075007
2026/05/30 23:49:00.266,n,-2.799784,3.709584,5.010149,1.335794,OverRange,OverRange,OverRange,9.0023,12.609372,-3.104273
2026/05/30 23:50:00.269,n,-2.86432,5.163895,5.304703,1.557702,OverRange,OverRange,OverRange,8.976888,12.596508,-3.17236
2026/05/30 23:51:00.273,n,-2.779384,3.620577,4.958091,1.320945,OverRange,OverRange,OverRange,9.05634,12.587928,-3.106064
2026/05/30 23:52:00.272,n,-2.867143,6.503083,5.203421,1.538617,OverRange,OverRange,OverRange,8.994416,12.580372,-3.180209
2026/05/30 23:53:00.258,n,-2.867527,6.645036,5.109257,1.594182,OverRange,OverRange,OverRange,8.985032,12.56961,-3.111952
2026/05/30 23:54:00.259,n,-2.896652,6.608727,4.963959,1.701036,OverRange,OverRange,OverRange,9.007112,12.56855,-3.090536
2026/05/30 23:55:00.265,n,-2.905248,6.565313,5.021214,1.363846,OverRange,OverRange,OverRange,8.955852,12.552398,-3.098386
2026/05/30 23:56:00.266,n,-2.961059,3.497822,4.934478,1.485328,OverRange,OverRange,OverRange,8.90862,12.543768,-3.080809
2026/05/30 23:57:00.266,n,-2.94053,3.566759,4.717421,1.538377,OverRange,OverRange,OverRange,9.01143,12.53947,-3.121678
2026/05/30 23:58:00.270,n,-2.89678,6.529332,5.068629,1.622113,OverRange,OverRange,OverRange,8.98579,12.531946,-3.15666
2026/05/30 23:59:00.269,n,-2.861625,3.207495,5.206243,1.585983,OverRange,OverRange,OverRange,8.917268,12.525516,-3.199492
