"Timestamp","TZ","GHI1_AV (W/m2)","UVB22013 (W/m2)","UVB22013_AV (W/m2)","UVB22013_SD (W/m2)","UVB22012 (W/m2)","UVB22012_AV (W/m2)","UVB22012_SD (W/m2)","TA_AV (degC)","TL (degC)","GTI_AV (W/m2)"
2026/05/26 00:00:00.279,n,-3.832735,3.491995,4.622722,1.549383,OverRange,OverRange,OverRange,11.528218,13.734866,-4.457566
2026/05/26 00:01:00.265,n,-3.806562,6.228389,5.204169,1.39104,OverRange,OverRange,OverRange,11.521138,13.73376,-4.412772
2026/05/26 00:02:00.266,n,-3.973354,6.081846,5.109646,1.412743,OverRange,OverRange,OverRange,11.499374,13.729444,-4.514049
2026/05/26 00:03:00.268,n,-3.98798,4.056554,4.501885,1.391202,OverRange,OverRange,OverRange,11.47253,13.721934,-4.685547
2026/05/26 00:04:00.270,n,-4.10807,3.712539,3.916736,0.113805,OverRange,OverRange,OverRange,11.556596,13.727292,-4.558843
2026/05/26 00:05:00.271,n,-4.081896,6.213774,6.055163,0.193807,OverRange,OverRange,OverRange,11.592526,13.723008,-4.728463
2026/05/26 00:06:00.274,n,-3.92075,6.65704,4.249196,1.193795,OverRange,OverRange,OverRange,11.515066,13.727292,-4.654489
2026/05/26 00:07:00.277,n,-3.85352,4.956051,5.571885,1.135843,OverRange,OverRange,OverRange,11.49228,13.725126,-4.738105
2026/05/26 00:08:00.279,n,-3.950131,3.944524,4.840154,1.455381,OverRange,OverRange,OverRange,11.481888,13.729444,-4.747917
2026/05/26 00:09:00.281,n,-3.958856,3.482361,5.022452,1.369264,OverRange,OverRange,OverRange,11.532018,13.7284,-4.720699
2026/05/26 00:10:00.265,n,-3.967708,6.537031,4.681625,1.445984,OverRange,OverRange,OverRange,11.550522,13.73376,-4.629063
2026/05/26 00:11:00.269,n,-3.891497,4.007781,4.952261,1.505522,OverRange,OverRange,OverRange,11.483668,13.734866,-4.718652
2026/05/26 00:12:00.269,n,-3.906124,6.475693,4.961983,1.265478,OverRange,OverRange,OverRange,11.541412,13.729444,-4.553127
2026/05/26 00:13:00.272,n,-3.771279,3.233951,4.920367,1.389128,OverRange,OverRange,OverRange,11.562654,13.732698,-4.673687
2026/05/26 00:14:00.274,n,-3.791808,6.856434,4.466803,1.211893,OverRange,OverRange,OverRange,11.564688,13.73591,-4.568741
2026/05/26 00:15:00.275,n,-3.695325,3.859249,5.336645,1.39696,OverRange,OverRange,OverRange,11.434036,13.732698,-4.578296
2026/05/26 00:16:00.278,n,-4.040583,6.237789,5.187691,1.297429,OverRange,OverRange,OverRange,11.488724,13.731626,-4.592034
2026/05/26 00:17:00.280,n,-3.967451,6.301739,5.053043,1.489262,OverRange,OverRange,OverRange,11.429246,13.730516,-4.582222
2026/05/26 00:18:00.283,n,-3.991059,3.869375,4.464303,1.209078,OverRange,OverRange,OverRange,11.395544,13.7284,-4.521899
2026/05/26 00:19:00.269,n,-3.985285,6.764461,5.489674,1.433636,OverRange,OverRange,OverRange,11.4183,13.720858,-4.5062
2026/05/26 00:20:00.270,n,-4.040583,6.282714,5.323124,1.202743,OverRange,OverRange,OverRange,11.388692,13.725126,-4.591948
2026/05/26 00:21:00.279,n,-4.037632,6.131305,5.804871,0.955078,OverRange,OverRange,OverRange,11.446706,13.715434,-4.743907
2026/05/26 00:22:00.273,n,-4.03173,6.642199,4.461446,1.230482,OverRange,OverRange,OverRange,11.381114,13.717618,-4.636998
2026/05/26 00:23:00.275,n,-4.143224,3.316403,4.717763,1.350439,OverRange,OverRange,OverRange,11.3322,13.70361,-4.808325
2026/05/26 00:24:00.277,n,-4.152077,3.95994,4.335027,1.215533,OverRange,OverRange,OverRange,11.36286,13.701444,-4.658329
2026/05/26 00:25:00.280,n,-4.219435,5.98556,5.345267,1.006825,OverRange,OverRange,OverRange,11.46367,13.7004,-4.751927
2026/05/26 00:26:00.284,n,-4.017489,3.177929,5.704116,1.239794,OverRange,OverRange,OverRange,11.286602,13.699326,-4.74988
2026/05/26 00:27:00.283,n,-4.175427,3.952081,4.305831,0.912951,OverRange,OverRange,OverRange,11.368958,13.693902,-4.63094
2026/05/26 00:28:00.268,n,-4.20468,6.030504,5.369829,1.14662,OverRange,OverRange,OverRange,11.363388,13.694978,-4.562854
2026/05/26 00:29:00.271,n,-4.122696,6.870653,5.841545,1.232857,OverRange,OverRange,OverRange,11.279242,13.68532,-4.841515
2026/05/26 00:30:00.257,n,-4.111021,6.597267,5.857133,1.17956,OverRange,OverRange,OverRange,11.297502,13.679928,-4.800646
2026/05/26 00:31:00.274,n,-4.008508,4.962616,4.763778,1.231178,OverRange,OverRange,OverRange,11.329168,13.67776,-4.654489
2026/05/26 00:32:00.276,n,-4.034938,6.226593,5.533579,1.305556,OverRange,OverRange,OverRange,11.351208,13.675612,-4.687509
2026/05/26 00:33:00.279,n,-3.99401,3.480127,5.126977,1.388908,OverRange,OverRange,OverRange,11.273418,13.668102,-4.743907
2026/05/26 00:34:00.280,n,-4.05816,6.241744,4.622222,1.078325,OverRange,OverRange,OverRange,11.491522,13.666978,-4.796551
2026/05/26 00:35:00.283,n,-3.926652,4.076527,4.761118,1.376237,OverRange,OverRange,OverRange,11.35348,13.664826,-4.767456
2026/05/26 00:36:00.284,n,-3.935504,6.960431,5.527253,1.564799,OverRange,OverRange,OverRange,11.411204,13.661604,-4.712935
2026/05/26 00:37:00.270,n,-3.900478,3.907504,5.632392,1.129025,OverRange,OverRange,OverRange,11.375768,13.658362,-4.730341
2026/05/26 00:38:00.270,n,-3.818237,5.57945,5.004192,1.429611,OverRange,OverRange,OverRange,11.435284,13.659436,-4.590241
2026/05/26 00:39:00.274,n,-3.865196,6.50393,4.93765,1.503504,OverRange,OverRange,OverRange,11.42211,13.655138,-4.568655
2026/05/26 00:40:00.275,n,-3.891369,5.925674,5.619266,1.07128,OverRange,OverRange,OverRange,11.426434,13.65297,-4.806533
2026/05/26 00:41:00.277,n,-3.841845,6.894072,4.367116,1.248937,OverRange,OverRange,OverRange,11.448472,13.658362,-4.5434
2026/05/26 00:42:00.262,n,-3.812464,3.474559,5.032218,1.109634,OverRange,OverRange,OverRange,11.442662,13.651928,-4.615412
2026/05/26 00:43:00.264,n,-4.011587,4.427977,4.327041,1.105158,OverRange,OverRange,OverRange,11.496064,13.649746,-4.638705
2026/05/26 00:44:00.267,n,-3.949874,3.779153,3.837508,0.097092,OverRange,OverRange,OverRange,11.46192,13.658362,-4.590156
2026/05/26 00:45:00.272,n,-3.865196,6.088859,5.420531,0.910533,OverRange,OverRange,OverRange,11.493562,13.659436,-4.517974
2026/05/26 00:46:00.270,n,-3.891497,4.784956,4.51288,1.124709,OverRange,OverRange,OverRange,11.41148,13.66051,-4.358166
2026/05/26 00:47:00.502,n,-3.86789,6.59547,5.635077,1.144731,OverRange,OverRange,OverRange,11.45049,13.657254,-4.451849
2026/05/26 00:48:00.257,n,-4.078817,5.958924,5.558455,0.823356,OverRange,OverRange,OverRange,11.45659,13.649746,-4.67582
2026/05/26 00:49:00.259,n,-4.04084,3.225578,4.622298,1.329607,OverRange,OverRange,OverRange,11.376756,13.655138,-4.786909
2026/05/26 00:50:00.261,n,-4.017232,6.097581,4.982204,1.222569,OverRange,OverRange,OverRange,11.492814,13.657254,-4.547154
2026/05/26 00:51:00.263,n,-3.988236,6.27091,5.300687,1.177965,OverRange,OverRange,OverRange,11.34486,13.66051,-4.537513
2026/05/26 00:52:00.265,n,-4.081768,3.764917,4.763881,1.259094,OverRange,OverRange,OverRange,11.280488,13.651928,-4.634695
2026/05/26 00:53:00.268,n,-4.166703,3.860246,4.775092,1.298688,OverRange,OverRange,OverRange,11.358032,13.654044,-4.599798
2026/05/26 00:54:00.269,n,-3.996704,4.088928,4.798791,1.016771,OverRange,OverRange,OverRange,11.388194,13.651928,-4.551164
2026/05/26 00:55:00.271,n,-4.026086,5.30739,4.876023,1.205189,OverRange,OverRange,OverRange,11.390194,13.650822,-4.518145
2026/05/26 00:56:00.258,n,-3.997089,3.523886,4.813796,1.365791,OverRange,OverRange,OverRange,11.305832,13.650822,-4.621384
2026/05/26 00:57:00.259,n,-4.096651,6.516958,5.259665,1.338482,OverRange,OverRange,OverRange,11.36108,13.647612,-4.566607
2026/05/26 00:58:00.261,n,-4.248688,6.183942,5.319924,1.535592,OverRange,OverRange,OverRange,11.251384,13.64543,-4.658243
2026/05/26 00:59:00.263,n,-4.163752,6.324345,6.119902,0.363491,OverRange,OverRange,OverRange,11.111252,13.648686,-4.63879
2026/05/26 01:00:00.266,n,-4.23714,4.495302,5.977043,0.727052,OverRange,OverRange,OverRange,11.063324,13.638964,-4.654404
2026/05/26 01:01:00.266,n,-4.327593,6.264054,6.340729,0.136964,OverRange,OverRange,OverRange,11.087428,13.641146,-4.53939
2026/05/26 01:02:00.268,n,-4.307193,3.97176,4.919461,1.112675,OverRange,OverRange,OverRange,10.977098,13.632496,-4.523776
2026/05/26 01:03:00.271,n,-4.380581,5.263279,4.733311,1.105469,OverRange,OverRange,OverRange,11.031378,13.623898,-4.375742
2026/05/26 01:04:00.257,n,-4.368777,4.93051,4.36189,0.755039,OverRange,OverRange,OverRange,11.077536,13.619564,-4.381715
2026/05/26 01:05:00.260,n,-4.362876,3.836794,4.969574,1.014105,OverRange,OverRange,OverRange,10.99942,13.608782,-4.451764
2026/05/26 01:06:00.261,n,-4.333751,6.422674,5.476267,1.267553,OverRange,OverRange,OverRange,10.970486,13.598032,-4.36994
2026/05/26 01:07:00.263,n,-4.359924,4.600686,5.077607,1.261453,OverRange,OverRange,OverRange,10.88349,13.593748,-4.504408
2026/05/26 01:08:00.264,n,-4.412528,3.435058,5.635878,1.091015,OverRange,OverRange,OverRange,10.859376,13.57756,-4.562938
2026/05/26 01:09:00.269,n,-4.400852,3.635449,5.288793,1.271856,OverRange,OverRange,OverRange,10.993576,13.57111,-4.710802
2026/05/26 01:10:00.269,n,-4.234061,3.288283,4.374016,1.121699,OverRange,OverRange,OverRange,11.089428,13.56461,-4.753804
2026/05/26 01:11:00.274,n,-4.187231,6.096394,5.831019,1.002796,OverRange,OverRange,OverRange,11.227844,13.550604,-4.964208
2026/05/26 01:12:00.272,n,-4.029036,4.034716,4.645737,1.279322,OverRange,OverRange,OverRange,11.022252,13.547362,-4.827778
2026/05/26 01:13:00.257,n,-4.31874,3.954141,3.84352,0.085644,OverRange,OverRange,OverRange,11.083348,13.538746,-4.699198
2026/05/26 01:14:00.261,n,-4.140273,6.720607,4.664274,1.530284,OverRange,OverRange,OverRange,11.191838,13.535538,-4.757729
2026/05/26 01:15:00.263,n,-4.020183,4.141419,4.854445,1.211596,OverRange,OverRange,OverRange,11.116552,13.536578,-4.664045
2026/05/26 01:16:00.267,n,-4.017489,3.926644,4.39103,1.101709,OverRange,OverRange,OverRange,11.130254,13.52474,-4.601675
2026/05/26 01:17:00.266,n,-4.005685,4.039492,5.162714,1.419513,OverRange,OverRange,OverRange,11.076748,13.51829,-4.67582
2026/05/26 01:18:00.268,n,-3.988236,4.722488,4.831173,1.478422,OverRange,OverRange,OverRange,11.132244,13.516106,-4.707048
2026/05/26 01:19:00.269,n,-4.005685,3.218045,4.835373,1.585089,OverRange,OverRange,OverRange,11.175828,13.513926,-4.800731
2026/05/26 01:20:00.272,n,-3.999912,6.558084,5.4268,1.207272,OverRange,OverRange,OverRange,11.161164,13.508502,-4.654404
2026/05/26 01:21:00.273,n,-4.008508,6.285956,5.804141,1.271349,OverRange,OverRange,OverRange,11.080796,13.505324,-4.748002
2026/05/26 01:22:00.259,n,-4.02339,3.609653,5.19675,1.362725,OverRange,OverRange,OverRange,10.989766,13.502068,-4.853119
2026/05/26 01:23:00.261,n,-4.099217,3.535154,4.728471,1.469831,OverRange,OverRange,OverRange,11.074698,13.498826,-4.732303
2026/05/26 01:24:00.263,n,-4.043662,3.695272,5.04862,1.295838,OverRange,OverRange,OverRange,10.998372,13.501008,-4.67198
2026/05/26 01:25:00.265,n,-4.169654,4.93998,4.427999,1.162634,OverRange,OverRange,OverRange,11.048604,13.495602,-4.564816
2026/05/26 01:26:00.267,n,-4.22816,6.243906,5.48395,1.446756,OverRange,OverRange,OverRange,11.02679,13.489118,-4.599884
2026/05/26 01:27:00.269,n,-4.20776,4.051485,4.742413,1.355413,OverRange,OverRange,OverRange,10.909596,13.485894,-4.605685
2026/05/26 01:28:00.273,n,-4.269216,3.388826,5.520159,1.242174,OverRange,OverRange,OverRange,10.950954,13.48161,-4.666178
2026/05/26 01:29:00.273,n,-4.368649,6.60034,5.043071,1.655198,OverRange,OverRange,OverRange,11.005992,13.482684,-4.607647
2026/05/26 01:30:00.275,n,-4.336317,6.188882,5.331174,1.485223,OverRange,OverRange,OverRange,10.97227,13.476188,-4.693311
2026/05/26 01:31:00.262,n,-4.360053,3.320025,4.867855,1.683243,OverRange,OverRange,OverRange,10.9375,13.465438,-4.708925
2026/05/26 01:32:00.263,n,-4.368521,3.935407,5.39382,1.325056,OverRange,OverRange,OverRange,10.889314,13.454622,-4.638875
2026/05/26 01:33:00.264,n,-4.260363,6.312897,6.081274,0.361445,OverRange,OverRange,OverRange,10.960622,13.450292,-4.666093
2026/05/26 01:34:00.268,n,-4.160673,6.021076,6.254305,0.141727,OverRange,OverRange,OverRange,10.914216,13.447114,-4.63478
2026/05/26 01:35:00.268,n,-4.111021,3.684161,3.81083,0.206171,OverRange,OverRange,OverRange,10.942348,13.440618,-4.477276
2026/05/26 01:36:00.270,n,-4.15785,6.246095,5.864165,0.989311,OverRange,OverRange,OverRange,10.945904,13.431968,-4.64664
2026/05/26 01:37:00.272,n,-4.111021,6.258928,5.411544,1.361144,OverRange,OverRange,OverRange,10.916458,13.426578,-4.549287
2026/05/26 01:38:00.275,n,-4.113971,3.376614,4.936515,1.541047,OverRange,OverRange,OverRange,10.872056,13.423368,-4.506455
2026/05/26 01:39:00.276,n,-4.067142,3.962443,4.608774,1.487671,OverRange,OverRange,OverRange,10.908844,13.419052,-4.416697
2026/05/26 01:40:00.261,n,-4.289487,3.276998,5.121868,1.478769,OverRange,OverRange,OverRange,10.880174,13.445112,-4.576334
2026/05/26 01:41:00.264,n,-3.871611,6.093125,5.471346,1.43061,OverRange,OverRange,OverRange,10.92393,13.43969,-4.310215
2026/05/26 01:42:00.269,n,-3.804381,3.861809,4.376399,1.145841,OverRange,OverRange,OverRange,10.912262,13.433238,-4.226428
2026/05/26 01:43:00.270,n,-3.804381,6.030219,5.312107,1.112376,OverRange,OverRange,OverRange,11.060674,13.432196,-4.323781
2026/05/26 01:44:00.271,n,-3.62848,6.270028,4.677272,1.488856,OverRange,OverRange,OverRange,11.001302,13.428938,-4.175662
2026/05/26 01:45:00.272,n,-3.479523,6.246253,6.185159,0.065504,OverRange,OverRange,OverRange,10.97192,13.43332,-4.148529
2026/05/26 01:46:00.274,n,-3.610903,6.180762,5.895871,1.182287,OverRange,OverRange,OverRange,10.89741,13.427896,-4.25339
2026/05/26 01:47:00.275,n,-3.687114,3.452928,5.336579,1.429851,OverRange,OverRange,OverRange,10.914918,13.419296,-4.313713
2026/05/26 01:48:00.279,n,-3.683906,3.975957,4.866587,1.229346,OverRange,OverRange,OverRange,10.939022,13.419296,-4.222248
2026/05/26 01:49:00.262,n,-3.566639,3.425023,5.120793,1.469764,OverRange,OverRange,OverRange,11.00496,13.420356,-4.148188
2026/05/26 01:50:00.265,n,-3.414474,4.528296,5.317633,1.216132,OverRange,OverRange,OverRange,11.038708,13.416072,-4.109281
2026/05/26 01:51:00.267,n,-3.403056,6.59756,4.965095,1.286018,OverRange,OverRange,OverRange,11.027298,13.417114,-4.070204
2026/05/26 01:52:00.268,n,-3.367644,3.802265,4.288064,1.024512,OverRange,OverRange,OverRange,10.963878,13.413906,-4.017645
2026/05/26 01:53:00.274,n,-3.385478,3.306255,5.075144,1.510372,OverRange,OverRange,OverRange,11.003194,13.410648,-4.035307
2026/05/26 01:54:00.273,n,-3.350195,5.031574,4.434858,1.177417,OverRange,OverRange,OverRange,11.035162,13.410648,-4.066279
2026/05/26 01:55:00.276,n,-3.306188,6.205228,5.81244,1.152869,OverRange,OverRange,OverRange,11.002966,13.410648,-4.093582
2026/05/26 01:56:00.276,n,-3.227411,3.973597,3.831708,0.250363,OverRange,OverRange,OverRange,10.947932,13.413906,-3.965087
2026/05/26 01:57:00.278,n,-3.236264,5.989607,5.538802,1.157179,OverRange,OverRange,OverRange,10.961086,13.414998,-3.926265
2026/05/26 01:58:00.263,n,-3.20714,3.424669,5.056824,1.5307,OverRange,OverRange,OverRange,10.913132,13.414998,-3.969097
2026/05/26 01:59:00.266,n,-3.200982,6.250736,4.816311,1.21204,OverRange,OverRange,OverRange,11.052404,13.419296,-3.902631
2026/05/26 02:00:00.267,n,-3.130929,4.068644,5.377978,1.279179,OverRange,OverRange,OverRange,10.950726,13.416072,-3.957322
2026/05/26 02:01:00.270,n,-3.124771,6.01676,5.837292,1.247331,OverRange,OverRange,OverRange,11.048584,13.423646,-3.908689
2026/05/26 02:02:00.271,n,-3.165699,6.111352,5.402484,1.36293,OverRange,OverRange,OverRange,11.03365,13.423646,-3.949643
2026/05/26 02:03:00.274,n,-3.291819,6.065511,5.089935,1.263255,OverRange,OverRange,OverRange,11.050126,13.431186,-3.996315
2026/05/26 02:04:00.275,n,-3.145299,4.906767,4.591818,1.355622,OverRange,OverRange,OverRange,11.073956,13.426854,-4.019522
2026/05/26 02:05:00.278,n,-3.186227,6.18624,5.122071,1.356212,OverRange,OverRange,OverRange,11.040486,13.434394,-3.887102
2026/05/26 02:06:00.281,n,-3.130801,5.531955,5.983323,0.276468,OverRange,OverRange,OverRange,10.975826,13.439818,-4.101517
2026/05/26 02:07:00.266,n,-3.037013,6.08707,4.640633,1.120186,OverRange,OverRange,OverRange,11.09045,13.449494,-3.957237
2026/05/26 02:08:00.266,n,-2.937451,5.746586,4.541983,1.075601,OverRange,OverRange,OverRange,11.033122,13.446252,-3.924303
2026/05/26 02:09:00.269,n,-2.814667,3.368524,5.147976,1.447847,OverRange,OverRange,OverRange,11.085872,13.45814,-3.883178
2026/05/26 02:10:00.271,n,-2.870093,6.405797,5.319109,1.393768,OverRange,OverRange,OverRange,11.198196,13.461382,-3.969011
2026/05/26 02:11:00.273,n,-2.685853,3.775015,4.240321,1.239814,OverRange,OverRange,OverRange,11.176626,13.472148,-3.807156
2026/05/26 02:12:00.274,n,-2.580646,6.792987,4.337681,1.205445,OverRange,OverRange,OverRange,11.288168,13.481822,-3.55793
2026/05/26 02:13:00.277,n,-2.3991,3.970173,5.197893,1.250632,OverRange,OverRange,OverRange,11.18655,13.488322,-3.563817
2026/05/26 02:14:00.279,n,-2.355093,3.29263,5.393057,1.430797,OverRange,OverRange,OverRange,11.208562,13.503386,-3.478068
2026/05/26 02:15:00.281,n,-2.310958,5.928112,5.910809,1.063173,OverRange,OverRange,OverRange,11.216702,13.515276,-3.347526
2026/05/26 02:16:00.268,n,-2.267207,6.190811,5.262531,1.104625,OverRange,OverRange,OverRange,11.186784,13.531448,-3.384641
2026/05/26 02:17:00.270,n,-2.246678,3.500463,4.932466,1.556924,OverRange,OverRange,OverRange,11.23114,13.54438,-3.277476
2026/05/26 02:18:00.270,n,-2.223456,3.344333,5.467537,1.163677,OverRange,OverRange,OverRange,11.246334,13.563812,-3.331912
2026/05/26 02:19:00.273,n,-2.232181,3.423141,4.909271,1.431181,OverRange,OverRange,OverRange,11.282842,13.572444,-3.228928
2026/05/26 02:20:00.274,n,-2.194075,3.70537,4.86233,1.347577,OverRange,OverRange,OverRange,11.250662,13.583178,-3.224748
2026/05/26 02:21:00.276,n,-2.41347,6.600384,5.476511,1.269125,OverRange,OverRange,OverRange,11.300828,13.59181,-3.345563
2026/05/26 02:22:00.278,n,-2.246807,3.430067,4.845269,1.541722,OverRange,OverRange,OverRange,11.253418,13.608016,-3.265787
2026/05/26 02:23:00.285,n,-2.241162,3.77145,4.449961,1.296319,OverRange,OverRange,OverRange,11.314,13.620916,-3.207342
2026/05/26 02:24:00.283,n,-2.316859,3.957628,4.933972,1.493483,OverRange,OverRange,OverRange,11.28384,13.6317,-3.203588
2026/05/26 02:25:00.269,n,-2.182272,4.030618,4.965916,1.527567,OverRange,OverRange,OverRange,11.333516,13.643524,-3.0983
2026/05/26 02:26:00.270,n,-2.191124,3.943772,4.603288,1.355454,OverRange,OverRange,OverRange,11.350484,13.663998,-3.084734
2026/05/26 02:27:00.271,n,-2.369719,6.361607,4.452637,1.002769,OverRange,OverRange,OverRange,11.417374,13.663998,-3.113999
2026/05/26 02:28:00.273,n,-2.331614,3.863139,4.388366,1.248567,OverRange,OverRange,OverRange,11.313752,13.676962,-3.242409
2026/05/26 02:29:00.275,n,-2.319939,3.374636,4.997764,1.196182,OverRange,OverRange,OverRange,11.326406,13.689896,-3.133368
2026/05/26 02:30:00.280,n,-2.261433,4.475856,4.842372,1.426296,OverRange,OverRange,OverRange,11.33426,13.702794,-3.106235
2026/05/26 02:31:00.279,n,-2.358044,6.057496,5.300028,1.313626,OverRange,OverRange,OverRange,11.363928,13.71361,-3.16852
2026/05/26 02:32:00.281,n,-2.308392,3.333356,4.801749,1.5943,OverRange,OverRange,OverRange,11.239232,13.722178,-3.289166
2026/05/26 02:33:00.284,n,-2.469281,6.326473,5.495624,1.419635,OverRange,OverRange,OverRange,11.30132,13.729752,-3.207427
2026/05/26 02:34:00.270,n,-2.434126,3.462903,4.568828,1.53961,OverRange,OverRange,OverRange,11.29474,13.739428,-3.250259
2026/05/26 02:35:00.272,n,-2.501356,6.603844,4.863428,1.371095,OverRange,OverRange,OverRange,11.336034,13.745894,-3.224918
2026/05/26 02:36:00.258,n,-2.527914,3.191334,4.499743,1.482616,OverRange,OverRange,OverRange,11.286134,13.762068,-3.366979
2026/05/26 02:37:00.260,n,-2.679951,6.515924,5.144449,1.592516,OverRange,OverRange,OverRange,11.35377,13.762068,-3.353328
2026/05/26 02:38:00.261,n,-2.51316,3.433262,4.898295,1.630872,OverRange,OverRange,OverRange,11.302348,13.769154,-3.310581
2026/05/26 02:39:00.263,n,-2.726139,6.115028,5.389676,1.559685,OverRange,OverRange,OverRange,11.31331,13.775588,-3.506822
2026/05/26 02:40:00.266,n,-2.755392,3.447166,4.805138,1.562928,OverRange,OverRange,OverRange,11.22639,13.785296,-3.516719
2026/05/26 02:41:00.270,n,-2.820056,6.060775,5.043333,1.221264,OverRange,OverRange,OverRange,11.334866,13.789626,-3.491208
2026/05/26 02:42:00.271,n,-2.743974,3.80978,4.61501,1.536496,OverRange,OverRange,OverRange,11.250484,13.796062,-3.59641
2026/05/26 02:43:00.271,n,-2.846357,3.499161,4.921517,1.608797,OverRange,OverRange,OverRange,11.303966,13.800378,-3.557504
2026/05/26 02:44:00.256,n,-2.866629,3.785588,4.945773,1.568165,OverRange,OverRange,OverRange,11.287984,13.805802,-3.602298
2026/05/26 02:45:00.259,n,-2.910636,3.379985,4.997638,1.788935,OverRange,OverRange,OverRange,11.285676,13.816522,-3.573118
2026/05/26 02:46:00.261,n,-2.992749,6.220554,5.552389,1.313039,OverRange,OverRange,OverRange,11.280132,13.819744,-3.647091
2026/05/26 02:47:00.262,n,-3.007504,3.483124,4.699058,1.510324,OverRange,OverRange,OverRange,11.218028,13.824094,-3.62559
2026/05/26 02:48:00.265,n,-3.03342,3.307238,5.247405,1.411479,OverRange,OverRange,OverRange,11.229178,13.830496,-3.742567
2026/05/26 02:49:00.267,n,-3.086409,3.299585,4.923953,1.774395,OverRange,OverRange,OverRange,11.18661,13.830496,-3.736765
2026/05/26 02:50:00.269,n,-3.156461,3.223904,4.796201,1.756564,OverRange,OverRange,OverRange,11.228166,13.833736,-3.818504
2026/05/26 02:51:00.271,n,-3.270649,6.719791,5.041666,1.730708,OverRange,OverRange,OverRange,11.231976,13.836994,-3.779596
2026/05/26 02:52:00.259,n,-3.214838,4.85429,4.382593,1.204611,OverRange,OverRange,OverRange,11.1955,13.84346,-3.872939
2026/05/26 02:53:00.258,n,-3.18597,6.194085,5.37524,1.574754,OverRange,OverRange,OverRange,11.240088,13.84242,-3.763983
2026/05/26 02:54:00.263,n,-3.130159,6.686015,4.894302,1.737567,OverRange,OverRange,OverRange,11.215266,13.846672,-3.835995
2026/05/26 02:55:00.262,n,-3.168265,6.706595,4.714356,1.53879,OverRange,OverRange,OverRange,11.25708,13.854244,-3.82823
2026/05/26 02:56:00.266,n,-3.124257,6.289659,4.991714,1.538724,OverRange,OverRange,OverRange,11.267472,13.854244,-3.863383
2026/05/26 02:57:00.266,n,-2.998779,3.174048,4.851471,1.788859,OverRange,OverRange,OverRange,11.25731,13.85957,-3.878912
2026/05/26 02:58:00.270,n,-2.954643,3.403577,4.600875,1.557342,OverRange,OverRange,OverRange,11.329788,13.864996,-3.789409
2026/05/26 02:59:00.271,n,-2.907685,3.724239,5.329111,1.479344,OverRange,OverRange,OverRange,11.318116,13.864996,-3.832155
2026/05/26 03:00:00.272,n,-2.790547,5.859287,5.658396,0.923547,OverRange,OverRange,OverRange,11.34171,13.87361,-3.590523
2026/05/26 03:01:00.257,n,-2.679438,6.707114,5.51705,1.214763,OverRange,OverRange,OverRange,11.312074,13.875746,-3.590523
2026/05/26 03:02:00.260,n,-2.588729,3.549187,4.7816,1.214782,OverRange,OverRange,OverRange,11.28826,13.884362,-3.427132
2026/05/26 03:03:00.261,n,-2.658781,6.104706,4.705828,1.280703,OverRange,OverRange,OverRange,11.400726,13.889754,-3.347184
2026/05/26 03:04:00.263,n,-2.679438,3.903978,4.633982,1.50801,OverRange,OverRange,OverRange,11.270244,13.898338,-3.426961
2026/05/26 03:05:00.266,n,-2.776049,6.257661,5.505902,1.504538,OverRange,OverRange,OverRange,11.292038,13.898338,-3.296503
2026/05/26 03:06:00.266,n,-2.770146,3.87184,4.169398,1.01589,OverRange,OverRange,OverRange,11.246446,13.900506,-3.364675
2026/05/26 03:07:00.269,n,-2.843535,3.3095,5.617594,1.41109,OverRange,OverRange,OverRange,11.271266,13.902656,-3.347185
2026/05/26 03:08:00.272,n,-2.92244,3.675915,4.856563,1.487771,OverRange,OverRange,OverRange,11.29915,13.903762,-3.425083
2026/05/26 03:09:00.272,n,-3.015971,3.842808,4.726866,1.264807,OverRange,OverRange,OverRange,11.251506,13.90158,-3.405716
2026/05/26 03:10:00.260,n,-3.016228,6.083851,5.655151,1.110785,OverRange,OverRange,OverRange,11.231496,13.903762,-3.489331
2026/05/26 03:11:00.260,n,-3.074605,3.724693,4.580214,1.17736,OverRange,OverRange,OverRange,11.230484,13.904804,-3.588646
2026/05/26 03:12:00.263,n,-2.969141,3.350557,4.200937,1.165636,OverRange,OverRange,OverRange,11.344502,13.903762,-3.540098
2026/05/26 03:13:00.264,n,-3.013149,3.530738,5.276553,1.43664,OverRange,OverRange,OverRange,11.301428,13.904804,-3.588646
2026/05/26 03:14:00.267,n,-3.033677,6.015168,5.045682,1.343472,OverRange,OverRange,OverRange,11.325226,13.904804,-3.576957
2026/05/26 03:15:00.270,n,-3.036628,6.386188,6.162245,0.278447,OverRange,OverRange,OverRange,11.223134,13.909122,-3.60426
2026/05/26 03:16:00.270,n,-3.127337,3.806108,4.734021,1.342936,OverRange,OverRange,OverRange,11.150636,13.903762,-3.512709
2026/05/26 03:17:00.274,n,-3.288354,3.311474,4.569025,1.550686,OverRange,OverRange,OverRange,11.191438,13.903762,-3.621837
2026/05/26 03:18:00.273,n,-3.314528,4.710302,5.172095,1.170984,OverRange,OverRange,OverRange,11.21221,13.900506,-3.73668
2026/05/26 03:19:00.258,n,-3.250121,6.51158,4.600983,1.322554,OverRange,OverRange,OverRange,11.285218,13.896188,-3.693848
2026/05/26 03:20:00.261,n,-3.039451,3.877978,4.594988,1.443257,OverRange,OverRange,OverRange,11.205888,13.891936,-3.684121
2026/05/26 03:21:00.264,n,-3.036628,4.525035,5.856224,0.72036,OverRange,OverRange,OverRange,11.248724,13.89298,-3.697687
2026/05/26 03:22:00.264,n,-3.34981,6.10691,4.947619,1.59937,OverRange,OverRange,OverRange,11.202088,13.895114,-3.818504
2026/05/26 03:23:00.267,n,-3.235623,6.242324,6.190287,0.072597,OverRange,OverRange,OverRange,11.20285,13.895114,-3.812616
2026/05/26 03:24:00.269,n,-3.217917,6.287386,5.673447,1.123633,OverRange,OverRange,OverRange,11.22109,13.886512,-3.841882
2026/05/26 03:25:00.271,n,-3.15954,6.641845,5.53304,1.390295,OverRange,OverRange,OverRange,11.182806,13.887604,-3.76603
2026/05/26 03:26:00.273,n,-3.182763,6.253351,5.901492,1.139017,OverRange,OverRange,OverRange,11.188904,13.884362,-3.793163
2026/05/26 03:27:00.274,n,-3.170959,4.036263,4.45867,1.20374,OverRange,OverRange,OverRange,11.220326,13.880046,-3.783351
2026/05/26 03:28:00.261,n,-3.270521,6.411563,4.989347,1.162356,OverRange,OverRange,OverRange,11.304982,13.888648,-3.759973
2026/05/26 03:29:00.263,n,-3.188665,6.043011,5.720637,1.082435,OverRange,OverRange,OverRange,11.257834,13.877864,-3.820466
2026/05/26 03:30:00.265,n,-3.127208,6.496148,5.108656,1.467645,OverRange,OverRange,OverRange,11.265682,13.874688,-3.816626
2026/05/26 03:31:00.267,n,-3.138884,3.830596,4.028757,0.651657,OverRange,OverRange,OverRange,11.322464,13.878972,-3.882751
2026/05/26 03:32:00.268,n,-3.030598,6.217385,5.370591,1.270796,OverRange,OverRange,OverRange,11.337658,13.87361,-3.816712
2026/05/26 03:33:00.270,n,-2.951821,6.332902,5.758322,1.119838,OverRange,OverRange,OverRange,11.278622,13.870356,-3.818504
2026/05/26 03:34:00.273,n,-2.963368,4.015416,3.778692,0.269551,OverRange,OverRange,OverRange,11.257336,13.871428,-3.748369
2026/05/26 03:35:00.275,n,-2.966447,6.629992,5.101472,1.528021,OverRange,OverRange,OverRange,11.30066,13.880046,-3.619618
2026/05/26 03:36:00.277,n,-2.960417,3.73921,5.610394,1.034791,OverRange,OverRange,OverRange,11.19044,13.871428,-3.707415
2026/05/26 03:37:00.263,n,-3.048432,6.089798,5.428501,1.233023,OverRange,OverRange,OverRange,11.26318,13.866038,-3.65878
2026/05/26 03:38:00.264,n,-2.995572,6.503002,5.336416,1.505046,OverRange,OverRange,OverRange,11.210958,13.874688,-3.705537
2026/05/26 03:39:00.267,n,-2.913587,6.174752,5.767774,1.129894,OverRange,OverRange,OverRange,11.237082,13.866038,-3.610147
2026/05/26 03:40:00.269,n,-2.863807,4.951058,4.74243,1.390534,OverRange,OverRange,OverRange,11.214514,13.863872,-3.604431
2026/05/26 03:41:00.270,n,-2.919361,4.033841,5.15714,1.205354,OverRange,OverRange,OverRange,11.211224,13.866038,-3.582844
2026/05/26 03:42:00.273,n,-3.042401,5.944711,5.190742,1.383183,OverRange,OverRange,OverRange,11.25379,13.867144,-3.567315
2026/05/26 03:43:00.275,n,-3.080635,3.368594,4.926256,1.521366,OverRange,OverRange,OverRange,11.23401,13.863872,-3.637365
2026/05/26 03:44:00.276,n,-3.361486,6.662793,5.157753,1.578381,OverRange,OverRange,OverRange,11.23224,13.85853,-3.849561
2026/05/26 03:45:00.278,n,-3.194438,6.208179,5.134063,1.510248,OverRange,OverRange,OverRange,11.225408,13.852062,-3.760058
2026/05/26 03:46:00.264,n,-3.258973,3.224517,4.494189,1.467771,OverRange,OverRange,OverRange,11.15976,13.853138,-3.73284
2026/05/26 03:47:00.265,n,-3.513523,6.10506,5.311154,1.267963,OverRange,OverRange,OverRange,11.16888,13.84346,-3.871062
2026/05/26 03:48:00.270,n,-3.58396,6.625006,5.783319,1.056544,OverRange,OverRange,OverRange,11.1633,13.83807,-4.083258
2026/05/26 03:49:00.271,n,-3.443342,5.995517,5.616954,0.824448,OverRange,OverRange,OverRange,11.19246,13.833736,-4.122421
2026/05/26 03:50:00.273,n,-3.083458,6.435736,5.325805,1.291311,OverRange,OverRange,OverRange,11.154196,13.827272,-3.888638
2026/05/26 03:51:00.276,n,-2.75257,4.086433,5.317899,1.265702,OverRange,OverRange,OverRange,11.157496,13.827272,-3.742567
2026/05/26 03:52:00.279,n,-2.486473,5.576729,5.063864,1.465031,OverRange,OverRange,OverRange,11.249476,13.828346,-3.56723
2026/05/26 03:53:00.278,n,-2.316859,6.599155,4.893994,1.445998,OverRange,OverRange,OverRange,11.246954,13.822988,-3.318004
2026/05/26 03:54:00.279,n,-2.158792,5.286564,6.039313,0.371628,OverRange,OverRange,OverRange,11.19778,13.826212,-3.191471
2026/05/26 03:55:00.265,n,-2.059103,6.181934,6.253376,0.061739,OverRange,OverRange,OverRange,11.250758,13.830496,-3.132941
2026/05/26 03:56:00.267,n,-2.026771,6.25498,5.394778,1.40982,OverRange,OverRange,OverRange,11.251018,13.83592,-3.023899
2026/05/26 03:57:00.270,n,-2.021254,5.685148,5.301181,1.02094,OverRange,OverRange,OverRange,11.282944,13.836994,-2.957689
2026/05/26 03:58:00.270,n,-1.939398,3.727411,5.078006,1.423006,OverRange,OverRange,OverRange,11.22313,13.848822,-2.85445
2026/05/26 03:59:00.274,n,-1.988922,6.572603,5.455601,1.629926,OverRange,OverRange,OverRange,11.253048,13.848822,-2.852487
2026/05/26 04:00:00.275,n,-2.024205,3.877943,4.58945,1.380676,OverRange,OverRange,OverRange,11.261134,13.856362,-2.837129
2026/05/26 04:01:00.277,n,-2.132362,6.231705,5.383778,1.475697,OverRange,OverRange,OverRange,11.28774,13.862828,-2.852573
2026/05/26 04:02:00.278,n,-1.895262,6.293748,6.174626,0.125024,OverRange,OverRange,OverRange,11.233028,13.870356,-2.784315
2026/05/26 04:03:00.281,n,-1.872168,3.550742,4.949484,1.249904,OverRange,OverRange,OverRange,11.262924,13.87361,-2.735767
2026/05/26 04:04:00.266,n,-2.047556,6.479434,5.449567,1.182278,OverRange,OverRange,OverRange,11.26443,13.877864,-2.790117
2026/05/26 04:05:00.268,n,-1.906938,6.193878,6.172378,0.136473,OverRange,OverRange,OverRange,11.192474,13.878972,-2.772711
2026/05/26 04:06:00.273,n,-1.874734,6.564534,5.377312,1.41242,OverRange,OverRange,OverRange,11.193218,13.883256,-2.671519
2026/05/26 04:07:00.272,n,-1.848432,4.127252,4.984186,1.250719,OverRange,OverRange,OverRange,11.203874,13.886512,-2.65582
2026/05/26 04:08:00.273,n,-2.024076,3.60319,4.561859,1.615732,OverRange,OverRange,OverRange,11.239096,13.887604,-2.65983
2026/05/26 04:09:00.276,n,-1.786976,5.336129,4.792969,1.055908,OverRange,OverRange,OverRange,11.259614,13.89402,-2.496353
2026/05/26 04:10:00.279,n,-1.757595,6.448187,4.471545,1.036309,OverRange,OverRange,OverRange,11.213002,13.896188,-2.505909
2026/05/26 04:11:00.280,n,-1.86601,6.412931,5.233348,1.474266,OverRange,OverRange,OverRange,11.20818,13.902656,-2.572119
2026/05/26 04:12:00.282,n,-1.813535,6.221354,6.235621,0.121672,OverRange,OverRange,OverRange,11.178524,13.90158,-2.543024
2026/05/26 04:13:00.268,n,-1.746048,4.011708,4.576655,0.939983,OverRange,OverRange,OverRange,11.156468,13.904804,-2.616999
2026/05/26 04:14:00.270,n,-1.781074,6.677166,4.877328,1.349317,OverRange,OverRange,OverRange,11.236562,13.903762,-2.529458
2026/05/26 04:15:00.271,n,-1.828033,3.471419,4.806714,1.48432,OverRange,OverRange,OverRange,11.221868,13.912332,-2.665717
2026/05/26 04:16:00.274,n,-1.725777,6.340115,5.020566,1.608689,OverRange,OverRange,OverRange,11.239594,13.918798,-2.605394
2026/05/26 04:17:00.276,n,-1.722697,3.396483,5.456268,1.090048,OverRange,OverRange,OverRange,11.16127,13.920948,-2.542939
2026/05/26 04:18:00.277,n,-1.883715,3.138267,5.312577,1.326671,OverRange,OverRange,OverRange,11.139726,13.920948,-2.539099
2026/05/26 04:19:00.279,n,-2.02985,3.849939,4.596032,1.273826,OverRange,OverRange,OverRange,11.088272,13.919872,-2.49823
2026/05/26 04:20:00.284,n,-2.041526,6.369115,5.248577,1.416787,OverRange,OverRange,OverRange,11.077618,13.91295,-2.552751
2026/05/26 04:21:00.284,n,-2.19074,3.949654,4.803683,1.443924,OverRange,OverRange,OverRange,11.011318,13.911874,-2.747456
2026/05/26 04:22:00.268,n,-2.246294,6.342468,4.546494,1.153684,OverRange,OverRange,OverRange,11.100342,13.9108,-2.624848
2026/05/26 04:23:00.271,n,-2.240649,4.370328,4.417393,0.869785,OverRange,OverRange,OverRange,11.008026,13.906516,-2.69285
2026/05/26 04:24:00.273,n,-2.208317,3.549131,4.737374,1.115208,OverRange,OverRange,OverRange,10.991806,13.905408,-2.548826
2026/05/26 04:25:00.260,n,-2.228845,3.473631,4.876168,1.500748,OverRange,OverRange,OverRange,10.949952,13.902166,-2.529287
2026/05/26 04:26:00.260,n,-2.173291,4.028618,4.556052,1.120377,OverRange,OverRange,OverRange,10.930928,13.903274,-2.513673
2026/05/26 04:27:00.263,n,-2.354708,6.250682,4.862925,1.079531,OverRange,OverRange,OverRange,10.93829,13.895732,-2.513759
2026/05/26 04:28:00.265,n,-2.369206,4.554621,5.067115,1.090216,OverRange,OverRange,OverRange,10.849748,13.892474,-2.638499
2026/05/26 04:29:00.267,n,-2.460043,3.772333,4.109659,0.366487,OverRange,OverRange,OverRange,10.840364,13.88498,-2.638414
2026/05/26 04:30:00.268,n,-2.623884,6.534959,4.432081,1.036609,OverRange,OverRange,OverRange,10.852284,13.89034,-2.710512
2026/05/26 04:31:00.271,n,-2.562427,3.380197,5.660858,1.118611,OverRange,OverRange,OverRange,10.77413,13.87744,-2.714436
2026/05/26 04:32:00.257,n,-2.480443,4.134225,5.022054,1.341424,OverRange,OverRange,OverRange,10.725128,13.870974,-2.65198
2026/05/26 04:33:00.259,n,-2.57128,5.492311,4.914158,1.056614,OverRange,OverRange,OverRange,10.770564,13.86454,-2.685171
2026/05/26 04:34:00.259,n,-2.308006,6.300749,6.220187,0.057197,OverRange,OverRange,OverRange,10.696198,13.859116,-2.576044
2026/05/26 04:35:00.264,n,-2.30172,6.083224,4.856151,1.234773,OverRange,OverRange,OverRange,10.712952,13.853788,-2.576129
2026/05/26 04:36:00.266,n,-2.263999,6.111487,5.752257,0.971738,OverRange,OverRange,OverRange,10.68097,13.842974,-2.585685
2026/05/26 04:37:00.266,n,-2.372285,3.89011,4.554367,1.225804,OverRange,OverRange,OverRange,10.659628,13.833282,-2.677321
2026/05/26 04:38:00.268,n,-2.536126,6.034246,5.182675,1.363069,OverRange,OverRange,OverRange,10.701016,13.820414,-2.72988
2026/05/26 04:39:00.270,n,-2.462866,6.176005,5.253444,1.082002,OverRange,OverRange,OverRange,10.678926,13.822498,-2.800014
2026/05/26 04:40:00.273,n,-2.331101,3.929976,4.793331,1.394019,OverRange,OverRange,OverRange,10.639324,13.809598,-2.761108
2026/05/26 04:41:00.260,n,-2.550624,5.107597,5.174996,1.293048,OverRange,OverRange,OverRange,10.680974,13.802088,-2.75923
2026/05/26 04:42:00.259,n,-2.448368,4.543998,5.080416,1.444705,OverRange,OverRange,OverRange,10.637294,13.802088,-2.784486
2026/05/26 04:43:00.262,n,-2.486345,6.486431,5.081409,1.59152,OverRange,OverRange,OverRange,10.624116,13.788064,-2.784486
2026/05/26 04:44:00.265,n,-2.468768,6.215744,4.993092,1.390366,OverRange,OverRange,OverRange,10.615464,13.77948,-2.772711
2026/05/26 04:45:00.265,n,-2.562427,4.053744,4.573868,1.191801,OverRange,OverRange,OverRange,10.598714,13.776238,-2.911104
2026/05/26 04:46:00.267,n,-2.626706,4.041619,5.009732,1.32818,OverRange,OverRange,OverRange,10.594396,13.765472,-2.883715
2026/05/26 04:47:00.270,n,-2.553575,3.85475,3.881706,0.103983,OverRange,OverRange,OverRange,10.645432,13.753582,-2.833204
2026/05/26 04:48:00.270,n,-2.550881,3.905829,5.42787,1.135581,OverRange,OverRange,OverRange,10.614192,13.74715,-2.86631
2026/05/26 04:49:00.257,n,-2.533047,6.498868,5.822829,1.190674,OverRange,OverRange,OverRange,10.61167,13.740682,-2.872197
2026/05/26 04:50:00.260,n,-2.386783,3.948865,4.038277,0.451207,OverRange,OverRange,OverRange,10.609874,13.735272,-2.850695
2026/05/26 04:51:00.260,n,-2.533175,3.790863,4.06039,0.396539,OverRange,OverRange,OverRange,10.627396,13.722374,-2.926461
2026/05/26 04:52:00.263,n,-2.521371,3.755698,5.26294,1.311955,OverRange,OverRange,OverRange,10.607854,13.724506,-2.996767
2026/05/26 04:53:00.263,n,-2.559605,3.816832,4.686207,1.360936,OverRange,OverRange,OverRange,10.659654,13.712682,-2.899244
2026/05/26 04:54:00.267,n,-2.512903,6.440926,5.120678,1.033302,OverRange,OverRange,OverRange,10.661678,13.70944,-2.893527
2026/05/26 04:55:00.268,n,-2.436436,3.626545,4.315137,1.130278,OverRange,OverRange,OverRange,10.64417,13.7019,-2.903169
2026/05/26 04:56:00.269,n,-2.363304,3.412844,4.993989,1.58957,OverRange,OverRange,OverRange,10.675146,13.696476,-2.870064
2026/05/26 04:57:00.276,n,-2.345727,6.272979,6.209483,0.213233,OverRange,OverRange,OverRange,10.716004,13.696476,-2.79225
2026/05/26 04:58:00.257,n,-2.328406,3.703652,4.029903,0.81329,OverRange,OverRange,OverRange,10.73173,13.688968,-2.979191
2026/05/26 04:59:00.260,n,-2.489296,3.336984,4.612037,1.210429,OverRange,OverRange,OverRange,10.768544,13.692224,-3.04523
2026/05/26 05:00:00.260,n,-2.49507,4.100139,4.02134,0.131369,OverRange,OverRange,OverRange,10.804338,13.68465,-3.062977
2026/05/26 05:01:00.266,n,-2.615031,3.87207,4.306439,0.884786,OverRange,OverRange,OverRange,10.812184,13.683576,-3.173981
2026/05/26 05:02:00.264,n,-2.404361,3.872723,4.260403,1.180312,OverRange,OverRange,OverRange,10.84898,13.682468,-3.018097
2026/05/26 05:03:00.267,n,-2.389606,6.806156,4.502663,1.1803,OverRange,OverRange,OverRange,10.889842,13.679258,-3.08627
2026/05/26 05:04:00.270,n,-2.375236,4.200294,4.766083,1.032262,OverRange,OverRange,OverRange,10.86878,13.680366,-3.098044
2026/05/26 05:05:00.271,n,-2.348806,3.264317,4.925504,1.450442,OverRange,OverRange,OverRange,10.882466,13.681426,-2.988917
2026/05/26 05:06:00.274,n,-2.372157,6.432977,5.082637,1.504799,OverRange,OverRange,OverRange,10.916458,13.682468,-2.90897
2026/05/26 05:07:00.259,n,-2.38101,3.596404,5.273961,1.367372,OverRange,OverRange,OverRange,10.874868,13.683576,-2.971341
2026/05/26 05:08:00.260,n,-2.515469,5.141427,5.3708,1.133404,OverRange,OverRange,OverRange,10.884258,13.692224,-2.928594
2026/05/26 05:09:00.263,n,-2.38101,3.548213,5.160505,1.392453,OverRange,OverRange,OverRange,10.85584,13.687892,-2.903254
2026/05/26 05:10:00.265,n,-2.392557,5.272738,5.749069,1.013081,OverRange,OverRange,OverRange,10.90025,13.69439,-2.733804
2026/05/26 05:11:00.269,n,-2.337131,6.089132,5.570828,0.809116,OverRange,OverRange,OverRange,10.889084,13.695434,-2.770919
2026/05/26 05:12:00.268,n,-2.351757,4.00466,5.333062,1.24322,OverRange,OverRange,OverRange,10.86675,13.69439,-2.757182
2026/05/26 05:13:00.270,n,-2.378187,6.240635,5.554829,1.317476,OverRange,OverRange,OverRange,10.911164,13.7019,-2.656076
2026/05/26 05:14:00.273,n,-2.28132,5.489246,5.622285,1.112756,OverRange,OverRange,OverRange,10.88831,13.707258,-2.657953
2026/05/26 05:15:00.274,n,-2.342904,3.906378,5.82998,0.945387,OverRange,OverRange,OverRange,10.903036,13.707258,-2.657868
2026/05/26 05:16:00.260,n,-2.301848,5.470581,5.3743,1.242635,OverRange,OverRange,OverRange,10.899724,13.70944,-2.636366
2026/05/26 05:17:00.262,n,-2.343161,4.115635,5.372713,1.245468,OverRange,OverRange,OverRange,10.865734,13.711608,-2.56845
2026/05/26 05:18:00.266,n,-2.392685,4.032681,4.728595,1.497293,OverRange,OverRange,OverRange,10.869284,13.713758,-2.525618
2026/05/26 05:19:00.268,n,-2.35753,6.560643,4.675825,0.973426,OverRange,OverRange,OverRange,10.917232,13.721266,-2.548826
2026/05/26 05:20:00.270,n,-2.375108,3.955742,4.222808,1.000308,OverRange,OverRange,OverRange,10.880188,13.719148,-2.689096
2026/05/26 05:21:00.269,n,-2.556654,3.893518,4.106811,0.339992,OverRange,OverRange,OverRange,10.904038,13.721266,-2.716313
2026/05/26 05:22:00.273,n,-2.670585,3.300379,5.273096,1.262409,OverRange,OverRange,OverRange,10.873094,13.72669,-2.712388
2026/05/26 05:23:00.273,n,-2.480443,6.340815,5.003975,1.440602,OverRange,OverRange,OverRange,10.872086,13.729932,-2.53526
2026/05/26 05:24:00.274,n,-2.422066,6.254758,4.929081,1.306956,OverRange,OverRange,OverRange,10.862942,13.72669,-2.566402
2026/05/26 05:25:00.261,n,-2.386527,4.193653,4.550476,1.136001,OverRange,OverRange,OverRange,10.85989,13.731006,-2.597374
2026/05/26 05:26:00.263,n,-2.506745,6.15506,5.613324,0.884738,OverRange,OverRange,OverRange,10.875128,13.738514,-2.505994
2026/05/26 05:27:00.263,n,-2.468768,6.204619,5.3874,1.481182,OverRange,OverRange,OverRange,10.835286,13.73744,-2.509834
2026/05/26 05:28:00.268,n,-2.468768,6.217316,5.337093,1.290736,OverRange,OverRange,OverRange,10.839596,13.733156,-2.511882
2026/05/26 05:29:00.267,n,-2.462737,3.784957,4.654239,1.447359,OverRange,OverRange,OverRange,10.842398,13.740682,-2.478691
2026/05/26 05:30:00.270,n,-2.389863,6.701713,5.052251,1.563619,OverRange,OverRange,OverRange,10.825638,13.73423,-2.459152
2026/05/26 05:31:00.271,n,-2.342648,3.857159,3.900707,0.228083,OverRange,OverRange,OverRange,10.824626,13.73205,-2.469135
2026/05/26 05:32:00.274,n,-2.474541,6.171323,5.46949,1.568128,OverRange,OverRange,OverRange,10.813198,13.733156,-2.543024
2026/05/26 05:33:00.276,n,-2.764373,6.592821,4.600207,1.58031,OverRange,OverRange,OverRange,10.817532,13.733156,-2.69686
2026/05/26 05:34:00.262,n,-2.538948,5.741519,5.03786,1.351399,OverRange,OverRange,OverRange,10.798738,13.73205,-2.624763
2026/05/26 05:35:00.265,n,-2.536126,6.026654,5.468429,1.285254,OverRange,OverRange,OverRange,10.780232,13.735272,-2.583808
2026/05/26 05:36:00.267,n,-2.512518,3.951068,4.664071,1.379512,OverRange,OverRange,OverRange,10.78098,13.728824,-2.548655
2026/05/26 05:37:00.270,n,-2.749747,6.549119,4.564627,1.079345,OverRange,OverRange,OverRange,10.785548,13.727764,-2.632527
2026/05/26 05:38:00.270,n,-2.749747,3.932988,4.527122,1.449626,OverRange,OverRange,OverRange,10.745702,13.727764,-2.700785
2026/05/26 05:39:00.272,n,-2.846357,3.895815,3.95966,0.155147,OverRange,OverRange,OverRange,10.767018,13.723432,-2.700529
2026/05/26 05:40:00.277,n,-2.741022,3.863553,4.135439,0.943444,OverRange,OverRange,OverRange,10.778432,13.72669,-2.749503
2026/05/26 05:41:00.276,n,-2.615159,3.380851,5.278129,1.137694,OverRange,OverRange,OverRange,10.767782,13.725616,-2.720238
2026/05/26 05:42:00.277,n,-2.597582,4.018036,4.31909,0.763153,OverRange,OverRange,OverRange,10.81042,13.723432,-2.722115
2026/05/26 05:43:00.262,n,-2.588858,4.3109,5.454428,0.718272,OverRange,OverRange,OverRange,10.794938,13.720222,-2.786277
2026/05/26 05:44:00.266,n,-2.568201,6.51877,4.729916,1.420703,OverRange,OverRange,OverRange,10.804852,13.720222,-2.798052
2026/05/26 05:45:00.265,n,-2.507001,4.326527,5.141579,1.105659,OverRange,OverRange,OverRange,10.787064,13.720222,-2.772711
2026/05/26 05:46:00.267,n,-2.782079,3.737597,5.364352,1.412461,OverRange,OverRange,OverRange,10.782248,13.715906,-2.854365
2026/05/26 05:47:00.269,n,-2.577054,6.178152,5.065235,1.107816,OverRange,OverRange,OverRange,10.773886,13.715906,-2.685171
2026/05/26 05:48:00.274,n,-2.503922,3.995728,4.74995,1.4231,OverRange,OverRange,OverRange,10.757878,13.720222,-2.642339
2026/05/26 05:49:00.274,n,-2.407312,3.353451,4.887942,1.602373,OverRange,OverRange,OverRange,10.76677,13.723432,-2.609234
2026/05/26 05:50:00.276,n,-2.653264,3.564231,4.986412,1.264987,OverRange,OverRange,OverRange,10.76474,13.716966,-2.741568
2026/05/26 05:51:00.277,n,-2.512775,3.617527,4.978884,1.639659,OverRange,OverRange,OverRange,10.768794,13.715906,-2.685085
2026/05/26 05:52:00.264,n,-2.650185,6.653028,4.84257,1.399561,OverRange,OverRange,OverRange,10.780472,13.710534,-2.702662
2026/05/26 05:53:00.265,n,-2.638638,6.576643,4.714808,1.438415,OverRange,OverRange,OverRange,10.741644,13.715906,-2.65198
2026/05/26 05:54:00.266,n,-2.501228,3.987501,5.308329,1.319188,OverRange,OverRange,OverRange,10.731496,13.716966,-2.644302
2026/05/26 05:55:00.273,n,-2.70574,3.775274,4.887421,1.483265,OverRange,OverRange,OverRange,10.742662,13.711608,-2.801891
2026/05/26 05:56:00.272,n,-2.653008,4.083117,4.298084,1.179649,OverRange,OverRange,OverRange,10.74672,13.716966,-2.716228
2026/05/26 05:57:00.273,n,-2.550624,4.020892,4.174645,0.518493,OverRange,OverRange,OverRange,10.768804,13.708398,-2.677406
2026/05/26 05:58:00.277,n,-2.533047,3.990028,3.932693,0.062243,OverRange,OverRange,OverRange,10.760174,13.715906,-2.65599
2026/05/26 05:59:00.277,n,-2.667634,4.094459,3.89672,0.104473,OverRange,OverRange,OverRange,10.730236,13.711608,-2.583893
2026/05/26 06:00:00.278,n,-2.764373,4.035037,5.382429,1.325711,OverRange,OverRange,OverRange,10.66979,13.712682,-2.562392
2026/05/26 06:01:00.264,n,-2.580133,3.982341,4.150028,0.632855,OverRange,OverRange,OverRange,10.68098,13.707258,-2.521438
2026/05/26 06:02:00.266,n,-2.77592,3.691756,4.993686,1.479834,OverRange,OverRange,OverRange,10.65888,13.706216,-2.595582
2026/05/26 06:03:00.267,n,-2.55088,4.102775,4.899211,1.441442,OverRange,OverRange,OverRange,10.64823,13.707258,-2.484664
2026/05/26 06:04:00.270,n,-2.743974,5.892512,5.523565,1.118378,OverRange,OverRange,OverRange,10.639836,13.706216,-2.556676
2026/05/26 06:05:00.271,n,-2.580133,6.830596,4.708626,1.583712,OverRange,OverRange,OverRange,10.627904,13.699718,-2.49422
2026/05/26 06:06:00.275,n,-2.600404,3.378348,5.713595,1.151512,OverRange,OverRange,OverRange,10.618516,13.683576,-2.673396
2026/05/26 06:07:00.278,n,-2.708819,6.148003,5.250358,1.194277,OverRange,OverRange,OverRange,10.619782,13.692224,-2.663669
2026/05/26 06:08:00.281,n,-2.714592,3.969236,4.39502,1.192245,OverRange,OverRange,OverRange,10.61877,13.68465,-2.687219
2026/05/26 06:09:00.280,n,-2.819928,3.425112,4.955022,1.749711,OverRange,OverRange,OverRange,10.601498,13.685758,-2.768872
2026/05/26 06:10:00.265,n,-2.752698,6.506082,5.148022,1.292746,OverRange,OverRange,OverRange,10.598202,13.680366,-2.620752
2026/05/26 06:11:00.266,n,-2.772969,6.097894,5.333585,1.436565,OverRange,OverRange,OverRange,10.554256,13.67496,-2.757097
2026/05/26 06:12:00.269,n,-2.787724,6.506217,4.942884,1.764989,OverRange,OverRange,OverRange,10.572292,13.677142,-2.743446
2026/05/26 06:13:00.271,n,-2.749875,3.984973,4.523274,1.311185,OverRange,OverRange,OverRange,10.597946,13.672792,-2.821345
2026/05/26 06:14:00.273,n,-2.708691,5.998893,4.844551,1.189627,OverRange,OverRange,OverRange,10.629696,13.669568,-2.862555
2026/05/26 06:15:00.275,n,-2.699966,3.837836,4.145053,0.824072,OverRange,OverRange,OverRange,10.61115,13.665252,-2.815713
2026/05/26 06:16:00.277,n,-2.664683,3.582603,4.470319,0.979676,OverRange,OverRange,OverRange,10.60759,13.660968,-2.694812
2026/05/26 06:17:00.282,n,-2.617854,6.335265,5.996378,0.96105,OverRange,OverRange,OverRange,10.60556,13.658818,-2.7222
2026/05/26 06:18:00.280,n,-2.735249,6.83407,5.507402,1.262406,OverRange,OverRange,OverRange,10.584744,13.65232,-2.897282
2026/05/26 06:19:00.266,n,-2.717415,3.800867,5.612055,0.979362,OverRange,OverRange,OverRange,10.59819,13.655576,-2.860252
2026/05/26 06:20:00.268,n,-2.629657,6.248511,6.227725,0.077004,OverRange,OverRange,OverRange,10.595668,13.65232,-2.75522
2026/05/26 06:21:00.270,n,-2.615288,3.947687,5.29885,1.251531,OverRange,OverRange,OverRange,10.593634,13.650184,-2.798052
2026/05/26 06:22:00.272,n,-2.799656,3.470335,5.112136,1.524011,OverRange,OverRange,OverRange,10.575588,13.65232,-2.910848
2026/05/26 06:23:00.275,n,-2.799399,6.032531,5.115663,1.272974,OverRange,OverRange,OverRange,10.589808,13.655576,-2.772711
2026/05/26 06:24:00.279,n,-2.717543,5.921101,5.478218,1.231794,OverRange,OverRange,OverRange,10.575856,13.651276,-2.700785
2026/05/26 06:25:00.279,n,-2.632736,6.179152,5.606362,1.114496,OverRange,OverRange,OverRange,10.597676,13.645852,-2.725955
2026/05/26 06:26:00.282,n,-2.741022,6.567004,5.047764,1.5439,OverRange,OverRange,OverRange,10.5916,13.641538,-2.918697
2026/05/26 06:27:00.283,n,-2.729091,5.770402,5.422278,1.037375,OverRange,OverRange,OverRange,10.60175,13.63942,-2.829194
2026/05/26 06:28:00.270,n,-2.729219,3.309324,4.988206,1.499248,OverRange,OverRange,OverRange,10.578152,13.63942,-2.844808
2026/05/26 06:29:00.272,n,-2.720494,4.2261,4.791853,1.214221,OverRange,OverRange,OverRange,10.601248,13.642612,-2.833119
2026/05/26 06:30:00.272,n,-2.738072,3.511998,4.435229,1.041513,OverRange,OverRange,OverRange,10.617752,13.642612,-2.835081
2026/05/26 06:31:00.275,n,-2.257969,6.120688,5.43907,1.316876,OverRange,OverRange,OverRange,10.63503,13.648654,-2.574337
2026/05/26 06:32:00.260,n,-2.399485,3.994383,4.26991,1.017803,OverRange,OverRange,OverRange,10.638902,13.641112,-2.605992
2026/05/26 06:33:00.279,n,-2.440541,4.536883,4.596016,1.008569,OverRange,OverRange,OverRange,10.618852,13.641112,-2.590378
2026/05/26 06:34:00.279,n,-2.490322,3.84658,5.293575,1.310905,OverRange,OverRange,OverRange,10.616048,13.636828,-2.709232
2026/05/26 06:35:00.282,n,-2.329305,6.221487,5.864707,0.908933,OverRange,OverRange,OverRange,10.635594,13.640038,-2.582614
2026/05/26 06:36:00.285,n,-2.32058,4.020504,4.976163,1.210643,OverRange,OverRange,OverRange,10.619864,13.640038,-2.567085
2026/05/26 06:37:00.269,n,-2.425915,5.888115,6.15638,0.254848,OverRange,OverRange,OverRange,10.611974,13.640038,-2.588501
2026/05/26 06:38:00.272,n,-2.425915,3.307255,4.628901,1.469145,OverRange,OverRange,OverRange,10.614522,13.630332,-2.693618
2026/05/26 06:39:00.257,n,-2.358429,3.435438,4.404352,1.11482,OverRange,OverRange,OverRange,10.625204,13.630332,-2.539867
2026/05/26 06:40:00.261,n,-2.376006,3.80983,5.036242,1.473692,OverRange,OverRange,OverRange,10.602864,13.631406,-2.69959
2026/05/26 06:41:00.262,n,-2.34098,3.83679,5.020098,1.338871,OverRange,OverRange,OverRange,10.612498,13.626032,-2.650871
2026/05/26 06:42:00.267,n,-2.522526,5.188275,5.642763,1.191565,OverRange,OverRange,OverRange,10.616796,13.626032,-2.685768
2026/05/26 06:43:00.266,n,-2.308905,4.120059,5.051905,1.133519,OverRange,OverRange,OverRange,10.601324,13.634646,-2.545754
2026/05/26 06:44:00.266,n,-2.32058,4.032797,4.405089,0.514087,OverRange,OverRange,OverRange,10.620876,13.62818,-2.549423
2026/05/26 06:45:00.273,n,-2.417062,6.257144,6.153498,0.278025,OverRange,OverRange,OverRange,10.626968,13.630332,-2.711109
2026/05/26 06:46:00.271,n,-2.311984,4.117007,4.835772,1.101891,OverRange,OverRange,OverRange,10.58457,13.627138,-2.565037
2026/05/26 06:47:00.256,n,-2.241547,3.522186,4.439493,1.14836,OverRange,OverRange,OverRange,10.587616,13.627138,-2.413335
2026/05/26 06:48:00.258,n,-2.200619,4.180545,4.069649,0.092381,OverRange,OverRange,OverRange,10.609178,13.622788,-2.37639
2026/05/26 06:49:00.264,n,-2.425787,3.926333,4.851539,1.315645,OverRange,OverRange,OverRange,10.602342,13.617398,-2.609831
2026/05/26 06:50:00.264,n,-2.428738,6.091268,5.635491,1.047733,OverRange,OverRange,OverRange,10.581768,13.622788,-2.516489
2026/05/26 06:51:00.266,n,-2.373055,4.995857,4.311026,1.024727,OverRange,OverRange,OverRange,10.587102,13.612006,-2.489271
2026/05/26 06:52:00.266,n,-2.493017,6.04468,6.201802,0.143525,OverRange,OverRange,OverRange,10.587606,13.617398,-2.565122
2026/05/26 06:53:00.270,n,-2.253222,4.137227,4.366217,0.828197,OverRange,OverRange,OverRange,10.57364,13.617398,-2.559235
2026/05/26 06:54:00.272,n,-2.352656,6.004294,5.604157,0.856223,OverRange,OverRange,OverRange,10.600052,13.614174,-2.617681
2026/05/26 06:55:00.257,n,-2.252965,6.486984,5.679005,0.955919,OverRange,OverRange,OverRange,10.607168,13.612006,-2.553263
2026/05/26 06:56:00.259,n,-2.20357,4.314088,4.285012,0.977527,OverRange,OverRange,OverRange,10.615296,13.615216,-2.602067
2026/05/26 06:57:00.259,n,-2.308648,6.443362,4.896951,1.303131,OverRange,OverRange,OverRange,10.623662,13.617398,-2.498912
2026/05/26 06:58:00.262,n,-2.282603,3.516897,4.587936,1.158438,OverRange,OverRange,OverRange,10.605886,13.617398,-2.547546
2026/05/26 06:59:00.266,n,-2.349576,6.181271,5.154886,1.227213,OverRange,OverRange,OverRange,10.63762,13.610932,-2.563245
2026/05/26 07:00:00.265,n,-2.332255,4.113274,5.775491,0.824354,OverRange,OverRange,OverRange,10.590642,13.60989,-2.557273
2026/05/26 07:01:00.267,n,-2.303003,6.293515,6.249834,0.170207,OverRange,OverRange,OverRange,10.604116,13.608782,-2.498913
2026/05/26 07:02:00.269,n,-2.338029,6.639653,5.557135,1.213504,OverRange,OverRange,OverRange,10.607178,13.613082,-2.502752
2026/05/26 07:03:00.274,n,-2.396406,6.33676,5.442443,1.207513,OverRange,OverRange,OverRange,10.617584,13.612006,-2.563246
2026/05/26 07:04:00.256,n,-2.34098,3.953726,4.971791,1.030981,OverRange,OverRange,OverRange,10.618348,13.615216,-2.582699
2026/05/26 07:05:00.260,n,-2.326354,5.939121,5.82846,0.964477,OverRange,OverRange,OverRange,10.631028,13.605542,-2.63321
2026/05/26 07:06:00.262,n,-2.525477,4.139322,4.689178,1.39142,OverRange,OverRange,OverRange,10.623678,13.607706,-2.763752
2026/05/26 07:07:00.263,n,-2.296844,6.241349,5.621609,0.999605,OverRange,OverRange,OverRange,10.642456,13.607706,-2.561368
2026/05/26 07:08:00.265,n,-2.179962,5.112899,4.931298,1.227081,OverRange,OverRange,OverRange,10.652868,13.606648,-2.522205
2026/05/26 07:09:00.267,n,-2.258867,6.287407,4.798319,1.327082,OverRange,OverRange,OverRange,10.655162,13.605542,-2.52613
2026/05/26 07:10:00.270,n,-2.208958,4.009107,4.861669,1.30518,OverRange,OverRange,OverRange,10.64651,13.606648,-2.518451
2026/05/26 07:11:00.270,n,-2.250399,3.250799,5.78676,1.264215,OverRange,OverRange,OverRange,10.645504,13.604498,-2.536028
2026/05/26 07:12:00.273,n,-2.335078,3.999465,4.363061,1.096535,OverRange,OverRange,OverRange,10.636114,13.60339,-2.440552
2026/05/26 07:13:00.262,n,-2.378829,3.983251,4.553591,1.246722,OverRange,OverRange,OverRange,10.648808,13.598,-2.584576
2026/05/26 07:14:00.260,n,-2.519446,4.869138,4.977022,1.244773,OverRange,OverRange,OverRange,10.661244,13.602298,-2.691741
2026/05/26 07:15:00.263,n,-2.405387,6.472824,5.552988,1.24965,OverRange,OverRange,OverRange,10.649572,13.601256,-2.62152
2026/05/26 07:16:00.265,n,-2.355478,3.964119,4.533255,0.821106,OverRange,OverRange,OverRange,10.649568,13.606648,-2.609831
2026/05/26 07:17:00.266,n,-2.533944,3.481465,5.591526,1.053805,OverRange,OverRange,OverRange,10.642712,13.608782,-2.72476
2026/05/26 07:18:00.268,n,-2.384859,6.093553,5.510975,1.206827,OverRange,OverRange,OverRange,10.657196,13.610932,-2.648824
2026/05/26 07:19:00.271,n,-2.402308,5.561106,4.993825,1.410999,OverRange,OverRange,OverRange,10.640168,13.60989,-2.567085
2026/05/26 07:20:00.275,n,-2.38781,4.201793,4.336086,1.146264,OverRange,OverRange,OverRange,10.667598,13.612006,-2.557444
2026/05/26 07:21:00.274,n,-2.31455,6.675676,5.002419,1.299767,OverRange,OverRange,OverRange,10.702362,13.612006,-2.524339
2026/05/26 07:22:00.261,n,-2.320452,3.391992,4.454026,1.286353,OverRange,OverRange,OverRange,10.638398,13.621714,-2.469562
2026/05/26 07:23:00.262,n,-2.224098,6.509652,5.104305,1.602685,OverRange,OverRange,OverRange,10.651358,13.614174,-2.454204
2026/05/26 07:24:00.266,n,-2.200619,6.480382,4.967584,1.501325,OverRange,OverRange,OverRange,10.638638,13.615216,-2.382192
2026/05/26 07:25:00.265,n,-2.180091,3.478557,5.318318,1.429294,OverRange,OverRange,OverRange,10.632304,13.608782,-2.502752
2026/05/26 07:26:00.268,n,-2.232694,3.415759,5.260645,1.277496,OverRange,OverRange,OverRange,10.646276,13.617398,-2.506762
2026/05/26 07:27:00.269,n,-2.118634,5.872755,5.408047,1.074257,OverRange,OverRange,OverRange,10.680034,13.619564,-2.43074
2026/05/26 07:28:00.271,n,-2.068982,3.454782,5.306206,1.450601,OverRange,OverRange,OverRange,10.65947,13.615216,-2.415212
2026/05/26 07:29:00.273,n,-2.030748,6.433283,5.156331,1.329637,OverRange,OverRange,OverRange,10.683838,13.623864,-2.337227
2026/05/26 07:30:00.276,n,-1.998673,3.727236,4.704136,1.353719,OverRange,OverRange,OverRange,10.672654,13.623864,-2.358899
2026/05/26 07:31:00.261,n,-1.937088,5.751092,4.947814,1.288304,OverRange,OverRange,OverRange,10.680298,13.62497,-2.156259
2026/05/26 07:32:00.264,n,-1.682411,3.848714,4.51913,1.102003,OverRange,OverRange,OverRange,10.687898,13.631406,-2.066586
2026/05/26 07:33:00.266,n,-1.685618,4.098231,4.750125,1.294803,OverRange,OverRange,OverRange,10.713796,13.633572,-1.988772
2026/05/26 07:34:00.268,n,-1.483673,3.456571,5.006955,1.434388,OverRange,OverRange,OverRange,10.712266,13.634646,-1.848673
2026/05/26 07:35:00.270,n,-1.489318,3.535337,4.81713,1.266884,OverRange,OverRange,OverRange,10.669618,13.636828,-1.714462
2026/05/26 07:36:00.271,n,-1.319704,3.810916,4.072508,0.242785,OverRange,OverRange,OverRange,10.684342,13.641112,-1.552947
2026/05/26 07:37:00.273,n,-1.205901,6.207083,6.273973,0.19714,OverRange,OverRange,OverRange,10.666326,13.644354,-1.397234
2026/05/26 07:38:00.276,n,-1.000876,3.962105,4.451784,1.113949,OverRange,OverRange,OverRange,10.669866,13.649696,-1.321298
2026/05/26 07:39:00.277,n,-0.869239,6.342268,5.083064,1.249138,OverRange,OverRange,OverRange,10.676484,13.646538,-1.272749
2026/05/26 07:40:00.263,n,-0.731829,6.315702,5.335941,1.394286,OverRange,OverRange,OverRange,10.691712,13.649696,-1.16567
2026/05/26 07:41:00.264,n,-0.547332,3.943764,4.281912,0.911184,OverRange,OverRange,OverRange,10.711758,13.650822,-1.054666
2026/05/26 07:42:00.266,n,-0.550283,3.964531,4.737929,1.283531,OverRange,OverRange,OverRange,10.732574,13.647578,-1.052704
2026/05/26 07:43:00.268,n,-0.257885,6.08666,4.924184,1.210581,OverRange,OverRange,OverRange,10.738934,13.654044,-0.871906
2026/05/26 07:44:00.270,n,-0.31639,6.476452,4.99621,1.680341,OverRange,OverRange,OverRange,10.727754,13.655122,-0.741534
2026/05/26 07:45:00.273,n,-0.099818,3.581894,4.949497,1.502554,OverRange,OverRange,OverRange,10.730556,13.655122,-0.622936
2026/05/26 07:46:00.274,n,0.116497,3.490605,5.052979,1.589536,OverRange,OverRange,OverRange,10.754396,13.660528,-0.362021
2026/05/26 07:47:00.278,n,0.540404,3.695228,4.939313,1.583077,OverRange,OverRange,OverRange,10.755406,13.662646,-0.01587
2026/05/26 07:48:00.279,n,0.774425,6.29587,5.228837,1.392626,OverRange,OverRange,OverRange,10.762524,13.668038,0.201872
2026/05/26 07:49:00.264,n,0.812145,6.702662,5.204185,1.451885,OverRange,OverRange,OverRange,10.770396,13.666978,0.040443
2026/05/26 07:50:00.265,n,0.750817,4.804821,4.970273,1.368863,OverRange,OverRange,OverRange,10.775986,13.674536,0.186429
2026/05/26 07:51:00.269,n,0.987918,3.95098,4.71649,1.46262,OverRange,OverRange,OverRange,10.79983,13.673428,0.31262
2026/05/26 07:52:00.272,n,1.437869,6.622448,5.032723,1.501955,OverRange,OverRange,OverRange,10.824194,13.67776,0.804587
2026/05/26 07:53:00.271,n,1.867678,3.748919,4.996758,1.574322,OverRange,OverRange,OverRange,10.80949,13.684226,1.137173
2026/05/26 07:54:00.275,n,1.817897,4.030728,4.962392,1.437202,OverRange,OverRange,OverRange,10.8016,13.69066,1.074717
2026/05/26 07:55:00.275,n,1.934779,3.410918,5.017778,1.260956,OverRange,OverRange,OverRange,10.814056,13.69066,1.175909
2026/05/26 07:56:00.276,n,2.417191,5.997362,5.770796,1.191688,OverRange,OverRange,OverRange,10.779536,13.699326,1.646289
2026/05/26 07:57:00.279,n,2.85829,6.034688,5.643784,1.049479,OverRange,OverRange,OverRange,10.771154,13.710076,2.134161
2026/05/26 07:58:00.264,n,3.115404,6.176784,6.206391,0.0731,OverRange,OverRange,OverRange,10.773946,13.710076,2.380827
2026/05/26 07:59:00.268,n,3.530458,6.228477,5.68625,1.133132,OverRange,OverRange,OverRange,10.774196,13.71112,2.887981
2026/05/26 08:00:00.269,n,3.624246,3.632317,4.574829,1.290747,OverRange,OverRange,OverRange,10.782826,13.706836,2.884056
2026/05/26 08:01:00.271,n,3.349297,4.207373,4.557479,1.081557,OverRange,OverRange,OverRange,10.768098,13.723008,2.825782
2026/05/26 08:02:00.273,n,3.659145,4.379716,4.999417,0.969547,OverRange,OverRange,OverRange,10.773962,13.714376,2.856753
2026/05/26 08:03:00.277,n,4.146945,6.197918,5.223902,1.406314,OverRange,OverRange,OverRange,10.771414,13.714376,3.379351
2026/05/26 08:04:00.276,n,4.144122,3.741519,5.767788,0.996114,OverRange,OverRange,OverRange,10.761766,13.719768,3.427814
2026/05/26 08:05:00.278,n,4.012613,3.89853,3.96124,0.11345,OverRange,OverRange,OverRange,10.8346,13.717584,3.101713
2026/05/26 08:06:00.279,n,3.980538,6.497884,4.671424,1.108618,OverRange,OverRange,OverRange,10.839662,13.726234,3.146422
2026/05/26 08:07:00.267,n,4.363004,3.847304,4.249671,0.702442,OverRange,OverRange,OverRange,10.847276,13.725126,3.311435
2026/05/26 08:08:00.267,n,4.807182,6.168209,4.778597,1.254084,OverRange,OverRange,OverRange,10.859722,13.720842,3.826097
2026/05/26 08:09:00.270,n,4.856578,3.776096,5.135237,1.340947,OverRange,OverRange,OverRange,10.835598,13.729476,3.794955
2026/05/26 08:10:00.270,n,4.953188,3.741274,4.109391,0.254489,OverRange,OverRange,OverRange,10.859462,13.741302,3.938552
2026/05/26 08:11:00.272,n,5.090342,4.045455,3.916835,0.116423,OverRange,OverRange,OverRange,10.866822,13.737016,4.016195
2026/05/26 08:12:00.274,n,5.101889,3.869863,4.0329,0.149595,OverRange,OverRange,OverRange,10.886358,13.740224,4.084367
2026/05/26 08:13:00.276,n,5.437781,4.80198,4.739926,0.87181,OverRange,OverRange,OverRange,10.869366,13.7478,4.350316
2026/05/26 08:14:00.279,n,6.226191,6.122085,5.016907,1.541935,OverRange,OverRange,OverRange,10.84399,13.751008,5.060622
2026/05/26 08:15:00.280,n,6.454053,3.756453,4.909281,1.526236,OverRange,OverRange,OverRange,10.860724,13.754934,5.134426
2026/05/26 08:16:00.266,n,6.468679,3.769491,5.10715,1.362904,OverRange,OverRange,OverRange,10.890234,13.751724,5.375035
2026/05/26 08:17:00.268,n,6.958917,4.010098,4.829051,1.39421,OverRange,OverRange,OverRange,10.897594,13.754934,5.607451
2026/05/26 08:18:00.270,n,7.878195,3.204587,4.984413,1.412856,OverRange,OverRange,OverRange,10.895534,13.759284,6.445485
2026/05/26 08:19:00.271,n,8.698422,3.442218,5.134505,1.437863,OverRange,OverRange,OverRange,10.878312,13.7614,7.199134
2026/05/26 08:20:00.275,n,9.595888,3.732549,4.813306,1.39122,OverRange,OverRange,OverRange,10.899364,13.76679,7.973859
2026/05/26 08:21:00.276,n,10.685036,3.453198,5.012866,1.692014,OverRange,OverRange,OverRange,10.915086,13.7765,8.98177
2026/05/26 08:22:00.277,n,11.279326,3.542432,4.707324,1.095834,OverRange,OverRange,OverRange,10.919404,13.775408,9.5867
2026/05/26 08:23:00.280,n,10.934068,4.223856,5.056398,1.568018,OverRange,OverRange,OverRange,10.91687,13.774364,9.429026
2026/05/26 08:24:00.283,n,10.00581,6.493535,5.301397,1.410048,OverRange,OverRange,OverRange,10.947556,13.7808,8.600464
2026/05/26 08:25:00.269,n,10.442162,6.641258,5.048074,1.499919,OverRange,OverRange,OverRange,10.952368,13.78619,8.748158
2026/05/26 08:26:00.268,n,11.326154,3.627793,4.743618,1.462897,OverRange,OverRange,OverRange,10.96582,13.790508,9.600184
2026/05/26 08:27:00.272,n,12.13381,3.043049,4.993256,1.653878,OverRange,OverRange,OverRange,10.976726,13.80665,10.335318
2026/05/26 08:28:00.273,n,12.209892,6.378824,5.116097,1.507777,OverRange,OverRange,OverRange,10.992192,13.812024,10.38378
2026/05/26 08:29:00.275,n,12.70462,3.617811,4.933086,1.538981,OverRange,OverRange,OverRange,10.980286,13.809906,10.692902
2026/05/26 08:30:00.278,n,13.96505,3.697721,4.685188,1.551014,OverRange,OverRange,OverRange,11.009954,13.81849,11.823932
2026/05/26 08:31:00.282,n,15.25781,6.514329,5.437635,1.475114,OverRange,OverRange,OverRange,11.043686,13.827092,12.979874
2026/05/26 08:32:00.281,n,15.447824,6.56458,5.055635,1.661644,OverRange,OverRange,OverRange,11.050532,13.826016,13.228246
2026/05/26 08:33:00.285,n,15.357502,6.322416,4.716627,1.41516,OverRange,OverRange,OverRange,11.037842,13.84864,13.199238
2026/05/26 08:34:00.268,n,15.360196,4.019284,4.268004,1.170564,OverRange,OverRange,OverRange,11.021374,13.846492,13.335072
2026/05/26 08:35:00.271,n,15.30759,4.005637,4.930295,1.529471,OverRange,OverRange,OverRange,11.02594,13.847598,13.284474
2026/05/26 08:36:00.272,n,14.731392,6.348235,5.182706,1.281252,OverRange,OverRange,OverRange,11.039128,13.856166,12.865116
2026/05/26 08:37:00.274,n,14.576532,3.790687,4.690928,1.339274,OverRange,OverRange,OverRange,11.033814,13.863708,12.579544
2026/05/26 08:38:00.276,n,14.687512,6.136215,5.677738,1.14019,OverRange,OverRange,OverRange,11.037842,13.86589,12.663074
2026/05/26 08:39:00.279,n,15.938832,6.30516,5.456815,1.357211,OverRange,OverRange,OverRange,11.064468,13.875534,13.678748
2026/05/26 08:40:00.281,n,17.19567,5.921016,5.449485,1.17122,OverRange,OverRange,OverRange,11.070562,13.882002,14.914894
2026/05/26 08:41:00.285,n,17.911332,6.508834,5.191841,1.412778,OverRange,OverRange,OverRange,11.090846,13.88415,15.464196
2026/05/26 08:42:00.285,n,19.047566,3.721698,4.442032,1.293249,OverRange,OverRange,OverRange,11.103288,13.892784,16.439428
2026/05/26 08:43:00.269,n,20.507502,6.613356,5.463223,1.606674,OverRange,OverRange,OverRange,11.10961,13.899218,17.792552
2026/05/26 08:44:00.272,n,21.18801,6.174546,4.666461,1.396749,OverRange,OverRange,OverRange,11.130642,13.905684,18.604476
2026/05/26 08:45:00.273,n,20.752942,6.540052,5.285094,1.451602,OverRange,OverRange,OverRange,11.113668,13.914302,18.290746
2026/05/26 08:46:00.275,n,20.805416,3.6782,4.150639,1.309647,OverRange,OverRange,OverRange,11.133444,13.918554,18.015668
2026/05/26 08:47:00.261,n,21.517744,4.929132,5.145355,1.106316,OverRange,OverRange,OverRange,11.131176,13.926128,18.82546
2026/05/26 08:48:00.262,n,21.704422,4.213784,4.817324,1.262048,OverRange,OverRange,OverRange,11.139542,13.934744,18.976564
2026/05/26 08:49:00.265,n,21.424212,3.943564,5.07769,1.452956,OverRange,OverRange,OverRange,11.132686,13.93906,18.693722
2026/05/26 08:50:00.267,n,21.856202,6.536608,4.797531,1.405436,OverRange,OverRange,OverRange,11.14761,13.948738,18.98996
2026/05/26 08:51:00.268,n,24.189614,6.193061,5.443676,1.492041,OverRange,OverRange,OverRange,11.141302,13.953036,20.741876
2026/05/26 08:52:00.270,n,25.053078,6.167341,5.396118,1.536116,OverRange,OverRange,OverRange,11.115444,13.957354,21.818046
2026/05/26 08:53:00.274,n,24.084792,3.374195,4.958709,1.485808,OverRange,OverRange,OverRange,11.05686,13.96918,21.075148
2026/05/26 08:54:00.258,n,24.61557,3.455442,5.032959,1.593011,OverRange,OverRange,OverRange,11.069798,13.973464,21.599534
2026/05/26 08:55:00.262,n,24.545904,3.361624,5.068893,1.451549,OverRange,OverRange,OverRange,11.053838,13.981038,21.568564
2026/05/26 08:56:00.261,n,25.843026,3.323677,5.344223,1.542487,OverRange,OverRange,OverRange,11.018326,13.98208,22.756246
2026/05/26 08:57:00.265,n,27.171968,6.584399,5.319287,1.415502,OverRange,OverRange,OverRange,11.03711,13.988546,24.016708
2026/05/26 08:58:00.265,n,26.117074,6.166465,5.043856,1.539124,OverRange,OverRange,OverRange,11.048752,13.990714,23.156494
2026/05/26 08:59:00.267,n,24.889878,3.978229,4.992303,1.235875,OverRange,OverRange,OverRange,11.047482,13.997182,22.027084
2026/05/26 09:00:00.270,n,23.688212,3.78774,4.863242,1.055947,OverRange,OverRange,OverRange,11.05357,14.000406,21.08274
2026/05/26 09:01:00.272,n,23.344108,6.338541,5.086251,1.144715,OverRange,OverRange,OverRange,11.060934,14.012232,20.64939
2026/05/26 09:02:00.258,n,24.003446,5.840097,5.65299,0.784231,OverRange,OverRange,OverRange,11.043946,14.000684,21.080948
2026/05/26 09:03:00.260,n,23.898366,4.158034,4.630659,1.225154,OverRange,OverRange,OverRange,11.010392,14.001758,20.955184
2026/05/26 09:04:00.260,n,23.452264,6.17362,4.840506,1.154175,OverRange,OverRange,OverRange,11.051744,13.99425,20.575926
2026/05/26 09:05:00.264,n,24.475596,6.27086,6.142441,0.136763,OverRange,OverRange,OverRange,11.026638,14.000684,21.303638
2026/05/26 09:06:00.265,n,25.770278,5.197507,5.193128,1.271601,OverRange,OverRange,OverRange,11.057568,14.002818,22.406084
2026/05/26 09:07:00.269,n,26.0587,6.060511,6.192868,0.14489,OverRange,OverRange,OverRange,11.0563,14.013586,22.81819
2026/05/26 09:08:00.268,n,26.761404,3.812786,4.936995,1.540031,OverRange,OverRange,OverRange,11.064672,14.014644,23.645644
2026/05/26 09:09:00.273,n,27.60909,3.936269,4.717737,1.505901,OverRange,OverRange,OverRange,11.08521,14.02326,24.496902
2026/05/26 09:10:00.256,n,27.22149,6.557012,5.004272,1.500823,OverRange,OverRange,OverRange,11.08013,14.022184,24.197508
2026/05/26 09:11:00.257,n,27.335294,3.627628,4.58738,1.465563,OverRange,OverRange,OverRange,11.05478,14.026502,24.045718
2026/05/26 09:12:00.260,n,28.386978,3.438364,4.826823,1.441676,OverRange,OverRange,OverRange,11.10675,14.04266,24.772324
2026/05/26 09:13:00.262,n,28.826796,3.955866,4.755234,1.322189,OverRange,OverRange,OverRange,11.059856,14.043736,25.122996
2026/05/26 09:14:00.265,n,28.809214,6.540652,5.120221,1.652204,OverRange,OverRange,OverRange,11.041856,14.047988,25.458396
2026/05/26 09:15:00.266,n,27.944084,6.504544,4.978596,1.66193,OverRange,OverRange,OverRange,11.024098,14.054488,24.838104
2026/05/26 09:16:00.267,n,27.77832,3.543915,4.625669,1.503044,OverRange,OverRange,OverRange,11.03804,14.060922,24.663794
2026/05/26 09:17:00.271,n,28.480126,6.357931,5.44488,1.456901,OverRange,OverRange,OverRange,11.063644,14.065208,25.316676
2026/05/26 09:18:00.271,n,29.312926,3.3355,4.899144,1.469015,OverRange,OverRange,OverRange,11.033978,14.068464,26.115804
2026/05/26 09:19:00.259,n,31.222814,3.378186,5.001368,1.741019,OverRange,OverRange,OverRange,11.042364,14.068464,27.689482
2026/05/26 09:20:00.259,n,31.953234,5.671384,5.218969,1.321092,OverRange,OverRange,OverRange,11.096344,14.070598,28.255508
2026/05/26 09:21:00.262,n,32.040608,3.828518,4.816248,1.360143,OverRange,OverRange,OverRange,11.114858,14.071706,27.9841
2026/05/26 09:22:00.264,n,32.183148,3.58082,5.088876,1.509069,OverRange,OverRange,OverRange,11.120442,14.077066,28.092458
2026/05/26 09:23:00.267,n,32.601924,6.553745,4.972421,1.316305,OverRange,OverRange,OverRange,11.112072,14.083466,28.93706
2026/05/26 09:24:00.268,n,31.679696,3.964816,4.671312,1.483149,OverRange,OverRange,OverRange,11.087738,14.086726,28.129402
2026/05/26 09:25:00.270,n,32.200466,6.528419,5.43267,1.412384,OverRange,OverRange,OverRange,11.12373,14.088892,27.962768
2026/05/26 09:26:00.272,n,32.360588,6.531369,5.256688,1.544391,OverRange,OverRange,OverRange,11.097118,14.092116,28.551664
2026/05/26 09:27:00.273,n,31.897806,6.320256,5.275556,1.495092,OverRange,OverRange,OverRange,11.086202,14.099628,28.15261
2026/05/26 09:28:00.259,n,32.45374,6.317006,5.229794,1.418141,OverRange,OverRange,OverRange,11.08749,14.1007,28.828532
2026/05/26 09:29:00.262,n,33.672212,3.697555,4.704178,1.5202,OverRange,OverRange,OverRange,11.108282,14.102836,29.787038
2026/05/26 09:30:00.262,n,34.992552,3.585249,4.936749,1.534911,OverRange,OverRange,OverRange,11.112584,14.111454,31.132144
2026/05/26 09:31:00.266,n,35.66408,6.464142,5.300318,1.44488,OverRange,OverRange,OverRange,11.062114,14.113604,31.540238
2026/05/26 09:32:00.267,n,38.66594,6.478099,5.340642,1.50445,OverRange,OverRange,OverRange,11.064916,14.114696,33.788732
2026/05/26 09:33:00.271,n,39.655656,6.501522,5.091934,1.453725,OverRange,OverRange,OverRange,11.044118,14.114696,35.003972
2026/05/26 09:34:00.272,n,39.442928,3.710348,4.648539,1.491152,OverRange,OverRange,OverRange,11.068218,14.122204,34.822752
2026/05/26 09:35:00.280,n,40.058136,6.276177,5.346596,1.551089,OverRange,OverRange,OverRange,11.033986,14.123312,35.301664
2026/05/26 09:36:00.274,n,40.058136,3.544621,4.952183,1.598298,OverRange,OverRange,OverRange,10.999496,14.13079,35.421368
2026/05/26 09:37:00.261,n,39.151304,6.697896,5.137387,1.333975,OverRange,OverRange,OverRange,11.006348,14.12113,34.872828
2026/05/26 09:38:00.262,n,39.50118,3.457344,4.8737,1.536813,OverRange,OverRange,OverRange,10.988862,14.123312,35.299696
2026/05/26 09:39:00.264,n,37.882916,6.71674,5.107114,1.555211,OverRange,OverRange,OverRange,10.990368,14.125464,33.846748
2026/05/26 09:40:00.265,n,37.270924,3.632069,4.665153,1.413354,OverRange,OverRange,OverRange,10.983018,14.129714,33.22646
2026/05/26 09:41:00.270,n,38.03752,6.322573,5.259635,1.354241,OverRange,OverRange,OverRange,11.008128,14.126522,33.481568
2026/05/26 09:42:00.269,n,40.416608,3.492641,4.689479,1.454963,OverRange,OverRange,OverRange,11.017004,14.129714,35.090916
2026/05/26 09:43:00.271,n,44.41588,6.485843,5.238148,1.471391,OverRange,OverRange,OverRange,11.008382,14.127564,38.169588
2026/05/26 09:44:00.279,n,45.854004,6.656609,4.912814,1.189503,OverRange,OverRange,OverRange,11.010922,14.128672,39.669896
2026/05/26 09:45:00.275,n,45.82488,6.415386,5.00456,1.649914,OverRange,OverRange,OverRange,11.031448,14.128672,40.051456
2026/05/26 09:46:00.260,n,46.988696,5.103179,4.851298,1.3927,OverRange,OverRange,OverRange,11.02005,14.13079,41.153812
2026/05/26 09:47:00.262,n,48.134428,3.638348,4.888206,1.459556,OverRange,OverRange,OverRange,11.016734,14.137288,42.143552
2026/05/26 09:48:00.266,n,45.635636,3.722882,5.058776,1.527243,OverRange,OverRange,OverRange,11.025854,14.137288,40.612104
2026/05/26 09:49:00.267,n,48.532796,6.166515,5.476205,1.47846,OverRange,OverRange,OverRange,11.062892,14.140498,41.875812
2026/05/26 09:50:00.271,n,49.861484,3.295582,4.853884,1.538165,OverRange,OverRange,OverRange,11.003556,14.140498,44.176012
2026/05/26 09:51:00.273,n,45.903396,6.63308,5.101837,1.562567,OverRange,OverRange,OverRange,10.981996,14.144766,40.883852
2026/05/26 09:52:00.274,n,45.568792,5.026742,4.73927,1.450472,OverRange,OverRange,OverRange,10.953854,14.143724,40.517912
2026/05/26 09:53:00.275,n,47.349484,3.565228,5.344307,1.452039,OverRange,OverRange,OverRange,11.000504,14.149082,41.46746
2026/05/26 09:54:00.277,n,46.935964,6.622587,5.10494,1.660461,OverRange,OverRange,OverRange,11.061604,14.149082,41.7294
2026/05/26 09:55:00.262,n,43.393828,3.880392,4.536234,1.499549,OverRange,OverRange,OverRange,11.093324,14.15125,38.510876
2026/05/26 09:56:00.265,n,41.410296,6.149736,5.63237,1.370584,OverRange,OverRange,OverRange,11.084712,14.152324,36.137644
2026/05/26 09:57:00.268,n,41.2471,3.070905,4.833437,1.672229,OverRange,OverRange,OverRange,11.056804,14.159868,35.840212
2026/05/26 09:58:00.269,n,40.541828,5.589998,4.997696,1.374282,OverRange,OverRange,OverRange,11.03094,14.16091,35.506184
2026/05/26 09:59:00.272,n,39.8567,6.690851,5.08986,1.439845,OverRange,OverRange,OverRange,11.055782,14.167346,34.714472
2026/05/26 10:00:00.273,n,41.2208,6.613703,5.052009,1.376667,OverRange,OverRange,OverRange,11.069972,14.17166,35.573752
2026/05/26 10:01:00.276,n,40.054928,3.628544,4.584711,1.491918,OverRange,OverRange,OverRange,11.038284,14.17277,35.1875
2026/05/26 10:02:00.279,n,38.11322,4.652075,5.208273,1.396008,OverRange,OverRange,OverRange,11.049206,14.18119,33.510494
2026/05/26 10:03:00.281,n,37.69316,5.578,4.968768,1.240564,OverRange,OverRange,OverRange,11.065694,14.172588,33.015796
2026/05/26 10:04:00.264,n,38.407804,3.620194,4.932978,1.619016,OverRange,OverRange,OverRange,11.082928,14.176874,33.705628
2026/05/26 10:05:00.266,n,38.641048,3.844331,5.154816,1.501615,OverRange,OverRange,OverRange,11.10701,14.177982,33.879684
2026/05/26 10:06:00.268,n,38.083964,3.491526,5.351588,1.530871,OverRange,OverRange,OverRange,11.087494,14.185492,33.527984
2026/05/26 10:07:00.269,n,38.264868,3.547888,5.041658,1.671199,OverRange,OverRange,OverRange,11.111318,14.18119,33.724996
2026/05/26 10:08:00.273,n,38.676076,3.537568,5.057204,1.565798,OverRange,OverRange,OverRange,11.134878,14.187626,34.080616
2026/05/26 10:09:00.275,n,39.708256,3.646694,5.032486,1.597037,OverRange,OverRange,OverRange,11.15035,14.188702,34.729664
2026/05/26 10:10:00.275,n,40.585708,3.54478,5.05384,1.587817,OverRange,OverRange,OverRange,11.171642,14.197318,35.50626
2026/05/26 10:11:00.278,n,41.576452,6.504297,5.242822,1.49586,OverRange,OverRange,OverRange,11.190898,14.200528,36.199336
2026/05/26 10:12:00.282,n,41.01988,6.288045,4.975605,1.608556,OverRange,OverRange,OverRange,11.209662,14.205888,35.975536
2026/05/26 10:13:00.265,n,40.766352,4.271106,4.732498,1.326861,OverRange,OverRange,OverRange,11.191406,14.211296,35.693464
2026/05/26 10:14:00.267,n,41.249924,3.432032,4.54658,1.42887,OverRange,OverRange,OverRange,11.186086,14.216622,36.174084
2026/05/26 10:15:00.269,n,40.841924,4.058274,4.672657,1.488796,OverRange,OverRange,OverRange,11.161758,14.225256,36.39054
2026/05/26 10:16:00.271,n,39.603304,6.593429,5.181867,1.383473,OverRange,OverRange,OverRange,11.169368,14.230618,35.0968
2026/05/26 10:17:00.275,n,39.011456,3.388747,4.931287,1.509667,OverRange,OverRange,OverRange,11.098888,14.237084,34.192812
2026/05/26 10:18:00.276,n,40.180404,3.975614,5.06398,1.356275,OverRange,OverRange,OverRange,11.053,14.242458,35.073508
2026/05/26 10:19:00.279,n,41.841388,6.74855,4.774369,1.430626,OverRange,OverRange,OverRange,11.023602,14.238158,36.295748
2026/05/26 10:20:00.280,n,45.033004,3.289306,5.646491,1.164338,OverRange,OverRange,OverRange,10.901372,14.24031,39.494132
2026/05/26 10:21:00.281,n,45.230848,6.093067,5.58719,1.179579,OverRange,OverRange,OverRange,10.907196,14.234918,40.253584
2026/05/26 10:22:00.266,n,46.662556,3.719566,5.254905,1.389873,OverRange,OverRange,OverRange,10.869142,14.22959,41.218916
2026/05/26 10:23:00.268,n,47.8029,3.261915,4.299362,1.172152,OverRange,OverRange,OverRange,10.87904,14.231724,42.230068
2026/05/26 10:24:00.270,n,49.806056,6.564456,5.007487,1.319739,OverRange,OverRange,OverRange,10.862798,14.216622,44.007496
2026/05/26 10:25:00.271,n,47.08736,6.242612,6.095689,0.232879,OverRange,OverRange,OverRange,10.824494,14.211296,42.070176
2026/05/26 10:26:00.274,n,44.459624,6.172827,5.756598,1.150016,OverRange,OverRange,OverRange,10.823736,14.202644,39.59054
2026/05/26 10:27:00.275,n,44.046236,6.089815,5.064511,1.26369,OverRange,OverRange,OverRange,10.838948,14.200528,39.10114
2026/05/26 10:28:00.279,n,43.405764,3.679373,5.024312,1.309421,OverRange,OverRange,OverRange,10.832602,14.186552,38.414468
2026/05/26 10:29:00.280,n,45.038908,3.821862,5.053715,1.510271,OverRange,OverRange,OverRange,10.846818,14.185492,39.64464
2026/05/26 10:30:00.284,n,48.884596,3.595587,4.775598,1.460171,OverRange,OverRange,OverRange,10.83336,14.177982,42.584836
2026/05/26 10:31:00.267,n,51.056092,6.309232,5.277309,1.407839,OverRange,OverRange,OverRange,10.737188,14.172588,45.232128
2026/05/26 10:32:00.269,n,50.623336,3.367149,4.993389,1.486948,OverRange,OverRange,OverRange,10.71817,14.167248,44.820872
2026/05/26 10:33:00.273,n,52.282012,3.96376,4.774539,1.32682,OverRange,OverRange,OverRange,10.70572,14.158612,45.90216
2026/05/26 10:34:00.273,n,55.87328,3.399237,5.041438,1.581971,OverRange,OverRange,OverRange,10.693554,14.146786,49.05592
2026/05/26 10:35:00.275,n,57.921224,6.498832,5.360606,1.551742,OverRange,OverRange,OverRange,10.708014,14.134992,51.042644
2026/05/26 10:36:00.277,n,57.367476,5.837874,4.926438,1.264918,OverRange,OverRange,OverRange,10.693014,14.131734,50.780872
2026/05/26 10:37:00.280,n,57.393652,6.609422,5.070187,1.514232,OverRange,OverRange,OverRange,10.702932,14.119906,50.451368
2026/05/26 10:38:00.284,n,64.516288,3.652086,4.921805,1.437654,OverRange,OverRange,OverRange,10.715618,14.1188,55.87332
2026/05/26 10:39:00.283,n,69.906336,6.174789,6.116905,0.274067,OverRange,OverRange,OverRange,10.677792,14.114548,60.55486
2026/05/26 10:40:00.268,n,73.152472,5.817059,5.332311,1.238449,OverRange,OverRange,OverRange,10.614848,14.102688,63.755972
2026/05/26 10:41:00.270,n,73.674152,4.693354,4.913745,1.066176,OverRange,OverRange,OverRange,10.61433,14.09733,64.827104
2026/05/26 10:42:00.274,n,71.232448,4.525825,5.401133,1.162521,OverRange,OverRange,OverRange,10.63439,14.090896,63.02348
2026/05/26 10:43:00.274,n,69.442008,6.149515,5.838084,1.122302,OverRange,OverRange,OverRange,10.677028,14.08231,61.448864
2026/05/26 10:44:00.278,n,69.276496,3.779351,5.205547,1.044719,OverRange,OverRange,OverRange,10.649104,14.071528,61.017644
2026/05/26 10:45:00.277,n,71.473016,4.078002,4.989122,1.31696,OverRange,OverRange,OverRange,10.63945,14.066166,62.32162
2026/05/26 10:46:00.280,n,79.1816,6.180684,5.172415,1.400788,OverRange,OverRange,OverRange,10.661286,14.056476,68.282728
2026/05/26 10:47:00.281,n,83.11172,3.674594,4.81488,1.507738,OverRange,OverRange,OverRange,10.608746,14.051084,72.94516
2026/05/26 10:48:00.284,n,85.744192,4.192435,4.844298,1.042729,OverRange,OverRange,OverRange,10.621206,14.051084,74.794936
2026/05/26 10:49:00.272,n,86.82128,4.449958,4.752379,1.077603,OverRange,OverRange,OverRange,10.681366,14.04465,76.145832
2026/05/26 10:50:00.273,n,86.085216,4.105748,5.354836,1.245344,OverRange,OverRange,OverRange,10.653688,14.042468,75.468808
2026/05/26 10:51:00.275,n,83.98928,5.899707,5.003685,1.47691,OverRange,OverRange,OverRange,10.675258,14.03815,75.07752
2026/05/26 10:52:00.277,n,80.976528,3.412878,4.603981,1.504338,OverRange,OverRange,OverRange,10.67095,14.028504,71.244856
2026/05/26 10:53:00.261,n,90.042784,6.014855,5.131578,1.310085,OverRange,OverRange,OverRange,10.662568,14.027432,78.323432
2026/05/26 10:54:00.262,n,93.58492,4.381986,4.917689,1.361441,OverRange,OverRange,OverRange,10.59376,14.022006,83.4454
2026/05/26 10:55:00.264,n,86.26368,6.600961,5.094817,1.364534,OverRange,OverRange,OverRange,10.646318,14.019888,77.828136
2026/05/26 10:56:00.267,n,83.652248,3.455735,4.873016,1.608692,OverRange,OverRange,OverRange,10.666886,14.020964,74.611248
2026/05/26 10:57:00.268,n,83.07296,4.542569,4.878571,1.094599,OverRange,OverRange,OverRange,10.749364,14.018814,73.095928
2026/05/26 10:58:00.270,n,88.995336,6.672339,4.87056,1.350046,OverRange,OverRange,OverRange,10.698868,14.01453,78.473008
2026/05/26 10:59:00.272,n,88.365896,6.42418,5.063102,1.422252,OverRange,OverRange,OverRange,10.692022,14.013422,78.627776
2026/05/26 11:00:00.258,n,81.2688,6.556321,4.954823,1.440683,OverRange,OverRange,OverRange,10.654446,14.015604,72.656768
2026/05/26 11:01:00.260,n,79.871976,6.047339,4.830639,1.202473,OverRange,OverRange,OverRange,10.69302,14.015604,69.50932
2026/05/26 11:02:00.264,n,84.374448,6.521181,5.160692,1.4347,OverRange,OverRange,OverRange,10.693538,14.013422,73.787536
2026/05/26 11:03:00.268,n,88.279544,6.006378,5.683761,1.069002,OverRange,OverRange,OverRange,10.731858,14.01238,77.721992
2026/05/26 11:04:00.265,n,95.95104,4.0621,4.913425,1.058852,OverRange,OverRange,OverRange,10.764344,14.013422,83.6936
2026/05/26 11:05:00.267,n,96.383672,6.575148,5.613799,1.244302,OverRange,OverRange,OverRange,10.687944,14.017722,85.033504
2026/05/26 11:06:00.271,n,89.413608,5.946125,5.704752,0.996725,OverRange,OverRange,OverRange,10.662562,14.017722,80.498288
2026/05/26 11:07:00.272,n,80.806016,4.557715,4.847863,1.151332,OverRange,OverRange,OverRange,10.752162,14.017722,73.047536
2026/05/26 11:08:00.258,n,77.37396,6.545955,5.116169,1.445921,OverRange,OverRange,OverRange,10.79301,14.022006,68.513608
2026/05/26 11:09:00.259,n,84.703288,3.540538,5.007466,1.372097,OverRange,OverRange,OverRange,10.78616,14.020964,74.285056
2026/05/26 11:10:00.262,n,101.02024,6.463195,5.8293,0.927263,OverRange,OverRange,OverRange,10.842484,14.025248,86.737464
2026/05/26 11:11:00.262,n,105.31908,3.961229,4.763845,1.044793,OverRange,OverRange,OverRange,10.855942,14.026322,92.027352
2026/05/26 11:12:00.265,n,95.97196,6.458526,5.138211,1.454647,OverRange,OverRange,OverRange,10.897298,14.033896,85.870688
2026/05/26 11:13:00.266,n,90.216376,4.286529,4.942808,1.44323,OverRange,OverRange,OverRange,10.86051,14.039256,79.854704
2026/05/26 11:14:00.270,n,91.19916,6.040084,6.043075,0.333151,OverRange,OverRange,OverRange,10.880052,14.047892,80.149928
2026/05/26 11:15:00.270,n,94.770168,3.756237,4.777888,1.231984,OverRange,OverRange,OverRange,10.804958,14.052192,83.556072
2026/05/26 11:16:00.256,n,92.286776,6.583641,4.879552,1.411414,OverRange,OverRange,OverRange,10.850102,14.053232,82.321888
2026/05/26 11:17:00.259,n,84.464008,3.861553,4.388011,1.047287,OverRange,OverRange,OverRange,10.737712,14.054308,75.31728
2026/05/26 11:18:00.260,n,80.684768,3.970342,4.362056,1.14159,OverRange,OverRange,OverRange,10.726528,14.058624,72.20516
2026/05/26 11:19:00.262,n,80.042888,4.133523,4.622716,1.290527,OverRange,OverRange,OverRange,10.762578,14.057518,70.777296
2026/05/26 11:20:00.266,n,92.084952,3.390281,5.369216,1.514936,OverRange,OverRange,OverRange,10.72576,14.06291,79.520416
2026/05/26 11:21:00.266,n,92.541056,6.487376,5.577862,1.015131,OverRange,OverRange,OverRange,10.724504,14.060776,81.83392
2026/05/26 11:22:00.269,n,93.444944,3.763345,4.84106,1.359201,OverRange,OverRange,OverRange,10.731618,14.063986,82.089024
2026/05/26 11:23:00.270,n,87.781096,6.528255,5.440118,1.583509,OverRange,OverRange,OverRange,10.74405,14.055368,78.878544
2026/05/26 11:24:00.272,n,87.869376,6.302575,5.237494,1.41154,OverRange,OverRange,OverRange,10.743536,14.056476,76.950512
2026/05/26 11:25:00.260,n,87.537328,6.459756,4.994618,1.505693,OverRange,OverRange,OverRange,10.68921,14.063986,77.696664
2026/05/26 11:26:00.260,n,93.937368,3.535445,5.235445,1.119387,OverRange,OverRange,OverRange,10.686916,14.059668,82.013272
2026/05/26 11:27:00.262,n,101.2409,3.647009,4.899893,1.319668,OverRange,OverRange,OverRange,10.708508,14.059668,88.584176
2026/05/26 11:28:00.264,n,110.87824,3.770689,5.092504,1.476191,OverRange,OverRange,OverRange,10.70748,14.065092,97.02424
2026/05/26 11:29:00.265,n,109.91418,6.189417,5.110331,1.497521,OverRange,OverRange,OverRange,10.780086,14.063986,98.531368
2026/05/26 11:30:00.267,n,106.76708,6.109043,5.407086,1.252728,OverRange,OverRange,OverRange,10.753434,14.067226,95.00116
2026/05/26 11:31:00.271,n,111.7657,3.511497,5.373165,1.364909,OverRange,OverRange,OverRange,10.795802,14.06827,97.000864
2026/05/26 11:32:00.272,n,112.1547,4.212416,4.739565,1.41996,OverRange,OverRange,OverRange,10.83159,14.069344,98.044256
2026/05/26 11:33:00.274,n,117.40092,6.658224,5.141532,1.164796,OverRange,OverRange,OverRange,10.836666,14.071528,101.00298
2026/05/26 11:34:00.259,n,119.81222,3.613387,4.908981,1.15143,OverRange,OverRange,OverRange,10.782852,14.090896,105.03274
2026/05/26 11:35:00.265,n,118.55666,6.435292,5.407093,1.242072,OverRange,OverRange,OverRange,10.839198,14.094072,104.2802
2026/05/26 11:36:00.262,n,118.44748,5.97818,5.722574,1.038277,OverRange,OverRange,OverRange,10.856716,14.100572,104.07244
2026/05/26 11:37:00.265,n,119.98722,3.796916,5.109292,1.283664,OverRange,OverRange,OverRange,10.907944,14.11129,106.35984
2026/05/26 11:38:00.269,n,112.78208,6.513932,5.038763,1.351225,OverRange,OverRange,OverRange,10.852402,14.11559,99.722112
2026/05/26 11:39:00.268,n,111.07504,4.624739,4.79444,1.150125,OverRange,OverRange,OverRange,10.81891,14.131734,96.287048
2026/05/26 11:40:00.270,n,118.5981,6.049805,5.074278,1.149347,OverRange,OverRange,OverRange,10.885376,14.134992,99.46548
2026/05/26 11:41:00.274,n,127.90172,3.649776,4.916098,1.51932,OverRange,OverRange,OverRange,10.871156,14.144636,107.8958
2026/05/26 11:42:00.274,n,145.5707,6.568879,5.046398,1.699928,OverRange,OverRange,OverRange,10.86583,14.157538,122.44066
2026/05/26 11:43:00.264,n,149.18724,3.864458,4.613813,1.48959,OverRange,OverRange,OverRange,10.930018,14.159688,130.12588
2026/05/26 11:44:00.261,n,144.3771,3.614507,5.32121,1.343303,OverRange,OverRange,OverRange,11.01624,14.172588,128.4416
2026/05/26 11:45:00.263,n,137.887,5.805675,5.310556,1.464427,OverRange,OverRange,OverRange,11.06772,14.194092,125.43248
2026/05/26 11:46:00.265,n,133.6981,4.206146,5.444546,1.379998,OverRange,OverRange,OverRange,11.04033,14.203754,122.08316
2026/05/26 11:47:00.267,n,136.32172,6.59894,5.210046,1.571257,OverRange,OverRange,OverRange,10.987854,14.21879,120.16478
2026/05/26 11:48:00.270,n,145.384,5.949699,4.934572,1.499018,OverRange,OverRange,OverRange,11.008648,14.233842,126.43048
2026/05/26 11:49:00.271,n,144.05148,4.56259,4.744579,1.107605,OverRange,OverRange,OverRange,11.01091,14.24785,127.4553
2026/05/26 11:50:00.274,n,129.7513,5.642348,5.136693,1.489481,OverRange,OverRange,OverRange,11.056046,14.260722,115.35568
2026/05/26 11:51:00.275,n,124.22128,3.216744,5.050863,1.496295,OverRange,OverRange,OverRange,11.069768,14.272548,109.72878
2026/05/26 11:52:00.260,n,122.52796,6.661401,4.914089,1.43107,OverRange,OverRange,OverRange,11.120442,14.286492,108.31458
2026/05/26 11:53:00.262,n,121.9868,6.751601,5.057067,1.527535,OverRange,OverRange,OverRange,11.097876,14.306922,107.71108
2026/05/26 11:54:00.265,n,129.2313,3.914013,4.264086,0.985749,OverRange,OverRange,OverRange,11.061642,14.320898,112.10432
2026/05/26 11:55:00.266,n,139.8309,4.120011,4.906507,1.346948,OverRange,OverRange,OverRange,11.087738,14.335918,119.18794
2026/05/26 11:56:00.268,n,158.20104,5.646336,5.117562,1.294908,OverRange,OverRange,OverRange,11.090786,14.34993,133.47698
2026/05/26 11:57:00.271,n,178.06356,3.700894,5.064893,1.430693,OverRange,OverRange,OverRange,11.11054,14.366744,152.74638
2026/05/26 11:58:00.272,n,197.11432,3.465387,5.001933,1.393344,OverRange,OverRange,OverRange,11.074286,14.377478,169.96062
2026/05/26 11:59:00.274,n,193.27544,6.571878,5.450922,1.574872,OverRange,OverRange,OverRange,11.095586,14.388198,169.42614
2026/05/26 12:00:00.275,n,191.22658,6.423148,5.190484,1.383468,OverRange,OverRange,OverRange,11.146266,14.404294,167.33218
2026/05/26 12:01:00.262,n,179.13372,3.790055,4.592579,1.479359,OverRange,OverRange,OverRange,11.13792,14.424724,155.65544
2026/05/26 12:02:00.263,n,167.23238,6.665497,5.097587,1.703065,OverRange,OverRange,OverRange,11.175664,14.448328,145.93886
2026/05/26 12:03:00.267,n,164.7082,6.675297,4.687745,1.490334,OverRange,OverRange,OverRange,11.333538,14.459082,144.06954
2026/05/26 12:04:00.267,n,149.53456,3.701564,4.874491,1.494155,OverRange,OverRange,OverRange,11.281108,14.479462,131.27678
2026/05/26 12:05:00.270,n,145.62202,6.483491,5.433232,1.539643,OverRange,OverRange,OverRange,11.195958,14.499908,126.52364
2026/05/26 12:06:00.271,n,148.46786,6.3473,5.424361,1.614394,OverRange,OverRange,OverRange,11.110036,14.517032,128.69144
2026/05/26 12:07:00.272,n,151.05836,3.729827,4.3868,1.333243,OverRange,OverRange,OverRange,11.215962,14.529936,130.2734
2026/05/26 12:08:00.274,n,155.44166,5.462843,5.274553,1.509902,OverRange,OverRange,OverRange,11.182766,14.54818,133.97058
2026/05/26 12:09:00.277,n,175.14906,6.727316,5.447215,1.463987,OverRange,OverRange,OverRange,11.185318,14.566444,150.78406
2026/05/26 12:10:00.265,n,191.29702,3.984925,4.214613,1.166682,OverRange,OverRange,OverRange,11.272732,14.577132,167.25018
2026/05/26 12:11:00.264,n,187.68626,5.642086,5.043546,1.342286,OverRange,OverRange,OverRange,11.360638,14.596502,167.27254
2026/05/26 12:12:00.267,n,202.05802,5.926646,5.352564,1.553382,OverRange,OverRange,OverRange,11.3885,14.613644,178.39666
2026/05/26 12:13:00.268,n,225.58842,3.807743,4.428032,1.42401,OverRange,OverRange,OverRange,11.412796,14.631874,205.24122
2026/05/26 12:14:00.270,n,196.24674,3.753572,4.050627,0.852182,OverRange,OverRange,OverRange,11.431788,14.662976,185.56974
2026/05/26 12:15:00.272,n,170.56166,3.764044,3.849221,0.08178,OverRange,OverRange,OverRange,11.479904,14.686584,156.82716
2026/05/26 12:16:00.275,n,181.7358,2.873439,4.560125,1.575574,OverRange,OverRange,OverRange,11.577626,14.709102,159.43288
2026/05/26 12:17:00.279,n,199.17342,3.479762,5.153079,1.431618,OverRange,OverRange,OverRange,11.598358,14.737026,170.99618
2026/05/26 12:18:00.279,n,220.10856,3.94731,5.046344,1.603404,OverRange,OverRange,OverRange,11.644186,14.76163,189.80866
2026/05/26 12:19:00.263,n,218.1032,4.169919,4.606808,1.522401,OverRange,OverRange,OverRange,11.697826,14.794884,192.0144
2026/05/26 12:20:00.265,n,205.00288,3.258348,4.697286,1.635074,OverRange,OverRange,OverRange,11.825806,14.829182,181.07832
2026/05/26 12:21:00.267,n,184.07176,4.059209,4.382946,1.133013,OverRange,OverRange,OverRange,11.652782,14.844136,166.56642
2026/05/26 12:22:00.269,n,169.20974,6.272071,5.979302,0.45208,OverRange,OverRange,OverRange,11.504506,14.868756,149.2834
2026/05/26 12:23:00.271,n,178.48052,3.505693,5.581501,1.121937,OverRange,OverRange,OverRange,11.491344,14.897694,155.90066
2026/05/26 12:24:00.274,n,172.5362,6.278028,5.762894,1.098812,OverRange,OverRange,OverRange,11.718588,14.926616,155.4202
2026/05/26 12:25:00.275,n,161.74342,4.053116,4.413181,1.123374,OverRange,OverRange,OverRange,11.7942,14.961988,147.34668
2026/05/26 12:26:00.277,n,155.8857,6.335525,5.105698,1.39735,OverRange,OverRange,OverRange,11.843766,14.990862,140.49736
2026/05/26 12:27:00.281,n,154.69032,4.478508,4.44658,1.022724,OverRange,OverRange,OverRange,11.894084,15.024118,137.98738
2026/05/26 12:28:00.264,n,160.7247,6.254051,5.641114,1.191634,OverRange,OverRange,OverRange,11.865748,15.047664,140.43498
2026/05/26 12:29:00.266,n,158.81764,3.45137,4.954924,1.485889,OverRange,OverRange,OverRange,11.656352,15.088156,142.10024
2026/05/26 12:30:00.269,n,153.53384,6.073754,5.614182,1.081302,OverRange,OverRange,OverRange,11.628958,15.10955,135.42864
2026/05/26 12:31:00.271,n,153.88896,3.941198,5.091591,1.303892,OverRange,OverRange,OverRange,11.50648,15.13523,136.20242
2026/05/26 12:32:00.273,n,151.7403,6.295251,5.089918,1.251738,OverRange,OverRange,OverRange,11.667436,15.159852,134.05606
2026/05/26 12:33:00.276,n,143.88904,3.120412,4.886822,1.527888,OverRange,OverRange,OverRange,11.514054,15.17481,128.25656
2026/05/26 12:34:00.277,n,137.81324,6.364288,5.167892,1.580667,OverRange,OverRange,OverRange,11.475352,15.201598,120.78422
2026/05/26 12:35:00.278,n,148.3053,3.293369,4.600077,1.616544,OverRange,OverRange,OverRange,11.394078,15.219736,126.85718
2026/05/26 12:36:00.282,n,157.89424,3.239637,5.086834,1.596734,OverRange,OverRange,OverRange,11.385438,15.233684,135.35842
2026/05/26 12:37:00.266,n,176.08516,4.976516,5.09504,1.319834,OverRange,OverRange,OverRange,11.436356,15.246068,150.19344
2026/05/26 12:38:00.268,n,173.73058,6.568808,5.049638,1.641904,OverRange,OverRange,OverRange,11.493328,15.253582,152.53
2026/05/26 12:39:00.271,n,169.34408,3.354351,4.705086,1.557411,OverRange,OverRange,OverRange,11.4614,15.269616,147.93634
2026/05/26 12:40:00.273,n,158.996,3.145008,5.001053,1.738918,OverRange,OverRange,OverRange,11.49204,15.27284,144.5872
2026/05/26 12:41:00.275,n,136.77708,5.677837,4.982919,1.260362,OverRange,OverRange,OverRange,11.496602,15.293162,124.7988
2026/05/26 12:42:00.278,n,130.91692,3.483566,4.808195,1.551436,OverRange,OverRange,OverRange,11.590764,15.29849,115.86198
2026/05/26 12:43:00.280,n,127.18054,3.229917,4.989386,1.813533,OverRange,OverRange,OverRange,11.734986,15.317736,111.90024
2026/05/26 12:44:00.282,n,126.41114,6.55924,4.823592,1.389074,OverRange,OverRange,OverRange,11.849804,15.329516,109.00414
2026/05/26 12:45:00.267,n,135.06578,3.305857,4.921464,1.658681,OverRange,OverRange,OverRange,11.833862,15.34451,117.05778
2026/05/26 12:46:00.268,n,137.24152,3.381186,5.063443,1.701029,OverRange,OverRange,OverRange,11.849538,15.36268,120.68082
2026/05/26 12:47:00.270,n,130.0274,5.90418,5.067374,1.473596,OverRange,OverRange,OverRange,11.782532,15.379758,117.31118
2026/05/26 12:48:00.272,n,126.8526,3.270001,4.486365,1.63873,OverRange,OverRange,OverRange,11.6244,15.399036,114.16842
2026/05/26 12:49:00.274,n,126.78372,3.17334,5.243005,1.580725,OverRange,OverRange,OverRange,11.699544,15.416146,115.26116
2026/05/26 12:50:00.276,n,127.04248,6.222574,5.523711,1.456799,OverRange,OverRange,OverRange,11.683624,15.431106,114.90656
2026/05/26 12:51:00.278,n,127.43418,6.450927,5.316252,1.405253,OverRange,OverRange,OverRange,11.530264,15.439662,115.01466
2026/05/26 12:52:00.283,n,128.04106,3.860989,4.35055,1.109456,OverRange,OverRange,OverRange,11.498628,15.455682,115.19486
2026/05/26 12:53:00.282,n,127.61548,6.320473,5.305676,1.546216,OverRange,OverRange,OverRange,11.417852,15.459918,115.59306
2026/05/26 12:54:00.283,n,125.1974,6.319765,6.073248,0.441316,OverRange,OverRange,OverRange,11.44191,15.470642,114.1552
2026/05/26 12:55:00.270,n,122.2484,6.086988,5.80617,1.151416,OverRange,OverRange,OverRange,11.459148,15.47491,110.7494
2026/05/26 12:56:00.272,n,121.4247,3.93577,4.621697,1.485287,OverRange,OverRange,OverRange,11.430028,15.481316,109.04834
2026/05/26 12:57:00.274,n,122.7117,3.794604,4.784068,1.567014,OverRange,OverRange,OverRange,11.465968,15.488794,108.0499
2026/05/26 12:58:00.276,n,127.87362,5.003008,5.467956,1.035595,OverRange,OverRange,OverRange,11.527242,15.492038,111.1081
2026/05/26 12:59:00.260,n,134.92786,6.594552,5.083823,1.573767,OverRange,OverRange,OverRange,11.464702,15.477566,117.28892
2026/05/26 13:00:00.263,n,136.76642,6.539402,4.525504,1.67641,OverRange,OverRange,OverRange,11.372014,15.477566,120.28448
2026/05/26 13:01:00.265,n,137.29144,3.359047,5.169702,1.467883,OverRange,OverRange,OverRange,11.382878,15.475432,122.55474
2026/05/26 13:02:00.271,n,138.64834,3.509553,5.058528,1.699271,OverRange,OverRange,OverRange,11.337048,15.482912,123.55062
2026/05/26 13:03:00.271,n,141.56694,6.585501,5.331113,1.758012,OverRange,OverRange,OverRange,11.18607,15.487166,127.09574
2026/05/26 13:04:00.272,n,146.45802,6.58328,4.948656,1.727927,OverRange,OverRange,OverRange,11.272212,15.481836,132.7462
2026/05/26 13:05:00.256,n,148.38946,3.355624,4.892755,1.510822,OverRange,OverRange,OverRange,11.260824,15.48503,136.21898
2026/05/26 13:06:00.258,n,147.08746,5.296459,4.917921,1.576231,OverRange,OverRange,OverRange,11.367452,15.48609,137.00556
2026/05/26 13:07:00.260,n,141.47748,6.787406,5.058046,1.746455,OverRange,OverRange,OverRange,11.35934,15.48609,132.15858
2026/05/26 13:08:00.264,n,134.44558,3.235786,4.426445,1.747726,OverRange,OverRange,OverRange,11.387456,15.489284,125.16576
2026/05/26 13:09:00.265,n,121.12012,6.700386,5.01842,1.799516,OverRange,OverRange,OverRange,11.410488,15.490392,112.64014
2026/05/26 13:10:00.266,n,115.36878,6.7501,5.338344,1.492799,OverRange,OverRange,OverRange,11.484166,15.49357,102.78134
2026/05/26 13:11:00.271,n,118.86382,4.304317,5.079388,1.577318,OverRange,OverRange,OverRange,11.63147,15.498914,102.57564
2026/05/26 13:12:00.272,n,121.5117,2.937197,4.933686,1.769156,OverRange,OverRange,OverRange,11.622874,15.503202,104.96346
2026/05/26 13:13:00.260,n,121.38506,4.205619,4.269036,1.172702,OverRange,OverRange,OverRange,11.669928,15.511724,105.00928
2026/05/26 13:14:00.258,n,123.70832,5.940673,4.957577,1.377846,OverRange,OverRange,OverRange,11.713446,15.521388,108.24486
2026/05/26 13:15:00.264,n,119.56472,3.800155,4.935286,1.62541,OverRange,OverRange,OverRange,11.679794,15.528836,104.33472
2026/05/26 13:16:00.262,n,128.73094,5.53066,5.579134,1.239488,OverRange,OverRange,OverRange,11.756948,15.537358,108.93186
2026/05/26 13:17:00.266,n,134.68794,6.083875,5.044325,1.442708,OverRange,OverRange,OverRange,11.507176,15.54487,116.1776
2026/05/26 13:18:00.268,n,135.5894,3.558901,4.34699,1.564304,OverRange,OverRange,OverRange,11.363134,15.55985,117.33686
2026/05/26 13:19:00.270,n,139.76674,6.623964,5.512469,1.629031,OverRange,OverRange,OverRange,11.500876,15.567296,122.86922
2026/05/26 13:20:00.271,n,142.44398,6.827629,5.662207,1.445652,OverRange,OverRange,OverRange,11.51706,15.58012,126.34518
2026/05/26 13:21:00.272,n,140.77248,3.274152,4.810594,1.721829,OverRange,OverRange,OverRange,11.633494,15.579046,127.0519
2026/05/26 13:22:00.258,n,132.75174,3.901303,4.253088,1.154563,OverRange,OverRange,OverRange,11.67751,15.591854,120.1193
2026/05/26 13:23:00.263,n,126.49976,3.289563,4.17965,0.727227,OverRange,OverRange,OverRange,11.52061,15.611084,114.05692
2026/05/26 13:24:00.263,n,121.17554,6.100556,5.131086,1.489458,OverRange,OverRange,OverRange,11.51123,15.622232,108.91592
2026/05/26 13:25:00.266,n,116.66294,3.714522,4.246023,1.209774,OverRange,OverRange,OverRange,11.543208,15.622232,103.11802
2026/05/26 13:26:00.267,n,120.22162,6.020015,4.710394,1.247939,OverRange,OverRange,OverRange,11.6199,15.62761,104.29778
2026/05/26 13:27:00.269,n,122.806,3.711452,4.176701,1.248817,OverRange,OverRange,OverRange,11.717814,15.634014,106.7467
2026/05/26 13:28:00.271,n,127.40326,3.973374,4.684468,1.572975,OverRange,OverRange,OverRange,11.69756,15.63509,109.49986
2026/05/26 13:29:00.272,n,134.34254,3.858615,5.224087,1.512197,OverRange,OverRange,OverRange,11.584214,15.639344,115.87582
2026/05/26 13:30:00.275,n,135.4539,3.209333,5.008756,1.638857,OverRange,OverRange,OverRange,11.584474,15.646824,119.51428
2026/05/26 13:31:00.259,n,127.52132,6.417799,5.083746,1.215383,OverRange,OverRange,OverRange,11.599896,15.65538,114.2524
2026/05/26 13:32:00.262,n,120.8308,6.606795,4.927696,1.826587,OverRange,OverRange,OverRange,11.46929,15.657498,107.4558
2026/05/26 13:33:00.265,n,120.11308,6.660265,4.911229,1.695242,OverRange,OverRange,OverRange,11.604208,15.663904,104.84664
2026/05/26 13:34:00.267,n,122.01026,3.097928,4.899433,1.679044,OverRange,OverRange,OverRange,11.596874,15.67246,105.21986
2026/05/26 13:35:00.271,n,121.54222,3.597694,4.990103,1.787677,OverRange,OverRange,OverRange,11.477632,15.67246,104.53412
2026/05/26 13:36:00.270,n,117.91822,4.341484,4.659446,1.646557,OverRange,OverRange,OverRange,11.418666,15.682076,101.1389
2026/05/26 13:37:00.272,n,115.71414,6.490545,5.671313,1.384365,OverRange,OverRange,OverRange,11.5923,15.68416,99.62332
2026/05/26 13:38:00.275,n,116.19424,6.3042,5.390874,1.27577,OverRange,OverRange,OverRange,11.636598,15.695944,100.48592
2026/05/26 13:39:00.276,n,120.04136,6.667322,4.168707,1.255024,OverRange,OverRange,OverRange,11.472322,15.693826,103.44592
2026/05/26 13:40:00.262,n,123.506,3.966431,4.002159,0.962653,OverRange,OverRange,OverRange,11.334336,15.701306,106.00242
2026/05/26 13:41:00.265,n,125.041,3.787454,4.504244,1.384047,OverRange,OverRange,OverRange,11.415132,15.6949,107.02066
2026/05/26 13:42:00.267,n,125.40666,3.628637,4.223794,1.211659,OverRange,OverRange,OverRange,11.42246,15.698078,107.55716
2026/05/26 13:43:00.268,n,126.50068,4.114973,4.663276,1.372281,OverRange,OverRange,OverRange,11.43867,15.698078,109.13938
2026/05/26 13:44:00.270,n,124.79324,3.747106,4.44994,1.267281,OverRange,OverRange,OverRange,11.5212,15.696986,109.25156
2026/05/26 13:45:00.273,n,122.17976,6.345043,5.223414,1.465368,OverRange,OverRange,OverRange,11.510056,15.703424,107.02246
2026/05/26 13:46:00.277,n,125.86622,6.669072,5.379902,1.672892,OverRange,OverRange,OverRange,11.561428,15.702348,107.17056
2026/05/26 13:47:00.278,n,137.16876,6.243502,5.009765,1.52967,OverRange,OverRange,OverRange,11.546246,15.702348,114.94444
2026/05/26 13:48:00.280,n,150.78086,3.774143,4.052904,0.580733,OverRange,OverRange,OverRange,11.381932,15.70556,125.13232
2026/05/26 13:49:00.263,n,161.62384,6.304539,6.208534,0.768704,OverRange,OverRange,OverRange,11.450816,15.70556,134.9447
2026/05/26 13:50:00.266,n,169.46006,6.413204,5.286363,1.630973,OverRange,OverRange,OverRange,11.554602,15.715988,143.65924
2026/05/26 13:51:00.268,n,161.51838,5.52831,4.310473,1.050236,OverRange,OverRange,OverRange,11.648732,15.714084,141.75748
2026/05/26 13:52:00.270,n,146.41824,3.803102,4.371501,1.53587,OverRange,OverRange,OverRange,11.673794,15.72567,129.75182
2026/05/26 13:53:00.273,n,132.86992,3.811864,3.970619,0.258135,OverRange,OverRange,OverRange,11.798238,15.738546,119.32034
2026/05/26 13:54:00.275,n,123.09492,3.857993,4.409254,1.224534,OverRange,OverRange,OverRange,11.798738,15.747134,109.31182
2026/05/26 13:55:00.277,n,121.7208,OverRange,OverRange,OverRange,OverRange,OverRange,OverRange,11.775228,15.755788,106.47254
2026/05/26 13:56:00.279,n,124.27786,6.591352,5.660208,1.222646,OverRange,OverRange,OverRange,11.572072,15.763268,107.3878
2026/05/26 13:57:00.281,n,128.13496,5.486985,4.789892,1.197532,OverRange,OverRange,OverRange,11.393092,15.774026,110.54574
2026/05/26 13:58:00.266,n,126.67028,6.640934,4.8229,1.75399,OverRange,OverRange,OverRange,11.407776,15.7869,109.6299
2026/05/26 13:59:00.268,n,123.3741,4.560169,5.301379,1.113838,OverRange,OverRange,OverRange,11.433102,15.790144,107.24318
2026/05/26 14:00:00.270,n,119.20266,3.495216,5.40843,1.617198,OverRange,OverRange,OverRange,11.487778,15.795506,103.89012
2026/05/26 14:01:00.271,n,115.6074,3.69366,4.28787,1.239137,OverRange,OverRange,OverRange,11.575104,15.796548,101.21024
2026/05/26 14:02:00.277,n,111.42146,6.367606,5.919562,1.080942,OverRange,OverRange,OverRange,11.682632,15.801944,97.799136
2026/05/26 14:03:00.278,n,108.66274,3.2005,4.93334,1.682563,OverRange,OverRange,OverRange,11.742824,15.80949,94.766696
2026/05/26 14:04:00.280,n,109.66232,3.789919,4.54678,1.580437,OverRange,OverRange,OverRange,11.725128,15.811608,94.637184
2026/05/26 14:05:00.281,n,111.9829,3.786307,4.871981,1.286898,OverRange,OverRange,OverRange,11.68567,15.81912,95.86948
2026/05/26 14:06:00.283,n,117.62518,6.388139,4.787373,1.38391,OverRange,OverRange,OverRange,11.553578,15.822366,100.10864
2026/05/26 14:07:00.267,n,121.8531,6.639312,5.224046,1.342998,OverRange,OverRange,OverRange,11.457906,15.829846,103.6843
2026/05/26 14:08:00.273,n,126.0855,6.344988,5.831422,0.871882,OverRange,OverRange,OverRange,11.635066,15.836316,106.01572
2026/05/26 14:09:00.272,n,133.1505,6.769011,5.918955,1.331665,OverRange,OverRange,OverRange,11.63735,15.8385,111.15486
2026/05/26 14:10:00.275,n,141.01806,3.178087,5.068511,1.564898,OverRange,OverRange,OverRange,11.653276,15.837424,117.8331
2026/05/26 14:11:00.276,n,146.92054,3.603829,4.540517,1.62999,OverRange,OverRange,OverRange,11.448538,15.844904,124.50656
2026/05/26 14:12:00.277,n,150.8046,5.510865,4.641394,1.295162,OverRange,OverRange,OverRange,11.53738,15.85351,128.51542
2026/05/26 14:13:00.280,n,156.97844,6.34748,5.378159,1.277181,OverRange,OverRange,OverRange,11.764608,15.856736,134.80228
2026/05/26 14:14:00.283,n,158.2331,3.121682,4.938202,1.560571,OverRange,OverRange,OverRange,11.92035,15.8621,138.59894
2026/05/26 14:15:00.285,n,153.8058,6.279102,5.396515,1.652733,OverRange,OverRange,OverRange,11.828014,15.87605,136.99542
2026/05/26 14:16:00.270,n,147.38948,6.042432,5.593982,1.173049,OverRange,OverRange,OverRange,11.603944,15.881414,133.38654
2026/05/26 14:17:00.274,n,141.59454,4.030568,5.647728,0.940191,OverRange,OverRange,OverRange,11.584722,15.87755,129.373
2026/05/26 14:18:00.257,n,138.95678,6.245106,5.765137,1.063311,OverRange,OverRange,OverRange,11.467312,15.88829,127.6523
2026/05/26 14:19:00.259,n,139.26982,3.848086,5.876561,0.99595,OverRange,OverRange,OverRange,11.603724,15.89582,129.01326
2026/05/26 14:20:00.261,n,137.7234,3.250745,5.493909,1.384962,OverRange,OverRange,OverRange,11.850826,15.907636,129.03418
2026/05/26 14:21:00.263,n,135.51408,3.736163,3.804786,0.185586,OverRange,OverRange,OverRange,11.840474,15.913032,126.83586
2026/05/26 14:22:00.266,n,138.42586,3.533878,4.18857,1.308182,OverRange,OverRange,OverRange,11.79774,15.919436,128.43752
2026/05/26 14:23:00.267,n,145.92018,3.762757,4.349893,1.323333,OverRange,OverRange,OverRange,11.726674,15.93342,135.01048
2026/05/26 14:24:00.269,n,155.64782,4.283859,5.11571,1.237446,OverRange,OverRange,OverRange,11.805578,15.94307,144.09984
2026/05/26 14:25:00.271,n,167.24804,6.466151,5.910495,1.237332,OverRange,OverRange,OverRange,11.553116,15.950584,154.61748
2026/05/26 14:26:00.256,n,178.99244,3.330667,5.041556,1.576271,OverRange,OverRange,OverRange,11.491348,15.959172,164.14146
2026/05/26 14:27:00.260,n,188.77962,4.741417,5.252746,1.125818,OverRange,OverRange,OverRange,11.396922,15.968822,172.41524
2026/05/26 14:28:00.265,n,194.05178,5.719664,4.029674,0.867073,OverRange,OverRange,OverRange,11.39566,15.97741,178.143
2026/05/26 14:29:00.263,n,201.73382,3.110005,4.387623,1.658586,OverRange,OverRange,OverRange,11.34021,15.98173,187.00072
2026/05/26 14:30:00.265,n,211.11774,3.621193,4.491562,1.60913,OverRange,OverRange,OverRange,11.28651,15.987074,199.917
2026/05/26 14:31:00.267,n,214.01438,6.565993,5.244874,1.613213,OverRange,OverRange,OverRange,11.38679,15.99247,207.10146
2026/05/26 14:32:00.270,n,210.1629,6.660564,4.659917,1.567841,OverRange,OverRange,OverRange,11.37616,16.003162,205.44032
2026/05/26 14:33:00.273,n,201.13078,OverRange,OverRange,OverRange,OverRange,OverRange,OverRange,11.454382,16.005346,196.82178
2026/05/26 14:34:00.258,n,182.54548,3.806227,4.676381,1.641424,OverRange,OverRange,OverRange,11.502752,16.01286,176.8094
2026/05/26 14:35:00.259,n,164.16548,6.658839,5.019804,1.737336,OverRange,OverRange,OverRange,11.488068,16.023584,152.98426
2026/05/26 14:36:00.260,n,156.9642,6.194668,5.679113,1.377755,OverRange,OverRange,OverRange,11.482518,16.024628,141.74162
2026/05/26 14:37:00.262,n,153.64544,3.72955,3.904361,0.776983,OverRange,OverRange,OverRange,11.487576,16.03431,137.07364
2026/05/26 14:38:00.265,n,149.87904,3.707616,4.469613,1.064154,OverRange,OverRange,OverRange,11.401216,16.039688,133.80154
2026/05/26 14:39:00.268,n,148.35558,OverRange,OverRange,OverRange,OverRange,OverRange,OverRange,11.314134,16.046144,133.30684
2026/05/26 14:40:00.268,n,149.49874,3.985291,5.96113,0.972786,OverRange,OverRange,OverRange,11.332356,16.046144,135.44016
2026/05/26 14:41:00.270,n,152.8166,3.721019,4.993458,1.664563,OverRange,OverRange,OverRange,11.462256,16.047186,138.88246
2026/05/26 14:42:00.272,n,156.94122,3.906462,5.357373,1.427749,OverRange,OverRange,OverRange,11.663946,16.049304,143.03442
2026/05/26 14:43:00.257,n,158.56784,6.451775,5.491847,1.639432,OverRange,OverRange,OverRange,11.680374,16.0547,145.23034
2026/05/26 14:44:00.261,n,158.63134,3.375435,4.394576,1.277264,OverRange,OverRange,OverRange,11.48908,16.057926,145.76608
2026/05/26 14:45:00.263,n,156.78944,3.703563,4.607015,1.553064,OverRange,OverRange,OverRange,11.395906,16.063288,144.70366
2026/05/26 14:46:00.265,n,154.29926,4.22331,4.895849,1.192452,OverRange,OverRange,OverRange,11.442988,16.066518,142.61754
2026/05/26 14:47:00.267,n,153.3474,3.544477,4.605256,1.50707,OverRange,OverRange,OverRange,11.53058,16.07077,142.11482
2026/05/26 14:48:00.269,n,149.87582,6.216673,5.387685,1.608489,OverRange,OverRange,OverRange,11.468578,16.069728,140.1902
2026/05/26 14:49:00.270,n,149.36198,6.39018,6.318331,0.055601,OverRange,OverRange,OverRange,11.526784,16.076164,141.09326
2026/05/26 14:50:00.271,n,164.23798,6.282473,5.736971,1.271882,OverRange,OverRange,OverRange,11.439458,16.076164,157.69404
2026/05/26 14:51:00.274,n,188.59784,3.783639,4.982485,1.508165,OverRange,OverRange,OverRange,11.366028,16.079328,186.127
2026/05/26 14:52:00.260,n,204.24608,6.434976,6.344153,0.151389,OverRange,OverRange,OverRange,11.54629,16.080452,207.40394
2026/05/26 14:53:00.265,n,200.979,6.431831,5.86858,1.299345,OverRange,OverRange,OverRange,11.52829,16.083648,201.61654
2026/05/26 14:54:00.265,n,203.50756,3.139349,4.884814,1.491245,OverRange,OverRange,OverRange,11.55008,16.084722,197.5523
2026/05/26 14:55:00.266,n,218.91664,3.930462,4.175964,1.137648,OverRange,OverRange,OverRange,11.57335,16.094438,211.13002
2026/05/26 14:56:00.267,n,229.1765,6.337516,5.961127,0.925656,OverRange,OverRange,OverRange,11.693034,16.101918,222.64988
2026/05/26 14:57:00.269,n,218.6472,3.207409,5.381536,1.68266,OverRange,OverRange,OverRange,11.701634,16.11155,211.54042
2026/05/26 14:58:00.274,n,202.70246,6.192546,5.488189,1.218887,OverRange,OverRange,OverRange,11.759298,16.121968,191.18482
2026/05/26 14:59:00.274,n,208.76726,3.207793,4.418253,1.731846,OverRange,OverRange,OverRange,11.77471,16.128438,195.029
2026/05/26 15:00:00.276,n,220.65946,3.814731,4.562863,1.529828,OverRange,OverRange,OverRange,11.767366,16.145582,209.93766
2026/05/26 15:01:00.295,n,216.2109,5.953558,5.573561,1.245586,OverRange,OverRange,OverRange,11.888748,16.147736,210.21656
2026/05/26 15:02:00.264,n,188.9445,6.089019,4.54472,1.363661,OverRange,OverRange,OverRange,11.99643,16.17238,185.68366
2026/05/26 15:03:00.266,n,168.43636,3.427705,4.655625,1.340788,OverRange,OverRange,OverRange,12.125784,16.185226,164.82202
2026/05/26 15:04:00.268,n,165.8434,3.321537,5.165385,1.302396,OverRange,OverRange,OverRange,12.32452,16.20454,160.6721
2026/05/26 15:05:00.270,n,191.49384,3.475895,5.666611,1.147228,OverRange,OverRange,OverRange,12.309098,16.230276,181.37524
2026/05/26 15:06:00.271,n,206.78462,3.28434,4.59737,1.436807,OverRange,OverRange,OverRange,12.4,16.254954,197.49634
2026/05/26 15:07:00.273,n,176.67444,5.780504,4.600079,1.376482,OverRange,OverRange,OverRange,12.2417,16.286056,160.27316
2026/05/26 15:08:00.275,n,173.7031,6.214884,5.323944,1.521028,OverRange,OverRange,OverRange,12.151276,16.318168,154.69734
2026/05/26 15:09:00.278,n,184.0955,3.625438,3.647355,0.273663,OverRange,OverRange,OverRange,12.197256,16.341802,167.00762
2026/05/26 15:10:00.262,n,203.06672,6.625222,4.796505,1.471319,OverRange,OverRange,OverRange,12.430716,16.368568,191.10282
2026/05/26 15:11:00.266,n,203.26226,6.194049,5.228134,1.598588,OverRange,OverRange,OverRange,12.183858,16.39217,193.71086
2026/05/26 15:12:00.266,n,181.41016,6.511132,5.719191,1.233694,OverRange,OverRange,OverRange,12.11996,16.421088,168.02652
2026/05/26 15:13:00.269,n,170.86522,3.636144,4.768958,1.444451,OverRange,OverRange,OverRange,12.024974,16.437126,154.52422
2026/05/26 15:14:00.271,n,165.24938,3.541429,5.351607,1.434272,OverRange,OverRange,OverRange,12.056804,16.458546,148.19274
2026/05/26 15:15:00.273,n,161.36134,3.531776,3.91557,1.258964,OverRange,OverRange,OverRange,12.164928,16.461612,144.65552
2026/05/26 15:16:00.279,n,155.49554,3.589234,3.739725,0.321793,OverRange,OverRange,OverRange,12.057684,16.466926,139.99038
2026/05/26 15:17:00.278,n,139.738,3.583264,4.436247,1.363239,OverRange,OverRange,OverRange,11.871186,16.4755,126.19236
2026/05/26 15:18:00.279,n,125.84352,3.644488,4.224654,1.173327,OverRange,OverRange,OverRange,11.946514,16.48838,110.60572
2026/05/26 15:19:00.266,n,113.59192,3.762221,4.742849,1.376117,OverRange,OverRange,OverRange,11.93893,16.489454,99.674432
2026/05/26 15:20:00.267,n,108.47784,3.853775,4.817166,1.469965,OverRange,OverRange,OverRange,11.955628,16.498026,93.423488
2026/05/26 15:21:00.273,n,102.07306,6.506186,4.982114,1.455679,OverRange,OverRange,OverRange,11.85349,16.493726,87.957312
2026/05/26 15:22:00.272,n,99.428904,2.975356,4.797158,1.52162,OverRange,OverRange,OverRange,11.765248,16.484106,83.236536
2026/05/26 15:23:00.275,n,99.137536,3.44583,5.246217,1.687064,OverRange,OverRange,OverRange,11.692398,16.481922,82.69448
2026/05/26 15:24:00.275,n,101.45592,3.537951,4.873941,1.443858,OverRange,OverRange,OverRange,11.82368,16.470152,85.48648
2026/05/26 15:25:00.278,n,105.80586,3.918824,4.221904,1.247392,OverRange,OverRange,OverRange,11.728816,16.455154,91.071568
2026/05/26 15:26:00.281,n,106.03398,3.385103,5.132181,1.627215,OverRange,OverRange,OverRange,11.712362,16.440192,95.138448
2026/05/26 15:27:00.284,n,98.610848,6.744364,4.99983,1.759535,OverRange,OverRange,OverRange,11.92302,16.42627,90.905616
2026/05/26 15:28:00.267,n,94.787104,6.290096,5.336228,1.254439,OverRange,OverRange,OverRange,12.059978,16.413362,87.000944
2026/05/26 15:29:00.268,n,90.417936,3.674411,3.991219,1.349428,OverRange,OverRange,OverRange,12.135026,16.403712,82.937904
2026/05/26 15:30:00.270,n,88.90988,4.952247,4.742759,1.245909,OverRange,OverRange,OverRange,12.058716,16.391944,79.14048
2026/05/26 15:31:00.276,n,92.653328,3.212892,5.22488,1.631544,OverRange,OverRange,OverRange,12.008434,16.384476,81.3388
2026/05/26 15:32:00.274,n,100.17716,3.989154,4.626097,1.497171,OverRange,OverRange,OverRange,11.980388,16.379066,85.196296
2026/05/26 15:33:00.277,n,114.8975,6.235984,5.243273,1.398231,OverRange,OverRange,OverRange,12.012486,16.366254,97.69196
2026/05/26 15:34:00.280,n,125.64774,3.714658,4.196502,1.281092,OverRange,OverRange,OverRange,11.908864,16.366254,108.45508
2026/05/26 15:35:00.282,n,137.0157,4.530457,4.153597,1.269259,OverRange,OverRange,OverRange,11.752086,16.35983,120.99436
2026/05/26 15:36:00.284,n,141.50946,6.566281,4.440956,1.135749,OverRange,OverRange,OverRange,11.676474,16.343758,129.00534
2026/05/26 15:37:00.269,n,139.11638,3.961725,4.963521,1.473372,OverRange,OverRange,OverRange,11.577022,16.341574,128.74246
2026/05/26 15:38:00.270,n,136.41692,3.898227,3.955622,0.337781,OverRange,OverRange,OverRange,11.67191,16.334108,127.08226
2026/05/26 15:39:00.274,n,131.2908,3.665616,4.985363,1.57041,OverRange,OverRange,OverRange,11.667338,16.331924,123.80454
2026/05/26 15:40:00.259,n,131.8915,3.24403,4.762532,1.569949,OverRange,OverRange,OverRange,11.574234,16.316992,123.6565
2026/05/26 15:41:00.277,n,134.78404,6.310984,6.058123,0.709296,OverRange,OverRange,OverRange,11.582348,16.316992,127.81886
2026/05/26 15:42:00.262,n,134.07478,4.448781,5.503203,1.312977,OverRange,OverRange,OverRange,11.771048,16.312656,127.23362
2026/05/26 15:43:00.264,n,130.7568,6.474097,4.982491,1.443945,OverRange,OverRange,OverRange,11.88408,16.312656,122.74066
2026/05/26 15:44:00.269,n,127.39518,3.000583,4.768376,1.481486,OverRange,OverRange,OverRange,11.888398,16.320154,118.40824
2026/05/26 15:45:00.268,n,130.68636,5.145175,5.020819,1.488893,OverRange,OverRange,OverRange,12.072872,16.320154,119.61318
2026/05/26 15:46:00.271,n,139.15614,6.605726,5.018425,1.652902,OverRange,OverRange,OverRange,12.152684,16.330912,128.52814
2026/05/26 15:47:00.272,n,138.09806,6.592665,4.602432,1.544854,OverRange,OverRange,OverRange,12.068564,16.330912,128.91976
2026/05/26 15:48:00.259,n,128.71696,3.123481,5.002911,1.568755,OverRange,OverRange,OverRange,11.908864,16.33838,119.377
2026/05/26 15:49:00.259,n,115.4251,3.305697,4.801217,1.537728,OverRange,OverRange,OverRange,12.057206,16.347996,105.14486
2026/05/26 15:50:00.261,n,101.39664,6.253635,5.327733,1.460861,OverRange,OverRange,OverRange,12.289288,16.35983,90.783608
2026/05/26 15:51:00.263,n,92.0752,6.550813,5.531851,1.577635,OverRange,OverRange,OverRange,12.048096,16.363026,81.4824
2026/05/26 15:52:00.266,n,83.894352,4.769705,4.250959,1.06026,OverRange,OverRange,OverRange,12.27213,16.366254,73.27424
2026/05/26 15:53:00.273,n,80.6482,5.553297,5.324222,1.370585,OverRange,OverRange,OverRange,12.33524,16.373784,69.164112
2026/05/26 15:54:00.270,n,80.376592,6.494168,4.974812,1.388554,OverRange,OverRange,OverRange,12.395844,16.378022,68.21456
2026/05/26 15:55:00.273,n,80.066872,4.350444,5.945608,0.789072,OverRange,OverRange,OverRange,12.18274,16.385552,68.70568
2026/05/26 15:56:00.257,n,76.084544,3.540588,4.825979,1.592851,OverRange,OverRange,OverRange,12.071346,16.384476,66.90708
2026/05/26 15:57:00.259,n,70.69988,5.256143,5.267614,1.318411,OverRange,OverRange,OverRange,12.04002,16.382292,62.769564
2026/05/26 15:58:00.262,n,69.116248,3.402107,4.559627,1.554508,OverRange,OverRange,OverRange,12.164806,16.375902,61.492548
2026/05/26 15:59:00.264,n,69.238016,6.263541,5.416833,1.350524,OverRange,OverRange,OverRange,12.23074,16.370524,61.81336
2026/05/26 16:00:00.266,n,68.347224,3.790121,4.404756,1.622143,OverRange,OverRange,OverRange,12.110504,16.364068,62.13084
2026/05/26 16:01:00.269,n,64.343072,3.201528,4.935858,1.803861,OverRange,OverRange,OverRange,11.964706,16.358754,60.029612
2026/05/26 16:02:00.269,n,60.467104,6.590532,4.596008,1.634851,OverRange,OverRange,OverRange,12.155462,16.3523,56.774664
2026/05/26 16:03:00.274,n,58.345776,2.966122,5.685056,1.338164,OverRange,OverRange,OverRange,12.140326,16.349074,54.203232
2026/05/26 16:04:00.257,n,54.018184,6.161218,5.324467,1.075508,OverRange,OverRange,OverRange,12.162034,16.339456,49.99054
2026/05/26 16:05:00.260,n,50.48464,5.262826,5.442978,1.133144,OverRange,OverRange,OverRange,11.89442,16.325536,46.107788
2026/05/26 16:06:00.260,n,48.671368,5.927206,4.820745,1.386674,OverRange,OverRange,OverRange,11.78421,16.321198,44.158344
2026/05/26 16:07:00.262,n,46.897732,3.78222,4.009624,1.062867,OverRange,OverRange,OverRange,11.893448,16.30943,42.730572
2026/05/26 16:08:00.266,n,42.395524,6.144936,4.568193,1.363127,OverRange,OverRange,OverRange,11.989248,16.286968,39.960756
2026/05/26 16:09:00.268,n,39.619732,3.909322,4.752973,1.471826,OverRange,OverRange,OverRange,11.892924,16.270864,36.644804
2026/05/26 16:10:00.269,n,39.864528,6.277987,6.167515,0.440804,OverRange,OverRange,OverRange,11.797882,16.25264,36.420916
2026/05/26 16:11:00.271,n,37.1756,3.750188,4.730104,1.390106,OverRange,OverRange,OverRange,11.621816,16.234416,34.092304
2026/05/26 16:12:00.272,n,32.947566,6.496014,5.017423,1.66403,OverRange,OverRange,OverRange,11.671392,16.216194,29.697882
2026/05/26 16:13:00.259,n,33.34594,3.075092,4.739866,1.746387,OverRange,OverRange,OverRange,11.546658,16.199028,28.172576
2026/05/26 16:14:00.262,n,36.374356,3.287938,4.766672,1.648883,OverRange,OverRange,OverRange,11.584112,16.175444,29.70769
2026/05/26 16:15:00.509,n,39.225972,6.43312,4.463393,1.557764,OverRange,OverRange,OverRange,11.598282,16.15613,31.234102
2026/05/26 16:16:00.265,n,41.006792,6.040519,3.95972,1.040566,OverRange,OverRange,OverRange,11.605118,16.127148,32.900696
2026/05/26 16:17:00.267,n,40.808436,4.770946,5.14447,1.289889,OverRange,OverRange,OverRange,11.573242,16.12164,33.555544
2026/05/26 16:18:00.270,n,40.540548,6.576782,5.156684,1.278887,OverRange,OverRange,OverRange,11.572084,16.10014,35.12052
2026/05/26 16:19:00.270,n,40.016312,3.697793,4.910479,1.467403,OverRange,OverRange,OverRange,11.583226,16.088342,35.515992
2026/05/26 16:20:00.273,n,39.683752,3.629488,4.381107,1.311371,OverRange,OverRange,OverRange,11.627514,16.073346,36.295832
2026/05/26 16:21:00.274,n,35.745936,3.207127,5.694709,1.226462,OverRange,OverRange,OverRange,11.588028,16.058318,33.96526
2026/05/26 16:22:00.263,n,31.627478,6.595831,5.028476,1.615748,OverRange,OverRange,OverRange,11.574896,16.041156,29.974578
2026/05/26 16:23:00.264,n,29.130994,6.474774,5.170535,1.651411,OverRange,OverRange,OverRange,11.562474,16.028278,25.548836
2026/05/26 16:24:00.265,n,30.498812,3.055022,5.0683,1.570506,OverRange,OverRange,OverRange,11.576904,16.013284,24.366188
2026/05/26 16:25:00.269,n,32.732792,6.24617,5.783827,1.350426,OverRange,OverRange,OverRange,11.637894,15.996088,25.492868
2026/05/26 16:26:00.268,n,33.235858,6.251349,4.85566,1.256474,OverRange,OverRange,OverRange,11.620942,15.975698,26.31102
2026/05/26 16:27:00.270,n,32.642726,6.189464,5.719408,0.576725,OverRange,OverRange,OverRange,11.492352,15.963884,26.15983
2026/05/26 16:28:00.274,n,32.063958,6.279723,5.669145,1.003103,OverRange,OverRange,OverRange,11.446798,15.946688,25.593802
2026/05/26 16:29:00.274,n,31.607202,3.15686,4.652892,1.548763,OverRange,OverRange,OverRange,11.357646,15.9306,25.26992
2026/05/26 16:30:00.275,n,31.03126,6.596136,4.131221,1.20993,OverRange,OverRange,OverRange,11.449086,15.911286,25.22342
2026/05/26 16:31:00.261,n,32.808232,3.419941,4.382176,1.63837,OverRange,OverRange,OverRange,11.441472,15.890864,26.148056
2026/05/26 16:32:00.266,n,36.507536,6.269331,5.465328,1.505674,OverRange,OverRange,OverRange,11.336884,15.87152,29.506416
2026/05/26 16:33:00.266,n,37.302096,3.27988,4.702383,1.623706,OverRange,OverRange,OverRange,11.323726,15.853298,31.176424
2026/05/26 16:34:00.267,n,34.465748,6.339858,5.489918,1.456917,OverRange,OverRange,OverRange,11.411098,15.830742,29.607096
2026/05/26 16:35:00.271,n,30.763366,6.519393,4.914788,1.756011,OverRange,OverRange,OverRange,11.447536,15.810354,25.880488
2026/05/26 16:36:00.272,n,31.429636,6.426183,5.477608,1.580038,OverRange,OverRange,OverRange,11.433874,15.788824,25.335874
2026/05/26 16:37:00.273,n,32.308242,3.883751,4.607486,1.453743,OverRange,OverRange,OverRange,11.276118,15.780252,25.812826
2026/05/26 16:38:00.276,n,33.209942,4.392144,4.807682,1.293142,OverRange,OverRange,OverRange,11.50171,15.75336,26.663742
2026/05/26 16:39:00.278,n,32.401126,6.311865,5.066078,1.29046,OverRange,OverRange,OverRange,11.505774,15.755284,26.66374
2026/05/26 16:40:00.265,n,30.199872,2.871417,4.757166,1.634781,OverRange,OverRange,OverRange,11.585526,15.72844,25.506518
2026/05/26 16:41:00.266,n,26.460794,6.306363,5.063868,1.393309,OverRange,OverRange,OverRange,11.510896,15.711232,23.009994
2026/05/26 16:42:00.268,n,23.400178,6.331737,4.935962,1.690533,OverRange,OverRange,OverRange,11.395946,15.711996,19.99804
2026/05/26 16:43:00.270,n,23.39299,3.089852,4.710268,1.804896,OverRange,OverRange,OverRange,11.36525,15.690762,18.700206
2026/05/26 16:44:00.271,n,25.853546,3.132629,5.028829,1.628614,OverRange,OverRange,OverRange,11.385488,15.67479,20.451956
2026/05/26 16:45:00.274,n,27.015954,6.410663,4.984083,1.658349,OverRange,OverRange,OverRange,11.455638,15.66089,22.363252
2026/05/26 16:46:00.275,n,25.940794,4.381794,4.586714,1.685151,OverRange,OverRange,OverRange,11.482702,15.6449,22.110016
2026/05/26 16:47:00.278,n,23.567994,3.198468,4.83993,1.840561,OverRange,OverRange,OverRange,11.470058,15.62779,20.194536
2026/05/26 16:48:00.279,n,21.220086,5.046422,4.715867,1.649008,OverRange,OverRange,OverRange,11.4298,15.61071,17.74895
2026/05/26 16:49:00.265,n,20.160704,3.61415,4.596907,1.656347,OverRange,OverRange,OverRange,11.414104,15.602122,16.014438
2026/05/26 16:50:00.268,n,19.775416,2.882714,5.151875,1.693788,OverRange,OverRange,OverRange,11.407766,15.581864,15.186474
2026/05/26 16:51:00.270,n,20.0673,6.592791,4.895218,1.756917,OverRange,OverRange,OverRange,11.34142,15.57119,15.077688
2026/05/26 16:52:00.439,n,20.306966,4.187513,4.586161,1.667957,OverRange,OverRange,OverRange,11.238598,15.563694,15.376316
2026/05/26 16:53:00.275,n,19.918342,5.754141,5.152113,1.557079,OverRange,OverRange,OverRange,11.258596,15.547658,15.4793
2026/05/26 16:54:00.278,n,20.169428,6.456732,4.881244,1.787119,OverRange,OverRange,OverRange,11.292294,15.538058,15.971694
2026/05/26 16:55:00.277,n,21.246516,4.581106,5.55912,1.320982,OverRange,OverRange,OverRange,11.254292,15.523066,17.154256
2026/05/26 16:56:00.279,n,21.20533,5.3896,5.200685,1.514572,OverRange,OverRange,OverRange,11.239594,15.514544,17.56696
2026/05/26 16:57:00.282,n,20.563568,6.654947,4.946915,1.857414,OverRange,OverRange,OverRange,11.265698,15.509214,17.363294
2026/05/26 16:58:00.268,n,20.280406,6.751436,4.737866,1.549318,OverRange,OverRange,OverRange,11.259618,15.49854,17.204512
2026/05/26 16:59:00.269,n,19.9798,5.591185,5.070593,1.467813,OverRange,OverRange,OverRange,11.28089,15.49106,17.25485
2026/05/26 17:00:00.272,n,19.013438,6.71033,4.997124,1.793999,OverRange,OverRange,OverRange,11.279634,15.477142,16.913988
2026/05/26 17:01:00.272,n,17.728888,6.531727,4.702816,1.565532,OverRange,OverRange,OverRange,11.280666,15.465408,16.169554
2026/05/26 17:02:00.275,n,17.421864,3.449048,4.351633,1.695359,OverRange,OverRange,OverRange,11.2505,15.456854,15.991318
2026/05/26 17:03:00.282,n,18.052846,6.5886,5.072305,1.627915,OverRange,OverRange,OverRange,11.26266,15.437626,16.53405
2026/05/26 17:04:00.278,n,19.731794,3.925276,4.29042,1.015958,OverRange,OverRange,OverRange,11.218588,15.432262,17.526262
2026/05/26 17:05:00.281,n,21.87378,3.043924,5.036097,1.549432,OverRange,OverRange,OverRange,11.268992,15.416196,19.056342
2026/05/26 17:06:00.284,n,23.282394,3.493335,4.408676,1.574473,OverRange,OverRange,OverRange,11.264944,15.402344,20.028244
2026/05/26 17:07:00.269,n,23.154222,6.006828,5.450292,1.432065,OverRange,OverRange,OverRange,11.275838,15.384172,19.983708
2026/05/26 17:08:00.271,n,22.544408,2.841676,5.440252,1.276154,OverRange,OverRange,OverRange,11.214768,15.37029,18.917098
2026/05/26 17:09:00.277,n,22.731344,3.229742,4.241269,1.072867,OverRange,OverRange,OverRange,11.228704,15.349954,18.765906
2026/05/26 17:10:00.276,n,22.483208,3.819158,3.89228,1.037323,OverRange,OverRange,OverRange,11.264934,15.338186,18.775632
2026/05/26 17:11:00.280,n,21.307586,6.156263,5.191862,1.199271,OverRange,OverRange,OverRange,11.289002,15.32106,17.92335
2026/05/26 17:12:00.265,n,19.81352,5.534873,5.777789,0.495955,OverRange,OverRange,OverRange,11.246202,15.309312,16.4797
2026/05/26 17:13:00.264,n,18.49061,4.200006,4.789497,1.21475,OverRange,OverRange,OverRange,11.206422,15.297546,15.306694
2026/05/26 17:14:00.266,n,17.22043,3.671482,3.820349,0.407583,OverRange,OverRange,OverRange,11.228964,15.304812,14.039916
2026/05/26 17:15:00.269,n,16.417396,6.279037,5.107892,1.49365,OverRange,OverRange,OverRange,11.301422,15.299142,13.03508
2026/05/26 17:16:00.270,n,15.068952,6.272177,6.260847,0.052028,OverRange,OverRange,OverRange,11.25829,15.285226,11.581616
2026/05/26 17:17:00.272,n,13.56321,6.540383,4.643848,1.454989,OverRange,OverRange,OverRange,11.280824,15.26919,10.221242
2026/05/26 17:18:00.257,n,11.899018,6.251207,5.301458,1.508343,OverRange,OverRange,OverRange,11.267146,15.2542,8.73186
2026/05/26 17:19:00.259,n,10.713902,3.165487,4.846286,1.784682,OverRange,OverRange,OverRange,11.29857,15.241326,7.786577
2026/05/26 17:20:00.261,n,9.870966,6.598006,4.95052,1.776405,OverRange,OverRange,OverRange,11.357356,15.22961,7.148197
2026/05/26 17:21:00.263,n,9.162486,6.412385,5.286477,1.722165,OverRange,OverRange,OverRange,11.32568,15.221006,6.745391
2026/05/26 17:22:00.267,n,8.702786,5.882736,4.58039,1.394205,OverRange,OverRange,OverRange,11.269934,15.201778,6.517411
2026/05/26 17:23:00.267,n,8.061536,4.780233,5.429605,0.621482,OverRange,OverRange,OverRange,11.249426,15.191056,6.165202
2026/05/26 17:24:00.269,n,7.601448,3.612254,4.558129,1.461103,OverRange,OverRange,OverRange,11.229156,15.181426,5.76615
2026/05/26 17:25:00.271,n,7.077725,6.018125,5.163183,1.753403,OverRange,OverRange,OverRange,11.22989,15.184424,5.46812
2026/05/26 17:26:00.257,n,7.04629,3.720995,5.020155,1.269542,OverRange,OverRange,OverRange,11.188264,15.17235,5.41377
2026/05/26 17:27:00.261,n,6.639704,4.889854,3.969116,0.525391,OverRange,OverRange,OverRange,11.22193,15.150988,5.197308
2026/05/26 17:28:00.262,n,6.400423,6.179713,5.541811,1.229082,OverRange,OverRange,OverRange,11.194322,15.146702,5.020692
2026/05/26 17:29:00.264,n,5.965483,6.08794,5.863535,0.893471,OverRange,OverRange,OverRange,11.191772,15.140298,4.753207
2026/05/26 17:30:00.265,n,5.641523,6.339578,6.291262,0.065457,OverRange,OverRange,OverRange,11.164668,15.130602,4.240933
2026/05/26 17:31:00.267,n,5.095474,6.648722,4.587322,1.538859,OverRange,OverRange,OverRange,11.144136,15.12956,3.699309
2026/05/26 17:32:00.271,n,4.499901,3.798586,4.68908,1.364945,OverRange,OverRange,OverRange,11.151236,15.119912,3.075946
2026/05/26 17:33:00.271,n,3.877897,6.206276,5.622424,1.32599,OverRange,OverRange,OverRange,11.145412,15.117794,2.650786
2026/05/26 17:34:00.259,n,3.270392,3.945455,4.70097,1.218096,OverRange,OverRange,OverRange,11.033108,15.107074,1.959165
2026/05/26 17:35:00.261,n,2.513673,3.905414,4.269307,1.230789,OverRange,OverRange,OverRange,11.083798,15.10388,1.401415
2026/05/26 17:36:00.264,n,1.984945,5.996756,6.131714,0.271016,OverRange,OverRange,OverRange,11.062012,15.096368,0.911837
2026/05/26 17:37:00.263,n,1.596321,4.972884,4.680309,1.26257,OverRange,OverRange,OverRange,11.069098,15.093156,0.51142
2026/05/26 17:38:00.266,n,1.172671,3.337745,4.503207,1.356958,OverRange,OverRange,OverRange,11.095984,15.078198,0.040955
2026/05/26 17:39:00.267,n,0.894899,3.792207,4.510159,1.58111,OverRange,OverRange,OverRange,11.087112,15.069612,-0.071841
2026/05/26 17:40:00.269,n,0.652154,6.240822,4.892915,1.346341,OverRange,OverRange,OverRange,11.123866,15.058874,-0.266119
2026/05/26 17:41:00.273,n,0.237229,6.226925,5.339843,1.371506,OverRange,OverRange,OverRange,11.075694,15.044992,-0.664915
2026/05/26 17:42:00.275,n,0.085192,6.180026,5.060129,1.439246,OverRange,OverRange,OverRange,11.07571,15.03427,-0.697934
2026/05/26 17:43:00.260,n,-0.008468,6.273912,5.298382,1.205749,OverRange,OverRange,OverRange,11.092698,15.020354,-0.941102
2026/05/26 17:44:00.262,n,-0.215931,3.999227,4.157777,1.058257,OverRange,OverRange,OverRange,11.04832,15.007514,-1.104323
2026/05/26 17:45:00.264,n,-0.59352,3.476825,3.737706,0.180184,OverRange,OverRange,OverRange,11.08305,15.00217,-1.248518
2026/05/26 17:46:00.266,n,-0.704372,4.601982,4.973346,1.368293,OverRange,OverRange,OverRange,11.040466,14.982862,-1.394248
2026/05/26 17:47:00.268,n,-0.897337,3.214533,4.543679,1.702954,OverRange,OverRange,OverRange,11.06987,14.972204,-1.666766
2026/05/26 17:48:00.272,n,-1.213599,3.448967,4.506361,1.477204,OverRange,OverRange,OverRange,11.052644,14.965736,-1.839885
2026/05/26 17:49:00.270,n,-1.25427,6.144987,5.598986,1.032458,OverRange,OverRange,OverRange,11.023488,14.952896,-2.016928
2026/05/26 17:50:00.274,n,-1.435432,6.644358,4.999534,1.747042,OverRange,OverRange,OverRange,11.00116,14.933606,-2.221445
2026/05/26 17:51:00.277,n,-1.520367,4.596452,4.291955,1.13273,OverRange,OverRange,OverRange,11.023998,14.921842,-2.260267
2026/05/26 17:52:00.261,n,-1.622751,3.257433,4.516811,1.577334,OverRange,OverRange,OverRange,11.019404,14.91112,-2.299173
2026/05/26 17:53:00.263,n,-1.891798,6.098196,6.101557,0.190479,OverRange,OverRange,OverRange,11.045802,14.897204,-2.523059
2026/05/26 17:54:00.267,n,-1.956462,3.654462,4.701884,1.425335,OverRange,OverRange,OverRange,11.002442,14.886468,-2.628346
2026/05/26 17:55:00.268,n,-1.962107,6.172988,5.090401,1.281795,OverRange,OverRange,OverRange,11.04149,14.871478,-2.581419
2026/05/26 17:56:00.270,n,-1.971088,3.781675,4.340839,1.514641,OverRange,OverRange,OverRange,10.964672,14.862874,-2.696348
2026/05/26 17:57:00.270,n,-2.055767,3.728909,4.594379,1.319109,OverRange,OverRange,OverRange,10.995846,14.848928,-2.653602
2026/05/26 17:58:00.273,n,-2.131849,6.034204,6.137061,0.405276,OverRange,OverRange,OverRange,10.995346,14.842556,-2.715886
2026/05/26 17:59:00.276,n,-2.187276,6.182449,4.822217,1.62678,OverRange,OverRange,OverRange,10.9634,14.830712,-2.813069
2026/05/26 18:00:00.275,n,-2.184581,2.979771,4.089297,1.457238,OverRange,OverRange,OverRange,10.950958,14.823234,-2.805219
2026/05/26 18:01:00.261,n,-2.251939,6.040711,5.562444,1.072867,OverRange,OverRange,OverRange,10.958054,14.80932,-2.896855
2026/05/26 18:02:00.264,n,-2.301463,6.252131,5.988947,0.373741,OverRange,OverRange,OverRange,10.938548,14.801824,-2.774247
2026/05/26 18:03:00.265,n,-2.25489,2.897069,5.526863,1.312051,OverRange,OverRange,OverRange,10.933476,14.791054,-2.791653
2026/05/26 18:04:00.268,n,-2.500458,6.307703,5.815669,1.132482,OverRange,OverRange,OverRange,10.920274,14.77929,-2.906496
2026/05/26 18:05:00.271,n,-2.442081,3.80479,4.46522,1.367846,OverRange,OverRange,OverRange,10.877422,14.77929,-2.920062
2026/05/26 18:06:00.272,n,-2.634917,4.139419,5.509238,1.250494,OverRange,OverRange,OverRange,10.887044,14.765344,-3.033029
2026/05/26 18:07:00.275,n,-2.494428,3.449188,5.146067,1.613795,OverRange,OverRange,OverRange,10.8708,14.762152,-2.929704
2026/05/26 18:08:00.277,n,-2.532918,5.11977,4.796138,1.24861,OverRange,OverRange,OverRange,10.951732,14.790354,-3.009736
2026/05/26 18:09:00.278,n,-2.114657,3.227941,4.522956,1.567684,OverRange,OverRange,OverRange,10.957414,14.777302,-2.794127
2026/05/26 18:10:00.264,n,-2.34329,6.419138,5.404191,1.349769,OverRange,OverRange,OverRange,10.947062,14.774078,-2.996852
2026/05/26 18:11:00.266,n,-2.258611,3.353762,4.872214,1.70909,OverRange,OverRange,OverRange,10.94045,14.768716,-2.936274
2026/05/26 18:12:00.267,n,-2.249758,6.172895,4.604884,1.443801,OverRange,OverRange,OverRange,10.966844,14.761206,-2.868101
2026/05/26 18:13:00.272,n,-2.217683,3.310171,4.647268,1.507522,OverRange,OverRange,OverRange,10.907736,14.757996,-2.88764
2026/05/26 18:14:00.271,n,-2.246935,6.164933,5.196097,1.072952,OverRange,OverRange,OverRange,10.948574,14.746182,-2.895404
2026/05/26 18:15:00.273,n,-2.375493,4.928312,5.890167,0.652199,OverRange,OverRange,OverRange,10.897344,14.751558,-3.058881
2026/05/26 18:16:00.276,n,-2.320067,4.114961,5.884131,0.86888,OverRange,OverRange,OverRange,10.911546,14.741898,-2.992842
2026/05/26 18:17:00.278,n,-2.323018,6.322517,4.422895,1.240048,OverRange,OverRange,OverRange,10.93388,14.73657,-2.934311
2026/05/26 18:18:00.279,n,-2.252709,6.862145,5.033258,1.550941,OverRange,OverRange,OverRange,10.932858,14.722622,-3.01605
2026/05/26 18:19:00.265,n,-2.217426,3.249754,5.768158,1.240098,OverRange,OverRange,OverRange,10.894054,14.711886,-2.903083
2026/05/26 18:20:00.267,n,-2.176627,5.023397,4.956928,0.839777,OverRange,OverRange,OverRange,10.92422,14.710844,-2.864262
2026/05/26 18:21:00.269,n,-2.162,6.808662,4.291483,1.313984,OverRange,OverRange,OverRange,10.939692,14.695806,-2.903169
2026/05/26 18:22:00.270,n,-2.23526,6.167736,6.294093,0.100899,OverRange,OverRange,OverRange,10.914338,14.68507,-2.895319
2026/05/26 18:23:00.273,n,-2.208701,6.020811,6.079054,0.062182,OverRange,OverRange,OverRange,10.920686,14.678666,-2.885592
2026/05/26 18:24:00.274,n,-2.179577,4.486594,5.587155,1.082673,OverRange,OverRange,OverRange,10.885168,14.676532,-2.926461
2026/05/26 18:25:00.277,n,-2.082967,3.514976,4.38279,1.430282,OverRange,OverRange,OverRange,10.894552,14.666838,-2.881753
2026/05/26 18:26:00.278,n,-2.191124,3.678272,3.924102,0.889403,OverRange,OverRange,OverRange,10.932088,14.653934,-2.823392
2026/05/26 18:27:00.281,n,-2.226151,5.838944,4.840987,1.518675,OverRange,OverRange,OverRange,10.923976,14.641064,-2.864347
2026/05/26 18:28:00.266,n,-2.223456,6.35462,4.956051,1.297311,OverRange,OverRange,OverRange,10.885396,14.633616,-2.864262
2026/05/26 18:29:00.268,n,-2.293637,3.869446,4.832578,1.205968,OverRange,OverRange,OverRange,10.837972,14.62715,-3.016135
2026/05/26 18:30:00.270,n,-2.31981,6.475723,5.14825,1.179915,OverRange,OverRange,OverRange,10.920944,14.613204,-2.973133
2026/05/26 18:31:00.272,n,-2.232181,3.844616,4.546412,1.253672,OverRange,OverRange,OverRange,10.850144,14.599258,-2.942161
2026/05/26 18:32:00.274,n,-2.495454,6.17851,5.506933,1.322478,OverRange,OverRange,OverRange,10.906982,14.591746,-3.088147
2026/05/26 18:33:00.276,n,-2.284656,3.643384,4.225766,1.097879,OverRange,OverRange,OverRange,10.857,14.588538,-2.9617
2026/05/26 18:34:00.281,n,-2.308135,6.072087,6.290621,0.264658,OverRange,OverRange,OverRange,10.8735,14.575634,-2.934226
2026/05/26 18:35:00.281,n,-2.267207,3.632335,3.77221,0.422031,OverRange,OverRange,OverRange,10.852946,14.56493,-2.961614
2026/05/26 18:36:00.282,n,-2.340339,3.443578,4.422216,1.397273,OverRange,OverRange,OverRange,10.894292,14.553134,-2.924585
2026/05/26 18:37:00.269,n,-2.322889,3.484218,4.883859,1.325704,OverRange,OverRange,OverRange,10.890244,14.548818,-2.969293
2026/05/26 18:38:00.270,n,-2.51316,3.804016,5.60372,1.392714,OverRange,OverRange,OverRange,10.846096,14.537022,-3.084393
2026/05/26 18:39:00.271,n,-2.501485,5.014367,5.174302,1.539053,OverRange,OverRange,OverRange,10.863602,14.533796,-2.899329
2026/05/26 18:40:00.276,n,-2.554088,6.586189,4.956939,1.671973,OverRange,OverRange,OverRange,10.847122,14.517714,-3.047363
2026/05/26 18:41:00.276,n,-2.448753,6.388326,4.959696,1.475618,OverRange,OverRange,OverRange,10.846608,14.513414,-2.975266
2026/05/26 18:42:00.261,n,-2.501485,3.277589,4.64642,1.64329,OverRange,OverRange,OverRange,10.818182,14.51879,-3.064854
2026/05/26 18:43:00.281,n,-2.404745,3.805575,4.492371,0.823886,OverRange,OverRange,OverRange,10.8225,14.512356,-2.872026
2026/05/26 18:44:00.282,n,-2.454655,3.70191,5.414229,1.378836,OverRange,OverRange,OverRange,10.826056,14.512356,-3.045401
2026/05/26 18:45:00.283,n,-2.392942,6.176169,5.093595,1.440521,OverRange,OverRange,OverRange,10.846594,14.515564,-3.033626
2026/05/26 18:46:00.269,n,-2.316987,6.2477,6.298695,0.111844,OverRange,OverRange,OverRange,10.80043,14.510206,-2.990794
2026/05/26 18:47:00.271,n,-2.323018,3.763877,4.682261,1.319881,OverRange,OverRange,OverRange,10.813878,14.51985,-2.996511
2026/05/26 18:48:00.257,n,-2.398844,3.260793,4.322383,1.244246,OverRange,OverRange,OverRange,10.88085,14.513414,-2.965454
2026/05/26 18:49:00.260,n,-2.398972,3.414717,4.150241,1.207621,OverRange,OverRange,OverRange,10.881862,14.51664,-2.95001
2026/05/26 18:50:00.261,n,-2.34932,6.319326,5.209601,1.547993,OverRange,OverRange,OverRange,10.87349,14.50698,-3.090024
2026/05/26 18:51:00.263,n,-2.407697,3.81572,4.508071,1.374578,OverRange,OverRange,OverRange,10.82985,14.509162,-3.099751
2026/05/26 18:52:00.265,n,-2.454526,6.30192,5.292616,1.336724,OverRange,OverRange,OverRange,10.905212,14.526042,-3.062806
2026/05/26 18:53:00.266,n,-2.007012,3.582094,4.710394,1.525688,OverRange,OverRange,OverRange,10.878404,14.52283,-2.835423
2026/05/26 18:54:00.270,n,-1.945556,6.240014,5.189227,1.500503,OverRange,OverRange,OverRange,10.8888,14.519606,-2.710853
2026/05/26 18:55:00.275,n,-1.974937,6.266864,4.999925,1.547502,OverRange,OverRange,OverRange,10.848202,14.505888,-2.835338
2026/05/26 18:56:00.256,n,-2.123895,6.06981,5.205685,1.147683,OverRange,OverRange,OverRange,10.81012,14.497302,-2.903169
2026/05/26 18:57:00.258,n,-2.059487,4.281994,5.860419,0.786201,OverRange,OverRange,OverRange,10.796682,14.49947,-2.961614
2026/05/26 18:58:00.261,n,-2.161872,6.530942,4.991379,1.599546,OverRange,OverRange,OverRange,10.862396,14.491908,-2.864262
2026/05/26 18:59:00.264,n,-2.173675,6.409453,4.624583,1.347423,OverRange,OverRange,OverRange,10.820272,14.48013,-2.786533
2026/05/26 19:00:00.264,n,-2.199849,4.561453,4.602461,1.508789,OverRange,OverRange,OverRange,10.806584,14.472604,-2.875865
2026/05/26 19:01:00.266,n,-2.311214,6.150186,6.26276,0.063445,OverRange,OverRange,OverRange,10.81165,14.468302,-2.975351
2026/05/26 19:02:00.269,n,-2.179192,6.497708,5.344111,1.506938,OverRange,OverRange,OverRange,10.829164,14.460794,-2.942246
2026/05/26 19:03:00.272,n,-2.173675,6.322676,5.04597,1.459369,OverRange,OverRange,OverRange,10.790074,14.45333,-2.907093
2026/05/26 19:04:00.274,n,-2.071163,3.80327,4.776924,1.485826,OverRange,OverRange,OverRange,10.809622,14.44683,-2.922622
2026/05/26 19:05:00.257,n,-2.138521,6.456471,4.921187,1.102391,OverRange,OverRange,OverRange,10.855794,14.445756,-2.868272
2026/05/26 19:06:00.262,n,-2.261305,3.707477,5.325625,1.429182,OverRange,OverRange,OverRange,10.787054,14.430766,-3.111696
2026/05/26 19:07:00.263,n,-2.375493,5.114274,4.888792,1.505667,OverRange,OverRange,OverRange,10.822312,14.42215,-3.039684
2026/05/26 19:08:00.264,n,-2.223456,6.013261,4.947308,1.378823,OverRange,OverRange,OverRange,10.791362,14.417864,-2.934397
2026/05/26 19:09:00.265,n,-2.319939,6.312132,5.12329,1.357611,OverRange,OverRange,OverRange,10.765712,14.412472,-2.981153
2026/05/26 19:10:00.267,n,-2.340339,6.16543,5.19096,1.308502,OverRange,OverRange,OverRange,10.757604,14.407078,-2.971426
2026/05/26 19:11:00.270,n,-2.240905,3.799336,4.981108,1.527613,OverRange,OverRange,OverRange,10.715474,14.395316,-2.930472
2026/05/26 19:12:00.271,n,-2.261177,6.340595,5.185179,1.418896,OverRange,OverRange,OverRange,10.758632,14.389942,-2.948048
2026/05/26 19:13:00.257,n,-2.328791,6.489395,5.370926,1.320512,OverRange,OverRange,OverRange,10.756308,14.380264,-3.02006
2026/05/26 19:14:00.259,n,-2.445802,6.472315,4.9296,1.635224,OverRange,OverRange,OverRange,10.796662,14.374904,-3.022107
2026/05/26 19:15:00.392,n,-2.369591,3.883718,4.659769,1.410755,OverRange,OverRange,OverRange,10.73171,14.372754,-2.944208
2026/05/26 19:16:00.311,n,-2.343289,6.16168,5.073614,1.304354,OverRange,OverRange,OverRange,10.76294,14.369544,-2.946086
2026/05/26 19:17:00.266,n,-2.369719,3.296402,5.101522,1.461087,OverRange,OverRange,OverRange,10.728154,14.356658,-2.91298
2026/05/26 19:18:00.266,n,-2.278882,6.094398,5.019956,1.511013,OverRange,OverRange,OverRange,10.769522,14.352342,-2.920745
2026/05/26 19:19:00.269,n,-2.24655,3.783877,4.36977,1.377603,OverRange,OverRange,OverRange,10.704794,14.353416,-2.911018
2026/05/26 19:20:00.271,n,-2.337387,6.113226,5.022352,1.539163,OverRange,OverRange,OverRange,10.778142,14.353416,-2.862299
2026/05/26 19:21:00.274,n,-2.378572,3.906438,4.3791,1.016388,OverRange,OverRange,OverRange,10.693386,14.353416,-3.076799
2026/05/26 19:22:00.259,n,-2.352142,6.335145,5.161917,1.54092,OverRange,OverRange,OverRange,10.763952,14.354492,-2.98303
2026/05/26 19:23:00.261,n,-2.375621,3.945628,4.839518,1.458404,OverRange,OverRange,OverRange,10.683736,14.351266,-3.175943
2026/05/26 19:24:00.263,n,-2.372414,6.220201,5.466378,1.302458,OverRange,OverRange,OverRange,10.772568,14.352342,-2.977228
2026/05/26 19:25:00.265,n,-2.223328,6.258345,5.076467,1.361947,OverRange,OverRange,OverRange,10.723582,14.349098,-3.033711
2026/05/26 19:26:00.266,n,-2.37267,6.101491,5.088672,1.480141,OverRange,OverRange,OverRange,10.72231,14.348024,-3.055212
2026/05/26 19:27:00.268,n,-2.261305,5.962986,4.674598,1.293232,OverRange,OverRange,OverRange,10.747422,14.34698,-3.012296
2026/05/26 19:28:00.270,n,-2.217426,6.501374,4.995634,1.563734,OverRange,OverRange,OverRange,10.746678,14.342696,-2.975437
2026/05/26 19:29:00.272,n,-2.264384,6.531499,4.87159,1.476863,OverRange,OverRange,OverRange,10.753016,14.34162,-3.035759
2026/05/26 19:30:00.276,n,-2.270158,3.890825,4.605063,1.338337,OverRange,OverRange,OverRange,10.686788,14.336228,-3.045315
2026/05/26 19:31:00.259,n,-2.185351,5.741597,4.550516,0.911013,OverRange,OverRange,OverRange,10.7647,14.335154,-2.838836
2026/05/26 19:32:00.262,n,-2.150325,5.598145,5.808866,0.396672,OverRange,OverRange,OverRange,10.730972,14.334046,-2.879876
2026/05/26 19:33:00.263,n,-2.150068,6.321687,5.886298,0.813834,OverRange,OverRange,OverRange,10.727132,14.32657,-2.866224
2026/05/26 19:34:00.265,n,-2.080016,4.741547,5.987497,0.614541,OverRange,OverRange,OverRange,10.714462,14.31474,-2.784486
2026/05/26 19:35:00.269,n,-2.079887,6.394501,6.163021,0.136384,OverRange,OverRange,OverRange,10.733242,14.315816,-2.831242
2026/05/26 19:36:00.269,n,-2.156098,6.551823,4.946212,1.425485,OverRange,OverRange,OverRange,10.718776,14.31049,-2.95001
2026/05/26 19:37:00.270,n,-2.161872,6.022967,5.253425,1.317197,OverRange,OverRange,OverRange,10.720796,14.305096,-2.877828
2026/05/26 19:38:00.272,n,-2.144295,6.29016,4.833525,1.408177,OverRange,OverRange,OverRange,10.70456,14.299704,-2.883801
2026/05/26 19:39:00.276,n,-2.144295,3.791319,4.688615,0.903758,OverRange,OverRange,OverRange,10.692886,14.292194,-3.035759
2026/05/26 19:40:00.260,n,-2.241033,3.253832,4.93505,1.468877,OverRange,OverRange,OverRange,10.745926,14.287862,-2.961614
2026/05/26 19:41:00.261,n,-2.340339,3.707198,3.799216,0.080813,OverRange,OverRange,OverRange,10.78856,14.288968,-3.049325
2026/05/26 19:42:00.264,n,-2.334565,3.49182,3.929909,0.493261,OverRange,OverRange,OverRange,10.789582,14.281426,-2.992842
2026/05/26 19:43:00.266,n,-2.39307,3.591842,4.162041,1.309706,OverRange,OverRange,OverRange,10.754044,14.277142,-3.174066
2026/05/26 19:44:00.267,n,-2.4807,6.0757,5.073184,1.378973,OverRange,OverRange,OverRange,10.727138,14.27395,-3.176028
2026/05/26 19:45:00.270,n,-2.381395,3.720076,4.796549,1.43635,OverRange,OverRange,OverRange,10.694656,14.267464,-3.316042
2026/05/26 19:46:00.271,n,-2.524579,3.716344,3.74468,0.115641,OverRange,OverRange,OverRange,10.77029,14.265314,-3.25973
2026/05/26 19:47:00.273,n,-2.448624,6.173066,5.833846,1.011723,OverRange,OverRange,OverRange,10.757106,14.26209,-3.18951
2026/05/26 19:48:00.275,n,-2.349191,6.429232,5.470214,1.459113,OverRange,OverRange,OverRange,10.70809,14.257806,-3.236266
2026/05/26 19:49:00.260,n,-2.547929,3.119542,4.442609,1.57128,OverRange,OverRange,OverRange,10.73375,14.25137,-3.360751
2026/05/26 19:50:00.263,n,-2.48673,3.606324,3.751183,0.102928,OverRange,OverRange,OverRange,10.731212,14.244936,-3.191472
2026/05/26 19:51:00.265,n,-2.436949,6.37159,5.813328,1.153953,OverRange,OverRange,OverRange,10.689586,14.240618,-3.140876
2026/05/26 19:52:00.266,n,-2.574359,6.868415,4.416573,1.250203,OverRange,OverRange,OverRange,10.689082,14.238436,-3.360921
2026/05/26 19:53:00.269,n,-2.641846,3.792882,3.953037,0.319767,OverRange,OverRange,OverRange,10.692616,14.241694,-3.308193
2026/05/26 19:54:00.270,n,-2.662246,6.107015,4.962532,1.172885,OverRange,OverRange,OverRange,10.72613,14.249188,-3.286862
2026/05/26 19:55:00.272,n,-2.55396,4.197889,5.194538,1.384113,OverRange,OverRange,OverRange,10.619,14.243828,-3.355034
2026/05/26 19:56:00.273,n,-2.48673,5.759369,5.433088,1.183968,OverRange,OverRange,OverRange,10.668518,14.244936,-3.283022
2026/05/26 19:57:00.276,n,-2.559605,6.210972,5.787472,1.307309,OverRange,OverRange,OverRange,10.666748,14.253488,-3.31024
2026/05/26 19:58:00.260,n,-2.363689,3.81776,5.151431,1.292644,OverRange,OverRange,OverRange,10.61849,14.253488,-3.318004
2026/05/26 19:59:00.264,n,-2.381138,6.105974,5.756962,0.936979,OverRange,OverRange,OverRange,10.691606,14.25673,-3.150603
2026/05/26 20:00:00.265,n,-2.352014,6.412363,6.304903,0.05658,OverRange,OverRange,OverRange,10.640844,14.253488,-3.28106
2026/05/26 20:01:00.267,n,-2.495326,6.437297,5.809616,1.176586,OverRange,OverRange,OverRange,10.648946,14.255654,-3.382252
2026/05/26 20:02:00.268,n,-2.518934,3.648177,3.663379,0.202093,OverRange,OverRange,OverRange,10.70049,14.264272,-3.300513
2026/05/26 20:03:00.270,n,-2.4399,3.786525,3.916756,0.710226,OverRange,OverRange,OverRange,10.730434,14.25888,-3.2227
2026/05/26 20:04:00.274,n,-2.65057,6.297967,4.638096,1.381262,OverRange,OverRange,OverRange,10.742376,14.264272,-3.388224
2026/05/26 20:05:00.276,n,-2.486601,3.714774,5.499648,1.175175,OverRange,OverRange,OverRange,10.619004,14.257806,-3.413566
2026/05/26 20:06:00.277,n,-2.480828,6.100581,5.82646,0.945868,OverRange,OverRange,OverRange,10.677914,14.263132,-3.177735
2026/05/26 20:07:00.262,n,-2.471847,5.941444,5.964601,0.587017,OverRange,OverRange,OverRange,10.60935,14.254596,-3.26937
2026/05/26 20:08:00.264,n,-2.419243,3.643985,3.890711,0.341704,OverRange,OverRange,OverRange,10.649216,14.25137,-3.167923
2026/05/26 20:09:00.268,n,-2.404745,6.10107,4.583508,1.295266,OverRange,OverRange,OverRange,10.705826,14.252412,-3.094119
2026/05/26 20:10:00.268,n,-2.404617,5.951406,6.032541,0.071154,OverRange,OverRange,OverRange,10.616476,14.243828,-3.197359
2026/05/26 20:11:00.271,n,-2.495198,6.349662,5.599223,1.246107,OverRange,OverRange,OverRange,10.621516,14.235258,-3.397866
2026/05/26 20:12:00.273,n,-2.369463,6.766726,5.061873,1.509008,OverRange,OverRange,OverRange,10.605794,14.227716,-3.226539
2026/05/26 20:13:00.274,n,-2.357916,6.293881,5.553208,1.406197,OverRange,OverRange,OverRange,10.593084,14.22449,-3.195311
2026/05/26 20:14:00.283,n,-2.577182,6.17575,5.776052,1.107799,OverRange,OverRange,OverRange,10.629182,14.220176,-3.304523
2026/05/26 20:15:00.283,n,-2.469153,6.260512,6.213608,0.080378,OverRange,OverRange,OverRange,10.59489,14.212664,-3.261521
2026/05/26 20:16:00.265,n,-2.401795,5.365539,5.586396,1.233182,OverRange,OverRange,OverRange,10.60377,14.211622,-3.28891
2026/05/26 20:17:00.266,n,-2.472103,3.654268,3.678423,0.153511,OverRange,OverRange,OverRange,10.688298,14.201946,-3.283022
2026/05/26 20:18:00.268,n,-2.425146,6.124217,5.27519,1.260258,OverRange,OverRange,OverRange,10.673336,14.198688,-3.234218
2026/05/26 20:19:00.271,n,-2.381138,6.587818,6.021287,0.979863,OverRange,OverRange,OverRange,10.570248,14.18686,-3.224491
2026/05/26 20:20:00.272,n,-2.401666,4.987721,4.005198,0.563208,OverRange,OverRange,OverRange,10.591574,14.181468,-3.199321
2026/05/26 20:21:00.274,n,-2.478006,3.367551,4.592096,1.348618,OverRange,OverRange,OverRange,10.607586,14.175066,-3.173896
2026/05/26 20:22:00.277,n,-2.463251,5.609476,4.101224,0.757381,OverRange,OverRange,OverRange,10.648194,14.165388,-3.21485
2026/05/26 20:23:00.280,n,-2.463379,3.039105,5.513195,1.342724,OverRange,OverRange,OverRange,10.59665,14.161088,-3.224491
2026/05/26 20:24:00.281,n,-2.442722,4.410042,4.440783,1.331841,OverRange,OverRange,OverRange,10.62053,14.156772,-3.310155
2026/05/26 20:25:00.266,n,-2.512903,6.215317,5.049135,1.144634,OverRange,OverRange,OverRange,10.623562,14.150306,-3.314165
2026/05/26 20:26:00.269,n,-2.501356,3.87868,4.38384,1.165101,OverRange,OverRange,OverRange,10.562358,14.138512,-3.351024
2026/05/26 20:27:00.270,n,-2.568329,3.583975,4.673246,1.55121,OverRange,OverRange,OverRange,10.66824,14.134194,-3.210925
2026/05/26 20:28:00.272,n,-2.586291,3.845032,4.862126,1.542404,OverRange,OverRange,OverRange,10.620998,14.12779,-3.199151
2026/05/26 20:29:00.277,n,-2.659423,6.543252,4.85999,1.790848,OverRange,OverRange,OverRange,10.65833,14.122366,-3.327902
2026/05/26 20:30:00.277,n,-2.489552,6.712197,4.752605,1.604743,OverRange,OverRange,OverRange,10.628362,14.126684,-3.220737
2026/05/26 20:31:00.279,n,-2.498405,6.552044,5.082958,1.446919,OverRange,OverRange,OverRange,10.614172,14.119142,-3.205123
2026/05/26 20:32:00.279,n,-2.419372,6.637278,5.782344,1.262236,OverRange,OverRange,OverRange,10.544842,14.126684,-3.166046
2026/05/26 20:33:00.281,n,-2.404745,6.983291,5.648602,1.436217,OverRange,OverRange,OverRange,10.545344,14.122366,-3.354949
2026/05/26 20:34:00.267,n,-2.41347,6.068193,5.651668,1.116134,OverRange,OverRange,OverRange,10.586488,14.124534,-3.271248
2026/05/26 20:35:00.269,n,-2.445674,3.874633,5.054931,1.305895,OverRange,OverRange,OverRange,10.582942,14.12346,-3.323892
2026/05/26 20:36:00.272,n,-2.501356,3.979254,4.402109,0.87792,OverRange,OverRange,OverRange,10.64056,14.12561,-3.335581
2026/05/26 20:37:00.274,n,-2.460428,4.60814,5.228087,1.35654,OverRange,OverRange,OverRange,10.592814,14.128818,-3.335581
2026/05/26 20:38:00.275,n,-2.512904,3.777,4.03093,0.456948,OverRange,OverRange,OverRange,10.628398,14.12561,-3.325769
2026/05/26 20:39:00.277,n,-2.463379,4.821098,4.392365,1.227762,OverRange,OverRange,OverRange,10.62561,14.12561,-3.224491
2026/05/26 20:40:00.280,n,-2.469153,6.00649,6.0241,0.765936,OverRange,OverRange,OverRange,10.575064,14.121292,-3.275173
2026/05/26 20:41:00.282,n,-2.492632,3.125941,5.211272,1.293644,OverRange,OverRange,OverRange,10.546118,14.118034,-3.294626
2026/05/26 20:42:00.283,n,-2.600918,6.140451,5.821685,1.009762,OverRange,OverRange,OverRange,10.557552,14.118034,-3.267408
2026/05/26 20:43:00.270,n,-2.524707,3.539312,5.514987,1.129337,OverRange,OverRange,OverRange,10.461538,14.116992,-3.316042
2026/05/26 20:44:00.270,n,-2.641846,3.863817,4.303266,1.076444,OverRange,OverRange,OverRange,10.586492,14.109466,-3.28123
2026/05/26 20:45:00.271,n,-2.747438,6.029541,5.290534,1.353719,OverRange,OverRange,OverRange,10.506506,14.096596,-3.298551
2026/05/26 20:46:00.273,n,-2.653521,6.212887,4.669833,1.333666,OverRange,OverRange,OverRange,10.496852,14.091188,-3.319967
2026/05/26 20:47:00.276,n,-2.729475,6.51604,4.141962,1.202005,OverRange,OverRange,OverRange,10.504216,14.084738,-3.325854
2026/05/26 20:48:00.278,n,-2.753339,3.778207,4.491573,1.263331,OverRange,OverRange,OverRange,10.428752,14.081512,-3.452386
2026/05/26 20:49:00.282,n,-2.843663,6.103834,5.338341,1.26617,OverRange,OverRange,OverRange,10.48491,14.06537,-3.403753
2026/05/26 20:50:00.281,n,-2.849437,3.821252,4.955148,1.497515,OverRange,OverRange,OverRange,10.41531,14.058968,-3.60042
2026/05/26 20:51:00.286,n,-3.060364,6.213659,5.940672,1.107169,OverRange,OverRange,OverRange,10.451626,14.046034,-3.617911
2026/05/26 20:52:00.270,n,-3.16865,6.287092,5.576975,1.190832,OverRange,OverRange,OverRange,10.412502,14.036342,-3.729086
2026/05/26 20:53:00.271,n,-3.30606,6.372041,4.961081,1.365216,OverRange,OverRange,OverRange,10.444514,14.023472,-3.808692
2026/05/26 20:54:00.273,n,-3.466949,5.22945,5.839741,0.349892,OverRange,OverRange,OverRange,10.412024,14.014838,-3.958944
2026/05/26 20:55:00.275,n,-3.566639,5.976381,5.487534,1.29406,OverRange,OverRange,OverRange,10.403626,13.998682,-3.980189
2026/05/26 20:56:00.276,n,-3.622065,5.501129,5.956848,0.249695,OverRange,OverRange,OverRange,10.371862,13.98257,-4.081551
2026/05/26 20:57:00.279,n,-3.721627,6.024657,4.456811,1.478764,OverRange,OverRange,OverRange,10.414296,13.970744,-4.05604
2026/05/26 20:58:00.281,n,-3.745106,6.094165,5.367629,1.10063,OverRange,OverRange,OverRange,10.33756,13.952452,-4.097165
2026/05/26 20:59:00.266,n,-3.794886,6.070041,6.220099,0.118225,OverRange,OverRange,OverRange,10.280366,13.936294,-4.188545
2026/05/26 21:00:00.268,n,-3.836071,4.487741,5.588331,0.977571,OverRange,OverRange,OverRange,10.22675,13.923408,-4.313287
2026/05/26 21:01:00.270,n,-3.944357,3.836828,3.948047,0.119642,OverRange,OverRange,OverRange,10.31163,13.90404,-4.28001
2026/05/26 21:02:00.273,n,-4.06124,3.678582,4.126241,1.137873,OverRange,OverRange,OverRange,10.329686,13.886806,-4.344514
2026/05/26 21:03:00.257,n,-4.181458,6.200468,5.582488,1.270604,OverRange,OverRange,OverRange,10.278082,13.904186,-4.424376
2026/05/26 21:04:00.260,n,-3.894192,3.670621,5.015147,1.388863,OverRange,OverRange,OverRange,10.24313,13.881576,-4.141703
2026/05/26 21:05:00.263,n,-4.078688,6.168535,5.410935,1.605238,OverRange,OverRange,OverRange,10.291164,13.868676,-4.175065
2026/05/26 21:06:00.264,n,-4.07253,3.653492,3.945246,1.310003,OverRange,OverRange,OverRange,10.242112,13.84496,-4.289822
2026/05/26 21:07:00.266,n,-4.133986,3.608981,4.533664,1.543427,OverRange,OverRange,OverRange,10.263728,13.8267,-4.387175
2026/05/26 21:08:00.268,n,-4.268959,6.258014,5.387822,1.564104,OverRange,OverRange,OverRange,10.25763,13.81266,-4.424376
2026/05/26 21:09:00.270,n,-4.163496,3.920196,4.540217,1.060374,OverRange,OverRange,OverRange,10.121852,13.796518,-4.586061
2026/05/26 21:10:00.271,n,-4.295389,6.147443,6.259308,0.180001,OverRange,OverRange,OverRange,10.192292,13.776076,-4.644506
2026/05/26 21:11:00.258,n,-4.268959,6.255251,5.657026,1.197014,OverRange,OverRange,OverRange,10.152634,13.758826,-4.663874
2026/05/26 21:12:00.260,n,-4.33606,4.700249,5.009572,1.060308,OverRange,OverRange,OverRange,10.142944,13.73625,-4.695102
2026/05/26 21:13:00.264,n,-4.353894,5.128255,5.449553,1.175532,OverRange,OverRange,OverRange,10.136078,13.714668,-4.7515
2026/05/26 21:14:00.265,n,-4.336317,3.897738,5.132239,1.324816,OverRange,OverRange,OverRange,10.11319,13.69421,-4.763275
2026/05/26 21:15:00.265,n,-4.356589,3.946171,4.954655,1.340266,OverRange,OverRange,OverRange,10.090292,13.676994,-4.720699
2026/05/26 21:16:00.268,n,-4.438573,6.30671,4.850122,1.187946,OverRange,OverRange,OverRange,10.136074,13.64898,-4.673772
2026/05/26 21:17:00.269,n,-4.4124,3.897222,4.113301,1.027803,OverRange,OverRange,OverRange,10.097668,13.623098,-4.72232
2026/05/26 21:18:00.271,n,-4.508882,3.273044,5.236712,1.35756,OverRange,OverRange,OverRange,10.07605,13.601552,-4.761398
2026/05/26 21:19:00.272,n,-4.485531,3.778068,4.646549,1.355076,OverRange,OverRange,OverRange,10.052638,13.570278,-4.847317
2026/05/26 21:20:00.258,n,-4.511833,3.460487,4.757959,1.405624,OverRange,OverRange,OverRange,10.067902,13.548762,-4.852948
2026/05/26 21:21:00.261,n,-4.553017,4.83013,4.989374,1.172217,OverRange,OverRange,OverRange,10.026684,13.517492,-4.921206
2026/05/26 21:22:00.262,n,-4.573417,4.034987,4.539969,1.121829,OverRange,OverRange,OverRange,10.033554,13.495912,-4.966085
2026/05/26 21:23:00.264,n,-4.646549,4.128629,5.229316,1.30168,OverRange,OverRange,OverRange,10.009624,13.46788,-4.909432
2026/05/26 21:24:00.265,n,-4.658224,5.92139,5.382311,1.20846,OverRange,OverRange,OverRange,10.032558,13.442,-4.866686
2026/05/26 21:25:00.268,n,-4.675802,3.437675,4.570519,1.562613,OverRange,OverRange,OverRange,9.903234,13.418288,-4.96984
2026/05/26 21:26:00.271,n,-4.737514,6.514562,5.399772,1.442709,OverRange,OverRange,OverRange,9.942226,13.395616,-4.934858
2026/05/26 21:27:00.272,n,-4.842721,6.22806,5.370078,1.449858,OverRange,OverRange,OverRange,9.84573,13.365372,-4.892026
2026/05/26 21:28:00.259,n,-4.930608,3.306599,4.186689,1.180814,OverRange,OverRange,OverRange,9.897934,13.344934,-5.040145
2026/05/26 21:29:00.261,n,-4.886728,3.321557,5.306271,1.403107,OverRange,OverRange,OverRange,9.872228,13.321188,-5.10627
2026/05/26 21:30:00.260,n,-4.854524,6.251703,4.987145,1.464409,OverRange,OverRange,OverRange,9.88851,13.29096,-4.964208
2026/05/26 21:31:00.263,n,-4.883777,6.354287,5.09789,1.483326,OverRange,OverRange,OverRange,9.834804,13.261824,-4.964038
2026/05/26 21:32:00.266,n,-4.918932,3.300168,4.861142,1.741962,OverRange,OverRange,OverRange,9.832516,13.237004,-5.090826
2026/05/26 21:33:00.267,n,-4.8458,6.612467,4.785701,1.414149,OverRange,OverRange,OverRange,9.935094,13.25119,-5.098505
2026/05/26 21:34:00.269,n,-4.327977,3.452603,5.3676,1.382992,OverRange,OverRange,OverRange,9.949234,13.22637,-4.857385
2026/05/26 21:35:00.270,n,-4.284227,3.86379,5.147027,1.330853,OverRange,OverRange,OverRange,9.97112,13.198278,-4.837847
2026/05/26 21:36:00.273,n,-4.301676,6.494071,5.381894,1.635833,OverRange,OverRange,OverRange,10.00293,13.18318,-4.876924
2026/05/26 21:37:00.258,n,-4.286793,6.100577,6.049965,0.265205,OverRange,OverRange,OverRange,9.981578,13.159404,-4.845611
2026/05/26 21:38:00.261,n,-4.3104,6.244326,6.04321,0.210735,OverRange,OverRange,OverRange,9.969336,13.144306,-4.845696
2026/05/26 21:39:00.262,n,-4.313351,3.367298,5.076988,1.468952,OverRange,OverRange,OverRange,9.960684,13.128136,-4.730767
2026/05/26 21:40:00.347,n,-4.360053,3.706928,3.777989,0.072397,OverRange,OverRange,OverRange,10.015672,13.1076,-4.678123
2026/05/26 21:41:00.267,n,-4.354279,3.696715,3.747929,0.087782,OverRange,OverRange,OverRange,9.99378,13.091364,-4.756022
2026/05/26 21:42:00.319,n,-4.480399,3.880141,3.798112,0.073111,OverRange,OverRange,OverRange,10.014914,13.08169,-4.718992
2026/05/26 21:43:00.359,n,-4.374679,3.705876,5.202265,1.34325,OverRange,OverRange,OverRange,9.931412,13.065454,-4.833921
2026/05/26 21:44:00.272,n,-4.406883,3.202463,4.989909,1.688952,OverRange,OverRange,OverRange,9.926556,13.056808,-4.756022
2026/05/26 21:45:00.275,n,-4.392257,3.414384,4.785121,1.468288,OverRange,OverRange,OverRange,9.958644,13.04495,-4.820441
2026/05/26 21:46:00.260,n,-4.322076,6.412787,5.534442,1.218543,OverRange,OverRange,OverRange,10.009028,13.046026,-4.820356
2026/05/26 21:47:00.263,n,-4.365698,6.240742,6.188557,0.125073,OverRange,OverRange,OverRange,9.863714,13.035214,-4.781448
2026/05/26 21:48:00.267,n,-4.524021,3.608717,4.045882,1.039251,OverRange,OverRange,OverRange,9.896032,13.028748,-4.759862
2026/05/26 21:49:00.268,n,-4.617938,3.834013,4.775412,1.419882,OverRange,OverRange,OverRange,9.898076,13.013586,-4.847744
2026/05/26 21:50:00.270,n,-4.617553,3.390078,5.346404,1.587728,OverRange,OverRange,OverRange,9.88737,13.00388,-4.880763
2026/05/26 21:51:00.269,n,-4.582912,3.456477,5.130199,1.447841,OverRange,OverRange,OverRange,9.848166,12.989844,-4.933322
2026/05/26 21:52:00.271,n,-4.582655,3.531918,4.828296,1.466642,OverRange,OverRange,OverRange,9.89501,12.982286,-5.015231
2026/05/26 21:53:00.276,n,-4.535697,5.937138,5.237895,1.519493,OverRange,OverRange,OverRange,9.88712,12.969292,-5.017193
2026/05/26 21:54:00.276,n,-4.574188,6.465781,5.24516,1.477789,OverRange,OverRange,OverRange,9.875428,12.959586,-5.005589
2026/05/26 21:55:00.261,n,-4.635258,4.854445,4.680797,1.523295,OverRange,OverRange,OverRange,9.837994,12.93897,-4.98588
2026/05/26 21:56:00.263,n,-4.708647,6.260618,4.972376,1.648523,OverRange,OverRange,OverRange,9.830852,12.931494,-4.980163
2026/05/26 21:57:00.265,n,-4.784601,3.297945,4.844373,1.709086,OverRange,OverRange,OverRange,9.735652,12.91749,-5.017108
2026/05/26 21:58:00.267,n,-4.922268,3.6162,4.714615,1.514328,OverRange,OverRange,OverRange,9.74992,12.90355,-4.995692
2026/05/26 21:59:00.272,n,-4.960373,6.581046,5.088202,1.730526,OverRange,OverRange,OverRange,9.798534,12.877758,-5.102856
2026/05/26 22:00:00.271,n,-4.983852,3.865415,4.591586,1.535806,OverRange,OverRange,OverRange,9.760574,12.863802,-5.202257
2026/05/26 22:01:00.272,n,-5.030425,6.599765,5.134703,1.555619,OverRange,OverRange,OverRange,9.794968,12.845532,-5.173076
2026/05/26 22:02:00.275,n,-4.98103,6.59124,4.948126,1.744002,OverRange,OverRange,OverRange,9.733872,12.831542,-5.134084
2026/05/26 22:03:00.277,n,-5.048002,6.414075,4.604618,1.46058,OverRange,OverRange,OverRange,9.688366,12.80899,-5.069752
2026/05/26 22:04:00.264,n,-5.080591,6.300229,5.255423,1.34185,OverRange,OverRange,OverRange,9.697022,12.827586,-5.221796
2026/05/26 22:05:00.266,n,-4.582783,3.9497,4.841638,1.426859,OverRange,OverRange,OverRange,9.68504,12.8029,-4.974447
2026/05/26 22:06:00.266,n,-4.562383,3.470454,4.956097,1.598805,OverRange,OverRange,OverRange,9.733638,12.792152,-4.980334
2026/05/26 22:07:00.267,n,-4.538904,4.001538,4.855091,1.442852,OverRange,OverRange,OverRange,9.719656,12.771748,-4.962758
2026/05/26 22:08:00.269,n,-4.571236,6.301185,5.142868,1.232958,OverRange,OverRange,OverRange,9.76972,12.758852,-4.857556
2026/05/26 22:09:00.272,n,-4.574058,3.644163,4.959246,1.652332,OverRange,OverRange,OverRange,9.782716,12.74164,-5.021118
2026/05/26 22:10:00.275,n,-4.515553,3.372069,4.990312,1.681206,OverRange,OverRange,OverRange,9.764674,12.721204,-4.980249
2026/05/26 22:11:00.276,n,-4.284227,6.393226,5.378251,1.440391,OverRange,OverRange,OverRange,9.76118,12.706192,-4.914039
2026/05/26 22:12:00.277,n,-4.184665,4.019174,4.427671,1.15746,OverRange,OverRange,OverRange,9.740474,12.695412,-4.760289
2026/05/26 22:13:00.263,n,-4.170167,6.437899,5.098376,1.572117,OverRange,OverRange,OverRange,9.811738,12.686798,-4.66268
2026/05/26 22:14:00.266,n,-4.135012,6.608325,4.898766,1.38729,OverRange,OverRange,OverRange,9.689738,12.671768,-4.584696
2026/05/26 22:15:00.267,n,-4.132062,3.952586,4.529651,1.123138,OverRange,OverRange,OverRange,9.650188,12.66208,-4.495108
2026/05/26 22:16:00.270,n,-4.202242,6.731807,4.753046,1.507122,OverRange,OverRange,OverRange,9.750488,12.65884,-4.407397
2026/05/26 22:17:00.272,n,-4.029806,6.126041,5.208409,1.492009,OverRange,OverRange,OverRange,9.76261,12.642752,-4.516438
2026/05/26 22:18:00.273,n,-3.882901,3.721766,4.907848,1.322583,OverRange,OverRange,OverRange,9.702886,12.640586,-4.461918
2026/05/26 22:19:00.276,n,-3.888931,5.985624,5.581414,1.159073,OverRange,OverRange,OverRange,9.75826,12.635228,-4.395793
2026/05/26 22:20:00.278,n,-4.07933,6.54463,4.703633,1.467396,OverRange,OverRange,OverRange,9.698604,12.637346,-4.380093
2026/05/26 22:21:00.281,n,-4.149254,6.523247,5.110193,1.46829,OverRange,OverRange,OverRange,9.716844,12.640586,-4.473521
2026/05/26 22:22:00.265,n,-4.134884,6.58553,4.594034,1.553491,OverRange,OverRange,OverRange,9.750128,12.640586,-4.549628
2026/05/26 22:23:00.266,n,-4.284226,3.40079,4.978279,1.406946,OverRange,OverRange,OverRange,9.696716,12.63093,-4.703549
2026/05/26 22:24:00.270,n,-4.023519,6.510996,5.040307,1.591266,OverRange,OverRange,OverRange,9.774568,12.634122,-4.553468
2026/05/26 22:25:00.271,n,-3.953339,6.659337,4.862487,1.419452,OverRange,OverRange,OverRange,9.768708,12.648644,-4.434444
2026/05/26 22:26:00.273,n,-3.426663,6.098099,5.152167,1.460814,OverRange,OverRange,OverRange,9.824666,12.648644,-4.176003
2026/05/26 22:27:00.277,n,-3.271547,3.531006,4.489011,1.632541,OverRange,OverRange,OverRange,9.79945,12.645422,-4.051092
2026/05/26 22:28:00.278,n,-3.329924,3.357312,5.033453,1.601985,OverRange,OverRange,OverRange,9.79361,12.649706,-4.021911
2026/05/26 22:29:00.278,n,-3.324279,4.200734,5.503184,1.452453,OverRange,OverRange,OverRange,9.794612,12.650812,-4.029761
2026/05/26 22:30:00.281,n,-3.172114,6.492784,5.039638,1.591887,OverRange,OverRange,OverRange,9.780666,12.651886,-3.897426
2026/05/26 22:31:00.268,n,-3.245245,6.261544,5.256116,1.398778,OverRange,OverRange,OverRange,9.78954,12.652618,-3.940088
2026/05/26 22:32:00.268,n,-3.532126,3.62255,4.506798,1.525302,OverRange,OverRange,OverRange,9.766464,12.648368,-4.195201
2026/05/26 22:33:00.271,n,-3.666971,3.338338,5.048239,1.752774,OverRange,OverRange,OverRange,9.781484,12.650484,-4.273355
2026/05/26 22:34:00.275,n,-3.722268,6.322758,5.08318,1.635516,OverRange,OverRange,OverRange,9.822998,12.647294,-4.323866
2026/05/26 22:35:00.276,n,-3.92152,6.455824,5.050802,1.619798,OverRange,OverRange,OverRange,9.767716,12.644038,-4.438966
2026/05/26 22:36:00.278,n,-4.287563,6.506906,4.981423,1.636519,OverRange,OverRange,OverRange,9.74022,12.64298,-4.637511
2026/05/26 22:37:00.279,n,-4.13822,3.246076,4.827506,1.651051,OverRange,OverRange,OverRange,9.69746,12.644038,-4.491524
2026/05/26 22:38:00.281,n,-4.123209,3.714454,4.911978,1.573504,OverRange,OverRange,OverRange,9.74709,12.630084,-4.551932
2026/05/26 22:39:00.283,n,-3.962448,6.124688,5.857032,1.27906,OverRange,OverRange,OverRange,9.73703,12.622544,-4.534356
2026/05/26 22:40:00.270,n,-3.751649,4.276255,4.563514,1.338045,OverRange,OverRange,OverRange,9.728786,12.617124,-4.524629
2026/05/26 22:41:01.168,n,-3.617062,3.444126,5.779637,1.209257,OverRange,OverRange,OverRange,9.77206,12.61823,-4.329754
2026/05/26 22:42:00.273,n,-3.411908,3.130288,5.290436,1.510883,OverRange,OverRange,OverRange,9.773846,12.609648,-4.284874
2026/05/26 22:43:00.277,n,-3.379705,3.705461,3.985762,0.738967,OverRange,OverRange,OverRange,9.815608,12.607468,-4.121141
2026/05/26 22:44:00.276,n,-3.292075,3.798812,5.803653,1.050532,OverRange,OverRange,OverRange,9.73576,12.603152,-4.136925
2026/05/26 22:45:00.278,n,-3.204317,6.655957,4.311404,1.155624,OverRange,OverRange,OverRange,9.818142,12.60211,-4.101688
2026/05/26 22:46:00.279,n,-3.227796,6.150402,5.794436,1.203252,OverRange,OverRange,OverRange,9.765172,12.599944,-4.031553
2026/05/26 22:47:00.284,n,-3.315426,3.977954,4.977243,1.380461,OverRange,OverRange,OverRange,9.72929,12.600986,-4.060904
2026/05/26 22:48:00.269,n,-3.397282,3.372291,4.990679,1.446198,OverRange,OverRange,OverRange,9.78912,12.600986,-4.025751
2026/05/26 22:49:00.270,n,-3.587552,3.402913,4.992437,1.736295,OverRange,OverRange,OverRange,9.757798,12.595646,-4.125236
2026/05/26 22:50:00.271,n,-3.649265,6.460666,5.344374,1.648972,OverRange,OverRange,OverRange,9.716686,12.604258,-4.131124
2026/05/26 22:51:00.257,n,-3.605258,6.486312,4.986872,1.649378,OverRange,OverRange,OverRange,9.759598,12.599944,-4.051177
2026/05/26 22:52:00.259,n,-3.666842,4.199559,4.584387,1.151857,OverRange,OverRange,OverRange,9.777974,12.604258,-4.123189
2026/05/26 22:53:00.262,n,-3.377139,6.422441,4.894718,1.298408,OverRange,OverRange,OverRange,9.854802,12.604258,-4.029761
2026/05/26 22:54:00.263,n,-3.236392,6.616129,5.091396,1.510396,OverRange,OverRange,OverRange,9.838512,12.606408,-3.91287
2026/05/26 22:55:00.265,n,-3.134008,6.188893,5.288311,1.235819,OverRange,OverRange,OverRange,9.832398,12.613932,-3.879594
2026/05/26 22:56:00.268,n,-2.97607,6.518436,5.415147,1.223735,OverRange,OverRange,OverRange,9.859142,12.619304,-3.840602
2026/05/26 22:57:00.368,n,-2.964138,3.741837,4.749018,1.266651,OverRange,OverRange,OverRange,9.846126,12.631158,-3.815261
2026/05/26 22:58:00.271,n,-2.867527,3.87458,4.699031,1.416857,OverRange,OverRange,OverRange,9.894776,12.645114,-3.743335
2026/05/26 22:59:00.260,n,-2.773867,4.647652,5.637521,0.912144,OverRange,OverRange,OverRange,9.868052,12.667698,-3.690691
2026/05/26 23:00:00.259,n,-2.765015,3.369382,4.993463,1.568088,OverRange,OverRange,OverRange,9.917684,12.674162,-3.7354
2026/05/26 23:01:00.260,n,-2.747309,6.491961,5.389866,1.551377,OverRange,OverRange,OverRange,9.94339,12.688116,-3.678917
2026/05/26 23:02:00.262,n,-2.685725,6.254955,5.328246,1.578879,OverRange,OverRange,OverRange,9.926082,12.703162,-3.628321
2026/05/26 23:03:00.267,n,-2.621703,6.516538,4.740042,1.318778,OverRange,OverRange,OverRange,9.929144,12.71391,-3.60699
2026/05/26 23:04:00.266,n,-2.653778,4.529838,4.768715,1.474596,OverRange,OverRange,OverRange,9.941092,12.73003,-3.616632
2026/05/26 23:05:00.268,n,-2.700608,6.587122,5.035492,1.635921,OverRange,OverRange,OverRange,9.978276,12.747242,-3.571838
2026/05/26 23:06:00.270,n,-2.685853,3.918084,4.822159,1.536934,OverRange,OverRange,OverRange,9.915396,12.759064,-3.636171
2026/05/26 23:07:00.273,n,-2.744615,3.76558,4.482794,1.169931,OverRange,OverRange,OverRange,9.95102,12.769778,-3.593253
2026/05/26 23:08:00.259,n,-2.99647,3.780923,5.024159,1.449275,OverRange,OverRange,OverRange,9.982336,12.780574,-3.756901
2026/05/26 23:09:00.261,n,-2.888184,3.341914,5.135208,1.39986,OverRange,OverRange,OverRange,9.993028,12.785932,-3.686852
2026/05/26 23:10:00.262,n,-2.850078,6.674584,4.837381,1.472604,OverRange,OverRange,OverRange,10.012868,12.795604,-3.721919
2026/05/26 23:11:00.264,n,-3.104627,3.793294,4.155968,1.035881,OverRange,OverRange,OverRange,9.96809,12.800962,-3.807497
2026/05/26 23:12:00.269,n,-3.002115,6.179669,5.313909,1.229702,OverRange,OverRange,OverRange,9.96579,12.809544,-3.801781
2026/05/26 23:13:00.268,n,-2.946432,6.393263,5.369211,1.049868,OverRange,OverRange,OverRange,9.98235,12.81604,-3.712278
2026/05/26 23:14:00.271,n,-2.829678,6.178316,5.732064,1.138307,OverRange,OverRange,OverRange,9.958166,12.826756,-3.725759
2026/05/26 23:15:00.276,n,-2.89678,3.647826,4.489979,1.373918,OverRange,OverRange,OverRange,9.94338,12.82244,-3.690521
2026/05/26 23:16:00.257,n,-2.946561,3.4793,5.397154,1.476066,OverRange,OverRange,OverRange,9.94748,12.832146,-3.819357
2026/05/26 23:17:00.260,n,-3.30683,6.416326,5.095988,1.565563,OverRange,OverRange,OverRange,9.935242,12.83537,-3.916539
2026/05/26 23:18:00.261,n,-3.461946,3.376943,4.917713,1.65528,OverRange,OverRange,OverRange,9.944922,12.842876,-4.164058
2026/05/26 23:19:00.263,n,-3.447191,5.792582,5.442877,1.265854,OverRange,OverRange,OverRange,9.951788,12.84934,-4.173956
2026/05/26 23:20:00.265,n,-3.546753,3.117196,4.855158,1.710974,OverRange,OverRange,OverRange,9.906464,12.840728,-4.238203
2026/05/26 23:21:00.269,n,-3.616805,3.541701,5.038221,1.645949,OverRange,OverRange,OverRange,9.949998,12.843968,-4.353046
2026/05/26 23:22:00.270,n,-3.769226,3.559536,5.105541,1.539478,OverRange,OverRange,OverRange,9.94391,12.840728,-4.50893
2026/05/26 23:23:00.271,n,-3.860064,6.121228,5.307929,1.245399,OverRange,OverRange,OverRange,9.9401,12.838578,-4.507053
2026/05/26 23:24:00.274,n,-3.930244,3.283076,4.709367,1.534798,OverRange,OverRange,OverRange,9.88204,12.836412,-4.678721
2026/05/26 23:25:00.260,n,-3.953852,6.594111,5.028536,1.69586,OverRange,OverRange,OverRange,9.911572,12.830012,-4.649285
2026/05/26 23:26:00.260,n,-4.064832,6.242304,5.492652,1.103984,OverRange,OverRange,OverRange,9.858384,12.82783,-4.709693
2026/05/26 23:27:00.266,n,-4.059058,6.303346,5.611927,1.2767,OverRange,OverRange,OverRange,9.83316,12.824622,-4.797575
2026/05/26 23:28:00.349,n,-4.108839,6.4789,4.861513,1.280224,OverRange,OverRange,OverRange,9.841054,12.817116,-4.68239
2026/05/26 23:29:00.266,n,-4.211352,4.050099,4.557699,1.098748,OverRange,OverRange,OverRange,9.727326,12.810652,-4.635633
2026/05/26 23:30:00.270,n,-4.48938,6.653406,5.364281,1.449472,OverRange,OverRange,OverRange,9.79272,12.803144,-4.682475
2026/05/26 23:31:00.271,n,-4.302061,3.626023,4.643539,1.500897,OverRange,OverRange,OverRange,9.789882,12.80207,-4.639643
2026/05/26 23:32:00.272,n,-4.328491,6.400902,5.019567,1.658542,OverRange,OverRange,OverRange,9.852254,12.789172,-4.709949
2026/05/26 23:33:00.275,n,-4.342989,6.494463,4.809231,1.774674,OverRange,OverRange,OverRange,9.869564,12.788098,-4.836481
2026/05/26 23:34:00.262,n,-4.196854,6.521672,4.912477,1.765682,OverRange,OverRange,OverRange,9.854034,12.783784,-4.787762
2026/05/26 23:35:00.263,n,-4.026727,6.505602,4.975955,1.663739,OverRange,OverRange,OverRange,9.84461,12.790216,-4.623944
2026/05/26 23:36:00.265,n,-4.102938,6.53353,4.974199,1.692089,OverRange,OverRange,OverRange,9.85733,12.788098,-4.682475
2026/05/26 23:37:00.266,n,-4.056364,6.559197,4.994195,1.669542,OverRange,OverRange,OverRange,9.87415,12.789172,-4.668909
2026/05/26 23:38:00.270,n,-4.091134,4.225427,4.677263,1.462249,OverRange,OverRange,OverRange,9.845886,12.789172,-4.702014
2026/05/26 23:39:00.270,n,-3.96835,5.501269,5.301878,1.414736,OverRange,OverRange,OverRange,9.884858,12.783784,-4.546045
2026/05/26 23:40:00.272,n,-3.573054,4.037079,5.238812,1.263998,OverRange,OverRange,OverRange,9.770336,12.781616,-4.364992
2026/05/26 23:41:00.275,n,-3.452965,6.499549,4.994269,1.451008,OverRange,OverRange,OverRange,9.924556,12.783784,-4.238203
2026/05/26 23:42:00.276,n,-3.338777,3.051438,4.866412,1.684179,OverRange,OverRange,OverRange,9.886892,12.778394,-4.148529
2026/05/26 23:43:00.261,n,-3.300799,3.955337,4.7977,1.390041,OverRange,OverRange,OverRange,9.899354,12.780574,-4.084197
2026/05/26 23:44:00.264,n,-3.157231,6.435845,5.217139,1.482596,OverRange,OverRange,OverRange,9.936524,12.778394,-3.96722
2026/05/26 23:45:00.266,n,-3.090129,3.435581,4.90213,1.404917,OverRange,OverRange,OverRange,9.85251,12.781616,-4.059026
2026/05/26 23:46:00.269,n,-2.873301,6.093066,5.211042,1.376314,OverRange,OverRange,OverRange,9.957134,12.783784,-3.842564
2026/05/26 23:47:00.270,n,-2.68303,5.7524,5.225657,1.287955,OverRange,OverRange,OverRange,9.905202,12.791288,-3.706305
2026/05/26 23:48:00.272,n,-2.56602,3.960827,4.813222,1.421217,OverRange,OverRange,OverRange,9.905716,12.797752,-3.585489
2026/05/26 23:49:00.274,n,-2.554345,6.267689,5.909377,0.926444,OverRange,OverRange,OverRange,9.971654,12.80526,-3.530968
2026/05/26 23:50:00.276,n,-2.530994,3.881973,4.670828,1.284365,OverRange,OverRange,OverRange,9.934718,12.809544,-3.567998
2026/05/26 23:51:00.280,n,-2.61285,6.104738,5.40646,0.828508,OverRange,OverRange,OverRange,10.043916,12.81604,-3.618509
2026/05/26 23:52:00.268,n,-2.475183,3.432529,4.505402,1.416899,OverRange,OverRange,OverRange,9.948456,12.828938,-3.538818
2026/05/26 23:53:00.266,n,-2.694834,6.250551,5.250831,1.371437,OverRange,OverRange,OverRange,10.013606,12.831054,-3.554432
2026/05/26 23:54:00.271,n,-2.516239,3.279528,4.684303,1.304834,OverRange,OverRange,OverRange,9.970872,12.846086,-3.519279
2026/05/26 23:55:00.269,n,-2.475311,3.809967,4.824664,1.47536,OverRange,OverRange,OverRange,10.01006,12.855742,-3.493938
2026/05/26 23:56:00.271,n,-2.592322,6.190212,5.495541,1.562442,OverRange,OverRange,OverRange,10.113856,12.863298,-3.575763
2026/05/26 23:57:00.273,n,-2.489937,6.158977,5.719006,1.174219,OverRange,OverRange,OverRange,10.04924,12.871878,-3.494024
2026/05/26 23:58:00.274,n,-2.428481,6.461281,4.677094,1.465079,OverRange,OverRange,OverRange,10.090444,12.87831,-3.462625
2026/05/26 23:59:00.278,n,-2.454655,6.522476,4.961591,1.783757,OverRange,OverRange,OverRange,10.060928,12.891242,-3.455032
