"Timestamp","TZ","GHI1_AV (W/m2)","UVB22013 (W/m2)","UVB22013_AV (W/m2)","UVB22013_SD (W/m2)","UVB22012 (W/m2)","UVB22012_AV (W/m2)","UVB22012_SD (W/m2)","TA_AV (degC)","TL (degC)","GTI_AV (W/m2)"
2026/06/10 00:00:00.270,n,-4.118462,6.002292,4.988464,1.053501,OverRange,OverRange,OverRange,8.368688,10.57567,-4.00715
2026/06/10 00:01:00.256,n,-4.080356,5.733867,5.108767,1.084008,OverRange,OverRange,OverRange,8.367391,10.57567,-4.026689
2026/06/10 00:02:00.258,n,-4.176839,4.044209,3.879255,0.222718,OverRange,OverRange,OverRange,8.379369,10.57785,-4.102711
2026/06/10 00:03:00.260,n,-4.203398,5.765044,4.473245,0.756981,OverRange,OverRange,OverRange,8.445008,10.57785,-4.067558
2026/06/10 00:04:00.263,n,-3.916516,4.205935,5.025941,0.999028,OverRange,OverRange,OverRange,8.44982,10.578958,-4.200064
2026/06/10 00:05:00.341,n,-3.813875,4.251139,4.998566,1.09012,OverRange,OverRange,OverRange,8.505544,10.590854,-4.098786
2026/06/10 00:06:00.267,n,-3.735098,5.597923,5.327197,0.707435,OverRange,OverRange,OverRange,8.537304,10.587616,-4.190337
2026/06/10 00:07:00.268,n,-3.621039,5.975047,4.938568,1.142144,OverRange,OverRange,OverRange,8.503754,10.596272,-3.941111
2026/06/10 00:08:00.271,n,-3.562149,3.848446,4.882264,1.181324,OverRange,OverRange,OverRange,8.581036,10.609324,-3.827974
2026/06/10 00:09:00.273,n,-3.533024,4.11806,4.622419,1.086379,OverRange,OverRange,OverRange,8.632396,10.613668,-3.724649
2026/06/10 00:10:00.258,n,-3.453606,3.868332,5.294457,1.09878,OverRange,OverRange,OverRange,8.60289,10.623434,-3.707073
2026/06/10 00:11:00.261,n,-3.591786,5.769182,5.721302,0.381911,OverRange,OverRange,OverRange,8.553076,10.634304,-3.72866
2026/06/10 00:12:00.262,n,-3.655937,4.1476,4.666536,0.825161,OverRange,OverRange,OverRange,8.567058,10.642962,-3.787191
2026/06/10 00:13:00.266,n,-3.784494,5.528363,5.027262,0.98292,OverRange,OverRange,OverRange,8.597814,10.650546,-3.796662
2026/06/10 00:14:00.267,n,-3.919467,4.116476,4.542104,1.047937,OverRange,OverRange,OverRange,8.536534,10.65276,-3.966452
2026/06/10 00:15:00.267,n,-3.957701,6.041586,4.975162,0.963375,OverRange,OverRange,OverRange,8.597316,10.658146,-4.055955
2026/06/10 00:16:00.269,n,-3.978101,3.788786,4.648306,1.126415,OverRange,OverRange,OverRange,8.561972,10.66467,-4.134024
2026/06/10 00:17:00.272,n,-4.019157,3.764698,4.836873,1.186279,OverRange,OverRange,OverRange,8.59935,10.665746,-4.176942
2026/06/10 00:18:00.274,n,-3.992727,3.713095,4.904071,1.22501,OverRange,OverRange,OverRange,8.576218,10.670122,-4.100919
2026/06/10 00:19:00.260,n,-4.098062,6.122195,4.989086,1.215577,OverRange,OverRange,OverRange,8.61257,10.673328,-4.092984
2026/06/10 00:20:00.262,n,-4.150794,3.828882,4.760998,1.033181,OverRange,OverRange,OverRange,8.623506,10.675526,-4.128052
2026/06/10 00:21:00.266,n,-4.121541,3.782012,5.032881,0.966473,OverRange,OverRange,OverRange,8.583324,10.677706,-4.013209
2026/06/10 00:22:00.265,n,-4.18582,5.854257,5.258197,1.122081,OverRange,OverRange,OverRange,8.538834,10.679854,-3.979933
2026/06/10 00:23:00.267,n,-4.162597,3.791429,4.855015,1.405791,OverRange,OverRange,OverRange,8.533998,10.683126,-4.069691
2026/06/10 00:24:00.268,n,-4.142069,4.856498,4.821486,0.964091,OverRange,OverRange,OverRange,8.565526,10.683126,-3.91944
2026/06/10 00:25:00.273,n,-4.089209,4.455138,4.900403,1.070345,OverRange,OverRange,OverRange,8.548228,10.682052,-3.907836
2026/06/10 00:26:00.272,n,-3.898811,5.937942,5.198024,1.093926,OverRange,OverRange,OverRange,8.63825,10.684232,-3.91961
2026/06/10 00:27:00.277,n,-3.650035,6.120897,4.86499,1.223451,OverRange,OverRange,OverRange,8.65858,10.696114,-3.784972
2026/06/10 00:28:00.260,n,-3.480165,3.62446,4.727478,1.148645,OverRange,OverRange,OverRange,8.628582,10.693964,-3.646665
2026/06/10 00:29:00.263,n,-3.266415,5.185602,4.936892,1.128683,OverRange,OverRange,OverRange,8.685014,10.70155,-3.483103
2026/06/10 00:30:00.267,n,-3.111171,6.04481,4.90533,0.979345,OverRange,OverRange,OverRange,8.709916,10.714568,-3.412883
2026/06/10 00:31:00.266,n,-3.008658,5.913106,4.893096,0.954477,OverRange,OverRange,OverRange,8.666714,10.72368,-3.459809
2026/06/10 00:32:00.269,n,-2.974017,6.081593,4.94909,1.264766,OverRange,OverRange,OverRange,8.665858,10.733462,-3.48515
2026/06/10 00:33:00.274,n,-2.894727,3.640927,4.744532,1.211395,OverRange,OverRange,OverRange,8.688736,10.74212,-3.465697
2026/06/10 00:34:00.276,n,-2.885874,4.048422,5.001606,1.025119,OverRange,OverRange,OverRange,8.693314,10.760574,-3.469536
2026/06/10 00:35:00.274,n,-2.979919,3.146179,5.466829,1.177467,OverRange,OverRange,OverRange,8.714406,10.768144,-3.444196
2026/06/10 00:36:00.276,n,-3.088076,3.195569,4.812676,1.295501,OverRange,OverRange,OverRange,8.719742,10.779014,-3.508443
2026/06/10 00:37:00.266,n,-3.131699,6.300699,5.058867,1.202913,OverRange,OverRange,OverRange,8.772838,10.789852,-3.623543
2026/06/10 00:38:00.265,n,-3.137857,6.124419,4.866644,1.258079,OverRange,OverRange,OverRange,8.778442,10.801782,-3.73267
2026/06/10 00:39:00.265,n,-3.21394,4.291442,4.665457,1.027561,OverRange,OverRange,OverRange,8.765492,10.809348,-3.800842
2026/06/10 00:40:00.269,n,-3.295796,4.108464,4.59351,1.103712,OverRange,OverRange,OverRange,8.830008,10.813694,-3.861421
2026/06/10 00:41:00.272,n,-3.28117,4.072163,4.035982,0.130214,OverRange,OverRange,OverRange,8.857458,10.822352,-3.954678
2026/06/10 00:42:00.274,n,-3.243193,4.139173,5.125949,1.055661,OverRange,OverRange,OverRange,8.82874,10.833224,-3.988124
2026/06/10 00:43:00.274,n,-3.322354,4.091387,4.01891,0.117253,OverRange,OverRange,OverRange,8.801824,10.844064,-3.991963
2026/06/10 00:44:00.274,n,-3.316452,3.547992,5.412382,1.059735,OverRange,OverRange,OverRange,8.815008,10.848376,-3.958859
2026/06/10 00:45:00.278,n,-3.489145,4.169479,4.609471,1.026348,OverRange,OverRange,OverRange,8.845262,10.854902,-4.101005
2026/06/10 00:46:00.265,n,-3.638488,3.87422,4.14561,0.281106,OverRange,OverRange,OverRange,8.910274,10.861396,-4.095117
2026/06/10 00:47:00.270,n,-3.752932,3.727067,4.23338,0.857094,OverRange,OverRange,OverRange,8.90977,10.864636,-4.272588
2026/06/10 00:48:00.269,n,-3.837611,5.712273,4.960059,1.00827,OverRange,OverRange,OverRange,8.870906,10.8744,-4.348525
2026/06/10 00:49:00.268,n,-3.92832,3.667992,4.092634,0.480688,OverRange,OverRange,OverRange,8.88588,10.87116,-4.508247
2026/06/10 00:50:00.270,n,-4.031088,5.106335,5.698925,0.30845,OverRange,OverRange,OverRange,8.902654,10.867906,-4.685803
2026/06/10 00:51:00.273,n,-4.022108,5.693341,5.229159,1.152877,OverRange,OverRange,OverRange,8.894288,10.873326,-4.687765
2026/06/10 00:52:00.275,n,-4.066115,3.30681,4.577854,1.288386,OverRange,OverRange,OverRange,8.842962,10.879818,-4.713021
2026/06/10 00:53:00.276,n,-4.133473,5.701123,5.017906,0.994053,OverRange,OverRange,OverRange,8.862016,10.869714,-4.668226
2026/06/10 00:54:00.278,n,-4.265366,6.450587,4.770829,1.014717,OverRange,OverRange,OverRange,8.831666,10.86216,-4.724795
2026/06/10 00:55:00.264,n,-4.303344,6.209555,5.242886,1.058006,OverRange,OverRange,OverRange,8.768154,10.85998,-4.672066
2026/06/10 00:56:00.265,n,-4.385456,5.719385,5.49269,0.828554,OverRange,OverRange,OverRange,8.738404,10.85998,-4.611743
2026/06/10 00:57:00.548,n,-4.452943,4.606262,4.859059,0.99875,OverRange,OverRange,OverRange,8.692164,10.853454,-4.60961
2026/06/10 00:58:00.270,n,-4.443833,4.013729,5.170561,1.042698,OverRange,OverRange,OverRange,8.681484,10.850248,-4.670103
2026/06/10 00:59:00.272,n,-4.37083,6.019179,5.302818,0.903341,OverRange,OverRange,OverRange,8.699026,10.846976,-4.599969
2026/06/10 01:00:00.273,n,-4.262416,5.72383,4.949751,1.08705,OverRange,OverRange,OverRange,8.711218,10.84369,-4.58043
2026/06/10 01:01:00.277,n,-4.300393,5.542057,4.23619,0.705813,OverRange,OverRange,OverRange,8.665736,10.841556,-4.553212
2026/06/10 01:02:00.280,n,-4.17453,5.894605,5.308718,0.938522,OverRange,OverRange,OverRange,8.672604,10.837212,-4.635036
2026/06/10 01:03:00.282,n,-4.016334,5.71879,5.543209,0.408068,OverRange,OverRange,OverRange,8.679204,10.828538,-4.654489
2026/06/10 01:04:00.266,n,-4.057519,4.091806,4.089438,0.189221,OverRange,OverRange,OverRange,8.647944,10.828538,-4.547325
2026/06/10 01:05:00.270,n,-4.063292,5.941491,4.858534,0.965697,OverRange,OverRange,OverRange,8.698014,10.829578,-4.557051
2026/06/10 01:06:00.269,n,-3.963474,6.129116,4.879941,0.949421,OverRange,OverRange,OverRange,8.666998,10.826404,-4.512172
2026/06/10 01:07:00.271,n,-3.934478,3.580804,4.439511,0.867341,OverRange,OverRange,OverRange,8.646154,10.825298,-4.401083
2026/06/10 01:08:00.272,n,-3.890471,5.699416,5.450047,0.870153,OverRange,OverRange,OverRange,8.653784,10.828538,-4.350402
2026/06/10 01:09:00.275,n,-3.872765,4.208566,4.668741,1.023698,OverRange,OverRange,OverRange,8.614894,10.818804,-4.340675
2026/06/10 01:10:00.277,n,-3.805535,5.658428,5.146153,0.884004,OverRange,OverRange,OverRange,8.639024,10.823118,-4.286239
2026/06/10 01:11:00.279,n,-3.820162,3.533883,3.757005,0.273786,OverRange,OverRange,OverRange,8.593028,10.828538,-4.237264
2026/06/10 01:12:00.281,n,-3.723423,6.164106,5.210943,1.206864,OverRange,OverRange,OverRange,8.647172,10.822026,-4.161498
2026/06/10 01:13:00.266,n,-3.656193,5.127054,5.243822,1.24627,OverRange,OverRange,OverRange,8.64412,10.820952,-4.190508
2026/06/10 01:14:00.268,n,-3.59756,6.028123,5.707543,1.076089,OverRange,OverRange,OverRange,8.644888,10.822026,-4.157317
2026/06/10 01:15:00.270,n,-3.609235,4.052659,4.474844,0.896062,OverRange,OverRange,OverRange,8.648686,10.828538,-4.134024
2026/06/10 01:16:00.273,n,-3.626941,5.704241,4.705304,1.027096,OverRange,OverRange,OverRange,8.682262,10.826404,-4.098872
2026/06/10 01:17:00.276,n,-3.527379,4.116677,4.326439,0.884482,OverRange,OverRange,OverRange,8.668534,10.833956,-4.167044
2026/06/10 01:18:00.276,n,-3.538926,4.107733,4.253689,0.481427,OverRange,OverRange,OverRange,8.67133,10.830684,-4.184706
2026/06/10 01:19:00.280,n,-3.559455,5.269256,4.827574,0.839664,OverRange,OverRange,OverRange,8.72902,10.83503,-4.157317
2026/06/10 01:20:00.282,n,-3.436542,4.155872,4.098629,0.711333,OverRange,OverRange,OverRange,8.673376,10.845902,-4.182744
2026/06/10 01:21:00.284,n,-3.407289,5.957548,5.173739,0.895549,OverRange,OverRange,OverRange,8.727478,10.848066,-4.114486
2026/06/10 01:22:00.268,n,-3.33698,3.98552,4.931122,1.087888,OverRange,OverRange,OverRange,8.721644,10.850248,-4.208084
2026/06/10 01:23:00.270,n,-3.421915,4.773802,4.688304,0.71328,OverRange,OverRange,OverRange,8.732574,10.85456,-4.153478
2026/06/10 01:24:00.274,n,-3.419093,3.653798,4.251498,0.615178,OverRange,OverRange,OverRange,8.722154,10.863234,-4.071825
2026/06/10 01:25:00.276,n,-3.442316,5.698436,4.948819,0.916173,OverRange,OverRange,OverRange,8.747056,10.869714,-4.0679
2026/06/10 01:26:00.276,n,-3.345833,5.864747,5.519493,0.890596,OverRange,OverRange,OverRange,8.733578,10.87946,-4.046485
2026/06/10 01:27:00.278,n,-3.354557,5.77574,4.939934,1.294092,OverRange,OverRange,OverRange,8.74021,10.882732,-3.970377
2026/06/10 01:28:00.280,n,-3.325433,3.302091,5.083587,1.239531,OverRange,OverRange,OverRange,8.746536,10.890316,-4.058003
2026/06/10 01:29:00.283,n,-3.366105,4.281902,4.919938,1.064066,OverRange,OverRange,OverRange,8.771958,10.894662,-4.089316
2026/06/10 01:30:00.269,n,-3.301826,3.69365,5.062311,1.10854,OverRange,OverRange,OverRange,8.78772,10.904442,-4.112693
2026/06/10 01:31:00.270,n,-3.255253,6.600386,5.127654,1.172245,OverRange,OverRange,OverRange,8.802684,10.911994,-4.071654
2026/06/10 01:32:00.271,n,-3.395357,5.983415,4.579098,0.875236,OverRange,OverRange,OverRange,8.786438,10.917414,-4.108769
2026/06/10 01:33:00.273,n,-3.307728,5.536531,4.545511,0.93318,OverRange,OverRange,OverRange,8.810074,10.919594,-4.071654
2026/06/10 01:34:00.276,n,-3.322354,3.744528,4.861228,1.215065,OverRange,OverRange,OverRange,8.82481,10.931494,-4.09708
2026/06/10 01:35:00.262,n,-3.313887,6.10625,4.981622,1.19665,OverRange,OverRange,OverRange,8.895916,10.937986,-4.077541
2026/06/10 01:36:00.263,n,-3.337237,4.45332,4.510676,1.117176,OverRange,OverRange,OverRange,8.922322,10.941258,-4.087353
2026/06/10 01:37:00.264,n,-3.263849,3.786644,5.215105,1.062822,OverRange,OverRange,OverRange,8.942648,10.949932,-4.128223
2026/06/10 01:38:00.267,n,-3.222921,5.861797,4.907276,1.200915,OverRange,OverRange,OverRange,8.948232,10.953172,-4.024898
2026/06/10 01:39:00.268,n,-3.135035,6.308942,5.764505,0.468766,OverRange,OverRange,OverRange,8.940624,10.962936,-4.130355
2026/06/10 01:40:00.270,n,-3.126182,5.87398,5.846556,0.199272,OverRange,OverRange,OverRange,8.925146,10.972684,-4.100919
2026/06/10 01:41:00.274,n,-3.09988,6.013811,5.337007,1.044118,OverRange,OverRange,OverRange,8.935014,10.983508,-4.019181
2026/06/10 01:42:00.262,n,-3.196363,4.00719,4.447533,0.765237,OverRange,OverRange,OverRange,8.928188,10.99114,-4.003396
2026/06/10 01:43:00.261,n,-3.293102,5.97216,4.790739,0.929174,OverRange,OverRange,OverRange,8.942404,10.998692,-4.032747
2026/06/10 01:44:00.262,n,-3.258076,5.862618,4.840185,1.137898,OverRange,OverRange,OverRange,8.955852,11.006262,-4.034539
2026/06/10 01:45:00.265,n,-3.254996,6.103185,4.898948,1.228682,OverRange,OverRange,OverRange,8.972366,11.011714,-4.055955
2026/06/10 01:46:00.266,n,-3.178913,6.0907,5.002003,1.272349,OverRange,OverRange,OverRange,8.960414,11.018174,-3.997595
2026/06/10 01:47:00.268,n,-3.21997,5.119807,4.896653,0.936212,OverRange,OverRange,OverRange,8.946712,11.02579,-3.945036
2026/06/10 01:48:00.422,n,-3.237547,5.817521,5.309543,1.24636,OverRange,OverRange,OverRange,8.957626,11.032286,-3.9528
2026/06/10 01:49:00.374,n,-3.307984,6.485766,5.460356,0.954301,OverRange,OverRange,OverRange,8.97134,11.041986,-4.024812
2026/06/10 01:50:00.258,n,-3.24037,4.364257,4.665964,0.8502,OverRange,OverRange,OverRange,8.955354,11.04848,-3.966452
2026/06/10 01:51:00.259,n,-3.407161,4.146554,4.135099,0.996692,OverRange,OverRange,OverRange,8.975674,11.053932,-3.978056
2026/06/10 01:52:00.261,n,-3.375342,3.906975,4.549155,1.015231,OverRange,OverRange,OverRange,8.97312,11.057204,-3.937187
2026/06/10 01:53:00.265,n,-3.5243,4.270624,4.791015,0.859753,OverRange,OverRange,OverRange,8.960424,11.064738,-4.081466
2026/06/10 01:54:00.453,n,-3.515575,4.162853,4.63175,1.080581,OverRange,OverRange,OverRange,8.981506,11.071234,-4.149639
2026/06/10 01:55:00.271,n,-3.47144,5.94331,4.461764,0.727284,OverRange,OverRange,OverRange,8.972378,11.07561,-4.102967
2026/06/10 01:56:00.270,n,-3.509802,5.976156,4.394626,0.827786,OverRange,OverRange,OverRange,8.96524,11.07343,-4.176856
2026/06/10 01:57:00.271,n,-3.480549,6.020549,4.982512,1.099498,OverRange,OverRange,OverRange,8.966008,11.07561,-4.176856
2026/06/10 01:58:00.256,n,-3.442315,3.746023,4.793976,1.11778,OverRange,OverRange,OverRange,8.948492,11.07885,-4.260728
2026/06/10 01:59:00.258,n,-3.486323,6.17955,5.003994,1.279428,OverRange,OverRange,OverRange,8.952576,11.084236,-4.23334
2026/06/10 02:00:00.261,n,-3.565228,5.836285,5.018343,1.099544,OverRange,OverRange,OverRange,8.950516,11.081032,-4.188546
2026/06/10 02:01:00.263,n,-3.512753,5.793003,5.740561,0.249841,OverRange,OverRange,OverRange,8.959164,11.085342,-4.280267
2026/06/10 02:02:00.266,n,-3.533153,5.760038,5.22245,1.118516,OverRange,OverRange,OverRange,8.93478,11.087524,-4.272417
2026/06/10 02:03:00.269,n,-3.500821,6.150859,4.642345,0.832746,OverRange,OverRange,OverRange,8.897954,11.085342,-4.237265
2026/06/10 02:04:00.272,n,-3.547394,5.764562,5.389949,0.859908,OverRange,OverRange,OverRange,8.90202,11.087524,-4.301683
2026/06/10 02:05:00.272,n,-3.462844,6.089071,5.214411,1.316674,OverRange,OverRange,OverRange,8.926646,11.091838,-4.223698
2026/06/10 02:06:00.272,n,-3.544828,5.886081,5.448906,0.752883,OverRange,OverRange,OverRange,8.92209,11.088552,-4.311495
2026/06/10 02:07:00.259,n,-3.524172,6.131564,5.354602,1.192489,OverRange,OverRange,OverRange,8.929698,11.088552,-4.286069
2026/06/10 02:08:00.260,n,-3.498126,5.682849,5.545754,0.752776,OverRange,OverRange,OverRange,8.923092,11.063664,-4.385554
2026/06/10 02:09:00.262,n,-3.687627,4.023521,5.63757,0.813602,OverRange,OverRange,OverRange,8.920476,11.053964,-4.441525
2026/06/10 02:10:00.264,n,-3.813875,4.098334,4.571783,1.090963,OverRange,OverRange,OverRange,8.907782,11.055038,-4.527188
2026/06/10 02:11:00.267,n,-3.866222,3.69998,4.788517,1.126277,OverRange,OverRange,OverRange,8.931656,11.053964,-4.595361
2026/06/10 02:12:00.270,n,-3.889701,4.334487,4.414195,1.007928,OverRange,OverRange,OverRange,8.907018,11.051784,-4.546813
2026/06/10 02:13:00.272,n,-3.91318,3.390875,5.229276,0.991715,OverRange,OverRange,OverRange,8.888998,11.043124,-4.624712
2026/06/10 02:14:00.275,n,-3.942433,5.940051,5.428869,0.983798,OverRange,OverRange,OverRange,8.894816,11.039852,-4.663704
2026/06/10 02:15:00.274,n,-3.942561,4.007187,5.219186,1.106599,OverRange,OverRange,OverRange,8.86078,11.038778,-4.794247
2026/06/10 02:16:00.261,n,-4.04764,3.849991,5.019904,1.251554,OverRange,OverRange,OverRange,8.85291,11.034482,-4.706536
2026/06/10 02:17:00.262,n,-4.000938,4.194774,4.617716,0.97719,OverRange,OverRange,OverRange,8.861058,11.026864,-4.749452
2026/06/10 02:18:00.266,n,-3.965912,5.865159,5.902315,0.27965,OverRange,OverRange,OverRange,8.898128,11.021478,-4.829399
2026/06/10 02:19:00.266,n,-3.945384,5.77669,5.301672,1.16867,OverRange,OverRange,OverRange,8.874762,11.01928,-4.784435
2026/06/10 02:20:00.272,n,-4.041738,5.59439,4.730611,0.950714,OverRange,OverRange,OverRange,8.910066,11.008474,-4.79237
2026/06/10 02:21:00.270,n,-4.009534,6.01976,5.013562,0.995755,OverRange,OverRange,OverRange,8.926056,11.009564,-4.759094
2026/06/10 02:22:00.273,n,-4.018516,5.610342,5.448268,0.501533,OverRange,OverRange,OverRange,8.936986,10.999766,-4.825475
2026/06/10 02:23:00.275,n,-4.059443,4.220779,4.431029,0.77126,OverRange,OverRange,OverRange,8.92658,10.995454,-4.926923
2026/06/10 02:24:00.275,n,-4.088824,5.92327,4.336797,0.794007,OverRange,OverRange,OverRange,8.919968,10.993274,-4.737678
2026/06/10 02:25:00.262,n,-4.094597,4.154351,4.018368,0.285239,OverRange,OverRange,OverRange,8.892528,10.986828,-4.730085
2026/06/10 02:26:00.267,n,-4.039172,5.421287,4.75429,0.768313,OverRange,OverRange,OverRange,8.87856,10.983542,-4.630599
2026/06/10 02:27:00.265,n,-4.126801,6.034494,4.740113,1.102734,OverRange,OverRange,OverRange,8.868668,10.981376,-4.704573
2026/06/10 02:28:00.266,n,-4.12693,5.493847,5.487759,0.831442,OverRange,OverRange,OverRange,8.863576,10.972702,-4.757131
2026/06/10 02:29:00.269,n,-4.258823,4.149017,4.839978,1.160597,OverRange,OverRange,OverRange,8.841228,10.969462,-4.768991
2026/06/10 02:30:00.271,n,-4.352483,5.764381,4.952165,0.90518,OverRange,OverRange,OverRange,8.872716,10.955384,-4.753292
2026/06/10 02:31:00.274,n,-4.250098,4.011478,5.094698,0.722437,OverRange,OverRange,OverRange,8.86765,10.952096,-4.893647
2026/06/10 02:32:00.277,n,-4.322974,6.031223,5.061117,1.272245,OverRange,OverRange,OverRange,8.879074,10.947784,-4.862419
2026/06/10 02:33:00.278,n,-4.270499,6.005508,5.512052,0.900175,OverRange,OverRange,OverRange,8.88238,10.936978,-4.981614
2026/06/10 02:34:00.262,n,-4.305397,3.644595,4.608619,1.14329,OverRange,OverRange,OverRange,8.839702,10.932632,-4.940403
2026/06/10 02:35:00.263,n,-4.2968,4.059734,5.019471,1.070995,OverRange,OverRange,OverRange,8.881374,10.926138,-4.995095
2026/06/10 02:36:00.783,n,-4.247148,4.003506,4.037407,0.055215,OverRange,OverRange,OverRange,8.866634,10.91852,-4.942451
2026/06/10 02:37:00.268,n,-4.291027,5.956725,4.769418,0.989695,OverRange,OverRange,OverRange,8.873754,10.908788,-5.063267
2026/06/10 02:38:00.270,n,-4.27345,4.040218,4.921401,1.190008,OverRange,OverRange,OverRange,8.841222,10.906608,-5.141166
2026/06/10 02:39:00.272,n,-4.332083,5.899094,4.904411,1.09389,OverRange,OverRange,OverRange,8.831314,10.9034,-5.020436
2026/06/10 02:40:00.273,n,-4.317328,5.858752,4.878411,1.168415,OverRange,OverRange,OverRange,8.81152,10.890382,-5.039889
2026/06/10 02:41:00.276,n,-4.308347,3.908466,4.749979,1.275976,OverRange,OverRange,OverRange,8.814306,10.880584,-5.034258
2026/06/10 02:42:00.277,n,-4.381736,5.993016,5.250241,1.198297,OverRange,OverRange,OverRange,8.827526,10.877378,-5.053711
2026/06/10 02:43:00.263,n,-4.270499,6.242595,5.353753,1.002991,OverRange,OverRange,OverRange,8.798056,10.862192,-5.028371
2026/06/10 02:44:00.264,n,-4.367109,5.017507,4.420016,0.888933,OverRange,OverRange,OverRange,8.781036,10.858938,-4.997143
2026/06/10 02:45:00.266,n,-4.22354,6.328168,4.961308,1.135751,OverRange,OverRange,OverRange,8.794994,10.852428,-4.987331
2026/06/10 02:46:00.268,n,-4.267548,5.785927,4.865217,1.181281,OverRange,OverRange,OverRange,8.774426,10.845902,-4.967877
2026/06/10 02:47:00.271,n,-4.258694,4.123911,4.163866,0.629666,OverRange,OverRange,OverRange,8.751318,10.83944,-4.938697
2026/06/10 02:48:00.272,n,-4.276144,6.421921,4.748357,0.989912,OverRange,OverRange,OverRange,8.772656,10.836168,-4.903544
2026/06/10 02:49:00.274,n,-4.314249,5.705384,5.164251,1.130127,OverRange,OverRange,OverRange,8.749258,10.830782,-4.940489
2026/06/10 02:50:00.278,n,-4.320023,3.57848,4.828163,1.231862,OverRange,OverRange,OverRange,8.719036,10.82533,-4.969754
2026/06/10 02:51:00.278,n,-4.349404,4.966392,5.405413,0.998213,OverRange,OverRange,OverRange,8.742666,10.811238,-4.893647
2026/06/10 02:52:00.263,n,-4.361079,6.065035,4.882112,1.217694,OverRange,OverRange,OverRange,8.73961,10.809072,-4.981529
2026/06/10 02:53:00.267,n,-4.375962,6.095477,4.971866,1.150359,OverRange,OverRange,OverRange,8.727162,10.80476,-5.047739
2026/06/10 02:54:00.269,n,-4.381736,5.872327,5.072172,1.078821,OverRange,OverRange,OverRange,8.72818,10.786288,-5.000811
2026/06/10 02:55:00.270,n,-4.390589,3.943183,4.510929,1.107869,OverRange,OverRange,OverRange,8.729446,10.789576,-5.030247
2026/06/10 02:56:00.276,n,-4.405086,3.931996,4.878441,0.961452,OverRange,OverRange,OverRange,8.74902,10.778704,-5.039889
2026/06/10 02:57:00.275,n,-4.381736,3.857084,5.047351,1.187133,OverRange,OverRange,OverRange,8.757142,10.772178,-5.057636
2026/06/10 02:58:00.276,n,-4.413939,4.005244,4.749748,0.984476,OverRange,OverRange,OverRange,8.749264,10.761406,-5.010794
2026/06/10 02:59:00.279,n,-4.472573,4.382266,4.827446,0.96404,OverRange,OverRange,OverRange,8.750534,10.757028,-5.092704
2026/06/10 03:00:00.281,n,-4.454867,3.77398,4.843845,1.318001,OverRange,OverRange,OverRange,8.769842,10.748336,-5.045776
2026/06/10 03:01:00.265,n,-4.53095,5.831802,4.943775,1.178913,OverRange,OverRange,OverRange,8.781022,10.74295,-5.06523
2026/06/10 03:02:00.267,n,-4.516451,3.776472,4.408458,1.230902,OverRange,OverRange,OverRange,8.744706,10.740768,-5.121713
2026/06/10 03:03:00.269,n,-4.507599,3.561501,4.437045,0.983373,OverRange,OverRange,OverRange,8.779516,10.728824,-5.094666
2026/06/10 03:04:00.274,n,-4.581115,4.469473,4.990474,1.027237,OverRange,OverRange,OverRange,8.78891,10.726658,-4.983406
2026/06/10 03:05:00.274,n,-4.706722,4.206307,4.664262,0.988326,OverRange,OverRange,OverRange,8.738342,10.716928,-5.047653
2026/06/10 03:06:00.278,n,-4.695047,5.299713,5.414538,0.49121,OverRange,OverRange,OverRange,8.744954,10.712582,-4.954226
2026/06/10 03:07:00.276,n,-4.712496,4.087569,4.800059,1.171854,OverRange,OverRange,OverRange,8.718034,10.712582,-4.963867
2026/06/10 03:08:00.280,n,-4.844645,3.826427,4.234684,0.925489,OverRange,OverRange,OverRange,8.722336,10.70171,-4.92496
2026/06/10 03:09:00.281,n,-4.815264,6.483756,5.093556,1.099241,OverRange,OverRange,OverRange,8.734532,10.691978,-4.963953
2026/06/10 03:10:00.269,n,-4.82399,3.562863,4.781641,0.922853,OverRange,OverRange,OverRange,8.675594,10.689798,-5.038012
2026/06/10 03:11:00.270,n,-4.9206,5.127679,4.884882,1.157435,OverRange,OverRange,OverRange,8.661098,10.682214,-5.075127
2026/06/10 03:12:00.270,n,-5.000018,5.512237,4.590895,0.934517,OverRange,OverRange,OverRange,8.660838,10.673476,-4.969754
2026/06/10 03:13:00.273,n,-4.97346,5.111073,4.945349,1.069916,OverRange,OverRange,OverRange,8.63822,10.66485,-5.02419
2026/06/10 03:14:00.274,n,-5.12293,6.081414,4.98319,1.407437,OverRange,OverRange,OverRange,8.629578,10.660506,-4.921121
2026/06/10 03:15:00.278,n,-5.204658,4.803476,4.647911,1.055496,OverRange,OverRange,OverRange,8.569082,10.645288,-4.975642
2026/06/10 03:16:00.280,n,-5.284076,4.114885,4.616784,1.099882,OverRange,OverRange,OverRange,8.542872,10.634484,-4.969754
2026/06/10 03:17:00.281,n,-5.33668,4.960992,4.736913,0.84589,OverRange,OverRange,OverRange,8.544164,10.62472,-4.862419
2026/06/10 03:18:00.283,n,-5.269193,3.768785,5.146037,1.292034,OverRange,OverRange,OverRange,8.48695,10.612742,-4.997143
2026/06/10 03:19:00.267,n,-5.35708,6.060318,4.756045,1.066403,OverRange,OverRange,OverRange,8.501714,10.595394,-4.936564
2026/06/10 03:20:00.273,n,-5.333729,3.81598,4.840335,1.084685,OverRange,OverRange,OverRange,8.492284,10.591098,-4.983491
2026/06/10 03:21:00.274,n,-5.36311,4.61058,5.086533,0.973621,OverRange,OverRange,OverRange,8.481608,10.574792,-4.882044
2026/06/10 03:22:00.275,n,-5.374785,5.910352,5.513312,0.932799,OverRange,OverRange,OverRange,8.46965,10.56288,-4.934431
2026/06/10 03:23:00.275,n,-5.342582,3.862622,5.37938,1.064752,OverRange,OverRange,OverRange,8.42389,10.547632,-5.041937
2026/06/10 03:24:00.279,n,-5.479992,3.40366,4.271751,0.934581,OverRange,OverRange,OverRange,8.383947,10.530316,-4.985368
2026/06/10 03:25:00.279,n,-5.424438,5.780675,5.15326,1.16573,OverRange,OverRange,OverRange,8.399216,10.52052,-5.004736
2026/06/10 03:26:00.283,n,-5.410068,3.733948,4.8457,1.19585,OverRange,OverRange,OverRange,8.39768,10.509682,-5.088608
2026/06/10 03:27:00.283,n,-5.310378,4.120216,4.642771,0.99192,OverRange,OverRange,OverRange,8.421086,10.492254,-5.174356
2026/06/10 03:28:00.268,n,-5.190032,4.043953,4.65006,1.120591,OverRange,OverRange,OverRange,8.407858,10.481448,-5.271879
2026/06/10 03:29:00.270,n,-5.146153,3.906834,4.594654,1.180984,OverRange,OverRange,OverRange,8.432034,10.508574,-5.250549
2026/06/10 03:30:00.273,n,-4.777673,5.685772,4.998535,0.915857,OverRange,OverRange,OverRange,8.480438,10.486836,-4.938953
2026/06/10 03:31:00.275,n,-4.669258,6.233737,5.218857,1.247044,OverRange,OverRange,OverRange,8.448924,10.478178,-4.847403
2026/06/10 03:32:00.279,n,-4.701462,5.75729,5.571595,0.701759,OverRange,OverRange,OverRange,8.442302,10.471652,-4.810287
2026/06/10 03:33:00.278,n,-4.742262,4.323167,4.528755,1.079306,OverRange,OverRange,OverRange,8.447124,10.462962,-4.814213
2026/06/10 03:34:00.281,n,-4.643085,3.694611,5.364043,1.018925,OverRange,OverRange,OverRange,8.459336,10.455378,-4.9038
2026/06/10 03:35:00.267,n,-4.625251,5.386306,4.930971,1.003608,OverRange,OverRange,OverRange,8.450186,10.451018,-4.796635
2026/06/10 03:36:00.268,n,-4.59882,6.11185,5.467061,1.372265,OverRange,OverRange,OverRange,8.418132,10.44454,-4.866771
2026/06/10 03:37:00.270,n,-4.622428,3.872647,4.868866,1.156841,OverRange,OverRange,OverRange,8.386342,10.431442,-4.901923
2026/06/10 03:38:00.272,n,-4.686707,5.75305,5.528357,0.44857,OverRange,OverRange,OverRange,8.384578,10.431442,-4.827778
2026/06/10 03:39:00.258,n,-4.757144,3.565622,4.193439,0.994693,OverRange,OverRange,OverRange,8.334961,10.420604,-4.757643
2026/06/10 03:40:00.260,n,-4.841951,5.787276,5.203737,1.096452,OverRange,OverRange,OverRange,8.363195,10.413006,-4.691349
2026/06/10 03:41:00.261,n,-4.789091,3.8288,5.115124,1.040222,OverRange,OverRange,OverRange,8.310013,10.409734,-4.759606
2026/06/10 03:42:00.265,n,-4.918034,3.561379,4.539994,1.233871,OverRange,OverRange,OverRange,8.278473,10.404316,-4.625053
2026/06/10 03:43:00.265,n,-4.979747,3.475895,5.029883,1.172294,OverRange,OverRange,OverRange,8.187607,10.398896,-4.642715
2026/06/10 03:44:00.269,n,-5.149617,6.079851,4.981062,1.551733,OverRange,OverRange,OverRange,8.195491,10.391298,-4.562598
2026/06/10 03:45:00.270,n,-5.214152,3.362433,5.381136,1.025079,OverRange,OverRange,OverRange,8.214325,10.381502,-4.695358
2026/06/10 03:46:00.270,n,-5.275737,5.705909,5.155024,0.98587,OverRange,OverRange,OverRange,8.217118,10.370646,-4.578212
2026/06/10 03:47:00.256,n,-5.161421,3.86911,5.380312,1.228523,OverRange,OverRange,OverRange,8.183528,10.36194,-4.831703
2026/06/10 03:48:00.258,n,-5.202221,5.908233,5.073445,0.959782,OverRange,OverRange,OverRange,8.151444,10.353252,-4.745954
2026/06/10 03:49:00.376,n,-5.01195,5.913858,5.977738,0.184638,OverRange,OverRange,OverRange,8.133641,10.342416,-4.839468
2026/06/10 03:50:00.264,n,-5.055829,5.827252,5.342814,1.113477,OverRange,OverRange,OverRange,8.097982,10.332586,-4.814297
2026/06/10 03:51:00.264,n,-5.117413,4.087801,4.601607,1.188879,OverRange,OverRange,OverRange,8.015722,10.325004,-4.74203
2026/06/10 03:52:00.267,n,-5.202477,6.182171,4.954092,1.093382,OverRange,OverRange,OverRange,8.007076,10.314166,-4.584099
2026/06/10 03:53:00.268,n,-5.269963,5.01034,4.812132,1.199936,OverRange,OverRange,OverRange,7.971156,10.30219,-4.67198
2026/06/10 03:54:00.270,n,-5.196575,3.898485,5.098953,1.250197,OverRange,OverRange,OverRange,8.002223,10.294606,-4.628808
2026/06/10 03:55:00.257,n,-5.225828,5.986578,5.15551,1.050834,OverRange,OverRange,OverRange,8.035589,10.282662,-4.572324
2026/06/10 03:56:00.257,n,-5.088161,3.635143,4.897954,1.050362,OverRange,OverRange,OverRange,7.978536,10.276122,-4.628893
2026/06/10 03:57:00.260,n,-5.070327,4.059456,4.922873,1.295601,OverRange,OverRange,OverRange,7.979559,10.2598,-4.660121
2026/06/10 03:58:00.263,n,-4.956011,3.62861,4.947169,1.112437,OverRange,OverRange,OverRange,7.99,10.25225,-4.720443
2026/06/10 03:59:00.264,n,-4.88891,3.921742,4.910761,1.2547,OverRange,OverRange,OverRange,8.019547,10.248964,-4.792796
2026/06/10 04:00:00.267,n,-4.88583,4.033519,4.059645,0.928978,OverRange,OverRange,OverRange,8.03152,10.234824,-4.771295
2026/06/10 04:01:00.268,n,-4.730843,6.185282,4.851569,1.225551,OverRange,OverRange,OverRange,8.045528,10.226166,-4.730426
2026/06/10 04:02:00.270,n,-4.704541,6.15656,4.886449,1.438929,OverRange,OverRange,OverRange,8.001969,10.21777,-4.773172
2026/06/10 04:03:00.272,n,-4.595999,5.507834,5.305576,0.985193,OverRange,OverRange,OverRange,8.007065,10.214564,-4.66797
2026/06/10 04:04:00.259,n,-4.604595,3.499812,4.180596,0.973767,OverRange,OverRange,OverRange,7.991532,10.20376,-4.59391
2026/06/10 04:05:00.262,n,-4.54301,3.429052,5.168025,1.329332,OverRange,OverRange,OverRange,7.989233,10.200506,-4.625053
2026/06/10 04:06:00.261,n,-4.563538,5.259692,4.572723,0.962365,OverRange,OverRange,OverRange,7.948237,10.200506,-4.554918
2026/06/10 04:07:00.263,n,-4.554942,4.172747,5.352497,1.148169,OverRange,OverRange,OverRange,7.932175,10.192924,-4.4905
2026/06/10 04:08:00.265,n,-4.642572,3.916389,4.562509,1.216811,OverRange,OverRange,OverRange,7.982615,10.18539,-4.533332
2026/06/10 04:09:00.269,n,-4.625379,4.019095,4.590219,1.033896,OverRange,OverRange,OverRange,7.947983,10.186432,-4.465245
2026/06/10 04:10:00.269,n,-4.651552,4.802385,5.117831,0.909784,OverRange,OverRange,OverRange,7.93983,10.173478,-4.496388
2026/06/10 04:11:00.272,n,-4.660405,3.48742,4.700959,1.296024,OverRange,OverRange,OverRange,7.921484,10.16806,-4.545021
2026/06/10 04:12:00.273,n,-4.722118,4.511341,4.783655,1.223094,OverRange,OverRange,OverRange,7.938284,10.161634,-4.547069
2026/06/10 04:13:00.259,n,-4.698639,5.057922,4.414386,1.009904,OverRange,OverRange,OverRange,7.961736,10.155156,-4.736143
2026/06/10 04:14:00.261,n,-4.631025,4.026981,4.781552,1.331472,OverRange,OverRange,OverRange,7.967336,10.149738,-4.757729
2026/06/10 04:15:00.264,n,-4.560587,6.092366,5.034502,1.349581,OverRange,OverRange,OverRange,7.959687,10.141098,-4.820014
2026/06/10 04:16:00.266,n,-4.44935,3.53531,5.005898,1.250765,OverRange,OverRange,OverRange,7.937526,10.136786,-4.868818
2026/06/10 04:17:00.266,n,-4.449607,3.850465,4.915684,1.146448,OverRange,OverRange,OverRange,7.929362,10.133514,-4.827863
2026/06/10 04:18:00.268,n,-4.431773,6.302843,5.158273,1.223744,OverRange,OverRange,OverRange,7.971151,10.131368,-4.847317
2026/06/10 04:19:00.271,n,-4.329389,3.625621,4.748308,1.335871,OverRange,OverRange,OverRange,7.949255,10.119458,-4.843478
2026/06/10 04:20:00.274,n,-4.25908,3.607154,5.054315,1.263361,OverRange,OverRange,OverRange,7.94364,10.114072,-4.736228
2026/06/10 04:21:00.276,n,-4.349789,4.063129,4.651901,1.180838,OverRange,OverRange,OverRange,7.920202,10.117342,-4.681621
2026/06/10 04:22:00.261,n,-4.379041,6.310269,5.776759,0.526292,OverRange,OverRange,OverRange,7.92835,10.107644,-4.804571
2026/06/10 04:23:00.262,n,-4.452173,3.402396,4.913354,1.255457,OverRange,OverRange,OverRange,7.89625,10.107644,-4.933066
2026/06/10 04:24:00.264,n,-4.45243,5.85998,5.020008,1.231369,OverRange,OverRange,OverRange,7.936514,10.102194,-4.818222
2026/06/10 04:25:00.266,n,-4.378913,3.833636,4.831612,1.260577,OverRange,OverRange,OverRange,7.885549,10.097882,-4.923509
2026/06/10 04:26:00.268,n,-4.396618,4.66224,4.216233,0.560027,OverRange,OverRange,OverRange,7.899058,10.122306,-4.77923
2026/06/10 04:27:00.274,n,-4.101269,5.733393,5.145534,1.239229,OverRange,OverRange,OverRange,7.942302,10.116886,-4.65867
2026/06/10 04:28:00.272,n,-4.118975,5.959982,5.273824,1.081708,OverRange,OverRange,OverRange,7.907151,10.109304,-4.619507
2026/06/10 04:29:00.274,n,-4.177352,3.217518,4.231148,1.040557,OverRange,OverRange,OverRange,7.878861,10.107124,-4.629405
2026/06/10 04:30:00.275,n,-4.109994,4.415173,5.76933,0.679943,OverRange,OverRange,OverRange,7.935435,10.10177,-4.592289
2026/06/10 04:31:00.262,n,-4.110122,5.776901,4.391499,0.946286,OverRange,OverRange,OverRange,7.897975,10.097426,-4.518315
2026/06/10 04:32:00.264,n,-4.066115,3.163672,4.400977,1.191923,OverRange,OverRange,OverRange,7.840388,10.08986,-4.598092
2026/06/10 04:33:00.265,n,-4.218665,5.863097,4.941326,1.234222,OverRange,OverRange,OverRange,7.86408,10.09531,-4.504493
2026/06/10 04:34:00.267,n,-4.174786,3.785757,4.94629,1.082232,OverRange,OverRange,OverRange,7.844218,10.0834,-4.707218
2026/06/10 04:35:00.270,n,-4.227133,4.048349,4.874504,1.041006,OverRange,OverRange,OverRange,7.822032,10.079088,-4.646896
2026/06/10 04:36:00.271,n,-4.335547,6.408529,5.165062,1.409344,OverRange,OverRange,OverRange,7.800375,10.070432,-4.600139
2026/06/10 04:37:00.274,n,-4.402905,6.226975,4.492629,0.950174,OverRange,OverRange,OverRange,7.740957,10.06394,-4.569082
2026/06/10 04:38:00.275,n,-4.458844,4.444337,4.764216,0.655752,OverRange,OverRange,OverRange,7.737152,10.0553,-4.59229
2026/06/10 04:39:00.278,n,-4.467313,4.031256,4.260929,0.965349,OverRange,OverRange,OverRange,7.753199,10.05203,-4.551335
2026/06/10 04:40:00.263,n,-4.432286,4.989157,4.124374,0.424112,OverRange,OverRange,OverRange,7.773844,10.041258,-4.584525
2026/06/10 04:41:00.265,n,-4.370574,3.910336,5.337806,1.073356,OverRange,OverRange,OverRange,7.753189,10.03584,-4.756193
2026/06/10 04:42:00.267,n,-4.423562,4.030983,4.921313,1.428724,OverRange,OverRange,OverRange,7.752696,10.023962,-4.761824
2026/06/10 04:43:00.269,n,-4.414709,6.191298,4.760425,1.250641,OverRange,OverRange,OverRange,7.75473,10.01965,-4.719078
2026/06/10 04:44:00.271,n,-4.370702,6.012111,5.453732,0.952029,OverRange,OverRange,OverRange,7.771546,10.013126,-4.812676
2026/06/10 04:45:00.272,n,-4.277042,5.422962,4.558145,1.028818,OverRange,OverRange,OverRange,7.689199,10.005608,-4.744333
2026/06/10 04:46:00.276,n,-4.253563,6.030723,5.216175,1.211901,OverRange,OverRange,OverRange,7.73025,9.999084,-4.742541
2026/06/10 04:47:00.282,n,-4.22431,4.130572,4.754433,1.090689,OverRange,OverRange,OverRange,7.717764,9.991518,-4.771637
2026/06/10 04:48:00.281,n,-4.285766,3.72822,4.204928,0.445641,OverRange,OverRange,OverRange,7.706019,9.990428,-4.670189
2026/06/10 04:49:00.264,n,-4.209684,3.549326,4.991416,1.24013,OverRange,OverRange,OverRange,7.700414,9.97855,-4.715068
2026/06/10 04:50:00.266,n,-4.329646,6.282383,4.853405,1.08743,OverRange,OverRange,OverRange,7.664973,9.973132,-4.639046
2026/06/10 04:51:00.268,n,-4.382634,4.973526,4.890493,1.194555,OverRange,OverRange,OverRange,7.640223,9.966672,-4.681963
2026/06/10 04:52:00.273,n,-4.467569,6.195116,5.030453,1.259753,OverRange,OverRange,OverRange,7.656561,9.956942,-4.738531
2026/06/10 04:53:00.273,n,-4.523123,6.268705,4.601497,0.896255,OverRange,OverRange,OverRange,7.681046,9.943958,-4.680001
2026/06/10 04:54:00.276,n,-4.470391,4.095446,4.224648,0.45387,OverRange,OverRange,OverRange,7.678752,9.939614,-4.66251
2026/06/10 04:55:00.277,n,-4.458716,6.063517,4.765067,1.205325,OverRange,OverRange,OverRange,7.662684,9.93205,-4.64681
2026/06/10 04:56:00.279,n,-4.353124,4.857815,4.554869,0.860828,OverRange,OverRange,OverRange,7.634613,9.926664,-4.642971
2026/06/10 04:57:00.283,n,-4.373396,4.010955,4.158313,0.953489,OverRange,OverRange,OverRange,7.631582,9.921214,-4.61379
2026/06/10 04:58:00.268,n,-4.487969,5.648213,4.582373,1.095706,OverRange,OverRange,OverRange,7.685374,9.913664,-4.572751
2026/06/10 04:59:00.269,n,-4.435108,3.967537,4.124735,0.647672,OverRange,OverRange,OverRange,7.563207,9.905024,-4.722918
2026/06/10 05:00:00.270,n,-4.695945,5.976516,4.578497,1.071944,OverRange,OverRange,OverRange,7.533875,9.919326,-4.736569
2026/06/10 05:01:00.272,n,-4.438573,3.915596,3.862256,0.221884,OverRange,OverRange,OverRange,7.436219,9.910328,-4.565327
2026/06/10 05:02:00.275,n,-4.754835,6.0081,4.926956,1.138083,OverRange,OverRange,OverRange,7.410665,9.901688,-4.571045
2026/06/10 05:03:00.276,n,-4.737514,3.838326,5.463182,0.875861,OverRange,OverRange,OverRange,7.277664,9.88436,-4.787592
2026/06/10 05:04:00.280,n,-4.834125,4.045966,4.353335,0.806292,OverRange,OverRange,OverRange,7.331548,9.875736,-4.723259
2026/06/10 05:05:00.280,n,-4.883906,6.204492,5.595531,0.905396,OverRange,OverRange,OverRange,7.436951,9.861664,-4.863699
2026/06/10 05:06:00.281,n,-4.801793,3.498426,4.866197,1.331352,OverRange,OverRange,OverRange,7.431844,9.84868,-4.80312
2026/06/10 05:07:00.267,n,-4.751884,6.337577,5.250281,1.129585,OverRange,OverRange,OverRange,7.463237,9.848582,-4.676332
2026/06/10 05:08:00.269,n,-4.769718,3.398385,4.801811,1.23971,OverRange,OverRange,OverRange,7.412074,9.829124,-4.633585
2026/06/10 05:09:00.273,n,-4.751884,3.933934,4.716924,1.121921,OverRange,OverRange,OverRange,7.437577,9.818288,-4.510892
2026/06/10 05:10:00.273,n,-4.690556,3.554271,4.518929,1.047241,OverRange,OverRange,OverRange,7.406454,9.809632,-4.382056
2026/06/10 05:11:00.276,n,-4.719809,4.321632,4.569571,1.00778,OverRange,OverRange,OverRange,7.458502,9.805338,-4.372414
2026/06/10 05:12:00.277,n,-4.658353,3.006338,4.472988,1.236048,OverRange,OverRange,OverRange,7.498052,9.790156,-4.300232
2026/06/10 05:13:00.280,n,-4.655402,5.886353,4.804787,1.148359,OverRange,OverRange,OverRange,7.510569,9.78692,-4.31576
2026/06/10 05:14:00.281,n,-4.611395,5.800333,4.764831,1.221902,OverRange,OverRange,OverRange,7.503678,9.772844,-4.411236
2026/06/10 05:15:00.284,n,-4.552761,3.657355,4.652003,1.185736,OverRange,OverRange,OverRange,7.511332,9.7685,-4.399718
2026/06/10 05:16:00.271,n,-4.561357,6.436436,4.956871,1.157483,OverRange,OverRange,OverRange,7.525101,9.758788,-4.257315
2026/06/10 05:17:00.270,n,-4.614474,6.120767,5.509326,1.17876,OverRange,OverRange,OverRange,7.543218,9.75555,-4.382141
2026/06/10 05:18:00.274,n,-4.51504,6.49473,6.122187,0.260913,OverRange,OverRange,OverRange,7.558528,9.746862,-4.403642
2026/06/10 05:19:00.274,n,-4.503108,5.913119,6.109151,0.149431,OverRange,OverRange,OverRange,7.551646,9.742536,-4.415246
2026/06/10 05:20:00.277,n,-4.494384,4.058232,4.941076,1.166099,OverRange,OverRange,OverRange,7.516693,9.73715,-4.44656
2026/06/10 05:21:00.279,n,-4.514655,3.694323,4.977121,1.340123,OverRange,OverRange,OverRange,7.537613,9.738224,-4.384104
2026/06/10 05:22:00.281,n,-4.561742,3.510439,4.673124,1.328061,OverRange,OverRange,OverRange,7.581467,9.727388,-4.473692
2026/06/10 05:23:00.267,n,-4.494256,4.444898,4.988347,1.434033,OverRange,OverRange,OverRange,7.544485,9.730642,-4.57514
2026/06/10 05:24:00.284,n,-4.497206,3.455243,4.73114,1.022341,OverRange,OverRange,OverRange,7.608516,9.730642,-4.540072
2026/06/10 05:25:00.270,n,-4.453456,5.878935,5.780579,1.092511,OverRange,OverRange,OverRange,7.693441,9.725224,-4.60031
2026/06/10 05:26:00.274,n,-4.447554,3.518842,5.09619,1.446031,OverRange,OverRange,OverRange,7.631216,9.725224,-4.682475
2026/06/10 05:27:00.257,n,-4.468082,6.407577,4.383993,1.044744,OverRange,OverRange,OverRange,7.630468,9.720898,-4.577102
2026/06/10 05:28:00.260,n,-4.43575,6.585687,5.558947,1.125955,OverRange,OverRange,OverRange,7.677384,9.723044,-4.717457
2026/06/10 05:29:00.262,n,-4.479629,5.942935,5.295719,1.227463,OverRange,OverRange,OverRange,7.650599,9.719872,-4.723174
2026/06/10 05:30:00.263,n,-4.456022,5.955712,5.221744,1.374324,OverRange,OverRange,OverRange,7.626368,9.720898,-4.692201
2026/06/10 05:31:00.265,n,-4.438701,6.008272,5.738762,1.123659,OverRange,OverRange,OverRange,7.630183,9.71769,-4.658841
2026/06/10 05:32:00.267,n,-4.491305,6.338477,5.371331,1.237138,OverRange,OverRange,OverRange,7.618449,9.716584,-4.674454
2026/06/10 05:33:00.270,n,-4.760993,6.172819,5.060667,1.128694,OverRange,OverRange,OverRange,7.588104,9.709004,-4.736996
2026/06/10 05:34:00.272,n,-4.875053,3.713557,4.51203,1.388433,OverRange,OverRange,OverRange,7.58428,9.710078,-4.721381
2026/06/10 05:35:00.259,n,-4.74316,4.774901,5.448441,1.12406,OverRange,OverRange,OverRange,7.620234,9.711168,-4.766261
2026/06/10 05:36:00.259,n,-4.769461,3.706395,4.133857,0.731594,OverRange,OverRange,OverRange,7.624079,9.726934,-4.633671
2026/06/10 05:37:00.263,n,-4.408935,6.291562,5.356869,1.256309,OverRange,OverRange,OverRange,7.639567,9.717202,-4.506882
2026/06/10 05:38:00.263,n,-4.285895,3.865173,4.180421,0.449521,OverRange,OverRange,OverRange,7.584722,9.727274,-4.522411
2026/06/10 05:39:00.264,n,-4.400211,3.880937,4.763281,1.215567,OverRange,OverRange,OverRange,7.651438,9.72189,-4.553809
2026/06/10 05:40:00.266,n,-4.400339,6.095394,4.231581,0.917921,OverRange,OverRange,OverRange,7.641734,9.715398,-4.446474
2026/06/10 05:41:00.269,n,-4.582142,3.502648,5.441729,0.950884,OverRange,OverRange,OverRange,7.602961,9.720782,-4.811226
2026/06/10 05:42:00.270,n,-4.459101,4.275519,5.521281,1.179235,OverRange,OverRange,OverRange,7.581564,9.718636,-4.602614
2026/06/10 05:43:00.259,n,-4.482708,3.956894,4.281256,0.745394,OverRange,OverRange,OverRange,7.528753,9.717562,-4.505005
2026/06/10 05:44:00.260,n,-4.550195,5.820501,4.859812,1.061851,OverRange,OverRange,OverRange,7.538956,9.714324,-4.417379
2026/06/10 05:45:00.260,n,-4.579448,5.854251,4.932653,1.103676,OverRange,OverRange,OverRange,7.516485,9.712128,-4.431031
2026/06/10 05:46:00.262,n,-4.506059,3.589094,5.060525,1.177207,OverRange,OverRange,OverRange,7.514704,9.702382,-4.417294
2026/06/10 05:47:00.263,n,-4.570595,5.806246,5.137382,1.216958,OverRange,OverRange,OverRange,7.568029,9.700284,-4.386151
2026/06/10 05:48:00.266,n,-4.494384,5.829739,4.984735,1.305168,OverRange,OverRange,OverRange,7.564713,9.700284,-4.395878
2026/06/10 05:49:00.268,n,-4.40932,4.363722,4.891297,1.060833,OverRange,OverRange,OverRange,7.552211,9.694832,-4.444683
2026/06/10 05:50:00.271,n,-4.374166,5.84588,5.018699,1.045165,OverRange,OverRange,OverRange,7.582057,9.696998,-4.417465
2026/06/10 05:51:00.272,n,-4.332981,5.987728,5.242823,1.293903,OverRange,OverRange,OverRange,7.61879,9.694832,-4.425229
2026/06/10 05:52:00.258,n,-4.265751,3.916476,4.571057,1.046107,OverRange,OverRange,OverRange,7.52006,9.69158,-4.557649
2026/06/10 05:53:00.259,n,-4.617424,4.023504,5.433769,1.052244,OverRange,OverRange,OverRange,7.548625,9.692654,-4.776073
2026/06/10 05:54:00.263,n,-4.529539,6.25572,5.122773,1.307575,OverRange,OverRange,OverRange,7.569041,9.68831,-4.559782
2026/06/10 05:55:00.264,n,-4.429721,3.767439,4.550375,1.053217,OverRange,OverRange,OverRange,7.511399,9.686162,-4.475995
2026/06/10 05:56:00.265,n,-4.427026,3.512792,4.826263,1.338496,OverRange,OverRange,OverRange,7.570832,9.687268,-4.356972
2026/06/10 05:57:00.269,n,-4.462052,5.863411,5.532801,0.974886,OverRange,OverRange,OverRange,7.555537,9.68831,-4.315931
2026/06/10 05:58:00.271,n,-4.485531,4.709706,4.685612,1.233966,OverRange,OverRange,OverRange,7.522115,9.693758,-4.403727
2026/06/10 05:59:00.271,n,-4.450505,3.761233,4.42804,1.386596,OverRange,OverRange,OverRange,7.555018,9.687268,-4.370622
2026/06/10 06:00:00.274,n,-4.479629,5.998345,5.01294,1.315272,OverRange,OverRange,OverRange,7.563696,9.683998,-4.351169
2026/06/10 06:01:00.260,n,-4.365698,3.946787,4.843408,1.305944,OverRange,OverRange,OverRange,7.548386,9.683998,-4.481712
2026/06/10 06:02:00.260,n,-4.400339,4.006793,3.983277,0.068799,OverRange,OverRange,OverRange,7.52798,9.679654,-4.446474
2026/06/10 06:03:00.262,n,-4.38289,5.061244,4.883722,1.451023,OverRange,OverRange,OverRange,7.583842,9.681818,-4.350999
2026/06/10 06:04:00.265,n,-4.359668,3.60927,4.670413,1.337635,OverRange,OverRange,OverRange,7.54508,9.678548,-4.382227
2026/06/10 06:05:00.267,n,-4.426641,6.50193,4.703562,1.294916,OverRange,OverRange,OverRange,7.545069,9.677506,-4.333508
2026/06/10 06:06:00.269,n,-4.400467,3.622322,4.429577,1.2816,OverRange,OverRange,OverRange,7.576193,9.673196,-4.468231
2026/06/10 06:07:00.272,n,-4.397517,3.8594,4.650152,1.322328,OverRange,OverRange,OverRange,7.650147,9.677506,-4.448521
2026/06/10 06:08:00.274,n,-4.429976,6.493783,5.15229,1.288187,OverRange,OverRange,OverRange,7.595576,9.67209,-4.497241
2026/06/10 06:09:00.276,n,-4.423818,6.255132,5.240311,0.934732,OverRange,OverRange,OverRange,7.566239,9.668852,-4.548007
2026/06/10 06:10:00.262,n,-4.488354,4.768173,5.411367,1.0858,OverRange,OverRange,OverRange,7.52797,9.669926,-4.584952
2026/06/10 06:11:00.264,n,-4.494128,3.487141,4.934497,1.222668,OverRange,OverRange,OverRange,7.513413,9.664524,-4.411662
2026/06/10 06:12:00.266,n,-4.567515,6.229368,4.956071,1.443496,OverRange,OverRange,OverRange,7.525157,9.664524,-4.442805
2026/06/10 06:13:00.269,n,-4.503108,4.033945,4.883204,1.01892,OverRange,OverRange,OverRange,7.521591,9.665566,-4.390161
2026/06/10 06:14:00.270,n,-4.488482,4.174625,5.071249,1.455039,OverRange,OverRange,OverRange,7.520056,9.66236,-4.485636
2026/06/10 06:15:00.272,n,-4.50901,6.121914,4.913119,1.445096,OverRange,OverRange,OverRange,7.543534,9.66236,-4.448607
2026/06/10 06:16:00.277,n,-4.406498,4.995995,5.014605,1.196091,OverRange,OverRange,OverRange,7.506277,9.661254,-4.472071
2026/06/10 06:17:00.277,n,-4.438445,4.473393,4.794344,1.396893,OverRange,OverRange,OverRange,7.546082,9.659088,-4.44272
2026/06/10 06:18:00.279,n,-4.520686,3.558986,4.858044,1.186735,OverRange,OverRange,OverRange,7.483826,9.653704,-4.409445
2026/06/10 06:19:00.263,n,-4.564949,5.509591,5.128576,1.235645,OverRange,OverRange,OverRange,7.519827,9.65587,-4.444682
2026/06/10 06:20:00.265,n,-4.588172,5.870702,5.451893,1.086829,OverRange,OverRange,OverRange,7.532817,9.651524,-4.458248
2026/06/10 06:21:00.266,n,-4.517863,3.863527,4.092216,1.120566,OverRange,OverRange,OverRange,7.464447,9.649344,-4.460296
2026/06/10 06:22:00.268,n,-4.56187,3.963134,3.936145,0.023696,OverRange,OverRange,OverRange,7.483592,9.646106,-4.316016
2026/06/10 06:23:00.272,n,-4.6495,5.756852,5.008185,1.071717,OverRange,OverRange,OverRange,7.510376,9.647182,-4.407567
2026/06/10 06:24:00.273,n,-4.597025,3.954177,4.599022,0.870399,OverRange,OverRange,OverRange,7.445567,9.645,-4.468061
2026/06/10 06:25:00.275,n,-4.796148,3.976463,4.729857,1.176645,OverRange,OverRange,OverRange,7.490977,9.646106,-4.458334
2026/06/10 06:26:00.276,n,-4.749318,5.840906,5.428123,0.809373,OverRange,OverRange,OverRange,7.489706,9.639614,-4.458249
2026/06/10 06:27:00.280,n,-4.666949,6.503652,5.895592,0.566988,OverRange,OverRange,OverRange,7.475662,9.634198,-4.588876
2026/06/10 06:28:00.265,n,-4.649628,3.430869,4.586986,1.142504,OverRange,OverRange,OverRange,7.443766,9.638524,-4.497412
2026/06/10 06:29:00.266,n,-4.634873,3.653488,4.723915,1.303557,OverRange,OverRange,OverRange,7.488938,9.638524,-4.555686
2026/06/10 06:30:00.269,n,-4.643855,6.010481,4.93381,1.428782,OverRange,OverRange,OverRange,7.497345,9.635304,-4.392039
2026/06/10 06:31:00.270,n,-4.699281,3.709562,4.542216,1.074812,OverRange,OverRange,OverRange,7.436112,9.632032,-4.514817
2026/06/10 06:32:00.272,n,-4.617424,4.030632,5.360497,0.894557,OverRange,OverRange,OverRange,7.447088,9.632032,-4.454324
2026/06/10 06:33:00.274,n,-4.628972,4.045752,4.134905,0.107006,OverRange,OverRange,OverRange,7.387635,9.63096,-4.286752
2026/06/10 06:34:00.276,n,-4.652579,3.279879,5.541799,1.12556,OverRange,OverRange,OverRange,7.427175,9.626616,-4.304157
2026/06/10 06:35:00.278,n,-4.667205,3.680754,3.817747,0.168332,OverRange,OverRange,OverRange,7.409068,9.626616,-4.325743
2026/06/10 06:36:00.280,n,-4.676058,5.665567,5.224423,1.266687,OverRange,OverRange,OverRange,7.536657,9.622272,-4.370452
2026/06/10 06:37:00.267,n,-4.623198,6.016539,4.514901,1.306392,OverRange,OverRange,OverRange,7.502208,9.620092,-4.392039
2026/06/10 06:38:00.269,n,-4.617039,6.424052,4.842572,1.603762,OverRange,OverRange,OverRange,7.512416,9.61902,-4.487429
2026/06/10 06:39:00.270,n,-4.538263,6.075509,5.222439,1.245486,OverRange,OverRange,OverRange,7.525421,9.620092,-4.518657
2026/06/10 06:40:00.272,n,-4.546987,6.264827,4.862347,1.425866,OverRange,OverRange,OverRange,7.508067,9.622272,-4.565499
2026/06/10 06:41:00.274,n,-4.553017,6.27839,4.72694,1.354416,OverRange,OverRange,OverRange,7.512416,9.62447,-4.524629
2026/06/10 06:42:00.276,n,-4.514912,5.94753,4.834315,1.460785,OverRange,OverRange,OverRange,7.52825,9.620092,-4.511063
2026/06/10 06:43:00.281,n,-4.573545,6.175308,4.172285,1.1935,OverRange,OverRange,OverRange,7.501196,9.620092,-4.30612
2026/06/10 06:44:00.280,n,-4.760994,3.848347,3.796843,0.201276,OverRange,OverRange,OverRange,7.498886,9.616888,-4.518827
2026/06/10 06:45:00.283,n,-4.842978,5.878394,5.627852,0.468506,OverRange,OverRange,OverRange,7.573904,9.61902,-4.555601
2026/06/10 06:46:00.268,n,-4.667077,6.270897,5.418005,0.982201,OverRange,OverRange,OverRange,7.519028,9.62551,-4.557819
2026/06/10 06:47:00.269,n,-4.608572,6.590682,5.014629,1.430996,OverRange,OverRange,OverRange,7.523133,9.620092,-4.46806
2026/06/10 06:48:00.273,n,-4.591123,3.499677,4.753221,1.506496,OverRange,OverRange,OverRange,7.50705,9.622272,-4.415332
2026/06/10 06:49:00.273,n,-4.567644,5.977326,5.529463,1.092907,OverRange,OverRange,OverRange,7.536917,9.629854,-4.30245
2026/06/10 06:50:00.277,n,-4.514656,6.155289,5.021674,1.393936,OverRange,OverRange,OverRange,7.515727,9.632032,-4.335385
2026/06/10 06:51:00.277,n,-4.50298,6.017253,5.657889,1.056226,OverRange,OverRange,OverRange,7.545324,9.634198,-4.345196
2026/06/10 06:52:00.279,n,-4.467826,5.923495,4.895978,1.317912,OverRange,OverRange,OverRange,7.593531,9.636346,-4.33948
2026/06/10 06:53:00.282,n,-4.377117,3.906583,4.56044,1.155333,OverRange,OverRange,OverRange,7.590729,9.642836,-4.448607
2026/06/10 06:54:00.284,n,-4.315532,3.803647,4.240324,0.867057,OverRange,OverRange,OverRange,7.630789,9.645,-4.3568
2026/06/10 06:55:00.269,n,-4.268574,6.309527,4.505624,1.04948,OverRange,OverRange,OverRange,7.631037,9.653704,-4.30245
2026/06/10 06:56:00.271,n,-4.16619,6.173445,5.444783,0.982448,OverRange,OverRange,OverRange,7.594569,9.65691,-4.44272
2026/06/10 06:57:00.272,n,-4.101782,4.722102,4.823823,1.261572,OverRange,OverRange,OverRange,7.586655,9.666672,-4.456457
2026/06/10 06:58:00.274,n,-3.981565,3.358517,4.699403,1.191386,OverRange,OverRange,OverRange,7.609869,9.678548,-4.358848
2026/06/10 06:59:00.276,n,-3.844154,3.844314,5.382363,0.926524,OverRange,OverRange,OverRange,7.656291,9.68504,-4.378387
2026/06/10 07:00:00.277,n,-3.694812,3.896643,4.41872,0.922448,OverRange,OverRange,OverRange,7.660111,9.696998,-4.177539
2026/06/10 07:01:00.281,n,-3.518783,3.934884,4.250356,1.084545,OverRange,OverRange,OverRange,7.668783,9.701324,-4.119008
2026/06/10 07:02:00.282,n,-3.428074,3.651922,4.168701,1.075088,OverRange,OverRange,OverRange,7.714422,9.720782,-3.982578
2026/06/10 07:03:00.284,n,-3.319788,3.621864,4.907397,1.372901,OverRange,OverRange,OverRange,7.736852,9.733782,-4.06645
2026/06/10 07:04:00.269,n,-3.184944,3.548781,5.351545,1.108369,OverRange,OverRange,OverRange,7.73788,9.744586,-3.990427
2026/06/10 07:05:00.271,n,-3.135291,3.872779,4.989539,1.444578,OverRange,OverRange,OverRange,7.739141,9.76302,-3.889065
2026/06/10 07:06:00.273,n,-3.129518,6.017165,5.436215,1.248688,OverRange,OverRange,OverRange,7.793188,9.77924,-3.822684
2026/06/10 07:07:00.277,n,-3.038552,5.98738,5.685541,1.11975,OverRange,OverRange,OverRange,7.780721,9.797658,-3.865687
2026/06/10 07:08:00.281,n,-3.003526,3.89733,5.162092,1.166792,OverRange,OverRange,OverRange,7.790909,9.819298,-3.738898
2026/06/10 07:09:00.263,n,-3.023798,6.077733,5.111844,1.184038,OverRange,OverRange,OverRange,7.834478,9.82683,-3.637792
2026/06/10 07:10:00.282,n,-2.901014,3.866593,4.788227,1.320002,OverRange,OverRange,OverRange,7.781983,9.849574,-3.641546
2026/06/10 07:11:00.285,n,-2.965421,4.034136,4.823099,1.174125,OverRange,OverRange,OverRange,7.842397,9.86796,-3.538391
2026/06/10 07:12:00.268,n,-2.994802,5.435772,5.48853,1.080723,OverRange,OverRange,OverRange,7.894888,9.89282,-3.483529
2026/06/10 07:13:00.270,n,-3.035602,3.448358,4.395452,1.439311,OverRange,OverRange,OverRange,7.88852,9.90797,-3.505201
2026/06/10 07:14:00.271,n,-2.994673,3.972148,4.859556,1.409038,OverRange,OverRange,OverRange,7.896927,9.926388,-3.557759
2026/06/10 07:15:00.260,n,-3.073835,5.570154,4.487503,1.30015,OverRange,OverRange,OverRange,7.915278,9.939338,-3.460322
2026/06/10 07:16:00.259,n,-3.149789,5.861522,4.457115,1.180149,OverRange,OverRange,OverRange,7.918335,9.962052,-3.512965
2026/06/10 07:17:00.263,n,-3.117714,5.181684,5.161929,1.30706,OverRange,OverRange,OverRange,7.914002,9.959042,-3.433019
2026/06/10 07:18:00.263,n,-3.579598,5.700665,5.458794,1.102195,OverRange,OverRange,OverRange,7.912756,9.970952,-3.806559
2026/06/10 07:19:00.265,n,-3.582677,6.403286,4.974271,1.438962,OverRange,OverRange,OverRange,7.903849,9.981788,-3.748198
2026/06/10 07:20:00.267,n,-3.705717,3.891874,4.453604,1.320541,OverRange,OverRange,OverRange,7.895701,9.99474,-3.874901
2026/06/10 07:21:00.268,n,-3.717522,3.307188,5.219571,1.414117,OverRange,OverRange,OverRange,7.955068,10.00447,-3.913808
2026/06/10 07:22:00.271,n,-3.860961,4.348508,4.469781,1.186153,OverRange,OverRange,OverRange,7.95608,10.013126,-4.079418
2026/06/10 07:23:00.256,n,-3.9985,3.188724,4.122538,1.078013,OverRange,OverRange,OverRange,7.985382,10.02393,-4.06389
2026/06/10 07:24:00.259,n,-3.758449,6.394861,5.157183,1.338879,OverRange,OverRange,OverRange,8.014156,10.041194,-4.034624
2026/06/10 07:25:00.260,n,-3.647341,3.518539,4.133731,1.11283,OverRange,OverRange,OverRange,7.993261,10.049898,-3.863127
2026/06/10 07:26:00.262,n,-3.673386,3.458728,4.773046,1.225851,OverRange,OverRange,OverRange,7.994049,10.06176,-3.843674
2026/06/10 07:27:00.265,n,-3.615009,5.444074,4.823542,1.29728,OverRange,OverRange,OverRange,7.964493,10.07686,-3.816456
2026/06/10 07:28:00.266,n,-3.570873,3.741941,5.252979,1.287172,OverRange,OverRange,OverRange,7.983343,10.090934,-3.867137
2026/06/10 07:29:00.268,n,-3.512496,5.944637,5.456451,0.900848,OverRange,OverRange,OverRange,8.028707,10.093114,-3.76185
2026/06/10 07:30:00.269,n,-3.398308,6.579894,4.917184,1.302491,OverRange,OverRange,OverRange,8.034292,10.099572,-3.687705
2026/06/10 07:31:00.274,n,-3.222536,6.263772,4.484835,1.130212,OverRange,OverRange,OverRange,8.035314,10.119002,-3.440356
2026/06/10 07:32:00.257,n,-3.073065,3.382757,4.06738,1.068804,OverRange,OverRange,OverRange,8.05721,10.127658,-3.325427
2026/06/10 07:33:00.259,n,-2.84764,6.125621,5.38519,1.117716,OverRange,OverRange,OverRange,8.091584,10.13633,-3.152053
2026/06/10 07:34:00.261,n,-2.640049,4.437886,4.256401,1.178265,OverRange,OverRange,OverRange,8.038117,10.154668,-2.953167
2026/06/10 07:35:00.263,n,-2.862139,3.823927,4.763022,1.35521,OverRange,OverRange,OverRange,8.056188,10.162218,-3.066219
2026/06/10 07:36:00.265,n,-2.660449,5.760408,4.739978,1.194769,OverRange,OverRange,OverRange,8.101517,10.17413,-2.799417
2026/06/10 07:37:00.266,n,-2.344059,4.013244,4.915251,0.881541,OverRange,OverRange,OverRange,8.069184,10.194632,-2.873476
2026/06/10 07:38:00.270,n,-2.224098,6.158715,5.519882,1.252493,OverRange,OverRange,OverRange,8.111455,10.204362,-2.620241
2026/06/10 07:39:00.271,n,-2.019073,6.027553,5.529643,1.007632,OverRange,OverRange,OverRange,8.109416,10.217316,-2.435007
2026/06/10 07:40:00.257,n,-1.916689,3.596917,4.655609,1.344384,OverRange,OverRange,OverRange,8.087535,10.231374,-2.246274
2026/06/10 07:41:00.259,n,-1.790954,3.778057,4.533652,1.363784,OverRange,OverRange,OverRange,8.094136,10.246148,-1.952169
2026/06/10 07:42:00.261,n,-1.6062,6.228465,4.226655,0.985959,OverRange,OverRange,OverRange,8.125458,10.25365,-1.549107
2026/06/10 07:43:00.264,n,-1.457628,6.193587,5.213232,1.202043,OverRange,OverRange,OverRange,8.124089,10.261266,-1.510627
2026/06/10 07:44:00.266,n,-1.267742,4.018384,4.594746,1.278697,OverRange,OverRange,OverRange,8.101415,10.273242,-1.259439
2026/06/10 07:45:00.267,n,-1.130075,6.26797,4.975367,1.256463,OverRange,OverRange,OverRange,8.109319,10.281898,-0.911154
2026/06/10 07:46:00.268,n,-0.778787,5.936019,5.97629,0.030708,OverRange,OverRange,OverRange,8.086914,10.286276,-0.695034
2026/06/10 07:47:00.270,n,-0.377975,6.144562,5.378477,1.32631,OverRange,OverRange,OverRange,8.057389,10.291694,-0.171583
2026/06/10 07:48:00.273,n,0.341666,6.222985,5.766339,0.807389,OverRange,OverRange,OverRange,8.057637,10.296072,0.620206
2026/06/10 07:49:00.257,n,1.172286,3.772104,4.302858,1.185056,OverRange,OverRange,OverRange,8.028606,10.300398,1.506873
2026/06/10 07:50:00.259,n,1.842017,3.796418,4.93389,1.41507,OverRange,OverRange,OverRange,8.085648,10.299358,2.232111
2026/06/10 07:51:00.263,n,2.499945,3.65152,5.043705,1.095097,OverRange,OverRange,OverRange,8.027069,10.296072,2.815116
2026/06/10 07:52:00.265,n,3.157744,6.115613,4.430676,1.310373,OverRange,OverRange,OverRange,8.015091,10.2928,3.570728
2026/06/10 07:53:00.265,n,3.870713,3.949595,4.538548,1.170552,OverRange,OverRange,OverRange,7.951126,10.291694,4.438966
2026/06/10 07:54:00.270,n,4.499131,3.924144,3.909204,0.209118,OverRange,OverRange,OverRange,7.941732,10.286276,5.491328
2026/06/10 07:55:00.269,n,5.094961,3.816905,3.97882,0.201984,OverRange,OverRange,OverRange,8.008474,10.284112,6.170492
2026/06/10 07:56:00.276,n,5.597388,6.022548,5.314469,1.380761,OverRange,OverRange,OverRange,8.141408,10.275438,6.661434
2026/06/10 07:57:00.273,n,6.324597,6.271707,4.969317,1.225935,OverRange,OverRange,OverRange,8.082082,10.276512,8.439888
2026/06/10 07:58:00.260,n,7.194863,5.98524,6.035476,0.130354,OverRange,OverRange,OverRange,8.052272,10.280824,13.279014
2026/06/10 07:59:00.261,n,8.598734,3.819743,4.058044,1.071291,OverRange,OverRange,OverRange,8.013576,10.27106,22.440638
2026/06/10 08:00:00.263,n,9.211756,6.31146,5.030714,1.228025,OverRange,OverRange,OverRange,8.070618,10.26779,25.414794
2026/06/10 08:01:00.265,n,8.867266,5.945712,5.667254,1.059406,OverRange,OverRange,OverRange,8.045899,10.265626,17.678304
2026/06/10 08:02:00.267,n,8.835192,5.774346,5.358332,0.989954,OverRange,OverRange,OverRange,8.093262,10.261266,12.092526
2026/06/10 08:03:00.269,n,9.164926,6.058257,4.703592,1.273085,OverRange,OverRange,OverRange,8.104497,10.268898,10.95561
2026/06/10 08:04:00.271,n,9.704816,3.84361,5.167104,1.260376,OverRange,OverRange,OverRange,8.066533,10.265626,11.424026
2026/06/10 08:05:00.272,n,10.252918,5.414894,5.26614,1.097285,OverRange,OverRange,OverRange,8.106267,10.266716,12.127764
2026/06/10 08:06:00.274,n,10.69145,5.912367,4.575213,1.148518,OverRange,OverRange,OverRange,8.083873,10.26779,12.733892
2026/06/10 08:07:00.260,n,11.125236,3.582442,4.870065,1.490831,OverRange,OverRange,OverRange,8.051514,10.263478,13.120484
2026/06/10 08:08:00.261,n,11.6437,3.706548,4.488064,1.294149,OverRange,OverRange,OverRange,8.070114,10.268898,14.03531
2026/06/10 08:09:00.264,n,12.229138,4.891832,5.158825,1.392338,OverRange,OverRange,OverRange,8.096334,10.27106,15.081698
2026/06/10 08:10:00.265,n,12.884756,3.883121,4.678376,1.217045,OverRange,OverRange,OverRange,8.087163,10.27106,16.424328
2026/06/10 08:11:00.268,n,13.569626,3.725529,4.266021,1.022381,OverRange,OverRange,OverRange,8.079793,10.27106,17.77028
2026/06/10 08:12:00.273,n,14.95348,6.294246,5.045609,1.550419,OverRange,OverRange,OverRange,8.126877,10.272166,22.091162
2026/06/10 08:13:00.274,n,17.970476,3.658208,4.571282,0.99973,OverRange,OverRange,OverRange,8.096837,10.281898,34.882732
2026/06/10 08:14:00.274,n,16.874528,6.187125,5.018428,1.222329,OverRange,OverRange,OverRange,8.1666,10.283004,26.114182
2026/06/10 08:15:00.276,n,24.556936,6.016698,4.847358,1.423157,OverRange,OverRange,OverRange,8.166621,10.281898,58.066524
2026/06/10 08:16:00.263,n,36.382948,4.382542,4.274287,1.076663,OverRange,OverRange,OverRange,8.18214,10.287382,112.31072
2026/06/10 08:17:00.264,n,41.787116,6.044918,4.477619,1.298103,OverRange,OverRange,OverRange,8.283707,10.293874,137.3517
2026/06/10 08:18:00.265,n,45.087536,6.272391,5.195745,1.238538,OverRange,OverRange,OverRange,8.317806,10.299358,148.06142
2026/06/10 08:19:00.269,n,47.40208,5.970135,4.893638,1.280565,OverRange,OverRange,OverRange,8.393616,10.308014,154.66204
2026/06/10 08:20:00.270,n,49.81042,6.642075,5.081245,1.432092,OverRange,OverRange,OverRange,8.437634,10.319976,160.98354
2026/06/10 08:21:00.272,n,48.286076,6.196541,4.949007,1.370986,OverRange,OverRange,OverRange,8.492828,10.336264,153.5902
2026/06/10 08:22:00.273,n,27.740598,4.299706,4.918661,1.031306,OverRange,OverRange,OverRange,8.512654,10.349314,67.047356
2026/06/10 08:23:00.276,n,21.42344,6.032118,5.283402,0.998082,OverRange,OverRange,OverRange,8.505798,10.371038,33.012214
2026/06/10 08:24:00.278,n,24.299822,5.436901,4.405553,1.15313,OverRange,OverRange,OverRange,8.445782,10.393852,39.476728
2026/06/10 08:25:00.265,n,47.022188,6.318845,6.128571,0.158567,OverRange,OverRange,OverRange,8.44985,10.41289,121.45782
2026/06/10 08:26:00.265,n,64.337556,6.027266,5.069999,1.10609,OverRange,OverRange,OverRange,8.50265,10.433492,192.1314
2026/06/10 08:27:00.267,n,66.90024,6.061244,6.005718,0.120728,OverRange,OverRange,OverRange,8.621124,10.455216,198.14496
2026/06/10 08:28:00.269,n,69.448304,3.634505,4.430429,0.950489,OverRange,OverRange,OverRange,8.654176,10.475818,203.76998
2026/06/10 08:29:00.272,n,72.289776,3.406982,4.54921,1.177059,OverRange,OverRange,OverRange,8.697642,10.505174,209.7729
2026/06/10 08:30:00.273,n,75.473824,5.930494,5.36923,0.895585,OverRange,OverRange,OverRange,8.776184,10.535542,215.52514
2026/06/10 08:31:00.275,n,79.245872,3.789744,5.024948,1.273587,OverRange,OverRange,OverRange,8.765996,10.57139,221.75236
2026/06/10 08:32:00.276,n,82.817,6.342428,4.841322,1.547815,OverRange,OverRange,OverRange,8.850102,10.600716,228.40068
2026/06/10 08:33:00.278,n,85.867104,3.625981,4.535036,1.292197,OverRange,OverRange,OverRange,8.908276,10.639742,234.06938
2026/06/10 08:34:00.264,n,88.851128,6.484287,5.246756,1.237835,OverRange,OverRange,OverRange,8.990042,10.673394,240.3863
2026/06/10 08:35:00.266,n,78.71484,6.121071,5.273835,1.209144,OverRange,OverRange,OverRange,9.025334,10.716764,202.55944
2026/06/10 08:36:00.271,n,84.825816,5.861726,4.961626,1.430903,OverRange,OverRange,OverRange,9.0177,10.752584,211.75792
2026/06/10 08:37:00.270,n,80.250208,4.868556,4.820343,1.334457,OverRange,OverRange,OverRange,9.040822,10.79052,196.4768
2026/06/10 08:38:00.277,n,81.486264,3.566063,4.792557,1.345871,OverRange,OverRange,OverRange,9.062642,10.840416,196.74618
2026/06/10 08:39:00.275,n,102.23112,6.160128,5.194686,1.303872,OverRange,OverRange,OverRange,9.121536,10.87728,264.95612
2026/06/10 08:40:00.279,n,103.58572,4.586038,4.962785,1.337189,OverRange,OverRange,OverRange,9.147686,10.901954,270.04568
2026/06/10 08:41:00.277,n,105.84434,3.544075,4.665814,1.289273,OverRange,OverRange,OverRange,9.16032,10.94531,274.59122
2026/06/10 08:42:00.281,n,105.72682,4.97981,4.815851,1.159022,OverRange,OverRange,OverRange,9.323446,10.984304,272.63418
2026/06/10 08:43:00.265,n,103.81424,3.974827,4.603634,1.125746,OverRange,OverRange,OverRange,9.332326,11.03629,258.94442
2026/06/10 08:44:00.267,n,114.06522,3.639915,4.492695,1.251357,OverRange,OverRange,OverRange,9.444398,11.080688,287.32846
2026/06/10 08:45:00.271,n,117.48868,5.49944,4.697246,0.981203,OverRange,OverRange,OverRange,9.444916,11.122452,293.08912
2026/06/10 08:46:00.274,n,121.16156,5.680572,4.959459,1.09883,OverRange,OverRange,OverRange,9.451498,11.171168,298.0734
2026/06/10 08:47:00.273,n,125.27308,3.947023,4.926826,1.210451,OverRange,OverRange,OverRange,9.487224,11.222016,303.69406
2026/06/10 08:48:00.276,n,129.68678,6.241186,5.234368,1.164885,OverRange,OverRange,OverRange,9.633438,11.28761,310.14526
2026/06/10 08:49:00.278,n,134.09764,5.854708,5.669722,0.945067,OverRange,OverRange,OverRange,9.77706,11.337354,315.62142
2026/06/10 08:50:00.278,n,138.80922,3.72669,5.709421,1.007528,OverRange,OverRange,OverRange,9.784622,11.39253,321.27366
2026/06/10 08:51:00.282,n,143.9328,4.617112,5.297672,0.793748,OverRange,OverRange,OverRange,9.922134,11.451994,328.21726
2026/06/10 08:52:00.265,n,149.59242,3.70181,5.682124,0.989961,OverRange,OverRange,OverRange,10.12143,11.51471,335.15084
2026/06/10 08:53:00.268,n,155.54776,5.782407,4.863326,0.854884,OverRange,OverRange,OverRange,10.257524,11.576322,342.56364
2026/06/10 08:54:00.270,n,162.75328,5.724105,5.818447,0.208595,OverRange,OverRange,OverRange,10.406302,11.634616,352.04
2026/06/10 08:55:00.274,n,169.9099,3.735576,5.254676,1.206529,OverRange,OverRange,OverRange,10.431764,11.701554,361.38064
2026/06/10 08:56:00.273,n,177.64504,3.812474,4.232249,0.900085,OverRange,OverRange,OverRange,10.463268,11.772202,371.49756
2026/06/10 08:57:00.276,n,184.8903,3.468904,5.14495,0.941192,OverRange,OverRange,OverRange,10.556184,11.840218,380.5062
2026/06/10 08:58:00.277,n,192.12664,6.019293,4.864025,1.350053,OverRange,OverRange,OverRange,10.56864,11.92002,389.23952
2026/06/10 08:59:00.279,n,198.9856,4.104055,4.607632,0.993517,OverRange,OverRange,OverRange,10.55773,11.99232,398.38136
2026/06/10 09:00:00.282,n,201.74548,6.099792,5.041405,1.158639,OverRange,OverRange,OverRange,10.582606,12.05459,398.31752
2026/06/10 09:01:00.269,n,205.58592,6.397436,4.712506,1.159296,OverRange,OverRange,OverRange,10.63821,12.128978,400.20288
2026/06/10 09:02:00.268,n,214.23454,3.985781,4.236974,0.852743,OverRange,OverRange,OverRange,10.790834,12.207646,417.79344
2026/06/10 09:03:00.270,n,210.57784,6.096211,5.835016,0.246602,OverRange,OverRange,OverRange,11.01263,12.289524,404.16408
2026/06/10 09:04:00.273,n,208.995,4.093513,4.22127,0.333489,OverRange,OverRange,OverRange,11.106476,12.367986,392.79756
2026/06/10 09:05:00.276,n,221.32612,4.196384,5.277934,1.050456,OverRange,OverRange,OverRange,11.404002,12.445472,419.8882
2026/06/10 09:06:00.277,n,226.51078,3.416428,4.377479,0.947375,OverRange,OverRange,OverRange,11.72227,12.531572,430.16
2026/06/10 09:07:00.381,n,221.5019,3.724897,4.380458,1.072935,OverRange,OverRange,OverRange,11.903448,12.615494,413.89172
2026/06/10 09:08:00.285,n,209.9107,3.983188,3.937659,0.301187,OverRange,OverRange,OverRange,11.984086,12.701014,379.57048
2026/06/10 09:09:00.283,n,204.78504,6.077204,5.127072,0.9864,OverRange,OverRange,OverRange,12.053676,12.787006,360.73692
2026/06/10 09:10:00.269,n,208.7992,3.72841,4.052936,0.8494,OverRange,OverRange,OverRange,11.853878,12.88585,366.1646
2026/06/10 09:11:00.273,n,206.16236,3.930956,5.117731,0.793996,OverRange,OverRange,OverRange,12.049892,12.984648,357.09216
2026/06/10 09:12:00.274,n,182.03112,6.167106,5.802616,0.838147,OverRange,OverRange,OverRange,11.972768,13.072244,293.8804
2026/06/10 09:13:00.274,n,170.82738,4.194006,4.789508,1.218143,OverRange,OverRange,OverRange,12.011852,13.158704,261.06998
2026/06/10 09:14:00.278,n,177.99848,3.871944,4.740308,0.901796,OverRange,OverRange,OverRange,11.9466,13.25049,272.11672
2026/06/10 09:15:00.278,n,185.41468,4.164029,4.176724,0.808141,OverRange,OverRange,OverRange,12.079586,13.343712,284.50846
2026/06/10 09:16:00.280,n,212.51414,4.222706,4.472278,0.561267,OverRange,OverRange,OverRange,12.06339,13.427832,342.03184
2026/06/10 09:17:00.266,n,227.2209,3.918779,4.894552,1.070228,OverRange,OverRange,OverRange,12.13414,13.510896,373.15652
2026/06/10 09:18:00.268,n,240.00188,3.590137,3.879736,0.315481,OverRange,OverRange,OverRange,12.05603,13.59497,393.89772
2026/06/10 09:19:00.271,n,285.51664,4.277991,4.750911,0.763899,OverRange,OverRange,OverRange,12.15385,13.683396,496.3084
2026/06/10 09:20:00.257,n,285.40554,5.729344,4.273376,0.757355,OverRange,OverRange,OverRange,12.356686,13.746106,497.01924
2026/06/10 09:21:00.258,n,220.59418,4.146853,4.191268,0.898246,OverRange,OverRange,OverRange,12.374604,13.82688,346.91356
2026/06/10 09:22:00.261,n,182.3021,4.262856,4.833312,1.087516,OverRange,OverRange,OverRange,12.438492,13.910832,250.5588
2026/06/10 09:23:00.263,n,181.07298,5.694477,4.914831,0.975083,OverRange,OverRange,OverRange,12.622712,13.981282,247.03594
2026/06/10 09:24:00.263,n,181.34408,3.722203,4.823183,1.100371,OverRange,OverRange,OverRange,12.43279,14.06089,251.1255
2026/06/10 09:25:00.268,n,177.16366,4.706971,5.121813,0.61916,OverRange,OverRange,OverRange,12.33459,14.135106,243.7088
2026/06/10 09:26:00.274,n,180.29944,4.008996,4.877783,1.057281,OverRange,OverRange,OverRange,12.242656,14.20926,252.30018
2026/06/10 09:27:00.271,n,180.32488,4.172205,4.141614,0.635404,OverRange,OverRange,OverRange,11.995804,14.278056,255.07442
2026/06/10 09:28:00.275,n,185.91712,4.178695,4.106199,0.170449,OverRange,OverRange,OverRange,11.95461,14.331878,267.39356
2026/06/10 09:29:00.258,n,197.80034,3.878504,4.98651,1.103056,OverRange,OverRange,OverRange,11.88733,14.382318,294.09592
2026/06/10 09:30:00.259,n,214.55686,4.240107,4.740585,1.032984,OverRange,OverRange,OverRange,11.920456,14.42746,329.87402
2026/06/10 09:31:00.261,n,238.7317,4.302776,4.878251,0.832141,OverRange,OverRange,OverRange,12.012472,14.481122,382.1826
2026/06/10 09:32:00.263,n,227.0295,6.043301,4.957461,0.661869,OverRange,OverRange,OverRange,12.063024,14.525194,357.65544
2026/06/10 09:33:00.266,n,178.61678,3.764336,4.890395,0.829853,OverRange,OverRange,OverRange,12.185756,14.56058,248.41366
2026/06/10 09:34:00.269,n,153.00676,4.21392,4.366894,0.638263,OverRange,OverRange,OverRange,12.311046,14.600266,186.96716
2026/06/10 09:35:00.270,n,144.49206,6.175717,4.813403,0.878531,OverRange,OverRange,OverRange,12.17035,14.648328,166.62666
2026/06/10 09:36:00.276,n,139.75276,6.137786,4.959996,0.925911,OverRange,OverRange,OverRange,11.995556,14.688018,155.46142
2026/06/10 09:37:00.261,n,138.63448,4.289551,4.65988,0.975504,OverRange,OverRange,OverRange,11.98697,14.716986,152.50696
2026/06/10 09:38:00.259,n,138.04634,5.596508,5.303517,0.889698,OverRange,OverRange,OverRange,11.865866,14.749166,151.6022
2026/06/10 09:39:00.261,n,137.76512,5.735226,5.11631,0.959515,OverRange,OverRange,OverRange,11.713822,14.772758,151.15982
2026/06/10 09:40:00.264,n,139.15358,3.982169,5.132128,0.815909,OverRange,OverRange,OverRange,11.5645,14.795258,154.7662
2026/06/10 09:41:00.266,n,136.55998,5.295038,4.843797,0.86165,OverRange,OverRange,OverRange,11.52476,14.807022,149.2014
2026/06/10 09:42:00.269,n,136.03792,5.604457,5.251554,0.646224,OverRange,OverRange,OverRange,11.420192,14.81779,148.40432
2026/06/10 09:43:00.271,n,137.45268,3.402191,4.652753,0.896937,OverRange,OverRange,OverRange,11.422222,14.819926,153.04858
2026/06/10 09:44:00.271,n,133.49628,3.91664,5.170593,0.914451,OverRange,OverRange,OverRange,11.445262,14.831706,148.11848
2026/06/10 09:45:00.272,n,127.51618,4.283457,4.592082,0.642814,OverRange,OverRange,OverRange,11.301646,14.832798,140.67656
2026/06/10 09:46:00.258,n,122.1473,3.787641,5.281292,0.744542,OverRange,OverRange,OverRange,11.23727,14.826362,135.5353
2026/06/10 09:47:00.261,n,116.74916,4.157873,4.537595,0.885003,OverRange,OverRange,OverRange,11.276806,14.81885,131.19258
2026/06/10 09:48:00.263,n,111.17102,6.014373,5.242052,0.990192,OverRange,OverRange,OverRange,11.22283,14.78628,127.13294
2026/06/10 09:49:00.265,n,106.15226,5.762491,4.961266,1.057046,OverRange,OverRange,OverRange,11.115032,14.77665,123.96776
2026/06/10 09:50:00.267,n,103.98052,6.194575,4.800635,1.149893,OverRange,OverRange,OverRange,11.103368,14.762704,125.73452
2026/06/10 09:51:00.269,n,103.73996,5.736145,4.928749,1.18326,OverRange,OverRange,OverRange,11.241994,14.75094,130.5762
2026/06/10 09:52:00.277,n,140.65676,3.892654,5.214535,1.049763,OverRange,OverRange,OverRange,11.237946,14.738036,210.72894
2026/06/10 09:53:00.273,n,134.9851,4.11604,4.65901,1.159431,OverRange,OverRange,OverRange,11.132768,14.712326,210.7779
2026/06/10 09:54:00.275,n,97.051232,3.813714,4.938805,1.184712,OverRange,OverRange,OverRange,11.100322,14.69302,136.6095
2026/06/10 09:55:00.262,n,81.618536,3.861987,4.868322,1.198743,OverRange,OverRange,OverRange,11.027806,14.68121,108.68854
2026/06/10 09:56:00.262,n,72.677768,3.648121,4.575875,0.977791,OverRange,OverRange,OverRange,10.964916,14.656574,92.920248
2026/06/10 09:57:00.266,n,84.34468,5.944729,5.095091,1.079408,OverRange,OverRange,OverRange,11.01031,14.629724,119.11464
2026/06/10 09:58:00.267,n,81.930704,5.904781,4.949578,1.169308,OverRange,OverRange,OverRange,10.962636,14.61045,120.10694
2026/06/10 09:59:00.271,n,68.96448,3.778324,4.4519,1.109495,OverRange,OverRange,OverRange,10.889324,14.581432,95.795248
2026/06/10 10:00:00.270,n,63.851808,3.832618,4.828295,1.167643,OverRange,OverRange,OverRange,10.786312,14.554616,87.488552
2026/06/10 10:01:00.274,n,57.691436,3.706766,4.739569,0.994565,OverRange,OverRange,OverRange,10.774404,14.524574,77.08268
2026/06/10 10:02:00.274,n,53.838428,3.28494,4.621262,1.003268,OverRange,OverRange,OverRange,10.73227,14.50312,70.487024
2026/06/10 10:03:00.278,n,52.58134,6.279001,5.165571,1.11799,OverRange,OverRange,OverRange,10.797482,14.474134,68.86864
2026/06/10 10:04:00.263,n,54.033192,5.917339,4.983711,1.09486,OverRange,OverRange,OverRange,10.773118,14.439776,72.412928
2026/06/10 10:05:00.265,n,59.167156,3.864609,4.906084,1.143037,OverRange,OverRange,OverRange,10.725414,14.40975,83.579112
2026/06/10 10:06:00.265,n,104.14652,4.081792,4.502315,0.995423,OverRange,OverRange,OverRange,10.710186,14.38072,172.17684
2026/06/10 10:07:00.267,n,325.80164,5.601794,5.29991,0.81606,OverRange,OverRange,OverRange,10.831228,14.344228,614.84392
2026/06/10 10:08:00.270,n,315.0151,3.855843,4.60889,1.175922,OverRange,OverRange,OverRange,10.909886,14.32059,605.6906
2026/06/10 10:09:00.271,n,309.48252,5.84296,4.793036,1.176193,OverRange,OverRange,OverRange,10.967968,14.306596,596.45996
2026/06/10 10:10:00.274,n,295.9039,5.777687,4.937964,1.165229,OverRange,OverRange,OverRange,11.17485,14.299118,565.86444
2026/06/10 10:11:00.275,n,315.07068,3.961321,4.606056,0.975502,OverRange,OverRange,OverRange,11.153306,14.303436,604.34492
2026/06/10 10:12:00.276,n,316.51828,5.881939,5.509031,0.815153,OverRange,OverRange,OverRange,11.221722,14.309836,608.6114
2026/06/10 10:13:00.264,n,324.74146,6.316473,4.954429,1.346371,OverRange,OverRange,OverRange,11.372722,14.31953,624.85136
2026/06/10 10:14:00.266,n,331.09238,4.93398,4.675463,0.882558,OverRange,OverRange,OverRange,11.45453,14.344228,637.67676
2026/06/10 10:15:00.268,n,331.26496,4.326359,5.07699,1.000712,OverRange,OverRange,OverRange,11.48138,14.3657,637.94356
2026/06/10 10:16:00.270,n,336.8854,6.108755,5.157177,1.103417,OverRange,OverRange,OverRange,11.600352,14.398984,648.94856
2026/06/10 10:17:00.274,n,339.36184,5.630024,5.24209,0.655645,OverRange,OverRange,OverRange,11.653744,14.42798,652.5638
2026/06/10 10:18:00.272,n,341.35508,4.141197,5.335554,0.613065,OverRange,OverRange,OverRange,11.72079,14.459082,655.06536
2026/06/10 10:19:00.274,n,342.15372,6.170493,5.253424,0.868935,OverRange,OverRange,OverRange,11.839412,14.496684,656.27228
2026/06/10 10:20:00.276,n,341.16272,4.293697,5.311091,0.844195,OverRange,OverRange,OverRange,12.00652,14.538552,652.30312
2026/06/10 10:21:00.280,n,343.46152,4.019796,4.88764,0.809473,OverRange,OverRange,OverRange,12.30566,14.585752,655.912
2026/06/10 10:22:00.263,n,344.32876,3.884837,4.750952,0.973859,OverRange,OverRange,OverRange,12.255162,14.63295,656.67816
2026/06/10 10:23:00.266,n,345.34928,4.912557,4.648777,0.89614,OverRange,OverRange,OverRange,12.358678,14.690902,657.351
2026/06/10 10:24:00.267,n,350.02392,5.630925,4.808462,0.949368,OverRange,OverRange,OverRange,12.301606,14.74128,665.45672
2026/06/10 10:25:00.270,n,350.7482,3.713761,4.589532,0.999083,OverRange,OverRange,OverRange,12.197308,14.792716,665.92064
2026/06/10 10:26:00.270,n,352.22768,5.652794,4.786218,0.99969,OverRange,OverRange,OverRange,12.214738,14.840992,667.55224
2026/06/10 10:27:00.273,n,351.57896,6.007865,4.974159,1.092349,OverRange,OverRange,OverRange,12.322322,14.8967,663.99932
2026/06/10 10:28:00.275,n,353.63652,5.432544,5.035822,0.758119,OverRange,OverRange,OverRange,12.462682,14.953468,667.32292
2026/06/10 10:29:00.277,n,358.27052,4.145083,4.735971,0.788635,OverRange,OverRange,OverRange,12.426342,14.995246,674.1264
2026/06/10 10:30:00.278,n,358.86376,5.673167,4.549281,0.862455,OverRange,OverRange,OverRange,12.533102,15.045578,674.48448
2026/06/10 10:31:00.264,n,361.59836,5.612866,4.618649,0.767116,OverRange,OverRange,OverRange,12.865444,15.100198,676.6176
2026/06/10 10:32:00.267,n,364.86348,4.027014,5.114559,0.689599,OverRange,OverRange,OverRange,13.114858,15.154766,680.9368
2026/06/10 10:33:00.269,n,367.14688,4.919293,4.569298,0.834406,OverRange,OverRange,OverRange,13.209372,15.21043,684.69208
2026/06/10 10:34:00.272,n,367.53268,5.584723,5.171219,0.989989,OverRange,OverRange,OverRange,13.417512,15.273542,684.83352
2026/06/10 10:35:00.272,n,370.08764,5.589369,4.874584,0.796919,OverRange,OverRange,OverRange,13.544276,15.344754,687.24312
2026/06/10 10:36:00.275,n,373.57668,3.870541,4.398359,0.630964,OverRange,OverRange,OverRange,13.477676,15.407836,692.71704
2026/06/10 10:37:00.278,n,375.2428,5.514641,4.918268,0.763016,OverRange,OverRange,OverRange,13.626964,15.478366,694.65912
2026/06/10 10:38:00.281,n,375.48048,4.925541,4.765618,0.521285,OverRange,OverRange,OverRange,13.620636,15.552092,693.9204
2026/06/10 10:39:00.280,n,377.65152,6.021776,5.567626,0.34315,OverRange,OverRange,OverRange,13.935116,15.617244,697.56024
2026/06/10 10:40:00.267,n,379.18172,4.157175,4.770927,0.97803,OverRange,OverRange,OverRange,13.888108,15.68364,698.86344
2026/06/10 10:41:00.267,n,380.8546,5.27464,4.555624,0.665525,OverRange,OverRange,OverRange,13.737752,15.752008,701.1628
2026/06/10 10:42:00.269,n,384.33448,3.8115,4.554375,0.589792,OverRange,OverRange,OverRange,13.508368,15.82507,706.07208
2026/06/10 10:43:00.271,n,385.92192,5.521568,4.976563,0.55387,OverRange,OverRange,OverRange,13.366674,15.895952,708.43368
2026/06/10 10:44:00.272,n,388.33568,4.420878,4.970275,0.834494,OverRange,OverRange,OverRange,13.235026,15.960394,712.05616
2026/06/10 10:45:00.276,n,387.6274,5.047168,4.838163,0.919145,OverRange,OverRange,OverRange,13.339564,16.017,708.25408
2026/06/10 10:46:00.277,n,390.72232,4.006283,4.884953,0.820024,OverRange,OverRange,OverRange,13.42388,16.070674,712.40112
2026/06/10 10:47:00.280,n,394.18336,5.495047,4.661927,0.735258,OverRange,OverRange,OverRange,13.730688,16.13292,717.26952
2026/06/10 10:48:00.280,n,396.49172,4.581785,5.130394,0.696904,OverRange,OverRange,OverRange,14.094772,16.19083,720.29728
2026/06/10 10:49:00.266,n,398.9558,4.044651,4.781434,0.610838,OverRange,OverRange,OverRange,14.259364,16.251988,724.20968
2026/06/10 10:50:00.270,n,399.27076,4.457511,4.435055,0.051066,OverRange,OverRange,OverRange,14.254528,16.303334,725.20048
2026/06/10 10:51:00.271,n,403.4332,4.339827,4.340541,0.058763,OverRange,OverRange,OverRange,14.184962,16.363382,732.04616
2026/06/10 10:52:00.272,n,403.50212,4.300893,4.455221,0.320643,OverRange,OverRange,OverRange,14.407466,16.431944,731.16456
2026/06/10 10:53:00.275,n,398.50828,5.366308,4.396575,0.519624,OverRange,OverRange,OverRange,14.639954,16.49943,721.02776
2026/06/10 10:54:00.281,n,409.23384,3.733299,4.472382,0.639575,OverRange,OverRange,OverRange,14.464254,16.564702,739.00856
2026/06/10 10:55:00.278,n,408.22036,6.059487,5.073679,0.8542,OverRange,OverRange,OverRange,14.737218,16.62143,736.01328
2026/06/10 10:56:00.284,n,406.5522,5.274317,5.106153,0.664396,OverRange,OverRange,OverRange,14.76965,16.678128,733.34256
2026/06/10 10:57:00.283,n,408.0568,4.014692,5.047126,0.937606,OverRange,OverRange,OverRange,15.008088,16.748748,732.28024
2026/06/10 10:58:00.268,n,419.30592,4.142031,5.042918,0.521712,OverRange,OverRange,OverRange,15.11028,16.823608,749.95176
2026/06/10 10:59:00.270,n,423.28212,5.355368,4.433826,0.781344,OverRange,OverRange,OverRange,14.807652,16.896348,753.41192
2026/06/10 11:00:00.272,n,427.30104,5.233376,4.703612,0.559634,OverRange,OverRange,OverRange,14.739178,16.976856,755.28304
2026/06/10 11:01:00.275,n,429.50308,6.034365,5.349626,0.642247,OverRange,OverRange,OverRange,14.96021,17.046308,754.09128
2026/06/10 11:02:00.260,n,439.14632,5.442691,4.706324,0.955271,OverRange,OverRange,OverRange,15.30012,17.114686,769.40312
2026/06/10 11:03:00.278,n,446.73312,4.412956,4.661065,0.657212,OverRange,OverRange,OverRange,15.445674,17.178306,782.1876
2026/06/10 11:04:00.281,n,453.76272,4.223176,4.220558,0.171399,OverRange,OverRange,OverRange,15.681748,17.250892,792.9996
2026/06/10 11:05:00.282,n,456.03172,5.210092,4.563347,0.646221,OverRange,OverRange,OverRange,15.756074,17.328798,797.65752
2026/06/10 11:06:00.286,n,448.2186,3.568426,4.529155,0.888324,OverRange,OverRange,OverRange,15.576264,17.410912,780.94552
2026/06/10 11:07:00.272,n,323.0932,4.24681,5.067873,0.409244,OverRange,OverRange,OverRange,15.71542,17.4941,566.40224
2026/06/10 11:08:00.272,n,381.46988,4.539222,4.982125,0.752257,OverRange,OverRange,OverRange,15.956814,17.571326,648.3164
2026/06/10 11:09:00.274,n,412.60484,4.360589,4.425392,0.477367,OverRange,OverRange,OverRange,16.291504,17.63841,715.47944
2026/06/10 11:10:00.262,n,411.27664,5.284111,5.238811,0.033283,OverRange,OverRange,OverRange,16.399772,17.718114,703.99472
2026/06/10 11:11:00.260,n,441.25624,4.531667,4.978441,0.733847,OverRange,OverRange,OverRange,16.195526,17.792608,756.67824
2026/06/10 11:12:00.280,n,456.34724,4.126697,4.377464,0.364564,OverRange,OverRange,OverRange,16.059134,17.8746,786.38824
2026/06/10 11:13:00.265,n,413.43948,5.274637,4.826159,0.9496,OverRange,OverRange,OverRange,16.266962,17.946712,711.51904
2026/06/10 11:14:00.267,n,339.70652,5.441687,5.2041,0.624739,OverRange,OverRange,OverRange,16.41803,18.014782,578.62164
2026/06/10 11:15:00.268,n,315.1856,3.961348,5.138487,0.631987,OverRange,OverRange,OverRange,16.27268,18.09564,523.91472
2026/06/10 11:16:00.271,n,352.13664,3.711978,5.114945,0.708446,OverRange,OverRange,OverRange,16.530412,18.170008,577.36712
2026/06/10 11:17:00.256,n,413.94028,4.355375,4.419391,0.6476,OverRange,OverRange,OverRange,16.659074,18.246562,687.33008
2026/06/10 11:18:00.259,n,461.24808,4.467098,4.516113,0.253347,OverRange,OverRange,OverRange,16.711554,18.318814,774.73832
2026/06/10 11:19:00.260,n,428.59188,4.424901,4.696503,0.647835,OverRange,OverRange,OverRange,16.884964,18.380464,715.09256
2026/06/10 11:20:00.264,n,484.06056,6.041696,4.888881,0.800621,OverRange,OverRange,OverRange,16.645198,18.450302,812.46296
2026/06/10 11:21:00.265,n,486.58896,3.928094,5.107461,0.802911,OverRange,OverRange,OverRange,16.61496,18.534692,817.58904
2026/06/10 11:22:00.266,n,492.8806,4.453661,4.571069,0.418811,OverRange,OverRange,OverRange,16.187994,18.606264,828.11704
2026/06/10 11:23:00.270,n,465.98776,5.338896,4.851568,0.469683,OverRange,OverRange,OverRange,16.360916,18.677804,783.612
2026/06/10 11:24:00.271,n,446.67412,4.527069,4.707195,0.356146,OverRange,OverRange,OverRange,16.189016,18.742594,743.44952
2026/06/10 11:25:00.258,n,452.8038,3.943306,4.846815,0.753117,OverRange,OverRange,OverRange,16.151404,18.8066,756.17792
2026/06/10 11:26:00.258,n,463.4386,4.991237,4.617329,0.508721,OverRange,OverRange,OverRange,16.116782,18.874886,768.8096
2026/06/10 11:27:00.263,n,502.40356,4.402733,4.914864,0.483719,OverRange,OverRange,OverRange,16.189728,18.946332,838.54296
2026/06/10 11:28:00.264,n,466.90664,4.874692,4.533389,0.60104,OverRange,OverRange,OverRange,16.481836,19.009202,782.05448
2026/06/10 11:29:00.267,n,498.2886,5.206739,4.612862,0.604187,OverRange,OverRange,OverRange,16.242118,19.058598,827.04056
2026/06/10 11:30:00.265,n,530.53264,4.868127,5.321654,0.632057,OverRange,OverRange,OverRange,16.085242,19.117228,884.99976
2026/06/10 11:31:00.269,n,519.18536,4.125305,5.173305,0.539756,OverRange,OverRange,OverRange,16.283,19.18966,863.22584
2026/06/10 11:32:00.271,n,535.10528,4.37071,4.873577,0.662933,OverRange,OverRange,OverRange,16.233878,19.253544,883.82088
2026/06/10 11:33:00.271,n,547.66048,4.72327,5.208489,0.554385,OverRange,OverRange,OverRange,15.984172,19.323268,893.17112
2026/06/10 11:34:00.257,n,575.43744,4.428306,4.439628,0.105128,OverRange,OverRange,OverRange,16.048904,19.389216,933.01344
2026/06/10 11:35:00.259,n,584.70552,4.738245,4.611204,0.398233,OverRange,OverRange,OverRange,16.407298,19.45816,945.14896
2026/06/10 11:36:00.261,n,467.24192,5.421314,4.585373,0.688068,OverRange,OverRange,OverRange,16.432978,19.527304,735.93576
2026/06/10 11:37:00.264,n,370.74776,4.447892,4.735501,0.478783,OverRange,OverRange,OverRange,16.649318,19.608098,538.1162
2026/06/10 11:38:00.265,n,351.32372,5.127884,4.849273,0.657219,OverRange,OverRange,OverRange,16.636546,19.681454,486.14452
2026/06/10 11:39:00.268,n,314.21488,3.704631,4.154997,0.562622,OverRange,OverRange,OverRange,16.447196,19.758988,409.21656
2026/06/10 11:40:00.269,n,332.52436,5.14449,4.600046,0.522961,OverRange,OverRange,OverRange,16.294434,19.8175,434.63048
2026/06/10 11:41:00.271,n,342.7798,5.368119,4.349579,0.638849,OverRange,OverRange,OverRange,16.142982,19.885442,462.14356
2026/06/10 11:42:00.272,n,294.72018,4.172938,4.89735,0.60918,OverRange,OverRange,OverRange,15.578242,19.93002,379.7954
2026/06/10 11:43:00.258,n,314.9711,5.3084,4.975242,0.656943,OverRange,OverRange,OverRange,15.410726,19.975678,417.19436
2026/06/10 11:44:00.261,n,293.86788,3.709744,5.159381,0.801459,OverRange,OverRange,OverRange,15.423534,20.006482,375.94972
2026/06/10 11:45:00.262,n,323.28292,5.939454,5.379802,0.653033,OverRange,OverRange,OverRange,15.42154,20.006156,411.31804
2026/06/10 11:46:00.263,n,360.4166,5.030325,4.942147,0.46106,OverRange,OverRange,OverRange,15.301804,20.012522,479.48156
2026/06/10 11:47:00.265,n,296.24302,4.297545,5.317985,0.547109,OverRange,OverRange,OverRange,15.680074,20.02414,380.65772
2026/06/10 11:48:00.269,n,321.00894,4.268894,5.045189,0.714143,OverRange,OverRange,OverRange,15.698944,20.030568,412.32884
2026/06/10 11:49:00.269,n,411.27136,4.389246,4.706434,0.6252,OverRange,OverRange,OverRange,15.573884,20.036932,547.5146
2026/06/10 11:50:00.272,n,370.29516,5.7018,5.031516,0.587703,OverRange,OverRange,OverRange,15.551794,20.050704,488.73752
2026/06/10 11:51:00.273,n,357.4468,4.127433,4.76099,0.776851,OverRange,OverRange,OverRange,15.711726,20.06343,470.3452
2026/06/10 11:52:00.258,n,623.222,5.310179,4.666938,0.82672,OverRange,OverRange,OverRange,15.375698,20.070838,923.85856
2026/06/10 11:53:00.260,n,628.28584,4.377071,5.299727,0.779455,OverRange,OverRange,OverRange,15.266124,20.091042,957.13544
2026/06/10 11:54:00.264,n,471.201,4.554964,4.382121,0.585647,OverRange,OverRange,OverRange,15.3101,20.122862,697.16744
2026/06/10 11:55:00.264,n,504.02928,5.752005,5.302519,0.595013,OverRange,OverRange,OverRange,15.29276,20.14512,736.56104
2026/06/10 11:56:00.268,n,533.12616,4.057122,4.375518,0.183436,OverRange,OverRange,OverRange,15.535992,20.165256,775.38192
2026/06/10 11:57:00.269,n,467.32508,4.860815,4.886711,0.412697,OverRange,OverRange,OverRange,15.495794,20.20553,682.368
2026/06/10 11:58:00.271,n,502.21244,5.432543,4.766555,0.718147,OverRange,OverRange,OverRange,15.45284,20.229226,734.04312
2026/06/10 11:59:00.273,n,398.35792,3.621135,4.361653,0.831683,OverRange,OverRange,OverRange,15.470302,20.24724,565.69012
2026/06/10 12:00:00.274,n,360.9828,5.130703,4.997985,0.545464,OverRange,OverRange,OverRange,15.73467,20.275894,509.4042
2026/06/10 12:01:00.260,n,429.819,4.31739,4.612283,0.433861,OverRange,OverRange,OverRange,15.59456,20.306578,620.76592
2026/06/10 12:02:00.261,n,588.29792,4.21123,4.735082,0.567988,OverRange,OverRange,OverRange,15.4758,20.323548,910.4432
2026/06/10 12:03:00.264,n,529.04328,5.205064,4.775461,0.733417,OverRange,OverRange,OverRange,15.76349,20.345776,803.44864
2026/06/10 12:04:00.267,n,636.22956,5.499902,4.880339,0.544221,OverRange,OverRange,OverRange,15.98851,20.38285,991.03736
2026/06/10 12:05:00.267,n,423.11672,5.143364,4.825694,0.505494,OverRange,OverRange,OverRange,15.76853,20.41464,637.8078
2026/06/10 12:06:00.269,n,477.46532,5.587554,4.921068,0.603467,OverRange,OverRange,OverRange,15.46904,20.435824,715.0024
2026/06/10 12:07:00.271,n,477.01576,4.158527,4.736622,0.757484,OverRange,OverRange,OverRange,15.660878,20.45913,727.71048
2026/06/10 12:08:00.274,n,484.375,4.4059,4.823939,0.499612,OverRange,OverRange,OverRange,15.734914,20.4824,747.78328
2026/06/10 12:09:00.277,n,406.82816,4.202078,4.552744,0.816738,OverRange,OverRange,OverRange,16.11811,20.506782,623.6374
2026/06/10 12:10:00.260,n,526.34192,4.239316,5.055701,0.727599,OverRange,OverRange,OverRange,16.343454,20.522646,829.00608
2026/06/10 12:11:00.263,n,502.72636,4.098882,4.485857,0.459253,OverRange,OverRange,OverRange,15.950902,20.542752,799.52344
2026/06/10 12:12:00.264,n,513.32928,4.469624,4.640479,0.408505,OverRange,OverRange,OverRange,16.080516,20.562824,826.00504
2026/06/10 12:13:00.267,n,485.57792,4.534874,4.498331,0.471695,OverRange,OverRange,OverRange,16.1707,20.5798,778.47176
2026/06/10 12:14:00.268,n,489.83968,4.293738,4.323704,0.105077,OverRange,OverRange,OverRange,15.961432,20.590406,784.2808
2026/06/10 12:15:00.270,n,489.8342,5.903181,4.8288,0.887828,OverRange,OverRange,OverRange,16.093546,20.603722,783.02432
2026/06/10 12:16:00.274,n,431.52112,5.364628,5.438942,0.202357,OverRange,OverRange,OverRange,16.333894,20.613254,682.66216
2026/06/10 12:17:00.278,n,320.30352,4.105939,4.445351,0.524249,OverRange,OverRange,OverRange,15.958766,20.635484,493.07736
2026/06/10 12:18:00.276,n,424.27636,4.352815,4.378649,0.537002,OverRange,OverRange,OverRange,15.808778,20.648212,656.4148
2026/06/10 12:19:00.262,n,410.39224,5.236586,4.979924,0.506272,OverRange,OverRange,OverRange,15.873968,20.643938,645.8366
2026/06/10 12:20:00.264,n,375.82692,4.023952,4.884744,0.608824,OverRange,OverRange,OverRange,16.007682,20.6535,577.92204
2026/06/10 12:21:00.267,n,257.8619,3.835228,4.418032,0.488397,OverRange,OverRange,OverRange,15.758088,20.659832,376.44652
2026/06/10 12:22:00.269,n,452.15332,5.106102,4.739294,0.842072,OverRange,OverRange,OverRange,15.92691,20.65559,692.60056
2026/06/10 12:23:00.272,n,454.51588,5.332,4.868074,0.672157,OverRange,OverRange,OverRange,15.98383,20.658756,706.17536
2026/06/10 12:24:00.272,n,461.21764,5.190752,4.786357,0.572321,OverRange,OverRange,OverRange,16.195566,20.656636,709.19344
2026/06/10 12:25:00.276,n,419.96068,5.845664,5.154109,0.768204,OverRange,OverRange,OverRange,16.513788,20.663032,638.88264
2026/06/10 12:26:00.275,n,347.15308,4.07913,4.809824,0.644579,OverRange,OverRange,OverRange,16.315196,20.675662,502.98852
2026/06/10 12:27:00.277,n,344.079,4.285039,4.807805,0.672914,OverRange,OverRange,OverRange,16.442648,20.683108,495.07296
2026/06/10 12:28:00.263,n,287.11398,4.394611,4.547325,0.547217,OverRange,OverRange,OverRange,16.61753,20.689472,388.83176
2026/06/10 12:29:00.268,n,282.64298,5.679824,4.773798,0.838498,OverRange,OverRange,OverRange,16.18687,20.696848,376.93468
2026/06/10 12:30:00.268,n,263.23706,5.533407,4.961149,0.680284,OverRange,OverRange,OverRange,16.17835,20.695804,333.5996
2026/06/10 12:31:00.269,n,255.83666,5.283582,5.10371,0.775046,OverRange,OverRange,OverRange,16.427018,20.689472,313.67956
2026/06/10 12:32:00.272,n,259.60294,5.284633,5.040471,0.474994,OverRange,OverRange,OverRange,16.306376,20.682976,320.29348
2026/06/10 12:33:00.274,n,300.96604,5.337183,4.947553,0.491958,OverRange,OverRange,OverRange,16.403388,20.670246,394.27052
2026/06/10 12:34:00.276,n,309.16996,4.145298,4.823257,0.903387,OverRange,OverRange,OverRange,16.524454,20.660748,403.6844
2026/06/10 12:35:00.276,n,328.79178,4.324437,4.707247,0.583806,OverRange,OverRange,OverRange,16.716258,20.663916,441.26412
2026/06/10 12:36:00.279,n,400.07096,5.328227,5.166503,0.487784,OverRange,OverRange,OverRange,16.18539,20.679776,553.7928
2026/06/10 12:37:00.264,n,468.64884,4.353587,4.501543,0.609777,OverRange,OverRange,OverRange,15.946026,20.672302,676.75568
2026/06/10 12:38:00.266,n,394.56676,5.223056,4.569742,0.702525,OverRange,OverRange,OverRange,15.655238,20.664926,550.70636
2026/06/10 12:39:00.268,n,453.739,5.685978,5.098847,0.820318,OverRange,OverRange,OverRange,15.688136,20.663848,649.89876
2026/06/10 12:40:00.270,n,411.07356,4.207466,4.831359,0.660891,OverRange,OverRange,OverRange,15.577148,20.649064,590.09748
2026/06/10 12:41:00.272,n,354.4562,5.313321,4.761294,0.619234,OverRange,OverRange,OverRange,15.722714,20.638484,492.95096
2026/06/10 12:42:00.275,n,369.96116,4.261316,4.864592,0.684221,OverRange,OverRange,OverRange,16.25883,20.626832,519.023
2026/06/10 12:43:00.276,n,351.46744,5.337194,4.442993,0.642872,OverRange,OverRange,OverRange,16.381928,20.61838,488.69264
2026/06/10 12:44:00.279,n,366.76976,5.870839,4.512661,0.672024,OverRange,OverRange,OverRange,15.86725,20.605648,514.83312
2026/06/10 12:45:00.280,n,352.25756,5.269723,4.717269,0.766661,OverRange,OverRange,OverRange,15.851964,20.595138,493.98424
2026/06/10 12:46:00.267,n,350.8972,4.184748,4.768366,0.775343,OverRange,OverRange,OverRange,15.898144,20.585576,485.51652
2026/06/10 12:47:00.270,n,403.30568,5.891738,5.194523,0.734591,OverRange,OverRange,OverRange,15.921214,20.564424,576.68904
2026/06/10 12:48:00.271,n,386.1774,5.452753,5.347078,0.234863,OverRange,OverRange,OverRange,16.139064,20.555938,558.57616
2026/06/10 12:49:00.273,n,332.23786,4.278185,4.441154,0.780913,OverRange,OverRange,OverRange,16.23105,20.539032,454.53732
2026/06/10 12:50:00.274,n,468.6312,5.184015,5.157788,0.59679,OverRange,OverRange,OverRange,16.12678,20.532664,683.08024
2026/06/10 12:51:00.276,n,416.7636,3.826483,4.035941,0.240379,OverRange,OverRange,OverRange,15.928482,20.519936,603.5738
2026/06/10 12:52:00.277,n,385.01176,3.851463,4.851429,0.623157,OverRange,OverRange,OverRange,16.051834,20.513606,540.32312
2026/06/10 12:53:00.280,n,326.52114,3.773642,4.490987,0.695873,OverRange,OverRange,OverRange,16.066874,20.50727,442.44996
2026/06/10 12:54:00.282,n,318.65384,4.160885,4.30502,0.590351,OverRange,OverRange,OverRange,16.161622,20.500874,420.2826
2026/06/10 12:55:00.267,n,353.06752,4.289194,5.381117,0.660205,OverRange,OverRange,OverRange,16.317674,20.493466,482.71776
2026/06/10 12:56:00.268,n,404.35532,5.482637,5.334608,0.629743,OverRange,OverRange,OverRange,16.579092,20.491378,569.59192
2026/06/10 12:57:00.271,n,361.74376,4.665445,4.563887,0.686353,OverRange,OverRange,OverRange,16.7744,20.488176,500.51136
2026/06/10 12:58:00.273,n,345.6304,5.408353,4.956562,0.656545,OverRange,OverRange,OverRange,16.759552,20.488176,468.71096
2026/06/10 12:59:00.276,n,349.88356,5.531165,4.939751,0.741274,OverRange,OverRange,OverRange,16.515234,20.489286,478.21668
2026/06/10 13:00:00.277,n,319.41044,5.421646,5.058906,0.577153,OverRange,OverRange,OverRange,16.14882,20.48612,428.92488
2026/06/10 13:01:00.279,n,293.28092,5.382232,5.263983,0.62904,OverRange,OverRange,OverRange,16.19395,20.494542,387.91724
2026/06/10 13:02:00.280,n,305.23984,3.967215,4.962102,0.78417,OverRange,OverRange,OverRange,16.329454,20.481844,409.83708
2026/06/10 13:03:00.283,n,312.29882,4.357229,4.498618,0.599844,OverRange,OverRange,OverRange,16.236014,20.47124,426.17896
2026/06/10 13:04:00.269,n,308.40104,4.882527,5.02531,0.713128,OverRange,OverRange,OverRange,15.838914,20.464872,427.07484
2026/06/10 13:05:00.272,n,387.1096,5.705567,4.938297,0.748271,OverRange,OverRange,OverRange,15.689892,20.44692,562.53364
2026/06/10 13:06:00.272,n,349.22556,3.978466,4.290454,0.202218,OverRange,OverRange,OverRange,15.463654,20.429982,506.32992
2026/06/10 13:07:00.275,n,364.59884,5.632384,5.241796,0.594762,OverRange,OverRange,OverRange,15.452092,20.403512,545.74848
2026/06/10 13:08:00.275,n,386.93436,3.952586,4.362351,0.681978,OverRange,OverRange,OverRange,15.29329,20.371688,580.87984
2026/06/10 13:09:00.277,n,343.34984,4.113347,4.707003,0.873805,OverRange,OverRange,OverRange,15.19927,20.346266,516.23576
2026/06/10 13:10:00.279,n,317.08334,5.461746,4.901917,0.706822,OverRange,OverRange,OverRange,15.692842,20.315552,466.83304
2026/06/10 13:11:00.281,n,252.48852,5.916509,5.49827,0.228173,OverRange,OverRange,OverRange,16.03505,20.284806,354.96048
2026/06/10 13:12:00.288,n,235.3053,5.093696,5.153697,0.660595,OverRange,OverRange,OverRange,16.086696,20.263626,319.6782
2026/06/10 13:13:00.269,n,313.56646,4.43368,4.952929,0.815971,OverRange,OverRange,OverRange,16.098724,20.255496,448.94132
2026/06/10 13:14:00.273,n,335.71456,5.808897,5.076857,0.966744,OverRange,OverRange,OverRange,16.19773,20.230074,488.35104
2026/06/10 13:15:00.273,n,354.77284,5.39552,4.678326,0.881851,OverRange,OverRange,OverRange,16.357752,20.214212,518.61864
2026/06/10 13:16:00.263,n,361.27196,4.027425,5.038711,0.983963,OverRange,OverRange,OverRange,16.498718,20.196198,528.87016
2026/06/10 13:17:00.260,n,423.01488,4.38013,4.828418,0.608536,OverRange,OverRange,OverRange,16.64686,20.181312,632.05572
2026/06/10 13:18:00.262,n,517.5002,5.763453,5.074302,0.68117,OverRange,OverRange,OverRange,16.562074,20.178146,791.98336
2026/06/10 13:19:00.265,n,600.54124,3.897166,4.455689,0.760828,OverRange,OverRange,OverRange,16.39567,20.178146,937.75024
2026/06/10 13:20:00.267,n,603.0166,3.622886,4.509224,0.79849,OverRange,OverRange,OverRange,16.702478,20.178146,946.28024
2026/06/10 13:21:00.268,n,602.3972,5.498917,5.313164,0.553426,OverRange,OverRange,OverRange,17.026494,20.191954,947.65576
2026/06/10 13:22:00.272,n,592.82788,4.319553,4.16788,0.258884,OverRange,OverRange,OverRange,17.02952,20.222664,936.1624
2026/06/10 13:23:00.256,n,572.39848,5.471546,4.789592,0.62741,OverRange,OverRange,OverRange,16.698966,20.250212,905.90312
2026/06/10 13:24:00.260,n,558.14904,5.879901,5.163352,0.582346,OverRange,OverRange,OverRange,16.480674,20.28412,886.23192
2026/06/10 13:25:00.262,n,543.24992,4.115988,4.888971,0.740232,OverRange,OverRange,OverRange,16.220012,20.316954,866.5728
2026/06/10 13:26:00.263,n,517.19844,5.623099,5.204608,0.676801,OverRange,OverRange,OverRange,16.347312,20.344534,828.54824
2026/06/10 13:27:00.265,n,501.87172,5.529181,4.783199,0.87912,OverRange,OverRange,OverRange,16.78803,20.371034,808.42544
2026/06/10 13:28:00.266,n,498.99448,4.491171,4.629708,0.791245,OverRange,OverRange,OverRange,17.133834,20.397506,808.65848
2026/06/10 13:29:00.272,n,490.288,4.219833,5.169359,0.663018,OverRange,OverRange,OverRange,16.957352,20.431416,799.34968
2026/06/10 13:30:00.271,n,461.17672,4.436545,4.430302,0.525582,OverRange,OverRange,OverRange,17.159958,20.452568,752.59416
2026/06/10 13:31:00.274,n,440.68504,5.482061,4.967122,0.589924,OverRange,OverRange,OverRange,17.376272,20.482204,720.07864
2026/06/10 13:32:00.258,n,430.3214,4.436592,4.61035,0.693577,OverRange,OverRange,OverRange,16.75351,20.509752,704.1884
2026/06/10 13:33:00.263,n,421.892,4.826244,4.970066,0.911202,OverRange,OverRange,OverRange,16.499568,20.52666,691.19352
2026/06/10 13:34:00.262,n,410.65456,4.796454,4.332985,0.24288,OverRange,OverRange,OverRange,16.107484,20.542654,672.02912
2026/06/10 13:35:00.265,n,393.33104,5.235482,4.950092,0.785498,OverRange,OverRange,OverRange,16.290538,20.541608,641.28804
2026/06/10 13:36:00.266,n,403.47404,5.863692,5.38868,0.461302,OverRange,OverRange,OverRange,16.464758,20.542654,658.01068
2026/06/10 13:37:00.268,n,404.75268,4.073898,4.605849,0.678384,OverRange,OverRange,OverRange,16.216568,20.53841,658.37688
2026/06/10 13:38:00.271,n,403.64852,5.664534,5.084183,0.660387,OverRange,OverRange,OverRange,16.207576,20.539522,655.01104
2026/06/10 13:39:00.273,n,408.51468,5.492514,5.195606,0.722339,OverRange,OverRange,OverRange,15.935304,20.529988,659.89544
2026/06/10 13:40:00.258,n,405.26164,4.69085,5.070452,0.658286,OverRange,OverRange,OverRange,15.828706,20.519382,652.21508
2026/06/10 13:41:00.261,n,404.84996,4.513171,4.526232,0.320819,OverRange,OverRange,OverRange,15.971684,20.518306,650.02168
2026/06/10 13:42:00.264,n,383.48984,5.600072,4.643497,0.766714,OverRange,OverRange,OverRange,16.129868,20.50032,611.9336
2026/06/10 13:43:00.264,n,375.0908,4.417795,4.633872,0.843139,OverRange,OverRange,OverRange,16.475794,20.497154,594.72168
2026/06/10 13:44:00.268,n,369.76088,5.561649,5.122047,0.757972,OverRange,OverRange,OverRange,16.685278,20.493956,583.94844
2026/06/10 13:45:00.269,n,362.72844,4.139985,4.367221,0.572154,OverRange,OverRange,OverRange,16.522904,20.492912,570.21388
2026/06/10 13:46:00.272,n,364.5602,3.560928,4.452132,0.835716,OverRange,OverRange,OverRange,16.581554,20.491896,571.37444
2026/06/10 13:47:00.272,n,364.03328,4.139748,4.893915,0.716477,OverRange,OverRange,OverRange,16.764792,20.497154,567.8078
2026/06/10 13:48:00.274,n,362.7468,5.870675,5.120037,0.845982,OverRange,OverRange,OverRange,17.024358,20.502408,560.7956
2026/06/10 13:49:00.259,n,365.80832,4.952385,4.705684,0.731369,OverRange,OverRange,OverRange,16.643434,20.515136,560.38356
2026/06/10 13:50:00.263,n,358.9872,4.512644,4.948407,0.500375,OverRange,OverRange,OverRange,16.192744,20.527868,541.65376
2026/06/10 13:51:00.263,n,303.7631,4.365711,4.726654,0.659622,OverRange,OverRange,OverRange,16.209824,20.535276,446.63648
2026/06/10 13:52:00.266,n,264.41218,3.670633,4.591978,0.665801,OverRange,OverRange,OverRange,15.92126,20.536324,367.12044
2026/06/10 13:53:00.268,n,274.27518,5.385317,4.710256,0.528944,OverRange,OverRange,OverRange,15.704504,20.532078,381.44004
2026/06/10 13:54:00.269,n,250.75874,4.4632,4.381593,0.535906,OverRange,OverRange,OverRange,15.826188,20.516216,338.64964
2026/06/10 13:55:00.272,n,251.56872,4.490485,4.65835,0.478359,OverRange,OverRange,OverRange,15.94132,20.499242,339.9442
2026/06/10 13:56:00.274,n,274.9607,4.150549,4.741935,0.738878,OverRange,OverRange,OverRange,16.138648,20.480214,382.928
2026/06/10 13:57:00.275,n,253.1617,3.876973,4.882838,0.942275,OverRange,OverRange,OverRange,16.119852,20.457952,348.4012
2026/06/10 13:58:00.261,n,232.34936,4.195182,5.060029,0.684883,OverRange,OverRange,OverRange,15.76643,20.444244,311.56876
2026/06/10 13:59:00.263,n,229.76936,3.774107,4.736127,1.154065,OverRange,OverRange,OverRange,15.564144,20.41771,306.26474
2026/06/10 14:00:00.266,n,232.10518,3.690138,4.770359,0.880895,OverRange,OverRange,OverRange,15.684414,20.397604,308.88336
2026/06/10 14:01:00.267,n,241.34892,5.783653,5.065372,0.746231,OverRange,OverRange,OverRange,15.616374,20.361602,322.35624
2026/06/10 14:02:00.267,n,280.9086,4.14633,4.835756,0.694588,OverRange,OverRange,OverRange,15.771496,20.330892,386.85856
2026/06/10 14:03:00.271,n,349.6428,3.897762,4.967554,1.084674,OverRange,OverRange,OverRange,15.998272,20.30651,508.2312
2026/06/10 14:04:00.272,n,318.09008,4.785999,5.201154,0.23908,OverRange,OverRange,OverRange,15.837454,20.28213,450.76372
2026/06/10 14:05:00.275,n,343.71452,5.956136,4.88173,1.075254,OverRange,OverRange,OverRange,15.562638,20.256704,483.11436
2026/06/10 14:06:00.277,n,347.7982,5.393522,4.638416,0.617472,OverRange,OverRange,OverRange,15.558116,20.24401,478.68212
2026/06/10 14:07:00.262,n,342.90952,5.357495,4.314463,0.601338,OverRange,OverRange,OverRange,15.679128,20.22805,462.30928
2026/06/10 14:08:00.268,n,369.8698,5.337621,5.261923,0.425925,OverRange,OverRange,OverRange,15.641476,20.21963,508.4628
2026/06/10 14:09:00.266,n,323.36084,5.36202,5.248324,0.110706,OverRange,OverRange,OverRange,15.628668,20.204778,432.10416
2026/06/10 14:10:00.268,n,316.789,4.421622,5.23858,0.583487,OverRange,OverRange,OverRange,15.849274,20.197338,422.68956
2026/06/10 14:11:00.270,n,307.16284,4.117183,4.53632,0.757129,OverRange,OverRange,OverRange,16.157684,20.188886,405.08708
2026/06/10 14:12:00.274,n,272.03724,6.124751,5.379477,0.714058,OverRange,OverRange,OverRange,16.321564,20.185688,344.49112
2026/06/10 14:13:00.274,n,292.72062,5.210558,4.939127,0.716255,OverRange,OverRange,OverRange,16.069718,20.188886,380.42284
2026/06/10 14:14:00.276,n,292.16354,3.907172,4.586555,0.738366,OverRange,OverRange,OverRange,15.892674,20.188886,383.47792
2026/06/10 14:15:00.281,n,274.80068,3.792679,4.9219,0.918082,OverRange,OverRange,OverRange,15.98197,20.187776,351.13688
2026/06/10 14:16:00.264,n,293.50738,5.232475,4.96829,0.615437,OverRange,OverRange,OverRange,15.853038,20.182488,384.454
2026/06/10 14:17:00.266,n,269.47314,5.548057,4.661117,0.841912,OverRange,OverRange,OverRange,15.975952,20.18464,344.84176
2026/06/10 14:18:00.269,n,268.30044,5.16231,5.197097,0.782251,OverRange,OverRange,OverRange,15.940344,20.180368,339.2462
2026/06/10 14:19:00.271,n,287.93756,3.345055,4.989878,0.813046,OverRange,OverRange,OverRange,15.850026,20.186734,370.1744
2026/06/10 14:20:00.272,n,314.90836,5.436339,4.654352,0.789803,OverRange,OverRange,OverRange,15.846762,20.188886,408.63648
2026/06/10 14:21:00.274,n,334.38854,5.38887,5.427756,0.443696,OverRange,OverRange,OverRange,15.940822,20.195218,438.11528
2026/06/10 14:22:00.275,n,316.73804,4.573988,5.071779,0.85587,OverRange,OverRange,OverRange,16.264856,20.20057,407.7494
2026/06/10 14:23:00.278,n,297.67612,5.192747,4.71932,0.680823,OverRange,OverRange,OverRange,16.262426,20.207944,375.97496
2026/06/10 14:24:00.280,n,272.16092,5.470471,4.944679,0.787543,OverRange,OverRange,OverRange,16.14617,20.218552,332.92684
2026/06/10 14:25:00.266,n,266.32514,5.262949,4.733325,0.726953,OverRange,OverRange,OverRange,16.032364,20.23549,322.4963
2026/06/10 14:26:00.267,n,269.69214,4.359319,5.050476,0.657764,OverRange,OverRange,OverRange,16.095298,20.247142,325.16184
2026/06/10 14:27:00.272,n,274.07514,5.354711,5.101346,0.6903,OverRange,OverRange,OverRange,16.144914,20.247142,329.84604
2026/06/10 14:28:00.271,n,269.71792,3.714138,4.76842,0.890815,OverRange,OverRange,OverRange,16.1627,20.258858,323.48044
2026/06/10 14:29:00.274,n,246.77526,3.706994,4.224118,0.279326,OverRange,OverRange,OverRange,16.318048,20.268358,284.24078
2026/06/10 14:30:00.275,n,264.68722,4.373006,5.016428,0.699175,OverRange,OverRange,OverRange,16.37609,20.273646,316.57998
2026/06/10 14:31:00.277,n,253.1856,5.441583,4.565411,0.772898,OverRange,OverRange,OverRange,16.430496,20.28213,304.55192
2026/06/10 14:32:00.279,n,225.94368,5.288104,5.393099,0.496524,OverRange,OverRange,OverRange,16.660594,20.293782,261.103
2026/06/10 14:33:00.281,n,224.70764,5.979032,4.855776,0.823176,OverRange,OverRange,OverRange,16.726786,20.3086,261.59824
2026/06/10 14:34:00.267,n,237.6278,3.47045,4.659102,0.879937,OverRange,OverRange,OverRange,16.413916,20.318162,282.69138
2026/06/10 14:35:00.270,n,275.0379,3.706265,4.687019,0.775731,OverRange,OverRange,OverRange,16.268204,20.328738,345.14076
2026/06/10 14:36:00.270,n,315.48812,3.96789,4.741966,0.755984,OverRange,OverRange,OverRange,16.090012,20.334056,417.44572
2026/06/10 14:37:00.272,n,319.25082,4.662789,4.884406,0.513638,OverRange,OverRange,OverRange,15.99701,20.338266,422.80656
2026/06/10 14:38:00.275,n,347.81288,5.481898,4.828514,0.797708,OverRange,OverRange,OverRange,16.074732,20.339344,467.74544
2026/06/10 14:39:00.276,n,292.41348,3.80333,4.727793,0.792482,OverRange,OverRange,OverRange,15.857066,20.34254,365.39328
2026/06/10 14:40:00.278,n,283.42368,6.115011,5.46878,0.69222,OverRange,OverRange,OverRange,15.910742,20.339344,350.44536
2026/06/10 14:41:00.280,n,285.39798,3.608884,4.275721,0.646932,OverRange,OverRange,OverRange,16.200796,20.334056,355.76316
2026/06/10 14:42:00.282,n,324.10818,4.468276,5.126445,0.70765,OverRange,OverRange,OverRange,16.457388,20.328738,427.37316
2026/06/10 14:43:00.267,n,353.99088,4.491864,4.859597,0.523808,OverRange,OverRange,OverRange,16.601202,20.331904,492.88236
2026/06/10 14:44:00.272,n,316.32328,4.496919,5.176876,0.591755,OverRange,OverRange,OverRange,16.826682,20.34362,450.796
2026/06/10 14:45:00.272,n,279.60288,3.723251,4.995962,0.818275,OverRange,OverRange,OverRange,16.902658,20.358436,394.07384
2026/06/10 14:46:00.273,n,326.93362,5.262545,5.103606,0.32758,OverRange,OverRange,OverRange,16.902396,20.37218,480.96216
2026/06/10 14:47:00.275,n,355.04668,5.027731,4.800473,0.506754,OverRange,OverRange,OverRange,17.10932,20.38915,534.30888
2026/06/10 14:48:00.277,n,262.32766,4.185772,4.877245,0.691962,OverRange,OverRange,OverRange,17.233954,20.41771,367.33424
2026/06/10 14:49:00.280,n,218.61332,5.787509,5.080054,0.682584,OverRange,OverRange,OverRange,17.234466,20.436772,291.97778
2026/06/10 14:50:00.281,n,207.30334,3.726954,4.475696,0.889175,OverRange,OverRange,OverRange,17.12767,20.46435,280.2631
2026/06/10 14:51:00.283,n,195.45576,5.412951,4.785711,0.657367,OverRange,OverRange,OverRange,16.949188,20.475972,268.18542
2026/06/10 14:52:00.270,n,176.50378,4.222761,4.337671,0.66957,OverRange,OverRange,OverRange,17.024114,20.490788,241.98958
2026/06/10 14:53:00.270,n,150.99,5.693686,4.781526,0.820567,OverRange,OverRange,OverRange,16.88502,20.50032,201.3622
2026/06/10 14:54:00.273,n,137.22254,4.970788,4.396398,0.726324,OverRange,OverRange,OverRange,16.590608,20.493956,181.20598
2026/06/10 14:55:00.275,n,120.14054,3.872423,4.738701,0.702454,OverRange,OverRange,OverRange,16.64448,20.492912,154.82414
2026/06/10 14:56:00.262,n,109.8299,5.432912,4.887977,0.86282,OverRange,OverRange,OverRange,16.518876,20.480214,137.85332
2026/06/10 14:57:00.262,n,107.76566,5.50549,4.873167,0.550122,OverRange,OverRange,OverRange,16.271922,20.46647,132.23938
2026/06/10 14:58:00.265,n,111.99048,5.222769,4.85156,0.766901,OverRange,OverRange,OverRange,16.158682,20.441046,136.29654
2026/06/10 14:59:00.267,n,119.53418,4.490747,4.548706,0.872481,OverRange,OverRange,OverRange,16.187022,20.410302,146.24246
2026/06/10 15:00:00.268,n,139.76544,4.42755,4.507991,0.203148,OverRange,OverRange,OverRange,15.898438,20.3743,178.48922
2026/06/10 15:01:00.278,n,183.24102,5.250516,5.155727,0.795658,OverRange,OverRange,OverRange,15.802852,20.337224,256.11216
2026/06/10 15:02:00.273,n,156.74968,5.477067,5.361014,0.854119,OverRange,OverRange,OverRange,15.757676,20.30331,206.15028
2026/06/10 15:03:00.258,n,151.68922,4.349258,5.402862,0.584292,OverRange,OverRange,OverRange,15.600062,20.263068,195.2993
2026/06/10 15:04:00.316,n,147.87676,5.409565,5.390202,0.596895,OverRange,OverRange,OverRange,15.565648,20.233402,186.0962
2026/06/10 15:05:00.334,n,151.71284,5.507196,4.902104,0.614082,OverRange,OverRange,OverRange,15.439824,20.198382,189.89466
2026/06/10 15:06:00.263,n,171.17634,4.096032,4.221287,0.400384,OverRange,OverRange,OverRange,15.37147,20.161276,224.50274
2026/06/10 15:07:00.266,n,161.4745,5.436828,4.859183,0.674339,OverRange,OverRange,OverRange,15.385316,20.130532,209.8705
2026/06/10 15:08:00.268,n,165.2654,5.291318,5.000794,0.512708,OverRange,OverRange,OverRange,15.30538,20.100864,214.16724
2026/06/10 15:09:00.270,n,149.3997,5.438418,5.231869,0.743927,OverRange,OverRange,OverRange,15.298616,20.065882,185.5487
2026/06/10 15:10:00.274,n,140.31996,6.14906,5.716019,0.763158,OverRange,OverRange,OverRange,15.271974,20.0415,170.69582
2026/06/10 15:11:00.258,n,134.14742,4.495443,4.908049,0.978144,OverRange,OverRange,OverRange,15.2785,20.01066,161.49026
2026/06/10 15:12:00.260,n,133.77432,5.41597,4.746057,0.736116,OverRange,OverRange,OverRange,15.17718,19.977796,161.87054
2026/06/10 15:13:00.263,n,138.5643,4.426819,4.846399,0.751214,OverRange,OverRange,OverRange,15.061006,19.942782,170.65156
2026/06/10 15:14:00.262,n,142.02844,4.207338,5.096441,0.458072,OverRange,OverRange,OverRange,15.060262,19.909886,180.91502
2026/06/10 15:15:00.266,n,122.66344,5.354911,4.776908,0.808005,OverRange,OverRange,OverRange,15.123622,19.876958,149.5229
2026/06/10 15:16:00.266,n,113.77372,3.697166,4.320522,0.486517,OverRange,OverRange,OverRange,15.123638,19.867136,133.9041
2026/06/10 15:17:00.268,n,117.4452,5.565555,4.799295,1.096441,OverRange,OverRange,OverRange,15.011862,19.825722,136.39416
2026/06/10 15:18:00.270,n,128.57904,4.314648,4.960145,1.098962,OverRange,OverRange,OverRange,14.898876,19.79172,151.81602
2026/06/10 15:19:00.272,n,126.21546,5.373638,5.037966,0.976203,OverRange,OverRange,OverRange,14.946946,19.748188,146.62152
2026/06/10 15:20:00.258,n,123.66894,6.078166,4.945647,0.762061,OverRange,OverRange,OverRange,14.94393,19.712096,143.34722
2026/06/10 15:21:00.263,n,115.93278,4.324203,4.720044,0.722986,OverRange,OverRange,OverRange,14.90442,19.67597,131.03208
2026/06/10 15:22:00.262,n,110.84076,4.370484,4.759014,0.659013,OverRange,OverRange,OverRange,14.875982,19.636616,122.70064
2026/06/10 15:23:00.263,n,108.00236,4.28754,4.113096,0.293778,OverRange,OverRange,OverRange,14.94721,19.59622,118.65552
2026/06/10 15:24:00.265,n,106.70628,5.242787,4.776638,0.991811,OverRange,OverRange,OverRange,14.871954,19.553704,116.36736
2026/06/10 15:25:00.267,n,107.38306,4.358106,4.166941,0.736516,OverRange,OverRange,OverRange,14.824392,19.514382,116.32016
2026/06/10 15:26:00.270,n,107.82082,4.988145,5.065396,0.673789,OverRange,OverRange,OverRange,14.797704,19.470754,115.31388
2026/06/10 15:27:00.271,n,106.7953,4.414913,4.791555,0.687336,OverRange,OverRange,OverRange,14.792924,19.43245,112.86258
2026/06/10 15:28:00.258,n,104.75224,4.488934,4.52358,0.550137,OverRange,OverRange,OverRange,14.772756,19.386734,109.53118
2026/06/10 15:29:00.258,n,102.35314,5.479723,4.60465,0.697321,OverRange,OverRange,OverRange,14.776286,19.347352,105.78178
2026/06/10 15:30:00.260,n,99.519352,5.522467,5.080504,0.67896,OverRange,OverRange,OverRange,14.675832,19.302682,101.19904
2026/06/10 15:31:00.262,n,96.602424,5.361506,5.003468,0.526605,OverRange,OverRange,OverRange,14.527462,19.260068,96.579464
2026/06/10 15:32:00.265,n,94.885504,4.110441,4.541799,0.796268,OverRange,OverRange,OverRange,14.50202,19.222808,93.562384
2026/06/10 15:33:00.266,n,94.038472,5.51525,4.942211,0.696164,OverRange,OverRange,OverRange,14.473022,19.217198,91.919584
2026/06/10 15:34:00.272,n,93.646504,5.438135,4.819015,0.801157,OverRange,OverRange,OverRange,14.41147,19.168222,90.626616
2026/06/10 15:35:00.271,n,93.308048,4.166161,4.899073,0.74692,OverRange,OverRange,OverRange,14.349446,19.12137,89.535176
2026/06/10 15:36:00.274,n,93.02476,5.209216,5.042583,0.49268,OverRange,OverRange,OverRange,14.284892,19.079806,88.716336
2026/06/10 15:37:00.258,n,93.464576,4.007879,4.811764,0.861641,OverRange,OverRange,OverRange,14.226634,19.027602,88.426152
2026/06/10 15:38:00.260,n,94.184472,4.295233,4.712394,0.747154,OverRange,OverRange,OverRange,14.168102,18.98281,88.542632
2026/06/10 15:39:00.264,n,94.392704,5.425942,4.592093,0.631278,OverRange,OverRange,OverRange,14.0987,18.934846,88.257992
2026/06/10 15:40:00.265,n,94.00228,5.369674,5.076106,0.595767,OverRange,OverRange,OverRange,14.059602,18.892176,87.266808
2026/06/10 15:41:00.266,n,93.432376,4.434763,5.02259,0.529746,OverRange,OverRange,OverRange,14.070196,18.84102,86.34388
2026/06/10 15:42:00.268,n,92.793304,5.345264,4.8371,0.790056,OverRange,OverRange,OverRange,14.059332,18.799424,85.533328
2026/06/10 15:43:00.273,n,92.9524,5.312207,5.478872,0.480808,OverRange,OverRange,OverRange,14.087602,18.761026,85.095528
2026/06/10 15:44:00.272,n,92.353736,4.066551,4.253336,0.15501,OverRange,OverRange,OverRange,14.040924,18.746704,84.185064
2026/06/10 15:45:00.275,n,90.696864,4.963117,4.512072,0.531592,OverRange,OverRange,OverRange,14.074754,18.70397,82.33544
2026/06/10 15:46:00.260,n,87.679224,4.33573,4.553888,0.839887,OverRange,OverRange,OverRange,14.09193,18.665572,79.076408
2026/06/10 15:47:00.264,n,83.770152,4.1018,4.525378,0.793847,OverRange,OverRange,OverRange,14.099234,18.622868,75.0986
2026/06/10 15:48:00.268,n,79.831184,3.756963,4.379519,0.639668,OverRange,OverRange,OverRange,14.131546,18.587604,70.944264
2026/06/10 15:49:00.266,n,76.975592,4.262594,4.988923,0.885975,OverRange,OverRange,OverRange,14.11615,18.551298,68.118232
2026/06/10 15:50:00.269,n,76.58196,4.417583,4.354646,0.352761,OverRange,OverRange,OverRange,14.081838,18.521416,67.6656
2026/06/10 15:51:00.272,n,78.055112,4.270808,4.227287,0.224036,OverRange,OverRange,OverRange,14.137864,18.486152,68.54996
2026/06/10 15:52:00.274,n,79.452312,4.206701,4.273812,0.087826,OverRange,OverRange,OverRange,14.12521,18.445542,69.150448
2026/06/10 15:53:00.275,n,79.417544,4.218156,4.070472,0.703197,OverRange,OverRange,OverRange,14.102006,18.423098,68.544248
2026/06/10 15:54:00.279,n,78.3674,4.154248,5.059289,0.907934,OverRange,OverRange,OverRange,14.062648,18.387282,66.86136
2026/06/10 15:55:00.263,n,75.956608,6.059466,5.68483,0.268436,OverRange,OverRange,OverRange,14.045476,18.35016,64.360648
2026/06/10 15:56:00.265,n,73.02276,5.511578,5.279981,0.552245,OverRange,OverRange,OverRange,14.048794,18.310822,61.54562
2026/06/10 15:57:00.266,n,70.373344,5.498599,5.042723,0.969691,OverRange,OverRange,OverRange,14.025544,18.283226,58.9334
2026/06/10 15:58:00.269,n,67.515704,6.09367,5.090475,0.581701,OverRange,OverRange,OverRange,14.022008,18.24816,56.119648
2026/06/10 15:59:00.269,n,64.537064,5.395799,4.380485,0.845626,OverRange,OverRange,OverRange,13.994488,18.211006,53.415616
2026/06/10 16:00:00.271,n,61.73946,5.231263,5.09205,0.67029,OverRange,OverRange,OverRange,14.01495,18.182304,50.910816
2026/06/10 16:01:00.274,n,59.182552,3.789798,5.112354,0.917941,OverRange,OverRange,OverRange,14.020238,18.190458,48.605504
2026/06/10 16:02:00.275,n,57.325648,5.680101,4.973941,0.903292,OverRange,OverRange,OverRange,14.074184,18.154318,47.061344
2026/06/10 16:03:00.278,n,55.887392,3.714057,5.08774,0.793407,OverRange,OverRange,OverRange,14.03479,18.127768,45.742096
2026/06/10 16:04:00.264,n,54.73012,5.472144,4.893268,0.523125,OverRange,OverRange,OverRange,14.013612,18.101152,44.829236
2026/06/10 16:05:00.265,n,53.546156,4.381196,4.71125,0.898614,OverRange,OverRange,OverRange,14.02976,18.063966,43.777128
2026/06/10 16:06:00.271,n,52.045552,5.270866,4.483128,0.527911,OverRange,OverRange,OverRange,14.041876,18.032036,42.753512
2026/06/10 16:07:00.268,n,50.779604,5.464807,4.762294,0.843142,OverRange,OverRange,OverRange,14.005508,18.005488,41.866256
2026/06/10 16:08:00.272,n,49.533672,4.041243,4.432695,0.63741,OverRange,OverRange,OverRange,14.007046,17.972478,41.110468
2026/06/10 16:09:00.272,n,48.030884,4.425202,4.457742,0.609177,OverRange,OverRange,OverRange,14.008546,17.94906,39.964684
2026/06/10 16:10:00.274,n,46.21966,3.642807,4.788899,1.034746,OverRange,OverRange,OverRange,13.983296,17.919282,38.34578
2026/06/10 16:11:00.277,n,43.5809,3.960141,4.550191,0.626255,OverRange,OverRange,OverRange,13.965124,17.889472,36.265116
2026/06/10 16:12:00.280,n,40.957784,5.369685,4.573553,0.401414,OverRange,OverRange,OverRange,13.95225,17.860738,33.968076
2026/06/10 16:13:00.266,n,38.734968,4.097639,5.047365,0.867515,OverRange,OverRange,OverRange,13.94038,17.83308,31.939374
2026/06/10 16:14:00.266,n,36.881016,5.439985,5.092768,0.721756,OverRange,OverRange,OverRange,13.92244,17.803302,30.684458
2026/06/10 16:15:00.267,n,35.697056,6.348552,5.174148,0.915039,OverRange,OverRange,OverRange,13.920166,17.771342,29.725182
2026/06/10 16:16:00.270,n,34.903384,6.080389,5.226313,0.945816,OverRange,OverRange,OverRange,13.92067,17.745774,29.138764
2026/06/10 16:17:00.274,n,34.040176,4.439072,4.696771,0.438886,OverRange,OverRange,OverRange,13.90501,17.722354,28.623932
2026/06/10 16:18:00.274,n,32.903172,5.945917,4.828427,0.826997,OverRange,OverRange,OverRange,13.898194,17.703178,27.859106
2026/06/10 16:19:00.277,n,31.894212,5.425024,4.848337,0.622684,OverRange,OverRange,OverRange,13.898464,17.672292,27.028406
2026/06/10 16:20:00.280,n,30.948762,4.153059,4.85316,0.71136,OverRange,OverRange,OverRange,13.87471,17.654194,26.317332
2026/06/10 16:21:00.279,n,30.39322,6.02432,5.119761,0.773246,OverRange,OverRange,OverRange,13.80978,17.632864,25.90079
2026/06/10 16:22:00.265,n,29.773528,5.646994,4.771001,0.841564,OverRange,OverRange,OverRange,13.7638,17.61046,25.462662
2026/06/10 16:23:00.267,n,28.984858,5.294013,4.610984,0.644654,OverRange,OverRange,OverRange,13.735012,17.606708,24.8637
2026/06/10 16:24:00.269,n,28.713376,4.539453,4.142766,0.696541,OverRange,OverRange,OverRange,13.782726,17.576868,24.457144
2026/06/10 16:25:00.273,n,28.090472,4.19839,5.182962,0.878533,OverRange,OverRange,OverRange,13.790284,17.548074,23.62107
2026/06/10 16:26:00.275,n,27.432292,5.403065,5.441788,0.62599,OverRange,OverRange,OverRange,13.76882,17.521462,22.892764
2026/06/10 16:27:00.275,n,26.64016,5.529046,4.691623,0.736106,OverRange,OverRange,OverRange,13.728618,17.494818,22.155238
2026/06/10 16:28:00.277,n,25.859446,5.280266,5.095289,0.752389,OverRange,OverRange,OverRange,13.722326,17.469186,21.350822
2026/06/10 16:29:00.279,n,25.128004,5.741146,4.694795,0.939583,OverRange,OverRange,OverRange,13.71018,17.439348,20.455196
2026/06/10 16:30:00.281,n,24.428764,4.434005,4.742276,0.817699,OverRange,OverRange,OverRange,13.69628,17.41166,19.797364
2026/06/10 16:31:00.267,n,23.551568,3.857657,4.636671,0.655086,OverRange,OverRange,OverRange,13.687688,17.384952,19.12767
2026/06/10 16:32:00.268,n,22.81076,5.938628,5.108997,0.827985,OverRange,OverRange,OverRange,13.661398,17.350842,18.608826
2026/06/10 16:33:00.270,n,22.370432,5.410701,5.551085,0.748371,OverRange,OverRange,OverRange,13.616406,17.32097,17.996896
2026/06/10 16:34:00.273,n,21.641426,3.94322,4.793253,0.651318,OverRange,OverRange,OverRange,13.590358,17.294296,17.5301
2026/06/10 16:35:00.276,n,20.941286,5.479812,4.481791,0.518174,OverRange,OverRange,OverRange,13.582768,17.26335,16.99547
2026/06/10 16:36:00.276,n,20.413458,6.163852,5.364508,0.860184,OverRange,OverRange,OverRange,13.564302,17.237752,16.439258
2026/06/10 16:37:00.279,n,19.844184,4.453733,4.728575,0.751275,OverRange,OverRange,OverRange,13.537258,17.211044,15.981932
2026/06/10 16:38:00.280,n,19.108636,5.514203,4.250511,0.670591,OverRange,OverRange,OverRange,13.52562,17.18437,15.555406
2026/06/10 16:39:00.284,n,18.609672,4.904066,4.506562,0.773025,OverRange,OverRange,OverRange,13.52384,17.146968,15.068728
2026/06/10 16:40:00.268,n,18.054902,5.415674,4.401629,0.555476,OverRange,OverRange,OverRange,13.50967,17.119218,14.634354
2026/06/10 16:41:00.272,n,17.721958,5.558408,5.370701,0.857587,OverRange,OverRange,OverRange,13.48818,17.135786,14.211414
2026/06/10 16:42:00.276,n,17.567098,4.042252,5.008832,0.825584,OverRange,OverRange,OverRange,13.496796,17.10373,14.038892
2026/06/10 16:43:00.276,n,17.006168,5.803495,4.852547,0.869056,OverRange,OverRange,OverRange,13.48466,17.081296,13.743936
2026/06/10 16:44:00.277,n,16.65565,4.199792,4.813612,0.733109,OverRange,OverRange,OverRange,13.476308,17.047092,13.526618
2026/06/10 16:45:00.277,n,16.448442,5.928419,4.963368,0.757909,OverRange,OverRange,OverRange,13.460638,17.021462,13.497438
2026/06/10 16:46:00.280,n,16.314112,3.556934,4.997725,0.798251,OverRange,OverRange,OverRange,13.45251,16.99368,13.462542
2026/06/10 16:47:00.283,n,16.226098,4.701259,4.704267,0.475579,OverRange,OverRange,OverRange,13.44164,16.964858,13.557676
2026/06/10 16:48:00.282,n,16.34593,4.388686,4.830276,0.488172,OverRange,OverRange,OverRange,13.41863,16.940272,13.648886
2026/06/10 16:49:00.269,n,16.509516,5.324528,5.196495,0.510746,OverRange,OverRange,OverRange,13.413808,16.918848,13.776868
2026/06/10 16:50:00.273,n,16.410338,5.20902,4.93896,0.991658,OverRange,OverRange,OverRange,13.410792,16.893218,13.769188
2026/06/10 16:51:00.274,n,16.118196,5.532092,4.927528,0.583858,OverRange,OverRange,OverRange,13.396886,16.86968,13.52457
2026/06/10 16:52:00.274,n,15.837604,5.530222,4.633371,0.535607,OverRange,OverRange,OverRange,13.394836,16.847246,13.285924
2026/06/10 16:53:00.280,n,15.186346,3.990438,4.743131,0.619404,OverRange,OverRange,OverRange,13.38826,16.823708,12.80266
2026/06/10 16:54:00.282,n,14.72164,5.423044,5.337828,0.622779,OverRange,OverRange,OverRange,13.37613,16.807664,12.282452
2026/06/10 16:55:00.266,n,14.2391,3.774792,4.605511,0.734092,OverRange,OverRange,OverRange,13.355626,16.787384,11.820176
2026/06/10 16:56:00.268,n,13.587204,5.432371,4.791349,0.811859,OverRange,OverRange,OverRange,13.358166,16.77131,11.303552
2026/06/10 16:57:00.317,n,13.195244,3.77213,4.704703,0.719132,OverRange,OverRange,OverRange,13.350316,16.75954,10.878138
2026/06/10 16:58:00.271,n,12.713088,4.510944,4.970093,0.510474,OverRange,OverRange,OverRange,13.342978,16.742456,10.446834
2026/06/10 16:59:00.272,n,12.265318,5.958048,5.197596,0.754177,OverRange,OverRange,OverRange,13.354884,16.72638,10.034898
2026/06/10 17:00:00.259,n,11.847314,5.162366,5.006679,0.739576,OverRange,OverRange,OverRange,13.353348,16.708222,9.576036
2026/06/10 17:01:00.261,n,11.34681,5.265105,5.304427,0.801614,OverRange,OverRange,OverRange,13.346502,16.692146,9.164016
2026/06/10 17:02:00.262,n,10.84092,4.397136,5.053826,0.633164,OverRange,OverRange,OverRange,13.348802,16.67506,8.716844
2026/06/10 17:03:00.266,n,10.287816,5.300648,4.87154,0.928732,OverRange,OverRange,OverRange,13.338696,16.660064,8.294669
2026/06/10 17:04:00.267,n,9.743562,3.526361,5.051047,0.748833,OverRange,OverRange,OverRange,13.299704,16.656478,7.818232
2026/06/10 17:05:00.270,n,9.505436,5.37974,5.518724,0.250195,OverRange,OverRange,OverRange,13.3319,16.6287,7.609362
2026/06/10 17:06:00.269,n,8.925386,5.953641,4.767572,0.989547,OverRange,OverRange,OverRange,13.313426,16.613704,7.191114
2026/06/10 17:07:00.271,n,8.41321,3.397473,4.6816,0.832633,OverRange,OverRange,OverRange,13.29189,16.591206,6.745392
2026/06/10 17:08:00.258,n,7.804292,4.229512,4.804279,0.565643,OverRange,OverRange,OverRange,13.276454,16.571938,6.235422
2026/06/10 17:09:00.260,n,7.236048,4.154432,4.460893,0.551772,OverRange,OverRange,OverRange,13.29063,16.555898,5.78185
2026/06/10 17:10:00.262,n,6.734776,5.37059,5.027075,0.494421,OverRange,OverRange,OverRange,13.28709,16.531218,5.275463
2026/06/10 17:11:00.262,n,6.197836,5.271549,5.236097,0.756319,OverRange,OverRange,OverRange,13.257222,16.512012,4.728207
2026/06/10 17:12:00.265,n,5.593025,6.068192,5.563954,0.371607,OverRange,OverRange,OverRange,13.25089,16.484172,4.210559
2026/06/10 17:13:00.268,n,5.102787,4.240816,4.818496,0.86126,OverRange,OverRange,OverRange,13.231384,16.465946,3.781559
2026/06/10 17:14:00.269,n,4.574187,5.364657,5.374342,0.637382,OverRange,OverRange,OverRange,13.221522,16.447724,3.410835
2026/06/10 17:15:00.271,n,4.186076,4.341401,4.534758,0.4061,OverRange,OverRange,OverRange,13.20457,16.426302,2.977996
2026/06/10 17:16:00.274,n,3.555477,3.835334,4.698803,0.752784,OverRange,OverRange,OverRange,13.187348,16.401658,2.671178
2026/06/10 17:17:00.258,n,3.123359,4.15595,4.874652,0.892713,OverRange,OverRange,OverRange,13.191132,16.38666,2.257536
2026/06/10 17:18:00.260,n,2.708434,5.30684,4.891373,0.730011,OverRange,OverRange,OverRange,13.189372,16.369546,1.954643
2026/06/10 17:19:00.263,n,2.311214,4.34472,4.507679,0.761231,OverRange,OverRange,OverRange,13.175172,16.344898,1.521378
2026/06/10 17:20:00.265,n,1.759007,4.132242,4.826527,0.746388,OverRange,OverRange,OverRange,13.17012,16.323414,1.097839
2026/06/10 17:21:00.268,n,1.25658,5.335915,4.897774,0.796385,OverRange,OverRange,OverRange,13.150126,16.304146,0.767643
2026/06/10 17:22:00.270,n,0.890922,4.431368,4.623369,0.511623,OverRange,OverRange,OverRange,13.133658,16.28915,0.429426
2026/06/10 17:23:00.272,n,0.522955,5.291925,4.872877,0.736423,OverRange,OverRange,OverRange,13.127818,16.268778,0.100765
2026/06/10 17:24:00.273,n,0.297787,4.528443,5.280076,0.803674,OverRange,OverRange,OverRange,13.097178,16.247358,-0.24513
2026/06/10 17:25:00.259,n,-0.123041,5.429642,5.084408,1.028649,OverRange,OverRange,OverRange,13.086548,16.226984,-0.573876
2026/06/10 17:26:00.261,n,-0.278028,3.617234,5.031657,0.721147,OverRange,OverRange,OverRange,13.065502,16.20656,-0.708003
2026/06/10 17:27:00.265,n,-0.44482,4.290682,4.543756,0.355675,OverRange,OverRange,OverRange,13.066258,16.189428,-0.98018
2026/06/10 17:28:00.385,n,-0.611354,5.479339,5.849486,0.343772,OverRange,OverRange,OverRange,13.048036,16.17336,-1.12992
2026/06/10 17:29:00.266,n,-0.912477,5.684148,4.753955,0.96611,OverRange,OverRange,OverRange,13.032948,16.162632,-1.310803
2026/06/10 17:30:00.267,n,-0.956227,4.106414,4.858821,0.614045,OverRange,OverRange,OverRange,13.033534,16.147606,-1.421636
2026/06/10 17:31:00.270,n,-1.172543,5.368285,5.308562,0.867122,OverRange,OverRange,OverRange,13.019924,16.137972,-1.503204
2026/06/10 17:32:00.271,n,-1.359862,4.149475,4.662296,0.666395,OverRange,OverRange,OverRange,13.023016,16.127214,-1.752515
2026/06/10 17:33:00.274,n,-1.512027,5.934596,5.743399,0.261987,OverRange,OverRange,OverRange,13.0304,16.120776,-1.966417
2026/06/10 17:34:00.259,n,-1.631732,4.984638,4.95074,0.652758,OverRange,OverRange,OverRange,13.00792,16.113262,-2.133649
2026/06/10 17:35:00.260,n,-1.833678,5.644082,5.650027,0.362625,OverRange,OverRange,OverRange,12.996582,16.097174,-2.338081
2026/06/10 17:36:00.264,n,-2.131849,5.450461,4.919911,0.791989,OverRange,OverRange,OverRange,12.987762,16.084314,-2.493708
2026/06/10 17:37:00.265,n,-2.257841,5.512128,4.81856,0.670775,OverRange,OverRange,OverRange,12.957036,16.075742,-2.647373
2026/06/10 17:38:00.267,n,-2.474285,5.439677,4.837986,1.03334,OverRange,OverRange,OverRange,12.963578,16.103972,-2.808973
2026/06/10 17:39:00.269,n,-2.044733,4.120589,4.676441,0.962388,OverRange,OverRange,OverRange,13.010392,16.0857,-2.608893
2026/06/10 17:40:00.272,n,-2.100159,4.124215,5.007253,0.855692,OverRange,OverRange,OverRange,13.004608,16.073898,-2.754964
2026/06/10 17:41:00.273,n,-2.243343,6.300333,5.145354,1.021959,OverRange,OverRange,OverRange,12.99352,16.06531,-2.832863
2026/06/10 17:42:00.275,n,-2.386783,5.344995,5.519625,0.284974,OverRange,OverRange,OverRange,12.975108,16.054618,-2.864006
2026/06/10 17:43:00.260,n,-2.457092,5.457851,5.466051,0.035759,OverRange,OverRange,OverRange,12.944142,16.041708,-2.945659
2026/06/10 17:44:00.264,n,-2.626706,6.186512,4.819438,0.888364,OverRange,OverRange,OverRange,12.939358,16.023438,-3.023473
2026/06/10 17:45:00.264,n,-2.673408,5.420358,5.606859,0.323408,OverRange,OverRange,OverRange,12.940114,16.011622,-3.089768
2026/06/10 17:46:00.268,n,-2.825445,5.408182,5.36418,0.070117,OverRange,OverRange,OverRange,12.948422,16.00093,-3.255293
2026/06/10 17:47:00.268,n,-2.761294,3.649715,4.817457,0.877045,OverRange,OverRange,OverRange,12.942632,15.979464,-3.235839
2026/06/10 17:48:00.272,n,-2.890108,4.769216,4.738143,0.681071,OverRange,OverRange,OverRange,12.941116,15.96548,-3.284473
2026/06/10 17:49:00.272,n,-2.91641,5.345335,5.390406,0.78709,OverRange,OverRange,OverRange,12.933558,15.95153,-3.335069
2026/06/10 17:50:00.278,n,-2.837376,4.779254,4.728805,0.984589,OverRange,OverRange,OverRange,12.92096,15.947272,-3.309728
2026/06/10 17:51:00.277,n,-2.928085,5.544193,4.907182,0.73571,OverRange,OverRange,OverRange,12.940862,15.931138,-3.383702
2026/06/10 17:52:00.262,n,-2.980689,4.015611,4.698431,0.920736,OverRange,OverRange,OverRange,12.93305,15.916096,-3.41476
2026/06/10 17:53:00.265,n,-2.907429,4.395832,4.948596,0.976883,OverRange,OverRange,OverRange,12.940862,15.911826,-3.416892
2026/06/10 17:54:00.266,n,-3.044968,6.098809,4.905244,1.055395,OverRange,OverRange,OverRange,12.948914,15.893556,-3.406995
2026/06/10 17:55:00.271,n,-2.992492,4.29594,4.513163,0.794982,OverRange,OverRange,OverRange,12.947408,15.886074,-3.475253
2026/06/10 17:56:00.271,n,-3.059722,4.345699,4.77882,0.789412,OverRange,OverRange,OverRange,12.947408,15.877436,-3.41493
2026/06/10 17:57:00.275,n,-3.015843,6.271913,5.128793,0.816724,OverRange,OverRange,OverRange,12.952948,15.864592,-3.506481
2026/06/10 17:58:00.275,n,-3.089103,5.526612,5.206798,0.434055,OverRange,OverRange,OverRange,12.921722,15.851716,-3.486942
2026/06/10 17:59:00.277,n,-3.115404,4.308565,4.571381,0.864257,OverRange,OverRange,OverRange,12.902574,15.83987,-3.529688
2026/06/10 18:00:00.279,n,-3.168136,4.369902,4.580525,0.536684,OverRange,OverRange,OverRange,12.908102,15.834508,-3.578407
2026/06/10 18:01:00.265,n,-3.17391,4.716948,4.676452,0.776041,OverRange,OverRange,OverRange,12.921962,15.819462,-3.496669
2026/06/10 18:02:00.264,n,-2.846357,4.436201,5.097915,0.742857,OverRange,OverRange,OverRange,12.935308,15.819462,-3.461516
2026/06/10 18:03:00.266,n,-3.001345,5.526672,5.027568,0.792016,OverRange,OverRange,OverRange,12.93985,15.804404,-3.41092
2026/06/10 18:04:00.272,n,-2.94284,5.615557,4.666632,0.86314,OverRange,OverRange,OverRange,12.928788,15.792572,-3.438138
2026/06/10 18:05:00.273,n,-2.878305,4.109158,4.655287,0.794612,OverRange,OverRange,OverRange,12.923986,15.789378,-3.333021
2026/06/10 18:06:00.272,n,-3.007119,3.588182,4.514243,0.972097,OverRange,OverRange,OverRange,12.932042,15.790454,-3.37389
2026/06/10 18:07:00.275,n,-2.878304,4.008943,5.016474,0.768799,OverRange,OverRange,OverRange,12.932038,15.797968,-3.315445
2026/06/10 18:08:00.277,n,-2.968885,4.331148,4.892308,0.88186,OverRange,OverRange,OverRange,12.927012,15.78827,-3.405204
2026/06/10 18:09:00.279,n,-2.986591,4.035145,4.877531,0.839998,OverRange,OverRange,OverRange,12.934062,15.79474,-3.387627
2026/06/10 18:10:00.265,n,-3.036243,5.355347,5.396429,0.836042,OverRange,OverRange,OverRange,12.928772,15.79153,-3.436176
2026/06/10 18:11:00.267,n,-2.939761,5.688645,5.196477,0.87014,OverRange,OverRange,OverRange,12.913158,15.786134,-3.426534
2026/06/10 18:12:00.269,n,-3.083073,4.184986,4.574887,0.903236,OverRange,OverRange,OverRange,12.914918,15.78721,-3.426449
2026/06/10 18:13:00.271,n,-3.062801,4.025347,4.918319,0.888062,OverRange,OverRange,OverRange,12.93456,15.78827,-3.397183
2026/06/10 18:14:00.272,n,-3.097827,5.785549,4.947578,0.928638,OverRange,OverRange,OverRange,12.927506,15.792572,-3.463649
2026/06/10 18:15:00.275,n,-3.009941,4.407154,4.461416,0.532254,OverRange,OverRange,OverRange,12.91188,15.78721,-3.465526
2026/06/10 18:16:00.276,n,-3.030726,4.316835,4.359122,0.680216,OverRange,OverRange,OverRange,12.916424,15.785058,-3.432421
2026/06/10 18:17:00.278,n,-3.115404,5.522598,4.581214,0.692522,OverRange,OverRange,OverRange,12.918182,15.781832,-3.358362
2026/06/10 18:18:00.281,n,-3.074477,5.96681,5.034251,0.895085,OverRange,OverRange,OverRange,12.925492,15.774336,-3.451704
2026/06/10 18:19:00.266,n,-3.095005,6.191479,4.778492,1.011681,OverRange,OverRange,OverRange,12.912644,15.767898,-3.549312
2026/06/10 18:20:00.269,n,-3.130159,5.592354,4.792093,0.825471,OverRange,OverRange,OverRange,12.90735,15.76467,-3.535661
2026/06/10 18:21:00.273,n,-3.094877,4.003699,4.827267,0.813005,OverRange,OverRange,OverRange,12.911636,15.768956,-3.488904
2026/06/10 18:22:00.274,n,-3.086152,4.078978,4.775162,0.913015,OverRange,OverRange,OverRange,12.915924,15.759276,-3.475253
2026/06/10 18:23:00.279,n,-3.103729,5.423558,5.187384,0.8373,OverRange,OverRange,OverRange,12.926266,15.747444,-3.457762
2026/06/10 18:24:00.279,n,-3.080378,4.19639,4.777079,0.880147,OverRange,OverRange,OverRange,12.926504,15.745326,-3.5023
2026/06/10 18:25:00.280,n,-3.136061,3.759333,4.59832,0.760721,OverRange,OverRange,OverRange,12.920202,15.75882,-3.481055
2026/06/10 18:26:00.281,n,-2.897678,6.113011,4.752531,0.919965,OverRange,OverRange,OverRange,12.954682,15.744838,-3.312885
2026/06/10 18:27:00.283,n,-2.871633,5.4532,4.847723,0.781422,OverRange,OverRange,OverRange,12.954428,15.74161,-3.35384
2026/06/10 18:28:00.268,n,-2.77823,5.503557,5.27227,0.696363,OverRange,OverRange,OverRange,12.958202,15.744838,-3.336348
2026/06/10 18:29:00.270,n,-2.736789,6.135,5.070234,1.014433,OverRange,OverRange,OverRange,12.959218,15.73628,-3.324745
2026/06/10 18:30:00.273,n,-2.763347,5.583155,4.873413,0.739894,OverRange,OverRange,OverRange,12.973324,15.733036,-3.326537
2026/06/10 18:31:00.274,n,-2.830448,4.123697,4.730549,1.033699,OverRange,OverRange,OverRange,12.97231,15.72334,-3.330291
2026/06/10 18:32:00.275,n,-2.86278,4.284746,4.727063,0.754699,OverRange,OverRange,OverRange,12.974834,15.721236,-3.344198
2026/06/10 18:33:00.279,n,-2.976711,4.273184,4.253188,0.376598,OverRange,OverRange,OverRange,12.96553,15.715828,-3.289507
2026/06/10 18:34:00.281,n,-2.924364,5.345495,5.24628,0.478926,OverRange,OverRange,OverRange,12.98289,15.709372,-3.328414
2026/06/10 18:35:00.285,n,-2.921414,5.725812,5.056824,0.86682,OverRange,OverRange,OverRange,12.974336,15.70722,-3.285667
2026/06/10 18:36:00.268,n,-2.845203,4.184568,5.250538,0.52293,OverRange,OverRange,OverRange,12.978348,15.701892,-3.289507
2026/06/10 18:37:00.272,n,-2.900629,5.345801,5.462959,0.411908,OverRange,OverRange,OverRange,12.9912,15.703996,-3.291555
2026/06/10 18:38:00.272,n,-2.807097,4.263479,4.273664,0.393426,OverRange,OverRange,OverRange,12.968786,15.6957,-3.279695
2026/06/10 18:39:00.274,n,-2.824803,5.422771,5.110398,0.715797,OverRange,OverRange,OverRange,12.970062,15.690354,-3.188144
2026/06/10 18:40:00.279,n,-2.736789,5.287454,5.240876,0.599066,OverRange,OverRange,OverRange,12.970038,15.69143,-3.248638
2026/06/10 18:41:00.261,n,-2.651982,3.633134,5.288967,1.107227,OverRange,OverRange,OverRange,12.976588,15.6957,-3.24659
2026/06/10 18:42:00.280,n,-2.742947,4.196102,4.667947,0.761075,OverRange,OverRange,OverRange,12.97609,15.69143,-3.2506
2026/06/10 18:43:00.265,n,-2.7518,3.972614,4.903375,0.948809,OverRange,OverRange,OverRange,12.985672,15.692506,-3.172786
2026/06/10 18:44:00.269,n,-2.74577,6.195153,4.987273,0.991449,OverRange,OverRange,OverRange,12.982152,15.697834,-3.242835
2026/06/10 18:45:00.269,n,-2.804275,5.975635,4.658962,0.957046,OverRange,OverRange,OverRange,12.98642,15.703996,-3.272101
2026/06/10 18:46:00.270,n,-2.754366,3.832339,4.489254,1.030636,OverRange,OverRange,OverRange,12.98312,15.706146,-3.271931
2026/06/10 18:47:00.255,n,-2.821724,3.535139,4.815128,0.993185,OverRange,OverRange,OverRange,12.983648,15.710464,-3.250771
2026/06/10 18:48:00.257,n,-2.789777,4.398062,4.856038,0.632916,OverRange,OverRange,OverRange,12.980378,15.71154,-3.285582
2026/06/10 18:49:00.263,n,-2.766298,5.613373,5.557281,0.392527,OverRange,OverRange,OverRange,12.993734,15.716936,-3.234986
2026/06/10 18:50:00.262,n,-2.622857,4.190173,5.54493,0.69814,OverRange,OverRange,OverRange,12.991704,15.716936,-3.309131
2026/06/10 18:51:00.267,n,-2.824803,5.346812,5.333319,0.611662,OverRange,OverRange,OverRange,12.988434,15.720162,-3.237119
2026/06/10 18:52:00.315,n,-2.82198,5.3439,4.616535,0.702505,OverRange,OverRange,OverRange,12.996246,15.72334,-3.258449
2026/06/10 18:53:00.317,n,-2.836606,5.382415,4.609836,0.744388,OverRange,OverRange,OverRange,13.004054,15.722266,-3.272016
2026/06/10 18:54:00.321,n,-2.731015,5.588928,5.533191,0.120208,OverRange,OverRange,OverRange,12.996246,15.716936,-3.357679
2026/06/10 18:55:00.305,n,-2.801453,4.193526,5.102749,0.996729,OverRange,OverRange,OverRange,12.988684,15.716936,-3.38703
2026/06/10 18:56:00.260,n,-2.959262,5.083108,4.667168,0.694555,OverRange,OverRange,OverRange,12.965744,15.712616,-3.334301
2026/06/10 18:57:00.434,n,-2.824803,5.472934,4.775765,0.650929,OverRange,OverRange,OverRange,12.981894,15.717978,-3.273978
2026/06/10 18:58:00.430,n,-2.783747,5.317752,4.919154,0.776837,OverRange,OverRange,OverRange,12.987926,15.71154,-3.303244
2026/06/10 18:59:00.405,n,-2.707664,4.466598,4.728888,0.88228,OverRange,OverRange,OverRange,12.977128,15.714768,-3.30896
2026/06/10 19:00:00.388,n,-2.801324,4.680388,4.796154,0.850957,OverRange,OverRange,OverRange,12.978608,15.709372,-3.291555
2026/06/10 19:01:00.391,n,-2.760396,4.339703,5.086041,1.022768,OverRange,OverRange,OverRange,12.982392,15.701892,-3.303158
2026/06/10 19:02:00.270,n,-2.754366,4.073099,5.105269,0.715559,OverRange,OverRange,OverRange,12.981126,15.703996,-3.314762
2026/06/10 19:03:00.272,n,-2.801452,4.21792,4.981044,0.928916,OverRange,OverRange,OverRange,12.982148,15.69891,-3.365614
2026/06/10 19:04:00.258,n,-2.868554,5.422215,5.004983,0.843812,OverRange,OverRange,OverRange,12.982392,15.693548,-3.32082
2026/06/10 19:05:00.260,n,-2.812743,4.274921,4.474148,0.442082,OverRange,OverRange,OverRange,12.97433,15.690354,-3.377218
2026/06/10 19:06:00.263,n,-2.897806,4.136112,4.220955,0.358863,OverRange,OverRange,OverRange,12.965256,15.687142,-3.38302
2026/06/10 19:07:00.263,n,-2.927059,4.723962,4.632828,0.774112,OverRange,OverRange,OverRange,12.975348,15.687142,-3.382934
2026/06/10 19:08:00.265,n,-2.733966,4.071063,5.189537,0.973011,OverRange,OverRange,OverRange,12.985168,15.677512,-3.377133
2026/06/10 19:09:00.268,n,-2.815822,4.459932,4.906793,0.717169,OverRange,OverRange,OverRange,12.983394,15.676468,-3.346075
2026/06/10 19:10:00.271,n,-2.900629,4.447372,4.397998,0.639554,OverRange,OverRange,OverRange,12.992722,15.676468,-3.289507
2026/06/10 19:11:00.271,n,-2.801452,4.133746,5.078029,0.776916,OverRange,OverRange,OverRange,12.996242,15.677512,-3.381058
2026/06/10 19:12:00.273,n,-2.784003,4.191011,5.00672,0.863668,OverRange,OverRange,OverRange,12.988194,15.669022,-3.351963
2026/06/10 19:13:00.259,n,-2.810177,5.916955,5.082466,1.023526,OverRange,OverRange,OverRange,12.992468,15.664734,-3.351877
2026/06/10 19:14:00.261,n,-2.757573,5.925589,4.85345,1.178489,OverRange,OverRange,OverRange,12.98793,15.665794,-3.25461
2026/06/10 19:15:00.264,n,-2.690215,3.743398,5.036207,0.856618,OverRange,OverRange,OverRange,12.991964,15.661508,-3.190362
2026/06/10 19:16:00.264,n,-2.757573,4.135437,5.020085,0.985041,OverRange,OverRange,OverRange,12.99675,15.662584,-3.299404
2026/06/10 19:17:00.268,n,-2.643257,6.218357,5.264985,1.142503,OverRange,OverRange,OverRange,13.001532,15.666868,-3.264252
2026/06/10 19:18:00.268,n,-2.748849,5.33963,5.30632,0.774053,OverRange,OverRange,OverRange,13.004574,15.662584,-3.274063
2026/06/10 19:19:00.270,n,-2.713566,5.846053,5.322024,0.522767,OverRange,OverRange,OverRange,12.998002,15.670064,-3.258279
2026/06/10 19:20:00.273,n,-2.745641,3.81307,4.47984,0.976328,OverRange,OverRange,OverRange,12.983648,15.672216,-3.272016
2026/06/10 19:21:00.275,n,-2.965036,5.430125,4.714681,0.791168,OverRange,OverRange,OverRange,13.003052,15.678618,-3.348038
2026/06/10 19:22:00.260,n,-2.701891,6.046579,5.131464,0.93614,OverRange,OverRange,OverRange,13.008592,15.682874,-3.357765
2026/06/10 19:23:00.261,n,-2.83635,5.312916,5.107228,0.734982,OverRange,OverRange,OverRange,13.004308,15.686068,-3.32867
2026/06/10 19:24:00.263,n,-2.812999,3.774603,4.72712,0.874759,OverRange,OverRange,OverRange,12.999508,15.69143,-3.396757
2026/06/10 19:25:00.265,n,-2.906659,4.717364,5.145584,0.708207,OverRange,OverRange,OverRange,13.010362,15.697834,-3.340188
2026/06/10 19:26:00.267,n,-2.792728,4.097752,4.639292,0.692648,OverRange,OverRange,OverRange,13.001042,15.702952,-3.309046
2026/06/10 19:27:00.271,n,-2.906659,5.713857,4.943429,0.813495,OverRange,OverRange,OverRange,13.013876,15.69676,-3.35785
2026/06/10 19:28:00.271,n,-2.824803,5.776181,5.223877,0.909487,OverRange,OverRange,OverRange,12.98969,15.702952,-3.328669
2026/06/10 19:29:00.274,n,-2.725113,5.449529,5.451349,0.641587,OverRange,OverRange,OverRange,12.988948,15.69676,-3.29548
2026/06/10 19:30:00.274,n,-2.845331,3.823256,4.662823,0.94162,OverRange,OverRange,OverRange,12.972824,15.6957,-3.330547
2026/06/10 19:31:00.261,n,-2.856878,3.463304,4.499841,1.002411,OverRange,OverRange,OverRange,12.98793,15.701028,-3.318858
2026/06/10 19:32:00.264,n,-2.900757,3.83879,4.545851,0.86766,OverRange,OverRange,OverRange,12.985168,15.69676,-3.369454
2026/06/10 19:33:00.264,n,-2.801324,5.564958,5.238966,1.003246,OverRange,OverRange,OverRange,12.998764,15.700816,-3.289678
2026/06/10 19:34:00.267,n,-2.941814,5.679228,5.150104,0.817508,OverRange,OverRange,OverRange,12.988958,15.693548,-3.328584
2026/06/10 19:35:00.269,n,-2.827754,5.004903,4.90886,0.585716,OverRange,OverRange,OverRange,12.979366,15.686068,-3.28362
2026/06/10 19:36:00.271,n,-2.868554,5.508848,5.172459,0.900516,OverRange,OverRange,OverRange,12.97281,15.6957,-3.346161
2026/06/10 19:37:00.275,n,-2.810048,4.187533,4.738969,0.936166,OverRange,OverRange,OverRange,12.973324,15.690354,-3.21357
2026/06/10 19:38:00.277,n,-2.924236,5.009032,4.402401,0.591146,OverRange,OverRange,OverRange,12.966778,15.68395,-3.221335
2026/06/10 19:39:00.276,n,-2.877278,5.669053,4.651777,1.000723,OverRange,OverRange,OverRange,12.976608,15.68183,-3.237119
2026/06/10 19:40:00.262,n,-2.78952,6.24721,4.883791,0.998438,OverRange,OverRange,OverRange,12.974336,15.680738,-3.256573
2026/06/10 19:41:00.265,n,-2.7926,4.397531,4.498256,0.326883,OverRange,OverRange,OverRange,12.980892,15.673258,-3.279865
2026/06/10 19:42:00.265,n,-2.871633,3.942988,4.736524,0.909007,OverRange,OverRange,OverRange,12.984158,15.680738,-3.24676
2026/06/10 19:43:00.269,n,-2.810048,6.067913,5.028139,1.003605,OverRange,OverRange,OverRange,12.990444,15.675392,-3.231232
2026/06/10 19:44:00.270,n,-2.865474,4.522222,4.797143,0.894702,OverRange,OverRange,OverRange,12.984422,15.662584,-3.289507
2026/06/10 19:45:00.274,n,-2.880101,5.607228,4.579237,1.063658,OverRange,OverRange,OverRange,12.972046,15.673258,-3.204014
2026/06/10 19:46:00.274,n,-2.763475,4.389211,4.70661,0.556867,OverRange,OverRange,OverRange,12.98341,15.666868,-3.18055
2026/06/10 19:47:00.275,n,-2.821852,4.549418,4.905367,0.709612,OverRange,OverRange,OverRange,12.98464,15.662584,-3.22159
2026/06/10 19:48:00.284,n,-2.856878,5.913285,4.920172,0.894183,OverRange,OverRange,OverRange,13.000794,15.658348,-3.283705
2026/06/10 19:49:00.265,n,-2.818901,4.042361,4.794245,0.812682,OverRange,OverRange,OverRange,12.995732,15.658348,-3.250515
2026/06/10 19:50:00.264,n,-2.757317,4.509508,5.02472,0.783771,OverRange,OverRange,OverRange,12.998032,15.658348,-3.272101
2026/06/10 19:51:00.269,n,-2.704713,4.295118,4.751274,0.701176,OverRange,OverRange,OverRange,12.992986,15.65621,-3.242921
2026/06/10 19:52:00.270,n,-2.795294,4.207458,4.762153,0.600006,OverRange,OverRange,OverRange,12.991974,15.65191,-3.276026
2026/06/10 19:53:00.271,n,-2.649031,4.242345,4.487301,0.57666,OverRange,OverRange,OverRange,13.001034,15.650834,-3.229099
2026/06/10 19:54:00.273,n,-2.734094,4.701331,4.92364,0.82541,OverRange,OverRange,OverRange,12.997258,15.65191,-3.27978
2026/06/10 19:55:00.276,n,-2.777845,3.681644,4.48178,0.827641,OverRange,OverRange,OverRange,12.996756,15.65939,-3.305121
2026/06/10 19:56:00.276,n,-2.63171,4.113249,4.687836,0.731072,OverRange,OverRange,OverRange,13.009354,15.662584,-3.260327
2026/06/10 19:57:00.279,n,-2.801324,4.652361,5.225083,0.669773,OverRange,OverRange,OverRange,13.011354,15.665794,-3.281743
2026/06/10 19:58:00.266,n,-2.675589,4.345082,4.968982,1.116305,OverRange,OverRange,OverRange,13.005316,15.673258,-3.233109
2026/06/10 19:59:00.267,n,-2.748592,4.389543,4.742581,0.843191,OverRange,OverRange,OverRange,13.006084,15.680738,-3.260241
2026/06/10 20:00:00.267,n,-2.725241,4.384799,4.808388,0.68736,OverRange,OverRange,OverRange,13.0174,15.686068,-3.258279
2026/06/10 20:01:00.270,n,-2.813127,4.677122,4.544123,0.545342,OverRange,OverRange,OverRange,13.018916,15.69143,-3.252648
2026/06/10 20:02:00.272,n,-2.757573,4.337311,4.421572,0.732328,OverRange,OverRange,OverRange,13.017422,15.694656,-3.260497
2026/06/10 20:03:00.274,n,-2.786569,4.061827,4.855287,0.896201,OverRange,OverRange,OverRange,13.013876,15.697834,-3.287459
2026/06/10 20:04:00.278,n,-2.774894,5.557197,5.093895,1.083873,OverRange,OverRange,OverRange,13.02245,15.697834,-3.29949
2026/06/10 20:05:00.278,n,-2.769248,4.103462,4.884006,0.796141,OverRange,OverRange,OverRange,13.019928,15.702104,-3.307168
2026/06/10 20:06:00.279,n,-2.81595,6.060482,5.023388,0.7999,OverRange,OverRange,OverRange,13.018428,15.694656,-3.309131
2026/06/10 20:07:00.264,n,-2.79555,3.616551,4.640936,0.963983,OverRange,OverRange,OverRange,13.012136,15.694656,-3.303073
2026/06/10 20:08:00.267,n,-2.784003,5.530251,4.972566,0.72614,OverRange,OverRange,OverRange,13.021958,15.692506,-3.289507
2026/06/10 20:09:00.269,n,-2.78952,5.599258,4.853961,0.824781,OverRange,OverRange,OverRange,13.0285,15.694656,-3.330632
2026/06/10 20:10:00.271,n,-2.748592,3.881687,4.649512,0.818782,OverRange,OverRange,OverRange,13.033026,15.69891,-3.28763
2026/06/10 20:11:00.273,n,-2.760267,4.144393,4.81951,0.807005,OverRange,OverRange,OverRange,13.041348,15.69143,-3.270053
2026/06/10 20:12:00.274,n,-2.728192,5.604149,5.27795,0.679838,OverRange,OverRange,OverRange,13.057454,15.69143,-3.299234
2026/06/10 20:13:00.276,n,-2.72537,5.679913,4.992845,1.216222,OverRange,OverRange,OverRange,13.050152,15.692506,-3.252562
2026/06/10 20:14:00.278,n,-2.7518,3.996429,4.904384,0.894646,OverRange,OverRange,OverRange,13.044108,15.688218,-3.269883
2026/06/10 20:15:00.280,n,-2.742819,4.213683,4.767679,0.656947,OverRange,OverRange,OverRange,13.049908,15.68183,-3.295394
2026/06/10 20:16:00.267,n,-2.795294,4.232324,4.861544,0.837118,OverRange,OverRange,OverRange,13.0509,15.68183,-3.303244
2026/06/10 20:17:00.268,n,-2.777588,4.146927,4.808316,0.851269,OverRange,OverRange,OverRange,13.063248,15.686068,-3.338396
2026/06/10 20:18:00.269,n,-2.810305,5.41704,5.179217,1.052414,OverRange,OverRange,OverRange,13.067282,15.676468,-3.338311
2026/06/10 20:19:00.272,n,-2.79555,5.529811,4.655319,0.752742,OverRange,OverRange,OverRange,13.069378,15.673258,-3.297527
2026/06/10 20:20:00.274,n,-2.78952,5.754763,4.99622,0.762952,OverRange,OverRange,OverRange,13.067532,15.674318,-3.299319
2026/06/10 20:21:00.276,n,-2.789905,4.411331,4.505625,0.552437,OverRange,OverRange,OverRange,13.05946,15.670064,-3.295565
2026/06/10 20:22:00.277,n,-2.716517,4.232827,5.057396,0.973702,OverRange,OverRange,OverRange,13.065338,15.669022,-3.287629
2026/06/10 20:23:00.281,n,-2.651981,4.521294,5.067182,0.820794,OverRange,OverRange,OverRange,13.058976,15.662584,-3.313056
2026/06/10 20:24:00.281,n,-2.810177,4.169779,5.040344,0.753076,OverRange,OverRange,OverRange,13.05418,15.666868,-3.371331
2026/06/10 20:25:00.267,n,-2.976583,3.971591,4.343324,0.591665,OverRange,OverRange,OverRange,13.044618,15.663658,-3.322612
2026/06/10 20:26:00.269,n,-2.739739,4.39783,4.497298,0.150149,OverRange,OverRange,OverRange,13.037832,15.660432,-3.32065
2026/06/10 20:27:00.271,n,-2.836735,4.453258,4.65409,0.736209,OverRange,OverRange,OverRange,13.020172,15.658348,-3.248723
2026/06/10 20:28:00.274,n,-2.848025,4.436313,4.821682,0.64318,OverRange,OverRange,OverRange,13.012854,15.661508,-3.29548
2026/06/10 20:29:00.278,n,-2.795422,3.701481,4.258652,0.282681,OverRange,OverRange,OverRange,13.01891,15.65621,-3.299319
2026/06/10 20:30:00.276,n,-2.810048,3.843442,4.305189,0.631246,OverRange,OverRange,OverRange,13.024714,15.663658,-3.176796
2026/06/10 20:31:00.328,n,-2.798373,5.374681,5.30369,0.535011,OverRange,OverRange,OverRange,13.032262,15.661508,-3.260241
2026/06/10 20:32:00.469,n,-2.704713,4.928036,4.913349,0.877617,OverRange,OverRange,OverRange,13.025468,15.665794,-3.215532
2026/06/10 20:33:00.287,n,-2.78952,5.593002,5.005244,0.753412,OverRange,OverRange,OverRange,13.01917,15.671138,-3.281828
2026/06/10 20:34:00.460,n,-2.783618,5.724054,5.022915,0.589883,OverRange,OverRange,OverRange,13.012376,15.675392,-3.264166
2026/06/10 20:35:00.441,n,-2.780667,5.971698,5.320134,0.682993,OverRange,OverRange,OverRange,13.010102,15.679696,-3.28763
2026/06/10 20:36:00.272,n,-2.772328,5.470468,4.869587,0.994797,OverRange,OverRange,OverRange,13.02269,15.68395,-3.240958
2026/06/10 20:37:00.276,n,-2.72537,4.124098,4.769891,0.83992,OverRange,OverRange,OverRange,13.04033,15.693548,-3.21758
2026/06/10 20:38:00.277,n,-2.631838,4.294584,4.366213,0.048207,OverRange,OverRange,OverRange,13.05016,15.693548,-3.194117
2026/06/10 20:39:00.474,n,-2.772071,5.994667,5.144547,0.70098,OverRange,OverRange,OverRange,13.061982,15.69676,-3.122105
2026/06/10 20:40:00.473,n,-2.658012,4.300098,4.744895,0.840005,OverRange,OverRange,OverRange,13.046626,15.699954,-3.190362
2026/06/10 20:41:00.284,n,-2.801452,5.47698,5.019271,0.63997,OverRange,OverRange,OverRange,13.050406,15.694656,-3.188485
2026/06/10 20:42:00.283,n,-2.555371,4.505769,5.264638,0.733215,OverRange,OverRange,OverRange,13.040334,15.701892,-3.266299
2026/06/10 20:43:00.268,n,-2.798373,5.554297,4.641659,0.813847,OverRange,OverRange,OverRange,13.046124,15.69891,-3.202052
2026/06/10 20:44:00.273,n,-2.72229,5.427585,5.053198,0.621862,OverRange,OverRange,OverRange,13.039308,15.697834,-3.273893
2026/06/10 20:45:00.272,n,-2.663657,4.103395,4.820638,0.903888,OverRange,OverRange,OverRange,13.041352,15.69891,-3.299234
2026/06/10 20:46:00.277,n,-2.701891,3.797676,4.627638,1.118449,OverRange,OverRange,OverRange,13.060746,15.69676,-3.266214
2026/06/10 20:47:00.279,n,-2.824675,5.326122,4.731656,0.691157,OverRange,OverRange,OverRange,13.063258,15.693548,-3.240788
2026/06/10 20:48:00.279,n,-2.649159,4.473621,4.924204,0.821283,OverRange,OverRange,OverRange,13.064514,15.69891,-3.301281
2026/06/10 20:49:00.280,n,-2.777973,5.613047,4.675643,1.070244,OverRange,OverRange,OverRange,13.06098,15.694656,-3.21758
2026/06/10 20:50:00.283,n,-2.821724,4.259171,4.629761,0.512854,OverRange,OverRange,OverRange,13.0504,15.686068,-3.24676
2026/06/10 20:51:00.284,n,-2.871504,4.389743,4.241183,0.684479,OverRange,OverRange,OverRange,13.051164,15.686068,-3.184475
2026/06/10 20:52:00.270,n,-2.880229,5.439175,5.292889,0.593843,OverRange,OverRange,OverRange,13.051662,15.678618,-3.163145
2026/06/10 20:53:00.273,n,-2.783747,4.329266,4.766202,0.651166,OverRange,OverRange,OverRange,13.029496,15.677512,-3.285667
2026/06/10 20:54:00.274,n,-2.906531,5.531947,4.605666,0.602009,OverRange,OverRange,OverRange,13.033534,15.673258,-3.223468
2026/06/10 20:55:00.276,n,-2.965164,4.01346,4.697324,0.656013,OverRange,OverRange,OverRange,13.036302,15.673258,-3.291555
2026/06/10 20:56:00.263,n,-2.912817,4.213247,4.947944,0.858295,OverRange,OverRange,OverRange,13.02448,15.665794,-3.262289
2026/06/10 20:57:00.263,n,-3.023541,3.585096,4.58459,1.012517,OverRange,OverRange,OverRange,13.027996,15.663658,-3.2506
2026/06/10 20:58:00.264,n,-2.880486,4.14912,4.882236,0.760058,OverRange,OverRange,OverRange,13.02093,15.660432,-3.287801
2026/06/10 20:59:00.269,n,-2.857135,4.768276,5.057525,0.668546,OverRange,OverRange,OverRange,13.021694,15.660432,-3.276026
2026/06/10 21:00:00.269,n,-2.777973,4.919983,4.96695,0.552709,OverRange,OverRange,OverRange,13.016896,15.65621,-3.25862
2026/06/10 21:01:00.271,n,-2.944636,5.641402,4.406278,0.708045,OverRange,OverRange,OverRange,13.010854,15.649774,-3.200004
2026/06/10 21:02:00.272,n,-2.731143,4.391832,4.863949,0.791956,OverRange,OverRange,OverRange,13.006816,15.649774,-3.289592
2026/06/10 21:03:00.258,n,-2.760524,4.004882,4.884568,0.801941,OverRange,OverRange,OverRange,13.011872,15.64443,-3.186523
2026/06/10 21:04:00.259,n,-2.789392,4.265048,4.975587,0.594705,OverRange,OverRange,OverRange,12.99727,15.640176,-3.235071
2026/06/10 21:05:00.264,n,-2.79555,5.280226,4.891469,0.558657,OverRange,OverRange,OverRange,13.004822,15.645536,-3.223382
2026/06/10 21:06:00.266,n,-2.836478,5.375448,5.092013,0.774345,OverRange,OverRange,OverRange,13.00356,15.640176,-3.172871
2026/06/10 21:07:00.266,n,-2.853927,4.695717,4.678619,0.577015,OverRange,OverRange,OverRange,12.992214,15.64658,-3.194202
2026/06/10 21:08:00.269,n,-2.856878,5.516773,4.541087,0.509672,OverRange,OverRange,OverRange,12.977112,15.645536,-3.120228
2026/06/10 21:09:00.270,n,-2.932833,5.580959,4.818159,1.117802,OverRange,OverRange,OverRange,12.983654,15.65191,-3.1884
2026/06/10 21:10:00.272,n,-2.830577,5.672518,4.939185,1.08615,OverRange,OverRange,OverRange,12.998526,15.657254,-3.16306
2026/06/10 21:11:00.258,n,-2.839558,3.95016,4.310717,0.650432,OverRange,OverRange,OverRange,13.001542,15.658348,-3.180636
2026/06/10 21:12:00.261,n,-2.798245,5.37465,5.083601,0.706055,OverRange,OverRange,OverRange,13.006308,15.667946,-3.147446
2026/06/10 21:13:00.262,n,-2.909482,5.345188,5.380121,0.045387,OverRange,OverRange,OverRange,12.987188,15.670064,-3.406398
2026/06/10 21:14:00.263,n,-2.854056,4.354167,4.609648,0.798485,OverRange,OverRange,OverRange,12.989456,15.667946,-3.431739
2026/06/10 21:15:00.265,n,-2.988643,3.985302,4.817237,0.671184,OverRange,OverRange,OverRange,12.99373,15.671138,-3.43754
2026/06/10 21:16:00.268,n,-2.903964,5.431816,5.296051,0.873981,OverRange,OverRange,OverRange,12.992732,15.673258,-3.480372
2026/06/10 21:17:00.269,n,-2.821724,5.489586,5.361103,0.918589,OverRange,OverRange,OverRange,12.993978,15.670064,-3.48626
2026/06/10 21:18:00.272,n,-2.854056,5.509942,5.361875,0.753262,OverRange,OverRange,OverRange,12.988928,15.673258,-3.470645
2026/06/10 21:19:00.257,n,-2.894983,5.392835,5.621491,0.303383,OverRange,OverRange,OverRange,12.985922,15.669022,-3.478581
2026/06/10 21:20:00.259,n,-2.971066,5.542436,5.076571,0.766396,OverRange,OverRange,OverRange,12.96728,15.670064,-3.453155
2026/06/10 21:21:00.261,n,-3.02059,5.290564,4.648124,0.827592,OverRange,OverRange,OverRange,12.971808,15.665794,-3.425852
2026/06/10 21:22:00.262,n,-2.850976,6.147183,5.381256,0.671373,OverRange,OverRange,OverRange,12.972056,15.663658,-3.423974
2026/06/10 21:23:00.264,n,-2.912561,4.439724,5.298268,0.77182,OverRange,OverRange,OverRange,12.969804,15.655136,-3.548545
2026/06/10 21:24:00.267,n,-3.017768,4.050739,4.593698,0.512983,OverRange,OverRange,OverRange,12.975342,15.65406,-3.404436
2026/06/10 21:25:00.268,n,-3.014817,4.098226,4.545063,0.579772,OverRange,OverRange,OverRange,12.967774,15.657254,-3.5116
2026/06/10 21:26:00.269,n,-2.994289,4.216509,4.639004,0.506983,OverRange,OverRange,OverRange,12.961746,15.65406,-3.53293
2026/06/10 21:27:00.271,n,-3.05305,3.808485,4.26432,0.400624,OverRange,OverRange,OverRange,12.954432,15.645536,-3.470645
2026/06/10 21:28:00.256,n,-2.947715,5.886189,5.174947,0.736504,OverRange,OverRange,OverRange,12.975322,15.64658,-3.468768
2026/06/10 21:29:00.260,n,-2.982741,4.482053,5.199157,0.35895,OverRange,OverRange,OverRange,12.960486,15.642324,-3.47457
2026/06/10 21:30:00.260,n,-2.889082,4.724575,4.780212,0.542721,OverRange,OverRange,OverRange,12.978622,15.63377,-3.443343
2026/06/10 21:31:00.262,n,-2.959262,5.834856,5.312839,0.997519,OverRange,OverRange,OverRange,12.971554,15.634812,-3.468854
2026/06/10 21:32:00.268,n,-2.845203,4.357027,4.284459,0.196189,OverRange,OverRange,OverRange,12.967022,15.631652,-3.388907
2026/06/10 21:33:00.268,n,-2.836607,5.596568,5.291649,0.849056,OverRange,OverRange,OverRange,12.967276,15.628426,-3.373293
2026/06/10 21:34:00.270,n,-2.865731,4.48544,4.959879,0.67198,OverRange,OverRange,OverRange,12.965764,15.61884,-3.422012
2026/06/10 21:35:00.271,n,-2.883308,5.711798,4.971812,0.704157,OverRange,OverRange,OverRange,12.972322,15.623062,-3.388822
2026/06/10 21:36:00.273,n,-2.897935,5.54168,5.739596,0.362655,OverRange,OverRange,OverRange,12.972036,15.61454,-3.461004
2026/06/10 21:37:00.258,n,-2.918463,4.437858,4.506232,0.467944,OverRange,OverRange,OverRange,12.96753,15.615616,-3.381057
2026/06/10 21:38:00.260,n,-3.017896,4.266818,4.988423,0.735809,OverRange,OverRange,OverRange,12.968282,15.608104,-3.359641
2026/06/10 21:39:00.262,n,-2.83635,5.460994,5.332079,0.840084,OverRange,OverRange,OverRange,12.957458,15.603848,-3.275855
2026/06/10 21:40:00.267,n,-2.772071,4.995404,4.895175,0.658708,OverRange,OverRange,OverRange,12.932506,15.602774,-3.303244
2026/06/10 21:41:00.267,n,-2.924236,4.076186,4.662144,0.864253,OverRange,OverRange,OverRange,12.92975,15.599546,-3.343943
2026/06/10 21:42:00.268,n,-2.792728,4.102144,5.274269,0.857968,OverRange,OverRange,OverRange,12.933274,15.599546,-3.340359
2026/06/10 21:43:00.272,n,-2.886387,4.14284,4.671536,0.786023,OverRange,OverRange,OverRange,12.926214,15.601698,-3.377218
2026/06/10 21:44:00.272,n,-2.800939,4.378656,4.362299,0.380566,OverRange,OverRange,OverRange,12.917924,15.601698,-3.35
2026/06/10 21:45:00.275,n,-2.83635,6.010886,5.516495,0.255386,OverRange,OverRange,OverRange,12.939062,15.608104,-3.406483
2026/06/10 21:46:00.260,n,-2.695989,4.371043,5.691723,0.705956,OverRange,OverRange,OverRange,12.929002,15.611296,-3.418087
2026/06/10 21:47:00.263,n,-2.900885,5.356256,5.362985,0.121031,OverRange,OverRange,OverRange,12.936554,15.612404,-3.390784
2026/06/10 21:48:00.263,n,-2.883308,5.39608,4.580453,0.99692,OverRange,OverRange,OverRange,12.927476,15.61669,-3.346075
2026/06/10 21:49:00.265,n,-2.780924,4.403459,5.035563,0.922046,OverRange,OverRange,OverRange,12.934536,15.617766,-3.35384
2026/06/10 21:50:00.268,n,-2.950666,4.275766,4.26584,0.675982,OverRange,OverRange,OverRange,12.93101,15.625214,-3.312885
2026/06/10 21:51:00.270,n,-2.739868,5.570537,5.195826,0.895975,OverRange,OverRange,OverRange,12.929006,15.625214,-3.431739
2026/06/10 21:52:00.272,n,-2.675332,4.46122,4.624481,0.757051,OverRange,OverRange,OverRange,12.91715,15.621988,-3.42022
2026/06/10 21:53:00.273,n,-2.880486,5.61362,5.120749,0.408636,OverRange,OverRange,OverRange,12.921936,15.621988,-3.396586
2026/06/10 21:54:00.276,n,-2.871633,5.433127,4.745727,0.908408,OverRange,OverRange,OverRange,12.923198,15.628426,-3.416125
2026/06/10 21:55:00.262,n,-2.748592,5.730158,5.47694,0.645842,OverRange,OverRange,OverRange,12.933024,15.621988,-3.562281
2026/06/10 21:56:00.262,n,-2.833142,4.114878,4.589675,0.706032,OverRange,OverRange,OverRange,12.920934,15.619902,-3.449315
2026/06/10 21:57:00.265,n,-2.944636,5.368626,5.186722,0.736081,OverRange,OverRange,OverRange,12.947632,15.625214,-3.40836
2026/06/10 21:58:00.269,n,-2.775022,4.033738,4.605274,0.954048,OverRange,OverRange,OverRange,12.944092,15.624138,-3.414162
2026/06/10 21:59:00.269,n,-2.88318,3.994008,5.044213,0.805883,OverRange,OverRange,OverRange,12.958212,15.61022,-3.456994
2026/06/10 22:00:00.271,n,-2.827626,6.134309,5.103495,0.929518,OverRange,OverRange,OverRange,12.969284,15.611296,-3.396757
2026/06/10 22:01:00.272,n,-2.707664,3.749477,4.399469,0.745569,OverRange,OverRange,OverRange,12.956436,15.611296,-3.404436
2026/06/10 22:02:00.275,n,-2.798373,4.399652,5.115091,0.802875,OverRange,OverRange,OverRange,12.973842,15.608104,-3.35384
2026/06/10 22:03:00.277,n,-2.7518,5.620697,5.133892,0.616049,OverRange,OverRange,OverRange,12.976872,15.605966,-3.334386
2026/06/10 22:04:00.264,n,-2.807226,5.510493,4.881404,0.571958,OverRange,OverRange,OverRange,13.066102,15.598504,-3.252648
2026/06/10 22:05:00.265,n,-2.83635,4.415363,5.281304,0.88057,OverRange,OverRange,OverRange,13.008342,15.597412,-3.312971
2026/06/10 22:06:00.268,n,-3.096801,5.583607,4.734383,0.681915,OverRange,OverRange,OverRange,12.943594,15.589964,-3.338311
2026/06/10 22:07:00.268,n,-3.111555,4.321844,4.978806,0.829202,OverRange,OverRange,OverRange,12.987178,15.585694,-3.371416
2026/06/10 22:08:00.272,n,-3.155435,5.024468,5.299132,0.715495,OverRange,OverRange,OverRange,12.996756,15.580334,-3.334301
2026/06/10 22:09:00.273,n,-3.313501,5.708963,4.540445,0.663431,OverRange,OverRange,OverRange,12.980128,15.573928,-3.359812
2026/06/10 22:10:00.275,n,-3.319403,5.521546,5.227635,0.951415,OverRange,OverRange,OverRange,12.98164,15.56433,-3.414248
2026/06/10 22:11:00.278,n,-3.354557,4.994299,5.463928,0.603652,OverRange,OverRange,OverRange,12.94335,15.555774,-3.439503
2026/06/10 22:12:00.279,n,-3.418836,6.15702,4.988696,1.05587,OverRange,OverRange,OverRange,12.882116,15.540812,-3.44539
2026/06/10 22:13:00.265,n,-3.444882,4.204361,4.467675,0.628715,OverRange,OverRange,OverRange,12.814082,15.530122,-3.48242
2026/06/10 22:14:00.266,n,-3.535591,3.713706,4.288965,0.376065,OverRange,OverRange,OverRange,12.757106,15.522676,-3.457165
2026/06/10 22:15:00.268,n,-3.46541,4.077677,4.405241,0.890362,OverRange,OverRange,OverRange,12.764668,15.505564,-3.443513
2026/06/10 22:16:00.271,n,-3.51224,6.006249,4.65653,1.0662,OverRange,OverRange,OverRange,12.692308,15.49489,-3.42005
2026/06/10 22:17:00.274,n,-3.436157,5.682893,5.528968,0.86474,OverRange,OverRange,OverRange,12.710476,15.480972,-3.472608
2026/06/10 22:18:00.273,n,-3.398308,4.734553,4.812001,0.766408,OverRange,OverRange,OverRange,12.666092,15.470314,-3.468768
2026/06/10 22:19:00.277,n,-3.468745,5.721314,5.796162,0.09388,OverRange,OverRange,OverRange,12.63002,15.45744,-3.453069
2026/06/10 22:20:00.349,n,-3.342626,3.725096,4.753809,1.120352,OverRange,OverRange,OverRange,12.552334,15.449978,-3.388822
2026/06/10 22:21:00.280,n,-3.374958,4.936042,4.771161,1.059398,OverRange,OverRange,OverRange,12.490774,15.444616,-3.449315
2026/06/10 22:22:00.266,n,-3.459508,4.324674,4.691518,0.979584,OverRange,OverRange,OverRange,12.488008,15.432882,-3.495986
2026/06/10 22:23:00.269,n,-3.459636,5.616843,4.407778,0.658963,OverRange,OverRange,OverRange,12.458482,15.426444,-3.460919
2026/06/10 22:24:00.269,n,-3.459636,5.693472,5.705223,0.119687,OverRange,OverRange,OverRange,12.498368,15.421102,-3.521242
2026/06/10 22:25:00.272,n,-3.439236,5.783634,5.830777,0.149707,OverRange,OverRange,OverRange,12.492046,15.411518,-3.523118
2026/06/10 22:26:00.274,n,-3.348527,4.003485,4.239258,0.702795,OverRange,OverRange,OverRange,12.405488,15.396524,-3.490099
2026/06/10 22:27:00.276,n,-3.278218,3.481827,5.322308,1.350426,OverRange,OverRange,OverRange,12.425176,15.388002,-3.396671
2026/06/10 22:28:00.277,n,-3.292845,6.061899,5.225741,1.299316,OverRange,OverRange,OverRange,12.399678,15.371936,-3.340274
2026/06/10 22:29:00.282,n,-3.248966,3.627167,4.753645,1.437975,OverRange,OverRange,OverRange,12.330262,15.36338,-3.373379
2026/06/10 22:30:00.452,n,-3.140808,6.09343,5.145695,1.392478,OverRange,OverRange,OverRange,12.28684,15.35484,-3.293347
2026/06/10 22:31:00.266,n,-3.123488,6.229539,6.240572,0.109987,OverRange,OverRange,OverRange,12.238114,15.336656,-3.427729
2026/06/10 22:32:00.268,n,-3.090771,3.831717,4.008836,0.296878,OverRange,OverRange,OverRange,12.205532,15.31529,-3.305206
2026/06/10 22:33:00.271,n,-3.16711,4.062303,3.962161,0.288188,OverRange,OverRange,OverRange,12.22523,15.303526,-3.326622
2026/06/10 22:34:00.273,n,-3.134778,6.026184,5.975693,0.195281,OverRange,OverRange,OverRange,12.227758,15.285308,-3.299319
2026/06/10 22:35:00.275,n,-3.140552,3.093685,4.996444,1.411104,OverRange,OverRange,OverRange,12.136078,15.266064,-3.423974
2026/06/10 22:36:00.278,n,-3.181608,3.564797,4.1462,1.041966,OverRange,OverRange,OverRange,12.08783,15.280778,-3.42406
2026/06/10 22:37:00.278,n,-2.836735,5.950266,5.096645,1.016777,OverRange,OverRange,OverRange,12.15178,15.257232,-3.20811
2026/06/10 22:38:00.281,n,-2.813512,6.192106,5.256742,1.055951,OverRange,OverRange,OverRange,12.143448,15.247602,-3.264678
2026/06/10 22:39:00.283,n,-2.810562,3.953427,4.300784,1.022733,OverRange,OverRange,OverRange,12.103516,15.232642,-3.299575
2026/06/10 22:40:00.270,n,-2.878048,3.196705,5.442233,1.116854,OverRange,OverRange,OverRange,12.168682,15.22192,-3.262886
2026/06/10 22:41:00.272,n,-2.84841,5.775928,5.233584,1.138923,OverRange,OverRange,OverRange,12.155548,15.20481,-3.294114
2026/06/10 22:42:00.272,n,-2.790033,6.006439,5.408688,0.987314,OverRange,OverRange,OverRange,12.144466,15.19627,-3.282169
2026/06/10 22:43:00.277,n,-2.789905,6.170321,4.760285,1.10579,OverRange,OverRange,OverRange,12.140652,15.185564,-3.23746
2026/06/10 22:44:00.260,n,-2.816463,6.230248,5.008341,1.342673,OverRange,OverRange,OverRange,12.134584,15.165214,-3.245139
2026/06/10 22:45:00.282,n,-2.89524,5.855448,5.139381,1.242374,OverRange,OverRange,OverRange,12.127518,15.153446,-3.284131
2026/06/10 22:46:00.280,n,-2.775407,4.328962,4.934614,1.250315,OverRange,OverRange,OverRange,12.099736,15.141666,-3.295821
2026/06/10 22:47:00.283,n,-2.845588,5.682845,4.758538,1.369676,OverRange,OverRange,OverRange,12.103512,15.123498,-3.241215
2026/06/10 22:48:00.270,n,-2.807482,5.895489,5.25834,1.399095,OverRange,OverRange,OverRange,12.097458,15.105264,-3.264678
2026/06/10 22:49:00.270,n,-2.781052,6.248797,5.378313,1.167211,OverRange,OverRange,OverRange,12.070404,15.099954,-3.260668
2026/06/10 22:50:00.275,n,-2.851361,4.934894,4.514904,0.703646,OverRange,OverRange,OverRange,12.037558,15.0796,-3.251027
2026/06/10 22:51:00.260,n,-2.842508,6.055699,4.311372,0.856232,OverRange,OverRange,OverRange,12.050192,15.063502,-3.204185
2026/06/10 22:52:00.260,n,-2.734223,4.030068,4.567142,1.304888,OverRange,OverRange,OverRange,12.026434,15.052844,-3.250856
2026/06/10 22:53:00.265,n,-2.807354,6.175933,4.940623,1.33986,OverRange,OverRange,OverRange,12.049938,15.047452,-3.21997
2026/06/10 22:54:00.264,n,-2.766683,5.990707,5.599381,1.097316,OverRange,OverRange,OverRange,12.046662,15.033536,-3.305462
2026/06/10 22:55:00.267,n,-2.810562,3.495939,4.473386,1.376143,OverRange,OverRange,OverRange,12.008494,15.021756,-3.346502
2026/06/10 22:56:00.270,n,-2.816335,6.08493,4.983465,1.468611,OverRange,OverRange,OverRange,12.047668,15.012142,-3.266641
2026/06/10 22:57:00.270,n,-2.705226,5.112845,4.40007,0.986537,OverRange,OverRange,OverRange,12.019608,15.014258,-3.120484
2026/06/10 22:58:00.272,n,-2.915769,6.319971,4.910273,1.182736,OverRange,OverRange,OverRange,12.039816,15.004598,-3.299745
2026/06/10 22:59:00.260,n,-2.836735,6.275953,4.174529,1.054302,OverRange,OverRange,OverRange,12.002172,15.003522,-3.243433
2026/06/10 23:00:00.259,n,-2.912946,6.03394,5.168423,1.360736,OverRange,OverRange,OverRange,11.98676,14.995034,-3.342406
2026/06/10 23:01:00.261,n,-2.92167,3.459466,4.671155,1.280981,OverRange,OverRange,OverRange,11.908896,14.992834,-3.315189
2026/06/10 23:02:00.262,n,-2.930395,3.953828,4.920728,1.518949,OverRange,OverRange,OverRange,11.881572,14.981052,-3.381399
2026/06/10 23:03:00.267,n,-2.954002,6.365676,5.213819,1.332887,OverRange,OverRange,OverRange,11.88968,14.973542,-3.286094
2026/06/10 23:04:00.266,n,-2.950923,4.630666,4.407058,0.726827,OverRange,OverRange,OverRange,11.808,14.968214,-3.325172
2026/06/10 23:05:00.271,n,-2.974402,6.344866,5.572853,1.126163,OverRange,OverRange,OverRange,11.845164,14.95213,-3.280121
2026/06/10 23:06:00.273,n,-2.977353,6.419341,4.993061,1.481533,OverRange,OverRange,OverRange,11.799154,14.948938,-3.393088
2026/06/10 23:07:00.272,n,-2.994802,5.220274,4.90307,1.041746,OverRange,OverRange,OverRange,11.781698,14.940352,-3.391381
2026/06/10 23:08:00.257,n,-2.959776,3.110984,4.554718,1.340547,OverRange,OverRange,OverRange,11.74905,14.926468,-3.381655
2026/06/10 23:09:00.261,n,-2.956953,3.850011,4.83261,1.535929,OverRange,OverRange,OverRange,11.740464,14.921076,-3.400937
2026/06/10 23:10:00.262,n,-2.959776,5.501814,4.185539,0.65761,OverRange,OverRange,OverRange,11.748546,14.910402,-3.373805
2026/06/10 23:11:00.268,n,-2.959519,5.945022,4.921797,1.210203,OverRange,OverRange,OverRange,11.752858,14.900724,-3.484723
2026/06/10 23:12:00.266,n,-2.950795,6.345455,4.623537,1.54761,OverRange,OverRange,OverRange,11.744252,14.886778,-3.484553
2026/06/10 23:13:00.266,n,-2.942198,5.918679,4.84566,1.32555,OverRange,OverRange,OverRange,11.75614,14.882542,-3.447694
2026/06/10 23:14:00.271,n,-2.892418,4.7,4.789704,0.798004,OverRange,OverRange,OverRange,11.705552,14.877148,-3.424316
2026/06/10 23:15:00.270,n,-2.933474,4.662323,5.855704,0.71465,OverRange,OverRange,OverRange,11.724534,14.864308,-3.5023
2026/06/10 23:16:00.256,n,-2.9481,6.314233,5.194479,1.4113,OverRange,OverRange,OverRange,11.713882,14.851438,-3.43208
2026/06/10 23:17:00.262,n,-2.942327,3.864289,4.897347,1.30903,OverRange,OverRange,OverRange,11.71896,14.87951,-3.541206
2026/06/10 23:18:00.261,n,-2.773354,5.903346,5.526465,1.227859,OverRange,OverRange,OverRange,11.746822,14.862386,-3.288824
2026/06/10 23:19:00.264,n,-2.732427,6.256074,4.454057,1.306197,OverRange,OverRange,OverRange,11.710134,14.859192,-3.323721
2026/06/10 23:20:00.267,n,-2.703045,5.956788,5.357944,1.259349,OverRange,OverRange,OverRange,11.741252,14.845246,-3.312117
2026/06/10 23:21:00.267,n,-2.673921,3.334187,5.706309,1.168173,OverRange,OverRange,OverRange,11.69952,14.837734,-3.444537
2026/06/10 23:22:00.268,n,-2.761807,6.161773,5.637348,0.981237,OverRange,OverRange,OverRange,11.731904,14.83133,-3.34326
2026/06/10 23:23:00.271,n,-2.691498,3.380381,5.213723,1.419197,OverRange,OverRange,OverRange,11.68308,14.822712,-3.417319
2026/06/10 23:24:00.273,n,-2.829037,6.627843,4.930827,1.188603,OverRange,OverRange,OverRange,11.70129,14.815266,-3.388054
2026/06/10 23:25:00.259,n,-2.875867,5.234316,4.860539,1.258176,OverRange,OverRange,OverRange,11.688894,14.810948,-3.510747
2026/06/10 23:26:00.263,n,-2.878946,5.862877,4.891346,1.324027,OverRange,OverRange,OverRange,11.70786,14.802394,-3.390016
2026/06/10 23:27:00.262,n,-2.829037,3.063464,4.980495,1.484522,OverRange,OverRange,OverRange,11.684846,14.794866,-3.440612
2026/06/10 23:28:00.264,n,-2.744102,6.711602,4.697028,1.48338,OverRange,OverRange,OverRange,11.69369,14.786312,-3.360665
2026/06/10 23:29:00.266,n,-2.829037,5.886291,4.650504,1.199421,OverRange,OverRange,OverRange,11.696228,14.780952,-3.417234
2026/06/10 23:30:00.268,n,-2.796705,6.151858,5.569441,0.963264,OverRange,OverRange,OverRange,11.723552,14.77665,-3.419111
2026/06/10 23:31:00.271,n,-2.802607,6.255245,5.490876,1.203385,OverRange,OverRange,OverRange,11.691422,14.77665,-3.495218
2026/06/10 23:32:00.271,n,-2.805686,6.586434,5.356846,1.418408,OverRange,OverRange,OverRange,11.69952,14.778802,-3.508784
2026/06/10 23:33:00.278,n,-2.802735,6.343334,5.186628,1.322328,OverRange,OverRange,OverRange,11.713436,14.775542,-3.467915
2026/06/10 23:34:00.260,n,-2.881769,5.652017,4.947552,1.176614,OverRange,OverRange,OverRange,11.733154,14.779844,-3.508785
2026/06/10 23:35:00.260,n,-2.85829,3.570637,4.750825,1.09286,OverRange,OverRange,OverRange,11.718756,14.774484,-3.507078
2026/06/10 23:36:00.263,n,-2.908198,5.110151,4.978393,1.285574,OverRange,OverRange,OverRange,11.749334,14.77665,-3.491208
2026/06/10 23:37:00.266,n,-2.905119,6.218584,4.946328,1.529537,OverRange,OverRange,OverRange,11.745062,14.773408,-3.502983
2026/06/10 23:38:00.266,n,-2.937323,6.31752,5.411631,1.167751,OverRange,OverRange,OverRange,11.735682,14.77665,-3.57508
2026/06/10 23:39:00.268,n,-2.960802,5.882704,4.861063,1.361275,OverRange,OverRange,OverRange,11.691426,14.773408,-3.524398
2026/06/10 23:40:00.271,n,-2.969398,5.900179,5.447476,1.018523,OverRange,OverRange,OverRange,11.716222,14.774484,-3.545814
2026/06/10 23:41:00.274,n,-3.051254,3.876114,5.137847,1.053021,OverRange,OverRange,OverRange,11.681824,14.775542,-3.563305
2026/06/10 23:42:00.278,n,-3.098212,3.787813,5.537906,1.011604,OverRange,OverRange,OverRange,11.680294,14.770214,-3.635317
2026/06/10 23:43:00.259,n,-3.200725,3.419949,4.804281,1.208422,OverRange,OverRange,OverRange,11.673458,14.764854,-3.497095
2026/06/10 23:44:00.261,n,-3.270777,6.174869,5.17689,1.366913,OverRange,OverRange,OverRange,11.695216,14.762704,-3.460066
2026/06/10 23:45:00.265,n,-3.28566,5.777599,4.547755,0.970345,OverRange,OverRange,OverRange,11.721776,14.756302,-3.454264
2026/06/10 23:46:00.267,n,-3.259359,6.334145,5.14661,1.476864,OverRange,OverRange,OverRange,11.745326,14.754134,-3.58293
2026/06/10 23:47:00.269,n,-3.285531,6.362464,5.299424,1.294183,OverRange,OverRange,OverRange,11.740734,14.74229,-3.543938
2026/06/10 23:48:00.269,n,-3.285789,3.834484,4.545949,1.399742,OverRange,OverRange,OverRange,11.721512,14.741262,-3.604345
2026/06/10 23:49:00.320,n,-3.341214,6.29469,5.016739,1.316248,OverRange,OverRange,OverRange,11.747594,14.738036,-3.520388
2026/06/10 23:50:00.326,n,-3.320814,5.811087,4.865902,1.446497,OverRange,OverRange,OverRange,11.730118,14.730526,-3.495218
2026/06/10 23:51:00.329,n,-3.291562,4.174908,5.019401,1.301484,OverRange,OverRange,OverRange,11.72987,14.72194,-3.619789
2026/06/10 23:52:00.263,n,-3.370467,4.331815,4.294229,0.750764,OverRange,OverRange,OverRange,11.715968,14.723016,-3.598458
2026/06/10 23:53:00.266,n,-3.341343,3.87839,3.887151,0.049256,OverRange,OverRange,OverRange,11.70458,14.716578,-3.582844
2026/06/10 23:54:00.265,n,-3.414346,3.786701,4.506871,1.246473,OverRange,OverRange,OverRange,11.697002,14.70374,-3.623713
2026/06/10 23:55:00.270,n,-3.379448,6.22338,5.267428,0.945248,OverRange,OverRange,OverRange,11.693944,14.697306,-3.610147
2026/06/10 23:56:00.269,n,-3.385221,5.932111,5.015873,0.98029,OverRange,OverRange,OverRange,11.668392,14.695122,-3.649054
2026/06/10 23:57:00.270,n,-3.297207,5.962927,4.95155,1.319643,OverRange,OverRange,OverRange,11.649922,14.690868,-3.590608
2026/06/10 23:58:00.275,n,-3.279758,3.346446,4.221869,1.222075,OverRange,OverRange,OverRange,11.687388,14.684402,-3.590608
2026/06/10 23:59:00.276,n,-3.311962,6.462563,4.910397,1.360974,OverRange,OverRange,OverRange,11.744044,14.675848,-3.557504
