"Timestamp","TZ","GHI1_AV (W/m2)","UVB22013 (W/m2)","UVB22013_AV (W/m2)","UVB22013_SD (W/m2)","UVB22012 (W/m2)","UVB22012_AV (W/m2)","UVB22012_SD (W/m2)","TA_AV (degC)","TL (degC)","GTI_AV (W/m2)"
2026/06/07 00:00:00.270,n,-2.094385,6.538537,4.619454,1.35957,OverRange,OverRange,OverRange,12.400548,15.222816,-2.554713
2026/06/07 00:01:00.272,n,-1.927723,6.097092,5.388119,1.463848,OverRange,OverRange,OverRange,12.44928,15.231274,-2.364018
2026/06/07 00:02:00.271,n,-2.187917,3.652146,4.475015,1.231899,OverRange,OverRange,OverRange,12.376338,15.219492,-2.615036
2026/06/07 00:03:00.258,n,-2.214219,4.279016,4.734466,1.302148,OverRange,OverRange,OverRange,12.390468,15.219492,-2.579883
2026/06/07 00:04:00.260,n,-2.255275,3.973219,4.429883,1.170645,OverRange,OverRange,OverRange,12.37232,15.22591,-2.488503
2026/06/07 00:05:00.261,n,-2.392685,3.339143,4.556211,1.306192,OverRange,OverRange,OverRange,12.426846,15.224802,-2.611026
2026/06/07 00:06:00.264,n,-2.240649,3.959279,4.890063,1.28573,OverRange,OverRange,OverRange,12.311722,15.226954,-2.617084
2026/06/07 00:07:00.264,n,-2.264128,3.391583,4.29314,1.085714,OverRange,OverRange,OverRange,12.32131,15.226954,-2.525448
2026/06/07 00:08:00.269,n,-2.278626,3.759384,4.013562,0.608384,OverRange,OverRange,OverRange,12.303146,15.233408,-2.482616
2026/06/07 00:09:00.271,n,-2.369463,3.272513,4.475287,1.488214,OverRange,OverRange,OverRange,12.33697,15.230196,-2.653943
2026/06/07 00:10:00.272,n,-2.229102,3.470844,4.253577,1.131548,OverRange,OverRange,OverRange,12.34784,15.231274,-2.583723
2026/06/07 00:11:00.259,n,-2.158664,3.174566,5.501151,1.153888,OverRange,OverRange,OverRange,12.279902,15.231274,-2.515721
2026/06/07 00:12:00.259,n,-2.213962,6.507922,4.987622,1.385701,OverRange,OverRange,OverRange,12.373582,15.233408,-2.523315
2026/06/07 00:13:00.260,n,-2.150068,4.064839,5.330291,1.291707,OverRange,OverRange,OverRange,12.240266,15.22591,-2.552666
2026/06/07 00:14:00.263,n,-2.272724,3.790348,4.49471,1.137355,OverRange,OverRange,OverRange,12.349356,15.22591,-2.544645
2026/06/07 00:15:00.264,n,-2.424889,5.911443,5.346194,1.126468,OverRange,OverRange,OverRange,12.356146,15.226954,-2.644131
2026/06/07 00:16:00.269,n,-2.225894,3.798215,4.565796,1.301261,OverRange,OverRange,OverRange,12.237478,15.220566,-2.58961
2026/06/07 00:17:00.269,n,-2.211396,6.471143,5.343685,1.691968,OverRange,OverRange,OverRange,12.313462,15.217356,-2.64797
2026/06/07 00:18:00.270,n,-2.176113,3.584653,5.227974,1.106971,OverRange,OverRange,OverRange,12.232952,15.215238,-2.49422
2026/06/07 00:19:00.271,n,-2.167389,6.593789,5.012484,1.7011,OverRange,OverRange,OverRange,12.28975,15.215238,-2.418368
2026/06/07 00:20:00.257,n,-2.135313,6.519362,4.894799,1.809797,OverRange,OverRange,OverRange,12.23845,15.207726,-2.513673
2026/06/07 00:21:00.260,n,-2.138136,5.01412,5.11011,1.451836,OverRange,OverRange,OverRange,12.263734,15.203474,-2.509834
2026/06/07 00:22:00.261,n,-2.138008,4.195486,5.022418,1.412806,OverRange,OverRange,OverRange,12.216,15.200248,-2.501984
2026/06/07 00:23:00.264,n,-2.19369,5.175008,5.141839,1.598413,OverRange,OverRange,OverRange,12.2491,15.19381,-2.447549
2026/06/07 00:24:00.266,n,-2.129283,3.382047,4.899141,1.720103,OverRange,OverRange,OverRange,12.23492,15.18633,-2.51555
2026/06/07 00:25:00.267,n,-2.152891,3.833256,4.544625,1.416062,OverRange,OverRange,OverRange,12.250586,15.187374,-2.609064
2026/06/07 00:26:00.272,n,-2.267079,6.500515,4.369119,1.052671,OverRange,OverRange,OverRange,12.31805,15.185256,-2.583808
2026/06/07 00:27:00.270,n,-2.141215,6.668808,4.663797,1.400874,OverRange,OverRange,OverRange,12.276886,15.174566,-2.550703
2026/06/07 00:28:00.256,n,-2.214347,4.008481,4.552142,1.249339,OverRange,OverRange,OverRange,12.250112,15.170232,-2.568365
2026/06/07 00:29:00.258,n,-2.308135,4.665535,4.379046,1.015866,OverRange,OverRange,OverRange,12.269064,15.162786,-2.65181
2026/06/07 00:30:00.261,n,-2.255403,3.284533,5.593149,1.144773,OverRange,OverRange,OverRange,12.181168,15.164936,-2.56043
2026/06/07 00:31:00.264,n,-2.182015,4.201498,3.974581,0.272988,OverRange,OverRange,OverRange,12.262234,15.155256,-2.462907
2026/06/07 00:32:00.264,n,-2.129412,3.432684,5.302542,1.478086,OverRange,OverRange,OverRange,12.19428,15.15317,-2.42417
2026/06/07 00:33:00.266,n,-2.091178,5.919428,5.168655,1.033867,OverRange,OverRange,OverRange,12.244808,15.14887,-2.455228
2026/06/07 00:34:00.268,n,-2.155842,4.067624,5.324265,1.314236,OverRange,OverRange,OverRange,12.16827,15.140298,-2.511711
2026/06/07 00:35:00.270,n,-2.190868,6.516909,5.081216,1.476134,OverRange,OverRange,OverRange,12.275346,15.13818,-2.58961
2026/06/07 00:36:00.273,n,-2.202543,6.582635,4.769552,1.420272,OverRange,OverRange,OverRange,12.239736,15.12956,-2.601214
2026/06/07 00:37:00.258,n,-2.219864,3.645421,5.029527,1.295994,OverRange,OverRange,OverRange,12.228134,15.12534,-2.612988
2026/06/07 00:38:00.260,n,-2.225894,6.170309,5.401811,1.468383,OverRange,OverRange,OverRange,12.281926,15.124264,-2.632527
2026/06/07 00:39:00.263,n,-2.33418,6.09263,4.636433,1.361743,OverRange,OverRange,OverRange,12.2468,15.115676,-2.735681
2026/06/07 00:40:00.264,n,-2.325456,3.736776,4.505654,1.461855,OverRange,OverRange,OverRange,12.245316,15.112466,-2.673482
2026/06/07 00:41:00.266,n,-2.302105,4.037629,4.403294,1.077687,OverRange,OverRange,OverRange,12.286214,15.109272,-2.599337
2026/06/07 00:42:00.269,n,-2.190868,3.79526,5.398785,1.070419,OverRange,OverRange,OverRange,12.269802,15.10603,-2.581846
2026/06/07 00:43:00.271,n,-2.378059,5.932566,5.005972,1.249723,OverRange,OverRange,OverRange,12.313492,15.110348,-2.615036
2026/06/07 00:44:00.273,n,-2.24655,4.229565,4.516051,1.16892,OverRange,OverRange,OverRange,12.226608,15.108198,-2.651895
2026/06/07 00:45:00.274,n,-2.240649,3.961027,5.298322,1.33357,OverRange,OverRange,OverRange,12.142742,15.09855,-2.579883
2026/06/07 00:46:00.264,n,-2.34021,6.595632,5.352353,1.635288,OverRange,OverRange,OverRange,12.222306,15.096432,-2.537052
2026/06/07 00:47:00.261,n,-2.287607,3.36697,4.903879,1.481401,OverRange,OverRange,OverRange,12.17484,15.09855,-2.574081
2026/06/07 00:48:00.265,n,-2.182015,4.006642,4.574324,1.485459,OverRange,OverRange,OverRange,12.160432,15.096432,-2.445671
2026/06/07 00:49:00.265,n,-2.310701,3.562801,5.128467,1.20162,OverRange,OverRange,OverRange,12.17863,15.082486,-2.449426
2026/06/07 00:50:00.268,n,-2.246422,3.482583,5.069902,1.458476,OverRange,OverRange,OverRange,12.158666,15.081442,-2.49038
2026/06/07 00:51:00.271,n,-2.351757,6.415889,4.877609,1.371068,OverRange,OverRange,OverRange,12.165238,15.080366,-2.478691
2026/06/07 00:52:00.273,n,-2.369463,3.808584,4.577878,1.176315,OverRange,OverRange,OverRange,12.089706,15.07072,-2.533212
2026/06/07 00:53:00.274,n,-2.42784,6.184052,6.050789,0.501314,OverRange,OverRange,OverRange,12.167034,15.07178,-2.535174
2026/06/07 00:54:00.275,n,-2.278626,6.205099,5.004933,1.322188,OverRange,OverRange,OverRange,12.117504,15.06109,-2.517769
2026/06/07 00:55:00.262,n,-2.383961,6.091548,4.616509,1.375373,OverRange,OverRange,OverRange,12.134176,15.054622,-2.679113
2026/06/07 00:56:00.262,n,-2.351629,3.81795,5.242845,1.345982,OverRange,OverRange,OverRange,12.057364,15.048216,-2.630479
2026/06/07 00:57:00.266,n,-2.439515,3.552362,4.150541,0.778305,OverRange,OverRange,OverRange,12.150356,15.046066,-2.669471
2026/06/07 00:58:00.270,n,-2.375236,6.170449,5.602492,1.280982,OverRange,OverRange,OverRange,12.127096,15.041814,-2.560515
2026/06/07 00:59:00.269,n,-2.237826,6.591152,4.586397,1.50648,OverRange,OverRange,OverRange,12.109126,15.038622,-2.537052
2026/06/07 01:00:00.270,n,-2.237698,4.867894,4.732481,1.26559,OverRange,OverRange,OverRange,12.107864,15.033228,-2.583893
2026/06/07 01:01:00.276,n,-2.252452,3.61253,4.628903,1.242896,OverRange,OverRange,OverRange,12.143536,15.025714,-2.634489
2026/06/07 01:02:00.274,n,-2.372157,6.244974,5.363893,1.312364,OverRange,OverRange,OverRange,12.174592,15.02464,-2.593364
2026/06/07 01:03:00.278,n,-2.278626,3.775903,4.366107,1.157373,OverRange,OverRange,OverRange,12.142268,15.017194,-2.665376
2026/06/07 01:04:00.262,n,-2.492119,3.428213,4.582718,1.105952,OverRange,OverRange,OverRange,12.106898,15.01395,-2.879705
2026/06/07 01:05:00.263,n,-2.375236,6.214823,5.466223,1.228119,OverRange,OverRange,OverRange,12.094264,15.008638,-2.776465
2026/06/07 01:06:00.265,n,-2.375108,3.474785,4.480741,1.493546,OverRange,OverRange,OverRange,12.085678,15.004322,-2.755135
2026/06/07 01:07:00.269,n,-2.313908,6.571935,5.040027,1.515454,OverRange,OverRange,OverRange,12.098048,15.000034,-2.690887
2026/06/07 01:08:00.269,n,-2.340082,3.491439,4.779189,1.477578,OverRange,OverRange,OverRange,12.099808,14.997918,-2.801806
2026/06/07 01:09:00.272,n,-2.33418,6.606351,5.234162,1.515542,OverRange,OverRange,OverRange,12.112194,14.99896,-2.743446
2026/06/07 01:10:00.274,n,-2.281577,3.459405,4.647671,1.484069,OverRange,OverRange,OverRange,12.090974,14.995768,-2.741398
2026/06/07 01:11:00.276,n,-2.304927,6.518387,5.356189,1.707393,OverRange,OverRange,OverRange,12.119024,14.990406,-2.704454
2026/06/07 01:12:00.278,n,-2.366384,3.801503,4.457409,1.155175,OverRange,OverRange,OverRange,12.133424,14.990406,-2.675359
2026/06/07 01:13:00.263,n,-2.360353,3.782231,4.396018,1.209638,OverRange,OverRange,OverRange,12.15389,14.987196,-2.685
2026/06/07 01:14:00.264,n,-2.413342,6.454483,5.253912,1.383725,OverRange,OverRange,OverRange,12.177364,14.987196,-2.758974
2026/06/07 01:15:00.267,n,-2.381138,3.950115,4.496158,1.139841,OverRange,OverRange,OverRange,12.136456,14.987196,-2.652066
2026/06/07 01:16:00.269,n,-2.331229,5.925592,5.352484,1.539849,OverRange,OverRange,OverRange,12.158188,14.985044,-2.679198
2026/06/07 01:17:00.271,n,-2.430663,6.406058,4.539983,1.497328,OverRange,OverRange,OverRange,12.141262,14.98182,-2.677321
2026/06/07 01:18:00.273,n,-2.44824,6.023973,4.654158,1.273215,OverRange,OverRange,OverRange,12.177136,14.980744,-2.702577
2026/06/07 01:19:00.275,n,-2.386783,3.176771,5.382159,1.381489,OverRange,OverRange,OverRange,12.124588,14.98182,-2.716057
2026/06/07 01:20:00.277,n,-2.366255,3.658023,4.637414,1.530599,OverRange,OverRange,OverRange,12.139248,14.980744,-2.649933
2026/06/07 01:21:00.280,n,-2.395764,3.514161,5.064144,1.609018,OverRange,OverRange,OverRange,12.171052,14.988256,-2.673311
2026/06/07 01:22:00.265,n,-2.354708,3.284126,5.089575,1.310809,OverRange,OverRange,OverRange,12.171824,14.98182,-2.686962
2026/06/07 01:23:00.267,n,-2.392942,6.565912,5.062556,1.504538,OverRange,OverRange,OverRange,12.158184,14.979716,-2.642254
2026/06/07 01:24:00.269,n,-2.418859,6.467933,4.889801,1.617165,OverRange,OverRange,OverRange,12.174586,14.972204,-2.71418
2026/06/07 01:25:00.273,n,-2.337003,3.373252,4.572579,1.535969,OverRange,OverRange,OverRange,12.155406,14.977566,-2.688839
2026/06/07 01:26:00.272,n,-2.360482,3.888815,4.574168,1.515017,OverRange,OverRange,OverRange,12.188232,14.978642,-2.692764
2026/06/07 01:27:00.278,n,-2.389991,5.189346,4.848364,1.436731,OverRange,OverRange,OverRange,12.184948,14.97649,-2.630479
2026/06/07 01:28:00.278,n,-2.351629,6.184282,5.757559,1.08628,OverRange,OverRange,OverRange,12.168036,14.973266,-2.663584
2026/06/07 01:29:00.278,n,-2.340082,5.963526,5.434581,1.086018,OverRange,OverRange,OverRange,12.147076,14.975416,-2.667594
2026/06/07 01:30:00.283,n,-2.433613,3.869087,4.486992,1.410285,OverRange,OverRange,OverRange,12.169806,14.975416,-2.794042
2026/06/07 01:31:00.268,n,-2.577054,3.322575,4.263371,1.128681,OverRange,OverRange,OverRange,12.215008,14.97649,-2.821259
2026/06/07 01:32:00.268,n,-2.416036,4.624311,5.326458,1.044605,OverRange,OverRange,OverRange,12.169052,14.975416,-2.702577
2026/06/07 01:33:00.270,n,-2.383961,3.682707,4.476823,1.391068,OverRange,OverRange,OverRange,12.194566,14.975416,-2.755135
2026/06/07 01:34:00.273,n,-2.404361,6.056,5.759907,1.255468,OverRange,OverRange,OverRange,12.220322,14.982862,-2.679198
2026/06/07 01:35:00.279,n,-2.299154,3.869778,4.490189,1.379191,OverRange,OverRange,OverRange,12.199368,14.978642,-2.677236
2026/06/07 01:36:00.276,n,-2.328535,3.162081,4.971648,1.542527,OverRange,OverRange,OverRange,12.225866,14.979716,-2.607101
2026/06/07 01:37:00.278,n,-2.319682,3.379797,4.861334,1.523752,OverRange,OverRange,OverRange,12.173848,14.980744,-2.644131
2026/06/07 01:38:00.280,n,-2.351886,3.69795,4.034725,0.341362,OverRange,OverRange,OverRange,12.223364,14.980744,-2.603261
2026/06/07 01:39:00.281,n,-2.357787,6.093577,5.503857,1.073385,OverRange,OverRange,OverRange,12.181172,14.980744,-2.58577
2026/06/07 01:40:00.268,n,-2.345855,6.582474,4.954093,1.626579,OverRange,OverRange,OverRange,12.165756,14.98397,-2.587733
2026/06/07 01:41:00.270,n,-2.296331,3.627529,4.913231,1.511086,OverRange,OverRange,OverRange,12.18014,14.98397,-2.56444
2026/06/07 01:42:00.271,n,-2.460172,6.46757,5.387406,1.492668,OverRange,OverRange,OverRange,12.193802,14.980744,-2.704368
2026/06/07 01:43:00.275,n,-2.366383,6.051307,5.11234,1.302103,OverRange,OverRange,OverRange,12.188488,14.980744,-2.681075
2026/06/07 01:44:00.277,n,-2.445289,3.409513,4.521612,1.54038,OverRange,OverRange,OverRange,12.182694,14.979716,-2.679198
2026/06/07 01:45:00.277,n,-2.331357,3.502684,4.64914,1.478168,OverRange,OverRange,OverRange,12.191264,14.980744,-2.685
2026/06/07 01:46:00.262,n,-2.35458,6.673682,5.558686,1.410583,OverRange,OverRange,OverRange,12.205668,14.980744,-2.714266
2026/06/07 01:47:00.282,n,-2.363561,6.523402,4.467676,1.286314,OverRange,OverRange,OverRange,12.195312,14.977566,-2.75906
2026/06/07 01:48:00.282,n,-2.363561,6.675222,5.079741,1.402036,OverRange,OverRange,OverRange,12.197836,14.97649,-2.788155
2026/06/07 01:49:00.269,n,-2.480443,6.181438,5.59022,1.207538,OverRange,OverRange,OverRange,12.180426,14.977566,-2.754964
2026/06/07 01:50:00.273,n,-2.322504,3.248906,4.851238,1.682221,OverRange,OverRange,OverRange,12.198598,14.98182,-2.714095
2026/06/07 01:51:00.258,n,-2.272724,3.492924,4.938691,1.628629,OverRange,OverRange,OverRange,12.230428,14.98182,-2.727832
2026/06/07 01:52:00.276,n,-2.211011,4.151373,4.929202,1.342587,OverRange,OverRange,OverRange,12.222586,14.98397,-2.651981
2026/06/07 01:53:00.260,n,-2.211268,3.789623,4.577106,1.539407,OverRange,OverRange,OverRange,12.19103,14.986154,-2.649933
2026/06/07 01:54:00.263,n,-2.258098,6.509542,4.976525,1.660289,OverRange,OverRange,OverRange,12.252152,14.982862,-2.624592
2026/06/07 01:55:00.265,n,-2.264128,3.2372,4.842659,1.57057,OverRange,OverRange,OverRange,12.230424,14.982862,-2.644131
2026/06/07 01:56:00.267,n,-2.299026,3.672836,4.938305,1.558686,OverRange,OverRange,OverRange,12.209198,14.985044,-2.64797
2026/06/07 01:57:00.269,n,-2.249501,6.610524,5.28035,1.428447,OverRange,OverRange,OverRange,12.216792,14.980744,-2.543024
2026/06/07 01:58:00.270,n,-2.316603,3.713395,5.024288,1.208347,OverRange,OverRange,OverRange,12.202404,14.977566,-2.611026
2026/06/07 01:59:00.257,n,-2.383961,5.28823,4.959831,1.464808,OverRange,OverRange,OverRange,12.223866,14.973266,-2.614951
2026/06/07 02:00:00.258,n,-2.249245,5.050194,5.141062,1.475383,OverRange,OverRange,OverRange,12.182938,14.975416,-2.490381
2026/06/07 02:01:00.263,n,-2.211396,4.309807,4.928706,1.110475,OverRange,OverRange,OverRange,12.172318,14.97649,-2.570242
2026/06/07 02:02:00.263,n,-2.167389,3.158351,5.250009,1.578631,OverRange,OverRange,OverRange,12.188252,14.974308,-2.515721
2026/06/07 02:03:00.264,n,-2.275675,6.511887,5.341775,1.25951,OverRange,OverRange,OverRange,12.199864,14.975416,-2.595412
2026/06/07 02:04:00.266,n,-2.264128,4.103657,4.517497,1.532372,OverRange,OverRange,OverRange,12.179158,14.974308,-2.630479
2026/06/07 02:05:00.268,n,-2.214347,3.541339,4.721073,1.48766,OverRange,OverRange,OverRange,12.182424,14.97649,-2.605309
2026/06/07 02:06:00.270,n,-2.255275,6.175654,6.250504,0.200486,OverRange,OverRange,OverRange,12.1981,14.972204,-2.511796
2026/06/07 02:07:00.272,n,-2.190868,3.808329,4.723848,1.216613,OverRange,OverRange,OverRange,12.174348,14.975416,-2.665461
2026/06/07 02:08:00.257,n,-2.269901,3.256533,4.889807,1.328073,OverRange,OverRange,OverRange,12.199612,14.975416,-2.685085
2026/06/07 02:09:00.259,n,-2.322505,3.832704,4.358847,1.160553,OverRange,OverRange,OverRange,12.179154,14.970056,-2.737473
2026/06/07 02:10:00.264,n,-2.310573,6.43182,5.252145,1.418473,OverRange,OverRange,OverRange,12.202388,14.967904,-2.655734
2026/06/07 02:11:00.263,n,-2.363433,6.665118,4.489697,1.246303,OverRange,OverRange,OverRange,12.165258,14.972204,-2.669386
2026/06/07 02:12:00.266,n,-2.354452,6.388342,4.984603,1.400364,OverRange,OverRange,OverRange,12.175106,14.967904,-2.640206
2026/06/07 02:13:00.267,n,-2.313523,6.100452,4.971585,1.503807,OverRange,OverRange,OverRange,12.174092,14.960424,-2.751125
2026/06/07 02:14:00.269,n,-2.301977,6.318686,6.189325,0.155467,OverRange,OverRange,OverRange,12.1261,14.963652,-2.616913
2026/06/07 02:15:00.274,n,-2.278626,6.256513,5.580739,0.978144,OverRange,OverRange,OverRange,12.117508,14.953958,-2.649933
2026/06/07 02:16:00.258,n,-2.448368,6.592826,4.305442,1.137365,OverRange,OverRange,OverRange,12.181418,14.95614,-2.774588
2026/06/07 02:17:00.258,n,-2.454013,5.734557,5.216579,1.243323,OverRange,OverRange,OverRange,12.153128,14.953958,-2.766738
2026/06/07 02:18:00.264,n,-2.495069,6.252161,6.220538,0.128551,OverRange,OverRange,OverRange,12.16628,14.955032,-2.815372
2026/06/07 02:19:00.263,n,-2.425017,3.762713,4.454062,1.298275,OverRange,OverRange,OverRange,12.14858,14.95182,-2.792079
2026/06/07 02:20:00.266,n,-2.418859,3.125288,5.751482,1.299543,OverRange,OverRange,OverRange,12.164984,14.949702,-2.655734
2026/06/07 02:21:00.268,n,-2.383833,6.126946,5.141017,1.406711,OverRange,OverRange,OverRange,12.160706,14.949702,-2.667594
2026/06/07 02:22:00.270,n,-2.439643,6.085691,5.911568,0.380028,OverRange,OverRange,OverRange,12.176896,14.94866,-2.704454
2026/06/07 02:23:00.270,n,-2.357531,3.345932,4.442442,1.397164,OverRange,OverRange,OverRange,12.143266,14.94866,-2.749248
2026/06/07 02:24:00.273,n,-2.480443,6.37793,5.577395,1.006041,OverRange,OverRange,OverRange,12.21604,14.944342,-2.881582
2026/06/07 02:25:00.258,n,-2.483394,3.716881,4.568613,1.325646,OverRange,OverRange,OverRange,12.187236,14.945418,-2.87962
2026/06/07 02:26:00.259,n,-2.363433,3.78783,5.138743,1.352868,OverRange,OverRange,OverRange,12.180406,14.94866,-2.762814
2026/06/07 02:27:00.263,n,-2.380753,6.327073,5.459406,1.42364,OverRange,OverRange,OverRange,12.21578,14.945418,-2.727832
2026/06/07 02:28:00.264,n,-2.319425,6.253524,5.140356,1.370566,OverRange,OverRange,OverRange,12.217794,14.94866,-2.815457
2026/06/07 02:29:00.268,n,-2.313652,6.317415,5.291367,1.468977,OverRange,OverRange,OverRange,12.230174,14.947554,-2.714095
2026/06/07 02:30:00.270,n,-2.316731,6.056869,5.231577,1.519475,OverRange,OverRange,OverRange,12.194804,14.949702,-2.778342
2026/06/07 02:31:00.270,n,-2.383833,6.414396,4.776598,1.460846,OverRange,OverRange,OverRange,12.246078,14.949702,-2.774503
2026/06/07 02:32:00.271,n,-2.486345,6.101365,5.276354,1.443862,OverRange,OverRange,OverRange,12.2211,14.95182,-2.788154
2026/06/07 02:33:00.274,n,-2.460043,5.974615,5.285832,1.078557,OverRange,OverRange,OverRange,12.195312,14.94866,-2.749162
2026/06/07 02:34:00.259,n,-2.360482,3.936175,4.014721,0.582665,OverRange,OverRange,OverRange,12.172572,14.95614,-2.733804
2026/06/07 02:35:00.261,n,-2.383833,5.948111,5.402219,1.151688,OverRange,OverRange,OverRange,12.252646,14.952896,-2.716057
2026/06/07 02:36:00.263,n,-2.386783,6.178764,6.193295,0.035156,OverRange,OverRange,OverRange,12.198354,14.94866,-2.667765
2026/06/07 02:37:00.266,n,-2.345984,6.147878,6.129524,0.103202,OverRange,OverRange,OverRange,12.19835,14.949702,-2.725784
2026/06/07 02:38:00.267,n,-2.348935,6.177167,5.37847,1.448722,OverRange,OverRange,OverRange,12.20843,14.95078,-2.727746
2026/06/07 02:39:00.270,n,-2.410134,5.291816,5.541449,1.151583,OverRange,OverRange,OverRange,12.230168,14.95182,-2.770749
2026/06/07 02:40:00.272,n,-2.36061,3.898519,4.507363,1.174765,OverRange,OverRange,OverRange,12.207948,14.949702,-2.735511
2026/06/07 02:41:00.272,n,-2.433485,6.412619,4.489041,1.053467,OverRange,OverRange,OverRange,12.289266,14.95078,-2.78824
2026/06/07 02:42:00.275,n,-2.468639,3.827455,3.771912,0.275907,OverRange,OverRange,OverRange,12.237254,14.95182,-2.862044
2026/06/07 02:43:00.261,n,-2.574103,6.512808,5.019938,1.307085,OverRange,OverRange,OverRange,12.242538,14.952896,-2.829024
2026/06/07 02:44:00.262,n,-2.492118,3.539871,5.272706,1.131141,OverRange,OverRange,OverRange,12.203904,14.947554,-2.828938
2026/06/07 02:45:00.266,n,-2.600533,6.2624,5.364439,1.299963,OverRange,OverRange,OverRange,12.26476,14.949702,-2.879705
2026/06/07 02:46:00.266,n,-2.617982,6.576986,4.252482,1.179557,OverRange,OverRange,OverRange,12.267558,14.95182,-2.891309
2026/06/07 02:47:00.269,n,-2.720494,6.153559,4.894755,1.308572,OverRange,OverRange,OverRange,12.274612,14.953958,-2.972962
2026/06/07 02:48:00.270,n,-2.764502,6.362104,5.223065,1.56636,OverRange,OverRange,OverRange,12.237494,14.940042,-3.043182
2026/06/07 02:49:00.272,n,-2.71177,3.388335,4.793921,1.466649,OverRange,OverRange,OverRange,12.244064,14.943268,-3.039257
2026/06/07 02:50:00.273,n,-2.737943,3.595957,5.084102,1.329674,OverRange,OverRange,OverRange,12.27007,14.944342,-3.04523
2026/06/07 02:51:00.280,n,-2.826086,6.437831,5.148117,1.478602,OverRange,OverRange,OverRange,12.281424,14.937908,-3.054871
2026/06/07 02:52:00.262,n,-2.852131,3.798,4.448102,1.419447,OverRange,OverRange,OverRange,12.262492,14.940042,-3.148384
2026/06/07 02:53:00.263,n,-2.925262,5.939786,5.267892,0.978916,OverRange,OverRange,OverRange,12.3019,14.936832,-3.204611
2026/06/07 02:54:00.265,n,-2.998266,3.720232,4.223458,1.01982,OverRange,OverRange,OverRange,12.244574,14.930428,-3.323551
2026/06/07 02:55:00.267,n,-3.156589,6.510993,5.31215,1.460815,OverRange,OverRange,OverRange,12.251882,14.927202,-3.224235
2026/06/07 02:56:00.269,n,-3.080379,4.538131,5.030702,1.146593,OverRange,OverRange,OverRange,12.223842,14.925066,-3.241982
2026/06/07 02:57:00.274,n,-3.171087,6.028742,4.331115,0.907691,OverRange,OverRange,OverRange,12.229916,14.929352,-3.1698
2026/06/07 02:58:00.273,n,-3.206113,3.723265,3.907076,0.521873,OverRange,OverRange,OverRange,12.177618,14.919724,-3.300258
2026/06/07 02:59:00.277,n,-3.276422,6.239373,4.808562,1.105454,OverRange,OverRange,OverRange,12.189758,14.913286,-3.319796
2026/06/07 03:00:00.279,n,-3.352376,5.953936,5.296847,1.169426,OverRange,OverRange,OverRange,12.197094,14.91218,-3.489246
2026/06/07 03:01:00.262,n,-3.317351,6.481209,4.587619,1.30006,OverRange,OverRange,OverRange,12.215776,14.901524,-3.531992
2026/06/07 03:02:00.266,n,-3.250121,4.00269,4.399756,1.165379,OverRange,OverRange,OverRange,12.184708,14.89613,-3.49701
2026/06/07 03:03:00.266,n,-3.215095,3.27567,5.279375,1.367036,OverRange,OverRange,OverRange,12.17183,14.891828,-3.352901
2026/06/07 03:04:00.268,n,-3.071654,6.269869,6.061676,0.360596,OverRange,OverRange,OverRange,12.157674,14.890786,-3.290701
2026/06/07 03:05:00.270,n,-2.884335,3.599534,4.738937,1.359602,OverRange,OverRange,OverRange,12.11321,14.88435,-3.23601
2026/06/07 03:06:00.272,n,-2.84918,3.89384,3.883753,0.133529,OverRange,OverRange,OverRange,12.175614,14.886468,-3.072533
2026/06/07 03:07:00.274,n,-2.7382,3.865826,3.963537,0.365982,OverRange,OverRange,OverRange,12.163738,14.878956,-3.029616
2026/06/07 03:08:00.278,n,-2.702788,3.554971,4.339341,1.100143,OverRange,OverRange,OverRange,12.165492,14.88435,-2.955642
2026/06/07 03:09:00.277,n,-2.521628,3.849491,4.855439,1.261247,OverRange,OverRange,OverRange,12.165768,14.888652,-2.856241
2026/06/07 03:10:00.263,n,-2.53882,6.528915,4.984512,1.255807,OverRange,OverRange,OverRange,12.170564,14.887576,-2.776466
2026/06/07 03:11:00.266,n,-2.457221,6.712587,5.345312,1.378151,OverRange,OverRange,OverRange,12.139492,14.885426,-2.7472
2026/06/07 03:12:00.267,n,-2.459915,3.319744,4.489752,1.295923,OverRange,OverRange,OverRange,12.108418,14.887576,-2.815372
2026/06/07 03:13:00.270,n,-2.401538,3.855719,4.839426,1.22594,OverRange,OverRange,OverRange,12.12054,14.890786,-2.636366
2026/06/07 03:14:00.271,n,-2.489296,6.328956,5.66011,1.268377,OverRange,OverRange,OverRange,12.149846,14.895054,-2.688925
2026/06/07 03:15:00.272,n,-2.363561,3.642164,5.179404,1.405346,OverRange,OverRange,OverRange,12.10487,14.891828,-2.692679
2026/06/07 03:16:00.275,n,-2.372285,4.100076,5.196132,1.262479,OverRange,OverRange,OverRange,12.132168,14.891828,-2.716228
2026/06/07 03:17:00.276,n,-2.536126,3.092928,4.504609,1.581612,OverRange,OverRange,OverRange,12.123058,14.89613,-2.716228
2026/06/07 03:18:00.280,n,-2.451062,6.247759,5.439845,1.575246,OverRange,OverRange,OverRange,12.127614,14.89934,-2.675273
2026/06/07 03:19:00.265,n,-2.389863,5.46461,6.039025,0.300167,OverRange,OverRange,OverRange,12.098038,14.890786,-2.737558
2026/06/07 03:20:00.267,n,-2.483394,3.944856,4.234263,1.004815,OverRange,OverRange,OverRange,12.081366,14.891828,-2.755305
2026/06/07 03:21:00.270,n,-2.418987,4.1766,4.085359,0.19839,OverRange,OverRange,OverRange,12.13444,14.89934,-2.696604
2026/06/07 03:22:00.272,n,-2.460043,6.513979,4.965839,1.326896,OverRange,OverRange,OverRange,12.128632,14.897204,-2.683038
2026/06/07 03:23:00.274,n,-2.366512,5.427271,5.59564,1.178335,OverRange,OverRange,OverRange,12.080384,14.898248,-2.636366
2026/06/07 03:24:00.273,n,-2.398587,6.490563,4.603964,1.544801,OverRange,OverRange,OverRange,12.091488,14.900414,-2.648141
2026/06/07 03:25:00.275,n,-2.424889,5.898228,4.930959,1.314502,OverRange,OverRange,OverRange,12.099584,14.898248,-2.653772
2026/06/07 03:26:00.278,n,-2.369335,5.041922,4.676275,1.470577,OverRange,OverRange,OverRange,12.081624,14.898248,-2.642168
2026/06/07 03:27:00.279,n,-2.328406,3.789347,4.249748,1.161698,OverRange,OverRange,OverRange,12.107392,14.900414,-2.690973
2026/06/07 03:28:00.265,n,-2.337259,5.006395,4.776835,1.062938,OverRange,OverRange,OverRange,12.140498,14.902566,-2.667594
2026/06/07 03:29:00.267,n,-2.366383,3.703195,4.609217,1.458037,OverRange,OverRange,OverRange,12.096798,14.903642,-2.663584
2026/06/07 03:30:00.268,n,-2.456964,6.07251,5.1068,1.447138,OverRange,OverRange,OverRange,12.14555,14.909002,-2.710426
2026/06/07 03:31:00.270,n,-2.416164,3.4555,5.179539,1.449442,OverRange,OverRange,OverRange,12.095266,14.905776,-2.766738
2026/06/07 03:32:00.272,n,-2.345855,6.177527,5.523927,1.17508,OverRange,OverRange,OverRange,12.126866,14.910076,-2.65181
2026/06/07 03:33:00.277,n,-2.278626,3.832599,4.86451,1.33498,OverRange,OverRange,OverRange,12.107652,14.91218,-2.72988
2026/06/07 03:34:00.276,n,-2.293252,5.304668,4.580652,1.18889,OverRange,OverRange,OverRange,12.129396,14.91433,-2.570156
2026/06/07 03:35:00.278,n,-2.515598,3.247503,5.029758,1.480759,OverRange,OverRange,OverRange,12.116746,14.915404,-2.753087
2026/06/07 03:36:00.280,n,-2.310829,5.259714,5.187485,1.373366,OverRange,OverRange,OverRange,12.116246,14.917556,-2.634404
2026/06/07 03:37:00.266,n,-2.392685,4.931423,5.005402,1.140234,OverRange,OverRange,OverRange,12.123826,14.942682,-2.675188
2026/06/07 03:38:00.268,n,-2.006499,4.762926,5.125841,1.398352,OverRange,OverRange,OverRange,12.155238,14.941086,-2.478521
2026/06/07 03:39:00.269,n,-2.164053,3.530649,4.84253,1.638303,OverRange,OverRange,OverRange,12.1636,14.943202,-2.587306
2026/06/07 03:40:00.274,n,-2.120174,3.533056,4.715243,1.429056,OverRange,OverRange,OverRange,12.118134,14.944278,-2.548485
2026/06/07 03:41:00.274,n,-2.058718,3.481304,4.939873,1.375364,OverRange,OverRange,OverRange,12.167638,14.94853,-2.517172
2026/06/07 03:42:00.275,n,-2.137879,6.505648,5.496607,1.40765,OverRange,OverRange,OverRange,12.179016,14.950714,-2.505482
2026/06/07 03:43:00.277,n,-2.102725,6.099384,5.131935,1.401201,OverRange,OverRange,OverRange,12.17928,14.952864,-2.567768
2026/06/07 03:44:00.280,n,-2.152506,3.300938,4.550955,1.63269,OverRange,OverRange,OverRange,12.172944,14.965704,-2.577495
2026/06/07 03:45:00.281,n,-2.117223,3.46956,5.144398,1.422623,OverRange,OverRange,OverRange,12.187852,14.961434,-2.58159
2026/06/07 03:46:00.268,n,-2.11145,6.41883,5.191883,1.485605,OverRange,OverRange,OverRange,12.20808,14.963586,-2.600958
2026/06/07 03:47:00.271,n,-2.184581,3.250312,4.962126,1.588191,OverRange,OverRange,OverRange,12.198222,14.973216,-2.600958
2026/06/07 03:48:00.272,n,-2.152377,6.667566,4.723529,1.498813,OverRange,OverRange,OverRange,12.219188,14.974258,-2.591231
2026/06/07 03:49:00.276,n,-2.131849,4.469568,4.984661,1.57919,OverRange,OverRange,OverRange,12.231552,14.976394,-2.600958
2026/06/07 03:50:00.276,n,-2.091049,6.619604,4.932951,1.552604,OverRange,OverRange,OverRange,12.256318,14.986024,-2.583381
2026/06/07 03:51:00.260,n,-2.304414,6.089331,4.99316,1.451941,OverRange,OverRange,OverRange,12.294694,14.98283,-2.67297
2026/06/07 03:52:00.278,n,-2.134672,3.303058,4.43123,1.296762,OverRange,OverRange,OverRange,12.293682,14.99034,-2.618534
2026/06/07 03:53:00.280,n,-2.152377,6.318383,5.158782,1.472431,OverRange,OverRange,OverRange,12.306808,14.99997,-2.581419
2026/06/07 03:54:00.450,n,-2.187275,6.554899,4.535951,1.610843,OverRange,OverRange,OverRange,12.270188,15.003182,-2.589269
2026/06/07 03:55:00.388,n,-2.169826,6.628504,4.984617,1.750432,OverRange,OverRange,OverRange,12.285858,15.006406,-2.519219
2026/06/07 03:56:00.355,n,-2.146604,6.196776,5.408888,1.411065,OverRange,OverRange,OverRange,12.306824,15.013886,-2.497718
2026/06/07 03:57:00.271,n,-2.090793,6.534561,4.594201,1.525229,OverRange,OverRange,OverRange,12.304556,15.016036,-2.587221
2026/06/07 03:58:00.274,n,-2.137623,3.484599,4.577691,1.409097,OverRange,OverRange,OverRange,12.2553,15.017096,-2.544389
2026/06/07 03:59:00.458,n,-2.16123,5.333557,5.353597,1.464075,OverRange,OverRange,OverRange,12.31188,15.022504,-2.525021
2026/06/07 04:00:00.410,n,-2.125947,6.667438,4.910627,1.636609,OverRange,OverRange,OverRange,12.316926,15.02995,-2.583467
2026/06/07 04:01:00.364,n,-2.166876,6.190672,5.562474,1.075233,OverRange,OverRange,OverRange,12.338374,15.031044,-2.520926
2026/06/07 04:02:00.281,n,-2.140446,3.785143,3.926082,0.689927,OverRange,OverRange,OverRange,12.323232,15.03427,-2.497718
2026/06/07 04:03:00.283,n,-2.158151,6.328464,5.054933,1.48088,OverRange,OverRange,OverRange,12.338888,15.04064,-2.51154
2026/06/07 04:04:00.435,n,-2.225637,6.567074,4.957204,1.635737,OverRange,OverRange,OverRange,12.30984,15.04711,-2.597204
2026/06/07 04:05:00.319,n,-2.22243,3.484175,4.544792,1.511656,OverRange,OverRange,OverRange,12.28332,15.046034,-2.527069
2026/06/07 04:06:00.273,n,-2.231411,3.446684,4.916507,1.694757,OverRange,OverRange,OverRange,12.289128,15.05247,-2.604797
2026/06/07 04:07:00.346,n,-2.105548,3.478821,4.969218,1.676467,OverRange,OverRange,OverRange,12.312886,15.05247,-2.495841
2026/06/07 04:08:00.325,n,-2.184324,3.335425,4.915329,1.672988,OverRange,OverRange,OverRange,12.327272,15.058874,-2.560089
2026/06/07 04:09:00.279,n,-2.152121,3.375504,4.89802,1.589381,OverRange,OverRange,OverRange,12.257554,15.062068,-2.492087
2026/06/07 04:10:00.268,n,-2.123125,3.890797,4.893897,1.561971,OverRange,OverRange,OverRange,12.26743,15.062068,-2.380998
2026/06/07 04:11:00.284,n,-2.105676,4.794612,4.776753,1.376042,OverRange,OverRange,OverRange,12.26413,15.062068,-2.353695
2026/06/07 04:12:00.271,n,-2.067442,3.773368,4.606609,1.388844,OverRange,OverRange,OverRange,12.298234,15.071698,-2.384837
2026/06/07 04:13:00.271,n,-2.161102,3.163136,5.268229,1.587408,OverRange,OverRange,OverRange,12.285356,15.071698,-2.480227
2026/06/07 04:14:00.272,n,-2.087971,3.864094,4.058371,0.692786,OverRange,OverRange,OverRange,12.280818,15.073866,-2.386714
2026/06/07 04:15:00.258,n,-2.096823,3.680956,4.893857,1.454668,OverRange,OverRange,OverRange,12.302786,15.078166,-2.406253
2026/06/07 04:16:00.260,n,-2.032288,6.026348,5.97773,0.564458,OverRange,OverRange,OverRange,12.270706,15.073866,-2.312996
2026/06/07 04:17:00.262,n,-2.05859,6.103167,5.753159,1.164181,OverRange,OverRange,OverRange,12.254812,15.07442,-2.44516
2026/06/07 04:18:00.263,n,-2.246037,6.271406,4.736347,1.330842,OverRange,OverRange,OverRange,12.268632,15.070102,-2.614609
2026/06/07 04:19:00.266,n,-2.196128,3.952631,5.391742,1.244582,OverRange,OverRange,OverRange,12.235036,15.070102,-2.478179
2026/06/07 04:20:00.268,n,-2.151864,6.268442,4.60233,1.110993,OverRange,OverRange,OverRange,12.277446,15.075496,-2.491831
2026/06/07 04:21:00.270,n,-2.196385,6.084027,5.350714,1.243067,OverRange,OverRange,OverRange,12.257508,15.069026,-2.573569
2026/06/07 04:22:00.272,n,-2.187275,6.19519,5.894918,0.537455,OverRange,OverRange,OverRange,12.203732,15.07442,-2.530738
2026/06/07 04:23:00.256,n,-2.181502,5.763237,5.454133,1.210781,OverRange,OverRange,OverRange,12.231482,15.075496,-2.491831
2026/06/07 04:24:00.260,n,-2.163925,3.861901,5.264277,1.313806,OverRange,OverRange,OverRange,12.220632,15.075496,-2.484066
2026/06/07 04:25:00.260,n,-2.169955,5.851153,4.965155,1.307967,OverRange,OverRange,OverRange,12.247656,15.078656,-2.520926
2026/06/07 04:26:00.264,n,-2.123125,3.317403,5.681643,1.164043,OverRange,OverRange,OverRange,12.228954,15.08079,-2.559918
2026/06/07 04:27:00.265,n,-2.06154,6.59812,4.30695,1.129544,OverRange,OverRange,OverRange,12.269888,15.084048,-2.552154
2026/06/07 04:28:00.268,n,-2.116966,3.871911,4.569145,1.193644,OverRange,OverRange,OverRange,12.244386,15.085124,-2.53671
2026/06/07 04:29:00.268,n,-2.213834,6.166681,5.013551,1.356779,OverRange,OverRange,OverRange,12.305242,15.081866,-2.552154
2026/06/07 04:30:00.273,n,-2.193177,5.950056,4.939611,1.417504,OverRange,OverRange,OverRange,12.248898,15.081866,-2.534577
2026/06/07 04:31:00.256,n,-2.169826,6.066914,6.072612,0.09477,OverRange,OverRange,OverRange,12.247926,15.08941,-2.507359
2026/06/07 04:32:00.259,n,-2.22243,3.431592,4.973879,1.340864,OverRange,OverRange,OverRange,12.219884,15.08726,-2.616401
2026/06/07 04:33:00.260,n,-2.248731,6.191692,5.694088,0.975198,OverRange,OverRange,OverRange,12.248414,15.086184,-2.509407
2026/06/07 04:34:00.262,n,-2.146091,6.763172,5.332299,1.393935,OverRange,OverRange,OverRange,12.204702,15.086184,-2.524936
2026/06/07 04:35:00.263,n,-2.216271,3.876286,4.970752,1.187631,OverRange,OverRange,OverRange,12.224676,15.085124,-2.534662
2026/06/07 04:36:00.265,n,-2.292482,3.485636,4.721256,1.034664,OverRange,OverRange,OverRange,12.280736,15.091528,-2.521096
2026/06/07 04:37:00.267,n,-2.356761,3.872879,4.33575,1.100482,OverRange,OverRange,OverRange,12.271134,15.086184,-2.612476
2026/06/07 04:38:00.270,n,-2.424376,3.866676,4.474952,1.015488,OverRange,OverRange,OverRange,12.31332,15.091528,-2.667083
2026/06/07 04:39:00.273,n,-2.231026,6.572778,5.297172,1.401815,OverRange,OverRange,OverRange,12.328706,15.088334,-2.579371
2026/06/07 04:40:00.257,n,-2.295433,6.386397,5.609538,1.184663,OverRange,OverRange,OverRange,12.305476,15.094706,-2.581419
2026/06/07 04:41:00.258,n,-2.240007,5.327714,4.870837,1.292644,OverRange,OverRange,OverRange,12.333766,15.095814,-2.604797
2026/06/07 04:42:00.261,n,-2.22846,3.354186,4.172254,1.150198,OverRange,OverRange,OverRange,12.36935,15.094706,-2.614524
2026/06/07 04:43:00.263,n,-2.231283,3.96304,4.800658,1.318518,OverRange,OverRange,OverRange,12.334514,15.102248,-2.618278
2026/06/07 04:44:00.265,n,-2.386142,3.325665,4.838476,1.291214,OverRange,OverRange,OverRange,12.377188,15.09689,-2.705989
2026/06/07 04:45:00.266,n,-2.310188,6.078722,5.76631,1.156759,OverRange,OverRange,OverRange,12.373652,15.09904,-2.636025
2026/06/07 04:46:00.271,n,-2.166747,6.208105,4.762711,1.368214,OverRange,OverRange,OverRange,12.379426,15.107594,-2.65727
2026/06/07 04:47:00.271,n,-2.277856,3.874228,5.246427,1.269784,OverRange,OverRange,OverRange,12.376944,15.104336,-2.81887
2026/06/07 04:48:00.273,n,-2.450677,4.187968,4.465721,1.108004,OverRange,OverRange,OverRange,12.41328,15.103292,-2.748821
2026/06/07 04:49:00.258,n,-2.310188,4.630444,5.678023,0.974241,OverRange,OverRange,OverRange,12.415318,15.10973,-2.643704
2026/06/07 04:50:00.261,n,-2.166747,6.103444,5.355511,1.277427,OverRange,OverRange,OverRange,12.42565,15.108654,-2.612476
2026/06/07 04:51:00.262,n,-2.193177,3.850724,4.162914,1.149894,OverRange,OverRange,OverRange,12.42009,15.114032,-2.57758
2026/06/07 04:52:00.264,n,-2.184068,3.751089,5.048511,1.326594,OverRange,OverRange,OverRange,12.414532,15.117208,-2.581419
2026/06/07 04:53:00.267,n,-2.301078,3.188776,5.242793,1.555997,OverRange,OverRange,OverRange,12.445312,15.12151,-2.624251
2026/06/07 04:54:00.268,n,-2.196,6.421659,5.055887,1.436865,OverRange,OverRange,OverRange,12.481446,15.120434,-2.546266
2026/06/07 04:55:00.269,n,-2.181374,3.280412,5.088843,1.40736,OverRange,OverRange,OverRange,12.402166,15.125796,-2.602835
2026/06/07 04:56:00.272,n,-2.14917,3.656205,4.921862,1.271815,OverRange,OverRange,OverRange,12.422104,15.130048,-2.509493
2026/06/07 04:57:00.274,n,-2.175343,3.362634,5.358601,1.331391,OverRange,OverRange,OverRange,12.466792,15.13435,-2.54055
2026/06/07 04:58:00.259,n,-2.225381,6.545076,4.688612,1.353744,OverRange,OverRange,OverRange,12.49582,15.138604,-2.587306
2026/06/07 04:59:00.262,n,-2.277727,3.726169,4.872223,1.220983,OverRange,OverRange,OverRange,12.434224,15.14183,-2.577494
2026/06/07 05:00:00.267,n,-2.319041,6.094539,4.779034,1.207093,OverRange,OverRange,OverRange,12.495056,15.152552,-2.536454
2026/06/07 05:01:00.269,n,-2.254634,5.954621,5.251803,1.503017,OverRange,OverRange,OverRange,12.453416,15.149342,-2.556078
2026/06/07 05:02:00.267,n,-2.123125,3.71053,4.843004,1.154372,OverRange,OverRange,OverRange,12.42565,15.150384,-2.51137
2026/06/07 05:03:00.270,n,-2.195615,6.099085,5.862293,0.407023,OverRange,OverRange,OverRange,12.460994,15.152552,-2.421782
2026/06/07 05:04:00.271,n,-2.122868,3.290305,5.125702,1.438585,OverRange,OverRange,OverRange,12.401658,15.162182,-2.493708
2026/06/07 05:05:00.273,n,-2.257584,3.861893,3.877797,0.09824,OverRange,OverRange,OverRange,12.48344,15.169662,-2.604712
2026/06/07 05:06:00.275,n,-2.158023,6.680587,5.518973,1.204522,OverRange,OverRange,OverRange,12.43979,15.171828,-2.493793
2026/06/07 05:07:00.260,n,-2.096823,3.377048,4.516406,1.410705,OverRange,OverRange,OverRange,12.417308,15.169662,-2.454716
2026/06/07 05:08:00.263,n,-1.997261,6.164085,5.501868,1.247895,OverRange,OverRange,OverRange,12.463772,15.176098,-2.392516
2026/06/07 05:09:00.267,n,-1.98828,6.618488,4.240093,1.228611,OverRange,OverRange,OverRange,12.44658,15.17714,-2.448999
2026/06/07 05:10:00.268,n,-2.073088,3.738303,4.839176,1.120623,OverRange,OverRange,OverRange,12.424896,15.182502,-2.472548
2026/06/07 05:11:00.268,n,-2.029594,6.130578,5.170254,1.409184,OverRange,OverRange,OverRange,12.444824,15.185744,-2.501643
2026/06/07 05:12:00.271,n,-2.090665,6.641389,5.320389,1.51594,OverRange,OverRange,OverRange,12.43448,15.192132,-2.495841
2026/06/07 05:13:00.272,n,-1.99136,3.781709,5.023825,1.210176,OverRange,OverRange,OverRange,12.426152,15.192132,-2.470244
2026/06/07 05:14:00.274,n,-2.151993,6.238405,5.052066,1.224245,OverRange,OverRange,OverRange,12.464524,15.193192,-2.532786
2026/06/07 05:15:00.277,n,-2.029208,6.272733,5.53283,1.073841,OverRange,OverRange,OverRange,12.447358,15.196418,-2.495585
2026/06/07 05:16:00.262,n,-2.082069,4.146536,4.940229,1.307246,OverRange,OverRange,OverRange,12.42363,15.202822,-2.647629
2026/06/07 05:17:00.263,n,-2.070521,6.263957,5.060422,1.330921,OverRange,OverRange,OverRange,12.484202,15.204972,-2.559918
2026/06/07 05:18:00.265,n,-2.146476,4.517964,3.844332,0.411236,OverRange,OverRange,OverRange,12.44457,15.204972,-2.639694
2026/06/07 05:19:00.271,n,-1.923873,5.349836,5.235598,1.432609,OverRange,OverRange,OverRange,12.474858,15.21462,-2.447122
2026/06/07 05:20:00.269,n,-1.874349,6.568692,4.743742,1.410653,OverRange,OverRange,OverRange,12.454178,15.213526,-2.412055
2026/06/07 05:21:00.271,n,-1.935805,6.553337,4.627629,1.315484,OverRange,OverRange,OverRange,12.467556,15.218888,-2.472377
2026/06/07 05:22:00.274,n,-1.903473,6.40249,5.429793,1.414492,OverRange,OverRange,OverRange,12.458694,15.218888,-2.480057
2026/06/07 05:23:00.275,n,-1.859723,6.442876,4.7452,1.410202,OverRange,OverRange,OverRange,12.483948,15.225292,-2.443197
2026/06/07 05:24:00.277,n,-1.944273,3.86262,4.866159,1.585825,OverRange,OverRange,OverRange,12.45896,15.227444,-2.579457
2026/06/07 05:25:00.263,n,-1.950303,6.250768,5.399349,1.548939,OverRange,OverRange,OverRange,12.485204,15.23173,-2.581248
2026/06/07 05:26:00.264,n,-1.8569,6.339286,4.861542,1.790164,OverRange,OverRange,OverRange,12.463994,15.238166,-2.468453
2026/06/07 05:27:00.266,n,-1.792493,3.521887,4.583148,1.256276,OverRange,OverRange,OverRange,12.4693,15.24136,-2.495841
2026/06/07 05:28:00.269,n,-1.821746,3.706017,4.970193,1.604849,OverRange,OverRange,OverRange,12.497838,15.245646,-2.486029
2026/06/07 05:29:00.272,n,-1.800961,5.28313,5.12883,1.431921,OverRange,OverRange,OverRange,12.496048,15.247764,-2.47434
2026/06/07 05:30:00.273,n,-1.754644,6.41856,5.135633,1.390966,OverRange,OverRange,OverRange,12.497564,15.25635,-2.493879
2026/06/07 05:31:00.275,n,-1.757339,3.679918,4.931967,1.573617,OverRange,OverRange,OverRange,12.496816,15.257378,-2.493708
2026/06/07 05:32:00.276,n,-1.777739,6.221277,5.549987,1.23837,OverRange,OverRange,OverRange,12.53894,15.260604,-2.450791
2026/06/07 05:33:00.279,n,-1.84484,6.572392,4.7058,1.34489,OverRange,OverRange,OverRange,12.528088,15.26489,-2.515124
2026/06/07 05:34:00.264,n,-1.765935,3.979025,4.631836,1.246215,OverRange,OverRange,OverRange,12.512706,15.27131,-2.468538
2026/06/07 05:35:00.265,n,-1.880251,6.063097,4.659969,1.168859,OverRange,OverRange,OverRange,12.55486,15.270268,-2.466576
2026/06/07 05:36:00.270,n,-1.900907,6.490525,4.596431,1.212892,OverRange,OverRange,OverRange,12.482926,15.275564,-2.478265
2026/06/07 05:37:00.270,n,-1.985714,3.528571,4.904493,1.513363,OverRange,OverRange,OverRange,12.473332,15.278808,-2.43731
2026/06/07 05:38:00.272,n,-1.906681,3.34019,4.700298,1.568776,OverRange,OverRange,OverRange,12.473328,15.280958,-2.406253
2026/06/07 05:39:00.276,n,-1.879994,6.254141,5.19104,1.504308,OverRange,OverRange,OverRange,12.460968,15.280958,-2.394564
2026/06/07 05:40:00.277,n,-2.038061,5.968705,4.862665,1.237079,OverRange,OverRange,OverRange,12.462494,15.28733,-2.406167
2026/06/07 05:41:00.280,n,-1.932983,3.899508,4.540786,1.302711,OverRange,OverRange,OverRange,12.434236,15.295916,-2.396441
2026/06/07 05:42:00.281,n,-2.129027,6.578077,5.433847,1.427266,OverRange,OverRange,OverRange,12.442296,15.295916,-2.343882
2026/06/07 05:43:00.265,n,-2.002778,3.840321,4.519767,1.318526,OverRange,OverRange,OverRange,12.437022,15.295916,-2.318627
2026/06/07 05:44:00.267,n,-2.008809,3.955495,4.144581,0.864449,OverRange,OverRange,OverRange,12.4413,15.289478,-2.398489
2026/06/07 05:45:00.269,n,-2.18163,3.879098,4.608466,1.249583,OverRange,OverRange,OverRange,12.436514,15.295916,-2.468453
2026/06/07 05:46:00.271,n,-2.181373,6.178623,6.107153,0.300944,OverRange,OverRange,OverRange,12.414058,15.289478,-2.402243
2026/06/07 05:47:00.273,n,-2.040884,4.037957,3.954188,0.219676,OverRange,OverRange,OverRange,12.415828,15.29163,-2.386714
2026/06/07 05:48:00.274,n,-2.002907,3.749006,4.957548,1.242706,OverRange,OverRange,OverRange,12.41277,15.297024,-2.324514
2026/06/07 05:49:00.277,n,-2.014967,6.195277,5.674027,0.931067,OverRange,OverRange,OverRange,12.413794,15.292706,-2.291324
2026/06/07 05:50:00.280,n,-2.029208,3.389451,4.558262,1.512124,OverRange,OverRange,OverRange,12.35699,15.294842,-2.340043
2026/06/07 05:51:00.281,n,-2.023435,3.803508,4.936907,1.604708,OverRange,OverRange,OverRange,12.374142,15.29163,-2.328439
2026/06/07 05:52:00.267,n,-2.038061,6.067435,5.296619,1.350374,OverRange,OverRange,OverRange,12.433476,15.289478,-2.404291
2026/06/07 05:53:00.269,n,-2.096695,3.17899,4.883129,1.768984,OverRange,OverRange,OverRange,12.329962,15.290556,-2.394478
2026/06/07 05:54:00.270,n,-2.105419,5.971886,5.607365,0.967178,OverRange,OverRange,OverRange,12.389044,15.292298,-2.373062
2026/06/07 05:55:00.272,n,-2.172906,6.212903,5.355277,1.28163,OverRange,OverRange,OverRange,12.369848,15.28482,-2.460944
2026/06/07 05:56:00.274,n,-2.22243,3.267518,5.633974,1.170232,OverRange,OverRange,OverRange,12.318568,15.283712,-2.486029
2026/06/07 05:57:00.277,n,-2.199207,6.052842,5.160834,1.304009,OverRange,OverRange,OverRange,12.378144,15.281608,-2.470586
2026/06/07 05:58:00.278,n,-2.184581,3.640607,4.871129,1.295792,OverRange,OverRange,OverRange,12.29359,15.280534,-2.457019
2026/06/07 05:59:00.280,n,-2.336618,3.891552,4.127064,1.197709,OverRange,OverRange,OverRange,12.356212,15.281608,-2.480312
2026/06/07 06:00:00.281,n,-2.199207,5.969804,5.591313,1.103756,OverRange,OverRange,OverRange,12.321102,15.276232,-2.435689
2026/06/07 06:01:00.267,n,-2.254762,3.361903,5.268396,1.466717,OverRange,OverRange,OverRange,12.250662,15.278382,-2.501814
2026/06/07 06:02:00.269,n,-2.371387,5.899141,5.473505,1.121446,OverRange,OverRange,OverRange,12.32542,15.268752,-2.398745
2026/06/07 06:03:00.273,n,-2.260792,6.088997,5.064168,1.350265,OverRange,OverRange,OverRange,12.298626,15.277308,-2.402584
2026/06/07 06:04:00.273,n,-2.152377,6.086236,5.516161,1.127477,OverRange,OverRange,OverRange,12.292074,15.271946,-2.359667
2026/06/07 06:05:00.274,n,-2.117351,3.936976,4.569928,1.415914,OverRange,OverRange,OverRange,12.255458,15.269828,-2.433726
2026/06/07 06:06:00.278,n,-2.31904,5.839867,5.658392,1.206859,OverRange,OverRange,OverRange,12.295094,15.265542,-2.499595
2026/06/07 06:07:00.280,n,-2.213834,3.421169,4.870198,1.622395,OverRange,OverRange,OverRange,12.26857,15.264466,-2.490039
2026/06/07 06:08:00.281,n,-2.374595,6.018353,4.996621,1.4977,OverRange,OverRange,OverRange,12.31126,15.261272,-2.575703
2026/06/07 06:09:00.283,n,-2.357018,6.17482,5.35193,1.431055,OverRange,OverRange,OverRange,12.298142,15.249506,-2.608807
2026/06/07 06:10:00.271,n,-2.339697,6.151433,5.598999,1.198789,OverRange,OverRange,OverRange,12.287028,15.258094,-2.600958
2026/06/07 06:11:00.270,n,-2.190355,3.562931,4.694868,1.526791,OverRange,OverRange,OverRange,12.282472,15.256986,-2.571692
2026/06/07 06:12:00.273,n,-2.219736,6.419149,4.982211,1.563755,OverRange,OverRange,OverRange,12.334744,15.254836,-2.535004
2026/06/07 06:13:00.273,n,-2.222558,6.370367,4.683223,1.329657,OverRange,OverRange,OverRange,12.30065,15.246296,-2.544645
2026/06/07 06:14:00.276,n,-2.30172,3.124423,4.801697,1.618297,OverRange,OverRange,OverRange,12.24207,15.245254,-2.544474
2026/06/07 06:15:00.263,n,-2.24886,6.462111,5.266479,1.356594,OverRange,OverRange,OverRange,12.314534,15.246296,-2.441406
2026/06/07 06:16:00.281,n,-2.175728,6.07906,5.386258,1.502765,OverRange,OverRange,OverRange,12.289032,15.246296,-2.476558
2026/06/07 06:17:00.284,n,-2.213962,3.95233,4.527581,1.436595,OverRange,OverRange,OverRange,12.25494,15.2484,-2.669045
2026/06/07 06:18:00.270,n,-2.377546,4.530183,5.113371,1.152823,OverRange,OverRange,OverRange,12.329926,15.246296,-2.661366
2026/06/07 06:19:00.271,n,-2.351116,6.029737,5.364176,1.368562,OverRange,OverRange,OverRange,12.302156,15.238784,-2.630223
2026/06/07 06:20:00.271,n,-2.31609,5.942281,5.228476,1.403908,OverRange,OverRange,OverRange,12.299658,15.244178,-2.585429
2026/06/07 06:21:00.257,n,-2.225637,3.182257,4.120622,1.203647,OverRange,OverRange,OverRange,12.303158,15.239844,-2.523229
2026/06/07 06:22:00.261,n,-2.266437,6.178505,5.850082,0.955206,OverRange,OverRange,OverRange,12.358216,15.237742,-2.534663
2026/06/07 06:23:00.261,n,-2.202158,3.781247,4.883696,1.475111,OverRange,OverRange,OverRange,12.274908,15.23559,-2.552324
2026/06/07 06:24:00.263,n,-2.22243,6.516801,4.716656,1.355631,OverRange,OverRange,OverRange,12.375386,15.24092,-2.5484
2026/06/07 06:25:00.265,n,-2.207932,4.718757,4.702746,1.075322,OverRange,OverRange,OverRange,12.322618,15.23559,-2.598995
2026/06/07 06:26:00.267,n,-2.240264,6.00724,5.033577,1.488925,OverRange,OverRange,OverRange,12.391018,15.233408,-2.674932
2026/06/07 06:27:00.269,n,-2.210883,4.092143,4.67129,1.313633,OverRange,OverRange,OverRange,12.322876,15.232364,-2.705989
2026/06/07 06:28:00.271,n,-2.301463,5.308788,4.987742,1.41067,OverRange,OverRange,OverRange,12.424336,15.230262,-2.678942
2026/06/07 06:29:00.259,n,-2.263486,5.07056,5.042778,1.287749,OverRange,OverRange,OverRange,12.400624,15.228112,-2.715801
2026/06/07 06:30:00.258,n,-2.292995,3.293418,4.901927,1.439807,OverRange,OverRange,OverRange,12.41449,15.22596,-2.723651
2026/06/07 06:31:00.261,n,-2.272211,4.54401,5.159418,1.481089,OverRange,OverRange,OverRange,12.428636,15.233408,-2.696433
2026/06/07 06:32:00.262,n,-2.354067,6.025996,5.087363,1.253853,OverRange,OverRange,OverRange,12.454626,15.230262,-2.680819
2026/06/07 06:33:00.267,n,-2.345599,6.01842,5.131843,1.281015,OverRange,OverRange,OverRange,12.413484,15.234516,-2.766397
2026/06/07 06:34:00.267,n,-2.383448,6.116996,4.988665,1.440826,OverRange,OverRange,OverRange,12.434428,15.228112,-2.764521
2026/06/07 06:35:00.271,n,-2.407184,6.142563,5.353764,1.084641,OverRange,OverRange,OverRange,12.433162,15.228112,-2.784059
2026/06/07 06:36:00.271,n,-2.488783,6.061499,4.259461,0.889331,OverRange,OverRange,OverRange,12.48618,15.237742,-2.92996
2026/06/07 06:37:00.272,n,-2.497764,3.785556,4.701069,1.348347,OverRange,OverRange,OverRange,12.438482,15.231304,-2.850183
2026/06/07 06:38:00.257,n,-2.652751,3.456479,4.26589,1.108245,OverRange,OverRange,OverRange,12.513928,15.229186,-2.982432
2026/06/07 06:39:00.261,n,-2.67328,6.17762,5.079158,1.447519,OverRange,OverRange,OverRange,12.493226,15.232364,-2.902572
2026/06/07 06:40:00.262,n,-2.591295,6.392269,5.301712,1.45423,OverRange,OverRange,OverRange,12.438472,15.22596,-2.963065
2026/06/07 06:41:00.264,n,-2.556141,3.426605,5.152531,1.350529,OverRange,OverRange,OverRange,12.445796,15.232364,-2.924158
2026/06/07 06:42:00.266,n,-2.535613,3.720565,5.018574,1.601214,OverRange,OverRange,OverRange,12.492488,15.229186,-2.978679
2026/06/07 06:43:00.267,n,-2.550367,6.598481,5.050942,1.608244,OverRange,OverRange,OverRange,12.508372,15.22487,-2.968866
2026/06/07 06:44:00.270,n,-2.594118,6.099541,5.399809,1.428644,OverRange,OverRange,OverRange,12.503582,15.22275,-2.924072
2026/06/07 06:45:00.275,n,-2.550367,6.595602,5.443402,1.272649,OverRange,OverRange,OverRange,12.465984,15.22487,-2.935762
2026/06/07 06:46:00.257,n,-2.60297,3.287803,4.843001,1.603743,OverRange,OverRange,OverRange,12.513922,15.227036,-3.019548
2026/06/07 06:47:00.260,n,-2.667506,5.439465,4.757659,1.122242,OverRange,OverRange,OverRange,12.49525,15.2206,-3.027312
2026/06/07 06:48:00.261,n,-2.790161,6.00228,5.678889,1.162218,OverRange,OverRange,OverRange,12.522508,15.216346,-3.173384
2026/06/07 06:49:00.264,n,-2.699709,3.392074,4.428607,1.252946,OverRange,OverRange,OverRange,12.475816,15.219524,-2.990282
2026/06/07 06:50:00.265,n,-2.456708,3.848337,4.586096,1.569243,OverRange,OverRange,OverRange,12.484152,15.218448,-3.066134
2026/06/07 06:51:00.268,n,-2.491862,6.435318,5.052138,1.612452,OverRange,OverRange,OverRange,12.555028,15.217388,-2.972706
2026/06/07 06:52:00.269,n,-2.506488,6.583563,4.900794,1.690303,OverRange,OverRange,OverRange,12.508114,15.217388,-2.912383
2026/06/07 06:53:00.271,n,-2.532533,6.256809,5.134994,1.480813,OverRange,OverRange,OverRange,12.49876,15.22275,-2.90078
2026/06/07 06:54:00.273,n,-2.497764,5.892861,5.267042,1.61296,OverRange,OverRange,OverRange,12.52652,15.22487,-2.89677
2026/06/07 06:55:00.259,n,-2.357531,6.106888,4.746929,1.238052,OverRange,OverRange,OverRange,12.510896,15.229186,-2.875439
2026/06/07 06:56:00.261,n,-2.30172,3.940259,4.790841,1.509116,OverRange,OverRange,OverRange,12.485398,15.229186,-2.811277
2026/06/07 06:57:00.265,n,-2.292611,5.946472,4.825935,1.211409,OverRange,OverRange,OverRange,12.54243,15.229186,-2.815031
2026/06/07 06:58:00.265,n,-2.207932,3.778066,3.96955,0.560108,OverRange,OverRange,OverRange,12.482884,15.231304,-2.830645
2026/06/07 06:59:00.267,n,-2.430149,6.584345,5.010318,1.597301,OverRange,OverRange,OverRange,12.591884,15.230262,-2.891138
2026/06/07 07:00:00.269,n,-2.313267,6.119218,6.088204,0.116718,OverRange,OverRange,OverRange,12.56011,15.239844,-2.719641
2026/06/07 07:01:00.271,n,-2.202158,3.702599,4.478521,1.135169,OverRange,OverRange,OverRange,12.54799,15.237742,-2.731415
2026/06/07 07:02:00.274,n,-2.292867,6.083643,4.675296,1.184721,OverRange,OverRange,OverRange,12.597154,15.23559,-2.772284
2026/06/07 07:03:00.275,n,-2.372029,3.707969,4.533769,1.512847,OverRange,OverRange,OverRange,12.520494,15.245254,-2.748992
2026/06/07 07:04:00.261,n,-2.278113,5.305549,5.028375,1.305811,OverRange,OverRange,OverRange,12.571956,15.253776,-2.741057
2026/06/07 07:05:00.261,n,-2.217041,3.783472,4.219186,1.128731,OverRange,OverRange,OverRange,12.554536,15.25055,-2.72348
2026/06/07 07:06:00.265,n,-2.327893,3.549455,4.963295,1.232466,OverRange,OverRange,OverRange,12.57018,15.259138,-2.723651
2026/06/07 07:07:00.267,n,-2.219607,4.409847,4.685507,1.067933,OverRange,OverRange,OverRange,12.567906,15.261272,-2.747029
2026/06/07 07:08:00.270,n,-2.421425,6.472862,5.108064,1.52996,OverRange,OverRange,OverRange,12.59641,15.267692,-2.787813
2026/06/07 07:09:00.270,n,-2.365999,6.386,4.596128,1.080603,OverRange,OverRange,OverRange,12.581014,15.274096,-2.768274
2026/06/07 07:10:00.272,n,-2.184581,3.656437,4.839533,1.17543,OverRange,OverRange,OverRange,12.544704,15.279458,-2.73534
2026/06/07 07:11:00.275,n,-2.272082,6.271089,5.710046,0.935677,OverRange,OverRange,OverRange,12.607,15.282668,-2.729538
2026/06/07 07:12:00.277,n,-2.1144,6.263932,6.15873,0.115363,OverRange,OverRange,OverRange,12.54597,15.28798,-2.651639
2026/06/07 07:13:00.262,n,-2.029593,4.611604,5.650324,0.924425,OverRange,OverRange,OverRange,12.551764,15.299778,-2.645752
2026/06/07 07:14:00.267,n,-2.067442,3.282938,4.616868,1.314466,OverRange,OverRange,OverRange,12.585568,15.30082,-2.645837
2026/06/07 07:15:00.265,n,-2.102597,6.541717,4.822895,1.355863,OverRange,OverRange,OverRange,12.661236,15.310484,-2.577494
2026/06/07 07:16:00.267,n,-2.211011,6.522277,4.992319,1.436253,OverRange,OverRange,OverRange,12.626196,15.314738,-2.760681
2026/06/07 07:17:00.269,n,-2.108498,4.112198,4.756998,1.363242,OverRange,OverRange,OverRange,12.601192,15.326504,-2.672884
2026/06/07 07:18:00.274,n,-2.155457,3.805296,4.916549,1.651594,OverRange,OverRange,OverRange,12.629696,15.328622,-2.663158
2026/06/07 07:19:00.275,n,-2.070521,3.699825,4.238025,1.205937,OverRange,OverRange,OverRange,12.630978,15.333982,-2.581504
2026/06/07 07:20:00.275,n,-2.131721,3.943607,3.847571,0.108281,OverRange,OverRange,OverRange,12.639546,15.343614,-2.735511
2026/06/07 07:21:00.280,n,-2.122997,3.302513,5.589881,1.129504,OverRange,OverRange,OverRange,12.623912,15.353276,-2.670922
2026/06/07 07:22:00.263,n,-2.011759,5.564841,5.528914,1.206228,OverRange,OverRange,OverRange,12.643586,15.358604,-2.581419
2026/06/07 07:23:00.265,n,-1.959413,6.191829,4.690365,1.303201,OverRange,OverRange,OverRange,12.634506,15.370306,-2.554287
2026/06/07 07:24:00.269,n,-1.965058,4.088149,4.512887,1.394702,OverRange,OverRange,OverRange,12.599172,15.373564,-2.563843
2026/06/07 07:25:00.268,n,-2.105933,3.948072,4.158356,1.231396,OverRange,OverRange,OverRange,12.66828,15.37464,-2.620411
2026/06/07 07:26:00.271,n,-2.067699,5.761121,4.806072,1.077841,OverRange,OverRange,OverRange,12.719472,15.385298,-2.562051
2026/06/07 07:27:00.272,n,-1.971345,6.111656,5.35067,1.318736,OverRange,OverRange,OverRange,12.628688,15.39281,-2.599081
2026/06/07 07:28:00.277,n,-1.886153,3.868277,3.929068,0.189209,OverRange,OverRange,OverRange,12.628948,15.402442,-2.540635
2026/06/07 07:29:00.276,n,-1.965058,3.949891,4.980988,1.457809,OverRange,OverRange,OverRange,12.677618,15.408846,-2.534919
2026/06/07 07:30:00.278,n,-1.833678,5.567012,6.081964,0.311654,OverRange,OverRange,OverRange,12.662506,15.412072,-2.408215
2026/06/07 07:31:00.264,n,-1.808018,3.81079,4.675263,1.439601,OverRange,OverRange,OverRange,12.612408,15.410996,-2.459323
2026/06/07 07:32:00.267,n,-1.839964,5.927431,4.680258,1.215783,OverRange,OverRange,OverRange,12.713786,15.416358,-2.449596
2026/06/07 07:33:00.268,n,-1.816742,6.001427,5.279316,1.527922,OverRange,OverRange,OverRange,12.65175,15.424914,-2.480654
2026/06/07 07:34:00.269,n,-1.889745,6.112983,5.095232,1.404527,OverRange,OverRange,OverRange,12.670416,15.429168,-2.469135
2026/06/07 07:35:00.272,n,-1.761059,6.604334,5.070212,1.432546,OverRange,OverRange,OverRange,12.672684,15.440948,-2.408898
2026/06/07 07:36:00.273,n,-1.740531,5.90855,5.333933,1.139761,OverRange,OverRange,OverRange,12.678228,15.448428,-2.356169
2026/06/07 07:37:00.278,n,-1.708584,3.445605,4.377055,1.069576,OverRange,OverRange,OverRange,12.68277,15.444126,-2.338507
2026/06/07 07:38:00.277,n,-1.576948,4.651844,4.259189,0.655843,OverRange,OverRange,OverRange,12.715058,15.458012,-2.282195
2026/06/07 07:39:00.279,n,-1.705505,3.515409,4.940846,1.333555,OverRange,OverRange,OverRange,12.708476,15.461204,-2.361971
2026/06/07 07:40:00.266,n,-1.570789,3.535661,5.352102,1.396054,OverRange,OverRange,OverRange,12.723882,15.46976,-2.21991
2026/06/07 07:41:00.270,n,-1.489061,3.67431,5.552475,1.100283,OverRange,OverRange,OverRange,12.713548,15.472972,-2.134246
2026/06/07 07:42:00.269,n,-1.380775,3.372221,4.917389,1.570999,OverRange,OverRange,OverRange,12.706452,15.479408,-2.101312
2026/06/07 07:43:00.270,n,-1.375002,3.839602,3.867382,0.11105,OverRange,OverRange,OverRange,12.709004,15.484752,-2.165474
2026/06/07 07:44:00.273,n,-1.313802,6.086096,5.632421,0.812271,OverRange,OverRange,OverRange,12.749084,15.492232,-1.957374
2026/06/07 07:45:00.275,n,-1.164331,5.998273,5.196598,1.528637,OverRange,OverRange,OverRange,12.685792,15.498606,-1.875549
2026/06/07 07:46:00.277,n,-1.100053,6.496578,4.451717,1.156339,OverRange,OverRange,OverRange,12.728414,15.495444,-1.877427
2026/06/07 07:47:00.279,n,-1.240542,4.844605,5.826283,0.48536,OverRange,OverRange,OverRange,12.684546,15.509328,-1.99227
2026/06/07 07:48:00.282,n,-1.123404,3.960338,3.85873,0.154497,OverRange,OverRange,OverRange,12.760692,15.514672,-1.887239
2026/06/07 07:49:00.266,n,-0.941986,5.37176,5.116168,1.236028,OverRange,OverRange,OverRange,12.72337,15.522154,-1.682722
2026/06/07 07:50:00.267,n,-0.769549,3.837741,4.913464,1.441426,OverRange,OverRange,OverRange,12.727132,15.525364,-1.523255
2026/06/07 07:51:00.270,n,-0.713995,5.941991,5.174622,1.274901,OverRange,OverRange,OverRange,12.76295,15.53177,-1.420271
2026/06/07 07:52:00.272,n,-0.63509,6.162119,5.216413,1.36656,OverRange,OverRange,OverRange,12.73195,15.536036,-1.342372
2026/06/07 07:53:00.273,n,-0.500502,3.783282,4.666361,1.276831,OverRange,OverRange,OverRange,12.6795,15.542444,-1.357986
2026/06/07 07:54:00.276,n,-0.485876,3.285349,4.840261,1.193876,OverRange,OverRange,OverRange,12.770758,15.550964,-1.276077
2026/06/07 07:55:00.278,n,-0.260708,3.992967,4.195436,1.104906,OverRange,OverRange,OverRange,12.741772,15.55636,-1.136063
2026/06/07 07:56:00.280,n,-0.225681,4.132981,4.777176,1.221344,OverRange,OverRange,OverRange,12.763714,15.557402,-1.021305
2026/06/07 07:57:00.285,n,-0.024121,5.923728,5.354431,1.44206,OverRange,OverRange,OverRange,12.76471,15.564882,-0.791874
2026/06/07 07:58:00.267,n,0.157297,6.606381,4.234518,1.191211,OverRange,OverRange,OverRange,12.73547,15.568094,-0.77626
2026/06/07 07:59:00.269,n,0.241976,5.860246,4.832668,1.459352,OverRange,OverRange,OverRange,12.777822,15.576618,-0.694607
2026/06/07 08:00:00.272,n,0.376692,4.047444,4.405096,1.068652,OverRange,OverRange,OverRange,12.75085,15.578768,-0.542904
2026/06/07 08:01:00.273,n,0.443921,5.769674,5.25482,1.606161,OverRange,OverRange,OverRange,12.809072,15.580888,-0.47294
2026/06/07 08:02:00.276,n,0.797647,3.731212,4.391839,1.301654,OverRange,OverRange,OverRange,12.74732,15.593696,-0.192657
2026/06/07 08:03:00.278,n,1.148166,3.565808,5.475419,1.017845,OverRange,OverRange,OverRange,12.756902,15.593696,0.135747
2026/06/07 08:04:00.279,n,1.358707,5.927814,5.705837,1.176998,OverRange,OverRange,OverRange,12.76093,15.606538,0.312705
2026/06/07 08:05:00.281,n,1.852923,3.827077,4.150578,0.959563,OverRange,OverRange,OverRange,12.725616,15.606538,0.526522
2026/06/07 08:06:00.283,n,2.212166,3.698273,4.33658,1.184076,OverRange,OverRange,OverRange,12.752626,15.606538,0.825918
2026/06/07 08:07:00.269,n,2.238596,6.094295,5.469619,1.137268,OverRange,OverRange,OverRange,12.802282,15.612944,1.127104
2026/06/07 08:08:00.270,n,2.600918,6.447659,5.894392,0.734296,OverRange,OverRange,OverRange,12.752366,15.616138,1.471123
2026/06/07 08:09:00.272,n,2.878304,5.491786,5.272559,1.247362,OverRange,OverRange,OverRange,12.70547,15.619364,1.540831
2026/06/07 08:10:00.259,n,3.375086,6.486533,4.828765,1.411348,OverRange,OverRange,OverRange,12.770016,15.622542,1.947135
2026/06/07 08:11:00.276,n,3.810026,6.201943,6.053565,0.203478,OverRange,OverRange,OverRange,12.765976,15.632172,2.333815
2026/06/07 08:12:00.280,n,3.819007,5.318572,4.199564,0.810878,OverRange,OverRange,OverRange,12.753128,15.636458,2.353097
2026/06/07 08:13:00.281,n,3.646443,6.007357,5.383363,1.525898,OverRange,OverRange,OverRange,12.787918,15.632172,2.203613
2026/06/07 08:14:00.282,n,3.445138,5.681223,5.185012,1.439231,OverRange,OverRange,OverRange,12.755138,15.641822,2.133563
2026/06/07 08:15:00.284,n,3.742925,6.149623,5.013001,1.572648,OverRange,OverRange,OverRange,12.824194,15.64394,2.35907
2026/06/07 08:16:00.269,n,3.839022,6.314459,5.309343,1.181044,OverRange,OverRange,OverRange,12.799006,15.652494,2.38023
2026/06/07 08:17:00.274,n,4.519531,3.305318,4.736537,1.512685,OverRange,OverRange,OverRange,12.772034,15.649284,2.982347
2026/06/07 08:18:00.273,n,5.334242,6.10286,5.391587,1.417951,OverRange,OverRange,OverRange,12.800766,15.656764,3.815432
2026/06/07 08:19:00.261,n,5.191315,6.168255,5.690861,1.002985,OverRange,OverRange,OverRange,12.789186,15.661018,3.768676
2026/06/07 08:20:00.260,n,5.097784,6.245731,6.081315,0.156689,OverRange,OverRange,OverRange,12.765472,15.662094,3.65989
2026/06/07 08:21:00.263,n,5.331291,3.934016,5.184116,1.273472,OverRange,OverRange,OverRange,12.736486,15.667456,3.842479
2026/06/07 08:22:00.264,n,5.591229,5.931838,5.055255,1.303525,OverRange,OverRange,OverRange,12.85697,15.673828,4.087012
2026/06/07 08:23:00.266,n,5.497698,6.116273,5.662634,0.546219,OverRange,OverRange,OverRange,12.793468,15.673828,3.99384
2026/06/07 08:24:00.268,n,6.484461,6.57398,5.278252,1.545976,OverRange,OverRange,OverRange,12.802502,15.681276,4.693908
2026/06/07 08:25:00.271,n,6.125346,3.919015,4.051183,0.897393,OverRange,OverRange,OverRange,12.769252,15.689864,4.327791
2026/06/07 08:26:00.258,n,5.780987,5.75671,5.436641,1.277628,OverRange,OverRange,OverRange,12.872594,15.687716,4.176429
2026/06/07 08:27:00.258,n,5.970743,3.265359,4.38276,1.640121,OverRange,OverRange,OverRange,12.803498,15.694102,4.430434
2026/06/07 08:28:00.260,n,6.472785,4.436383,5.088343,1.438368,OverRange,OverRange,OverRange,12.83401,15.69842,4.895439
2026/06/07 08:29:00.262,n,6.842163,6.168642,4.983823,1.66886,OverRange,OverRange,OverRange,12.835974,15.695228,5.223587
2026/06/07 08:30:00.264,n,7.471095,6.165057,4.925532,1.678306,OverRange,OverRange,OverRange,12.796158,15.702432,5.644225
2026/06/07 08:31:00.265,n,7.585154,4.809619,4.339666,0.759483,OverRange,OverRange,OverRange,12.826182,15.705722,5.790382
2026/06/07 08:32:00.271,n,7.998412,3.285763,4.652472,1.288647,OverRange,OverRange,OverRange,12.810786,15.71216,6.230473
2026/06/07 08:33:00.270,n,8.329429,3.968852,4.18515,0.652058,OverRange,OverRange,OverRange,12.849112,15.714294,6.438744
2026/06/07 08:34:00.271,n,8.742302,3.235497,5.281481,1.365055,OverRange,OverRange,OverRange,12.862982,15.714294,6.851447
2026/06/07 08:35:00.257,n,9.12002,3.904993,4.57318,1.546424,OverRange,OverRange,OverRange,12.836758,15.722884,7.194015
2026/06/07 08:36:00.258,n,9.190072,6.003581,4.655827,1.345139,OverRange,OverRange,OverRange,12.89474,15.72828,7.330275
2026/06/07 08:37:00.261,n,9.415882,3.790015,4.910756,1.445028,OverRange,OverRange,OverRange,12.84457,15.72828,7.462609
2026/06/07 08:38:00.262,n,10.089206,4.873456,4.805014,1.229233,OverRange,OverRange,OverRange,12.917134,15.729354,8.147489
2026/06/07 08:39:00.264,n,10.179786,6.046636,5.274177,1.220205,OverRange,OverRange,OverRange,12.84988,15.73791,8.22718
2026/06/07 08:40:00.266,n,10.41124,6.419425,4.685509,1.229362,OverRange,OverRange,OverRange,12.855906,15.740078,8.367278
2026/06/07 08:41:00.268,n,11.028626,3.342528,4.654601,1.515805,OverRange,OverRange,OverRange,12.81127,15.742228,9.083218
2026/06/07 08:42:00.269,n,12.01757,4.150401,5.022231,1.303839,OverRange,OverRange,OverRange,12.852122,15.749742,9.773472
2026/06/07 08:43:00.272,n,12.322026,6.041094,5.223061,1.372267,OverRange,OverRange,OverRange,12.875072,15.752952,10.177642
2026/06/07 08:44:00.257,n,12.868718,6.405231,5.992562,0.50916,OverRange,OverRange,OverRange,12.831478,15.759422,10.605362
2026/06/07 08:45:00.259,n,13.883836,3.802776,3.779087,0.091451,OverRange,OverRange,OverRange,12.857682,15.764802,11.252444
2026/06/07 08:46:00.261,n,13.120316,3.910386,4.91505,1.65514,OverRange,OverRange,OverRange,12.88764,15.761606,10.710308
2026/06/07 08:47:00.263,n,12.357054,3.62316,3.839752,0.195512,OverRange,OverRange,OverRange,12.916652,15.774482,10.218512
2026/06/07 08:48:00.268,n,12.187182,3.948413,3.98024,0.34365,OverRange,OverRange,OverRange,12.910874,15.773406,10.13686
2026/06/07 08:49:00.315,n,12.45931,3.744406,3.942859,0.263613,OverRange,OverRange,OverRange,12.918416,15.779844,10.52567
2026/06/07 08:50:00.316,n,12.953526,6.517258,4.625973,1.488526,OverRange,OverRange,OverRange,12.93128,15.780918,10.916104
2026/06/07 08:51:00.338,n,14.023812,6.028599,5.309449,1.419011,OverRange,OverRange,OverRange,12.873296,15.783102,11.918638
2026/06/07 08:52:00.257,n,13.874726,3.922801,5.269804,1.345308,OverRange,OverRange,OverRange,12.849092,15.79368,11.775042
2026/06/07 08:53:00.259,n,14.912938,3.096644,4.899065,1.723628,OverRange,OverRange,OverRange,12.886908,15.7862,12.786962
2026/06/07 08:54:00.307,n,15.970906,3.800503,4.625661,1.528459,OverRange,OverRange,OverRange,12.8761,15.794772,13.600422
2026/06/07 08:55:00.264,n,14.457212,3.174103,4.546526,1.433462,OverRange,OverRange,OverRange,12.877604,15.790454,12.233562
2026/06/07 08:56:00.266,n,14.270022,3.688876,4.314487,1.255823,OverRange,OverRange,OverRange,12.890468,15.79368,12.128702
2026/06/07 08:57:00.269,n,14.696748,5.952813,5.241935,1.127796,OverRange,OverRange,OverRange,12.940358,15.799074,12.505486
2026/06/07 08:58:00.268,n,14.641324,5.892348,4.022291,0.953059,OverRange,OverRange,OverRange,12.906338,15.809798,12.359754
2026/06/07 08:59:00.270,n,15.152732,6.28244,4.718169,1.391803,OverRange,OverRange,OverRange,12.860234,15.806588,12.940198
2026/06/07 09:00:00.273,n,14.76398,6.079566,5.268103,1.231283,OverRange,OverRange,OverRange,12.86224,15.817346,12.489784
2026/06/07 09:01:00.258,n,13.863436,3.290916,5.400377,1.276662,OverRange,OverRange,OverRange,12.81687,15.814118,11.563442
2026/06/07 09:02:00.262,n,13.960046,3.724855,4.796025,1.4326,OverRange,OverRange,OverRange,12.899272,15.816302,11.65286
2026/06/07 09:03:00.262,n,14.866238,6.488348,5.520963,1.06934,OverRange,OverRange,OverRange,12.8882,15.81948,12.511286
2026/06/07 09:04:00.264,n,15.719822,6.385206,4.568692,1.213463,OverRange,OverRange,OverRange,12.914394,15.81842,13.215878
2026/06/07 09:05:00.268,n,20.310558,6.082982,5.149034,1.047625,OverRange,OverRange,OverRange,12.87357,15.829144,17.356386
2026/06/07 09:06:00.267,n,18.99137,5.505176,5.135741,1.518513,OverRange,OverRange,OverRange,12.874084,15.825918,16.579528
2026/06/07 09:07:00.269,n,17.4379,6.204829,5.792495,1.068688,OverRange,OverRange,OverRange,12.93128,15.826962,14.94689
2026/06/07 09:08:00.271,n,17.577876,6.053381,5.243789,1.542277,OverRange,OverRange,OverRange,12.890448,15.831296,14.720104
2026/06/07 09:09:00.274,n,16.96755,6.261731,5.457027,1.072235,OverRange,OverRange,OverRange,12.91264,15.838858,14.133856
2026/06/07 09:10:00.261,n,19.312506,6.588211,4.654461,1.551562,OverRange,OverRange,OverRange,12.90682,15.837768,16.189948
2026/06/07 09:11:00.262,n,20.456952,6.706255,4.740239,1.340299,OverRange,OverRange,OverRange,12.910462,15.838858,17.081648
2026/06/07 09:12:00.265,n,23.415314,3.855516,3.712476,0.186811,OverRange,OverRange,OverRange,12.910884,15.847416,19.359746
2026/06/07 09:13:00.267,n,25.219484,6.007928,5.074799,1.186154,OverRange,OverRange,OverRange,12.945394,15.849532,20.75075
2026/06/07 09:14:00.270,n,30.279418,6.289403,5.928946,0.703323,OverRange,OverRange,OverRange,12.900044,15.846338,25.37555
2026/06/07 09:15:00.273,n,32.68673,3.826044,3.990206,0.569673,OverRange,OverRange,OverRange,12.937312,15.854928,27.090096
2026/06/07 09:16:00.273,n,34.480116,3.106484,4.6323,1.496764,OverRange,OverRange,OverRange,12.932536,15.860258,29.133986
2026/06/07 09:17:00.274,n,25.007276,6.204744,5.44639,1.276556,OverRange,OverRange,OverRange,12.97553,15.864592,20.75715
2026/06/07 09:18:00.277,n,25.31019,3.863559,5.039483,1.271484,OverRange,OverRange,OverRange,12.915152,15.873166,20.490262
2026/06/07 09:19:00.261,n,26.740876,2.917165,4.135337,1.239656,OverRange,OverRange,OverRange,12.944006,15.869988,21.470186
2026/06/07 09:20:00.263,n,36.85728,3.957706,4.503853,1.308429,OverRange,OverRange,OverRange,12.989482,15.878528,29.809394
2026/06/07 09:21:00.266,n,32.685322,3.732467,3.97248,0.702921,OverRange,OverRange,OverRange,12.958248,15.880712,26.462976
2026/06/07 09:22:00.267,n,35.339092,3.796904,3.792955,0.092083,OverRange,OverRange,OverRange,13.013662,15.886106,28.923326
2026/06/07 09:23:00.270,n,38.479008,6.099908,6.175008,0.185643,OverRange,OverRange,OverRange,13.005,15.884998,31.430086
2026/06/07 09:24:00.272,n,39.268568,4.510162,5.851459,0.65862,OverRange,OverRange,OverRange,12.937084,15.90309,33.6215
2026/06/07 09:25:00.274,n,35.17962,4.145821,3.892875,0.158822,OverRange,OverRange,OverRange,12.983862,15.900954,30.09207
2026/06/07 09:26:00.275,n,36.642248,3.321565,5.101977,1.464365,OverRange,OverRange,OverRange,13.003224,15.91057,31.016874
2026/06/07 09:27:00.278,n,32.018666,6.028546,5.198714,1.330612,OverRange,OverRange,OverRange,13.048482,15.909494,27.662008
2026/06/07 09:28:00.263,n,32.7546,4.068487,4.583754,1.309419,OverRange,OverRange,OverRange,12.995056,15.920236,28.419328
2026/06/07 09:29:00.265,n,31.204084,6.276844,5.213436,1.38226,OverRange,OverRange,OverRange,13.056458,15.918118,27.79204
2026/06/07 09:30:00.269,n,40.261748,6.111716,5.941339,0.307077,OverRange,OverRange,OverRange,12.972056,15.919192,35.13904
2026/06/07 09:31:00.270,n,43.575764,6.146899,5.288417,1.471406,OverRange,OverRange,OverRange,12.992696,15.922372,38.65362
2026/06/07 09:32:00.271,n,43.704068,3.220779,4.174496,1.151099,OverRange,OverRange,OverRange,12.954814,15.922372,38.685024
2026/06/07 09:33:00.273,n,45.153352,4.137775,5.031755,1.343824,OverRange,OverRange,OverRange,13.015524,15.928842,39.546264
2026/06/07 09:34:00.277,n,30.849714,6.188886,5.224417,1.49007,OverRange,OverRange,OverRange,13.053288,15.928842,27.145216
2026/06/07 09:35:00.277,n,31.16893,5.738309,6.041054,0.245548,OverRange,OverRange,OverRange,13.030726,15.926704,26.915954
2026/06/07 09:36:00.282,n,30.574896,6.093173,4.990623,1.566873,OverRange,OverRange,OverRange,13.02092,15.937428,27.378568
2026/06/07 09:37:00.265,n,22.478462,6.52019,4.638101,1.302714,OverRange,OverRange,OverRange,13.016232,15.934236,20.12568
2026/06/07 09:38:00.266,n,26.893812,3.853018,3.745254,0.252641,OverRange,OverRange,OverRange,12.981862,15.937428,23.48908
2026/06/07 09:39:00.268,n,30.386034,3.813854,4.734641,1.232567,OverRange,OverRange,OverRange,12.991044,15.939582,26.910234
2026/06/07 09:40:00.271,n,23.403128,6.512966,4.646252,1.436628,OverRange,OverRange,OverRange,13.010864,15.940658,20.675414
2026/06/07 09:41:00.272,n,30.627244,3.763806,4.264526,0.92601,OverRange,OverRange,OverRange,12.967758,15.935278,26.510076
2026/06/07 09:42:00.274,n,32.914592,3.639383,4.46003,1.261551,OverRange,OverRange,OverRange,13.01524,15.938506,28.65763
2026/06/07 09:43:00.278,n,27.23458,3.364076,5.693728,1.166883,OverRange,OverRange,OverRange,12.96639,15.933144,23.789324
2026/06/07 09:44:00.281,n,24.104804,6.302009,6.167784,0.212336,OverRange,OverRange,OverRange,12.973638,15.937428,20.528914
2026/06/07 09:45:00.281,n,34.269836,5.139918,5.159303,1.12956,OverRange,OverRange,OverRange,12.93777,15.935278,29.032792
2026/06/07 09:46:00.266,n,39.682208,6.080096,6.263277,0.161144,OverRange,OverRange,OverRange,12.978348,15.936322,33.282684
2026/06/07 09:47:00.268,n,42.368064,4.189832,3.875118,0.191852,OverRange,OverRange,OverRange,12.98287,15.936322,35.318896
2026/06/07 09:48:00.271,n,44.344284,5.397767,5.08374,1.312211,OverRange,OverRange,OverRange,13.003372,15.934236,37.211256
2026/06/07 09:49:00.273,n,39.422144,3.697766,4.54932,1.479513,OverRange,OverRange,OverRange,12.993328,15.936322,33.382678
2026/06/07 09:50:00.275,n,39.644108,3.382079,5.012179,1.683227,OverRange,OverRange,OverRange,13.000988,15.938506,33.719536
2026/06/07 09:51:00.277,n,36.464424,3.374114,4.965833,1.656498,OverRange,OverRange,OverRange,13.005102,15.940658,31.776834
2026/06/07 09:52:00.278,n,33.231494,6.542383,4.767046,1.471099,OverRange,OverRange,OverRange,13.023488,15.94387,29.329712
2026/06/07 09:53:00.280,n,30.994568,6.469988,5.120894,1.548446,OverRange,OverRange,OverRange,13.008688,15.935278,26.919962
2026/06/07 09:54:00.283,n,28.38903,3.407974,4.846687,1.65284,OverRange,OverRange,OverRange,12.989696,15.939582,25.377082
2026/06/07 09:55:00.268,n,25.89563,3.761484,4.691449,1.40863,OverRange,OverRange,OverRange,13.024684,15.938506,23.250602
2026/06/07 09:56:00.272,n,24.869606,6.591669,5.112892,1.279955,OverRange,OverRange,OverRange,13.029302,15.940658,22.225202
2026/06/07 09:57:00.273,n,25.746928,5.861882,4.833608,1.635595,OverRange,OverRange,OverRange,12.978944,15.937428,22.759064
2026/06/07 09:58:00.274,n,27.011462,6.163275,5.105342,1.552236,OverRange,OverRange,OverRange,13.012624,15.938506,23.926354
2026/06/07 09:59:00.276,n,28.7969,3.544195,4.448349,1.306367,OverRange,OverRange,OverRange,13.039042,15.9417,25.697212
2026/06/07 10:00:00.261,n,28.464858,6.195902,5.06366,1.499698,OverRange,OverRange,OverRange,13.092428,15.942792,25.681596
2026/06/07 10:01:00.279,n,30.214498,3.992202,3.77057,0.430039,OverRange,OverRange,OverRange,13.025772,15.940658,26.881484
2026/06/07 10:02:00.283,n,32.841588,3.766231,4.351303,1.225597,OverRange,OverRange,OverRange,13.065202,15.944976,29.22289
2026/06/07 10:03:00.283,n,35.443916,6.035754,5.911923,0.685635,OverRange,OverRange,OverRange,13.044246,15.94387,31.780848
2026/06/07 10:04:00.270,n,38.075496,5.678396,6.071522,0.211919,OverRange,OverRange,OverRange,13.001272,15.944976,33.5186
2026/06/07 10:05:00.273,n,39.07278,3.715686,4.132373,1.231963,OverRange,OverRange,OverRange,13.026536,15.948154,34.322252
2026/06/07 10:06:00.273,n,37.092844,6.664831,5.29147,1.341391,OverRange,OverRange,OverRange,13.050752,15.948154,32.894386
2026/06/07 10:07:00.275,n,35.443144,4.652072,5.499356,1.285436,OverRange,OverRange,OverRange,13.052632,15.950338,31.78665
2026/06/07 10:08:00.276,n,29.870652,3.146708,5.242412,1.529779,OverRange,OverRange,OverRange,13.046738,15.947094,26.79249
2026/06/07 10:09:00.280,n,24.205134,6.409886,5.130058,1.298551,OverRange,OverRange,OverRange,13.073564,15.9557,21.383584
2026/06/07 10:10:00.282,n,23.863854,3.136794,5.092425,1.438616,OverRange,OverRange,OverRange,13.024922,15.957852,20.456818
2026/06/07 10:11:00.269,n,24.75593,6.509652,4.667747,1.419141,OverRange,OverRange,OverRange,13.059972,15.9557,21.399284
2026/06/07 10:12:00.269,n,25.633382,6.479359,5.002817,1.571417,OverRange,OverRange,OverRange,13.038162,15.957852,22.168976
2026/06/07 10:13:00.270,n,23.87271,6.102234,5.818659,0.546294,OverRange,OverRange,OverRange,12.99825,15.958896,20.927284
2026/06/07 10:14:00.272,n,23.779304,6.091378,5.337068,1.394866,OverRange,OverRange,OverRange,12.919704,15.958896,20.824812
2026/06/07 10:15:00.258,n,24.310088,6.184223,5.286903,1.323987,OverRange,OverRange,OverRange,12.813818,15.956744,21.379916
2026/06/07 10:16:00.259,n,24.35653,6.043304,5.102345,1.342279,OverRange,OverRange,OverRange,12.833176,15.9557,21.52906
2026/06/07 10:17:00.262,n,24.986488,6.211217,5.671057,1.069375,OverRange,OverRange,OverRange,12.775514,15.956744,22.153618
2026/06/07 10:18:00.263,n,25.72666,3.864756,4.509353,1.112104,OverRange,OverRange,OverRange,12.76792,15.94923,22.7106
2026/06/07 10:19:00.266,n,26.443474,6.53505,5.177674,1.516021,OverRange,OverRange,OverRange,12.763616,15.939582,23.526192
2026/06/07 10:20:00.267,n,27.183386,6.42323,4.897239,1.707241,OverRange,OverRange,OverRange,12.728578,15.934236,24.097168
2026/06/07 10:21:00.269,n,26.874822,3.417367,4.930547,1.567554,OverRange,OverRange,OverRange,12.732122,15.926704,23.763732
2026/06/07 10:22:00.271,n,26.588968,4.178693,5.116814,1.40375,OverRange,OverRange,OverRange,12.743988,15.92131,23.686514
2026/06/07 10:23:00.256,n,26.233832,5.476132,5.202032,1.400795,OverRange,OverRange,OverRange,12.72431,15.914888,23.250772
2026/06/07 10:24:00.260,n,26.056008,5.760735,4.946901,1.46667,OverRange,OverRange,OverRange,12.745988,15.904132,22.989006
2026/06/07 10:25:00.261,n,25.991984,6.448398,4.938402,1.526311,OverRange,OverRange,OverRange,12.712948,15.900954,22.998648
2026/06/07 10:26:00.261,n,26.772828,3.532809,4.923527,1.636296,OverRange,OverRange,OverRange,12.680934,15.902014,23.517576
2026/06/07 10:27:00.264,n,28.220316,6.476181,5.392525,1.466787,OverRange,OverRange,OverRange,12.735414,15.888014,24.814728
2026/06/07 10:28:00.266,n,31.093614,6.307788,4.792402,1.304132,OverRange,OverRange,OverRange,12.732388,15.876214,27.435648
2026/06/07 10:29:00.268,n,32.53918,6.511403,4.936292,1.335397,OverRange,OverRange,OverRange,12.705664,15.878382,28.463782
2026/06/07 10:30:00.270,n,35.49088,6.711423,4.669709,1.549919,OverRange,OverRange,OverRange,12.70691,15.862262,31.225656
2026/06/07 10:31:00.272,n,37.05384,6.463229,5.234442,1.55304,OverRange,OverRange,OverRange,12.72961,15.859002,32.467262
2026/06/07 10:32:00.259,n,39.807308,6.342309,5.163782,1.306577,OverRange,OverRange,OverRange,12.717748,15.856884,34.498012
2026/06/07 10:33:00.259,n,43.221392,4.18128,4.26891,0.787241,OverRange,OverRange,OverRange,12.687002,15.851522,37.254596
2026/06/07 10:34:00.262,n,44.065356,3.319524,4.942057,1.636163,OverRange,OverRange,OverRange,12.680696,15.837538,38.374792
2026/06/07 10:35:00.265,n,44.752668,6.618544,4.852423,1.512659,OverRange,OverRange,OverRange,12.698354,15.834328,39.306508
2026/06/07 10:36:00.267,n,49.359312,6.508598,4.835844,1.531134,OverRange,OverRange,OverRange,12.732372,15.833284,42.843364
2026/06/07 10:37:00.270,n,51.835132,3.207496,4.825072,1.648159,OverRange,OverRange,OverRange,12.705918,15.82789,45.14902
2026/06/07 10:38:00.271,n,50.670168,6.401589,5.089416,1.58024,OverRange,OverRange,OverRange,12.718522,15.822496,43.932588
2026/06/07 10:39:00.272,n,51.070984,3.02612,4.528654,1.614217,OverRange,OverRange,OverRange,12.667806,15.815014,44.53308
2026/06/07 10:40:00.258,n,49.220108,3.813646,4.784505,1.00371,OverRange,OverRange,OverRange,12.669856,15.815014,43.07314
2026/06/07 10:41:00.260,n,47.176404,3.710655,4.923843,1.281299,OverRange,OverRange,OverRange,12.727844,15.810712,41.394848
2026/06/07 10:42:00.265,n,48.795564,6.163419,5.630576,1.112692,OverRange,OverRange,OverRange,12.73843,15.806394,43.017592
2026/06/07 10:43:00.268,n,53.249012,3.369025,5.231597,1.021995,OverRange,OverRange,OverRange,12.716508,15.809652,46.243452
2026/06/07 10:44:00.266,n,57.360676,6.626564,5.759285,1.246115,OverRange,OverRange,OverRange,12.69402,15.801032,49.810332
2026/06/07 10:45:00.269,n,58.833056,5.803684,6.041508,0.445083,OverRange,OverRange,OverRange,12.68424,15.79782,51.36636
2026/06/07 10:46:00.269,n,60.552164,3.898331,4.543687,1.442649,OverRange,OverRange,OverRange,12.669354,15.802074,53.754864
2026/06/07 10:47:00.272,n,58.827672,3.966802,4.054045,0.541286,OverRange,OverRange,OverRange,12.738454,15.798912,52.727496
2026/06/07 10:48:00.273,n,59.215776,5.921006,5.498303,1.195687,OverRange,OverRange,OverRange,12.741466,15.794594,52.096964
2026/06/07 10:49:00.260,n,61.561248,3.356914,4.114132,1.222079,OverRange,OverRange,OverRange,12.698828,15.802074,54.222768
2026/06/07 10:50:00.260,n,63.198884,6.161148,5.607554,1.209358,OverRange,OverRange,OverRange,12.709692,15.79782,55.408228
2026/06/07 10:51:00.263,n,63.294596,3.912929,4.542149,1.605823,OverRange,OverRange,OverRange,12.661758,15.801032,55.346968
2026/06/07 10:52:00.266,n,65.59182,5.751756,5.17998,1.39496,OverRange,OverRange,OverRange,12.723034,15.794594,56.501632
2026/06/07 10:53:00.267,n,66.956948,6.656998,5.06091,1.414336,OverRange,OverRange,OverRange,12.697836,15.801032,57.97864
2026/06/07 10:54:00.268,n,66.068076,6.493998,4.954511,1.661285,OverRange,OverRange,OverRange,12.683218,15.796712,57.707836
2026/06/07 10:55:00.271,n,64.972772,6.458365,4.942021,1.641849,OverRange,OverRange,OverRange,12.68952,15.79567,56.524668
2026/06/07 10:56:00.273,n,66.010216,6.420519,4.764546,1.337808,OverRange,OverRange,OverRange,12.731364,15.79567,57.116548
2026/06/07 10:57:00.275,n,67.729064,6.335939,5.241105,0.878132,OverRange,OverRange,OverRange,12.716508,15.802074,58.442964
2026/06/07 10:58:00.262,n,69.186184,3.574235,4.666528,1.011657,OverRange,OverRange,OverRange,12.67415,15.799988,59.682696
2026/06/07 10:59:00.262,n,67.642208,6.05956,5.224105,1.350088,OverRange,OverRange,OverRange,12.677674,15.798912,58.763692
2026/06/07 11:00:00.265,n,68.17632,6.55702,4.769916,1.495275,OverRange,OverRange,OverRange,12.695828,15.804258,58.913424
2026/06/07 11:01:00.268,n,69.05288,6.626647,5.063802,1.556552,OverRange,OverRange,OverRange,12.66481,15.801032,59.611788
2026/06/07 11:02:00.270,n,69.006552,3.377897,4.857482,1.6456,OverRange,OverRange,OverRange,12.669846,15.796712,59.82672
2026/06/07 11:03:00.270,n,68.84092,6.419792,5.018442,1.661588,OverRange,OverRange,OverRange,12.682434,15.803182,59.849752
2026/06/07 11:04:00.272,n,70.376048,6.511729,4.952461,1.622815,OverRange,OverRange,OverRange,12.65474,15.799988,61.0638
2026/06/07 11:05:00.275,n,70.62828,3.309087,4.888624,1.710439,OverRange,OverRange,OverRange,12.672862,15.808544,61.616092
2026/06/07 11:06:00.277,n,72.293112,6.161892,4.957526,1.203526,OverRange,OverRange,OverRange,12.68625,15.798912,63.722948
2026/06/07 11:07:00.263,n,73.935496,3.922531,3.997648,0.707231,OverRange,OverRange,OverRange,12.628002,15.799988,63.98762
2026/06/07 11:08:00.264,n,72.753848,6.098176,5.890947,0.882458,OverRange,OverRange,OverRange,12.703908,15.808544,63.911512
2026/06/07 11:09:00.267,n,74.686832,3.312424,4.693419,1.31354,OverRange,OverRange,OverRange,12.657762,15.802074,65.51454
2026/06/07 11:10:00.271,n,72.81736,3.624509,4.386849,1.220423,OverRange,OverRange,OverRange,12.699112,15.806394,63.499576
2026/06/07 11:11:00.270,n,76.749016,3.825955,4.84387,1.34905,OverRange,OverRange,OverRange,12.643632,15.802074,66.40206
2026/06/07 11:12:00.272,n,73.722008,3.939711,4.275718,1.151371,OverRange,OverRange,OverRange,12.728074,15.799988,64.67856
2026/06/07 11:13:00.273,n,76.659584,3.708949,4.98131,1.463507,OverRange,OverRange,OverRange,12.707916,15.804258,66.905296
2026/06/07 11:14:00.275,n,77.493536,3.74955,3.83649,0.116227,OverRange,OverRange,OverRange,12.718796,15.796712,67.83292
2026/06/07 11:15:00.277,n,83.956056,3.445295,4.506514,1.137338,OverRange,OverRange,OverRange,12.75231,15.806394,73.132696
2026/06/07 11:16:00.264,n,87.416592,6.274652,5.26083,1.5979,OverRange,OverRange,OverRange,12.737164,15.799988,75.271632
2026/06/07 11:17:00.266,n,88.872168,4.053976,4.551244,1.473711,OverRange,OverRange,OverRange,12.696056,15.799988,77.25008
2026/06/07 11:18:00.266,n,90.510184,3.758295,4.72548,1.457695,OverRange,OverRange,OverRange,12.743724,15.801032,78.850888
2026/06/07 11:19:00.268,n,92.868496,6.493776,5.056981,1.631148,OverRange,OverRange,OverRange,12.755818,15.804258,81.434272
2026/06/07 11:20:00.274,n,97.666312,6.498019,5.030257,1.389696,OverRange,OverRange,OverRange,12.721772,15.808544,85.009872
2026/06/07 11:21:00.275,n,99.592872,3.485056,4.601766,1.156454,OverRange,OverRange,OverRange,12.666844,15.809652,87.683864
2026/06/07 11:22:00.277,n,112.01998,6.528599,5.79592,1.252396,OverRange,OverRange,OverRange,12.644882,15.810712,97.18456
2026/06/07 11:23:00.277,n,118.9295,5.998244,5.593533,1.147236,OverRange,OverRange,OverRange,12.671626,15.812862,102.8096
2026/06/07 11:24:00.277,n,120.9487,6.601721,4.81615,1.106542,OverRange,OverRange,OverRange,12.643132,15.807468,105.76618
2026/06/07 11:25:00.263,n,117.02848,3.869039,4.174431,0.734883,OverRange,OverRange,OverRange,12.596974,15.813938,103.04798
2026/06/07 11:26:00.268,n,118.58566,6.169532,5.711306,1.179455,OverRange,OverRange,OverRange,12.645396,15.812862,104.14506
2026/06/07 11:27:00.268,n,114.28256,3.39115,4.73615,1.533291,OverRange,OverRange,OverRange,12.605302,15.821452,99.939352
2026/06/07 11:28:00.272,n,112.76336,3.749654,4.004421,0.481571,OverRange,OverRange,OverRange,12.676662,15.822496,99.432192
2026/06/07 11:29:00.274,n,112.968,3.812712,4.417929,0.775067,OverRange,OverRange,OverRange,12.659032,15.820376,100.12254
2026/06/07 11:30:00.273,n,116.90132,6.186464,5.907991,0.616475,OverRange,OverRange,OverRange,12.64616,15.817164,103.396
2026/06/07 11:31:00.274,n,118.5015,3.426394,4.896787,1.503296,OverRange,OverRange,OverRange,12.59015,15.821452,106.03902
2026/06/07 11:32:00.277,n,116.89786,3.849094,4.251932,1.030904,OverRange,OverRange,OverRange,12.672644,15.822496,104.24172
2026/06/07 11:33:00.282,n,117.12766,3.366305,4.218585,1.176759,OverRange,OverRange,OverRange,12.6913,15.821452,103.86032
2026/06/07 11:34:00.264,n,120.65284,3.380113,5.664429,1.149226,OverRange,OverRange,OverRange,12.660762,15.82789,107.26784
2026/06/07 11:35:00.266,n,110.36016,3.287196,4.598333,1.521094,OverRange,OverRange,OverRange,12.663046,15.82789,99.217528
2026/06/07 11:36:00.270,n,111.62046,3.886078,4.862547,1.522825,OverRange,OverRange,OverRange,12.725572,15.831134,96.884912
2026/06/07 11:37:00.270,n,110.20106,6.584139,4.724543,1.426633,OverRange,OverRange,OverRange,12.714478,15.83537,94.472168
2026/06/07 11:38:00.272,n,101.62876,5.176084,5.252992,1.215018,OverRange,OverRange,OverRange,12.642116,15.83537,87.022792
2026/06/07 11:39:00.273,n,109.8413,5.927842,5.58235,1.017782,OverRange,OverRange,OverRange,12.618672,15.836494,94.643584
2026/06/07 11:40:00.276,n,111.32382,4.641544,4.293106,0.506758,OverRange,OverRange,OverRange,12.611104,15.840764,96.151816
2026/06/07 11:41:00.277,n,111.3555,3.619438,4.515047,1.233353,OverRange,OverRange,OverRange,12.599254,15.838646,97.47056
2026/06/07 11:42:00.281,n,117.4212,3.815411,3.83687,0.051852,OverRange,OverRange,OverRange,12.643902,15.83969,103.05386
2026/06/07 11:43:00.264,n,125.18752,3.223523,4.549083,1.330687,OverRange,OverRange,OverRange,12.63503,15.83969,111.65604
2026/06/07 11:44:00.267,n,126.74008,3.911693,3.87619,0.091435,OverRange,OverRange,OverRange,12.613388,15.841872,114.64102
2026/06/07 11:45:00.270,n,147.74872,3.862406,4.425143,1.311804,OverRange,OverRange,OverRange,12.631526,15.840764,131.59042
2026/06/07 11:46:00.273,n,143.67608,3.54575,4.819815,1.422165,OverRange,OverRange,OverRange,12.650696,15.850446,129.36684
2026/06/07 11:47:00.273,n,149.20174,3.284423,4.909393,1.635491,OverRange,OverRange,OverRange,12.588882,15.84616,133.8734
2026/06/07 11:48:00.274,n,154.78886,4.018258,4.278814,1.110441,OverRange,OverRange,OverRange,12.675686,15.853672,138.32402
2026/06/07 11:49:00.277,n,153.69522,3.290183,4.934792,1.450067,OverRange,OverRange,OverRange,12.609828,15.851522,137.4122
2026/06/07 11:50:00.279,n,141.74526,6.462671,5.160586,1.503762,OverRange,OverRange,OverRange,12.618404,15.855824,127.17766
2026/06/07 11:51:00.283,n,129.98366,6.543883,5.114363,1.593357,OverRange,OverRange,OverRange,12.67514,15.862262,118.18018
2026/06/07 11:52:00.266,n,127.99,3.135446,5.064566,1.455847,OverRange,OverRange,OverRange,12.636068,15.863322,115.55338
2026/06/07 11:53:00.268,n,126.84092,6.514446,5.163634,1.519932,OverRange,OverRange,OverRange,12.628514,15.866582,114.99564
2026/06/07 11:54:00.270,n,109.7937,6.539968,4.63879,1.381224,OverRange,OverRange,OverRange,12.655224,15.864398,100.09132
2026/06/07 11:55:00.273,n,113.39422,3.940462,4.559709,1.471719,OverRange,OverRange,OverRange,12.59927,15.867656,102.45286
2026/06/07 11:56:00.276,n,115.56916,3.734257,4.925824,1.507665,OverRange,OverRange,OverRange,12.639344,15.870834,104.2773
2026/06/07 11:57:00.276,n,112.3261,3.581199,5.424996,1.137278,OverRange,OverRange,OverRange,12.634548,15.866582,101.96148
2026/06/07 11:58:00.277,n,112.74886,3.622426,4.539758,1.475895,OverRange,OverRange,OverRange,12.60909,15.872986,101.51014
2026/06/07 11:59:00.280,n,108.64322,6.781011,4.541947,1.241654,OverRange,OverRange,OverRange,12.628758,15.868732,98.182824
2026/06/07 12:00:00.282,n,110.91532,3.886794,4.539743,1.269861,OverRange,OverRange,OverRange,12.606314,15.872986,100.67278
2026/06/07 12:01:00.269,n,109.53594,5.19271,4.805309,1.373512,OverRange,OverRange,OverRange,12.61765,15.867656,98.287088
2026/06/07 12:02:00.269,n,109.0144,4.058907,5.405063,1.221742,OverRange,OverRange,OverRange,12.59522,15.867656,97.260072
2026/06/07 12:03:00.273,n,108.86724,4.264117,3.99471,0.205863,OverRange,OverRange,OverRange,12.59396,15.868732,97.322696
2026/06/07 12:04:00.274,n,109.03442,6.20421,5.037131,1.277997,OverRange,OverRange,OverRange,12.66481,15.865506,99.448232
2026/06/07 12:05:00.277,n,110.75916,6.63922,5.142541,1.319751,OverRange,OverRange,OverRange,12.59697,15.867656,97.236424
2026/06/07 12:06:00.281,n,106.26518,4.213923,4.580547,1.398817,OverRange,OverRange,OverRange,12.629522,15.863322,93.52996
2026/06/07 12:07:00.279,n,112.6847,5.128589,5.151848,1.487457,OverRange,OverRange,OverRange,12.63178,15.863322,99.188512
2026/06/07 12:08:00.283,n,111.04066,3.266442,4.836487,1.744432,OverRange,OverRange,OverRange,12.601996,15.86011,98.356112
2026/06/07 12:09:00.291,n,97.182872,6.420939,5.419157,1.372594,OverRange,OverRange,OverRange,12.605556,15.849386,86.55804
2026/06/07 12:10:00.269,n,90.842744,6.158686,5.438473,1.244745,OverRange,OverRange,OverRange,12.602514,15.850446,80.429432
2026/06/07 12:11:00.271,n,83.761296,6.3219,4.634895,1.242334,OverRange,OverRange,OverRange,12.568726,15.845052,74.231304
2026/06/07 12:12:00.273,n,85.992456,6.004935,5.718855,1.177129,OverRange,OverRange,OverRange,12.621186,15.842948,75.2078
2026/06/07 12:13:00.275,n,92.640232,3.739439,3.937907,0.321311,OverRange,OverRange,OverRange,12.55865,15.83969,80.502304
2026/06/07 12:14:00.277,n,93.297784,3.804816,4.875072,1.348251,OverRange,OverRange,OverRange,12.581844,15.831134,80.833352
2026/06/07 12:15:00.263,n,97.072784,4.041369,4.860163,1.199544,OverRange,OverRange,OverRange,12.579824,15.828964,83.377224
2026/06/07 12:16:00.271,n,89.186504,5.96928,5.384754,1.226901,OverRange,OverRange,OverRange,12.627478,15.822496,76.767584
2026/06/07 12:17:00.269,n,99.192312,6.489938,4.246853,1.12707,OverRange,OverRange,OverRange,12.633038,15.823604,83.819368
2026/06/07 12:18:00.269,n,95.287088,3.951818,4.489647,1.445204,OverRange,OverRange,OverRange,12.550054,15.81609,82.240312
2026/06/07 12:19:00.276,n,90.950384,3.338135,4.480891,1.233624,OverRange,OverRange,OverRange,12.602778,15.808544,79.250544
2026/06/07 12:20:00.259,n,89.593224,3.564589,5.146799,1.298682,OverRange,OverRange,OverRange,12.57098,15.803182,78.006544
2026/06/07 12:21:00.261,n,79.665672,3.80097,4.589516,1.1639,OverRange,OverRange,OverRange,12.587886,15.802074,70.638648
2026/06/07 12:22:00.263,n,77.261312,6.058604,5.172197,1.240271,OverRange,OverRange,OverRange,12.575262,15.798912,68.47164
2026/06/07 12:23:00.267,n,82.986104,4.200434,4.61235,1.415027,OverRange,OverRange,OverRange,12.544256,15.792442,71.714304
2026/06/07 12:24:00.265,n,73.945376,3.709892,4.201758,1.115837,OverRange,OverRange,OverRange,12.54098,15.78708,65.036568
2026/06/07 12:25:00.266,n,75.10932,6.58948,4.971044,1.460171,OverRange,OverRange,OverRange,12.579576,15.776356,65.490996
2026/06/07 12:26:00.269,n,79.140416,4.999227,5.264331,1.036297,OverRange,OverRange,OverRange,12.485484,15.769886,69.132024
2026/06/07 12:27:00.272,n,78.017008,3.993431,4.530502,1.037077,OverRange,OverRange,OverRange,12.5135,15.767702,67.930608
2026/06/07 12:28:00.272,n,77.897048,6.498969,4.69467,1.437581,OverRange,OverRange,OverRange,12.550328,15.756978,68.243824
2026/06/07 12:29:00.257,n,81.114968,5.092966,4.324992,0.870485,OverRange,OverRange,OverRange,12.513982,15.752658,72.525792
2026/06/07 12:30:00.260,n,80.242256,3.785768,5.016774,1.625419,OverRange,OverRange,OverRange,12.488476,15.745178,72.237664
2026/06/07 12:31:00.262,n,81.113048,4.792694,4.931636,1.235805,OverRange,OverRange,OverRange,12.53267,15.73874,72.268376
2026/06/07 12:32:00.264,n,76.824576,3.275807,5.009568,1.427302,OverRange,OverRange,OverRange,12.508952,15.734406,69.250888
2026/06/07 12:33:00.268,n,81.416728,3.737527,4.314942,1.092216,OverRange,OverRange,OverRange,12.542262,15.726908,72.755144
2026/06/07 12:34:00.267,n,78.043056,3.206132,5.213095,1.519282,OverRange,OverRange,OverRange,12.521306,15.720438,69.933464
2026/06/07 12:35:00.272,n,75.27188,6.102669,5.75125,0.951632,OverRange,OverRange,OverRange,12.533676,15.709698,66.703516
2026/06/07 12:36:00.271,n,75.39376,5.695032,5.189547,1.280327,OverRange,OverRange,OverRange,12.508428,15.70538,66.932092
2026/06/07 12:37:00.256,n,75.83396,3.769313,4.157598,1.133815,OverRange,OverRange,OverRange,12.503918,15.70326,68.014656
2026/06/07 12:38:00.260,n,69.78612,6.057997,5.261246,1.404915,OverRange,OverRange,OverRange,12.568234,15.6979,63.164096
2026/06/07 12:39:00.261,n,70.967512,3.857253,5.379152,0.913258,OverRange,OverRange,OverRange,12.50113,15.691706,64.126608
2026/06/07 12:40:00.264,n,64.193216,6.599545,4.704378,1.493569,OverRange,OverRange,OverRange,12.560166,15.679972,58.476836
2026/06/07 12:41:00.264,n,65.783256,4.415004,4.245691,0.53091,OverRange,OverRange,OverRange,12.51349,15.675704,59.867248
2026/06/07 12:42:00.267,n,70.955952,4.033776,4.092973,0.567852,OverRange,OverRange,OverRange,12.510458,15.669266,65.8543
2026/06/07 12:43:00.268,n,76.14792,6.246303,5.40968,1.422747,OverRange,OverRange,OverRange,12.555614,15.666072,70.03192
2026/06/07 12:44:00.270,n,78.345712,6.090094,5.72522,1.152418,OverRange,OverRange,OverRange,12.53392,15.65859,72.640056
2026/06/07 12:45:00.273,n,81.58724,6.270009,5.631581,1.165642,OverRange,OverRange,OverRange,12.507416,15.65326,73.182008
2026/06/07 12:46:00.259,n,80.875816,4.107282,4.71492,1.290035,OverRange,OverRange,OverRange,12.49403,15.640484,72.504208
2026/06/07 12:47:00.260,n,85.650656,3.63369,4.448674,1.116312,OverRange,OverRange,OverRange,12.476898,15.647932,76.682264
2026/06/07 12:48:00.261,n,86.144624,6.217018,5.430575,1.14774,OverRange,OverRange,OverRange,12.449902,15.632972,76.980632
2026/06/07 12:49:00.265,n,80.442024,3.373355,5.275355,1.381349,OverRange,OverRange,OverRange,12.368144,15.628702,72.814448
2026/06/07 12:50:00.265,n,81.14204,4.026397,4.982167,1.372319,OverRange,OverRange,OverRange,12.44283,15.620162,73.097968
2026/06/07 12:51:00.267,n,79.744968,3.822431,4.780653,1.368535,OverRange,OverRange,OverRange,12.355992,15.612698,73.38516
2026/06/07 12:52:00.269,n,78.914608,6.425911,4.993361,1.454776,OverRange,OverRange,OverRange,12.410268,15.601974,73.195568
2026/06/07 12:53:00.271,n,76.025136,6.000827,5.103846,1.268943,OverRange,OverRange,OverRange,12.382508,15.596644,70.886504
2026/06/07 12:54:00.273,n,72.435016,6.170133,5.616544,1.12033,OverRange,OverRange,OverRange,12.318406,15.595782,66.844032
2026/06/07 12:55:00.258,n,71.7522,6.514108,4.587086,1.499426,OverRange,OverRange,OverRange,12.389416,15.597314,66.45906
2026/06/07 12:56:00.261,n,72.085136,5.884024,4.220831,0.893348,OverRange,OverRange,OverRange,12.327724,15.58131,67.13012
2026/06/07 12:57:00.262,n,74.177984,3.334322,4.939422,1.451037,OverRange,OverRange,OverRange,12.28506,15.570652,69.009248
2026/06/07 12:58:00.266,n,71.754512,6.166416,4.606672,1.333572,OverRange,OverRange,OverRange,12.298936,15.56314,66.80752
2026/06/07 12:59:00.266,n,68.862472,3.230647,4.990564,1.441943,OverRange,OverRange,OverRange,12.225728,15.553542,64.015356
2026/06/07 13:00:00.268,n,65.42118,5.126958,4.7397,1.376732,OverRange,OverRange,OverRange,12.24644,15.550314,60.398548
2026/06/07 13:01:00.271,n,63.223648,6.039331,6.170222,0.12402,OverRange,OverRange,OverRange,12.231786,15.535322,57.299304
2026/06/07 13:02:00.272,n,62.954592,6.499274,4.650927,1.460009,OverRange,OverRange,OverRange,12.19691,15.53643,56.5675
2026/06/07 13:03:00.274,n,62.331956,3.364846,4.47867,1.564069,OverRange,OverRange,OverRange,12.18657,15.517216,56.165888
2026/06/07 13:04:00.261,n,60.371128,6.005054,6.126246,0.137276,OverRange,OverRange,OverRange,12.243908,15.509736,54.691784
2026/06/07 13:05:00.261,n,57.469344,3.742227,4.375647,1.220498,OverRange,OverRange,OverRange,12.195918,15.508628,52.245
2026/06/07 13:06:00.263,n,52.609312,3.781288,4.817357,1.263608,OverRange,OverRange,OverRange,12.192648,15.4937,47.947072
2026/06/07 13:07:00.265,n,49.974516,6.651099,4.550541,1.108245,OverRange,OverRange,OverRange,12.231776,15.479782,45.310368
2026/06/07 13:08:00.269,n,49.26822,3.371103,4.954662,1.601544,OverRange,OverRange,OverRange,12.16536,15.477664,44.508852
2026/06/07 13:09:00.269,n,49.945648,6.048558,4.190953,0.92104,OverRange,OverRange,OverRange,12.248962,15.466974,45.4241
2026/06/07 13:10:00.272,n,50.666448,6.495215,4.869475,1.230977,OverRange,OverRange,OverRange,12.210074,15.460554,46.28108
2026/06/07 13:11:00.275,n,51.54338,3.36587,5.195293,1.424201,OverRange,OverRange,OverRange,12.166372,15.4563,47.343676
2026/06/07 13:12:00.275,n,53.744384,4.590654,4.942363,1.295419,OverRange,OverRange,OverRange,12.187832,15.442382,49.57416
2026/06/07 13:13:00.261,n,55.555096,4.773762,5.113708,1.304962,OverRange,OverRange,OverRange,12.256018,15.437086,51.467464
2026/06/07 13:14:00.265,n,57.258036,3.623206,4.792909,1.306489,OverRange,OverRange,OverRange,12.222926,15.435978,53.13406
2026/06/07 13:15:00.266,n,58.394396,3.874601,5.010413,1.516532,OverRange,OverRange,OverRange,12.21967,15.429574,54.276608
2026/06/07 13:16:00.267,n,58.551056,6.494795,4.779666,1.336864,OverRange,OverRange,OverRange,12.261338,15.418868,54.426516
2026/06/07 13:17:00.269,n,60.037928,6.348159,4.699019,0.992025,OverRange,OverRange,OverRange,12.210842,15.410314,55.410616
2026/06/07 13:18:00.271,n,61.492096,3.227688,4.742021,1.331926,OverRange,OverRange,OverRange,12.224976,15.404984,56.594464
2026/06/07 13:19:00.273,n,64.701416,3.447452,5.339831,1.506372,OverRange,OverRange,OverRange,12.215368,15.39858,59.617936
2026/06/07 13:20:00.401,n,67.872504,6.266814,4.961247,1.473272,OverRange,OverRange,OverRange,12.266378,15.39858,62.88492
2026/06/07 13:21:00.416,n,71.83868,6.266928,5.047277,1.50513,OverRange,OverRange,OverRange,12.258302,15.392142,67.235408
2026/06/07 13:22:00.439,n,77.016264,3.347437,4.599218,1.526673,OverRange,OverRange,OverRange,12.250224,15.384662,71.490072
2026/06/07 13:23:00.264,n,81.83088,3.085666,5.159069,1.572537,OverRange,OverRange,OverRange,12.27621,15.387874,75.524608
2026/06/07 13:24:00.268,n,87.69796,3.287208,5.249566,1.470038,OverRange,OverRange,OverRange,12.297948,15.379334,80.12356
2026/06/07 13:25:00.270,n,93.20092,6.098208,5.781832,1.186204,OverRange,OverRange,OverRange,12.374928,15.38147,84.752792
2026/06/07 13:26:00.271,n,97.877616,6.353729,4.564725,1.137967,OverRange,OverRange,OverRange,12.324962,15.379334,88.937408
2026/06/07 13:27:00.273,n,102.547,6.344053,5.982251,0.6885,OverRange,OverRange,OverRange,12.305528,15.380394,93.903072
2026/06/07 13:28:00.274,n,105.88194,3.720097,4.20935,1.039002,OverRange,OverRange,OverRange,12.334534,15.380394,97.719776
2026/06/07 13:29:00.277,n,103.38084,3.248807,4.868504,1.55724,OverRange,OverRange,OverRange,12.393326,15.385736,95.640904
2026/06/07 13:30:00.278,n,106.76426,3.840142,4.460665,1.164604,OverRange,OverRange,OverRange,12.35045,15.387874,97.856808
2026/06/07 13:31:00.263,n,104.76598,3.743548,5.080386,1.216432,OverRange,OverRange,OverRange,12.372162,15.388948,95.909424
2026/06/07 13:32:00.265,n,105.54476,3.950473,5.284205,1.281697,OverRange,OverRange,OverRange,12.405722,15.392142,96.254296
2026/06/07 13:33:00.268,n,110.4084,3.367388,4.403121,1.130354,OverRange,OverRange,OverRange,12.423656,15.404984,100.31808
2026/06/07 13:34:00.269,n,112.6511,6.060981,4.99979,1.368085,OverRange,OverRange,OverRange,12.431996,15.40821,101.40502
2026/06/07 13:35:00.271,n,105.301,6.17125,5.286904,1.566202,OverRange,OverRange,OverRange,12.396622,15.411388,94.621824
2026/06/07 13:36:00.274,n,105.18334,6.003443,5.001808,1.49231,OverRange,OverRange,OverRange,12.426158,15.422094,92.25968
2026/06/07 13:37:00.275,n,110.56094,5.552044,5.138979,1.49467,OverRange,OverRange,OverRange,12.400412,15.435978,95.860104
2026/06/07 13:38:00.276,n,109.34248,6.163564,5.200089,1.433515,OverRange,OverRange,OverRange,12.399426,15.434936,94.51244
2026/06/07 13:39:00.279,n,101.41256,3.316344,4.783078,1.539527,OverRange,OverRange,OverRange,12.37645,15.450906,87.1448
2026/06/07 13:40:00.264,n,100.42208,3.638339,4.965812,1.263373,OverRange,OverRange,OverRange,12.39565,15.455224,85.770176
2026/06/07 13:41:00.268,n,104.864,3.889008,3.843025,0.073713,OverRange,OverRange,OverRange,12.411302,15.464824,89.779792
2026/06/07 13:42:00.269,n,101.36254,5.225255,4.244072,0.661956,OverRange,OverRange,OverRange,12.461024,15.472334,87.14044
2026/06/07 13:43:00.270,n,88.181528,3.632409,3.989853,1.13178,OverRange,OverRange,OverRange,12.366344,15.479782,77.195048
2026/06/07 13:44:00.274,n,81.524496,6.13834,5.34261,1.037717,OverRange,OverRange,OverRange,12.510702,15.49691,70.936416
2026/06/07 13:45:00.275,n,87.842296,3.793726,4.75272,1.142531,OverRange,OverRange,OverRange,12.352484,15.50333,74.954584
2026/06/07 13:46:00.276,n,88.742712,6.182098,5.126264,1.324802,OverRange,OverRange,OverRange,12.470582,15.512946,76.888664
2026/06/07 13:47:00.278,n,83.79928,3.69972,5.286687,1.45299,OverRange,OverRange,OverRange,12.439046,15.517216,73.783024
2026/06/07 13:48:00.280,n,80.882488,3.60885,4.839545,1.412189,OverRange,OverRange,OverRange,12.42744,15.52362,71.323784
2026/06/07 13:49:00.265,n,83.100168,3.128517,4.793425,1.603043,OverRange,OverRange,OverRange,12.446106,15.530026,72.890896
2026/06/07 13:50:00.270,n,87.158576,3.880051,5.015909,1.345942,OverRange,OverRange,OverRange,12.465546,15.54073,76.131424
2026/06/07 13:51:00.271,n,88.763368,6.641987,4.810935,1.537809,OverRange,OverRange,OverRange,12.436514,15.546062,77.490944
2026/06/07 13:52:00.272,n,86.589824,3.145178,4.934408,1.712131,OverRange,OverRange,OverRange,12.439286,15.557828,76.345408
2026/06/07 13:53:00.273,n,88.43684,3.712448,3.80736,0.115918,OverRange,OverRange,OverRange,12.452922,15.565274,77.842216
2026/06/07 13:54:00.276,n,92.345272,5.187543,4.915465,1.434646,OverRange,OverRange,OverRange,12.412278,15.57916,81.813016
2026/06/07 13:55:00.277,n,94.885128,3.550666,4.389362,1.402396,OverRange,OverRange,OverRange,12.430212,15.587682,84.355016
2026/06/07 13:56:00.278,n,94.639432,6.75035,5.33682,1.591121,OverRange,OverRange,OverRange,12.423904,15.59306,84.188472
2026/06/07 13:57:00.280,n,90.430512,3.293938,4.90594,1.716897,OverRange,OverRange,OverRange,12.4254,15.60587,80.431232
2026/06/07 13:58:00.266,n,90.243192,3.225733,4.650166,1.353908,OverRange,OverRange,OverRange,12.383282,15.6155,79.542856
2026/06/07 13:59:00.268,n,96.483616,6.50897,4.607244,1.562204,OverRange,OverRange,OverRange,12.39057,15.625084,83.617496
2026/06/07 14:00:00.269,n,104.25226,3.74181,4.773222,1.393173,OverRange,OverRange,OverRange,12.356772,15.633638,89.653352
2026/06/07 14:01:00.274,n,105.9253,6.437428,5.424824,1.612767,OverRange,OverRange,OverRange,12.353476,15.64112,91.1598
2026/06/07 14:02:00.273,n,109.50696,3.299113,4.893985,1.732881,OverRange,OverRange,OverRange,12.342632,15.6486,94.172088
2026/06/07 14:03:00.275,n,113.9168,6.658004,5.090027,1.711226,OverRange,OverRange,OverRange,12.357518,15.66035,97.742392
2026/06/07 14:04:00.277,n,117.23182,5.919025,5.198602,1.390359,OverRange,OverRange,OverRange,12.345912,15.672086,99.649328
2026/06/07 14:05:00.281,n,116.58236,3.799693,4.459674,1.651081,OverRange,OverRange,OverRange,12.331778,15.689196,98.994152
2026/06/07 14:06:00.284,n,111.17704,3.449481,4.916773,1.514429,OverRange,OverRange,OverRange,12.45899,15.698536,95.193232
2026/06/07 14:07:00.268,n,106.68048,3.5567,4.574576,1.504763,OverRange,OverRange,OverRange,12.389588,15.709308,90.789408
2026/06/07 14:08:00.270,n,107.8248,6.88785,4.990978,1.673202,OverRange,OverRange,OverRange,12.424658,15.721108,90.758952
2026/06/07 14:09:00.274,n,105.32562,6.393896,5.475092,1.406791,OverRange,OverRange,OverRange,12.362062,15.738334,88.977848
2026/06/07 14:10:00.275,n,109.20954,6.473612,4.577923,1.564036,OverRange,OverRange,OverRange,12.410788,15.74689,92.282128
2026/06/07 14:11:00.276,n,112.64802,6.591925,4.345295,1.378425,OverRange,OverRange,OverRange,12.384278,15.760904,96.071448
2026/06/07 14:12:00.278,n,110.6591,4.468807,5.053374,0.931311,OverRange,OverRange,OverRange,12.28863,15.789166,94.50588
2026/06/07 14:13:00.280,n,109.6758,3.276042,4.911585,1.494247,OverRange,OverRange,OverRange,12.34261,15.79989,92.954712
2026/06/07 14:14:00.281,n,108.0592,6.186057,4.704443,1.448168,OverRange,OverRange,OverRange,12.344116,15.808478,91.560464
2026/06/07 14:15:00.284,n,111.5386,3.747005,5.376214,1.283398,OverRange,OverRange,OverRange,12.422354,15.818142,94.843576
2026/06/07 14:16:00.269,n,107.85752,3.536082,3.659283,0.102378,OverRange,OverRange,OverRange,12.394862,15.827856,92.331096
2026/06/07 14:17:00.271,n,105.52538,6.432347,5.002774,1.636466,OverRange,OverRange,OverRange,12.449356,15.843976,89.79516
2026/06/07 14:18:00.273,n,108.56046,3.083411,4.639928,1.595003,OverRange,OverRange,OverRange,12.398362,15.861154,92.107472
2026/06/07 14:19:00.275,n,112.68434,2.93534,4.958183,1.545593,OverRange,OverRange,OverRange,12.368342,15.863306,96.458736
2026/06/07 14:20:00.278,n,113.69996,6.487492,5.219729,1.573047,OverRange,OverRange,OverRange,12.405956,15.884754,97.591288
2026/06/07 14:21:00.279,n,116.91454,6.700543,4.936176,1.831314,OverRange,OverRange,OverRange,12.404164,15.890148,100.87926
2026/06/07 14:22:00.264,n,121.65166,6.582433,5.254475,1.264799,OverRange,OverRange,OverRange,12.43068,15.898706,104.71466
2026/06/07 14:23:00.266,n,127.79164,3.488938,4.727184,1.452861,OverRange,OverRange,OverRange,12.365316,15.91484,109.78824
2026/06/07 14:24:00.269,n,136.4449,3.781032,5.086544,1.531909,OverRange,OverRange,OverRange,12.408738,15.928042,118.24306
2026/06/07 14:25:00.273,n,141.27272,3.614679,3.65219,0.076097,OverRange,OverRange,OverRange,12.467148,15.941994,123.69846
2026/06/07 14:26:00.273,n,147.72576,4.272897,3.710683,0.278746,OverRange,OverRange,OverRange,12.406816,15.951658,130.52698
2026/06/07 14:27:00.258,n,146.52166,3.859539,4.638536,1.54314,OverRange,OverRange,OverRange,12.460068,15.968854,127.64446
2026/06/07 14:28:00.262,n,151.5898,3.151573,5.383307,1.628961,OverRange,OverRange,OverRange,12.475984,15.987092,130.89924
2026/06/07 14:29:00.262,n,158.2676,5.327611,5.968014,0.704497,OverRange,OverRange,OverRange,12.47749,16.001044,137.8918
2026/06/07 14:30:00.264,n,160.65466,3.280036,4.755024,1.447508,OverRange,OverRange,OverRange,12.534262,16.025734,139.17538
2026/06/07 14:31:00.266,n,167.4605,3.378769,4.747766,1.653937,OverRange,OverRange,OverRange,12.511044,16.035386,144.29378
2026/06/07 14:32:00.267,n,172.22444,3.355309,4.718899,1.260257,OverRange,OverRange,OverRange,12.507528,16.063288,149.49108
2026/06/07 14:33:00.271,n,168.81984,3.66384,4.921855,1.795767,OverRange,OverRange,OverRange,12.524156,16.072954,147.82748
2026/06/07 14:34:00.274,n,160.79924,3.37686,5.146491,1.599904,OverRange,OverRange,OverRange,12.553422,16.094372,141.55938
2026/06/07 14:35:00.258,n,150.0203,3.422874,4.643131,1.56555,OverRange,OverRange,OverRange,12.560238,16.111584,131.81304
2026/06/07 14:36:00.259,n,140.6098,3.280714,5.252088,1.666222,OverRange,OverRange,OverRange,12.60312,16.130898,122.34766
2026/06/07 14:37:00.262,n,129.45558,6.575545,5.384718,1.727277,OverRange,OverRange,OverRange,12.56126,16.145894,111.70944
2026/06/07 14:38:00.263,n,117.56796,3.365623,4.93427,1.638907,OverRange,OverRange,OverRange,12.58899,16.164134,101.09138
2026/06/07 14:39:00.266,n,109.80796,6.581655,5.384732,1.695932,OverRange,OverRange,OverRange,12.646496,16.18345,94.434112
2026/06/07 14:40:00.267,n,107.29568,4.904464,4.584578,1.581313,OverRange,OverRange,OverRange,12.616232,16.185046,92.557104
2026/06/07 14:41:00.270,n,107.07166,3.903898,4.556275,1.514811,OverRange,OverRange,OverRange,12.600932,16.192558,92.615992
2026/06/07 14:42:00.271,n,105.9792,3.143403,4.668803,1.332327,OverRange,OverRange,OverRange,12.661428,16.209724,91.857136
2026/06/07 14:43:00.258,n,104.25764,6.484026,5.02992,1.346135,OverRange,OverRange,OverRange,12.635194,16.21942,90.861
2026/06/07 14:44:00.259,n,101.88586,3.184312,4.786773,1.553557,OverRange,OverRange,OverRange,12.502554,16.230114,89.16992
2026/06/07 14:45:00.262,n,101.53368,6.414583,5.154311,1.21797,OverRange,OverRange,OverRange,12.503048,16.238656,89.114448
2026/06/07 14:46:00.264,n,101.50174,4.841531,5.54088,1.261481,OverRange,OverRange,OverRange,12.44275,16.249414,89.481168
2026/06/07 14:47:00.265,n,100.30648,3.61421,4.037448,1.280942,OverRange,OverRange,OverRange,12.439724,16.250454,88.554832
2026/06/07 14:48:00.267,n,96.984,4.118771,4.752449,1.411407,OverRange,OverRange,OverRange,12.460918,16.261214,85.335888
2026/06/07 14:49:00.270,n,96.270144,3.603774,3.801896,0.437716,OverRange,OverRange,OverRange,12.44452,16.26229,84.29512
2026/06/07 14:50:00.270,n,99.257872,3.903553,4.949245,1.556032,OverRange,OverRange,OverRange,12.426086,16.27083,86.563496
2026/06/07 14:51:00.273,n,102.3561,6.317065,6.284658,0.199387,OverRange,OverRange,OverRange,12.452348,16.272982,89.099264
2026/06/07 14:52:00.258,n,103.09794,6.502931,5.410708,1.389388,OverRange,OverRange,OverRange,12.395284,16.279406,89.767512
2026/06/07 14:53:00.262,n,101.8452,3.174304,5.232165,1.503232,OverRange,OverRange,OverRange,12.457124,16.282598,88.90252
2026/06/07 14:54:00.263,n,100.76272,3.818769,5.308106,1.255129,OverRange,OverRange,OverRange,12.44072,16.294402,88.014224
2026/06/07 14:55:00.265,n,99.38528,6.775218,4.754697,1.575345,OverRange,OverRange,OverRange,12.484614,16.294988,86.959312
2026/06/07 14:56:00.266,n,98.698488,5.667806,5.080397,1.423297,OverRange,OverRange,OverRange,12.499858,16.29179,86.252504
2026/06/07 14:57:00.268,n,100.84972,4.360794,4.544883,1.469356,OverRange,OverRange,OverRange,12.439042,16.297138,87.800496
2026/06/07 14:58:00.272,n,104.29844,3.402796,4.767063,1.613431,OverRange,OverRange,OverRange,12.46251,16.305712,91.070976
2026/06/07 14:59:00.273,n,106.18408,4.713221,4.850246,1.363823,OverRange,OverRange,OverRange,12.47789,16.303562,93.302576
2026/06/07 15:00:00.274,n,108.91586,3.560229,4.242711,1.266202,OverRange,OverRange,OverRange,12.482432,16.307866,95.756184
2026/06/07 15:01:00.259,n,113.527,3.118281,4.872875,1.806962,OverRange,OverRange,OverRange,12.524308,16.313244,99.46624
2026/06/07 15:02:00.263,n,116.0838,3.266501,4.823189,1.370406,OverRange,OverRange,OverRange,12.521306,16.317514,101.71558
2026/06/07 15:03:00.263,n,116.72222,6.305596,5.332558,1.605395,OverRange,OverRange,OverRange,12.658986,16.323904,102.49764
2026/06/07 15:04:00.265,n,114.22048,4.205684,5.55285,1.062741,OverRange,OverRange,OverRange,12.492254,16.334632,100.85776
2026/06/07 15:05:00.267,n,110.34732,6.756,4.992502,1.669833,OverRange,OverRange,OverRange,12.59314,16.347508,97.726096
2026/06/07 15:06:00.269,n,109.29038,3.289152,4.049941,1.3538,OverRange,OverRange,OverRange,12.523544,16.356112,96.563664
2026/06/07 15:07:00.272,n,108.5443,5.006089,5.098137,1.665728,OverRange,OverRange,OverRange,12.550492,16.368958,96.45872
2026/06/07 15:08:00.273,n,108.49516,3.284786,5.243328,1.54485,OverRange,OverRange,OverRange,12.60529,16.376458,97.644352
2026/06/07 15:09:00.276,n,102.98286,3.227846,4.987906,1.775407,OverRange,OverRange,OverRange,12.564922,16.392496,93.260168
2026/06/07 15:10:00.262,n,98.04196,6.596694,5.366065,1.718985,OverRange,OverRange,OverRange,12.634496,16.4043,88.537416
2026/06/07 15:11:00.262,n,91.182616,6.665132,5.136656,1.600345,OverRange,OverRange,OverRange,12.628952,16.420404,81.622416
2026/06/07 15:12:00.264,n,83.63056,6.566129,5.054787,1.701289,OverRange,OverRange,OverRange,12.60496,16.424642,74.704672
2026/06/07 15:13:00.266,n,77.412456,6.04678,4.766886,1.790773,OverRange,OverRange,OverRange,12.529324,16.434292,69.154128
2026/06/07 15:14:00.270,n,73.48824,6.659024,4.666047,1.593407,OverRange,OverRange,OverRange,12.616624,16.438562,65.295692
2026/06/07 15:15:00.272,n,71.6126,3.183258,4.558545,1.683002,OverRange,OverRange,OverRange,12.561886,16.438562,63.144468
2026/06/07 15:16:00.273,n,68.459232,6.665788,5.127569,1.553322,OverRange,OverRange,OverRange,12.646642,16.439636,60.199916
2026/06/07 15:17:00.275,n,64.356164,6.18397,5.17715,1.286538,OverRange,OverRange,OverRange,12.592114,16.44502,56.879948
2026/06/07 15:18:00.280,n,64.27186,3.741958,3.711797,0.429478,OverRange,OverRange,OverRange,12.398412,16.44502,57.089248
2026/06/07 15:19:00.263,n,63.639468,6.51401,4.642446,1.567052,OverRange,OverRange,OverRange,12.686966,16.440746,57.043092
2026/06/07 15:20:00.264,n,64.31266,3.610116,3.805577,0.598579,OverRange,OverRange,OverRange,12.540202,16.4354,57.578908
2026/06/07 15:21:00.267,n,64.693468,3.702258,3.757127,0.194589,OverRange,OverRange,OverRange,12.670854,16.437488,57.96678
2026/06/07 15:22:00.270,n,63.0285,3.565486,4.305067,1.417712,OverRange,OverRange,OverRange,12.73904,16.424642,56.699236
2026/06/07 15:23:00.270,n,62.900972,3.624068,4.102713,1.249567,OverRange,OverRange,OverRange,12.66093,16.419328,56.098144
2026/06/07 15:24:00.272,n,63.167064,3.116298,4.962778,1.57372,OverRange,OverRange,OverRange,12.66037,16.412872,55.742612
2026/06/07 15:25:00.275,n,63.63498,3.421546,5.329522,1.673143,OverRange,OverRange,OverRange,12.595052,16.40746,55.765644
2026/06/07 15:26:00.276,n,61.181224,4.180645,4.762526,1.353863,OverRange,OverRange,OverRange,12.654576,16.4043,52.73526
2026/06/07 15:27:00.279,n,59.523836,3.82234,4.895902,1.377362,OverRange,OverRange,OverRange,12.62644,16.392496,51.266952
2026/06/07 15:28:00.264,n,57.430984,4.041659,4.669837,1.553794,OverRange,OverRange,OverRange,12.69779,16.389302,49.41794
2026/06/07 15:29:00.266,n,55.61258,6.346008,4.613735,1.469446,OverRange,OverRange,OverRange,12.74168,16.388256,47.781632
2026/06/07 15:30:00.268,n,54.080536,5.839444,4.945479,1.574677,OverRange,OverRange,OverRange,12.635458,16.374304,46.31188
2026/06/07 15:31:00.270,n,53.067336,3.043602,4.970556,1.679272,OverRange,OverRange,OverRange,12.564336,16.364624,45.750456
2026/06/07 15:32:00.272,n,52.164488,3.501704,4.47867,1.565306,OverRange,OverRange,OverRange,12.603978,16.355004,44.99382
2026/06/07 15:33:00.275,n,50.70352,3.306844,5.102929,1.582419,OverRange,OverRange,OverRange,12.646504,16.346462,43.721156
2026/06/07 15:34:00.276,n,48.015488,3.519281,4.340056,1.359306,OverRange,OverRange,OverRange,12.50613,16.333554,41.329496
2026/06/07 15:35:00.278,n,47.337672,6.674395,5.441709,1.530629,OverRange,OverRange,OverRange,12.654598,16.32071,40.942388
2026/06/07 15:36:00.280,n,47.689604,6.271679,5.835728,1.374123,OverRange,OverRange,OverRange,12.576956,16.322862,41.400824
2026/06/07 15:37:00.267,n,47.602616,5.088078,5.283269,1.439853,OverRange,OverRange,OverRange,12.503724,16.307866,41.637592
2026/06/07 15:38:00.268,n,47.276988,6.265551,5.062269,1.58993,OverRange,OverRange,OverRange,12.63524,16.294988,41.61652
2026/06/07 15:39:00.269,n,47.902072,6.102981,6.066613,0.071218,OverRange,OverRange,OverRange,12.751782,16.288532,42.174612
2026/06/07 15:40:00.274,n,48.445684,6.352588,6.173697,0.373985,OverRange,OverRange,OverRange,12.538194,16.283218,42.615812
2026/06/07 15:41:00.276,n,50.334656,6.647765,4.89763,1.725885,OverRange,OverRange,OverRange,12.519548,16.277872,44.37208
2026/06/07 15:42:00.275,n,51.795748,6.253788,5.284175,1.271161,OverRange,OverRange,OverRange,12.644802,16.28107,45.420516
2026/06/07 15:43:00.278,n,51.9093,3.126204,4.804027,1.778763,OverRange,OverRange,OverRange,12.41129,16.278886,45.526484
2026/06/07 15:44:00.279,n,51.908908,6.192311,4.781832,1.288276,OverRange,OverRange,OverRange,12.706498,16.277872,45.717604
2026/06/07 15:45:00.281,n,52.298176,6.701832,5.325841,1.616102,OverRange,OverRange,OverRange,12.60171,16.274644,45.980056
2026/06/07 15:46:00.266,n,52.098028,5.935475,4.714331,1.269136,OverRange,OverRange,OverRange,12.600602,16.276764,45.912488
2026/06/07 15:47:00.268,n,51.124864,3.620225,4.169322,1.32386,OverRange,OverRange,OverRange,12.494828,16.271418,45.178972
2026/06/07 15:48:00.270,n,49.922168,5.73846,5.019429,1.492192,OverRange,OverRange,OverRange,12.724696,16.268158,44.590252
2026/06/07 15:49:00.271,n,48.163676,6.676824,4.746369,1.408995,OverRange,OverRange,OverRange,12.600022,16.267116,43.208968
2026/06/07 15:50:00.274,n,46.212476,6.306558,4.944989,1.65734,OverRange,OverRange,OverRange,12.604544,16.260694,40.705452
2026/06/07 15:51:00.278,n,44.260252,6.294399,5.811732,1.312956,OverRange,OverRange,OverRange,12.580766,16.262876,38.327352
2026/06/07 15:52:00.280,n,43.538296,2.95308,4.859219,1.812335,OverRange,OverRange,OverRange,12.47643,16.254238,37.666024
2026/06/07 15:53:00.282,n,43.9835,5.449748,4.710501,1.442823,OverRange,OverRange,OverRange,12.631802,16.245696,38.58008
2026/06/07 15:54:00.283,n,41.997532,2.975227,5.141516,1.645266,OverRange,OverRange,OverRange,12.572052,16.231744,36.766812
2026/06/07 15:55:00.269,n,37.615284,3.751125,4.384657,1.080904,OverRange,OverRange,OverRange,12.618084,16.227472,32.700192
2026/06/07 15:56:00.270,n,35.209896,3.637015,3.949891,0.879567,OverRange,OverRange,OverRange,12.622228,16.214596,30.428152
2026/06/07 15:57:00.271,n,34.71568,6.598411,4.71635,1.479669,OverRange,OverRange,OverRange,12.586268,16.20498,29.855554
2026/06/07 15:58:00.275,n,33.78242,6.894624,5.239852,1.656541,OverRange,OverRange,OverRange,12.434178,16.192068,29.08322
2026/06/07 15:59:00.276,n,32.04638,3.734167,4.833379,1.50827,OverRange,OverRange,OverRange,12.409628,16.182406,27.503138
2026/06/07 16:00:00.277,n,31.057306,3.602378,5.038398,1.76294,OverRange,OverRange,OverRange,12.523168,16.172772,26.846418
2026/06/07 16:01:00.278,n,31.281318,6.260786,5.800246,1.020218,OverRange,OverRange,OverRange,12.652156,16.165274,26.960578
2026/06/07 16:02:00.282,n,30.62955,3.449743,4.667702,1.113542,OverRange,OverRange,OverRange,12.389782,16.154564,26.094472
2026/06/07 16:03:00.283,n,33.075862,6.115635,4.689942,1.320019,OverRange,OverRange,OverRange,12.637528,16.143806,28.622396
2026/06/07 16:04:00.268,n,34.53362,6.765419,5.096457,1.390051,OverRange,OverRange,OverRange,12.4511,16.130898,30.337198
2026/06/07 16:05:00.271,n,36.973652,3.528971,4.417087,1.583211,OverRange,OverRange,OverRange,12.417256,16.121266,32.765888
2026/06/07 16:06:00.273,n,37.795932,3.201959,4.599846,1.632762,OverRange,OverRange,OverRange,12.587642,16.11701,33.1582
2026/06/07 16:07:00.277,n,36.903468,6.282609,5.815583,1.154152,OverRange,OverRange,OverRange,12.727998,16.108454,32.226826
2026/06/07 16:08:00.276,n,36.474816,6.769887,5.272493,1.645394,OverRange,OverRange,OverRange,12.583446,16.101982,31.766768
2026/06/07 16:09:00.280,n,36.431064,6.345057,5.461411,1.653142,OverRange,OverRange,OverRange,12.54837,16.086956,31.722314
2026/06/07 16:10:00.263,n,36.57104,6.654811,4.905882,1.844745,OverRange,OverRange,OverRange,12.534878,16.080518,31.878798
2026/06/07 16:11:00.283,n,35.206432,6.67109,4.744728,1.507212,OverRange,OverRange,OverRange,12.589768,16.075806,30.64094
2026/06/07 16:12:00.269,n,31.277086,6.324691,4.531765,1.316599,OverRange,OverRange,OverRange,12.606512,16.077552,26.666642
2026/06/07 16:13:00.270,n,29.747612,3.781881,4.550097,1.151791,OverRange,OverRange,OverRange,12.517462,16.067918,24.880254
2026/06/07 16:14:00.275,n,29.849352,6.167721,4.648124,1.332889,OverRange,OverRange,OverRange,12.728078,16.062554,24.794848
2026/06/07 16:15:00.259,n,30.789414,6.248348,5.327879,1.483854,OverRange,OverRange,OverRange,12.726018,16.056116,25.53749
2026/06/07 16:16:00.378,n,32.718036,6.589488,5.291706,1.372021,OverRange,OverRange,OverRange,12.654266,16.050756,27.593752
2026/06/07 16:17:00.264,n,32.517368,6.332108,4.693807,1.497344,OverRange,OverRange,OverRange,12.69982,16.04321,27.63445
2026/06/07 16:18:00.264,n,28.041206,6.657946,4.975965,1.52962,OverRange,OverRange,OverRange,12.716386,16.046452,23.916796
2026/06/07 16:19:00.267,n,26.1598,3.752263,4.574582,1.2798,OverRange,OverRange,OverRange,12.599202,16.041058,21.974782
2026/06/07 16:20:00.269,n,27.817192,2.920219,4.446889,1.490945,OverRange,OverRange,OverRange,12.78658,16.051848,23.337718
2026/06/07 16:21:00.269,n,29.185778,6.955658,4.751131,1.551938,OverRange,OverRange,OverRange,12.825842,16.045376,24.738622
2026/06/07 16:22:00.272,n,28.778038,2.877226,4.382933,1.552264,OverRange,OverRange,OverRange,12.679016,16.046452,24.707564
2026/06/07 16:23:00.257,n,26.596796,3.62036,3.965801,0.529586,OverRange,OverRange,OverRange,12.662832,16.051848,22.986872
2026/06/07 16:24:00.260,n,26.07525,6.222131,5.103756,1.421832,OverRange,OverRange,OverRange,12.856894,16.051848,22.39815
2026/06/07 16:25:00.263,n,25.644034,3.160989,4.808081,1.379357,OverRange,OverRange,OverRange,12.723918,16.048604,21.995858
2026/06/07 16:26:00.266,n,24.845744,3.582651,4.37715,1.105841,OverRange,OverRange,OverRange,12.737854,16.047528,21.31328
2026/06/07 16:27:00.267,n,23.335382,6.176614,5.891732,1.092846,OverRange,OverRange,OverRange,12.842692,16.042166,19.71861
2026/06/07 16:28:00.267,n,21.777938,4.20354,5.921886,0.844815,OverRange,OverRange,OverRange,12.683462,16.038972,18.222062
2026/06/07 16:29:00.272,n,20.587176,6.641477,5.037274,1.683587,OverRange,OverRange,OverRange,12.759588,16.031442,17.199048
2026/06/07 16:30:00.271,n,19.303138,6.153389,5.287067,1.442658,OverRange,OverRange,OverRange,12.838654,16.033576,16.14464
2026/06/07 16:31:00.256,n,19.621328,3.01177,4.710644,1.897716,OverRange,OverRange,OverRange,12.695298,16.023958,16.64292
2026/06/07 16:32:00.260,n,20.578454,6.020309,4.944607,1.45661,OverRange,OverRange,OverRange,12.928838,16.019658,17.543836
2026/06/07 16:33:00.261,n,21.500808,3.641777,4.159831,1.617318,OverRange,OverRange,OverRange,12.631668,16.01105,18.167712
2026/06/07 16:34:00.263,n,22.11614,6.639198,4.950154,1.889436,OverRange,OverRange,OverRange,12.880718,16.01211,18.851226
2026/06/07 16:35:00.265,n,22.259324,6.498956,5.497316,1.248097,OverRange,OverRange,OverRange,12.844234,16.001386,19.04704
2026/06/07 16:36:00.267,n,23.032082,4.525059,4.563224,0.732643,OverRange,OverRange,OverRange,12.60202,15.994916,19.64515
2026/06/07 16:37:00.268,n,22.708246,6.748298,5.018433,1.63454,OverRange,OverRange,OverRange,12.772084,15.993872,19.312222
2026/06/07 16:38:00.270,n,22.97088,6.594949,4.910925,1.559886,OverRange,OverRange,OverRange,12.773434,15.98636,19.273316
2026/06/07 16:39:00.272,n,21.751508,3.125373,5.03613,1.541556,OverRange,OverRange,OverRange,12.758038,15.980964,18.115494
2026/06/07 16:40:00.258,n,21.001716,3.665849,4.781457,1.487038,OverRange,OverRange,OverRange,12.76329,15.97024,17.344354
2026/06/07 16:41:00.260,n,20.307094,3.562311,4.552537,1.459376,OverRange,OverRange,OverRange,12.776444,15.972406,16.619544
2026/06/07 16:42:00.263,n,19.951316,5.614427,4.016579,0.804016,OverRange,OverRange,OverRange,12.847804,15.95953,16.142764
2026/06/07 16:43:00.264,n,19.77041,6.380478,6.233551,0.097625,OverRange,OverRange,OverRange,12.927098,15.954168,15.93927
2026/06/07 16:44:00.266,n,19.224234,3.717193,4.782297,1.387049,OverRange,OverRange,OverRange,12.686752,15.952018,15.528102
2026/06/07 16:45:00.269,n,18.085692,6.228091,4.960326,1.177137,OverRange,OverRange,OverRange,12.990144,15.93914,14.810374
2026/06/07 16:46:00.269,n,17.784826,3.675866,4.795607,1.603638,OverRange,OverRange,OverRange,12.73581,15.942368,14.554494
2026/06/07 16:47:00.273,n,17.305622,5.129531,5.472489,1.013303,OverRange,OverRange,OverRange,12.994548,15.932654,14.275064
2026/06/07 16:48:00.570,n,16.826546,3.165116,4.963406,1.089506,OverRange,OverRange,OverRange,12.882014,15.926216,13.73745
2026/06/07 16:49:00.259,n,16.157456,5.590083,5.604004,0.787712,OverRange,OverRange,OverRange,13.009304,15.921948,13.353158
2026/06/07 16:50:00.262,n,15.64605,6.458158,4.450157,1.634965,OverRange,OverRange,OverRange,12.94254,15.915508,13.054276
2026/06/07 16:51:00.263,n,15.281034,3.015023,4.363057,1.640807,OverRange,OverRange,OverRange,12.71846,15.915508,12.666146
2026/06/07 16:52:00.266,n,14.573582,3.732035,4.662644,1.672611,OverRange,OverRange,OverRange,12.860678,15.912266,12.198068
2026/06/07 16:53:00.268,n,14.640812,3.086196,4.78591,1.714196,OverRange,OverRange,OverRange,12.840338,15.907964,12.068038
2026/06/07 16:54:00.269,n,14.161222,5.332477,4.722785,1.54502,OverRange,OverRange,OverRange,12.902502,15.901526,11.660112
2026/06/07 16:55:00.272,n,13.854582,3.048256,5.475331,1.375249,OverRange,OverRange,OverRange,12.881414,15.907964,11.43273
2026/06/07 16:56:00.275,n,13.98019,3.776387,4.076846,1.205789,OverRange,OverRange,OverRange,12.857814,15.90692,11.46029
2026/06/07 16:57:00.277,n,13.63506,3.714025,4.152486,1.09971,OverRange,OverRange,OverRange,12.840048,15.90586,11.246216
2026/06/07 16:58:00.262,n,13.245922,6.249626,5.373785,1.249419,OverRange,OverRange,OverRange,12.976782,15.916584,10.894688
2026/06/07 16:59:00.263,n,12.85114,3.658196,3.574235,0.336867,OverRange,OverRange,OverRange,12.70896,15.915508,10.548794
2026/06/07 17:00:00.266,n,12.564644,6.233019,5.938771,0.740992,OverRange,OverRange,OverRange,12.947784,15.912266,10.28822
2026/06/07 17:01:00.267,n,12.339478,5.720603,5.701395,0.984307,OverRange,OverRange,OverRange,12.847264,15.91766,10.00461
2026/06/07 17:02:00.270,n,12.430184,OverRange,OverRange,OverRange,OverRange,OverRange,OverRange,12.853958,15.910114,10.103754
2026/06/07 17:03:00.270,n,12.529618,3.34227,4.732775,1.576924,OverRange,OverRange,OverRange,12.839494,15.90586,10.12312
2026/06/07 17:04:00.272,n,12.567596,6.8325,4.645048,1.654502,OverRange,OverRange,OverRange,12.950934,15.904782,10.35042
2026/06/07 17:05:00.275,n,12.763768,3.616304,4.795917,1.61187,OverRange,OverRange,OverRange,12.826126,15.903708,10.45929
2026/06/07 17:06:00.276,n,12.865766,4.995068,4.588231,1.38723,OverRange,OverRange,OverRange,12.917202,15.901526,10.661418
2026/06/07 17:07:00.264,n,12.94788,6.666632,5.356318,1.675928,OverRange,OverRange,OverRange,12.945288,15.889726,10.721912
2026/06/07 17:08:00.265,n,12.980084,6.713201,4.592985,1.362462,OverRange,OverRange,OverRange,12.881216,15.891874,10.8208
2026/06/07 17:09:00.266,n,12.977002,4.623822,5.525667,1.287377,OverRange,OverRange,OverRange,12.790304,15.876816,10.725666
2026/06/07 17:10:00.269,n,12.804696,3.950132,4.603574,1.425583,OverRange,OverRange,OverRange,12.730246,15.873636,10.544954
2026/06/07 17:11:00.271,n,12.494464,5.906603,6.18228,0.242288,OverRange,OverRange,OverRange,13.00021,15.866124,10.216378
2026/06/07 17:12:00.274,n,11.938536,6.574966,4.963679,1.711064,OverRange,OverRange,OverRange,12.864686,15.865016,9.76545
2026/06/07 17:13:00.275,n,11.224542,3.521358,3.712324,0.22166,OverRange,OverRange,OverRange,12.752336,15.85858,9.127754
2026/06/07 17:14:00.276,n,10.493224,3.773295,3.641988,0.151006,OverRange,OverRange,OverRange,12.82393,15.853216,8.437328
2026/06/07 17:15:00.281,n,9.83427,6.335028,4.885667,1.624612,OverRange,OverRange,OverRange,12.937776,15.844628,7.789479
2026/06/07 17:16:00.264,n,9.249346,4.853874,4.620727,1.598306,OverRange,OverRange,OverRange,12.791072,15.839266,7.192053
2026/06/07 17:17:00.269,n,8.710226,3.041864,5.362691,1.256927,OverRange,OverRange,OverRange,12.86618,15.832796,6.690017
2026/06/07 17:18:00.267,n,8.274002,6.718306,4.945489,1.778381,OverRange,OverRange,OverRange,12.87942,15.824206,6.203426
2026/06/07 17:19:00.270,n,7.846375,4.539746,4.186541,1.133646,OverRange,OverRange,OverRange,12.732646,15.816692,5.80992
2026/06/07 17:20:00.271,n,7.541788,6.375408,5.539619,1.751364,OverRange,OverRange,OverRange,12.853658,15.81345,5.554978
2026/06/07 17:21:00.273,n,7.307255,3.150913,4.963148,1.405873,OverRange,OverRange,OverRange,12.716172,15.807012,5.301657
2026/06/07 17:22:00.275,n,6.838699,5.886597,4.878296,1.496782,OverRange,OverRange,OverRange,12.862016,15.802742,5.009429
2026/06/07 17:23:00.277,n,6.576452,6.697037,5.058976,1.630547,OverRange,OverRange,OverRange,12.874344,15.794136,4.830338
2026/06/07 17:24:00.281,n,6.247489,3.04555,4.422518,1.797102,OverRange,OverRange,OverRange,12.741014,15.788774,4.535891
2026/06/07 17:25:00.265,n,5.905823,3.532045,4.86959,1.72717,OverRange,OverRange,OverRange,12.770268,15.779078,4.278304
2026/06/07 17:26:00.268,n,5.690149,6.327419,5.022697,1.718067,OverRange,OverRange,OverRange,12.902166,15.782336,4.148785
2026/06/07 17:27:00.269,n,5.424437,6.283273,5.333502,1.032807,OverRange,OverRange,OverRange,12.769796,15.773716,3.787873
2026/06/07 17:28:00.270,n,4.895966,6.190287,5.314027,1.533635,OverRange,OverRange,OverRange,12.814698,15.765126,3.543169
2026/06/07 17:29:00.275,n,4.659508,3.376374,5.415355,1.062367,OverRange,OverRange,OverRange,12.782318,15.768354,3.197615
2026/06/07 17:30:00.276,n,4.113458,3.602826,4.843095,1.81335,OverRange,OverRange,OverRange,12.753804,15.767278,2.813154
2026/06/07 17:31:00.276,n,3.687114,3.786642,4.653785,1.193341,OverRange,OverRange,OverRange,12.714616,15.765126,2.380144
2026/06/07 17:32:00.279,n,3.237162,6.288928,5.948248,1.01956,OverRange,OverRange,OverRange,12.836426,15.768354,1.91403
2026/06/07 17:33:00.281,n,2.597582,6.591043,5.118515,1.518593,OverRange,OverRange,OverRange,12.720744,15.768354,1.307731
2026/06/07 17:34:00.266,n,2.147759,6.295883,4.737935,1.539945,OverRange,OverRange,OverRange,12.652664,15.767278,0.874466
2026/06/07 17:35:00.270,n,1.633528,6.82821,5.940396,1.149604,OverRange,OverRange,OverRange,12.670574,15.77049,0.44103
2026/06/07 17:36:00.272,n,1.063615,3.563368,5.468791,1.32965,OverRange,OverRange,OverRange,12.592412,15.789312,-0.04104
2026/06/07 17:37:00.272,n,0.818817,6.647024,5.14042,1.548678,OverRange,OverRange,OverRange,12.79454,15.781782,-0.277894
2026/06/07 17:38:00.274,n,0.66678,3.8706,4.86217,1.478954,OverRange,OverRange,OverRange,12.616314,15.771174,-0.488128
2026/06/07 17:39:00.277,n,0.23941,3.596275,4.715769,1.672039,OverRange,OverRange,OverRange,12.680258,15.766854,-0.750578
2026/06/07 17:40:00.279,n,-0.032204,6.195004,5.858063,1.052,OverRange,OverRange,OverRange,12.847046,15.75934,-0.951085
2026/06/07 17:41:00.279,n,-0.201817,4.544513,5.556055,1.279669,OverRange,OverRange,OverRange,12.625764,15.753946,-1.174885
2026/06/07 17:42:00.284,n,-0.611354,3.887258,5.389145,1.466814,OverRange,OverRange,OverRange,12.666428,15.746434,-1.437421
2026/06/07 17:43:00.267,n,-0.816123,3.629063,3.637879,0.120005,OverRange,OverRange,OverRange,12.651052,15.737844,-1.589038
2026/06/07 17:44:00.270,n,-1.099668,6.188463,5.637045,1.35718,OverRange,OverRange,OverRange,12.80833,15.728196,-1.812923
2026/06/07 17:45:00.271,n,-1.207826,6.576123,5.687673,1.333825,OverRange,OverRange,OverRange,12.73047,15.718498,-1.974352
2026/06/07 17:46:00.273,n,-1.459295,6.249153,5.330132,1.565359,OverRange,OverRange,OverRange,12.704052,15.710954,-2.157283
2026/06/07 17:47:00.274,n,-1.629038,3.319795,4.890214,1.39807,OverRange,OverRange,OverRange,12.589768,15.705592,-2.316835
2026/06/07 17:48:00.277,n,-1.666886,3.675628,4.639877,1.385,OverRange,OverRange,OverRange,12.63297,15.694868,-2.359667
2026/06/07 17:49:00.278,n,-1.994696,3.616903,4.912476,1.287856,OverRange,OverRange,OverRange,12.657262,15.676892,-2.657612
2026/06/07 17:50:00.282,n,-2.117736,6.336326,4.540346,1.491334,OverRange,OverRange,OverRange,12.775966,15.665158,-2.622459
2026/06/07 17:51:00.282,n,-2.231539,4.317984,3.620165,0.449497,OverRange,OverRange,OverRange,12.538036,15.660872,-2.770493
2026/06/07 17:52:00.272,n,-2.19369,5.400406,5.241815,1.104165,OverRange,OverRange,OverRange,12.659048,15.647004,-2.815116
2026/06/07 17:53:00.272,n,-2.454142,6.291246,6.211921,0.100536,OverRange,OverRange,OverRange,12.702998,15.637388,-3.006067
2026/06/07 17:54:00.274,n,-2.444775,6.614716,4.37209,1.187579,OverRange,OverRange,OverRange,12.560664,15.620308,-2.982433
2026/06/07 17:55:00.273,n,-2.571152,4.338543,5.193658,1.221496,OverRange,OverRange,OverRange,12.553356,15.611754,-3.050776
2026/06/07 17:56:00.276,n,-2.82275,3.582232,3.906275,0.578788,OverRange,OverRange,OverRange,12.52241,15.619054,-3.260924
2026/06/07 17:57:00.277,n,-2.690857,3.636599,3.968395,1.194401,OverRange,OverRange,OverRange,12.60403,15.598732,-3.221846
2026/06/07 17:58:00.281,n,-2.892546,6.213625,4.693852,1.393199,OverRange,OverRange,OverRange,12.67567,15.589132,-3.297783
2026/06/07 17:59:00.282,n,-2.789905,6.289873,4.557198,1.476859,OverRange,OverRange,OverRange,12.594386,15.58095,-3.254951
2026/06/07 18:00:00.286,n,-2.99493,6.341844,5.496895,1.366691,OverRange,OverRange,OverRange,12.632466,15.564948,-3.467147
2026/06/07 18:01:00.269,n,-3.029699,3.217454,4.771481,1.429412,OverRange,OverRange,OverRange,12.46489,15.549988,-3.554773
2026/06/07 18:02:00.446,n,-3.299132,4.534548,4.766662,1.003345,OverRange,OverRange,OverRange,12.638556,15.537164,-3.617058
2026/06/07 18:03:00.277,n,-3.313887,OverRange,OverRange,OverRange,OverRange,OverRange,OverRange,12.616598,15.521144,-3.659975
2026/06/07 18:04:00.260,n,-3.135163,2.958469,4.961779,1.611417,OverRange,OverRange,OverRange,12.471222,15.515766,-3.714496
2026/06/07 18:05:00.260,n,-3.176348,6.664036,5.50001,1.670885,OverRange,OverRange,OverRange,12.577134,15.500838,-3.595642
2026/06/07 18:06:00.266,n,-3.240498,6.21137,4.681721,1.418723,OverRange,OverRange,OverRange,12.497244,15.49119,-3.681306
2026/06/07 18:07:00.264,n,-3.267185,3.688752,4.043491,1.159132,OverRange,OverRange,OverRange,12.42156,15.485846,-3.732072
2026/06/07 18:08:00.266,n,-3.360844,6.506499,5.924768,1.48152,OverRange,OverRange,OverRange,12.570858,15.477322,-3.807924
2026/06/07 18:09:00.270,n,-3.457199,6.054185,4.905554,1.503495,OverRange,OverRange,OverRange,12.542094,15.470918,-3.961845
2026/06/07 18:10:00.273,n,-3.378422,2.89212,5.36462,1.220485,OverRange,OverRange,OverRange,12.525024,15.469842,-3.887614
2026/06/07 18:11:00.258,n,-3.477726,6.172703,5.982271,0.276109,OverRange,OverRange,OverRange,12.64262,15.46559,-3.914917
2026/06/07 18:12:00.259,n,-3.360716,6.119142,5.948258,0.527532,OverRange,OverRange,OverRange,12.555852,15.45912,-3.885822
2026/06/07 18:13:00.261,n,-3.460406,4.658879,4.022608,0.700039,OverRange,OverRange,OverRange,12.442038,15.448444,-3.901437
2026/06/07 18:14:00.262,n,-3.527636,3.722867,4.384528,1.607288,OverRange,OverRange,OverRange,12.46367,15.440998,-3.903314
2026/06/07 18:15:00.264,n,-3.565613,5.278111,5.397212,1.358008,OverRange,OverRange,OverRange,12.582576,15.436712,-3.988977
2026/06/07 18:16:00.266,n,-3.624118,6.63356,4.362029,1.374096,OverRange,OverRange,OverRange,12.445766,15.426004,-3.971657
2026/06/07 18:17:00.269,n,-3.501078,4.199338,5.811167,0.849921,OverRange,OverRange,OverRange,12.494284,15.416424,-3.934627
2026/06/07 18:18:00.270,n,-3.539055,3.245736,4.700845,1.538765,OverRange,OverRange,OverRange,12.454016,15.409986,-3.988977
2026/06/07 18:19:00.257,n,-3.586013,6.167282,5.128486,1.357248,OverRange,OverRange,OverRange,12.537106,15.392876,-4.053395
2026/06/07 18:20:00.260,n,-3.674027,6.60109,4.898173,1.756737,OverRange,OverRange,OverRange,12.494904,15.38432,-4.041536
2026/06/07 18:21:00.260,n,-3.72368,6.529188,5.255831,1.705612,OverRange,OverRange,OverRange,12.490602,15.37469,-4.076688
2026/06/07 18:22:00.262,n,-3.638744,3.916666,4.292603,1.312469,OverRange,OverRange,OverRange,12.346258,15.363998,-4.023874
2026/06/07 18:23:00.266,n,-3.621167,4.141149,4.829307,1.196036,OverRange,OverRange,OverRange,12.437444,15.34689,-4.057064
2026/06/07 18:24:00.266,n,-3.507107,3.551026,4.365156,1.322268,OverRange,OverRange,OverRange,12.40715,15.337274,-3.983175
2026/06/07 18:25:00.268,n,-3.471953,6.43047,5.950474,1.336706,OverRange,OverRange,OverRange,12.541122,15.322314,-3.950155
2026/06/07 18:26:00.272,n,-3.495175,3.536833,4.195809,1.271427,OverRange,OverRange,OverRange,12.335694,15.312684,-3.944354
2026/06/07 18:27:00.272,n,-3.448346,6.644141,6.382231,0.388671,OverRange,OverRange,OverRange,12.578278,15.309442,-3.969609
2026/06/07 18:28:00.258,n,-3.410625,4.52294,5.482237,1.271352,OverRange,OverRange,OverRange,12.428834,15.29665,-3.897427
2026/06/07 18:29:00.259,n,-3.475161,6.248142,4.61484,1.384144,OverRange,OverRange,OverRange,12.489686,15.291288,-3.856472
2026/06/07 18:30:00.265,n,-3.457455,6.477471,4.649853,1.600436,OverRange,OverRange,OverRange,12.458842,15.277404,-3.864322
2026/06/07 18:31:00.263,n,-3.466051,6.216941,5.026203,1.622045,OverRange,OverRange,OverRange,12.515616,15.273102,-3.905276
2026/06/07 18:32:00.265,n,-3.4631,6.385698,5.411654,1.443528,OverRange,OverRange,OverRange,12.49167,15.265606,-3.870294
2026/06/07 18:33:00.266,n,-3.486451,3.457797,4.311958,1.308816,OverRange,OverRange,OverRange,12.386714,15.248528,-3.854509
2026/06/07 18:34:00.269,n,-3.626941,5.134494,5.333869,1.274596,OverRange,OverRange,OverRange,12.493984,15.23991,-3.965684
2026/06/07 18:35:00.271,n,-3.477727,5.535302,5.319366,1.076913,OverRange,OverRange,OverRange,12.550522,15.234614,-3.89171
2026/06/07 18:36:00.274,n,-3.562662,3.799091,4.393243,1.727997,OverRange,OverRange,OverRange,12.432078,15.231388,-3.965684
2026/06/07 18:37:00.259,n,-3.55676,6.268036,5.410162,1.544296,OverRange,OverRange,OverRange,12.568136,15.220696,-3.911078
2026/06/07 18:38:00.260,n,-3.433976,3.45239,5.279728,1.579192,OverRange,OverRange,OverRange,12.397848,15.240284,-3.907238
2026/06/07 18:39:00.263,n,-3.07422,5.430249,5.664582,1.072923,OverRange,OverRange,OverRange,12.567932,15.23608,-3.520303
2026/06/07 18:40:00.268,n,-2.971707,3.25716,4.521877,1.730706,OverRange,OverRange,OverRange,12.45551,15.224314,-3.597946
2026/06/07 18:41:00.270,n,-2.959904,3.055621,4.591653,1.527704,OverRange,OverRange,OverRange,12.492422,15.220014,-3.492829
2026/06/07 18:42:00.269,n,-3.02136,3.791415,4.58207,1.353216,OverRange,OverRange,OverRange,12.505284,15.221088,-3.666204
2026/06/07 18:43:00.271,n,-3.190974,6.331107,6.275942,0.121521,OverRange,OverRange,OverRange,12.609756,15.221088,-3.632843
2026/06/07 18:44:00.272,n,-3.185201,3.661356,4.397793,1.73833,OverRange,OverRange,OverRange,12.400488,15.221088,-3.730451
2026/06/07 18:45:00.274,n,-3.132469,3.867618,4.983866,1.560585,OverRange,OverRange,OverRange,12.486842,15.224314,-3.709035
2026/06/07 18:46:00.261,n,-3.40498,3.5926,4.716572,1.52165,OverRange,OverRange,OverRange,12.513856,15.221088,-3.890089
2026/06/07 18:47:00.262,n,-3.454633,6.508228,4.950236,1.657733,OverRange,OverRange,OverRange,12.578944,15.222164,-3.813896
2026/06/07 18:48:00.264,n,-3.437184,6.656817,4.61712,1.457911,OverRange,OverRange,OverRange,12.462392,15.224314,-3.90374
2026/06/07 18:49:00.267,n,-3.475032,3.615969,4.228387,1.177813,OverRange,OverRange,OverRange,12.44096,15.222164,-3.915344
2026/06/07 18:50:00.268,n,-3.618601,6.184687,5.211098,1.254225,OverRange,OverRange,OverRange,12.611028,15.220014,-3.948449
2026/06/07 18:51:00.273,n,-3.577673,3.765215,4.415629,1.471212,OverRange,OverRange,OverRange,12.44243,15.21791,-4.053566
2026/06/07 18:52:00.272,n,-3.621552,6.514675,5.224091,1.526569,OverRange,OverRange,OverRange,12.539094,15.209324,-4.030273
2026/06/07 18:53:00.273,n,-3.565869,3.690658,4.544686,1.307284,OverRange,OverRange,OverRange,12.398316,15.205036,-3.989404
2026/06/07 18:54:00.276,n,-3.536617,3.973433,5.122464,1.598103,OverRange,OverRange,OverRange,12.48734,15.199726,-3.942562
2026/06/07 18:55:00.262,n,-3.565998,4.240198,4.300768,0.650595,OverRange,OverRange,OverRange,12.432384,15.193256,-4.008857
2026/06/07 18:56:00.269,n,-3.56882,3.602455,4.335044,0.892967,OverRange,OverRange,OverRange,12.448568,15.18366,-3.948449
2026/06/07 18:57:00.266,n,-3.718034,3.729469,4.030861,1.259174,OverRange,OverRange,OverRange,12.463898,15.17512,-4.057406
2026/06/07 18:58:00.270,n,-3.77654,3.80029,4.387671,1.161222,OverRange,OverRange,OverRange,12.494476,15.1665,-3.989489
2026/06/07 18:59:00.269,n,-3.788215,3.786798,4.427253,1.163982,OverRange,OverRange,OverRange,12.443966,15.157978,-4.155014
2026/06/07 19:00:00.271,n,-3.817468,6.072168,5.733959,0.917344,OverRange,OverRange,OverRange,12.558578,15.146214,-4.160901
2026/06/07 19:01:00.273,n,-3.633227,6.196394,5.53126,1.269828,OverRange,OverRange,OverRange,12.452302,15.1387,-4.030358
2026/06/07 19:02:00.278,n,-3.73574,3.89223,4.261157,0.990722,OverRange,OverRange,OverRange,12.349594,15.12371,-4.067217
2026/06/07 19:03:00.278,n,-3.922931,6.230718,5.429377,1.384439,OverRange,OverRange,OverRange,12.54567,15.115156,-4.213289
2026/06/07 19:04:00.262,n,-3.785521,6.49248,4.381881,1.169482,OverRange,OverRange,OverRange,12.432348,15.100164,-4.151003
2026/06/07 19:05:00.264,n,-3.791294,3.790494,4.136996,0.980871,OverRange,OverRange,OverRange,12.41499,15.094804,-4.223101
2026/06/07 19:06:00.267,n,-3.78257,4.768597,4.358344,1.156759,OverRange,OverRange,OverRange,12.49875,15.077678,-4.164741
2026/06/07 19:07:00.271,n,-3.75614,6.173158,5.10756,1.248064,OverRange,OverRange,OverRange,12.50735,15.07126,-4.176344
2026/06/07 19:08:00.269,n,-3.680057,3.838093,4.178185,1.185019,OverRange,OverRange,OverRange,12.39352,15.061612,-4.152881
2026/06/07 19:09:00.276,n,-3.835302,6.494218,4.871944,1.315034,OverRange,OverRange,OverRange,12.492452,15.053058,-4.188119
2026/06/07 19:10:00.274,n,-3.753317,6.253469,5.74207,1.274681,OverRange,OverRange,OverRange,12.493196,15.03699,-4.211497
2026/06/07 19:11:00.277,n,-3.665431,6.522007,4.554013,1.459059,OverRange,OverRange,OverRange,12.406346,15.030588,-4.110135
2026/06/07 19:12:00.277,n,-3.612699,3.850876,4.072859,1.254017,OverRange,OverRange,OverRange,12.3647,15.028438,-3.993158
2026/06/07 19:13:00.264,n,-3.545213,5.525761,3.965862,0.765523,OverRange,OverRange,OverRange,12.449566,15.025194,-4.002799
2026/06/07 19:14:00.265,n,-3.249736,5.534591,4.190752,0.780466,OverRange,OverRange,OverRange,12.444256,15.014504,-3.819954
2026/06/07 19:15:00.268,n,-3.243834,3.499694,4.807977,1.509607,OverRange,OverRange,OverRange,12.463908,15.007026,-3.83736
2026/06/07 19:16:00.270,n,-3.103344,6.520419,4.606644,1.52557,OverRange,OverRange,OverRange,12.485836,15.004876,-3.778914
2026/06/07 19:17:00.272,n,-2.95413,3.64306,4.884222,1.134994,OverRange,OverRange,OverRange,12.432144,15.005918,-3.623201
2026/06/07 19:18:00.273,n,-2.948229,3.45965,4.401269,1.496238,OverRange,OverRange,OverRange,12.490672,15.005918,-3.597946
2026/06/07 19:19:00.276,n,-2.828524,3.904438,5.098821,1.315493,OverRange,OverRange,OverRange,12.474258,15.007026,-3.58037
2026/06/07 19:20:00.277,n,-3.062288,3.86628,4.181203,1.157388,OverRange,OverRange,OverRange,12.475058,15.019866,-3.636938
2026/06/07 19:21:00.279,n,-2.872275,6.436651,5.440016,1.578598,OverRange,OverRange,OverRange,12.532292,15.023044,-3.514074
2026/06/07 19:22:00.267,n,-2.810818,6.185836,4.436485,1.469837,OverRange,OverRange,OverRange,12.51032,15.031632,-3.482932
2026/06/07 19:23:00.267,n,-2.681876,6.338099,5.787172,1.294668,OverRange,OverRange,OverRange,12.52676,15.043396,-3.469536
2026/06/07 19:24:00.269,n,-2.845844,6.166365,4.872384,1.574919,OverRange,OverRange,OverRange,12.51437,15.044502,-3.531651
2026/06/07 19:25:00.273,n,-2.875097,6.599338,4.931702,1.681664,OverRange,OverRange,OverRange,12.514614,15.048772,-3.560831
2026/06/07 19:26:00.276,n,-2.845844,6.058524,5.323855,1.518783,OverRange,OverRange,OverRange,12.54797,15.05731,-3.473205
2026/06/07 19:27:00.276,n,-2.72306,5.417625,5.825371,1.203757,OverRange,OverRange,OverRange,12.51566,15.063762,-3.440271
2026/06/07 19:28:00.279,n,-2.962855,3.14432,4.118189,0.922316,OverRange,OverRange,OverRange,12.472768,15.064822,-3.640522
2026/06/07 19:29:00.279,n,-2.913331,3.781687,5.813347,1.006217,OverRange,OverRange,OverRange,12.525514,15.06909,-3.58037
2026/06/07 19:30:00.283,n,-3.100265,4.917825,4.474815,1.038421,OverRange,OverRange,OverRange,12.547964,15.072334,-3.601871
2026/06/07 19:31:00.267,n,-3.003911,6.199662,6.071249,0.091025,OverRange,OverRange,OverRange,12.59342,15.072334,-3.558869
2026/06/07 19:32:00.269,n,-2.91038,6.08241,5.077595,1.411161,OverRange,OverRange,OverRange,12.534344,15.076602,-3.500423
2026/06/07 19:33:00.272,n,-2.834041,3.560697,5.691616,1.069016,OverRange,OverRange,OverRange,12.490968,15.075526,-3.510406
2026/06/07 19:34:00.272,n,-3.062288,5.930665,5.300038,1.217781,OverRange,OverRange,OverRange,12.576234,15.073408,-3.672006
2026/06/07 19:35:00.274,n,-2.810818,6.271552,5.6635,1.268136,OverRange,OverRange,OverRange,12.55602,15.080856,-3.455714
2026/06/07 19:36:00.277,n,-2.945278,6.254144,5.368841,1.189579,OverRange,OverRange,OverRange,12.559306,15.073408,-3.539415
2026/06/07 19:37:00.278,n,-2.804916,6.587923,5.179528,1.603533,OverRange,OverRange,OverRange,12.524206,15.068048,-3.45196
2026/06/07 19:38:00.279,n,-2.81069,3.868271,4.738158,1.474881,OverRange,OverRange,OverRange,12.47578,15.070216,-3.449827
2026/06/07 19:39:00.281,n,-2.714208,6.408999,5.798532,1.305555,OverRange,OverRange,OverRange,12.606976,15.076602,-3.331059
2026/06/07 19:40:00.268,n,-2.673536,3.385208,5.123787,1.472383,OverRange,OverRange,OverRange,12.511108,15.07872,-3.360324
2026/06/07 19:41:00.273,n,-2.594375,3.650652,4.266252,1.191832,OverRange,OverRange,OverRange,12.504292,15.07872,-3.239593
2026/06/07 19:42:00.271,n,-2.714079,6.171484,6.277735,0.119916,OverRange,OverRange,OverRange,12.608776,15.076602,-3.304012
2026/06/07 19:43:00.275,n,-2.734736,4.820396,4.686896,1.126209,OverRange,OverRange,OverRange,12.522232,15.079812,-3.442148
2026/06/07 19:44:00.276,n,-2.887029,3.602175,3.53953,0.289816,OverRange,OverRange,OverRange,12.523764,15.079812,-3.412968
2026/06/07 19:45:00.277,n,-2.807996,2.780922,4.923835,1.387264,OverRange,OverRange,OverRange,12.613298,15.085174,-3.336946
2026/06/07 19:46:00.263,n,-2.734736,4.030342,4.438027,1.11192,OverRange,OverRange,OverRange,12.547222,15.081996,-3.342748
2026/06/07 19:47:00.282,n,-2.998138,6.596635,5.171483,1.571433,OverRange,OverRange,OverRange,12.615056,15.089442,-3.494706
2026/06/07 19:48:00.283,n,-2.822494,4.03024,5.222626,1.415165,OverRange,OverRange,OverRange,12.569424,15.085174,-3.4558
2026/06/07 19:49:00.269,n,-3.001089,3.78895,4.123004,1.206173,OverRange,OverRange,OverRange,12.566884,15.087324,-3.504518
2026/06/07 19:50:00.273,n,-2.898448,3.768333,5.488711,1.546131,OverRange,OverRange,OverRange,12.557796,15.087324,-3.455799
2026/06/07 19:51:00.274,n,-2.962983,4.194597,4.08202,0.33475,OverRange,OverRange,OverRange,12.53235,15.091594,-3.340956
2026/06/07 19:52:00.374,n,-2.933602,5.676894,4.949037,1.164162,OverRange,OverRange,OverRange,12.569932,15.086248,-3.41877
2026/06/07 19:53:00.325,n,-2.752185,3.540644,5.251015,1.618101,OverRange,OverRange,OverRange,12.553268,15.094804,-3.3936
2026/06/07 19:54:00.448,n,-2.687906,6.294161,5.922707,1.098154,OverRange,OverRange,OverRange,12.634262,15.098028,-3.393344
2026/06/07 19:55:00.282,n,-2.641204,3.734211,4.47629,1.220342,OverRange,OverRange,OverRange,12.50055,15.101208,-3.366041
2026/06/07 19:56:00.267,n,-2.872146,3.277263,4.0014,0.96202,OverRange,OverRange,OverRange,12.570424,15.106568,-3.342918
2026/06/07 19:57:00.268,n,-2.848795,4.835886,3.892664,0.467219,OverRange,OverRange,OverRange,12.573228,15.115156,-3.397354
2026/06/07 19:58:00.270,n,-2.74346,6.533836,4.095286,1.2088,OverRange,OverRange,OverRange,12.619618,15.12907,-3.327304
2026/06/07 19:59:00.273,n,-2.661604,6.061157,6.17236,0.108858,OverRange,OverRange,OverRange,12.635284,15.13655,-3.297868
2026/06/07 20:00:00.258,n,-2.480058,3.235522,4.88196,1.679787,OverRange,OverRange,OverRange,12.552766,15.144062,-3.270821
2026/06/07 20:01:00.262,n,-2.734736,5.923526,5.123942,1.049817,OverRange,OverRange,OverRange,12.623404,15.149392,-3.368088
2026/06/07 20:02:00.261,n,-2.567944,5.31791,4.823109,1.321976,OverRange,OverRange,OverRange,12.551498,15.154734,-3.233792
2026/06/07 20:03:00.263,n,-2.740381,3.376916,3.858045,1.289383,OverRange,OverRange,OverRange,12.566376,15.160128,-3.276538
2026/06/07 20:04:00.266,n,-2.69663,6.502701,5.595158,1.536605,OverRange,OverRange,OverRange,12.646092,15.163274,-3.198639
2026/06/07 20:05:00.268,n,-2.594246,6.342125,5.58712,1.238652,OverRange,OverRange,OverRange,12.593884,15.167608,-3.194714
2026/06/07 20:06:00.269,n,-2.819671,6.298502,4.92256,1.684567,OverRange,OverRange,OverRange,12.576706,15.176162,-3.395392
2026/06/07 20:07:00.271,n,-2.965934,6.028607,4.549682,1.243645,OverRange,OverRange,OverRange,12.549984,15.167608,-3.436346
2026/06/07 20:08:00.257,n,-2.957081,6.084168,4.964167,1.518505,OverRange,OverRange,OverRange,12.579774,15.171894,-3.457762
2026/06/07 20:09:00.258,n,-2.907429,3.704083,3.672283,0.469015,OverRange,OverRange,OverRange,12.475058,15.171894,-3.401194
2026/06/07 20:10:00.261,n,-3.123873,3.532355,4.144706,1.151886,OverRange,OverRange,OverRange,12.518448,15.1665,-3.518
2026/06/07 20:11:00.264,n,-3.059337,3.352872,4.810042,1.386787,OverRange,OverRange,OverRange,12.57194,15.171894,-3.455799
2026/06/07 20:12:00.264,n,-3.319917,6.268095,4.939784,1.399793,OverRange,OverRange,OverRange,12.574214,15.160128,-3.633013
2026/06/07 20:13:00.267,n,-3.223049,6.390872,5.220869,1.395813,OverRange,OverRange,OverRange,12.538626,15.154734,-3.580199
2026/06/07 20:14:00.269,n,-3.316965,3.688535,4.379221,1.592223,OverRange,OverRange,OverRange,12.477804,15.154734,-3.728233
2026/06/07 20:15:00.271,n,-3.460534,5.883462,4.482088,1.049992,OverRange,OverRange,OverRange,12.540406,15.145138,-3.759546
2026/06/07 20:16:00.256,n,-3.293615,3.697826,4.381993,1.224687,OverRange,OverRange,OverRange,12.450308,15.137626,-3.751867
2026/06/07 20:17:00.258,n,-3.463742,6.502424,5.069976,1.400713,OverRange,OverRange,OverRange,12.532048,15.140852,-3.732243
2026/06/07 20:18:00.261,n,-3.375599,6.263568,6.258419,0.066406,OverRange,OverRange,OverRange,12.495764,15.131222,-3.827718
2026/06/07 20:19:00.263,n,-3.290664,3.776367,5.353873,1.455586,OverRange,OverRange,OverRange,12.421286,15.118382,-3.845294
2026/06/07 20:20:00.264,n,-3.486708,6.788573,4.85566,1.590109,OverRange,OverRange,OverRange,12.47604,15.105526,-3.83736
2026/06/07 20:21:00.265,n,-3.360973,6.092974,5.596697,1.201762,OverRange,OverRange,OverRange,12.479336,15.100164,-3.775075
2026/06/07 20:22:00.269,n,-3.30529,6.163999,4.823625,1.573131,OverRange,OverRange,OverRange,12.453842,15.09376,-3.78301
2026/06/07 20:23:00.271,n,-3.287713,5.734033,4.683747,1.302836,OverRange,OverRange,OverRange,12.424572,15.084114,-3.784887
2026/06/07 20:24:00.275,n,-3.352377,6.213883,5.119101,1.460252,OverRange,OverRange,OverRange,12.442998,15.073408,-3.784887
2026/06/07 20:25:00.258,n,-3.442957,3.725505,4.884983,1.443984,OverRange,OverRange,OverRange,12.390762,15.063762,-3.852888
2026/06/07 20:26:00.260,n,-3.621424,4.331791,3.828742,0.257229,OverRange,OverRange,OverRange,12.401602,15.054132,-3.870721
2026/06/07 20:27:00.265,n,-3.4223,6.443499,5.451569,1.407972,OverRange,OverRange,OverRange,12.449804,15.050906,-3.810313
2026/06/07 20:28:00.264,n,-3.320045,6.548856,5.496254,1.398825,OverRange,OverRange,OverRange,12.399074,15.045546,-3.683609
2026/06/07 20:29:00.267,n,-3.451682,6.407429,4.569588,1.413151,OverRange,OverRange,OverRange,12.409654,15.03378,-3.870635
2026/06/07 20:30:00.267,n,-3.489915,3.787698,4.643425,1.45908,OverRange,OverRange,OverRange,12.401312,15.028438,-3.876267
2026/06/07 20:31:00.269,n,-3.49864,5.980421,5.241327,1.469118,OverRange,OverRange,OverRange,12.481838,15.024118,-3.928825
2026/06/07 20:32:00.272,n,-3.328769,5.107327,5.902373,0.461156,OverRange,OverRange,OverRange,12.417252,15.023044,-3.831558
2026/06/07 20:33:00.276,n,-3.448731,3.397056,4.832404,1.26241,OverRange,OverRange,OverRange,12.36878,15.023044,-3.905618
2026/06/07 20:34:00.258,n,-3.522119,6.314616,4.096013,1.090512,OverRange,OverRange,OverRange,12.44577,15.0263,-3.895976
2026/06/07 20:35:00.261,n,-3.390097,6.484745,6.203905,0.212458,OverRange,OverRange,OverRange,12.441006,15.020908,-3.909542
2026/06/07 20:36:00.263,n,-3.191487,6.41152,6.368769,0.069571,OverRange,OverRange,OverRange,12.409704,15.030588,-3.829681
2026/06/07 20:37:00.269,n,-3.26449,3.803047,4.456061,1.374176,OverRange,OverRange,OverRange,12.355412,15.028438,-3.740092
2026/06/07 20:38:00.268,n,-3.565869,3.694869,3.667217,0.088552,OverRange,OverRange,OverRange,12.37436,15.023044,-3.956299
2026/06/07 20:39:00.269,n,-3.402157,2.840368,5.475999,1.434618,OverRange,OverRange,OverRange,12.413716,15.023044,-3.8784
2026/06/07 20:40:00.272,n,-3.45181,4.638805,4.052297,0.857319,OverRange,OverRange,OverRange,12.397812,15.017684,-3.851097
2026/06/07 20:41:00.273,n,-3.507236,5.323665,4.57854,1.448459,OverRange,OverRange,OverRange,12.413448,15.011278,-3.835398
2026/06/07 20:42:00.275,n,-3.424995,6.236328,6.266472,0.084071,OverRange,OverRange,OverRange,12.44048,15.00913,-3.925071
2026/06/07 20:43:00.260,n,-3.6127,3.848604,4.515189,1.373061,OverRange,OverRange,OverRange,12.318028,15.003768,-4.008772
2026/06/07 20:44:00.262,n,-3.729838,6.090945,5.093782,1.487716,OverRange,OverRange,OverRange,12.459906,14.990928,-3.932835
2026/06/07 20:45:00.265,n,-3.671076,3.077039,4.626803,1.411111,OverRange,OverRange,OverRange,12.349584,14.978086,-4.086756
2026/06/07 20:46:00.266,n,-3.68891,5.995984,5.288384,0.958731,OverRange,OverRange,OverRange,12.433422,14.970608,-3.967817
2026/06/07 20:47:00.269,n,-3.601024,3.752595,4.120646,0.892279,OverRange,OverRange,OverRange,12.33193,14.959872,-3.958176
2026/06/07 20:48:00.271,n,-3.641952,3.869678,4.426267,0.96641,OverRange,OverRange,OverRange,12.38798,14.952376,-4.008857
2026/06/07 20:49:00.272,n,-3.855317,5.928634,5.603756,0.857324,OverRange,OverRange,OverRange,12.419272,14.944896,-4.090511
2026/06/07 20:50:00.277,n,-3.647854,3.880897,4.913602,1.32186,OverRange,OverRange,OverRange,12.30336,14.935234,-4.049812
2026/06/07 20:51:00.277,n,-3.753188,5.847804,5.291941,1.043612,OverRange,OverRange,OverRange,12.388478,14.92883,-4.075067
2026/06/07 20:52:00.263,n,-3.764736,5.985167,4.59001,1.265069,OverRange,OverRange,OverRange,12.314488,14.909522,-4.086671
2026/06/07 20:53:00.264,n,-3.697763,3.374138,5.676894,1.13553,OverRange,OverRange,OverRange,12.29506,14.900936,-4.030188
2026/06/07 20:54:00.265,n,-3.747287,3.923104,5.371771,1.268573,OverRange,OverRange,OverRange,12.284454,14.890246,-4.117899
2026/06/07 20:55:00.269,n,-3.759091,3.37763,5.040634,1.402038,OverRange,OverRange,OverRange,12.283676,14.881692,-4.121824
2026/06/07 20:56:00.270,n,-3.811694,3.545749,3.733464,0.17956,OverRange,OverRange,OverRange,12.24936,14.869864,-4.100493
2026/06/07 20:57:00.272,n,-3.79989,3.738454,4.488348,1.261718,OverRange,OverRange,OverRange,12.271318,14.860202,-4.189911
2026/06/07 20:58:00.275,n,-3.826321,3.608551,5.281675,1.197501,OverRange,OverRange,OverRange,12.285442,14.84632,-4.184024
2026/06/07 20:59:00.277,n,-3.788087,3.781063,3.819936,0.083771,OverRange,OverRange,OverRange,12.214254,14.844136,-4.203733
2026/06/07 21:00:00.282,n,-3.835173,6.077537,6.016042,0.135834,OverRange,OverRange,OverRange,12.309712,14.829164,-4.188119
2026/06/07 21:01:00.264,n,-3.858652,5.543047,5.249045,1.025686,OverRange,OverRange,OverRange,12.230916,14.821686,-4.217214
2026/06/07 21:02:00.265,n,-3.86712,5.931756,4.717932,1.115835,OverRange,OverRange,OverRange,12.239488,14.810884,-4.201685
2026/06/07 21:03:00.267,n,-3.738563,6.332377,5.398429,1.004526,OverRange,OverRange,OverRange,12.239752,14.800226,-4.16858
2026/06/07 21:04:00.270,n,-3.741385,3.731391,4.319167,0.886961,OverRange,OverRange,OverRange,12.160696,14.79912,-4.195798
2026/06/07 21:05:00.273,n,-3.835045,6.099277,5.03845,1.479058,OverRange,OverRange,OverRange,12.256658,14.781994,-4.176345
2026/06/07 21:06:00.274,n,-3.767815,6.32075,5.088329,1.259556,OverRange,OverRange,OverRange,12.218766,14.77877,-4.201685
2026/06/07 21:07:00.276,n,-3.802842,3.149956,4.931328,1.455561,OverRange,OverRange,OverRange,12.1978,14.77344,-4.180269
2026/06/07 21:08:00.277,n,-3.782313,6.100185,5.211041,1.303982,OverRange,OverRange,OverRange,12.262472,14.768048,-4.127796
2026/06/07 21:09:00.281,n,-3.852622,4.157717,5.336952,1.227141,OverRange,OverRange,OverRange,12.20338,14.769108,-4.28914
2026/06/07 21:10:00.268,n,-3.89355,6.21908,5.11813,1.257411,OverRange,OverRange,OverRange,12.22813,14.767006,-4.244602
2026/06/07 21:11:00.267,n,-3.937557,5.926257,4.931795,1.288784,OverRange,OverRange,OverRange,12.19604,14.769108,-4.258083
2026/06/07 21:12:00.269,n,-3.910999,6.270612,5.673292,1.05985,OverRange,OverRange,OverRange,12.183406,14.769108,-4.279499
2026/06/07 21:13:00.272,n,-3.961037,5.602535,5.311588,1.097058,OverRange,OverRange,OverRange,12.179138,14.763748,-4.258168
2026/06/07 21:14:00.273,n,-3.972712,5.903982,5.88711,0.097076,OverRange,OverRange,OverRange,12.2337,14.75842,-4.250319
2026/06/07 21:15:00.274,n,-3.934607,6.194216,5.134055,1.429816,OverRange,OverRange,OverRange,12.18896,14.75842,-4.223186
2026/06/07 21:16:00.277,n,-4.004659,5.870657,5.618826,0.842791,OverRange,OverRange,OverRange,12.219296,14.754134,-4.316614
2026/06/07 21:17:00.278,n,-3.94641,3.644036,4.410769,1.341283,OverRange,OverRange,OverRange,12.11874,14.746622,-4.367296
2026/06/07 21:18:00.283,n,-3.934478,6.337758,5.730137,1.080413,OverRange,OverRange,OverRange,12.196804,14.738036,-4.343832
2026/06/07 21:19:00.265,n,-3.861475,3.698694,5.184093,1.251318,OverRange,OverRange,OverRange,12.125062,14.733718,-4.420024
2026/06/07 21:20:00.268,n,-4.001965,3.91906,4.242515,1.056122,OverRange,OverRange,OverRange,12.118994,14.72624,-4.277707
2026/06/07 21:21:00.269,n,-3.969889,4.414106,4.272048,0.766463,OverRange,OverRange,OverRange,12.143016,14.72194,-4.283424
2026/06/07 21:22:00.272,n,-3.916901,6.007969,5.903085,0.352265,OverRange,OverRange,OverRange,12.185206,14.712326,-4.301
2026/06/07 21:23:00.273,n,-3.829271,3.474761,4.894743,1.370365,OverRange,OverRange,OverRange,12.101552,14.714462,-4.250404
2026/06/07 21:24:00.276,n,-3.902403,4.03492,4.764309,1.023916,OverRange,OverRange,OverRange,12.124298,14.70154,-4.306802
2026/06/07 21:25:00.276,n,-3.914463,5.506439,5.334545,0.842818,OverRange,OverRange,OverRange,12.153372,14.69408,-4.283594
2026/06/07 21:26:00.280,n,-3.870327,3.591443,4.021481,1.005146,OverRange,OverRange,OverRange,12.105602,14.684434,-4.289311
2026/06/07 21:27:00.281,n,-3.820547,6.07846,5.890272,0.508935,OverRange,OverRange,OverRange,12.215002,14.68119,-4.219261
2026/06/07 21:28:00.267,n,-3.735611,5.453935,4.282767,0.728695,OverRange,OverRange,OverRange,12.103348,14.674754,-4.189911
2026/06/07 21:29:00.269,n,-3.662224,4.224567,4.523552,1.251789,OverRange,OverRange,OverRange,12.117478,14.672604,-4.137437
2026/06/07 21:30:00.271,n,-3.688782,3.465815,4.217185,1.215063,OverRange,OverRange,OverRange,12.140468,14.666204,-4.051689
2026/06/07 21:31:00.273,n,-3.633227,5.070778,5.039174,1.023891,OverRange,OverRange,OverRange,12.17535,14.670454,-4.006809
2026/06/07 21:32:00.276,n,-3.600895,4.002389,4.370222,1.135609,OverRange,OverRange,OverRange,12.096752,14.658658,-4.065255
2026/06/07 21:33:00.277,n,-3.647854,4.678545,4.697662,1.149857,OverRange,OverRange,OverRange,12.169006,14.656542,-3.965855
2026/06/07 21:34:00.279,n,-3.539439,5.131686,5.183876,1.033169,OverRange,OverRange,OverRange,12.172572,14.654374,-4.008857
2026/06/07 21:35:00.280,n,-3.495689,3.383314,4.823193,1.311639,OverRange,OverRange,OverRange,12.142488,14.650106,-4.030273
2026/06/07 21:36:00.282,n,-3.507236,4.082857,4.641216,1.071212,OverRange,OverRange,OverRange,12.166246,14.650106,-3.989404
2026/06/07 21:37:00.267,n,-3.601024,4.028441,4.882074,1.078581,OverRange,OverRange,OverRange,12.172058,14.642594,-4.014744
2026/06/07 21:38:00.270,n,-3.601152,5.997728,4.662325,1.088493,OverRange,OverRange,OverRange,12.220068,14.64582,-3.929081
2026/06/07 21:39:00.271,n,-3.521991,5.862123,4.54664,1.171346,OverRange,OverRange,OverRange,12.201848,14.643638,-3.925156
2026/06/07 21:40:00.275,n,-3.375471,4.848119,5.012276,1.104745,OverRange,OverRange,OverRange,12.229904,14.635084,-3.909457
2026/06/07 21:41:00.340,n,-3.408188,3.735706,4.45513,1.267054,OverRange,OverRange,OverRange,12.207678,14.641502,-3.890004
2026/06/07 21:42:00.280,n,-3.291049,5.686357,5.269821,1.002271,OverRange,OverRange,OverRange,12.270062,14.642594,-3.806388
2026/06/07 21:43:00.280,n,-3.264362,5.434681,5.524861,0.986744,OverRange,OverRange,OverRange,12.234192,14.67316,-3.792651
2026/06/07 21:44:00.282,n,-3.024183,3.98606,4.440251,0.951904,OverRange,OverRange,OverRange,12.217886,14.67316,-3.549142
2026/06/07 21:45:00.268,n,-3.158899,3.760995,4.746135,1.070173,OverRange,OverRange,OverRange,12.253994,14.67852,-3.656136
2026/06/07 21:46:00.270,n,-3.147352,3.998039,4.013078,0.123137,OverRange,OverRange,OverRange,12.233556,14.682838,-3.605539
2026/06/07 21:47:00.272,n,-3.217404,3.971253,4.979926,1.1035,OverRange,OverRange,OverRange,12.256288,14.694634,-3.629089
2026/06/07 21:48:00.258,n,-3.243706,6.16283,5.597784,0.978027,OverRange,OverRange,OverRange,12.259048,14.69786,-3.660146
2026/06/07 21:49:00.262,n,-3.197004,3.796904,5.166518,1.126487,OverRange,OverRange,OverRange,12.199452,14.702112,-3.708779
2026/06/07 21:50:00.261,n,-3.290664,4.136766,4.660845,1.177896,OverRange,OverRange,OverRange,12.224956,14.710698,-3.665862
2026/06/07 21:51:00.263,n,-3.26154,4.792843,5.620417,0.678744,OverRange,OverRange,OverRange,12.25198,14.711804,-3.782839
2026/06/07 21:52:00.266,n,-3.249736,3.852744,4.571718,1.084386,OverRange,OverRange,OverRange,12.179494,14.712848,-3.778914
2026/06/07 21:53:00.268,n,-3.284634,6.584922,4.984602,1.404661,OverRange,OverRange,OverRange,12.218898,14.719282,-3.722431
2026/06/07 21:54:00.270,n,-3.214453,4.979728,4.35506,1.131996,OverRange,OverRange,OverRange,12.176718,14.719282,-3.687449
2026/06/07 21:55:00.271,n,-3.150046,6.129407,5.397024,1.269446,OverRange,OverRange,OverRange,12.236578,14.720358,-3.613389
2026/06/07 21:56:00.273,n,-3.076786,5.85552,4.936657,1.211402,OverRange,OverRange,OverRange,12.203248,14.72357,-3.628833
2026/06/07 21:57:00.259,n,-2.965806,3.62828,5.666886,1.005424,OverRange,OverRange,OverRange,12.195918,14.724644,-3.66791
2026/06/07 21:58:00.261,n,-2.986205,5.117495,5.055313,1.182878,OverRange,OverRange,OverRange,12.17746,14.72357,-3.632757
2026/06/07 21:59:00.262,n,-3.027262,4.954795,5.927136,0.570256,OverRange,OverRange,OverRange,12.194418,14.72246,-3.624993
2026/06/07 22:00:00.265,n,-2.989285,6.027012,5.227279,1.264926,OverRange,OverRange,OverRange,12.197918,14.728898,-3.60955
2026/06/07 22:01:00.266,n,-3.041888,3.943535,4.605109,1.103097,OverRange,OverRange,OverRange,12.14008,14.721418,-3.671835
2026/06/07 22:02:00.269,n,-3.079994,3.592357,5.578293,0.991621,OverRange,OverRange,OverRange,12.226974,14.720358,-3.702978
2026/06/07 22:03:00.272,n,-3.032779,6.107972,5.693985,1.083725,OverRange,OverRange,OverRange,12.22875,14.725718,-3.646494
2026/06/07 22:04:00.274,n,-2.91564,6.169269,6.311662,0.161191,OverRange,OverRange,OverRange,12.222698,14.728898,-3.666033
2026/06/07 22:05:00.257,n,-2.953746,5.361477,5.842541,0.538624,OverRange,OverRange,OverRange,12.211568,14.72357,-3.632843
2026/06/07 22:06:00.260,n,-3.062416,6.022064,4.766983,1.088224,OverRange,OverRange,OverRange,12.21664,14.725718,-3.580284
2026/06/07 22:07:00.261,n,-2.977481,6.204828,6.104597,0.108535,OverRange,OverRange,OverRange,12.268148,14.730004,-3.560831
2026/06/07 22:08:00.263,n,-2.948228,5.232794,5.646931,0.956598,OverRange,OverRange,OverRange,12.206528,14.727854,-3.59786
2026/06/07 22:09:00.266,n,-2.939376,6.020404,6.177651,0.15465,OverRange,OverRange,OverRange,12.243912,14.73108,-3.486857
2026/06/07 22:10:00.267,n,-2.904221,4.710756,4.789178,0.992849,OverRange,OverRange,OverRange,12.178244,14.744618,-3.539245
2026/06/07 22:11:00.270,n,-2.807482,3.274737,4.199381,0.931375,OverRange,OverRange,OverRange,12.173528,14.738168,-3.362116
2026/06/07 22:12:00.271,n,-2.824803,3.809619,4.77405,1.358788,OverRange,OverRange,OverRange,12.208116,14.74356,-3.366211
2026/06/07 22:13:00.256,n,-2.760652,3.568083,5.277715,1.376936,OverRange,OverRange,OverRange,12.205612,14.741378,-3.336861
2026/06/07 22:14:00.258,n,-2.874969,4.060712,3.925934,0.145132,OverRange,OverRange,OverRange,12.16571,14.745696,-3.366126
2026/06/07 22:15:00.264,n,-2.699196,5.9897,5.254858,1.153646,OverRange,OverRange,OverRange,12.212408,14.748888,-3.379521
2026/06/07 22:16:00.265,n,-2.655574,5.613908,5.172358,1.001311,OverRange,OverRange,OverRange,12.167456,14.753206,-3.350683
2026/06/07 22:17:00.267,n,-2.757958,5.915685,5.872972,0.191995,OverRange,OverRange,OverRange,12.189958,14.755322,-3.338823
2026/06/07 22:18:00.269,n,-2.681747,6.259311,5.176883,1.085474,OverRange,OverRange,OverRange,12.147004,14.752096,-3.356314
2026/06/07 22:19:00.268,n,-2.775407,6.514591,5.615683,1.054863,OverRange,OverRange,OverRange,12.13287,14.763876,-3.416637
2026/06/07 22:20:00.272,n,-2.614518,3.779741,4.912799,1.373877,OverRange,OverRange,OverRange,12.093446,14.766044,-3.352475
2026/06/07 22:21:00.272,n,-2.626193,4.715359,5.571388,0.986645,OverRange,OverRange,OverRange,12.104066,14.773588,-3.288142
2026/06/07 22:22:00.258,n,-2.64377,4.197642,4.336408,0.921831,OverRange,OverRange,OverRange,12.078532,14.784292,-3.294199
2026/06/07 22:23:00.259,n,-2.59399,3.942864,4.493142,0.537026,OverRange,OverRange,OverRange,12.050492,14.78747,-3.202478
2026/06/07 22:24:00.263,n,-2.596812,5.913081,5.33283,1.04614,OverRange,OverRange,OverRange,12.090664,14.802492,-3.221846
2026/06/07 22:25:00.264,n,-2.544465,3.731135,5.547149,0.891022,OverRange,OverRange,OverRange,12.040634,14.807884,-3.276623
2026/06/07 22:26:00.265,n,-2.526631,3.778359,4.214832,0.366526,OverRange,OverRange,OverRange,12.048234,14.814288,-3.231573
2026/06/07 22:27:00.270,n,-2.576541,3.715563,4.964988,1.224851,OverRange,OverRange,OverRange,12.075746,14.8218,-3.235669
2026/06/07 22:28:00.271,n,-2.626321,3.640443,4.48992,1.27835,OverRange,OverRange,OverRange,12.097474,14.83252,-3.233536
2026/06/07 22:29:00.271,n,-2.649544,5.841843,5.449263,0.686063,OverRange,OverRange,OverRange,12.136418,14.830386,-3.200431
2026/06/07 22:30:00.273,n,-2.655702,3.740842,3.922208,0.510496,OverRange,OverRange,OverRange,12.068182,14.844332,-3.272613
2026/06/07 22:31:00.259,n,-2.778358,4.363008,4.047331,0.229091,OverRange,OverRange,OverRange,12.110134,14.845408,-3.334813
2026/06/07 22:32:00.263,n,-2.836735,3.690544,3.636537,0.152464,OverRange,OverRange,OverRange,12.105078,14.844332,-3.255122
2026/06/07 22:33:00.263,n,-2.830962,6.236754,4.601086,1.228574,OverRange,OverRange,OverRange,12.157888,14.845408,-3.268688
2026/06/07 22:34:00.266,n,-2.746026,3.866821,5.297741,0.839498,OverRange,OverRange,OverRange,12.07069,14.845408,-3.354351
2026/06/07 22:35:00.267,n,-2.839942,5.478792,4.278938,0.603761,OverRange,OverRange,OverRange,12.09523,14.84966,-3.352474
2026/06/07 22:36:00.270,n,-2.784131,5.031588,5.510798,0.98088,OverRange,OverRange,OverRange,12.106334,14.845408,-3.379692
2026/06/07 22:37:00.270,n,-2.921799,5.589883,5.428012,0.660524,OverRange,OverRange,OverRange,12.11846,14.844332,-3.500508
2026/06/07 22:38:00.272,n,-2.892418,4.269749,4.542527,0.869968,OverRange,OverRange,OverRange,12.076762,14.844332,-3.459468
2026/06/07 22:39:00.275,n,-2.994802,4.797178,4.261789,0.286808,OverRange,OverRange,OverRange,12.073492,14.84,-3.389419
2026/06/07 22:40:00.260,n,-2.980047,3.862045,4.55898,0.968719,OverRange,OverRange,OverRange,12.072226,14.835746,-3.502386
2026/06/07 22:41:00.264,n,-2.977353,5.780363,5.113517,0.878488,OverRange,OverRange,OverRange,12.067928,14.828234,-3.512027
2026/06/07 22:42:00.265,n,-2.886516,4.479646,4.761798,0.949304,OverRange,OverRange,OverRange,12.035832,14.826068,-3.529518
2026/06/07 22:43:00.266,n,-2.813128,4.856357,5.412638,0.847689,OverRange,OverRange,OverRange,12.067684,14.81968,-3.556821
2026/06/07 22:44:00.268,n,-2.909995,5.805097,4.900278,1.072352,OverRange,OverRange,OverRange,12.04922,14.818588,-3.478922
2026/06/07 22:45:00.269,n,-2.822365,3.983478,4.708395,0.900168,OverRange,OverRange,OverRange,12.055028,14.80681,-3.482846
2026/06/07 22:46:00.273,n,-2.804403,6.009657,4.932069,1.055534,OverRange,OverRange,OverRange,12.10937,14.805736,-3.438223
2026/06/07 22:47:00.275,n,-2.678668,4.391362,4.884333,0.898288,OverRange,OverRange,OverRange,12.094966,14.80681,-3.459639
2026/06/07 22:48:00.275,n,-2.80466,4.828599,4.754071,0.831951,OverRange,OverRange,OverRange,12.115428,14.801416,-3.414845
2026/06/07 22:49:00.260,n,-2.740381,4.187856,5.010591,1.034032,OverRange,OverRange,OverRange,12.121496,14.800342,-3.438053
2026/06/07 22:50:00.263,n,-2.705355,6.072914,5.099478,0.898502,OverRange,OverRange,OverRange,12.120744,14.801416,-3.395221
2026/06/07 22:51:00.264,n,-2.684827,4.67049,4.929552,0.848389,OverRange,OverRange,OverRange,12.121002,14.804674,-3.295906
2026/06/07 22:52:00.267,n,-2.549854,3.634478,4.62447,1.086292,OverRange,OverRange,OverRange,12.108354,14.803566,-3.272613
2026/06/07 22:53:00.269,n,-2.573589,4.265343,5.323293,0.624546,OverRange,OverRange,OverRange,12.12402,14.807884,-3.340785
2026/06/07 22:54:00.272,n,-2.459402,5.94358,5.091154,0.960361,OverRange,OverRange,OverRange,12.134634,14.807884,-3.329011
2026/06/07 22:55:00.273,n,-2.400896,4.781529,5.309525,0.792744,OverRange,OverRange,OverRange,12.13439,14.809972,-3.334813
2026/06/07 22:56:00.275,n,-2.556013,5.691006,5.013527,0.767214,OverRange,OverRange,OverRange,12.161922,14.812154,-3.301793
2026/06/07 22:57:00.277,n,-2.427198,4.102712,4.772576,1.023658,OverRange,OverRange,OverRange,12.155858,14.820756,-3.21613
2026/06/07 22:58:00.263,n,-2.588216,5.84759,5.065649,0.951635,OverRange,OverRange,OverRange,12.178838,14.82931,-3.266811
2026/06/07 22:59:00.265,n,-2.555884,5.747034,4.710333,0.86897,OverRange,OverRange,OverRange,12.173284,14.835746,-3.270736
2026/06/07 23:00:00.267,n,-2.517907,4.374327,4.564262,1.006167,OverRange,OverRange,OverRange,12.170752,14.850736,-3.20444
2026/06/07 23:01:00.267,n,-2.596812,5.667406,5.124705,0.876432,OverRange,OverRange,OverRange,12.21396,14.853948,-3.145995
2026/06/07 23:02:00.270,n,-2.424375,3.729842,4.610998,0.657057,OverRange,OverRange,OverRange,12.206386,14.866818,-3.190874
2026/06/07 23:03:00.270,n,-2.65814,3.39029,4.517672,1.036734,OverRange,OverRange,OverRange,12.216742,14.865758,-3.144118
2026/06/07 23:04:00.273,n,-2.593989,4.345607,4.069124,0.228621,OverRange,OverRange,OverRange,12.227092,14.876448,-3.175261
2026/06/07 23:05:00.275,n,-2.424247,6.020446,5.632954,1.123959,OverRange,OverRange,OverRange,12.25411,14.880766,-3.099239
2026/06/07 23:06:00.277,n,-2.523937,5.545936,5.07835,0.978872,OverRange,OverRange,OverRange,12.2281,14.883926,-3.12475
2026/06/07 23:07:00.263,n,-2.465175,3.88199,4.40152,0.621839,OverRange,OverRange,OverRange,12.210698,14.890394,-3.16178
2026/06/07 23:08:00.265,n,-2.555884,4.413245,4.357677,0.680146,OverRange,OverRange,OverRange,12.198288,14.885002,-3.11289
2026/06/07 23:09:00.266,n,-2.512133,3.695938,4.961138,0.854725,OverRange,OverRange,OverRange,12.203598,14.889318,-3.140279
2026/06/07 23:10:00.269,n,-2.509182,5.816864,5.080179,0.838591,OverRange,OverRange,OverRange,12.21522,14.888244,-3.060332
2026/06/07 23:11:00.270,n,-2.415651,6.130918,4.927445,1.074457,OverRange,OverRange,OverRange,12.20158,14.890394,-3.144118
2026/06/07 23:12:00.272,n,-2.529711,4.182849,4.805599,0.868569,OverRange,OverRange,OverRange,12.175568,14.887168,-3.12859
2026/06/07 23:13:00.274,n,-2.485703,3.783371,4.728279,1.091784,OverRange,OverRange,OverRange,12.175304,14.890394,-3.124664
2026/06/07 23:14:00.276,n,-2.50033,3.965172,4.814386,0.937712,OverRange,OverRange,OverRange,12.17859,14.882884,-3.144118
2026/06/07 23:15:00.279,n,-2.509311,3.711402,4.481592,1.048345,OverRange,OverRange,OverRange,12.16571,14.883926,-3.198639
2026/06/07 23:16:00.265,n,-2.614261,5.74065,5.28764,0.788093,OverRange,OverRange,OverRange,12.181122,14.887168,-3.142156
2026/06/07 23:17:00.265,n,-2.57359,3.567731,4.747938,1.23232,OverRange,OverRange,OverRange,12.14978,14.87863,-3.24932
2026/06/07 23:18:00.267,n,-2.640691,3.541627,4.755144,1.263788,OverRange,OverRange,OverRange,12.171754,14.87863,-3.257085
2026/06/07 23:19:00.271,n,-2.684827,4.467846,4.984372,1.018156,OverRange,OverRange,OverRange,12.16445,14.873236,-3.33669
2026/06/07 23:20:00.272,n,-2.740253,3.782858,4.971098,1.295951,OverRange,OverRange,OverRange,12.15128,14.873236,-3.311605
2026/06/07 23:21:00.274,n,-2.728834,6.316791,5.459623,1.095917,OverRange,OverRange,OverRange,12.174546,14.849416,-3.256999
2026/06/07 23:22:00.278,n,-2.86355,6.553403,4.781037,1.298964,OverRange,OverRange,OverRange,12.15092,14.845098,-3.342748
2026/06/07 23:23:00.279,n,-2.90435,3.884896,4.64306,0.968566,OverRange,OverRange,OverRange,12.116064,14.841872,-3.417063
2026/06/07 23:24:00.280,n,-2.898833,3.435645,4.839626,1.49116,OverRange,OverRange,OverRange,12.105698,14.83226,-3.409128
2026/06/07 23:25:00.265,n,-2.931036,4.13364,4.686299,0.931562,OverRange,OverRange,OverRange,12.118856,14.830108,-3.444111
2026/06/07 23:26:00.267,n,-2.96016,4.274588,4.640819,1.179224,OverRange,OverRange,OverRange,12.10142,14.823706,-3.45981
2026/06/07 23:27:00.269,n,-2.945534,4.937112,4.570771,0.744699,OverRange,OverRange,OverRange,12.115052,14.818312,-3.465526
2026/06/07 23:28:00.271,n,-2.901399,4.283837,4.919115,1.259847,OverRange,OverRange,OverRange,12.082978,14.814044,-3.422865
2026/06/07 23:29:00.272,n,-2.968757,3.818548,4.904191,1.200654,OverRange,OverRange,OverRange,12.101396,14.809726,-3.385836
2026/06/07 23:30:00.275,n,-2.869195,4.402432,5.097663,1.124859,OverRange,OverRange,OverRange,12.097636,14.807608,-3.405374
2026/06/07 23:31:00.341,n,-2.889851,4.483795,4.43166,0.1397,OverRange,OverRange,OverRange,12.089528,14.805458,-3.3936
2026/06/07 23:32:00.281,n,-3.068318,3.54312,4.013944,0.347573,OverRange,OverRange,OverRange,12.067302,14.805458,-3.399402
2026/06/07 23:33:00.281,n,-3.083073,6.024505,5.721297,0.196908,OverRange,OverRange,OverRange,12.106976,14.802248,-3.44812
2026/06/07 23:34:00.268,n,-3.112454,5.898913,4.480047,0.762673,OverRange,OverRange,OverRange,12.06426,14.803322,-3.531822
2026/06/07 23:35:00.391,n,-3.033292,4.996323,5.065554,0.996908,OverRange,OverRange,OverRange,12.076152,14.805458,-3.5395
2026/06/07 23:36:00.345,n,-3.083073,5.564271,4.885063,1.119369,OverRange,OverRange,OverRange,12.069836,14.806532,-3.588134
2026/06/07 23:37:00.320,n,-3.082945,3.857518,4.511891,1.08449,OverRange,OverRange,OverRange,12.05014,14.805458,-3.545473
2026/06/07 23:38:00.385,n,-3.129903,5.618382,5.145249,1.235438,OverRange,OverRange,OverRange,12.082214,14.807608,-3.611683
2026/06/07 23:39:00.341,n,-3.030341,6.582555,4.728143,1.228864,OverRange,OverRange,OverRange,12.069058,14.807608,-3.529945
2026/06/07 23:40:00.345,n,-2.901527,3.778976,5.574925,0.892588,OverRange,OverRange,OverRange,12.056702,14.804364,-3.520132
2026/06/07 23:41:00.280,n,-2.977481,4.166445,4.769342,1.269636,OverRange,OverRange,OverRange,12.066528,14.800098,-3.457762
2026/06/07 23:42:00.267,n,-2.907557,6.262799,5.66471,0.857948,OverRange,OverRange,OverRange,12.092076,14.794704,-3.475424
2026/06/07 23:43:00.268,n,-2.951308,4.106419,4.622452,1.001036,OverRange,OverRange,OverRange,12.026104,14.790484,-3.449998
2026/06/07 23:44:00.270,n,-2.966063,5.364237,5.111285,1.109735,OverRange,OverRange,OverRange,12.046834,14.784016,-3.446073
2026/06/07 23:45:00.491,n,-2.933602,3.830435,4.935777,1.436436,OverRange,OverRange,OverRange,12.003872,14.776536,-3.510321
2026/06/07 23:46:00.274,n,-2.948485,6.493122,4.877098,1.196866,OverRange,OverRange,OverRange,11.966452,14.774386,-3.48899
2026/06/07 23:47:00.278,n,-2.951436,5.709805,4.940935,1.058571,OverRange,OverRange,OverRange,11.947744,14.763664,-3.533699
2026/06/07 23:48:00.281,n,-2.927957,6.037503,4.833559,1.075024,OverRange,OverRange,OverRange,11.948502,14.76044,-3.539671
2026/06/07 23:49:00.264,n,-2.931036,4.16412,4.464688,1.159704,OverRange,OverRange,OverRange,11.9442,14.752928,-3.662279
2026/06/07 23:50:00.283,n,-2.922055,3.677734,4.580611,1.16021,OverRange,OverRange,OverRange,11.971498,14.7411,-3.492915
2026/06/07 23:51:00.283,n,-2.992107,6.073037,5.059246,1.166825,OverRange,OverRange,OverRange,11.978852,14.73574,-3.561087
2026/06/07 23:52:00.269,n,-3.012764,4.21842,3.953781,0.386648,OverRange,OverRange,OverRange,11.932354,14.730428,-3.598031
2026/06/07 23:53:00.271,n,-3.021617,4.29745,4.952495,1.008792,OverRange,OverRange,OverRange,11.976064,14.728262,-3.588305
2026/06/07 23:54:00.274,n,-3.018538,3.352375,4.595979,1.346651,OverRange,OverRange,OverRange,11.98642,14.719644,-3.607758
2026/06/07 23:55:00.276,n,-3.044839,3.573766,4.930995,1.176518,OverRange,OverRange,OverRange,11.99173,14.710028,-3.632928
2026/06/07 23:56:00.260,n,-2.983511,3.436922,4.835032,1.314802,OverRange,OverRange,OverRange,12.002096,14.703594,-3.648713
2026/06/07 23:57:00.266,n,-2.998266,5.839664,5.244934,1.021251,OverRange,OverRange,OverRange,12.028122,14.699292,-3.672006
2026/06/07 23:58:00.282,n,-3.030598,5.724747,5.039,1.063145,OverRange,OverRange,OverRange,12.003606,14.688572,-3.642655
2026/06/07 23:59:00.267,n,-3.056899,4.11158,4.702019,0.659821,OverRange,OverRange,OverRange,11.973292,14.683244,-3.705111
