"Timestamp","TZ","GHI1_AV (W/m2)","UVB22013 (W/m2)","UVB22013_AV (W/m2)","UVB22013_SD (W/m2)","UVB22012 (W/m2)","UVB22012_AV (W/m2)","UVB22012_SD (W/m2)","TA_AV (degC)","TL (degC)","GTI_AV (W/m2)"
2026/05/23 00:00:00.282,n,-2.552035,6.686686,5.039831,1.457887,OverRange,OverRange,OverRange,8.612728,12.017472,-3.508273
2026/05/23 00:01:00.462,n,-2.516624,3.449061,5.335465,1.485143,OverRange,OverRange,OverRange,8.616792,12.016398,-3.478922
2026/05/23 00:02:00.419,n,-2.493401,5.747605,5.561093,0.996134,OverRange,OverRange,OverRange,8.664578,12.022894,-3.479008
2026/05/23 00:03:00.271,n,-2.405516,6.503334,5.352313,1.318867,OverRange,OverRange,OverRange,8.6651,12.025026,-3.447864
2026/05/23 00:04:00.271,n,-2.458119,6.434114,5.37935,1.467711,OverRange,OverRange,OverRange,8.64296,12.032596,-3.354351
2026/05/23 00:05:00.274,n,-2.537409,6.359663,5.08538,1.518993,OverRange,OverRange,OverRange,8.680334,12.036878,-3.3779
2026/05/23 00:06:00.276,n,-2.51085,6.27139,5.710224,1.293421,OverRange,OverRange,OverRange,8.696102,12.041208,-3.465441
2026/05/23 00:07:00.280,n,-2.48147,6.281302,5.322339,1.257904,OverRange,OverRange,OverRange,8.65212,12.043374,-3.486771
2026/05/23 00:08:00.280,n,-2.396791,3.754985,5.865326,1.038817,OverRange,OverRange,OverRange,8.617096,12.057406,-3.475168
2026/05/23 00:09:00.284,n,-2.464149,3.872646,4.7066,1.422177,OverRange,OverRange,OverRange,8.707524,12.06387,-3.412797
2026/05/23 00:10:00.268,n,-2.628118,6.251342,4.670422,1.312141,OverRange,OverRange,OverRange,8.829474,12.071392,-3.387542
2026/05/23 00:11:00.270,n,-2.508028,5.199103,4.671434,1.084826,OverRange,OverRange,OverRange,8.70752,12.074616,-3.494536
2026/05/23 00:12:00.272,n,-2.4875,4.05247,4.93556,1.4498,OverRange,OverRange,OverRange,8.641954,12.076814,-3.531651
2026/05/23 00:13:00.274,n,-2.528684,5.943331,4.861974,1.144051,OverRange,OverRange,OverRange,8.793416,12.083228,-3.476959
2026/05/23 00:14:00.276,n,-2.508156,3.793302,4.430521,0.930455,OverRange,OverRange,OverRange,8.712092,12.085392,-3.496583
2026/05/23 00:15:00.278,n,-2.604767,3.462475,4.861884,1.48163,OverRange,OverRange,OverRange,8.756536,12.085392,-3.57252
2026/05/23 00:16:00.280,n,-2.628118,6.345282,5.669859,1.171589,OverRange,OverRange,OverRange,8.704488,12.094054,-3.551019
2026/05/23 00:17:00.283,n,-2.710102,6.451093,4.995435,1.310117,OverRange,OverRange,OverRange,8.686442,12.090814,-3.57636
2026/05/23 00:18:00.285,n,-2.877022,6.518388,4.597648,1.48169,OverRange,OverRange,OverRange,8.718694,12.094054,-3.580199
2026/05/23 00:19:00.270,n,-2.79786,3.967985,4.897087,1.222843,OverRange,OverRange,OverRange,8.623688,12.091888,-3.521839
2026/05/23 00:20:00.272,n,-2.833142,6.316313,5.444567,1.451006,OverRange,OverRange,OverRange,8.706732,12.096172,-3.473205
2026/05/23 00:21:00.273,n,-2.77143,6.088193,5.348573,1.264251,OverRange,OverRange,OverRange,8.650574,12.094054,-3.484895
2026/05/23 00:22:00.259,n,-2.745128,3.760051,4.770935,1.340418,OverRange,OverRange,OverRange,8.612488,12.091888,-3.543169
2026/05/23 00:23:00.261,n,-2.739098,6.268699,5.721917,1.099276,OverRange,OverRange,OverRange,8.675492,12.095128,-3.660146
2026/05/23 00:24:00.265,n,-2.627989,6.459186,5.199531,1.109506,OverRange,OverRange,OverRange,8.656942,12.096172,-3.640778
2026/05/23 00:25:00.266,n,-2.780282,3.883576,4.201326,1.020753,OverRange,OverRange,OverRange,8.636642,12.091888,-3.722602
2026/05/23 00:26:00.267,n,-3.017511,3.722105,4.130041,0.915596,OverRange,OverRange,OverRange,8.691274,12.095128,-3.742141
2026/05/23 00:27:00.462,n,-2.941429,6.442372,4.199262,1.099597,OverRange,OverRange,OverRange,8.803314,12.098384,-3.777123
2026/05/23 00:28:00.427,n,-2.680849,5.422874,5.428956,1.047528,OverRange,OverRange,OverRange,8.70576,12.100486,-3.7011
2026/05/23 00:29:00.260,n,-2.601431,5.685773,5.655382,1.153172,OverRange,OverRange,OverRange,8.663564,12.097278,-3.597776
2026/05/23 00:30:00.258,n,-2.897293,3.725605,4.105883,1.008556,OverRange,OverRange,OverRange,8.74233,12.103742,-3.784801
2026/05/23 00:31:00.260,n,-2.794909,6.173512,5.671312,0.943951,OverRange,OverRange,OverRange,8.814718,12.099394,-3.718592
2026/05/23 00:32:00.264,n,-2.540232,5.003177,5.142327,1.392759,OverRange,OverRange,OverRange,8.712352,12.096172,-3.650419
2026/05/23 00:33:00.264,n,-2.472874,4.800189,5.233391,1.197,OverRange,OverRange,OverRange,8.73905,12.102668,-3.632928
2026/05/23 00:34:00.266,n,-2.525477,3.721515,4.943999,1.457338,OverRange,OverRange,OverRange,8.807872,12.103742,-3.63873
2026/05/23 00:35:00.268,n,-2.461198,4.173833,4.714111,1.211051,OverRange,OverRange,OverRange,8.793896,12.11452,-3.601785
2026/05/23 00:36:00.270,n,-2.428866,6.564544,4.653273,1.493814,OverRange,OverRange,OverRange,8.847978,12.11452,-3.533528
2026/05/23 00:37:00.272,n,-2.347139,5.73295,4.905073,1.39088,OverRange,OverRange,OverRange,8.728064,12.12095,-3.451704
2026/05/23 00:38:00.259,n,-2.399614,3.572865,5.566095,1.379936,OverRange,OverRange,OverRange,8.630768,12.122056,-3.504262
2026/05/23 00:39:00.261,n,-2.748079,5.713037,4.357861,0.813569,OverRange,OverRange,OverRange,8.844966,12.122056,-3.631051
2026/05/23 00:40:00.261,n,-2.657498,3.772733,4.378374,0.93259,OverRange,OverRange,OverRange,8.747148,12.12533,-3.644532
2026/05/23 00:41:00.263,n,-2.794909,3.74467,3.879862,0.271778,OverRange,OverRange,OverRange,8.81094,12.127446,-3.788897
2026/05/23 00:42:00.265,n,-2.645567,3.730731,4.242653,1.063384,OverRange,OverRange,OverRange,8.847464,12.133974,-3.629003
2026/05/23 00:43:00.266,n,-2.633891,4.044056,4.635014,1.32127,OverRange,OverRange,OverRange,8.844182,12.14254,-3.744017
2026/05/23 00:44:00.272,n,-2.437719,4.862646,5.231102,1.382995,OverRange,OverRange,OverRange,8.802258,12.143646,-3.60571
2026/05/23 00:45:00.271,n,-2.420013,6.328632,5.470232,1.472784,OverRange,OverRange,OverRange,8.835022,12.146886,-3.63088
2026/05/23 00:46:00.259,n,-2.367282,6.598657,4.947499,1.592438,OverRange,OverRange,OverRange,8.796902,12.149002,-3.662023
2026/05/23 00:47:00.259,n,-2.335463,4.746275,4.355628,1.180282,OverRange,OverRange,OverRange,8.810384,12.153316,-3.558869
2026/05/23 00:48:00.262,n,-2.335335,3.842922,4.946625,1.579293,OverRange,OverRange,OverRange,8.813436,12.155466,-3.5395
2026/05/23 00:49:00.261,n,-2.317757,6.130701,6.285151,0.134525,OverRange,OverRange,OverRange,8.86552,12.16411,-3.50614
2026/05/23 00:50:00.266,n,-2.221403,4.762945,5.695009,1.239451,OverRange,OverRange,OverRange,8.753754,12.170558,-3.560746
2026/05/23 00:51:00.268,n,-2.531379,5.858574,4.599686,0.856356,OverRange,OverRange,OverRange,8.873378,12.172708,-3.593936
2026/05/23 00:52:00.267,n,-2.569484,6.036745,5.189893,1.376932,OverRange,OverRange,OverRange,8.915524,12.178128,-3.642655
2026/05/23 00:53:00.270,n,-2.469922,4.040818,4.145808,1.006135,OverRange,OverRange,OverRange,8.832748,12.178128,-3.656306
2026/05/23 00:54:00.273,n,-2.551907,6.267255,4.799891,1.279225,OverRange,OverRange,OverRange,8.92568,12.1878,-3.525764
2026/05/23 00:55:00.259,n,-2.408594,5.962214,5.991782,0.595295,OverRange,OverRange,OverRange,8.819814,12.192128,-3.560831
2026/05/23 00:56:00.260,n,-2.323659,6.257161,5.491251,1.181575,OverRange,OverRange,OverRange,8.864224,12.191054,-3.539245
2026/05/23 00:57:00.262,n,-2.282731,5.63562,5.486094,1.094168,OverRange,OverRange,OverRange,8.816768,12.198592,-3.552981
2026/05/23 00:58:00.263,n,-2.244626,3.88785,4.820313,1.306625,OverRange,OverRange,OverRange,8.773534,12.197518,-3.502471
2026/05/23 00:59:00.267,n,-2.341108,6.373359,5.153804,1.492782,OverRange,OverRange,OverRange,8.847204,12.205024,-3.48097
2026/05/23 01:00:00.268,n,-2.25938,3.957699,4.907347,1.255348,OverRange,OverRange,OverRange,8.714642,12.198676,-3.590011
2026/05/23 01:01:00.272,n,-2.955798,6.127622,5.247384,1.273115,OverRange,OverRange,OverRange,8.940522,12.191152,-3.928825
2026/05/23 01:02:00.271,n,-2.669046,4.111594,5.472462,1.316523,OverRange,OverRange,OverRange,8.74345,12.199782,-3.872257
2026/05/23 01:03:00.273,n,-2.800939,4.028483,4.004264,0.07428,OverRange,OverRange,OverRange,8.810542,12.195436,-3.854851
2026/05/23 01:04:00.258,n,-2.803762,6.067824,5.290761,1.311055,OverRange,OverRange,OverRange,8.921992,12.195436,-3.786678
2026/05/23 01:05:00.261,n,-2.669046,4.003306,5.319523,1.149106,OverRange,OverRange,OverRange,8.75591,12.193318,-3.831473
2026/05/23 01:06:00.262,n,-2.806584,6.357819,4.685179,1.370666,OverRange,OverRange,OverRange,8.948416,12.203006,-3.763215
2026/05/23 01:07:00.266,n,-2.792343,5.933627,4.63266,1.093404,OverRange,OverRange,OverRange,8.857204,12.200856,-3.848964
2026/05/23 01:08:00.267,n,-2.651468,5.831136,5.988817,0.48031,OverRange,OverRange,OverRange,8.77649,12.200856,-3.856813
2026/05/23 01:09:00.269,n,-2.674948,4.534608,5.12837,1.081521,OverRange,OverRange,OverRange,8.789662,12.205138,-3.810142
2026/05/23 01:10:00.275,n,-2.628246,3.890735,5.010458,1.594215,OverRange,OverRange,OverRange,8.813034,12.209454,-3.823623
2026/05/23 01:11:00.272,n,-2.58719,3.826036,4.065503,0.552148,OverRange,OverRange,OverRange,8.905996,12.211602,-3.765263
2026/05/23 01:12:00.275,n,-2.663144,3.798712,4.046318,0.454903,OverRange,OverRange,OverRange,8.898678,12.212708,-3.819784
2026/05/23 01:13:00.260,n,-2.742049,5.249686,5.8753,0.411341,OverRange,OverRange,OverRange,8.929112,12.212708,-3.886079
2026/05/23 01:14:00.262,n,-2.566661,3.343642,5.720807,1.172329,OverRange,OverRange,OverRange,8.803936,12.212708,-3.825671
2026/05/23 01:15:00.267,n,-2.71023,3.787224,3.837469,0.045938,OverRange,OverRange,OverRange,8.94157,12.211602,-3.827633
2026/05/23 01:16:00.266,n,-2.660321,6.203853,5.537521,1.351969,OverRange,OverRange,OverRange,8.889502,12.21595,-3.712704
2026/05/23 01:17:00.269,n,-2.493658,4.39355,5.108176,1.250937,OverRange,OverRange,OverRange,8.702536,12.216992,-3.630966
2026/05/23 01:18:00.271,n,-2.476081,5.22706,6.15239,0.500991,OverRange,OverRange,OverRange,8.86055,12.22238,-3.607587
2026/05/23 01:19:00.271,n,-2.660578,3.952072,4.215889,0.855672,OverRange,OverRange,OverRange,8.851152,12.216992,-3.695128
2026/05/23 01:20:00.274,n,-2.736404,4.059465,5.84166,0.882245,OverRange,OverRange,OverRange,8.819372,12.22777,-3.722345
2026/05/23 01:21:00.275,n,-2.806713,4.443863,4.538925,0.97215,OverRange,OverRange,OverRange,8.876806,12.226696,-3.716544
2026/05/23 01:22:00.264,n,-2.75103,6.554896,5.294654,1.315042,OverRange,OverRange,OverRange,8.866124,12.226696,-3.737874
2026/05/23 01:23:00.264,n,-2.765528,6.101921,4.690308,1.132685,OverRange,OverRange,OverRange,8.91006,12.2321,-3.751611
2026/05/23 01:24:00.265,n,-2.660321,3.889632,4.915882,1.492638,OverRange,OverRange,OverRange,8.789902,12.229918,-3.736082
2026/05/23 01:25:00.267,n,-2.797988,3.86013,3.861985,0.079825,OverRange,OverRange,OverRange,8.931936,12.2321,-3.724223
2026/05/23 01:26:00.269,n,-2.619393,6.192387,5.506624,1.430341,OverRange,OverRange,OverRange,8.882864,12.235308,-3.570472
2026/05/23 01:27:00.270,n,-2.520088,4.603042,4.52827,0.977118,OverRange,OverRange,OverRange,8.865886,12.238548,-3.513989
2026/05/23 01:28:00.273,n,-2.826984,3.740944,4.539983,1.470297,OverRange,OverRange,OverRange,8.860302,12.234234,-3.671749
2026/05/23 01:29:00.275,n,-2.613491,3.375916,5.054583,1.46449,OverRange,OverRange,OverRange,8.84405,12.244994,-3.56851
2026/05/23 01:30:00.278,n,-2.478904,5.732044,4.959728,1.383269,OverRange,OverRange,OverRange,8.884918,12.241772,-3.49829
2026/05/23 01:31:00.267,n,-2.493658,6.449766,5.622035,1.228714,OverRange,OverRange,OverRange,8.89382,12.240696,-3.578322
2026/05/23 01:32:00.264,n,-2.622216,4.068097,4.261297,0.865741,OverRange,OverRange,OverRange,8.855236,12.24716,-3.679514
2026/05/23 01:33:00.268,n,-2.619393,6.30107,5.706014,1.057974,OverRange,OverRange,OverRange,8.961888,12.25255,-3.628918
2026/05/23 01:34:00.270,n,-2.39987,3.873769,4.451979,1.258669,OverRange,OverRange,OverRange,8.790166,12.25255,-3.554858
2026/05/23 01:35:00.270,n,-2.716004,6.239682,5.102469,1.354124,OverRange,OverRange,OverRange,8.942058,12.251474,-3.702807
2026/05/23 01:36:00.272,n,-2.466972,6.169874,6.240125,0.057543,OverRange,OverRange,OverRange,8.81155,12.256864,-3.634635
2026/05/23 01:37:00.277,n,-2.446572,6.290114,5.412255,1.197556,OverRange,OverRange,OverRange,8.84223,12.256864,-3.506225
2026/05/23 01:38:00.276,n,-2.455424,6.486417,5.241417,1.227063,OverRange,OverRange,OverRange,8.889212,12.261162,-3.549056
2026/05/23 01:39:00.278,n,-2.514058,6.336939,5.633522,1.196917,OverRange,OverRange,OverRange,8.87019,12.260088,-3.582161
2026/05/23 01:40:00.264,n,-2.32058,3.461837,5.032543,1.52017,OverRange,OverRange,OverRange,8.75967,12.26437,-3.492573
2026/05/23 01:41:00.265,n,-2.522782,3.74654,3.950636,0.112545,OverRange,OverRange,OverRange,8.887486,12.263328,-3.53148
2026/05/23 01:42:00.268,n,-2.657498,3.593712,3.786294,0.134372,OverRange,OverRange,OverRange,8.979656,12.26551,-3.560745
2026/05/23 01:43:00.269,n,-2.645695,5.373409,4.18265,0.698108,OverRange,OverRange,OverRange,8.973054,12.268684,-3.644532
2026/05/23 01:44:00.272,n,-2.604638,3.9219,4.957754,1.329013,OverRange,OverRange,OverRange,8.85339,12.268684,-3.574397
2026/05/23 01:45:00.273,n,-2.616571,6.184394,4.947188,1.219437,OverRange,OverRange,OverRange,9.027614,12.275148,-3.630795
2026/05/23 01:46:00.275,n,-2.370361,3.727437,4.296687,1.060751,OverRange,OverRange,OverRange,8.908032,12.279478,-3.5645
2026/05/23 01:47:00.277,n,-2.265154,3.9476,4.65085,1.356558,OverRange,OverRange,OverRange,8.915604,12.283792,-3.447694
2026/05/23 01:48:00.284,n,-2.455681,6.514551,4.795298,1.402028,OverRange,OverRange,OverRange,8.9631,12.283792,-3.541207
2026/05/23 01:49:00.264,n,-2.294535,6.098911,6.174607,0.079346,OverRange,OverRange,OverRange,8.885962,12.281612,-3.467318
2026/05/23 01:50:00.267,n,-2.388195,3.890011,4.091426,1.032383,OverRange,OverRange,OverRange,8.932164,12.28596,-3.492488
2026/05/23 01:51:00.268,n,-2.578337,4.653831,4.5956,1.054655,OverRange,OverRange,OverRange,9.002722,12.29029,-3.50614
2026/05/23 01:52:00.270,n,-2.581159,6.447018,4.240519,1.083963,OverRange,OverRange,OverRange,9.000458,12.284866,-3.578237
2026/05/23 01:53:00.272,n,-2.417447,6.520671,5.405945,1.329875,OverRange,OverRange,OverRange,8.852632,12.29029,-3.572435
2026/05/23 01:54:00.275,n,-2.379214,4.487876,5.467661,1.185774,OverRange,OverRange,OverRange,8.821672,12.29454,-3.698882
2026/05/23 01:55:00.277,n,-2.218324,6.29179,5.759102,0.981844,OverRange,OverRange,OverRange,8.85319,12.295614,-3.537368
2026/05/23 01:56:00.281,n,-2.151095,6.346014,5.993729,1.00235,OverRange,OverRange,OverRange,8.795284,12.30211,-3.512198
2026/05/23 01:57:00.280,n,-2.28286,3.838534,4.578963,1.182368,OverRange,OverRange,OverRange,8.79501,12.299962,-3.595728
2026/05/23 01:58:00.265,n,-2.490579,6.258404,5.355953,1.019774,OverRange,OverRange,OverRange,8.971268,12.301002,-3.574312
2026/05/23 01:59:00.267,n,-2.329433,6.447664,4.924026,1.469963,OverRange,OverRange,OverRange,8.919454,12.301002,-3.584124
2026/05/23 02:00:00.270,n,-2.390889,3.466425,4.901025,1.174389,OverRange,OverRange,OverRange,8.839718,12.303216,-3.609294
2026/05/23 02:01:00.271,n,-2.431945,3.45209,5.134335,1.502086,OverRange,OverRange,OverRange,8.857178,12.30211,-3.63088
2026/05/23 02:02:00.273,n,-2.420142,3.478175,5.302049,1.306464,OverRange,OverRange,OverRange,8.868658,12.304242,-3.708779
2026/05/23 02:03:00.275,n,-2.30621,6.477305,5.975228,0.626222,OverRange,OverRange,OverRange,8.907806,12.307466,-3.724223
2026/05/23 02:04:00.277,n,-2.294407,5.429607,5.325626,1.299272,OverRange,OverRange,OverRange,8.831544,12.303216,-3.76731
2026/05/23 02:05:00.280,n,-2.282731,6.258095,5.527067,1.185928,OverRange,OverRange,OverRange,8.904958,12.308542,-3.722345
2026/05/23 02:06:00.281,n,-2.209471,4.037357,4.75243,1.311562,OverRange,OverRange,OverRange,8.802098,12.309648,-3.710742
2026/05/23 02:07:00.268,n,-2.305826,3.9845,4.723616,1.450657,OverRange,OverRange,OverRange,8.890712,12.310706,-3.708609
2026/05/23 02:08:00.270,n,-2.385116,3.430696,4.555097,1.3142,OverRange,OverRange,OverRange,8.967698,12.309648,-3.712704
2026/05/23 02:09:00.271,n,-2.300309,4.047041,4.917187,1.341172,OverRange,OverRange,OverRange,8.855928,12.312888,-3.732158
2026/05/23 02:10:00.272,n,-2.32661,5.325847,4.948128,1.04774,OverRange,OverRange,OverRange,8.972006,12.315004,-3.652126
2026/05/23 02:11:00.275,n,-2.153789,3.973829,4.627008,1.375742,OverRange,OverRange,OverRange,8.84046,12.316096,-3.582247
2026/05/23 02:12:00.279,n,-2.168672,4.504565,5.256985,1.172063,OverRange,OverRange,OverRange,8.847056,12.319318,-3.574482
2026/05/23 02:13:00.279,n,-2.136597,4.466922,5.217601,0.978334,OverRange,OverRange,OverRange,8.848358,12.32256,-3.521753
2026/05/23 02:14:00.282,n,-2.083865,5.801114,5.662464,1.229054,OverRange,OverRange,OverRange,8.87528,12.32899,-3.486771
2026/05/23 02:15:00.282,n,-2.054612,5.021249,4.194117,0.462812,OverRange,OverRange,OverRange,8.792726,12.329462,-3.478836
2026/05/23 02:16:00.268,n,-2.580518,3.764557,3.812686,0.059575,OverRange,OverRange,OverRange,8.972668,12.329462,-3.815347
2026/05/23 02:17:00.274,n,-2.451576,4.183699,5.48884,0.693597,OverRange,OverRange,OverRange,8.952062,12.3251,-3.786167
2026/05/23 02:18:00.273,n,-2.331486,3.980607,4.06649,0.112409,OverRange,OverRange,OverRange,8.881002,12.329462,-3.708012
2026/05/23 02:19:00.278,n,-2.355093,5.478525,5.521759,0.966304,OverRange,OverRange,OverRange,8.944962,12.332638,-3.686681
2026/05/23 02:20:00.277,n,-2.284784,3.458343,4.553395,1.526308,OverRange,OverRange,OverRange,8.893102,12.334786,-3.754939
2026/05/23 02:21:00.279,n,-2.436821,3.024596,4.148555,1.160217,OverRange,OverRange,OverRange,9.02417,12.334786,-3.66919
2026/05/23 02:22:00.281,n,-2.299539,3.326694,5.265208,1.363824,OverRange,OverRange,OverRange,8.89207,12.341282,-3.671238
2026/05/23 02:23:00.266,n,-2.425017,6.212397,5.15316,1.309503,OverRange,OverRange,OverRange,8.987626,12.341282,-3.702295
2026/05/23 02:24:00.268,n,-2.281833,3.802607,5.109206,1.159097,OverRange,OverRange,OverRange,8.889384,12.338026,-3.725759
2026/05/23 02:25:00.271,n,-2.404617,6.260819,5.647398,0.971003,OverRange,OverRange,OverRange,9.017834,12.344522,-3.737362
2026/05/23 02:26:00.272,n,-2.205622,6.259726,5.919061,1.228672,OverRange,OverRange,OverRange,8.84082,12.346704,-3.647689
2026/05/23 02:27:00.258,n,-2.138649,3.842056,5.487985,1.454965,OverRange,OverRange,OverRange,8.877168,12.349848,-3.638047
2026/05/23 02:28:00.260,n,-2.393198,6.353223,4.731819,1.089354,OverRange,OverRange,OverRange,8.92413,12.346704,-3.743164
2026/05/23 02:29:00.261,n,-2.226407,4.323974,5.236244,1.067715,OverRange,OverRange,OverRange,8.850784,12.347748,-3.774477
2026/05/23 02:30:00.266,n,-2.179449,6.00917,4.694998,1.254032,OverRange,OverRange,OverRange,8.942892,12.350954,-3.821234
2026/05/23 02:31:00.266,n,-2.270158,3.940802,4.457138,1.020115,OverRange,OverRange,OverRange,8.927176,12.355268,-3.912699
2026/05/23 02:32:00.267,n,-2.264128,3.949856,3.866625,0.102094,OverRange,OverRange,OverRange,8.995244,12.353104,-3.97123
2026/05/23 02:33:00.270,n,-2.229102,4.404683,5.193603,1.165827,OverRange,OverRange,OverRange,8.96578,12.356344,-3.986844
2026/05/23 02:34:00.271,n,-2.182272,4.117264,5.367466,1.280402,OverRange,OverRange,OverRange,8.925894,12.36066,-4.088036
2026/05/23 02:35:00.258,n,-1.980197,6.247149,5.906877,0.994805,OverRange,OverRange,OverRange,8.952348,12.359568,-3.936077
2026/05/23 02:36:00.259,n,-1.997903,5.256235,5.055541,1.072792,OverRange,OverRange,OverRange,8.886516,12.36385,-4.035477
2026/05/23 02:37:00.263,n,-1.927851,4.106911,5.548168,1.333399,OverRange,OverRange,OverRange,8.848938,12.36924,-4.064658
2026/05/23 02:38:00.263,n,-1.89244,3.399713,5.580696,1.436121,OverRange,OverRange,OverRange,8.91652,12.378976,-3.961589
2026/05/23 02:39:00.267,n,-2.080016,6.851259,4.598844,1.190405,OverRange,OverRange,OverRange,9.043452,12.377884,-4.010137
2026/05/23 02:40:00.267,n,-2.06231,5.530308,5.923157,0.417636,OverRange,OverRange,OverRange,9.008444,12.383242,-4.051006
2026/05/23 02:41:00.271,n,-2.041782,6.479243,4.819628,1.463932,OverRange,OverRange,OverRange,8.962444,12.382198,-4.031638
2026/05/23 02:42:00.271,n,-2.039216,6.934485,4.502447,1.230965,OverRange,OverRange,OverRange,8.89592,12.387556,-4.060818
2026/05/23 02:43:00.258,n,-1.915919,6.410052,5.403855,1.255367,OverRange,OverRange,OverRange,8.928182,12.392978,-4.002543
2026/05/23 02:44:00.258,n,-1.860108,4.090174,4.511008,0.708592,OverRange,OverRange,OverRange,8.862484,12.40584,-3.949729
2026/05/23 02:45:00.261,n,-2.211524,3.716528,4.628467,1.568421,OverRange,OverRange,OverRange,9.011922,12.400484,-4.088207
2026/05/23 02:46:00.263,n,-2.252581,5.695441,5.047965,1.261475,OverRange,OverRange,OverRange,9.072872,12.40584,-4.115424
2026/05/23 02:47:00.265,n,-2.126717,3.246278,5.271153,1.551264,OverRange,OverRange,OverRange,8.978704,12.410188,-4.016024
2026/05/23 02:48:00.269,n,-2.04191,4.88535,5.900386,0.642255,OverRange,OverRange,OverRange,8.967056,12.414486,-3.945975
2026/05/23 02:49:00.270,n,-1.994824,6.500861,5.426018,1.300246,OverRange,OverRange,OverRange,8.97843,12.417694,-3.910822
2026/05/23 02:50:00.270,n,-2.153147,6.154947,5.79599,1.168307,OverRange,OverRange,OverRange,8.993938,12.419842,-4.051177
2026/05/23 02:51:00.275,n,-2.243856,3.791676,4.655889,1.130373,OverRange,OverRange,OverRange,9.029796,12.423084,-4.130697
2026/05/23 02:52:00.258,n,-2.179449,3.62246,5.102982,1.335185,OverRange,OverRange,OverRange,8.94389,12.43383,-4.212692
2026/05/23 02:53:00.260,n,-2.003805,3.722668,4.744011,1.11417,OverRange,OverRange,OverRange,8.890636,12.434906,-4.277109
2026/05/23 02:54:00.262,n,-2.214604,6.245273,5.31529,1.335795,OverRange,OverRange,OverRange,9.053304,12.439252,-4.286666
2026/05/23 02:55:00.264,n,-2.000854,6.447005,5.214245,1.242496,OverRange,OverRange,OverRange,9.046214,12.445666,-4.228306
2026/05/23 02:56:00.266,n,-2.144166,3.330094,4.772333,1.333785,OverRange,OverRange,OverRange,8.988078,12.45537,-4.265421
2026/05/23 02:57:00.270,n,-2.088612,6.293283,5.542609,1.255962,OverRange,OverRange,OverRange,9.05335,12.454296,-4.212777
2026/05/23 02:58:00.271,n,-1.974552,3.955863,4.746274,1.383494,OverRange,OverRange,OverRange,8.925858,12.458612,-4.175832
2026/05/23 02:59:00.273,n,-2.132619,4.034763,4.43195,1.119505,OverRange,OverRange,OverRange,8.996694,12.46291,-4.234363
2026/05/23 03:00:00.274,n,-2.071163,4.394578,4.121277,0.399869,OverRange,OverRange,OverRange,9.08157,12.467192,-4.195371
2026/05/23 03:01:00.260,n,-2.15597,6.208907,5.589659,1.248303,OverRange,OverRange,OverRange,9.080984,12.473688,-4.317979
2026/05/23 03:02:00.262,n,-2.114914,6.375989,5.38845,1.431958,OverRange,OverRange,OverRange,9.017482,12.472612,-4.224466
2026/05/23 03:03:00.266,n,-2.10914,3.504526,5.190921,1.401714,OverRange,OverRange,OverRange,9.010666,12.481194,-4.193238
2026/05/23 03:04:00.265,n,-2.167774,6.482447,5.154219,1.316563,OverRange,OverRange,OverRange,9.140564,12.491974,-4.111499
2026/05/23 03:05:00.271,n,-2.123895,3.753873,4.53259,1.314391,OverRange,OverRange,OverRange,8.958674,12.489792,-4.189484
2026/05/23 03:06:00.269,n,-2.226279,3.966431,4.615498,1.357286,OverRange,OverRange,OverRange,8.912618,12.493066,-4.317979
2026/05/23 03:07:00.271,n,-1.954281,6.274112,5.785529,1.06773,OverRange,OverRange,OverRange,8.962494,12.50057,-4.30629
2026/05/23 03:08:00.272,n,-1.933881,6.161424,5.581591,1.325579,OverRange,OverRange,OverRange,8.878596,12.50057,-4.397926
2026/05/23 03:09:00.274,n,-2.056408,6.286918,5.267531,1.301712,OverRange,OverRange,OverRange,8.957562,12.50487,-4.530346
2026/05/23 03:10:00.261,n,-2.03588,5.072742,5.568317,1.056416,OverRange,OverRange,OverRange,8.90711,12.513466,-4.432993
2026/05/23 03:11:00.262,n,-2.097465,4.050552,5.841896,0.885472,OverRange,OverRange,OverRange,8.981746,12.51669,-4.471986
2026/05/23 03:12:00.265,n,-1.962877,3.905292,4.469548,1.07148,OverRange,OverRange,OverRange,8.993902,12.517798,-4.33163
2026/05/23 03:13:00.267,n,-2.199977,6.366538,5.088476,1.364766,OverRange,OverRange,OverRange,9.13583,12.521036,-4.411492
2026/05/23 03:14:00.272,n,-1.924771,3.729603,4.985281,1.477755,OverRange,OverRange,OverRange,8.920024,12.532858,-4.359019
2026/05/23 03:15:00.273,n,-2.000982,3.883572,4.182803,0.600679,OverRange,OverRange,OverRange,9.003632,12.531752,-4.397926
2026/05/23 03:16:00.273,n,-2.161744,5.768164,4.865904,1.357329,OverRange,OverRange,OverRange,9.187272,12.535008,-4.553895
2026/05/23 03:17:00.275,n,-2.044861,3.515438,4.583374,1.420515,OverRange,OverRange,OverRange,9.183228,12.53929,-4.394087
2026/05/23 03:18:00.276,n,-2.135698,6.512015,4.964167,1.495092,OverRange,OverRange,OverRange,9.256984,12.545754,-4.253817
2026/05/23 03:19:00.262,n,-2.173547,4.944065,3.963691,0.515187,OverRange,OverRange,OverRange,9.212692,12.548978,-4.283082
2026/05/23 03:20:00.264,n,-2.158921,3.822688,4.646765,1.379445,OverRange,OverRange,OverRange,9.195416,12.55007,-4.296563
2026/05/23 03:21:00.265,n,-2.214475,3.464051,4.270288,1.143937,OverRange,OverRange,OverRange,9.231182,12.554368,-4.171908
2026/05/23 03:22:00.275,n,-2.103238,3.462727,5.31369,1.423613,OverRange,OverRange,OverRange,9.17123,12.559758,-4.127113
2026/05/23 03:23:00.269,n,-2.179321,6.030501,5.398466,1.401362,OverRange,OverRange,OverRange,9.346818,12.571612,-4.140679
2026/05/23 03:24:00.271,n,-1.959926,6.468024,5.644703,1.04901,OverRange,OverRange,OverRange,9.125668,12.568356,-4.158085
2026/05/23 03:25:00.275,n,-1.915919,4.451823,5.884573,0.717352,OverRange,OverRange,OverRange,9.032318,12.57267,-4.224552
2026/05/23 03:26:00.275,n,-1.75798,6.30701,5.493801,1.352125,OverRange,OverRange,OverRange,9.120326,12.573712,-4.20305
2026/05/23 03:27:00.278,n,-1.705377,3.204742,4.972634,1.5569,OverRange,OverRange,OverRange,9.03444,12.576968,-4.246053
2026/05/23 03:28:00.264,n,-1.992515,6.349425,5.683655,1.089905,OverRange,OverRange,OverRange,9.218852,12.576968,-4.306546
2026/05/23 03:29:00.266,n,-2.223713,4.223414,4.254681,1.103133,OverRange,OverRange,OverRange,9.213756,12.585568,-4.521045
2026/05/23 03:30:00.266,n,-2.332127,6.062625,4.698922,1.246055,OverRange,OverRange,OverRange,9.357106,12.58125,-4.47992
2026/05/23 03:31:00.270,n,-2.238339,3.650273,4.470558,1.08299,OverRange,OverRange,OverRange,9.272386,12.58879,-4.38453
2026/05/23 03:32:00.270,n,-2.156227,5.446765,5.102638,1.150735,OverRange,OverRange,OverRange,9.330196,12.595256,-4.224808
2026/05/23 03:33:00.275,n,-2.238339,4.871574,5.023648,0.946193,OverRange,OverRange,OverRange,9.332556,12.58879,-4.259704
2026/05/23 03:34:00.277,n,-2.364202,3.841803,4.222362,0.693554,OverRange,OverRange,OverRange,9.29298,12.59203,-4.296734
2026/05/23 03:35:00.277,n,-2.411032,6.434454,5.854431,0.90811,OverRange,OverRange,OverRange,9.46159,12.597404,-4.281205
2026/05/23 03:36:00.279,n,-2.352655,3.818457,4.057609,1.188151,OverRange,OverRange,OverRange,9.374858,12.60276,-4.273356
2026/05/23 03:37:00.265,n,-2.393455,4.89026,4.766435,1.134869,OverRange,OverRange,OverRange,9.46336,12.603852,-4.23061
2026/05/23 03:38:00.265,n,-2.443364,5.923846,5.459044,1.220192,OverRange,OverRange,OverRange,9.564526,12.609224,-4.253902
2026/05/23 03:39:00.268,n,-2.364331,3.392238,5.054571,1.409376,OverRange,OverRange,OverRange,9.392146,12.606002,-4.244176
2026/05/23 03:40:00.270,n,-2.250271,6.231744,5.395991,1.302685,OverRange,OverRange,OverRange,9.46903,12.618896,-4.051177
2026/05/23 03:41:00.272,n,-2.258996,4.852223,4.778342,1.01062,OverRange,OverRange,OverRange,9.358374,12.611326,-4.105783
2026/05/23 03:42:00.276,n,-2.305825,6.261136,5.151066,1.534985,OverRange,OverRange,OverRange,9.448884,12.611326,-4.127284
2026/05/23 03:43:00.276,n,-2.323274,5.49442,5.722069,0.830103,OverRange,OverRange,OverRange,9.46132,12.613508,-4.096057
2026/05/23 03:44:00.278,n,-2.382164,6.209959,5.159417,1.191289,OverRange,OverRange,OverRange,9.51296,12.616748,-4.078395
2026/05/23 03:45:00.280,n,-2.159434,6.328408,6.401768,0.06569,OverRange,OverRange,OverRange,9.393642,12.621078,-4.074555
2026/05/23 03:46:00.266,n,-2.133004,3.659899,5.512241,1.536903,OverRange,OverRange,OverRange,9.338582,12.617824,-4.074726
2026/05/23 03:47:00.267,n,-2.343546,6.027685,6.046208,0.217196,OverRange,OverRange,OverRange,9.509294,12.62212,-4.098019
2026/05/23 03:48:00.269,n,-2.215117,4.030138,4.870898,1.420233,OverRange,OverRange,OverRange,9.377152,12.623212,-4.098019
2026/05/23 03:49:00.272,n,-2.393198,5.757029,5.237216,1.224124,OverRange,OverRange,OverRange,9.5775,12.631792,-4.07063
2026/05/23 03:50:00.275,n,-2.299924,3.829068,4.66102,1.360373,OverRange,OverRange,OverRange,9.402386,12.62536,-4.018242
2026/05/23 03:51:00.276,n,-2.387682,6.156945,5.402489,1.001747,OverRange,OverRange,OverRange,9.51085,12.621078,-4.055272
2026/05/23 03:52:00.278,n,-2.302618,6.03952,5.654644,0.898487,OverRange,OverRange,OverRange,9.396882,12.630718,-4.062951
2026/05/23 03:53:00.279,n,-2.179834,3.733241,5.080087,1.302607,OverRange,OverRange,OverRange,9.407044,12.629644,-3.990854
2026/05/23 03:54:00.281,n,-2.329048,3.788294,4.782717,1.537238,OverRange,OverRange,OverRange,9.479386,12.628586,-4.067047
2026/05/23 03:55:00.268,n,-2.390376,6.304709,5.225927,1.398773,OverRange,OverRange,OverRange,9.578476,12.627542,-4.074555
2026/05/23 03:56:00.268,n,-2.232694,6.504224,4.620289,1.3652,OverRange,OverRange,OverRange,9.476528,12.631792,-3.924729
2026/05/23 03:57:00.270,n,-2.300052,6.54173,4.877087,1.537739,OverRange,OverRange,OverRange,9.362656,12.632898,-4.033686
2026/05/23 03:58:00.274,n,-2.317244,3.795447,4.599387,1.460958,OverRange,OverRange,OverRange,9.247986,12.637182,-4.183767
2026/05/23 03:59:00.273,n,-2.317629,3.961456,3.884655,0.069087,OverRange,OverRange,OverRange,9.366002,12.635016,-4.275233
2026/05/23 04:00:00.276,n,-2.232566,4.886693,4.823458,1.183718,OverRange,OverRange,OverRange,9.284292,12.638258,-4.236326
2026/05/23 04:01:00.277,n,-2.138906,6.259775,5.555979,1.48673,OverRange,OverRange,OverRange,9.340048,12.64368,-4.18573
2026/05/23 04:02:00.279,n,-2.135955,5.658643,4.866596,1.353115,OverRange,OverRange,OverRange,9.22432,12.637182,-4.316273
2026/05/23 04:03:00.283,n,-2.048069,5.546951,5.673217,0.949855,OverRange,OverRange,OverRange,9.272884,12.641498,-4.230438
2026/05/23 04:04:00.266,n,-2.024846,3.343989,5.519725,1.166434,OverRange,OverRange,OverRange,9.321072,12.641498,-4.193494
2026/05/23 04:05:00.268,n,-2.209086,3.695483,5.518764,1.295731,OverRange,OverRange,OverRange,9.383306,12.638258,-4.288969
2026/05/23 04:06:00.270,n,-2.244113,5.043908,5.599936,0.873267,OverRange,OverRange,OverRange,9.466752,12.642574,-4.224551
2026/05/23 04:07:00.275,n,-2.165208,6.350048,5.287869,1.346553,OverRange,OverRange,OverRange,9.379106,12.642574,-4.226514
2026/05/23 04:08:00.276,n,-2.022024,3.933984,5.0835,1.306026,OverRange,OverRange,OverRange,9.264782,12.645764,-4.183767
2026/05/23 04:09:00.277,n,-2.206136,4.034281,4.746759,1.37079,OverRange,OverRange,OverRange,9.431026,12.64793,-4.222759
2026/05/23 04:10:00.279,n,-2.320452,3.600122,4.69917,1.267973,OverRange,OverRange,OverRange,9.491624,12.64368,-4.212948
2026/05/23 04:11:00.281,n,-2.270543,4.136363,4.939521,1.196426,OverRange,OverRange,OverRange,9.457642,12.649004,-4.177965
2026/05/23 04:12:00.282,n,-2.40821,6.106179,5.362371,1.054059,OverRange,OverRange,OverRange,9.578796,12.654394,-4.226429
2026/05/23 04:13:00.268,n,-2.144936,6.416102,5.411389,1.037786,OverRange,OverRange,OverRange,9.448186,12.651154,-4.140936
2026/05/23 04:14:00.270,n,-2.168158,5.190751,5.893471,0.350776,OverRange,OverRange,OverRange,9.567744,12.656576,-4.064913
2026/05/23 04:15:00.272,n,-2.244369,6.338023,5.061142,1.443488,OverRange,OverRange,OverRange,9.60146,12.654394,-4.105698
2026/05/23 04:16:00.274,n,-2.229743,5.946456,6.164207,0.113577,OverRange,OverRange,OverRange,9.494258,12.654394,-4.162437
2026/05/23 04:17:00.277,n,-2.214989,4.122513,5.193514,1.002541,OverRange,OverRange,OverRange,9.432922,12.652262,-4.029847
2026/05/23 04:18:00.278,n,-2.346625,6.13782,5.806978,1.071495,OverRange,OverRange,OverRange,9.491848,12.65547,-4.016366
2026/05/23 04:19:00.281,n,-2.21486,3.98405,5.417383,1.296144,OverRange,OverRange,OverRange,9.363186,12.657618,-4.031723
2026/05/23 04:20:00.284,n,-2.22089,6.179805,5.727414,0.904875,OverRange,OverRange,OverRange,9.524914,12.664082,-3.938296
2026/05/23 04:21:00.284,n,-2.16803,4.228216,5.077335,1.233507,OverRange,OverRange,OverRange,9.37408,12.661902,-3.989148
2026/05/23 04:22:00.270,n,-2.24732,6.062944,5.527191,1.374929,OverRange,OverRange,OverRange,9.495144,12.665156,-4.051262
2026/05/23 04:23:00.272,n,-2.323146,6.14061,5.558033,1.252103,OverRange,OverRange,OverRange,9.392178,12.662974,-4.183853
2026/05/23 04:24:00.258,n,-2.416934,3.709944,4.141352,0.975114,OverRange,OverRange,OverRange,9.47167,12.658726,-4.109623
2026/05/23 04:25:00.259,n,-2.352527,3.933299,4.352192,1.044236,OverRange,OverRange,OverRange,9.486836,12.665156,-4.138888
2026/05/23 04:26:00.261,n,-2.38473,6.329904,4.836835,1.4846,OverRange,OverRange,OverRange,9.604568,12.66729,-4.098019
2026/05/23 04:27:00.264,n,-2.358685,6.231459,5.758993,1.133542,OverRange,OverRange,OverRange,9.45456,12.665156,-4.203135
2026/05/23 04:28:00.265,n,-2.200234,4.304069,5.691623,0.98117,OverRange,OverRange,OverRange,9.358358,12.664082,-4.158512
2026/05/23 04:29:00.268,n,-2.179962,3.957897,4.561815,1.169987,OverRange,OverRange,OverRange,9.438986,12.664082,-4.016195
2026/05/23 04:30:00.269,n,-2.109397,3.945732,4.446962,1.159498,OverRange,OverRange,OverRange,9.46786,12.66729,-4.037696
2026/05/23 04:31:00.272,n,-2.214989,6.141329,4.568172,1.278569,OverRange,OverRange,OverRange,9.511902,12.662974,-4.066961
2026/05/23 04:32:00.256,n,-2.24129,4.667162,4.602691,1.006298,OverRange,OverRange,OverRange,9.414032,12.66729,-4.139059
2026/05/23 04:33:00.259,n,-2.141857,3.607728,4.746041,1.468905,OverRange,OverRange,OverRange,9.34995,12.670514,-4.144604
2026/05/23 04:34:00.261,n,-2.124279,6.505677,5.222393,1.406009,OverRange,OverRange,OverRange,9.541088,12.672712,-3.996741
2026/05/23 04:35:00.264,n,-2.118506,5.85363,5.730008,0.746891,OverRange,OverRange,OverRange,9.409562,12.676978,-3.988892
2026/05/23 04:36:00.265,n,-2.086046,6.16365,5.988524,0.830375,OverRange,OverRange,OverRange,9.411846,12.674796,-4.035734
2026/05/23 04:37:00.267,n,-2.147759,3.951951,4.640343,1.233402,OverRange,OverRange,OverRange,9.347708,12.671588,-4.131124
2026/05/23 04:38:00.270,n,-2.446187,3.895065,3.953971,0.10187,OverRange,OverRange,OverRange,9.510722,12.673756,-4.267468
2026/05/23 04:39:00.272,n,-2.288248,6.606377,5.309206,1.102604,OverRange,OverRange,OverRange,9.56539,12.676978,-4.113633
2026/05/23 04:40:00.258,n,-2.138906,3.488447,5.10145,1.264292,OverRange,OverRange,OverRange,9.38323,12.678038,-4.103735
2026/05/23 04:41:00.258,n,-2.118378,3.748548,4.754278,1.217301,OverRange,OverRange,OverRange,9.522064,12.678038,-4.012441
2026/05/23 04:42:00.262,n,-2.086303,6.494134,5.925053,0.797577,OverRange,OverRange,OverRange,9.578294,12.679112,-4.039658
2026/05/23 04:43:00.265,n,-2.135826,3.583234,4.1185,0.933263,OverRange,OverRange,OverRange,9.496008,12.68126,-3.940087
2026/05/23 04:44:00.265,n,-2.162128,4.028136,4.349009,1.062803,OverRange,OverRange,OverRange,9.60143,12.68126,-3.934371
2026/05/23 04:45:00.267,n,-2.38178,3.987842,4.222065,0.36753,OverRange,OverRange,OverRange,9.587276,12.688802,-4.068839
2026/05/23 04:46:00.269,n,-2.358301,5.888827,5.365425,1.302167,OverRange,OverRange,OverRange,9.68957,12.68126,-4.066791
2026/05/23 04:47:00.271,n,-2.165336,3.801138,4.81601,1.133878,OverRange,OverRange,OverRange,9.559346,12.688802,-3.973363
2026/05/23 04:48:00.273,n,-2.373055,6.173262,4.810993,1.315379,OverRange,OverRange,OverRange,9.71748,12.685576,-4.004591
2026/05/23 04:49:00.260,n,-2.288248,3.859535,4.825899,1.362743,OverRange,OverRange,OverRange,9.546672,12.689892,-4.086414
2026/05/23 04:50:00.261,n,-2.302875,3.667694,5.582581,1.017326,OverRange,OverRange,OverRange,9.586396,12.695266,-4.074555
2026/05/23 04:51:00.262,n,-2.209215,5.299522,5.156517,1.192511,OverRange,OverRange,OverRange,9.621572,12.69201,-3.9499
2026/05/23 04:52:00.268,n,-2.147631,6.053534,6.001538,0.092373,OverRange,OverRange,OverRange,9.638006,12.693116,-3.868161
2026/05/23 04:53:00.266,n,-2.09785,6.210616,5.291972,1.309529,OverRange,OverRange,OverRange,9.53267,12.688802,-3.912955
2026/05/23 04:54:00.268,n,-1.998288,6.332075,6.35352,0.103497,OverRange,OverRange,OverRange,9.597148,12.69201,-3.907068
2026/05/23 04:55:00.270,n,-2.311343,4.204066,4.313373,1.083198,OverRange,OverRange,OverRange,9.482432,12.687726,-4.062951
2026/05/23 04:56:00.272,n,-2.431689,3.757018,4.015717,0.243096,OverRange,OverRange,OverRange,9.545446,12.687726,-4.090254
2026/05/23 04:57:00.274,n,-2.30249,6.584348,4.85772,1.10342,OverRange,OverRange,OverRange,9.659384,12.689892,-4.068924
2026/05/23 04:58:00.261,n,-2.235516,6.239064,5.145398,1.174014,OverRange,OverRange,OverRange,9.601288,12.693116,-3.9499
2026/05/23 04:59:00.261,n,-2.425787,3.705479,4.966552,1.287472,OverRange,OverRange,OverRange,9.61468,12.687726,-4.082405
2026/05/23 05:00:00.263,n,-2.299795,6.365432,5.52984,1.282126,OverRange,OverRange,OverRange,9.61469,12.686652,-3.952032
2026/05/23 05:01:00.267,n,-2.296972,4.028614,4.682893,1.357697,OverRange,OverRange,OverRange,9.55016,12.695266,-3.969524
2026/05/23 05:02:00.267,n,-2.329176,6.343007,5.081503,1.438327,OverRange,OverRange,OverRange,9.685594,12.687726,-3.922682
2026/05/23 05:03:00.273,n,-2.276444,4.191723,5.123842,1.274779,OverRange,OverRange,OverRange,9.61233,12.688802,-3.985052
2026/05/23 05:04:00.271,n,-2.533944,6.064245,5.425711,1.187849,OverRange,OverRange,OverRange,9.660152,12.687726,-4.029846
2026/05/23 05:05:00.273,n,-2.694962,6.282163,4.816017,1.472338,OverRange,OverRange,OverRange,9.63055,12.680154,-4.203306
2026/05/23 05:06:00.275,n,-2.768222,6.510597,4.928536,1.450994,OverRange,OverRange,OverRange,9.578816,12.683444,-4.212948
2026/05/23 05:07:00.260,n,-2.569099,4.20046,5.258409,1.370272,OverRange,OverRange,OverRange,9.473512,12.682336,-4.216872
2026/05/23 05:08:00.263,n,-2.604254,6.218734,5.944613,0.396014,OverRange,OverRange,OverRange,9.602,12.679112,-4.179758
2026/05/23 05:09:00.264,n,-2.76232,4.708783,5.035141,0.975478,OverRange,OverRange,OverRange,9.493292,12.678038,-4.343405
2026/05/23 05:10:00.266,n,-2.680208,3.648802,5.347746,1.328217,OverRange,OverRange,OverRange,9.530102,12.669438,-4.341614
2026/05/23 05:11:00.267,n,-2.850207,3.947865,4.569389,0.846054,OverRange,OverRange,OverRange,9.573854,12.669438,-4.361067
2026/05/23 05:12:00.269,n,-2.97607,4.004458,4.523011,1.328223,OverRange,OverRange,OverRange,9.573492,12.665156,-4.312348
2026/05/23 05:13:00.272,n,-3.101676,6.092633,4.283507,0.895085,OverRange,OverRange,OverRange,9.585298,12.664082,-4.440928
2026/05/23 05:14:00.275,n,-3.151586,6.01259,4.501055,1.273981,OverRange,OverRange,OverRange,9.530554,12.659734,-4.534441
2026/05/23 05:15:00.276,n,-2.990568,3.762394,5.667782,0.950472,OverRange,OverRange,OverRange,9.528962,12.658726,-4.482053
2026/05/23 05:16:00.260,n,-3.163261,6.329142,4.812028,1.191076,OverRange,OverRange,OverRange,9.521516,12.642574,-4.476081
2026/05/23 05:17:00.263,n,-3.248453,6.107498,6.075661,0.10807,OverRange,OverRange,OverRange,9.508952,12.64368,-4.513111
2026/05/23 05:18:00.268,n,-3.128363,6.313147,5.804153,0.975507,OverRange,OverRange,OverRange,9.45778,12.637182,-4.419597
2026/05/23 05:19:00.269,n,-3.175193,6.153189,6.130984,0.014926,OverRange,OverRange,OverRange,9.455998,12.628586,-4.526762
2026/05/23 05:20:00.269,n,-3.142861,6.379647,5.658835,1.089111,OverRange,OverRange,OverRange,9.448594,12.621078,-4.511148
2026/05/23 05:21:00.270,n,-3.224974,3.688938,5.780648,1.039493,OverRange,OverRange,OverRange,9.358908,12.608182,-4.526762
2026/05/23 05:22:00.274,n,-3.295154,6.071327,5.528526,1.065984,OverRange,OverRange,OverRange,9.480084,12.601686,-4.478129
2026/05/23 05:23:00.275,n,-3.295026,5.848336,5.679631,1.130091,OverRange,OverRange,OverRange,9.457296,12.59418,-4.561659
2026/05/23 05:24:00.279,n,-3.288996,3.651569,5.175734,1.384594,OverRange,OverRange,OverRange,9.340856,12.579118,-4.559782
2026/05/23 05:25:00.262,n,-3.300928,4.186176,5.125927,1.196916,OverRange,OverRange,OverRange,9.372304,12.573712,-4.620275
2026/05/23 05:26:00.263,n,-3.40049,5.72943,5.470931,0.805036,OverRange,OverRange,OverRange,9.50059,12.562966,-4.602869
2026/05/23 05:27:00.267,n,-3.373931,4.006196,4.572812,0.935829,OverRange,OverRange,OverRange,9.388052,12.552186,-4.686656
2026/05/23 05:28:00.268,n,-3.447448,5.073407,4.201868,0.432687,OverRange,OverRange,OverRange,9.50998,12.540364,-4.511233
2026/05/23 05:29:00.270,n,-3.456172,6.174491,5.439933,1.159158,OverRange,OverRange,OverRange,9.46609,12.52747,-4.672919
2026/05/23 05:30:00.272,n,-3.514677,5.990572,5.611744,0.911861,OverRange,OverRange,OverRange,9.406536,12.517766,-4.702184
2026/05/23 05:31:00.275,n,-3.605514,3.862149,4.907534,1.210659,OverRange,OverRange,OverRange,9.384716,12.503794,-4.711911
2026/05/23 05:32:00.276,n,-3.666971,3.772476,5.003151,1.198882,OverRange,OverRange,OverRange,9.407314,12.491974,-4.709863
2026/05/23 05:33:00.278,n,-3.977331,6.03112,5.510566,1.042808,OverRange,OverRange,OverRange,9.493572,12.476896,-4.834689
2026/05/23 05:34:00.263,n,-3.783981,6.266806,5.017824,1.321287,OverRange,OverRange,OverRange,9.349976,12.462926,-4.760545
2026/05/23 05:35:00.267,n,-3.833762,4.024295,5.05138,1.320286,OverRange,OverRange,OverRange,9.24906,12.452116,-4.85602
2026/05/23 05:36:00.267,n,-4.202628,6.119182,5.042437,1.373715,OverRange,OverRange,OverRange,9.404242,12.431696,-4.891344
2026/05/23 05:37:00.269,n,-4.229186,4.199361,4.994227,1.002064,OverRange,OverRange,OverRange,9.254156,12.415578,-5.059001
2026/05/23 05:38:00.272,n,-4.316687,4.923687,4.88671,1.111063,OverRange,OverRange,OverRange,9.319042,12.406916,-5.023848
2026/05/23 05:39:00.275,n,-4.498489,6.009115,5.39019,1.202001,OverRange,OverRange,OverRange,9.293702,12.384316,-5.07999
2026/05/23 05:40:00.276,n,-4.645009,3.950371,5.144924,1.197273,OverRange,OverRange,OverRange,9.156012,12.362808,-5.19125
2026/05/23 05:41:00.279,n,-4.665537,6.669904,4.902086,1.243219,OverRange,OverRange,OverRange,9.275456,12.34125,-5.226403
2026/05/23 05:42:00.279,n,-4.624353,3.722514,5.567599,1.109013,OverRange,OverRange,OverRange,9.106512,12.321858,-5.331776
2026/05/23 05:43:00.265,n,-4.788321,6.169058,5.315223,0.997735,OverRange,OverRange,OverRange,9.217912,12.30141,-5.234167
2026/05/23 05:44:00.268,n,-4.776646,6.190817,5.567307,1.1259,OverRange,OverRange,OverRange,9.181606,12.279902,-5.316162
2026/05/23 05:45:00.269,n,-4.993475,3.769913,4.826669,1.182254,OverRange,OverRange,OverRange,9.100414,12.25512,-5.331776
2026/05/23 05:46:00.271,n,-4.938049,6.540314,5.54455,1.141672,OverRange,OverRange,OverRange,9.205444,12.229282,-5.415562
2026/05/23 05:47:00.273,n,-4.890962,4.233252,4.014863,0.41087,OverRange,OverRange,OverRange,9.013402,12.215216,-5.327851
2026/05/23 05:48:00.275,n,-4.952675,6.216505,5.707259,1.004242,OverRange,OverRange,OverRange,9.099422,12.18508,-5.277084
2026/05/23 05:49:00.276,n,-5.008229,4.07159,5.353401,1.178639,OverRange,OverRange,OverRange,8.98139,12.155986,-5.263432
2026/05/23 05:50:00.281,n,-5.028758,4.26862,4.117173,0.10778,OverRange,OverRange,OverRange,8.990826,12.133354,-5.312322
2026/05/23 05:51:00.282,n,-5.081232,6.200626,5.105674,1.328238,OverRange,OverRange,OverRange,9.027064,12.10641,-5.26932
2026/05/23 05:52:00.268,n,-5.210303,6.216907,4.455347,1.01204,OverRange,OverRange,OverRange,8.939012,12.078376,-5.279132
2026/05/23 05:53:00.268,n,-5.154364,5.342194,5.72832,0.599392,OverRange,OverRange,OverRange,8.956802,12.054704,-5.355154
2026/05/23 05:54:00.270,n,-5.189775,4.131049,4.651436,1.189636,OverRange,OverRange,OverRange,8.85139,12.020126,-5.374779
2026/05/23 05:55:00.273,n,-5.236605,4.074643,5.162512,0.89491,OverRange,OverRange,OverRange,8.89737,11.99214,-5.429384
2026/05/23 05:56:00.276,n,-5.227752,3.996957,4.605923,0.97162,OverRange,OverRange,OverRange,8.9083,11.959776,-5.448838
2026/05/23 05:57:00.277,n,-5.371321,3.728336,4.030023,0.172972,OverRange,OverRange,OverRange,8.892064,11.958244,-5.565814
2026/05/23 05:58:00.279,n,-4.832456,5.996862,5.275637,1.331897,OverRange,OverRange,OverRange,8.981838,11.928078,-5.117617
2026/05/23 05:59:00.282,n,-4.583553,4.133785,5.423165,1.105416,OverRange,OverRange,OverRange,8.82928,11.90431,-5.226744
2026/05/23 06:00:00.283,n,-4.603953,3.79404,4.15194,0.619833,OverRange,OverRange,OverRange,8.901684,11.875186,-5.049274
2026/05/23 06:01:00.268,n,-4.47501,4.212345,5.026699,1.093512,OverRange,OverRange,OverRange,8.920914,11.85578,-5.127344
2026/05/23 06:02:00.270,n,-4.408037,6.560653,5.984516,0.836,OverRange,OverRange,OverRange,8.904424,11.832046,-5.121457
2026/05/23 06:03:00.271,n,-4.583553,3.47088,4.127665,0.998191,OverRange,OverRange,OverRange,8.835846,11.805056,-5.160449
2026/05/23 06:04:00.273,n,-4.691839,4.144404,4.007378,0.126896,OverRange,OverRange,OverRange,8.936966,11.788858,-5.246283
2026/05/23 06:05:00.275,n,-4.539546,3.88017,5.232956,1.013033,OverRange,OverRange,OverRange,8.936422,11.76403,-5.146797
2026/05/23 06:06:00.277,n,-4.489637,3.93846,4.406676,1.069054,OverRange,OverRange,OverRange,8.896836,11.743504,-5.068813
2026/05/23 06:07:00.282,n,-4.694662,3.953767,3.950511,0.125226,OverRange,OverRange,OverRange,8.93393,11.718678,-5.123419
2026/05/23 06:08:00.281,n,-4.774208,3.932611,3.791623,0.144262,OverRange,OverRange,OverRange,8.943798,11.701374,-5.041595
2026/05/23 06:09:00.285,n,-4.627304,5.974561,5.294087,1.040248,OverRange,OverRange,OverRange,8.98113,11.679788,-5.066936
2026/05/23 06:10:00.269,n,-4.530949,6.163805,5.961469,0.142843,OverRange,OverRange,OverRange,8.832348,11.657096,-5.098079
2026/05/23 06:11:00.271,n,-4.597794,4.237405,4.369009,0.976209,OverRange,OverRange,OverRange,8.798306,11.642006,-5.080417
2026/05/23 06:12:00.273,n,-4.627175,4.038744,4.47699,1.161421,OverRange,OverRange,OverRange,8.859982,11.618206,-5.129221
2026/05/23 06:13:00.275,n,-4.656685,6.487249,5.694116,0.823739,OverRange,OverRange,OverRange,8.918916,11.604208,-5.088352
2026/05/23 06:14:00.276,n,-4.627304,4.284384,5.18424,1.200236,OverRange,OverRange,OverRange,8.802852,11.576128,-5.160535
2026/05/23 06:15:00.266,n,-4.674134,6.367193,5.270242,1.27043,OverRange,OverRange,OverRange,8.846008,11.558826,-5.183913
2026/05/23 06:16:00.281,n,-4.724171,5.84556,4.482521,0.979353,OverRange,OverRange,OverRange,8.824692,11.538314,-5.1898
2026/05/23 06:17:00.266,n,-4.718269,6.343541,4.806994,1.238953,OverRange,OverRange,OverRange,8.839676,11.520978,-5.090229
2026/05/23 06:18:00.271,n,-4.668488,6.180018,4.84512,1.001606,OverRange,OverRange,OverRange,8.810756,11.505888,-4.977177
2026/05/23 06:19:00.272,n,-4.659507,6.3562,5.899857,0.424514,OverRange,OverRange,OverRange,8.828282,11.482092,-5.086475
2026/05/23 06:20:00.272,n,-4.61858,6.785232,4.803053,1.414794,OverRange,OverRange,OverRange,8.796708,11.46915,-5.115741
2026/05/23 06:21:00.259,n,-4.609727,4.014567,5.066661,1.223587,OverRange,OverRange,OverRange,8.778698,11.446392,-5.203451
2026/05/23 06:22:00.262,n,-4.64796,3.749408,4.556124,1.343121,OverRange,OverRange,OverRange,8.848302,11.43347,-5.197649
2026/05/23 06:23:00.261,n,-4.618579,4.199259,4.839702,1.178269,OverRange,OverRange,OverRange,8.928036,11.416166,-5.261812
2026/05/23 06:24:00.265,n,-4.624353,3.320786,4.896873,1.53309,OverRange,OverRange,OverRange,8.939164,11.395624,-5.248331
2026/05/23 06:25:00.268,n,-4.556995,3.704664,4.675834,1.371205,OverRange,OverRange,OverRange,8.939464,11.381544,-5.28536
2026/05/23 06:26:00.270,n,-4.624481,6.59504,5.439436,1.452574,OverRange,OverRange,OverRange,9.01584,11.369662,-5.246283
2026/05/23 06:27:00.270,n,-4.601002,4.114427,4.679018,1.19356,OverRange,OverRange,OverRange,8.964574,11.363168,-5.273501
2026/05/23 06:28:00.272,n,-4.612806,3.7083,5.532704,1.483071,OverRange,OverRange,OverRange,9.026764,11.352392,-5.1526
2026/05/23 06:29:00.256,n,-4.577523,3.598502,5.197112,1.366227,OverRange,OverRange,OverRange,8.985622,11.333982,-5.230755
2026/05/23 06:30:00.261,n,-4.583425,3.647568,5.244407,1.1393,OverRange,OverRange,OverRange,9.02325,11.333982,-5.090229
2026/05/23 06:31:00.261,n,-4.510293,4.030676,4.014969,0.02825,OverRange,OverRange,OverRange,9.000438,11.319902,-5.029736
2026/05/23 06:32:00.265,n,-4.592277,5.92294,5.109831,1.380528,OverRange,OverRange,OverRange,8.890172,11.309094,-5.006358
2026/05/23 06:33:00.265,n,-4.724171,6.116074,6.183962,0.129979,OverRange,OverRange,OverRange,8.989248,11.298288,-5.006443
2026/05/23 06:34:00.266,n,-4.662458,6.840825,5.843562,0.846175,OverRange,OverRange,OverRange,8.895574,11.288522,-4.969328
2026/05/23 06:35:00.269,n,-4.671183,4.019907,4.523738,0.940269,OverRange,OverRange,OverRange,8.806148,11.28206,-4.990743
2026/05/23 06:36:00.270,n,-4.738797,3.622141,4.887615,0.936226,OverRange,OverRange,OverRange,8.962072,11.2734,-4.992791
2026/05/23 06:37:00.256,n,-4.738669,6.267729,5.683255,0.733398,OverRange,OverRange,OverRange,9.04128,11.259336,-5.002518
2026/05/23 06:38:00.259,n,-4.791529,3.935826,4.187941,1.006898,OverRange,OverRange,OverRange,8.76653,11.290964,-5.107891
2026/05/23 06:39:00.263,n,-4.314891,6.106261,5.580107,1.209818,OverRange,OverRange,OverRange,8.95081,11.279178,-4.697236
2026/05/23 06:40:00.262,n,-4.328619,3.910413,4.117865,0.905955,OverRange,OverRange,OverRange,8.917416,11.272684,-4.760886
2026/05/23 06:41:00.266,n,-4.311042,3.778893,4.961078,1.245548,OverRange,OverRange,OverRange,8.941052,11.26186,-4.601163
2026/05/23 06:42:00.266,n,-4.246506,5.26367,4.177707,0.537875,OverRange,OverRange,OverRange,9.083486,11.255446,-4.575737
2026/05/23 06:43:00.268,n,-4.18582,3.748688,5.595625,1.093513,OverRange,OverRange,OverRange,8.97673,11.243516,-4.681451
2026/05/23 06:44:00.270,n,-4.179661,6.546154,4.916196,1.247765,OverRange,OverRange,OverRange,9.034352,11.238096,-4.669762
2026/05/23 06:45:00.273,n,-4.077149,6.317649,5.754136,1.161262,OverRange,OverRange,OverRange,8.931798,11.234842,-4.636486
2026/05/23 06:46:00.260,n,-4.349789,6.252998,5.798462,1.212376,OverRange,OverRange,OverRange,8.930766,11.225106,-4.854826
2026/05/23 06:47:00.259,n,-4.323616,6.276407,5.467265,1.011948,OverRange,OverRange,OverRange,8.973196,11.2143,-4.825645
2026/05/23 06:48:00.262,n,-4.197495,3.449402,4.68287,1.324927,OverRange,OverRange,OverRange,8.944978,11.21326,-4.695017
2026/05/23 06:49:00.265,n,-4.217895,6.292823,5.44503,1.47742,OverRange,OverRange,OverRange,9.003896,11.204566,-4.576078
2026/05/23 06:50:00.266,n,-4.168114,3.949893,4.455934,1.25489,OverRange,OverRange,OverRange,8.915508,11.199146,-4.52352
2026/05/23 06:51:00.269,n,-4.141812,3.345657,4.742248,1.451322,OverRange,OverRange,OverRange,9.00794,11.196966,-4.498179
2026/05/23 06:52:00.270,n,-4.100884,3.893692,5.084311,1.557025,OverRange,OverRange,OverRange,8.96199,11.18614,-4.507992
2026/05/23 06:53:00.272,n,-4.115639,3.738571,5.268048,1.437679,OverRange,OverRange,OverRange,9.009446,11.183994,-4.451422
2026/05/23 06:54:00.275,n,-4.077406,3.841878,5.043244,1.263695,OverRange,OverRange,OverRange,9.019898,11.18292,-4.601504
2026/05/23 06:55:00.260,n,-4.010048,3.546006,5.046144,1.5706,OverRange,OverRange,OverRange,8.985058,11.1775,-4.513708
2026/05/23 06:56:00.262,n,-3.939995,6.487581,5.105299,1.523397,OverRange,OverRange,OverRange,9.072648,11.179648,-4.577955
2026/05/23 06:57:00.264,n,-3.936788,6.43084,4.986267,1.552349,OverRange,OverRange,OverRange,9.022624,11.166692,-4.576164
2026/05/23 06:58:00.265,n,-3.860577,6.39552,5.023788,1.57847,OverRange,OverRange,OverRange,8.970058,11.172112,-4.521472
2026/05/23 06:59:00.268,n,-4.077277,5.782377,5.55667,1.034024,OverRange,OverRange,OverRange,8.929516,11.166692,-4.537171
2026/05/23 07:00:00.269,n,-4.279351,6.36275,4.804128,1.313285,OverRange,OverRange,OverRange,8.865948,11.160166,-4.52736
2026/05/23 07:01:00.273,n,-4.267804,3.598122,4.840568,1.378358,OverRange,OverRange,OverRange,8.833212,11.153688,-4.554662
2026/05/23 07:02:00.273,n,-4.323487,5.475065,4.619869,1.117222,OverRange,OverRange,OverRange,8.960226,11.154746,-4.572068
2026/05/23 07:03:00.274,n,-4.346966,5.235584,4.907404,1.259029,OverRange,OverRange,OverRange,8.88912,11.153442,-4.605344
2026/05/23 07:04:00.260,n,-4.130266,6.414832,4.625807,1.317055,OverRange,OverRange,OverRange,8.89002,11.156534,-4.254755
2026/05/23 07:05:00.263,n,-4.432158,5.517902,5.60792,0.72439,OverRange,OverRange,OverRange,8.94037,11.151114,-4.408762
2026/05/23 07:06:00.265,n,-4.41766,6.300316,5.034586,1.227639,OverRange,OverRange,OverRange,8.887268,11.14786,-4.457481
2026/05/23 07:07:00.267,n,-4.382377,3.253802,4.530098,1.313605,OverRange,OverRange,OverRange,8.870962,11.137054,-4.367978
2026/05/23 07:08:00.270,n,-4.364672,6.426818,4.28694,1.061879,OverRange,OverRange,OverRange,8.948228,11.137054,-4.364138
2026/05/23 07:09:00.272,n,-4.493743,3.754556,3.729894,0.219092,OverRange,OverRange,OverRange,8.827602,11.126214,-4.486746
2026/05/23 07:10:00.273,n,-4.593176,3.889097,4.007109,0.666336,OverRange,OverRange,OverRange,8.867976,11.121868,-4.453727
2026/05/23 07:11:00.275,n,-4.622556,3.960842,4.231624,1.097696,OverRange,OverRange,OverRange,8.827052,11.107822,-4.381459
2026/05/23 07:12:00.276,n,-4.549425,6.68878,5.185228,1.354562,OverRange,OverRange,OverRange,8.895102,11.10564,-4.344599
2026/05/23 07:13:00.261,n,-4.496565,6.389138,4.483022,0.994057,OverRange,OverRange,OverRange,8.79096,11.0948,-4.383507
2026/05/23 07:14:00.265,n,-4.520301,5.060404,4.953358,1.101906,OverRange,OverRange,OverRange,8.806732,11.081796,-4.303645
2026/05/23 07:15:00.265,n,-4.625508,3.624526,4.199555,1.099871,OverRange,OverRange,OverRange,8.837718,11.079648,-4.225746
2026/05/23 07:16:00.269,n,-4.48784,3.903669,3.809827,0.06683,OverRange,OverRange,OverRange,8.823308,11.074196,-4.237264
2026/05/23 07:17:00.270,n,-4.47052,6.661815,4.303428,1.15563,OverRange,OverRange,OverRange,8.817196,11.07099,-4.126175
2026/05/23 07:18:00.271,n,-4.367751,3.90989,4.886947,1.332682,OverRange,OverRange,OverRange,8.689866,11.065568,-3.956555
2026/05/23 07:19:00.274,n,-4.440882,3.773001,3.988649,0.420159,OverRange,OverRange,OverRange,8.724966,11.061224,-3.882581
2026/05/23 07:20:00.279,n,-4.432029,3.824545,4.115344,1.161121,OverRange,OverRange,OverRange,8.736624,11.050416,-3.703489
2026/05/23 07:21:00.277,n,-4.446656,3.8702,4.831419,1.324417,OverRange,OverRange,OverRange,8.680934,11.042848,-3.759716
2026/05/23 07:22:00.263,n,-4.484761,6.111979,5.057336,1.033973,OverRange,OverRange,OverRange,8.651738,11.030902,-3.697602
2026/05/23 07:23:00.265,n,-4.449607,5.656105,4.239609,0.908236,OverRange,OverRange,OverRange,8.554358,11.016824,-3.746236
2026/05/23 07:24:00.266,n,-4.350174,3.7599,5.089957,0.87611,OverRange,OverRange,OverRange,8.579076,10.997326,-3.664412
2026/05/23 07:25:00.268,n,-4.288717,5.857717,4.582644,1.205706,OverRange,OverRange,OverRange,8.66065,10.985412,-3.450168
2026/05/23 07:26:00.272,n,-4.083564,5.272845,4.349035,0.729664,OverRange,OverRange,OverRange,8.550588,10.971302,-3.2785
2026/05/23 07:27:00.272,n,-3.969376,6.105721,5.143914,1.282997,OverRange,OverRange,OverRange,8.527206,10.957272,-3.099324
2026/05/23 07:28:00.275,n,-3.696865,6.223815,5.757848,1.241053,OverRange,OverRange,OverRange,8.430542,10.941012,-2.733292
2026/05/23 07:29:00.277,n,-3.498127,6.132376,6.024008,0.438155,OverRange,OverRange,OverRange,8.432354,10.930158,-2.478009
2026/05/23 07:30:00.278,n,-3.263592,4.839142,5.120531,0.759922,OverRange,OverRange,OverRange,8.317622,10.91499,-2.285351
2026/05/23 07:31:00.265,n,-3.079352,4.631115,4.659824,1.105579,OverRange,OverRange,OverRange,8.388062,10.896598,-2.069146
2026/05/23 07:32:00.267,n,-3.064597,6.41479,5.766987,1.038647,OverRange,OverRange,OverRange,8.455464,10.877034,-1.961981
2026/05/23 07:33:00.270,n,-2.643257,4.531642,5.115534,1.371118,OverRange,OverRange,OverRange,8.269943,10.861916,-1.619498
2026/05/23 07:34:00.271,n,-2.338799,5.853047,4.622576,1.167276,OverRange,OverRange,OverRange,8.362107,10.845624,-1.228382
2026/05/23 07:35:00.272,n,-1.90527,6.115536,5.840416,0.529717,OverRange,OverRange,OverRange,8.32603,10.82826,-0.786499
2026/05/23 07:36:00.274,n,-1.486752,3.931599,4.873345,1.219979,OverRange,OverRange,OverRange,8.242798,10.812036,-0.432242
2026/05/23 07:37:00.277,n,-1.308285,6.040729,5.459719,0.829839,OverRange,OverRange,OverRange,8.378932,10.79034,-0.00401
2026/05/23 07:38:00.278,n,-0.722976,3.641086,5.694819,1.039105,OverRange,OverRange,OverRange,8.117519,10.783814,0.417907
2026/05/23 07:39:00.280,n,-0.120475,5.692547,6.083278,0.408441,OverRange,OverRange,OverRange,8.174068,10.769736,1.038455
2026/05/23 07:40:00.267,n,0.315492,6.209097,4.811156,1.16315,OverRange,OverRange,OverRange,8.138637,10.743714,1.65849
2026/05/23 07:41:00.679,n,0.891564,5.446757,5.270364,0.924657,OverRange,OverRange,OverRange,8.109375,10.75841,2.366066
2026/05/23 07:42:00.271,n,1.959413,6.19447,4.901602,1.223103,OverRange,OverRange,OverRange,8.112519,10.732388,3.81765
2026/05/23 07:43:00.272,n,2.833399,6.284483,6.246938,0.078184,OverRange,OverRange,OverRange,8.108765,10.714992,5.217786
2026/05/23 07:44:00.273,n,3.549575,6.344363,5.117449,1.156805,OverRange,OverRange,OverRange,8.12856,10.704152,6.645736
2026/05/23 07:45:00.276,n,4.829506,6.344057,5.457834,1.383865,OverRange,OverRange,OverRange,8.159607,10.684656,15.371368
2026/05/23 07:46:00.279,n,6.596467,3.732642,4.981849,1.53262,OverRange,OverRange,OverRange,8.064392,10.670546,29.304288
2026/05/23 07:47:00.281,n,7.954148,5.030723,4.725419,1.222644,OverRange,OverRange,OverRange,8.240555,10.654256,37.725492
2026/05/23 07:48:00.282,n,9.235234,4.020999,5.393904,1.244392,OverRange,OverRange,OverRange,8.108974,10.648836,43.447612
2026/05/23 07:49:00.268,n,10.307446,3.8153,5.012525,1.372683,OverRange,OverRange,OverRange,8.159851,10.630382,48.903792
2026/05/23 07:50:00.272,n,11.737488,4.993018,5.386149,0.912368,OverRange,OverRange,OverRange,8.224056,10.62713,54.347424
2026/05/23 07:51:00.271,n,13.347152,4.805113,4.479453,1.179069,OverRange,OverRange,OverRange,8.138275,10.614124,60.089428
2026/05/23 07:52:00.274,n,14.871624,6.185828,5.578707,1.175345,OverRange,OverRange,OverRange,8.190425,10.610888,65.51838
2026/05/23 07:53:00.259,n,16.47128,6.113239,5.38049,1.357857,OverRange,OverRange,OverRange,8.16802,10.6076,70.817912
2026/05/23 07:54:00.278,n,18.125722,6.467494,5.077171,1.376964,OverRange,OverRange,OverRange,8.155055,10.6076,76.087048
2026/05/23 07:55:00.280,n,19.761816,3.99603,4.609833,1.055539,OverRange,OverRange,OverRange,8.11816,10.601122,81.119264
2026/05/23 07:56:00.286,n,21.514022,5.230731,5.187373,1.312776,OverRange,OverRange,OverRange,8.211273,10.60218,82.925104
2026/05/23 07:57:00.284,n,23.431352,6.285991,6.262945,0.077241,OverRange,OverRange,OverRange,8.181829,10.60978,67.828736
2026/05/23 07:58:00.270,n,25.24604,6.294063,4.909196,1.185893,OverRange,OverRange,OverRange,8.168773,10.613018,59.298832
2026/05/23 07:59:00.272,n,27.257802,3.926236,4.727181,1.47061,OverRange,OverRange,OverRange,8.133144,10.616304,75.562752
2026/05/23 08:00:00.257,n,29.224526,6.503747,5.495991,1.220317,OverRange,OverRange,OverRange,8.307973,10.626038,103.04576
2026/05/23 08:01:00.259,n,31.068084,3.87702,5.262725,1.082921,OverRange,OverRange,OverRange,8.221268,10.633654,113.15462
2026/05/23 08:02:00.262,n,33.277558,6.278848,5.155218,1.312602,OverRange,OverRange,OverRange,8.370885,10.655362,118.5185
2026/05/23 08:03:00.263,n,35.470476,3.968192,5.544125,0.935157,OverRange,OverRange,OverRange,8.292526,10.656436,123.96964
2026/05/23 08:04:00.268,n,37.891904,4.053054,4.339222,1.12744,OverRange,OverRange,OverRange,8.313878,10.674858,129.5364
2026/05/23 08:05:00.271,n,39.984104,6.187752,4.583088,0.86022,OverRange,OverRange,OverRange,8.369624,10.69115,134.80476
2026/05/23 08:06:00.270,n,42.474292,6.291705,5.515524,1.055226,OverRange,OverRange,OverRange,8.394018,10.721484,140.62782
2026/05/23 08:07:00.271,n,44.961928,6.100135,5.391336,0.961139,OverRange,OverRange,OverRange,8.48201,10.745392,146.01642
2026/05/23 08:08:00.274,n,47.27904,4.034712,3.942072,0.271671,OverRange,OverRange,OverRange,8.407262,10.770308,151.18208
2026/05/23 08:09:00.259,n,49.670444,5.160925,5.151935,1.375452,OverRange,OverRange,OverRange,8.593842,10.789852,156.26274
2026/05/23 08:10:00.262,n,52.077372,3.85526,4.911322,0.997773,OverRange,OverRange,OverRange,8.57486,10.822352,161.20964
2026/05/23 08:11:00.265,n,54.215632,6.279446,4.439453,0.980552,OverRange,OverRange,OverRange,8.700898,10.84621,166.12862
2026/05/23 08:12:00.264,n,56.77318,6.470845,4.676739,1.315255,OverRange,OverRange,OverRange,8.671632,10.886312,171.1819
2026/05/23 08:13:00.268,n,59.186908,3.819613,4.296343,0.72051,OverRange,OverRange,OverRange,8.695094,10.915574,175.92872
2026/05/23 08:14:00.268,n,61.552532,4.844868,4.072152,0.396041,OverRange,OverRange,OverRange,8.821116,10.95024,180.68644
2026/05/23 08:15:00.270,n,63.971772,6.141915,6.154958,0.680888,OverRange,OverRange,OverRange,8.839138,10.991418,185.23486
2026/05/23 08:16:00.273,n,66.250388,6.121063,5.181472,1.212187,OverRange,OverRange,OverRange,8.820542,11.029322,189.40246
2026/05/23 08:17:00.260,n,68.830912,4.12159,5.171282,1.21281,OverRange,OverRange,OverRange,8.878774,11.065082,194.04114
2026/05/23 08:18:00.260,n,71.44376,6.232532,6.041304,0.319468,OverRange,OverRange,OverRange,9.07784,11.108064,199.29236
2026/05/23 08:19:00.263,n,73.743688,4.42372,5.024653,1.255629,OverRange,OverRange,OverRange,8.991548,11.143792,204.20146
2026/05/23 08:20:00.265,n,76.549248,6.12618,4.570449,0.833732,OverRange,OverRange,OverRange,9.147156,11.18598,209.86188
2026/05/23 08:21:00.265,n,79.27448,4.002268,3.850254,0.145714,OverRange,OverRange,OverRange,9.222006,11.235802,215.68164
2026/05/23 08:22:00.268,n,82.21168,3.705874,4.354222,1.093488,OverRange,OverRange,OverRange,9.376176,11.273644,221.36126
2026/05/23 08:23:00.269,n,84.926792,3.62004,4.368007,0.957709,OverRange,OverRange,OverRange,9.600906,11.320212,226.62684
2026/05/23 08:24:00.271,n,87.87924,3.772191,4.470401,1.08735,OverRange,OverRange,OverRange,9.706244,11.378598,231.98326
2026/05/23 08:25:00.257,n,90.956424,3.577029,5.081033,1.458841,OverRange,OverRange,OverRange,9.771104,11.422904,237.67414
2026/05/23 08:26:00.258,n,93.846136,6.39259,5.147175,1.244988,OverRange,OverRange,OverRange,9.914216,11.481276,242.7443
2026/05/23 08:27:00.260,n,96.975152,4.503579,5.133762,1.3472,OverRange,OverRange,OverRange,9.985478,11.528548,247.65198
2026/05/23 08:28:00.262,n,99.81252,3.426283,4.864091,1.351223,OverRange,OverRange,OverRange,10.14203,11.581484,252.28034
2026/05/23 08:29:00.264,n,103.25228,5.771869,5.352163,1.026321,OverRange,OverRange,OverRange,10.31453,11.645246,257.30068
2026/05/23 08:30:00.267,n,107.00046,6.358526,5.508779,1.109701,OverRange,OverRange,OverRange,10.323136,11.715424,262.45108
2026/05/23 08:31:00.272,n,110.93482,3.627543,4.581625,1.204398,OverRange,OverRange,OverRange,10.467036,11.786692,267.90806
2026/05/23 08:32:00.270,n,114.78398,5.952349,4.917263,1.216048,OverRange,OverRange,OverRange,10.735296,11.851418,273.66556
2026/05/23 08:33:00.273,n,119.551,6.41024,5.879572,0.599973,OverRange,OverRange,OverRange,10.798004,11.92002,280.03256
2026/05/23 08:34:00.257,n,123.77402,4.130777,4.621012,1.238806,OverRange,OverRange,OverRange,10.763596,11.998734,285.97452
2026/05/23 08:35:00.260,n,127.91776,6.177289,4.963315,1.07448,OverRange,OverRange,OverRange,11.104132,12.07468,291.72938
2026/05/23 08:36:00.263,n,131.99824,4.157663,4.632172,0.770827,OverRange,OverRange,OverRange,11.019344,12.153382,297.27326
2026/05/23 08:37:00.263,n,136.17278,3.603255,4.255289,1.141995,OverRange,OverRange,OverRange,11.154506,12.241738,303.3937
2026/05/23 08:38:00.266,n,139.81458,6.312476,5.797475,1.032671,OverRange,OverRange,OverRange,11.258932,12.335422,308.23934
2026/05/23 08:39:00.270,n,142.94848,4.063557,5.033297,1.053434,OverRange,OverRange,OverRange,11.185186,12.433406,313.3422
2026/05/23 08:40:00.269,n,144.94252,3.960443,4.52272,1.176866,OverRange,OverRange,OverRange,11.379578,12.512488,316.84826
2026/05/23 08:41:00.272,n,146.36592,6.650888,5.407602,1.245051,OverRange,OverRange,OverRange,11.586014,12.599634,319.94108
2026/05/23 08:42:00.273,n,148.69238,4.063285,4.337557,1.143955,OverRange,OverRange,OverRange,11.565018,12.698538,323.74466
2026/05/23 08:43:00.261,n,151.33742,3.986445,4.959832,1.169592,OverRange,OverRange,OverRange,11.816136,12.806026,328.50532
2026/05/23 08:44:00.263,n,154.0129,3.985714,4.951622,1.170607,OverRange,OverRange,OverRange,11.930706,12.901662,333.86392
2026/05/23 08:45:00.263,n,156.47512,4.030673,4.473319,0.934946,OverRange,OverRange,OverRange,11.864436,12.989208,338.108
2026/05/23 08:46:00.265,n,158.27492,5.481019,4.838294,1.1132,OverRange,OverRange,OverRange,11.995006,13.088742,340.79148
2026/05/23 08:47:00.266,n,160.49684,6.139935,5.428073,0.969437,OverRange,OverRange,OverRange,12.000804,13.19458,344.04872
2026/05/23 08:48:00.269,n,162.81744,5.240949,5.306653,0.958866,OverRange,OverRange,OverRange,12.040502,13.297752,347.97292
2026/05/23 08:49:00.270,n,165.4227,4.075726,4.302103,0.846939,OverRange,OverRange,OverRange,12.18161,13.3992,352.55008
2026/05/23 08:50:00.273,n,168.01142,3.887729,4.919997,0.968035,OverRange,OverRange,OverRange,12.36551,13.50596,356.67644
2026/05/23 08:51:00.275,n,171.3633,4.114541,4.717067,1.138499,OverRange,OverRange,OverRange,12.247294,13.595672,362.12524
2026/05/23 08:52:00.260,n,173.83526,4.141869,5.274058,1.011284,OverRange,OverRange,OverRange,12.29886,13.704506,366.16328
2026/05/23 08:53:00.262,n,176.49726,4.978285,4.952978,0.974421,OverRange,OverRange,OverRange,12.464996,13.798718,369.3162
2026/05/23 08:54:00.266,n,180.38642,3.888474,3.983568,0.096469,OverRange,OverRange,OverRange,12.53621,13.894544,376.29588
2026/05/23 08:55:00.269,n,183.15172,3.935913,3.989017,0.074023,OverRange,OverRange,OverRange,12.667466,14.001042,382.69688
2026/05/23 08:56:00.268,n,183.98246,5.799397,5.000071,1.200123,OverRange,OverRange,OverRange,12.736028,14.112952,384.3452
2026/05/23 08:57:00.270,n,187.40386,3.863574,4.759433,1.328428,OverRange,OverRange,OverRange,12.624512,14.214292,392.11412
2026/05/23 08:58:00.272,n,189.68622,5.853994,5.313023,1.040363,OverRange,OverRange,OverRange,12.664186,14.319548,397.41112
2026/05/23 08:59:00.275,n,193.07322,3.785692,5.616907,0.902362,OverRange,OverRange,OverRange,12.592036,14.428682,404.34444
2026/05/23 09:00:00.276,n,191.30306,4.778435,5.140435,1.023338,OverRange,OverRange,OverRange,12.52328,14.523172,400.10484
2026/05/23 09:01:00.265,n,189.09514,3.70884,4.593373,1.142687,OverRange,OverRange,OverRange,12.756826,14.625064,390.635
2026/05/23 09:02:00.263,n,167.44832,6.216918,5.974737,0.908688,OverRange,OverRange,OverRange,12.971074,14.714624,337.33412
2026/05/23 09:03:00.264,n,125.55022,5.992053,5.95794,0.048128,OverRange,OverRange,OverRange,13.026002,14.79612,240.57092
2026/05/23 09:04:00.269,n,102.33018,5.930847,5.981901,0.180687,OverRange,OverRange,OverRange,13.028494,14.88831,176.21166
2026/05/23 09:05:00.270,n,109.83154,3.779742,4.724067,0.998154,OverRange,OverRange,OverRange,12.577504,14.973982,179.11278
2026/05/23 09:06:00.273,n,106.61902,4.057315,3.971663,0.144473,OverRange,OverRange,OverRange,12.328212,15.056496,166.26778
2026/05/23 09:07:00.272,n,99.72412,5.858497,5.112198,0.990467,OverRange,OverRange,OverRange,12.400152,15.117764,137.71034
2026/05/23 09:08:00.276,n,109.5004,4.16616,4.476774,0.675531,OverRange,OverRange,OverRange,11.876654,15.173392,155.4126
2026/05/23 09:09:00.277,n,143.17596,4.135387,4.224914,0.301961,OverRange,OverRange,OverRange,11.88502,15.23339,220.8657
2026/05/23 09:10:00.262,n,142.3139,4.352721,4.784034,0.988309,OverRange,OverRange,OverRange,12.14734,15.283906,210.08662
2026/05/23 09:11:00.264,n,145.88298,4.037583,5.36936,1.170637,OverRange,OverRange,OverRange,12.203944,15.329844,207.88848
2026/05/23 09:12:00.267,n,145.78316,6.38737,5.096612,1.012048,OverRange,OverRange,OverRange,12.22897,15.366232,203.74474
2026/05/23 09:13:00.270,n,162.05582,4.325819,5.271266,1.192043,OverRange,OverRange,OverRange,12.056148,15.40795,243.84736
2026/05/23 09:14:00.270,n,153.5437,5.934174,5.77331,0.318281,OverRange,OverRange,OverRange,12.033442,15.444288,240.73612
2026/05/23 09:15:00.272,n,155.46552,3.689911,4.588047,1.149297,OverRange,OverRange,OverRange,11.969982,15.48275,253.21172
2026/05/23 09:16:00.274,n,163.79584,6.385767,4.918875,1.111022,OverRange,OverRange,OverRange,12.170868,15.516418,290.78528
2026/05/23 09:17:00.276,n,169.76954,6.257148,5.496023,1.164511,OverRange,OverRange,OverRange,12.149252,15.538858,293.61648
2026/05/23 09:18:00.279,n,228.75566,4.010697,4.428153,1.013055,OverRange,OverRange,OverRange,12.138902,15.568746,441.722
2026/05/23 09:19:00.264,n,213.04328,3.596516,4.690966,1.212668,OverRange,OverRange,OverRange,12.212128,15.59759,406.58336
2026/05/23 09:20:00.265,n,211.68892,4.153695,5.029854,1.293194,OverRange,OverRange,OverRange,12.356816,15.62536,417.75188
2026/05/23 09:21:00.267,n,75.06852,6.063648,5.205927,1.239754,OverRange,OverRange,OverRange,12.346192,15.6574,117.05018
2026/05/23 09:22:00.269,n,142.88264,4.008247,4.622349,1.194108,OverRange,OverRange,OverRange,11.970302,15.688366,245.4153
2026/05/23 09:23:00.273,n,136.11208,3.694479,4.084342,0.68472,OverRange,OverRange,OverRange,11.894268,15.712958,247.30146
2026/05/23 09:24:00.273,n,277.73236,5.652256,4.868281,1.270377,OverRange,OverRange,OverRange,11.87581,15.737356,524.98748
2026/05/23 09:25:00.275,n,241.14402,4.745923,4.529176,0.766108,OverRange,OverRange,OverRange,11.657318,15.746614,472.36788
2026/05/23 09:26:00.279,n,200.43822,4.185265,4.683509,1.036276,OverRange,OverRange,OverRange,11.694154,15.763808,369.99364
2026/05/23 09:27:00.281,n,116.21262,4.083098,4.257429,0.724524,OverRange,OverRange,OverRange,11.736918,15.78742,212.4782
2026/05/23 09:28:00.265,n,114.14658,5.144568,5.338056,0.711199,OverRange,OverRange,OverRange,11.697206,15.805692,171.62694
2026/05/23 09:29:00.267,n,298.1108,5.91808,4.889192,1.152242,OverRange,OverRange,OverRange,11.58334,15.819676,537.28664
2026/05/23 09:30:00.269,n,306.67798,4.110498,5.028945,1.166824,OverRange,OverRange,OverRange,11.756628,15.842232,560.23344
2026/05/23 09:31:00.272,n,308.62008,6.024289,4.495864,0.754583,OverRange,OverRange,OverRange,11.824142,15.850822,562.08832
2026/05/23 09:32:00.272,n,309.36396,5.874371,5.451352,1.125043,OverRange,OverRange,OverRange,12.094082,15.881966,562.0996
2026/05/23 09:33:00.274,n,304.8348,6.046602,4.782057,1.030174,OverRange,OverRange,OverRange,12.292562,15.902356,554.10712
2026/05/23 09:34:00.276,n,302.61044,4.530154,4.586882,1.034999,OverRange,OverRange,OverRange,12.45816,15.936728,551.53852
2026/05/23 09:35:00.278,n,303.26632,3.956784,5.015806,0.959361,OverRange,OverRange,OverRange,12.559586,15.968918,554.5208
2026/05/23 09:36:00.282,n,306.78394,5.855613,5.92693,0.391721,OverRange,OverRange,OverRange,12.608018,16.008654,559.16032
2026/05/23 09:37:00.266,n,313.00976,3.799768,5.69504,0.973561,OverRange,OverRange,OverRange,12.879532,16.052612,566.29744
2026/05/23 09:38:00.268,n,310.28336,6.353531,5.340729,1.007431,OverRange,OverRange,OverRange,13.209788,16.085424,559.52648
2026/05/23 09:39:00.272,n,309.5845,6.19823,5.437965,1.340824,OverRange,OverRange,OverRange,13.355,16.143986,553.50824
2026/05/23 09:40:00.272,n,309.36912,4.193207,4.818834,1.050553,OverRange,OverRange,OverRange,13.386978,16.193326,551.08452
2026/05/23 09:41:00.273,n,324.3173,3.999927,3.90832,0.192943,OverRange,OverRange,OverRange,13.63612,16.253358,576.44072
2026/05/23 09:42:00.276,n,335.23176,3.705244,4.349901,0.848284,OverRange,OverRange,OverRange,13.850474,16.318722,592.75176
2026/05/23 09:43:00.277,n,336.83436,5.815513,5.515737,0.608536,OverRange,OverRange,OverRange,13.758718,16.379848,594.00872
2026/05/23 09:44:00.281,n,335.87572,5.847,5.167901,1.006047,OverRange,OverRange,OverRange,14.078268,16.449452,593.49388
2026/05/23 09:45:00.283,n,310.41,4.345899,4.891102,0.94977,OverRange,OverRange,OverRange,14.052532,16.507808,557.71812
2026/05/23 09:46:00.266,n,255.42968,4.230178,4.610818,0.831725,OverRange,OverRange,OverRange,13.762706,16.575262,449.94312
2026/05/23 09:47:00.270,n,346.29872,3.938475,4.629135,0.924975,OverRange,OverRange,OverRange,13.840078,16.654458,625.38148
2026/05/23 09:48:00.271,n,272.26406,5.749906,5.217565,0.681427,OverRange,OverRange,OverRange,14.0654,16.717546,497.51684
2026/05/23 09:49:00.273,n,81.67936,5.895302,5.537529,0.86019,OverRange,OverRange,OverRange,14.081778,16.791394,127.38764
2026/05/23 09:50:00.275,n,76.874872,4.791414,4.374336,0.392056,OverRange,OverRange,OverRange,13.781398,16.85556,109.15296
2026/05/23 09:51:00.280,n,188.98222,4.925123,5.128034,0.737332,OverRange,OverRange,OverRange,13.425716,16.905776,307.71818
2026/05/23 09:52:00.280,n,350.68324,4.150643,4.164072,0.118862,OverRange,OverRange,OverRange,13.423158,16.948554,640.62676
2026/05/23 09:53:00.281,n,354.10448,6.222869,5.75378,0.770443,OverRange,OverRange,OverRange,13.503616,16.998768,647.7058
2026/05/23 09:54:00.282,n,258.40524,5.634829,4.867301,1.071454,OverRange,OverRange,OverRange,13.722286,17.032972,475.0752
2026/05/23 09:55:00.268,n,175.3197,5.616367,4.670187,0.900172,OverRange,OverRange,OverRange,13.30543,17.073536,242.6873
2026/05/23 09:56:00.270,n,246.01136,5.63501,4.398724,0.921697,OverRange,OverRange,OverRange,13.196366,17.10373,422.98372
2026/05/23 09:57:00.273,n,113.02252,5.967037,5.313418,0.85801,OverRange,OverRange,OverRange,13.238322,17.130436,153.1467
2026/05/23 09:58:00.276,n,110.07084,4.314109,4.78549,0.920363,OverRange,OverRange,OverRange,13.33903,17.15284,141.85424
2026/05/23 09:59:00.278,n,109.7742,5.754087,5.640837,0.919377,OverRange,OverRange,OverRange,13.24086,17.165654,139.18562
2026/05/23 10:00:00.264,n,105.89592,3.831377,5.486858,0.815834,OverRange,OverRange,OverRange,13.144384,17.171916,135.49768
2026/05/23 10:01:00.264,n,101.83686,6.105716,4.682528,1.076464,OverRange,OverRange,OverRange,13.22162,17.174066,134.05392
2026/05/23 10:02:00.269,n,104.62844,5.930643,4.784096,1.395205,OverRange,OverRange,OverRange,12.939856,17.168752,140.4013
2026/05/23 10:03:00.269,n,330.46432,5.959058,5.798586,1.035578,OverRange,OverRange,OverRange,12.710262,17.161252,527.15788
2026/05/23 10:04:00.271,n,430.1476,5.790168,5.595927,0.913832,OverRange,OverRange,OverRange,12.744786,17.151664,736.89608
2026/05/23 10:05:00.255,n,448.13572,3.795248,5.66168,0.94942,OverRange,OverRange,OverRange,12.970566,17.147392,758.99704
2026/05/23 10:06:00.260,n,268.32752,3.779657,5.637156,0.974578,OverRange,OverRange,OverRange,13.177058,17.143154,430.49528
2026/05/23 10:07:00.260,n,171.5977,4.186933,4.902336,0.990889,OverRange,OverRange,OverRange,13.194504,17.160208,213.93208
2026/05/23 10:08:00.262,n,179.72914,4.254634,4.194816,0.050781,OverRange,OverRange,OverRange,13.227692,17.163402,211.77838
2026/05/23 10:09:00.265,n,184.8708,6.10826,5.146345,1.086915,OverRange,OverRange,OverRange,13.188436,17.177294,211.771
2026/05/23 10:10:00.267,n,187.8274,3.70916,4.754238,0.837573,OverRange,OverRange,OverRange,13.049602,17.181598,215.85566
2026/05/23 10:11:00.269,n,196.36364,3.542968,4.500438,1.027918,OverRange,OverRange,OverRange,13.165172,17.196534,236.96052
2026/05/23 10:12:00.272,n,154.7949,4.369816,5.19406,0.967087,OverRange,OverRange,OverRange,13.096278,17.201818,177.14564
2026/05/23 10:13:00.272,n,145.38322,3.809766,5.173949,1.134609,OverRange,OverRange,OverRange,12.881048,17.210392,170.15378
2026/05/23 10:14:00.259,n,156.94406,5.86036,4.184119,0.843745,OverRange,OverRange,OverRange,12.988652,17.212512,195.01876
2026/05/23 10:15:00.259,n,158.21654,3.379163,4.532949,1.194714,OverRange,OverRange,OverRange,12.973414,17.2221,201.679
2026/05/23 10:16:00.265,n,149.18388,5.588044,4.765136,1.146645,OverRange,OverRange,OverRange,13.127956,17.215708,182.07696
2026/05/23 10:17:00.263,n,150.55878,4.063936,4.144717,0.466346,OverRange,OverRange,OverRange,13.12059,17.215708,179.74116
2026/05/23 10:18:00.265,n,156.59944,6.397005,4.453124,0.953651,OverRange,OverRange,OverRange,13.044638,17.211438,185.1923
2026/05/23 10:19:00.270,n,157.46136,5.762943,5.786865,0.082106,OverRange,OverRange,OverRange,12.959142,17.209284,188.51252
2026/05/23 10:20:00.270,n,165.57768,5.903337,5.379118,0.912783,OverRange,OverRange,OverRange,12.828706,17.209284,204.70434
2026/05/23 10:21:00.274,n,156.93432,6.164891,5.38724,1.062015,OverRange,OverRange,OverRange,12.679774,17.201818,194.41638
2026/05/23 10:22:00.259,n,156.6029,5.909164,5.604092,0.952824,OverRange,OverRange,OverRange,12.593044,17.184762,196.745
2026/05/23 10:23:00.260,n,227.89872,3.728554,4.546116,0.978543,OverRange,OverRange,OverRange,12.678508,17.170872,321.1615
2026/05/23 10:24:00.261,n,188.19176,6.395321,5.20369,1.185813,OverRange,OverRange,OverRange,12.665132,17.158056,258.6481
2026/05/23 10:25:00.264,n,473.60228,4.541658,4.456349,0.935254,OverRange,OverRange,OverRange,12.369528,17.149544,756.81544
2026/05/23 10:26:00.267,n,476.59016,4.028115,5.617827,0.837451,OverRange,OverRange,OverRange,12.417984,17.130306,807.47416
2026/05/23 10:27:00.267,n,447.48404,5.853264,5.72386,0.803266,OverRange,OverRange,OverRange,12.308726,17.119642,769.55376
2026/05/23 10:28:00.273,n,447.21348,4.021796,5.518612,0.736048,OverRange,OverRange,OverRange,12.396022,17.123884,773.90992
2026/05/23 10:29:00.271,n,383.98436,6.019181,4.682442,1.077225,OverRange,OverRange,OverRange,12.895494,17.129262,644.735
2026/05/23 10:30:00.273,n,194.23796,6.247677,5.327256,0.935109,OverRange,OverRange,OverRange,12.912038,17.141002,310.09268
2026/05/23 10:31:00.260,n,207.48168,4.138711,4.793151,0.818993,OverRange,OverRange,OverRange,12.58219,17.154862,332.27308
2026/05/23 10:32:00.260,n,184.0189,3.500018,4.390533,0.852454,OverRange,OverRange,OverRange,12.635382,17.165554,282.7851
2026/05/23 10:33:00.263,n,159.03652,5.280931,4.521747,0.862835,OverRange,OverRange,OverRange,12.790162,17.166632,233.0306
2026/05/23 10:34:00.265,n,123.27146,5.692627,4.944802,0.710263,OverRange,OverRange,OverRange,12.721344,17.170872,186.46026
2026/05/23 10:35:00.266,n,244.6361,6.390378,5.851874,0.63105,OverRange,OverRange,OverRange,12.729436,17.165554,405.41124
2026/05/23 10:36:00.268,n,474.88876,3.862989,5.246951,1.257193,OverRange,OverRange,OverRange,12.856166,17.154862,794.41792
2026/05/23 10:37:00.271,n,485.38756,5.693099,5.384911,0.808201,OverRange,OverRange,OverRange,12.789658,17.150588,829.37152
2026/05/23 10:38:00.273,n,318.32244,5.689595,5.475885,1.076892,OverRange,OverRange,OverRange,12.74226,17.15274,541.79112
2026/05/23 10:39:00.275,n,293.28412,6.049207,4.813956,1.055597,OverRange,OverRange,OverRange,12.894944,17.163402,486.99512
2026/05/23 10:40:00.260,n,439.6598,3.913802,5.69045,0.911054,OverRange,OverRange,OverRange,12.786122,17.170872,759.00712
2026/05/23 10:41:00.262,n,483.4878,4.254467,4.959811,1.159359,OverRange,OverRange,OverRange,12.953344,17.184762,831.2432
2026/05/23 10:42:00.263,n,488.66112,3.886168,4.525156,0.800747,OverRange,OverRange,OverRange,12.996522,17.199696,839.13664
2026/05/23 10:43:00.265,n,478.43412,4.7755,5.57305,0.410874,OverRange,OverRange,OverRange,13.540146,17.217862,824.53416
2026/05/23 10:44:00.268,n,478.43116,3.819832,5.42771,0.80149,OverRange,OverRange,OverRange,13.912938,17.24985,819.05032
2026/05/23 10:45:00.270,n,476.73428,6.186608,5.511016,1.119909,OverRange,OverRange,OverRange,14.147244,17.289372,813.7076
2026/05/23 10:46:00.272,n,473.5482,5.689505,5.194122,0.841182,OverRange,OverRange,OverRange,14.133302,17.332026,810.5164
2026/05/23 10:47:00.273,n,472.444,5.702012,5.712901,0.067838,OverRange,OverRange,OverRange,13.946,17.386484,810.15752
2026/05/23 10:48:00.276,n,475.5332,4.262518,4.677114,0.859174,OverRange,OverRange,OverRange,13.708272,17.439772,816.54136
2026/05/23 10:49:00.263,n,473.07552,3.846568,3.99881,0.202082,OverRange,OverRange,OverRange,14.064144,17.492014,814.42256
2026/05/23 10:50:00.262,n,470.60744,4.267096,4.664929,0.900285,OverRange,OverRange,OverRange,14.172196,17.541646,810.92824
2026/05/23 10:51:00.265,n,474.56212,5.515609,4.99196,0.900544,OverRange,OverRange,OverRange,14.275482,17.592784,813.35672
2026/05/23 10:52:00.266,n,480.01184,5.622191,5.536709,0.137631,OverRange,OverRange,OverRange,14.719162,17.641832,817.15648
2026/05/23 10:53:00.268,n,481.47536,5.535859,5.11838,0.87507,OverRange,OverRange,OverRange,14.720424,17.708918,817.37296
2026/05/23 10:54:00.270,n,488.22852,5.753351,5.277998,0.840078,OverRange,OverRange,OverRange,14.758938,17.762146,826.72616
2026/05/23 10:55:00.272,n,494.97608,4.989705,4.622408,0.732609,OverRange,OverRange,OverRange,14.921606,17.823916,836.1944
2026/05/23 10:56:00.274,n,497.82652,5.691642,5.231549,0.765591,OverRange,OverRange,OverRange,15.395986,17.879262,837.39288
2026/05/23 10:57:00.276,n,500.57004,4.372085,4.390775,0.733841,OverRange,OverRange,OverRange,15.369406,17.933504,841.0496
2026/05/23 10:58:00.264,n,493.5006,4.465801,5.22704,0.804818,OverRange,OverRange,OverRange,15.231868,17.999484,831.81048
2026/05/23 10:59:00.267,n,492.58456,6.049834,5.311076,0.978483,OverRange,OverRange,OverRange,15.267308,18.057904,833.45944
2026/05/23 11:00:00.265,n,491.32424,5.534509,5.54041,0.055021,OverRange,OverRange,OverRange,15.145116,18.123852,833.88152
2026/05/23 11:01:00.267,n,490.77552,5.35778,5.05913,0.456894,OverRange,OverRange,OverRange,15.209274,18.18338,832.61328
2026/05/23 11:02:00.270,n,490.11776,6.008811,5.668391,0.296875,OverRange,OverRange,OverRange,15.1494,18.242906,833.2292
2026/05/23 11:03:00.271,n,487.60036,5.644567,4.971657,0.908532,OverRange,OverRange,OverRange,14.853256,18.296892,832.63736
2026/05/23 11:04:00.274,n,486.46448,4.046586,5.009316,0.682262,OverRange,OverRange,OverRange,14.91212,18.349998,832.47896
2026/05/23 11:05:00.277,n,485.76792,4.210568,4.932843,0.784931,OverRange,OverRange,OverRange,15.022594,18.403136,831.66016
2026/05/23 11:06:00.280,n,484.14812,4.687566,4.733025,0.608109,OverRange,OverRange,OverRange,14.678422,18.428316,826.842
2026/05/23 11:07:00.265,n,488.30432,3.644004,4.18281,0.27845,OverRange,OverRange,OverRange,14.426982,18.461034,831.96248
2026/05/23 11:08:00.267,n,491.10116,4.273778,4.00808,0.238672,OverRange,OverRange,OverRange,14.494808,18.497408,834.28928
2026/05/23 11:09:00.270,n,493.17472,5.51667,5.346712,0.790013,OverRange,OverRange,OverRange,14.57745,18.533684,836.08856
2026/05/23 11:10:00.272,n,493.78956,3.79422,4.369937,0.740745,OverRange,OverRange,OverRange,14.717784,18.562552,837.07344
2026/05/23 11:11:00.272,n,494.32384,5.605583,5.181944,0.591495,OverRange,OverRange,OverRange,14.899002,18.60258,836.74592
2026/05/23 11:12:00.274,n,498.21516,3.853898,4.597019,0.837108,OverRange,OverRange,OverRange,15.359242,18.635688,843.832
2026/05/23 11:13:00.275,n,499.72032,5.594333,4.460759,0.912197,OverRange,OverRange,OverRange,15.660188,18.665572,847.09928
2026/05/23 11:14:00.278,n,498.59908,4.012307,4.959114,0.717052,OverRange,OverRange,OverRange,15.852986,18.709318,843.85152
2026/05/23 11:15:00.280,n,499.96508,5.581449,4.905716,0.745717,OverRange,OverRange,OverRange,15.982678,18.74987,843.73072
2026/05/23 11:16:00.266,n,503.86256,4.806545,4.818248,0.498355,OverRange,OverRange,OverRange,16.04011,18.800046,846.48664
2026/05/23 11:17:00.269,n,503.2836,4.302381,5.009734,0.653944,OverRange,OverRange,OverRange,15.955552,18.849112,844.7636
2026/05/23 11:18:00.270,n,505.43864,4.366695,4.326625,0.08766,OverRange,OverRange,OverRange,15.87077,18.896024,849.89456
2026/05/23 11:19:00.271,n,503.86804,4.220263,4.303138,0.337291,OverRange,OverRange,OverRange,15.769314,18.945094,849.30144
2026/05/23 11:20:00.276,n,502.96556,5.413963,5.16183,0.435514,OverRange,OverRange,OverRange,15.659698,19.002644,848.69256
2026/05/23 11:21:00.276,n,505.85664,5.423898,5.367822,0.721691,OverRange,OverRange,OverRange,16.096772,19.021958,853.1364
2026/05/23 11:22:00.276,n,508.09,5.786705,5.490963,0.162549,OverRange,OverRange,OverRange,16.005076,19.066688,858.21016
2026/05/23 11:23:00.279,n,508.5026,5.429435,4.631073,0.746599,OverRange,OverRange,OverRange,16.071754,19.117814,858.80648
2026/05/23 11:24:00.281,n,509.64204,3.751928,5.063931,0.934685,OverRange,OverRange,OverRange,16.117148,19.16571,860.1556
2026/05/23 11:25:00.266,n,511.603,4.550483,5.375691,0.428343,OverRange,OverRange,OverRange,16.407312,19.21563,862.904
2026/05/23 11:26:00.270,n,513.90376,4.522734,5.186755,0.672266,OverRange,OverRange,OverRange,15.861836,19.255044,866.3308
2026/05/23 11:27:00.271,n,515.36884,4.293472,4.822661,0.982372,OverRange,OverRange,OverRange,16.272044,19.30402,868.57736
2026/05/23 11:28:00.273,n,516.02716,4.364307,4.473359,0.249089,OverRange,OverRange,OverRange,15.630406,19.344512,869.1148
2026/05/23 11:29:00.275,n,517.1856,5.203939,4.703857,0.749082,OverRange,OverRange,OverRange,15.396862,19.392346,870.09832
2026/05/23 11:30:00.278,n,519.09308,6.07348,5.652165,0.340521,OverRange,OverRange,OverRange,15.450344,19.42403,872.76176
2026/05/23 11:31:00.278,n,520.11232,5.522604,4.900358,0.564861,OverRange,OverRange,OverRange,15.785864,19.45059,873.94552
2026/05/23 11:32:00.281,n,520.31524,4.371992,5.029315,0.502524,OverRange,OverRange,OverRange,15.86411,19.484658,874.53536
2026/05/23 11:33:00.283,n,520.40984,4.554773,5.087966,0.436236,OverRange,OverRange,OverRange,16.110606,19.512326,874.178
2026/05/23 11:34:00.268,n,522.07392,4.981996,5.350188,0.228407,OverRange,OverRange,OverRange,16.558116,19.537516,877.55288
2026/05/23 11:35:00.271,n,523.30988,4.261956,4.779742,0.693445,OverRange,OverRange,OverRange,16.362616,19.565122,880.17216
2026/05/23 11:36:00.273,n,524.5194,5.032595,4.571377,0.254827,OverRange,OverRange,OverRange,16.422186,19.6002,881.5188
2026/05/23 11:37:00.275,n,526.98436,5.317441,5.013102,0.592672,OverRange,OverRange,OverRange,16.094778,19.640632,885.65352
2026/05/23 11:38:00.277,n,528.52344,5.412803,5.300247,0.496398,OverRange,OverRange,OverRange,16.016806,19.671404,887.34576
2026/05/23 11:39:00.279,n,530.1512,6.009992,5.638535,0.306555,OverRange,OverRange,OverRange,15.868846,19.702304,888.23336
2026/05/23 11:40:00.263,n,529.38484,4.219773,4.601647,0.598881,OverRange,OverRange,OverRange,15.819168,19.738428,884.28384
2026/05/23 11:41:00.282,n,528.52092,4.297219,5.131475,0.548299,OverRange,OverRange,OverRange,15.979692,19.767048,881.57656
2026/05/23 11:42:00.284,n,528.49372,4.305797,4.491463,0.456291,OverRange,OverRange,OverRange,16.229578,19.79384,880.84712
2026/05/23 11:43:00.269,n,527.28264,4.547732,4.60574,0.765514,OverRange,OverRange,OverRange,16.545832,19.81081,878.31192
2026/05/23 11:44:00.274,n,527.29088,4.330644,4.349427,0.083186,OverRange,OverRange,OverRange,16.17389,19.845888,878.86088
2026/05/23 11:45:00.259,n,527.61072,5.148712,4.961903,0.542125,OverRange,OverRange,OverRange,15.613988,19.875588,879.564
2026/05/23 11:46:00.260,n,529.0276,4.813014,5.119214,0.607092,OverRange,OverRange,OverRange,15.5103,19.895916,881.63912
2026/05/23 11:47:00.263,n,529.41796,4.225126,4.927645,0.614313,OverRange,OverRange,OverRange,15.375072,19.913966,881.8396
2026/05/23 11:48:00.265,n,529.21492,5.255813,4.855998,0.736214,OverRange,OverRange,OverRange,15.612412,19.936252,880.498
2026/05/23 11:49:00.267,n,530.80452,4.456475,4.688586,0.591879,OverRange,OverRange,OverRange,15.35904,19.9543,882.23496
2026/05/23 11:50:00.271,n,532.377,4.373965,4.699054,0.676555,OverRange,OverRange,OverRange,15.779588,19.975512,884.95096
2026/05/23 11:51:00.270,n,533.2104,4.326924,5.198952,0.442673,OverRange,OverRange,OverRange,16.099356,19.996694,886.07376
2026/05/23 11:52:00.273,n,533.04784,4.700423,4.455842,0.420161,OverRange,OverRange,OverRange,16.25498,20.026454,885.0456
2026/05/23 11:53:00.257,n,532.89892,5.209979,4.779213,0.747832,OverRange,OverRange,OverRange,16.366348,20.051422,884.9096
2026/05/23 11:54:00.260,n,533.8504,4.061763,4.746556,0.573879,OverRange,OverRange,OverRange,15.6875,20.067378,887.57608
2026/05/23 11:55:00.262,n,534.95088,4.761231,4.285808,0.403054,OverRange,OverRange,OverRange,15.520294,20.096002,888.8108
2026/05/23 11:56:00.265,n,535.47008,5.622884,4.641652,0.659883,OverRange,OverRange,OverRange,15.297466,20.115062,890.23688
2026/05/23 11:57:00.267,n,536.3916,5.853012,5.008289,0.849372,OverRange,OverRange,OverRange,15.560492,20.128866,890.55832
2026/05/23 11:58:00.268,n,535.12376,5.588176,4.90392,0.635142,OverRange,OverRange,OverRange,15.7957,20.152168,887.36768
2026/05/23 11:59:00.271,n,534.96172,4.301465,4.318825,0.51979,OverRange,OverRange,OverRange,16.108634,20.17022,885.80056
2026/05/23 12:00:00.274,n,534.90216,5.475622,4.905228,0.621681,OverRange,OverRange,OverRange,16.329936,20.18399,884.69192
2026/05/23 12:01:00.257,n,533.46624,5.52255,5.082493,0.617667,OverRange,OverRange,OverRange,16.131226,20.204158,881.5156
2026/05/23 12:02:00.260,n,533.99104,4.517187,4.350492,0.284253,OverRange,OverRange,OverRange,16.242004,20.220052,881.13552
2026/05/23 12:03:00.261,n,534.64252,5.490466,5.01488,0.739778,OverRange,OverRange,OverRange,16.332912,20.23807,881.6088
2026/05/23 12:04:00.264,n,536.59064,4.193222,4.510631,0.199127,OverRange,OverRange,OverRange,16.22314,20.25181,884.98312
2026/05/23 12:05:00.267,n,536.88776,5.300345,4.794671,0.647074,OverRange,OverRange,OverRange,16.526282,20.27619,885.38424
2026/05/23 12:06:00.267,n,538.84876,4.111099,4.738054,0.459771,OverRange,OverRange,OverRange,16.317484,20.297372,887.98336
2026/05/23 12:07:00.270,n,538.4168,5.377751,5.005655,0.536426,OverRange,OverRange,OverRange,16.037166,20.323906,887.9204
2026/05/23 12:08:00.271,n,541.58012,5.401844,5.229295,0.565001,OverRange,OverRange,OverRange,16.198844,20.342934,892.17064
2026/05/23 12:09:00.273,n,542.19792,4.409748,5.497643,0.881695,OverRange,OverRange,OverRange,16.174424,20.363072,892.512
2026/05/23 12:10:00.259,n,541.753,4.596699,4.62564,0.32632,OverRange,OverRange,OverRange,15.631242,20.384254,892.9416
2026/05/23 12:11:00.262,n,541.78248,4.377253,5.045711,0.747022,OverRange,OverRange,OverRange,15.997784,20.399106,892.43952
2026/05/23 12:12:00.265,n,541.502,4.553531,4.401585,0.280133,OverRange,OverRange,OverRange,15.726532,20.397116,891.39632
2026/05/23 12:13:00.264,n,541.50584,5.516668,5.078304,0.683792,OverRange,OverRange,OverRange,15.195176,20.425118,891.90872
2026/05/23 12:14:00.266,n,542.4486,4.280725,4.787581,0.664428,OverRange,OverRange,OverRange,15.575604,20.427272,891.88944
2026/05/23 12:15:00.269,n,543.8128,4.540231,4.463994,0.105924,OverRange,OverRange,OverRange,15.565054,20.441014,893.25496
2026/05/23 12:16:00.270,n,543.44872,5.467987,4.374822,0.600776,OverRange,OverRange,OverRange,15.75882,20.447346,892.42464
2026/05/23 12:17:00.273,n,543.75908,4.339988,4.60873,0.55818,OverRange,OverRange,OverRange,15.438228,20.45371,892.95776
2026/05/23 12:18:00.274,n,545.06096,3.840203,4.458969,0.450819,OverRange,OverRange,OverRange,15.288244,20.466408,895.27432
2026/05/23 12:19:00.260,n,544.476,4.27838,5.200619,0.471107,OverRange,OverRange,OverRange,15.446514,20.465362,894.8896
2026/05/23 12:20:00.261,n,544.40312,5.54407,4.892452,0.699035,OverRange,OverRange,OverRange,15.548234,20.469604,894.33512
2026/05/23 12:21:00.263,n,545.16308,4.361105,4.228524,0.688354,OverRange,OverRange,OverRange,15.72847,20.481226,894.7656
2026/05/23 12:22:00.266,n,545.9284,4.313555,4.614954,0.736645,OverRange,OverRange,OverRange,16.1114,20.483346,895.7312
2026/05/23 12:23:00.267,n,544.54876,5.432588,5.221916,0.692035,OverRange,OverRange,OverRange,16.397776,20.489712,893.54752
2026/05/23 12:24:00.271,n,544.77776,5.279764,5.39903,0.688516,OverRange,OverRange,OverRange,16.181976,20.499242,893.68904
2026/05/23 12:25:00.271,n,544.61616,5.421316,5.125325,0.752129,OverRange,OverRange,OverRange,16.104304,20.506618,893.862
2026/05/23 12:26:00.275,n,545.27904,4.126666,5.159364,0.508641,OverRange,OverRange,OverRange,16.451076,20.52147,894.8992
2026/05/23 12:27:00.276,n,546.2868,5.110636,4.995993,0.612345,OverRange,OverRange,OverRange,16.256904,20.534198,897.34232
2026/05/23 12:28:00.260,n,547.11092,4.198581,5.17058,0.485108,OverRange,OverRange,OverRange,16.134004,20.544742,898.8328
2026/05/23 12:29:00.263,n,547.21868,4.274763,4.28213,0.219565,OverRange,OverRange,OverRange,15.724438,20.55215,899.41056
2026/05/23 12:30:00.265,n,547.54732,5.278815,4.928173,0.652239,OverRange,OverRange,OverRange,15.303768,20.56697,900.10184
2026/05/23 12:31:00.267,n,548.73476,4.235733,4.796471,0.713975,OverRange,OverRange,OverRange,15.245,20.573304,902.29296
2026/05/23 12:32:00.270,n,548.62408,4.856864,4.297171,0.323439,OverRange,OverRange,OverRange,15.921118,20.574412,901.35688
2026/05/23 12:33:00.271,n,548.32,4.355202,4.607903,0.771606,OverRange,OverRange,OverRange,16.018448,20.57229,901.3884
2026/05/23 12:34:00.275,n,547.57684,5.334695,5.035845,0.433921,OverRange,OverRange,OverRange,15.650116,20.574412,901.84456
2026/05/23 12:35:00.275,n,547.33472,5.950059,5.69879,0.812528,OverRange,OverRange,OverRange,15.51004,20.575458,902.576
2026/05/23 12:36:00.277,n,546.78792,5.285129,5.399163,0.619194,OverRange,OverRange,OverRange,15.315608,20.57229,901.67608
2026/05/23 12:37:00.263,n,545.54852,4.078681,4.650987,0.586996,OverRange,OverRange,OverRange,15.863922,20.562726,898.02728
2026/05/23 12:38:00.265,n,542.99324,4.207736,4.868804,0.500616,OverRange,OverRange,OverRange,15.39851,20.556428,893.31256
2026/05/23 12:39:00.266,n,542.62376,4.141909,4.279417,0.65418,OverRange,OverRange,OverRange,15.256068,20.554274,892.38664
2026/05/23 12:40:00.269,n,542.9068,4.52907,4.922258,0.718616,OverRange,OverRange,OverRange,15.139648,20.548984,892.17096
2026/05/23 12:41:00.270,n,545.54576,5.593188,4.643597,0.699725,OverRange,OverRange,OverRange,14.89742,20.53838,898.40888
2026/05/23 12:42:00.272,n,545.89308,4.425398,4.453775,0.338361,OverRange,OverRange,OverRange,14.875484,20.528844,900.0064
2026/05/23 12:43:00.274,n,541.69832,5.428026,5.382329,0.647924,OverRange,OverRange,OverRange,14.63852,20.50453,893.46824
2026/05/23 12:44:00.276,n,542.55236,5.432526,5.597362,0.30106,OverRange,OverRange,OverRange,14.116024,20.486544,895.30832
2026/05/23 12:45:00.277,n,485.94936,4.555336,5.055392,0.697847,OverRange,OverRange,OverRange,13.969646,20.466408,816.89424
2026/05/23 12:46:00.265,n,445.70944,5.36182,5.19773,0.937869,OverRange,OverRange,OverRange,13.875988,20.441014,756.32376
2026/05/23 12:47:00.267,n,530.42232,4.023743,4.829238,0.879307,OverRange,OverRange,OverRange,14.005006,20.406058,875.08512
2026/05/23 12:48:00.267,n,529.90584,5.256079,4.540939,0.687772,OverRange,OverRange,OverRange,14.228302,20.378542,872.34152
2026/05/23 12:49:00.270,n,531.11064,5.440958,5.230913,0.185298,OverRange,OverRange,OverRange,14.20458,20.341464,867.94968
2026/05/23 12:50:00.271,n,544.94592,5.572171,5.326485,0.980053,OverRange,OverRange,OverRange,14.142024,20.312844,895.53368
2026/05/23 12:51:00.273,n,551.87568,5.467164,4.812625,0.796963,OverRange,OverRange,OverRange,14.24464,20.28425,908.75896
2026/05/23 12:52:00.275,n,542.0152,5.488248,5.389094,0.082956,OverRange,OverRange,OverRange,14.405502,20.253506,898.02312
2026/05/23 12:53:00.279,n,559.51556,4.384164,4.578612,0.451458,OverRange,OverRange,OverRange,14.12639,20.23125,919.4908
2026/05/23 12:54:00.279,n,565.55096,5.746583,5.166231,0.836585,OverRange,OverRange,OverRange,14.139516,20.213234,929.9256
2026/05/23 12:55:00.264,n,549.213,5.85394,4.839868,0.7419,OverRange,OverRange,OverRange,14.05269,20.183532,917.07424
2026/05/23 12:56:00.266,n,516.575,5.379295,4.77569,0.70427,OverRange,OverRange,OverRange,14.171276,20.15811,851.49984
2026/05/23 12:57:00.268,n,525.72392,5.018507,4.901128,0.794714,OverRange,OverRange,OverRange,13.951756,20.14114,854.09664
2026/05/23 12:58:00.270,n,524.81812,5.307881,5.074739,0.749505,OverRange,OverRange,OverRange,14.407018,20.114604,868.12968
2026/05/23 12:59:00.272,n,386.0502,4.067323,4.6968,0.783431,OverRange,OverRange,OverRange,15.016888,20.095512,654.6852
2026/05/23 13:00:00.274,n,481.23232,4.156176,5.069921,0.677513,OverRange,OverRange,OverRange,14.949952,20.0775,782.73096
2026/05/23 13:01:00.276,n,503.34684,5.288314,4.977034,0.606562,OverRange,OverRange,OverRange,14.40801,20.061636,818.46488
2026/05/23 13:02:00.278,n,417.7018,5.628525,5.213433,0.427369,OverRange,OverRange,OverRange,14.141282,20.044666,678.91712
2026/05/23 13:03:00.280,n,189.27372,5.487217,5.071672,0.737479,OverRange,OverRange,OverRange,14.460984,20.023452,301.39456
2026/05/23 13:04:00.265,n,263.04202,4.529562,4.543121,0.324198,OverRange,OverRange,OverRange,14.59427,19.99268,411.56572
2026/05/23 13:05:00.268,n,258.8525,4.040331,4.167782,0.25501,OverRange,OverRange,OverRange,14.67185,19.958706,418.79652
2026/05/23 13:06:00.269,n,215.50716,4.868826,5.063123,0.447296,OverRange,OverRange,OverRange,14.242146,19.94748,323.75858
2026/05/23 13:07:00.271,n,208.32104,4.512295,4.229535,0.326998,OverRange,OverRange,OverRange,14.250606,19.900782,298.8894
2026/05/23 13:08:00.274,n,219.66528,4.729266,5.04579,0.620647,OverRange,OverRange,OverRange,14.337092,19.848762,305.18334
2026/05/23 13:09:00.276,n,235.30376,4.213465,4.277609,0.270213,OverRange,OverRange,OverRange,14.221096,19.79671,317.49302
2026/05/23 13:10:00.278,n,254.78614,5.531561,4.535766,0.866718,OverRange,OverRange,OverRange,14.003312,19.744662,338.28384
2026/05/23 13:11:00.279,n,331.16998,5.971926,5.319767,0.703537,OverRange,OverRange,OverRange,13.61614,19.678778,456.44528
2026/05/23 13:12:00.282,n,541.40352,4.167937,5.087982,0.873607,OverRange,OverRange,OverRange,13.718466,19.620336,785.67096
2026/05/23 13:13:00.268,n,494.57896,4.123797,4.761817,0.708594,OverRange,OverRange,OverRange,14.163574,19.569302,714.98144
2026/05/23 13:14:00.269,n,518.21984,4.557718,5.358782,0.547675,OverRange,OverRange,OverRange,14.22134,19.523614,761.30392
2026/05/23 13:15:00.270,n,375.49284,6.149087,4.792959,0.749664,OverRange,OverRange,OverRange,14.031602,19.494904,517.06268
2026/05/23 13:16:00.273,n,407.54848,6.143177,4.996435,0.896276,OverRange,OverRange,OverRange,13.947012,19.465144,587.81856
2026/05/23 13:17:00.275,n,326.05478,5.281533,4.834283,0.676009,OverRange,OverRange,OverRange,13.849014,19.43855,460.40196
2026/05/23 13:18:00.277,n,262.64084,4.664895,4.576553,0.592838,OverRange,OverRange,OverRange,14.207728,19.40765,346.12004
2026/05/23 13:19:00.280,n,252.11604,4.389987,5.429026,0.560484,OverRange,OverRange,OverRange,14.23346,19.383274,315.6686
2026/05/23 13:20:00.281,n,254.15862,4.249903,4.980823,0.731095,OverRange,OverRange,OverRange,13.867458,19.35874,309.66906
2026/05/23 13:21:00.282,n,274.22784,5.82919,5.438545,0.698693,OverRange,OverRange,OverRange,13.634308,19.353288,332.73376
2026/05/23 13:22:00.270,n,399.68424,5.607541,4.860232,0.621715,OverRange,OverRange,OverRange,13.933904,19.320268,513.58748
2026/05/23 13:23:00.273,n,636.72156,3.735487,4.337407,0.299849,OverRange,OverRange,OverRange,13.937164,19.28304,911.7876
2026/05/23 13:24:00.272,n,720.07672,5.122923,5.209342,0.565638,OverRange,OverRange,OverRange,14.123184,19.256382,1028.2764
2026/05/23 13:25:00.274,n,682.71848,5.637523,5.334778,0.580396,OverRange,OverRange,OverRange,14.204168,19.242582,971.9556
2026/05/23 13:26:00.278,n,555.70624,5.281833,4.712413,0.63439,OverRange,OverRange,OverRange,14.332036,19.24793,781.658
2026/05/23 13:27:00.277,n,462.40664,3.632298,4.940512,0.880596,OverRange,OverRange,OverRange,14.270956,19.252176,629.17792
2026/05/23 13:28:00.280,n,355.09952,5.601359,5.126667,0.779265,OverRange,OverRange,OverRange,13.671672,19.269204,478.38688
2026/05/23 13:29:00.282,n,304.27258,4.371793,4.473723,0.10549,OverRange,OverRange,OverRange,13.648708,19.273448,386.30656
2026/05/23 13:30:00.283,n,306.70748,4.249697,4.990972,0.909876,OverRange,OverRange,OverRange,13.81242,19.266006,386.97476
2026/05/23 13:31:00.270,n,296.68076,4.118536,5.2232,0.835724,OverRange,OverRange,OverRange,14.219066,19.269204,366.1698
2026/05/23 13:32:00.271,n,305.05216,5.970983,5.209148,0.740912,OverRange,OverRange,OverRange,14.467652,19.25746,371.2026
2026/05/23 13:33:00.274,n,320.16718,5.336669,4.930134,0.936181,OverRange,OverRange,OverRange,14.32839,19.24793,387.20512
2026/05/23 13:34:00.279,n,331.82346,5.58462,5.176266,0.677702,OverRange,OverRange,OverRange,13.786366,19.237262,403.66872
2026/05/23 13:35:00.279,n,306.91214,6.129518,5.120697,0.996855,OverRange,OverRange,OverRange,13.670172,19.226594,373.47844
2026/05/23 13:36:00.279,n,306.76856,5.109902,5.118262,0.765482,OverRange,OverRange,OverRange,13.568054,19.209562,381.70948
2026/05/23 13:37:00.267,n,325.2662,5.409744,5.325032,0.258976,OverRange,OverRange,OverRange,13.330618,19.184014,417.65196
2026/05/23 13:38:00.267,n,408.65636,4.464582,4.677853,0.436501,OverRange,OverRange,OverRange,13.239778,19.161664,554.03008
2026/05/23 13:39:00.270,n,595.34172,5.67083,4.689251,0.807192,OverRange,OverRange,OverRange,13.314158,19.129756,870.73832
2026/05/23 13:40:00.272,n,463.26784,6.055501,5.492937,0.770605,OverRange,OverRange,OverRange,13.288112,19.10946,694.41768
2026/05/23 13:41:00.256,n,302.85398,5.460144,5.232483,0.546046,OverRange,OverRange,OverRange,13.604712,19.089234,412.15752
2026/05/23 13:42:00.259,n,417.10948,5.511879,5.078624,0.680923,OverRange,OverRange,OverRange,13.20814,19.071094,620.2804
2026/05/23 13:43:00.262,n,394.49684,5.358351,5.448685,0.089401,OverRange,OverRange,OverRange,13.462392,19.050866,609.68208
2026/05/23 13:44:00.263,n,388.47268,4.279423,4.188491,0.419707,OverRange,OverRange,OverRange,13.507626,19.02956,605.68176
2026/05/23 13:45:00.265,n,436.70924,3.441374,4.553133,0.725608,OverRange,OverRange,OverRange,13.677476,19.010408,689.8052
2026/05/23 13:46:00.269,n,395.47484,4.090156,4.675812,0.928991,OverRange,OverRange,OverRange,13.515972,18.985876,617.59016
2026/05/23 13:47:00.268,n,333.85318,5.573247,5.672456,0.492525,OverRange,OverRange,OverRange,13.386754,18.969856,507.82524
2026/05/23 13:48:00.274,n,491.38612,5.687829,5.244789,0.715966,OverRange,OverRange,OverRange,13.499278,18.958144,806.42256
2026/05/23 13:49:00.272,n,310.92538,5.518401,5.805147,0.267411,OverRange,OverRange,OverRange,13.791188,18.93684,525.417
2026/05/23 13:50:00.258,n,284.94098,5.663626,5.290416,0.637892,OverRange,OverRange,OverRange,13.773266,18.925092,473.1268
2026/05/23 13:51:00.260,n,304.71882,5.542847,5.617609,0.349822,OverRange,OverRange,OverRange,13.866736,18.912304,496.9308
2026/05/23 13:52:00.262,n,450.09104,4.606724,4.89363,0.776599,OverRange,OverRange,OverRange,13.803578,18.92444,727.49808
2026/05/23 13:53:00.265,n,453.42928,3.871203,4.478703,0.571044,OverRange,OverRange,OverRange,13.73134,18.911654,744.10944
2026/05/23 13:54:00.267,n,511.1348,4.386365,4.970057,0.798447,OverRange,OverRange,OverRange,13.553412,18.895634,848.67504
2026/05/23 13:55:00.268,n,509.48376,4.600936,4.711457,0.729497,OverRange,OverRange,OverRange,13.555456,18.883954,854.08912
2026/05/23 13:56:00.270,n,509.76664,4.245649,4.339855,0.246162,OverRange,OverRange,OverRange,13.554428,18.875374,854.79832
2026/05/23 13:57:00.273,n,513.49272,5.315106,4.799692,0.764165,OverRange,OverRange,OverRange,13.59689,18.87113,863.07568
2026/05/23 13:58:00.257,n,511.41044,4.934695,4.441386,0.259094,OverRange,OverRange,OverRange,13.581436,18.873252,860.812
2026/05/23 13:59:00.262,n,509.84244,4.332165,5.066731,0.936078,OverRange,OverRange,OverRange,13.880382,18.874328,858.35248
2026/05/23 14:00:00.262,n,479.35852,4.323454,4.421747,0.753504,OverRange,OverRange,OverRange,14.238698,18.880724,815.05392
2026/05/23 14:01:00.263,n,503.87596,5.94245,5.043062,0.992447,OverRange,OverRange,OverRange,14.31515,18.895634,846.82104
2026/05/23 14:02:00.265,n,511.37516,4.676934,4.960578,0.673699,OverRange,OverRange,OverRange,14.046494,18.9095,860.8796
2026/05/23 14:03:00.268,n,498.49228,5.506615,4.980666,0.769329,OverRange,OverRange,OverRange,14.22257,18.92444,839.76376
2026/05/23 14:04:00.272,n,420.91384,5.528614,4.713671,0.586679,OverRange,OverRange,OverRange,13.94223,18.944668,719.26728
2026/05/23 14:05:00.273,n,447.18016,5.216096,4.957738,0.772348,OverRange,OverRange,OverRange,13.747006,18.957458,761.52496
2026/05/23 14:06:00.276,n,481.54492,5.113739,5.42971,0.173826,OverRange,OverRange,OverRange,13.723002,18.974554,804.02536
2026/05/23 14:07:00.259,n,483.69816,4.420505,4.564307,0.615483,OverRange,OverRange,OverRange,13.888692,18.984144,813.4
2026/05/23 14:08:00.261,n,479.3698,4.172332,5.422697,0.692251,OverRange,OverRange,OverRange,14.07577,18.99801,805.68536
2026/05/23 14:09:00.263,n,486.3484,4.733497,5.318774,0.320979,OverRange,OverRange,OverRange,14.116888,19.016118,817.49616
2026/05/23 14:10:00.266,n,491.1168,4.162677,4.81116,0.575416,OverRange,OverRange,OverRange,14.041932,19.031062,825.88696
2026/05/23 14:11:00.268,n,491.1566,6.118971,5.308707,0.776513,OverRange,OverRange,OverRange,14.068686,19.040622,828.54568
2026/05/23 14:12:00.566,n,494.06824,4.128688,4.433358,0.612744,OverRange,OverRange,OverRange,14.116136,19.060848,836.2412
2026/05/23 14:13:00.272,n,493.26188,5.471786,5.197888,0.736015,OverRange,OverRange,OverRange,14.053548,19.076836,836.84536
2026/05/23 14:14:00.275,n,492.68028,3.389959,4.960338,0.996177,OverRange,OverRange,OverRange,13.85458,19.094942,836.1292
2026/05/23 14:15:00.279,n,484.86084,4.359261,4.222563,0.311461,OverRange,OverRange,OverRange,13.781616,19.104536,824.89544
2026/05/23 14:16:00.261,n,461.16504,3.896141,4.675639,0.893246,OverRange,OverRange,OverRange,13.781094,19.121568,786.26936
2026/05/23 14:17:00.267,n,469.39388,5.517123,4.901697,0.923724,OverRange,OverRange,OverRange,13.666656,19.12907,796.8088
2026/05/23 14:18:00.265,n,451.66916,5.363195,4.464078,0.808027,OverRange,OverRange,OverRange,13.82958,19.142904,769.41704
2026/05/23 14:19:00.268,n,457.01428,5.624656,4.867834,0.790853,OverRange,OverRange,OverRange,13.7485,19.154618,767.9896
2026/05/23 14:20:00.270,n,475.78328,4.617714,4.899318,0.669283,OverRange,OverRange,OverRange,13.802812,19.157782,808.58736
2026/05/23 14:21:00.271,n,468.7384,5.758901,4.927579,0.862643,OverRange,OverRange,OverRange,14.102982,19.16421,794.98848
2026/05/23 14:22:00.273,n,468.66076,4.220811,4.964088,0.610211,OverRange,OverRange,OverRange,14.070964,19.17912,794.69184
2026/05/23 14:23:00.275,n,464.90812,3.3929,4.586674,0.925649,OverRange,OverRange,OverRange,13.990698,19.19403,790.44336
2026/05/23 14:24:00.276,n,461.34856,5.341779,5.319861,0.272756,OverRange,OverRange,OverRange,13.817964,19.195076,784.67776
2026/05/23 14:25:00.262,n,458.728,5.666727,5.129169,0.829793,OverRange,OverRange,OverRange,13.73283,19.20891,779.74832
2026/05/23 14:26:00.263,n,461.50712,5.508167,5.614561,0.196574,OverRange,OverRange,OverRange,13.681514,19.216382,784.35568
2026/05/23 14:27:00.266,n,460.1312,6.234079,5.31995,1.054103,OverRange,OverRange,OverRange,13.398922,19.228126,782.7924
2026/05/23 14:28:00.268,n,461.39244,4.26906,4.382516,0.091234,OverRange,OverRange,OverRange,13.543294,19.225974,785.6064
2026/05/23 14:29:00.270,n,460.36612,5.940046,5.016159,0.722295,OverRange,OverRange,OverRange,13.950314,19.229202,784.97952
2026/05/23 14:30:00.271,n,458.02592,5.590073,5.045132,0.94446,OverRange,OverRange,OverRange,13.984904,19.243006,781.83024
2026/05/23 14:31:00.273,n,454.80556,5.601717,4.690006,1.025813,OverRange,OverRange,OverRange,13.838206,19.240298,779.20848
2026/05/23 14:32:00.276,n,450.38768,3.954253,4.961328,0.980873,OverRange,OverRange,OverRange,13.726822,19.243464,773.92696
2026/05/23 14:33:00.277,n,446.67192,5.518825,4.852899,0.824881,OverRange,OverRange,OverRange,13.61816,19.25201,769.33544
2026/05/23 14:34:00.264,n,445.65684,5.519094,5.631539,0.255548,OverRange,OverRange,OverRange,13.577214,19.257328,769.23384
2026/05/23 14:35:00.266,n,441.0162,6.022876,5.423529,0.423831,OverRange,OverRange,OverRange,13.653554,19.263756,761.61776
2026/05/23 14:36:00.266,n,415.60228,6.094675,5.917324,0.22175,OverRange,OverRange,OverRange,13.476338,19.266922,723.86792
2026/05/23 14:37:00.269,n,320.82714,3.707085,5.064031,1.137611,OverRange,OverRange,OverRange,13.275244,19.267966,561.76976
2026/05/23 14:38:00.270,n,371.58684,4.469004,4.475341,0.921721,OverRange,OverRange,OverRange,13.094304,19.264768,650.4892
2026/05/23 14:39:00.274,n,404.50316,4.284416,4.204654,0.139476,OverRange,OverRange,OverRange,13.177048,19.250968,692.58472
2026/05/23 14:40:00.276,n,432.91612,5.433386,5.380502,0.715804,OverRange,OverRange,OverRange,13.611578,19.233902,749.15544
2026/05/23 14:41:00.276,n,430.9844,3.709612,4.659645,0.890018,OverRange,OverRange,OverRange,13.570622,19.228616,751.57832
2026/05/23 14:42:00.280,n,429.36732,4.182217,4.716512,0.867098,OverRange,OverRange,OverRange,13.517314,19.21899,745.84112
2026/05/23 14:43:00.268,n,436.87484,4.480857,4.798214,0.799263,OverRange,OverRange,OverRange,13.325094,19.213706,761.20272
2026/05/23 14:44:00.269,n,331.58694,5.980037,4.849561,1.047216,OverRange,OverRange,OverRange,13.471044,19.211552,594.25444
2026/05/23 14:45:00.268,n,199.31904,3.956031,5.460713,0.783769,OverRange,OverRange,OverRange,13.197816,19.207278,362.08468
2026/05/23 14:46:00.270,n,167.04684,6.072312,4.93275,0.694436,OverRange,OverRange,OverRange,13.250204,19.19664,280.59458
2026/05/23 14:47:00.271,n,383.16692,4.646832,4.318407,0.726051,OverRange,OverRange,OverRange,13.411846,19.173182,632.13332
2026/05/23 14:48:00.274,n,244.7046,5.021493,5.521895,0.319373,OverRange,OverRange,OverRange,13.373668,19.143394,408.61192
2026/05/23 14:49:00.277,n,187.92836,5.463826,4.924506,0.563487,OverRange,OverRange,OverRange,13.191992,19.119934,277.61444
2026/05/23 14:50:00.277,n,289.78266,3.626274,5.081465,0.982867,OverRange,OverRange,OverRange,12.838018,19.07416,444.25972
2026/05/23 14:51:00.281,n,171.91474,3.870556,4.744379,0.929261,OverRange,OverRange,OverRange,12.832332,19.03367,252.6969
2026/05/23 14:52:00.265,n,171.2165,4.082379,5.267165,0.696558,OverRange,OverRange,OverRange,12.801362,18.982516,247.92278
2026/05/23 14:53:00.267,n,166.9396,4.152679,5.011256,0.78578,OverRange,OverRange,OverRange,12.695028,18.92813,235.67064
2026/05/23 14:54:00.270,n,172.91752,4.121963,5.176764,0.803097,OverRange,OverRange,OverRange,12.622926,18.860922,238.01502
2026/05/23 14:55:00.271,n,192.55566,4.165951,4.263912,0.108331,OverRange,OverRange,OverRange,12.459584,18.798022,258.73368
2026/05/23 14:56:00.273,n,214.90838,6.214774,4.487801,0.871008,OverRange,OverRange,OverRange,12.47166,18.730816,286.22486
2026/05/23 14:57:00.275,n,299.54074,4.586904,4.985721,0.829465,OverRange,OverRange,OverRange,12.684962,18.6657,438.95448
2026/05/23 14:58:00.276,n,260.93674,4.362078,4.846677,0.736881,OverRange,OverRange,OverRange,12.538732,18.596316,371.37112
2026/05/23 14:59:00.279,n,322.24656,5.802304,4.543914,0.994819,OverRange,OverRange,OverRange,12.344296,18.537566,486.17472
2026/05/23 15:00:00.280,n,285.9974,4.167397,4.260079,0.763231,OverRange,OverRange,OverRange,12.415426,18.483088,462.57924
2026/05/23 15:01:00.266,n,371.135,4.011655,4.894239,1.093795,OverRange,OverRange,OverRange,12.51859,18.440356,596.31868
2026/05/23 15:02:00.270,n,411.10548,5.595968,5.458153,0.902575,OverRange,OverRange,OverRange,12.869782,18.438528,702.07936
2026/05/23 15:03:00.269,n,398.75948,5.914906,4.926271,1.037889,OverRange,OverRange,OverRange,12.62026,18.410146,685.05912
2026/05/23 15:04:00.272,n,397.42632,5.656801,4.743835,0.774703,OverRange,OverRange,OverRange,12.724366,18.403788,690.57376
2026/05/23 15:05:00.274,n,388.27976,5.210873,4.831545,0.682481,OverRange,OverRange,OverRange,12.83632,18.39844,679.08144
2026/05/23 15:06:00.278,n,383.84764,4.310298,4.720021,0.942911,OverRange,OverRange,OverRange,12.831782,18.405874,674.20376
2026/05/23 15:07:00.277,n,368.07372,5.770794,4.766635,1.040877,OverRange,OverRange,OverRange,12.968476,18.416508,644.94
2026/05/23 15:08:00.281,n,278.6536,4.235204,4.248444,0.125317,OverRange,OverRange,OverRange,13.01234,18.428874,485.04912
2026/05/23 15:09:00.281,n,256.36002,5.506674,4.858046,0.788585,OverRange,OverRange,OverRange,12.959138,18.449196,424.08064
2026/05/23 15:10:00.267,n,227.58684,4.104514,5.090023,0.784326,OverRange,OverRange,OverRange,12.725882,18.456664,387.66724
2026/05/23 15:11:00.269,n,265.53018,4.051074,5.034177,0.627167,OverRange,OverRange,OverRange,12.565578,18.45562,454.14768
2026/05/23 15:12:00.270,n,248.56684,5.402156,4.9565,0.872328,OverRange,OverRange,OverRange,12.810018,18.448148,423.16044
2026/05/23 15:13:00.272,n,155.55238,5.533776,5.121706,0.853699,OverRange,OverRange,OverRange,12.620774,18.433146,264.555
2026/05/23 15:14:00.275,n,196.01914,5.690857,4.906366,1.043282,OverRange,OverRange,OverRange,12.591004,18.417552,310.87332
2026/05/23 15:15:00.280,n,254.41752,4.246989,4.863158,0.728105,OverRange,OverRange,OverRange,12.59808,18.387834,437.73132
2026/05/23 15:16:00.279,n,133.05468,4.84224,4.470113,0.405825,OverRange,OverRange,OverRange,12.55068,18.357074,202.49304
2026/05/23 15:17:00.281,n,135.86754,5.630757,5.357976,0.669482,OverRange,OverRange,OverRange,12.444244,18.326252,200.90632
2026/05/23 15:18:00.283,n,134.86024,5.687972,5.419461,0.553779,OverRange,OverRange,OverRange,12.715536,18.279572,192.18812
2026/05/23 15:19:00.270,n,141.23924,5.726401,5.208825,0.947821,OverRange,OverRange,OverRange,12.512604,18.23071,198.50732
2026/05/23 15:20:00.275,n,154.32518,4.337914,4.415814,0.261337,OverRange,OverRange,OverRange,12.269634,18.182858,219.00382
2026/05/23 15:21:00.274,n,163.6003,4.145552,5.338232,0.724598,OverRange,OverRange,OverRange,12.169684,18.121178,232.40364
2026/05/23 15:22:00.261,n,237.83422,5.72116,5.142761,1.043182,OverRange,OverRange,OverRange,12.181042,18.063772,373.08632
2026/05/23 15:23:00.260,n,248.66016,5.609757,4.718775,0.813133,OverRange,OverRange,OverRange,12.1043,18.009564,390.10856
2026/05/23 15:24:00.279,n,188.988,5.906596,4.931523,1.016395,OverRange,OverRange,OverRange,12.123978,17.96067,280.87586
2026/05/23 15:25:00.264,n,175.73464,3.942335,5.630969,0.876914,OverRange,OverRange,OverRange,12.161102,17.95343,259.2819
2026/05/23 15:26:00.266,n,160.89366,6.481216,4.990952,1.166939,OverRange,OverRange,OverRange,12.042364,17.904506,248.09942
2026/05/23 15:27:00.269,n,153.2209,5.946801,5.578979,0.741134,OverRange,OverRange,OverRange,12.060528,17.861912,244.12252
2026/05/23 15:28:00.271,n,303.68396,3.794161,4.606111,0.908487,OverRange,OverRange,OverRange,12.18074,17.810804,521.38576
2026/05/23 15:29:00.272,n,327.16366,4.28365,4.795262,0.887508,OverRange,OverRange,OverRange,12.264542,17.772452,585.20436
2026/05/23 15:30:00.257,n,334.8122,5.680521,4.713015,0.954972,OverRange,OverRange,OverRange,12.223664,17.74375,599.89088
2026/05/23 15:31:00.259,n,327.4689,5.658551,5.074526,0.871335,OverRange,OverRange,OverRange,12.197902,17.728846,591.54828
2026/05/23 15:32:00.262,n,319.56878,4.30849,4.949359,0.736369,OverRange,OverRange,OverRange,12.431346,17.71391,578.42536
2026/05/23 15:33:00.263,n,314.8088,4.814048,4.744368,0.929983,OverRange,OverRange,OverRange,12.49465,17.71606,571.54176
2026/05/23 15:34:00.265,n,311.01536,3.749394,5.273627,1.098051,OverRange,OverRange,OverRange,12.741502,17.729924,565.17756
2026/05/23 15:35:00.267,n,309.3097,4.043201,4.771376,0.902952,OverRange,OverRange,OverRange,12.582448,17.736314,563.77172
2026/05/23 15:36:00.268,n,303.35818,3.939522,4.764577,0.968703,OverRange,OverRange,OverRange,12.591772,17.753338,553.72548
2026/05/23 15:37:00.270,n,299.23254,4.949377,5.035231,1.104704,OverRange,OverRange,OverRange,12.559002,17.76932,547.20704
2026/05/23 15:38:00.272,n,297.61416,4.005953,4.783651,0.984614,OverRange,OverRange,OverRange,12.572846,17.791662,544.78192
2026/05/23 15:39:00.259,n,297.08646,5.766255,5.106327,0.879847,OverRange,OverRange,OverRange,12.611684,17.810804,545.0074
2026/05/23 15:40:00.260,n,294.2305,6.131605,4.882372,1.052512,OverRange,OverRange,OverRange,12.673448,17.827862,540.91376
2026/05/23 15:41:00.262,n,291.30124,4.963948,4.915079,0.794706,OverRange,OverRange,OverRange,12.671932,17.844888,536.62456
2026/05/23 15:42:00.266,n,289.63754,5.718374,5.227422,0.646484,OverRange,OverRange,OverRange,12.631598,17.86514,534.67748
2026/05/23 15:43:00.265,n,288.92614,4.375339,4.846423,0.927885,OverRange,OverRange,OverRange,12.812164,17.883176,534.15596
2026/05/23 15:44:00.269,n,287.32888,5.899966,4.896278,1.041407,OverRange,OverRange,OverRange,12.899456,17.904506,532.92468
2026/05/23 15:45:00.269,n,284.40686,4.051949,5.045667,0.888452,OverRange,OverRange,OverRange,12.809134,17.932132,528.81452
2026/05/23 15:46:00.272,n,280.4993,3.936653,4.705117,0.926198,OverRange,OverRange,OverRange,12.675476,17.958748,522.82428
2026/05/23 15:47:00.257,n,277.16404,5.789667,4.966942,0.936619,OverRange,OverRange,OverRange,12.84288,17.971532,517.49016
2026/05/23 15:48:00.260,n,275.2432,5.746562,4.919276,1.042126,OverRange,OverRange,OverRange,13.08635,17.99704,514.79548
2026/05/23 15:49:00.262,n,273.23132,3.650034,4.994027,0.970924,OverRange,OverRange,OverRange,12.98701,18.022578,512.67756
2026/05/23 15:50:00.265,n,271.80704,3.797058,5.040397,1.151746,OverRange,OverRange,OverRange,13.165116,18.048086,511.03384
2026/05/23 15:51:00.265,n,269.09708,3.866321,4.719025,0.981048,OverRange,OverRange,OverRange,13.011424,18.066186,507.10576
2026/05/23 15:52:00.266,n,266.84732,6.245351,5.277112,0.862241,OverRange,OverRange,OverRange,12.863098,18.081028,504.27784
2026/05/23 15:53:00.271,n,264.2868,5.954409,4.855618,1.106732,OverRange,OverRange,OverRange,12.899324,18.103404,500.10572
2026/05/23 15:54:00.271,n,261.16574,5.66832,5.19897,1.055678,OverRange,OverRange,OverRange,12.969026,18.120396,495.12024
2026/05/23 15:55:00.256,n,258.15482,3.950719,4.431516,0.884265,OverRange,OverRange,OverRange,12.953568,18.132104,490.05196
2026/05/23 15:56:00.258,n,256.36948,4.358873,4.894092,0.858967,OverRange,OverRange,OverRange,12.975816,18.145936,487.20164
2026/05/23 15:57:00.260,n,252.50584,5.072524,4.685822,0.904706,OverRange,OverRange,OverRange,12.89037,18.160808,481.03068
2026/05/23 15:58:00.263,n,248.60034,4.088961,4.777491,0.853601,OverRange,OverRange,OverRange,12.83878,18.17141,474.32088
2026/05/23 15:59:00.264,n,246.20536,4.017076,5.146036,1.15486,OverRange,OverRange,OverRange,12.858944,18.182044,470.58284
2026/05/23 16:00:00.268,n,243.9643,4.036557,5.604977,0.78496,OverRange,OverRange,OverRange,12.881852,18.185272,467.74328
2026/05/23 16:01:00.270,n,241.2636,3.671734,5.29826,0.848513,OverRange,OverRange,OverRange,13.106634,18.19695,463.80664
2026/05/23 16:02:00.271,n,237.41612,4.021187,4.878407,1.077521,OverRange,OverRange,OverRange,12.910986,18.2023,458.027
2026/05/23 16:03:00.272,n,233.98572,3.940174,5.039292,0.935251,OverRange,OverRange,OverRange,13.025604,18.211822,452.26644
2026/05/23 16:04:00.258,n,232.61918,5.97799,4.924797,1.095225,OverRange,OverRange,OverRange,13.022228,18.225622,451.1028
2026/05/23 16:05:00.259,n,231.2602,3.920877,4.440478,0.980257,OverRange,OverRange,OverRange,12.999264,18.230938,450.27788
2026/05/23 16:06:00.261,n,229.60682,3.281889,5.104991,1.302448,OverRange,OverRange,OverRange,13.254994,18.24154,448.15316
2026/05/23 16:07:00.264,n,227.60182,5.919947,4.630196,1.119927,OverRange,OverRange,OverRange,13.15323,18.254326,445.68788
2026/05/23 16:08:00.265,n,225.25318,5.908283,4.701085,1.115802,OverRange,OverRange,OverRange,13.118282,18.270278,442.4622
2026/05/23 16:09:00.266,n,222.53142,5.925916,4.929299,1.178014,OverRange,OverRange,OverRange,13.135244,18.27132,438.1232
2026/05/23 16:10:00.270,n,219.86762,5.664945,4.932231,1.009848,OverRange,OverRange,OverRange,13.183594,18.283032,434.45948
2026/05/23 16:11:00.271,n,217.1162,5.833572,4.932759,1.185122,OverRange,OverRange,OverRange,12.941224,18.294708,430.42008
2026/05/23 16:12:00.275,n,214.26636,6.031532,4.928643,1.238952,OverRange,OverRange,OverRange,13.055984,18.304264,425.567
2026/05/23 16:13:00.260,n,210.87074,5.851434,4.832659,1.084313,OverRange,OverRange,OverRange,12.994686,18.310658,420.26112
2026/05/23 16:14:00.261,n,207.99552,5.842572,4.980318,1.0702,OverRange,OverRange,OverRange,13.047628,18.3255,415.8518
2026/05/23 16:15:00.262,n,205.11006,3.74429,4.678543,1.133054,OverRange,OverRange,OverRange,12.906896,18.32974,411.61876
2026/05/23 16:16:00.338,n,202.45256,5.833143,5.205524,0.928352,OverRange,OverRange,OverRange,13.01059,18.338254,407.60592
2026/05/23 16:17:00.267,n,199.00856,3.721432,4.625584,0.973219,OverRange,OverRange,OverRange,12.96401,18.34357,402.16592
2026/05/23 16:18:00.270,n,195.23112,3.775468,4.550895,1.072021,OverRange,OverRange,OverRange,12.973312,18.356294,395.98656
2026/05/23 16:19:00.275,n,192.16436,6.351859,5.044239,1.187244,OverRange,OverRange,OverRange,13.183868,18.351758,391.02744
2026/05/23 16:20:00.275,n,189.87224,5.858951,4.732985,1.000038,OverRange,OverRange,OverRange,13.176498,18.365554,388.55868
2026/05/23 16:21:00.275,n,186.63764,3.804278,4.57533,1.065862,OverRange,OverRange,OverRange,13.218502,18.374036,383.69236
2026/05/23 16:22:00.265,n,183.41192,5.994133,4.98304,1.073191,OverRange,OverRange,OverRange,13.115704,18.390086,378.61244
2026/05/23 16:23:00.262,n,181.21398,5.774459,4.925439,1.040455,OverRange,OverRange,OverRange,13.006308,18.402842,376.32492
2026/05/23 16:24:00.265,n,177.96206,6.221287,5.377823,0.964369,OverRange,OverRange,OverRange,12.995652,18.400688,371.32948
2026/05/23 16:25:00.266,n,176.08106,4.942522,5.471838,0.424967,OverRange,OverRange,OverRange,12.936076,18.415562,369.00428
2026/05/23 16:26:00.270,n,173.86182,4.193906,4.915493,0.930854,OverRange,OverRange,OverRange,12.84554,18.413442,366.1786
2026/05/23 16:27:00.273,n,171.08796,5.68155,5.036172,0.965906,OverRange,OverRange,OverRange,12.805238,18.412366,362.75212
2026/05/23 16:28:00.273,n,168.58892,4.290991,4.824697,0.925372,OverRange,OverRange,OverRange,12.71452,18.415562,359.10808
2026/05/23 16:29:00.276,n,165.03676,4.055949,4.17442,0.946052,OverRange,OverRange,OverRange,12.747548,18.399612,353.2778
2026/05/23 16:30:00.277,n,163.08224,5.770597,5.163069,1.044169,OverRange,OverRange,OverRange,12.769216,18.392236,351.12376
2026/05/23 16:31:00.263,n,160.37392,4.119186,4.354975,0.809696,OverRange,OverRange,OverRange,12.713002,18.38053,347.07932
2026/05/23 16:32:00.264,n,156.5354,5.844157,5.223199,0.946526,OverRange,OverRange,OverRange,12.738714,18.37521,340.34824
2026/05/23 16:33:00.266,n,153.47224,6.01296,4.876292,1.125975,OverRange,OverRange,OverRange,12.85524,18.362458,334.68066
2026/05/23 16:34:00.271,n,150.11422,4.766941,4.821946,1.067136,OverRange,OverRange,OverRange,12.949606,18.356096,328.94922
2026/05/23 16:35:00.273,n,148.02638,3.872657,4.859147,1.187726,OverRange,OverRange,OverRange,12.699642,18.344418,326.62442
2026/05/23 16:36:00.273,n,145.37746,6.012778,5.094136,1.008823,OverRange,OverRange,OverRange,12.55066,18.333784,322.95654
2026/05/23 16:37:00.275,n,143.1078,5.801187,5.756813,0.083341,OverRange,OverRange,OverRange,12.654776,18.329544,319.2366
2026/05/23 16:38:00.276,n,140.32908,3.721797,4.899797,1.25505,OverRange,OverRange,OverRange,12.60814,18.311474,314.79764
2026/05/23 16:39:00.278,n,136.8974,6.082116,5.043413,1.074634,OverRange,OverRange,OverRange,12.75032,18.298782,308.21154
2026/05/23 16:40:00.263,n,131.79912,6.082575,4.901183,1.211969,OverRange,OverRange,OverRange,12.71048,18.27856,298.05886
2026/05/23 16:41:00.266,n,127.84912,6.017698,4.894969,1.201756,OverRange,OverRange,OverRange,12.465134,18.26261,290.23202
2026/05/23 16:42:00.267,n,127.17142,6.107248,4.817347,0.970025,OverRange,OverRange,OverRange,12.4891,18.245648,290.58774
2026/05/23 16:43:00.271,n,123.74976,5.824288,5.227971,1.241484,OverRange,OverRange,OverRange,12.370778,18.225456,283.6473
2026/05/23 16:44:00.271,n,122.73606,5.967289,4.833648,1.024743,OverRange,OverRange,OverRange,12.296844,18.201026,283.53202
2026/05/23 16:45:00.273,n,119.1521,6.231148,5.268639,1.165386,OverRange,OverRange,OverRange,12.27212,18.175488,276.80456
2026/05/23 16:46:00.275,n,116.04106,5.694115,4.918172,0.972236,OverRange,OverRange,OverRange,12.276678,18.151056,270.23136
2026/05/23 16:47:00.279,n,113.41026,5.855862,4.90766,0.834103,OverRange,OverRange,OverRange,12.197638,18.123398,266.05588
2026/05/23 16:48:00.281,n,110.66846,3.68144,4.909549,1.134062,OverRange,OverRange,OverRange,12.160522,18.09577,261.27698
2026/05/23 16:49:00.265,n,107.87818,6.009197,5.066746,1.201657,OverRange,OverRange,OverRange,12.17391,18.06602,256.36054
2026/05/23 16:50:00.268,n,105.21552,5.760305,4.97637,1.013699,OverRange,OverRange,OverRange,12.170116,18.02985,251.2008
2026/05/23 16:51:00.269,n,102.848,4.196013,4.987418,1.096205,OverRange,OverRange,OverRange,12.233226,18.002192,247.20302
2026/05/23 16:52:00.272,n,100.14958,3.785791,4.543943,0.820018,OverRange,OverRange,OverRange,12.207458,17.974534,243.25414
2026/05/23 16:53:00.274,n,97.422784,6.204288,5.291868,0.963733,OverRange,OverRange,OverRange,12.30013,17.945832,238.4349
2026/05/23 16:54:00.276,n,94.266576,5.771837,5.679945,0.086168,OverRange,OverRange,OverRange,12.243338,17.92137,232.4813
2026/05/23 16:55:00.277,n,91.453192,5.846622,5.860191,0.053217,OverRange,OverRange,OverRange,12.19688,17.902194,227.4954
2026/05/23 16:56:00.279,n,88.642888,5.127642,5.233643,0.795543,OverRange,OverRange,OverRange,12.145864,17.878808,222.07496
2026/05/23 16:57:00.282,n,86.155392,5.775589,5.282763,1.140824,OverRange,OverRange,OverRange,12.118852,17.856434,217.1101
2026/05/23 16:58:00.269,n,83.435152,6.043117,5.121186,1.056325,OverRange,OverRange,OverRange,12.078186,17.833018,211.10588
2026/05/23 16:59:00.269,n,80.981392,6.328016,5.068247,1.321508,OverRange,OverRange,OverRange,12.120602,17.813838,205.5876
2026/05/23 17:00:00.271,n,78.83224,3.844566,4.752443,1.065852,OverRange,OverRange,OverRange,12.128454,17.777702,201.1314
2026/05/23 17:01:00.272,n,76.841896,5.919335,5.717561,0.704211,OverRange,OverRange,OverRange,12.097382,17.754252,198.11962
2026/05/23 17:02:00.274,n,74.673104,3.897868,5.133765,1.181386,OverRange,OverRange,OverRange,12.06279,17.746522,194.12398
2026/05/23 17:03:00.276,n,72.989408,6.021559,4.625419,0.857486,OverRange,OverRange,OverRange,12.106486,17.714562,190.5757
2026/05/23 17:04:00.280,n,70.656,3.306357,4.88805,1.315945,OverRange,OverRange,OverRange,12.087536,17.677314,185.88682
2026/05/23 17:05:00.281,n,68.259712,4.848634,4.523824,0.880239,OverRange,OverRange,OverRange,12.11253,17.654912,181.17372
2026/05/23 17:06:00.283,n,65.597604,3.746974,4.620584,1.095217,OverRange,OverRange,OverRange,12.05065,17.621908,175.18188
2026/05/23 17:07:00.269,n,63.035044,6.108125,5.139165,1.079185,OverRange,OverRange,OverRange,12.05746,17.58463,169.2684
2026/05/23 17:08:00.270,n,60.80902,4.071228,4.866749,1.154923,OverRange,OverRange,OverRange,11.98724,17.557954,164.40692
2026/05/23 17:09:00.272,n,58.456496,4.839366,5.102844,1.034215,OverRange,OverRange,OverRange,12.024654,17.521724,159.77956
2026/05/23 17:10:00.274,n,56.006588,6.444756,5.531345,0.934749,OverRange,OverRange,OverRange,11.983456,17.48334,154.59392
2026/05/23 17:11:00.276,n,53.767224,4.181455,4.958159,0.938276,OverRange,OverRange,OverRange,11.926846,17.452458,149.8438
2026/05/23 17:12:00.278,n,51.604452,6.101458,5.347302,0.881449,OverRange,OverRange,OverRange,11.922038,17.41192,145.52694
2026/05/23 17:13:00.280,n,49.455156,6.441783,5.074809,1.30376,OverRange,OverRange,OverRange,11.931142,17.372492,141.2831
2026/05/23 17:14:00.282,n,47.176272,6.166759,4.943699,1.239121,OverRange,OverRange,OverRange,11.90891,17.337306,136.49226
2026/05/23 17:15:00.285,n,44.451036,6.101709,4.667817,1.048723,OverRange,OverRange,OverRange,11.881088,17.293544,129.91436
2026/05/23 17:16:00.270,n,40.019132,5.833266,5.650077,0.762916,OverRange,OverRange,OverRange,11.78655,17.256176,115.47624
2026/05/23 17:17:00.272,n,38.813104,6.161552,5.540528,1.11052,OverRange,OverRange,OverRange,11.760264,17.218806,113.75368
2026/05/23 17:18:00.257,n,37.685208,3.640374,4.94149,1.337708,OverRange,OverRange,OverRange,11.70158,17.17397,113.2379
2026/05/23 17:19:00.260,n,35.468548,3.822763,5.422338,0.955772,OverRange,OverRange,OverRange,11.781494,17.162816,107.26484
2026/05/23 17:20:00.262,n,31.79183,4.635313,4.923964,1.107041,OverRange,OverRange,OverRange,11.764018,17.108392,91.185648
2026/05/23 17:21:00.264,n,26.208684,6.121346,4.981184,1.407289,OverRange,OverRange,OverRange,11.670956,17.061372,61.653292
2026/05/23 17:22:00.265,n,25.314042,5.848224,5.426413,0.898018,OverRange,OverRange,OverRange,11.625656,17.000462,44.328228
2026/05/23 17:23:00.268,n,24.369746,6.167821,5.510807,0.968719,OverRange,OverRange,OverRange,11.562938,16.947054,48.844152
2026/05/23 17:24:00.269,n,23.416598,4.006472,4.601095,0.99919,OverRange,OverRange,OverRange,11.48729,16.88507,67.1372
2026/05/23 17:25:00.272,n,24.192306,6.038748,4.820778,1.053841,OverRange,OverRange,OverRange,11.482718,16.82413,78.064048
2026/05/23 17:26:00.257,n,22.705298,3.858714,5.700707,0.917092,OverRange,OverRange,OverRange,11.464244,16.764236,74.798008
2026/05/23 17:27:00.258,n,20.896638,5.99043,5.318724,1.024554,OverRange,OverRange,OverRange,11.457902,16.707538,70.923792
2026/05/23 17:28:00.260,n,19.29724,5.87783,5.430338,0.989836,OverRange,OverRange,OverRange,11.428294,16.645522,66.78396
2026/05/23 17:29:00.262,n,17.647672,3.50497,4.476105,1.080672,OverRange,OverRange,OverRange,11.383748,16.613898,62.487488
2026/05/23 17:30:00.266,n,16.177984,3.620719,4.254019,0.944115,OverRange,OverRange,OverRange,11.372742,16.560396,57.28182
2026/05/23 17:31:00.267,n,14.649664,3.698614,4.767063,1.094093,OverRange,OverRange,OverRange,11.363374,16.501516,52.260868
2026/05/23 17:32:00.267,n,12.965714,3.574708,4.664267,1.203367,OverRange,OverRange,OverRange,11.329686,16.44906,46.687124
2026/05/23 17:33:00.270,n,11.38915,4.299491,4.600948,1.017824,OverRange,OverRange,OverRange,11.29601,16.394418,41.1626
2026/05/23 17:34:00.275,n,10.051742,3.729944,4.515117,1.215254,OverRange,OverRange,OverRange,11.264338,16.340824,36.398308
2026/05/23 17:35:00.259,n,8.775532,5.532639,5.323691,1.057234,OverRange,OverRange,OverRange,11.251434,16.28299,32.159164
2026/05/23 17:36:00.259,n,7.537041,3.919569,3.841185,0.263636,OverRange,OverRange,OverRange,11.204072,16.230408,28.065156
2026/05/23 17:37:00.263,n,6.344484,3.650115,4.301084,0.975015,OverRange,OverRange,OverRange,11.201268,16.171468,23.632078
2026/05/23 17:38:00.270,n,5.228522,6.364697,5.368478,1.351692,OverRange,OverRange,OverRange,11.154408,16.111388,18.720002
2026/05/23 17:39:00.265,n,3.999527,6.155067,5.03858,1.231592,OverRange,OverRange,OverRange,11.108776,16.048116,11.035726
2026/05/23 17:40:00.267,n,2.954002,3.842335,4.649183,1.17203,OverRange,OverRange,OverRange,11.066214,15.981584,5.800706
2026/05/23 17:41:00.270,n,2.112989,3.793442,4.564482,1.229648,OverRange,OverRange,OverRange,11.046682,15.970728,4.161327
2026/05/23 17:42:00.272,n,2.128129,3.878858,4.851184,1.29195,OverRange,OverRange,OverRange,11.047618,15.895576,3.706902
2026/05/23 17:43:00.259,n,1.523446,3.754085,4.686972,1.359784,OverRange,OverRange,OverRange,10.997666,15.82577,2.811874
2026/05/23 17:44:00.260,n,1.032438,3.753183,4.886902,1.32276,OverRange,OverRange,OverRange,10.988308,15.75701,1.998072
2026/05/23 17:45:00.261,n,0.488442,4.486666,5.056579,1.029159,OverRange,OverRange,OverRange,10.975098,15.68962,1.349198
2026/05/23 17:46:00.262,n,-0.022838,6.464156,4.711523,1.284911,OverRange,OverRange,OverRange,10.954056,15.619136,0.81858
2026/05/23 17:47:00.268,n,-0.441099,4.975134,5.672432,0.669864,OverRange,OverRange,OverRange,10.901846,15.550788,0.151873
2026/05/23 17:48:00.267,n,-0.882326,4.061153,3.989615,0.164072,OverRange,OverRange,OverRange,10.904364,15.48661,-0.285488
2026/05/23 17:49:00.270,n,-1.356398,6.29125,5.32639,1.034109,OverRange,OverRange,OverRange,10.929968,15.41507,-0.691877
2026/05/23 17:50:00.270,n,-1.719233,5.033765,5.76841,0.506998,OverRange,OverRange,OverRange,10.856924,15.37547,-1.178212
2026/05/23 17:51:00.272,n,-1.968266,5.309885,4.606005,0.888435,OverRange,OverRange,OverRange,10.873638,15.304864,-1.513187
2026/05/23 17:52:00.260,n,-2.149683,6.056609,6.218277,0.232788,OverRange,OverRange,OverRange,10.880982,15.241752,-1.847735
2026/05/23 17:53:00.262,n,-2.570895,4.022842,4.243388,0.90854,OverRange,OverRange,OverRange,10.829484,15.173278,-2.157368
2026/05/23 17:54:00.262,n,-2.948485,3.745113,4.189338,0.438538,OverRange,OverRange,OverRange,10.827718,15.148054,-2.437652
2026/05/23 17:55:00.264,n,-3.006862,5.990027,4.713449,1.274262,OverRange,OverRange,OverRange,10.841772,15.083838,-2.546608
2026/05/23 17:56:00.268,n,-3.053949,3.536564,5.377339,0.969411,OverRange,OverRange,OverRange,10.80421,15.027068,-2.965198
2026/05/23 17:57:00.268,n,-3.279245,4.078126,4.214659,0.660171,OverRange,OverRange,OverRange,10.792024,14.971376,-3.008029
2026/05/23 17:58:00.270,n,-3.527892,6.225395,5.430578,1.405358,OverRange,OverRange,OverRange,10.822454,14.918892,-3.352731
2026/05/23 17:59:00.272,n,-3.893935,5.864862,5.199749,1.196605,OverRange,OverRange,OverRange,10.778834,14.855674,-3.715008
2026/05/23 18:00:00.275,n,-4.001965,5.689462,5.966151,0.148407,OverRange,OverRange,OverRange,10.756512,14.802068,-3.995206
2026/05/23 18:01:00.259,n,-4.248174,4.1501,4.479859,0.903724,OverRange,OverRange,OverRange,10.729854,14.765832,-4.162863
2026/05/23 18:02:00.471,n,-3.865195,6.23772,5.695205,1.115074,OverRange,OverRange,OverRange,10.807628,14.711676,-4.001605
2026/05/23 18:03:00.265,n,-4.169012,6.486725,5.023431,1.168018,OverRange,OverRange,OverRange,10.752508,14.656996,-4.153308
2026/05/23 18:04:00.265,n,-4.350816,4.345483,4.536249,1.20936,OverRange,OverRange,OverRange,10.729672,14.60548,-4.301341
2026/05/23 18:05:00.268,n,-4.456279,6.086805,5.432335,1.195792,OverRange,OverRange,OverRange,10.770752,14.563674,-4.439734
2026/05/23 18:06:00.270,n,-4.535184,3.639455,5.606481,0.968816,OverRange,OverRange,OverRange,10.727864,14.522896,-4.663704
2026/05/23 18:07:00.272,n,-4.514912,4.776847,5.345852,0.932212,OverRange,OverRange,OverRange,10.74438,14.479952,-4.663619
2026/05/23 18:08:00.273,n,-4.661047,3.560817,4.939399,1.271372,OverRange,OverRange,OverRange,10.703766,14.43699,-4.876327
2026/05/23 18:09:00.276,n,-4.807439,3.942381,4.852686,1.202959,OverRange,OverRange,OverRange,10.708074,14.427818,-4.969669
2026/05/23 18:10:00.263,n,-4.427282,6.210976,6.133822,0.153809,OverRange,OverRange,OverRange,10.751278,14.40975,-4.775306
2026/05/23 18:11:00.262,n,-4.641289,3.687822,4.183872,0.436027,OverRange,OverRange,OverRange,10.682588,14.367884,-4.905933
2026/05/23 18:12:00.265,n,-4.629228,5.840781,5.781261,0.899354,OverRange,OverRange,OverRange,10.77802,14.336718,-4.878545
2026/05/23 18:13:00.268,n,-4.55353,6.013135,5.173518,1.452995,OverRange,OverRange,OverRange,10.708476,14.304478,-4.909773
2026/05/23 18:14:00.269,n,-4.483093,4.424571,4.726535,1.246845,OverRange,OverRange,OverRange,10.676744,14.26362,-4.868819
2026/05/23 18:15:00.270,n,-4.533003,3.469516,5.048233,1.506689,OverRange,OverRange,OverRange,10.686636,14.233564,-4.853205
2026/05/23 18:16:00.273,n,-4.533003,3.948029,4.991884,1.128509,OverRange,OverRange,OverRange,10.676484,14.195932,-4.810458
2026/05/23 18:17:00.276,n,-4.638209,3.300147,5.083606,1.343367,OverRange,OverRange,OverRange,10.67978,14.164738,-4.896292
2026/05/23 18:18:00.277,n,-4.685039,4.769016,4.938658,1.148327,OverRange,OverRange,OverRange,10.698578,14.12929,-4.866771
2026/05/23 18:19:00.261,n,-4.664639,4.691394,4.862475,0.982196,OverRange,OverRange,OverRange,10.6539,14.092736,-4.847488
2026/05/23 18:20:00.264,n,-4.650013,5.921606,5.343188,1.280772,OverRange,OverRange,OverRange,10.678752,14.060434,-4.913698
2026/05/23 18:21:00.268,n,-4.705439,3.87422,5.476962,0.819585,OverRange,OverRange,OverRange,10.673436,14.028164,-4.87863
2026/05/23 18:22:00.269,n,-4.71442,6.209342,5.388064,1.38559,OverRange,OverRange,OverRange,10.68485,13.992684,-4.991682
2026/05/23 18:23:00.272,n,-4.629485,6.269306,5.089243,1.388271,OverRange,OverRange,OverRange,10.704666,13.962532,-4.960539
2026/05/23 18:24:00.272,n,-4.626405,6.346468,4.81797,1.21774,OverRange,OverRange,OverRange,10.696528,13.925982,-5.046203
2026/05/23 18:25:00.273,n,-4.609085,6.089822,5.082495,0.9961,OverRange,OverRange,OverRange,10.69247,13.892636,-5.129989
2026/05/23 18:26:00.275,n,-4.658866,5.353282,4.846933,0.971927,OverRange,OverRange,OverRange,10.673178,13.890554,-5.06779
2026/05/23 18:27:00.279,n,-4.389562,6.004236,5.839543,0.511969,OverRange,OverRange,OverRange,10.747982,13.856086,-4.849365
2026/05/23 18:28:00.266,n,-4.386226,4.26983,4.583075,0.865373,OverRange,OverRange,OverRange,10.660666,13.83346,-4.884517
2026/05/23 18:29:00.264,n,-4.415735,6.151815,6.180912,0.079672,OverRange,OverRange,OverRange,10.734524,13.806568,-4.81225
2026/05/23 18:30:00.267,n,-4.509267,5.93089,5.808963,0.751918,OverRange,OverRange,OverRange,10.681722,13.775342,-4.888272
2026/05/23 18:31:00.270,n,-4.573931,5.917543,5.096697,1.264759,OverRange,OverRange,OverRange,10.69364,13.748436,-4.884517
2026/05/23 18:32:00.271,n,-4.535953,4.027374,5.444029,1.178404,OverRange,OverRange,OverRange,10.652258,13.725826,-5.018986
2026/05/23 18:33:00.272,n,-4.608957,6.331755,5.504444,0.893692,OverRange,OverRange,OverRange,10.68428,13.695644,-4.909858
2026/05/23 18:34:00.277,n,-4.559304,3.567413,4.092888,1.168611,OverRange,OverRange,OverRange,10.60552,13.67193,-5.011221
2026/05/23 18:35:00.279,n,-4.729047,6.26604,4.499579,1.378033,OverRange,OverRange,OverRange,10.677156,13.657466,-4.977945
2026/05/23 18:36:00.279,n,-4.283842,4.117224,4.637124,1.255002,OverRange,OverRange,OverRange,10.617926,13.63375,-4.867027
2026/05/23 18:37:00.266,n,-4.257668,6.295469,4.377308,0.986483,OverRange,OverRange,OverRange,10.68396,13.618034,-4.642885
2026/05/23 18:38:00.269,n,-4.506059,3.926015,3.935569,0.749181,OverRange,OverRange,OverRange,10.642132,13.588896,-4.857215
2026/05/23 18:39:00.268,n,-4.465259,3.508575,4.098932,0.415042,OverRange,OverRange,OverRange,10.646714,13.570638,-4.804486
2026/05/23 18:40:00.272,n,-4.564949,3.421104,4.96798,1.188276,OverRange,OverRange,OverRange,10.64976,13.547998,-4.954482
2026/05/23 18:41:00.273,n,-4.599975,6.186572,4.719273,1.248773,OverRange,OverRange,OverRange,10.64085,13.528582,-4.917452
2026/05/23 18:42:00.274,n,-4.526844,6.268914,5.349656,1.377461,OverRange,OverRange,OverRange,10.641872,13.516726,-5.018814
2026/05/23 18:43:00.278,n,-4.483094,3.372061,4.555527,1.213293,OverRange,OverRange,OverRange,10.614696,13.497326,-5.0032
2026/05/23 18:44:00.280,n,-4.605749,6.347716,5.135741,1.46351,OverRange,OverRange,OverRange,10.66269,13.484364,-4.966256
2026/05/23 18:45:00.280,n,-4.526844,6.250839,4.707182,1.363467,OverRange,OverRange,OverRange,10.630194,13.471432,-4.888357
2026/05/23 18:46:00.266,n,-4.518248,3.969792,5.039667,1.404042,OverRange,OverRange,OverRange,10.630956,13.461724,-4.954652
2026/05/23 18:47:00.268,n,-4.603055,6.290344,5.534006,1.282582,OverRange,OverRange,OverRange,10.659378,13.447686,-4.939039
2026/05/23 18:48:00.270,n,-4.670285,4.17686,5.005409,1.177721,OverRange,OverRange,OverRange,10.621318,13.45174,-4.995436
2026/05/23 18:49:00.273,n,-4.237526,6.565569,5.967146,1.045177,OverRange,OverRange,OverRange,10.68861,13.442668,-4.72889
2026/05/23 18:50:00.277,n,-4.310529,3.939246,5.522169,1.413425,OverRange,OverRange,OverRange,10.626034,13.422148,-4.964805
2026/05/23 18:51:00.280,n,-4.366211,3.491417,5.196451,1.145107,OverRange,OverRange,OverRange,10.631104,13.41029,-4.871036
2026/05/23 18:52:00.279,n,-4.415735,6.19431,5.830701,0.952811,OverRange,OverRange,OverRange,10.688492,13.401644,-4.875132
2026/05/23 18:53:00.280,n,-4.3104,6.091879,6.159545,0.073184,OverRange,OverRange,OverRange,10.658534,13.382246,-4.943305
2026/05/23 18:54:00.284,n,-4.260619,6.186767,6.263229,0.394044,OverRange,OverRange,OverRange,10.620448,13.367148,-4.93153
2026/05/23 18:55:00.268,n,-4.474369,3.546615,5.484299,1.175849,OverRange,OverRange,OverRange,10.569398,13.354216,-4.960881
2026/05/23 18:56:00.270,n,-4.497848,4.103012,5.392959,0.961047,OverRange,OverRange,OverRange,10.59937,13.341234,-4.890575
2026/05/23 18:57:00.272,n,-4.612036,3.612695,4.979417,1.538343,OverRange,OverRange,OverRange,10.631078,13.3207,-4.921718
2026/05/23 18:58:00.274,n,-4.550451,3.808791,4.706336,0.995243,OverRange,OverRange,OverRange,10.622726,13.309916,-4.962758
2026/05/23 18:59:00.275,n,-4.515425,5.324183,4.943985,1.241587,OverRange,OverRange,OverRange,10.650894,13.300242,-4.853631
2026/05/23 19:00:00.277,n,-4.456792,6.136177,5.458208,1.340272,OverRange,OverRange,OverRange,10.672486,13.281888,-4.943134
2026/05/23 19:01:00.282,n,-4.415992,3.695094,4.976632,1.381363,OverRange,OverRange,OverRange,10.625758,13.270034,-5.00175
2026/05/23 19:02:00.282,n,-4.489252,6.400254,5.066522,1.309643,OverRange,OverRange,OverRange,10.641256,13.248436,-4.779571
2026/05/23 19:03:00.284,n,-4.474498,3.859427,4.786103,1.29437,OverRange,OverRange,OverRange,10.55238,13.24518,-4.878972
2026/05/23 19:04:00.269,n,-4.559176,6.450558,5.008312,1.411184,OverRange,OverRange,OverRange,10.659796,13.22901,-4.826243
2026/05/23 19:05:00.271,n,-4.693892,6.342226,5.708575,1.250322,OverRange,OverRange,OverRange,10.65675,13.210654,-5.095178
2026/05/23 19:06:00.259,n,-4.661689,5.703408,5.275423,1.33539,OverRange,OverRange,OverRange,10.610784,13.200914,-5.151831
2026/05/23 19:07:00.259,n,-4.576881,4.016199,5.129549,1.516159,OverRange,OverRange,OverRange,10.556946,13.184712,-5.073847
2026/05/23 19:08:00.261,n,-5.010411,4.357805,4.398766,0.944807,OverRange,OverRange,OverRange,10.640762,13.169646,-5.153794
2026/05/23 19:09:00.264,n,-4.749574,6.381587,4.845301,1.229286,OverRange,OverRange,OverRange,10.663876,13.159894,-5.097225
2026/05/23 19:10:00.265,n,-4.54455,6.35879,5.748598,1.33767,OverRange,OverRange,OverRange,10.658276,13.154502,-5.023251
2026/05/23 19:11:00.267,n,-4.62076,3.564683,4.638025,1.077726,OverRange,OverRange,OverRange,10.583116,13.140448,-5.065997
2026/05/23 19:12:00.269,n,-4.71442,3.567466,4.590893,1.26287,OverRange,OverRange,OverRange,10.652176,13.130742,-5.105075
2026/05/23 19:13:00.272,n,-4.591636,5.602998,5.318258,1.18528,OverRange,OverRange,OverRange,10.659536,13.118886,-5.081697
2026/05/23 19:14:00.257,n,-4.620632,6.274833,4.757551,1.324789,OverRange,OverRange,OverRange,10.674774,13.144422,-5.081526
2026/05/23 19:15:00.259,n,-4.228929,6.185324,5.168924,0.876425,OverRange,OverRange,OverRange,10.677922,13.134322,-4.737166
2026/05/23 19:16:00.263,n,-4.354664,6.227468,5.454598,1.01587,OverRange,OverRange,OverRange,10.666958,13.119212,-4.961051
2026/05/23 19:17:00.264,n,-4.369419,6.231287,5.526701,1.158753,OverRange,OverRange,OverRange,10.657818,13.109472,-5.003968
2026/05/23 19:18:00.265,n,-4.384045,3.703071,4.670931,1.390475,OverRange,OverRange,OverRange,10.638738,13.10405,-5.039121
2026/05/23 19:19:00.267,n,-4.310785,6.169115,5.088472,1.321389,OverRange,OverRange,OverRange,10.720028,13.108398,-4.824621
2026/05/23 19:20:00.436,n,-4.275631,6.083478,5.982749,0.088475,OverRange,OverRange,OverRange,10.688554,13.10405,-4.910455
2026/05/23 19:21:00.373,n,-4.290514,6.085409,5.940917,1.145493,OverRange,OverRange,OverRange,10.686244,13.106232,-4.849962
2026/05/23 19:22:00.325,n,-4.258054,6.124549,5.198681,1.33216,OverRange,OverRange,OverRange,10.678132,13.10405,-4.746637
2026/05/23 19:23:00.318,n,-4.266778,3.969172,4.87571,1.329464,OverRange,OverRange,OverRange,10.647676,13.108398,-4.719334
2026/05/23 19:24:00.320,n,-4.301932,3.378675,5.359533,1.315728,OverRange,OverRange,OverRange,10.712906,13.101868,-4.750561
2026/05/23 19:25:00.263,n,-4.331442,5.772596,5.524678,1.053732,OverRange,OverRange,OverRange,10.723842,13.105158,-4.703891
2026/05/23 19:26:00.264,n,-4.287178,6.24387,5.167708,1.257569,OverRange,OverRange,OverRange,10.721028,13.109472,-4.740835
2026/05/23 19:27:00.267,n,-4.28705,6.708978,5.016927,1.231703,OverRange,OverRange,OverRange,10.736516,13.102486,-4.875303
2026/05/23 19:28:00.268,n,-4.284483,6.029856,5.95558,0.12318,OverRange,OverRange,OverRange,10.77944,13.099278,-4.869501
2026/05/23 19:29:00.441,n,-4.246506,6.272285,5.412341,1.267763,OverRange,OverRange,OverRange,10.749472,13.096054,-4.908322
2026/05/23 19:30:00.408,n,-4.448452,3.585675,4.714163,1.104849,OverRange,OverRange,OverRange,10.740342,13.09278,-4.949277
2026/05/23 19:31:00.258,n,-4.439599,3.631915,5.007366,1.091644,OverRange,OverRange,OverRange,10.734756,13.09278,-4.943475
2026/05/23 19:32:00.261,n,-4.422022,6.263733,5.2537,1.301345,OverRange,OverRange,OverRange,10.7916,13.081966,-4.869416
2026/05/23 19:33:00.263,n,-4.471931,6.021179,5.364971,1.352591,OverRange,OverRange,OverRange,10.793132,13.075534,-5.011647
2026/05/23 19:34:00.265,n,-4.547757,6.425204,4.997007,1.461468,OverRange,OverRange,OverRange,10.767726,13.069004,-4.982382
2026/05/23 19:35:00.417,n,-4.419199,4.47481,4.727443,0.851365,OverRange,OverRange,OverRange,10.749726,13.063582,-4.877095
2026/05/23 19:36:00.268,n,-4.413169,6.074636,5.58268,0.9856,OverRange,OverRange,OverRange,10.789094,13.05933,-4.789554
2026/05/23 19:37:00.269,n,-4.354664,6.362797,5.576875,0.970001,OverRange,OverRange,OverRange,10.749486,13.062508,-4.826499
2026/05/23 19:38:00.272,n,-4.512731,3.784875,5.234061,1.223806,OverRange,OverRange,OverRange,10.730444,13.050618,-5.023337
2026/05/23 19:39:00.278,n,-4.477448,4.31423,5.751727,0.73667,OverRange,OverRange,OverRange,10.760402,13.044154,-5.019412
2026/05/23 19:40:00.261,n,-4.591764,6.207001,4.840483,1.160643,OverRange,OverRange,OverRange,10.763692,13.034448,-4.955164
2026/05/23 19:41:00.262,n,-4.53313,6.165641,5.456978,0.958542,OverRange,OverRange,OverRange,10.752274,13.03772,-4.93955
2026/05/23 19:42:00.264,n,-4.401366,5.107518,5.505678,0.988709,OverRange,OverRange,OverRange,10.733506,13.030132,-5.056442
2026/05/23 19:43:00.265,n,-4.480399,3.923593,4.64903,1.107853,OverRange,OverRange,OverRange,10.723602,13.02474,-4.922145
2026/05/23 19:44:00.266,n,-4.673877,3.805214,5.318759,1.183021,OverRange,OverRange,OverRange,10.717738,13.018244,-4.937673
2026/05/23 19:45:00.269,n,-4.612164,6.53703,5.096264,1.471421,OverRange,OverRange,OverRange,10.701478,13.020392,-4.793479
2026/05/23 19:46:00.271,n,-4.606519,6.259376,5.055575,1.371999,OverRange,OverRange,OverRange,10.752254,13.010672,-4.998081
2026/05/23 19:47:00.276,n,-4.571492,3.934346,4.818724,1.371225,OverRange,OverRange,OverRange,10.740088,13.00204,-5.175465
2026/05/23 19:48:00.274,n,-4.916879,5.942925,4.875063,1.194259,OverRange,OverRange,OverRange,10.811932,12.991228,-5.331264
2026/05/23 19:49:00.261,n,-4.547885,3.505938,4.904191,1.152301,OverRange,OverRange,OverRange,10.72815,12.989078,-5.212496
2026/05/23 19:50:00.262,n,-4.621017,3.634865,3.909846,0.192765,OverRange,OverRange,OverRange,10.775122,12.983654,-5.052687
2026/05/23 19:51:00.266,n,-4.70608,3.918347,3.857256,0.11312,OverRange,OverRange,OverRange,10.826916,12.971654,-5.140313
2026/05/23 19:52:00.265,n,-4.550836,6.114609,5.372999,1.230478,OverRange,OverRange,OverRange,10.854808,12.972728,-5.036903
2026/05/23 19:53:00.268,n,-4.354664,3.591858,5.373694,1.349323,OverRange,OverRange,OverRange,10.759126,12.971654,-5.004053
2026/05/23 19:54:00.270,n,-4.6359,6.497058,4.781312,1.300774,OverRange,OverRange,OverRange,10.807852,12.972728,-5.031186
2026/05/23 19:55:00.271,n,-4.492203,3.890299,4.934098,1.424291,OverRange,OverRange,OverRange,10.790074,12.9782,-5.089802
2026/05/23 19:56:00.274,n,-4.428052,5.071429,5.238839,1.055802,OverRange,OverRange,OverRange,10.835266,12.97934,-4.910455
2026/05/23 19:57:00.276,n,-4.445373,6.333536,4.790493,1.233704,OverRange,OverRange,OverRange,10.807364,12.982564,-4.953202
2026/05/23 19:58:00.261,n,-4.60344,6.316391,5.014235,1.335546,OverRange,OverRange,OverRange,10.840088,12.983654,-5.153965
2026/05/23 19:59:00.263,n,-4.480399,6.404683,4.795071,1.324834,OverRange,OverRange,OverRange,10.832952,12.993394,-5.071884
2026/05/23 20:00:00.265,n,-4.477705,4.905631,4.967091,0.832167,OverRange,OverRange,OverRange,10.81014,12.99665,-5.159852
2026/05/23 20:01:00.269,n,-4.433826,4.091304,4.078757,0.726806,OverRange,OverRange,OverRange,10.763444,13.00419,-5.031101
2026/05/23 20:02:00.268,n,-4.348634,6.238655,6.325095,0.203155,OverRange,OverRange,OverRange,10.747702,13.003082,-4.931871
2026/05/23 20:03:00.271,n,-4.328491,3.998547,5.225403,1.214667,OverRange,OverRange,OverRange,10.68248,13.008506,-4.982297
2026/05/23 20:04:00.273,n,-4.486301,6.138441,4.551883,1.000887,OverRange,OverRange,OverRange,10.78629,13.009612,-4.775903
2026/05/23 20:05:00.276,n,-4.580217,3.913577,4.517235,0.884429,OverRange,OverRange,OverRange,10.721562,13.013928,-5.099444
2026/05/23 20:06:00.277,n,-4.585862,4.870645,5.106535,1.300364,OverRange,OverRange,OverRange,10.772314,13.012854,-5.081953
2026/05/23 20:07:00.262,n,-4.457176,6.550217,4.678197,1.460338,OverRange,OverRange,OverRange,10.755032,13.009612,-4.883067
2026/05/23 20:08:00.264,n,-4.366339,6.38499,5.784886,1.084672,OverRange,OverRange,OverRange,10.736018,13.012854,-5.070008
2026/05/23 20:09:00.266,n,-4.480528,3.99749,4.47671,1.030207,OverRange,OverRange,OverRange,10.696148,13.00525,-5.01762
2026/05/23 20:10:00.269,n,-4.709032,6.129492,4.468653,0.90803,OverRange,OverRange,OverRange,10.73959,13.00419,-5.019412
2026/05/23 20:11:00.270,n,-4.647703,3.75936,3.704003,0.238368,OverRange,OverRange,OverRange,10.70252,13.00525,-4.968731
2026/05/23 20:12:00.272,n,-4.626791,4.000661,4.441245,0.69176,OverRange,OverRange,OverRange,10.717754,13.00204,-5.044667
2026/05/23 20:13:00.274,n,-4.618322,3.790747,4.659971,1.275214,OverRange,OverRange,OverRange,10.75025,12.99665,-5.058574
2026/05/23 20:14:00.275,n,-4.624096,6.036253,4.713647,1.287492,OverRange,OverRange,OverRange,10.773606,12.995544,-4.992194
2026/05/23 20:15:00.277,n,-4.424973,4.125451,5.190842,1.108212,OverRange,OverRange,OverRange,10.676866,12.995544,-5.00576
2026/05/23 20:16:00.262,n,-4.53621,6.241472,5.400203,1.450846,OverRange,OverRange,OverRange,10.705556,12.983654,-4.904483
2026/05/23 20:17:00.269,n,-4.782035,3.830367,3.837187,0.086821,OverRange,OverRange,OverRange,10.709372,12.983654,-5.208485
2026/05/23 20:18:00.268,n,-4.691582,6.089403,4.881389,1.154665,OverRange,OverRange,OverRange,10.757092,12.982564,-5.078028
2026/05/23 20:19:00.268,n,-4.638723,6.09527,5.409879,1.11144,OverRange,OverRange,OverRange,10.730952,12.981488,-5.097566
2026/05/23 20:20:00.271,n,-4.641545,6.030473,4.855711,1.117394,OverRange,OverRange,OverRange,10.731694,12.984372,-5.224099
2026/05/23 20:21:00.274,n,-4.158363,3.883746,4.337445,0.916039,OverRange,OverRange,OverRange,10.753266,12.97561,-4.877351
2026/05/23 20:22:00.276,n,-4.000296,4.089158,5.455764,0.9468,OverRange,OverRange,OverRange,10.75351,12.985836,-4.698174
2026/05/23 20:23:00.276,n,-4.178891,6.217424,5.670732,1.345648,OverRange,OverRange,OverRange,10.731288,12.988004,-4.717457
2026/05/23 20:24:00.278,n,-4.126288,6.43046,5.492062,1.202769,OverRange,OverRange,OverRange,10.721644,12.981392,-4.793564
2026/05/23 20:25:00.265,n,-4.146816,6.340386,5.484045,1.249176,OverRange,OverRange,OverRange,10.762502,12.980316,-4.774025
2026/05/23 20:26:00.266,n,-4.085104,3.416628,4.650773,1.558444,OverRange,OverRange,OverRange,10.740164,12.977076,-4.807216
2026/05/23 20:27:00.269,n,-4.234703,6.755543,4.579965,1.097863,OverRange,OverRange,OverRange,10.731552,12.978184,-4.71157
2026/05/23 20:28:00.270,n,-4.214303,6.266634,5.900013,0.628773,OverRange,OverRange,OverRange,10.764816,12.978184,-4.799366
2026/05/23 20:29:00.278,n,-4.214303,6.451374,4.631535,1.512027,OverRange,OverRange,OverRange,10.733578,12.98258,-4.832471
2026/05/23 20:30:00.274,n,-4.287306,6.407915,5.447697,1.428784,OverRange,OverRange,OverRange,10.757426,12.977076,-4.929909
2026/05/23 20:31:00.276,n,-4.345939,3.390862,4.374274,1.142259,OverRange,OverRange,OverRange,10.72493,12.979242,-4.871378
2026/05/23 20:32:00.278,n,-4.155669,6.009737,5.075914,1.28478,OverRange,OverRange,OverRange,10.823446,12.990154,-4.666775
2026/05/23 20:33:00.280,n,-4.032629,3.864803,5.064693,1.136845,OverRange,OverRange,OverRange,10.72726,12.996682,-4.696041
2026/05/23 20:34:00.265,n,-4.266907,6.090049,4.754631,1.198009,OverRange,OverRange,OverRange,10.819118,13.003116,-4.721382
2026/05/23 20:35:00.267,n,-4.020953,3.944642,4.641725,1.150831,OverRange,OverRange,OverRange,10.74706,13.01396,-4.690154
2026/05/23 20:36:00.270,n,-4.018002,4.765308,4.753147,1.143231,OverRange,OverRange,OverRange,10.771154,13.023634,-4.520534
2026/05/23 20:37:00.272,n,-3.950644,3.726987,5.27256,1.353708,OverRange,OverRange,OverRange,10.747792,13.026908,-4.573263
2026/05/23 20:38:00.273,n,-3.94192,6.05774,5.542005,1.254709,OverRange,OverRange,OverRange,10.778524,13.035554,-4.559611
2026/05/23 20:39:00.276,n,-3.936146,6.712178,4.591067,1.135019,OverRange,OverRange,OverRange,10.706162,13.03772,-4.356972
2026/05/23 20:40:00.278,n,-3.883542,3.656901,5.100989,1.183764,OverRange,OverRange,OverRange,10.713278,13.03772,-4.47574
2026/05/23 20:41:00.279,n,-3.944871,3.646117,4.454956,1.016388,OverRange,OverRange,OverRange,10.748306,13.043126,-4.536233
2026/05/23 20:42:00.282,n,-3.798479,3.132093,4.955701,1.427505,OverRange,OverRange,OverRange,10.746018,13.048516,-4.489647
2026/05/23 20:43:00.268,n,-3.62848,6.073095,5.488897,1.206299,OverRange,OverRange,OverRange,10.812002,13.052866,-4.335641
2026/05/23 20:44:00.272,n,-3.502746,6.108708,5.937027,0.12017,OverRange,OverRange,OverRange,10.831822,13.05718,-4.32762
2026/05/23 20:45:00.271,n,-3.394459,3.995087,5.561913,0.979848,OverRange,OverRange,OverRange,10.700588,13.062538,-4.280949
2026/05/23 20:46:00.272,n,-3.379577,6.006901,5.36286,1.054181,OverRange,OverRange,OverRange,10.829026,13.070144,-4.119264
2026/05/23 20:47:00.274,n,-3.297721,4.346145,4.435717,0.849316,OverRange,OverRange,OverRange,10.75262,13.075534,-4.082319
2026/05/23 20:48:00.277,n,-3.151457,3.504416,5.314666,1.393218,OverRange,OverRange,OverRange,10.855632,13.077702,-4.263287
2026/05/23 20:49:00.279,n,-2.999036,3.780205,5.213385,1.1897,OverRange,OverRange,OverRange,10.824956,13.088482,-3.949729
2026/05/23 20:50:00.281,n,-2.934757,4.441158,4.952479,1.107951,OverRange,OverRange,OverRange,10.856938,13.097128,-3.916538
2026/05/23 20:51:00.282,n,-2.81749,5.640375,5.335477,1.368342,OverRange,OverRange,OverRange,10.889914,13.104634,-3.889321
2026/05/23 20:52:00.269,n,-2.929368,6.275961,4.914446,1.480454,OverRange,OverRange,OverRange,10.903062,13.106802,-3.920549
2026/05/23 20:53:00.270,n,-2.847127,6.061878,5.007693,1.371417,OverRange,OverRange,OverRange,10.930726,13.12623,-3.836848
2026/05/23 20:54:00.274,n,-2.785671,3.558998,4.710355,1.276766,OverRange,OverRange,OverRange,10.913494,13.129472,-3.801781
2026/05/23 20:55:00.274,n,-2.694962,5.353492,4.827022,1.308414,OverRange,OverRange,OverRange,10.977408,13.142434,-3.778402
2026/05/23 20:56:00.277,n,-2.680336,6.200823,5.364092,1.221005,OverRange,OverRange,OverRange,10.978436,13.156472,-3.733438
2026/05/23 20:57:00.279,n,-2.610284,3.886878,4.337184,1.108176,OverRange,OverRange,OverRange,10.889638,13.167284,-3.624652
2026/05/23 20:58:00.282,n,-2.870607,3.866828,4.393833,1.049121,OverRange,OverRange,OverRange,10.97108,13.181308,-3.661426
2026/05/23 20:59:00.267,n,-2.648261,4.228375,4.826726,1.557538,OverRange,OverRange,OverRange,11.033742,13.193228,-3.540695
2026/05/23 21:00:00.269,n,-2.551522,3.541872,5.138053,1.386758,OverRange,OverRange,OverRange,10.978938,13.209434,-3.573971
2026/05/23 21:01:00.270,n,-2.560375,3.334264,4.544501,1.555594,OverRange,OverRange,OverRange,11.028132,13.225572,-3.44138
2026/05/23 21:02:00.272,n,-2.551394,3.57911,5.142397,1.427986,OverRange,OverRange,OverRange,11.02181,13.23422,-3.57781
2026/05/23 21:03:00.258,n,-2.466843,3.383094,5.187707,1.260929,OverRange,OverRange,OverRange,11.040074,13.247184,-3.414163
2026/05/23 21:04:00.264,n,-2.528171,6.107383,5.501637,1.060618,OverRange,OverRange,OverRange,11.100434,13.264462,-3.439418
2026/05/23 21:05:00.265,n,-2.533945,4.154194,5.221644,1.103832,OverRange,OverRange,OverRange,10.994696,13.275244,-3.443427
2026/05/23 21:06:00.264,n,-2.69214,3.884293,4.094152,0.311718,OverRange,OverRange,OverRange,11.035778,13.293584,-3.464844
2026/05/23 21:07:00.266,n,-2.762192,4.448492,4.42455,0.921286,OverRange,OverRange,OverRange,11.133932,13.311936,-3.497778
2026/05/23 21:08:00.268,n,-2.668661,6.168849,6.057382,0.069833,OverRange,OverRange,OverRange,11.127838,13.33244,-3.505798
2026/05/23 21:09:00.317,n,-2.624653,3.824312,4.353467,1.067985,OverRange,OverRange,OverRange,11.019044,13.346464,-3.529006
2026/05/23 21:10:00.272,n,-2.677642,5.828005,4.531936,1.189784,OverRange,OverRange,OverRange,11.109802,13.369136,-3.447267
2026/05/23 21:11:00.258,n,-2.577952,6.152785,5.454642,1.151797,OverRange,OverRange,OverRange,11.108308,13.38314,-3.447267
2026/05/23 21:12:00.447,n,-2.405259,3.618741,5.353427,1.431265,OverRange,OverRange,OverRange,11.015492,13.405844,-3.503751
2026/05/23 21:13:00.416,n,-2.481341,6.362396,4.945965,1.365316,OverRange,OverRange,OverRange,11.131878,13.4263,-3.355717
2026/05/23 21:14:00.368,n,-2.417191,6.438874,5.393593,1.345125,OverRange,OverRange,OverRange,11.093344,13.44573,-3.377303
2026/05/23 21:15:00.266,n,-2.308905,3.325959,5.24956,1.389924,OverRange,OverRange,OverRange,11.040584,13.453238,-3.297356
2026/05/23 21:16:00.268,n,-2.282603,6.098635,5.525026,1.399944,OverRange,OverRange,OverRange,11.115906,13.459916,-3.312885
2026/05/23 21:17:00.270,n,-2.600789,3.900427,4.466511,1.003479,OverRange,OverRange,OverRange,11.034654,13.473972,-3.604601
2026/05/23 21:18:00.273,n,-2.659423,6.726641,4.342041,1.174391,OverRange,OverRange,OverRange,11.111984,13.484738,-3.516976
2026/05/23 21:19:00.259,n,-2.559861,6.109734,5.620375,1.10924,OverRange,OverRange,OverRange,11.080556,13.49552,-3.481822
2026/05/23 21:20:00.262,n,-2.530481,3.862359,5.249686,1.218905,OverRange,OverRange,OverRange,11.039984,13.508484,-3.487625
2026/05/23 21:21:00.263,n,-2.580261,6.089468,4.980886,0.964505,OverRange,OverRange,OverRange,11.168794,13.5214,-3.318261
2026/05/23 21:22:00.266,n,-2.519062,6.449294,5.183797,1.361146,OverRange,OverRange,OverRange,11.083568,13.530016,-3.485747
2026/05/23 21:23:00.265,n,-2.51316,6.170392,5.988247,0.410216,OverRange,OverRange,OverRange,11.106176,13.542946,-3.446755
2026/05/23 21:24:00.267,n,-2.471975,6.389209,6.243258,0.141781,OverRange,OverRange,OverRange,11.089184,13.550506,-3.559722
2026/05/23 21:25:00.270,n,-2.530352,3.95202,4.002829,0.424809,OverRange,OverRange,OverRange,11.045808,13.565652,-3.437029
2026/05/23 21:26:00.272,n,-2.527786,6.329131,5.444355,0.993743,OverRange,OverRange,OverRange,11.19666,13.56777,-3.409811
2026/05/23 21:27:00.276,n,-2.474926,6.215212,5.516251,1.125395,OverRange,OverRange,OverRange,11.130738,13.57637,-3.470134
2026/05/23 21:28:00.259,n,-2.471975,3.723625,4.405697,1.253446,OverRange,OverRange,OverRange,11.058722,13.585036,-3.501276
2026/05/23 21:29:00.263,n,-2.495326,5.11674,5.140952,1.302532,OverRange,OverRange,OverRange,11.139862,13.59264,-3.507249
2026/05/23 21:30:00.263,n,-2.711641,6.182117,4.539931,1.360047,OverRange,OverRange,OverRange,11.121756,13.59479,-3.536173
2026/05/23 21:31:00.264,n,-2.67097,6.117884,5.258967,1.540445,OverRange,OverRange,OverRange,11.084982,13.604498,-3.557759
2026/05/23 21:32:00.266,n,-2.65057,3.374978,4.674831,1.314725,OverRange,OverRange,OverRange,11.046712,13.607738,-3.652979
2026/05/23 21:33:00.270,n,-2.702917,3.421386,4.804873,1.504021,OverRange,OverRange,OverRange,11.099182,13.616356,-3.54991
2026/05/23 21:34:00.270,n,-2.741022,3.806765,3.803846,0.104575,OverRange,OverRange,OverRange,11.106578,13.629254,-3.518767
2026/05/23 21:35:00.273,n,-2.737943,4.051058,4.425625,0.963854,OverRange,OverRange,OverRange,11.129858,13.626062,-3.571325
2026/05/23 21:36:00.275,n,-2.808509,6.816469,4.424746,1.174216,OverRange,OverRange,OverRange,11.14001,13.634646,-3.542146
2026/05/23 21:37:00.260,n,-2.799913,6.041556,5.742483,0.750578,OverRange,OverRange,OverRange,11.112656,13.636828,-3.659037
2026/05/23 21:38:00.265,n,-2.855338,6.450277,5.096785,1.396208,OverRange,OverRange,OverRange,11.128108,13.64007,-3.619959
2026/05/23 21:39:00.267,n,-2.81146,6.106144,5.779091,0.822499,OverRange,OverRange,OverRange,11.094396,13.649778,-3.635573
2026/05/23 21:40:00.268,n,-2.814282,4.052452,4.774531,0.948531,OverRange,OverRange,OverRange,11.03125,13.651896,-3.577128
2026/05/23 21:41:00.271,n,-3.007247,6.344579,5.426844,1.387976,OverRange,OverRange,OverRange,11.107554,13.660528,-3.651187
2026/05/23 21:42:00.270,n,-2.989926,3.948033,4.755354,1.115949,OverRange,OverRange,OverRange,11.034816,13.661604,-3.738813
2026/05/23 21:43:00.274,n,-3.188793,3.561462,4.33757,1.263753,OverRange,OverRange,OverRange,11.117432,13.665936,-3.738813
2026/05/23 21:44:00.276,n,-3.241525,6.077793,5.688506,0.976708,OverRange,OverRange,OverRange,11.175262,13.68211,-3.861506
2026/05/23 21:45:00.276,n,-3.262053,3.822196,3.795219,0.185273,OverRange,OverRange,OverRange,11.037094,13.683152,-3.892649
2026/05/23 21:46:00.262,n,-3.428972,6.250006,5.579169,1.150008,OverRange,OverRange,OverRange,11.133424,13.68636,-3.974472
2026/05/23 21:47:00.263,n,-3.463998,5.689743,4.979382,1.178571,OverRange,OverRange,OverRange,11.045208,13.696084,-4.1051
2026/05/23 21:48:00.267,n,-3.56959,3.58911,5.223487,1.371862,OverRange,OverRange,OverRange,11.039862,13.7004,-4.223783
2026/05/23 21:49:00.268,n,-3.636691,6.435576,4.780735,1.289536,OverRange,OverRange,OverRange,11.097428,13.701508,-4.070118
2026/05/23 21:50:00.269,n,-3.669152,5.981724,5.649789,1.105422,OverRange,OverRange,OverRange,11.062938,13.70361,-4.231889
2026/05/23 21:51:00.271,n,-3.710208,6.091652,5.041022,1.369887,OverRange,OverRange,OverRange,11.033768,13.707942,-4.253219
2026/05/23 21:52:00.275,n,-3.704178,3.68497,4.895188,1.150856,OverRange,OverRange,OverRange,10.999314,13.699326,-4.259022
2026/05/23 21:53:00.278,n,-3.777566,3.846836,4.342365,1.061412,OverRange,OverRange,OverRange,11.016282,13.695008,-4.286239
2026/05/23 21:54:00.278,n,-3.876743,6.283756,5.686294,0.648797,OverRange,OverRange,OverRange,11.10049,13.69071,-4.377875
2026/05/23 21:55:00.262,n,-3.774359,3.467563,4.57687,1.434675,OverRange,OverRange,OverRange,10.987606,13.687468,-4.364224
2026/05/23 21:56:00.264,n,-3.771536,4.283419,4.983596,1.313496,OverRange,OverRange,OverRange,10.978256,13.676684,-4.260984
2026/05/23 21:57:00.267,n,-3.84749,3.782439,4.95339,1.170528,OverRange,OverRange,OverRange,10.968862,13.666994,-4.229585
2026/05/23 21:58:00.268,n,-3.862245,6.131087,5.691686,1.12619,OverRange,OverRange,OverRange,11.003846,13.660316,-4.186924
2026/05/23 21:59:00.271,n,-3.794758,3.993797,4.197328,1.128973,OverRange,OverRange,OverRange,10.917324,13.647386,-4.227623
2026/05/23 22:00:00.272,n,-3.847362,4.031568,5.062461,1.497444,OverRange,OverRange,OverRange,10.96956,13.63771,-4.20817
2026/05/23 22:01:00.276,n,-4.008251,6.26616,5.399825,1.270168,OverRange,OverRange,OverRange,10.954636,13.628,-4.254926
2026/05/23 22:02:00.279,n,-3.891369,6.284046,4.634815,1.385505,OverRange,OverRange,OverRange,10.890692,13.620492,-4.254841
2026/05/23 22:03:00.278,n,-3.850184,6.434935,6.046204,0.206721,OverRange,OverRange,OverRange,10.936636,13.60753,-4.288031
2026/05/23 22:04:00.264,n,-3.744849,3.547812,5.294303,1.438636,OverRange,OverRange,OverRange,10.848836,13.605362,-4.299721
2026/05/23 22:05:00.265,n,-3.771023,6.123319,4.685082,1.223787,OverRange,OverRange,OverRange,10.94753,13.594596,-4.155441
2026/05/23 22:06:00.268,n,-3.69494,6.236449,4.781322,1.308608,OverRange,OverRange,OverRange,10.899328,13.588112,-4.278304
2026/05/23 22:07:00.272,n,-3.618858,3.628799,4.22859,1.068256,OverRange,OverRange,OverRange,10.849112,13.578422,-4.252878
2026/05/23 22:08:00.272,n,-3.513394,6.415335,5.455307,1.044049,OverRange,OverRange,OverRange,10.993454,13.577348,-4.180696
2026/05/23 22:09:00.276,n,-3.701099,5.472604,4.321682,0.761395,OverRange,OverRange,OverRange,10.871918,13.56782,-4.149809
2026/05/23 22:10:00.278,n,-3.236136,3.303464,4.660808,1.41937,OverRange,OverRange,OverRange,10.896342,13.56031,-3.931982
2026/05/23 22:11:00.278,n,-3.101292,6.53684,5.453064,1.411532,OverRange,OverRange,OverRange,10.954442,13.562866,-3.883092
2026/05/23 22:12:00.281,n,-3.36495,3.887599,4.81247,1.255322,OverRange,OverRange,OverRange,10.904704,13.555358,-4.151857
2026/05/23 22:13:00.267,n,-3.630918,6.121319,5.012051,1.200129,OverRange,OverRange,OverRange,10.979554,13.549968,-4.24537
2026/05/23 22:14:00.271,n,-3.490557,3.74824,5.5395,0.986532,OverRange,OverRange,OverRange,10.89001,13.543468,-4.264909
2026/05/23 22:15:00.271,n,-3.432052,3.899509,4.849156,1.256445,OverRange,OverRange,OverRange,10.909028,13.535896,-4.157744
2026/05/23 22:16:00.275,n,-3.470157,6.336692,5.495411,1.09406,OverRange,OverRange,OverRange,10.997544,13.535896,-4.1051
2026/05/23 22:17:00.274,n,-3.49633,5.541148,5.262053,1.136661,OverRange,OverRange,OverRange,10.943508,13.534854,-4.239568
2026/05/23 22:18:00.279,n,-3.449372,6.348683,4.554729,1.365568,OverRange,OverRange,OverRange,10.94398,13.53161,-4.118923
2026/05/23 22:19:00.280,n,-3.464255,6.090129,5.586467,1.178665,OverRange,OverRange,OverRange,10.95545,13.532688,-4.122677
2026/05/23 22:20:00.280,n,-3.417553,4.025921,5.29625,1.147986,OverRange,OverRange,OverRange,10.867662,13.534854,-4.134452
2026/05/23 22:21:00.283,n,-3.461304,4.114006,4.560566,1.075769,OverRange,OverRange,OverRange,10.915604,13.532688,-4.017475
2026/05/23 22:22:00.269,n,-3.540209,6.866618,5.475083,1.216082,OverRange,OverRange,OverRange,10.954682,13.533664,-4.116875
2026/05/23 22:23:00.270,n,-3.449372,4.034913,5.458054,1.208658,OverRange,OverRange,OverRange,10.839894,13.525018,-4.087524
2026/05/23 22:24:00.271,n,-3.534436,3.419451,5.773828,1.199996,OverRange,OverRange,OverRange,10.891896,13.534706,-4.060135
2026/05/23 22:25:00.273,n,-3.543032,6.086022,5.852752,0.972437,OverRange,OverRange,OverRange,10.913976,13.534706,-4.04273
2026/05/23 22:26:00.275,n,-3.502232,3.813633,4.168258,0.881072,OverRange,OverRange,OverRange,10.817312,13.534706,-3.921829
2026/05/23 22:27:00.278,n,-3.487477,4.859938,4.02006,0.415539,OverRange,OverRange,OverRange,10.922104,13.529366,-3.882836
2026/05/23 22:28:00.278,n,-3.431795,6.322847,5.846237,0.989741,OverRange,OverRange,OverRange,10.89064,13.532622,-3.970633
2026/05/23 22:29:00.282,n,-3.411267,3.47802,4.545593,1.446629,OverRange,OverRange,OverRange,10.812684,13.531514,-3.949217
2026/05/23 22:30:00.287,n,-3.417297,3.841889,3.891284,0.282309,OverRange,OverRange,OverRange,10.913738,13.527198,-3.818589
2026/05/23 22:31:00.268,n,-3.282581,3.798247,4.129399,1.115821,OverRange,OverRange,OverRange,10.940618,13.527198,-3.818589
2026/05/23 22:32:00.273,n,-3.127337,3.829398,4.52021,1.428641,OverRange,OverRange,OverRange,10.955832,13.522882,-3.787532
2026/05/23 22:33:00.272,n,-3.025081,6.534364,5.460484,1.256119,OverRange,OverRange,OverRange,10.976614,13.521808,-3.71151
2026/05/23 22:34:00.275,n,-2.913844,6.767411,4.844185,1.366919,OverRange,OverRange,OverRange,10.920308,13.51855,-3.701698
2026/05/23 22:35:00.280,n,-2.872788,3.781176,4.214203,0.967158,OverRange,OverRange,OverRange,10.93986,13.517492,-3.617826
2026/05/23 22:36:00.278,n,-2.831731,6.561242,5.103394,1.159347,OverRange,OverRange,OverRange,11.010336,13.515342,-3.658951
2026/05/23 22:37:00.281,n,-2.761551,3.765082,4.210657,1.013669,OverRange,OverRange,OverRange,10.920074,13.520734,-3.567315
2026/05/23 22:38:00.448,n,-2.840712,3.83951,5.642536,0.921249,OverRange,OverRange,OverRange,11.002482,13.523974,-3.598628
2026/05/23 22:39:00.284,n,-2.78503,4.952175,4.950123,1.13077,OverRange,OverRange,OverRange,10.976848,13.526122,-3.584892
2026/05/23 22:40:00.269,n,-2.943096,6.350366,4.895554,1.229886,OverRange,OverRange,OverRange,11.007802,13.522882,-3.660828
2026/05/23 22:41:00.270,n,-3.015971,6.343908,5.279818,1.413323,OverRange,OverRange,OverRange,10.954534,13.520734,-3.764153
2026/05/23 22:42:00.274,n,-3.174038,6.264192,4.999299,1.181638,OverRange,OverRange,OverRange,10.97611,13.522882,-3.886762
2026/05/23 22:43:00.441,n,-3.177117,3.388682,4.852831,1.401674,OverRange,OverRange,OverRange,10.94135,13.521808,-3.84794
2026/05/23 22:44:00.260,n,-3.221125,3.503299,4.965557,1.382237,OverRange,OverRange,OverRange,10.97408,13.527198,-3.818674
2026/05/23 22:45:00.279,n,-3.329411,5.758291,4.99814,1.321763,OverRange,OverRange,OverRange,11.005774,13.51855,-3.808777
2026/05/23 22:46:00.280,n,-3.250378,3.552049,5.102579,1.271673,OverRange,OverRange,OverRange,10.913966,13.517492,-3.914149
2026/05/23 22:47:00.282,n,-3.323381,3.633188,4.328141,0.943455,OverRange,OverRange,OverRange,10.93833,13.5121,-3.896658
2026/05/23 22:48:00.468,n,-3.352762,3.217791,5.359754,1.337238,OverRange,OverRange,OverRange,10.92868,13.513192,-4.03872
2026/05/23 22:49:00.271,n,-3.355713,6.541589,4.345173,1.097786,OverRange,OverRange,OverRange,11.002772,13.5121,-3.884884
2026/05/23 22:50:00.469,n,-3.288355,3.51989,5.280407,1.206117,OverRange,OverRange,OverRange,10.923106,13.504558,-3.914235
2026/05/23 22:51:00.427,n,-3.223947,3.819272,4.326494,1.202983,OverRange,OverRange,OverRange,10.957332,13.5121,-3.793333
2026/05/23 22:52:00.259,n,-3.162491,6.134926,5.632851,0.827598,OverRange,OverRange,OverRange,10.948482,13.502378,-3.687961
2026/05/23 22:53:00.261,n,-3.191872,6.580905,5.270748,1.411286,OverRange,OverRange,OverRange,10.923604,13.50345,-3.750417
2026/05/23 22:54:00.265,n,-3.156589,6.206849,5.822671,1.123077,OverRange,OverRange,OverRange,10.905324,13.5078,-3.793419
2026/05/23 22:55:00.267,n,-3.118484,4.030407,4.809747,1.22851,OverRange,OverRange,OverRange,10.879192,13.509918,-3.847769
2026/05/23 22:56:00.268,n,-3.121435,5.12128,4.811386,0.887127,OverRange,OverRange,OverRange,10.972066,13.514298,-3.736765
2026/05/23 22:57:00.269,n,-3.121435,5.45892,4.790727,0.981772,OverRange,OverRange,OverRange,10.929204,13.51855,-3.801183
2026/05/23 22:58:00.272,n,-3.185842,6.029427,5.265369,1.157482,OverRange,OverRange,OverRange,10.955566,13.526122,-3.904423
2026/05/23 22:59:00.258,n,-3.238445,6.381087,4.74182,1.105361,OverRange,OverRange,OverRange,10.912206,13.535814,-3.845892
2026/05/23 23:00:00.259,n,-3.349939,3.884339,4.523011,1.143107,OverRange,OverRange,OverRange,10.89239,13.54663,-3.962698
2026/05/23 23:01:00.262,n,-3.461048,3.847161,4.429689,1.065093,OverRange,OverRange,OverRange,10.942898,13.548762,-3.987953
2026/05/23 23:02:00.266,n,-3.633741,4.130034,4.576436,1.12838,OverRange,OverRange,OverRange,10.950236,13.556304,-4.07575
2026/05/23 23:03:00.265,n,-3.706872,6.375255,5.931328,1.037818,OverRange,OverRange,OverRange,10.942642,13.558454,-4.219944
2026/05/23 23:04:00.269,n,-3.89432,6.054069,6.072877,0.270362,OverRange,OverRange,OverRange,10.865026,13.556304,-4.321306
2026/05/23 23:05:00.268,n,-3.990931,3.642899,4.445553,0.598658,OverRange,OverRange,OverRange,10.845998,13.548762,-4.338797
2026/05/23 23:06:00.271,n,-4.055338,5.598135,4.409219,0.824107,OverRange,OverRange,OverRange,10.973084,13.543372,-4.29187
2026/05/23 23:07:00.271,n,-4.05816,6.021501,6.085286,0.035156,OverRange,OverRange,OverRange,10.916266,13.535814,-4.326938
2026/05/23 23:08:00.259,n,-4.072786,6.3565,4.600394,1.302083,OverRange,OverRange,OverRange,10.859666,13.531514,-4.299635
2026/05/23 23:09:00.259,n,-4.090364,6.121733,6.058155,0.101231,OverRange,OverRange,OverRange,10.889882,13.527198,-4.408932
2026/05/23 23:10:00.264,n,-4.029036,3.733268,5.441151,1.363452,OverRange,OverRange,OverRange,10.774394,13.51855,-4.455518
2026/05/23 23:11:00.264,n,-4.058289,3.901584,4.549557,1.120521,OverRange,OverRange,OverRange,10.818066,13.504558,-4.327023
2026/05/23 23:12:00.266,n,-4.134499,3.308204,4.877686,1.268759,OverRange,OverRange,OverRange,10.902532,13.500242,-4.385469
2026/05/23 23:13:00.269,n,-4.081768,3.792868,4.904771,1.423569,OverRange,OverRange,OverRange,10.821106,13.485128,-4.387602
2026/05/23 23:14:00.271,n,-4.18428,3.989292,3.91601,0.063972,OverRange,OverRange,OverRange,10.824184,13.471124,-4.436064
2026/05/23 23:15:00.272,n,-4.146175,6.061134,5.568352,1.06534,OverRange,OverRange,OverRange,10.82899,13.463564,-4.457566
2026/05/23 23:16:00.259,n,-4.122824,6.285584,5.612435,1.222916,OverRange,OverRange,OverRange,10.803086,13.451708,-4.586146
2026/05/23 23:17:00.261,n,-4.1141,3.586246,4.674569,1.330805,OverRange,OverRange,OverRange,10.783534,13.436626,-4.51422
2026/05/23 23:18:00.262,n,-4.169654,6.405896,5.172429,1.126215,OverRange,OverRange,OverRange,10.807394,13.43231,-4.471303
2026/05/23 23:19:00.264,n,-4.070093,3.576226,4.161576,1.111475,OverRange,OverRange,OverRange,10.733276,13.421528,-4.434188
2026/05/23 23:20:00.265,n,-4.099345,4.786109,5.38542,1.109382,OverRange,OverRange,OverRange,10.836564,13.40749,-4.44016
2026/05/23 23:21:00.267,n,-3.958856,3.863504,4.575375,1.267823,OverRange,OverRange,OverRange,10.73963,13.399964,-4.383592
2026/05/23 23:22:00.270,n,-4.005557,6.517769,4.668089,1.359232,OverRange,OverRange,OverRange,10.834076,13.38915,-4.330948
2026/05/23 23:23:00.271,n,-3.958727,3.699281,5.608368,0.95417,OverRange,OverRange,OverRange,10.717814,13.380568,-4.416611
2026/05/23 23:24:00.273,n,-3.885467,6.464386,5.350665,1.358796,OverRange,OverRange,OverRange,10.801056,13.370828,-4.268577
2026/05/23 23:25:00.258,n,-3.853264,4.560027,4.773028,1.226032,OverRange,OverRange,OverRange,10.686086,13.358938,-4.128223
2026/05/23 23:26:00.261,n,-3.865196,5.930629,6.049477,0.400877,OverRange,OverRange,OverRange,10.786102,13.352472,-4.015512
2026/05/23 23:27:00.262,n,-3.873792,3.781141,3.836323,0.221199,OverRange,OverRange,OverRange,10.745754,13.342766,-4.091364
2026/05/23 23:28:00.268,n,-3.765249,4.022572,4.688122,1.154776,OverRange,OverRange,OverRange,10.792416,13.33412,-4.036757
2026/05/23 23:29:00.265,n,-3.797453,3.810828,4.23509,0.9937,OverRange,OverRange,OverRange,10.79244,13.328728,-4.046569
2026/05/23 23:30:00.268,n,-3.739076,6.242511,5.319933,1.132667,OverRange,OverRange,OverRange,10.824672,13.329836,-4.048617
2026/05/23 23:31:00.271,n,-3.709823,3.408065,4.488238,1.298696,OverRange,OverRange,OverRange,10.698756,13.321188,-3.775842
2026/05/23 23:32:00.273,n,-3.856214,6.105041,4.977976,1.31343,OverRange,OverRange,OverRange,10.801834,13.321188,-3.89845
2026/05/23 23:33:00.277,n,-3.706744,3.900552,5.028016,1.380329,OverRange,OverRange,OverRange,10.641134,13.321188,-3.863298
2026/05/23 23:34:00.263,n,-3.838766,6.350629,4.988055,1.206194,OverRange,OverRange,OverRange,10.78125,13.32552,-3.793334
2026/05/23 23:35:00.260,n,-3.777181,6.442039,5.679787,1.170712,OverRange,OverRange,OverRange,10.69393,13.32552,-3.910225
2026/05/23 23:36:00.262,n,-3.794758,3.644799,4.882097,1.084437,OverRange,OverRange,OverRange,10.66983,13.33091,-3.991963
2026/05/23 23:37:00.265,n,-3.730095,3.92811,5.010993,1.306482,OverRange,OverRange,OverRange,10.700536,13.329836,-3.997851
2026/05/23 23:38:00.266,n,-3.66325,3.963907,4.219593,1.063846,OverRange,OverRange,OverRange,10.74371,13.33412,-4.015341
2026/05/23 23:39:00.270,n,-3.601537,3.889023,3.829899,0.135991,OverRange,OverRange,OverRange,10.77292,13.335194,-3.948961
2026/05/23 23:40:00.272,n,-3.464127,2.986094,5.594537,1.349888,OverRange,OverRange,OverRange,10.73025,13.33412,-4.025068
2026/05/23 23:41:00.273,n,-3.619243,6.275738,4.675448,1.253387,OverRange,OverRange,OverRange,10.77417,13.33197,-3.970548
2026/05/23 23:42:00.275,n,-3.46387,3.630556,5.52468,1.199118,OverRange,OverRange,OverRange,10.658666,13.339542,-4.044437
2026/05/23 23:43:00.264,n,-3.405493,3.809374,5.088975,1.179747,OverRange,OverRange,OverRange,10.727972,13.337376,-3.789409
2026/05/23 23:44:00.263,n,-3.502104,3.839027,3.90109,0.043603,OverRange,OverRange,OverRange,10.756664,13.335194,-3.851694
2026/05/23 23:45:00.264,n,-3.487221,6.186292,5.209303,1.326082,OverRange,OverRange,OverRange,10.800308,13.337376,-3.989916
2026/05/23 23:46:00.266,n,-3.399591,6.419829,5.046243,1.219014,OverRange,OverRange,OverRange,10.750798,13.335194,-3.982407
2026/05/23 23:47:00.268,n,-3.379063,6.101099,6.042089,0.064825,OverRange,OverRange,OverRange,10.789418,13.340616,-3.925668
2026/05/23 23:48:00.272,n,-3.308754,4.59317,4.422119,1.075312,OverRange,OverRange,OverRange,10.757406,13.33412,-4.021144
2026/05/23 23:49:00.273,n,-3.346988,4.274627,5.694185,0.890831,OverRange,OverRange,OverRange,10.791678,13.338468,-3.878911
2026/05/23 23:50:00.274,n,-3.361486,3.704317,4.771017,1.372581,OverRange,OverRange,OverRange,10.797994,13.341724,-3.789494
2026/05/23 23:51:00.276,n,-3.452323,3.811902,4.8436,1.026345,OverRange,OverRange,OverRange,10.821606,13.346042,-3.908262
2026/05/23 23:52:00.262,n,-3.595764,6.335595,4.939768,1.452982,OverRange,OverRange,OverRange,10.860398,13.337376,-3.97635
2026/05/23 23:53:00.264,n,-3.809384,3.76515,4.631908,1.215862,OverRange,OverRange,OverRange,10.789898,13.339542,-4.217982
2026/05/23 23:54:00.265,n,-3.771407,3.946339,4.04541,0.343956,OverRange,OverRange,OverRange,10.781816,13.347082,-4.120458
2026/05/23 23:55:00.268,n,-3.812464,3.102395,5.401981,1.170366,OverRange,OverRange,OverRange,10.824142,13.341724,-4.134195
2026/05/23 23:56:00.270,n,-3.876743,6.091461,4.965579,1.321732,OverRange,OverRange,OverRange,10.84396,13.338468,-4.102882
2026/05/23 23:57:00.272,n,-3.92075,6.394896,6.147225,0.129379,OverRange,OverRange,OverRange,10.729518,13.336302,-4.327023
2026/05/23 23:58:00.276,n,-4.026086,5.867532,5.011894,1.049758,OverRange,OverRange,OverRange,10.744716,13.327686,-4.336921
2026/05/23 23:59:00.278,n,-4.011459,3.784078,5.729132,0.977222,OverRange,OverRange,OverRange,10.682262,13.324444,-4.519936
