"Timestamp","TZ","GHI1_AV (W/m2)","UVB22013 (W/m2)","UVB22013_AV (W/m2)","UVB22013_SD (W/m2)","UVB22012 (W/m2)","UVB22012_AV (W/m2)","UVB22012_SD (W/m2)","TA_AV (degC)","TL (degC)","GTI_AV (W/m2)"
2026/05/27 00:00:00.280,n,-2.516239,6.508209,4.911433,1.690298,OverRange,OverRange,OverRange,10.114884,12.89764,-3.517231
2026/05/27 00:01:00.264,n,-2.565892,3.290045,4.834661,1.341913,OverRange,OverRange,OverRange,10.08994,12.91057,-3.562025
2026/05/27 00:02:00.269,n,-2.577695,6.593945,5.108066,1.5711,OverRange,OverRange,OverRange,10.1589,12.92236,-3.480287
2026/05/27 00:03:00.269,n,-2.554345,6.501327,5.139784,1.52291,OverRange,OverRange,OverRange,10.165512,12.934182,-3.472438
2026/05/27 00:04:00.270,n,-2.838274,5.972099,4.973091,1.38852,OverRange,OverRange,OverRange,10.18102,12.945988,-3.562111
2026/05/27 00:05:00.273,n,-2.75629,3.715606,4.777962,1.149854,OverRange,OverRange,OverRange,10.140336,12.95887,-3.449144
2026/05/27 00:06:00.275,n,-3.04933,3.862429,5.054494,1.328423,OverRange,OverRange,OverRange,10.106996,12.968558,-3.669275
2026/05/27 00:07:00.277,n,-3.031624,3.209974,4.825279,1.31835,OverRange,OverRange,OverRange,10.152532,12.985902,-3.669275
2026/05/27 00:08:00.280,n,-3.019564,6.581292,4.724047,1.429693,OverRange,OverRange,OverRange,10.202876,12.99129,-3.636256
2026/05/27 00:09:00.282,n,-3.002115,5.58702,5.055182,1.454954,OverRange,OverRange,OverRange,10.148718,13.006422,-3.741543
2026/05/27 00:10:00.266,n,-2.911406,3.683465,4.664967,1.50134,OverRange,OverRange,OverRange,10.153814,13.009662,-3.6732
2026/05/27 00:11:00.267,n,-2.850207,5.130184,5.280232,1.423231,OverRange,OverRange,OverRange,10.193482,13.02155,-3.624481
2026/05/27 00:12:00.269,n,-2.565892,3.426101,4.9159,1.685368,OverRange,OverRange,OverRange,10.150234,13.025198,-3.56996
2026/05/27 00:13:00.271,n,-2.583341,3.576663,4.704768,1.508687,OverRange,OverRange,OverRange,10.196458,13.030654,-3.5366
2026/05/27 00:14:00.275,n,-2.58039,6.635567,5.062457,1.631709,OverRange,OverRange,OverRange,10.268688,13.041466,-3.425425
2026/05/27 00:15:00.276,n,-2.542412,4.776534,4.60644,1.253111,OverRange,OverRange,OverRange,10.234624,13.050098,-3.548374
2026/05/27 00:16:00.277,n,-2.615287,6.139618,5.73171,1.171672,OverRange,OverRange,OverRange,10.176632,13.059852,-3.517146
2026/05/27 00:17:00.280,n,-2.615416,6.646943,5.489586,1.415755,OverRange,OverRange,OverRange,10.162618,13.064102,-3.581223
2026/05/27 00:18:00.282,n,-2.682646,6.210745,5.342806,1.348029,OverRange,OverRange,OverRange,10.222656,13.074216,-3.552128
2026/05/27 00:19:00.267,n,-2.846358,3.955318,4.884529,0.69779,OverRange,OverRange,OverRange,10.096218,13.077424,-3.779767
2026/05/27 00:20:00.269,n,-2.940274,3.457677,4.784784,1.262385,OverRange,OverRange,OverRange,10.218304,13.08607,-3.742908
2026/05/27 00:21:00.272,n,-2.980945,3.385209,5.046303,1.544598,OverRange,OverRange,OverRange,10.212952,13.087178,-3.768164
2026/05/27 00:22:00.275,n,-2.919746,3.402481,5.26707,1.521305,OverRange,OverRange,OverRange,10.15419,13.09581,-3.7447
2026/05/27 00:23:00.277,n,-2.90204,3.268736,5.322907,1.590394,OverRange,OverRange,OverRange,10.146562,13.100124,-3.78173
2026/05/27 00:24:00.277,n,-2.989926,3.66609,4.989844,1.554291,OverRange,OverRange,OverRange,10.1804,13.101234,-3.816797
2026/05/27 00:25:00.278,n,-3.162619,6.491025,4.988001,1.432736,OverRange,OverRange,OverRange,10.229482,13.105482,-3.871403
2026/05/27 00:26:00.282,n,-2.987104,6.591337,4.953281,1.584255,OverRange,OverRange,OverRange,10.208116,13.117404,-3.731048
2026/05/27 00:27:00.283,n,-2.852388,6.361178,5.933947,0.875767,OverRange,OverRange,OverRange,10.179398,13.12066,-3.699991
2026/05/27 00:28:00.270,n,-2.767324,6.329968,4.823784,1.421139,OverRange,OverRange,OverRange,10.240692,13.123868,-3.666801
2026/05/27 00:29:00.270,n,-2.673793,6.2488,6.253653,0.086168,OverRange,OverRange,OverRange,10.191876,13.13144,-3.661084
2026/05/27 00:30:00.274,n,-2.647491,4.288508,5.076638,1.361725,OverRange,OverRange,OverRange,10.155752,13.13579,-3.655112
2026/05/27 00:31:00.275,n,-2.673921,3.946216,5.265739,1.317968,OverRange,OverRange,OverRange,10.23052,13.14657,-3.585062
2026/05/27 00:32:00.259,n,-2.913844,6.542489,5.030393,1.49773,OverRange,OverRange,OverRange,10.319244,13.147644,-3.647262
2026/05/27 00:33:00.278,n,-2.83481,3.035303,5.130936,1.231426,OverRange,OverRange,OverRange,10.208908,13.156278,-3.664924
2026/05/27 00:34:00.282,n,-2.937323,3.893931,4.651133,1.410118,OverRange,OverRange,OverRange,10.214218,13.160626,-3.71151
2026/05/27 00:35:00.282,n,-3.405493,3.875147,4.489144,1.070462,OverRange,OverRange,OverRange,10.27654,13.160626,-3.953056
2026/05/27 00:36:00.284,n,-3.610518,3.644076,4.602043,1.467176,OverRange,OverRange,OverRange,10.237596,13.167058,-4.155697
2026/05/27 00:37:00.270,n,-3.853392,3.909885,4.790068,1.42059,OverRange,OverRange,OverRange,10.22844,13.170316,-4.307826
2026/05/27 00:38:00.271,n,-4.13745,5.561634,4.209473,0.763244,OverRange,OverRange,OverRange,10.29868,13.16924,-4.48905
2026/05/27 00:39:00.273,n,-4.196084,3.916267,5.048398,1.180564,OverRange,OverRange,OverRange,10.146826,13.16489,-4.586488
2026/05/27 00:40:00.260,n,-4.348249,6.517054,5.324389,1.425226,OverRange,OverRange,OverRange,10.162068,13.156278,-4.572751
2026/05/27 00:41:00.261,n,-4.30437,3.951199,4.329304,1.247414,OverRange,OverRange,OverRange,10.089574,13.145464,-4.668226
2026/05/27 00:42:00.263,n,-4.275118,6.593014,5.069342,1.566197,OverRange,OverRange,OverRange,10.196148,13.13579,-4.606026
2026/05/27 00:43:00.265,n,-4.172862,3.770882,4.476811,1.147672,OverRange,OverRange,OverRange,10.05629,13.122828,-4.601931
2026/05/27 00:44:00.266,n,-4.181458,3.3926,4.960403,1.498645,OverRange,OverRange,OverRange,10.091386,13.110906,-4.551506
2026/05/27 00:45:00.269,n,-4.155028,6.422679,4.956135,1.483491,OverRange,OverRange,OverRange,10.06133,13.092568,-4.547496
2026/05/27 00:46:00.270,n,-4.210582,3.355702,4.806225,1.729307,OverRange,OverRange,OverRange,9.967656,13.08068,-4.656622
2026/05/27 00:47:00.274,n,-3.982206,6.395157,5.233301,1.539534,OverRange,OverRange,OverRange,10.045548,13.066644,-4.53009
2026/05/27 00:48:00.258,n,-3.61039,6.825341,4.783163,1.530779,OverRange,OverRange,OverRange,10.035904,13.061252,-4.284447
2026/05/27 00:49:00.260,n,-3.276679,6.712273,4.912281,1.57549,OverRange,OverRange,OverRange,10.01707,13.047166,-4.0429
2026/05/27 00:50:00.262,n,-3.224332,6.453205,4.879304,1.718085,OverRange,OverRange,OverRange,10.024212,13.039626,-3.97652
2026/05/27 00:51:00.264,n,-2.998779,6.537184,4.630206,1.494441,OverRange,OverRange,OverRange,10.043774,13.033128,-3.777805
2026/05/27 00:52:00.266,n,-2.787852,6.602225,5.099756,1.543407,OverRange,OverRange,OverRange,10.015762,13.03531,-3.63745
2026/05/27 00:53:00.268,n,-2.699966,5.742384,4.634083,1.32453,OverRange,OverRange,OverRange,10.077108,13.02878,-3.536343
2026/05/27 00:54:00.270,n,-2.632737,6.283284,5.007195,1.546825,OverRange,OverRange,OverRange,10.086518,13.02878,-3.590864
2026/05/27 00:55:00.271,n,-2.524322,3.835249,4.239571,1.213606,OverRange,OverRange,OverRange,10.04506,13.029886,-3.662961
2026/05/27 00:56:00.261,n,-2.80838,4.72577,5.066736,1.3268,OverRange,OverRange,OverRange,10.117794,13.033128,-3.816712
2026/05/27 00:57:00.259,n,-2.673793,3.343706,4.753102,1.51325,OverRange,OverRange,OverRange,10.10283,13.043942,-3.731134
2026/05/27 00:58:00.262,n,-2.793754,5.977365,5.814257,0.965754,OverRange,OverRange,OverRange,10.177608,13.054722,-3.619959
2026/05/27 00:59:00.262,n,-2.591937,6.543988,5.41933,1.574784,OverRange,OverRange,OverRange,10.149872,13.059086,-3.561684
2026/05/27 01:00:00.265,n,-2.535998,6.223057,5.089554,1.396188,OverRange,OverRange,OverRange,10.20838,13.066644,-3.431142
2026/05/27 01:01:00.267,n,-2.424889,3.808452,4.732185,1.512042,OverRange,OverRange,OverRange,10.16741,13.068792,-3.458444
2026/05/27 01:02:00.270,n,-2.474542,3.126839,5.063703,1.340641,OverRange,OverRange,OverRange,10.16541,13.085028,-3.448632
2026/05/27 01:03:00.273,n,-2.635816,3.771332,4.122532,1.158568,OverRange,OverRange,OverRange,10.225694,13.08607,-3.493512
2026/05/27 01:04:00.257,n,-2.586163,6.400268,5.562333,1.389287,OverRange,OverRange,OverRange,10.277538,13.100124,-3.47986
2026/05/27 01:05:00.260,n,-2.530096,4.451251,5.057471,1.519961,OverRange,OverRange,OverRange,10.229244,13.115236,-3.444793
2026/05/27 01:06:00.262,n,-2.512903,6.004898,5.727652,1.071749,OverRange,OverRange,OverRange,10.26791,13.122828,-3.514928
2026/05/27 01:07:00.261,n,-2.448368,4.350886,4.238201,0.740916,OverRange,OverRange,OverRange,10.29154,13.128186,-3.421415
2026/05/27 01:08:00.265,n,-2.43387,3.864024,5.187593,1.370781,OverRange,OverRange,OverRange,10.227204,13.136864,-3.417575
2026/05/27 01:09:00.266,n,-2.474926,6.429603,4.659819,0.980967,OverRange,OverRange,OverRange,10.386586,13.14657,-3.357167
2026/05/27 01:10:00.268,n,-2.386912,6.229532,5.362498,1.454341,OverRange,OverRange,OverRange,10.309814,13.156278,-3.368942
2026/05/27 01:11:00.269,n,-2.325712,3.982786,5.167232,1.350285,OverRange,OverRange,OverRange,10.228932,13.170316,-3.287032
2026/05/27 01:12:00.272,n,-2.47762,6.216175,5.844258,1.190968,OverRange,OverRange,OverRange,10.38915,13.17463,-3.405715
2026/05/27 01:13:00.257,n,-2.454142,3.280968,4.485287,1.440692,OverRange,OverRange,OverRange,10.33522,13.189744,-3.364931
2026/05/27 01:14:00.260,n,-2.425145,6.26953,4.848352,1.396439,OverRange,OverRange,OverRange,10.376664,13.198376,-3.296674
2026/05/27 01:15:00.261,n,-2.378187,3.819461,5.023102,1.293022,OverRange,OverRange,OverRange,10.268388,13.20704,-3.392405
2026/05/27 01:16:00.263,n,-2.436693,3.245184,4.657764,1.535925,OverRange,OverRange,OverRange,10.387834,13.216762,-3.300599
2026/05/27 01:17:00.266,n,-2.445417,3.794768,4.614734,1.513975,OverRange,OverRange,OverRange,10.422674,13.229708,-3.325939
2026/05/27 01:18:00.267,n,-2.404489,3.948955,4.93047,1.411616,OverRange,OverRange,OverRange,10.393666,13.241596,-3.323977
2026/05/27 01:19:00.270,n,-2.626835,3.324172,4.730701,1.505908,OverRange,OverRange,OverRange,10.413754,13.252378,-3.477812
2026/05/27 01:20:00.271,n,-2.486473,3.990166,5.103829,1.314993,OverRange,OverRange,OverRange,10.394974,13.258844,-3.380546
2026/05/27 01:21:00.273,n,-2.460043,3.873448,5.022295,1.275821,OverRange,OverRange,OverRange,10.396226,13.271808,-3.39232
2026/05/27 01:22:00.258,n,-2.47467,6.312111,5.85935,1.043497,OverRange,OverRange,OverRange,10.432552,13.275048,-3.345478
2026/05/27 01:23:00.261,n,-2.471847,5.29874,4.762977,1.430251,OverRange,OverRange,OverRange,10.377392,13.291236,-3.325939
2026/05/27 01:24:00.262,n,-2.512903,6.331577,5.396016,1.463966,OverRange,OverRange,OverRange,10.403824,13.302018,-3.388224
2026/05/27 01:25:00.264,n,-2.59168,3.9847,5.056646,1.33291,OverRange,OverRange,OverRange,10.22845,13.307442,-3.468342
2026/05/27 01:26:00.267,n,-2.726524,6.011322,5.29312,1.404581,OverRange,OverRange,OverRange,10.455196,13.315,-3.507163
2026/05/27 01:27:00.268,n,-2.638766,3.94991,4.248666,1.235077,OverRange,OverRange,OverRange,10.279816,13.319298,-3.503239
2026/05/27 01:28:00.271,n,-2.600789,3.282221,4.66996,1.556197,OverRange,OverRange,OverRange,10.34586,13.319754,-3.458444
2026/05/27 01:29:00.271,n,-2.636329,3.884742,4.318543,1.132608,OverRange,OverRange,OverRange,10.342906,13.327294,-3.476447
2026/05/27 01:30:00.276,n,-2.806199,3.209161,5.669132,1.219388,OverRange,OverRange,OverRange,10.342372,13.332718,-3.632075
2026/05/27 01:31:00.260,n,-2.703558,4.029732,3.900653,0.10187,OverRange,OverRange,OverRange,10.33759,13.333776,-3.472438
2026/05/27 01:32:00.262,n,-2.627604,3.95169,5.177113,1.323927,OverRange,OverRange,OverRange,10.298112,13.344574,-3.540524
2026/05/27 01:33:00.264,n,-2.539975,3.816889,4.5628,1.373171,OverRange,OverRange,OverRange,10.344396,13.354314,-3.437285
2026/05/27 01:34:00.267,n,-2.589627,6.620155,5.180018,1.455537,OverRange,OverRange,OverRange,10.339814,13.351058,-3.375085
2026/05/27 01:35:00.268,n,-2.694834,3.689294,4.176571,1.228891,OverRange,OverRange,OverRange,10.277532,13.356462,-3.490014
2026/05/27 01:36:00.272,n,-2.642359,3.338964,4.946116,1.697443,OverRange,OverRange,OverRange,10.351018,13.366138,-3.493768
2026/05/27 01:37:00.273,n,-2.557167,4.603031,5.387015,1.250316,OverRange,OverRange,OverRange,10.375682,13.370486,-3.447097
2026/05/27 01:38:00.274,n,-2.580646,3.949916,5.319931,1.426713,OverRange,OverRange,OverRange,10.343644,13.37915,-3.481994
2026/05/27 01:39:00.277,n,-2.580775,6.296231,5.028076,1.429698,OverRange,OverRange,OverRange,10.416616,13.383416,-3.530712
2026/05/27 01:40:00.261,n,-2.577824,5.437775,3.986376,0.759539,OverRange,OverRange,OverRange,10.367004,13.388842,-3.505628
2026/05/27 01:41:00.262,n,-2.870606,4.280754,4.209993,0.962612,OverRange,OverRange,OverRange,10.424006,13.39205,-3.618338
2026/05/27 01:42:00.267,n,-2.724087,5.873181,4.85231,1.400955,OverRange,OverRange,OverRange,10.416592,13.399622,-3.575591
2026/05/27 01:43:00.267,n,-2.627861,3.164395,4.423026,1.564988,OverRange,OverRange,OverRange,10.436392,13.406056,-3.542572
2026/05/27 01:44:00.269,n,-2.662374,3.97886,5.318761,1.324843,OverRange,OverRange,OverRange,10.33726,13.407164,-3.540524
2026/05/27 01:45:00.270,n,-2.68611,6.096465,5.121752,1.416349,OverRange,OverRange,OverRange,10.47073,13.420094,-3.49573
2026/05/27 01:46:00.272,n,-2.498534,5.439053,4.904338,1.300125,OverRange,OverRange,OverRange,10.401078,13.419052,-3.476362
2026/05/27 01:47:00.274,n,-2.490065,3.78052,4.899693,1.596365,OverRange,OverRange,OverRange,10.411236,13.435226,-3.46655
2026/05/27 01:48:00.276,n,-2.405259,3.823791,5.335934,1.421142,OverRange,OverRange,OverRange,10.381486,13.438402,-3.454775
2026/05/27 01:49:00.263,n,-2.486987,3.32984,4.699655,1.175973,OverRange,OverRange,OverRange,10.503022,13.440584,-3.384897
2026/05/27 01:50:00.266,n,-2.396406,3.90776,4.566523,1.392937,OverRange,OverRange,OverRange,10.470486,13.446006,-3.392576
2026/05/27 01:51:00.266,n,-2.525092,6.509842,4.584771,1.518702,OverRange,OverRange,OverRange,10.543896,13.451366,-3.42952
2026/05/27 01:52:00.268,n,-2.493017,3.846497,4.386609,1.403801,OverRange,OverRange,OverRange,10.399054,13.454622,-3.49172
2026/05/27 01:53:00.271,n,-2.460685,3.307072,4.787111,1.517227,OverRange,OverRange,OverRange,10.484146,13.461072,-3.396586
2026/05/27 01:54:00.273,n,-2.43464,6.237213,4.9533,1.674317,OverRange,OverRange,OverRange,10.561386,13.471902,-3.324318
2026/05/27 01:55:00.276,n,-2.376006,3.355818,4.611635,1.584284,OverRange,OverRange,OverRange,10.480606,13.475112,-3.361433
2026/05/27 01:56:00.280,n,-2.402436,4.610475,5.128577,1.618576,OverRange,OverRange,OverRange,10.556316,13.47907,-3.23473
2026/05/27 01:57:00.280,n,-2.537024,6.567283,4.925092,1.855529,OverRange,OverRange,OverRange,10.486044,13.482246,-3.357509
2026/05/27 01:58:00.263,n,-2.522398,3.209292,4.828059,1.656232,OverRange,OverRange,OverRange,10.496532,13.482246,-3.355546
2026/05/27 01:59:00.267,n,-2.533945,3.730195,4.572323,1.496194,OverRange,OverRange,OverRange,10.507218,13.48767,-3.342065
2026/05/27 02:00:00.268,n,-2.510466,3.654102,4.906096,1.556199,OverRange,OverRange,OverRange,10.552176,13.497394,-3.316724
2026/05/27 02:01:00.272,n,-2.548443,6.269037,6.113701,0.653248,OverRange,OverRange,OverRange,10.556764,13.49845,-3.266214
2026/05/27 02:02:00.272,n,-2.487115,3.76289,4.058245,1.019522,OverRange,OverRange,OverRange,10.53769,13.504918,-3.332083
2026/05/27 02:03:00.275,n,-2.475439,4.542815,3.788942,0.376683,OverRange,OverRange,OverRange,10.623322,13.511384,-3.291299
2026/05/27 02:04:00.275,n,-2.466586,4.573008,6.047907,0.737504,OverRange,OverRange,OverRange,10.505188,13.513566,-3.293091
2026/05/27 02:05:00.277,n,-2.466458,6.782704,4.253164,1.249374,OverRange,OverRange,OverRange,10.584172,13.52324,-3.277732
2026/05/27 02:06:00.279,n,-2.381523,3.481756,5.242082,1.555859,OverRange,OverRange,OverRange,10.46608,13.52215,-3.295053
2026/05/27 02:07:00.267,n,-2.352399,3.057458,4.525517,1.438506,OverRange,OverRange,OverRange,10.57247,13.527556,-3.277647
2026/05/27 02:08:00.270,n,-2.367282,6.353451,4.99951,1.623365,OverRange,OverRange,OverRange,10.614136,13.534022,-3.228928
2026/05/27 02:09:00.269,n,-2.264897,6.627392,4.870165,1.817278,OverRange,OverRange,OverRange,10.523194,13.543714,-3.27961
2026/05/27 02:10:00.272,n,-2.285169,6.421636,5.027162,1.389087,OverRange,OverRange,OverRange,10.537176,13.544838,-3.256231
2026/05/27 02:11:00.273,n,-2.30852,3.395351,4.86884,1.65957,OverRange,OverRange,OverRange,10.52626,13.552346,-3.221335
2026/05/27 02:12:00.275,n,-2.323403,3.167963,4.950676,1.741011,OverRange,OverRange,OverRange,10.580836,13.553454,-3.213314
2026/05/27 02:13:00.276,n,-2.346753,5.020998,5.560292,1.275849,OverRange,OverRange,OverRange,10.590744,13.561076,-3.209475
2026/05/27 02:14:00.279,n,-2.421938,3.149596,4.927702,1.69227,OverRange,OverRange,OverRange,10.543722,13.558908,-3.300343
2026/05/27 02:15:00.281,n,-2.42784,6.538814,5.401435,1.602266,OverRange,OverRange,OverRange,10.616612,13.56645,-3.333533
2026/05/27 02:16:00.266,n,-2.483394,3.535221,4.868477,1.765858,OverRange,OverRange,OverRange,10.491618,13.565376,-3.360751
2026/05/27 02:17:00.269,n,-2.47762,3.45667,4.924013,1.811684,OverRange,OverRange,OverRange,10.55359,13.571874,-3.333362
2026/05/27 02:18:00.270,n,-2.486345,3.311144,4.63266,1.632354,OverRange,OverRange,OverRange,10.584874,13.579368,-3.29838
2026/05/27 02:19:00.273,n,-2.468768,3.398193,5.317167,1.602279,OverRange,OverRange,OverRange,10.578766,13.584774,-3.34326
2026/05/27 02:20:00.275,n,-2.556526,3.782063,4.74257,1.489073,OverRange,OverRange,OverRange,10.573156,13.58155,-3.327731
2026/05/27 02:21:00.276,n,-2.574103,5.961042,4.501919,1.432028,OverRange,OverRange,OverRange,10.661566,13.606404,-3.382167
2026/05/27 02:22:00.280,n,-2.299539,6.542064,5.290195,1.655687,OverRange,OverRange,OverRange,10.597052,13.609432,-3.166728
2026/05/27 02:23:00.281,n,-2.401153,3.87706,4.585546,1.455754,OverRange,OverRange,OverRange,10.516638,13.60621,-3.2692
2026/05/27 02:24:00.283,n,-2.316346,6.099444,5.244109,1.412,OverRange,OverRange,OverRange,10.621572,13.614174,-3.306315
2026/05/27 02:25:00.267,n,-2.443107,5.678113,4.94471,1.468722,OverRange,OverRange,OverRange,10.517522,13.619596,-3.476021
2026/05/27 02:26:00.271,n,-2.527786,6.574383,4.840527,1.417884,OverRange,OverRange,OverRange,10.601878,13.616356,-3.337799
2026/05/27 02:27:00.272,n,-2.528043,3.719925,4.297152,1.174795,OverRange,OverRange,OverRange,10.509908,13.62497,-3.361177
2026/05/27 02:28:00.276,n,-2.551265,6.596834,5.422089,1.57912,OverRange,OverRange,OverRange,10.625698,13.62497,-3.384726
2026/05/27 02:29:00.276,n,-2.563069,6.103006,5.320807,1.486475,OverRange,OverRange,OverRange,10.559164,13.629288,-3.443001
2026/05/27 02:30:00.279,n,-2.668532,3.903482,4.481588,1.218364,OverRange,OverRange,OverRange,10.528996,13.630364,-3.509211
2026/05/27 02:31:00.280,n,-2.756547,5.585266,5.030616,1.477774,OverRange,OverRange,OverRange,10.584332,13.63468,-3.485748
2026/05/27 02:32:00.284,n,-2.665325,3.412098,4.698354,1.548066,OverRange,OverRange,OverRange,10.54775,13.632528,-3.458615
2026/05/27 02:33:00.283,n,-2.571922,6.588415,5.441866,1.687404,OverRange,OverRange,OverRange,10.575424,13.635786,-3.411858
2026/05/27 02:34:00.277,n,-2.732683,3.48767,4.728539,1.444184,OverRange,OverRange,OverRange,10.525132,13.636846,-3.493427
2026/05/27 02:35:00.273,n,-2.674177,3.228712,5.236343,1.372644,OverRange,OverRange,OverRange,10.59779,13.639028,-3.468342
2026/05/27 02:36:00.257,n,-2.598224,5.145009,5.577924,1.173853,OverRange,OverRange,OverRange,10.564998,13.639028,-3.374829
2026/05/27 02:37:00.259,n,-2.656729,6.165418,5.461983,1.600918,OverRange,OverRange,OverRange,10.577932,13.639028,-3.408104
2026/05/27 02:38:00.261,n,-2.650955,6.331923,4.024656,1.15217,OverRange,OverRange,OverRange,10.634114,13.64328,-3.382593
2026/05/27 02:39:00.266,n,-2.75026,6.319613,5.721391,1.345046,OverRange,OverRange,OverRange,10.585576,13.644354,-3.444964
2026/05/27 02:40:00.269,n,-2.785543,6.028029,5.81741,0.285814,OverRange,OverRange,OverRange,10.615622,13.64328,-3.507249
2026/05/27 02:41:00.269,n,-2.896651,6.758581,5.455862,1.070196,OverRange,OverRange,OverRange,10.5277,13.647612,-3.55793
2026/05/27 02:42:00.269,n,-2.887799,6.143741,5.57691,1.233882,OverRange,OverRange,OverRange,10.57901,13.651928,-3.589073
2026/05/27 02:43:00.272,n,-2.864448,6.740153,5.178008,1.364303,OverRange,OverRange,OverRange,10.552292,13.647612,-3.552128
2026/05/27 02:44:00.257,n,-2.811845,3.809367,4.937611,1.62061,OverRange,OverRange,OverRange,10.479122,13.64543,-3.555967
2026/05/27 02:45:00.260,n,-2.785671,6.593268,5.105761,1.551374,OverRange,OverRange,OverRange,10.63023,13.648654,-3.489673
2026/05/27 02:46:00.261,n,-2.662759,6.250896,5.319962,1.496792,OverRange,OverRange,OverRange,10.535284,13.64007,-3.505371
2026/05/27 02:47:00.262,n,-2.574744,6.39345,4.805373,1.422994,OverRange,OverRange,OverRange,10.565786,13.646538,-3.437199
2026/05/27 02:48:00.265,n,-2.513545,6.278916,4.987954,1.580621,OverRange,OverRange,OverRange,10.542938,13.642238,-3.343686
2026/05/27 02:49:00.266,n,-2.440285,6.180047,5.659015,1.199531,OverRange,OverRange,OverRange,10.491354,13.642238,-3.343686
2026/05/27 02:50:00.268,n,-2.449266,6.282529,5.856207,1.211453,OverRange,OverRange,OverRange,10.493688,13.64543,-3.334045
2026/05/27 02:51:00.270,n,-2.364202,4.193969,4.628451,1.561343,OverRange,OverRange,OverRange,10.51321,13.64543,-3.382678
2026/05/27 02:52:00.271,n,-2.38178,6.679545,4.953033,1.856441,OverRange,OverRange,OverRange,10.587382,13.650822,-3.293091
2026/05/27 02:53:00.258,n,-2.364074,6.675503,5.148194,1.528256,OverRange,OverRange,OverRange,10.546754,13.649778,-3.320308
2026/05/27 02:54:00.260,n,-2.369976,6.572699,4.886346,1.851176,OverRange,OverRange,OverRange,10.583802,13.649778,-3.314421
2026/05/27 02:55:00.261,n,-2.326225,4.955584,4.504113,1.399327,OverRange,OverRange,OverRange,10.480912,13.656244,-3.250259
2026/05/27 02:56:00.263,n,-2.273237,3.383175,4.980916,1.453806,OverRange,OverRange,OverRange,10.52238,13.657318,-3.248126
2026/05/27 02:57:00.267,n,-2.28209,3.282618,4.723916,1.630827,OverRange,OverRange,OverRange,10.563736,13.669144,-3.224833
2026/05/27 02:58:00.268,n,-2.311343,3.406472,4.877217,1.338723,OverRange,OverRange,OverRange,10.538128,13.663754,-3.260071
2026/05/27 02:59:00.269,n,-2.320067,6.260756,5.39355,1.251221,OverRange,OverRange,OverRange,10.603124,13.66271,-3.248297
2026/05/27 03:00:00.272,n,-2.299539,6.584225,4.91096,1.883045,OverRange,OverRange,OverRange,10.617828,13.671328,-3.216983
2026/05/27 03:01:00.256,n,-2.299667,6.653631,4.941898,1.825674,OverRange,OverRange,OverRange,10.53858,13.673494,-3.20154
2026/05/27 03:02:00.260,n,-2.25566,5.88128,5.245265,1.633545,OverRange,OverRange,OverRange,10.603634,13.683184,-3.197615
2026/05/27 03:03:00.262,n,-2.220762,3.052117,4.756131,1.836351,OverRange,OverRange,OverRange,10.508316,13.678836,-3.263825
2026/05/27 03:04:00.263,n,-2.325969,6.787392,5.229488,1.675295,OverRange,OverRange,OverRange,10.649078,13.678836,-3.255975
2026/05/27 03:05:00.265,n,-2.323018,6.16662,5.233641,1.436486,OverRange,OverRange,OverRange,10.597306,13.684244,-3.302817
2026/05/27 03:06:00.269,n,-2.258611,6.644852,5.032706,1.771057,OverRange,OverRange,OverRange,10.620388,13.688542,-3.178162
2026/05/27 03:07:00.271,n,-2.267464,3.700412,4.522083,1.68503,OverRange,OverRange,OverRange,10.522064,13.696084,-3.203502
2026/05/27 03:08:00.273,n,-2.314294,6.823282,5.202706,1.638446,OverRange,OverRange,OverRange,10.643738,13.698218,-3.207342
2026/05/27 03:09:00.273,n,-2.279395,5.955806,4.877167,1.614971,OverRange,OverRange,OverRange,10.630254,13.704716,-3.246248
2026/05/27 03:10:00.258,n,-2.200106,3.347958,4.851161,1.591875,OverRange,OverRange,OverRange,10.565776,13.706866,-3.213314
2026/05/27 03:11:00.260,n,-2.244113,3.379524,4.536346,1.600949,OverRange,OverRange,OverRange,10.672928,13.713332,-3.195738
2026/05/27 03:12:00.263,n,-2.229615,3.219224,5.279341,1.686873,OverRange,OverRange,OverRange,10.648046,13.715468,-3.211181
2026/05/27 03:13:00.263,n,-2.176755,6.660932,5.0476,1.726588,OverRange,OverRange,OverRange,10.68488,13.718724,-3.104187
2026/05/27 03:14:00.265,n,-2.191509,3.362404,4.511926,1.616484,OverRange,OverRange,OverRange,10.631562,13.720858,-3.16067
2026/05/27 03:15:00.270,n,-2.202928,6.386928,5.42216,1.157255,OverRange,OverRange,OverRange,10.7075,13.724116,-3.117668
2026/05/27 03:16:00.271,n,-2.141729,6.423871,5.166746,1.31589,OverRange,OverRange,OverRange,10.611226,13.728432,-3.145142
2026/05/27 03:17:00.271,n,-2.103623,3.341313,4.993674,1.43846,OverRange,OverRange,OverRange,10.587342,13.737016,-3.146934
2026/05/27 03:18:00.273,n,-2.162128,5.999815,5.80473,1.181385,OverRange,OverRange,OverRange,10.752682,13.739184,-3.094375
2026/05/27 03:19:00.260,n,-2.07142,3.050983,4.414462,1.456861,OverRange,OverRange,OverRange,10.621338,13.739184,-3.071082
2026/05/27 03:20:00.260,n,-2.16803,4.112934,4.622978,1.489633,OverRange,OverRange,OverRange,10.717366,13.743516,-3.076884
2026/05/27 03:21:00.264,n,-2.147631,3.630458,4.559782,1.262089,OverRange,OverRange,OverRange,10.703934,13.751008,-3.036015
2026/05/27 03:22:00.265,n,-2.182785,3.91327,4.293534,1.123194,OverRange,OverRange,OverRange,10.710546,13.75534,-3.047619
2026/05/27 03:23:00.266,n,-2.203056,3.626876,3.69138,0.095188,OverRange,OverRange,OverRange,10.782908,13.758582,-3.088574
2026/05/27 03:24:00.269,n,-2.194332,6.210099,5.461789,1.32792,OverRange,OverRange,OverRange,10.787466,13.757476,-3.178162
2026/05/27 03:25:00.270,n,-2.126974,6.431923,5.519984,1.193259,OverRange,OverRange,OverRange,10.61403,13.763974,-3.230635
2026/05/27 03:26:00.271,n,-2.083095,4.457713,5.802134,0.782971,OverRange,OverRange,OverRange,10.599076,13.769332,-3.178162
2026/05/27 03:27:00.274,n,-2.118378,3.236505,4.582861,1.58052,OverRange,OverRange,OverRange,10.709972,13.77259,-3.086696
2026/05/27 03:28:00.260,n,-2.11825,5.025725,5.033695,1.48865,OverRange,OverRange,OverRange,10.753444,13.783308,-3.113829
2026/05/27 03:29:00.261,n,-2.135698,3.556192,4.807995,1.355506,OverRange,OverRange,OverRange,10.683152,13.784416,-3.143009
2026/05/27 03:30:00.264,n,-2.080016,3.528426,4.632712,1.35574,OverRange,OverRange,OverRange,10.711004,13.784416,-3.133453
2026/05/27 03:31:00.265,n,-2.124151,6.12374,5.325381,1.579283,OverRange,OverRange,OverRange,10.801926,13.794124,-3.098215
2026/05/27 03:32:00.269,n,-2.056793,3.250588,5.244266,1.589145,OverRange,OverRange,OverRange,10.607168,13.79738,-3.139255
2026/05/27 03:33:00.270,n,-2.173932,6.609512,4.855923,1.569902,OverRange,OverRange,OverRange,10.797334,13.799482,-3.067243
2026/05/27 03:34:00.271,n,-2.200234,6.768812,5.08676,1.638025,OverRange,OverRange,OverRange,10.741242,13.80595,-3.143265
2026/05/27 03:35:00.273,n,-2.247192,6.483234,4.879929,1.707669,OverRange,OverRange,OverRange,10.77269,13.812416,-3.13917
2026/05/27 03:36:00.276,n,-2.200234,6.512321,4.991995,1.591228,OverRange,OverRange,OverRange,10.742448,13.816732,-3.127566
2026/05/27 03:37:00.261,n,-2.258867,6.295286,4.873458,1.796196,OverRange,OverRange,OverRange,10.733094,13.821,-3.10615
2026/05/27 03:38:00.265,n,-2.168287,3.177234,5.163158,1.589198,OverRange,OverRange,OverRange,10.64655,13.827498,-3.073045
2026/05/27 03:39:00.265,n,-2.191638,3.335129,4.712268,1.521693,OverRange,OverRange,OverRange,10.681824,13.828558,-3.028165
2026/05/27 03:40:00.267,n,-2.26772,6.632235,5.083529,1.666797,OverRange,OverRange,OverRange,10.711518,13.836066,-3.039854
2026/05/27 03:41:00.269,n,-2.208958,5.523442,4.524483,1.310753,OverRange,OverRange,OverRange,10.66331,13.838248,-3.096508
2026/05/27 03:42:00.271,n,-2.258611,6.852264,5.263049,1.562415,OverRange,OverRange,OverRange,10.730352,13.843608,-3.047704
2026/05/27 03:43:00.275,n,-2.296716,6.238516,5.291294,1.534974,OverRange,OverRange,OverRange,10.738464,13.84579,-3.106065
2026/05/27 03:44:00.275,n,-2.246807,3.870096,5.195501,1.408615,OverRange,OverRange,OverRange,10.651638,13.853298,-3.147019
2026/05/27 03:45:00.277,n,-2.217554,6.678858,4.991504,1.630659,OverRange,OverRange,OverRange,10.727764,13.853298,-3.07313
2026/05/27 03:46:00.262,n,-2.185479,6.513683,5.360938,1.579529,OverRange,OverRange,OverRange,10.61501,13.850106,-3.06528
2026/05/27 03:47:00.264,n,-2.191509,3.30351,4.713343,1.597383,OverRange,OverRange,OverRange,10.647268,13.850106,-3.100263
2026/05/27 03:48:00.267,n,-2.23526,6.309317,5.747888,1.199944,OverRange,OverRange,OverRange,10.748638,13.851882,-3.090621
2026/05/27 03:49:00.269,n,-2.26695,6.753181,5.099072,1.686234,OverRange,OverRange,OverRange,10.688914,13.844342,-3.158452
2026/05/27 03:50:00.271,n,-2.316988,3.344798,4.936345,1.436235,OverRange,OverRange,OverRange,10.668614,13.8497,-3.228502
2026/05/27 03:51:00.272,n,-2.316731,6.318309,5.425469,1.606425,OverRange,OverRange,OverRange,10.741984,13.848658,-3.166217
2026/05/27 03:52:00.275,n,-2.32289,6.305575,6.134335,0.494646,OverRange,OverRange,OverRange,10.637178,13.852958,-3.164168
2026/05/27 03:53:00.276,n,-2.401538,3.611875,4.51983,1.254363,OverRange,OverRange,OverRange,10.671926,13.857242,-3.205038
2026/05/27 03:54:00.277,n,-2.512903,3.545293,4.694794,1.450384,OverRange,OverRange,OverRange,10.72015,13.857242,-3.312117
2026/05/27 03:55:00.263,n,-2.574231,3.840746,4.393949,1.407708,OverRange,OverRange,OverRange,10.753912,13.859424,-3.279097
2026/05/27 03:56:00.265,n,-2.62414,3.843469,3.799784,0.156147,OverRange,OverRange,OverRange,10.70393,13.85835,-3.290701
2026/05/27 03:57:00.266,n,-2.629914,5.594748,4.626421,1.321995,OverRange,OverRange,OverRange,10.630016,13.864816,-3.310154
2026/05/27 03:58:00.269,n,-2.615159,6.584225,5.469516,1.515525,OverRange,OverRange,OverRange,10.610708,13.86159,-3.352986
2026/05/27 03:59:00.271,n,-2.714849,4.665405,4.530752,1.096147,OverRange,OverRange,OverRange,10.561432,13.859424,-3.432848
2026/05/27 04:00:00.273,n,-2.790932,6.428319,4.92474,1.754236,OverRange,OverRange,OverRange,10.652828,13.860498,-3.450339
2026/05/27 04:01:00.275,n,-2.749747,3.631289,5.029077,1.459131,OverRange,OverRange,OverRange,10.56982,13.857242,-3.526276
2026/05/27 04:02:00.281,n,-2.501099,6.598974,4.708788,1.499016,OverRange,OverRange,OverRange,10.67774,13.85835,-3.288739
2026/05/27 04:03:00.278,n,-2.37498,5.016414,5.15681,1.339479,OverRange,OverRange,OverRange,10.521318,13.85835,-3.306401
2026/05/27 04:04:00.263,n,-2.369335,3.807706,4.734407,1.412409,OverRange,OverRange,OverRange,10.614812,13.857242,-3.197188
2026/05/27 04:05:00.265,n,-2.659038,6.031613,4.551699,1.137176,OverRange,OverRange,OverRange,10.779832,13.85835,-3.294541
2026/05/27 04:06:00.269,n,-2.386912,6.337919,6.045267,0.201238,OverRange,OverRange,OverRange,10.636668,13.85835,-3.263483
2026/05/27 04:07:00.270,n,-2.313652,6.524973,5.238741,1.492674,OverRange,OverRange,OverRange,10.559938,13.851882,-3.259559
2026/05/27 04:08:00.272,n,-2.325456,3.953297,4.602644,1.546439,OverRange,OverRange,OverRange,10.522818,13.859424,-3.226539
2026/05/27 04:09:00.274,n,-2.22012,3.845536,4.78286,1.444511,OverRange,OverRange,OverRange,10.535258,13.863708,-3.166046
2026/05/27 04:10:00.277,n,-2.343033,6.569356,4.91535,1.837308,OverRange,OverRange,OverRange,10.629232,13.85835,-3.214765
2026/05/27 04:11:00.278,n,-2.14391,3.419303,4.897324,1.734381,OverRange,OverRange,OverRange,10.430308,13.863708,-3.156404
2026/05/27 04:12:00.281,n,-2.147246,3.146532,5.057187,1.546061,OverRange,OverRange,OverRange,10.50887,13.864816,-3.21869
2026/05/27 04:13:00.269,n,-2.097208,3.277079,5.369819,1.670284,OverRange,OverRange,OverRange,10.521826,13.86589,-3.129187
2026/05/27 04:14:00.269,n,-2.091435,6.068429,5.572327,1.226524,OverRange,OverRange,OverRange,10.576956,13.868026,-3.160159
2026/05/27 04:15:00.269,n,-2.170211,3.324514,4.016042,1.295123,OverRange,OverRange,OverRange,10.525884,13.870208,-3.209048
2026/05/27 04:16:00.271,n,-2.190868,3.823624,5.364791,1.29152,OverRange,OverRange,OverRange,10.560658,13.868026,-3.209048
2026/05/27 04:17:00.273,n,-2.138008,6.485599,4.792809,1.449198,OverRange,OverRange,OverRange,10.612996,13.872324,-3.167923
2026/05/27 04:18:00.275,n,-2.038703,3.747797,4.12341,1.225443,OverRange,OverRange,OverRange,10.522812,13.875534,-3.084393
2026/05/27 04:19:00.277,n,-2.091178,6.178086,4.92443,1.199173,OverRange,OverRange,OverRange,10.70191,13.874492,-3.039428
2026/05/27 04:20:00.280,n,-2.02985,6.333622,5.376394,1.478075,OverRange,OverRange,OverRange,10.572586,13.877716,-3.11545
2026/05/27 04:21:00.282,n,-2.062054,6.404253,4.982146,1.385506,OverRange,OverRange,OverRange,10.590138,13.877716,-3.129016
2026/05/27 04:22:00.266,n,-2.038703,6.16418,5.771449,1.310495,OverRange,OverRange,OverRange,10.56833,13.87985,-3.127224
2026/05/27 04:23:00.269,n,-2.02985,3.385944,4.540824,1.44823,OverRange,OverRange,OverRange,10.43541,13.88096,-3.150432
2026/05/27 04:24:00.270,n,-2.035624,3.799423,4.609648,1.455618,OverRange,OverRange,OverRange,10.54622,13.882032,-3.162377
2026/05/27 04:25:00.272,n,-2.211396,3.642375,4.446926,1.128897,OverRange,OverRange,OverRange,10.56425,13.884182,-3.23618
2026/05/27 04:26:00.351,n,-2.179192,5.674735,5.736876,1.236197,OverRange,OverRange,OverRange,10.53122,13.891692,-3.279098
2026/05/27 04:27:00.349,n,-2.056152,3.314298,4.664426,1.51834,OverRange,OverRange,OverRange,10.526378,13.891692,-3.170056
2026/05/27 04:28:00.404,n,-2.091306,3.308879,4.891882,1.797939,OverRange,OverRange,OverRange,10.560176,13.891692,-3.136866
2026/05/27 04:29:00.418,n,-2.170468,5.891614,5.366819,1.190229,OverRange,OverRange,OverRange,10.584056,13.9014,-3.169971
2026/05/27 04:30:00.406,n,-2.041654,3.781306,4.913893,1.579484,OverRange,OverRange,OverRange,10.596498,13.897118,-3.092157
2026/05/27 04:31:00.267,n,-2.228845,3.416847,4.605325,1.481717,OverRange,OverRange,OverRange,10.643174,13.897118,-3.136951
2026/05/27 04:32:00.270,n,-2.21114,6.50891,5.263388,1.348818,OverRange,OverRange,OverRange,10.678004,13.897118,-3.076543
2026/05/27 04:33:00.273,n,-2.094385,6.496197,4.921175,1.447447,OverRange,OverRange,OverRange,10.628236,13.902474,-3.002483
2026/05/27 04:34:00.274,n,-2.050378,6.568416,4.630345,1.555277,OverRange,OverRange,OverRange,10.616558,13.905716,-3.014258
2026/05/27 04:35:00.276,n,-2.053201,4.42682,4.560107,1.534189,OverRange,OverRange,OverRange,10.542664,13.908976,-2.998644
2026/05/27 04:36:00.279,n,-2.076808,6.502229,4.958589,1.745105,OverRange,OverRange,OverRange,10.653606,13.910002,-2.973303
2026/05/27 04:37:00.265,n,-2.109012,6.623037,4.803599,1.480056,OverRange,OverRange,OverRange,10.579474,13.9079,-3.023985
2026/05/27 04:38:00.281,n,-2.217041,5.25047,4.793103,1.371928,OverRange,OverRange,OverRange,10.556366,13.9079,-3.154442
2026/05/27 04:39:00.285,n,-2.185223,3.981259,4.967695,1.058148,OverRange,OverRange,OverRange,10.47283,13.914302,-3.098044
2026/05/27 04:40:00.270,n,-2.258098,6.273643,6.328267,0.109946,OverRange,OverRange,OverRange,10.5757,13.91215,-3.197359
2026/05/27 04:41:00.272,n,-2.079631,3.168896,5.800816,1.293804,OverRange,OverRange,OverRange,10.454306,13.914302,-3.138914
2026/05/27 04:42:00.272,n,-2.228973,3.781016,4.222416,1.049413,OverRange,OverRange,OverRange,10.666336,13.913226,-3.117498
2026/05/27 04:43:00.275,n,-2.281705,6.593066,4.987573,1.521021,OverRange,OverRange,OverRange,10.654812,13.921844,-3.148555
2026/05/27 04:44:00.260,n,-2.100031,6.276035,5.906877,0.848345,OverRange,OverRange,OverRange,10.625998,13.926128,-3.101884
2026/05/27 04:45:00.278,n,-2.064876,6.348255,5.407019,1.359029,OverRange,OverRange,OverRange,10.520554,13.925084,-3.0611
2026/05/27 04:46:00.281,n,-2.085404,3.788562,4.210335,1.164862,OverRange,OverRange,OverRange,10.465098,13.925084,-3.041475
2026/05/27 04:47:00.284,n,-2.05025,6.288324,5.890467,1.205503,OverRange,OverRange,OverRange,10.619294,13.922936,-2.905216
2026/05/27 04:48:00.268,n,-2.179192,3.42147,3.825571,0.568446,OverRange,OverRange,OverRange,10.57543,13.9208,-3.035759
2026/05/27 04:49:00.270,n,-2.141087,6.439105,4.960106,1.754761,OverRange,OverRange,OverRange,10.698024,13.92401,-2.961614
2026/05/27 04:50:00.272,n,-2.065133,3.888331,4.633803,1.292218,OverRange,OverRange,OverRange,10.564988,13.928294,-2.963577
2026/05/27 04:51:00.259,n,-1.974296,3.237603,4.586742,1.302076,OverRange,OverRange,OverRange,10.682852,13.934794,-2.848733
2026/05/27 04:52:00.259,n,-2.184966,3.780685,3.685964,0.098921,OverRange,OverRange,OverRange,10.719946,13.930444,-2.938236
2026/05/27 04:53:00.263,n,-2.111834,6.454273,5.011423,1.587699,OverRange,OverRange,OverRange,10.770636,13.935836,-2.844808
2026/05/27 04:54:00.264,n,-2.088484,3.51191,5.532171,1.089656,OverRange,OverRange,OverRange,10.630016,13.937986,-2.994805
2026/05/27 04:55:00.266,n,-1.950945,4.671334,4.682663,1.431008,OverRange,OverRange,OverRange,10.726486,13.944454,-2.753428
2026/05/27 04:56:00.268,n,-1.968394,6.783972,4.463286,1.249053,OverRange,OverRange,OverRange,10.798092,13.940152,-2.842846
2026/05/27 04:57:00.268,n,-1.982892,6.107083,5.220849,1.460527,OverRange,OverRange,OverRange,10.718384,13.94341,-2.897367
2026/05/27 04:58:00.270,n,-2.14994,6.419852,5.833075,1.181563,OverRange,OverRange,OverRange,10.668606,13.94341,-3.103846
2026/05/27 04:59:00.256,n,-2.12646,3.214638,4.496804,1.511427,OverRange,OverRange,OverRange,10.598964,13.94341,-3.058967
2026/05/27 05:00:00.259,n,-2.053457,3.862775,5.175356,1.471754,OverRange,OverRange,OverRange,10.640916,13.946618,-3.006408
2026/05/27 05:01:00.261,n,-1.94222,6.224946,6.159225,0.512458,OverRange,OverRange,OverRange,10.632092,13.955236,-2.930472
2026/05/27 05:02:00.261,n,-1.927466,3.207003,5.233802,1.314584,OverRange,OverRange,OverRange,10.653912,13.956312,-2.942246
2026/05/27 05:03:00.269,n,-2.152762,6.419842,5.288215,1.30806,OverRange,OverRange,OverRange,10.793234,13.949812,-3.026032
2026/05/27 05:04:00.265,n,-2.094257,3.709658,4.795514,1.513251,OverRange,OverRange,OverRange,10.682364,13.956312,-2.988917
2026/05/27 05:05:00.268,n,-2.21114,3.102059,4.589338,1.501068,OverRange,OverRange,OverRange,10.707708,13.954128,-3.055212
2026/05/27 05:06:00.270,n,-2.091306,3.281667,4.995737,1.509206,OverRange,OverRange,OverRange,10.719396,13.957354,-2.961614
2026/05/27 05:07:00.272,n,-2.144295,5.718139,4.041697,0.826291,OverRange,OverRange,OverRange,10.803686,13.955236,-2.95385
2026/05/27 05:08:00.257,n,-2.305056,6.511875,5.639672,1.166458,OverRange,OverRange,OverRange,10.77297,13.961638,-3.084308
2026/05/27 05:09:00.259,n,-2.147246,6.580535,5.171992,1.3426,OverRange,OverRange,OverRange,10.64703,13.965954,-3.018097
2026/05/27 05:10:00.262,n,-2.065133,5.995361,4.989742,1.471067,OverRange,OverRange,OverRange,10.667592,13.965954,-2.969634
2026/05/27 05:11:00.263,n,-2.179192,4.520763,4.837309,1.426773,OverRange,OverRange,OverRange,10.604116,13.970254,-3.095911
2026/05/27 05:12:00.267,n,-2.310701,5.938951,5.48934,1.118626,OverRange,OverRange,OverRange,10.651342,13.971346,-3.130979
2026/05/27 05:13:00.266,n,-2.085532,3.704592,5.299737,1.360508,OverRange,OverRange,OverRange,10.490352,13.96703,-3.121337
2026/05/27 05:14:00.269,n,-2.085661,6.571262,4.979774,1.748016,OverRange,OverRange,OverRange,10.669332,13.972422,-3.01221
2026/05/27 05:15:00.270,n,-2.020997,6.035246,4.855294,1.365824,OverRange,OverRange,OverRange,10.582012,13.96918,-2.926632
2026/05/27 05:16:00.255,n,-2.006627,3.05535,4.734802,1.79785,OverRange,OverRange,OverRange,10.577394,13.973496,-2.934226
2026/05/27 05:17:00.261,n,-2.05025,6.686964,5.186481,1.619102,OverRange,OverRange,OverRange,10.634572,13.96918,-2.903254
2026/05/27 05:18:00.260,n,-2.029978,3.706235,4.423505,1.592179,OverRange,OverRange,OverRange,10.58786,13.975678,-2.868016
2026/05/27 05:19:00.262,n,-2.050378,3.302235,4.609929,1.600645,OverRange,OverRange,OverRange,10.727998,13.972422,-2.928765
2026/05/27 05:20:00.265,n,-2.003677,6.654783,5.508454,1.350195,OverRange,OverRange,OverRange,10.76762,13.973496,-2.946
2026/05/27 05:21:00.265,n,-2.021126,5.910383,4.79873,1.641274,OverRange,OverRange,OverRange,10.63652,13.970254,-2.881838
2026/05/27 05:22:00.270,n,-2.029978,6.342304,5.194467,1.408138,OverRange,OverRange,OverRange,10.640666,13.972422,-2.963576
2026/05/27 05:23:00.270,n,-2.012273,3.40136,4.952573,1.581258,OverRange,OverRange,OverRange,10.544134,13.973496,-2.977143
2026/05/27 05:24:00.274,n,-2.041654,3.708716,4.945051,1.537163,OverRange,OverRange,OverRange,10.652354,13.971346,-3.014343
2026/05/27 05:25:00.261,n,-2.217298,6.159742,5.358367,1.54876,OverRange,OverRange,OverRange,10.677674,13.964894,-3.08226
2026/05/27 05:26:00.259,n,-2.202671,6.33761,4.770646,1.488541,OverRange,OverRange,OverRange,10.63532,13.970254,-3.134989
2026/05/27 05:27:00.263,n,-2.12351,3.79619,3.810561,0.337358,OverRange,OverRange,OverRange,10.534532,13.96918,-2.986955
2026/05/27 05:28:00.263,n,-2.097208,6.699441,5.061632,1.725748,OverRange,OverRange,OverRange,10.75438,13.974604,-2.948048
2026/05/27 05:29:00.266,n,-2.047556,6.488661,4.91189,1.802443,OverRange,OverRange,OverRange,10.699032,13.973496,-2.965539
2026/05/27 05:30:00.268,n,-2.032801,3.619537,4.726443,1.510675,OverRange,OverRange,OverRange,10.620092,13.96703,-2.965454
2026/05/27 05:31:00.270,n,-2.079759,6.374195,5.590709,1.182923,OverRange,OverRange,OverRange,10.678004,13.965954,-2.944123
2026/05/27 05:32:00.274,n,-2.012529,3.539429,5.000082,1.32765,OverRange,OverRange,OverRange,10.552868,13.96703,-2.938321
2026/05/27 05:33:00.273,n,-2.05025,6.016908,5.145111,1.386943,OverRange,OverRange,OverRange,10.795274,13.96382,-2.918782
2026/05/27 05:34:00.261,n,-2.117608,3.892189,4.009308,1.002827,OverRange,OverRange,OverRange,10.611516,13.96382,-2.998559
2026/05/27 05:35:00.262,n,-2.158536,3.839159,4.386195,0.859947,OverRange,OverRange,OverRange,10.675482,13.954128,-3.012125
2026/05/27 05:36:00.263,n,-2.354837,3.60154,4.492402,1.50883,OverRange,OverRange,OverRange,10.652624,13.957354,-3.101798
2026/05/27 05:37:00.265,n,-2.293124,4.682528,4.47138,1.051772,OverRange,OverRange,OverRange,10.71024,13.949812,-3.025947
2026/05/27 05:38:00.266,n,-2.225766,6.312228,5.415521,1.431776,OverRange,OverRange,OverRange,10.668336,13.954128,-3.037551
2026/05/27 05:39:00.271,n,-2.158921,3.980267,4.597019,1.184399,OverRange,OverRange,OverRange,10.470032,13.940152,-3.035588
2026/05/27 05:40:00.271,n,-2.345984,3.146896,4.817144,1.63322,OverRange,OverRange,OverRange,10.669084,13.941228,-3.095911
2026/05/27 05:41:00.273,n,-2.176113,5.979882,5.755686,1.281956,OverRange,OverRange,OverRange,10.691204,13.940152,-3.023985
2026/05/27 05:42:00.276,n,-2.102981,3.706584,4.614927,1.457499,OverRange,OverRange,OverRange,10.547176,13.934794,-3.088061
2026/05/27 05:43:00.260,n,-2.135057,4.981025,4.603793,1.139266,OverRange,OverRange,OverRange,10.704678,13.93691,-2.977399
2026/05/27 05:44:00.263,n,-2.196898,4.828727,5.377917,1.145419,OverRange,OverRange,OverRange,10.667568,13.93152,-3.056919
2026/05/27 05:45:00.265,n,-2.050506,6.375943,5.425619,1.565899,OverRange,OverRange,OverRange,10.539582,13.928294,-2.990709
2026/05/27 05:46:00.268,n,-2.100159,5.859721,5.39849,1.147829,OverRange,OverRange,OverRange,10.667358,13.921844,-2.94984
2026/05/27 05:47:00.268,n,-2.027156,6.607716,5.038232,1.498643,OverRange,OverRange,OverRange,10.608404,13.930444,-2.940198
2026/05/27 05:48:00.269,n,-2.082582,4.472265,5.000063,1.427965,OverRange,OverRange,OverRange,10.586782,13.918618,-2.9617
2026/05/27 05:49:00.273,n,-2.079759,3.713812,4.229847,1.142785,OverRange,OverRange,OverRange,10.59904,13.918618,-2.977143
2026/05/27 05:50:00.274,n,-2.091306,3.807221,4.73471,1.420055,OverRange,OverRange,OverRange,10.617794,13.91215,-2.909141
2026/05/27 05:51:00.276,n,-2.07668,6.135022,5.681435,1.19894,OverRange,OverRange,OverRange,10.657156,13.906792,-2.95001
2026/05/27 05:52:00.262,n,-2.012401,6.414065,6.272223,0.081171,OverRange,OverRange,OverRange,10.537884,13.902474,-3.01622
2026/05/27 05:53:00.264,n,-2.079502,6.631273,5.041497,1.475448,OverRange,OverRange,OverRange,10.50378,13.899218,-3.039513
2026/05/27 05:54:00.266,n,-2.091306,3.944411,4.292058,1.06455,OverRange,OverRange,OverRange,10.425802,13.894934,-3.070826
2026/05/27 05:55:00.267,n,-2.290173,6.549427,4.549159,1.256346,OverRange,OverRange,OverRange,10.650798,13.89386,-3.113402
2026/05/27 05:56:00.271,n,-2.208573,3.843711,4.142361,1.061734,OverRange,OverRange,OverRange,10.512156,13.889574,-3.119375
2026/05/27 05:57:00.271,n,-2.325456,6.35304,4.89113,1.722423,OverRange,OverRange,OverRange,10.661682,13.884182,-3.086184
2026/05/27 05:58:00.273,n,-2.114786,3.664636,4.672457,1.450798,OverRange,OverRange,OverRange,10.520778,13.88096,-3.078591
2026/05/27 05:59:00.276,n,-2.34021,6.295196,5.038212,1.539175,OverRange,OverRange,OverRange,10.70688,13.88096,-3.100006
2026/05/27 06:00:00.278,n,-2.164438,4.505445,5.024723,1.2295,OverRange,OverRange,OverRange,10.486262,13.876642,-3.138999
2026/05/27 06:01:00.263,n,-2.267079,3.798798,4.629766,1.399409,OverRange,OverRange,OverRange,10.617314,13.870208,-3.134989
2026/05/27 06:02:00.265,n,-2.237569,6.266687,5.423342,1.444198,OverRange,OverRange,OverRange,10.649272,13.871282,-3.078335
2026/05/27 06:03:00.267,n,-2.111706,6.387768,4.97156,1.630027,OverRange,OverRange,OverRange,10.591416,13.869132,-3.039684
2026/05/27 06:04:00.269,n,-2.188173,6.657715,4.551587,1.454302,OverRange,OverRange,OverRange,10.579972,13.869132,-3.064854
2026/05/27 06:05:00.272,n,-2.179064,6.111353,5.006707,1.408019,OverRange,OverRange,OverRange,10.613964,13.869132,-3.140705
2026/05/27 06:06:00.275,n,-2.05628,6.69333,5.310143,1.669459,OverRange,OverRange,OverRange,10.599768,13.873448,-3.092328
2026/05/27 06:07:00.275,n,-2.193562,6.247126,5.007975,1.493281,OverRange,OverRange,OverRange,10.624928,13.868026,-3.090195
2026/05/27 06:08:00.277,n,-2.082453,3.274856,4.77853,1.359124,OverRange,OverRange,OverRange,10.50174,13.862634,-3.055042
2026/05/27 06:09:00.280,n,-2.097337,3.446697,4.896392,1.692226,OverRange,OverRange,OverRange,10.614492,13.864816,-3.070826
2026/05/27 06:10:00.264,n,-2.027027,6.618348,5.860209,1.028177,OverRange,OverRange,OverRange,10.615524,13.866964,-2.977228
2026/05/27 06:11:00.265,n,-1.959541,6.485404,5.645733,0.770827,OverRange,OverRange,OverRange,10.653152,13.868026,-2.990879
2026/05/27 06:12:00.267,n,-1.977118,5.045223,4.850162,1.307133,OverRange,OverRange,OverRange,10.529628,13.866964,-3.016306
2026/05/27 06:13:00.269,n,-2.032801,3.863326,4.967341,1.491786,OverRange,OverRange,OverRange,10.611736,13.871282,-3.025862
2026/05/27 06:14:00.271,n,-2.264256,4.538913,3.945516,0.307454,OverRange,OverRange,OverRange,10.759792,13.86159,-3.057004
2026/05/27 06:15:00.273,n,-2.252324,6.264576,5.255802,1.484353,OverRange,OverRange,OverRange,10.742986,13.862634,-3.156404
2026/05/27 06:16:00.276,n,-2.094514,4.553544,5.680819,0.617467,OverRange,OverRange,OverRange,10.645798,13.860498,-3.082345
2026/05/27 06:17:00.277,n,-2.26695,3.872296,4.831108,1.471357,OverRange,OverRange,OverRange,10.624452,13.860498,-3.175858
2026/05/27 06:18:00.279,n,-2.375236,6.652783,5.016315,1.698584,OverRange,OverRange,OverRange,10.687042,13.86159,-3.136781
2026/05/27 06:19:00.267,n,-2.158664,6.433845,4.785624,1.532327,OverRange,OverRange,OverRange,10.646536,13.860498,-3.117498
2026/05/27 06:20:00.266,n,-2.047427,6.331408,5.518987,1.55392,OverRange,OverRange,OverRange,10.623394,13.864816,-3.059137
2026/05/27 06:21:00.269,n,-2.10311,3.738831,4.738768,1.269665,OverRange,OverRange,OverRange,10.49468,13.862634,-3.041476
2026/05/27 06:22:00.272,n,-2.173162,3.757692,4.604983,1.432117,OverRange,OverRange,OverRange,10.642716,13.864816,-3.113487
2026/05/27 06:23:00.273,n,-2.111706,3.747902,4.90719,1.599873,OverRange,OverRange,OverRange,10.594406,13.86589,-3.059052
2026/05/27 06:24:00.276,n,-2.149812,3.95084,4.727021,1.355328,OverRange,OverRange,OverRange,10.572372,13.862634,-3.160159
2026/05/27 06:25:00.277,n,-2.19677,5.783948,5.498486,1.45294,OverRange,OverRange,OverRange,10.616766,13.86159,-3.148469
2026/05/27 06:26:00.278,n,-2.249501,6.05683,5.308006,1.419673,OverRange,OverRange,OverRange,10.614522,13.859424,-3.205038
2026/05/27 06:27:00.281,n,-2.158792,3.396797,4.395311,1.267327,OverRange,OverRange,OverRange,10.547186,13.870208,-3.125177
2026/05/27 06:28:00.266,n,-2.117608,6.561891,5.59309,1.140283,OverRange,OverRange,OverRange,10.631246,13.866964,-3.129102
2026/05/27 06:29:00.270,n,-2.117736,3.783971,4.304757,1.187401,OverRange,OverRange,OverRange,10.599768,13.86589,-3.123129
2026/05/27 06:30:00.271,n,-2.281448,3.713493,3.907291,0.299171,OverRange,OverRange,OverRange,10.661306,13.871282,-3.193349
2026/05/27 06:31:00.274,n,-2.132106,3.192056,4.534957,1.407464,OverRange,OverRange,OverRange,10.701066,13.870208,-3.109563
2026/05/27 06:32:00.277,n,-2.079631,3.966647,3.966715,0.44129,OverRange,OverRange,OverRange,10.699382,13.874492,-3.072533
2026/05/27 06:33:00.276,n,-2.12351,3.928584,3.980266,0.304465,OverRange,OverRange,OverRange,10.684662,13.871282,-3.08226
2026/05/27 06:34:00.278,n,-2.176241,6.171523,5.117244,1.414632,OverRange,OverRange,OverRange,10.727544,13.87985,-3.090109
2026/05/27 06:35:00.283,n,-2.00342,6.099671,5.753511,1.049966,OverRange,OverRange,OverRange,10.661534,13.877716,-3.129016
2026/05/27 06:36:00.282,n,-2.270029,3.293553,4.493558,1.299459,OverRange,OverRange,OverRange,10.607876,13.88096,-3.243945
2026/05/27 06:37:00.269,n,-2.243471,6.500809,4.477031,1.229068,OverRange,OverRange,OverRange,10.749344,13.877716,-3.205038
2026/05/27 06:38:00.270,n,-2.173291,6.143561,5.315658,1.405362,OverRange,OverRange,OverRange,10.662548,13.878792,-3.238143
2026/05/27 06:39:00.273,n,-2.117864,6.251091,5.051755,1.463142,OverRange,OverRange,OverRange,10.661026,13.88096,-3.220652
2026/05/27 06:40:00.277,n,-2.067827,5.501275,6.031094,0.34422,OverRange,OverRange,OverRange,10.626506,13.889574,-3.210925
2026/05/27 06:41:00.277,n,-2.217426,3.070284,4.371003,1.438201,OverRange,OverRange,OverRange,10.663784,13.876642,-3.279098
2026/05/27 06:42:00.280,n,-2.331229,6.02666,5.299367,1.242927,OverRange,OverRange,OverRange,10.793248,13.884182,-3.333618
2026/05/27 06:43:00.281,n,-2.138265,5.261843,5.838046,0.461669,OverRange,OverRange,OverRange,10.655956,13.89065,-3.173896
2026/05/27 06:44:00.282,n,-2.038959,5.654095,5.714165,1.130254,OverRange,OverRange,OverRange,10.703898,13.897118,-3.105723
2026/05/27 06:45:00.267,n,-2.144038,3.70232,4.141669,1.148018,OverRange,OverRange,OverRange,10.579474,13.89386,-3.216727
2026/05/27 06:46:00.269,n,-2.222815,6.185185,5.148206,1.344462,OverRange,OverRange,OverRange,10.806198,13.897118,-3.218775
2026/05/27 06:47:00.271,n,-2.182015,6.503207,4.990631,1.4002,OverRange,OverRange,OverRange,10.64418,13.894934,-3.228502
2026/05/27 06:48:00.258,n,-2.115042,3.718943,4.529371,1.353087,OverRange,OverRange,OverRange,10.605596,13.900326,-3.179783
2026/05/27 06:49:00.258,n,-2.091306,3.666592,4.481251,1.229515,OverRange,OverRange,OverRange,10.702374,13.899218,-3.187376
2026/05/27 06:50:00.261,n,-1.974039,6.360082,5.322018,1.41132,OverRange,OverRange,OverRange,10.718826,13.900326,-3.080468
2026/05/27 06:51:00.263,n,-1.994824,3.842055,4.154722,1.087024,OverRange,OverRange,OverRange,10.614056,13.902474,-3.185499
2026/05/27 06:52:00.266,n,-2.08271,3.797931,5.050406,1.605938,OverRange,OverRange,OverRange,10.647786,13.905716,-3.166131
2026/05/27 06:53:00.269,n,-2.018303,3.725113,4.191167,1.298383,OverRange,OverRange,OverRange,10.727774,13.911044,-3.082516
2026/05/27 06:54:00.270,n,-2.179192,3.734343,3.724246,0.055779,OverRange,OverRange,OverRange,10.768922,13.908976,-3.084393
2026/05/27 06:55:00.271,n,-2.158536,6.053528,5.151127,1.191775,OverRange,OverRange,OverRange,10.752926,13.914302,-3.117412
2026/05/27 06:56:00.256,n,-2.190996,3.680867,4.043139,1.011777,OverRange,OverRange,OverRange,10.674734,13.913226,-3.166131
2026/05/27 06:57:00.259,n,-2.305056,6.267286,5.249323,1.381108,OverRange,OverRange,OverRange,10.812546,13.914302,-3.171933
2026/05/27 06:58:00.261,n,-2.129412,3.734656,5.248904,1.413277,OverRange,OverRange,OverRange,10.624218,13.918618,-3.195397
2026/05/27 06:59:00.263,n,-2.28735,6.617161,5.155072,1.564097,OverRange,OverRange,OverRange,10.775956,13.921844,-3.228501
2026/05/27 07:00:00.264,n,-2.351757,3.714023,4.631758,1.495836,OverRange,OverRange,OverRange,10.689922,13.91647,-3.310155
2026/05/27 07:01:00.266,n,-2.410519,6.513375,5.024524,1.774715,OverRange,OverRange,OverRange,10.821132,13.921844,-3.30239
2026/05/27 07:02:00.267,n,-2.407568,3.601366,4.577541,1.336592,OverRange,OverRange,OverRange,10.625408,13.921844,-3.390272
2026/05/27 07:03:00.269,n,-2.483522,3.233563,5.116236,1.486958,OverRange,OverRange,OverRange,10.720074,13.926128,-3.431056
2026/05/27 07:04:00.272,n,-2.386912,6.171589,5.437466,1.585882,OverRange,OverRange,OverRange,10.78713,13.925084,-3.191557
2026/05/27 07:05:00.258,n,-2.284399,3.593614,4.703309,1.559095,OverRange,OverRange,OverRange,10.618582,13.934794,-3.129101
2026/05/27 07:06:00.260,n,-2.413342,3.688602,3.785811,0.099751,OverRange,OverRange,OverRange,10.744564,13.930444,-3.084308
2026/05/27 07:07:00.261,n,-2.246294,3.900309,4.830232,1.390801,OverRange,OverRange,OverRange,10.645,13.937986,-3.04924
2026/05/27 07:08:00.263,n,-2.342904,6.517028,4.303288,1.09438,OverRange,OverRange,OverRange,10.745286,13.932628,-3.02407
2026/05/27 07:09:00.265,n,-2.366255,3.208811,4.490371,1.469913,OverRange,OverRange,OverRange,10.623088,13.934794,-3.134989
2026/05/27 07:10:00.267,n,-2.322633,6.432533,5.168431,1.469808,OverRange,OverRange,OverRange,10.783336,13.934794,-3.093948
2026/05/27 07:11:00.270,n,-2.193947,3.846707,4.189085,1.247477,OverRange,OverRange,OverRange,10.681026,13.940152,-3.055042
2026/05/27 07:12:00.273,n,-2.284399,5.155726,5.261804,1.184206,OverRange,OverRange,OverRange,10.866104,13.940152,-3.039599
2026/05/27 07:13:00.257,n,-2.062182,4.490175,5.707594,0.597656,OverRange,OverRange,OverRange,10.739472,13.942302,-2.969379
2026/05/27 07:14:00.259,n,-1.968394,6.535184,5.13406,1.589285,OverRange,OverRange,OverRange,10.714254,13.944454,-2.909056
2026/05/27 07:15:00.263,n,-2.062054,3.811317,5.060723,1.284826,OverRange,OverRange,OverRange,10.64828,13.948738,-2.977228
2026/05/27 07:16:00.264,n,-2.015224,3.773939,5.226258,1.368541,OverRange,OverRange,OverRange,10.732788,13.948738,-2.988917
2026/05/27 07:17:00.264,n,-2.149812,3.866418,4.790894,1.242412,OverRange,OverRange,OverRange,10.73106,13.946618,-2.981153
2026/05/27 07:18:00.265,n,-2.032544,3.741299,4.574556,1.315625,OverRange,OverRange,OverRange,10.757172,13.954128,-2.949925
2026/05/27 07:19:00.268,n,-1.851512,3.832224,5.246083,1.297248,OverRange,OverRange,OverRange,10.716294,13.957354,-2.846941
2026/05/27 07:20:00.270,n,-1.874991,6.576177,4.604158,1.541176,OverRange,OverRange,OverRange,10.818852,13.955236,-2.741739
2026/05/27 07:21:00.271,n,-1.784154,6.289887,5.890345,0.973244,OverRange,OverRange,OverRange,10.696066,13.957354,-2.788325
2026/05/27 07:22:00.257,n,-1.775557,3.218198,5.307143,1.629286,OverRange,OverRange,OverRange,10.653352,13.96382,-2.792165
2026/05/27 07:23:00.260,n,-1.833806,4.1114,4.293635,1.115874,OverRange,OverRange,OverRange,10.879522,13.965954,-2.72604
2026/05/27 07:24:00.264,n,-1.880764,6.082399,4.472941,1.404726,OverRange,OverRange,OverRange,10.87317,13.964894,-2.737814
2026/05/27 07:25:00.263,n,-1.75195,4.224126,4.216118,0.976702,OverRange,OverRange,OverRange,10.70136,13.96703,-2.700699
2026/05/27 07:26:00.265,n,-1.737452,6.010915,5.786261,1.204769,OverRange,OverRange,OverRange,10.826468,13.974604,-2.648141
2026/05/27 07:27:00.267,n,-1.628909,5.922139,4.815852,1.128294,OverRange,OverRange,OverRange,10.68511,13.975678,-2.587818
2026/05/27 07:28:00.268,n,-1.620185,3.646863,3.736177,0.118024,OverRange,OverRange,OverRange,10.726772,13.976754,-2.494305
2026/05/27 07:29:00.271,n,-1.66137,6.669477,5.059853,1.60484,OverRange,OverRange,OverRange,10.833786,13.983188,-2.574252
2026/05/27 07:30:00.273,n,-1.62891,3.876956,4.286229,1.190233,OverRange,OverRange,OverRange,10.681046,13.981038,-2.669642
2026/05/27 07:31:00.258,n,-1.620313,3.856209,5.074953,1.3345,OverRange,OverRange,OverRange,10.734304,13.984246,-2.714436
2026/05/27 07:32:00.260,n,-1.576306,4.552561,4.825332,1.189681,OverRange,OverRange,OverRange,10.816072,13.981038,-2.580054
2026/05/27 07:33:00.262,n,-1.500352,6.022939,5.614626,1.242727,OverRange,OverRange,OverRange,10.776982,13.97778,-2.605309
2026/05/27 07:34:00.265,n,-1.450443,6.377747,6.128705,0.176007,OverRange,OverRange,OverRange,10.723236,13.984656,-2.558467
2026/05/27 07:35:00.267,n,-1.430428,4.025896,4.731756,1.310502,OverRange,OverRange,OverRange,10.611424,13.985728,-2.529629
2026/05/27 07:36:00.268,n,-1.562193,6.007687,5.345835,1.239806,OverRange,OverRange,OverRange,10.891622,13.98143,-2.432105
2026/05/27 07:37:00.270,n,-1.366149,3.357858,5.193407,1.441352,OverRange,OverRange,OverRange,10.663452,13.98358,-2.399086
2026/05/27 07:38:00.272,n,-1.181781,3.256037,5.600235,1.191822,OverRange,OverRange,OverRange,10.784042,13.984656,-2.293884
2026/05/27 07:39:00.275,n,-1.10557,6.258878,6.28014,0.093375,OverRange,OverRange,OverRange,10.773656,13.984656,-2.208306
2026/05/27 07:40:00.260,n,-0.968288,6.263291,5.202126,1.376668,OverRange,OverRange,OverRange,10.74087,13.98358,-2.107199
2026/05/27 07:41:00.262,n,-0.821768,3.549537,5.04811,1.612669,OverRange,OverRange,OverRange,10.600184,13.986804,-2.023583
2026/05/27 07:42:00.263,n,-0.667037,6.499432,4.326396,1.071617,OverRange,OverRange,OverRange,10.774644,13.985728,-1.679053
2026/05/27 07:43:00.265,n,-0.48857,3.873558,4.930687,1.527815,OverRange,OverRange,OverRange,10.700806,13.993256,-1.597314
2026/05/27 07:44:00.269,n,-0.39799,6.167376,6.31416,0.1515,OverRange,OverRange,OverRange,10.810664,13.994298,-1.359948
2026/05/27 07:45:00.271,n,-0.129071,5.52549,5.354286,1.415622,OverRange,OverRange,OverRange,10.730958,13.99648,-1.147923
2026/05/27 07:46:00.273,n,0.049524,3.74759,3.854123,0.184286,OverRange,OverRange,OverRange,10.688126,13.995406,-0.941529
2026/05/27 07:47:00.275,n,0.017192,6.353531,4.197693,1.056892,OverRange,OverRange,OverRange,10.877422,13.997554,-0.896735
2026/05/27 07:48:00.275,n,0.365145,3.654493,4.836043,1.458637,OverRange,OverRange,OverRange,10.736588,13.995406,-0.694522
2026/05/27 07:49:00.260,n,0.619694,3.524357,5.667462,1.105433,OverRange,OverRange,OverRange,10.790554,13.998632,-0.466882
2026/05/27 07:50:00.264,n,0.941088,3.728005,3.960834,0.26627,OverRange,OverRange,OverRange,10.735622,13.994298,-0.270471
2026/05/27 07:51:00.268,n,1.151758,3.455456,4.346508,1.292818,OverRange,OverRange,OverRange,10.806082,13.995406,-0.015699
2026/05/27 07:52:00.268,n,1.482005,6.586251,5.258341,1.491661,OverRange,OverRange,OverRange,10.845668,13.99648,0.233271
2026/05/27 07:53:00.269,n,1.882432,6.513821,4.507369,1.303203,OverRange,OverRange,OverRange,10.767766,14.002948,0.559883
2026/05/27 07:54:00.272,n,2.209728,6.279706,5.482788,1.255961,OverRange,OverRange,OverRange,10.747228,13.99648,0.862947
2026/05/27 07:55:00.274,n,2.802992,6.092738,6.152401,0.043498,OverRange,OverRange,OverRange,10.723928,14.004054,1.366518
2026/05/27 07:56:00.275,n,3.31132,6.26563,6.319763,0.079423,OverRange,OverRange,OverRange,10.69805,14.000798,1.786388
2026/05/27 07:57:00.278,n,3.69725,6.267741,5.300283,1.52341,OverRange,OverRange,OverRange,10.725348,13.999722,2.093206
2026/05/27 07:58:00.262,n,4.284098,3.762683,4.860722,1.619135,OverRange,OverRange,OverRange,10.686778,14.000798,2.445074
2026/05/27 07:59:00.266,n,4.739824,3.06167,4.873873,1.693099,OverRange,OverRange,OverRange,10.822546,14.002948,2.887811
2026/05/27 08:00:00.266,n,5.081489,6.520599,4.664545,1.428246,OverRange,OverRange,OverRange,10.886334,14.0072,3.221676
2026/05/27 08:01:00.270,n,5.522331,3.542505,4.428043,1.682398,OverRange,OverRange,OverRange,10.702236,14.008308,3.639412
2026/05/27 08:02:00.273,n,6.345768,3.234532,4.912229,1.806879,OverRange,OverRange,OverRange,10.831676,14.011532,4.345965
2026/05/27 08:03:00.275,n,7.352545,6.092076,5.734824,1.400736,OverRange,OverRange,OverRange,10.862946,14.013666,5.007979
2026/05/27 08:04:00.277,n,7.533065,3.804414,4.731292,1.523156,OverRange,OverRange,OverRange,10.77588,14.019058,5.223246
2026/05/27 08:05:00.277,n,7.002283,3.13738,4.843337,1.84899,OverRange,OverRange,OverRange,10.854034,14.01585,4.877777
2026/05/27 08:06:00.279,n,6.465087,3.456535,4.729677,1.570274,OverRange,OverRange,OverRange,10.837276,14.022284,4.474118
2026/05/27 08:07:00.265,n,6.611094,5.18169,4.696709,1.120179,OverRange,OverRange,OverRange,10.913438,14.023358,4.573092
2026/05/27 08:08:00.266,n,7.016909,4.440078,4.412082,1.118048,OverRange,OverRange,OverRange,10.786276,14.025492,5.025385
2026/05/27 08:09:00.269,n,7.518823,6.097111,5.162091,1.496588,OverRange,OverRange,OverRange,10.866192,14.0266,5.418463
2026/05/27 08:10:00.271,n,8.232177,6.182512,4.866316,1.490044,OverRange,OverRange,OverRange,10.905046,14.027676,6.121005
2026/05/27 08:11:00.272,n,8.796958,6.054251,5.323931,1.132024,OverRange,OverRange,OverRange,10.827668,14.037384,6.611777
2026/05/27 08:12:00.275,n,9.701864,6.520821,5.403832,1.39384,OverRange,OverRange,OverRange,10.80154,14.034142,7.209373
2026/05/27 08:13:00.276,n,11.818446,6.154524,5.404869,1.389038,OverRange,OverRange,OverRange,10.893102,14.040544,8.84585
2026/05/27 08:14:00.277,n,13.866258,3.773419,4.070654,1.248162,OverRange,OverRange,OverRange,10.875066,14.039502,10.61142
2026/05/27 08:15:00.281,n,14.658772,6.246272,6.183945,0.281592,OverRange,OverRange,OverRange,10.94515,14.044894,11.252872
2026/05/27 08:16:00.265,n,14.266942,3.246574,4.712797,1.407287,OverRange,OverRange,OverRange,10.834732,14.055612,11.058594
2026/05/27 08:17:00.268,n,14.053322,3.984573,4.170719,0.422616,OverRange,OverRange,OverRange,10.824692,14.05351,11.076168
2026/05/27 08:18:00.269,n,14.401402,5.972856,5.814674,0.780445,OverRange,OverRange,OverRange,11.010834,14.063186,11.5015
2026/05/27 08:19:00.271,n,14.92782,3.872054,4.291369,1.310782,OverRange,OverRange,OverRange,10.893398,14.068546,11.878538
2026/05/27 08:20:00.273,n,15.3312,3.608722,4.1089,0.924841,OverRange,OverRange,OverRange,11.009822,14.072846,12.161978
2026/05/27 08:21:00.276,n,16.882998,4.200775,4.931144,1.254146,OverRange,OverRange,OverRange,10.98114,14.073416,13.308022
2026/05/27 08:22:00.277,n,18.568746,3.608969,3.772147,0.115052,OverRange,OverRange,OverRange,10.928044,14.072356,14.780766
2026/05/27 08:23:00.281,n,19.777596,3.755432,4.530073,1.156356,OverRange,OverRange,OverRange,10.925202,14.080958,15.754634
2026/05/27 08:24:00.281,n,20.095912,3.288832,4.724223,1.567732,OverRange,OverRange,OverRange,10.912486,14.084216,16.035856
2026/05/27 08:25:00.267,n,20.519048,6.681368,5.013115,1.528441,OverRange,OverRange,OverRange,10.944698,14.087426,16.361528
2026/05/27 08:26:00.270,n,20.624384,5.248779,5.174556,1.369946,OverRange,OverRange,OverRange,10.907928,14.096044,16.633024
2026/05/27 08:27:00.271,n,21.887892,6.250365,5.375088,1.603262,OverRange,OverRange,OverRange,10.925192,14.09922,17.58462
2026/05/27 08:28:00.274,n,22.815636,3.367561,5.145125,1.36017,OverRange,OverRange,OverRange,10.814316,14.10787,18.268732
2026/05/27 08:29:00.275,n,22.016578,3.707103,4.133565,1.20965,OverRange,OverRange,OverRange,10.861776,14.115378,17.703132
2026/05/27 08:30:00.277,n,22.258422,3.29225,5.089505,1.601275,OverRange,OverRange,OverRange,10.852586,14.114304,17.681632
2026/05/27 08:31:00.278,n,22.79806,3.131616,5.215845,1.545895,OverRange,OverRange,OverRange,10.9059,14.119696,18.167882
2026/05/27 08:32:00.281,n,23.46612,5.90568,5.036105,1.46714,OverRange,OverRange,OverRange,10.90948,14.12828,18.61352
2026/05/27 08:33:00.282,n,23.56825,3.331937,4.89679,1.758402,OverRange,OverRange,OverRange,10.926178,14.121862,18.561388
2026/05/27 08:34:00.268,n,22.978964,3.807764,4.759149,1.521026,OverRange,OverRange,OverRange,10.932542,14.12934,17.952956
2026/05/27 08:35:00.271,n,22.048396,6.337567,4.985629,1.759857,OverRange,OverRange,OverRange,10.958914,14.14014,17.284456
2026/05/27 08:36:00.272,n,21.269354,3.727133,4.6555,1.392057,OverRange,OverRange,OverRange,10.80771,14.139032,16.803668
2026/05/27 08:37:00.276,n,20.828512,4.088837,5.024763,1.717529,OverRange,OverRange,OverRange,10.935532,14.148708,16.791978
2026/05/27 08:38:00.277,n,20.288362,3.377806,4.981879,1.731944,OverRange,OverRange,OverRange,10.92541,14.147634,16.427652
2026/05/27 08:39:00.278,n,20.373298,5.998536,5.397354,1.442293,OverRange,OverRange,OverRange,10.95689,14.147634,16.575004
2026/05/27 08:40:00.282,n,20.171996,6.609526,5.338328,1.413358,OverRange,OverRange,OverRange,10.923172,14.155176,16.398474
2026/05/27 08:41:00.283,n,19.27825,3.89315,4.518181,1.608209,OverRange,OverRange,OverRange,10.911698,14.161578,15.657622
2026/05/27 08:42:00.267,n,18.20668,3.164821,4.958224,1.815194,OverRange,OverRange,OverRange,10.92891,14.160536,14.734438
2026/05/27 08:43:00.269,n,18.110198,3.420377,4.897045,1.823508,OverRange,OverRange,OverRange,10.986552,14.169152,14.319006
2026/05/27 08:44:00.271,n,18.589404,3.307671,5.093767,1.524151,OverRange,OverRange,OverRange,10.92919,14.171336,14.524716
2026/05/27 08:45:00.259,n,18.3115,6.555539,5.343291,1.629299,OverRange,OverRange,OverRange,11.048676,14.174514,14.338544
2026/05/27 08:46:00.259,n,17.753906,3.612786,4.513339,1.374335,OverRange,OverRange,OverRange,10.994456,14.185266,13.94632
2026/05/27 08:47:00.261,n,17.42969,4.636397,4.752201,1.525795,OverRange,OverRange,OverRange,11.040344,14.185266,13.649482
2026/05/27 08:48:00.263,n,16.78074,3.258963,4.812971,1.726117,OverRange,OverRange,OverRange,10.95659,14.185266,13.166134
2026/05/27 08:49:00.265,n,17.037858,6.604108,4.99196,1.771939,OverRange,OverRange,OverRange,11.049194,14.191732,13.453156
2026/05/27 08:50:00.268,n,17.134468,6.124546,4.504423,1.515572,OverRange,OverRange,OverRange,10.957672,14.193816,13.703748
2026/05/27 08:51:00.270,n,17.540412,3.558823,4.854431,1.487634,OverRange,OverRange,OverRange,10.91,14.192806,14.082322
2026/05/27 08:52:00.271,n,18.352558,3.311153,4.864171,1.689056,OverRange,OverRange,OverRange,10.947262,14.202466,14.761484
2026/05/27 08:53:00.258,n,18.723604,3.615931,4.782321,1.419797,OverRange,OverRange,OverRange,10.915544,14.205708,15.132124
2026/05/27 08:54:00.258,n,18.75273,5.123589,5.015393,1.515349,OverRange,OverRange,OverRange,10.98049,14.207826,15.077688
2026/05/27 08:55:00.263,n,19.34253,6.43576,5.314543,1.480781,OverRange,OverRange,OverRange,10.919368,14.20675,15.42111
2026/05/27 08:56:00.264,n,19.698822,6.253553,5.314501,1.366155,OverRange,OverRange,OverRange,10.875224,14.209976,15.886456
2026/05/27 08:57:00.264,n,19.590792,6.696601,4.829504,1.495498,OverRange,OverRange,OverRange,10.860764,14.216442,15.985516
2026/05/27 08:58:00.267,n,19.605292,6.523598,5.197945,1.644426,OverRange,OverRange,OverRange,10.879028,14.212112,16.008638
2026/05/27 08:59:00.268,n,20.227292,6.727479,4.953811,1.818482,OverRange,OverRange,OverRange,10.928716,14.215368,16.590448
2026/05/27 09:00:00.271,n,20.580378,3.804584,4.801861,1.603906,OverRange,OverRange,OverRange,10.853938,14.209976,16.832678
2026/05/27 09:01:00.258,n,22.223268,3.866938,4.639511,1.598057,OverRange,OverRange,OverRange,10.884588,14.214292,18.355848
2026/05/27 09:02:00.260,n,24.440186,3.110606,4.925185,1.830608,OverRange,OverRange,OverRange,10.862682,14.214292,20.505196
2026/05/27 09:03:00.261,n,26.09578,2.874424,5.27006,1.387426,OverRange,OverRange,OverRange,10.885636,14.215368,21.917872
2026/05/27 09:04:00.262,n,26.043432,3.308675,4.896958,1.791964,OverRange,OverRange,OverRange,10.915278,14.211036,22.037748
2026/05/27 09:05:00.264,n,26.404726,3.209733,4.904694,1.821451,OverRange,OverRange,OverRange,10.949006,14.212112,22.426562
2026/05/27 09:06:00.268,n,26.804258,6.296189,5.062052,1.545693,OverRange,OverRange,OverRange,10.99112,14.214292,22.602326
2026/05/27 09:07:00.267,n,26.789376,3.648402,5.234983,1.457465,OverRange,OverRange,OverRange,10.909022,14.217536,22.231002
2026/05/27 09:08:00.270,n,26.541626,6.149078,5.713341,1.13107,OverRange,OverRange,OverRange,10.988414,14.213218,22.107286
2026/05/27 09:09:00.272,n,26.838898,3.697494,4.178113,1.07991,OverRange,OverRange,OverRange,10.859736,14.222896,22.31044
2026/05/27 09:10:00.258,n,26.803744,6.587599,5.56114,1.265292,OverRange,OverRange,OverRange,11.048946,14.21861,22.496016
2026/05/27 09:11:00.260,n,27.759712,5.961247,4.608851,1.176311,OverRange,OverRange,OverRange,10.95842,14.22076,23.501366
2026/05/27 09:12:00.263,n,29.140234,6.168676,5.091952,1.463494,OverRange,OverRange,OverRange,10.94396,14.226088,24.496134
2026/05/27 09:13:00.266,n,30.610436,6.367704,5.292931,1.320905,OverRange,OverRange,OverRange,10.948294,14.230372,25.533308
2026/05/27 09:14:00.266,n,32.676082,5.417791,4.872151,0.949343,OverRange,OverRange,OverRange,10.92037,14.226088,27.024146
2026/05/27 09:15:00.270,n,34.973568,3.084296,4.990261,1.550669,OverRange,OverRange,OverRange,10.898556,14.230372,29.017522
2026/05/27 09:16:00.272,n,35.57222,6.564478,5.254194,1.582929,OverRange,OverRange,OverRange,10.918072,14.23363,29.617846
2026/05/27 09:17:00.271,n,35.746836,6.533449,4.965679,1.715733,OverRange,OverRange,OverRange,10.93481,14.23578,29.366148
2026/05/27 09:18:00.275,n,36.562704,6.737823,4.903057,1.864112,OverRange,OverRange,OverRange,10.96043,14.24435,29.588836
2026/05/27 09:19:00.260,n,36.815072,6.646814,4.927023,1.578803,OverRange,OverRange,OverRange,10.908666,14.24435,29.577232
2026/05/27 09:20:00.261,n,36.580792,3.262735,4.922119,1.761391,OverRange,OverRange,OverRange,10.862004,14.251892,29.493958
2026/05/27 09:21:00.263,n,37.281188,3.946877,5.45083,1.047113,OverRange,OverRange,OverRange,10.970882,14.249742,30.041728
2026/05/27 09:22:00.265,n,37.555752,3.500433,4.913494,1.761181,OverRange,OverRange,OverRange,10.977952,14.252998,29.972106
2026/05/27 09:23:00.267,n,37.017784,4.176485,4.903671,1.428996,OverRange,OverRange,OverRange,10.93683,14.254072,29.765028
2026/05/27 09:24:00.269,n,36.937852,6.470005,4.949681,1.695051,OverRange,OverRange,OverRange,11.007874,14.256208,30.047616
2026/05/27 09:25:00.271,n,36.544096,6.346387,5.461068,1.419816,OverRange,OverRange,OverRange,11.000016,14.268036,29.78431
2026/05/27 09:26:00.274,n,34.427004,3.390489,4.485266,1.65101,OverRange,OverRange,OverRange,10.923162,14.268036,28.303118
2026/05/27 09:27:00.275,n,33.11256,3.273755,4.794065,1.651435,OverRange,OverRange,OverRange,10.983246,14.273378,27.369268
2026/05/27 09:28:00.261,n,32.614884,6.799851,5.12859,1.730149,OverRange,OverRange,OverRange,11.033728,14.265218,27.409968
2026/05/27 09:29:00.263,n,32.409596,6.192288,5.236851,1.613166,OverRange,OverRange,OverRange,11.080546,14.263084,27.785042
2026/05/27 09:30:00.266,n,32.441544,3.839843,4.459199,1.636569,OverRange,OverRange,OverRange,10.947114,14.270576,28.174454
2026/05/27 09:31:00.269,n,32.738434,6.660686,4.902848,1.451156,OverRange,OverRange,OverRange,11.135784,14.27812,28.883138
2026/05/27 09:32:00.270,n,34.555816,6.661069,5.028641,1.707652,OverRange,OverRange,OverRange,11.0937,14.28348,30.414416
2026/05/27 09:33:00.272,n,36.773372,5.360332,5.070606,1.481983,OverRange,OverRange,OverRange,11.118042,14.294214,32.014458
2026/05/27 09:34:00.273,n,37.700088,5.169098,5.178267,1.109466,OverRange,OverRange,OverRange,11.05189,14.297458,32.577068
2026/05/27 09:35:00.276,n,39.6885,3.49943,4.488446,1.34324,OverRange,OverRange,OverRange,11.117808,14.306074,34.46124
2026/05/27 09:36:00.276,n,42.71602,3.213471,4.573559,1.611923,OverRange,OverRange,OverRange,11.166916,14.310326,36.880544
2026/05/27 09:37:00.263,n,44.3643,6.638712,5.22581,1.62294,OverRange,OverRange,OverRange,11.213614,14.326422,37.735556
2026/05/27 09:38:00.268,n,43.586796,3.320886,4.611112,1.635435,OverRange,OverRange,OverRange,11.054128,14.329664,37.042828
2026/05/27 09:39:00.273,n,43.074236,6.61886,4.86966,1.20421,OverRange,OverRange,OverRange,11.128236,14.339356,36.189692
2026/05/27 09:40:00.269,n,43.694444,4.16765,4.54369,1.286414,OverRange,OverRange,OverRange,11.13149,14.34579,36.201212
2026/05/27 09:41:00.271,n,44.832856,4.106815,5.042918,1.783539,OverRange,OverRange,OverRange,11.15652,14.355468,36.9965
2026/05/27 09:42:00.273,n,44.943452,6.554291,5.215803,1.26202,OverRange,OverRange,OverRange,11.123378,14.361902,36.80154
2026/05/27 09:43:00.274,n,44.527372,6.095628,4.908654,1.693593,OverRange,OverRange,OverRange,11.16214,14.37052,36.22254
2026/05/27 09:44:00.276,n,43.828644,3.281619,5.184353,1.568565,OverRange,OverRange,OverRange,11.122346,14.38339,35.58732
2026/05/27 09:45:00.282,n,43.321728,6.269438,4.850331,1.207156,OverRange,OverRange,OverRange,11.276988,14.394112,35.745676
2026/05/27 09:46:00.266,n,43.5809,6.681236,4.98219,1.543233,OverRange,OverRange,OverRange,11.12054,14.39947,36.568012
2026/05/27 09:47:00.267,n,44.812456,6.463518,5.382447,1.467405,OverRange,OverRange,OverRange,11.140808,14.404864,38.063196
2026/05/27 09:48:00.268,n,46.922236,6.39506,5.509987,1.403135,OverRange,OverRange,OverRange,11.216644,14.414524,39.57118
2026/05/27 09:49:00.270,n,48.457616,6.386261,5.699505,1.275378,OverRange,OverRange,OverRange,11.199438,14.424186,40.31322
2026/05/27 09:50:00.271,n,50.393676,6.159751,5.308649,1.609585,OverRange,OverRange,OverRange,11.246786,14.430638,41.825132
2026/05/27 09:51:00.275,n,52.874632,3.197957,4.635392,1.272175,OverRange,OverRange,OverRange,11.133012,14.443522,44.124052
2026/05/27 09:52:00.278,n,55.24936,3.153488,5.101048,1.459432,OverRange,OverRange,OverRange,11.242474,14.453168,46.423736
2026/05/27 09:53:00.277,n,58.16448,6.469692,5.227486,1.630307,OverRange,OverRange,OverRange,11.359036,14.46286,48.76318
2026/05/27 09:54:00.279,n,62.39572,6.93231,4.544369,1.750361,OverRange,OverRange,OverRange,11.283992,14.470338,52.278788
2026/05/27 09:55:00.265,n,65.659448,6.580326,5.339349,1.68949,OverRange,OverRange,OverRange,11.301718,14.480016,54.55492
2026/05/27 09:56:00.267,n,65.621332,6.428048,5.025381,1.613944,OverRange,OverRange,OverRange,11.296188,14.493962,54.031904
2026/05/27 09:57:00.268,n,64.083648,3.840222,4.555621,1.567107,OverRange,OverRange,OverRange,11.335206,14.503606,52.613848
2026/05/27 09:58:00.272,n,61.376112,3.180889,4.868171,1.400901,OverRange,OverRange,OverRange,11.405884,14.51651,50.412884
2026/05/27 09:59:00.275,n,58.924284,5.730154,4.439363,1.34631,OverRange,OverRange,OverRange,11.412268,14.52402,48.543732
2026/05/27 10:00:00.275,n,56.859788,6.269654,5.144258,1.402499,OverRange,OverRange,OverRange,11.316448,14.539072,47.170472
2026/05/27 10:01:00.277,n,54.88678,6.255794,5.710874,0.97557,OverRange,OverRange,OverRange,11.381318,14.553688,46.1478
2026/05/27 10:02:00.279,n,54.176756,5.26704,5.286839,1.225343,OverRange,OverRange,OverRange,11.292872,14.564424,45.851224
2026/05/27 10:03:00.280,n,53.2476,5.35292,4.766911,1.378499,OverRange,OverRange,OverRange,11.432888,14.57622,45.057812
2026/05/27 10:04:00.265,n,51.496548,6.483341,5.457033,1.447657,OverRange,OverRange,OverRange,11.411652,14.5923,43.525424
2026/05/27 10:05:00.269,n,49.9214,6.502453,4.38542,1.154679,OverRange,OverRange,OverRange,11.485382,14.606246,42.430232
2026/05/27 10:06:00.271,n,48.677396,3.642213,4.121481,1.218563,OverRange,OverRange,OverRange,11.428102,14.611606,41.222928
2026/05/27 10:07:00.272,n,48.119028,3.118076,4.782469,1.613832,OverRange,OverRange,OverRange,11.473378,14.630928,40.909028
2026/05/27 10:08:00.275,n,48.092848,6.516249,5.379561,1.638741,OverRange,OverRange,OverRange,11.5053,14.638424,41.041956
2026/05/27 10:09:00.276,n,48.119028,3.793431,4.166396,1.273051,OverRange,OverRange,OverRange,11.424282,14.65237,41.034192
2026/05/27 10:10:00.279,n,47.028212,3.502528,5.024064,1.616243,OverRange,OverRange,OverRange,11.576168,14.66099,40.311772
2026/05/27 10:11:00.281,n,45.94022,6.703872,5.105469,1.667224,OverRange,OverRange,OverRange,11.456158,14.67601,39.485
2026/05/27 10:12:00.282,n,45.25946,3.475581,4.792971,1.61448,OverRange,OverRange,OverRange,11.453918,14.689956,38.53434
2026/05/27 10:13:00.268,n,45.070724,6.316529,5.656132,1.364978,OverRange,OverRange,OverRange,11.65564,14.701752,38.048352
2026/05/27 10:14:00.272,n,45.082012,6.267322,5.026835,1.615209,OverRange,OverRange,OverRange,11.58071,14.70708,37.597164
2026/05/27 10:15:00.272,n,43.632212,6.010879,5.067835,1.15776,OverRange,OverRange,OverRange,11.50761,14.718876,35.945164
2026/05/27 10:16:00.273,n,40.774952,6.51223,5.017353,1.581787,OverRange,OverRange,OverRange,11.658168,14.734974,33.422612
2026/05/27 10:17:00.275,n,38.784108,3.326323,4.913429,1.652742,OverRange,OverRange,OverRange,11.67009,14.753206,31.934168
2026/05/27 10:18:00.279,n,37.638124,3.825189,3.923177,0.851904,OverRange,OverRange,OverRange,11.71365,14.749994,31.421638
2026/05/27 10:19:00.281,n,37.527272,3.660873,4.781789,1.580044,OverRange,OverRange,OverRange,11.64353,14.766076,31.750472
2026/05/27 10:20:00.286,n,37.9182,3.207926,4.525654,1.563855,OverRange,OverRange,OverRange,11.653576,14.776814,32.390472
2026/05/27 10:21:00.285,n,38.489528,6.513034,5.276012,1.520238,OverRange,OverRange,OverRange,11.534678,14.785384,32.879452
2026/05/27 10:22:00.271,n,38.151324,6.595728,4.897214,1.693602,OverRange,OverRange,OverRange,11.50858,14.797164,32.636028
2026/05/27 10:23:00.271,n,37.740244,5.44062,4.90915,1.424901,OverRange,OverRange,OverRange,11.524028,14.799428,32.145004
2026/05/27 10:24:00.276,n,37.186756,5.761409,4.787029,1.582386,OverRange,OverRange,OverRange,11.642532,14.80479,31.429658
2026/05/27 10:25:00.275,n,36.502916,6.596759,4.992155,1.475011,OverRange,OverRange,OverRange,11.516286,14.817662,30.777888
2026/05/27 10:26:00.260,n,36.0749,3.277643,4.827736,1.507841,OverRange,OverRange,OverRange,11.562592,14.811192,30.311346
2026/05/27 10:27:00.279,n,36.19974,3.214092,4.868274,1.63126,OverRange,OverRange,OverRange,11.596172,14.826214,30.177986
2026/05/27 10:28:00.264,n,36.077596,6.524656,4.753967,1.383567,OverRange,OverRange,OverRange,11.640782,14.831608,29.790878
2026/05/27 10:29:00.282,n,35.810476,6.238045,4.655871,1.371394,OverRange,OverRange,OverRange,11.61145,14.83586,29.452234
2026/05/27 10:30:00.285,n,35.537188,6.427633,5.364889,1.643201,OverRange,OverRange,OverRange,11.602078,14.841236,29.123068
2026/05/27 10:31:00.269,n,34.778552,6.004799,5.057272,1.187649,OverRange,OverRange,OverRange,11.62561,14.846598,28.710702
2026/05/27 10:32:00.272,n,33.720196,3.790475,4.001095,1.226448,OverRange,OverRange,OverRange,11.582036,14.857286,27.982394
2026/05/27 10:33:00.258,n,32.667354,3.412961,4.574396,1.307116,OverRange,OverRange,OverRange,11.637014,14.855152,27.45536
2026/05/27 10:34:00.259,n,32.821576,3.495288,4.869549,1.399875,OverRange,OverRange,OverRange,11.507356,14.86268,27.844856
2026/05/27 10:35:00.261,n,33.606776,6.072267,4.995385,1.519569,OverRange,OverRange,OverRange,11.470388,14.859438,28.497568
2026/05/27 10:36:00.265,n,34.09534,6.384128,5.33873,1.564521,OverRange,OverRange,OverRange,11.42032,14.868024,28.571204
2026/05/27 10:37:00.265,n,33.845156,6.300409,4.853219,1.589483,OverRange,OverRange,OverRange,11.46815,14.870192,28.14135
2026/05/27 10:38:00.267,n,33.371216,3.853469,3.945791,0.93552,OverRange,OverRange,OverRange,11.374476,14.865872,27.623954
2026/05/27 10:39:00.270,n,33.188004,3.517964,4.440865,1.169477,OverRange,OverRange,OverRange,11.42691,14.871234,27.600748
2026/05/27 10:40:00.271,n,33.510808,4.126333,4.255647,1.140022,OverRange,OverRange,OverRange,11.363358,14.869098,27.74409
2026/05/27 10:41:00.256,n,34.077896,4.619036,5.070201,1.459524,OverRange,OverRange,OverRange,11.360536,14.868024,28.084864
2026/05/27 10:42:00.260,n,34.278432,3.446648,5.825339,1.168024,OverRange,OverRange,OverRange,11.377804,14.87231,27.976508
2026/05/27 10:43:00.261,n,33.81026,3.174099,4.597975,1.46256,OverRange,OverRange,OverRange,11.485586,14.87231,27.827364
2026/05/27 10:44:00.264,n,34.016828,6.500963,4.573041,1.285996,OverRange,OverRange,OverRange,11.602626,14.870192,28.203292
2026/05/27 10:45:00.268,n,34.3685,3.711079,4.549044,1.38543,OverRange,OverRange,OverRange,11.45221,14.868024,28.517024
2026/05/27 10:46:00.268,n,34.775856,6.577511,5.082534,1.452982,OverRange,OverRange,OverRange,11.464854,14.870192,28.633402
2026/05/27 10:47:00.269,n,35.025524,6.243792,5.264257,1.357582,OverRange,OverRange,OverRange,11.402334,14.863722,28.788088
2026/05/27 10:48:00.272,n,35.57786,6.48046,5.343261,1.32428,OverRange,OverRange,OverRange,11.310914,14.870192,29.22383
2026/05/27 10:49:00.257,n,35.723228,4.20951,4.826625,1.203874,OverRange,OverRange,OverRange,11.352688,14.868024,29.415376
2026/05/27 10:50:00.260,n,34.944188,3.367232,4.93158,1.667969,OverRange,OverRange,OverRange,11.326788,14.875534,28.74543
2026/05/27 10:51:00.262,n,34.176564,6.256263,5.793465,0.932492,OverRange,OverRange,OverRange,11.460312,14.874458,28.27104
2026/05/27 10:52:00.263,n,34.557612,3.421175,5.224857,1.211028,OverRange,OverRange,OverRange,11.27774,14.868024,28.64091
2026/05/27 10:53:00.265,n,35.121624,6.320334,5.199471,1.488761,OverRange,OverRange,OverRange,11.386598,14.866916,29.425102
2026/05/27 10:54:00.267,n,35.150492,3.411216,4.932939,1.544893,OverRange,OverRange,OverRange,11.233094,14.863722,29.326218
2026/05/27 10:55:00.270,n,33.996424,3.536982,3.982975,0.51045,OverRange,OverRange,OverRange,11.440634,14.865872,28.511134
2026/05/27 10:56:00.273,n,32.876614,5.895462,4.877268,1.50445,OverRange,OverRange,OverRange,11.479824,14.869098,27.544604
2026/05/27 10:57:00.275,n,31.931422,3.948793,5.18688,1.152958,OverRange,OverRange,OverRange,11.242772,14.859438,26.746246
2026/05/27 10:58:00.259,n,31.500718,3.602752,4.819893,1.437386,OverRange,OverRange,OverRange,11.454266,14.85411,26.852816
2026/05/27 10:59:00.263,n,31.943228,6.186712,5.253983,1.4004,OverRange,OverRange,OverRange,11.545868,14.853034,27.327634
2026/05/27 11:00:00.263,n,32.719574,3.798299,4.930914,1.331419,OverRange,OverRange,OverRange,11.401872,14.85085,28.056112
2026/05/27 11:01:00.268,n,33.32169,6.545558,5.00358,1.567971,OverRange,OverRange,OverRange,11.390132,14.848716,28.611726
2026/05/27 11:02:00.269,n,33.888784,6.560796,4.268511,1.139807,OverRange,OverRange,OverRange,11.447668,14.845522,29.09397
2026/05/27 11:03:00.269,n,34.089444,4.807178,4.832488,1.402841,OverRange,OverRange,OverRange,11.34611,14.842278,29.237396
2026/05/27 11:04:00.271,n,34.199908,6.306982,4.575288,1.454871,OverRange,OverRange,OverRange,11.47221,14.838012,29.262392
2026/05/27 11:05:00.274,n,35.060556,6.118627,4.879393,1.50939,OverRange,OverRange,OverRange,11.449698,14.842278,29.856576
2026/05/27 11:06:00.276,n,36.048468,4.27806,4.584529,1.306812,OverRange,OverRange,OverRange,11.443126,14.83586,30.661764
2026/05/27 11:07:00.261,n,36.819048,6.256292,5.43924,1.284844,OverRange,OverRange,OverRange,11.418824,14.83265,31.454916
2026/05/27 11:08:00.264,n,38.257044,3.950304,5.358839,1.27409,OverRange,OverRange,OverRange,11.205252,14.828382,32.742596
2026/05/27 11:09:00.266,n,39.825528,6.365582,5.670626,1.037347,OverRange,OverRange,OverRange,11.473018,14.834736,34.22302
2026/05/27 11:10:00.266,n,40.904664,6.453972,4.73833,1.478998,OverRange,OverRange,OverRange,11.447998,14.817596,34.891948
2026/05/27 11:11:00.268,n,40.511292,3.428931,5.067149,1.359903,OverRange,OverRange,OverRange,11.304332,14.82615,34.314312
2026/05/27 11:12:00.270,n,39.823344,6.347844,5.077986,1.571902,OverRange,OverRange,OverRange,11.416082,14.812202,33.6924
2026/05/27 11:13:00.272,n,39.444468,3.195774,4.94089,1.578142,OverRange,OverRange,OverRange,11.24758,14.812202,33.284474
2026/05/27 11:14:00.274,n,39.345424,4.204628,5.014764,1.581078,OverRange,OverRange,OverRange,11.36463,14.811128,32.907696
2026/05/27 11:15:00.278,n,38.948972,6.199002,5.097743,1.513607,OverRange,OverRange,OverRange,11.394806,14.809026,32.44559
2026/05/27 11:16:00.265,n,38.027384,6.942313,5.271437,1.44497,OverRange,OverRange,OverRange,11.272752,14.803648,31.56959
2026/05/27 11:17:00.264,n,37.126452,3.390913,4.684522,1.487739,OverRange,OverRange,OverRange,11.261276,14.799364,31.18086
2026/05/27 11:18:00.266,n,36.805452,4.073278,5.095968,1.507293,OverRange,OverRange,OverRange,11.295212,14.801514,31.130692
2026/05/27 11:19:00.269,n,37.479412,6.39657,5.19939,0.880032,OverRange,OverRange,OverRange,11.380682,14.794004,31.575478
2026/05/27 11:20:00.270,n,37.957716,6.220622,5.346011,1.591261,OverRange,OverRange,OverRange,11.31426,14.79296,31.767024
2026/05/27 11:21:00.274,n,37.432584,6.165957,5.003144,1.540578,OverRange,OverRange,OverRange,11.204274,14.79081,31.312342
2026/05/27 11:22:00.275,n,36.676892,3.173532,4.751402,1.566734,OverRange,OverRange,OverRange,11.210896,14.779014,30.538642
2026/05/27 11:23:00.277,n,35.76762,3.407526,5.423957,1.105921,OverRange,OverRange,OverRange,11.28824,14.776862,29.650184
2026/05/27 11:24:00.278,n,35.154344,3.759623,4.867689,1.49217,OverRange,OverRange,OverRange,11.351284,14.774694,29.030746
2026/05/27 11:25:00.264,n,35.198224,6.5809,5.78402,1.331583,OverRange,OverRange,OverRange,11.38645,14.765034,28.703536
2026/05/27 11:26:00.266,n,35.099044,6.048852,6.195193,0.095667,OverRange,OverRange,OverRange,11.281672,14.758598,28.550552
2026/05/27 11:27:00.269,n,34.401472,6.160299,5.76628,1.256329,OverRange,OverRange,OverRange,11.212932,14.752162,28.03512
2026/05/27 11:28:00.270,n,33.517604,5.569533,5.279729,1.28828,OverRange,OverRange,OverRange,11.191946,14.750028,27.843574
2026/05/27 11:29:00.273,n,33.01723,6.133284,5.302602,1.428499,OverRange,OverRange,OverRange,11.3685,14.745792,27.92881
2026/05/27 11:30:00.273,n,33.223796,3.729289,4.895575,1.396047,OverRange,OverRange,OverRange,11.231954,14.746836,27.95799
2026/05/27 11:31:00.278,n,32.767044,6.285751,5.802603,1.376184,OverRange,OverRange,OverRange,11.400116,14.733964,27.605012
2026/05/27 11:32:00.278,n,32.787578,6.599138,4.463066,1.648207,OverRange,OverRange,OverRange,11.326672,14.731846,27.615082
2026/05/27 11:33:00.281,n,32.964756,6.210622,4.923334,1.663256,OverRange,OverRange,OverRange,11.34844,14.727528,27.63616
2026/05/27 11:34:00.267,n,32.80772,5.230258,4.999317,1.446614,OverRange,OverRange,OverRange,11.223248,14.725376,27.235144
2026/05/27 11:35:00.268,n,32.528534,6.688831,5.033917,1.714547,OverRange,OverRange,OverRange,11.336274,14.722136,26.95819
2026/05/27 11:36:00.270,n,32.08923,3.650254,4.599189,1.562443,OverRange,OverRange,OverRange,11.265112,14.722136,26.6169
2026/05/27 11:37:00.272,n,31.53061,3.711712,4.165905,1.248338,OverRange,OverRange,OverRange,11.347488,14.716824,26.322366
2026/05/27 11:38:00.274,n,31.63838,4.778312,4.576402,1.074281,OverRange,OverRange,OverRange,11.400442,14.713582,26.727478
2026/05/27 11:39:00.276,n,32.345322,3.63486,4.14042,1.350842,OverRange,OverRange,OverRange,11.31958,14.710356,27.75245
2026/05/27 11:40:00.278,n,33.395592,3.190978,4.673923,1.287797,OverRange,OverRange,OverRange,11.405986,14.70607,28.962998
2026/05/27 11:41:00.282,n,34.494616,6.167968,5.41376,1.521926,OverRange,OverRange,OverRange,11.43128,14.708188,30.004354
2026/05/27 11:42:00.283,n,34.628052,4.549021,4.281144,1.197919,OverRange,OverRange,OverRange,11.336782,14.702878,30.035414
2026/05/27 11:43:00.269,n,35.096088,6.564518,5.867234,1.308237,OverRange,OverRange,OverRange,11.43662,14.701784,30.033366
2026/05/27 11:44:00.274,n,36.376276,6.621632,4.612034,1.425154,OverRange,OverRange,OverRange,11.400894,14.69856,30.652634
2026/05/27 11:45:00.273,n,37.298376,6.575815,4.934162,1.451676,OverRange,OverRange,OverRange,11.429516,14.695368,31.136238
2026/05/27 11:46:00.274,n,37.155452,6.560536,5.245365,1.569196,OverRange,OverRange,OverRange,11.419872,14.700744,30.9545
2026/05/27 11:47:00.275,n,36.412592,6.252134,5.287018,1.579218,OverRange,OverRange,OverRange,11.450796,14.69856,30.57533
2026/05/27 11:48:00.278,n,34.677828,3.382734,4.867272,1.650206,OverRange,OverRange,OverRange,11.38262,14.697516,29.313418
2026/05/27 11:49:00.281,n,33.171452,3.765342,4.824385,1.472466,OverRange,OverRange,OverRange,11.382366,14.697516,27.977274
2026/05/27 11:50:00.265,n,32.284378,3.627461,4.719641,1.445907,OverRange,OverRange,OverRange,11.478634,14.700744,27.06279
2026/05/27 11:51:00.269,n,32.508388,5.513734,4.973784,1.17278,OverRange,OverRange,OverRange,11.505,14.704994,27.124822
2026/05/27 11:52:00.270,n,32.918182,6.416191,5.861316,1.211004,OverRange,OverRange,OverRange,11.4012,14.699634,27.4656
2026/05/27 11:53:00.272,n,33.453586,6.448735,4.732364,1.560057,OverRange,OverRange,OverRange,11.358578,14.707146,27.684618
2026/05/27 11:54:00.257,n,34.628308,6.120898,5.206815,1.49967,OverRange,OverRange,OverRange,11.46396,14.707146,28.34919
2026/05/27 11:55:00.259,n,36.437868,3.377838,4.936262,1.617465,OverRange,OverRange,OverRange,11.348938,14.708188,29.499246
2026/05/27 11:56:00.261,n,37.31006,3.398476,4.949576,1.689259,OverRange,OverRange,OverRange,11.356776,14.702878,30.381904
2026/05/27 11:57:00.264,n,36.562192,3.200748,5.213097,1.536555,OverRange,OverRange,OverRange,11.356594,14.70607,30.345214
2026/05/27 11:58:00.266,n,35.98856,3.724196,4.93918,1.546407,OverRange,OverRange,OverRange,11.39767,14.704994,30.316038
2026/05/27 11:59:00.268,n,35.892712,4.158944,4.722857,1.468178,OverRange,OverRange,OverRange,11.336558,14.708188,30.242486
2026/05/27 12:00:00.271,n,35.1283,3.766451,4.818034,1.58128,OverRange,OverRange,OverRange,11.376084,14.708188,29.675354
2026/05/27 12:01:00.271,n,33.627816,6.525758,5.204761,1.456489,OverRange,OverRange,OverRange,11.420864,14.70607,28.43622
2026/05/27 12:02:00.257,n,31.49597,3.497634,4.936483,1.617152,OverRange,OverRange,OverRange,11.32314,14.708188,26.929008
2026/05/27 12:03:00.260,n,29.831132,5.489729,4.968797,1.369738,OverRange,OverRange,OverRange,11.434078,14.708188,25.319918
2026/05/27 12:04:00.264,n,29.831132,6.361817,4.951533,1.565958,OverRange,OverRange,OverRange,11.334488,14.703952,25.056274
2026/05/27 12:05:00.263,n,30.442358,6.407481,4.980474,1.63949,OverRange,OverRange,OverRange,11.303548,14.703952,25.574008
2026/05/27 12:06:00.265,n,31.591806,3.566361,5.227021,1.380626,OverRange,OverRange,OverRange,11.251684,14.702878,26.57236
2026/05/27 12:07:00.268,n,31.658782,6.661434,5.267283,1.521637,OverRange,OverRange,OverRange,11.395056,14.69856,26.94445
2026/05/27 12:08:00.270,n,31.373568,3.228757,4.536762,1.584676,OverRange,OverRange,OverRange,11.199514,14.695368,26.725428
2026/05/27 12:09:00.272,n,30.7073,6.448146,5.404567,1.623947,OverRange,OverRange,OverRange,11.22046,14.697516,26.287384
2026/05/27 12:10:00.257,n,30.218346,6.164707,5.159577,1.533594,OverRange,OverRange,OverRange,11.234218,14.692122,25.634078
2026/05/27 12:11:00.259,n,31.673152,6.250261,5.151396,1.53775,OverRange,OverRange,OverRange,11.192638,14.691048,26.539342
2026/05/27 12:12:00.263,n,32.776028,4.308151,5.004057,1.658649,OverRange,OverRange,OverRange,11.13943,14.686796,27.723356
2026/05/27 12:13:00.263,n,33.401242,3.274966,5.109792,1.474531,OverRange,OverRange,OverRange,11.122412,14.67386,28.248342
2026/05/27 12:14:00.265,n,33.718396,4.030632,4.975144,1.618479,OverRange,OverRange,OverRange,11.141628,14.667456,28.641504
2026/05/27 12:15:00.267,n,32.991188,6.173172,5.449919,1.481905,OverRange,OverRange,OverRange,11.21161,14.66423,28.066268
2026/05/27 12:16:00.269,n,32.310298,3.358678,4.491783,1.672573,OverRange,OverRange,OverRange,11.08492,14.66182,27.374558
2026/05/27 12:17:00.270,n,32.086922,6.496475,5.810599,1.262734,OverRange,OverRange,OverRange,11.145702,14.661786,27.389662
2026/05/27 12:18:00.274,n,32.109376,6.398498,4.634285,1.448001,OverRange,OverRange,OverRange,11.069432,14.65853,27.356726
2026/05/27 12:19:00.260,n,32.92973,5.559237,6.027169,0.33365,OverRange,OverRange,OverRange,11.065216,14.646766,28.063876
2026/05/27 12:20:00.259,n,34.549404,6.255842,5.386473,1.348741,OverRange,OverRange,OverRange,11.082356,14.644614,29.626548
2026/05/27 12:21:00.264,n,36.965952,3.362717,4.835965,1.613964,OverRange,OverRange,OverRange,11.066142,14.63067,31.899786
2026/05/27 12:22:00.263,n,40.195676,6.267548,5.875084,1.261249,OverRange,OverRange,OverRange,11.11966,14.626384,34.974624
2026/05/27 12:23:00.266,n,43.420392,6.340253,5.800939,1.279978,OverRange,OverRange,OverRange,11.044398,14.617798,37.561244
2026/05/27 12:24:00.270,n,44.503252,3.241872,5.031291,1.370253,OverRange,OverRange,OverRange,10.975384,14.610302,37.898696
2026/05/27 12:25:00.270,n,43.044856,6.573211,4.560026,1.532781,OverRange,OverRange,OverRange,11.249166,14.608152,36.358888
2026/05/27 12:26:00.271,n,41.011408,3.658906,4.430459,1.553766,OverRange,OverRange,OverRange,11.058812,14.595314,34.32174
2026/05/27 12:27:00.274,n,39.469744,6.323222,5.24949,1.157034,OverRange,OverRange,OverRange,11.170634,14.590982,33.30547
2026/05/27 12:28:00.260,n,37.851352,3.808349,4.69131,1.425933,OverRange,OverRange,OverRange,11.083924,14.585588,32.070088
2026/05/27 12:29:00.261,n,36.976596,3.295566,5.202807,1.560356,OverRange,OverRange,OverRange,11.162456,14.57811,31.300314
2026/05/27 12:30:00.265,n,36.880376,3.625921,4.534325,1.568491,OverRange,OverRange,OverRange,11.198964,14.57811,31.406622
2026/05/27 12:31:00.266,n,36.023324,3.157036,4.731085,1.633426,OverRange,OverRange,OverRange,11.19925,14.574866,30.78565
2026/05/27 12:32:00.269,n,36.506632,6.544647,5.192937,1.676023,OverRange,OverRange,OverRange,11.181976,14.57275,31.01406
2026/05/27 12:33:00.272,n,37.014452,6.273505,4.91579,1.517393,OverRange,OverRange,OverRange,11.121166,14.570616,31.58085
2026/05/27 12:34:00.272,n,36.909628,5.550108,5.280649,1.607478,OverRange,OverRange,OverRange,11.091,14.566314,31.623428
2026/05/27 12:35:00.274,n,37.303388,6.280224,4.980237,1.558044,OverRange,OverRange,OverRange,11.152598,14.563072,31.67752
2026/05/27 12:36:00.277,n,37.743456,6.760594,4.932393,1.725342,OverRange,OverRange,OverRange,11.143704,14.557712,31.710454
2026/05/27 12:37:00.261,n,37.074752,5.783238,4.382064,1.471913,OverRange,OverRange,OverRange,11.152608,14.551294,31.207396
2026/05/27 12:38:00.264,n,34.86926,6.267433,5.553557,1.23093,OverRange,OverRange,OverRange,11.11791,14.553412,29.47553
2026/05/27 12:39:00.267,n,33.380584,3.342951,5.090833,1.45061,OverRange,OverRange,OverRange,11.006862,14.546976,28.265066
2026/05/27 12:40:00.269,n,32.41486,4.237801,4.241567,1.094742,OverRange,OverRange,OverRange,11.160742,14.543766,27.775146
2026/05/27 12:41:00.269,n,32.18533,4.987565,4.968069,1.433728,OverRange,OverRange,OverRange,11.028596,14.541616,27.887602
2026/05/27 12:42:00.272,n,31.955284,6.215129,5.428933,1.442916,OverRange,OverRange,OverRange,11.185064,14.534106,28.079404
2026/05/27 12:43:00.273,n,31.920388,3.240683,4.874574,1.326467,OverRange,OverRange,OverRange,11.034454,14.531956,28.034782
2026/05/27 12:44:00.276,n,32.359692,5.947411,5.44969,1.345498,OverRange,OverRange,OverRange,11.180508,14.527668,28.54603
2026/05/27 12:45:00.278,n,33.011204,3.356836,4.881654,1.681756,OverRange,OverRange,OverRange,11.051708,14.527668,28.776572
2026/05/27 12:46:00.262,n,32.80772,4.659602,5.137201,1.495182,OverRange,OverRange,OverRange,11.128506,14.52982,28.553878
2026/05/27 12:47:00.264,n,32.574852,6.383883,5.00001,1.513203,OverRange,OverRange,OverRange,11.126242,14.522308,28.31933
2026/05/27 12:48:00.266,n,33.182872,3.364567,4.350462,1.269333,OverRange,OverRange,OverRange,11.022268,14.519084,28.857882
2026/05/27 12:49:00.268,n,34.375172,4.45379,5.075886,1.528429,OverRange,OverRange,OverRange,11.096542,14.514768,30.003846
2026/05/27 12:50:00.271,n,38.407412,6.488039,4.959134,1.659793,OverRange,OverRange,OverRange,11.120144,14.518024,33.563992
2026/05/27 12:51:00.276,n,44.680432,5.07341,4.676281,1.537944,OverRange,OverRange,OverRange,11.058528,14.515874,39.16112
2026/05/27 12:52:00.276,n,51.011836,6.454381,4.987142,1.608166,OverRange,OverRange,OverRange,11.137594,14.505138,45.221972
2026/05/27 12:53:00.278,n,54.937968,6.000225,5.130083,1.239201,OverRange,OverRange,OverRange,11.044124,14.506182,48.672056
2026/05/27 12:54:00.281,n,53.898988,3.591582,4.752379,1.508726,OverRange,OverRange,OverRange,11.102696,14.510514,47.812008
2026/05/27 12:55:00.265,n,51.186452,6.505553,5.579252,1.186144,OverRange,OverRange,OverRange,11.178982,14.510514,45.046724
2026/05/27 12:56:00.268,n,49.000972,3.928884,4.237365,1.16875,OverRange,OverRange,OverRange,11.095098,14.511556,43.184988
2026/05/27 12:57:00.270,n,49.521228,6.371968,4.626775,1.425247,OverRange,OverRange,OverRange,11.268682,14.514768,43.24446
2026/05/27 12:58:00.270,n,50.317596,6.066473,5.022849,1.437794,OverRange,OverRange,OverRange,11.164272,14.514768,43.57696
2026/05/27 12:59:00.273,n,49.47196,6.417307,4.662652,1.280771,OverRange,OverRange,OverRange,11.125508,14.513692,42.357968
2026/05/27 13:00:00.274,n,48.361128,5.292368,4.340327,0.711352,OverRange,OverRange,OverRange,11.162994,14.51695,41.372072
2026/05/27 13:01:00.278,n,49.524052,6.303479,5.509725,1.307213,OverRange,OverRange,OverRange,11.238562,14.519084,41.828372
2026/05/27 13:02:00.279,n,51.927128,6.516914,5.363673,1.580966,OverRange,OverRange,OverRange,11.078282,14.518024,44.305188
2026/05/27 13:03:00.281,n,54.40398,6.598246,5.109651,1.448642,OverRange,OverRange,OverRange,11.100128,14.522308,46.79352
2026/05/27 13:04:00.266,n,55.91896,6.648406,4.877882,1.455906,OverRange,OverRange,OverRange,11.105968,14.523384,48.218916
2026/05/27 13:05:00.271,n,54.763988,3.956766,4.413282,1.350122,OverRange,OverRange,OverRange,11.037252,14.528744,47.572936
2026/05/27 13:06:00.271,n,52.82768,3.29837,4.887894,1.410395,OverRange,OverRange,OverRange,11.066182,14.523384,46.31128
2026/05/27 13:07:00.275,n,52.917612,3.26403,4.65862,1.510205,OverRange,OverRange,OverRange,11.098598,14.525502,46.587208
2026/05/27 13:08:00.274,n,53.352936,3.290024,4.895241,1.733859,OverRange,OverRange,OverRange,11.096558,14.523384,46.98848
2026/05/27 13:09:00.278,n,53.445956,3.849114,5.054808,1.463465,OverRange,OverRange,OverRange,11.094036,14.531956,47.318332
2026/05/27 13:10:00.280,n,54.200748,6.251558,4.641727,1.357723,OverRange,OverRange,OverRange,11.157684,14.524426,48.561992
2026/05/27 13:11:00.281,n,57.21262,3.33895,4.539226,1.556439,OverRange,OverRange,OverRange,11.133606,14.537298,51.471468
2026/05/27 13:12:00.282,n,59.51472,3.782962,4.871522,1.547756,OverRange,OverRange,OverRange,11.194936,14.534106,53.219296
2026/05/27 13:13:00.268,n,59.43928,3.124015,4.65281,1.492306,OverRange,OverRange,OverRange,11.266928,14.539466,52.226232
2026/05/27 13:14:00.270,n,57.08214,6.471348,5.274396,1.574377,OverRange,OverRange,OverRange,11.32214,14.54054,49.001568
2026/05/27 13:15:00.273,n,55.38484,4.145352,5.264359,1.243325,OverRange,OverRange,OverRange,11.1777,14.546976,47.05418
2026/05/27 13:16:00.274,n,54.978772,3.289917,4.673376,1.507497,OverRange,OverRange,OverRange,11.24436,14.557712,46.757
2026/05/27 13:17:00.276,n,57.366196,3.699842,4.921498,1.600331,OverRange,OverRange,OverRange,11.187094,14.567356,49.074948
2026/05/27 13:18:00.278,n,61.13478,6.094239,5.745989,1.219129,OverRange,OverRange,OverRange,11.286718,14.57705,52.122312
2026/05/27 13:19:00.265,n,62.339656,3.714026,4.063228,1.28456,OverRange,OverRange,OverRange,11.28797,14.592056,52.645844
2026/05/27 13:20:00.266,n,59.642124,3.278418,5.048873,1.338082,OverRange,OverRange,OverRange,11.337582,14.586664,50.352476
2026/05/27 13:21:00.268,n,55.930376,3.225607,4.904962,1.755543,OverRange,OverRange,OverRange,11.376556,14.598458,47.418508
2026/05/27 13:22:00.270,n,53.303924,6.659972,5.265749,1.631291,OverRange,OverRange,OverRange,11.473608,14.612404,45.23204
2026/05/27 13:23:00.273,n,50.517872,6.596751,5.190248,1.483757,OverRange,OverRange,OverRange,11.435618,14.623174,42.266332
2026/05/27 13:24:00.258,n,44.092692,6.593177,5.361799,1.632301,OverRange,OverRange,OverRange,11.412466,14.63497,35.955228
2026/05/27 13:25:00.260,n,41.148692,6.787758,4.554377,1.665177,OverRange,OverRange,OverRange,11.575272,14.643522,33.473548
2026/05/27 13:26:00.261,n,38.026484,3.442206,4.769987,1.40113,OverRange,OverRange,OverRange,11.446696,14.652126,31.785798
2026/05/27 13:27:00.264,n,37.0668,6.679041,5.428778,1.654389,OverRange,OverRange,OverRange,11.609508,14.66392,32.211124
2026/05/27 13:28:00.267,n,40.256744,3.370155,4.918393,1.676742,OverRange,OverRange,OverRange,11.503404,14.66718,36.518612
2026/05/27 13:29:00.269,n,42.438888,4.468253,4.629504,1.54422,OverRange,OverRange,OverRange,11.55328,14.680018,39.7495
2026/05/27 13:30:00.271,n,46.415316,6.465204,5.380027,1.263271,OverRange,OverRange,OverRange,11.514324,14.687562,43.359392
2026/05/27 13:31:00.273,n,52.829724,6.577847,5.087337,1.545341,OverRange,OverRange,OverRange,11.587286,14.69825,48.355256
2026/05/27 13:32:00.260,n,60.905248,6.265294,5.29126,1.388742,OverRange,OverRange,OverRange,11.485002,14.69825,54.976928
2026/05/27 13:33:00.259,n,66.84314,3.186875,4.870372,1.65274,OverRange,OverRange,OverRange,11.439128,14.707878,58.842104
2026/05/27 13:34:00.261,n,65.856132,6.556207,5.477505,1.308387,OverRange,OverRange,OverRange,11.55919,14.713272,56.998464
2026/05/27 13:35:00.263,n,60.204084,6.688846,5.10581,1.626053,OverRange,OverRange,OverRange,11.460164,14.719674,51.345796
2026/05/27 13:36:00.269,n,54.72884,3.479868,4.822645,1.65923,OverRange,OverRange,OverRange,11.50729,14.727218,46.90376
2026/05/27 13:37:00.269,n,53.718724,6.674394,5.248605,1.511784,OverRange,OverRange,OverRange,11.610082,14.738706,46.7919
2026/05/27 13:38:00.269,n,53.18974,4.471116,4.510063,1.475494,OverRange,OverRange,OverRange,11.500178,14.736538,46.976532
2026/05/27 13:39:00.273,n,53.256588,6.501285,5.392585,1.62567,OverRange,OverRange,OverRange,11.460104,14.746216,47.015104
2026/05/27 13:40:00.257,n,52.420444,3.191373,4.425962,1.619341,OverRange,OverRange,OverRange,11.465226,14.755844,45.623672
2026/05/27 13:41:00.261,n,51.269968,6.596169,5.089506,1.591943,OverRange,OverRange,OverRange,11.553056,14.75692,44.13258
2026/05/27 13:42:00.262,n,48.424636,3.356037,4.491417,1.654427,OverRange,OverRange,OverRange,11.478114,14.76443,41.465668
2026/05/27 13:43:00.428,n,45.961136,5.514861,4.914564,1.189971,OverRange,OverRange,OverRange,11.438656,14.766598,39.0031
2026/05/27 13:44:00.265,n,45.408032,3.702228,4.940541,1.549207,OverRange,OverRange,OverRange,11.411546,14.771926,38.4439
2026/05/27 13:45:00.267,n,44.299376,3.231477,4.853512,1.605702,OverRange,OverRange,OverRange,11.437298,14.775152,37.795968
2026/05/27 13:46:00.269,n,45.186964,3.137788,5.303151,1.462525,OverRange,OverRange,OverRange,11.368724,14.772968,38.738948
2026/05/27 13:47:00.272,n,47.706408,3.356965,4.889447,1.628075,OverRange,OverRange,OverRange,11.3543,14.768716,41.159276
2026/05/27 13:48:00.275,n,50.392652,6.549206,5.018161,1.683855,OverRange,OverRange,OverRange,11.348984,14.771926,44.053572
2026/05/27 13:49:00.260,n,53.04732,3.293051,5.015332,1.301315,OverRange,OverRange,OverRange,11.269196,14.763356,46.555644
2026/05/27 13:50:00.260,n,54.420912,5.961519,5.210318,1.533645,OverRange,OverRange,OverRange,11.322638,14.762314,47.76158
2026/05/27 13:51:00.264,n,54.011384,6.55134,4.91838,1.667595,OverRange,OverRange,OverRange,11.310492,14.755844,46.943684
2026/05/27 13:52:00.266,n,53.044508,3.608225,4.466975,1.342236,OverRange,OverRange,OverRange,11.243358,14.757996,45.77998
2026/05/27 13:53:00.269,n,51.371584,6.588217,5.000869,1.717361,OverRange,OverRange,OverRange,11.308468,14.755844,43.966968
2026/05/27 13:54:00.269,n,50.104616,4.908349,4.551338,1.257935,OverRange,OverRange,OverRange,11.210674,14.749442,42.874928
2026/05/27 13:55:00.272,n,47.758504,3.356467,5.352177,1.118149,OverRange,OverRange,OverRange,11.153906,14.747292,40.806896
2026/05/27 13:56:00.273,n,46.816516,6.100026,5.920357,0.786461,OverRange,OverRange,OverRange,11.244122,14.74514,39.739604
2026/05/27 13:57:00.275,n,46.976512,3.70595,4.081652,1.019242,OverRange,OverRange,OverRange,11.171422,14.741898,39.666308
2026/05/27 13:58:00.260,n,46.889008,5.461926,4.062189,0.689914,OverRange,OverRange,OverRange,11.290532,14.733344,39.866648
2026/05/27 13:59:00.263,n,46.73518,6.196277,4.885941,0.991083,OverRange,OverRange,OverRange,11.220332,14.73227,39.934136
2026/05/27 14:00:00.264,n,47.025772,6.225983,4.837649,1.32014,OverRange,OverRange,OverRange,11.263134,14.722622,40.028672
2026/05/27 14:01:00.269,n,47.311116,4.533235,4.482256,1.09286,OverRange,OverRange,OverRange,11.168606,14.720472,40.502552
2026/05/27 14:02:00.270,n,46.828188,6.508467,4.592189,1.503918,OverRange,OverRange,OverRange,11.212428,14.711886,40.475588
2026/05/27 14:03:00.271,n,47.744388,3.860559,4.389077,1.278855,OverRange,OverRange,OverRange,11.154668,14.707568,41.005356
2026/05/27 14:04:00.272,n,48.738724,3.786095,4.820084,1.176133,OverRange,OverRange,OverRange,11.17012,14.702274,41.854648
2026/05/27 14:05:00.276,n,49.17456,6.284809,5.458065,1.292226,OverRange,OverRange,OverRange,11.239076,14.699016,42.340044
2026/05/27 14:06:00.278,n,51.490648,3.753204,4.629262,1.332953,OverRange,OverRange,OverRange,11.176498,14.693624,44.007244
2026/05/27 14:07:00.262,n,54.884596,3.696249,3.993265,0.474573,OverRange,OverRange,OverRange,11.21552,14.691504,46.678928
2026/05/27 14:08:00.264,n,61.008528,6.058814,5.424301,1.311887,OverRange,OverRange,OverRange,11.186646,14.679708,52.053712
2026/05/27 14:09:00.267,n,64.208992,3.633286,3.817071,0.516943,OverRange,OverRange,OverRange,11.144552,14.680784,55.3532
2026/05/27 14:10:00.269,n,64.37066,3.838664,3.684104,0.079519,OverRange,OverRange,OverRange,11.180314,14.676498,55.397564
2026/05/27 14:11:00.271,n,64.029884,6.341409,5.94391,1.083953,OverRange,OverRange,OverRange,11.144288,14.675456,54.520792
2026/05/27 14:12:00.272,n,67.481816,6.078693,5.731896,1.108812,OverRange,OverRange,OverRange,11.029222,14.668988,57.357252
2026/05/27 14:13:00.274,n,68.3154,3.180398,5.196308,1.501284,OverRange,OverRange,OverRange,11.08041,14.66573,58.51694
2026/05/27 14:14:00.275,n,70.610576,3.642685,3.924147,0.398623,OverRange,OverRange,OverRange,11.128606,14.656116,59.933376
2026/05/27 14:15:00.278,n,74.68708,6.253041,4.797222,1.322916,OverRange,OverRange,OverRange,11.201076,14.653966,62.640728
2026/05/27 14:16:00.264,n,76.300848,3.722074,4.520453,1.089886,OverRange,OverRange,OverRange,11.089016,14.648606,63.75324
2026/05/27 14:17:00.266,n,74.843352,3.342475,4.917849,1.466594,OverRange,OverRange,OverRange,11.222336,14.652892,62.478108
2026/05/27 14:18:00.268,n,68.671944,6.238603,6.192196,0.274112,OverRange,OverRange,OverRange,11.233252,14.652892,57.193424
2026/05/27 14:19:00.269,n,66.564352,3.908609,4.532238,1.480489,OverRange,OverRange,OverRange,11.09257,14.648606,54.69008
2026/05/27 14:20:00.270,n,66.49198,3.707313,4.683643,1.525739,OverRange,OverRange,OverRange,11.15646,14.647564,55.9624
2026/05/27 14:21:00.274,n,64.419152,3.70186,4.044977,1.213013,OverRange,OverRange,OverRange,11.1884,14.645382,55.610784
2026/05/27 14:22:00.279,n,61.678132,6.272258,5.062297,1.353093,OverRange,OverRange,OverRange,11.219584,14.646488,52.650968
2026/05/27 14:23:00.279,n,63.956884,6.692312,4.554848,1.213531,OverRange,OverRange,OverRange,11.179002,14.643246,54.726592
2026/05/27 14:24:00.281,n,64.997916,6.434844,5.590395,1.30795,OverRange,OverRange,OverRange,11.1656,14.64217,56.218196
2026/05/27 14:25:00.265,n,65.280824,6.175541,4.67325,1.319472,OverRange,OverRange,OverRange,11.231466,14.643246,56.371688
2026/05/27 14:26:00.267,n,70.340368,6.076096,5.709142,1.121981,OverRange,OverRange,OverRange,11.18864,14.643246,61.2859
2026/05/27 14:27:00.269,n,74.857728,3.660224,4.148475,1.202474,OverRange,OverRange,OverRange,11.235036,14.646488,65.61582
2026/05/27 14:28:00.271,n,82.258256,3.644122,3.795715,0.126257,OverRange,OverRange,OverRange,11.200572,14.641128,70.977368
2026/05/27 14:29:00.272,n,81.87168,6.414649,5.544897,1.204548,OverRange,OverRange,OverRange,11.122758,14.647564,71.511496
2026/05/27 14:30:00.274,n,79.80244,3.724652,4.957899,1.420784,OverRange,OverRange,OverRange,11.096634,14.649682,70.040032
2026/05/27 14:31:00.277,n,73.82632,5.783211,4.741495,1.187138,OverRange,OverRange,OverRange,11.21907,14.648606,63.620564
2026/05/27 14:32:00.279,n,74.342336,3.788899,4.868279,1.473686,OverRange,OverRange,OverRange,11.193208,14.649682,63.870472
2026/05/27 14:33:00.283,n,73.774344,4.921885,4.800061,0.92496,OverRange,OverRange,OverRange,11.269222,14.648606,62.704976
2026/05/27 14:34:00.267,n,76.404776,3.372647,5.028605,1.411839,OverRange,OverRange,OverRange,11.131108,14.650756,64.99314
2026/05/27 14:35:00.268,n,77.340216,6.497751,4.985044,1.498594,OverRange,OverRange,OverRange,11.19601,14.653966,65.980568
2026/05/27 14:36:00.272,n,73.40304,6.171313,5.028944,1.379861,OverRange,OverRange,OverRange,11.086,14.66151,64.708596
2026/05/27 14:37:00.272,n,73.72508,5.983773,4.767205,1.274842,OverRange,OverRange,OverRange,11.094096,14.656116,64.946984
2026/05/27 14:38:00.273,n,74.34824,6.240395,5.362993,1.091198,OverRange,OverRange,OverRange,11.104248,14.658252,65.306528
2026/05/27 14:39:00.275,n,74.637936,3.639144,3.996721,0.748569,OverRange,OverRange,OverRange,11.168118,14.659328,65.146972
2026/05/27 14:40:00.277,n,74.599832,3.660328,3.652167,0.013304,OverRange,OverRange,OverRange,11.285966,14.658252,64.235816
2026/05/27 14:41:00.279,n,84.197912,3.643,4.062892,0.729094,OverRange,OverRange,OverRange,11.2576,14.66467,70.893336
2026/05/27 14:42:00.281,n,90.665184,6.086506,5.008215,1.331677,OverRange,OverRange,OverRange,11.222352,14.668988,77.192824
2026/05/27 14:43:00.269,n,90.32428,3.787373,4.493201,1.171773,OverRange,OverRange,OverRange,11.002838,14.671138,78.956864
2026/05/27 14:44:00.269,n,82.003704,6.263419,4.632904,1.385497,OverRange,OverRange,OverRange,11.20715,14.676498,72.196544
2026/05/27 14:45:00.271,n,80.347088,3.602479,4.588689,1.344832,OverRange,OverRange,OverRange,11.092576,14.678618,69.158312
2026/05/27 14:46:00.273,n,77.120304,3.64286,4.553222,1.349173,OverRange,OverRange,OverRange,11.097398,14.681858,67.580528
2026/05/27 14:47:00.277,n,74.59164,4.150712,5.402109,0.809295,OverRange,OverRange,OverRange,11.074342,14.686112,65.056616
2026/05/27 14:48:00.278,n,75.591088,3.369463,5.171851,1.345377,OverRange,OverRange,OverRange,11.175984,14.692548,64.487608
2026/05/27 14:49:00.279,n,74.336184,6.173009,5.295859,1.274811,OverRange,OverRange,OverRange,11.243404,14.699016,64.504584
2026/05/27 14:50:00.282,n,72.005712,6.155081,4.895732,1.215458,OverRange,OverRange,OverRange,11.23047,14.697956,61.442548
2026/05/27 14:51:00.283,n,78.494536,3.739968,4.206543,0.979016,OverRange,OverRange,OverRange,11.194738,14.695806,65.174872
2026/05/27 14:52:00.270,n,78.781936,3.139096,4.267624,1.175882,OverRange,OverRange,OverRange,11.278854,14.709752,67.014336
2026/05/27 14:53:00.271,n,74.962416,6.220306,5.351586,1.387071,OverRange,OverRange,OverRange,11.113622,14.709752,64.231896
2026/05/27 14:54:00.274,n,72.489544,3.705391,4.887973,1.479729,OverRange,OverRange,OverRange,11.006398,14.710828,63.561176
2026/05/27 14:55:00.275,n,69.685272,3.536564,4.85059,1.33966,OverRange,OverRange,OverRange,11.083736,14.71293,61.415844
2026/05/27 14:56:00.277,n,70.297648,3.120178,5.325748,1.530427,OverRange,OverRange,OverRange,11.094636,14.718324,61.699452
2026/05/27 14:57:00.263,n,73.237672,3.753794,5.343463,1.415136,OverRange,OverRange,OverRange,11.124554,14.719398,63.169384
2026/05/27 14:58:00.265,n,79.10872,6.240367,6.099752,0.321459,OverRange,OverRange,OverRange,11.16129,14.723666,67.649808
2026/05/27 14:59:00.267,n,81.715416,3.801668,4.611441,1.137369,OverRange,OverRange,OverRange,11.005876,14.722622,69.532616
2026/05/27 15:00:00.272,n,79.02776,3.641633,3.636985,0.110761,OverRange,OverRange,OverRange,11.102754,14.723666,67.212112
2026/05/27 15:01:00.271,n,76.9956,3.592659,3.574127,0.049872,OverRange,OverRange,OverRange,11.099462,14.729026,65.311904
2026/05/27 15:02:00.257,n,67.312992,6.516747,5.502082,1.346917,OverRange,OverRange,OverRange,11.035066,14.73227,57.913036
2026/05/27 15:03:00.322,n,60.88998,6.156314,6.001469,0.805781,OverRange,OverRange,OverRange,11.056102,14.736538,51.846204
2026/05/27 15:04:00.260,n,58.232484,5.509227,4.876329,1.481652,OverRange,OverRange,OverRange,11.152162,14.739748,48.733232
2026/05/27 15:05:00.458,n,56.657972,6.318033,5.85596,1.253262,OverRange,OverRange,OverRange,11.199062,14.748366,47.535908
2026/05/27 15:06:00.266,n,54.37126,3.80884,4.274943,1.060546,OverRange,OverRange,OverRange,11.20081,14.75477,45.816752
2026/05/27 15:07:00.267,n,55.825168,6.23137,4.933657,1.377159,OverRange,OverRange,OverRange,11.163076,14.763356,46.436108
2026/05/27 15:08:00.269,n,56.126936,6.185373,5.860621,1.177366,OverRange,OverRange,OverRange,11.03302,14.782662,46.84932
2026/05/27 15:09:00.271,n,54.179708,5.153807,4.199962,0.911163,OverRange,OverRange,OverRange,11.073086,14.787992,45.755064
2026/05/27 15:10:00.423,n,53.245036,6.337324,5.165603,1.539168,OverRange,OverRange,OverRange,11.122518,14.797652,44.8922
2026/05/27 15:11:00.302,n,55.613216,4.231422,4.85369,1.179845,OverRange,OverRange,OverRange,11.04012,14.803014,47.026536
2026/05/27 15:12:00.262,n,58.447128,6.503382,4.709515,1.547583,OverRange,OverRange,OverRange,11.160782,14.806256,50.018604
2026/05/27 15:13:00.364,n,60.52804,6.26844,5.477427,1.211129,OverRange,OverRange,OverRange,11.175732,14.808406,52.127512
2026/05/27 15:14:00.313,n,60.797472,6.261238,6.196949,0.063011,OverRange,OverRange,OverRange,11.168652,14.81266,52.127508
2026/05/27 15:15:00.269,n,61.547908,6.3335,6.195345,0.354368,OverRange,OverRange,OverRange,11.211482,14.821246,51.756024
2026/05/27 15:16:00.269,n,61.069988,3.785737,5.033604,1.664267,OverRange,OverRange,OverRange,11.161022,14.827648,51.124216
2026/05/27 15:17:00.271,n,62.095372,5.207004,5.152027,1.164709,OverRange,OverRange,OverRange,11.218318,14.830908,51.93102
2026/05/27 15:18:00.275,n,59.907964,3.284675,4.7946,1.527065,OverRange,OverRange,OverRange,11.096904,14.836268,51.9119
2026/05/27 15:19:00.259,n,57.388392,5.115969,4.820322,1.269596,OverRange,OverRange,OverRange,11.106796,14.838418,50.537108
2026/05/27 15:20:00.260,n,57.397368,3.746364,4.049753,0.963158,OverRange,OverRange,OverRange,11.107824,14.839478,50.429172
2026/05/27 15:21:00.263,n,58.009492,6.095317,5.431504,1.168065,OverRange,OverRange,OverRange,11.20361,14.845898,50.575672
2026/05/27 15:22:00.265,n,58.058508,4.389904,5.422514,1.206165,OverRange,OverRange,OverRange,11.182074,14.845898,49.878084
2026/05/27 15:23:00.268,n,56.83182,6.887452,4.334633,1.282433,OverRange,OverRange,OverRange,11.150146,14.850182,48.012176
2026/05/27 15:24:00.269,n,56.553284,3.939173,5.13515,1.308265,OverRange,OverRange,OverRange,11.077678,14.849106,47.76346
2026/05/27 15:25:00.270,n,59.594656,3.645103,3.752954,0.120043,OverRange,OverRange,OverRange,11.192226,14.855576,50.319112
2026/05/27 15:26:00.273,n,62.590484,3.614412,4.109639,1.304185,OverRange,OverRange,OverRange,11.146606,14.853426,53.385928
2026/05/27 15:27:00.277,n,61.452328,3.665257,4.188554,1.174611,OverRange,OverRange,OverRange,11.080954,14.860904,52.972288
2026/05/27 15:28:00.260,n,63.198884,3.313117,5.676684,1.186613,OverRange,OverRange,OverRange,11.036068,14.859812,53.324412
2026/05/27 15:29:00.262,n,69.768544,5.607495,4.666904,1.277242,OverRange,OverRange,OverRange,11.057628,14.85766,57.842388
2026/05/27 15:30:00.264,n,73.690312,3.545049,4.166385,1.219407,OverRange,OverRange,OverRange,11.064214,14.851256,61.580688
2026/05/27 15:31:00.267,n,71.820072,3.17794,5.249026,1.411201,OverRange,OverRange,OverRange,11.034058,14.855576,59.627836
2026/05/27 15:32:00.269,n,64.689612,3.748795,4.604079,1.349485,OverRange,OverRange,OverRange,11.04063,14.856618,53.958696
2026/05/27 15:33:00.272,n,59.072856,3.792821,4.623152,1.357561,OverRange,OverRange,OverRange,11.058132,14.85766,49.037572
2026/05/27 15:34:00.275,n,57.936752,6.491053,4.263231,1.114846,OverRange,OverRange,OverRange,11.101486,14.850182,47.22542
2026/05/27 15:35:00.276,n,54.736796,6.228236,6.220946,0.033648,OverRange,OverRange,OverRange,11.080938,14.85766,45.034688
2026/05/27 15:36:00.277,n,51.15642,6.156285,4.064062,1.040604,OverRange,OverRange,OverRange,11.117962,14.853426,42.846516
2026/05/27 15:37:00.262,n,50.961792,3.966638,4.673612,1.145753,OverRange,OverRange,OverRange,11.034302,14.85766,43.5378
2026/05/27 15:38:00.331,n,52.70194,6.203553,5.001051,1.330025,OverRange,OverRange,OverRange,11.081716,14.859812,45.291596
2026/05/27 15:39:00.315,n,53.596204,3.87052,3.75267,0.342215,OverRange,OverRange,OverRange,11.153936,14.863054,45.660528
2026/05/27 15:40:00.356,n,54.029208,3.803344,4.128691,1.167332,OverRange,OverRange,OverRange,11.145574,14.869522,45.87656
2026/05/27 15:41:00.442,n,54.168168,6.535826,4.363065,1.241164,OverRange,OverRange,OverRange,11.123302,14.876968,45.552256
2026/05/27 15:42:00.273,n,53.88654,3.618212,5.250132,1.439354,OverRange,OverRange,OverRange,10.981796,14.87912,44.731796
2026/05/27 15:43:00.275,n,50.836828,6.362973,5.23052,1.147124,OverRange,OverRange,OverRange,11.085002,14.88769,42.197732
2026/05/27 15:44:00.277,n,47.176916,3.757679,4.721767,1.291481,OverRange,OverRange,OverRange,11.06979,14.894108,39.860848
2026/05/27 15:45:00.278,n,46.26662,3.804722,4.171672,0.755078,OverRange,OverRange,OverRange,11.10376,14.90483,39.400192
2026/05/27 15:46:00.264,n,48.683424,6.453493,5.350828,1.650537,OverRange,OverRange,OverRange,11.152166,14.90804,41.0516
2026/05/27 15:47:00.266,n,49.744476,3.715377,4.441918,1.503593,OverRange,OverRange,OverRange,11.104762,14.920928,41.908572
2026/05/27 15:48:00.268,n,48.523432,3.836318,5.012798,1.487706,OverRange,OverRange,OverRange,11.18158,14.923064,40.652892
2026/05/27 15:49:00.269,n,46.615856,3.371789,5.096182,1.529274,OverRange,OverRange,OverRange,11.053578,14.929468,39.3019
2026/05/27 15:50:00.272,n,45.251116,4.689053,3.891721,0.400546,OverRange,OverRange,OverRange,11.09819,14.929468,38.64842
2026/05/27 15:51:00.275,n,47.438648,6.464738,5.455704,1.518031,OverRange,OverRange,OverRange,11.054846,14.932694,40.989912
2026/05/27 15:52:00.276,n,51.087016,5.691725,4.432355,1.328566,OverRange,OverRange,OverRange,11.051544,14.935902,43.997772
2026/05/27 15:53:00.284,n,51.551848,5.132209,4.577612,1.229828,OverRange,OverRange,OverRange,11.024674,14.939162,44.096232
2026/05/27 15:54:00.281,n,49.006104,3.744558,4.788722,1.412223,OverRange,OverRange,OverRange,11.014012,14.938054,41.98178
2026/05/27 15:55:00.265,n,46.330508,3.739517,4.81725,1.467688,OverRange,OverRange,OverRange,10.99754,14.934844,39.866732
2026/05/27 15:56:00.268,n,44.715588,3.668121,4.495839,1.456906,OverRange,OverRange,OverRange,11.031506,14.930542,38.598252
2026/05/27 15:57:00.269,n,44.776656,6.25408,5.083078,1.417283,OverRange,OverRange,OverRange,11.018346,14.930542,38.5846
2026/05/27 15:58:00.271,n,44.601912,3.935719,4.962152,1.428967,OverRange,OverRange,OverRange,10.951402,14.925214,38.673336
2026/05/27 15:59:00.273,n,44.779736,3.787787,3.682093,0.089818,OverRange,OverRange,OverRange,10.968892,14.91982,39.317256
2026/05/27 16:00:00.275,n,46.152944,3.681763,3.80267,0.118341,OverRange,OverRange,OverRange,11.02441,14.914492,40.55264
2026/05/27 16:01:00.280,n,47.084028,6.147824,5.751442,1.122158,OverRange,OverRange,OverRange,10.996018,14.917704,41.278896
2026/05/27 16:02:00.280,n,47.34576,3.785041,4.760731,1.325986,OverRange,OverRange,OverRange,10.912828,14.909116,41.382992
2026/05/27 16:03:00.478,n,47.278912,6.239086,5.489865,1.369791,OverRange,OverRange,OverRange,11.005138,14.903788,41.070712
2026/05/27 16:04:00.273,n,48.564236,5.524071,5.824234,0.929935,OverRange,OverRange,OverRange,10.937176,14.895202,41.9567
2026/05/27 16:05:00.270,n,47.650984,3.435279,4.085276,1.09806,OverRange,OverRange,OverRange,10.963822,14.88663,41.342376
2026/05/27 16:06:00.273,n,44.974504,6.203638,5.771322,1.029372,OverRange,OverRange,OverRange,10.986374,14.888764,39.057028
2026/05/27 16:07:00.275,n,42.246308,6.200317,5.024774,1.263069,OverRange,OverRange,OverRange,10.95719,14.872682,36.682684
2026/05/27 16:08:00.278,n,40.871432,4.687169,5.135594,1.309139,OverRange,OverRange,OverRange,10.963806,14.870564,35.76018
2026/05/27 16:09:00.278,n,40.935456,6.218992,4.940098,1.473186,OverRange,OverRange,OverRange,10.975224,14.863054,36.034236
2026/05/27 16:10:00.280,n,41.0898,6.212507,5.207455,1.419382,OverRange,OverRange,OverRange,10.976212,14.859812,35.935944
2026/05/27 16:11:00.266,n,41.410556,6.089355,4.970498,1.563596,OverRange,OverRange,OverRange,10.961264,14.853426,36.130652
2026/05/27 16:12:00.269,n,41.713472,6.255169,5.215235,1.510783,OverRange,OverRange,OverRange,10.981808,14.842672,36.736696
2026/05/27 16:13:00.273,n,42.15932,5.290279,5.534454,1.062168,OverRange,OverRange,OverRange,10.949368,14.839478,37.3813
2026/05/27 16:14:00.272,n,41.666896,6.718983,5.733289,1.211711,OverRange,OverRange,OverRange,10.928294,14.831984,36.941212
2026/05/27 16:15:00.261,n,40.014772,5.918914,5.164036,1.329727,OverRange,OverRange,OverRange,10.972432,14.833024,35.323672
2026/05/27 16:16:00.260,n,38.717392,3.75067,4.554442,1.357885,OverRange,OverRange,OverRange,11.027974,14.82983,33.919528
2026/05/27 16:17:00.263,n,37.720364,3.151283,4.26894,1.189945,OverRange,OverRange,OverRange,11.086788,14.831984,33.026802
2026/05/27 16:18:00.264,n,36.71974,6.052269,5.617516,1.28686,OverRange,OverRange,OverRange,11.126068,14.833024,32.502586
2026/05/27 16:19:00.268,n,36.046932,4.813821,4.942847,1.405175,OverRange,OverRange,OverRange,11.061178,14.837342,32.007804
2026/05/27 16:20:00.268,n,34.889012,3.125991,5.669611,1.275302,OverRange,OverRange,OverRange,11.065228,14.845898,31.023444
2026/05/27 16:21:00.270,n,34.039792,3.456743,4.942251,0.895922,OverRange,OverRange,OverRange,11.03355,14.853426,29.895228
2026/05/27 16:22:00.257,n,33.868252,3.679461,3.702218,0.175651,OverRange,OverRange,OverRange,11.07283,14.863054,29.250704
2026/05/27 16:23:00.259,n,33.801536,3.452362,4.547479,1.502659,OverRange,OverRange,OverRange,11.07487,14.860904,28.907966
2026/05/27 16:24:00.264,n,33.516582,6.349626,5.292476,1.433225,OverRange,OverRange,OverRange,11.051534,14.86413,28.774522
2026/05/27 16:25:00.264,n,34.356952,6.523807,4.913075,1.601523,OverRange,OverRange,OverRange,11.04089,14.86413,29.38031
2026/05/27 16:26:00.265,n,35.54566,3.877463,4.985092,1.408055,OverRange,OverRange,OverRange,10.975988,14.86413,30.715682
2026/05/27 16:27:00.266,n,35.083904,6.157288,5.045302,1.330409,OverRange,OverRange,OverRange,11.068278,14.873758,30.870544
2026/05/27 16:28:00.268,n,34.871436,3.302131,4.995765,1.497719,OverRange,OverRange,OverRange,11.002854,14.861978,30.632498
2026/05/27 16:29:00.269,n,35.599292,3.767556,4.499543,1.31622,OverRange,OverRange,OverRange,10.992706,14.858736,31.015762
2026/05/27 16:30:00.277,n,36.801468,6.255166,5.6052,1.091753,OverRange,OverRange,OverRange,10.977764,14.865204,31.928542
2026/05/27 16:31:00.257,n,36.640968,3.338508,4.575783,1.524251,OverRange,OverRange,OverRange,11.0097,14.856618,31.529914
2026/05/27 16:32:00.259,n,38.166464,6.134605,4.920283,1.424823,OverRange,OverRange,OverRange,11.059138,14.8545,32.663074
2026/05/27 16:33:00.261,n,43.143004,3.917704,4.811054,1.170596,OverRange,OverRange,OverRange,10.920944,14.844854,37.135576
2026/05/27 16:34:00.263,n,48.037556,6.34464,4.908121,1.389976,OverRange,OverRange,OverRange,10.998816,14.846956,41.636904
2026/05/27 16:35:00.264,n,50.276152,3.873026,4.572358,1.354065,OverRange,OverRange,OverRange,10.932866,14.840552,43.400344
2026/05/27 16:36:00.271,n,52.103412,6.118385,4.397545,1.194265,OverRange,OverRange,OverRange,11.00793,14.827648,44.552108
2026/05/27 16:37:00.269,n,52.934292,5.635774,3.910692,0.864636,OverRange,OverRange,OverRange,10.998032,14.81877,45.204908
2026/05/27 16:38:00.271,n,54.796064,3.643935,5.363987,1.416475,OverRange,OverRange,OverRange,11.01825,14.80479,46.276464
2026/05/27 16:39:00.272,n,57.676424,5.568545,4.187818,0.880827,OverRange,OverRange,OverRange,11.057546,14.808032,48.498248
2026/05/27 16:40:00.259,n,56.528132,6.501284,4.260284,1.102863,OverRange,OverRange,OverRange,11.106232,14.79731,48.240072
2026/05/27 16:41:00.260,n,51.613432,6.208674,5.200239,1.047019,OverRange,OverRange,OverRange,11.082138,14.796236,45.135456
2026/05/27 16:42:00.264,n,47.655344,3.311184,4.75584,1.483501,OverRange,OverRange,OverRange,11.052212,14.790874,41.97444
2026/05/27 16:43:00.266,n,47.376296,4.550881,4.983745,1.236993,OverRange,OverRange,OverRange,11.08163,14.793026,41.566264
2026/05/27 16:44:00.266,n,50.59434,5.990913,4.956427,1.065324,OverRange,OverRange,OverRange,11.057806,14.79731,44.5696
2026/05/27 16:45:00.268,n,50.849788,6.629204,4.469095,1.459376,OverRange,OverRange,OverRange,11.104446,14.793026,45.409852
2026/05/27 16:46:00.269,n,48.460692,3.606427,4.261342,1.226663,OverRange,OverRange,OverRange,11.079366,14.789766,42.87894
2026/05/27 16:47:00.274,n,45.456396,6.381316,4.160313,1.088727,OverRange,OverRange,OverRange,11.145508,14.788724,39.76298
2026/05/27 16:48:00.274,n,46.587888,6.504453,4.075941,1.206459,OverRange,OverRange,OverRange,11.06692,14.785546,40.40076
2026/05/27 16:49:00.259,n,46.550168,6.055203,5.803299,0.591982,OverRange,OverRange,OverRange,11.010916,14.782322,40.761164
2026/05/27 16:50:00.262,n,46.84384,3.495469,4.562042,1.388395,OverRange,OverRange,OverRange,10.996954,14.784472,40.56262
2026/05/27 16:51:00.263,n,48.126476,3.654264,4.498928,1.274582,OverRange,OverRange,OverRange,11.036758,14.783396,41.046312
2026/05/27 16:52:00.266,n,47.809692,6.219275,5.975796,0.432773,OverRange,OverRange,OverRange,11.06567,14.786622,40.391208
2026/05/27 16:53:00.267,n,44.460912,6.226693,6.087149,0.699764,OverRange,OverRange,OverRange,11.072012,14.781214,37.570544
2026/05/27 16:54:00.272,n,37.683284,6.179282,6.176977,0.332926,OverRange,OverRange,OverRange,11.110032,14.790874,32.311634
2026/05/27 16:55:00.272,n,33.244838,3.843431,4.929968,1.588257,OverRange,OverRange,OverRange,11.106202,14.79195,28.02019
2026/05/27 16:56:00.273,n,30.731292,5.74622,4.476084,1.054584,OverRange,OverRange,OverRange,11.137894,14.802672,25.822638
2026/05/27 16:57:00.276,n,28.463576,6.20713,5.449167,1.367007,OverRange,OverRange,OverRange,11.131816,14.810182,23.38251
2026/05/27 16:58:00.262,n,29.209002,3.364165,4.92923,1.558831,OverRange,OverRange,OverRange,11.12675,14.812332,23.264596
2026/05/27 16:59:00.264,n,27.202118,3.638396,4.003987,0.6711,OverRange,OverRange,OverRange,11.182256,14.815542,22.73287
2026/05/27 17:00:00.265,n,23.422114,3.66877,4.355518,1.36572,OverRange,OverRange,OverRange,11.176174,14.815542,19.472796
2026/05/27 17:01:00.266,n,21.423956,6.242836,5.66793,1.205784,OverRange,OverRange,OverRange,11.17337,14.820886,17.886406
2026/05/27 17:02:00.268,n,18.399772,6.191201,5.769472,1.195027,OverRange,OverRange,OverRange,11.112056,14.825172,15.337494
2026/05/27 17:03:00.271,n,16.392632,6.381852,5.833212,1.29011,OverRange,OverRange,OverRange,11.120418,14.825172,13.2477
2026/05/27 17:04:00.272,n,16.45999,6.070646,4.870161,1.649741,OverRange,OverRange,OverRange,11.083156,14.823054,12.603092
2026/05/27 17:05:00.275,n,16.644102,3.439035,5.035962,1.246104,OverRange,OverRange,OverRange,11.096334,14.813376,12.50207
2026/05/27 17:06:00.277,n,15.218038,6.411693,4.983703,1.646878,OverRange,OverRange,OverRange,11.10343,14.815542,11.661222
2026/05/27 17:07:00.263,n,13.69767,6.157891,4.892636,1.631033,OverRange,OverRange,OverRange,11.10699,14.813376,10.675924
2026/05/27 17:08:00.264,n,12.076974,6.541082,4.493871,1.586846,OverRange,OverRange,OverRange,11.086446,14.809106,9.519298
2026/05/27 17:09:00.269,n,10.915464,3.370789,4.821475,1.480784,OverRange,OverRange,OverRange,11.088984,14.79731,8.572222
2026/05/27 17:10:00.268,n,9.981562,6.568885,5.085925,1.510002,OverRange,OverRange,OverRange,11.11026,14.789766,8.227777
2026/05/27 17:11:00.271,n,9.161974,4.050756,4.517452,1.309324,OverRange,OverRange,OverRange,11.105474,14.798354,7.659873
2026/05/27 17:12:00.273,n,9.612182,4.604386,4.645071,1.482167,OverRange,OverRange,OverRange,11.14999,14.78628,7.943569
2026/05/27 17:13:00.274,n,9.679924,3.6531,4.927313,1.797017,OverRange,OverRange,OverRange,11.154252,14.770184,8.04297
2026/05/27 17:14:00.275,n,9.858392,3.263245,4.568696,1.578211,OverRange,OverRange,OverRange,11.14438,14.76479,8.237675
2026/05/27 17:15:00.277,n,10.358766,6.376713,5.357506,1.560636,OverRange,OverRange,OverRange,11.159328,14.761612,8.540994
2026/05/27 17:16:00.264,n,11.240064,3.518304,4.761815,1.441846,OverRange,OverRange,OverRange,11.086578,14.758388,9.293706
2026/05/27 17:17:00.265,n,11.521172,6.357465,5.356591,1.542144,OverRange,OverRange,OverRange,11.064282,14.753026,9.775862
2026/05/27 17:18:00.268,n,10.833478,3.369659,4.838968,1.479755,OverRange,OverRange,OverRange,11.068584,14.744438,9.4629
2026/05/27 17:19:00.268,n,10.02852,6.417235,5.067371,1.705963,OverRange,OverRange,OverRange,11.081768,14.743398,8.96513
2026/05/27 17:20:00.271,n,8.739864,6.426215,4.779567,1.416877,OverRange,OverRange,OverRange,11.012798,14.731568,7.745281
2026/05/27 17:21:00.273,n,6.919016,4.226897,5.209364,1.403274,OverRange,OverRange,OverRange,10.993272,14.725166,5.754205
2026/05/27 17:22:00.274,n,5.912751,4.549443,4.992186,1.343217,OverRange,OverRange,OverRange,11.004954,14.717622,4.749197
2026/05/27 17:23:00.276,n,6.18693,3.768884,4.206814,1.219276,OverRange,OverRange,OverRange,10.98643,14.705858,4.79766
2026/05/27 17:24:00.280,n,6.438144,6.175432,5.853579,0.683661,OverRange,OverRange,OverRange,11.006974,14.701558,4.848171
2026/05/27 17:25:00.264,n,6.379767,6.262711,6.116606,0.111803,OverRange,OverRange,OverRange,10.962352,14.687626,4.574543
2026/05/27 17:26:00.268,n,5.807545,3.676197,4.583403,1.420337,OverRange,OverRange,OverRange,10.969676,14.679042,3.963039
2026/05/27 17:27:00.269,n,5.005022,6.233256,5.735012,0.855838,OverRange,OverRange,OverRange,10.96259,14.668304,3.30495
2026/05/27 17:28:00.270,n,4.219306,6.149752,5.934359,0.378144,OverRange,OverRange,OverRange,10.887518,14.66081,2.646435
2026/05/27 17:29:00.274,n,3.533153,4.097091,4.577291,1.487517,OverRange,OverRange,OverRange,10.862646,14.654374,2.021109
2026/05/27 17:30:00.275,n,3.360716,6.343992,6.342563,0.126106,OverRange,OverRange,OverRange,10.853024,14.64582,1.929729
2026/05/27 17:31:00.278,n,3.126952,6.175288,5.903116,1.234792,OverRange,OverRange,OverRange,10.851756,14.641502,1.535285
2026/05/27 17:32:00.278,n,2.524835,6.539464,5.255175,1.433163,OverRange,OverRange,OverRange,10.85733,14.63295,0.917297
2026/05/27 17:33:00.332,n,1.925926,6.472919,5.14906,1.391325,OverRange,OverRange,OverRange,10.8614,14.624332,0.406133
2026/05/27 17:34:00.268,n,1.735913,6.509017,4.968716,1.519988,OverRange,OverRange,OverRange,10.84134,14.622164,0.256307
2026/05/27 17:35:00.270,n,1.619159,6.191464,5.562382,1.14103,OverRange,OverRange,OverRange,10.831966,14.619002,0.153409
2026/05/27 17:36:00.270,n,1.507922,3.889861,5.392095,1.324142,OverRange,OverRange,OverRange,10.787796,14.614686,0.048378
2026/05/27 17:37:00.275,n,1.212958,6.151273,6.211318,0.149452,OverRange,OverRange,OverRange,10.84287,14.607174,-0.031313
2026/05/27 17:38:00.275,n,1.204233,6.555384,5.428164,1.431833,OverRange,OverRange,OverRange,10.820552,14.59859,-0.225933
2026/05/27 17:39:00.276,n,1.022944,3.429866,5.312688,1.488754,OverRange,OverRange,OverRange,10.840596,14.59859,-0.307501
2026/05/27 17:40:00.279,n,0.923254,3.365614,5.262986,1.510529,OverRange,OverRange,OverRange,10.840852,14.583568,-0.338473
2026/05/27 17:41:00.282,n,0.522827,3.272075,4.860483,1.577093,OverRange,OverRange,OverRange,10.845674,14.574996,-0.727456
2026/05/27 17:42:00.282,n,0.315236,6.165385,5.193227,1.318143,OverRange,OverRange,OverRange,10.853024,14.565304,-0.881462
2026/05/27 17:43:00.269,n,-0.058762,3.268378,4.769072,1.66104,OverRange,OverRange,OverRange,10.851742,14.558902,-1.180857
2026/05/27 17:44:00.270,n,-0.298428,6.251025,5.255739,1.342191,OverRange,OverRange,OverRange,10.859096,14.547072,-1.383156
2026/05/27 17:45:00.271,n,-0.550155,3.447558,4.396027,1.368058,OverRange,OverRange,OverRange,10.897152,14.55486,-1.725639
2026/05/27 17:46:00.274,n,-0.578637,6.264117,5.244202,1.129358,OverRange,OverRange,OverRange,10.88374,14.534448,-1.626153
2026/05/27 17:47:00.276,n,-0.651769,6.409794,6.188107,0.1335,OverRange,OverRange,OverRange,10.834016,14.524786,-1.832462
2026/05/27 17:48:00.279,n,-0.757489,6.141209,4.482984,1.395749,OverRange,OverRange,OverRange,10.876882,14.527524,-1.906607
2026/05/27 17:49:00.281,n,-1.017812,5.961414,4.306782,0.998676,OverRange,OverRange,OverRange,10.86234,14.514652,-2.103018
2026/05/27 17:50:00.283,n,-1.202052,3.691913,4.865946,1.600127,OverRange,OverRange,OverRange,10.863866,14.499598,-2.245165
2026/05/27 17:51:00.285,n,-1.269282,5.814797,5.03818,1.366271,OverRange,OverRange,OverRange,10.846354,14.486728,-2.186719
2026/05/27 17:52:00.270,n,-1.28981,6.494431,4.510141,1.561362,OverRange,OverRange,OverRange,10.803494,14.485654,-2.202333
2026/05/27 17:53:00.271,n,-1.491627,6.579953,5.052443,1.600163,OverRange,OverRange,OverRange,10.814906,14.470632,-2.492257
2026/05/27 17:54:00.258,n,-1.682026,3.166605,4.492269,1.488103,OverRange,OverRange,OverRange,10.803228,14.45988,-2.717934
2026/05/27 17:55:00.262,n,-1.971473,3.218062,4.546436,1.56678,OverRange,OverRange,OverRange,10.789776,14.442724,-2.879705
2026/05/27 17:56:00.262,n,-2.111706,3.4789,4.417604,1.425687,OverRange,OverRange,OverRange,10.788768,14.430914,-2.889346
2026/05/27 17:57:00.265,n,-2.108884,6.658503,5.438326,1.694464,OverRange,OverRange,OverRange,10.828094,14.415908,-2.947792
2026/05/27 17:58:00.264,n,-2.158536,3.304125,4.478733,1.595581,OverRange,OverRange,OverRange,10.773274,14.40729,-3.082089
2026/05/27 17:59:00.267,n,-2.389991,3.33824,4.898025,1.723201,OverRange,OverRange,OverRange,10.773286,14.395496,-3.197018
2026/05/27 18:00:00.271,n,-2.401538,4.526431,4.851681,1.387036,OverRange,OverRange,OverRange,10.748918,14.381518,-3.150432
2026/05/27 18:01:00.271,n,-2.483394,6.465523,5.395958,1.620165,OverRange,OverRange,OverRange,10.732162,14.366466,-3.17765
2026/05/27 18:02:00.257,n,-2.421681,5.50069,4.769094,1.609246,OverRange,OverRange,OverRange,10.712388,14.34716,-3.115109
2026/05/27 18:03:00.259,n,-2.331229,6.508413,5.308487,1.587342,OverRange,OverRange,OverRange,10.711868,14.3353,-3.09958
2026/05/27 18:04:00.449,n,-2.389606,6.434201,4.636863,1.47881,OverRange,OverRange,OverRange,10.69663,14.320312,-3.087976
2026/05/27 18:05:00.265,n,-2.42784,6.55785,4.734196,1.500721,OverRange,OverRange,OverRange,10.699168,14.309528,-3.088061
2026/05/27 18:06:00.266,n,-2.562556,3.417931,5.052113,1.461657,OverRange,OverRange,OverRange,10.670242,14.300992,-3.399572
2026/05/27 18:07:00.268,n,-2.682517,6.365236,5.169546,1.473891,OverRange,OverRange,OverRange,10.67683,14.28809,-3.280889
2026/05/27 18:08:00.270,n,-2.749747,6.251769,5.988379,0.426959,OverRange,OverRange,OverRange,10.670242,14.276246,-3.524228
2026/05/27 18:09:00.271,n,-2.887542,3.696454,4.907095,1.286462,OverRange,OverRange,OverRange,10.635194,14.275188,-3.586428
2026/05/27 18:10:00.257,n,-3.001474,6.489776,4.730255,1.366403,OverRange,OverRange,OverRange,10.703756,14.267644,-3.543767
2026/05/27 18:11:00.259,n,-2.969013,6.434517,5.110255,1.326066,OverRange,OverRange,OverRange,10.667684,14.259028,-3.563135
2026/05/27 18:12:00.262,n,-2.893059,6.231835,5.376089,1.114965,OverRange,OverRange,OverRange,10.631898,14.247232,-3.481482
2026/05/27 18:13:00.262,n,-2.889851,6.229867,6.222577,0.044435,OverRange,OverRange,OverRange,10.60373,14.237588,-3.467659
2026/05/27 18:14:00.265,n,-2.907429,6.011231,5.334765,1.379711,OverRange,OverRange,OverRange,10.620738,14.225696,-3.596239
2026/05/27 18:15:00.266,n,-3.086409,4.679355,4.837698,1.319538,OverRange,OverRange,OverRange,10.679382,14.21825,-3.715179
2026/05/27 18:16:00.268,n,-2.96324,3.860205,4.547446,1.316597,OverRange,OverRange,OverRange,10.659318,14.201016,-3.660658
2026/05/27 18:17:00.270,n,-3.077556,6.271524,5.889273,0.69392,OverRange,OverRange,OverRange,10.662884,14.190298,-3.643167
2026/05/27 18:18:00.272,n,-3.13311,6.223623,5.726343,0.912072,OverRange,OverRange,OverRange,10.633418,14.169822,-3.855363
2026/05/27 18:19:00.258,n,-3.048175,3.913632,4.569846,1.277954,OverRange,OverRange,OverRange,10.614888,14.163386,-3.82021
2026/05/27 18:20:00.260,n,-3.039322,3.701315,4.923793,1.152346,OverRange,OverRange,OverRange,10.645874,14.147276,-3.827974
2026/05/27 18:21:00.263,n,-3.065752,6.222882,5.768866,0.928004,OverRange,OverRange,OverRange,10.653996,14.13869,-3.736595
2026/05/27 18:22:00.265,n,-3.20637,6.499198,5.331455,1.406282,OverRange,OverRange,OverRange,10.61667,14.11929,-3.933176
2026/05/27 18:23:00.267,n,-3.26757,3.640982,3.629176,0.230928,OverRange,OverRange,OverRange,10.660096,14.136914,-3.92746
2026/05/27 18:24:00.267,n,-2.890365,3.404166,4.569918,1.217246,OverRange,OverRange,OverRange,10.706448,14.117514,-3.695896
2026/05/27 18:25:00.271,n,-2.732041,6.347396,4.518515,1.429329,OverRange,OverRange,OverRange,10.710796,14.101434,-3.600335
2026/05/27 18:26:00.274,n,-2.726396,6.145482,5.250514,1.271602,OverRange,OverRange,OverRange,10.674988,14.097116,-3.56723
2026/05/27 18:27:00.276,n,-2.720238,6.452948,5.248365,1.561114,OverRange,OverRange,OverRange,10.677272,14.077748,-3.586598
2026/05/27 18:28:00.264,n,-2.758471,4.656161,4.98196,1.443165,OverRange,OverRange,OverRange,10.688966,14.06809,-3.639413
2026/05/27 18:29:00.261,n,-2.483522,3.751533,4.771931,1.286905,OverRange,OverRange,OverRange,10.677002,14.058414,-3.351109
2026/05/27 18:30:00.264,n,-2.398715,3.756981,5.01296,1.424445,OverRange,OverRange,OverRange,10.686158,14.043298,-3.333448
2026/05/27 18:31:00.267,n,-2.45427,6.783602,5.020685,1.362139,OverRange,OverRange,OverRange,10.74149,14.023928,-3.477727
2026/05/27 18:32:00.268,n,-2.299282,6.182695,6.19489,0.057939,OverRange,OverRange,OverRange,10.72552,14.02075,-3.370648
2026/05/27 18:33:00.269,n,-2.164566,6.275717,6.188542,0.106376,OverRange,OverRange,OverRange,10.704678,14.012136,-3.279012
2026/05/27 18:34:00.272,n,-2.120943,3.736519,4.823536,1.15124,OverRange,OverRange,OverRange,10.723736,14.006742,-3.218604
2026/05/27 18:35:00.273,n,-2.26695,6.233237,5.603878,1.298949,OverRange,OverRange,OverRange,10.763316,14.005702,-3.337458
2026/05/27 18:36:00.277,n,-2.21409,5.454428,6.118572,0.326769,OverRange,OverRange,OverRange,10.721966,13.993842,-3.335581
2026/05/27 18:37:00.260,n,-2.222815,6.53128,4.956354,1.409231,OverRange,OverRange,OverRange,10.766612,13.993842,-3.300428
2026/05/27 18:38:00.263,n,-2.261048,3.735823,4.385125,1.272777,OverRange,OverRange,OverRange,10.750122,13.987408,-3.226454
2026/05/27 18:39:00.266,n,-2.237569,6.284509,5.391775,1.398043,OverRange,OverRange,OverRange,10.801636,13.982016,-3.140705
2026/05/27 18:40:00.267,n,-2.290173,6.18021,5.413613,1.423686,OverRange,OverRange,OverRange,10.75977,13.978774,-3.224491
2026/05/27 18:41:00.269,n,-2.246422,6.236966,6.069182,0.504493,OverRange,OverRange,OverRange,10.746304,13.975548,-3.245907
2026/05/27 18:42:00.271,n,-2.471847,6.51423,5.032156,1.527871,OverRange,OverRange,OverRange,10.751634,13.975548,-3.421244
2026/05/27 18:43:00.273,n,-2.580261,6.353599,5.22467,1.364487,OverRange,OverRange,OverRange,10.768886,13.976624,-3.409555
2026/05/27 18:44:00.275,n,-2.670714,5.839257,4.992216,1.421332,OverRange,OverRange,OverRange,10.780834,13.976624,-3.578919
2026/05/27 18:45:00.277,n,-2.85226,6.531753,5.100331,1.417841,OverRange,OverRange,OverRange,10.784394,13.974442,-3.645129
2026/05/27 18:46:00.261,n,-2.919361,3.894821,4.941862,1.32269,OverRange,OverRange,OverRange,10.755962,13.984198,-3.715264
2026/05/27 18:47:00.265,n,-2.767324,3.723251,4.851093,1.395068,OverRange,OverRange,OverRange,10.78058,13.984198,-3.573202
2026/05/27 18:48:00.266,n,-2.825958,6.04004,4.530855,1.106582,OverRange,OverRange,OverRange,10.79888,13.979866,-3.606307
2026/05/27 18:49:00.269,n,-2.749747,3.433606,5.306076,1.4605,OverRange,OverRange,OverRange,10.739712,13.977698,-3.699735
2026/05/27 18:50:00.269,n,-2.752826,3.65777,4.218025,1.208422,OverRange,OverRange,OverRange,10.770936,13.969114,-3.65861
2026/05/27 18:51:00.271,n,-2.896267,4.775826,3.909399,0.428274,OverRange,OverRange,OverRange,10.796062,13.971296,-3.699565
2026/05/27 18:52:00.274,n,-2.799399,3.319276,5.111573,1.515193,OverRange,OverRange,OverRange,10.773474,13.964798,-3.701613
2026/05/27 18:53:00.277,n,-2.980945,3.442259,4.740789,1.432167,OverRange,OverRange,OverRange,10.770432,13.959438,-3.717226
2026/05/27 18:54:00.282,n,-2.998523,3.372959,5.178636,1.450043,OverRange,OverRange,OverRange,10.742528,13.947612,-3.74069
2026/05/27 18:55:00.263,n,-2.94284,3.235974,4.652041,1.434216,OverRange,OverRange,OverRange,10.773468,13.944354,-3.728915
2026/05/27 18:56:00.267,n,-2.948613,6.153404,5.117204,1.31178,OverRange,OverRange,OverRange,10.783116,13.936814,-3.697687
2026/05/27 18:57:00.268,n,-2.811332,6.160683,4.993755,1.432238,OverRange,OverRange,OverRange,10.7349,13.92282,-3.686084
2026/05/27 18:58:00.269,n,-3.004296,3.869,4.570537,1.257742,OverRange,OverRange,OverRange,10.744014,13.918522,-3.832155
2026/05/27 18:59:00.271,n,-3.089231,6.109937,5.794562,0.772069,OverRange,OverRange,OverRange,10.74581,13.906662,-3.738728
2026/05/27 19:00:00.277,n,-3.039579,6.261604,6.04772,0.693079,OverRange,OverRange,OverRange,10.703674,13.898094,-3.781644
2026/05/27 19:01:00.275,n,-2.907814,6.750594,4.971947,1.432877,OverRange,OverRange,OverRange,10.750886,13.88837,-3.750417
2026/05/27 19:02:00.279,n,-2.945791,6.217891,6.154597,0.29849,OverRange,OverRange,OverRange,10.747844,13.880878,-3.760143
2026/05/27 19:03:00.279,n,-2.881256,3.977444,5.015377,1.343652,OverRange,OverRange,OverRange,10.721934,13.873334,-3.783436
2026/05/27 19:04:00.267,n,-2.893059,6.513309,4.903004,1.407982,OverRange,OverRange,OverRange,10.768896,13.861476,-3.726953
2026/05/27 19:05:00.266,n,-2.913459,4.033083,5.375926,1.289238,OverRange,OverRange,OverRange,10.72373,13.851786,-3.734717
2026/05/27 19:06:00.269,n,-2.951692,6.494795,5.393297,1.546928,OverRange,OverRange,OverRange,10.756978,13.845318,-3.750246
2026/05/27 19:07:00.271,n,-2.966191,3.528468,4.662184,1.378924,OverRange,OverRange,OverRange,10.746832,13.836686,-3.760143
2026/05/27 19:08:00.272,n,-3.042401,6.593795,4.901644,1.610733,OverRange,OverRange,OverRange,10.790976,13.836686,-3.721151
2026/05/27 19:09:00.275,n,-3.235366,6.198265,5.086632,1.363957,OverRange,OverRange,OverRange,10.746054,13.819468,-3.822343
2026/05/27 19:10:00.276,n,-3.273472,3.774234,4.519123,1.478621,OverRange,OverRange,OverRange,10.726008,13.81196,-3.937272
2026/05/27 19:11:00.280,n,-3.2736,3.239616,5.408602,1.567125,OverRange,OverRange,OverRange,10.76408,13.80227,-3.960735
2026/05/27 19:12:00.281,n,-3.279502,6.502387,5.359019,1.406937,OverRange,OverRange,OverRange,10.77422,13.78935,-4.001519
2026/05/27 19:13:00.266,n,-3.221125,3.240337,4.694124,1.531402,OverRange,OverRange,OverRange,10.755702,13.781776,-3.933603
2026/05/27 19:14:00.269,n,-3.235751,3.323362,4.904184,1.731229,OverRange,OverRange,OverRange,10.753906,13.773194,-3.775672
2026/05/27 19:15:00.270,n,-3.250377,6.64308,5.245365,1.565764,OverRange,OverRange,OverRange,10.780574,13.761368,-3.74069
2026/05/27 19:16:00.272,n,-3.560737,6.451042,4.966301,1.722042,OverRange,OverRange,OverRange,10.755966,13.751658,-3.880789
2026/05/27 19:17:00.328,n,-3.589733,3.451995,4.919313,1.664316,OverRange,OverRange,OverRange,10.691224,13.743044,-3.818418
2026/05/27 19:18:00.377,n,-3.709695,6.183975,5.422585,1.534209,OverRange,OverRange,OverRange,10.751134,13.739834,-3.988124
2026/05/27 19:19:00.279,n,-3.63682,6.155525,5.738291,1.21038,OverRange,OverRange,OverRange,10.74733,13.732226,-3.982151
2026/05/27 19:20:00.284,n,-3.595507,6.44597,5.00528,1.405033,OverRange,OverRange,OverRange,10.762564,13.731186,-3.954934
2026/05/27 19:21:00.281,n,-3.627582,3.806098,4.581357,1.375937,OverRange,OverRange,OverRange,10.729828,13.724718,-4.026945
2026/05/27 19:22:00.434,n,-3.756524,3.962484,5.106917,1.251105,OverRange,OverRange,OverRange,10.725236,13.727944,-3.970462
2026/05/27 19:23:00.269,n,-3.700842,3.847448,4.947653,1.290046,OverRange,OverRange,OverRange,10.722966,13.720404,-4.079589
2026/05/27 19:24:00.271,n,-3.487221,3.963437,4.982004,1.406187,OverRange,OverRange,OverRange,10.738964,13.716086,-4.015257
2026/05/27 19:25:00.385,n,-3.393561,5.962552,5.645019,1.263462,OverRange,OverRange,OverRange,10.74324,13.711802,-3.888553
2026/05/27 19:26:00.335,n,-3.61039,6.666104,4.944324,1.493703,OverRange,OverRange,OverRange,10.732082,13.719426,-4.12626
2026/05/27 19:27:00.327,n,-3.160053,6.374054,5.405075,1.205541,OverRange,OverRange,OverRange,10.7535,13.71747,-3.713814
2026/05/27 19:28:00.463,n,-3.329154,3.707145,4.672833,1.382019,OverRange,OverRange,OverRange,10.764146,13.706704,-3.853571
2026/05/27 19:29:00.476,n,-3.411395,6.590858,5.135263,1.684892,OverRange,OverRange,OverRange,10.7733,13.70242,-3.759973
2026/05/27 19:30:00.440,n,-3.375984,6.560981,5.330076,1.496763,OverRange,OverRange,OverRange,10.73344,13.694848,-3.820551
2026/05/27 19:31:00.404,n,-3.449372,3.292429,4.502349,1.614982,OverRange,OverRange,OverRange,10.75198,13.686246,-3.801012
2026/05/27 19:32:00.357,n,-3.724321,6.590026,5.005076,1.56171,OverRange,OverRange,OverRange,10.740556,13.672238,-3.931555
2026/05/27 19:33:00.272,n,-3.595635,3.558548,4.8731,1.657659,OverRange,OverRange,OverRange,10.69511,13.664698,-3.912102
2026/05/27 19:34:00.276,n,-3.662865,3.279323,5.096994,1.58816,OverRange,OverRange,OverRange,10.677094,13.65284,-3.958858
2026/05/27 19:35:00.468,n,-3.785906,3.230485,5.014577,1.535757,OverRange,OverRange,OverRange,10.655264,13.642058,-4.134024
2026/05/27 19:36:00.466,n,-3.917799,5.854055,5.555503,1.146638,OverRange,OverRange,OverRange,10.65093,13.628066,-4.20817
2026/05/27 19:37:00.417,n,-3.733431,3.16581,4.887462,1.700829,OverRange,OverRange,OverRange,10.668214,13.618376,-4.16329
2026/05/27 19:38:00.282,n,-3.5107,3.267521,4.542226,1.638726,OverRange,OverRange,OverRange,10.666158,13.597886,-4.028823
2026/05/27 19:39:00.270,n,-3.58396,6.518388,5.153402,1.629809,OverRange,OverRange,OverRange,10.669964,13.584952,-3.843759
2026/05/27 19:40:00.517,n,-3.57793,6.582328,4.958525,1.791907,OverRange,OverRange,OverRange,10.64586,13.578488,-3.875072
2026/05/27 19:41:00.424,n,-3.472466,3.350423,4.746651,1.42906,OverRange,OverRange,OverRange,10.65653,13.567704,-3.857496
2026/05/27 19:42:00.258,n,-3.399591,6.461247,5.423456,1.52621,OverRange,OverRange,OverRange,10.694366,13.558014,-3.728915
2026/05/27 19:43:00.261,n,-3.358535,6.068947,5.264745,1.39972,OverRange,OverRange,OverRange,10.692078,13.549414,-3.613901
2026/05/27 19:44:00.261,n,-3.446421,6.4703,5.295998,1.406615,OverRange,OverRange,OverRange,10.702474,13.538598,-3.639327
2026/05/27 19:45:00.263,n,-3.390867,5.25499,4.496504,1.103017,OverRange,OverRange,OverRange,10.713384,13.530016,-3.643252
2026/05/27 19:46:00.265,n,-3.492994,3.804278,3.804597,0.129879,OverRange,OverRange,OverRange,10.723292,13.555358,-3.666459
2026/05/27 19:47:00.267,n,-3.15351,3.639425,3.76297,0.109019,OverRange,OverRange,OverRange,10.76907,13.548894,-3.439076
2026/05/27 19:48:00.454,n,-3.194695,3.60767,3.857498,0.287549,OverRange,OverRange,OverRange,10.756622,13.542426,-3.509211
2026/05/27 19:49:00.275,n,-3.127337,6.139816,6.116418,0.467038,OverRange,OverRange,OverRange,10.706868,13.533778,-3.565609
2026/05/27 19:50:00.258,n,-3.130287,3.641632,3.890789,0.38997,OverRange,OverRange,OverRange,10.693396,13.528388,-3.51288
2026/05/27 19:51:00.259,n,-3.323509,3.619569,4.397713,1.101013,OverRange,OverRange,OverRange,10.695176,13.52189,-3.466209
2026/05/27 19:52:00.262,n,-3.197646,6.283874,4.494663,1.159966,OverRange,OverRange,OverRange,10.711446,13.525146,-3.382508
2026/05/27 19:53:00.263,n,-3.162363,6.506735,4.585182,1.33536,OverRange,OverRange,OverRange,10.709408,13.512216,-3.390187
2026/05/27 19:54:00.266,n,-3.285531,3.412473,5.650441,1.105785,OverRange,OverRange,OverRange,10.67513,13.51868,-3.616205
2026/05/27 19:55:00.267,n,-3.136061,3.906793,4.643219,1.389422,OverRange,OverRange,OverRange,10.693924,13.515438,-3.501361
2026/05/27 19:56:00.270,n,-3.050998,4.272836,4.490497,1.134863,OverRange,OverRange,OverRange,10.746466,13.52189,-3.3843
2026/05/27 19:57:00.272,n,-2.998651,4.010447,4.838136,1.560031,OverRange,OverRange,OverRange,10.732,13.520862,-3.481822
2026/05/27 19:58:00.259,n,-2.887414,3.385411,4.96224,1.367017,OverRange,OverRange,OverRange,10.740642,13.520862,-3.415528
2026/05/27 19:59:00.259,n,-3.171344,6.536913,5.375498,1.384283,OverRange,OverRange,OverRange,10.745464,13.525146,-3.588817
2026/05/27 20:00:00.261,n,-3.024953,3.360074,4.821788,1.624654,OverRange,OverRange,OverRange,10.749264,13.52943,-3.627894
2026/05/27 20:01:00.263,n,-3.15954,6.507349,5.21162,1.271761,OverRange,OverRange,OverRange,10.782248,13.532688,-3.658952
2026/05/27 20:02:00.265,n,-3.024953,4.507846,5.145512,1.27985,OverRange,OverRange,OverRange,10.723622,13.532736,-3.559807
2026/05/27 20:03:00.267,n,-3.249992,3.312049,4.982521,1.455433,OverRange,OverRange,OverRange,10.696426,13.525178,-3.773624
2026/05/27 20:04:00.272,n,-3.299517,6.350575,5.61933,1.137814,OverRange,OverRange,OverRange,10.720286,13.523028,-3.664497
2026/05/27 20:05:00.271,n,-3.369825,3.959421,4.921613,1.228759,OverRange,OverRange,OverRange,10.701234,13.51982,-3.812531
2026/05/27 20:06:00.274,n,-3.513394,6.417382,5.25948,1.426019,OverRange,OverRange,OverRange,10.725866,13.52088,-3.754256
2026/05/27 20:07:00.259,n,-3.340573,6.142002,6.121604,0.101532,OverRange,OverRange,OverRange,10.708618,13.517636,-3.720895
2026/05/27 20:08:00.260,n,-3.360844,4.998572,5.579665,1.194499,OverRange,OverRange,OverRange,10.68779,13.518712,-3.769614
2026/05/27 20:09:00.262,n,-3.358407,3.785439,4.623121,1.465168,OverRange,OverRange,OverRange,10.720776,13.510096,-3.814579
2026/05/27 20:10:00.264,n,-3.463357,3.860207,5.376642,1.429626,OverRange,OverRange,OverRange,10.709112,13.50254,-3.923535
2026/05/27 20:11:00.267,n,-3.63913,5.053231,4.917866,1.467314,OverRange,OverRange,OverRange,10.740052,13.491742,-3.931384
2026/05/27 20:12:00.270,n,-3.545469,3.928626,4.639825,1.427943,OverRange,OverRange,OverRange,10.7317,13.488532,-3.915856
2026/05/27 20:13:00.272,n,-3.62476,6.032391,5.77964,1.200965,OverRange,OverRange,OverRange,10.717732,13.48425,-3.987953
2026/05/27 20:14:00.271,n,-3.592299,3.476782,4.502287,1.566728,OverRange,OverRange,OverRange,10.684484,13.476644,-3.906044
2026/05/27 20:15:00.275,n,-3.735868,5.652565,4.991168,1.502641,OverRange,OverRange,OverRange,10.66392,13.466968,-3.929423
2026/05/27 20:16:00.259,n,-3.724193,4.96854,4.49683,1.07827,OverRange,OverRange,OverRange,10.650716,13.462668,-3.974216
2026/05/27 20:17:00.262,n,-3.59525,5.808073,5.292524,1.533788,OverRange,OverRange,OverRange,10.672292,13.458322,-3.886676
2026/05/27 20:18:00.265,n,-3.47824,3.40668,4.904876,1.719756,OverRange,OverRange,OverRange,10.663906,13.452962,-3.915771
2026/05/27 20:19:00.265,n,-3.358022,3.242084,5.310805,1.603965,OverRange,OverRange,OverRange,10.641058,13.446432,-3.804767
2026/05/27 20:20:00.268,n,-3.252943,3.974118,4.813704,1.423326,OverRange,OverRange,OverRange,10.678142,13.443222,-3.719189
2026/05/27 20:21:00.269,n,-3.413833,6.193759,5.861386,1.173756,OverRange,OverRange,OverRange,10.659856,13.43568,-3.746406
2026/05/27 20:22:00.272,n,-3.393305,6.613755,4.994557,1.620677,OverRange,OverRange,OverRange,10.671026,13.426006,-3.693763
2026/05/27 20:23:00.274,n,-3.422557,3.748605,4.775749,1.398758,OverRange,OverRange,OverRange,10.678396,13.431396,-3.785228
2026/05/27 20:24:00.276,n,-3.431281,3.745306,4.699694,1.667417,OverRange,OverRange,OverRange,10.695638,13.43195,-3.830278
2026/05/27 20:25:00.263,n,-3.177759,6.125781,5.195028,1.395341,OverRange,OverRange,OverRange,10.740362,13.422782,-3.595045
2026/05/27 20:26:00.263,n,-3.311705,6.254318,5.152919,1.362604,OverRange,OverRange,OverRange,10.679424,13.417358,-3.684121
2026/05/27 20:27:00.265,n,-3.434746,3.554538,5.777936,1.096246,OverRange,OverRange,OverRange,10.623068,13.409818,-3.768078
2026/05/27 20:28:00.268,n,-3.513779,3.344755,4.694776,1.550443,OverRange,OverRange,OverRange,10.68807,13.41521,-3.841967
2026/05/27 20:29:00.271,n,-3.551756,3.92,4.464525,1.167434,OverRange,OverRange,OverRange,10.667506,13.408728,-3.834203
2026/05/27 20:30:00.270,n,-3.668767,6.209004,5.559368,1.111234,OverRange,OverRange,OverRange,10.693406,13.410892,-3.898536
2026/05/27 20:31:00.273,n,-3.63079,3.296402,5.084679,1.500429,OverRange,OverRange,OverRange,10.605794,13.414118,-3.954934
2026/05/27 20:32:00.274,n,-3.762427,6.394199,5.103947,1.497134,OverRange,OverRange,OverRange,10.69338,13.409818,-3.982322
2026/05/27 20:33:00.276,n,-3.587039,6.125491,5.719558,1.192726,OverRange,OverRange,OverRange,10.659862,13.414118,-3.970633
2026/05/27 20:34:00.263,n,-3.537002,3.441977,4.455503,1.497963,OverRange,OverRange,OverRange,10.643112,13.41521,-3.917904
2026/05/27 20:35:00.264,n,-3.525455,3.833796,5.205862,1.210788,OverRange,OverRange,OverRange,10.633724,13.420616,-3.86927
2026/05/27 20:36:00.267,n,-3.656963,3.453769,4.151629,1.017942,OverRange,OverRange,OverRange,10.690598,13.41521,-4.011417
2026/05/27 20:37:00.269,n,-3.505055,5.296434,5.136477,1.138081,OverRange,OverRange,OverRange,10.68045,13.422782,-3.908262
2026/05/27 20:38:00.271,n,-3.507749,5.454734,4.713382,1.132218,OverRange,OverRange,OverRange,10.70457,13.422782,-3.964745
2026/05/27 20:39:00.272,n,-3.493123,6.168186,5.506366,1.149728,OverRange,OverRange,OverRange,10.654298,13.418434,-4.001775
2026/05/27 20:40:00.274,n,-3.396512,6.413604,4.972596,1.60644,OverRange,OverRange,OverRange,10.71013,13.422782,-3.925839
2026/05/27 20:41:00.276,n,-3.218046,3.636639,4.062412,1.085311,OverRange,OverRange,OverRange,10.68957,13.427068,-3.867308
2026/05/27 20:42:00.277,n,-3.12708,3.773337,5.193245,1.322127,OverRange,OverRange,OverRange,10.700236,13.428174,-3.767993
2026/05/27 20:43:00.264,n,-3.115533,6.604413,5.225123,1.424328,OverRange,OverRange,OverRange,10.719768,13.43029,-3.713557
2026/05/27 20:44:00.266,n,-3.074477,5.763875,5.371796,1.220454,OverRange,OverRange,OverRange,10.697952,13.429216,-3.824647
2026/05/27 20:45:00.267,n,-3.033677,3.372564,4.225787,1.188688,OverRange,OverRange,OverRange,10.708354,13.431396,-3.764068
2026/05/27 20:46:00.269,n,-3.279373,3.991455,4.198253,1.220085,OverRange,OverRange,OverRange,10.717504,13.427068,-3.920037
2026/05/27 20:47:00.271,n,-3.288226,6.213551,5.347014,1.400129,OverRange,OverRange,OverRange,10.740098,13.43464,-3.8441
2026/05/27 20:48:00.273,n,-3.183019,3.392685,4.969202,1.55099,OverRange,OverRange,OverRange,10.625088,13.43464,-3.945377
2026/05/27 20:49:00.275,n,-3.235751,3.927882,5.044161,1.167851,OverRange,OverRange,OverRange,10.644628,13.429216,-3.97251
2026/05/27 20:50:00.277,n,-3.419991,3.474741,4.626351,1.559494,OverRange,OverRange,OverRange,10.666698,13.43679,-3.966708
2026/05/27 20:51:00.279,n,-3.209321,3.278258,5.212962,1.405931,OverRange,OverRange,OverRange,10.64919,13.43464,-3.91031
2026/05/27 20:52:00.264,n,-3.232672,6.539398,5.01105,1.24824,OverRange,OverRange,OverRange,10.693878,13.437864,-3.838042
2026/05/27 20:53:00.266,n,-3.182634,3.370359,4.794041,1.597588,OverRange,OverRange,OverRange,10.627356,13.437864,-3.923877
2026/05/27 20:54:00.268,n,-3.20637,3.374354,4.616082,1.565379,OverRange,OverRange,OverRange,10.687776,13.439998,-3.875157
2026/05/27 20:55:00.270,n,-3.168265,6.553409,5.252329,1.358822,OverRange,OverRange,OverRange,10.742116,13.432472,-3.881045
2026/05/27 20:56:00.271,n,-3.258974,3.342648,4.908226,1.469193,OverRange,OverRange,OverRange,10.670288,13.431396,-4.013465
2026/05/27 20:57:00.273,n,-3.311577,3.375712,4.907058,1.407041,OverRange,OverRange,OverRange,10.6789,13.43029,-3.984285
2026/05/27 20:58:00.276,n,-3.358535,6.385033,5.535177,1.203983,OverRange,OverRange,OverRange,10.679906,13.429216,-3.916112
2026/05/27 20:59:00.280,n,-3.566511,3.40634,4.746467,1.422198,OverRange,OverRange,OverRange,10.64613,13.424966,-4.161498
2026/05/27 21:00:00.280,n,-3.493122,4.665407,5.193622,1.468957,OverRange,OverRange,OverRange,10.654002,13.423858,-4.058173
2026/05/27 21:01:00.267,n,-3.466693,6.615079,5.067846,1.599202,OverRange,OverRange,OverRange,10.695608,13.423858,-4.023276
2026/05/27 21:02:00.270,n,-3.630918,6.509457,5.011899,1.619284,OverRange,OverRange,OverRange,10.694382,13.417358,-4.085562
2026/05/27 21:03:00.269,n,-3.639386,6.203251,4.959262,1.315552,OverRange,OverRange,OverRange,10.65859,13.418434,-3.993925
2026/05/27 21:04:00.271,n,-3.783083,6.68964,4.653518,1.571844,OverRange,OverRange,OverRange,10.628072,13.413076,-4.10493
2026/05/27 21:05:00.273,n,-3.765506,3.955381,4.494908,1.470533,OverRange,OverRange,OverRange,10.619206,13.410892,-4.198357
2026/05/27 21:06:00.275,n,-3.75383,3.471546,5.09058,1.497113,OverRange,OverRange,OverRange,10.674836,13.410892,-4.062184
2026/05/27 21:07:00.261,n,-3.654269,3.616099,5.309634,1.41978,OverRange,OverRange,OverRange,10.671536,13.405502,-4.050494
2026/05/27 21:08:00.380,n,-3.782955,5.538949,4.69145,1.119713,OverRange,OverRange,OverRange,10.66774,13.402292,-4.021058
2026/05/27 21:09:00.281,n,-3.797581,3.629273,5.01316,1.164625,OverRange,OverRange,OverRange,10.63702,13.402292,-4.202453
2026/05/27 21:10:00.267,n,-3.616292,4.22867,5.084366,1.240064,OverRange,OverRange,OverRange,10.649434,13.405502,-4.036928
2026/05/27 21:11:00.269,n,-3.575107,4.100637,4.899556,1.278896,OverRange,OverRange,OverRange,10.660854,13.403336,-4.009539
2026/05/27 21:12:00.339,n,-3.563303,4.103137,5.170164,1.387449,OverRange,OverRange,OverRange,10.662888,13.407684,-3.960906
2026/05/27 21:13:00.322,n,-3.545726,6.233668,5.410898,1.128529,OverRange,OverRange,OverRange,10.72461,13.413076,-3.937443
2026/05/27 21:14:00.324,n,-3.706872,6.748591,4.993947,1.74827,OverRange,OverRange,OverRange,10.659328,13.402292,-4.06406
2026/05/27 21:15:00.276,n,-3.62771,6.641353,4.996895,1.612371,OverRange,OverRange,OverRange,10.666698,13.405502,-4.025154
2026/05/27 21:16:00.278,n,-3.4699,4.378786,4.761379,1.503891,OverRange,OverRange,OverRange,10.601146,13.403336,-3.931726
2026/05/27 21:17:00.343,n,-3.493508,5.927589,5.219583,1.320484,OverRange,OverRange,OverRange,10.724854,13.400112,-4.028993
2026/05/27 21:18:00.357,n,-3.39369,6.255814,5.244408,1.412392,OverRange,OverRange,OverRange,10.687272,13.392538,-3.988038
2026/05/27 21:19:00.324,n,-3.276551,6.150136,5.146117,1.454882,OverRange,OverRange,OverRange,10.658086,13.395796,-3.955019
2026/05/27 21:20:00.317,n,-3.326203,6.451017,4.842131,1.4501,OverRange,OverRange,OverRange,10.635712,13.386106,-3.953142
2026/05/27 21:21:00.320,n,-3.338135,3.610815,4.729165,1.356458,OverRange,OverRange,OverRange,10.618968,13.38394,-3.879168
2026/05/27 21:22:00.324,n,-3.121563,6.252517,5.451561,1.460985,OverRange,OverRange,OverRange,10.671794,13.38068,-3.727209
2026/05/27 21:23:00.471,n,-3.018922,4.493072,4.787635,1.268974,OverRange,OverRange,OverRange,10.637234,13.382864,-3.586854
2026/05/27 21:24:00.415,n,-2.893187,6.251946,5.21563,1.414576,OverRange,OverRange,OverRange,10.684484,13.397668,-3.571241
2026/05/27 21:25:00.469,n,-3.086665,5.363992,4.560529,1.214165,OverRange,OverRange,OverRange,10.685426,13.389022,-3.692056
2026/05/27 21:26:00.436,n,-3.177246,3.859574,4.576078,1.374779,OverRange,OverRange,OverRange,10.6359,13.38687,-3.850073
2026/05/27 21:27:00.390,n,-2.993006,3.449965,4.928843,1.261525,OverRange,OverRange,OverRange,10.676564,13.391202,-3.75255
2026/05/27 21:28:00.268,n,-2.934372,6.474325,5.041689,1.638159,OverRange,OverRange,OverRange,10.699632,13.389022,-3.653149
2026/05/27 21:29:00.272,n,-2.908198,6.440184,4.512785,1.564237,OverRange,OverRange,OverRange,10.68488,13.390096,-3.690265
2026/05/27 21:30:00.274,n,-2.917051,4.03119,4.214047,0.713253,OverRange,OverRange,OverRange,10.708298,13.394412,-3.659037
2026/05/27 21:31:00.275,n,-2.931678,3.613548,4.762162,1.462578,OverRange,OverRange,OverRange,10.68543,13.391202,-3.703745
2026/05/27 21:32:00.276,n,-3.016356,4.381966,5.192477,1.618985,OverRange,OverRange,OverRange,10.729844,13.392244,-3.709803
2026/05/27 21:33:00.279,n,-3.004681,6.545502,4.801774,1.378519,OverRange,OverRange,OverRange,10.768174,13.394412,-3.71552
2026/05/27 21:34:00.264,n,-3.039707,6.521531,5.086491,1.629762,OverRange,OverRange,OverRange,10.672192,13.395486,-3.750587
2026/05/27 21:35:00.266,n,-3.068831,5.18595,4.76705,1.414642,OverRange,OverRange,OverRange,10.686148,13.401984,-3.758352
2026/05/27 21:36:00.268,n,-3.14517,6.500795,5.244472,1.382846,OverRange,OverRange,OverRange,10.716122,13.40306,-3.727209
2026/05/27 21:37:00.270,n,-3.145299,4.698288,4.42307,1.140844,OverRange,OverRange,OverRange,10.686722,13.401984,-3.857752
2026/05/27 21:38:00.272,n,-3.224076,6.232342,5.774344,1.15951,OverRange,OverRange,OverRange,10.706502,13.398726,-3.842138
2026/05/27 21:39:00.260,n,-3.218174,3.656796,5.124153,1.312988,OverRange,OverRange,OverRange,10.594534,13.397668,-3.846063
2026/05/27 21:40:00.259,n,-3.601665,6.511863,4.370209,1.050939,OverRange,OverRange,OverRange,10.8502,13.398726,-4.048703
2026/05/27 21:41:00.263,n,-3.631046,6.371783,6.140712,0.126045,OverRange,OverRange,OverRange,10.702978,13.398726,-4.186924
2026/05/27 21:42:00.263,n,-3.622321,3.887567,4.914614,1.341045,OverRange,OverRange,OverRange,10.598042,13.398726,-4.095459
2026/05/27 21:43:00.265,n,-3.645544,6.447813,5.260614,1.410432,OverRange,OverRange,OverRange,10.688472,13.40415,-4.081722
2026/05/27 21:44:00.268,n,-3.844924,6.413681,4.902951,1.703186,OverRange,OverRange,OverRange,10.694794,13.405194,-4.093411
2026/05/27 21:45:00.272,n,-3.639899,6.489872,4.910983,1.616157,OverRange,OverRange,OverRange,10.67246,13.414948,-3.999984
2026/05/27 21:46:00.271,n,-3.505055,6.508592,4.998498,1.677135,OverRange,OverRange,OverRange,10.622426,13.415976,-4.0214
2026/05/27 21:47:00.260,n,-3.470157,6.530553,5.02602,1.611326,OverRange,OverRange,OverRange,10.672984,13.419232,-4.070118
2026/05/27 21:48:00.258,n,-3.194951,4.20798,4.636,1.463293,OverRange,OverRange,OverRange,10.653438,13.424624,-3.906471
2026/05/27 21:49:00.261,n,-3.165698,6.425006,5.296633,1.466765,OverRange,OverRange,OverRange,10.693542,13.433254,-3.797429
2026/05/27 21:50:00.262,n,-3.276936,4.027355,4.844997,1.390042,OverRange,OverRange,OverRange,10.602356,13.43433,-3.879253
2026/05/27 21:51:00.265,n,-3.288611,6.54181,5.172995,1.215481,OverRange,OverRange,OverRange,10.648616,13.439722,-3.742993
2026/05/27 21:52:00.266,n,-3.229978,6.663401,4.959272,1.310307,OverRange,OverRange,OverRange,10.573182,13.44187,-3.777975
2026/05/27 21:53:00.269,n,-3.183276,6.548276,4.622134,1.545993,OverRange,OverRange,OverRange,10.601868,13.445096,-3.805108
2026/05/27 21:54:00.270,n,-3.341342,4.925391,4.901266,1.101456,OverRange,OverRange,OverRange,10.53358,13.438628,-3.81876
2026/05/27 21:55:00.276,n,-3.291305,3.622047,4.775212,1.40296,OverRange,OverRange,OverRange,10.45425,13.442978,-3.846063
2026/05/27 21:56:00.257,n,-3.50236,3.713142,4.953666,1.555813,OverRange,OverRange,OverRange,10.543458,13.432164,-4.013635
2026/05/27 21:57:00.260,n,-3.537386,6.02586,5.493519,1.309766,OverRange,OverRange,OverRange,10.568318,13.426772,-3.91432
2026/05/27 21:58:00.262,n,-3.472979,3.830665,4.3117,1.247195,OverRange,OverRange,OverRange,10.484242,13.429982,-3.937613
2026/05/27 21:59:00.263,n,-3.549062,3.738579,4.486562,1.295278,OverRange,OverRange,OverRange,10.564036,13.429982,-3.988294
2026/05/27 22:00:00.266,n,-3.62245,3.989556,4.938587,1.296846,OverRange,OverRange,OverRange,10.547496,13.424624,-4.070033
2026/05/27 22:01:00.269,n,-3.566639,4.014097,5.030685,1.613146,OverRange,OverRange,OverRange,10.498204,13.419232,-4.105186
2026/05/27 22:02:00.270,n,-3.601794,6.169833,5.340026,1.37074,OverRange,OverRange,OverRange,10.591452,13.411658,-4.011757
2026/05/27 22:03:00.271,n,-3.663121,6.008338,5.190687,1.314295,OverRange,OverRange,OverRange,10.473074,13.40306,-4.132489
2026/05/27 22:04:00.257,n,-3.622322,4.090337,3.843816,0.267674,OverRange,OverRange,OverRange,10.435482,13.390096,-4.089487
2026/05/27 22:05:00.258,n,-3.754087,3.560326,5.729723,1.065897,OverRange,OverRange,OverRange,10.461656,13.377132,-4.14614
2026/05/27 22:06:00.262,n,-3.593069,6.484415,5.105562,1.391726,OverRange,OverRange,OverRange,10.578772,13.37174,-4.00971
2026/05/27 22:07:00.262,n,-3.452195,6.518967,4.788335,1.358285,OverRange,OverRange,OverRange,10.516994,13.364232,-3.91031
2026/05/27 22:08:00.264,n,-3.235879,6.605711,4.967433,1.597057,OverRange,OverRange,OverRange,10.541636,13.355568,-3.836421
2026/05/27 22:09:00.266,n,-3.069088,5.476208,4.938874,1.449594,OverRange,OverRange,OverRange,10.464906,13.342604,-3.762362
2026/05/27 22:10:00.269,n,-2.963753,3.375409,4.753315,1.455238,OverRange,OverRange,OverRange,10.483206,13.341562,-3.738898
2026/05/27 22:11:00.270,n,-2.861112,6.38066,4.817923,1.345463,OverRange,OverRange,OverRange,10.635428,13.330716,-3.608355
2026/05/27 22:12:00.273,n,-2.925391,3.684554,5.035751,1.271818,OverRange,OverRange,OverRange,10.48909,13.324282,-3.741031
2026/05/27 22:13:00.260,n,-2.794011,6.513803,5.751896,1.139284,OverRange,OverRange,OverRange,10.571136,13.323222,-3.620044
2026/05/27 22:14:00.259,n,-2.750003,3.390541,5.075304,1.424556,OverRange,OverRange,OverRange,10.479676,13.319966,-3.664924
2026/05/27 22:15:00.261,n,-2.779384,6.206356,5.569915,1.116045,OverRange,OverRange,OverRange,10.622422,13.322114,-3.551872
2026/05/27 22:16:00.264,n,-2.753211,6.099564,5.353449,1.273518,OverRange,OverRange,OverRange,10.529704,13.323222,-3.569449
2026/05/27 22:17:00.266,n,-2.63017,4.01886,5.055591,1.255,OverRange,OverRange,OverRange,10.556976,13.330716,-3.458359
2026/05/27 22:18:00.268,n,-2.583212,3.429952,5.030634,1.468377,OverRange,OverRange,OverRange,10.603374,13.336138,-3.306742
2026/05/27 22:19:00.269,n,-2.475054,3.388326,4.91747,1.375001,OverRange,OverRange,OverRange,10.607692,13.348026,-3.339591
2026/05/27 22:20:00.271,n,-2.53356,6.47,5.408263,1.567873,OverRange,OverRange,OverRange,10.668356,13.355568,-3.228672
2026/05/27 22:21:00.275,n,-2.492375,3.543073,4.783667,1.418778,OverRange,OverRange,OverRange,10.609004,13.365308,-3.28908
2026/05/27 22:22:00.259,n,-2.700351,6.106118,4.973122,1.134662,OverRange,OverRange,OverRange,10.746882,13.384736,-3.411859
2026/05/27 22:23:00.262,n,-2.50713,4.036347,5.03931,1.420795,OverRange,OverRange,OverRange,10.559454,13.387978,-3.388395
2026/05/27 22:24:00.263,n,-2.395893,6.472958,4.999355,1.634706,OverRange,OverRange,OverRange,10.739162,13.399836,-3.302647
2026/05/27 22:25:00.265,n,-2.466202,3.147537,4.957187,1.707545,OverRange,OverRange,OverRange,10.599004,13.41705,-3.405715
2026/05/27 22:26:00.268,n,-2.641461,6.561933,5.432121,1.573718,OverRange,OverRange,OverRange,10.683564,13.429982,-3.434896
2026/05/27 22:27:00.269,n,-2.489681,6.454762,4.95431,1.728745,OverRange,OverRange,OverRange,10.709764,13.440796,-3.41749
2026/05/27 22:28:00.273,n,-2.369848,6.489845,4.725669,1.416532,OverRange,OverRange,OverRange,10.657506,13.446186,-3.261777
2026/05/27 22:29:00.274,n,-2.361123,6.351664,5.239134,1.39479,OverRange,OverRange,OverRange,10.78824,13.45915,-3.232512
2026/05/27 22:30:00.275,n,-2.31981,3.43939,4.708753,1.461523,OverRange,OverRange,OverRange,10.705464,13.473156,-3.238228
2026/05/27 22:31:00.263,n,-2.325712,3.401707,5.02586,1.583806,OverRange,OverRange,OverRange,10.7123,13.478548,-3.232597
2026/05/27 22:32:00.263,n,-2.258611,3.598062,4.991781,1.671815,OverRange,OverRange,OverRange,10.72321,13.486106,-3.275343
2026/05/27 22:33:00.265,n,-2.27901,6.553959,5.022153,1.600266,OverRange,OverRange,OverRange,10.775778,13.490406,-3.343516
2026/05/27 22:34:00.266,n,-2.296203,3.615402,4.706753,1.356568,OverRange,OverRange,OverRange,10.69862,13.502262,-3.304524
2026/05/27 22:35:00.268,n,-2.278882,3.209959,5.27925,1.511076,OverRange,OverRange,OverRange,10.76408,13.50982,-3.316298
2026/05/27 22:36:00.272,n,-2.334693,6.160212,5.745062,1.248131,OverRange,OverRange,OverRange,10.765402,13.516286,-3.250088
2026/05/27 22:37:00.272,n,-2.337387,6.245007,5.341007,1.51685,OverRange,OverRange,OverRange,10.775772,13.5314,-3.275343
2026/05/27 22:38:00.274,n,-2.264512,3.346288,4.546996,1.153489,OverRange,OverRange,OverRange,10.73849,13.529218,-3.265617
2026/05/27 22:39:00.276,n,-2.316988,6.666518,5.210387,1.38662,OverRange,OverRange,OverRange,10.815868,13.535684,-3.283278
2026/05/27 22:40:00.263,n,-2.472103,3.700877,4.556977,1.534188,OverRange,OverRange,OverRange,10.638882,13.541076,-3.392149
2026/05/27 22:41:00.264,n,-2.407825,6.549136,5.43405,1.467517,OverRange,OverRange,OverRange,10.78568,13.552964,-3.255975
2026/05/27 22:42:00.267,n,-2.416549,3.658301,4.614215,1.533218,OverRange,OverRange,OverRange,10.689896,13.556206,-3.316298
2026/05/27 22:43:00.268,n,-2.416549,3.464264,5.217218,1.539685,OverRange,OverRange,OverRange,10.729504,13.55829,-3.281316
2026/05/27 22:44:00.270,n,-2.375365,3.467604,4.978823,1.662682,OverRange,OverRange,OverRange,10.746562,13.56479,-3.298807
2026/05/27 22:45:00.272,n,-2.325712,3.289285,4.881216,1.616465,OverRange,OverRange,OverRange,10.727804,13.571256,-3.290872
2026/05/27 22:46:00.274,n,-2.396278,6.547278,5.45082,1.55358,OverRange,OverRange,OverRange,10.758748,13.577722,-3.230464
2026/05/27 22:47:00.276,n,-2.393199,3.716981,4.736346,1.556939,OverRange,OverRange,OverRange,10.69597,13.580964,-3.290872
2026/05/27 22:48:00.279,n,-2.428096,3.61946,5.036045,1.640917,OverRange,OverRange,OverRange,10.831544,13.59282,-3.298636
2026/05/27 22:49:00.264,n,-2.48673,3.215458,4.500213,1.512806,OverRange,OverRange,OverRange,10.844228,13.591746,-3.411688
2026/05/27 22:50:00.267,n,-2.6974,6.5104,5.293651,1.390392,OverRange,OverRange,OverRange,10.786626,13.593926,-3.544108
2026/05/27 22:51:00.268,n,-2.536254,6.499712,4.942362,1.722827,OverRange,OverRange,OverRange,10.793676,13.602544,-3.499314
2026/05/27 22:52:00.467,n,-2.641846,3.75411,4.740582,1.453265,OverRange,OverRange,OverRange,10.73634,13.604678,-3.466209
2026/05/27 22:53:00.348,n,-2.688676,4.694834,4.408553,0.743833,OverRange,OverRange,OverRange,10.84081,13.611144,-3.45853
2026/05/27 22:54:00.275,n,-2.706124,6.683215,4.992056,1.567099,OverRange,OverRange,OverRange,10.722662,13.614368,-3.462284
2026/05/27 22:55:00.276,n,-2.682774,6.295634,4.895653,1.279334,OverRange,OverRange,OverRange,10.73259,13.621924,-3.594789
2026/05/27 22:56:00.278,n,-2.9345,6.589538,4.640681,1.546382,OverRange,OverRange,OverRange,10.75085,13.632692,-3.715605
2026/05/27 22:57:00.279,n,-2.767709,3.36651,4.656695,1.408108,OverRange,OverRange,OverRange,10.739996,13.647792,-3.594789
2026/05/27 22:58:00.265,n,-2.793882,3.623376,4.590866,1.443904,OverRange,OverRange,OverRange,10.766414,13.656406,-3.602553
2026/05/27 22:59:00.266,n,-2.791188,3.280403,4.613333,1.566157,OverRange,OverRange,OverRange,10.782064,13.674716,-3.696237
2026/05/27 23:00:00.268,n,-2.629914,6.500563,5.412552,1.5172,OverRange,OverRange,OverRange,10.838944,13.68014,-3.503239
2026/05/27 23:01:00.273,n,-2.595016,3.976944,4.283592,1.14752,OverRange,OverRange,OverRange,10.740748,13.697372,-3.536343
2026/05/27 23:02:00.272,n,-2.747181,6.057853,5.480295,1.418604,OverRange,OverRange,OverRange,10.788952,13.696264,-3.589073
2026/05/27 23:03:00.274,n,-2.668019,3.850387,5.013465,1.496057,OverRange,OverRange,OverRange,10.66685,13.707046,-3.548033
2026/05/27 23:04:00.277,n,-2.647619,6.092728,4.829628,1.251665,OverRange,OverRange,OverRange,10.867208,13.716754,-3.454434
2026/05/27 23:05:00.282,n,-2.685597,4.866221,4.300972,1.05202,OverRange,OverRange,OverRange,10.727814,13.716754,-3.583185
2026/05/27 23:06:00.280,n,-2.823135,4.116417,5.484636,1.33954,OverRange,OverRange,OverRange,10.687878,13.727488,-3.620215
2026/05/27 23:07:00.268,n,-2.708947,5.525108,5.425764,1.272416,OverRange,OverRange,OverRange,10.68305,13.72858,-3.536258
2026/05/27 23:08:00.267,n,-2.808637,6.167884,5.312294,1.425905,OverRange,OverRange,OverRange,10.744512,13.726444,-3.55008
2026/05/27 23:09:00.270,n,-2.732555,6.459352,5.1365,1.358403,OverRange,OverRange,OverRange,10.68361,13.731836,-3.532504
2026/05/27 23:10:00.273,n,-2.811332,3.519698,4.724294,1.455529,OverRange,OverRange,OverRange,10.617036,13.724296,-3.571411
2026/05/27 23:11:00.276,n,-2.835195,6.235077,5.287448,1.309945,OverRange,OverRange,OverRange,10.724258,13.725338,-3.606393
2026/05/27 23:12:00.275,n,-2.62414,3.229475,4.56343,1.357802,OverRange,OverRange,OverRange,10.659252,13.726444,-3.557674
2026/05/27 23:13:00.278,n,-2.802479,3.317013,5.311135,1.575706,OverRange,OverRange,OverRange,10.682034,13.715662,-3.686425
2026/05/27 23:14:00.279,n,-2.948998,3.466568,5.132307,1.310006,OverRange,OverRange,OverRange,10.684362,13.715662,-3.725417
2026/05/27 23:15:00.281,n,-3.016356,6.372375,5.319433,1.168513,OverRange,OverRange,OverRange,10.695558,13.710272,-3.690094
2026/05/27 23:16:00.268,n,-3.10142,6.51804,4.686372,1.290592,OverRange,OverRange,OverRange,10.669628,13.703822,-3.813213
2026/05/27 23:17:00.269,n,-2.992877,6.275148,5.596585,1.141974,OverRange,OverRange,OverRange,10.613484,13.705972,-3.797259
2026/05/27 23:18:00.271,n,-3.00173,5.058524,4.852352,1.46432,OverRange,OverRange,OverRange,10.577348,13.701654,-3.699991
2026/05/27 23:19:00.272,n,-3.054334,6.125503,5.412563,1.453573,OverRange,OverRange,OverRange,10.638642,13.700612,-3.766286
2026/05/27 23:20:00.274,n,-3.004809,6.486977,5.001073,1.665182,OverRange,OverRange,OverRange,10.58786,13.68198,-3.861591
2026/05/27 23:21:00.277,n,-3.253842,6.274913,5.255366,1.192674,OverRange,OverRange,OverRange,10.552918,13.674472,-3.961333
2026/05/27 23:22:00.278,n,-3.593583,3.672117,4.842551,1.563907,OverRange,OverRange,OverRange,10.55448,13.664762,-4.222248
2026/05/27 23:23:00.280,n,-3.880206,3.840924,5.406798,1.479923,OverRange,OverRange,OverRange,10.562878,13.66048,-4.280779
2026/05/27 23:24:00.285,n,-4.076507,3.88534,3.803276,0.06098,OverRange,OverRange,OverRange,10.557588,13.64644,-4.479409
2026/05/27 23:25:00.269,n,-4.471931,3.124657,4.775205,1.391292,OverRange,OverRange,OverRange,10.492274,13.627072,-4.719164
2026/05/27 23:26:00.273,n,-4.500927,6.596496,4.936604,1.365632,OverRange,OverRange,OverRange,10.501134,13.61305,-4.705426
2026/05/27 23:27:00.271,n,-4.565591,3.40917,4.76385,1.374752,OverRange,OverRange,OverRange,10.356776,13.59147,-4.678294
2026/05/27 23:28:00.275,n,-4.793967,4.135126,5.100244,1.558477,OverRange,OverRange,OverRange,10.380642,13.571044,-4.66251
2026/05/27 23:29:00.276,n,-4.931377,5.991195,4.891737,1.187187,OverRange,OverRange,OverRange,10.421866,13.546254,-4.717286
2026/05/27 23:30:00.278,n,-4.948954,4.390136,4.887523,1.249998,OverRange,OverRange,OverRange,10.32046,13.528974,-4.72889
2026/05/27 23:31:00.280,n,-4.867355,3.32721,5.001615,1.360601,OverRange,OverRange,OverRange,10.266026,13.503078,-4.721126
2026/05/27 23:32:00.281,n,-4.943309,4.471863,4.998357,1.494806,OverRange,OverRange,OverRange,10.363668,13.48262,-4.785373
2026/05/27 23:33:00.283,n,-4.984237,6.48308,4.938805,1.648438,OverRange,OverRange,OverRange,10.258144,13.466446,-4.943219
2026/05/27 23:34:00.269,n,-4.922781,3.760333,4.544485,0.989708,OverRange,OverRange,OverRange,10.23076,13.441658,-4.894585
2026/05/27 23:35:00.270,n,-5.036969,6.452468,5.108638,1.517535,OverRange,OverRange,OverRange,10.354244,13.424346,-4.828205
2026/05/27 23:36:00.257,n,-4.917007,3.384988,4.573098,1.542067,OverRange,OverRange,OverRange,10.119564,13.40928,-4.771892
2026/05/27 23:37:00.258,n,-4.861197,5.478112,4.823821,1.384362,OverRange,OverRange,OverRange,10.208334,13.38661,-4.707389
2026/05/27 23:38:00.260,n,-4.890449,6.340932,5.157148,1.457665,OverRange,OverRange,OverRange,10.169144,13.368288,-4.724965
2026/05/27 23:39:00.262,n,-4.826042,3.616145,5.238871,1.418397,OverRange,OverRange,OverRange,10.04836,13.349932,-4.697833
2026/05/27 23:40:00.265,n,-5.124727,6.378102,5.271464,1.489835,OverRange,OverRange,OverRange,10.125676,13.349134,-4.943219
2026/05/27 23:41:00.268,n,-4.752525,6.458777,4.94687,1.67363,OverRange,OverRange,OverRange,10.061738,13.324314,-4.715324
2026/05/27 23:42:00.269,n,-4.617809,6.52784,4.976477,1.657027,OverRange,OverRange,OverRange,10.052104,13.302784,-4.557564
2026/05/27 23:43:00.270,n,-4.910721,3.456114,4.56186,1.516916,OverRange,OverRange,OverRange,9.943208,13.275798,-4.705256
2026/05/27 23:44:00.256,n,-4.951392,6.499323,5.05865,1.616177,OverRange,OverRange,OverRange,10.019292,13.24663,-4.738446
2026/05/27 23:45:00.258,n,-5.089187,3.208292,4.551064,1.523836,OverRange,OverRange,OverRange,9.941686,13.23036,-4.948765
2026/05/27 23:46:00.260,n,-4.797045,3.785532,4.602234,0.820419,OverRange,OverRange,OverRange,9.92863,13.200118,-4.657049
2026/05/27 23:47:00.262,n,-4.837846,6.507481,5.08858,1.629586,OverRange,OverRange,OverRange,9.915116,13.170706,-4.530431
2026/05/27 23:48:00.264,n,-4.969354,3.805868,4.745483,1.383468,OverRange,OverRange,OverRange,9.793728,13.132938,-4.748258
2026/05/27 23:49:00.266,n,-5.232756,4.353507,4.814332,1.454975,OverRange,OverRange,OverRange,9.89826,13.105922,-4.915831
2026/05/27 23:50:00.268,n,-5.232884,6.010975,5.49523,1.309431,OverRange,OverRange,OverRange,9.935924,13.078904,-4.921803
2026/05/27 23:51:00.270,n,-5.186054,3.372032,4.710809,1.536727,OverRange,OverRange,OverRange,9.816808,13.054088,-5.001579
2026/05/27 23:52:00.271,n,-5.039663,6.616828,5.45472,1.593091,OverRange,OverRange,OverRange,9.885666,13.030312,-4.867197
2026/05/27 23:53:00.256,n,-4.928298,6.259731,5.443762,1.466387,OverRange,OverRange,OverRange,9.874166,13.006536,-4.752013
2026/05/27 23:54:00.259,n,-4.940101,6.565846,4.887149,1.61587,OverRange,OverRange,OverRange,9.826996,12.980594,-4.806704
2026/05/27 23:55:00.261,n,-4.88429,3.376342,5.006386,1.562231,OverRange,OverRange,OverRange,9.772212,12.9568,-4.795015
2026/05/27 23:56:00.264,n,-4.995656,3.710388,4.978223,1.457997,OverRange,OverRange,OverRange,9.85255,12.931854,-4.818563
2026/05/27 23:57:00.265,n,-4.884419,6.488216,5.733168,1.240385,OverRange,OverRange,OverRange,9.909596,12.911482,-4.674113
2026/05/27 23:58:00.267,n,-5.10407,3.448115,4.731895,1.479968,OverRange,OverRange,OverRange,9.817852,12.891062,-4.769674
2026/05/27 23:59:00.269,n,-4.992705,6.467612,4.999093,1.543581,OverRange,OverRange,OverRange,9.844702,12.8739,-4.555345
