"Timestamp","TZ","GHI1_AV (W/m2)","UVB22013 (W/m2)","UVB22013_AV (W/m2)","UVB22013_SD (W/m2)","UVB22012 (W/m2)","UVB22012_AV (W/m2)","UVB22012_SD (W/m2)","TA_AV (degC)","TL (degC)","GTI_AV (W/m2)"
2026/05/22 00:00:00.277,n,-2.891134,4.568306,5.367747,0.542842,OverRange,OverRange,OverRange,9.287278,11.890016,-3.68523
2026/05/22 00:01:00.262,n,-2.876252,4.362757,5.162609,0.622282,OverRange,OverRange,OverRange,9.31213,11.898612,-3.696834
2026/05/22 00:02:00.265,n,-2.847384,5.017177,5.001124,0.644621,OverRange,OverRange,OverRange,9.35372,11.921306,-3.640095
2026/05/22 00:03:00.266,n,-2.867912,5.706771,5.617909,0.153103,OverRange,OverRange,OverRange,9.370194,11.935306,-3.675418
2026/05/22 00:04:00.269,n,-2.753468,4.455919,5.091729,0.618107,OverRange,OverRange,OverRange,9.39354,11.949324,-3.718165
2026/05/22 00:05:00.270,n,-2.885105,5.694864,5.465485,0.515436,OverRange,OverRange,OverRange,9.396332,11.966598,-3.632331
2026/05/22 00:06:00.272,n,-2.768094,5.690027,5.535891,0.571398,OverRange,OverRange,OverRange,9.384648,11.981704,-3.618764
2026/05/22 00:07:00.276,n,-2.78272,4.330496,5.122225,0.637861,OverRange,OverRange,OverRange,9.403912,11.995722,-3.638304
2026/05/22 00:08:00.276,n,-2.797475,4.328432,4.731863,0.381319,OverRange,OverRange,OverRange,9.40088,12.007606,-3.638133
2026/05/22 00:09:00.278,n,-2.964266,6.008502,5.128764,0.919752,OverRange,OverRange,OverRange,9.423702,12.015112,-3.638474
2026/05/22 00:10:00.265,n,-2.89678,4.772985,4.685214,0.670982,OverRange,OverRange,OverRange,9.432572,12.030204,-3.673285
2026/05/22 00:11:00.267,n,-2.767966,3.975712,4.996199,1.013393,OverRange,OverRange,OverRange,9.434102,12.03346,-3.640266
2026/05/22 00:12:00.269,n,-2.838275,5.915287,5.301361,0.783956,OverRange,OverRange,OverRange,9.454106,12.044236,-3.599311
2026/05/22 00:13:00.270,n,-2.680464,4.683411,5.176523,0.578027,OverRange,OverRange,OverRange,9.46349,12.046402,-3.68506
2026/05/22 00:14:00.271,n,-2.832757,4.521276,4.698522,0.515758,OverRange,OverRange,OverRange,9.47463,12.05612,-3.657671
2026/05/22 00:15:00.274,n,-2.897036,5.675456,5.339966,0.627799,OverRange,OverRange,OverRange,9.462994,12.058254,-3.550593
2026/05/22 00:16:00.275,n,-2.779769,4.332492,5.085511,0.702784,OverRange,OverRange,OverRange,9.471364,12.066898,-3.60315
2026/05/22 00:17:00.278,n,-2.861497,5.544967,5.107678,0.708288,OverRange,OverRange,OverRange,9.490606,12.07118,-3.605113
2026/05/22 00:18:00.284,n,-2.811973,5.37291,5.060414,0.509822,OverRange,OverRange,OverRange,9.505566,12.073362,-3.531309
2026/05/22 00:19:00.265,n,-2.762192,4.244886,4.768213,0.60632,OverRange,OverRange,OverRange,9.483766,12.0809,-3.533101
2026/05/22 00:20:00.267,n,-2.82955,4.33492,4.301713,0.090832,OverRange,OverRange,OverRange,9.469076,12.085216,-3.480372
2026/05/22 00:21:00.268,n,-2.879331,4.264518,4.195661,0.050976,OverRange,OverRange,OverRange,9.486816,12.084106,-3.48643
2026/05/22 00:22:00.271,n,-2.791701,5.62917,5.234226,0.555023,OverRange,OverRange,OverRange,9.492138,12.085216,-3.453325
2026/05/22 00:23:00.274,n,-2.820954,4.452877,5.210845,0.757386,OverRange,OverRange,OverRange,9.50227,12.085216,-3.550763
2026/05/22 00:24:00.274,n,-2.736019,4.375316,4.701217,0.356103,OverRange,OverRange,OverRange,9.507092,12.091678,-3.605198
2026/05/22 00:25:00.276,n,-2.800554,4.534735,4.790976,0.308688,OverRange,OverRange,OverRange,9.513164,12.100274,-3.575933
2026/05/22 00:26:00.278,n,-2.765015,4.290617,4.55803,0.543001,OverRange,OverRange,OverRange,9.508358,12.10135,-3.531054
2026/05/22 00:27:00.281,n,-2.858931,6.135037,5.755024,0.41495,OverRange,OverRange,OverRange,9.49849,12.104622,-3.564244
2026/05/22 00:28:00.267,n,-2.660065,5.528499,5.196385,0.791613,OverRange,OverRange,OverRange,9.521016,12.105664,-3.564244
2026/05/22 00:29:00.267,n,-2.86201,4.507253,4.526858,0.505945,OverRange,OverRange,OverRange,9.529638,12.113264,-3.605028
2026/05/22 00:30:00.269,n,-2.83263,4.428112,4.951099,0.509627,OverRange,OverRange,OverRange,9.57423,12.114308,-3.601273
2026/05/22 00:31:00.272,n,-2.695219,5.676676,5.175348,0.728052,OverRange,OverRange,OverRange,9.590954,12.118588,-3.58182
2026/05/22 00:32:00.275,n,-2.756547,4.018662,4.795244,0.81396,OverRange,OverRange,OverRange,9.583104,12.119696,-3.58583
2026/05/22 00:33:00.275,n,-2.747822,4.359014,4.795061,0.729294,OverRange,OverRange,OverRange,9.59223,12.122936,-3.554603
2026/05/22 00:34:00.277,n,-2.715619,5.684733,5.800926,0.168214,OverRange,OverRange,OverRange,9.599336,12.130474,-3.542913
2026/05/22 00:35:00.280,n,-2.636586,5.862088,5.788934,0.063613,OverRange,OverRange,OverRange,9.607952,12.143498,-3.546667
2026/05/22 00:36:00.281,n,-2.700607,5.859474,5.005859,0.685633,OverRange,OverRange,OverRange,9.586888,12.149948,-3.593424
2026/05/22 00:37:00.267,n,-2.814667,5.605963,4.918051,0.757968,OverRange,OverRange,OverRange,9.57929,12.151022,-3.542657
2026/05/22 00:38:00.269,n,-2.835195,5.68208,5.134304,0.796182,OverRange,OverRange,OverRange,9.586884,12.158526,-3.589414
2026/05/22 00:39:00.270,n,-2.723958,5.600623,5.128127,0.701104,OverRange,OverRange,OverRange,9.57776,12.159634,-3.523375
2026/05/22 00:40:00.273,n,-2.72986,5.751537,5.762788,0.461916,OverRange,OverRange,OverRange,9.560288,12.165022,-3.54863
2026/05/22 00:41:00.274,n,-2.727038,4.097158,4.990024,0.750726,OverRange,OverRange,OverRange,9.563304,12.16937,-3.497778
2026/05/22 00:42:00.276,n,-2.75334,5.432458,5.135355,0.556124,OverRange,OverRange,OverRange,9.566864,12.17795,-3.449315
2026/05/22 00:43:00.278,n,-2.838018,5.556467,4.718648,0.875802,OverRange,OverRange,OverRange,9.551418,12.17904,-3.452984
2026/05/22 00:44:00.280,n,-2.820441,4.256351,4.715218,0.811976,OverRange,OverRange,OverRange,9.554714,12.18337,-3.577725
2026/05/22 00:45:00.285,n,-2.808765,5.612796,4.754096,0.722116,OverRange,OverRange,OverRange,9.534938,12.18337,-3.478495
2026/05/22 00:46:00.267,n,-2.802992,5.613185,5.441871,0.558449,OverRange,OverRange,OverRange,9.553926,12.184444,-3.495815
2026/05/22 00:47:00.269,n,-2.68008,5.80597,5.329711,0.680287,OverRange,OverRange,OverRange,9.57343,12.187686,-3.455032
2026/05/22 00:48:00.271,n,-2.691755,4.268712,5.336041,0.769133,OverRange,OverRange,OverRange,9.564596,12.191968,-3.451192
2026/05/22 00:49:00.274,n,-2.794139,3.885436,5.087176,0.752149,OverRange,OverRange,OverRange,9.581564,12.194148,-3.470645
2026/05/22 00:50:00.276,n,-2.791316,4.847762,5.294038,0.266754,OverRange,OverRange,OverRange,9.57042,12.200612,-3.443257
2026/05/22 00:51:00.278,n,-2.741536,4.467309,4.561356,0.526116,OverRange,OverRange,OverRange,9.56535,12.204928,-3.427644
2026/05/22 00:52:00.279,n,-2.887927,4.38531,5.120694,0.681575,OverRange,OverRange,OverRange,9.567622,12.207108,-3.455032
2026/05/22 00:53:00.281,n,-2.779513,5.700469,5.375468,0.530647,OverRange,OverRange,OverRange,9.574718,12.210316,-3.480457
2026/05/22 00:54:00.285,n,-2.692011,4.36709,4.699721,0.598575,OverRange,OverRange,OverRange,9.572688,12.212432,-3.47841
2026/05/22 00:55:00.268,n,-2.843791,5.581146,5.150009,0.611325,OverRange,OverRange,OverRange,9.5537,12.210316,-3.480543
2026/05/22 00:56:00.271,n,-2.721136,4.783148,4.986999,0.495962,OverRange,OverRange,OverRange,9.55926,12.218928,-3.443257
2026/05/22 00:57:00.273,n,-2.846743,5.61611,5.125286,0.598248,OverRange,OverRange,OverRange,9.55242,12.217854,-3.462966
2026/05/22 00:58:00.274,n,-2.811845,4.155706,4.529781,0.54206,OverRange,OverRange,OverRange,9.536454,12.218928,-3.422097
2026/05/22 00:59:00.278,n,-2.712283,5.450512,5.235044,0.624135,OverRange,OverRange,OverRange,9.549134,12.220002,-3.466806
2026/05/22 01:00:00.278,n,-2.779384,4.29948,4.157786,0.218966,OverRange,OverRange,OverRange,9.55597,12.22645,-3.365358
2026/05/22 01:01:00.279,n,-2.841097,4.253107,4.982157,0.863251,OverRange,OverRange,OverRange,9.55623,12.223242,-3.447353
2026/05/22 01:02:00.282,n,-2.747437,4.395217,4.97311,0.565713,OverRange,OverRange,OverRange,9.544052,12.22536,-3.396586
2026/05/22 01:03:00.284,n,-2.794139,4.463843,5.132298,0.591489,OverRange,OverRange,OverRange,9.548132,12.230782,-3.400596
2026/05/22 01:04:00.273,n,-2.679951,4.578629,5.090503,0.584788,OverRange,OverRange,OverRange,9.535202,12.22645,-3.458957
2026/05/22 01:05:00.275,n,-2.671483,4.605154,5.301744,0.647048,OverRange,OverRange,OverRange,9.548376,12.227526,-3.482249
2026/05/22 01:06:00.276,n,-2.738713,5.41612,4.82386,0.552963,OverRange,OverRange,OverRange,9.541524,12.223242,-3.476447
2026/05/22 01:07:00.275,n,-2.779513,5.644883,5.535851,0.095906,OverRange,OverRange,OverRange,9.525304,12.231822,-3.445305
2026/05/22 01:08:00.261,n,-2.598095,4.562382,4.903021,0.542325,OverRange,OverRange,OverRange,9.513658,12.227526,-3.421927
2026/05/22 01:09:00.265,n,-2.706509,4.538709,4.785141,0.413745,OverRange,OverRange,OverRange,9.512634,12.2286,-3.417916
2026/05/22 01:10:00.265,n,-2.811845,4.225586,4.234226,0.184059,OverRange,OverRange,OverRange,9.516704,12.229706,-3.484468
2026/05/22 01:11:00.266,n,-2.829422,4.688713,4.752136,0.617183,OverRange,OverRange,OverRange,9.491838,12.227526,-3.419964
2026/05/22 01:12:00.269,n,-2.776562,4.772757,4.874084,0.53226,OverRange,OverRange,OverRange,9.482228,12.219564,-3.492147
2026/05/22 01:13:00.271,n,-2.833014,4.587371,4.930094,0.662954,OverRange,OverRange,OverRange,9.508836,12.216356,-3.597775
2026/05/22 01:14:00.256,n,-2.897165,4.378089,5.148354,0.608754,OverRange,OverRange,OverRange,9.502498,12.220638,-3.621068
2026/05/22 01:15:00.263,n,-2.833014,5.441314,4.616697,0.407647,OverRange,OverRange,OverRange,9.478154,12.219564,-3.556821
2026/05/22 01:16:00.261,n,-2.894342,5.909239,5.419058,0.78524,OverRange,OverRange,OverRange,9.488542,12.214174,-3.609294
2026/05/22 01:17:00.262,n,-2.809407,6.026781,4.995027,0.760331,OverRange,OverRange,OverRange,9.48145,12.219564,-3.504177
2026/05/22 01:18:00.266,n,-2.903067,4.267227,4.613641,0.642617,OverRange,OverRange,OverRange,9.48576,12.21852,-3.580199
2026/05/22 01:19:00.268,n,-2.952847,4.231645,4.434439,0.241762,OverRange,OverRange,OverRange,9.476644,12.21852,-3.513989
2026/05/22 01:20:00.268,n,-2.944123,5.589097,4.986386,0.68795,OverRange,OverRange,OverRange,9.479686,12.219564,-3.547009
2026/05/22 01:21:00.270,n,-2.876893,4.43591,5.319322,0.671923,OverRange,OverRange,OverRange,9.470312,12.210936,-3.560831
2026/05/22 01:22:00.275,n,-2.876637,4.661521,5.07869,0.629302,OverRange,OverRange,OverRange,9.47461,12.215282,-3.603578
2026/05/22 01:23:00.257,n,-2.906017,4.127357,5.060856,0.539467,OverRange,OverRange,OverRange,9.469554,12.21743,-3.562708
2026/05/22 01:24:00.259,n,-2.888568,5.379755,5.153181,0.58222,OverRange,OverRange,OverRange,9.477652,12.214174,-3.582161
2026/05/22 01:25:00.261,n,-2.914999,5.538522,5.199835,0.503967,OverRange,OverRange,OverRange,9.47258,12.219564,-3.548886
2026/05/22 01:26:00.264,n,-2.84764,5.441069,5.0631,0.46393,OverRange,OverRange,OverRange,9.464732,12.221744,-3.544961
2026/05/22 01:27:00.266,n,-2.894342,5.685164,5.039921,0.677405,OverRange,OverRange,OverRange,9.47994,12.216356,-3.539245
2026/05/22 01:28:00.268,n,-2.827112,4.155585,5.061589,0.818387,OverRange,OverRange,OverRange,9.506298,12.21852,-3.558783
2026/05/22 01:29:00.269,n,-2.794909,5.559105,5.129687,0.721927,OverRange,OverRange,OverRange,9.524272,12.216356,-3.521753
2026/05/22 01:30:00.272,n,-2.67777,5.686855,5.043341,0.79264,OverRange,OverRange,OverRange,9.51998,12.220638,-3.445817
2026/05/22 01:31:00.258,n,-2.742434,4.372004,4.573365,0.620977,OverRange,OverRange,OverRange,9.505784,12.220638,-3.482762
2026/05/22 01:32:00.260,n,-2.745256,3.921571,4.292243,0.196143,OverRange,OverRange,OverRange,9.502254,12.221744,-3.508017
2026/05/22 01:33:00.261,n,-2.86804,4.486875,5.08658,0.642435,OverRange,OverRange,OverRange,9.486512,12.220638,-3.516037
2026/05/22 01:34:00.264,n,-2.79786,5.627201,4.979495,0.84962,OverRange,OverRange,OverRange,9.505508,12.220638,-3.537282
2026/05/22 01:35:00.265,n,-2.795294,5.680304,4.983402,0.645414,OverRange,OverRange,OverRange,9.507054,12.222836,-3.510064
2026/05/22 01:36:00.267,n,-2.745257,5.840229,5.359584,0.603244,OverRange,OverRange,OverRange,9.503262,12.219564,-3.517743
2026/05/22 01:37:00.268,n,-2.844818,4.147112,5.090635,0.815524,OverRange,OverRange,OverRange,9.49413,12.220638,-3.541122
2026/05/22 01:38:00.272,n,-2.771301,5.510684,5.129291,0.540287,OverRange,OverRange,OverRange,9.498174,12.220638,-3.494621
2026/05/22 01:39:00.272,n,-2.835837,4.528676,5.028679,0.767015,OverRange,OverRange,OverRange,9.486786,12.226028,-3.533443
2026/05/22 01:40:00.258,n,-2.856109,4.326444,5.098613,0.680107,OverRange,OverRange,OverRange,9.49109,12.231416,-3.535576
2026/05/22 01:41:00.260,n,-2.82429,5.21559,5.098883,0.558525,OverRange,OverRange,OverRange,9.500464,12.230342,-3.560745
2026/05/22 01:42:00.262,n,-2.833014,4.311581,4.824152,0.525886,OverRange,OverRange,OverRange,9.494868,12.226028,-3.543169
2026/05/22 01:43:00.265,n,-2.853414,5.680672,4.972395,0.803714,OverRange,OverRange,OverRange,9.509828,12.227102,-3.560745
2026/05/22 01:44:00.265,n,-2.888312,5.130905,5.282884,0.175929,OverRange,OverRange,OverRange,9.49439,12.232522,-3.584294
2026/05/22 01:45:00.267,n,-2.695347,4.970597,5.013759,0.653951,OverRange,OverRange,OverRange,9.504248,12.226028,-3.518
2026/05/22 01:46:00.270,n,-2.765528,5.608822,4.975253,0.590818,OverRange,OverRange,OverRange,9.500204,12.233566,-3.519876
2026/05/22 01:47:00.272,n,-2.826984,3.918244,5.085324,0.712862,OverRange,OverRange,OverRange,9.505524,12.23573,-3.484894
2026/05/22 01:48:00.274,n,-2.783362,6.118696,5.775322,0.17299,OverRange,OverRange,OverRange,9.491612,12.232522,-3.471157
2026/05/22 01:49:00.258,n,-2.727679,4.584207,5.404722,0.648026,OverRange,OverRange,OverRange,9.489308,12.233566,-3.512027
2026/05/22 01:50:00.260,n,-2.806713,6.093766,5.417844,0.47718,OverRange,OverRange,OverRange,9.50501,12.232522,-3.508102
2026/05/22 01:51:00.262,n,-2.754109,5.557927,5.024197,0.651201,OverRange,OverRange,OverRange,9.504258,12.23788,-3.55665
2026/05/22 01:52:00.265,n,-2.850463,4.24375,4.276224,0.188664,OverRange,OverRange,OverRange,9.516424,12.233566,-3.513904
2026/05/22 01:53:00.269,n,-2.973504,5.518935,4.985472,0.593318,OverRange,OverRange,OverRange,9.471588,12.230342,-3.445732
2026/05/22 01:54:00.269,n,-2.789007,5.966433,5.617092,0.54873,OverRange,OverRange,OverRange,9.463216,12.232522,-3.48097
2026/05/22 01:55:00.271,n,-2.680593,4.624138,5.216809,0.604132,OverRange,OverRange,OverRange,9.476146,12.231416,-3.504262
2026/05/22 01:56:00.273,n,-2.841867,4.918624,5.104491,0.615112,OverRange,OverRange,OverRange,9.48222,12.232522,-3.471243
2026/05/22 01:57:00.276,n,-2.794909,5.650531,5.595738,0.378544,OverRange,OverRange,OverRange,9.482732,12.231416,-3.420561
2026/05/22 01:58:00.260,n,-2.81826,4.521896,4.585372,0.539378,OverRange,OverRange,OverRange,9.483978,12.229252,-3.492574
2026/05/22 01:59:00.263,n,-2.900116,6.131439,5.550808,0.756466,OverRange,OverRange,OverRange,9.476888,12.231416,-3.422439
2026/05/22 02:00:00.264,n,-2.765656,5.549034,5.315153,0.608949,OverRange,OverRange,OverRange,9.468542,12.23464,-3.486771
2026/05/22 02:01:00.266,n,-2.730502,5.030821,5.75689,0.38432,OverRange,OverRange,OverRange,9.468526,12.23573,-3.455544
2026/05/22 02:02:00.268,n,-2.783362,4.460566,4.689393,0.474773,OverRange,OverRange,OverRange,9.470576,12.232522,-3.430032
2026/05/22 02:03:00.269,n,-2.973375,4.245828,4.592253,0.73444,OverRange,OverRange,OverRange,9.4561,12.230342,-3.414504
2026/05/22 02:04:00.271,n,-2.903195,5.614494,5.042006,0.536964,OverRange,OverRange,OverRange,9.44774,12.227102,-3.445902
2026/05/22 02:05:00.274,n,-2.909097,4.256369,5.182815,0.641049,OverRange,OverRange,OverRange,9.450282,12.230342,-3.447865
2026/05/22 02:06:00.276,n,-2.906018,4.496147,4.657111,0.598702,OverRange,OverRange,OverRange,9.44014,12.232522,-3.428241
2026/05/22 02:07:00.263,n,-2.9821,5.684874,5.372809,0.369619,OverRange,OverRange,OverRange,9.427964,12.229252,-3.434213
2026/05/22 02:08:00.263,n,-2.756804,4.243114,4.700841,0.673082,OverRange,OverRange,OverRange,9.426708,12.232522,-3.457421
2026/05/22 02:09:00.266,n,-3.061134,3.731317,4.300493,0.632995,OverRange,OverRange,OverRange,9.433548,12.229252,-3.401023
2026/05/22 02:10:00.267,n,-2.944123,5.333393,4.710122,0.562636,OverRange,OverRange,OverRange,9.42569,12.233566,-3.463478
2026/05/22 02:11:00.269,n,-2.885489,4.195707,4.43512,0.344646,OverRange,OverRange,OverRange,9.430756,12.230342,-3.426363
2026/05/22 02:12:00.271,n,-2.929625,4.226129,4.533463,0.561885,OverRange,OverRange,OverRange,9.435324,12.230342,-3.443854
2026/05/22 02:13:00.273,n,-2.923595,4.764035,5.092713,0.610571,OverRange,OverRange,OverRange,9.421148,12.223878,-3.449742
2026/05/22 02:14:00.276,n,-2.844561,5.518392,4.878771,0.512749,OverRange,OverRange,OverRange,9.419104,12.22492,-3.467318
2026/05/22 02:15:00.277,n,-2.832886,5.049874,4.887608,0.71742,OverRange,OverRange,OverRange,9.408718,12.229252,-3.430288
2026/05/22 02:16:00.262,n,-2.753981,4.323514,5.478756,0.678056,OverRange,OverRange,OverRange,9.38794,12.223878,-3.449742
2026/05/22 02:17:00.267,n,-2.765913,4.691621,4.879813,0.568308,OverRange,OverRange,OverRange,9.40591,12.221744,-3.480884
2026/05/22 02:18:00.267,n,-2.756932,5.162137,5.088535,0.653132,OverRange,OverRange,OverRange,9.414796,12.21743,-3.385409
2026/05/22 02:19:00.268,n,-2.80389,6.061008,5.381491,0.540016,OverRange,OverRange,OverRange,9.398316,12.215282,-3.43609
2026/05/22 02:20:00.272,n,-2.683672,4.34815,5.00741,0.640532,OverRange,OverRange,OverRange,9.398072,12.216356,-3.396927
2026/05/22 02:21:00.272,n,-2.765656,5.699766,5.030256,0.682385,OverRange,OverRange,OverRange,9.412762,12.210936,-3.414589
2026/05/22 02:22:00.276,n,-2.77746,5.008547,4.742819,0.498257,OverRange,OverRange,OverRange,9.431264,12.209858,-3.408702
2026/05/22 02:23:00.277,n,-2.827112,5.389173,4.966653,0.66477,OverRange,OverRange,OverRange,9.449768,12.207678,-3.474912
2026/05/22 02:24:00.279,n,-2.756804,4.238087,5.000294,0.833856,OverRange,OverRange,OverRange,9.450028,12.212026,-3.428241
2026/05/22 02:25:00.265,n,-2.754109,4.077047,4.578363,0.714893,OverRange,OverRange,OverRange,9.459392,12.216356,-3.420476
2026/05/22 02:26:00.266,n,-2.853286,5.755823,4.712594,0.697574,OverRange,OverRange,OverRange,9.455608,12.208786,-3.46911
2026/05/22 02:27:00.268,n,-2.745256,5.037174,4.873037,0.592384,OverRange,OverRange,OverRange,9.442932,12.20667,-3.461516
2026/05/22 02:28:00.270,n,-2.806584,5.374903,4.824507,0.32537,OverRange,OverRange,OverRange,9.439122,12.208786,-3.371758
2026/05/22 02:29:00.272,n,-2.865089,6.053651,5.486357,0.566428,OverRange,OverRange,OverRange,9.423904,12.20667,-3.451619
2026/05/22 02:30:00.274,n,-2.815437,5.522491,5.349949,0.500406,OverRange,OverRange,OverRange,9.41303,12.208786,-3.486601
2026/05/22 02:31:00.276,n,-2.771686,5.521837,5.28944,0.586406,OverRange,OverRange,OverRange,9.405152,12.207678,-3.492488
2026/05/22 02:32:00.281,n,-2.85072,4.482431,4.71757,0.492829,OverRange,OverRange,OverRange,9.40567,12.209858,-3.475083
2026/05/22 02:33:00.281,n,-2.953104,5.022214,5.001932,0.649315,OverRange,OverRange,OverRange,9.407186,12.20667,-3.490696
2026/05/22 02:34:00.270,n,-2.938478,5.767621,5.066845,0.712989,OverRange,OverRange,OverRange,9.412258,12.205594,-3.512027
2026/05/22 02:35:00.268,n,-2.935398,5.442988,5.15747,0.616972,OverRange,OverRange,OverRange,9.42012,12.205594,-3.525764
2026/05/22 02:36:00.271,n,-2.903067,4.954776,5.313648,0.511041,OverRange,OverRange,OverRange,9.411744,12.205594,-3.545217
2026/05/22 02:37:00.272,n,-2.903067,4.724678,5.092232,0.510519,OverRange,OverRange,OverRange,9.428234,12.207678,-3.5023
2026/05/22 02:38:00.274,n,-2.879588,5.88361,4.950728,0.701367,OverRange,OverRange,OverRange,9.441662,12.209858,-3.558613
2026/05/22 02:39:00.275,n,-2.885489,4.285201,4.804673,0.662445,OverRange,OverRange,OverRange,9.4404,12.207678,-3.508187
2026/05/22 02:40:00.279,n,-2.882666,5.630179,5.091566,0.681846,OverRange,OverRange,OverRange,9.439122,12.204504,-3.531395
2026/05/22 02:41:00.279,n,-2.856493,5.917786,5.225712,0.798812,OverRange,OverRange,OverRange,9.436352,12.207678,-3.517999
2026/05/22 02:42:00.281,n,-2.818516,5.653826,5.175127,0.689543,OverRange,OverRange,OverRange,9.43153,12.207678,-3.54334
2026/05/22 02:43:00.267,n,-2.865218,5.591962,5.232241,0.670659,OverRange,OverRange,OverRange,9.440654,12.210936,-3.556735
2026/05/22 02:44:00.271,n,-2.82429,5.609819,5.090467,0.642974,OverRange,OverRange,OverRange,9.436082,12.209858,-3.574397
2026/05/22 02:45:00.271,n,-2.87112,4.186987,4.794526,0.692897,OverRange,OverRange,OverRange,9.433792,12.20667,-3.478922
2026/05/22 02:46:00.274,n,-2.86509,5.664629,5.312496,0.623242,OverRange,OverRange,OverRange,9.439632,12.209858,-3.488649
2026/05/22 02:47:00.276,n,-2.870991,4.461333,4.840886,0.666876,OverRange,OverRange,OverRange,9.443432,12.20667,-3.558783
2026/05/22 02:48:00.278,n,-2.847512,5.696326,4.945282,0.830287,OverRange,OverRange,OverRange,9.439626,12.2131,-3.496413
2026/05/22 02:49:00.280,n,-2.847641,5.673323,5.007818,0.76066,OverRange,OverRange,OverRange,9.444184,12.208786,-3.482846
2026/05/22 02:50:00.284,n,-2.856493,5.727236,5.349466,0.593007,OverRange,OverRange,OverRange,9.441656,12.209858,-3.490696
2026/05/22 02:51:00.286,n,-2.815437,4.360648,5.081887,0.724733,OverRange,OverRange,OverRange,9.446986,12.209858,-3.556735
2026/05/22 02:52:00.270,n,-2.859187,4.89529,5.174084,0.5491,OverRange,OverRange,OverRange,9.467778,12.2131,-3.535234
2026/05/22 02:53:00.271,n,-2.826984,4.382044,4.820257,0.718531,OverRange,OverRange,OverRange,9.4817,12.212026,-3.523716
2026/05/22 02:54:00.274,n,-2.859316,4.352363,4.632235,0.720667,OverRange,OverRange,OverRange,9.498428,12.214174,-3.486601
2026/05/22 02:55:00.275,n,-2.853414,4.713446,5.071998,0.710628,OverRange,OverRange,OverRange,9.508068,12.210936,-3.53148
2026/05/22 02:56:00.276,n,-2.745128,5.987224,5.215632,0.757839,OverRange,OverRange,OverRange,9.510594,12.216356,-3.482846
2026/05/22 02:57:00.279,n,-2.768479,4.38138,5.014195,0.626716,OverRange,OverRange,OverRange,9.511094,12.221744,-3.517829
2026/05/22 02:58:00.281,n,-2.745256,5.654515,5.297913,0.730467,OverRange,OverRange,OverRange,9.497412,12.226028,-3.408787
2026/05/22 02:59:00.283,n,-2.771814,5.502568,5.112969,0.627201,OverRange,OverRange,OverRange,9.493618,12.221744,-3.461431
2026/05/22 03:00:00.268,n,-2.768351,5.573653,5.35516,0.606373,OverRange,OverRange,OverRange,9.477158,12.22492,-3.506225
2026/05/22 03:01:00.270,n,-2.797988,4.34337,4.963124,0.762063,OverRange,OverRange,OverRange,9.495408,12.227102,-3.455544
2026/05/22 03:02:00.275,n,-2.809535,5.669679,5.255144,0.610888,OverRange,OverRange,OverRange,9.512376,12.228176,-3.416551
2026/05/22 03:03:00.257,n,-2.824033,5.59574,5.072776,0.790228,OverRange,OverRange,OverRange,9.518438,12.24006,-3.523716
2026/05/22 03:04:00.259,n,-2.759754,5.600337,4.98073,0.801482,OverRange,OverRange,OverRange,9.505774,12.236806,-3.494791
2026/05/22 03:05:00.260,n,-2.806841,4.350041,4.953233,0.719351,OverRange,OverRange,OverRange,9.511348,12.238986,-3.548886
2026/05/22 03:06:00.263,n,-2.827112,4.811853,5.200764,0.563803,OverRange,OverRange,OverRange,9.520474,12.23573,-3.545132
2026/05/22 03:07:00.265,n,-2.824033,4.880376,4.894156,0.564493,OverRange,OverRange,OverRange,9.522264,12.241104,-3.49445
2026/05/22 03:08:00.269,n,-2.809663,5.417283,5.206446,0.437193,OverRange,OverRange,OverRange,9.523514,12.243236,-3.50631
2026/05/22 03:09:00.269,n,-2.821467,5.6924,5.253262,0.643394,OverRange,OverRange,OverRange,9.508316,12.249732,-3.506139
2026/05/22 03:10:00.273,n,-2.759754,4.714875,4.961498,0.673569,OverRange,OverRange,OverRange,9.515172,12.252974,-3.486686
2026/05/22 03:11:00.257,n,-2.756675,4.318217,5.254402,0.553244,OverRange,OverRange,OverRange,9.525564,12.252974,-3.430117
2026/05/22 03:12:00.261,n,-2.789264,5.685114,5.272687,0.638977,OverRange,OverRange,OverRange,9.511374,12.256196,-3.449656
2026/05/22 03:13:00.260,n,-2.789007,5.392146,5.271029,0.633933,OverRange,OverRange,OverRange,9.496914,12.257304,-3.479007
2026/05/22 03:14:00.263,n,-2.809535,5.609638,4.899826,0.566856,OverRange,OverRange,OverRange,9.498184,12.260478,-3.554688
2026/05/22 03:15:00.265,n,-2.944379,5.384481,4.86672,0.521636,OverRange,OverRange,OverRange,9.506288,12.260478,-3.482847
2026/05/22 03:16:00.266,n,-2.906146,4.545796,4.631597,0.500189,OverRange,OverRange,OverRange,9.486526,12.2659,-3.547094
2026/05/22 03:17:00.269,n,-2.903067,4.636362,4.828597,0.596509,OverRange,OverRange,OverRange,9.475128,12.266974,-3.486686
2026/05/22 03:18:00.272,n,-2.912048,5.695544,5.027617,0.646814,OverRange,OverRange,OverRange,9.484756,12.274512,-3.525508
2026/05/22 03:19:00.273,n,-2.888697,5.646335,5.062083,0.615008,OverRange,OverRange,OverRange,9.506288,12.274512,-3.508102
2026/05/22 03:20:00.261,n,-2.900115,4.529796,4.761677,0.690202,OverRange,OverRange,OverRange,9.516922,12.27562,-3.55665
2026/05/22 03:21:00.260,n,-2.841739,4.350672,5.017868,0.649944,OverRange,OverRange,OverRange,9.509328,12.273438,-3.490696
2026/05/22 03:22:00.262,n,-2.850463,5.601576,5.184049,0.724154,OverRange,OverRange,OverRange,9.518712,12.268082,-3.548971
2026/05/22 03:23:00.264,n,-2.812486,5.721423,5.281852,0.725167,OverRange,OverRange,OverRange,9.510606,12.274512,-3.537282
2026/05/22 03:24:00.266,n,-2.841867,5.294615,5.157222,0.633377,OverRange,OverRange,OverRange,9.521764,12.27772,-3.496413
2026/05/22 03:25:00.268,n,-2.803505,5.687453,4.741897,0.554899,OverRange,OverRange,OverRange,9.534918,12.276662,-3.486771
2026/05/22 03:26:00.270,n,-2.815309,5.172696,4.630412,0.434715,OverRange,OverRange,OverRange,9.539486,12.27772,-3.496328
2026/05/22 03:27:00.271,n,-2.751158,5.659246,5.363896,0.680753,OverRange,OverRange,OverRange,9.560014,12.278794,-3.447694
2026/05/22 03:28:00.257,n,-2.704328,4.493813,5.57542,0.538935,OverRange,OverRange,OverRange,9.541784,12.28205,-3.523716
2026/05/22 03:29:00.260,n,-2.745256,5.889638,5.055118,0.661309,OverRange,OverRange,OverRange,9.575466,12.28205,-3.449741
2026/05/22 03:30:00.261,n,-2.61054,6.089733,5.112433,0.553762,OverRange,OverRange,OverRange,9.56305,12.289574,-3.465099
2026/05/22 03:31:00.264,n,-2.65134,4.477721,5.503888,0.672182,OverRange,OverRange,OverRange,9.564322,12.294962,-3.420476
2026/05/22 03:32:00.265,n,-2.716004,4.342208,4.403161,0.117655,OverRange,OverRange,OverRange,9.57192,12.297112,-3.517743
2026/05/22 03:33:00.266,n,-2.832886,4.202215,4.283727,0.174802,OverRange,OverRange,OverRange,9.592938,12.298186,-3.508017
2026/05/22 03:34:00.268,n,-2.91487,5.392054,5.144894,0.617262,OverRange,OverRange,OverRange,9.596736,12.302534,-3.459468
2026/05/22 03:35:00.270,n,-2.786056,4.097812,5.182011,0.552137,OverRange,OverRange,OverRange,9.5828,12.300368,-3.445732
2026/05/22 03:36:00.273,n,-2.745128,4.448298,4.854903,0.687824,OverRange,OverRange,OverRange,9.586854,12.310072,-3.453666
2026/05/22 03:37:00.259,n,-2.756675,6.117686,5.093281,0.842376,OverRange,OverRange,OverRange,9.585348,12.30789,-3.44778
2026/05/22 03:38:00.260,n,-2.718826,5.733577,4.983363,0.547383,OverRange,OverRange,OverRange,9.584576,12.308996,-3.420647
2026/05/22 03:39:00.263,n,-2.803762,5.632253,4.932467,0.596537,OverRange,OverRange,OverRange,9.577992,12.311112,-3.45742
2026/05/22 03:40:00.264,n,-2.818388,4.028604,4.707613,0.737775,OverRange,OverRange,OverRange,9.583822,12.31222,-3.504262
2026/05/22 03:41:00.267,n,-2.81826,5.71859,5.12135,0.638373,OverRange,OverRange,OverRange,9.579254,12.31546,-3.490782
2026/05/22 03:42:00.269,n,-2.91487,4.260213,4.270767,0.489366,OverRange,OverRange,OverRange,9.57749,12.317576,-3.467318
2026/05/22 03:43:00.271,n,-2.777717,4.441082,4.395209,0.053659,OverRange,OverRange,OverRange,9.582296,12.320818,-3.53933
2026/05/22 03:44:00.274,n,-2.829935,4.798617,5.173125,0.67956,OverRange,OverRange,OverRange,9.587118,12.32624,-3.482676
2026/05/22 03:45:00.277,n,-2.835837,5.436173,4.676715,0.629675,OverRange,OverRange,OverRange,9.57774,12.335926,-3.537197
2026/05/22 03:46:00.260,n,-2.698298,5.784431,5.18258,0.75305,OverRange,OverRange,OverRange,9.563808,12.328356,-3.488734
2026/05/22 03:47:00.265,n,-2.768607,5.607622,4.960089,0.74366,OverRange,OverRange,OverRange,9.577988,12.336986,-3.500252
2026/05/22 03:48:00.265,n,-2.724857,4.593628,4.823462,0.706278,OverRange,OverRange,OverRange,9.572948,12.33267,-3.416466
2026/05/22 03:49:00.268,n,-2.759754,3.900245,4.996994,0.561792,OverRange,OverRange,OverRange,9.560766,12.335926,-3.352389
2026/05/22 03:50:00.268,n,-2.660321,5.871036,4.575893,0.637553,OverRange,OverRange,OverRange,9.5628,12.33482,-3.363908
2026/05/22 03:51:00.271,n,-2.841867,3.979868,4.967128,0.756495,OverRange,OverRange,OverRange,9.547852,12.335926,-3.36203
2026/05/22 03:52:00.272,n,-2.917693,5.678755,5.285458,0.661069,OverRange,OverRange,OverRange,9.541,12.339134,-3.334727
2026/05/22 03:53:00.274,n,-2.789007,4.262385,4.935418,0.559972,OverRange,OverRange,OverRange,9.536694,12.336986,-3.445987
2026/05/22 03:54:00.276,n,-2.923595,5.440971,5.210293,0.625837,OverRange,OverRange,OverRange,9.538722,12.341282,-3.459298
2026/05/22 03:55:00.261,n,-2.873814,4.629258,4.95909,0.870715,OverRange,OverRange,OverRange,9.53745,12.344622,-3.459554
2026/05/22 03:56:00.263,n,-2.931806,5.531029,4.763282,0.672985,OverRange,OverRange,OverRange,9.521154,12.343514,-3.486089
2026/05/22 03:57:00.265,n,-3.034062,5.571421,5.097386,0.593768,OverRange,OverRange,OverRange,9.48998,12.351116,-3.474485
2026/05/22 03:58:00.268,n,-2.928984,5.549246,4.901415,0.53438,OverRange,OverRange,OverRange,9.482906,12.351116,-3.50358
2026/05/22 03:59:00.269,n,-2.943609,4.279048,4.841894,0.719245,OverRange,OverRange,OverRange,9.49023,12.34244,-3.583612
2026/05/22 04:00:00.273,n,-3.016741,4.131812,4.721869,0.666654,OverRange,OverRange,OverRange,9.500382,12.351116,-3.49974
2026/05/22 04:01:00.273,n,-3.002243,6.053689,5.471812,0.656434,OverRange,OverRange,OverRange,9.489716,12.35001,-3.507675
2026/05/22 04:02:00.275,n,-2.808637,5.558137,4.936459,0.581903,OverRange,OverRange,OverRange,9.510504,12.346754,-3.488051
2026/05/22 04:03:00.280,n,-2.975685,5.494869,4.645199,0.527682,OverRange,OverRange,OverRange,9.510762,12.35001,-3.480287
2026/05/22 04:04:00.263,n,-2.905376,5.86949,5.381873,0.55061,OverRange,OverRange,OverRange,9.478322,12.34786,-3.505457
2026/05/22 04:05:00.265,n,-2.858674,4.539366,5.093647,0.597743,OverRange,OverRange,OverRange,9.477814,12.345696,-3.527043
2026/05/22 04:06:00.266,n,-2.940402,4.629456,5.084625,0.715362,OverRange,OverRange,OverRange,9.468938,12.346754,-3.507676
2026/05/22 04:07:00.269,n,-3.002115,5.512436,4.673296,0.619539,OverRange,OverRange,OverRange,9.482372,12.345696,-3.462881
2026/05/22 04:08:00.497,n,-2.940531,5.961362,4.898384,0.666155,OverRange,OverRange,OverRange,9.472504,12.348936,-3.575677
2026/05/22 04:09:00.272,n,-2.823392,4.537034,5.560584,0.60172,OverRange,OverRange,OverRange,9.46286,12.348936,-3.655709
2026/05/22 04:10:00.279,n,-2.81749,5.551455,4.783681,0.544479,OverRange,OverRange,OverRange,9.480622,12.34786,-3.495901
2026/05/22 04:11:00.277,n,-2.855852,5.621661,5.351408,0.521914,OverRange,OverRange,OverRange,9.480368,12.34786,-3.517146
2026/05/22 04:12:00.278,n,-2.829422,5.527385,4.803242,0.675741,OverRange,OverRange,OverRange,9.475286,12.348936,-3.505542
2026/05/22 04:13:00.265,n,-2.718057,5.559376,5.124888,0.485347,OverRange,OverRange,OverRange,9.491766,12.355368,-3.447011
2026/05/22 04:14:00.268,n,-2.864448,5.76675,5.003491,0.670012,OverRange,OverRange,OverRange,9.49379,12.35001,-3.453069
2026/05/22 04:15:00.268,n,-2.735505,4.900575,4.661569,0.261853,OverRange,OverRange,OverRange,9.490514,12.352158,-3.44138
2026/05/22 04:16:00.272,n,-2.823392,4.106044,5.033085,0.774595,OverRange,OverRange,OverRange,9.488724,12.357514,-3.369283
2026/05/22 04:17:00.272,n,-2.817746,4.355823,4.971182,0.670823,OverRange,OverRange,OverRange,9.489218,12.353218,-3.353669
2026/05/22 04:18:00.274,n,-2.72986,6.115182,5.362133,0.797537,OverRange,OverRange,OverRange,9.539648,12.354324,-3.417916
2026/05/22 04:19:00.276,n,-2.732683,4.41043,4.870168,0.695341,OverRange,OverRange,OverRange,9.579168,12.358608,-3.464758
2026/05/22 04:20:00.278,n,-2.767709,4.153335,4.914288,0.818635,OverRange,OverRange,OverRange,9.570558,12.354324,-3.435578
2026/05/22 04:21:00.282,n,-2.735634,4.396722,4.962063,0.692048,OverRange,OverRange,OverRange,9.558656,12.356442,-3.355632
2026/05/22 04:22:00.265,n,-2.656472,4.200952,5.0166,0.737826,OverRange,OverRange,OverRange,9.575348,12.358608,-3.394624
2026/05/22 04:23:00.266,n,-2.650827,4.584014,4.976949,0.631884,OverRange,OverRange,OverRange,9.580694,12.358184,-3.343942
2026/05/22 04:24:00.269,n,-2.885489,5.455435,4.848737,0.726707,OverRange,OverRange,OverRange,9.578572,12.354944,-3.369539
2026/05/22 04:25:00.271,n,-2.906017,5.3493,4.855721,0.649011,OverRange,OverRange,OverRange,9.5725,12.350646,-3.389163
2026/05/22 04:26:00.272,n,-2.718826,4.240967,5.124404,0.548986,OverRange,OverRange,OverRange,9.561112,12.352794,-3.412541
2026/05/22 04:27:00.275,n,-2.877022,4.899164,4.806733,0.509726,OverRange,OverRange,OverRange,9.554764,12.352794,-3.379351
2026/05/22 04:28:00.276,n,-2.864833,5.433446,4.98641,0.661466,OverRange,OverRange,OverRange,9.554754,12.35172,-3.38703
2026/05/22 04:29:00.281,n,-2.794909,4.259706,4.914057,0.61593,OverRange,OverRange,OverRange,9.542868,12.354944,-3.422268
2026/05/22 04:30:00.284,n,-2.894471,5.624525,5.009263,0.750923,OverRange,OverRange,OverRange,9.526134,12.354944,-3.426193
2026/05/22 04:31:00.268,n,-2.882667,6.008698,5.172546,0.818832,OverRange,OverRange,OverRange,9.50612,12.353902,-3.404777
2026/05/22 04:32:00.268,n,-2.999806,4.917557,5.144494,0.345353,OverRange,OverRange,OverRange,9.490666,12.353902,-3.459212
2026/05/22 04:33:00.270,n,-2.991081,4.779632,4.964692,0.718089,OverRange,OverRange,OverRange,9.504608,12.35172,-3.509894
2026/05/22 04:34:00.273,n,-3.093337,5.510201,4.925495,0.572356,OverRange,OverRange,OverRange,9.495992,12.35172,-3.554773
2026/05/22 04:35:00.275,n,-3.163774,4.551119,4.804298,0.558072,OverRange,OverRange,OverRange,9.479508,12.347438,-3.545132
2026/05/22 04:36:00.276,n,-3.143374,4.459954,5.037653,0.574397,OverRange,OverRange,OverRange,9.457698,12.348512,-3.535405
2026/05/22 04:37:00.279,n,-3.099367,4.298261,4.816281,0.625137,OverRange,OverRange,OverRange,9.430578,12.347438,-3.525422
2026/05/22 04:38:00.283,n,-3.169548,4.144291,4.920214,0.601973,OverRange,OverRange,OverRange,9.399414,12.337734,-3.523545
2026/05/22 04:39:00.282,n,-3.163774,4.415795,4.66256,0.415644,OverRange,OverRange,OverRange,9.395854,12.336658,-3.492488
2026/05/22 04:40:00.267,n,-3.175321,5.926523,5.373861,0.531106,OverRange,OverRange,OverRange,9.376598,12.325896,-3.517743
2026/05/22 04:41:00.269,n,-3.020334,5.338568,5.337827,0.617351,OverRange,OverRange,OverRange,9.391042,12.328014,-3.556735
2026/05/22 04:42:00.271,n,-3.169676,5.591535,5.434039,0.169416,OverRange,OverRange,OverRange,9.391302,12.319418,-3.513904
2026/05/22 04:43:00.274,n,-3.090643,4.467812,5.226134,0.602642,OverRange,OverRange,OverRange,9.36466,12.312984,-3.615096
2026/05/22 04:44:00.275,n,-3.081533,4.459227,4.646606,0.386869,OverRange,OverRange,OverRange,9.357574,12.31191,-3.654003
2026/05/22 04:45:00.276,n,-3.131442,4.71539,4.48948,0.149365,OverRange,OverRange,OverRange,9.378118,12.306488,-3.634549
2026/05/22 04:46:00.281,n,-3.067164,4.60964,5.187705,0.510853,OverRange,OverRange,OverRange,9.374314,12.298984,-3.607332
2026/05/22 04:47:00.281,n,-2.985179,5.485187,4.661618,0.585135,OverRange,OverRange,OverRange,9.39916,12.295744,-3.603407
2026/05/22 04:48:00.283,n,-3.005835,5.67728,4.960701,0.470599,OverRange,OverRange,OverRange,9.383174,12.295744,-3.599568
2026/05/22 04:49:00.269,n,-2.917821,5.598551,4.965185,0.51842,OverRange,OverRange,OverRange,9.362408,12.29252,-3.572349
2026/05/22 04:50:00.272,n,-2.900116,5.84134,5.678228,0.151409,OverRange,OverRange,OverRange,9.353272,12.29252,-3.550934
2026/05/22 04:51:00.272,n,-2.908968,4.580819,4.899873,0.47839,OverRange,OverRange,OverRange,9.345418,12.291446,-3.53148
2026/05/22 04:52:00.274,n,-2.958749,5.994722,5.038585,0.661807,OverRange,OverRange,OverRange,9.356054,12.295744,-3.551019
2026/05/22 04:53:00.261,n,-2.77746,4.736658,5.280755,0.681918,OverRange,OverRange,OverRange,9.352,12.29034,-3.504007
2026/05/22 04:54:00.278,n,-2.874071,4.191217,4.541737,0.334584,OverRange,OverRange,OverRange,9.381668,12.289248,-3.494536
2026/05/22 04:55:00.281,n,-2.876765,5.005937,5.254009,0.686978,OverRange,OverRange,OverRange,9.371018,12.287098,-3.451619
2026/05/22 04:56:00.283,n,-2.91487,6.026192,5.153418,0.674387,OverRange,OverRange,OverRange,9.358088,12.28495,-3.488478
2026/05/22 04:57:00.284,n,-2.903067,6.014069,5.24502,0.79062,OverRange,OverRange,OverRange,9.36875,12.286024,-3.552896
2026/05/22 04:58:00.269,n,-2.944123,4.584473,4.861981,0.58859,OverRange,OverRange,OverRange,9.345154,12.27956,-3.525593
2026/05/22 04:59:00.271,n,-3.049458,4.485111,4.973349,0.608628,OverRange,OverRange,OverRange,9.347946,12.277428,-3.506225
2026/05/22 05:00:00.256,n,-2.991081,5.271556,4.658481,0.710693,OverRange,OverRange,OverRange,9.342128,12.273096,-3.533187
2026/05/22 05:01:00.275,n,-2.911919,4.454712,5.260528,0.743451,OverRange,OverRange,OverRange,9.359344,12.278518,-3.568339
2026/05/22 05:02:00.279,n,-2.844561,4.691263,5.455057,0.688881,OverRange,OverRange,OverRange,9.380158,12.278518,-3.605369
2026/05/22 05:03:00.279,n,-2.911919,6.02264,5.294995,0.653522,OverRange,OverRange,OverRange,9.380916,12.267676,-3.49044
2026/05/22 05:04:00.280,n,-2.803762,5.761733,5.341181,0.649,OverRange,OverRange,OverRange,9.3578,12.267676,-3.543084
2026/05/22 05:05:00.267,n,-2.821211,4.372592,4.845895,0.542547,OverRange,OverRange,OverRange,9.36672,12.265606,-3.527299
2026/05/22 05:06:00.269,n,-2.868169,4.480963,4.454352,0.078242,OverRange,OverRange,OverRange,9.396382,12.265606,-3.5645
2026/05/22 05:07:00.270,n,-2.999806,5.377925,4.943531,0.601925,OverRange,OverRange,OverRange,9.393834,12.264532,-3.509979
2026/05/22 05:08:00.260,n,-2.830192,3.969252,4.409143,0.425432,OverRange,OverRange,OverRange,9.369496,12.265606,-3.486515
2026/05/22 05:09:00.260,n,-2.941172,5.697085,5.354161,0.309433,OverRange,OverRange,OverRange,9.359086,12.264532,-3.389163
2026/05/22 05:10:00.261,n,-2.73063,4.409514,4.950576,0.699939,OverRange,OverRange,OverRange,9.393312,12.265606,-3.422268
2026/05/22 05:11:00.262,n,-2.870992,5.613011,5.179551,0.62491,OverRange,OverRange,OverRange,9.38141,12.260184,-3.463223
2026/05/22 05:12:00.267,n,-2.707023,4.613366,5.136908,0.550634,OverRange,OverRange,OverRange,9.360622,12.26989,-3.437796
2026/05/22 05:13:00.266,n,-2.739354,4.455229,5.103338,0.884555,OverRange,OverRange,OverRange,9.375336,12.262352,-3.387371
2026/05/22 05:14:00.270,n,-2.777588,6.10623,5.452548,0.623401,OverRange,OverRange,OverRange,9.396368,12.261276,-3.445732
2026/05/22 05:15:00.270,n,-2.800682,5.428357,4.882784,0.681322,OverRange,OverRange,OverRange,9.38143,12.256928,-3.41075
2026/05/22 05:16:00.272,n,-2.827241,3.958202,4.665146,0.706632,OverRange,OverRange,OverRange,9.368744,12.260184,-3.426193
2026/05/22 05:17:00.258,n,-2.835965,5.602599,5.215076,0.573349,OverRange,OverRange,OverRange,9.368994,12.265606,-3.379522
2026/05/22 05:18:00.260,n,-2.768735,4.523489,5.109443,0.716979,OverRange,OverRange,OverRange,9.38141,12.262352,-3.416466
2026/05/22 05:19:00.262,n,-2.765656,4.48261,5.161673,0.663663,OverRange,OverRange,OverRange,9.371262,12.263424,-3.500252
2026/05/22 05:20:00.263,n,-2.827112,6.143618,5.169879,0.905981,OverRange,OverRange,OverRange,9.38141,12.267676,-3.385323
2026/05/22 05:21:00.265,n,-2.736275,4.574126,4.770201,0.531795,OverRange,OverRange,OverRange,9.380406,12.261276,-3.43592
2026/05/22 05:22:00.269,n,-2.838659,4.634346,5.080521,0.407574,OverRange,OverRange,OverRange,9.392308,12.256928,-3.408531
2026/05/22 05:23:00.272,n,-2.867912,6.127447,5.376815,0.704413,OverRange,OverRange,OverRange,9.398148,12.264532,-3.455288
2026/05/22 05:24:00.271,n,-2.753981,4.620389,4.94967,0.403937,OverRange,OverRange,OverRange,9.397888,12.262352,-3.465185
2026/05/22 05:25:00.256,n,-2.645695,4.681601,4.999832,0.633427,OverRange,OverRange,OverRange,9.406494,12.260184,-3.463223
2026/05/22 05:26:00.260,n,-2.879844,5.542766,4.833768,0.484009,OverRange,OverRange,OverRange,9.405762,12.261276,-3.402814
2026/05/22 05:27:00.261,n,-2.788879,4.512434,5.557993,0.600423,OverRange,OverRange,OverRange,9.397386,12.261276,-3.478666
2026/05/22 05:28:00.263,n,-2.81223,4.723674,5.001524,0.497108,OverRange,OverRange,OverRange,9.418926,12.266632,-3.445646
2026/05/22 05:29:00.265,n,-2.91487,4.792974,4.71593,0.667864,OverRange,OverRange,OverRange,9.420202,12.27417,-3.433957
2026/05/22 05:30:00.266,n,-2.835837,5.425554,4.862235,0.420643,OverRange,OverRange,OverRange,9.418438,12.265606,-3.39906
2026/05/22 05:31:00.269,n,-2.900372,5.356515,5.147732,0.557037,OverRange,OverRange,OverRange,9.423238,12.26989,-3.426107
2026/05/22 05:32:00.270,n,-2.674948,4.622249,5.522266,0.682425,OverRange,OverRange,OverRange,9.416392,12.26989,-3.49044
2026/05/22 05:33:00.273,n,-2.771301,5.221404,4.659405,0.356039,OverRange,OverRange,OverRange,9.41388,12.26989,-3.451448
2026/05/22 05:34:00.258,n,-2.874071,5.42729,5.562116,0.511224,OverRange,OverRange,OverRange,9.39712,12.27417,-3.447608
2026/05/22 05:35:00.260,n,-2.967602,5.432375,4.852761,0.675296,OverRange,OverRange,OverRange,9.413844,12.27093,-3.414503
2026/05/22 05:36:00.262,n,-2.885746,5.552604,4.934759,0.807646,OverRange,OverRange,OverRange,9.433386,12.27093,-3.443854
2026/05/22 05:37:00.266,n,-2.91487,4.572002,5.0512,0.852819,OverRange,OverRange,OverRange,9.421474,12.275278,-3.383276
2026/05/22 05:38:00.266,n,-2.885489,4.608891,5.179617,0.513826,OverRange,OverRange,OverRange,9.395112,12.272038,-3.42423
2026/05/22 05:39:00.274,n,-2.870992,4.443515,5.091076,0.930227,OverRange,OverRange,OverRange,9.39381,12.275278,-3.383276
2026/05/22 05:40:00.270,n,-2.900244,4.606632,4.815959,0.657203,OverRange,OverRange,OverRange,9.41539,12.275278,-3.459298
2026/05/22 05:41:00.272,n,-2.867912,4.709204,4.889821,0.50166,OverRange,OverRange,OverRange,9.406022,12.273096,-3.476789
2026/05/22 05:42:00.274,n,-3.040733,4.380039,4.472853,0.059022,OverRange,OverRange,OverRange,9.3956,12.27956,-3.449486
2026/05/22 05:43:00.260,n,-3.07576,5.51292,4.772697,0.6094,OverRange,OverRange,OverRange,9.38268,12.277428,-3.498205
2026/05/22 05:44:00.262,n,-3.114122,5.807153,5.429715,0.432159,OverRange,OverRange,OverRange,9.363918,12.276354,-3.630539
2026/05/22 05:45:00.268,n,-2.783234,4.686548,5.389964,0.715588,OverRange,OverRange,OverRange,9.368236,12.273096,-3.597605
2026/05/22 05:46:00.265,n,-3.069858,4.657692,4.663522,0.37862,OverRange,OverRange,OverRange,9.374314,12.27956,-3.595557
2026/05/22 05:47:00.268,n,-2.926546,5.616115,5.258164,0.658073,OverRange,OverRange,OverRange,9.403484,12.277428,-3.578151
2026/05/22 05:48:00.271,n,-2.862139,5.578711,5.304073,0.62522,OverRange,OverRange,OverRange,9.422246,12.27093,-3.624823
2026/05/22 05:49:00.271,n,-2.768351,4.6048,5.037493,0.535889,OverRange,OverRange,OverRange,9.422726,12.278518,-3.581991
2026/05/22 05:50:00.273,n,-2.929368,5.406633,5.351765,0.319817,OverRange,OverRange,OverRange,9.390778,12.276354,-3.607331
2026/05/22 05:51:00.276,n,-2.695347,4.681181,4.740092,0.328882,OverRange,OverRange,OverRange,9.398412,12.27417,-3.572179
2026/05/22 05:52:00.261,n,-2.86804,4.528703,5.101122,0.671152,OverRange,OverRange,OverRange,9.428814,12.27417,-3.617058
2026/05/22 05:53:00.263,n,-2.84764,5.62888,5.467157,0.547714,OverRange,OverRange,OverRange,9.42098,12.280668,-3.587793
2026/05/22 05:54:00.267,n,-2.744871,4.664765,4.86698,0.687178,OverRange,OverRange,OverRange,9.425008,12.27956,-3.580029
2026/05/22 05:55:00.267,n,-2.777332,5.032374,5.167281,0.460219,OverRange,OverRange,OverRange,9.461502,12.282848,-3.560575
2026/05/22 05:56:00.270,n,-2.721649,5.696787,5.523369,0.554286,OverRange,OverRange,OverRange,9.446066,12.283858,-3.531395
2026/05/22 05:57:00.271,n,-2.830063,5.60737,4.72914,0.701071,OverRange,OverRange,OverRange,9.448318,12.289248,-3.482591
2026/05/22 05:58:00.272,n,-2.803633,5.511318,4.621966,0.530948,OverRange,OverRange,OverRange,9.454666,12.298984,-3.529433
2026/05/22 05:59:00.275,n,-2.824033,6.118017,5.029812,0.749066,OverRange,OverRange,OverRange,9.450364,12.294636,-3.545132
2026/05/22 06:00:00.276,n,-2.768607,5.682261,5.262066,0.751368,OverRange,OverRange,OverRange,9.4643,12.297876,-3.527385
2026/05/22 06:01:00.262,n,-2.888697,4.385851,4.804235,0.656536,OverRange,OverRange,OverRange,9.461758,12.293562,-3.597519
2026/05/22 06:02:00.264,n,-2.882795,5.755597,5.027653,0.689519,OverRange,OverRange,OverRange,9.477972,12.30434,-3.562452
2026/05/22 06:03:00.267,n,-2.865218,5.449034,4.91492,0.551612,OverRange,OverRange,OverRange,9.500032,12.302192,-3.597605
2026/05/22 06:04:00.270,n,-2.81826,4.794647,5.048542,0.606199,OverRange,OverRange,OverRange,9.506638,12.305416,-3.581905
2026/05/22 06:05:00.271,n,-2.847769,5.660312,5.303776,0.568096,OverRange,OverRange,OverRange,9.515752,12.31191,-3.562538
2026/05/22 06:06:00.272,n,-2.780411,4.060585,5.369507,0.64587,OverRange,OverRange,OverRange,9.50941,12.307562,-3.568339
2026/05/22 06:07:00.275,n,-2.724343,5.234723,5.080538,0.460994,OverRange,OverRange,OverRange,9.5094,12.30973,-3.550848
2026/05/22 06:08:00.278,n,-2.86804,5.567407,4.76916,0.853565,OverRange,OverRange,OverRange,9.490902,12.31191,-3.474912
2026/05/22 06:09:00.280,n,-2.733581,4.556329,4.973279,0.593009,OverRange,OverRange,OverRange,9.502056,12.314028,-3.498205
2026/05/22 06:10:00.267,n,-2.809664,5.556716,5.448365,0.657681,OverRange,OverRange,OverRange,9.501298,12.318342,-3.471072
2026/05/22 06:11:00.267,n,-2.923851,5.477344,4.682759,0.66623,OverRange,OverRange,OverRange,9.482804,12.317234,-3.451533
2026/05/22 06:12:00.268,n,-2.695475,5.216491,4.974474,0.468112,OverRange,OverRange,OverRange,9.45011,12.316194,-3.537282
2026/05/22 06:13:00.270,n,-2.891519,4.117329,5.09845,0.614981,OverRange,OverRange,OverRange,9.429318,12.320476,-3.521583
2026/05/22 06:14:00.273,n,-2.824161,5.388664,5.183699,0.445857,OverRange,OverRange,OverRange,9.452902,12.319418,-3.57235
2026/05/22 06:15:00.275,n,-2.748079,5.627948,5.196932,0.544731,OverRange,OverRange,OverRange,9.447316,12.320476,-3.537197
2026/05/22 06:16:00.278,n,-2.707279,5.839234,5.111981,0.712685,OverRange,OverRange,OverRange,9.448334,12.318342,-3.480714
2026/05/22 06:17:00.277,n,-2.595914,6.118825,5.862358,0.648266,OverRange,OverRange,OverRange,9.47646,12.319418,-3.45742
2026/05/22 06:18:00.281,n,-2.71857,4.570531,4.912137,0.47912,OverRange,OverRange,OverRange,9.48965,12.325896,-3.426108
2026/05/22 06:19:00.266,n,-2.859187,4.457014,4.512131,0.458651,OverRange,OverRange,OverRange,9.48255,12.32912,-3.424145
2026/05/22 06:20:00.268,n,-2.926546,5.189566,5.048432,0.562747,OverRange,OverRange,OverRange,9.487096,12.335552,-3.455373
2026/05/22 06:21:00.270,n,-2.865089,5.49132,5.04422,0.596573,OverRange,OverRange,OverRange,9.500036,12.326972,-3.508016
2026/05/22 06:22:00.271,n,-2.736404,6.012434,5.238375,0.791218,OverRange,OverRange,OverRange,9.515748,12.333436,-3.509894
2026/05/22 06:23:00.273,n,-2.739226,5.16229,5.137234,0.505889,OverRange,OverRange,OverRange,9.527898,12.33127,-3.478836
2026/05/22 06:24:00.276,n,-2.634019,4.768718,5.33749,0.555746,OverRange,OverRange,OverRange,9.550206,12.33236,-3.504092
2026/05/22 06:25:00.278,n,-2.701249,5.512104,4.645336,0.452097,OverRange,OverRange,OverRange,9.56718,12.333436,-3.387201
2026/05/22 06:26:00.279,n,-2.742305,5.4771,5.376315,0.632453,OverRange,OverRange,OverRange,9.549444,12.3399,-3.480799
2026/05/22 06:27:00.281,n,-2.698427,4.883217,4.730224,0.42156,OverRange,OverRange,OverRange,9.54386,12.335552,-3.428069
2026/05/22 06:28:00.269,n,-2.768735,5.601797,5.041499,0.628763,OverRange,OverRange,OverRange,9.550462,12.336658,-3.436005
2026/05/22 06:29:00.269,n,-2.692396,5.088118,4.970958,0.489791,OverRange,OverRange,OverRange,9.543614,12.345256,-3.441892
2026/05/22 06:30:00.271,n,-2.718826,4.597572,5.290981,0.585401,OverRange,OverRange,OverRange,9.550456,12.336658,-3.461346
2026/05/22 06:31:00.272,n,-2.77143,5.078051,4.852079,0.449664,OverRange,OverRange,OverRange,9.55807,12.343122,-3.443684
2026/05/22 06:32:00.275,n,-2.745256,4.534837,5.067742,0.579088,OverRange,OverRange,OverRange,9.554516,12.340974,-3.426193
2026/05/22 06:33:00.277,n,-2.666095,4.274261,4.796113,0.582718,OverRange,OverRange,OverRange,9.564398,12.3399,-3.45341
2026/05/22 06:34:00.279,n,-2.762577,4.715584,5.367661,0.3465,OverRange,OverRange,OverRange,9.562368,12.344182,-3.410579
2026/05/22 06:35:00.280,n,-2.800811,5.265967,4.702111,0.494476,OverRange,OverRange,OverRange,9.573518,12.350646,-3.414589
2026/05/22 06:36:00.282,n,-2.882538,5.606356,5.067909,0.640022,OverRange,OverRange,OverRange,9.562358,12.345256,-3.422268
2026/05/22 06:37:00.268,n,-2.654419,4.638138,4.776303,0.150419,OverRange,OverRange,OverRange,9.558808,12.344182,-3.4651
2026/05/22 06:38:00.269,n,-2.89755,5.312417,4.571308,0.669467,OverRange,OverRange,OverRange,9.571986,12.344182,-3.453496
2026/05/22 06:39:00.273,n,-2.803761,4.488631,5.195953,0.588712,OverRange,OverRange,OverRange,9.558564,12.347438,-3.519706
2026/05/22 06:40:00.276,n,-2.84161,5.636693,5.362255,0.289416,OverRange,OverRange,OverRange,9.563126,12.348512,-3.461175
2026/05/22 06:41:00.278,n,-2.65134,5.676773,5.541311,0.610941,OverRange,OverRange,OverRange,9.5383,12.346364,-3.492402
2026/05/22 06:42:00.278,n,-2.669046,5.760103,5.578221,0.58574,OverRange,OverRange,OverRange,9.534242,12.350646,-3.470987
2026/05/22 06:43:00.280,n,-2.704328,4.91527,4.811221,0.15372,OverRange,OverRange,OverRange,9.534734,12.346364,-3.473035
2026/05/22 06:44:00.282,n,-2.800811,4.310738,4.511799,0.183482,OverRange,OverRange,OverRange,9.54893,12.346364,-3.517829
2026/05/22 06:45:00.286,n,-3.049586,5.462696,4.739344,0.613055,OverRange,OverRange,OverRange,9.543874,12.344182,-3.523545
2026/05/22 06:46:00.270,n,-2.751158,4.979482,5.174007,0.472588,OverRange,OverRange,OverRange,9.546922,12.343122,-3.478836
2026/05/22 06:47:00.272,n,-2.742177,5.364091,5.667264,0.180408,OverRange,OverRange,OverRange,9.553996,12.345256,-3.509894
2026/05/22 06:48:00.257,n,-2.87112,5.214157,4.915447,0.421723,OverRange,OverRange,OverRange,9.557552,12.345256,-3.490526
2026/05/22 06:49:00.261,n,-2.859316,5.429369,5.584768,0.170413,OverRange,OverRange,OverRange,9.563884,12.345256,-3.519706
2026/05/22 06:50:00.261,n,-2.839044,5.438125,5.346297,0.522915,OverRange,OverRange,OverRange,9.55452,12.347438,-3.529603
2026/05/22 06:51:00.263,n,-2.850463,5.368275,5.338839,0.392857,OverRange,OverRange,OverRange,9.564392,12.35172,-3.58967
2026/05/22 06:52:00.265,n,-2.859316,4.716976,4.901447,0.437301,OverRange,OverRange,OverRange,9.55654,12.347438,-3.515781
2026/05/22 06:53:00.267,n,-2.853542,4.540915,5.38734,0.784816,OverRange,OverRange,OverRange,9.556544,12.346364,-3.595557
2026/05/22 06:54:00.268,n,-2.777203,4.344886,5.412512,0.635865,OverRange,OverRange,OverRange,9.532472,12.349604,-3.580114
2026/05/22 06:55:00.276,n,-2.786056,4.44345,4.870922,0.607685,OverRange,OverRange,OverRange,9.537282,12.346364,-3.511856
2026/05/22 06:56:00.256,n,-2.911919,4.651002,5.00659,0.588225,OverRange,OverRange,OverRange,9.544638,12.356018,-3.461346
2026/05/22 06:57:00.258,n,-2.701377,4.658114,4.859809,0.573783,OverRange,OverRange,OverRange,9.52943,12.348512,-3.459383
2026/05/22 06:58:00.262,n,-2.917693,5.596635,4.885478,0.788939,OverRange,OverRange,OverRange,9.539308,12.346364,-3.463223
2026/05/22 06:59:00.264,n,-2.800811,5.437734,4.795675,0.415527,OverRange,OverRange,OverRange,9.545146,12.349604,-3.513904
2026/05/22 07:00:00.264,n,-2.9413,5.432864,5.202232,0.579738,OverRange,OverRange,OverRange,9.530188,12.344182,-3.511856
2026/05/22 07:01:00.267,n,-2.84161,4.372825,5.165575,0.564087,OverRange,OverRange,OverRange,9.528666,12.346364,-3.570302
2026/05/22 07:02:00.269,n,-2.903323,5.93201,5.043963,0.812019,OverRange,OverRange,OverRange,9.529678,12.344182,-3.564414
2026/05/22 07:03:00.270,n,-2.739226,5.994808,5.565601,0.664614,OverRange,OverRange,OverRange,9.53804,12.349604,-3.521753
2026/05/22 07:04:00.260,n,-2.753853,6.000591,5.383731,0.76332,OverRange,OverRange,OverRange,9.543874,12.347438,-3.515781
2026/05/22 07:05:00.260,n,-2.739354,5.595134,5.534563,0.500485,OverRange,OverRange,OverRange,9.536526,12.345256,-3.472864
2026/05/22 07:06:00.260,n,-2.812614,4.441662,5.162182,0.757516,OverRange,OverRange,OverRange,9.548172,12.345256,-3.523545
2026/05/22 07:07:00.265,n,-2.84161,4.274129,4.315518,0.228607,OverRange,OverRange,OverRange,9.557298,12.349604,-3.474997
2026/05/22 07:08:00.264,n,-2.944251,4.768461,4.846961,0.667288,OverRange,OverRange,OverRange,9.552242,12.348512,-3.494536
2026/05/22 07:09:00.266,n,-2.792086,6.148444,5.516419,0.699764,OverRange,OverRange,OverRange,9.538304,12.348512,-3.521498
2026/05/22 07:10:00.268,n,-2.783234,5.452503,4.655517,0.4524,OverRange,OverRange,OverRange,9.539302,12.345256,-3.43208
2026/05/22 07:11:00.270,n,-2.791958,5.538553,4.968313,0.726254,OverRange,OverRange,OverRange,9.574784,12.3399,-3.435919
2026/05/22 07:12:00.272,n,-2.748207,4.642126,5.428805,0.398671,OverRange,OverRange,OverRange,9.570226,12.337734,-3.580114
2026/05/22 07:13:00.260,n,-2.768479,5.148653,5.09566,0.640804,OverRange,OverRange,OverRange,9.586186,12.340974,-3.529432
2026/05/22 07:14:00.260,n,-2.809535,5.574946,5.292342,0.369214,OverRange,OverRange,OverRange,9.588974,12.340974,-3.548971
2026/05/22 07:15:00.263,n,-2.654419,5.196179,5.241276,0.594513,OverRange,OverRange,OverRange,9.551972,12.335552,-3.584039
2026/05/22 07:16:00.263,n,-2.630812,4.659769,5.077288,0.698795,OverRange,OverRange,OverRange,9.551724,12.3399,-3.418258
2026/05/22 07:17:00.267,n,-2.742434,4.131313,4.496975,0.594004,OverRange,OverRange,OverRange,9.538804,12.337734,-3.418343
2026/05/22 07:18:00.268,n,-2.84469,5.600417,5.190302,0.47274,OverRange,OverRange,OverRange,9.503592,12.335552,-3.402729
2026/05/22 07:19:00.271,n,-2.619265,5.61515,5.331515,0.478218,OverRange,OverRange,OverRange,9.504598,12.336658,-3.393002
2026/05/22 07:20:00.271,n,-2.563839,4.62437,5.614828,0.537512,OverRange,OverRange,OverRange,9.518504,12.33236,-3.367747
2026/05/22 07:21:00.274,n,-2.616186,4.31584,5.187226,0.613863,OverRange,OverRange,OverRange,9.526896,12.334478,-3.375512
2026/05/22 07:22:00.259,n,-2.560503,5.52532,4.522843,0.521014,OverRange,OverRange,OverRange,9.550206,12.330194,-3.246931
2026/05/22 07:23:00.261,n,-2.654291,4.272059,4.68366,0.682443,OverRange,OverRange,OverRange,9.533978,12.33236,-3.280036
2026/05/22 07:24:00.264,n,-2.575129,5.58386,5.44836,0.415842,OverRange,OverRange,OverRange,9.528408,12.33127,-3.219543
2026/05/22 07:25:00.265,n,-2.543311,4.666287,4.84393,0.451678,OverRange,OverRange,OverRange,9.513718,12.324806,-3.289848
2026/05/22 07:26:00.267,n,-2.592835,3.865043,4.426559,0.511368,OverRange,OverRange,OverRange,9.528422,12.328014,-3.163145
2026/05/22 07:27:00.274,n,-2.645695,4.378045,4.772339,0.651775,OverRange,OverRange,OverRange,9.510682,12.326972,-3.196335
2026/05/22 07:28:00.272,n,-2.464277,5.436999,5.00577,0.613077,OverRange,OverRange,OverRange,9.530956,12.321548,-3.190533
2026/05/22 07:29:00.274,n,-2.408466,4.616994,5.112683,0.556089,OverRange,OverRange,OverRange,9.532466,12.330194,-3.206062
2026/05/22 07:30:00.275,n,-2.385116,5.402872,4.870092,0.660986,OverRange,OverRange,OverRange,9.523332,12.323732,-3.083198
2026/05/22 07:31:00.260,n,-2.227177,4.699119,5.366404,0.753035,OverRange,OverRange,OverRange,9.54514,12.326972,-3.056151
2026/05/22 07:32:00.264,n,-2.171366,5.40024,5.105596,0.47612,OverRange,OverRange,OverRange,9.55045,12.325896,-2.974327
2026/05/22 07:33:00.265,n,-2.04268,4.603752,5.105038,0.39068,OverRange,OverRange,OverRange,9.55477,12.323732,-2.929533
2026/05/22 07:34:00.267,n,-1.940167,4.363948,4.90553,0.666933,OverRange,OverRange,OverRange,9.562364,12.326972,-2.84771
2026/05/22 07:35:00.271,n,-2.01625,5.391575,4.919122,0.438354,OverRange,OverRange,OverRange,9.549938,12.324806,-2.67442
2026/05/22 07:36:00.272,n,-1.808531,5.542856,5.36908,0.507049,OverRange,OverRange,OverRange,9.524608,12.319418,-2.664693
2026/05/22 07:37:00.273,n,-1.776455,5.604826,5.119429,0.538561,OverRange,OverRange,OverRange,9.51347,12.321548,-2.553689
2026/05/22 07:38:00.275,n,-1.709098,4.729394,5.136576,0.651054,OverRange,OverRange,OverRange,9.507396,12.322658,-2.551727
2026/05/22 07:39:00.277,n,-1.869859,5.304397,4.785827,0.612769,OverRange,OverRange,OverRange,9.515228,12.323732,-2.448658
2026/05/22 07:40:00.263,n,-1.624419,5.419822,5.572026,0.630116,OverRange,OverRange,OverRange,9.494192,12.318342,-2.438761
2026/05/22 07:41:00.265,n,-1.533453,5.611593,4.844263,0.59901,OverRange,OverRange,OverRange,9.51828,12.322658,-2.32204
2026/05/22 07:42:00.268,n,-1.372564,5.71207,5.107733,0.664262,OverRange,OverRange,OverRange,9.515004,12.32912,-2.224687
2026/05/22 07:43:00.269,n,-1.261327,5.576934,5.044655,0.75478,OverRange,OverRange,OverRange,9.505616,12.323732,-2.125287
2026/05/22 07:44:00.271,n,-1.147011,5.525668,5.174797,0.568501,OverRange,OverRange,OverRange,9.501546,12.323732,-2.037747
2026/05/22 07:45:00.273,n,-0.957125,4.79439,5.151826,0.590314,OverRange,OverRange,OverRange,9.506364,12.321548,-1.985103
2026/05/22 07:46:00.275,n,-0.895669,4.425769,4.960521,0.755596,OverRange,OverRange,OverRange,9.516262,12.316194,-1.788606
2026/05/22 07:47:00.277,n,-0.644071,4.594805,4.858749,0.561661,OverRange,OverRange,OverRange,9.510422,12.317234,-1.601666
2026/05/22 07:48:00.278,n,-0.59429,4.069343,4.801138,0.618395,OverRange,OverRange,OverRange,9.488374,12.323732,-1.440151
2026/05/22 07:49:00.267,n,-0.415824,4.456682,4.899957,0.579864,OverRange,OverRange,OverRange,9.499268,12.317234,-1.296128
2026/05/22 07:50:00.267,n,-0.158323,4.151674,4.618357,0.436227,OverRange,OverRange,OverRange,9.497752,12.316194,-1.115159
2026/05/22 07:51:00.268,n,-0.070694,5.658308,5.268608,0.543309,OverRange,OverRange,OverRange,9.510672,12.321548,-0.982739
2026/05/22 07:52:00.270,n,0.248134,5.787263,5.263849,0.706777,OverRange,OverRange,OverRange,9.503332,12.318342,-0.782403
2026/05/22 07:53:00.272,n,0.549128,5.275495,5.306763,0.719686,OverRange,OverRange,OverRange,9.479752,12.315152,-0.620803
2026/05/22 07:54:00.274,n,0.768523,4.495996,4.77298,0.512181,OverRange,OverRange,OverRange,9.47722,12.318342,-0.373796
2026/05/22 07:55:00.276,n,0.973291,5.620334,5.296753,0.576131,OverRange,OverRange,OverRange,9.478994,12.315152,0.003498
2026/05/22 07:56:00.277,n,1.613642,6.10082,5.14813,0.705774,OverRange,OverRange,OverRange,9.465068,12.312984,0.314753
2026/05/22 07:57:00.279,n,1.932213,6.130616,5.933213,0.283622,OverRange,OverRange,OverRange,9.468614,12.312984,0.552034
2026/05/22 07:58:00.265,n,2.31224,4.237647,5.111769,0.694843,OverRange,OverRange,OverRange,9.459744,12.30973,0.892213
2026/05/22 07:59:00.267,n,2.546133,3.890595,4.191593,0.240366,OverRange,OverRange,OverRange,9.479492,12.307562,1.257903
2026/05/22 08:00:00.268,n,3.057669,4.132525,4.810423,0.837879,OverRange,OverRange,OverRange,9.478756,12.307562,1.661988
2026/05/22 08:01:00.271,n,3.378806,5.564268,4.85475,0.823826,OverRange,OverRange,OverRange,9.47342,12.310804,2.101312
2026/05/22 08:02:00.273,n,3.919339,6.189945,5.752348,0.23544,OverRange,OverRange,OverRange,9.464808,12.307562,2.548144
2026/05/22 08:03:00.276,n,4.366596,5.588852,5.618015,0.603437,OverRange,OverRange,OverRange,9.468846,12.308656,2.859057
2026/05/22 08:04:00.276,n,4.754835,5.526018,5.290174,0.62076,OverRange,OverRange,OverRange,9.483816,12.30973,3.216557
2026/05/22 08:05:00.284,n,5.006177,4.462497,4.469678,0.618139,OverRange,OverRange,OverRange,9.489884,12.30973,3.608867
2026/05/22 08:06:00.284,n,5.514376,4.064852,4.784152,0.856554,OverRange,OverRange,OverRange,9.503826,12.310804,3.981895
2026/05/22 08:07:00.268,n,6.066071,4.386881,4.765363,0.670768,OverRange,OverRange,OverRange,9.500046,12.314028,4.45731
2026/05/22 08:08:00.269,n,6.659078,5.420554,5.452429,0.439404,OverRange,OverRange,OverRange,9.51347,12.314028,4.952348
2026/05/22 08:09:00.270,n,7.184086,5.523223,4.566396,0.759314,OverRange,OverRange,OverRange,9.52919,12.317234,5.499689
2026/05/22 08:10:00.273,n,7.648407,5.954735,5.407317,0.768174,OverRange,OverRange,OverRange,9.544384,12.330194,5.909151
2026/05/22 08:11:00.275,n,8.223195,5.583468,5.085593,0.611779,OverRange,OverRange,OverRange,9.554774,12.328014,6.380896
2026/05/22 08:12:00.276,n,8.39281,4.06286,4.71574,0.656271,OverRange,OverRange,OverRange,9.568696,12.328014,6.794111
2026/05/22 08:13:00.280,n,8.529706,5.622403,5.215768,0.576801,OverRange,OverRange,OverRange,9.58694,12.325896,7.043763
2026/05/22 08:14:00.281,n,8.745638,4.705411,5.270901,0.515483,OverRange,OverRange,OverRange,9.560848,12.33127,7.072772
2026/05/22 08:15:00.282,n,8.871244,5.501751,4.822902,0.509193,OverRange,OverRange,OverRange,9.578594,12.334478,7.304592
2026/05/22 08:16:00.267,n,9.40921,4.452451,4.714724,0.668617,OverRange,OverRange,OverRange,9.561864,12.335552,7.617895
2026/05/22 08:17:00.269,n,9.79809,5.325014,4.754834,0.571368,OverRange,OverRange,OverRange,9.597824,12.346364,8.016946
2026/05/22 08:18:00.271,n,10.3018,5.43846,4.915669,0.596944,OverRange,OverRange,OverRange,9.59404,12.349604,8.39646
2026/05/22 08:19:00.273,n,10.600356,4.428935,5.156442,0.681103,OverRange,OverRange,OverRange,9.587956,12.353902,8.680582
2026/05/22 08:20:00.275,n,10.626658,4.967626,4.741427,0.561123,OverRange,OverRange,OverRange,9.593018,12.361424,8.923664
2026/05/22 08:21:00.279,n,11.077508,5.953008,4.981422,0.65931,OverRange,OverRange,OverRange,9.59227,12.366796,9.170842
2026/05/22 08:22:00.279,n,11.589814,4.724707,5.378094,0.537012,OverRange,OverRange,OverRange,9.579596,12.366796,9.410172
2026/05/22 08:23:00.281,n,11.9556,4.604144,4.815279,0.632154,OverRange,OverRange,OverRange,9.601634,12.37326,9.849494
2026/05/22 08:24:00.286,n,12.181282,4.548496,5.26408,0.367395,OverRange,OverRange,OverRange,9.599106,12.384006,10.114078
2026/05/22 08:25:00.270,n,12.497288,4.754864,4.640707,0.661309,OverRange,OverRange,OverRange,9.619878,12.388354,10.329942
2026/05/22 08:26:00.272,n,12.933252,5.59291,5.279352,0.377215,OverRange,OverRange,OverRange,9.621638,12.384006,10.619698
2026/05/22 08:27:00.256,n,13.860742,4.636299,5.196118,0.68134,OverRange,OverRange,OverRange,9.627478,12.391562,11.123182
2026/05/22 08:28:00.258,n,14.8026,4.454501,4.418236,0.082671,OverRange,OverRange,OverRange,9.659144,12.400176,11.87137
2026/05/22 08:29:00.261,n,15.477846,5.548972,4.948399,0.757611,OverRange,OverRange,OverRange,9.686006,12.405532,12.597974
2026/05/22 08:30:00.264,n,16.410466,4.524246,5.683339,0.61744,OverRange,OverRange,OverRange,9.68044,12.407714,13.238914
2026/05/22 08:31:00.265,n,16.61793,4.111667,4.86661,0.691205,OverRange,OverRange,OverRange,9.700288,12.417386,13.78267
2026/05/22 08:32:00.268,n,16.556602,4.527241,5.60088,0.566013,OverRange,OverRange,OverRange,9.701268,12.41846,13.986334
2026/05/22 08:33:00.271,n,16.448572,5.95453,5.0607,0.521966,OverRange,OverRange,OverRange,9.716594,12.422774,13.953314
2026/05/22 08:34:00.271,n,16.094718,5.626893,5.710945,0.110223,OverRange,OverRange,OverRange,9.702576,12.42603,13.759206
2026/05/22 08:35:00.256,n,16.121148,4.441589,4.731498,0.386087,OverRange,OverRange,OverRange,9.729844,12.432462,13.561344
2026/05/22 08:36:00.259,n,16.106264,4.621042,5.504166,0.670397,OverRange,OverRange,OverRange,9.743596,12.437852,13.380548
2026/05/22 08:37:00.263,n,16.778818,6.175344,5.785741,0.271483,OverRange,OverRange,OverRange,9.737748,12.442166,13.5866
2026/05/22 08:38:00.263,n,17.912742,4.603983,5.511046,0.682081,OverRange,OverRange,OverRange,9.756846,12.449704,14.186328
2026/05/22 08:39:00.266,n,18.981874,4.05126,4.684824,0.791642,OverRange,OverRange,OverRange,9.78334,12.456136,15.083064
2026/05/22 08:40:00.267,n,20.35726,6.140399,5.235108,0.773366,OverRange,OverRange,OverRange,9.808804,12.459376,16.233462
2026/05/22 08:41:00.270,n,22.251882,5.705945,5.919055,0.250817,OverRange,OverRange,OverRange,9.784602,12.463676,17.526774
2026/05/22 08:42:00.274,n,24.317398,3.985815,5.05744,0.607286,OverRange,OverRange,OverRange,9.771618,12.472304,19.33833
2026/05/22 08:43:00.258,n,26.72856,4.461477,4.476282,0.606691,OverRange,OverRange,OverRange,9.768062,12.47662,21.586054
2026/05/22 08:44:00.259,n,29.114572,4.638612,5.099867,0.515533,OverRange,OverRange,OverRange,9.773662,12.48305,23.920466
2026/05/22 08:45:00.261,n,31.141214,4.563074,5.031953,0.581829,OverRange,OverRange,OverRange,9.78359,12.486308,25.905312
2026/05/22 08:46:00.263,n,32.247174,4.698178,4.861269,0.60121,OverRange,OverRange,OverRange,9.802948,12.494904,27.48232
2026/05/22 08:47:00.266,n,32.503388,5.562215,5.306387,0.81928,OverRange,OverRange,OverRange,9.805496,12.498128,28.292368
2026/05/22 08:48:00.268,n,32.48299,4.686709,4.896311,0.407679,OverRange,OverRange,OverRange,9.807278,12.508908,28.656522
2026/05/22 08:49:00.269,n,32.22369,5.613366,5.221694,0.675135,OverRange,OverRange,OverRange,9.821284,12.509982,28.79611
2026/05/22 08:50:00.270,n,31.746668,5.38035,5.205574,0.667685,OverRange,OverRange,OverRange,9.83605,12.516414,28.708654
2026/05/22 08:51:00.273,n,31.199464,5.912079,4.888941,0.726216,OverRange,OverRange,OverRange,9.845204,12.526118,28.23034
2026/05/22 08:52:00.259,n,30.90835,4.890745,5.133398,0.645305,OverRange,OverRange,OverRange,9.843948,12.53255,27.685644
2026/05/22 08:53:00.261,n,30.960952,4.488895,4.895586,0.610586,OverRange,OverRange,OverRange,9.84726,12.53794,27.43966
2026/05/22 08:54:00.261,n,31.755392,5.115725,4.999851,0.494177,OverRange,OverRange,OverRange,9.874242,12.544404,27.61986
2026/05/22 08:55:00.266,n,32.965786,4.014032,4.751339,0.753224,OverRange,OverRange,OverRange,9.876546,12.549744,28.234178
2026/05/22 08:56:00.266,n,34.966892,5.505869,5.363501,0.370027,OverRange,OverRange,OverRange,9.892308,12.55515,29.4815
2026/05/22 08:57:00.268,n,37.635424,6.077469,5.672398,0.58562,OverRange,OverRange,OverRange,9.887228,12.565914,31.260124
2026/05/22 08:58:00.272,n,40.687452,5.836112,5.562822,0.596217,OverRange,OverRange,OverRange,9.920578,12.573452,33.69112
2026/05/22 08:59:00.271,n,43.470168,4.792201,4.950406,0.434171,OverRange,OverRange,OverRange,9.953674,12.583124,36.488236
2026/05/22 09:00:00.273,n,45.784852,4.341765,4.648435,0.485363,OverRange,OverRange,OverRange,9.997198,12.591736,38.879048
2026/05/22 09:01:00.261,n,47.047588,5.380119,4.913269,0.645655,OverRange,OverRange,OverRange,10.017822,12.605724,40.691372
2026/05/22 09:02:00.264,n,48.001888,5.519058,4.605392,0.483639,OverRange,OverRange,OverRange,10.043524,12.61538,41.758668
2026/05/22 09:03:00.264,n,48.17946,5.854155,5.636393,0.119572,OverRange,OverRange,OverRange,10.03385,12.610722,42.434672
2026/05/22 09:04:00.266,n,47.973024,5.581177,5.47187,0.378632,OverRange,OverRange,OverRange,10.009862,12.619304,42.60378
2026/05/22 09:05:00.269,n,47.911824,4.597927,5.311082,0.646191,OverRange,OverRange,OverRange,10.011108,12.630018,42.57102
2026/05/22 09:06:00.326,n,47.673444,4.138373,4.574838,0.727796,OverRange,OverRange,OverRange,10.02971,12.64298,42.413168
2026/05/22 09:07:00.392,n,47.908872,6.113799,5.155194,0.752608,OverRange,OverRange,OverRange,10.064052,12.6548,42.366924
2026/05/22 09:08:00.394,n,49.014052,4.120804,5.144273,0.883992,OverRange,OverRange,OverRange,10.097122,12.667698,42.528696
2026/05/22 09:09:00.382,n,50.016856,4.518916,5.325571,0.402147,OverRange,OverRange,OverRange,10.12231,12.676294,43.260244
2026/05/22 09:10:00.383,n,52.086092,4.125226,4.877465,0.642276,OverRange,OverRange,OverRange,10.141394,12.691342,44.70432
2026/05/22 09:11:00.263,n,53.175496,5.482906,4.666902,0.654639,OverRange,OverRange,OverRange,10.140122,12.705344,46.321004
2026/05/22 09:12:00.265,n,53.872432,5.559825,5.649001,0.243099,OverRange,OverRange,OverRange,10.16709,12.724672,47.168088
2026/05/22 09:13:00.268,n,53.672276,4.468997,4.722086,0.701154,OverRange,OverRange,OverRange,10.190472,12.728954,47.43446
2026/05/22 09:14:00.269,n,52.891052,5.564718,5.115428,0.648595,OverRange,OverRange,OverRange,10.230144,12.747242,47.212628
2026/05/22 09:15:00.273,n,51.903136,4.329494,4.434507,0.572013,OverRange,OverRange,OverRange,10.234222,12.756914,46.567928
2026/05/22 09:16:00.274,n,50.9183,5.706063,5.217,0.729059,OverRange,OverRange,OverRange,10.265524,12.763378,45.805572
2026/05/22 09:17:00.275,n,50.23792,5.905367,4.95716,0.81543,OverRange,OverRange,OverRange,10.28509,12.778424,45.050564
2026/05/22 09:18:00.280,n,50.26422,4.689406,5.484596,0.745136,OverRange,OverRange,OverRange,10.224284,12.797752,44.907732
2026/05/22 09:19:00.263,n,50.04034,5.466564,4.71484,0.390629,OverRange,OverRange,OverRange,10.24669,12.812784,44.926924
2026/05/22 09:20:00.264,n,49.261156,5.579311,4.781632,0.775099,OverRange,OverRange,OverRange,10.238282,12.82244,44.542384
2026/05/22 09:21:00.267,n,48.69728,3.783341,4.544564,0.847833,OverRange,OverRange,OverRange,10.2617,12.833188,43.702896
2026/05/22 09:22:00.269,n,49.22652,5.527232,4.721889,0.742214,OverRange,OverRange,OverRange,10.21896,12.846298,43.689504
2026/05/22 09:23:00.273,n,50.767288,3.908076,5.060181,0.761502,OverRange,OverRange,OverRange,10.207814,12.850628,44.513288
2026/05/22 09:24:00.273,n,52.240444,5.684853,5.613745,0.159028,OverRange,OverRange,OverRange,10.240138,12.86245,45.749604
2026/05/22 09:25:00.279,n,53.410676,5.651574,5.765091,0.236456,OverRange,OverRange,OverRange,10.239644,12.871016,46.739764
2026/05/22 09:26:00.279,n,53.576184,5.404533,5.067343,0.569024,OverRange,OverRange,OverRange,10.281576,12.88178,47.114156
2026/05/22 09:27:00.280,n,52.908504,4.389041,4.771873,0.403673,OverRange,OverRange,OverRange,10.308792,12.889286,46.6896
2026/05/22 09:28:00.266,n,51.68516,4.635581,5.107954,0.470689,OverRange,OverRange,OverRange,10.317418,12.89681,45.919568
2026/05/22 09:29:00.268,n,50.255368,4.425703,4.442877,0.552293,OverRange,OverRange,OverRange,10.332932,12.906498,44.642888
2026/05/22 09:30:00.270,n,48.371656,5.696817,5.852604,0.190295,OverRange,OverRange,OverRange,10.364944,12.919396,42.720752
2026/05/22 09:31:00.272,n,46.640744,5.180513,5.382071,0.655687,OverRange,OverRange,OverRange,10.36443,12.922572,40.744608
2026/05/22 09:32:00.275,n,44.676196,4.785528,5.632697,0.503173,OverRange,OverRange,OverRange,10.33726,12.926904,38.577772
2026/05/22 09:33:00.275,n,43.11516,5.082679,4.937575,0.355327,OverRange,OverRange,OverRange,10.353246,12.940842,36.424328
2026/05/22 09:34:00.277,n,43.024964,4.310407,4.5558,0.518866,OverRange,OverRange,OverRange,10.336248,12.945158,34.72104
2026/05/22 09:35:00.281,n,45.11832,4.548135,4.45158,0.073982,OverRange,OverRange,OverRange,10.370016,12.954798,34.498952
2026/05/22 09:36:00.281,n,49.845064,4.167759,4.592965,0.405916,OverRange,OverRange,OverRange,10.374594,12.961264,36.395148
2026/05/22 09:37:00.269,n,56.71314,4.730778,5.187794,0.483745,OverRange,OverRange,OverRange,10.402802,12.971994,40.634372
2026/05/22 09:38:00.270,n,65.05014,4.626669,5.306109,0.562874,OverRange,OverRange,OverRange,10.415788,12.978396,46.362732
2026/05/22 09:39:00.272,n,73.902776,4.416392,4.403232,0.159196,OverRange,OverRange,OverRange,10.450084,12.984892,53.714336
2026/05/22 09:40:00.272,n,82.8256,5.115772,5.245065,0.720434,OverRange,OverRange,OverRange,10.47498,12.996894,61.972228
2026/05/22 09:41:00.274,n,89.66596,5.582569,4.770536,0.806665,OverRange,OverRange,OverRange,10.492768,13.009856,69.88832
2026/05/22 09:42:00.278,n,93.776344,4.441457,4.942586,0.608776,OverRange,OverRange,OverRange,10.508022,13.024986,75.683056
2026/05/22 09:43:00.281,n,94.724616,5.493512,4.548246,0.507725,OverRange,OverRange,OverRange,10.555018,13.041188,78.542368
2026/05/22 09:44:00.285,n,93.995616,5.596729,5.019959,0.569868,OverRange,OverRange,OverRange,10.556046,13.05197,78.95908
2026/05/22 09:45:00.282,n,94.312384,4.497998,4.676655,0.56324,OverRange,OverRange,OverRange,10.55654,13.064932,78.943808
2026/05/22 09:46:00.267,n,97.608696,5.434224,5.173033,0.540484,OverRange,OverRange,OverRange,10.561864,13.077912,81.073112
2026/05/22 09:47:00.274,n,103.20096,4.59542,5.584776,0.750795,OverRange,OverRange,OverRange,10.586278,13.0898,85.076496
2026/05/22 09:48:00.271,n,108.66916,6.096009,5.28209,0.800423,OverRange,OverRange,OverRange,10.626144,13.09747,90.184384
2026/05/22 09:49:00.273,n,113.9427,4.120721,5.270246,0.770635,OverRange,OverRange,OverRange,10.628912,13.107144,95.153464
2026/05/22 09:50:00.275,n,119.3679,5.927395,5.491163,0.488388,OverRange,OverRange,OverRange,10.686056,13.116884,100.39882
2026/05/22 09:51:00.277,n,127.22506,5.705808,5.380978,0.500738,OverRange,OverRange,OverRange,10.69037,13.136344,108.12354
2026/05/22 09:52:00.279,n,138.06598,5.433995,5.370968,0.763106,OverRange,OverRange,OverRange,10.714234,13.152548,120.08448
2026/05/22 09:53:00.281,n,151.02156,6.022899,5.508543,0.471237,OverRange,OverRange,OverRange,10.724132,13.173068,135.7731
2026/05/22 09:54:00.282,n,162.08354,4.568177,4.922081,0.710063,OverRange,OverRange,OverRange,10.733266,13.184924,151.27508
2026/05/22 09:55:00.270,n,165.40422,5.535966,4.573176,0.546755,OverRange,OverRange,OverRange,10.813986,13.201096,159.89328
2026/05/22 09:56:00.273,n,161.45396,4.506861,5.167044,0.756382,OverRange,OverRange,OverRange,10.865002,13.227054,158.44784
2026/05/22 09:57:00.272,n,153.44402,4.551743,4.734922,0.4382,OverRange,OverRange,OverRange,10.904816,13.24751,150.36572
2026/05/22 09:58:00.277,n,146.55296,5.4563,5.126942,0.469979,OverRange,OverRange,OverRange,10.942378,13.27132,142.33434
2026/05/22 09:59:00.276,n,141.39424,4.035575,5.118042,0.906046,OverRange,OverRange,OverRange,10.983724,13.301498,135.73052
2026/05/22 10:00:00.279,n,136.90576,5.732618,5.16127,0.671677,OverRange,OverRange,OverRange,10.907116,13.3177,130.5459
2026/05/22 10:01:00.281,n,134.37616,5.604028,4.917037,0.546333,OverRange,OverRange,OverRange,10.942372,13.348988,126.36164
2026/05/22 10:02:00.282,n,133.06056,3.986234,4.473524,0.66439,OverRange,OverRange,OverRange,10.862732,13.364118,124.13404
2026/05/22 10:03:00.284,n,134.33564,4.237763,4.270684,0.46395,OverRange,OverRange,OverRange,10.90585,13.38244,124.16606
2026/05/22 10:04:00.270,n,138.7334,4.403927,4.767357,0.471903,OverRange,OverRange,OverRange,10.942134,13.40832,127.70058
2026/05/22 10:05:00.272,n,144.85504,4.415536,4.851046,0.584456,OverRange,OverRange,OverRange,10.982468,13.429916,134.37448
2026/05/22 10:06:00.259,n,151.47536,5.602169,5.063357,0.644193,OverRange,OverRange,OverRange,10.93451,13.444998,142.895
2026/05/22 10:07:00.264,n,158.39372,5.637728,5.162456,0.945603,OverRange,OverRange,OverRange,10.91394,13.462246,152.58588
2026/05/22 10:08:00.262,n,165.26694,4.536181,4.364589,0.224828,OverRange,OverRange,OverRange,10.966212,13.485992,163.14884
2026/05/22 10:09:00.263,n,178.9636,4.670171,5.286005,0.71057,OverRange,OverRange,OverRange,10.997662,13.502164,185.01508
2026/05/22 10:10:00.267,n,186.04528,5.620502,5.429295,0.72749,OverRange,OverRange,OverRange,11.094158,13.519414,195.8689
2026/05/22 10:11:00.269,n,184.93498,5.465949,4.956029,0.603738,OverRange,OverRange,OverRange,11.114192,13.5507,188.17822
2026/05/22 10:12:00.269,n,188.78874,4.312657,4.762707,0.589678,OverRange,OverRange,OverRange,11.147656,13.572232,189.72034
2026/05/22 10:13:00.271,n,195.6494,5.487423,5.30041,0.691812,OverRange,OverRange,OverRange,11.087056,13.600264,196.56224
2026/05/22 10:14:00.257,n,202.93996,5.183344,5.198862,0.543126,OverRange,OverRange,OverRange,11.017076,13.622888,204.13848
2026/05/22 10:15:00.258,n,209.26368,4.602253,4.521477,0.089648,OverRange,OverRange,OverRange,11.109116,13.651994,211.39036
2026/05/22 10:16:00.263,n,211.31096,4.53382,5.159985,0.671464,OverRange,OverRange,OverRange,11.149928,13.6811,214.44062
2026/05/22 10:17:00.263,n,209.28778,5.834213,5.434482,0.602239,OverRange,OverRange,OverRange,11.166912,13.701282,210.40496
2026/05/22 10:18:00.265,n,206.33018,5.617637,4.895632,0.723408,OverRange,OverRange,OverRange,11.091034,13.721754,206.36352
2026/05/22 10:19:00.266,n,203.82484,4.517049,5.336764,0.658251,OverRange,OverRange,OverRange,11.12703,13.751872,203.14876
2026/05/22 10:20:00.269,n,201.25524,5.391164,5.030347,0.503503,OverRange,OverRange,OverRange,11.164028,13.773406,200.3693
2026/05/22 10:21:00.273,n,199.34612,4.565329,4.556732,0.483945,OverRange,OverRange,OverRange,11.2426,13.80357,198.43044
2026/05/22 10:22:00.258,n,202.16912,5.755723,5.357679,0.597,OverRange,OverRange,OverRange,11.255264,13.83372,201.72388
2026/05/22 10:23:00.260,n,211.5288,5.912112,5.266644,0.641734,OverRange,OverRange,OverRange,11.204576,13.858464,213.43288
2026/05/22 10:24:00.262,n,225.14704,4.684467,5.173703,0.669101,OverRange,OverRange,OverRange,11.261598,13.887554,231.87438
2026/05/22 10:25:00.267,n,253.2232,4.471046,4.886204,0.666169,OverRange,OverRange,OverRange,11.30798,13.913374,276.73812
2026/05/22 10:26:00.266,n,373.0096,4.293235,4.930495,0.563941,OverRange,OverRange,OverRange,11.3794,13.940314,487.22032
2026/05/22 10:27:00.269,n,336.184,5.49197,5.200457,0.613975,OverRange,OverRange,OverRange,11.554642,13.96128,427.13696
2026/05/22 10:28:00.270,n,317.16568,4.360532,5.068014,0.602414,OverRange,OverRange,OverRange,11.278976,13.990324,400.63732
2026/05/22 10:29:00.272,n,255.792,5.550917,5.036049,0.864818,OverRange,OverRange,OverRange,11.402084,14.020474,298.46442
2026/05/22 10:30:00.274,n,237.89454,4.437172,5.080828,0.679184,OverRange,OverRange,OverRange,11.497026,14.060254,278.00418
2026/05/22 10:31:00.261,n,216.21142,6.004756,5.074885,0.836149,OverRange,OverRange,OverRange,11.578812,14.080568,253.64006
2026/05/22 10:32:00.261,n,202.4904,4.086023,4.656727,0.757218,OverRange,OverRange,OverRange,11.577876,14.103112,238.76654
2026/05/22 10:33:00.263,n,199.10798,4.635875,5.017783,0.507428,OverRange,OverRange,OverRange,11.462708,14.137534,239.53572
2026/05/22 10:34:00.270,n,208.8844,4.804735,4.872364,0.755073,OverRange,OverRange,OverRange,11.564992,14.160112,261.94674
2026/05/22 10:35:00.267,n,248.71776,4.530044,4.550995,0.637502,OverRange,OverRange,OverRange,11.510804,14.192348,339.62112
2026/05/22 10:36:00.271,n,244.59776,6.084202,4.530797,0.805538,OverRange,OverRange,OverRange,11.547522,14.209568,339.38984
2026/05/22 10:37:00.272,n,213.57702,5.670779,5.738091,0.635702,OverRange,OverRange,OverRange,11.65128,14.231024,289.50732
2026/05/22 10:38:00.274,n,249.2629,6.074743,5.738212,0.551014,OverRange,OverRange,OverRange,11.602432,14.25251,344.91844
2026/05/22 10:39:00.276,n,275.98954,4.533927,4.475014,0.242373,OverRange,OverRange,OverRange,11.678,14.262188,398.34812
2026/05/22 10:40:00.262,n,350.16264,5.60832,4.64754,0.49861,OverRange,OverRange,OverRange,11.729878,14.282598,528.74628
2026/05/22 10:41:00.264,n,321.45364,4.697705,5.45873,0.561286,OverRange,OverRange,OverRange,11.706076,14.306252,481.69156
2026/05/22 10:42:00.266,n,288.64642,4.971764,5.412705,0.286326,OverRange,OverRange,OverRange,11.783488,14.332026,430.62248
2026/05/22 10:43:00.269,n,280.25912,5.60014,5.110393,0.602396,OverRange,OverRange,OverRange,11.7081,14.353514,417.18088
2026/05/22 10:44:00.269,n,320.83878,4.596656,4.929225,0.535439,OverRange,OverRange,OverRange,11.781998,14.380362,474.86012
2026/05/22 10:45:00.273,n,367.09096,4.37241,5.400357,0.534977,OverRange,OverRange,OverRange,12.006764,14.399698,562.12592
2026/05/22 10:46:00.279,n,396.94192,5.630002,5.004104,0.763781,OverRange,OverRange,OverRange,12.074986,14.429756,616.09388
2026/05/22 10:47:00.276,n,219.60614,4.52497,4.687866,0.415681,OverRange,OverRange,OverRange,12.048722,14.459814,299.97538
2026/05/22 10:48:00.278,n,221.35384,5.637842,5.419963,0.226583,OverRange,OverRange,OverRange,12.004242,14.493098,290.28424
2026/05/22 10:49:00.264,n,232.4189,6.170821,5.112644,0.822608,OverRange,OverRange,OverRange,12.093944,14.528564,304.64258
2026/05/22 10:50:00.267,n,259.76178,5.682882,4.807026,0.719851,OverRange,OverRange,OverRange,12.251324,14.552156,347.4464
2026/05/22 10:51:00.267,n,394.00208,5.557393,5.275864,0.518964,OverRange,OverRange,OverRange,12.431102,14.587558,575.51928
2026/05/22 10:52:00.269,n,299.81466,4.947878,5.236477,0.847118,OverRange,OverRange,OverRange,12.508328,14.620322,424.45216
2026/05/22 10:53:00.273,n,271.26226,5.545361,5.071481,0.539071,OverRange,OverRange,OverRange,12.494232,14.661086,356.15588
2026/05/22 10:54:00.276,n,303.85226,4.744777,5.224582,0.687451,OverRange,OverRange,OverRange,12.585328,14.6997,392.88456
2026/05/22 10:55:00.275,n,373.91408,4.608781,5.308611,0.772486,OverRange,OverRange,OverRange,12.656438,14.743642,504.37864
2026/05/22 10:56:00.279,n,433.70288,5.226551,5.229347,0.511382,OverRange,OverRange,OverRange,12.693528,14.785662,596.90996
2026/05/22 10:57:00.279,n,393.89672,5.347003,5.011802,0.484498,OverRange,OverRange,OverRange,12.963094,14.836088,537.88072
2026/05/22 10:58:00.265,n,389.14256,4.438627,4.638991,0.534352,OverRange,OverRange,OverRange,13.088792,14.8843,525.84576
2026/05/22 10:59:00.266,n,326.87604,4.356266,5.118852,0.707599,OverRange,OverRange,OverRange,13.208446,14.946478,423.74804
2026/05/22 11:00:00.268,n,309.02304,4.261092,5.011751,0.692211,OverRange,OverRange,OverRange,13.208806,15.009682,380.20668
2026/05/22 11:01:00.272,n,319.63586,4.367957,5.005906,0.686856,OverRange,OverRange,OverRange,13.248058,15.056674,381.3158
2026/05/22 11:02:00.272,n,347.43164,4.360631,5.072772,0.614867,OverRange,OverRange,OverRange,13.237864,15.109126,414.69724
2026/05/22 11:03:00.274,n,382.6038,4.484721,5.045259,0.776914,OverRange,OverRange,OverRange,13.31863,15.17978,470.10036
2026/05/22 11:04:00.279,n,359.77212,5.697635,4.995515,0.753433,OverRange,OverRange,OverRange,13.352016,15.241816,434.10072
2026/05/22 11:05:00.278,n,350.15096,5.652348,5.172302,0.540146,OverRange,OverRange,OverRange,13.507656,15.304928,418.697
2026/05/22 11:06:00.283,n,338.72752,4.207148,4.897861,0.780961,OverRange,OverRange,OverRange,13.679098,15.376596,403.16032
2026/05/22 11:07:00.267,n,316.34094,4.314359,5.162924,0.674183,OverRange,OverRange,OverRange,13.702862,15.442938,368.79588
2026/05/22 11:08:00.269,n,308.53782,4.422534,4.744213,0.517303,OverRange,OverRange,OverRange,13.629548,15.502776,351.77644
2026/05/22 11:09:00.274,n,311.86032,5.751396,5.303332,0.647693,OverRange,OverRange,OverRange,13.733734,15.569234,353.16276
2026/05/22 11:10:00.274,n,320.26516,5.743933,5.183121,0.562549,OverRange,OverRange,OverRange,13.71898,15.629076,367.48544
2026/05/22 11:11:00.275,n,334.50684,5.706374,4.893979,0.677662,OverRange,OverRange,OverRange,13.790768,15.69073,398.46476
2026/05/22 11:12:00.279,n,318.5408,4.51931,5.183049,0.677342,OverRange,OverRange,OverRange,13.798616,15.745178,379.16472
2026/05/22 11:13:00.278,n,314.38336,4.518016,5.33927,0.683317,OverRange,OverRange,OverRange,13.799622,15.804258,380.96156
2026/05/22 11:14:00.280,n,322.10488,4.462652,4.455389,0.094326,OverRange,OverRange,OverRange,13.896668,15.863306,392.01052
2026/05/22 11:15:00.283,n,331.35012,5.516563,4.483877,0.535591,OverRange,OverRange,OverRange,13.894898,15.921278,412.48132
2026/05/22 11:16:00.269,n,318.71734,4.434373,5.129917,0.692072,OverRange,OverRange,OverRange,13.965114,15.977134,393.45728
2026/05/22 11:17:00.271,n,320.99252,4.70878,4.665904,0.464364,OverRange,OverRange,OverRange,13.930516,16.029746,400.22116
2026/05/22 11:18:00.271,n,342.9828,4.447386,4.948671,0.625856,OverRange,OverRange,OverRange,13.932786,16.080158,442.2012
2026/05/22 11:19:00.276,n,358.98836,4.389961,5.063789,0.602789,OverRange,OverRange,OverRange,14.106812,16.118608,480.48476
2026/05/22 11:20:00.276,n,354.5862,5.655557,5.358624,0.70775,OverRange,OverRange,OverRange,14.185582,16.15727,489.446
2026/05/22 11:21:00.280,n,368.31236,4.226355,4.654993,0.592793,OverRange,OverRange,OverRange,14.006074,16.214076,523.90924
2026/05/22 11:22:00.280,n,622.16364,4.638154,4.995471,0.619926,OverRange,OverRange,OverRange,14.12296,16.26017,955.2104
2026/05/22 11:23:00.283,n,494.61,4.393428,4.575526,0.44779,OverRange,OverRange,OverRange,14.372772,16.308418,757.46144
2026/05/22 11:24:00.284,n,524.76384,5.800787,5.203944,0.700004,OverRange,OverRange,OverRange,14.573742,16.36736,787.33176
2026/05/22 11:25:00.271,n,434.37468,4.426099,4.717188,0.699901,OverRange,OverRange,OverRange,14.85141,16.434846,629.45288
2026/05/22 11:26:00.272,n,332.4176,4.395619,4.99971,0.670934,OverRange,OverRange,OverRange,14.746638,16.496334,479.19092
2026/05/22 11:27:00.274,n,302.68936,4.463047,5.142874,0.503479,OverRange,OverRange,OverRange,14.91394,16.553062,449.46628
2026/05/22 11:28:00.259,n,197.44238,5.446783,5.266075,0.700962,OverRange,OverRange,OverRange,14.838146,16.618364,291.35122
2026/05/22 11:29:00.261,n,241.06806,4.664908,5.057027,0.679539,OverRange,OverRange,OverRange,14.8608,16.668182,343.23064
2026/05/22 11:30:00.263,n,412.81408,5.209738,5.101912,0.727031,OverRange,OverRange,OverRange,14.761318,16.71523,605.41332
2026/05/22 11:31:00.267,n,512.4726,4.448742,4.994139,0.79686,OverRange,OverRange,OverRange,14.613678,16.764432,744.1668
2026/05/22 11:32:00.268,n,450.56116,5.681141,5.091947,0.831321,OverRange,OverRange,OverRange,14.684982,16.810404,656.1032
2026/05/22 11:33:00.274,n,423.855,5.44892,4.760811,0.645201,OverRange,OverRange,OverRange,14.754528,16.862834,563.13092
2026/05/22 11:34:00.272,n,407.98416,4.337595,5.531684,0.622483,OverRange,OverRange,OverRange,14.846966,16.907372,525.471
2026/05/22 11:35:00.258,n,344.91012,4.494749,5.371723,0.687911,OverRange,OverRange,OverRange,14.996862,16.956542,400.5594
2026/05/22 11:36:00.260,n,350.88368,4.5528,5.143608,0.703552,OverRange,OverRange,OverRange,14.958324,17.007802,386.375
2026/05/22 11:37:00.263,n,378.59596,5.510312,5.169508,0.649101,OverRange,OverRange,OverRange,14.675268,17.060134,416.61988
2026/05/22 11:38:00.263,n,383.52516,5.58866,5.401264,0.550476,OverRange,OverRange,OverRange,14.693904,17.109306,423.27232
2026/05/22 11:39:00.265,n,423.5488,4.775439,5.186322,0.646543,OverRange,OverRange,OverRange,14.630652,17.163764,479.26552
2026/05/22 11:40:00.267,n,461.96608,5.648327,4.853078,0.650777,OverRange,OverRange,OverRange,14.562618,17.20113,559.14632
2026/05/22 11:41:00.274,n,392.1766,5.673379,5.256222,0.720141,OverRange,OverRange,OverRange,14.715576,17.240424,458.23464
2026/05/22 11:42:00.272,n,344.19768,4.02051,4.808141,0.793373,OverRange,OverRange,OverRange,14.842244,17.288426,387.2368
2026/05/22 11:43:00.273,n,301.22248,5.61405,5.464472,0.133751,OverRange,OverRange,OverRange,14.753346,17.325766,319.45194
2026/05/22 11:44:00.259,n,294.83474,4.530161,5.110528,0.583495,OverRange,OverRange,OverRange,14.735708,17.371614,306.06594
2026/05/22 11:45:00.260,n,297.0077,5.226983,5.073055,0.551698,OverRange,OverRange,OverRange,14.811514,17.400574,314.78134
2026/05/22 11:46:00.269,n,284.65792,5.555389,5.120329,0.66691,OverRange,OverRange,OverRange,14.936296,17.429336,302.30178
2026/05/22 11:47:00.268,n,271.27346,5.769315,5.087725,0.731684,OverRange,OverRange,OverRange,14.78246,17.462402,282.00834
2026/05/22 11:48:00.269,n,275.00598,5.998586,4.756124,0.801754,OverRange,OverRange,OverRange,14.469752,17.490122,278.75076
2026/05/22 11:49:00.268,n,299.64694,4.137175,4.851003,0.787805,OverRange,OverRange,OverRange,14.522182,17.512528,302.47422
2026/05/22 11:50:00.272,n,323.5671,6.140809,5.136154,0.865312,OverRange,OverRange,OverRange,14.626522,17.533824,333.6025
2026/05/22 11:51:00.274,n,320.83408,5.02846,4.677938,0.573142,OverRange,OverRange,OverRange,14.55545,17.548758,338.507
2026/05/22 11:52:00.422,n,292.54614,4.571706,5.021311,0.689428,OverRange,OverRange,OverRange,14.417812,17.563662,312.6072
2026/05/22 11:53:00.259,n,263.3442,4.197579,4.727058,0.695313,OverRange,OverRange,OverRange,14.443288,17.581794,272.2311
2026/05/22 11:54:00.262,n,255.91248,5.524169,5.150832,0.639077,OverRange,OverRange,OverRange,14.27834,17.582348,257.59634
2026/05/22 11:55:00.266,n,256.8822,4.977216,4.998946,0.766464,OverRange,OverRange,OverRange,14.238668,17.587664,257.56104
2026/05/22 11:56:00.271,n,256.637,5.635932,5.207187,0.639994,OverRange,OverRange,OverRange,14.310838,17.593014,258.42228
2026/05/22 11:57:00.270,n,259.89956,5.486828,5.005456,0.611642,OverRange,OverRange,OverRange,14.376644,17.599372,262.14896
2026/05/22 11:58:00.271,n,270.63516,3.977671,4.877824,0.854534,OverRange,OverRange,OverRange,14.333532,17.597252,274.39832
2026/05/22 11:59:00.272,n,293.1394,3.94491,4.775512,0.795858,OverRange,OverRange,OverRange,14.189236,17.613234,307.6229
2026/05/22 12:00:00.274,n,310.2427,4.639519,4.803513,0.632038,OverRange,OverRange,OverRange,14.161972,17.605766,336.47408
2026/05/22 12:01:00.261,n,298.52164,5.378968,5.1358,0.509864,OverRange,OverRange,OverRange,14.029222,17.610004,329.87146
2026/05/22 12:02:00.262,n,267.0671,5.535232,5.11969,0.742148,OverRange,OverRange,OverRange,13.863562,17.61431,287.82492
2026/05/22 12:03:00.264,n,255.83216,5.479174,4.995771,0.715456,OverRange,OverRange,OverRange,13.896154,17.606842,271.21682
2026/05/22 12:04:00.266,n,246.11042,5.473429,5.278007,0.748177,OverRange,OverRange,OverRange,13.845124,17.608962,254.92022
2026/05/22 12:05:00.268,n,237.69244,5.590121,4.827823,0.577111,OverRange,OverRange,OverRange,13.763504,17.596208,239.8619
2026/05/22 12:06:00.270,n,234.12622,5.745143,5.348955,0.661133,OverRange,OverRange,OverRange,13.757716,17.589784,232.86804
2026/05/22 12:07:00.271,n,235.5243,4.79897,4.961999,0.62427,OverRange,OverRange,OverRange,13.680116,17.580228,235.02276
2026/05/22 12:08:00.274,n,249.59636,4.741244,5.109857,0.858229,OverRange,OverRange,OverRange,13.774124,17.569564,248.7701
2026/05/22 12:09:00.278,n,271.25406,5.25963,4.821505,0.57027,OverRange,OverRange,OverRange,13.684922,17.563172,271.9523
2026/05/22 12:10:00.261,n,296.46572,5.598075,5.33852,0.653739,OverRange,OverRange,OverRange,13.74203,17.55675,309.70016
2026/05/22 12:11:00.264,n,321.06424,5.085878,4.521797,0.371841,OverRange,OverRange,OverRange,13.787512,17.549314,355.73048
2026/05/22 12:12:00.266,n,352.58328,4.443421,4.749797,0.907983,OverRange,OverRange,OverRange,13.81278,17.550356,413.32256
2026/05/22 12:13:00.269,n,468.317,4.414815,4.406636,0.150854,OverRange,OverRange,OverRange,13.605038,17.551464,589.07988
2026/05/22 12:14:00.271,n,572.19084,4.471886,4.606258,0.228183,OverRange,OverRange,OverRange,13.807476,17.555736,765.16776
2026/05/22 12:15:00.272,n,629.0244,5.802206,5.26266,0.677184,OverRange,OverRange,OverRange,13.836024,17.574882,873.79264
2026/05/22 12:16:00.274,n,633.317,5.102962,4.929428,0.603778,OverRange,OverRange,OverRange,14.124344,17.585544,847.5876
2026/05/22 12:17:00.277,n,609.36092,4.686263,5.070904,0.599181,OverRange,OverRange,OverRange,14.534958,17.619656,835.44024
2026/05/22 12:18:00.278,n,386.2518,4.360705,4.852624,0.543668,OverRange,OverRange,OverRange,14.354452,17.665478,478.03524
2026/05/22 12:19:00.264,n,736.22336,4.823639,5.035439,0.578993,OverRange,OverRange,OverRange,14.333782,17.716582,988.93168
2026/05/22 12:20:00.265,n,826.68424,5.664917,5.305531,0.473759,OverRange,OverRange,OverRange,14.399858,17.764526,1137.0306
2026/05/22 12:21:00.268,n,917.50616,4.775239,5.276914,0.514271,OverRange,OverRange,OverRange,14.263906,17.814524,1248.7188
2026/05/22 12:22:00.269,n,685.08224,3.903924,4.525091,0.79578,OverRange,OverRange,OverRange,14.729416,17.877306,865.20552
2026/05/22 12:23:00.271,n,497.60548,6.205088,5.080003,0.773084,OverRange,OverRange,OverRange,15.104294,17.93295,633.9062
2026/05/22 12:24:00.275,n,332.10696,5.337108,4.725978,0.617711,OverRange,OverRange,OverRange,15.343166,17.999974,452.7074
2026/05/22 12:25:00.277,n,198.10224,5.977003,5.116127,0.600748,OverRange,OverRange,OverRange,15.664006,18.075448,283.98754
2026/05/22 12:26:00.277,n,148.48852,5.535656,5.050805,0.696549,OverRange,OverRange,OverRange,15.324544,18.139278,205.26398
2026/05/22 12:27:00.279,n,143.73086,4.454342,4.658135,0.478556,OverRange,OverRange,OverRange,15.090714,18.194534,190.73388
2026/05/22 12:28:00.265,n,146.15728,4.350303,5.320012,0.690158,OverRange,OverRange,OverRange,14.460608,18.225264,194.3365
2026/05/22 12:29:00.267,n,176.94824,6.161074,5.179554,0.682401,OverRange,OverRange,OverRange,14.027314,18.24121,237.01856
2026/05/22 12:30:00.270,n,188.07386,4.433765,5.092133,0.63938,OverRange,OverRange,OverRange,13.948304,18.23273,255.80306
2026/05/22 12:31:00.271,n,381.20108,5.585665,5.620396,0.093359,OverRange,OverRange,OverRange,13.75554,18.221022,522.77576
2026/05/22 12:32:00.274,n,316.5704,5.656535,4.995661,0.688301,OverRange,OverRange,OverRange,13.487062,18.191272,457.92784
2026/05/22 12:33:00.277,n,393.80372,4.399749,4.537282,0.54095,OverRange,OverRange,OverRange,13.481004,18.160448,578.84796
2026/05/22 12:34:00.278,n,404.40148,5.153209,4.745781,0.831919,OverRange,OverRange,OverRange,13.259384,18.125386,583.77784
2026/05/22 12:35:00.279,n,575.4538,5.590918,5.498713,0.544546,OverRange,OverRange,OverRange,13.186722,18.095606,842.70144
2026/05/22 12:36:00.281,n,466.45376,4.563704,5.548891,0.534777,OverRange,OverRange,OverRange,12.95218,18.062662,709.64512
2026/05/22 12:37:00.268,n,269.65478,5.600765,4.870239,0.682222,OverRange,OverRange,OverRange,12.73381,18.041366,415.08788
2026/05/22 12:38:00.270,n,597.61224,4.499779,4.86464,0.638346,OverRange,OverRange,OverRange,12.852992,18.014814,900.22504
2026/05/22 12:39:00.271,n,651.24468,4.377831,4.489362,0.77248,OverRange,OverRange,OverRange,12.894536,17.987126,1026.9836
2026/05/22 12:40:00.276,n,601.1042,4.710171,4.86658,0.681611,OverRange,OverRange,OverRange,12.753464,17.970166,932.53288
2026/05/22 12:41:00.276,n,697.55864,4.551497,4.791796,0.62715,OverRange,OverRange,OverRange,12.724224,17.962694,1045.2532
2026/05/22 12:42:00.279,n,486.3274,5.70096,4.809907,0.595513,OverRange,OverRange,OverRange,12.845418,17.949942,784.12272
2026/05/22 12:43:00.279,n,472.7552,5.344392,5.240342,0.493172,OverRange,OverRange,OverRange,12.98968,17.942472,718.41824
2026/05/22 12:44:00.281,n,634.02248,4.431551,4.484329,0.721456,OverRange,OverRange,OverRange,13.121394,17.946778,990.3772
2026/05/22 12:45:00.283,n,448.11428,5.072409,4.72078,0.408258,OverRange,OverRange,OverRange,13.01504,17.947818,722.2912
2026/05/22 12:46:00.269,n,462.09424,5.686489,4.611761,0.5781,OverRange,OverRange,OverRange,13.064168,17.946778,706.9168
2026/05/22 12:47:00.271,n,685.3356,4.453354,4.608206,0.765288,OverRange,OverRange,OverRange,13.182684,17.950984,1055.2384
2026/05/22 12:48:00.272,n,549.64184,4.539622,4.700875,0.505859,OverRange,OverRange,OverRange,13.258616,17.960574,821.3472
2026/05/22 12:49:00.276,n,324.25418,5.865212,5.36568,0.464932,OverRange,OverRange,OverRange,13.18898,17.966966,482.27128
2026/05/22 12:50:00.276,n,286.99766,5.433976,5.086165,0.654779,OverRange,OverRange,OverRange,13.029898,17.980796,400.09652
2026/05/22 12:51:00.279,n,439.7438,5.835918,4.870943,0.707478,OverRange,OverRange,OverRange,12.812678,17.97437,626.96684
2026/05/22 12:52:00.281,n,327.75492,4.465403,4.785199,0.394113,OverRange,OverRange,OverRange,12.92069,17.969088,482.62764
2026/05/22 12:53:00.266,n,348.0848,4.106271,4.411386,0.178546,OverRange,OverRange,OverRange,12.944632,17.950984,493.9304
2026/05/22 12:54:00.268,n,701.71552,5.885343,5.529779,0.611557,OverRange,OverRange,OverRange,13.317576,17.94355,1048.251
2026/05/22 12:55:00.270,n,403.30464,5.653365,4.718268,0.738054,OverRange,OverRange,OverRange,13.383088,17.933962,647.04152
2026/05/22 12:56:00.272,n,235.77998,4.627803,4.993928,0.814981,OverRange,OverRange,OverRange,12.966798,17.931872,330.9122
2026/05/22 12:57:00.257,n,590.26916,5.032072,5.030744,0.727066,OverRange,OverRange,OverRange,12.930502,17.92545,862.25952
2026/05/22 12:58:00.260,n,570.1142,4.36207,5.18979,0.628897,OverRange,OverRange,OverRange,12.78975,17.91801,845.39816
2026/05/22 12:59:00.262,n,385.02832,4.310658,5.172112,0.668195,OverRange,OverRange,OverRange,12.899114,17.908454,522.9832
2026/05/22 13:00:00.265,n,350.91528,5.266071,4.8715,0.515856,OverRange,OverRange,OverRange,12.886038,17.898866,461.29844
2026/05/22 13:01:00.267,n,251.26722,5.642252,4.78246,0.670067,OverRange,OverRange,OverRange,12.830308,17.883962,303.57546
2026/05/22 13:02:00.271,n,244.10906,5.610742,4.843439,0.706703,OverRange,OverRange,OverRange,12.722946,17.863704,278.0495
2026/05/22 13:03:00.269,n,241.08704,6.149814,5.354872,0.575596,OverRange,OverRange,OverRange,12.557064,17.843548,278.626
2026/05/22 13:04:00.273,n,235.84762,5.531649,4.840391,0.629241,OverRange,OverRange,OverRange,12.58482,17.81162,275.79272
2026/05/22 13:05:00.257,n,249.16064,3.958293,4.679039,0.715364,OverRange,OverRange,OverRange,12.756994,17.776494,289.5322
2026/05/22 13:06:00.260,n,291.18436,6.134938,5.566086,0.617447,OverRange,OverRange,OverRange,12.661968,17.753046,345.74692
2026/05/22 13:07:00.261,n,358.548,5.670518,5.493996,0.62211,OverRange,OverRange,OverRange,12.574956,17.716846,440.4988
2026/05/22 13:08:00.264,n,577.84084,4.799802,5.007151,0.698511,OverRange,OverRange,OverRange,12.63296,17.687002,810.5892
2026/05/22 13:09:00.265,n,416.09056,4.927624,4.554825,0.189407,OverRange,OverRange,OverRange,12.415578,17.663556,534.4438
2026/05/22 13:10:00.269,n,436.38988,4.472555,4.813783,0.918238,OverRange,OverRange,OverRange,12.306564,17.6359,560.3728
2026/05/22 13:11:00.272,n,424.64256,6.13353,5.204884,0.868315,OverRange,OverRange,OverRange,12.238652,17.613528,550.92876
2026/05/22 13:12:00.273,n,324.45176,4.651382,4.503475,0.255443,OverRange,OverRange,OverRange,12.10787,17.590108,406.4486
2026/05/22 13:13:00.257,n,415.36352,4.513448,4.798675,0.738108,OverRange,OverRange,OverRange,12.19776,17.563466,513.12152
2026/05/22 13:14:00.260,n,592.8958,5.996914,5.402578,0.81538,OverRange,OverRange,OverRange,12.18486,17.544322,761.10136
2026/05/22 13:15:00.262,n,400.13652,5.662305,5.408978,0.52258,OverRange,OverRange,OverRange,12.307806,17.522928,491.85796
2026/05/22 13:16:00.264,n,287.27604,4.494659,5.356292,0.46284,OverRange,OverRange,OverRange,12.546204,17.51122,339.91984
2026/05/22 13:17:00.266,n,257.82956,4.506337,4.561158,0.44995,OverRange,OverRange,OverRange,12.604432,17.501634,294.8778
2026/05/22 13:18:00.267,n,277.95704,4.295604,5.185977,0.915929,OverRange,OverRange,OverRange,12.007558,17.496286,312.44894
2026/05/22 13:19:00.272,n,358.68428,5.664427,5.202196,0.833058,OverRange,OverRange,OverRange,11.883526,17.476066,458.59396
2026/05/22 13:20:00.273,n,343.02528,5.237711,4.907703,0.629348,OverRange,OverRange,OverRange,11.871898,17.444074,413.51124
2026/05/22 13:21:00.273,n,365.15332,4.986567,5.012743,0.678762,OverRange,OverRange,OverRange,11.881252,17.443454,452.39272
2026/05/22 13:22:00.262,n,336.82332,4.77966,4.731474,0.689056,OverRange,OverRange,OverRange,11.841696,17.413648,405.29408
2026/05/22 13:23:00.261,n,434.33348,5.661592,5.308246,0.660676,OverRange,OverRange,OverRange,11.727936,17.384822,558.97388
2026/05/22 13:24:00.265,n,388.01524,4.587882,4.995313,0.658661,OverRange,OverRange,OverRange,11.738536,17.351756,488.5094
2026/05/22 13:25:00.266,n,346.86056,4.454537,4.480925,0.08191,OverRange,OverRange,OverRange,11.961758,17.320874,446.97108
2026/05/22 13:26:00.268,n,431.80452,5.586531,4.790504,0.737175,OverRange,OverRange,OverRange,11.913484,17.298438,537.52568
2026/05/22 13:27:00.271,n,469.78868,4.577122,4.601467,0.551206,OverRange,OverRange,OverRange,12.130478,17.276,615.37712
2026/05/22 13:28:00.272,n,344.85512,5.517835,5.19258,0.694012,OverRange,OverRange,OverRange,11.977926,17.265338,436.70412
2026/05/22 13:29:00.274,n,292.73498,4.625451,5.04932,0.657713,OverRange,OverRange,OverRange,11.95542,17.248252,371.5588
2026/05/22 13:30:00.275,n,276.82016,5.515949,4.990388,0.846527,OverRange,OverRange,OverRange,12.000168,17.236546,348.2878
2026/05/22 13:31:00.261,n,542.73272,5.026462,4.502577,0.73682,OverRange,OverRange,OverRange,11.926626,17.216262,746.82128
2026/05/22 13:32:00.265,n,506.40292,5.594574,5.317765,0.785817,OverRange,OverRange,OverRange,11.888978,17.201328,758.55288
2026/05/22 13:33:00.265,n,532.3172,6.11256,5.347872,0.875378,OverRange,OverRange,OverRange,11.947098,17.187404,775.92704
2026/05/22 13:34:00.269,n,455.68872,5.57095,5.183158,0.681078,OverRange,OverRange,OverRange,11.97135,17.177816,687.0444
2026/05/22 13:35:00.269,n,543.33996,3.827738,5.015007,0.698789,OverRange,OverRange,OverRange,11.977168,17.175698,801.97656
2026/05/22 13:36:00.271,n,487.55432,5.585096,5.214675,0.66383,OverRange,OverRange,OverRange,12.121918,17.16823,714.1236
2026/05/22 13:37:00.274,n,597.36768,5.557707,5.380483,0.577441,OverRange,OverRange,OverRange,11.946086,17.174622,931.96824
2026/05/22 13:38:00.275,n,673.77584,5.629318,5.307465,0.719775,OverRange,OverRange,OverRange,12.112554,17.17035,1026.4032
2026/05/22 13:39:00.279,n,596.42256,5.013211,5.569609,0.274579,OverRange,OverRange,OverRange,12.400848,17.183162,920.29024
2026/05/22 13:40:00.264,n,657.59108,5.759453,5.53048,0.644231,OverRange,OverRange,OverRange,12.396322,17.199206,1024.802
2026/05/22 13:41:00.266,n,594.52204,4.293789,5.005671,0.708002,OverRange,OverRange,OverRange,12.43541,17.210948,925.79912
2026/05/22 13:42:00.270,n,631.90124,4.823022,5.01516,0.622885,OverRange,OverRange,OverRange,12.361756,17.23974,981.41944
2026/05/22 13:43:00.270,n,389.18028,5.532469,5.286987,0.786123,OverRange,OverRange,OverRange,12.409196,17.264264,585.86664
2026/05/22 13:44:00.273,n,425.34996,5.598909,5.315388,0.601722,OverRange,OverRange,OverRange,12.580694,17.286732,599.21656
2026/05/22 13:45:00.275,n,396.22592,4.599356,5.228128,0.728128,OverRange,OverRange,OverRange,12.577678,17.309102,545.30952
2026/05/22 13:46:00.277,n,420.94312,4.227808,5.13764,0.681358,OverRange,OverRange,OverRange,12.436194,17.325078,571.7198
2026/05/22 13:47:00.278,n,451.28052,5.746587,5.115708,0.647024,OverRange,OverRange,OverRange,12.535054,17.340046,621.12444
2026/05/22 13:48:00.280,n,504.91856,5.70909,5.21337,0.78354,OverRange,OverRange,OverRange,12.74558,17.359222,694.1284
2026/05/22 13:49:00.269,n,404.4636,5.934217,5.225147,0.747602,OverRange,OverRange,OverRange,12.736772,17.373082,528.51776
2026/05/22 13:50:00.269,n,348.51676,4.276185,4.949079,0.621354,OverRange,OverRange,OverRange,13.063442,17.388018,471.78932
2026/05/22 13:51:00.271,n,354.62956,5.476226,4.726341,0.860672,OverRange,OverRange,OverRange,13.470424,17.410422,452.82116
2026/05/22 13:52:00.273,n,362.21244,5.679318,5.397267,0.479308,OverRange,OverRange,OverRange,13.453766,17.437098,432.51296
2026/05/22 13:53:00.273,n,451.85436,4.148274,4.858761,0.904492,OverRange,OverRange,OverRange,13.074738,17.46589,588.67144
2026/05/22 13:54:00.277,n,489.57396,5.442296,5.043452,0.749,OverRange,OverRange,OverRange,13.184236,17.498958,693.96616
2026/05/22 13:55:00.279,n,466.2106,4.732371,4.936079,0.73371,OverRange,OverRange,OverRange,12.803538,17.522376,697.45112
2026/05/22 13:56:00.281,n,431.48288,6.138711,5.239958,0.725848,OverRange,OverRange,OverRange,12.899928,17.54579,584.69176
2026/05/22 13:57:00.283,n,544.9936,4.271354,4.920532,0.779007,OverRange,OverRange,OverRange,12.890748,17.55965,779.92328
2026/05/22 13:58:00.271,n,474.22008,4.19697,4.691198,0.590172,OverRange,OverRange,OverRange,13.001492,17.583066,698.15136
2026/05/22 13:59:00.269,n,405.69376,4.074215,5.210287,0.827911,OverRange,OverRange,OverRange,13.252818,17.604396,513.42668
2026/05/22 14:00:00.271,n,493.00868,4.438924,4.810546,0.748301,OverRange,OverRange,OverRange,13.521042,17.626832,690.72264
2026/05/22 14:01:00.273,n,376.62636,5.451765,5.124109,0.826849,OverRange,OverRange,OverRange,13.51622,17.65876,499.03528
2026/05/22 14:02:00.276,n,327.29892,5.700365,5.590945,0.069153,OverRange,OverRange,OverRange,13.533412,17.685374,389.60496
2026/05/22 14:03:00.277,n,309.22782,3.928702,4.683525,0.991501,OverRange,OverRange,OverRange,13.54807,17.713092,364.79448
2026/05/22 14:04:00.279,n,269.9694,5.949608,5.605401,0.451813,OverRange,OverRange,OverRange,13.506104,17.741826,318.08584
2026/05/22 14:05:00.282,n,265.58588,4.58407,5.572203,0.522431,OverRange,OverRange,OverRange,13.482586,17.750308,301.97506
2026/05/22 14:06:00.284,n,303.62466,5.300734,5.598566,0.14987,OverRange,OverRange,OverRange,13.533682,17.767364,348.42216
2026/05/22 14:07:00.269,n,367.94772,5.534499,5.219963,0.944054,OverRange,OverRange,OverRange,13.351034,17.775874,463.96512
2026/05/22 14:08:00.270,n,363.1544,5.943137,5.134438,0.672606,OverRange,OverRange,OverRange,13.19865,17.781226,487.86684
2026/05/22 14:09:00.273,n,337.16972,4.586807,4.961619,0.721299,OverRange,OverRange,OverRange,13.47902,17.797334,434.07096
2026/05/22 14:10:00.275,n,393.0244,4.323536,4.686161,0.748434,OverRange,OverRange,OverRange,13.571004,17.802684,522.90424
2026/05/22 14:11:00.277,n,457.52568,5.720744,5.180066,0.707592,OverRange,OverRange,OverRange,13.300396,17.809076,660.7342
2026/05/22 14:12:00.281,n,682.23392,6.062087,4.581276,0.75981,OverRange,OverRange,OverRange,13.529302,17.821862,990.79592
2026/05/22 14:13:00.282,n,560.27636,5.685745,5.268296,0.745601,OverRange,OverRange,OverRange,13.53212,17.849452,812.64848
2026/05/22 14:14:00.282,n,502.51856,4.428709,4.998403,0.679178,OverRange,OverRange,OverRange,13.465832,17.878222,695.48288
2026/05/22 14:15:00.285,n,384.55576,6.014009,4.920487,1.01109,OverRange,OverRange,OverRange,13.382116,17.912272,492.5874
2026/05/22 14:16:00.270,n,437.52076,4.06107,5.137329,0.774945,OverRange,OverRange,OverRange,13.556418,17.93784,578.77116
2026/05/22 14:17:00.271,n,355.46288,5.692854,5.326964,0.681423,OverRange,OverRange,OverRange,13.431728,17.970814,462.88176
2026/05/22 14:18:00.258,n,311.48786,4.326032,5.103915,0.637856,OverRange,OverRange,OverRange,13.323426,17.998472,370.10996
2026/05/22 14:19:00.259,n,320.6829,5.968429,5.315989,0.634253,OverRange,OverRange,OverRange,13.259888,18.014424,377.8362
2026/05/22 14:20:00.261,n,322.9963,5.607533,5.410389,0.450545,OverRange,OverRange,OverRange,13.229518,18.025054,383.65808
2026/05/22 14:21:00.263,n,299.36316,4.824052,5.012568,0.674004,OverRange,OverRange,OverRange,13.047954,18.032524,334.3479
2026/05/22 14:22:00.266,n,311.4885,4.1609,4.884839,0.914058,OverRange,OverRange,OverRange,13.162934,18.024014,346.621
2026/05/22 14:23:00.269,n,322.89136,5.727446,4.836076,0.668058,OverRange,OverRange,OverRange,13.25029,18.018696,366.43856
2026/05/22 14:24:00.270,n,353.23636,6.264015,5.325948,0.862714,OverRange,OverRange,OverRange,13.160376,18.017588,414.44496
2026/05/22 14:25:00.271,n,373.736,4.229915,5.084944,0.750035,OverRange,OverRange,OverRange,13.23052,17.993744,438.59628
2026/05/22 14:26:00.258,n,394.44228,5.119582,4.769842,0.610761,OverRange,OverRange,OverRange,13.478724,17.995862,492.80212
2026/05/22 14:27:00.259,n,329.78922,4.060377,5.199492,0.977067,OverRange,OverRange,OverRange,13.530514,18.000104,375.30296
2026/05/22 14:28:00.260,n,292.92782,5.550927,4.447989,0.58152,OverRange,OverRange,OverRange,13.329738,18.007542,316.54406
2026/05/22 14:29:00.266,n,275.30866,4.379888,4.840573,0.568912,OverRange,OverRange,OverRange,13.215582,18.019218,289.1308
2026/05/22 14:30:00.265,n,261.70452,4.099845,4.331542,0.155143,OverRange,OverRange,OverRange,13.229,18.0246,270.26162
2026/05/22 14:31:00.267,n,249.5711,4.450741,4.291378,0.237958,OverRange,OverRange,OverRange,13.327194,18.029916,252.50892
2026/05/22 14:32:00.269,n,245.34138,6.145984,4.837063,0.823365,OverRange,OverRange,OverRange,13.17687,18.02349,243.59636
2026/05/22 14:33:00.272,n,243.69604,5.969285,4.91428,0.735243,OverRange,OverRange,OverRange,13.041642,18.019218,239.47668
2026/05/22 14:34:00.274,n,240.77398,4.520381,5.161314,0.887622,OverRange,OverRange,OverRange,13.281128,18.007542,234.3449
2026/05/22 14:35:00.259,n,232.86492,6.169411,5.18618,0.736993,OverRange,OverRange,OverRange,13.515142,17.99159,225.12508
2026/05/22 14:36:00.261,n,228.11364,5.469523,5.046216,0.642637,OverRange,OverRange,OverRange,13.33933,17.984124,220.00098
2026/05/22 14:37:00.267,n,223.16352,3.832065,4.911452,0.798109,OverRange,OverRange,OverRange,13.027934,17.9746,216.5392
2026/05/22 14:38:00.264,n,226.053,5.340658,5.033527,0.750197,OverRange,OverRange,OverRange,12.799292,17.963934,220.17846
2026/05/22 14:39:00.268,n,243.27806,4.591173,4.941884,0.743005,OverRange,OverRange,OverRange,12.829998,17.938426,240.01726
2026/05/22 14:40:00.269,n,267.81354,4.394249,4.706834,0.882235,OverRange,OverRange,OverRange,13.11026,17.91074,273.9751
2026/05/22 14:41:00.270,n,292.29648,5.460143,4.910281,0.824147,OverRange,OverRange,OverRange,13.243928,17.889438,310.86376
2026/05/22 14:42:00.273,n,369.401,4.35853,4.83994,0.829331,OverRange,OverRange,OverRange,13.299114,17.868176,423.47536
2026/05/22 14:43:00.261,n,470.86748,5.603662,5.258278,0.749849,OverRange,OverRange,OverRange,13.41118,17.855422,628.78584
2026/05/22 14:44:00.260,n,306.04058,4.466159,4.548527,0.62558,OverRange,OverRange,OverRange,13.649124,17.863904,354.76428
2026/05/22 14:45:00.261,n,258.51352,4.399085,5.283569,0.586994,OverRange,OverRange,OverRange,13.417004,17.868176,286.51022
2026/05/22 14:46:00.264,n,207.24574,4.612339,4.867529,0.64569,OverRange,OverRange,OverRange,13.269746,17.880926,231.51476
2026/05/22 14:47:00.265,n,156.8023,6.098987,5.610675,0.680749,OverRange,OverRange,OverRange,13.020096,17.87985,184.83208
2026/05/22 14:48:00.268,n,109.34682,5.614351,5.639775,0.060465,OverRange,OverRange,OverRange,13.2862,17.878808,136.26094
2026/05/22 14:49:00.270,n,75.829096,4.190336,5.41331,0.599744,OverRange,OverRange,OverRange,13.438004,17.868176,96.02896
2026/05/22 14:50:00.271,n,59.930676,5.526951,4.854811,0.575779,OverRange,OverRange,OverRange,13.379054,17.851182,70.17152
2026/05/22 14:51:00.274,n,56.194036,5.481288,4.862057,0.583283,OverRange,OverRange,OverRange,13.26849,17.83732,57.27542
2026/05/22 14:52:00.262,n,56.347616,5.861363,5.11102,0.914391,OverRange,OverRange,OverRange,13.108516,17.804316,51.698512
2026/05/22 14:53:00.261,n,57.704392,3.986585,5.046007,0.90694,OverRange,OverRange,OverRange,12.596878,17.763874,50.663044
2026/05/22 14:54:00.264,n,56.518768,4.392558,4.857189,0.703548,OverRange,OverRange,OverRange,12.30303,17.708464,50.089428
2026/05/22 14:55:00.265,n,54.462616,3.839444,4.335288,0.504728,OverRange,OverRange,OverRange,12.166204,17.637136,48.810016
2026/05/22 14:56:00.267,n,54.424764,6.124334,5.438,0.66406,OverRange,OverRange,OverRange,11.979554,17.559356,48.578796
2026/05/22 14:57:00.269,n,55.23396,4.427759,4.854049,0.78942,OverRange,OverRange,OverRange,11.782928,17.477304,48.877508
2026/05/22 14:58:00.271,n,55.231268,4.281884,4.86743,0.858894,OverRange,OverRange,OverRange,11.787746,17.395224,48.108672
2026/05/22 14:59:00.274,n,55.088976,4.268713,4.71079,0.906484,OverRange,OverRange,OverRange,11.672444,17.304536,47.05034
2026/05/22 15:00:00.274,n,54.450816,4.223888,4.818128,0.991446,OverRange,OverRange,OverRange,11.468028,17.227708,46.249848
2026/05/22 15:01:00.261,n,54.340604,5.827984,4.983525,0.866492,OverRange,OverRange,OverRange,11.413884,17.144456,45.628704
2026/05/22 15:02:00.262,n,55.170452,5.759888,5.718029,0.074874,OverRange,OverRange,OverRange,11.307042,17.085144,45.576568
2026/05/22 15:03:00.267,n,57.72646,4.161513,5.227124,0.810925,OverRange,OverRange,OverRange,11.279338,16.99645,47.197176
2026/05/22 15:04:00.269,n,59.853564,4.247142,4.265845,0.095412,OverRange,OverRange,OverRange,11.130102,16.913176,49.23262
2026/05/22 15:05:00.272,n,61.414732,5.845415,5.651658,0.712158,OverRange,OverRange,OverRange,11.023422,16.825498,50.709972
2026/05/22 15:06:00.275,n,62.263308,5.834475,5.346777,0.892152,OverRange,OverRange,OverRange,10.848486,16.744218,52.136216
2026/05/22 15:07:00.274,n,62.723144,5.927786,5.591362,0.970984,OverRange,OverRange,OverRange,10.736334,16.655434,53.217332
2026/05/22 15:08:00.277,n,63.145892,4.216053,5.45577,0.678366,OverRange,OverRange,OverRange,10.670878,16.576208,54.324892
2026/05/22 15:09:00.277,n,63.40032,4.386256,5.314035,0.925222,OverRange,OverRange,OverRange,10.647258,16.497018,54.678724
2026/05/22 15:10:00.262,n,63.676424,4.119316,4.382931,0.737867,OverRange,OverRange,OverRange,10.668564,16.448474,55.059432
2026/05/22 15:11:00.265,n,65.808144,5.268099,4.782264,0.935773,OverRange,OverRange,OverRange,10.720642,16.374566,56.241912
2026/05/22 15:12:00.267,n,69.285992,5.68075,4.6329,0.832011,OverRange,OverRange,OverRange,10.67218,16.303854,58.532384
2026/05/22 15:13:00.270,n,73.064584,4.115527,3.943564,0.233687,OverRange,OverRange,OverRange,10.599594,16.234156,61.749112
2026/05/22 15:14:00.273,n,76.514992,5.771341,4.972358,0.956229,OverRange,OverRange,OverRange,10.626994,16.161248,64.751504
2026/05/22 15:15:00.272,n,77.707544,5.850436,5.507204,1.096179,OverRange,OverRange,OverRange,10.446742,16.094746,66.006256
2026/05/22 15:16:00.275,n,76.459952,4.539883,5.446256,0.986284,OverRange,OverRange,OverRange,10.314382,16.026062,65.22052
2026/05/22 15:17:00.277,n,74.475896,3.932297,5.094855,0.931077,OverRange,OverRange,OverRange,10.388286,15.95632,63.5558
2026/05/22 15:18:00.279,n,72.821336,5.820408,5.80179,0.057224,OverRange,OverRange,OverRange,10.360128,15.88547,62.351572
2026/05/22 15:19:00.268,n,71.470192,3.865084,4.713483,0.977175,OverRange,OverRange,OverRange,10.30952,15.81891,61.204668
2026/05/22 15:20:00.266,n,70.109944,4.186284,5.269018,1.056944,OverRange,OverRange,OverRange,10.33344,15.795018,59.691656
2026/05/22 15:21:00.271,n,69.16552,5.675631,4.839745,0.73763,OverRange,OverRange,OverRange,10.33813,15.72844,59.104212
2026/05/22 15:22:00.271,n,69.505008,4.219116,5.2456,0.85237,OverRange,OverRange,OverRange,10.222524,15.671872,59.042776
2026/05/22 15:23:00.272,n,71.013576,6.053713,5.173062,0.998059,OverRange,OverRange,OverRange,10.329962,15.622704,60.389332
2026/05/22 15:24:00.274,n,72.747432,3.995201,4.960269,0.928171,OverRange,OverRange,OverRange,10.336838,15.5597,62.037416
2026/05/22 15:25:00.278,n,73.179424,5.768653,4.849999,1.032507,OverRange,OverRange,OverRange,10.35083,15.538174,63.375608
2026/05/22 15:26:00.278,n,73.618592,6.526192,4.971886,1.239188,OverRange,OverRange,OverRange,10.354702,15.487964,64.026956
2026/05/22 15:27:00.281,n,73.569584,5.775728,5.489306,0.958723,OverRange,OverRange,OverRange,10.328314,15.437722,63.657932
2026/05/22 15:28:00.266,n,74.047888,5.937377,5.943709,0.065457,OverRange,OverRange,OverRange,10.365434,15.384254,63.425092
2026/05/22 15:29:00.273,n,74.725712,5.022992,5.393246,0.869303,OverRange,OverRange,OverRange,10.392594,15.336166,63.842664
2026/05/22 15:30:00.272,n,74.412648,5.958697,5.575484,0.713735,OverRange,OverRange,OverRange,10.433492,15.280564,64.188468
2026/05/22 15:31:00.273,n,72.81568,4.021617,5.676636,0.813956,OverRange,OverRange,OverRange,10.327302,15.232398,63.330812
2026/05/22 15:32:00.276,n,71.113648,4.440995,4.870222,1.091662,OverRange,OverRange,OverRange,10.393586,15.184278,62.713504
2026/05/22 15:33:00.277,n,69.648448,5.852618,5.38622,1.0688,OverRange,OverRange,OverRange,10.351904,15.12969,62.609668
2026/05/22 15:34:00.280,n,66.274904,5.835179,5.509729,0.669454,OverRange,OverRange,OverRange,10.302898,15.084718,61.185476
2026/05/22 15:35:00.281,n,61.895216,4.741126,4.536554,0.691193,OverRange,OverRange,OverRange,10.346858,15.025846,57.814228
2026/05/22 15:36:00.283,n,58.099048,5.940222,5.429594,0.942856,OverRange,OverRange,OverRange,10.387248,14.979766,54.744
2026/05/22 15:37:00.268,n,55.210352,6.023992,5.642435,1.012997,OverRange,OverRange,OverRange,10.293198,14.935854,51.459868
2026/05/22 15:38:00.269,n,53.390532,5.842563,5.14913,1.078009,OverRange,OverRange,OverRange,10.33283,14.920798,48.959504
2026/05/22 15:39:00.272,n,52.895676,5.581261,4.898476,0.977584,OverRange,OverRange,OverRange,10.372818,14.881254,47.8167
2026/05/22 15:40:00.277,n,51.184268,6.329252,6.131987,0.203102,OverRange,OverRange,OverRange,10.411444,14.83516,45.85216
2026/05/22 15:41:00.277,n,49.766676,4.167751,4.872291,1.002967,OverRange,OverRange,OverRange,10.348414,14.805132,44.073964
2026/05/22 15:42:00.263,n,47.283788,3.865686,4.249779,1.150754,OverRange,OverRange,OverRange,10.423096,14.77191,42.643456
2026/05/22 15:43:00.281,n,43.349184,6.547042,4.841141,1.24473,OverRange,OverRange,OverRange,10.438832,14.747258,39.87322
2026/05/22 15:44:00.266,n,38.897396,6.098381,4.85619,0.97855,OverRange,OverRange,OverRange,10.27593,14.714006,35.720164
2026/05/22 15:45:00.268,n,36.28878,3.624581,4.616133,1.003165,OverRange,OverRange,OverRange,10.204006,14.686112,32.134846
2026/05/22 15:46:00.270,n,37.35804,4.112662,4.476744,0.922042,OverRange,OverRange,OverRange,10.314068,14.653934,31.709348
2026/05/22 15:47:00.256,n,39.274088,6.093607,5.335578,0.871829,OverRange,OverRange,OverRange,10.389018,14.644224,33.10897
2026/05/22 15:48:00.257,n,40.221972,3.71516,4.886047,1.122905,OverRange,OverRange,OverRange,10.288304,14.612046,34.478816
2026/05/22 15:49:00.260,n,39.032748,5.940598,4.686256,1.037752,OverRange,OverRange,OverRange,10.440038,14.57876,34.706712
2026/05/22 15:50:00.262,n,36.694592,4.19017,4.663633,0.834613,OverRange,OverRange,OverRange,10.256038,14.54551,33.236186
2026/05/22 15:51:00.263,n,33.6953,4.285654,5.063032,1.225786,OverRange,OverRange,OverRange,10.219366,14.509032,30.942556
2026/05/22 15:52:00.266,n,31.173034,4.141173,4.616942,1.212238,OverRange,OverRange,OverRange,10.362672,14.4822,28.828958
2026/05/22 15:53:00.270,n,28.535422,4.098107,4.749298,1.120521,OverRange,OverRange,OverRange,10.261826,14.44569,26.589082
2026/05/22 15:54:00.271,n,24.76196,6.091876,5.707481,0.872629,OverRange,OverRange,OverRange,10.19602,14.411314,23.543854
2026/05/22 15:55:00.272,n,21.316954,5.520228,4.867058,1.176047,OverRange,OverRange,OverRange,10.14568,14.381242,20.269876
2026/05/22 15:56:00.259,n,19.387562,6.242733,4.776943,1.200779,OverRange,OverRange,OverRange,10.157852,14.344748,17.994422
2026/05/22 15:57:00.259,n,18.575674,5.794256,5.056309,1.130235,OverRange,OverRange,OverRange,10.186096,14.300682,16.777304
2026/05/22 15:58:00.261,n,18.733484,4.117125,4.51027,1.047529,OverRange,OverRange,OverRange,10.118484,14.266294,16.440026
2026/05/22 15:59:00.263,n,19.390384,5.924975,5.065058,1.069766,OverRange,OverRange,OverRange,10.110866,14.226576,16.980882
2026/05/22 16:00:00.265,n,21.363912,6.007894,5.388123,1.113026,OverRange,OverRange,OverRange,9.89711,14.195412,18.271464
2026/05/22 16:01:00.268,n,24.073756,6.02856,4.79145,1.135368,OverRange,OverRange,OverRange,10.098654,14.161008,20.37252
2026/05/22 16:02:00.270,n,26.097064,4.80062,4.983923,1.195093,OverRange,OverRange,OverRange,10.032528,14.126618,21.796716
2026/05/22 16:03:00.271,n,26.772952,3.928268,4.711045,0.890855,OverRange,OverRange,OverRange,10.000978,14.09114,22.189196
2026/05/22 16:04:00.260,n,25.094518,3.790735,4.003873,0.19959,OverRange,OverRange,OverRange,10.051616,14.089934,21.003478
2026/05/22 16:05:00.258,n,21.998872,3.982748,4.532836,1.000003,OverRange,OverRange,OverRange,9.977244,14.052304,18.784334
2026/05/22 16:06:00.261,n,21.867492,3.303099,4.231413,1.115396,OverRange,OverRange,OverRange,10.170782,14.018976,18.530672
2026/05/22 16:07:00.262,n,25.562814,6.459512,5.63703,1.096136,OverRange,OverRange,OverRange,9.90263,13.98345,20.834708
2026/05/22 16:08:00.264,n,28.901724,3.869668,4.859792,1.296094,OverRange,OverRange,OverRange,9.922008,13.947972,23.676104
2026/05/22 16:09:00.269,n,32.249482,6.331137,4.691207,1.37534,OverRange,OverRange,OverRange,9.93455,13.911386,27.909696
2026/05/22 16:10:00.269,n,36.810836,4.111281,4.887881,0.891733,OverRange,OverRange,OverRange,9.621684,13.876952,32.607022
2026/05/22 16:11:00.271,n,40.503208,3.905382,4.821308,1.166428,OverRange,OverRange,OverRange,9.582326,13.834942,36.16222
2026/05/22 16:12:00.272,n,42.9825,3.922061,3.917462,0.099168,OverRange,OverRange,OverRange,9.428676,13.788634,38.097836
2026/05/22 16:13:00.259,n,44.421264,5.760251,4.260191,0.799745,OverRange,OverRange,OverRange,9.777908,13.75539,38.788176
2026/05/22 16:14:00.259,n,45.992824,5.385475,4.67186,1.152824,OverRange,OverRange,OverRange,9.5716,13.708024,39.436456
2026/05/22 16:15:00.262,n,47.82304,3.880454,4.007936,0.611517,OverRange,OverRange,OverRange,9.355668,13.661734,41.00706
2026/05/22 16:16:00.313,n,48.483144,3.938487,4.951136,1.31235,OverRange,OverRange,OverRange,9.27118,13.614304,41.542884
2026/05/22 16:17:00.436,n,49.428084,6.109462,5.818856,0.660517,OverRange,OverRange,OverRange,9.442678,13.577624,42.24184
2026/05/22 16:18:00.270,n,50.861208,3.854194,5.240248,1.211101,OverRange,OverRange,OverRange,9.1565,13.537736,43.543604
2026/05/22 16:19:00.270,n,52.249804,6.428086,5.824012,1.181736,OverRange,OverRange,OverRange,9.376252,13.505406,44.54426
2026/05/22 16:20:00.272,n,53.571184,6.327734,6.035208,0.81856,OverRange,OverRange,OverRange,9.187282,13.469836,45.430584
2026/05/22 16:21:00.274,n,54.384476,4.068824,3.923315,0.186844,OverRange,OverRange,OverRange,9.30769,13.435308,46.337904
2026/05/22 16:22:00.259,n,54.915516,6.03132,6.115137,0.166344,OverRange,OverRange,OverRange,9.37767,13.40511,46.886004
2026/05/22 16:23:00.262,n,55.269756,4.10978,5.408273,1.114281,OverRange,OverRange,OverRange,8.918178,13.363044,47.098284
2026/05/22 16:24:00.265,n,55.3307,6.685382,5.266936,1.526213,OverRange,OverRange,OverRange,9.187918,13.32741,46.993856
2026/05/22 16:25:00.266,n,55.449764,3.916396,4.41817,1.01447,OverRange,OverRange,OverRange,9.035198,13.292882,46.708452
2026/05/22 16:26:00.266,n,55.170704,3.277,4.588629,1.299119,OverRange,OverRange,OverRange,9.139888,13.255148,46.316656
2026/05/22 16:27:00.269,n,54.883696,6.100847,5.65955,0.849625,OverRange,OverRange,OverRange,9.276012,13.21844,45.727924
2026/05/22 16:28:00.271,n,54.665968,3.997116,4.306804,0.843205,OverRange,OverRange,OverRange,8.797894,13.183914,45.21054
2026/05/22 16:29:00.272,n,54.587708,3.565854,4.332127,1.048361,OverRange,OverRange,OverRange,9.190588,13.151472,44.76422
2026/05/22 16:30:00.274,n,55.36534,4.037584,5.903601,0.920278,OverRange,OverRange,OverRange,8.79561,13.11799,45.326152
2026/05/22 16:31:00.259,n,56.29424,3.379322,4.695452,1.322437,OverRange,OverRange,OverRange,8.788162,13.084572,46.388152
2026/05/22 16:32:00.263,n,56.401108,4.036902,5.120639,1.429795,OverRange,OverRange,OverRange,8.715474,13.043486,46.752736
2026/05/22 16:33:00.263,n,55.737032,6.256202,6.194258,0.436162,OverRange,OverRange,OverRange,9.015198,13.011046,46.360936
2026/05/22 16:34:00.265,n,54.721012,4.391265,5.209674,1.225569,OverRange,OverRange,OverRange,8.711024,12.976522,45.633392
2026/05/22 16:35:00.268,n,53.820984,3.799611,5.092682,1.620529,OverRange,OverRange,OverRange,8.86083,12.98455,45.198848
2026/05/22 16:36:00.269,n,52.76122,3.933792,4.060022,0.51762,OverRange,OverRange,OverRange,9.106736,12.939216,44.234456
2026/05/22 16:37:00.273,n,53.205776,OverRange,OverRange,OverRange,OverRange,OverRange,OverRange,9.069744,12.910228,44.900988
2026/05/22 16:38:00.275,n,52.523212,5.531382,4.222894,0.658244,OverRange,OverRange,OverRange,9.132014,12.878002,44.423704
2026/05/22 16:39:00.275,n,50.070232,3.950833,4.343229,0.985843,OverRange,OverRange,OverRange,8.98291,12.850074,42.149864
2026/05/22 16:40:00.262,n,47.846132,3.99598,4.659573,1.090132,OverRange,OverRange,OverRange,9.011276,12.819998,40.233016
2026/05/22 16:41:00.263,n,46.533996,6.214156,4.770978,1.266866,OverRange,OverRange,OverRange,9.243322,12.794206,39.411708
2026/05/22 16:42:00.264,n,45.806532,4.397761,5.787042,0.765806,OverRange,OverRange,OverRange,8.89505,12.770546,38.943292
2026/05/22 16:43:00.267,n,44.642076,3.946339,4.037741,0.167505,OverRange,OverRange,OverRange,8.786164,12.759064,38.64432
2026/05/22 16:44:00.568,n,43.820556,4.01807,4.585675,1.082342,OverRange,OverRange,OverRange,8.931142,12.73962,38.461904
2026/05/22 16:45:00.271,n,42.745012,6.064556,5.581925,1.051294,OverRange,OverRange,OverRange,8.94335,12.70414,37.917124
2026/05/22 16:46:00.273,n,42.002024,OverRange,OverRange,OverRange,OverRange,OverRange,OverRange,8.721074,12.678348,37.585224
2026/05/22 16:47:00.276,n,40.49808,6.301555,4.454939,0.989836,OverRange,OverRange,OverRange,8.886552,12.6407,37.017828
2026/05/22 16:48:00.277,n,39.127828,3.705211,4.438106,1.158595,OverRange,OverRange,OverRange,8.861608,12.615984,36.531324
2026/05/22 16:49:00.264,n,38.182244,3.717992,4.180102,1.13058,OverRange,OverRange,OverRange,8.898332,12.583742,36.411532
2026/05/22 16:50:00.265,n,37.396916,6.415052,5.704242,1.078675,OverRange,OverRange,OverRange,8.846654,12.5622,36.392416
2026/05/22 16:51:00.266,n,36.234248,6.103241,5.996144,0.505155,OverRange,OverRange,OverRange,8.668382,12.533168,35.525296
2026/05/22 16:52:00.268,n,34.568392,6.466362,4.249116,1.127327,OverRange,OverRange,OverRange,8.806204,12.50303,34.076352
2026/05/22 16:53:00.270,n,32.869556,6.049354,5.481029,1.024437,OverRange,OverRange,OverRange,8.72195,12.486912,32.055668
2026/05/22 16:54:00.274,n,31.428996,5.07912,5.822649,0.80658,OverRange,OverRange,OverRange,8.639878,12.462144,30.434122
2026/05/22 16:55:00.275,n,30.031412,6.888394,5.841317,1.185418,OverRange,OverRange,OverRange,8.616984,12.437394,28.668128
2026/05/22 16:56:00.279,n,28.866694,4.09058,4.401744,1.020995,OverRange,OverRange,OverRange,8.489146,12.430736,27.102468
2026/05/22 16:57:00.280,n,28.263682,5.636582,4.790502,1.190315,OverRange,OverRange,OverRange,8.715078,12.417386,26.254706
2026/05/22 16:58:00.264,n,27.738418,6.646006,5.876433,1.256243,OverRange,OverRange,OverRange,8.56931,12.394786,25.695762
2026/05/22 16:59:00.268,n,27.266398,6.749857,5.876863,1.086297,OverRange,OverRange,OverRange,8.50706,12.377576,25.35234
2026/05/22 17:00:00.269,n,26.654146,4.035864,4.642696,1.290816,OverRange,OverRange,OverRange,8.447332,12.347406,24.948426
2026/05/22 17:01:00.270,n,25.738846,6.610528,4.415998,1.088373,OverRange,OverRange,OverRange,8.670254,12.322658,24.302882
2026/05/22 17:02:00.273,n,25.482244,3.876966,4.906508,1.453246,OverRange,OverRange,OverRange,8.557628,12.305416,23.875672
2026/05/22 17:03:00.274,n,24.82624,3.201179,4.666287,1.380035,OverRange,OverRange,OverRange,8.587382,12.280602,23.318862
2026/05/22 17:04:00.277,n,24.356658,3.900756,4.981126,1.478071,OverRange,OverRange,OverRange,8.540376,12.251572,22.711538
2026/05/22 17:05:00.278,n,23.732348,6.597086,5.291238,1.53704,OverRange,OverRange,OverRange,8.547216,12.227834,22.156176
2026/05/22 17:06:00.281,n,23.708868,6.186523,5.850185,1.212917,OverRange,OverRange,OverRange,8.508088,12.208508,21.972564
2026/05/22 17:07:00.266,n,23.921974,3.425665,4.688092,1.467715,OverRange,OverRange,OverRange,8.47173,12.185846,22.1601
2026/05/22 17:08:00.270,n,24.199106,3.224534,5.517442,1.532987,OverRange,OverRange,OverRange,8.485478,12.163216,22.676644
2026/05/22 17:09:00.269,n,24.295332,4.078014,4.375651,1.19054,OverRange,OverRange,OverRange,8.470718,12.140586,23.123558
2026/05/22 17:10:00.273,n,24.047196,6.173503,5.869537,1.014031,OverRange,OverRange,OverRange,8.50938,12.110384,23.119546
2026/05/22 17:11:00.274,n,24.485086,6.256024,5.804189,1.2265,OverRange,OverRange,OverRange,8.495152,12.093142,23.504522
2026/05/22 17:12:00.276,n,24.671638,6.2857,5.484993,1.335509,OverRange,OverRange,OverRange,8.501246,12.06729,23.80221
2026/05/22 17:13:00.276,n,24.788264,3.732149,3.884773,0.352466,OverRange,OverRange,OverRange,8.498958,12.048976,24.047682
2026/05/22 17:14:00.279,n,24.48804,3.859071,4.284836,1.176323,OverRange,OverRange,OverRange,8.50354,12.027386,23.802294
2026/05/22 17:15:00.281,n,23.971502,6.806074,5.731406,1.16748,OverRange,OverRange,OverRange,8.500218,12.009072,23.229868
2026/05/22 17:16:00.266,n,23.431864,4.411371,5.135084,1.448788,OverRange,OverRange,OverRange,8.431326,11.998294,22.603434
2026/05/22 17:17:00.270,n,22.894928,3.761267,4.71978,1.411181,OverRange,OverRange,OverRange,8.458008,11.975632,21.811988
2026/05/22 17:18:00.274,n,22.346442,3.660267,4.5932,1.511232,OverRange,OverRange,OverRange,8.476842,11.994646,21.086322
2026/05/22 17:19:00.272,n,22.393912,4.125432,3.96421,0.164471,OverRange,OverRange,OverRange,8.496388,11.968746,20.84128
2026/05/22 17:20:00.276,n,22.002594,6.902231,4.692149,1.200507,OverRange,OverRange,OverRange,8.530712,11.96308,20.463728
2026/05/22 17:21:00.276,n,21.19032,3.774819,3.983616,0.65166,OverRange,OverRange,OverRange,8.496018,11.945808,19.837636
2026/05/22 17:22:00.279,n,20.343404,OverRange,OverRange,OverRange,OverRange,OverRange,OverRange,8.518132,11.928566,19.198486
2026/05/22 17:23:00.281,n,19.233472,OverRange,OverRange,OverRange,OverRange,OverRange,OverRange,8.485336,11.919922,18.369242
2026/05/22 17:24:00.283,n,18.207964,6.477054,5.059645,1.426176,OverRange,OverRange,OverRange,8.451004,11.911294,17.407664
2026/05/22 17:25:00.269,n,17.015534,3.298093,4.974987,1.360414,OverRange,OverRange,OverRange,8.422532,11.894054,16.327314
2026/05/22 17:26:00.270,n,15.676456,6.211228,5.800007,1.089863,OverRange,OverRange,OverRange,8.456854,11.883278,15.134172
2026/05/22 17:27:00.271,n,14.717408,3.957876,5.245594,1.258866,OverRange,OverRange,OverRange,8.417206,11.869212,13.94043
2026/05/22 17:28:00.276,n,13.49457,4.633601,5.758772,0.974651,OverRange,OverRange,OverRange,8.386948,11.860582,12.872198
2026/05/22 17:29:00.275,n,12.253514,3.877789,4.723609,1.461822,OverRange,OverRange,OverRange,8.390248,11.847658,11.737414
2026/05/22 17:30:00.278,n,11.009252,6.555841,5.126481,1.61916,OverRange,OverRange,OverRange,8.355149,11.834668,10.738208
2026/05/22 17:31:00.280,n,10.035192,3.939894,4.707796,1.414574,OverRange,OverRange,OverRange,8.349025,11.829246,9.843606
2026/05/22 17:32:00.282,n,8.939628,6.273982,5.141644,1.514522,OverRange,OverRange,OverRange,8.330963,11.82065,9.04593
2026/05/22 17:33:00.286,n,8.043574,3.364664,5.202005,1.408241,OverRange,OverRange,OverRange,8.28037,11.808798,8.084692
2026/05/22 17:34:00.270,n,6.893227,3.898909,5.084919,1.13176,OverRange,OverRange,OverRange,8.258205,11.799064,7.057329
2026/05/22 17:35:00.271,n,5.929687,6.276471,5.460436,1.285507,OverRange,OverRange,OverRange,8.270671,11.78503,6.156414
2026/05/22 17:36:00.257,n,5.156032,6.449568,5.448468,1.179415,OverRange,OverRange,OverRange,8.21725,11.777476,5.166763
2026/05/22 17:37:00.276,n,4.33234,4.778996,4.437354,1.160123,OverRange,OverRange,OverRange,8.246516,11.753776,4.29298
2026/05/22 17:38:00.261,n,3.601537,3.329229,4.561234,1.31619,OverRange,OverRange,OverRange,8.222087,11.739678,3.345307
2026/05/22 17:39:00.264,n,2.841739,6.234037,4.892916,1.214057,OverRange,OverRange,OverRange,8.218007,11.721332,2.748906
2026/05/22 17:40:00.265,n,2.382678,6.241865,5.344285,1.448665,OverRange,OverRange,OverRange,8.220302,11.700822,2.191156
2026/05/22 17:41:00.266,n,1.841761,6.05331,4.92446,1.174215,OverRange,OverRange,OverRange,8.250835,11.682474,1.594243
2026/05/22 17:42:00.268,n,1.476359,4.809477,5.495821,0.769478,OverRange,OverRange,OverRange,8.213445,11.661964,1.199543
2026/05/22 17:43:00.270,n,1.19846,6.481431,5.113791,1.21432,OverRange,OverRange,OverRange,8.219554,11.64466,0.896223
2026/05/22 17:44:00.272,n,0.853587,3.885238,4.613972,1.492152,OverRange,OverRange,OverRange,8.199687,11.643618,0.45289
2026/05/22 17:45:00.257,n,0.034385,6.107643,5.637101,1.279263,OverRange,OverRange,OverRange,8.230275,11.63704,0.20008
2026/05/22 17:46:00.260,n,-0.836907,6.60082,5.309128,1.370764,OverRange,OverRange,OverRange,8.181565,11.613308,-0.15375
2026/05/22 17:47:00.263,n,-0.965593,4.850068,5.054909,1.345451,OverRange,OverRange,OverRange,8.206742,11.592764,-0.560395
2026/05/22 17:48:00.266,n,-0.418518,3.463229,4.891644,1.495521,OverRange,OverRange,OverRange,8.221502,11.579806,-0.873613
2026/05/22 17:49:00.268,n,0.316005,6.623655,5.000355,1.665184,OverRange,OverRange,OverRange,8.225576,11.565758,-1.107224
2026/05/22 17:50:00.267,n,-0.195916,6.328652,5.305274,1.364283,OverRange,OverRange,OverRange,8.242366,11.543066,-1.527606
2026/05/22 17:51:00.272,n,-0.640479,6.529571,4.987335,1.373731,OverRange,OverRange,OverRange,8.238796,11.533318,-1.879986
2026/05/22 17:52:00.273,n,-0.91902,6.585475,5.084217,1.482654,OverRange,OverRange,OverRange,8.23729,11.51927,-2.0729
2026/05/22 17:53:00.258,n,-1.217192,5.431019,4.934317,1.31354,OverRange,OverRange,OverRange,8.211324,11.501966,-2.191668
2026/05/22 17:54:00.260,n,-1.650464,3.632336,4.514745,1.157067,OverRange,OverRange,OverRange,8.251801,11.497652,-2.56572
2026/05/22 17:55:00.263,n,-1.814433,3.93976,5.425348,1.351916,OverRange,OverRange,OverRange,8.279022,11.490084,-2.810935
2026/05/22 17:56:00.263,n,-1.995722,6.476664,5.188312,1.389911,OverRange,OverRange,OverRange,8.303182,11.48253,-3.0175
2026/05/22 17:57:00.264,n,-1.91964,6.035429,5.814489,1.187147,OverRange,OverRange,OverRange,8.298839,11.481456,-3.10504
2026/05/22 17:58:00.268,n,-2.019458,6.315654,4.339306,1.025991,OverRange,OverRange,OverRange,8.330907,11.478184,-3.194714
2026/05/22 17:59:00.270,n,-2.197796,3.834445,4.523451,1.148215,OverRange,OverRange,OverRange,8.322255,11.472814,-3.440271
2026/05/22 18:00:00.271,n,-2.297358,6.189074,5.395506,1.261432,OverRange,OverRange,OverRange,8.349747,11.471754,-3.475253
2026/05/22 18:01:00.259,n,-2.28286,6.341536,5.719714,1.221896,OverRange,OverRange,OverRange,8.35966,11.477108,-3.646665
2026/05/22 18:02:00.258,n,-2.230128,4.115507,4.993747,1.280707,OverRange,OverRange,OverRange,8.336009,11.479274,-3.590352
2026/05/22 18:03:00.262,n,-2.282603,3.800463,4.811927,1.535021,OverRange,OverRange,OverRange,8.381023,11.479274,-3.677978
2026/05/22 18:04:00.264,n,-2.55768,3.746519,3.930004,0.466598,OverRange,OverRange,OverRange,8.411042,11.490084,-3.831728
2026/05/22 18:05:00.270,n,-2.379214,6.743906,5.577142,1.498313,OverRange,OverRange,OverRange,8.433188,11.50522,-3.740349
2026/05/22 18:06:00.268,n,-2.382165,6.635058,5.402233,1.236278,OverRange,OverRange,OverRange,8.467256,11.507386,-3.829852
2026/05/22 18:07:00.271,n,-2.443749,3.325755,4.951062,1.744871,OverRange,OverRange,OverRange,8.485826,11.523614,-3.790859
2026/05/22 18:08:00.363,n,-2.265282,5.928641,5.37093,1.148779,OverRange,OverRange,OverRange,8.495718,11.540886,-3.76168
2026/05/22 18:09:00.321,n,-2.215117,6.066077,4.90606,1.63331,OverRange,OverRange,OverRange,8.507676,11.549546,-3.892136
2026/05/22 18:10:00.308,n,-2.349961,3.217036,4.764243,1.441949,OverRange,OverRange,OverRange,8.51149,11.562504,-4.137779
2026/05/22 18:11:00.333,n,-2.306339,5.846381,5.251532,1.493088,OverRange,OverRange,OverRange,8.540222,11.579806,-4.186412
2026/05/22 18:12:00.337,n,-2.314935,3.689137,4.394219,1.231289,OverRange,OverRange,OverRange,8.52673,11.590616,-4.165082
2026/05/22 18:13:00.265,n,-2.171366,3.482721,5.041771,1.468907,OverRange,OverRange,OverRange,8.536652,11.60792,-4.085135
2026/05/22 18:14:00.267,n,-2.060001,3.506258,4.709888,1.55064,OverRange,OverRange,OverRange,8.536636,11.620876,-3.98966
2026/05/22 18:15:00.271,n,-2.118763,6.456291,5.143002,1.386839,OverRange,OverRange,OverRange,8.569966,11.631652,-4.083172
2026/05/22 18:16:00.273,n,-2.024975,6.531936,4.983921,1.578447,OverRange,OverRange,OverRange,8.530056,11.645668,-4.091107
2026/05/22 18:17:00.275,n,-1.946069,3.458735,5.129429,1.346837,OverRange,OverRange,OverRange,8.566906,11.65651,-4.01116
2026/05/22 18:18:00.275,n,-1.993028,6.421496,5.447859,1.522315,OverRange,OverRange,OverRange,8.599458,11.667286,-3.966196
2026/05/22 18:19:00.262,n,-2.086559,3.712574,4.818233,1.337273,OverRange,OverRange,OverRange,8.592072,11.67917,-4.083258
2026/05/22 18:20:00.264,n,-2.04268,6.303674,5.176362,1.281148,OverRange,OverRange,OverRange,8.61725,11.686708,-4.032406
2026/05/22 18:21:00.265,n,-1.890515,4.547775,4.996735,1.011515,OverRange,OverRange,OverRange,8.585454,11.69584,-4.118325
2026/05/22 18:22:00.268,n,-2.297101,4.411134,5.062262,1.331745,OverRange,OverRange,OverRange,8.573604,11.694732,-4.367636
2026/05/22 18:23:00.491,n,-2.244754,6.253992,6.141047,0.244738,OverRange,OverRange,OverRange,8.566738,11.70336,-4.330692
2026/05/22 18:24:00.272,n,-2.089638,5.92422,5.50614,0.874037,OverRange,OverRange,OverRange,8.559108,11.71417,-4.258339
2026/05/22 18:25:00.273,n,-2.045631,6.267719,5.770247,0.992109,OverRange,OverRange,OverRange,8.570034,11.719558,-4.128137
2026/05/22 18:26:00.276,n,-1.963775,6.526273,6.168238,0.418545,OverRange,OverRange,OverRange,8.57132,11.731442,-4.069521
2026/05/22 18:27:00.277,n,-2.019458,3.790694,4.384873,1.148303,OverRange,OverRange,OverRange,8.588588,11.740052,-4.014915
2026/05/22 18:28:00.264,n,-2.227177,6.005778,5.024754,1.606471,OverRange,OverRange,OverRange,8.627748,11.740052,-4.188204
2026/05/22 18:29:00.269,n,-2.250399,3.950562,4.810084,1.376585,OverRange,OverRange,OverRange,8.610988,11.74764,-4.157232
2026/05/22 18:30:00.269,n,-2.364716,6.334254,5.266862,1.393276,OverRange,OverRange,OverRange,8.661036,11.758416,-4.159195
2026/05/22 18:31:00.269,n,-2.218196,4.984213,4.904251,1.324541,OverRange,OverRange,OverRange,8.66155,11.76491,-4.162863
2026/05/22 18:32:00.270,n,-2.36741,5.130461,4.660039,1.189083,OverRange,OverRange,OverRange,8.702962,11.769208,-4.205866
2026/05/22 18:33:00.273,n,-2.349833,3.828718,4.925876,1.5498,OverRange,OverRange,OverRange,8.661306,11.775688,-4.205866
2026/05/22 18:34:00.274,n,-2.423092,6.20767,5.481674,1.163727,OverRange,OverRange,OverRange,8.679596,11.78433,-4.147421
2026/05/22 18:35:00.277,n,-2.22397,3.620988,4.775463,1.098758,OverRange,OverRange,OverRange,8.68187,11.78972,-4.036502
2026/05/22 18:36:00.281,n,-2.314935,3.3844,4.570525,1.531021,OverRange,OverRange,OverRange,8.73728,11.798348,-4.055699
2026/05/22 18:37:00.266,n,-2.382036,6.777966,4.708014,1.498793,OverRange,OverRange,OverRange,8.726334,11.80053,-4.050068
2026/05/22 18:38:00.269,n,-2.303259,3.040325,4.873263,1.271296,OverRange,OverRange,OverRange,8.74233,11.810198,-3.896061
2026/05/22 18:39:00.268,n,-2.308905,6.096611,4.922936,1.488272,OverRange,OverRange,OverRange,8.739798,11.813488,-3.862871
2026/05/22 18:40:00.271,n,-2.200875,3.567836,3.887466,0.847657,OverRange,OverRange,OverRange,8.708802,11.822116,-3.806388
2026/05/22 18:41:00.275,n,-2.104136,6.682576,5.629578,1.271548,OverRange,OverRange,OverRange,8.70016,11.841568,-3.652382
2026/05/22 18:42:00.275,n,-1.975322,6.504058,5.468167,1.386336,OverRange,OverRange,OverRange,8.72227,11.845818,-3.664156
2026/05/22 18:43:00.276,n,-2.086687,3.924872,4.819665,1.380169,OverRange,OverRange,OverRange,8.71516,11.854512,-3.658269
2026/05/22 18:44:00.277,n,-2.127615,6.301792,5.475033,1.470048,OverRange,OverRange,OverRange,8.73676,11.871752,-3.752037
2026/05/22 18:45:00.280,n,-2.115812,3.843901,4.493061,1.525921,OverRange,OverRange,OverRange,8.700948,11.880364,-3.763641
2026/05/22 18:46:00.266,n,-2.083865,6.810469,5.3076,1.570016,OverRange,OverRange,OverRange,8.749462,11.895764,-3.72081
2026/05/22 18:47:00.268,n,-2.267464,6.556048,4.598697,1.542422,OverRange,OverRange,OverRange,8.741414,11.897978,-3.773027
2026/05/22 18:48:00.269,n,-2.759369,3.388919,4.698426,1.475079,OverRange,OverRange,OverRange,8.709132,11.913036,-4.06133
2026/05/22 18:49:00.271,n,-2.861754,6.492192,5.278745,1.515686,OverRange,OverRange,OverRange,8.731232,11.918426,-4.032065
2026/05/22 18:50:00.274,n,-2.981843,6.565044,5.425568,1.550029,OverRange,OverRange,OverRange,8.716252,11.92492,-4.041792
2026/05/22 18:51:00.275,n,-3.055103,3.825525,4.823524,1.288835,OverRange,OverRange,OverRange,8.71549,11.923814,-4.108087
2026/05/22 18:52:00.277,n,-3.216377,4.339268,4.70938,1.567476,OverRange,OverRange,OverRange,8.73581,11.928144,-4.151003
2026/05/22 18:53:00.280,n,-3.230875,6.202135,5.698024,1.16546,OverRange,OverRange,OverRange,8.743948,11.928144,-4.194006
2026/05/22 18:54:00.281,n,-3.101805,3.496773,4.697295,1.461449,OverRange,OverRange,OverRange,8.716244,11.929234,-4.104162
2026/05/22 18:55:00.267,n,-3.213299,3.376945,5.368073,1.521773,OverRange,OverRange,OverRange,8.711166,11.925994,-4.131465
2026/05/22 18:56:00.270,n,-2.993775,6.436418,5.479428,1.439663,OverRange,OverRange,OverRange,8.704814,11.92707,-4.034027
2026/05/22 18:57:00.274,n,-2.93527,6.422448,5.667137,1.131254,OverRange,OverRange,OverRange,8.666194,11.922772,-3.930787
2026/05/22 18:58:00.274,n,-2.864833,4.526973,5.249299,1.358293,OverRange,OverRange,OverRange,8.658586,11.921648,-3.876267
2026/05/22 18:59:00.275,n,-2.885361,4.201569,4.400934,1.08441,OverRange,OverRange,OverRange,8.680924,11.913036,-3.825585
2026/05/22 19:00:00.277,n,-2.879587,3.373913,5.004498,1.313416,OverRange,OverRange,OverRange,8.648412,11.914144,-3.798453
2026/05/22 19:01:00.279,n,-2.850078,6.451739,5.175515,1.593561,OverRange,OverRange,OverRange,8.672536,11.905482,-3.774904
2026/05/22 19:02:00.281,n,-3.005322,6.546398,4.997775,1.691591,OverRange,OverRange,OverRange,8.671544,11.902226,-3.975581
2026/05/22 19:03:00.286,n,-2.961572,6.194033,5.423121,1.520667,OverRange,OverRange,OverRange,8.655782,11.8893,-3.958005
2026/05/22 19:04:00.269,n,-2.844304,3.79151,4.523617,1.576425,OverRange,OverRange,OverRange,8.6362,11.88282,-3.891881
2026/05/22 19:05:00.270,n,-2.73897,6.681905,5.103048,1.35654,OverRange,OverRange,OverRange,8.6718,11.881746,-3.845209
2026/05/22 19:06:00.272,n,-2.624782,6.251798,5.498378,1.240184,OverRange,OverRange,OverRange,8.681682,11.876358,-3.761167
2026/05/22 19:07:00.277,n,-2.633378,3.4672,4.506704,1.597012,OverRange,OverRange,OverRange,8.655026,11.870968,-3.737874
2026/05/22 19:08:00.278,n,-2.654035,2.979745,4.865406,1.392583,OverRange,OverRange,OverRange,8.689068,11.870968,-3.718506
2026/05/22 19:09:00.278,n,-2.422708,6.125112,5.533011,1.312848,OverRange,OverRange,OverRange,8.692616,11.873136,-3.601359
2026/05/22 19:10:00.280,n,-2.238467,4.542391,5.105729,1.234946,OverRange,OverRange,OverRange,8.675084,11.870968,-3.562452
2026/05/22 19:11:00.283,n,-2.217939,3.436619,5.76367,1.247569,OverRange,OverRange,OverRange,8.720562,11.869894,-3.523545
2026/05/22 19:12:00.268,n,-2.132876,6.186356,5.802201,0.714158,OverRange,OverRange,OverRange,8.73225,11.872028,-3.387201
2026/05/22 19:13:00.270,n,-2.173932,5.673773,5.268833,1.356258,OverRange,OverRange,OverRange,8.73811,11.874176,-3.476874
2026/05/22 19:14:00.275,n,-2.250014,4.77547,4.820652,1.24345,OverRange,OverRange,OverRange,8.727412,11.873136,-3.42406
2026/05/22 19:15:00.257,n,-2.320452,6.488963,4.707182,1.469957,OverRange,OverRange,OverRange,8.766796,11.878524,-3.430118
2026/05/22 19:16:00.260,n,-2.264897,5.139641,5.560929,1.150927,OverRange,OverRange,OverRange,8.747498,11.876358,-3.53148
2026/05/22 19:17:00.261,n,-2.191638,6.571706,5.704219,1.131029,OverRange,OverRange,OverRange,8.788906,11.884986,-3.381313
2026/05/22 19:18:00.263,n,-2.323146,6.311646,5.386755,1.474467,OverRange,OverRange,OverRange,8.811504,11.89363,-3.560575
2026/05/22 19:19:00.268,n,-2.214989,4.979942,4.984503,1.221535,OverRange,OverRange,OverRange,8.797786,11.903334,-3.486601
2026/05/22 19:20:00.270,n,-2.147502,3.451753,4.835511,1.422749,OverRange,OverRange,OverRange,8.825466,11.914144,-3.443684
2026/05/22 19:21:00.269,n,-2.162,3.535693,4.781087,1.413027,OverRange,OverRange,OverRange,8.847066,11.925994,-3.582161
2026/05/22 19:22:00.273,n,-2.1212,3.788608,5.055562,1.272934,OverRange,OverRange,OverRange,8.850114,11.94216,-3.605284
2026/05/22 19:23:00.257,n,-1.925028,4.11179,5.14153,1.389631,OverRange,OverRange,OverRange,8.856716,11.958326,-3.455288
2026/05/22 19:24:00.259,n,-2.056921,6.210952,5.476643,0.954296,OverRange,OverRange,OverRange,8.895066,11.970244,-3.502129
2026/05/22 19:25:00.262,n,-1.781716,3.736078,5.334986,1.38843,OverRange,OverRange,OverRange,8.843506,11.97993,-3.564585
2026/05/22 19:26:00.264,n,-1.978016,6.24128,5.075355,1.343298,OverRange,OverRange,OverRange,8.916142,11.993948,-3.586001
2026/05/22 19:27:00.266,n,-1.846251,3.735939,4.543296,1.2236,OverRange,OverRange,OverRange,8.868908,12.00259,-3.484723
2026/05/22 19:28:00.268,n,-1.819565,3.388669,4.858183,1.452361,OverRange,OverRange,OverRange,8.90598,12.016578,-3.512027
2026/05/22 19:29:00.269,n,-1.728856,3.541495,5.137427,1.281167,OverRange,OverRange,OverRange,8.86764,12.024114,-3.510064
2026/05/22 19:30:00.272,n,-1.670607,3.797891,4.401903,1.088575,OverRange,OverRange,OverRange,8.917404,12.037106,-3.546838
2026/05/22 19:31:00.257,n,-1.573996,3.723398,5.109285,1.310816,OverRange,OverRange,OverRange,8.901398,12.04785,-3.453496
2026/05/22 19:32:00.259,n,-1.448133,3.811988,4.902353,1.474732,OverRange,OverRange,OverRange,8.876766,12.057554,-3.319028
2026/05/22 19:33:00.260,n,-1.565272,3.45193,5.240599,1.505248,OverRange,OverRange,OverRange,8.873464,12.069406,-3.461175
2026/05/22 19:34:00.263,n,-1.550518,3.728033,4.609783,1.501701,OverRange,OverRange,OverRange,8.906982,12.077008,-3.484638
2026/05/22 19:35:00.267,n,-1.562065,3.352921,4.914971,1.7218,OverRange,OverRange,OverRange,8.908508,12.082366,-3.605369
2026/05/22 19:36:00.267,n,-1.483159,3.701412,4.771721,1.362267,OverRange,OverRange,OverRange,8.89201,12.101772,-3.459298
2026/05/22 19:37:00.269,n,-1.573868,6.287163,5.786108,1.182186,OverRange,OverRange,OverRange,8.91002,12.10607,-3.597519
2026/05/22 19:38:00.273,n,-1.895775,5.987388,5.316956,1.319939,OverRange,OverRange,OverRange,8.875234,12.117922,-3.679429
2026/05/22 19:39:00.273,n,-2.02459,6.422072,5.35507,1.396297,OverRange,OverRange,OverRange,8.847066,12.128764,-3.700845
2026/05/22 19:40:00.258,n,-2.080401,6.850436,5.149371,1.500336,OverRange,OverRange,OverRange,8.817582,12.129318,-3.669787
2026/05/22 19:41:00.260,n,-2.668789,3.790686,3.773077,0.128057,OverRange,OverRange,OverRange,8.908886,12.129318,-3.944524
2026/05/22 19:42:00.262,n,-2.835709,6.101769,4.86679,1.136133,OverRange,OverRange,OverRange,8.903834,12.14117,-3.893758
2026/05/22 19:43:00.265,n,-2.844433,3.706696,3.862852,0.540506,OverRange,OverRange,OverRange,8.86905,12.144378,-3.893843
2026/05/22 19:44:00.267,n,-2.882282,6.297693,5.767016,1.02548,OverRange,OverRange,OverRange,8.875636,12.147618,-3.79632
2026/05/22 19:45:00.270,n,-2.952591,6.552153,5.099647,1.279757,OverRange,OverRange,OverRange,8.82511,12.14656,-3.831558
2026/05/22 19:46:00.271,n,-3.142989,6.945554,4.824741,1.411589,OverRange,OverRange,OverRange,8.779892,12.153022,-3.90357
2026/05/22 19:47:00.274,n,-3.181095,6.164238,5.23957,1.338187,OverRange,OverRange,OverRange,8.798686,12.157338,-3.913211
2026/05/22 19:48:00.275,n,-3.175193,6.215434,5.234968,1.480142,OverRange,OverRange,OverRange,8.81392,12.157338,-3.9406
2026/05/22 19:49:00.261,n,-3.105012,3.272891,4.927236,1.706841,OverRange,OverRange,OverRange,8.776586,12.160544,-3.991366
2026/05/22 19:50:00.263,n,-3.198544,6.482044,5.677477,1.305255,OverRange,OverRange,OverRange,8.794612,12.16162,-3.909372
2026/05/22 19:51:00.266,n,-3.119767,3.661364,4.555957,1.335674,OverRange,OverRange,OverRange,8.770762,12.162726,-3.808265
2026/05/22 19:52:00.267,n,-3.116688,6.517433,4.980763,1.277719,OverRange,OverRange,OverRange,8.755514,12.168116,-3.784631
2026/05/22 19:53:00.268,n,-3.321713,6.445895,4.976269,1.667766,OverRange,OverRange,OverRange,8.707994,12.164892,-4.003055
2026/05/22 19:54:00.272,n,-3.339418,6.548409,4.899565,1.471649,OverRange,OverRange,OverRange,8.699346,12.16919,-4.137437
2026/05/22 19:55:00.274,n,-3.515062,3.499591,4.985981,1.460798,OverRange,OverRange,OverRange,8.65157,12.17562,-4.211497
2026/05/22 19:56:00.276,n,-3.306958,4.058301,4.925841,1.196303,OverRange,OverRange,OverRange,8.63506,12.176728,-4.224893
2026/05/22 19:57:00.277,n,-3.336339,6.115529,4.706935,1.309896,OverRange,OverRange,OverRange,8.676738,12.185358,-4.375059
2026/05/22 19:58:00.261,n,-3.324664,6.782708,6.05182,0.802882,OverRange,OverRange,OverRange,8.602784,12.186464,-4.429665
2026/05/22 19:59:00.264,n,-3.143118,6.345362,5.123079,1.333299,OverRange,OverRange,OverRange,8.621842,12.19182,-4.314737
2026/05/22 20:00:00.266,n,-2.993775,6.333728,5.603364,1.196171,OverRange,OverRange,OverRange,8.589818,12.196136,-4.295369
2026/05/22 20:01:00.267,n,-2.943995,3.702082,5.270571,1.407994,OverRange,OverRange,OverRange,8.583714,12.199652,-4.531028
2026/05/22 20:02:00.271,n,-3.408829,4.443171,4.297584,1.09322,OverRange,OverRange,OverRange,8.59784,12.196412,-4.752695
2026/05/22 20:03:00.274,n,-3.233056,3.892742,5.412884,1.324791,OverRange,OverRange,OverRange,8.539862,12.200728,-4.61635
2026/05/22 20:04:00.274,n,-3.329796,6.330245,5.514872,1.465369,OverRange,OverRange,OverRange,8.59782,12.2018,-4.729317
2026/05/22 20:05:00.276,n,-3.142476,3.262181,4.413708,1.343123,OverRange,OverRange,OverRange,8.563264,12.196412,-4.667032
2026/05/22 20:06:00.280,n,-3.072039,6.144,5.825435,1.169828,OverRange,OverRange,OverRange,8.595532,12.198592,-4.505176
2026/05/22 20:07:00.263,n,-2.843791,6.224416,6.105459,0.31159,OverRange,OverRange,OverRange,8.571656,12.200728,-4.44673
2026/05/22 20:08:00.265,n,-2.624268,3.538295,5.052254,1.624418,OverRange,OverRange,OverRange,8.567586,12.198592,-4.421304
2026/05/22 20:09:00.267,n,-2.834939,6.495446,5.384106,1.298673,OverRange,OverRange,OverRange,8.594514,12.200728,-4.510978
2026/05/22 20:10:00.269,n,-2.414368,3.508045,4.322754,1.204609,OverRange,OverRange,OverRange,8.626196,12.205822,-4.190252
2026/05/22 20:11:00.271,n,-2.534586,3.879365,4.907843,1.318645,OverRange,OverRange,OverRange,8.593002,12.196136,-4.301341
2026/05/22 20:12:00.276,n,-2.572692,3.955185,5.179998,1.244074,OverRange,OverRange,OverRange,8.613866,12.198284,-4.365759
2026/05/22 20:13:00.275,n,-2.674819,3.344518,5.331342,1.544162,OverRange,OverRange,OverRange,8.617412,12.202566,-4.449631
2026/05/22 20:14:00.278,n,-2.736789,3.485928,5.006583,1.591367,OverRange,OverRange,OverRange,8.598608,12.198284,-4.453471
2026/05/22 20:15:00.280,n,-2.87715,6.315758,5.898962,1.271563,OverRange,OverRange,OverRange,8.591232,12.196136,-4.601504
2026/05/22 20:16:00.266,n,-3.161208,6.027651,5.233817,1.267961,OverRange,OverRange,OverRange,8.609024,12.18858,-4.835458
2026/05/22 20:17:00.267,n,-3.272573,6.56334,4.630896,1.379385,OverRange,OverRange,OverRange,8.614086,12.193986,-4.839553
2026/05/22 20:18:00.273,n,-3.363026,5.974983,5.471405,1.311717,OverRange,OverRange,OverRange,8.583354,12.184282,-4.905678
2026/05/22 20:19:00.274,n,-3.205215,3.414224,5.806151,1.17463,OverRange,OverRange,OverRange,8.51116,12.182116,-4.888101
2026/05/22 20:20:00.273,n,-3.123231,6.120276,5.959677,0.711785,OverRange,OverRange,OverRange,8.576498,12.17997,-4.77121
2026/05/22 20:21:00.279,n,-3.114378,3.858586,4.406158,0.937834,OverRange,OverRange,OverRange,8.571672,12.172398,-4.790578
2026/05/22 20:22:00.278,n,-3.208038,3.43551,5.195558,1.288391,OverRange,OverRange,OverRange,8.565292,12.167008,-4.769247
2026/05/22 20:23:00.279,n,-3.000062,6.293253,5.641682,0.972256,OverRange,OverRange,OverRange,8.539876,12.164844,-4.660035
2026/05/22 20:24:00.283,n,-2.836222,6.59496,5.163563,1.495944,OverRange,OverRange,OverRange,8.51267,12.155156,-4.513793
2026/05/22 20:25:00.268,n,-2.935527,3.699187,4.973436,1.143838,OverRange,OverRange,OverRange,8.527166,12.14656,-4.599798
2026/05/22 20:26:00.268,n,-3.017639,3.766666,3.841113,0.092768,OverRange,OverRange,OverRange,8.593028,12.140128,-4.543229
2026/05/22 20:27:00.271,n,-2.909225,3.315481,5.419586,1.455243,OverRange,OverRange,OverRange,8.524114,12.140128,-4.437856
2026/05/22 20:28:00.274,n,-2.947459,6.510531,5.323959,1.423169,OverRange,OverRange,OverRange,8.55539,12.128276,-4.52753
2026/05/22 20:29:00.341,n,-2.903452,6.2617,5.388344,1.439516,OverRange,OverRange,OverRange,8.550812,12.128276,-4.467122
2026/05/22 20:30:00.277,n,-2.601944,3.914051,4.640309,1.378362,OverRange,OverRange,OverRange,8.542934,12.133634,-4.256718
2026/05/22 20:31:00.279,n,-2.780539,3.62958,5.313837,1.247795,OverRange,OverRange,OverRange,8.593022,12.132526,-4.305266
2026/05/22 20:32:00.280,n,-2.575642,4.088932,4.834812,1.328996,OverRange,OverRange,OverRange,8.559962,12.128276,-4.174809
2026/05/22 20:33:00.282,n,-2.66648,6.105662,5.51708,0.962323,OverRange,OverRange,OverRange,8.620468,12.134706,-4.35006
2026/05/22 20:34:00.269,n,-2.61362,3.769055,4.097847,1.207165,OverRange,OverRange,OverRange,8.57166,12.133634,-4.348183
2026/05/22 20:35:00.270,n,-2.841995,6.345861,5.383767,1.138882,OverRange,OverRange,OverRange,8.607758,12.13684,-4.412601
2026/05/22 20:36:00.273,n,-2.634148,3.635669,5.226874,1.368391,OverRange,OverRange,OverRange,8.466396,12.14441,-4.404837
2026/05/22 20:37:00.275,n,-2.487885,3.586751,5.581181,1.130666,OverRange,OverRange,OverRange,8.544206,12.147618,-4.35006
2026/05/22 20:38:00.276,n,-2.376776,3.589772,3.868512,0.204062,OverRange,OverRange,OverRange,8.578024,12.147618,-4.264396
2026/05/22 20:39:00.279,n,-2.461326,3.885467,4.589638,1.383127,OverRange,OverRange,OverRange,8.614116,12.151948,-4.406544
2026/05/22 20:40:00.282,n,-2.291712,6.109186,4.617483,1.255042,OverRange,OverRange,OverRange,8.670268,12.154082,-4.24682
2026/05/22 20:41:00.283,n,-2.110038,3.395256,4.738184,1.186339,OverRange,OverRange,OverRange,8.598348,12.1498,-4.172931
2026/05/22 20:42:00.284,n,-2.139547,3.676289,4.751848,1.101057,OverRange,OverRange,OverRange,8.633168,12.1498,-4.106806
2026/05/22 20:43:00.272,n,-2.227177,6.361088,4.730664,1.376244,OverRange,OverRange,OverRange,8.681454,12.154082,-4.163204
2026/05/22 20:44:00.273,n,-1.995978,3.683299,4.13827,1.28607,OverRange,OverRange,OverRange,8.627548,12.151948,-4.042303
2026/05/22 20:45:00.258,n,-1.987382,6.427488,4.558469,1.374911,OverRange,OverRange,OverRange,8.747752,12.154082,-3.968329
2026/05/22 20:46:00.276,n,-1.908092,4.210891,5.369295,1.24166,OverRange,OverRange,OverRange,8.627066,12.162726,-3.962272
2026/05/22 20:47:00.261,n,-1.969805,3.692949,5.090803,1.343323,OverRange,OverRange,OverRange,8.720576,12.160578,-4.003482
2026/05/22 20:48:00.263,n,-2.016506,3.862507,5.041155,1.09885,OverRange,OverRange,OverRange,8.739624,12.167008,-3.952715
2026/05/22 20:49:00.265,n,-1.887949,3.498744,5.064523,1.47116,OverRange,OverRange,OverRange,8.736816,12.170264,-3.837701
2026/05/22 20:50:00.267,n,-1.9317,6.185858,5.437725,1.59091,OverRange,OverRange,OverRange,8.776952,12.168116,-3.900072
2026/05/22 20:51:00.269,n,-1.776455,3.784408,4.821484,1.56671,OverRange,OverRange,OverRange,8.712174,12.171356,-3.91176
2026/05/22 20:52:00.270,n,-1.668169,4.630048,5.046532,1.285631,OverRange,OverRange,OverRange,8.782812,12.176728,-3.808436
2026/05/22 20:53:00.258,n,-1.732705,6.822587,5.486033,1.642858,OverRange,OverRange,OverRange,8.76146,12.176728,-3.78318
2026/05/22 20:54:00.259,n,-1.653671,3.407067,4.729679,1.447767,OverRange,OverRange,OverRange,8.76503,12.185358,-3.794955
2026/05/22 20:55:00.260,n,-1.755799,5.144991,4.897362,1.440291,OverRange,OverRange,OverRange,8.849346,12.185358,-3.820125
2026/05/22 20:56:00.262,n,-1.802886,3.41458,4.571308,1.535145,OverRange,OverRange,OverRange,8.826482,12.187506,-3.787105
2026/05/22 20:57:00.266,n,-2.043065,6.024791,5.785074,1.220155,OverRange,OverRange,OverRange,8.858724,12.189638,-3.810313
2026/05/22 20:58:00.266,n,-2.151351,6.018299,4.998387,1.387555,OverRange,OverRange,OverRange,8.875478,12.19506,-3.833776
2026/05/22 20:59:00.269,n,-2.101442,3.903298,4.096524,1.008947,OverRange,OverRange,OverRange,8.888722,12.196136,-3.697431
2026/05/22 21:00:00.272,n,-2.28581,6.103923,5.144697,1.376857,OverRange,OverRange,OverRange,8.969702,12.199326,-3.601786
2026/05/22 21:01:00.256,n,-2.30621,6.172493,5.907574,0.430021,OverRange,OverRange,OverRange,8.935192,12.211244,-3.563049
2026/05/22 21:02:00.258,n,-2.376519,6.584058,4.734395,1.362988,OverRange,OverRange,OverRange,8.920178,12.205822,-3.62141
2026/05/22 21:03:00.260,n,-2.446957,3.835052,4.751818,1.295777,OverRange,OverRange,OverRange,8.934932,12.205822,-3.502641
2026/05/22 21:04:00.261,n,-2.508284,3.352732,4.546102,1.247992,OverRange,OverRange,OverRange,8.925024,12.21227,-3.45981
2026/05/22 21:05:00.264,n,-2.481983,6.122353,5.307458,1.508879,OverRange,OverRange,OverRange,8.961314,12.218734,-3.399316
2026/05/22 21:06:00.266,n,-2.552035,5.435105,5.258705,1.389009,OverRange,OverRange,OverRange,8.8788,12.227378,-3.346587
2026/05/22 21:07:00.267,n,-2.584238,4.782542,4.933749,0.985091,OverRange,OverRange,OverRange,8.847576,12.225228,-3.405033
2026/05/22 21:08:00.270,n,-2.651853,6.13943,5.124271,1.29843,OverRange,OverRange,OverRange,8.96107,12.232736,-3.340956
2026/05/22 21:09:00.271,n,-2.537537,3.872639,4.107918,1.072805,OverRange,OverRange,OverRange,8.90854,12.253998,-3.395392
2026/05/22 21:10:00.256,n,-3.034062,4.036897,4.941931,0.961912,OverRange,OverRange,OverRange,8.90182,12.25942,-3.750843
2026/05/22 21:11:00.259,n,-2.9345,6.372223,5.333543,1.363363,OverRange,OverRange,OverRange,8.919128,12.266942,-3.624396
2026/05/22 21:12:00.260,n,-2.849693,6.560074,5.022856,1.453196,OverRange,OverRange,OverRange,8.85229,12.271272,-3.616547
2026/05/22 21:13:00.263,n,-2.835067,5.979386,5.66992,0.697164,OverRange,OverRange,OverRange,8.940694,12.279902,-3.569619
2026/05/22 21:14:00.266,n,-2.76463,3.937106,4.986465,1.305948,OverRange,OverRange,OverRange,8.889654,12.284152,-3.540524
2026/05/22 21:15:00.267,n,-2.823263,6.368781,4.729494,1.036413,OverRange,OverRange,OverRange,9.003128,12.285258,-3.538647
2026/05/22 21:16:00.269,n,-2.80838,3.726497,4.369196,1.057136,OverRange,OverRange,OverRange,8.932552,12.289574,-3.56194
2026/05/22 21:17:00.271,n,-2.735505,3.801943,4.595446,1.401823,OverRange,OverRange,OverRange,8.937612,12.285258,-3.546412
2026/05/22 21:18:00.272,n,-2.688547,3.883291,4.645658,1.210408,OverRange,OverRange,OverRange,8.960724,12.286302,-3.526958
2026/05/22 21:19:00.258,n,-2.709204,3.137628,4.533562,1.375297,OverRange,OverRange,OverRange,9.01151,12.287408,-3.532675
2026/05/22 21:20:00.260,n,-2.647748,6.171372,5.487606,1.341461,OverRange,OverRange,OverRange,8.989166,12.287408,-3.509297
2026/05/22 21:21:00.262,n,-2.580261,6.609074,5.512959,1.176142,OverRange,OverRange,OverRange,8.93306,12.28311,-3.425595
2026/05/22 21:22:00.264,n,-2.63017,6.252445,5.656522,1.184216,OverRange,OverRange,OverRange,8.924948,12.288516,-3.439332
2026/05/22 21:23:00.268,n,-2.594888,3.949106,4.733015,1.202884,OverRange,OverRange,OverRange,8.836858,12.279902,-3.306742
2026/05/22 21:24:00.268,n,-2.711898,4.650452,5.072922,1.112947,OverRange,OverRange,OverRange,8.8927,12.274512,-3.30478
2026/05/22 21:25:00.270,n,-2.6566,5.459104,4.62154,1.064533,OverRange,OverRange,OverRange,8.855114,12.270166,-3.242494
2026/05/22 21:26:00.272,n,-2.69137,6.581045,4.569389,1.41014,OverRange,OverRange,OverRange,8.878714,12.271272,-3.295223
2026/05/22 21:27:00.275,n,-2.679951,3.951697,5.382433,1.207512,OverRange,OverRange,OverRange,8.80865,12.256164,-3.347696
2026/05/22 21:28:00.261,n,-2.735634,3.390498,5.027613,1.444398,OverRange,OverRange,OverRange,8.827678,12.250774,-3.402132
2026/05/22 21:29:00.263,n,-2.758856,6.631941,5.062065,1.621927,OverRange,OverRange,OverRange,8.892172,12.250774,-3.425425
2026/05/22 21:30:00.266,n,-2.720879,6.437401,4.955227,1.306897,OverRange,OverRange,OverRange,8.871614,12.240028,-3.427473
2026/05/22 21:31:00.266,n,-2.668147,5.495508,5.141246,1.140636,OverRange,OverRange,OverRange,8.835318,12.236774,-3.419793
2026/05/22 21:32:00.270,n,-2.662502,6.30436,5.414819,1.530654,OverRange,OverRange,OverRange,8.877716,12.230342,-3.44522
2026/05/22 21:33:00.270,n,-2.627091,6.408495,4.814354,1.316268,OverRange,OverRange,OverRange,8.90209,12.224952,-3.44121
2026/05/22 21:34:00.273,n,-2.618367,3.842052,4.551062,0.930072,OverRange,OverRange,OverRange,8.840394,12.221712,-3.550166
2026/05/22 21:35:00.273,n,-2.709075,6.148216,5.020374,1.147421,OverRange,OverRange,OverRange,8.94958,12.206604,-3.437199
2026/05/22 21:36:00.275,n,-2.638638,3.924368,4.616609,1.440914,OverRange,OverRange,OverRange,8.84314,12.209858,-3.52491
2026/05/22 21:37:00.263,n,-2.609514,3.388034,5.276814,1.444325,OverRange,OverRange,OverRange,8.845204,12.204438,-3.42952
2026/05/22 21:38:00.265,n,-2.635687,3.947701,4.950195,1.360217,OverRange,OverRange,OverRange,8.837332,12.199114,-3.44121
2026/05/22 21:39:00.265,n,-2.685725,3.535909,5.056215,1.663754,OverRange,OverRange,OverRange,8.8871,12.196934,-3.402217
2026/05/22 21:40:00.268,n,-2.621446,6.17451,5.689645,1.214841,OverRange,OverRange,OverRange,8.915818,12.18723,-3.376962
2026/05/22 21:41:00.270,n,-2.632865,6.642584,5.056993,1.544605,OverRange,OverRange,OverRange,8.836544,12.18723,-3.548374
2026/05/22 21:42:00.272,n,-2.665325,3.775011,3.971762,0.784881,OverRange,OverRange,OverRange,8.89474,12.188304,-3.390613
2026/05/22 21:43:00.273,n,-2.738457,3.405799,4.894894,1.706762,OverRange,OverRange,OverRange,8.885046,12.189396,-3.413992
2026/05/22 21:44:00.275,n,-2.621189,6.580447,4.881995,1.298468,OverRange,OverRange,OverRange,8.891928,12.191512,-3.351707
2026/05/22 21:45:00.277,n,-2.595144,5.988966,4.944307,1.554457,OverRange,OverRange,OverRange,8.900824,12.192618,-3.449059
2026/05/22 21:46:00.264,n,-2.615416,6.331785,4.738974,1.022453,OverRange,OverRange,OverRange,8.888902,12.200156,-3.423633
2026/05/22 21:47:00.265,n,-2.55396,4.064089,5.191169,1.32743,OverRange,OverRange,OverRange,8.799214,12.206604,-3.378754
2026/05/22 21:48:00.267,n,-2.597967,3.595607,4.954823,1.4922,OverRange,OverRange,OverRange,8.871114,12.206604,-3.380802
2026/05/22 21:49:00.270,n,-2.641846,6.51558,4.694245,1.424803,OverRange,OverRange,OverRange,8.964264,12.209858,-3.377047
2026/05/22 21:50:00.271,n,-2.609514,5.360727,4.699443,1.06128,OverRange,OverRange,OverRange,8.88152,12.21525,-3.474315
2026/05/22 21:51:00.275,n,-2.615287,5.94425,5.093109,1.188784,OverRange,OverRange,OverRange,8.829468,12.212026,-3.447011
2026/05/22 21:52:00.277,n,-2.586163,4.042235,5.016099,1.584047,OverRange,OverRange,OverRange,8.856364,12.21629,-3.460748
2026/05/22 21:53:00.278,n,-2.574488,5.180468,4.747214,1.274866,OverRange,OverRange,OverRange,8.895,12.218456,-3.398292
2026/05/22 21:54:00.278,n,-2.557039,6.347063,5.72991,1.195887,OverRange,OverRange,OverRange,8.85817,12.209858,-3.44121
2026/05/22 21:55:00.264,n,-2.603612,6.513403,5.055979,1.586262,OverRange,OverRange,OverRange,8.844412,12.21953,-3.44138
2026/05/22 21:56:00.267,n,-2.583084,6.238173,5.086259,1.438813,OverRange,OverRange,OverRange,8.828436,12.21629,-3.370989
2026/05/22 21:57:00.269,n,-2.582955,6.240364,5.314285,1.517057,OverRange,OverRange,OverRange,8.7906,12.205578,-3.417831
2026/05/22 21:58:00.269,n,-2.618367,3.827279,5.181664,1.3169,OverRange,OverRange,OverRange,8.661322,12.205578,-3.4744
2026/05/22 21:59:00.272,n,-2.805558,3.377955,5.020456,1.547889,OverRange,OverRange,OverRange,8.698608,12.201216,-3.456823
2026/05/22 22:00:00.273,n,-2.805943,3.817806,5.316134,1.483496,OverRange,OverRange,OverRange,8.678314,12.201216,-3.581394
2026/05/22 22:01:00.276,n,-2.817362,4.670211,4.392874,0.58447,OverRange,OverRange,OverRange,8.70809,12.192618,-3.606905
2026/05/22 22:02:00.277,n,-2.919746,6.268708,5.849824,1.186409,OverRange,OverRange,OverRange,8.692308,12.191512,-3.585404
2026/05/22 22:03:00.279,n,-2.943353,4.616505,4.536811,1.085809,OverRange,OverRange,OverRange,8.65798,12.185048,-3.729427
2026/05/22 22:04:00.264,n,-2.890365,6.547438,5.109466,1.379425,OverRange,OverRange,OverRange,8.716182,12.183974,-3.686681
2026/05/22 22:05:00.266,n,-2.960674,3.601605,4.754162,1.544842,OverRange,OverRange,OverRange,8.664602,12.174302,-3.784119
2026/05/22 22:06:00.269,n,-2.975428,3.463958,5.047579,1.659935,OverRange,OverRange,OverRange,8.738022,12.169956,-3.766457
2026/05/22 22:07:00.272,n,-2.940146,3.480091,5.335034,1.407212,OverRange,OverRange,OverRange,8.688742,12.16245,-3.723711
2026/05/22 22:08:00.274,n,-2.92847,6.140832,5.434067,1.377918,OverRange,OverRange,OverRange,8.684658,12.164616,-3.715946
2026/05/22 22:09:00.277,n,-2.90807,6.127651,4.999509,1.506058,OverRange,OverRange,OverRange,8.679582,12.150564,-3.747089
2026/05/22 22:10:00.277,n,-2.893444,3.959849,4.306351,1.009323,OverRange,OverRange,OverRange,8.613032,12.148416,-3.739325
2026/05/22 22:11:00.279,n,-2.940146,4.901237,5.052953,0.980533,OverRange,OverRange,OverRange,8.747416,12.140894,-3.69837
2026/05/22 22:12:00.282,n,-2.911021,3.959609,4.627656,1.127962,OverRange,OverRange,OverRange,8.688492,12.131144,-3.731475
2026/05/22 22:13:00.269,n,-2.867271,3.75675,4.432491,1.158171,OverRange,OverRange,OverRange,8.650894,12.133324,-3.690691
2026/05/22 22:14:00.270,n,-2.887542,6.545661,5.453682,1.478077,OverRange,OverRange,OverRange,8.748174,12.127966,-3.717909
2026/05/22 22:15:00.277,n,-2.902297,3.928959,4.485581,1.182286,OverRange,OverRange,OverRange,8.63233,12.121472,-3.706135
2026/05/22 22:16:00.289,n,-2.969526,3.734333,4.852316,1.486899,OverRange,OverRange,OverRange,8.648346,12.12043,-3.694445
2026/05/22 22:17:00.275,n,-2.849565,6.358237,5.11499,1.283174,OverRange,OverRange,OverRange,8.6712,12.117188,-3.602895
2026/05/22 22:18:00.261,n,-2.884848,6.583808,5.153489,1.419212,OverRange,OverRange,OverRange,8.643276,12.119322,-3.528835
2026/05/22 22:19:00.278,n,-2.890493,3.479346,5.235613,1.421084,OverRange,OverRange,OverRange,8.534734,12.113934,-3.645812
2026/05/22 22:20:00.280,n,-3.042658,6.189603,5.348413,1.17399,OverRange,OverRange,OverRange,8.595246,12.11605,-3.598885
2026/05/22 22:21:00.284,n,-3.025209,3.900921,4.833716,1.207033,OverRange,OverRange,OverRange,8.547444,12.118232,-3.66134
2026/05/22 22:22:00.269,n,-3.043043,6.352366,5.194195,1.458494,OverRange,OverRange,OverRange,8.614782,12.118232,-3.748966
2026/05/22 22:23:00.270,n,-3.042658,6.464237,4.806264,1.285744,OverRange,OverRange,OverRange,8.59192,12.12043,-3.743164
2026/05/22 22:24:00.272,n,-3.110273,5.998037,5.014889,1.362074,OverRange,OverRange,OverRange,8.652156,12.126892,-3.758693
2026/05/22 22:25:00.275,n,-3.034062,5.585607,4.889599,1.45498,OverRange,OverRange,OverRange,8.559398,12.123652,-3.789921
2026/05/22 22:26:00.277,n,-2.954772,5.676191,5.185026,1.229481,OverRange,OverRange,OverRange,8.551518,12.129074,-3.727465
2026/05/22 22:27:00.262,n,-3.039707,6.107678,6.261704,0.116901,OverRange,OverRange,OverRange,8.584564,12.124712,-3.727551
2026/05/22 22:28:00.281,n,-3.02816,3.858443,3.73713,0.22966,OverRange,OverRange,OverRange,8.631582,12.122546,-3.784119
2026/05/22 22:29:00.284,n,-3.072296,3.778195,3.993681,0.282525,OverRange,OverRange,OverRange,8.654704,12.117188,-3.827121
2026/05/22 22:30:00.284,n,-3.045737,4.985372,4.307992,1.207872,OverRange,OverRange,OverRange,8.698914,12.108544,-3.791883
2026/05/22 22:31:00.270,n,-2.960802,3.518571,4.951309,1.453556,OverRange,OverRange,OverRange,8.630032,12.112842,-3.902802
2026/05/22 22:32:00.272,n,-2.896138,3.438113,5.366149,1.305283,OverRange,OverRange,OverRange,8.613536,12.103156,-3.82695
2026/05/22 22:33:00.257,n,-2.88164,3.964136,5.078338,1.447761,OverRange,OverRange,OverRange,8.582524,12.103156,-3.824903
2026/05/22 22:34:00.259,n,-2.808509,3.768086,4.921114,1.428389,OverRange,OverRange,OverRange,8.673254,12.103156,-3.752806
2026/05/22 22:35:00.261,n,-2.712283,6.538747,5.217238,1.55449,OverRange,OverRange,OverRange,8.637126,12.099916,-3.828827
2026/05/22 22:36:00.264,n,-2.676872,3.526785,4.546714,1.596315,OverRange,OverRange,OverRange,8.646566,12.09127,-3.821063
2026/05/22 22:37:00.264,n,-2.624268,3.417441,5.365158,1.481553,OverRange,OverRange,OverRange,8.675782,12.089154,-3.766543
2026/05/22 22:38:00.270,n,-2.594888,3.315106,4.998556,1.69242,OverRange,OverRange,OverRange,8.622392,12.086988,-3.735314
2026/05/22 22:39:00.270,n,-2.594759,3.463546,4.991943,1.673652,OverRange,OverRange,OverRange,8.70193,12.084808,-3.712022
2026/05/22 22:40:00.271,n,-2.615544,3.477076,4.971718,1.69762,OverRange,OverRange,OverRange,8.65595,12.085914,-3.756816
2026/05/22 22:41:00.274,n,-2.533431,5.506085,5.045357,1.391692,OverRange,OverRange,OverRange,8.673986,12.089154,-3.655624
2026/05/22 22:42:00.258,n,-2.741279,6.634308,4.831199,1.46276,OverRange,OverRange,OverRange,8.673472,12.074062,-3.815091
2026/05/22 22:43:00.263,n,-2.776305,4.771014,4.649698,1.05313,OverRange,OverRange,OverRange,8.680624,12.079418,-3.908859
2026/05/22 22:44:00.265,n,-2.738457,6.664573,5.005862,1.665681,OverRange,OverRange,OverRange,8.706778,12.074062,-3.807412
2026/05/22 22:45:00.266,n,-2.709204,6.499598,5.029483,1.746338,OverRange,OverRange,OverRange,8.731674,12.079418,-3.883349
2026/05/22 22:46:00.265,n,-2.425659,4.036036,4.677455,1.457436,OverRange,OverRange,OverRange,8.656246,12.072924,-3.751526
2026/05/22 22:47:00.268,n,-2.223841,3.372127,5.19653,1.587352,OverRange,OverRange,OverRange,8.72408,12.072924,-3.663985
2026/05/22 22:48:00.269,n,-2.221018,4.001894,4.940838,0.905002,OverRange,OverRange,OverRange,8.706564,12.075724,-3.574227
2026/05/22 22:49:00.273,n,-2.364588,5.312506,5.424787,1.224408,OverRange,OverRange,OverRange,8.710576,12.066004,-3.63873
2026/05/22 22:50:00.258,n,-2.405516,5.406541,5.308759,1.531141,OverRange,OverRange,OverRange,8.737768,12.068152,-3.644532
2026/05/22 22:51:00.260,n,-2.519703,6.510297,4.942631,1.705119,OverRange,OverRange,OverRange,8.778906,12.068152,-3.54334
2026/05/22 22:52:00.262,n,-2.519703,6.097692,4.963175,1.480295,OverRange,OverRange,OverRange,8.735952,12.064912,-3.475083
2026/05/22 22:53:00.264,n,-2.595786,6.47154,5.015964,1.371487,OverRange,OverRange,OverRange,8.799214,12.071392,-3.53933
2026/05/22 22:54:00.265,n,-2.756803,3.454968,4.850203,1.581558,OverRange,OverRange,OverRange,8.722016,12.064912,-3.589926
2026/05/22 22:55:00.269,n,-2.760011,6.521654,5.211702,1.544907,OverRange,OverRange,OverRange,8.748932,12.062764,-3.508273
2026/05/22 22:56:00.269,n,-2.79786,6.685355,4.626765,1.559414,OverRange,OverRange,OverRange,8.737508,12.068152,-3.471242
2026/05/22 22:57:00.272,n,-2.712924,3.382837,4.852219,1.735104,OverRange,OverRange,OverRange,8.754278,12.075724,-3.375682
2026/05/22 22:58:00.258,n,-2.77143,3.133413,5.084055,1.550572,OverRange,OverRange,OverRange,8.79009,12.077856,-3.564756
2026/05/22 22:59:00.259,n,-2.677898,3.57744,5.064124,1.440874,OverRange,OverRange,OverRange,8.76645,12.083228,-3.434128
2026/05/22 23:00:00.260,n,-2.616314,3.499707,5.173196,1.449712,OverRange,OverRange,OverRange,8.73087,12.085392,-3.438138
2026/05/22 23:01:00.263,n,-2.663272,6.455043,5.312358,1.407056,OverRange,OverRange,OverRange,8.771298,12.083228,-3.399231
2026/05/22 23:02:00.265,n,-2.677642,3.52851,4.9352,1.660245,OverRange,OverRange,OverRange,8.692784,12.083228,-3.521839
2026/05/22 23:03:00.269,n,-2.692268,3.419321,5.05353,1.368511,OverRange,OverRange,OverRange,8.758596,12.087606,-3.508187
2026/05/22 23:04:00.269,n,-2.739483,6.17658,5.188463,1.258718,OverRange,OverRange,OverRange,8.760616,12.090814,-3.570473
2026/05/22 23:05:00.272,n,-2.9617,5.379827,5.04926,1.152206,OverRange,OverRange,OverRange,8.701924,12.080038,-3.759546
2026/05/22 23:06:00.275,n,-2.89755,3.459111,5.831216,1.16287,OverRange,OverRange,OverRange,8.669942,12.0865,-3.67977
2026/05/22 23:07:00.258,n,-2.818388,3.731588,4.249115,1.156901,OverRange,OverRange,OverRange,8.740826,12.076814,-3.611512
2026/05/22 23:08:00.260,n,-2.833142,4.468204,4.920505,1.22146,OverRange,OverRange,OverRange,8.671188,12.071392,-3.57252
2026/05/22 23:09:00.262,n,-2.838916,6.433806,5.180731,1.521027,OverRange,OverRange,OverRange,8.693564,12.070334,-3.601615
2026/05/22 23:10:00.265,n,-2.838916,6.20391,5.578854,1.103692,OverRange,OverRange,OverRange,8.66331,12.071392,-3.601786
2026/05/22 23:11:00.266,n,-2.806841,3.680761,4.716438,1.179618,OverRange,OverRange,OverRange,8.617834,12.059542,-3.625078
2026/05/22 23:12:00.270,n,-2.838788,3.425258,5.08011,1.44035,OverRange,OverRange,OverRange,8.650594,12.067078,-3.636853
2026/05/22 23:13:00.271,n,-2.84764,6.177271,5.655852,1.020232,OverRange,OverRange,OverRange,8.731416,12.051986,-3.594021
2026/05/22 23:14:00.275,n,-2.791958,3.963495,4.997339,1.296486,OverRange,OverRange,OverRange,8.608944,12.046628,-3.703063
2026/05/22 23:15:00.274,n,-2.979277,6.393011,5.037236,1.559451,OverRange,OverRange,OverRange,8.689214,12.043374,-3.747857
2026/05/22 23:16:00.260,n,-3.096416,6.286167,5.127833,1.479465,OverRange,OverRange,OverRange,8.65213,12.040134,-3.823879
2026/05/22 23:17:00.261,n,-3.011609,3.947088,5.014853,1.538617,OverRange,OverRange,OverRange,8.626446,12.030416,-3.781047
2026/05/22 23:18:00.264,n,-2.956055,6.416909,5.089462,1.501225,OverRange,OverRange,OverRange,8.730648,12.03367,-3.685572
2026/05/22 23:19:00.265,n,-2.993904,6.422754,5.032031,1.616248,OverRange,OverRange,OverRange,8.724278,12.022894,-3.747857
2026/05/22 23:20:00.267,n,-2.800682,3.626108,4.751617,1.478301,OverRange,OverRange,OverRange,8.690252,12.016398,-3.691459
2026/05/22 23:21:00.271,n,-2.829935,6.553774,5.033676,1.617531,OverRange,OverRange,OverRange,8.704474,12.01425,-3.558783
2026/05/22 23:22:00.271,n,-2.791958,4.599725,4.877713,1.367973,OverRange,OverRange,OverRange,8.676022,12.009934,-3.634805
2026/05/22 23:23:00.274,n,-2.821339,3.877005,4.780967,1.136423,OverRange,OverRange,OverRange,8.648854,12.004544,-3.658183
2026/05/22 23:24:00.277,n,-2.917821,3.939034,4.733132,1.408424,OverRange,OverRange,OverRange,8.680558,12.002364,-3.656221
2026/05/22 23:25:00.260,n,-2.873942,6.503608,5.019196,1.620401,OverRange,OverRange,OverRange,8.709798,11.998082,-3.60554
2026/05/22 23:26:00.262,n,-2.862395,6.465114,5.007731,1.630766,OverRange,OverRange,OverRange,8.660762,11.997006,-3.63873
2026/05/22 23:27:00.265,n,-2.835709,6.498404,5.179102,1.526709,OverRange,OverRange,OverRange,8.58582,11.985156,-3.623116
2026/05/22 23:28:00.266,n,-2.938478,6.098905,5.274298,1.389422,OverRange,OverRange,OverRange,8.574642,11.97438,-3.543255
2026/05/22 23:29:00.268,n,-2.89447,3.478491,5.016647,1.410179,OverRange,OverRange,OverRange,8.532944,11.976528,-3.623201
2026/05/22 23:30:00.270,n,-3.026235,6.462627,4.697778,1.493201,OverRange,OverRange,OverRange,8.664586,11.967884,-3.658183
2026/05/22 23:31:00.432,n,-3.087692,6.476703,4.752924,1.355917,OverRange,OverRange,OverRange,8.591878,11.968958,-3.706902
2026/05/22 23:32:00.460,n,-2.891519,3.348136,5.029375,1.47397,OverRange,OverRange,OverRange,8.587582,11.971138,-3.640692
2026/05/22 23:33:00.277,n,-2.768735,6.518354,5.156219,1.334703,OverRange,OverRange,OverRange,8.624456,11.971138,-3.576445
2026/05/22 23:34:00.262,n,-2.669046,3.484378,5.001927,1.305178,OverRange,OverRange,OverRange,8.569784,11.97542,-3.638815
2026/05/22 23:35:00.265,n,-2.721521,3.53263,5.031972,1.532717,OverRange,OverRange,OverRange,8.573074,11.98081,-3.679599
2026/05/22 23:36:00.266,n,-2.745385,3.958386,4.646937,1.495084,OverRange,OverRange,OverRange,8.642446,11.985156,-3.687449
2026/05/22 23:37:00.269,n,-2.80389,3.393138,5.358803,1.531965,OverRange,OverRange,OverRange,8.581198,11.990512,-3.642569
2026/05/22 23:38:00.271,n,-2.715876,5.615834,5.066119,1.45796,OverRange,OverRange,OverRange,8.652888,11.993734,-3.627127
2026/05/22 23:39:00.422,n,-2.683544,6.672444,5.082383,1.587787,OverRange,OverRange,OverRange,8.622936,12.002364,-3.53549
2026/05/22 23:40:00.320,n,-2.651468,6.17822,5.059859,1.449428,OverRange,OverRange,OverRange,8.664088,11.999156,-3.53148
2026/05/22 23:41:00.320,n,-2.54036,5.09628,4.822481,1.160302,OverRange,OverRange,OverRange,8.581742,12.008892,-3.57636
2026/05/22 23:42:00.449,n,-2.472745,3.865123,4.800874,1.405016,OverRange,OverRange,OverRange,8.634618,12.01425,-3.508187
2026/05/22 23:43:00.333,n,-2.619393,6.196259,5.177635,1.203689,OverRange,OverRange,OverRange,8.704478,12.010976,-3.405033
2026/05/22 23:44:00.313,n,-2.53433,6.310766,6.18894,0.136439,OverRange,OverRange,OverRange,8.576686,12.008892,-3.442148
2026/05/22 23:45:00.269,n,-2.510979,3.984445,4.96139,1.30197,OverRange,OverRange,OverRange,8.472682,12.008892,-3.451789
2026/05/22 23:46:00.270,n,-2.60451,3.761577,3.966453,0.144447,OverRange,OverRange,OverRange,8.64174,12.008892,-3.514074
2026/05/22 23:47:00.271,n,-2.563582,3.424262,4.859841,1.323527,OverRange,OverRange,OverRange,8.645036,12.007786,-3.477045
2026/05/22 23:48:00.274,n,-2.586933,5.580586,5.183869,1.238722,OverRange,OverRange,OverRange,8.633856,12.008892,-3.502385
2026/05/22 23:49:00.459,n,-2.60759,6.262182,5.339817,1.610586,OverRange,OverRange,OverRange,8.661804,12.009934,-3.444111
2026/05/22 23:50:00.431,n,-2.560759,4.051755,4.303162,1.100005,OverRange,OverRange,OverRange,8.57512,12.007786,-3.477045
2026/05/22 23:51:00.366,n,-2.53433,6.265914,5.729574,1.097913,OverRange,OverRange,OverRange,8.648602,12.016398,-3.434128
2026/05/22 23:52:00.265,n,-2.428995,4.004104,4.79372,1.255099,OverRange,OverRange,OverRange,8.535222,12.012116,-3.406995
2026/05/22 23:53:00.268,n,-2.475824,6.222582,5.943423,0.948614,OverRange,OverRange,OverRange,8.640228,12.008892,-3.482847
2026/05/22 23:54:00.269,n,-2.408723,6.680773,5.038282,1.37918,OverRange,OverRange,OverRange,8.60614,12.008892,-3.416637
2026/05/22 23:55:00.441,n,-2.487628,3.132795,4.986354,1.616466,OverRange,OverRange,OverRange,8.590384,12.012116,-3.372013
2026/05/22 23:56:00.375,n,-2.569612,5.892392,5.188875,1.199453,OverRange,OverRange,OverRange,8.623922,12.013158,-3.356314
2026/05/22 23:57:00.333,n,-2.552035,3.492701,4.950196,1.282374,OverRange,OverRange,OverRange,8.549438,12.012116,-3.424401
2026/05/22 23:58:00.278,n,-2.581416,6.602669,5.250502,1.452181,OverRange,OverRange,OverRange,8.626466,12.009934,-3.422609
2026/05/22 23:59:00.279,n,-2.590012,6.291511,5.404992,1.551505,OverRange,OverRange,OverRange,8.621136,12.010976,-3.389419
