"Timestamp","TZ","GHI1_AV (W/m2)","UVB22013 (W/m2)","UVB22013_AV (W/m2)","UVB22013_SD (W/m2)","UVB22012 (W/m2)","UVB22012_AV (W/m2)","UVB22012_SD (W/m2)","TA_AV (degC)","TL (degC)","GTI_AV (W/m2)"
2026/05/20 00:00:00.282,n,-4.968584,5.729469,5.24029,0.741394,OverRange,OverRange,OverRange,11.34139,13.63235,-5.40447
2026/05/20 00:01:00.267,n,-5.050568,5.778131,5.191771,0.708079,OverRange,OverRange,OverRange,11.31632,13.622658,-5.513597
2026/05/20 00:02:00.268,n,-4.994886,5.697742,5.065521,0.708183,OverRange,OverRange,OverRange,11.360912,13.644176,-5.37512
2026/05/20 00:03:00.271,n,-4.556482,5.626732,4.822087,0.739595,OverRange,OverRange,OverRange,11.36375,13.633392,-5.011477
2026/05/20 00:04:00.275,n,-4.237269,4.276595,4.793915,0.774652,OverRange,OverRange,OverRange,11.379212,13.621568,-5.001665
2026/05/20 00:05:00.274,n,-4.248944,5.614266,5.240589,1.026338,OverRange,OverRange,OverRange,11.395916,13.61292,-4.933578
2026/05/20 00:06:00.277,n,-4.257797,5.767594,5.15731,0.752965,OverRange,OverRange,OverRange,11.388088,13.610752,-5.027005
2026/05/20 00:07:00.278,n,-4.260876,4.343062,5.006075,0.6292,OverRange,OverRange,OverRange,11.401754,13.61292,-5.052261
2026/05/20 00:08:00.280,n,-4.275374,4.550598,5.022762,0.564277,OverRange,OverRange,OverRange,11.39441,13.604286,-5.009429
2026/05/20 00:09:00.283,n,-4.334008,4.439744,4.919184,0.620816,OverRange,OverRange,OverRange,11.393642,13.601062,-5.007552
2026/05/20 00:10:00.267,n,-4.366083,4.467949,4.94966,0.863203,OverRange,OverRange,OverRange,11.37415,13.596746,-5.0561
2026/05/20 00:11:00.270,n,-4.35723,4.405844,4.848192,0.655098,OverRange,OverRange,OverRange,11.373632,13.595672,-5.013354
2026/05/20 00:12:00.274,n,-4.084718,5.90491,5.812867,0.292447,OverRange,OverRange,OverRange,11.373638,13.598928,-5.079563
2026/05/20 00:13:00.275,n,-4.275374,4.346514,4.689737,0.77745,OverRange,OverRange,OverRange,11.334886,13.58813,-4.988013
2026/05/20 00:14:00.275,n,-4.345683,5.834942,5.236753,0.645719,OverRange,OverRange,OverRange,11.38909,13.581646,-5.007467
2026/05/20 00:15:00.280,n,-4.340166,6.305722,4.666096,0.831031,OverRange,OverRange,OverRange,11.387074,13.576272,-5.044667
2026/05/20 00:16:00.280,n,-4.076251,5.56057,5.929077,0.509394,OverRange,OverRange,OverRange,11.395428,13.574106,-5.108744
2026/05/20 00:17:00.282,n,-4.26062,4.467024,4.602408,0.632475,OverRange,OverRange,OverRange,11.37111,13.56982,-5.032722
2026/05/20 00:18:00.284,n,-4.500542,3.947677,4.402065,0.233481,OverRange,OverRange,OverRange,11.433172,13.570882,-4.909943
2026/05/20 00:19:00.270,n,-4.459999,4.533664,4.518166,0.500544,OverRange,OverRange,OverRange,11.44862,13.56764,-4.888528
2026/05/20 00:20:00.273,n,-4.427796,5.571946,5.646418,0.083433,OverRange,OverRange,OverRange,11.49699,13.559024,-4.956785
2026/05/20 00:21:00.258,n,-4.445245,5.866107,4.813542,0.79826,OverRange,OverRange,OverRange,11.462036,13.554708,-4.93153
2026/05/20 00:22:00.260,n,-4.465772,6.233532,5.063665,0.969729,OverRange,OverRange,OverRange,11.491406,13.545,-5.044582
2026/05/20 00:23:00.263,n,-4.448067,4.000075,4.736345,0.667315,OverRange,OverRange,OverRange,11.456456,13.537458,-5.066083
2026/05/20 00:24:00.263,n,-4.497848,6.244176,5.415773,0.820208,OverRange,OverRange,OverRange,11.488368,13.539608,-5.003542
2026/05/20 00:25:00.266,n,-4.427411,4.445345,4.418723,0.172986,OverRange,OverRange,OverRange,11.40556,13.524528,-4.988013
2026/05/20 00:26:00.270,n,-4.515425,4.410277,4.476224,0.06201,OverRange,OverRange,OverRange,11.43745,13.520178,-4.943219
2026/05/20 00:27:00.270,n,-4.422022,5.807402,5.831864,0.587436,OverRange,OverRange,OverRange,11.42834,13.51267,-5.027091
2026/05/20 00:28:00.274,n,-4.450889,4.407861,4.863174,0.711755,OverRange,OverRange,OverRange,11.378714,13.50078,-5.015316
2026/05/20 00:29:00.257,n,-4.805385,3.699489,4.462415,0.876209,OverRange,OverRange,OverRange,11.43771,13.492182,-5.030845
2026/05/20 00:30:00.258,n,-4.620888,4.422073,5.041774,0.822601,OverRange,OverRange,OverRange,11.43517,13.487864,-5.161302
2026/05/20 00:31:00.261,n,-4.60344,4.42765,5.03079,0.802182,OverRange,OverRange,OverRange,11.41795,13.483532,-5.069922
2026/05/20 00:32:00.264,n,-4.538904,5.497796,5.085914,0.959628,OverRange,OverRange,OverRange,11.398708,13.470616,-4.993815
2026/05/20 00:33:00.265,n,-4.574059,5.786295,4.979189,0.869258,OverRange,OverRange,OverRange,11.397436,13.467392,-5.032892
2026/05/20 00:34:00.268,n,-4.524278,5.712503,5.159683,0.828735,OverRange,OverRange,OverRange,11.32777,13.455504,-5.03878
2026/05/20 00:35:00.271,n,-4.79371,4.390039,4.163442,0.186893,OverRange,OverRange,OverRange,11.370088,13.44469,-5.007467
2026/05/20 00:36:00.271,n,-4.744057,4.834779,4.495978,0.351356,OverRange,OverRange,OverRange,11.390096,13.440436,-5.032892
2026/05/20 00:37:00.257,n,-4.591508,4.441338,4.638304,0.480923,OverRange,OverRange,OverRange,11.332336,13.432864,-5.114717
2026/05/20 00:38:00.258,n,-4.83451,5.844742,4.715894,0.848005,OverRange,OverRange,OverRange,11.312068,13.424248,-5.097054
2026/05/20 00:39:00.261,n,-4.761507,5.759009,5.429309,0.869254,OverRange,OverRange,OverRange,11.32601,13.4199,-5.231607
2026/05/20 00:40:00.263,n,-4.661945,4.490211,5.268135,0.695126,OverRange,OverRange,OverRange,11.29736,13.413434,-5.333141
2026/05/20 00:41:00.264,n,-4.688247,4.41279,5.10314,0.87101,OverRange,OverRange,OverRange,11.248952,13.400518,-5.243212
2026/05/20 00:42:00.267,n,-4.770359,5.664809,5.120043,0.937782,OverRange,OverRange,OverRange,11.260376,13.389704,-5.106952
2026/05/20 00:43:00.272,n,-4.650269,4.453153,4.910559,0.712625,OverRange,OverRange,OverRange,11.160772,13.37894,-5.249099
2026/05/20 00:44:00.271,n,-4.989882,6.167293,5.085266,0.91516,OverRange,OverRange,OverRange,11.1998,13.39135,-5.196455
2026/05/20 00:45:00.273,n,-4.612806,5.75783,5.052192,0.728157,OverRange,OverRange,OverRange,11.131028,13.37946,-5.0003
2026/05/20 00:46:00.258,n,-4.352098,5.973823,5.48985,0.843916,OverRange,OverRange,OverRange,11.147528,13.370828,-5.011988
2026/05/20 00:47:00.260,n,-4.481169,5.863177,4.716239,0.592015,OverRange,OverRange,OverRange,11.158428,13.378336,-4.990659
2026/05/20 00:48:00.263,n,-4.541342,4.821976,5.096027,0.882145,OverRange,OverRange,OverRange,11.108002,13.365404,-5.209936
2026/05/20 00:49:00.265,n,-4.579191,5.765439,5.101647,0.916675,OverRange,OverRange,OverRange,11.214192,13.353548,-5.19253
2026/05/20 00:50:00.265,n,-4.453456,4.494118,5.148214,0.643892,OverRange,OverRange,OverRange,11.107234,13.344902,-5.272392
2026/05/20 00:51:00.267,n,-4.623198,5.909594,4.858923,0.936717,OverRange,OverRange,OverRange,11.136124,13.342734,-5.137839
2026/05/20 00:52:00.270,n,-4.523637,5.346606,5.211505,0.918057,OverRange,OverRange,OverRange,11.15059,13.331952,-5.151405
2026/05/20 00:53:00.275,n,-4.594331,4.197077,4.907943,0.893944,OverRange,OverRange,OverRange,11.131042,13.325454,-5.245003
2026/05/20 00:54:00.274,n,-4.635258,6.206724,5.494509,0.658548,OverRange,OverRange,OverRange,11.141444,13.325454,-5.172907
2026/05/20 00:55:00.260,n,-4.605492,4.498914,4.453067,0.10046,OverRange,OverRange,OverRange,11.093034,13.313598,-5.2334
2026/05/20 00:56:00.263,n,-4.731869,4.883242,4.782501,0.705389,OverRange,OverRange,OverRange,11.162496,13.3071,-5.171029
2026/05/20 00:57:00.263,n,-4.825401,5.543285,4.603733,0.883055,OverRange,OverRange,OverRange,11.192388,13.297394,-5.19253
2026/05/20 00:58:00.267,n,-4.676186,4.054193,4.649301,0.859615,OverRange,OverRange,OverRange,11.119904,13.297394,-5.233314
2026/05/20 00:59:00.270,n,-4.640775,4.528525,4.964453,0.620499,OverRange,OverRange,OverRange,11.145244,13.283356,-5.18852
2026/05/20 01:00:00.271,n,-4.75522,4.296874,4.996708,0.937869,OverRange,OverRange,OverRange,11.136622,13.285538,-5.194322
2026/05/20 01:01:00.271,n,-4.667334,4.254084,5.042738,0.948711,OverRange,OverRange,OverRange,11.114324,13.272574,-5.264542
2026/05/20 01:02:00.274,n,-4.617553,4.322235,5.058841,0.914101,OverRange,OverRange,OverRange,11.084906,13.275814,-5.149528
2026/05/20 01:03:00.278,n,-4.68196,6.032661,5.301224,0.911657,OverRange,OverRange,OverRange,11.091742,13.268256,-5.153282
2026/05/20 01:04:00.261,n,-4.710956,5.688099,5.340033,0.827072,OverRange,OverRange,OverRange,11.085648,13.257476,-5.157377
2026/05/20 01:05:00.265,n,-4.640775,4.336941,4.60882,0.57861,OverRange,OverRange,OverRange,11.02126,13.245556,-5.198417
2026/05/20 01:06:00.265,n,-4.743544,6.296255,5.28024,0.780502,OverRange,OverRange,OverRange,11.05652,13.247722,-5.243126
2026/05/20 01:07:00.268,n,-4.561742,4.446661,5.058507,0.746065,OverRange,OverRange,OverRange,10.964962,13.234774,-5.325035
2026/05/20 01:08:00.268,n,-4.915981,4.340198,4.307245,0.214471,OverRange,OverRange,OverRange,11.016698,13.228308,-5.174868
2026/05/20 01:09:00.273,n,-4.84285,4.285295,4.294515,0.160556,OverRange,OverRange,OverRange,10.992366,13.226128,-5.01907
2026/05/20 01:10:00.273,n,-4.740465,5.839001,5.415547,0.70916,OverRange,OverRange,OverRange,10.980682,13.217526,-5.161217
2026/05/20 01:11:00.275,n,-4.714035,4.295101,4.660249,0.638404,OverRange,OverRange,OverRange,10.92564,13.211028,-5.085109
2026/05/20 01:12:00.278,n,-4.679137,4.366934,5.489716,0.555152,OverRange,OverRange,OverRange,10.956578,13.203488,-5.071543
2026/05/20 01:13:00.263,n,-4.78165,5.873819,5.136929,0.628142,OverRange,OverRange,OverRange,10.965984,13.192676,-5.044155
2026/05/20 01:14:00.265,n,-4.764073,6.204233,4.859872,0.864481,OverRange,OverRange,OverRange,10.975094,13.192676,-5.054138
2026/05/20 01:15:00.269,n,-4.68196,4.212754,4.715111,0.766513,OverRange,OverRange,OverRange,10.924618,13.179712,-5.071629
2026/05/20 01:16:00.269,n,-4.590994,5.92676,5.605614,0.715531,OverRange,OverRange,OverRange,10.982442,13.181894,-5.053882
2026/05/20 01:17:00.270,n,-4.629357,4.310601,5.084012,1.057827,OverRange,OverRange,OverRange,10.93071,13.174322,-5.098761
2026/05/20 01:18:00.273,n,-4.547372,4.665961,4.889943,0.741653,OverRange,OverRange,OverRange,10.921072,13.168932,-4.979822
2026/05/20 01:19:00.274,n,-4.629228,4.323667,5.279992,0.770051,OverRange,OverRange,OverRange,10.918544,13.168932,-4.956444
2026/05/20 01:20:00.277,n,-4.661176,4.114526,5.261164,0.849555,OverRange,OverRange,OverRange,10.901526,13.164616,-4.985795
2026/05/20 01:21:00.279,n,-4.842978,4.450169,4.530681,0.646577,OverRange,OverRange,OverRange,10.910156,13.157044,-4.892196
2026/05/20 01:22:00.268,n,-4.772669,5.122895,5.600558,0.254273,OverRange,OverRange,OverRange,10.91627,13.149486,-4.87462
2026/05/20 01:23:00.267,n,-4.760865,5.542497,4.800515,0.527283,OverRange,OverRange,OverRange,10.879974,13.14623,-4.88648
2026/05/20 01:24:00.268,n,-4.816419,5.786173,4.621416,0.622728,OverRange,OverRange,OverRange,10.853836,13.138704,-4.835543
2026/05/20 01:25:00.270,n,-4.8662,5.790861,5.519106,0.692511,OverRange,OverRange,OverRange,10.87083,13.133282,-4.933151
2026/05/20 01:26:00.272,n,-4.670028,6.360656,5.240404,0.924835,OverRange,OverRange,OverRange,10.841386,13.130026,-4.97803
2026/05/20 01:27:00.273,n,-4.731612,4.430612,4.652689,0.499692,OverRange,OverRange,OverRange,10.812978,13.121426,-5.021033
2026/05/20 01:28:00.275,n,-4.819499,5.771158,5.177923,0.923092,OverRange,OverRange,OverRange,10.857388,13.113854,-4.946802
2026/05/20 01:29:00.277,n,-4.813854,5.736867,5.770318,0.038153,OverRange,OverRange,OverRange,10.796992,13.104146,-5.011221
2026/05/20 01:30:00.279,n,-4.83977,4.357906,4.547169,0.340427,OverRange,OverRange,OverRange,10.789638,13.09765,-4.892196
2026/05/20 01:31:00.266,n,-5.01272,5.701138,4.970554,0.863956,OverRange,OverRange,OverRange,10.845704,13.087942,-4.956529
2026/05/20 01:32:00.268,n,-4.810518,4.347137,4.976146,0.723062,OverRange,OverRange,OverRange,10.79799,13.083612,-4.978116
2026/05/20 01:33:00.271,n,-4.96589,5.816264,4.973578,0.823041,OverRange,OverRange,OverRange,10.817022,13.07498,-4.954653
2026/05/20 01:34:00.272,n,-4.989369,5.762012,5.03106,0.734207,OverRange,OverRange,OverRange,10.76298,13.0728,-4.975982
2026/05/20 01:35:00.274,n,-4.746239,4.485931,5.280703,0.705437,OverRange,OverRange,OverRange,10.72821,13.067376,-5.030589
2026/05/20 01:36:00.276,n,-5.059421,3.969749,4.322951,0.223846,OverRange,OverRange,OverRange,10.758668,13.051172,-4.849365
2026/05/20 01:37:00.277,n,-4.936765,4.449578,5.419244,0.483631,OverRange,OverRange,OverRange,10.755626,13.043648,-4.987757
2026/05/20 01:38:00.281,n,-4.954215,5.70048,5.622448,0.295153,OverRange,OverRange,OverRange,10.756892,13.034968,-5.011221
2026/05/20 01:39:00.282,n,-4.860298,5.673013,5.217583,0.701876,OverRange,OverRange,OverRange,10.748506,13.02847,-4.98588
2026/05/20 01:40:00.268,n,-4.936765,4.227276,4.859731,0.746441,OverRange,OverRange,OverRange,10.70433,13.019872,-5.087072
2026/05/20 01:41:00.271,n,-4.995271,5.525186,4.976502,0.629854,OverRange,OverRange,OverRange,10.72314,13.009026,-5.020777
2026/05/20 01:42:00.273,n,-4.863506,4.445237,5.202641,0.623971,OverRange,OverRange,OverRange,10.668794,13.009026,-4.796807
2026/05/20 01:43:00.274,n,-5.077127,5.501601,4.948828,0.861765,OverRange,OverRange,OverRange,10.732504,12.99499,-4.580515
2026/05/20 01:44:00.276,n,-4.974871,5.739425,4.842109,0.753491,OverRange,OverRange,OverRange,10.689342,12.99178,-4.631111
2026/05/20 01:45:00.278,n,-4.910079,6.155394,5.309277,0.823204,OverRange,OverRange,OverRange,10.679962,12.983084,-4.681707
2026/05/20 01:46:00.280,n,-4.963067,5.76532,5.128544,0.902859,OverRange,OverRange,OverRange,10.646434,12.973394,-4.748002
2026/05/20 01:47:00.281,n,-4.927785,5.95003,5.134077,0.863614,OverRange,OverRange,OverRange,10.639832,12.964634,-4.73034
2026/05/20 01:48:00.334,n,-4.92214,4.249902,4.934646,0.986923,OverRange,OverRange,OverRange,10.614436,12.95817,-4.792711
2026/05/20 01:49:00.268,n,-4.936638,4.873844,5.18285,0.833631,OverRange,OverRange,OverRange,10.624354,12.948528,-4.81225
2026/05/20 01:50:00.270,n,-5.071481,4.100244,4.985554,0.95416,OverRange,OverRange,OverRange,10.575084,12.947422,-4.839553
2026/05/20 01:51:00.273,n,-4.989369,5.824237,5.020551,0.735826,OverRange,OverRange,OverRange,10.568222,12.94423,-4.925215
2026/05/20 01:52:00.274,n,-4.892887,4.513051,5.077032,0.947492,OverRange,OverRange,OverRange,10.535458,12.9249,-5.143555
2026/05/20 01:53:00.278,n,-4.901355,4.526375,5.247095,0.937052,OverRange,OverRange,OverRange,10.540024,12.921692,-5.075469
2026/05/20 01:54:00.278,n,-4.99232,4.35251,4.780288,0.9553,OverRange,OverRange,OverRange,10.5583,12.914152,-4.917537
2026/05/20 01:55:00.280,n,-4.968969,5.832258,4.9943,0.889089,OverRange,OverRange,OverRange,10.590062,12.905538,-4.903886
2026/05/20 01:56:00.265,n,-4.898532,5.695811,5.01417,0.795158,OverRange,OverRange,OverRange,10.541804,12.893748,-5.02291
2026/05/20 01:57:00.284,n,-5.006946,5.652413,4.867964,0.676429,OverRange,OverRange,OverRange,10.555782,12.888358,-4.991768
2026/05/20 01:58:00.269,n,-4.921883,6.23063,5.186211,0.931265,OverRange,OverRange,OverRange,10.557292,12.884044,-5.120262
2026/05/20 01:59:00.273,n,-4.910336,5.764606,5.209326,0.739326,OverRange,OverRange,OverRange,10.548138,12.873328,-5.063779
2026/05/20 02:00:00.258,n,-4.848623,5.907456,5.385942,0.799276,OverRange,OverRange,OverRange,10.541046,12.872252,-5.04424
2026/05/20 02:01:00.261,n,-4.834253,3.895374,4.782638,0.844471,OverRange,OverRange,OverRange,10.517162,12.867954,-4.979993
2026/05/20 02:02:00.263,n,-4.933429,4.527999,4.896437,0.579509,OverRange,OverRange,OverRange,10.522778,12.8852,-5.003371
2026/05/20 02:03:00.265,n,-4.573931,4.346646,4.985726,0.78721,OverRange,OverRange,OverRange,10.571636,12.874452,-4.764043
2026/05/20 02:04:00.265,n,-4.588429,4.930699,5.310614,0.59261,OverRange,OverRange,OverRange,10.58662,12.869062,-4.756108
2026/05/20 02:05:00.270,n,-4.591379,5.334114,5.317902,0.729591,OverRange,OverRange,OverRange,10.611516,12.85724,-4.75807
2026/05/20 02:06:00.271,n,-4.617809,4.433321,5.161896,0.800625,OverRange,OverRange,OverRange,10.553848,12.852956,-4.810629
2026/05/20 02:07:00.272,n,-4.670541,6.122232,5.288336,0.995194,OverRange,OverRange,OverRange,10.600826,12.842226,-4.580856
2026/05/20 02:08:00.258,n,-4.588429,5.418907,5.316227,0.645929,OverRange,OverRange,OverRange,10.519032,12.836836,-4.512599
2026/05/20 02:09:00.262,n,-4.579832,4.586984,5.633188,0.559503,OverRange,OverRange,OverRange,10.529216,12.825046,-4.582648
2026/05/20 02:10:00.263,n,-4.934071,3.791222,4.952598,0.887436,OverRange,OverRange,OverRange,10.59373,12.812116,-4.625479
2026/05/20 02:11:00.262,n,-4.784729,5.6642,5.030965,0.754535,OverRange,OverRange,OverRange,10.630046,12.808908,-4.529919
2026/05/20 02:12:00.265,n,-4.787552,6.157137,5.080498,0.984646,OverRange,OverRange,OverRange,10.560456,12.79497,-4.450314
2026/05/20 02:13:00.267,n,-4.646934,6.375945,5.109998,0.973523,OverRange,OverRange,OverRange,10.580754,12.785248,-4.578809
2026/05/20 02:14:00.268,n,-4.752526,5.589844,5.632622,0.13053,OverRange,OverRange,OverRange,10.594,12.775608,-4.600224
2026/05/20 02:15:00.272,n,-4.635258,5.74049,5.339407,1.030593,OverRange,OverRange,OverRange,10.654674,12.76592,-4.545533
2026/05/20 02:16:00.256,n,-4.690813,3.954944,4.619149,0.758959,OverRange,OverRange,OverRange,10.624196,12.76053,-4.738703
2026/05/20 02:17:00.259,n,-4.623583,5.589453,5.067064,0.618854,OverRange,OverRange,OverRange,10.704448,12.754096,-4.689898
2026/05/20 02:18:00.261,n,-4.567772,4.26769,4.751449,0.735625,OverRange,OverRange,OverRange,10.640722,12.747632,-4.760032
2026/05/20 02:19:00.263,n,-4.629357,4.931238,5.056192,0.917939,OverRange,OverRange,OverRange,10.643738,12.733644,-4.789298
2026/05/20 02:20:00.264,n,-4.603183,3.888255,5.342072,0.77352,OverRange,OverRange,OverRange,10.615576,12.728306,-4.789298
2026/05/20 02:21:00.266,n,-4.632436,4.433387,5.017048,1.020862,OverRange,OverRange,OverRange,10.668874,12.719706,-4.366442
2026/05/20 02:22:00.267,n,-4.849264,4.306401,4.351759,0.051364,OverRange,OverRange,OverRange,10.5955,12.717526,-4.159877
2026/05/20 02:23:00.270,n,-4.825914,5.847265,5.404612,0.718896,OverRange,OverRange,OverRange,10.59932,12.714348,-4.300062
2026/05/20 02:24:00.272,n,-4.764073,4.60392,5.094037,0.954135,OverRange,OverRange,OverRange,10.607178,12.702494,-4.36064
2026/05/20 02:25:00.257,n,-4.890064,5.644647,5.21533,0.707128,OverRange,OverRange,OverRange,10.629028,12.69603,-4.340931
2026/05/20 02:26:00.261,n,-4.731869,6.196001,5.720155,0.845569,OverRange,OverRange,OverRange,10.643738,12.687416,-4.376083
2026/05/20 02:27:00.263,n,-4.702745,4.444585,5.147014,0.881865,OverRange,OverRange,OverRange,10.623714,12.68206,-4.401595
2026/05/20 02:28:00.265,n,-4.658738,5.847177,5.81979,0.82898,OverRange,OverRange,OverRange,10.692226,12.678836,-4.348865
2026/05/20 02:29:00.265,n,-4.585478,5.341791,5.88941,0.312329,OverRange,OverRange,OverRange,10.601338,12.667014,-4.387687
2026/05/20 02:30:00.268,n,-4.603183,5.806917,5.237115,0.982128,OverRange,OverRange,OverRange,10.662532,12.66488,-4.364565
2026/05/20 02:31:00.270,n,-4.647062,4.373326,4.974929,0.898004,OverRange,OverRange,OverRange,10.650356,12.668122,-4.313884
2026/05/20 02:32:00.274,n,-4.658866,3.785489,5.148976,0.843734,OverRange,OverRange,OverRange,10.739218,12.654118,-4.38982
2026/05/20 02:33:00.274,n,-4.682345,4.319375,4.270594,0.178315,OverRange,OverRange,OverRange,10.774792,12.654118,-4.31576
2026/05/20 02:34:00.258,n,-4.655658,5.679495,5.332268,0.842767,OverRange,OverRange,OverRange,10.737976,12.650878,-4.379838
2026/05/20 02:35:00.260,n,-4.568028,4.362027,5.024482,0.870523,OverRange,OverRange,OverRange,10.702652,12.645488,-4.405349
2026/05/20 02:36:00.263,n,-4.629485,4.056574,4.685832,0.639495,OverRange,OverRange,OverRange,10.7674,12.646562,-4.35663
2026/05/20 02:37:00.264,n,-4.673236,4.34565,4.770406,0.761837,OverRange,OverRange,OverRange,10.806244,12.642264,-4.382056
2026/05/20 02:38:00.268,n,-4.591636,6.208261,5.216985,0.973401,OverRange,OverRange,OverRange,10.863836,12.645488,-4.42284
2026/05/20 02:39:00.272,n,-4.568028,4.20583,5.162014,0.936332,OverRange,OverRange,OverRange,10.831884,12.643338,-4.436577
2026/05/20 02:40:00.271,n,-4.600104,5.802447,5.757527,0.387602,OverRange,OverRange,OverRange,10.86286,12.644446,-4.413284
2026/05/20 02:41:00.273,n,-4.591379,6.262974,5.077461,0.997187,OverRange,OverRange,OverRange,10.840256,12.643338,-4.46004
2026/05/20 02:42:00.275,n,-4.529539,4.209225,5.039275,0.881356,OverRange,OverRange,OverRange,10.782634,12.643338,-4.346903
2026/05/20 02:43:00.261,n,-4.629356,4.053546,4.902866,0.875633,OverRange,OverRange,OverRange,10.868664,12.643338,-4.292297
2026/05/20 02:44:00.263,n,-4.702616,5.946985,5.427227,0.940255,OverRange,OverRange,OverRange,10.92423,12.642264,-4.430775
2026/05/20 02:45:00.265,n,-4.520942,3.893455,4.436631,0.724414,OverRange,OverRange,OverRange,10.783398,12.646562,-4.286495
2026/05/20 02:46:00.268,n,-4.500414,5.88782,5.984823,0.168196,OverRange,OverRange,OverRange,10.910046,12.643338,-4.192896
2026/05/20 02:47:00.269,n,-4.573931,4.273894,4.781266,0.880693,OverRange,OverRange,OverRange,10.824276,12.653692,-4.337006
2026/05/20 02:48:00.272,n,-4.339781,6.023265,5.066397,1.065065,OverRange,OverRange,OverRange,10.953238,12.662942,-4.197163
2026/05/20 02:49:00.272,n,-4.439214,3.889895,4.381871,0.943899,OverRange,OverRange,OverRange,10.945378,12.659784,-4.276853
2026/05/20 02:50:00.277,n,-4.40406,4.017356,5.006323,0.852121,OverRange,OverRange,OverRange,11.041256,12.66086,-4.24008
2026/05/20 02:51:00.277,n,-4.254974,5.754502,5.81756,0.143642,OverRange,OverRange,OverRange,11.01973,12.668366,-4.337433
2026/05/20 02:52:00.263,n,-4.257668,3.951052,4.540027,0.72876,OverRange,OverRange,OverRange,10.934448,12.66729,-4.206719
2026/05/20 02:53:00.264,n,-4.339909,5.907191,5.677206,0.365634,OverRange,OverRange,OverRange,10.966452,12.670514,-4.26525
2026/05/20 02:54:00.267,n,-4.214046,4.27379,4.752632,1.023669,OverRange,OverRange,OverRange,10.892076,12.671606,-4.321648
2026/05/20 02:55:00.270,n,-4.439343,4.860645,4.873205,0.788825,OverRange,OverRange,OverRange,11.003738,12.678038,-4.222333
2026/05/20 02:56:00.274,n,-4.404317,5.046802,5.648054,0.2995,OverRange,OverRange,OverRange,10.977632,12.677012,-4.333422
2026/05/20 02:57:00.272,n,-4.19942,4.375312,5.275028,0.851202,OverRange,OverRange,OverRange,10.942586,12.67908,-4.386066
2026/05/20 02:58:00.275,n,-4.269601,4.220014,4.534317,0.785188,OverRange,OverRange,OverRange,11.060806,12.684502,-4.49707
2026/05/20 02:59:00.276,n,-4.178764,6.403508,4.749083,0.861965,OverRange,OverRange,OverRange,11.051942,12.685576,-4.647152
2026/05/20 03:00:00.281,n,-4.134884,5.8245,5.425902,1.002595,OverRange,OverRange,OverRange,10.95401,12.695232,-4.816772
2026/05/20 03:01:00.264,n,-4.178764,3.863634,4.48463,0.9256,OverRange,OverRange,OverRange,10.909328,12.707088,-4.830509
2026/05/20 03:02:00.265,n,-4.19634,4.276876,4.886832,0.750506,OverRange,OverRange,OverRange,10.957052,12.714592,-4.711485
2026/05/20 03:03:00.267,n,-4.292951,3.980969,5.021223,0.781107,OverRange,OverRange,OverRange,10.947414,12.724264,-4.920182
2026/05/20 03:04:00.269,n,-4.278581,4.118571,5.486747,0.822115,OverRange,OverRange,OverRange,10.939026,12.736088,-4.923936
2026/05/20 03:05:00.273,n,-4.419071,6.014426,5.360788,1.049453,OverRange,OverRange,OverRange,10.949922,12.745776,-4.754487
2026/05/20 03:06:00.275,n,-4.35723,6.281019,5.482251,0.609916,OverRange,OverRange,OverRange,10.932984,12.740906,-4.730938
2026/05/20 03:07:00.276,n,-4.386098,4.062828,4.983859,0.896501,OverRange,OverRange,OverRange,10.81037,12.736576,-4.650735
2026/05/20 03:08:00.279,n,-4.494512,4.262777,4.627322,0.646715,OverRange,OverRange,OverRange,10.831448,12.745222,-4.693652
2026/05/20 03:09:00.281,n,-4.608957,4.320473,4.343767,0.053773,OverRange,OverRange,OverRange,10.803814,12.746264,-4.639046
2026/05/20 03:10:00.264,n,-4.693379,4.331925,4.32354,0.065271,OverRange,OverRange,OverRange,10.773356,12.751622,-4.619507
2026/05/20 03:11:00.267,n,-4.831431,3.866553,4.259822,0.873847,OverRange,OverRange,OverRange,10.730668,12.758086,-4.434358
2026/05/20 03:12:00.268,n,-4.749318,4.008209,4.985292,0.865186,OverRange,OverRange,OverRange,10.7007,12.760252,-4.602101
2026/05/20 03:13:00.270,n,-4.720194,5.430136,5.324004,0.76845,OverRange,OverRange,OverRange,10.6662,12.765644,-4.697491
2026/05/20 03:14:00.276,n,-4.775748,4.233327,4.592987,0.636688,OverRange,OverRange,OverRange,10.6568,12.765644,-4.600054
2026/05/20 03:15:00.274,n,-4.863634,5.370166,4.387441,0.512967,OverRange,OverRange,OverRange,10.681952,12.76455,-4.720956
2026/05/20 03:16:00.277,n,-4.78165,3.972346,5.37892,0.690001,OverRange,OverRange,OverRange,10.664678,12.760252,-4.816431
2026/05/20 03:17:00.279,n,-4.702488,4.339105,4.827625,0.952938,OverRange,OverRange,OverRange,10.629872,12.759194,-4.697491
2026/05/20 03:18:00.280,n,-4.743416,4.239992,4.968861,0.913959,OverRange,OverRange,OverRange,10.627838,12.76136,-4.641008
2026/05/20 03:19:00.266,n,-4.682088,4.762676,5.038215,0.69895,OverRange,OverRange,OverRange,10.564856,12.755938,-4.804656
2026/05/20 03:20:00.268,n,-4.532617,4.153224,5.258172,0.813855,OverRange,OverRange,OverRange,10.577306,12.755938,-5.040486
2026/05/20 03:21:00.270,n,-4.406754,4.959592,5.212199,0.971334,OverRange,OverRange,OverRange,10.615646,12.757044,-4.516182
2026/05/20 03:22:00.273,n,-4.277684,4.305862,5.057882,0.906536,OverRange,OverRange,OverRange,10.64026,12.758086,-4.282314
2026/05/20 03:23:00.273,n,-4.169525,4.111252,5.069128,0.934716,OverRange,OverRange,OverRange,10.65857,12.768802,-4.17515
2026/05/20 03:24:00.275,n,-4.292438,5.911168,5.174725,0.889638,OverRange,OverRange,OverRange,10.683946,12.766718,-4.177112
2026/05/20 03:25:00.277,n,-4.266136,5.926571,5.01844,0.967598,OverRange,OverRange,OverRange,10.56331,12.765644,-4.192726
2026/05/20 03:26:00.279,n,-4.274861,4.171186,4.873606,1.066898,OverRange,OverRange,OverRange,10.524186,12.768802,-4.301938
2026/05/20 03:27:00.283,n,-4.412656,5.413258,4.871433,0.964877,OverRange,OverRange,OverRange,10.604214,12.765644,-4.186925
2026/05/20 03:28:00.267,n,-4.321819,5.287764,5.276145,0.780048,OverRange,OverRange,OverRange,10.573512,12.766718,-4.374036
2026/05/20 03:29:00.268,n,-4.233805,5.728022,5.447849,0.850528,OverRange,OverRange,OverRange,10.619732,12.76455,-4.440245
2026/05/20 03:30:00.271,n,-4.195956,5.033041,5.648097,0.304076,OverRange,OverRange,OverRange,10.50087,12.76455,-4.424546
2026/05/20 03:31:00.272,n,-4.204552,4.223114,5.088004,0.868436,OverRange,OverRange,OverRange,10.507202,12.76455,-4.463709
2026/05/20 03:32:00.275,n,-4.286665,4.685349,5.290951,0.90678,OverRange,OverRange,OverRange,10.370744,12.763476,-4.017475
2026/05/20 03:33:00.277,n,-4.354151,5.842169,5.332631,0.925189,OverRange,OverRange,OverRange,10.348862,12.757044,-4.052542
2026/05/20 03:34:00.279,n,-4.555968,4.42504,4.882658,0.759048,OverRange,OverRange,OverRange,10.234732,12.753788,-4.231804
2026/05/20 03:35:00.280,n,-4.617424,4.269154,4.719167,0.634354,OverRange,OverRange,OverRange,10.347856,12.744148,-4.081722
2026/05/20 03:36:00.288,n,-4.523765,5.78015,5.440697,0.86921,OverRange,OverRange,OverRange,10.306178,12.741966,-4.229585
2026/05/20 03:37:00.269,n,-4.517991,5.115923,5.237193,0.570773,OverRange,OverRange,OverRange,10.192506,12.732328,-4.37412
2026/05/20 03:38:00.270,n,-4.34517,5.746845,5.802328,0.169353,OverRange,OverRange,OverRange,10.215678,12.722638,-4.518144
2026/05/20 03:39:00.272,n,-4.260235,5.674323,5.89961,0.220722,OverRange,OverRange,OverRange,10.251782,12.71943,-4.561062
2026/05/20 03:40:00.278,n,-4.424203,3.991842,5.273682,0.820175,OverRange,OverRange,OverRange,10.245418,12.709724,-4.461747
2026/05/20 03:41:00.277,n,-4.553146,5.843436,4.971658,0.953348,OverRange,OverRange,OverRange,10.370224,12.709724,-4.223954
2026/05/20 03:42:00.280,n,-4.55892,6.091848,5.272807,0.837868,OverRange,OverRange,OverRange,10.35167,12.698994,-4.34477
2026/05/20 03:43:00.280,n,-4.558791,4.89505,4.966728,0.747759,OverRange,OverRange,OverRange,10.339458,12.69792,-4.47335
2026/05/20 03:44:00.281,n,-4.767024,4.041503,4.900382,0.871817,OverRange,OverRange,OverRange,10.317616,12.686098,-4.459699
2026/05/20 03:45:00.284,n,-4.793197,6.276656,5.237493,0.826766,OverRange,OverRange,OverRange,10.321422,12.6775,-4.488879
2026/05/20 03:46:00.269,n,-4.760994,4.231407,4.954883,0.736288,OverRange,OverRange,OverRange,10.249476,12.667812,-4.555259
2026/05/20 03:47:00.273,n,-4.834381,5.68005,5.008818,0.782483,OverRange,OverRange,OverRange,10.337204,12.663496,-4.541609
2026/05/20 03:48:00.257,n,-4.790502,3.929092,4.664233,0.860012,OverRange,OverRange,OverRange,10.253552,12.64739,-4.580685
2026/05/20 03:49:00.258,n,-4.91906,4.466425,4.663528,0.62571,OverRange,OverRange,OverRange,10.303894,12.638778,-4.525909
2026/05/20 03:50:00.262,n,-4.892758,4.15454,4.916643,0.699895,OverRange,OverRange,OverRange,10.30746,12.634496,-4.424631
2026/05/20 03:51:00.263,n,-4.784601,5.769779,5.057235,0.895529,OverRange,OverRange,OverRange,10.31662,12.620494,-4.446048
2026/05/20 03:52:00.265,n,-4.743673,4.208178,4.678131,0.871208,OverRange,OverRange,OverRange,10.206254,12.61188,-4.469426
2026/05/20 03:53:00.270,n,-4.734692,4.356591,5.32109,0.836308,OverRange,OverRange,OverRange,10.26347,12.60328,-4.31943
2026/05/20 03:54:00.269,n,-4.843106,4.127022,5.044166,0.981646,OverRange,OverRange,OverRange,10.245392,12.588236,-4.282485
2026/05/20 03:55:00.273,n,-4.869407,5.799037,5.375002,0.793644,OverRange,OverRange,OverRange,10.266266,12.580666,-4.444171
2026/05/20 03:56:00.256,n,-4.951392,5.85739,4.829643,0.766838,OverRange,OverRange,OverRange,10.218968,12.579624,-4.461662
2026/05/20 03:57:00.259,n,-4.875181,5.845102,5.067456,0.881287,OverRange,OverRange,OverRange,10.24997,12.565636,-4.568911
2026/05/20 03:58:00.261,n,-4.92817,5.761314,5.08333,0.779833,OverRange,OverRange,OverRange,10.266496,12.552738,-4.625395
2026/05/20 03:59:00.264,n,-4.901739,4.464642,4.727725,0.790013,OverRange,OverRange,OverRange,10.195048,12.543084,-4.590242
2026/05/20 04:00:00.266,n,-4.869664,4.563552,5.607799,0.552165,OverRange,OverRange,OverRange,10.198854,12.532272,-4.523947
2026/05/20 04:01:00.269,n,-4.977693,4.453939,4.384199,0.204547,OverRange,OverRange,OverRange,10.249258,12.517242,-4.416953
2026/05/20 04:02:00.269,n,-4.910335,5.82305,4.814908,0.771427,OverRange,OverRange,OverRange,10.19277,12.505422,-4.510381
2026/05/20 04:03:00.273,n,-4.930992,4.116254,5.221532,0.764686,OverRange,OverRange,OverRange,10.14037,12.503242,-4.582563
2026/05/20 04:04:00.258,n,-4.960245,5.718962,5.122941,0.792998,OverRange,OverRange,OverRange,10.173188,12.487104,-4.574799
2026/05/20 04:05:00.259,n,-4.898789,4.251612,5.098353,0.809563,OverRange,OverRange,OverRange,10.12789,12.475284,-4.564986
2026/05/20 04:06:00.262,n,-4.97192,5.770901,5.31667,0.813602,OverRange,OverRange,OverRange,10.14418,12.465564,-4.537683
2026/05/20 04:07:00.262,n,-5.050953,5.762231,5.040724,0.821571,OverRange,OverRange,OverRange,10.15359,12.453742,-4.5434
2026/05/20 04:08:00.264,n,-5.033376,4.562123,4.940363,0.59041,OverRange,OverRange,OverRange,10.145474,12.446238,-4.703294
2026/05/20 04:09:00.266,n,-4.992449,4.530136,4.732127,0.502232,OverRange,OverRange,OverRange,10.152344,12.43331,-4.668055
2026/05/20 04:10:00.268,n,-5.056855,6.026569,5.340877,0.73305,OverRange,OverRange,OverRange,10.21109,12.421456,-4.757729
2026/05/20 04:11:00.269,n,-4.708518,5.172813,5.408767,0.488122,OverRange,OverRange,OverRange,10.168614,12.41071,-4.855167
2026/05/20 04:12:00.273,n,-4.740465,6.170418,5.802098,0.634767,OverRange,OverRange,OverRange,10.175984,12.409636,-4.557137
2026/05/20 04:13:00.258,n,-4.872358,4.376083,5.152003,0.714374,OverRange,OverRange,OverRange,10.138844,12.398856,-4.709095
2026/05/20 04:14:00.260,n,-4.989626,5.825263,5.322184,0.67045,OverRange,OverRange,OverRange,10.2355,12.388078,-4.605856
2026/05/20 04:15:00.263,n,-4.924834,5.899856,5.147545,0.808924,OverRange,OverRange,OverRange,10.145966,12.379498,-4.701417
2026/05/20 04:16:00.263,n,-4.869407,4.241298,4.95287,0.671143,OverRange,OverRange,OverRange,10.114436,12.373034,-4.664387
2026/05/20 04:17:00.267,n,-4.957294,5.421862,5.353891,0.618482,OverRange,OverRange,OverRange,10.126374,12.364404,-4.588364
2026/05/20 04:18:00.270,n,-4.99232,5.052512,5.118332,0.728802,OverRange,OverRange,OverRange,10.102962,12.356866,-4.648687
2026/05/20 04:19:00.269,n,-5.209149,4.279196,4.271949,0.24843,OverRange,OverRange,OverRange,10.065832,12.352584,-4.58444
2026/05/20 04:20:00.271,n,-5.106636,4.279968,5.156059,0.721181,OverRange,OverRange,OverRange,10.037594,12.34073,-4.598177
2026/05/20 04:21:00.273,n,-5.138711,4.441521,4.789232,0.625342,OverRange,OverRange,OverRange,10.068904,12.333192,-4.582477
2026/05/20 04:22:00.263,n,-5.086108,4.888828,4.962423,0.715535,OverRange,OverRange,OverRange,10.1241,12.320264,-4.61362
2026/05/20 04:23:00.262,n,-4.995143,5.922779,4.97554,0.881391,OverRange,OverRange,OverRange,10.11848,12.355952,-4.720784
2026/05/20 04:24:00.264,n,-4.650911,4.412615,5.4365,0.788565,OverRange,OverRange,OverRange,10.129106,12.3441,-4.518912
2026/05/20 04:25:00.266,n,-4.829506,4.24089,4.704368,0.775034,OverRange,OverRange,OverRange,10.195766,12.339786,-4.409786
2026/05/20 04:26:00.268,n,-4.876465,5.752705,5.776181,0.102087,OverRange,OverRange,OverRange,10.205684,12.32795,-4.476081
2026/05/20 04:27:00.270,n,-4.72122,4.516852,5.227468,0.72242,OverRange,OverRange,OverRange,10.13649,12.320394,-4.5248
2026/05/20 04:28:00.272,n,-4.917264,4.523922,4.454008,0.076964,OverRange,OverRange,OverRange,10.156072,12.317172,-4.427362
2026/05/20 04:29:00.275,n,-5.057882,4.602548,4.860965,0.905716,OverRange,OverRange,OverRange,10.170578,12.3075,-4.437174
2026/05/20 04:30:00.276,n,-5.057753,5.947546,5.358419,0.837526,OverRange,OverRange,OverRange,10.191708,12.297812,-4.563621
2026/05/20 04:31:00.262,n,-4.896864,4.724738,5.307983,0.832578,OverRange,OverRange,OverRange,10.119446,12.29239,-4.686571
2026/05/20 04:32:00.264,n,-4.867611,5.733245,5.408465,0.79202,OverRange,OverRange,OverRange,10.083558,12.281578,-4.589133
2026/05/20 04:33:00.267,n,-4.762148,5.021781,4.990193,0.691353,OverRange,OverRange,OverRange,10.063218,12.270866,-4.534697
2026/05/20 04:34:00.267,n,-5.005278,4.610837,4.685265,0.359744,OverRange,OverRange,OverRange,10.078496,12.267626,-4.468231
2026/05/20 04:35:00.272,n,-4.940871,5.765324,4.935784,0.786446,OverRange,OverRange,OverRange,10.15327,12.261162,-4.532649
2026/05/20 04:36:00.274,n,-4.811929,5.698598,5.696518,0.627694,OverRange,OverRange,OverRange,10.068558,12.24716,-4.628125
2026/05/20 04:37:00.274,n,-4.688888,5.453122,5.767721,0.210974,OverRange,OverRange,OverRange,10.01587,12.23959,-4.778035
2026/05/20 04:38:00.276,n,-4.84131,4.772825,5.078278,0.66978,OverRange,OverRange,OverRange,10.01025,12.232034,-4.560038
2026/05/20 04:39:00.278,n,-4.882109,6.148346,5.4016,0.846565,OverRange,OverRange,OverRange,10.130112,12.233142,-4.591009
2026/05/20 04:40:00.263,n,-4.911619,5.245201,5.268748,0.713942,OverRange,OverRange,OverRange,10.091696,12.221306,-4.665069
2026/05/20 04:41:00.266,n,-4.800254,4.460047,4.933209,0.746795,OverRange,OverRange,OverRange,10.101634,12.210528,-4.633927
2026/05/20 04:42:00.267,n,-4.885189,5.632046,5.354531,0.498117,OverRange,OverRange,OverRange,10.095276,12.208362,-4.526932
2026/05/20 04:43:00.270,n,-4.782676,4.351085,5.079779,0.840013,OverRange,OverRange,OverRange,10.020966,12.201898,-4.579491
2026/05/20 04:44:00.272,n,-4.961272,4.578954,5.088145,0.800979,OverRange,OverRange,OverRange,10.119198,12.197582,-4.567546
2026/05/20 04:45:00.273,n,-4.914313,5.621457,4.899816,0.837369,OverRange,OverRange,OverRange,10.229848,12.191152,-4.515073
2026/05/20 04:46:00.274,n,-4.823604,5.777213,4.97594,0.665064,OverRange,OverRange,OverRange,10.18712,12.18679,-4.779998
2026/05/20 04:47:00.281,n,-4.864532,4.504986,4.99243,0.660209,OverRange,OverRange,OverRange,10.126832,12.182474,-4.711826
2026/05/20 04:48:00.279,n,-4.773824,4.455752,4.856607,0.742307,OverRange,OverRange,OverRange,10.148678,12.183582,-4.610378
2026/05/20 04:49:00.264,n,-4.794352,3.912587,4.36465,0.249245,OverRange,OverRange,OverRange,10.137788,12.180342,-4.475995
2026/05/20 04:50:00.269,n,-4.91457,4.843158,4.495289,0.191398,OverRange,OverRange,OverRange,10.187642,12.178226,-4.370879
2026/05/20 04:51:00.269,n,-4.882238,4.067408,4.805958,0.938105,OverRange,OverRange,OverRange,10.14006,12.172804,-4.439051
2026/05/20 04:52:00.271,n,-4.750601,5.767975,5.155987,0.589914,OverRange,OverRange,OverRange,10.211544,12.177118,-4.445023
2026/05/20 04:53:00.273,n,-4.636156,4.386475,4.641042,0.422489,OverRange,OverRange,OverRange,10.162186,12.165234,-4.596812
2026/05/20 04:54:00.274,n,-4.624481,5.724074,5.346691,0.63704,OverRange,OverRange,OverRange,10.221722,12.16092,-4.59903
2026/05/20 04:55:00.279,n,-4.542369,4.063735,4.919389,0.776735,OverRange,OverRange,OverRange,10.206448,12.156652,-4.659438
2026/05/20 04:56:00.278,n,-4.466286,6.098724,5.082239,0.80902,OverRange,OverRange,OverRange,10.25935,12.16092,-4.538451
2026/05/20 04:57:00.279,n,-4.521969,5.634811,4.965348,0.76064,OverRange,OverRange,OverRange,10.346574,12.172804,-4.507223
2026/05/20 04:58:00.265,n,-4.416633,5.743473,5.160827,0.640372,OverRange,OverRange,OverRange,10.316056,12.172804,-4.579491
2026/05/20 04:59:00.271,n,-4.144251,5.689043,5.750973,0.128883,OverRange,OverRange,OverRange,10.305638,12.172804,-4.417721
2026/05/20 05:00:00.271,n,-4.059059,4.068967,5.255837,0.763516,OverRange,OverRange,OverRange,10.222972,12.182474,-4.296734
2026/05/20 05:01:00.272,n,-3.942176,5.630482,5.770159,0.166463,OverRange,OverRange,OverRange,10.362092,12.187896,-4.17404
2026/05/20 05:02:00.274,n,-3.816441,4.527585,5.134936,0.729892,OverRange,OverRange,OverRange,10.348588,12.195436,-4.220797
2026/05/20 05:03:00.280,n,-3.702125,3.928499,4.475524,0.654358,OverRange,OverRange,OverRange,10.39919,12.214826,-3.90903
2026/05/20 05:04:00.277,n,-3.734328,4.188924,4.619825,0.5904,OverRange,OverRange,OverRange,10.452312,12.214826,-3.848708
2026/05/20 05:05:00.280,n,-3.596533,6.076359,5.031039,0.689005,OverRange,OverRange,OverRange,10.433752,12.233142,-3.696664
2026/05/20 05:06:00.285,n,-3.418067,4.466419,5.172258,0.871649,OverRange,OverRange,OverRange,10.37326,12.24716,-3.714155
2026/05/20 05:07:00.267,n,-3.330437,4.887426,5.005526,0.653615,OverRange,OverRange,OverRange,10.455612,12.255774,-3.620727
2026/05/20 05:08:00.270,n,-3.301056,4.301907,4.879385,0.793713,OverRange,OverRange,OverRange,10.487382,12.276254,-3.569961
2026/05/20 05:09:00.271,n,-3.142861,5.661699,5.306175,0.444465,OverRange,OverRange,OverRange,10.531088,12.287002,-3.546667
2026/05/20 05:10:00.274,n,-2.894085,4.47529,4.427263,0.102303,OverRange,OverRange,OverRange,10.566926,12.306392,-3.425937
2026/05/20 05:11:00.277,n,-3.008145,5.957442,4.848872,0.746055,OverRange,OverRange,OverRange,10.593588,12.320394,-3.340188
2026/05/20 05:12:00.277,n,-2.727294,5.780343,5.753536,0.550604,OverRange,OverRange,OverRange,10.573528,12.335454,-3.268176
2026/05/20 05:13:00.280,n,-2.806199,5.146251,5.430463,0.662968,OverRange,OverRange,OverRange,10.541514,12.358086,-3.203843
2026/05/20 05:14:00.280,n,-2.99647,4.343219,4.852622,0.696065,OverRange,OverRange,OverRange,10.553706,12.372088,-3.077311
2026/05/20 05:15:00.285,n,-2.984795,4.712248,5.433723,0.357271,OverRange,OverRange,OverRange,10.59461,12.384984,-3.123812
2026/05/20 05:16:00.271,n,-2.95567,5.702119,5.133344,0.858647,OverRange,OverRange,OverRange,10.665212,12.409764,-3.133879
2026/05/20 05:17:00.270,n,-2.946817,5.707751,5.275464,0.552698,OverRange,OverRange,OverRange,10.68451,12.422692,-3.036442
2026/05/20 05:18:00.271,n,-2.832501,5.518671,5.500031,0.661885,OverRange,OverRange,OverRange,10.713994,12.438828,-3.028592
2026/05/20 05:19:00.273,n,-2.943738,4.494314,4.863556,0.603212,OverRange,OverRange,OverRange,10.702046,12.456038,-2.999412
2026/05/20 05:20:00.277,n,-3.090001,4.467311,4.892118,0.668834,OverRange,OverRange,OverRange,10.609844,12.469,-2.900097
2026/05/20 05:21:00.278,n,-3.216249,4.612137,5.079903,0.688032,OverRange,OverRange,OverRange,10.524476,12.4916,-3.059649
2026/05/20 05:22:00.281,n,-3.385991,6.164459,5.14048,0.817587,OverRange,OverRange,OverRange,10.495256,12.495896,-3.275941
2026/05/20 05:23:00.282,n,-3.344935,5.788463,5.045078,0.809184,OverRange,OverRange,OverRange,10.542024,12.503388,-3.951947
2026/05/20 05:24:00.286,n,-3.298233,4.444999,5.158278,0.749194,OverRange,OverRange,OverRange,10.56107,12.513108,-4.135049
2026/05/20 05:25:00.270,n,-3.403312,5.342503,5.195332,0.635481,OverRange,OverRange,OverRange,10.573258,12.523854,-4.076603
2026/05/20 05:26:00.272,n,-3.297977,4.138735,4.762932,0.561653,OverRange,OverRange,OverRange,10.514588,12.532468,-4.037781
2026/05/20 05:27:00.277,n,-3.391508,4.521207,5.066564,0.771241,OverRange,OverRange,OverRange,10.538204,12.538932,-4.060989
2026/05/20 05:28:00.276,n,-3.467976,4.677587,5.023097,0.785547,OverRange,OverRange,OverRange,10.523454,12.545364,-4.205098
2026/05/20 05:29:00.277,n,-3.461689,4.80937,4.93093,0.642376,OverRange,OverRange,OverRange,10.538194,12.551846,-4.236411
2026/05/20 05:30:00.278,n,-3.41781,4.42596,5.001457,0.722464,OverRange,OverRange,OverRange,10.525234,12.559384,-4.191617
2026/05/20 05:31:00.281,n,-3.397539,4.247053,4.809218,0.940947,OverRange,OverRange,OverRange,10.587734,12.564708,-4.14469
2026/05/20 05:32:00.267,n,-3.467719,5.674754,5.200244,0.61116,OverRange,OverRange,OverRange,10.635758,12.565814,-4.04546
2026/05/20 05:33:00.268,n,-3.45027,4.469737,5.361648,0.442773,OverRange,OverRange,OverRange,10.546586,12.57013,-4.125151
2026/05/20 05:34:00.270,n,-3.435772,6.201033,4.716401,0.838824,OverRange,OverRange,OverRange,10.559312,12.571206,-4.133257
2026/05/20 05:35:00.272,n,-3.424097,4.284182,4.743549,0.458381,OverRange,OverRange,OverRange,10.442918,12.57228,-4.220627
2026/05/20 05:36:00.259,n,-3.611288,5.98636,4.841067,0.79686,OverRange,OverRange,OverRange,10.467052,12.579818,-4.135133
2026/05/20 05:37:00.261,n,-3.494277,5.565544,4.734772,0.424011,OverRange,OverRange,OverRange,10.418254,12.575502,-4.162437
2026/05/20 05:38:00.263,n,-3.450142,4.411755,5.219462,0.77817,OverRange,OverRange,OverRange,10.40834,12.575502,-4.283253
2026/05/20 05:39:00.263,n,-3.643363,5.679834,5.131813,0.652072,OverRange,OverRange,OverRange,10.43961,12.583026,-4.302706
2026/05/20 05:40:00.265,n,-3.573439,6.260935,5.238796,0.851632,OverRange,OverRange,OverRange,10.415218,12.564496,-4.403984
2026/05/20 05:41:00.270,n,-3.632073,5.688661,5.366257,0.556906,OverRange,OverRange,OverRange,10.35054,12.560246,-4.46644
2026/05/20 05:42:00.269,n,-3.708027,4.517964,4.750422,0.610611,OverRange,OverRange,OverRange,10.35281,12.553782,-4.526848
2026/05/20 05:43:00.273,n,-3.836841,4.339959,5.222502,0.676129,OverRange,OverRange,OverRange,10.32128,12.558096,-4.462429
2026/05/20 05:44:00.257,n,-3.962576,3.992301,4.225831,0.198363,OverRange,OverRange,OverRange,10.38584,12.555932,-4.42156
2026/05/20 05:45:00.260,n,-3.807588,4.441621,5.108133,0.796174,OverRange,OverRange,OverRange,10.414836,12.549468,-4.45074
2026/05/20 05:46:00.263,n,-3.532255,5.734808,5.496323,0.766774,OverRange,OverRange,OverRange,10.41536,12.553782,-4.526762
2026/05/20 05:47:00.264,n,-3.561764,4.538447,5.08972,0.692982,OverRange,OverRange,OverRange,10.330948,12.550558,-4.499544
2026/05/20 05:48:00.267,n,-3.558428,4.458923,4.847416,0.667711,OverRange,OverRange,OverRange,10.327912,12.552676,-4.294857
2026/05/20 05:49:00.268,n,-3.505953,6.019265,5.355822,0.511695,OverRange,OverRange,OverRange,10.389934,12.550558,-4.298781
2026/05/20 05:50:00.271,n,-3.482474,5.852353,5.166134,0.610988,OverRange,OverRange,OverRange,10.397568,12.553782,-4.386408
2026/05/20 05:51:00.272,n,-3.549832,4.353037,4.900619,0.649512,OverRange,OverRange,OverRange,10.440258,12.550558,-4.368831
2026/05/20 05:52:00.259,n,-3.576134,5.6705,5.066676,0.709279,OverRange,OverRange,OverRange,10.500718,12.558096,-4.382397
2026/05/20 05:53:00.623,n,-3.520451,5.611295,4.700705,0.452899,OverRange,OverRange,OverRange,10.450414,12.564496,-4.372841
2026/05/20 05:54:00.262,n,-3.485425,6.011679,5.274986,0.684916,OverRange,OverRange,OverRange,10.397802,12.561338,-4.472241
2026/05/20 05:55:00.265,n,-3.318633,4.404143,5.37588,0.909958,OverRange,OverRange,OverRange,10.412038,12.564496,-4.456542
2026/05/20 05:56:00.267,n,-3.476572,6.189929,5.459067,0.658708,OverRange,OverRange,OverRange,10.44634,12.567752,-4.423437
2026/05/20 05:57:00.267,n,-3.230747,4.558846,5.058875,0.656524,OverRange,OverRange,OverRange,10.406454,12.570992,-4.376766
2026/05/20 05:58:00.269,n,-3.491454,5.631701,4.939496,0.614119,OverRange,OverRange,OverRange,10.460836,12.580698,-4.244176
2026/05/20 05:59:00.272,n,-3.248196,5.274209,5.53879,0.548502,OverRange,OverRange,OverRange,10.423986,12.579606,-4.400059
2026/05/20 06:00:00.276,n,-3.339162,5.906927,5.051686,0.8658,OverRange,OverRange,OverRange,10.476324,12.584996,-4.285215
2026/05/20 06:01:00.260,n,-3.163517,5.716635,5.710637,0.241266,OverRange,OverRange,OverRange,10.492346,12.59685,-4.306632
2026/05/20 06:02:00.262,n,-3.181095,4.8776,4.989927,0.646996,OverRange,OverRange,OverRange,10.499196,12.597892,-4.207231
2026/05/20 06:03:00.265,n,-3.239472,4.53562,4.899444,0.794925,OverRange,OverRange,OverRange,10.56628,12.604356,-4.216787
2026/05/20 06:04:00.264,n,-3.198544,4.382522,4.37688,0.220999,OverRange,OverRange,OverRange,10.56427,12.610788,-4.057149
2026/05/20 06:05:00.267,n,-3.104884,4.29703,4.513816,0.553251,OverRange,OverRange,OverRange,10.578476,12.615102,-4.002629
2026/05/20 06:06:00.269,n,-2.935142,5.74438,5.375469,0.651274,OverRange,OverRange,OverRange,10.58278,12.624776,-3.945975
2026/05/20 06:07:00.272,n,-2.967089,5.948591,5.389625,0.757621,OverRange,OverRange,OverRange,10.48167,12.630134,-4.026007
2026/05/20 06:08:00.273,n,-3.025979,5.725133,5.216727,0.625,OverRange,OverRange,OverRange,10.447358,12.632316,-4.158426
2026/05/20 06:09:00.275,n,-2.984795,5.705345,5.134275,0.695668,OverRange,OverRange,OverRange,10.44074,12.636598,-4.04546
2026/05/20 06:10:00.263,n,-2.958621,4.528403,4.691868,0.654781,OverRange,OverRange,OverRange,10.501476,12.64521,-3.957835
2026/05/20 06:11:00.263,n,-2.847127,5.701097,5.523806,0.522933,OverRange,OverRange,OverRange,10.604382,12.652748,-4.051347
2026/05/20 06:12:00.267,n,-2.730245,4.384083,4.786922,0.699928,OverRange,OverRange,OverRange,10.638672,12.662422,-3.953995
2026/05/20 06:13:00.267,n,-2.542797,6.174492,5.974492,0.285702,OverRange,OverRange,OverRange,10.7113,12.671002,-3.928654
2026/05/20 06:14:00.269,n,-2.59245,3.865464,4.497883,0.334079,OverRange,OverRange,OverRange,10.627488,12.678542,-3.872086
2026/05/20 06:15:00.270,n,-2.779769,5.587463,5.296892,0.812215,OverRange,OverRange,OverRange,10.638408,12.682858,-3.84666
2026/05/20 06:16:00.272,n,-2.715619,4.256484,4.933821,0.639953,OverRange,OverRange,OverRange,10.624436,12.694678,-3.889662
2026/05/20 06:17:00.276,n,-2.800169,4.719339,4.769912,0.557122,OverRange,OverRange,OverRange,10.633596,12.706532,-3.922682
2026/05/20 06:18:00.277,n,-2.630812,4.559567,5.13807,0.772926,OverRange,OverRange,OverRange,10.633576,12.711858,-3.936333
2026/05/20 06:19:00.263,n,-2.897037,5.680869,4.978314,0.809569,OverRange,OverRange,OverRange,10.623174,12.720504,-3.760997
2026/05/20 06:20:00.266,n,-2.759369,5.535422,5.253294,0.6446,OverRange,OverRange,OverRange,10.557384,12.732328,-3.823282
2026/05/20 06:21:00.268,n,-2.759626,5.736357,5.395238,0.77969,OverRange,OverRange,OverRange,10.557882,12.738726,-3.891454
2026/05/20 06:22:00.268,n,-3.0229,6.098398,5.082624,0.825159,OverRange,OverRange,OverRange,10.528408,12.73762,-3.963636
2026/05/20 06:23:00.270,n,-3.063828,5.936158,5.34113,0.88649,OverRange,OverRange,OverRange,10.542308,12.736576,-4.097848
2026/05/20 06:24:00.272,n,-2.843791,6.115923,5.469535,0.800953,OverRange,OverRange,OverRange,10.584454,12.741934,-4.14085
2026/05/20 06:25:00.276,n,-2.990183,5.759679,4.954172,0.815161,OverRange,OverRange,OverRange,10.67335,12.747308,-4.121311
2026/05/20 06:26:00.278,n,-3.10745,3.801952,4.955936,0.768096,OverRange,OverRange,OverRange,10.687068,12.761296,-4.060989
2026/05/20 06:27:00.280,n,-3.022771,4.703242,5.03062,0.737361,OverRange,OverRange,OverRange,10.74344,12.769908,-3.932323
2026/05/20 06:28:00.265,n,-2.996213,5.515675,5.38678,0.688511,OverRange,OverRange,OverRange,10.693162,12.773116,-3.766628
2026/05/20 06:29:00.268,n,-3.045994,4.372152,4.881847,0.595974,OverRange,OverRange,OverRange,10.647202,12.782804,-3.86398
2026/05/20 06:30:00.269,n,-3.169034,3.92551,4.971542,0.809433,OverRange,OverRange,OverRange,10.703842,12.786014,-3.967305
2026/05/20 06:31:00.273,n,-3.198159,5.750823,5.182019,0.664754,OverRange,OverRange,OverRange,10.66447,12.794596,-4.086159
2026/05/20 06:32:00.273,n,-3.221895,4.018062,4.927894,0.746174,OverRange,OverRange,OverRange,10.663442,12.796744,-4.17387
2026/05/20 06:33:00.278,n,-3.165955,4.517016,5.272036,0.822046,OverRange,OverRange,OverRange,10.72514,12.805374,-4.18957
2026/05/20 06:34:00.276,n,-3.212785,4.622738,5.023016,0.699566,OverRange,OverRange,OverRange,10.739614,12.808566,-4.236241
2026/05/20 06:35:00.278,n,-3.400233,4.433216,4.370047,0.275948,OverRange,OverRange,OverRange,10.741664,12.810732,-4.099725
2026/05/20 06:36:00.282,n,-3.482346,4.500096,4.83086,0.700507,OverRange,OverRange,OverRange,10.794704,12.81824,-4.230524
2026/05/20 06:37:00.267,n,-3.385606,3.985643,4.350147,0.187919,OverRange,OverRange,OverRange,10.791926,12.82042,-4.226343
2026/05/20 06:38:00.268,n,-3.473364,4.42114,4.518443,0.235738,OverRange,OverRange,OverRange,10.767552,12.823612,-4.23223
2026/05/20 06:39:00.271,n,-3.657861,5.761644,5.42681,0.453721,OverRange,OverRange,OverRange,10.714238,12.82682,-4.359019
2026/05/20 06:40:00.274,n,-3.482217,4.461865,4.87237,0.647505,OverRange,OverRange,OverRange,10.677156,12.823612,-4.466183
2026/05/20 06:41:00.275,n,-3.520066,4.413078,4.475119,0.057992,OverRange,OverRange,OverRange,10.676922,12.834392,-4.425229
2026/05/20 06:42:00.276,n,-3.438338,5.447637,5.133611,0.578624,OverRange,OverRange,OverRange,10.716528,12.824672,-4.398011
2026/05/20 06:43:00.278,n,-3.41781,4.486094,5.175244,0.742535,OverRange,OverRange,OverRange,10.71372,12.82682,-4.450655
2026/05/20 06:44:00.284,n,-3.306445,4.516426,4.755763,0.696466,OverRange,OverRange,OverRange,10.724392,12.833284,-4.366783
2026/05/20 06:45:00.285,n,-3.397282,5.562874,5.305204,0.583636,OverRange,OverRange,OverRange,10.75081,12.829002,-4.283168
2026/05/20 06:46:00.269,n,-2.999292,4.69162,5.325135,0.75533,OverRange,OverRange,OverRange,10.750036,12.830062,-4.277196
2026/05/20 06:47:00.273,n,-3.283094,5.684761,4.418343,0.658762,OverRange,OverRange,OverRange,10.81833,12.834392,-4.150406
2026/05/20 06:48:00.274,n,-3.268596,3.867944,4.627475,0.629197,OverRange,OverRange,OverRange,10.728456,12.833284,-4.199211
2026/05/20 06:49:00.274,n,-3.163133,5.619759,5.123257,0.810612,OverRange,OverRange,OverRange,10.778194,12.8376,-4.167983
2026/05/20 06:50:00.276,n,-3.010839,6.004111,5.386585,0.748061,OverRange,OverRange,OverRange,10.72694,12.832422,-4.128991
2026/05/20 06:51:00.279,n,-3.075888,4.486195,5.266596,0.674117,OverRange,OverRange,OverRange,10.68858,12.834538,-4.189739
2026/05/20 06:52:00.280,n,-3.111171,5.562845,5.141275,0.601055,OverRange,OverRange,OverRange,10.741384,12.832422,-4.059112
2026/05/20 06:53:00.266,n,-3.309909,5.506532,5.442533,0.497565,OverRange,OverRange,OverRange,10.687306,12.834538,-4.035733
2026/05/20 06:54:00.267,n,-3.477085,5.701128,5.154193,0.832405,OverRange,OverRange,OverRange,10.642594,12.829182,-4.242384
2026/05/20 06:55:00.270,n,-3.441546,4.464245,5.437636,0.494603,OverRange,OverRange,OverRange,10.624074,12.825958,-4.055273
2026/05/20 06:56:00.274,n,-3.655552,5.529599,5.11542,0.549308,OverRange,OverRange,OverRange,10.650758,12.827066,-4.131209
2026/05/20 06:57:00.257,n,-3.558941,4.277789,4.930877,0.830144,OverRange,OverRange,OverRange,10.657598,12.828108,-4.197419
2026/05/20 06:58:00.262,n,-3.708027,4.618886,5.251145,0.762107,OverRange,OverRange,OverRange,10.692898,12.827066,-4.361237
2026/05/20 06:59:00.261,n,-3.983618,4.588252,4.821155,0.583594,OverRange,OverRange,OverRange,10.65556,12.821642,-4.398268
2026/05/20 07:00:00.263,n,-4.261517,4.47737,5.009295,0.63691,OverRange,OverRange,OverRange,10.594116,12.811968,-4.614302
2026/05/20 07:01:00.266,n,-4.223412,4.385384,5.026388,0.843041,OverRange,OverRange,OverRange,10.559306,12.80339,-4.651503
2026/05/20 07:02:00.267,n,-4.48412,4.345379,4.855152,0.938177,OverRange,OverRange,OverRange,10.503662,12.800164,-4.770442
2026/05/20 07:03:00.270,n,-4.43126,5.778882,5.310658,0.800196,OverRange,OverRange,OverRange,10.59792,12.78406,-4.83486
2026/05/20 07:04:00.270,n,-4.369932,5.845279,5.84098,0.234101,OverRange,OverRange,OverRange,10.496044,12.774386,-4.947741
2026/05/20 07:05:00.259,n,-4.358128,4.356657,4.937008,0.664267,OverRange,OverRange,OverRange,10.426936,12.762548,-4.97129
2026/05/20 07:06:00.261,n,-4.5543,5.709737,5.137722,0.738664,OverRange,OverRange,OverRange,10.519424,12.752876,-4.977092
2026/05/20 07:07:00.262,n,-4.452044,5.788596,5.101401,0.777403,OverRange,OverRange,OverRange,10.579098,12.74216,-5.060878
2026/05/20 07:08:00.266,n,-4.355305,5.629056,4.922358,0.709109,OverRange,OverRange,OverRange,10.602234,12.729264,-5.111389
2026/05/20 07:09:00.265,n,-3.91318,5.699783,5.457777,0.750273,OverRange,OverRange,OverRange,10.503144,12.7228,-5.074359
2026/05/20 07:10:00.268,n,-3.904328,5.659141,5.121377,0.7594,OverRange,OverRange,OverRange,10.453106,12.717444,-4.955676
2026/05/20 07:11:00.269,n,-3.684933,5.014998,4.872665,0.716087,OverRange,OverRange,OverRange,10.412954,12.708828,-4.80167
2026/05/20 07:12:00.271,n,-3.362769,4.214808,5.370451,0.625886,OverRange,OverRange,OverRange,10.394644,12.702332,-4.489733
2026/05/20 07:13:00.257,n,-3.582164,5.800606,4.775186,0.564688,OverRange,OverRange,OverRange,10.421326,12.696974,-4.347501
2026/05/20 07:14:00.259,n,-3.611545,4.047309,4.680662,0.671555,OverRange,OverRange,OverRange,10.413692,12.688394,-4.448777
2026/05/20 07:15:00.262,n,-3.617575,5.907857,5.093585,0.782577,OverRange,OverRange,OverRange,10.431244,12.695932,-4.482054
2026/05/20 07:16:00.262,n,-3.687627,6.135477,5.659125,0.33343,OverRange,OverRange,OverRange,10.333664,12.689436,-4.546301
2026/05/20 07:17:00.265,n,-3.511983,5.768198,5.907689,0.230025,OverRange,OverRange,OverRange,10.280278,12.681962,-4.634012
2026/05/20 07:18:00.266,n,-3.500307,4.361604,5.465506,0.549608,OverRange,OverRange,OverRange,10.342804,12.68087,-4.484101
2026/05/20 07:19:00.268,n,-3.643748,5.801347,4.734936,0.528292,OverRange,OverRange,OverRange,10.421596,12.672256,-4.443061
2026/05/20 07:20:00.271,n,-3.403697,4.549509,4.563751,0.58407,OverRange,OverRange,OverRange,10.422348,12.673364,-4.298782
2026/05/20 07:21:00.273,n,-3.35366,4.036331,4.671812,0.871504,OverRange,OverRange,OverRange,10.535416,12.671216,-4.100066
2026/05/20 07:22:00.257,n,-3.046507,4.509775,5.434534,0.555888,OverRange,OverRange,OverRange,10.555492,12.6669,-3.994864
2026/05/20 07:23:00.259,n,-3.011353,4.092672,4.671968,0.871927,OverRange,OverRange,OverRange,10.517644,12.660436,-3.864407
2026/05/20 07:24:00.262,n,-3.222279,5.997651,4.909327,1.008823,OverRange,OverRange,OverRange,10.473684,12.65936,-3.712448
2026/05/20 07:25:00.265,n,-2.7858,4.446992,4.956991,0.693981,OverRange,OverRange,OverRange,10.404308,12.663644,-3.4494
2026/05/20 07:26:00.266,n,-3.066907,5.632633,4.793337,0.805133,OverRange,OverRange,OverRange,10.46758,12.660436,-3.305377
2026/05/20 07:27:00.267,n,-2.595786,4.506922,5.000836,0.70596,OverRange,OverRange,OverRange,10.35957,12.649706,-3.098812
2026/05/20 07:28:00.270,n,-2.674819,4.549083,4.971119,0.639392,OverRange,OverRange,OverRange,10.352966,12.639968,-2.958543
2026/05/20 07:29:00.271,n,-2.6634,4.856554,5.011266,0.733067,OverRange,OverRange,OverRange,10.383724,12.635718,-2.855474
2026/05/20 07:30:00.274,n,-2.270928,4.540058,4.997708,0.669839,OverRange,OverRange,OverRange,10.374574,12.621746,-2.592596
2026/05/20 07:31:00.261,n,-2.071933,4.298745,4.544708,0.632734,OverRange,OverRange,OverRange,10.430482,12.620672,-2.298491
2026/05/20 07:32:00.261,n,-1.539355,5.818856,5.74545,0.546258,OverRange,OverRange,OverRange,10.397696,12.61525,-2.039709
2026/05/20 07:33:00.262,n,-1.085811,4.059766,4.972197,0.791129,OverRange,OverRange,OverRange,10.304394,12.60561,-1.576325
2026/05/20 07:34:00.265,n,-0.699625,6.182791,5.463112,0.732265,OverRange,OverRange,OverRange,10.394156,12.599146,-1.08214
2026/05/20 07:35:00.266,n,-0.202459,5.751976,5.239179,0.712254,OverRange,OverRange,OverRange,10.297796,12.598072,-0.770714
2026/05/20 07:36:00.270,n,0.016807,5.6905,5.426583,0.619386,OverRange,OverRange,OverRange,10.327292,12.60022,-0.726005
2026/05/20 07:37:00.275,n,0.35039,5.839443,5.32638,0.685195,OverRange,OverRange,OverRange,10.42159,12.595922,-0.60536
2026/05/20 07:38:00.274,n,0.967389,5.832544,5.175517,0.722703,OverRange,OverRange,OverRange,10.442418,12.596996,-0.369957
2026/05/20 07:39:00.277,n,1.668939,4.325599,5.029026,0.749341,OverRange,OverRange,OverRange,10.505178,12.599146,0.197777
2026/05/20 07:40:00.264,n,2.057691,4.395999,5.215491,0.845903,OverRange,OverRange,OverRange,10.527554,12.60022,0.639489
2026/05/20 07:41:00.264,n,2.373312,6.055578,5.33902,0.791092,OverRange,OverRange,OverRange,10.567434,12.613132,1.070877
2026/05/20 07:42:00.267,n,2.616057,5.706989,4.867282,0.963693,OverRange,OverRange,OverRange,10.538982,12.618506,1.475474
2026/05/20 07:43:00.267,n,3.060107,5.756009,5.683273,0.253533,OverRange,OverRange,OverRange,10.469366,12.62282,1.914627
2026/05/20 07:44:00.271,n,3.296822,5.78183,5.579586,0.284599,OverRange,OverRange,OverRange,10.434566,12.626028,2.508981
2026/05/20 07:45:00.271,n,3.814132,5.130085,5.380745,0.252061,OverRange,OverRange,OverRange,10.43633,12.629252,3.255122
2026/05/20 07:46:00.274,n,4.240604,5.6858,5.0884,0.78771,OverRange,OverRange,OverRange,10.368974,12.627072,3.804767
2026/05/20 07:47:00.276,n,4.900713,5.863927,5.101021,0.926175,OverRange,OverRange,OverRange,10.35043,12.634642,4.429837
2026/05/20 07:48:00.277,n,5.788299,5.60044,5.277148,0.508809,OverRange,OverRange,OverRange,10.380184,12.624938,5.312835
2026/05/20 07:49:00.265,n,7.361526,4.060958,4.947391,0.826227,OverRange,OverRange,OverRange,10.384222,12.627072,6.496252
2026/05/20 07:50:00.265,n,9.171724,5.890784,5.360797,0.850761,OverRange,OverRange,OverRange,10.432266,12.621746,8.53306
2026/05/20 07:51:00.268,n,10.390456,4.764248,5.258096,0.85698,OverRange,OverRange,OverRange,10.375844,12.624938,10.026964
2026/05/20 07:52:00.270,n,10.627556,5.599961,5.678786,0.72527,OverRange,OverRange,OverRange,10.426164,12.626028,10.777458
2026/05/20 07:53:00.271,n,10.96101,6.291303,4.907661,0.880441,OverRange,OverRange,OverRange,10.398464,12.617432,11.554826
2026/05/20 07:54:00.272,n,15.083322,5.984478,5.810875,0.581483,OverRange,OverRange,OverRange,10.39948,12.617432,19.452834
2026/05/20 07:55:00.275,n,19.119414,4.497601,4.831044,0.666933,OverRange,OverRange,OverRange,10.33161,12.61525,23.964492
2026/05/20 07:56:00.276,n,23.403638,4.593497,4.700467,0.522793,OverRange,OverRange,OverRange,10.378378,12.614206,24.582736
2026/05/20 07:57:00.278,n,30.505356,5.017086,5.144185,0.744927,OverRange,OverRange,OverRange,10.381186,12.617432,31.417628
2026/05/20 07:58:00.269,n,41.592488,5.78533,4.731223,0.523848,OverRange,OverRange,OverRange,10.4254,12.607776,44.167648
2026/05/20 07:59:00.265,n,58.60956,6.337277,5.704819,0.695659,OverRange,OverRange,OverRange,10.44243,12.607776,81.231296
2026/05/20 08:00:00.269,n,69.448304,4.338439,5.13851,0.835293,OverRange,OverRange,OverRange,10.465032,12.61525,103.70342
2026/05/20 08:01:00.271,n,70.818168,3.891993,5.008989,0.852769,OverRange,OverRange,OverRange,10.53746,12.621746,110.26956
2026/05/20 08:02:00.271,n,62.540312,4.533435,4.990257,0.891531,OverRange,OverRange,OverRange,10.624588,12.631402,109.123
2026/05/20 08:03:00.275,n,49.463624,5.715559,5.245084,0.732927,OverRange,OverRange,OverRange,10.735046,12.645392,100.5343
2026/05/20 08:04:00.275,n,41.288156,5.588728,5.821563,0.234941,OverRange,OverRange,OverRange,10.762208,12.66475,91.697752
2026/05/20 08:05:00.279,n,38.106032,6.088073,5.09352,0.846707,OverRange,OverRange,OverRange,10.768306,12.683038,91.514824
2026/05/20 08:06:00.279,n,36.27454,5.631642,5.05967,0.595749,OverRange,OverRange,OverRange,10.747244,12.700248,90.05804
2026/05/20 08:07:00.265,n,30.729884,4.462892,5.493798,0.511047,OverRange,OverRange,OverRange,10.772624,12.721726,71.597152
2026/05/20 08:08:00.268,n,20.392674,4.487904,5.389233,0.60507,OverRange,OverRange,OverRange,10.806132,12.734622,27.875656
2026/05/20 08:09:00.269,n,21.770494,5.755439,5.202624,0.779531,OverRange,OverRange,OverRange,10.767538,12.748626,26.82389
2026/05/20 08:10:00.271,n,24.795448,4.542423,5.097848,0.655324,OverRange,OverRange,OverRange,10.672322,12.75934,29.471946
2026/05/20 08:11:00.273,n,28.059808,5.59093,5.202032,0.475219,OverRange,OverRange,OverRange,10.659892,12.772238,31.842874
2026/05/20 08:12:00.274,n,34.33476,4.290043,5.021024,0.730051,OverRange,OverRange,OverRange,10.619004,12.778702,36.614848
2026/05/20 08:13:00.279,n,44.70314,5.592261,4.799952,0.681667,OverRange,OverRange,OverRange,10.622046,12.790524,48.462416
2026/05/20 08:14:00.278,n,66.596688,4.543881,5.117338,0.824681,OverRange,OverRange,OverRange,10.579362,12.797998,94.998088
2026/05/20 08:15:00.281,n,79.821944,4.407227,5.156728,0.672066,OverRange,OverRange,OverRange,10.66446,12.80557,142.76882
2026/05/20 08:16:00.266,n,55.851732,4.56595,5.598681,0.632349,OverRange,OverRange,OverRange,10.65861,12.819494,74.179344
2026/05/20 08:17:00.269,n,59.690504,4.587436,4.7553,0.735031,OverRange,OverRange,OverRange,10.723622,12.83133,70.207336
2026/05/20 08:18:00.272,n,77.663288,4.893837,5.037586,0.661369,OverRange,OverRange,OverRange,10.80309,12.847436,86.992504
2026/05/20 08:19:00.569,n,102.62502,4.254488,4.69531,0.613413,OverRange,OverRange,OverRange,10.819824,12.865724,148.28454
2026/05/20 08:20:00.277,n,110.5077,4.009739,4.835747,0.798417,OverRange,OverRange,OverRange,10.833272,12.874306,197.10488
2026/05/20 08:21:00.278,n,75.401336,6.167971,5.826947,0.243751,OverRange,OverRange,OverRange,10.806382,12.89795,109.24372
2026/05/20 08:22:00.280,n,72.273744,5.807208,5.105382,0.702919,OverRange,OverRange,OverRange,10.77058,12.911922,121.32916
2026/05/20 08:23:00.283,n,80.069432,4.280336,4.695625,0.487058,OverRange,OverRange,OverRange,10.771846,12.932326,151.63982
2026/05/20 08:24:00.268,n,61.14876,4.630663,5.037856,0.798042,OverRange,OverRange,OverRange,10.837586,12.95058,111.67414
2026/05/20 08:25:00.270,n,55.19586,6.088535,5.344967,0.674464,OverRange,OverRange,OverRange,10.91803,12.966654,96.123496
2026/05/20 08:26:00.273,n,43.240512,6.285334,5.253455,0.985175,OverRange,OverRange,OverRange,10.923112,12.987188,60.919444
2026/05/20 08:27:00.274,n,45.72968,5.75866,4.892387,0.861878,OverRange,OverRange,OverRange,10.913992,13.003474,59.597628
2026/05/20 08:28:00.258,n,50.909316,4.961687,5.434059,0.267731,OverRange,OverRange,OverRange,10.929724,13.02072,62.48988
2026/05/20 08:29:00.261,n,53.895784,4.043562,4.385739,0.204279,OverRange,OverRange,OverRange,10.859158,13.037998,66.254456
2026/05/20 08:30:00.264,n,58.26776,6.021239,5.841282,0.256703,OverRange,OverRange,OverRange,10.855618,13.049918,77.172864
2026/05/20 08:31:00.265,n,54.014588,6.267592,5.290241,0.881792,OverRange,OverRange,OverRange,10.771846,13.063954,70.46152
2026/05/20 08:32:00.270,n,61.12734,5.512514,4.82299,0.552968,OverRange,OverRange,OverRange,10.82336,13.07599,93.674584
2026/05/20 08:33:00.270,n,57.792796,5.622256,5.155561,0.566026,OverRange,OverRange,OverRange,10.83847,13.081414,90.487208
2026/05/20 08:34:00.272,n,102.62424,6.195268,5.608841,0.420894,OverRange,OverRange,OverRange,10.877046,13.085664,215.74682
2026/05/20 08:35:00.259,n,66.591936,4.56873,5.183192,0.59234,OverRange,OverRange,OverRange,10.872472,13.095434,101.98682
2026/05/20 08:36:00.259,n,127.91774,4.460642,4.960179,0.941578,OverRange,OverRange,OverRange,10.996816,13.108366,270.02648
2026/05/20 08:37:00.262,n,129.63224,5.501771,5.094675,0.709453,OverRange,OverRange,OverRange,11.077728,13.120286,276.21228
2026/05/20 08:38:00.263,n,134.3518,4.570036,4.983358,0.634428,OverRange,OverRange,OverRange,11.056932,13.131066,281.27356
2026/05/20 08:39:00.265,n,144.95742,4.215234,4.830914,0.892648,OverRange,OverRange,OverRange,11.094712,13.147238,297.21606
2026/05/20 08:40:00.269,n,148.911,5.625808,4.790013,0.726588,OverRange,OverRange,OverRange,11.204976,13.161308,307.7222
2026/05/20 08:41:00.270,n,123.93734,5.676082,4.959528,0.688695,OverRange,OverRange,OverRange,11.227566,13.183978,256.23672
2026/05/20 08:42:00.271,n,136.51264,4.189354,5.021626,0.867685,OverRange,OverRange,OverRange,11.186742,13.210964,294.08688
2026/05/20 08:43:00.256,n,121.04852,4.287061,4.993269,0.77646,OverRange,OverRange,OverRange,11.185206,13.235816,264.70648
2026/05/20 08:44:00.262,n,128.43148,4.497532,5.226847,0.638607,OverRange,OverRange,OverRange,11.188778,13.26176,273.97928
2026/05/20 08:45:00.261,n,122.15344,5.765671,5.093491,0.707618,OverRange,OverRange,OverRange,11.249874,13.286546,271.80068
2026/05/20 08:46:00.263,n,79.2374,5.859064,5.078589,0.8132,OverRange,OverRange,OverRange,11.225774,13.313534,145.7626
2026/05/20 08:47:00.265,n,124.46158,4.622444,4.87008,0.659578,OverRange,OverRange,OverRange,11.227306,13.338352,262.4574
2026/05/20 08:48:00.267,n,150.72698,5.435923,5.251667,0.860658,OverRange,OverRange,OverRange,11.326146,13.370698,327.06702
2026/05/20 08:49:00.271,n,153.88292,4.886793,5.005855,0.773568,OverRange,OverRange,OverRange,11.411,13.383206,332.89544
2026/05/20 08:50:00.271,n,155.33938,4.573144,5.336955,0.639593,OverRange,OverRange,OverRange,11.440028,13.403728,334.78866
2026/05/20 08:51:00.273,n,158.16856,5.529445,5.267112,0.892819,OverRange,OverRange,OverRange,11.489156,13.435046,339.19096
2026/05/20 08:52:00.259,n,163.03102,6.149433,5.06303,0.675339,OverRange,OverRange,OverRange,11.572728,13.469542,349.1078
2026/05/20 08:53:00.262,n,163.82856,4.591707,4.800319,0.714304,OverRange,OverRange,OverRange,11.598806,13.504038,347.08204
2026/05/20 08:54:00.262,n,169.61428,6.101476,5.107095,0.762155,OverRange,OverRange,OverRange,11.67653,13.533144,357.55436
2026/05/20 08:55:00.264,n,172.66272,4.620228,4.950558,0.519578,OverRange,OverRange,OverRange,11.62942,13.56979,366.20168
2026/05/20 08:56:00.266,n,173.4129,4.41814,4.608523,0.242914,OverRange,OverRange,OverRange,11.694992,13.60753,368.31736
2026/05/20 08:57:00.269,n,175.41978,4.066402,4.548752,0.30545,OverRange,OverRange,OverRange,11.794434,13.645218,371.4608
2026/05/20 08:58:00.272,n,177.30888,5.45375,4.896275,0.641277,OverRange,OverRange,OverRange,11.73016,13.688362,374.58804
2026/05/20 08:59:00.272,n,178.76702,5.520494,4.944872,0.664836,OverRange,OverRange,OverRange,11.714718,13.726072,376.85472
2026/05/20 09:00:00.274,n,176.45826,5.939284,5.06908,0.748894,OverRange,OverRange,OverRange,11.743306,13.768046,368.7634
2026/05/20 09:01:00.260,n,185.9787,5.870795,4.747048,0.66505,OverRange,OverRange,OverRange,11.82429,13.789742,388.61844
2026/05/20 09:02:00.262,n,190.40394,4.533985,5.078843,0.493639,OverRange,OverRange,OverRange,11.791276,13.826326,397.77432
2026/05/20 09:03:00.264,n,193.01856,5.285656,4.829548,0.452508,OverRange,OverRange,OverRange,11.917726,13.875908,401.3884
2026/05/20 09:04:00.270,n,200.10758,4.662943,5.106416,0.547686,OverRange,OverRange,OverRange,11.972356,13.913568,408.88972
2026/05/20 09:05:00.268,n,207.6876,4.871059,4.985842,0.67431,OverRange,OverRange,OverRange,12.114376,13.95768,419.3174
2026/05/20 09:06:00.271,n,208.01646,4.519772,5.08511,0.538929,OverRange,OverRange,OverRange,12.034022,14.001808,419.79484
2026/05/20 09:07:00.276,n,202.77984,4.025588,4.750105,0.809282,OverRange,OverRange,OverRange,12.112106,14.054244,408.59472
2026/05/20 09:08:00.273,n,166.47092,4.447503,5.024283,0.50644,OverRange,OverRange,OverRange,12.077566,14.095146,331.88364
2026/05/20 09:09:00.276,n,209.64126,5.573762,5.185297,0.650456,OverRange,OverRange,OverRange,12.167782,14.143528,427.21288
2026/05/20 09:10:00.262,n,213.05688,4.491948,4.873297,0.57733,OverRange,OverRange,OverRange,12.167776,14.186534,434.75008
2026/05/20 09:11:00.264,n,212.81464,5.518846,5.375412,0.43435,OverRange,OverRange,OverRange,12.142502,14.239608,433.56688
2026/05/20 09:12:00.266,n,220.0158,4.7849,4.933588,0.697254,OverRange,OverRange,OverRange,12.094462,14.280416,447.3916
2026/05/20 09:13:00.270,n,223.07282,5.448003,5.327689,0.461725,OverRange,OverRange,OverRange,12.172276,14.327708,452.43872
2026/05/20 09:14:00.269,n,227.1479,5.665906,5.097931,0.534788,OverRange,OverRange,OverRange,12.131338,14.373894,457.43956
2026/05/20 09:15:00.273,n,233.63482,4.628909,5.019172,0.810674,OverRange,OverRange,OverRange,12.27179,14.428714,464.141
2026/05/20 09:16:00.273,n,242.10176,5.054524,4.958137,0.546426,OverRange,OverRange,OverRange,12.450068,14.471676,475.5228
2026/05/20 09:17:00.275,n,240.45992,5.277287,5.131435,0.467606,OverRange,OverRange,OverRange,12.503296,14.525308,475.15648
2026/05/20 09:18:00.278,n,239.6919,5.299474,4.804741,0.587373,OverRange,OverRange,OverRange,12.355626,14.579006,475.7104
2026/05/20 09:19:00.263,n,243.26522,4.610009,4.486745,0.222653,OverRange,OverRange,OverRange,12.381398,14.622978,481.34056
2026/05/20 09:20:00.265,n,245.35448,5.353917,4.996551,0.490902,OverRange,OverRange,OverRange,12.459626,14.673404,483.17832
2026/05/20 09:21:00.268,n,249.54298,4.476225,5.364714,0.499789,OverRange,OverRange,OverRange,12.524486,14.693052,489.10216
2026/05/20 09:22:00.269,n,247.14436,4.688147,5.089771,0.683433,OverRange,OverRange,OverRange,12.572342,14.743462,481.84628
2026/05/20 09:23:00.272,n,256.8836,5.527992,4.748733,0.460477,OverRange,OverRange,OverRange,12.687886,14.79384,493.67652
2026/05/20 09:24:00.272,n,266.87824,4.358221,5.17581,0.675275,OverRange,OverRange,OverRange,12.711834,14.85603,506.17992
2026/05/20 09:25:00.274,n,216.27388,5.025345,5.209786,0.515581,OverRange,OverRange,OverRange,12.708532,14.922396,403.19048
2026/05/20 09:26:00.277,n,185.447,4.744191,5.151355,0.541728,OverRange,OverRange,OverRange,12.782904,14.965282,329.31884
2026/05/20 09:27:00.280,n,138.19554,4.606314,5.024518,0.526513,OverRange,OverRange,OverRange,12.65656,15.017746,237.94526
2026/05/20 09:28:00.266,n,231.03904,4.118825,4.858546,0.829035,OverRange,OverRange,OverRange,12.596528,15.06808,391.4916
2026/05/20 09:29:00.267,n,271.03122,5.557156,5.288429,0.66516,OverRange,OverRange,OverRange,12.58341,15.09622,478.64232
2026/05/20 09:30:00.274,n,151.71798,4.589321,4.764696,0.53602,OverRange,OverRange,OverRange,12.51997,15.135818,248.60514
2026/05/20 09:31:00.270,n,117.82662,5.296895,4.846884,0.498772,OverRange,OverRange,OverRange,12.528286,15.18185,171.32994
2026/05/20 09:32:00.276,n,109.62498,5.779557,5.203776,0.641646,OverRange,OverRange,OverRange,12.440466,15.217144,168.88084
2026/05/20 09:33:00.275,n,147.1524,5.349897,5.093173,0.574182,OverRange,OverRange,OverRange,12.289242,15.244976,253.8518
2026/05/20 09:34:00.278,n,101.47376,4.284979,5.165478,0.615948,OverRange,OverRange,OverRange,12.274846,15.271734,182.45092
2026/05/20 09:35:00.278,n,79.092168,4.362121,5.206877,0.741928,OverRange,OverRange,OverRange,12.043452,15.285618,126.92254
2026/05/20 09:36:00.280,n,152.38758,4.63288,5.075368,0.659722,OverRange,OverRange,OverRange,11.958512,15.301684,252.1935
2026/05/20 09:37:00.267,n,118.83352,4.392095,5.073987,0.741109,OverRange,OverRange,OverRange,11.929714,15.3003,226.33494
2026/05/20 09:38:00.269,n,200.10424,5.22721,4.999032,0.507635,OverRange,OverRange,OverRange,11.96517,15.303526,360.94508
2026/05/20 09:39:00.271,n,304.20242,5.012774,5.329589,0.541142,OverRange,OverRange,OverRange,12.045284,15.312098,573.41572
2026/05/20 09:40:00.273,n,304.17728,4.3979,4.941518,0.543458,OverRange,OverRange,OverRange,12.145336,15.319546,573.19196
2026/05/20 09:41:00.277,n,304.43502,4.527382,4.945089,0.676997,OverRange,OverRange,OverRange,12.280458,15.33025,572.73
2026/05/20 09:42:00.277,n,305.77924,5.448861,5.324941,0.443465,OverRange,OverRange,OverRange,12.3009,15.350604,574.1698
2026/05/20 09:43:00.279,n,308.89234,5.336371,4.845679,0.668343,OverRange,OverRange,OverRange,12.381684,15.367714,579.03412
2026/05/20 09:44:00.282,n,309.9022,5.50793,5.021899,0.601603,OverRange,OverRange,OverRange,12.490458,15.389078,578.33376
2026/05/20 09:45:00.284,n,316.53762,4.587171,4.980212,0.529711,OverRange,OverRange,OverRange,12.478856,15.413654,585.90144
2026/05/20 09:46:00.270,n,323.18838,5.610401,4.679582,0.708872,OverRange,OverRange,OverRange,12.491222,15.443604,591.8172
2026/05/20 09:47:00.270,n,326.24514,5.615121,4.816979,0.666894,OverRange,OverRange,OverRange,12.540402,15.4746,591.50652
2026/05/20 09:48:00.272,n,334.46206,4.487121,4.771675,0.767172,OverRange,OverRange,OverRange,12.748974,15.505596,605.40584
2026/05/20 09:49:00.276,n,232.5246,4.601474,5.090318,0.692489,OverRange,OverRange,OverRange,12.883072,15.547252,428.36816
2026/05/20 09:50:00.277,n,172.25996,5.379022,4.894668,0.613933,OverRange,OverRange,OverRange,12.800156,15.577334,293.05188
2026/05/20 09:51:00.280,n,138.4677,5.519357,5.185678,0.528598,OverRange,OverRange,OverRange,12.602814,15.601876,249.2365
2026/05/20 09:52:00.279,n,192.24724,3.973778,4.59965,0.527073,OverRange,OverRange,OverRange,12.529404,15.637176,305.9172
2026/05/20 09:53:00.281,n,341.74496,4.137625,5.003375,0.615749,OverRange,OverRange,OverRange,12.514772,15.652072,603.36296
2026/05/20 09:54:00.283,n,181.88012,5.806905,5.086245,0.701841,OverRange,OverRange,OverRange,12.524104,15.674544,325.56436
2026/05/20 09:55:00.270,n,212.17146,5.605927,4.704581,0.683623,OverRange,OverRange,OverRange,12.325726,15.693728,341.9172
2026/05/20 09:56:00.271,n,366.72068,4.407472,4.997973,0.738031,OverRange,OverRange,OverRange,12.407014,15.712976,651.13288
2026/05/20 09:57:00.259,n,284.91916,5.683139,5.215142,0.534483,OverRange,OverRange,OverRange,12.57658,15.726632,512.2762
2026/05/20 09:58:00.277,n,367.55052,4.620983,4.657895,0.415089,OverRange,OverRange,OverRange,12.830262,15.749188,642.6886
2026/05/20 09:59:00.277,n,386.05704,4.557022,5.092375,0.504439,OverRange,OverRange,OverRange,12.912182,15.774972,658.38616
2026/05/20 10:00:00.265,n,420.20948,5.590623,4.889522,0.610588,OverRange,OverRange,OverRange,13.032344,15.80398,696.54336
2026/05/20 10:01:00.265,n,429.09364,4.439004,4.98845,0.73628,OverRange,OverRange,OverRange,12.99381,15.836234,716.824
2026/05/20 10:02:00.266,n,400.5358,5.592771,4.90642,0.627575,OverRange,OverRange,OverRange,13.169576,15.849158,690.22968
2026/05/20 10:03:00.269,n,243.41918,4.461494,5.338808,0.564031,OverRange,OverRange,OverRange,13.118404,15.885748,433.11136
2026/05/20 10:04:00.273,n,107.44348,5.490137,5.125946,0.500552,OverRange,OverRange,OverRange,13.051168,15.926494,162.608
2026/05/20 10:05:00.273,n,182.11352,4.274944,5.006217,0.688848,OverRange,OverRange,OverRange,12.959996,15.95549,292.26196
2026/05/20 10:06:00.257,n,220.80932,5.466366,4.718839,0.646654,OverRange,OverRange,OverRange,12.92925,15.974802,376.09908
2026/05/20 10:07:00.261,n,377.91772,5.42531,5.215818,0.464768,OverRange,OverRange,OverRange,12.905066,15.998436,675.80088
2026/05/20 10:08:00.263,n,375.61424,5.593244,4.974209,0.737665,OverRange,OverRange,OverRange,13.011952,16.016724,672.44264
2026/05/20 10:09:00.265,n,379.47264,4.314268,4.6173,0.509962,OverRange,OverRange,OverRange,13.025742,16.03708,676.86216
2026/05/20 10:10:00.267,n,383.4316,4.389525,4.640891,0.472492,OverRange,OverRange,OverRange,13.039516,16.061756,681.24368
2026/05/20 10:11:00.271,n,385.44872,5.534773,5.114243,0.539586,OverRange,OverRange,OverRange,13.120656,16.08751,685.65448
2026/05/20 10:12:00.272,n,387.73584,5.532589,5.492795,0.086944,OverRange,OverRange,OverRange,13.168666,16.111208,686.93928
2026/05/20 10:13:00.274,n,400.40028,4.46592,4.686506,0.460431,OverRange,OverRange,OverRange,13.20132,16.136962,705.18624
2026/05/20 10:14:00.258,n,395.89748,5.377073,5.14298,0.552797,OverRange,OverRange,OverRange,13.329946,16.166986,697.94456
2026/05/20 10:15:00.260,n,398.38756,5.18785,5.102312,0.615447,OverRange,OverRange,OverRange,13.291946,16.19807,700.81904
2026/05/20 10:16:00.262,n,326.98356,4.608642,5.24201,0.587771,OverRange,OverRange,OverRange,13.362076,16.236698,586.74452
2026/05/20 10:17:00.263,n,384.66832,4.470898,4.896548,0.358474,OverRange,OverRange,OverRange,13.30917,16.269918,666.75764
2026/05/20 10:18:00.268,n,404.77444,5.590678,5.135502,0.580509,OverRange,OverRange,OverRange,13.21347,16.297824,707.09376
2026/05/20 10:19:00.268,n,413.9774,4.379308,4.945669,0.717664,OverRange,OverRange,OverRange,13.234478,16.335314,722.03464
2026/05/20 10:20:00.270,n,424.3586,5.412791,5.09689,0.563982,OverRange,OverRange,OverRange,13.409124,16.366384,733.44088
2026/05/20 10:21:00.273,n,440.30772,5.971262,5.409899,0.59357,OverRange,OverRange,OverRange,13.377254,16.402536,745.92448
2026/05/20 10:22:00.257,n,465.83384,5.190153,5.125152,0.563405,OverRange,OverRange,OverRange,13.330876,16.433606,765.82176
2026/05/20 10:23:00.263,n,461.30608,5.580432,5.092278,0.646156,OverRange,OverRange,OverRange,13.537334,16.475402,722.97232
2026/05/20 10:24:00.263,n,541.28108,4.525582,4.994349,0.674737,OverRange,OverRange,OverRange,13.544678,16.519254,822.97288
2026/05/20 10:25:00.264,n,310.78708,4.287204,4.858092,0.835665,OverRange,OverRange,OverRange,13.621304,16.564244,436.78004
2026/05/20 10:26:00.268,n,231.74636,4.213158,4.918973,0.675255,OverRange,OverRange,OverRange,13.667324,16.609236,282.8353
2026/05/20 10:27:00.272,n,375.85916,5.540335,4.947097,0.718476,OverRange,OverRange,OverRange,13.694134,16.643502,524.97796
2026/05/20 10:28:00.272,n,277.41074,4.626266,4.875223,0.54412,OverRange,OverRange,OverRange,13.701452,16.677704,391.50316
2026/05/20 10:29:00.272,n,230.42318,5.381764,4.829402,0.579862,OverRange,OverRange,OverRange,13.477672,16.71083,260.00506
2026/05/20 10:30:00.276,n,243.02144,5.344597,4.693763,0.402389,OverRange,OverRange,OverRange,13.466802,16.739748,277.60754
2026/05/20 10:31:00.260,n,216.91744,4.296889,5.237314,0.805747,OverRange,OverRange,OverRange,13.32838,16.760094,255.02302
2026/05/20 10:32:00.263,n,212.92356,4.480288,4.603354,0.320336,OverRange,OverRange,OverRange,13.303838,16.780342,251.67074
2026/05/20 10:33:00.263,n,187.07348,5.340886,4.881531,0.428731,OverRange,OverRange,OverRange,13.306636,16.793188,201.99298
2026/05/20 10:34:00.269,n,197.04632,5.546803,4.831733,0.754507,OverRange,OverRange,OverRange,13.146286,16.807112,205.36542
2026/05/20 10:35:00.268,n,187.04846,5.524083,5.211974,0.340785,OverRange,OverRange,OverRange,12.933238,16.810338,203.31932
2026/05/20 10:36:00.274,n,148.29246,5.36081,4.786925,0.539263,OverRange,OverRange,OverRange,12.744,16.810338,170.53594
2026/05/20 10:37:00.274,n,118.86638,4.512759,5.036291,0.70599,OverRange,OverRange,OverRange,12.583354,16.808188,134.95374
2026/05/20 10:38:00.274,n,108.60294,5.403439,4.650579,0.38051,OverRange,OverRange,OverRange,12.501892,16.791102,116.03008
2026/05/20 10:39:00.275,n,110.74788,3.895132,5.07891,0.920944,OverRange,OverRange,OverRange,12.431996,16.764332,110.06188
2026/05/20 10:40:00.261,n,119.21574,5.535749,5.423692,0.494776,OverRange,OverRange,OverRange,12.559662,16.74617,111.61142
2026/05/20 10:41:00.263,n,127.747,4.092118,4.492609,0.562454,OverRange,OverRange,OverRange,12.476156,16.719404,116.76776
2026/05/20 10:42:00.266,n,134.2965,6.064484,5.013386,0.851976,OverRange,OverRange,OverRange,12.251994,16.692636,121.88342
2026/05/20 10:43:00.267,n,140.57028,5.603122,4.945921,0.968085,OverRange,OverRange,OverRange,12.083584,16.655208,126.45378
2026/05/20 10:44:00.273,n,149.44038,5.290661,4.84453,0.672427,OverRange,OverRange,OverRange,12.09317,16.622018,132.16474
2026/05/20 10:45:00.271,n,174.8291,4.88149,4.980284,0.608455,OverRange,OverRange,OverRange,12.041656,16.589934,156.41682
2026/05/20 10:46:00.274,n,207.15426,4.601581,4.84099,0.502739,OverRange,OverRange,OverRange,11.840698,16.556744,194.11274
2026/05/20 10:47:00.276,n,237.2769,5.703396,5.096071,0.762374,OverRange,OverRange,OverRange,11.8349,16.518208,233.80132
2026/05/20 10:48:00.280,n,304.85364,5.58944,4.989527,0.638659,OverRange,OverRange,OverRange,11.820236,16.489288,357.10864
2026/05/20 10:49:00.263,n,229.96874,5.667522,4.87467,0.619808,OverRange,OverRange,OverRange,11.831096,16.459264,255.66532
2026/05/20 10:50:00.266,n,206.88354,4.293914,4.760382,0.738839,OverRange,OverRange,OverRange,11.857906,16.429302,232.93316
2026/05/20 10:51:00.267,n,178.08204,4.434214,4.55761,0.345923,OverRange,OverRange,OverRange,11.837956,16.400386,188.37992
2026/05/20 10:52:00.269,n,171.99108,4.117065,5.049772,0.899056,OverRange,OverRange,OverRange,11.78684,16.368208,175.48316
2026/05/20 10:53:00.271,n,176.39024,4.61601,4.973725,0.613351,OverRange,OverRange,OverRange,11.73882,16.338218,177.64666
2026/05/20 10:54:00.273,n,191.24288,5.636386,5.090341,0.480431,OverRange,OverRange,OverRange,11.700868,16.30392,192.89068
2026/05/20 10:55:00.276,n,217.15198,4.111943,4.8318,0.57085,OverRange,OverRange,OverRange,11.617894,16.26643,223.65746
2026/05/20 10:56:00.280,n,250.93146,4.542868,4.912171,0.664956,OverRange,OverRange,OverRange,11.607504,16.23533,267.76914
2026/05/20 10:57:00.280,n,352.281,4.031652,5.16189,0.722584,OverRange,OverRange,OverRange,11.65862,16.204212,422.06408
2026/05/20 10:58:00.266,n,365.84448,4.351222,4.912873,0.624113,OverRange,OverRange,OverRange,11.674316,16.173114,445.09676
2026/05/20 10:59:00.266,n,446.66808,5.59205,5.104585,0.567486,OverRange,OverRange,OverRange,11.786098,16.152724,569.59468
2026/05/20 11:00:00.270,n,425.67776,5.502536,5.154713,0.630307,OverRange,OverRange,OverRange,11.812394,16.130196,566.8084
2026/05/20 11:01:00.273,n,323.085,5.922019,4.954463,0.741439,OverRange,OverRange,OverRange,11.832876,16.12164,390.63248
2026/05/20 11:02:00.274,n,304.8642,5.531019,5.088162,0.526878,OverRange,OverRange,OverRange,11.87054,16.10772,358.92968
2026/05/20 11:03:00.277,n,293.81478,4.259837,4.793172,0.666867,OverRange,OverRange,OverRange,12.117422,16.102324,340.3852
2026/05/20 11:04:00.278,n,287.85596,4.326797,5.234028,0.670718,OverRange,OverRange,OverRange,12.223002,16.1034,330.24466
2026/05/20 11:05:00.280,n,280.38602,4.067413,5.141252,0.80371,OverRange,OverRange,OverRange,12.281082,16.09481,319.80242
2026/05/20 11:06:00.282,n,274.55206,5.611392,5.073169,0.652159,OverRange,OverRange,OverRange,12.235128,16.119064,311.23764
2026/05/20 11:07:00.267,n,275.99338,5.456856,5.080165,0.454269,OverRange,OverRange,OverRange,12.261506,16.113718,309.0029
2026/05/20 11:08:00.269,n,287.8189,4.48831,4.957327,0.830855,OverRange,OverRange,OverRange,12.28679,16.111614,320.2031
2026/05/20 11:09:00.271,n,296.4542,5.652514,5.039284,0.637949,OverRange,OverRange,OverRange,12.241324,16.112658,331.81884
2026/05/20 11:10:00.274,n,296.734,5.492836,4.994445,0.678922,OverRange,OverRange,OverRange,12.27417,16.10622,335.22312
2026/05/20 11:11:00.276,n,296.0109,5.017574,4.817976,0.668302,OverRange,OverRange,OverRange,12.29385,16.101886,332.71078
2026/05/20 11:12:00.278,n,305.4822,4.498362,4.778271,0.733525,OverRange,OverRange,OverRange,12.317836,16.098706,348.7402
2026/05/20 11:13:00.279,n,293.94448,4.390287,5.004588,0.766866,OverRange,OverRange,OverRange,12.298138,16.105146,326.93656
2026/05/20 11:14:00.281,n,301.95392,5.598955,5.124635,0.696768,OverRange,OverRange,OverRange,12.138794,16.095512,331.5577
2026/05/20 11:15:00.283,n,312.77072,5.371468,5.00545,0.521469,OverRange,OverRange,OverRange,12.034938,16.091192,343.8712
2026/05/20 11:16:00.270,n,311.24996,4.342077,4.687168,0.431145,OverRange,OverRange,OverRange,11.968226,16.078316,345.94248
2026/05/20 11:17:00.271,n,300.5035,4.587595,4.803307,0.375537,OverRange,OverRange,OverRange,12.000082,16.066518,340.4178
2026/05/20 11:18:00.273,n,282.14222,4.430291,4.656706,0.426508,OverRange,OverRange,OverRange,12.115296,16.062214,317.50234
2026/05/20 11:19:00.261,n,279.49716,5.604722,5.150541,0.780253,OverRange,OverRange,OverRange,12.097102,16.05685,312.45688
2026/05/20 11:20:00.262,n,287.57102,4.129717,5.154227,0.665282,OverRange,OverRange,OverRange,12.112768,16.042898,322.42028
2026/05/20 11:21:00.264,n,300.33786,5.372055,5.050116,0.479894,OverRange,OverRange,OverRange,12.132986,16.036492,340.97176
2026/05/20 11:22:00.265,n,304.64966,5.597264,5.149961,0.710222,OverRange,OverRange,OverRange,12.132228,16.028946,348.27072
2026/05/20 11:23:00.267,n,279.97046,6.084727,5.476891,0.401193,OverRange,OverRange,OverRange,12.07662,16.018222,317.29064
2026/05/20 11:24:00.269,n,285.53168,5.565169,4.832602,0.586026,OverRange,OverRange,OverRange,12.033432,16.012878,316.59252
2026/05/20 11:25:00.270,n,325.28302,4.199839,4.896365,0.522629,OverRange,OverRange,OverRange,12.07336,16.003196,368.79968
2026/05/20 11:26:00.257,n,356.886,5.63236,4.94572,0.504079,OverRange,OverRange,OverRange,12.067292,15.999982,416.12828
2026/05/20 11:27:00.260,n,360.84692,4.490643,5.246854,0.601667,OverRange,OverRange,OverRange,12.14914,15.990318,420.82884
2026/05/20 11:28:00.261,n,351.46768,5.44905,4.979037,0.65001,OverRange,OverRange,OverRange,12.227688,15.989244,410.55516
2026/05/20 11:29:00.264,n,352.90792,4.712407,4.97572,0.607632,OverRange,OverRange,OverRange,12.15418,15.99247,419.73656
2026/05/20 11:30:00.266,n,348.20992,5.92168,5.056758,0.839875,OverRange,OverRange,OverRange,12.27821,15.99247,419.60904
2026/05/20 11:31:00.267,n,350.43364,5.625207,5.191599,0.687058,OverRange,OverRange,OverRange,12.288046,15.99247,435.70476
2026/05/20 11:32:00.270,n,327.36856,5.948553,5.06878,0.879186,OverRange,OverRange,OverRange,12.229198,15.994606,416.0038
2026/05/20 11:33:00.271,n,310.58126,4.424784,4.821732,0.636939,OverRange,OverRange,OverRange,12.325912,16.002152,406.98392
2026/05/20 11:34:00.259,n,341.99208,5.423638,5.098422,0.787423,OverRange,OverRange,OverRange,12.260514,16.01175,476.19652
2026/05/20 11:35:00.261,n,270.65134,4.467005,4.781167,0.817663,OverRange,OverRange,OverRange,12.24915,16.005378,384.8306
2026/05/20 11:36:00.262,n,239.94746,5.599772,5.100323,0.75867,OverRange,OverRange,OverRange,12.313812,16.005378,351.4554
2026/05/20 11:37:00.264,n,381.0264,4.435099,4.66686,0.786256,OverRange,OverRange,OverRange,12.310252,16.005378,556.32732
2026/05/20 11:38:00.267,n,555.85688,5.530986,4.924524,0.660946,OverRange,OverRange,OverRange,12.422832,15.995682,883.8032
2026/05/20 11:39:00.268,n,528.28288,5.595653,4.95183,0.774057,OverRange,OverRange,OverRange,12.58635,16.003196,821.29272
2026/05/20 11:40:00.270,n,612.9944,5.900727,5.278724,0.393679,OverRange,OverRange,OverRange,12.555552,16.002152,983.81176
2026/05/20 11:41:00.272,n,585.48448,4.493076,4.831703,0.599252,OverRange,OverRange,OverRange,12.613846,16.01933,953.40536
2026/05/20 11:42:00.273,n,387.87504,4.050776,5.151869,0.705376,OverRange,OverRange,OverRange,12.673854,16.028946,635.52912
2026/05/20 11:43:00.259,n,600.24052,4.6457,4.571838,0.186615,OverRange,OverRange,OverRange,12.787808,16.046144,955.84384
2026/05/20 11:44:00.262,n,389.72692,6.140309,5.102804,0.817536,OverRange,OverRange,OverRange,12.903996,16.06544,625.56432
2026/05/20 11:45:00.264,n,264.4999,5.033359,5.224745,0.335515,OverRange,OverRange,OverRange,12.783772,16.093344,439.00896
2026/05/20 11:46:00.265,n,593.85976,4.664458,4.779447,0.590115,OverRange,OverRange,OverRange,12.865932,16.112658,962.79416
2026/05/20 11:47:00.267,n,592.82564,5.595864,4.917754,0.474663,OverRange,OverRange,OverRange,12.722006,16.12661,965.07784
2026/05/20 11:48:00.269,n,450.29004,3.79945,4.773717,0.655959,OverRange,OverRange,OverRange,12.68192,16.141624,713.67008
2026/05/20 11:49:00.271,n,347.4198,5.66092,5.559361,0.370736,OverRange,OverRange,OverRange,12.835694,16.165208,576.081
2026/05/20 11:50:00.274,n,423.22872,4.602068,5.127844,0.551053,OverRange,OverRange,OverRange,12.82285,16.179192,662.7182
2026/05/20 11:51:00.277,n,581.57928,4.715611,4.718741,0.570735,OverRange,OverRange,OverRange,12.914328,16.192004,950.60936
2026/05/20 11:52:00.260,n,567.19508,5.46216,5.39208,0.194412,OverRange,OverRange,OverRange,13.066586,16.203838,922.33176
2026/05/20 11:53:00.263,n,579.6922,4.528873,4.959308,0.67561,OverRange,OverRange,OverRange,13.053616,16.226302,934.7676
2026/05/20 11:54:00.265,n,565.47492,5.14135,4.72586,0.470089,OverRange,OverRange,OverRange,12.972276,16.247782,922.28848
2026/05/20 11:55:00.272,n,512.93556,4.356745,4.971959,0.675942,OverRange,OverRange,OverRange,13.018886,16.268126,834.1896
2026/05/20 11:56:00.274,n,514.46028,5.608457,4.733517,0.774283,OverRange,OverRange,OverRange,13.10402,16.294924,838.6484
2026/05/20 11:57:00.272,n,547.2816,5.432494,5.009491,0.620892,OverRange,OverRange,OverRange,13.274236,16.315364,891.46048
2026/05/20 11:58:00.273,n,557.66424,4.846409,5.084302,0.43023,OverRange,OverRange,OverRange,13.303366,16.3346,903.07552
2026/05/20 11:59:00.277,n,544.01404,5.493807,5.079273,0.625283,OverRange,OverRange,OverRange,13.331212,16.36094,883.30656
2026/05/20 12:00:00.279,n,571.0606,4.664522,4.784594,0.321245,OverRange,OverRange,OverRange,13.36826,16.385584,923.6104
2026/05/20 12:01:00.263,n,571.94172,4.676017,4.664744,0.46106,OverRange,OverRange,OverRange,13.365214,16.416656,926.42328
2026/05/20 12:02:00.264,n,547.97272,5.929981,5.35734,0.629328,OverRange,OverRange,OverRange,13.502106,16.449876,884.49848
2026/05/20 12:03:00.266,n,569.10528,4.548048,4.596561,0.109702,OverRange,OverRange,OverRange,13.38647,16.475598,916.55864
2026/05/20 12:04:00.268,n,589.26436,4.244047,4.704667,0.549361,OverRange,OverRange,OverRange,13.459844,16.50129,939.23008
2026/05/20 12:05:00.270,n,519.58576,4.471622,4.965689,0.57884,OverRange,OverRange,OverRange,13.499806,16.534478,832.52128
2026/05/20 12:06:00.273,n,575.23444,5.355589,5.018958,0.656952,OverRange,OverRange,OverRange,13.353816,16.552538,900.0312
2026/05/20 12:07:00.275,n,397.93628,4.489856,5.627618,0.60938,OverRange,OverRange,OverRange,13.289704,16.57497,649.52464
2026/05/20 12:08:00.276,n,589.6944,4.443448,4.883173,0.730895,OverRange,OverRange,OverRange,13.43925,16.604932,946.49736
2026/05/20 12:09:00.279,n,590.71196,4.622422,4.874761,0.525979,OverRange,OverRange,OverRange,13.803136,16.626418,958.80096
2026/05/20 12:10:00.269,n,584.88664,4.115965,4.544767,0.427514,OverRange,OverRange,OverRange,13.873384,16.658466,947.9084
2026/05/20 12:11:00.268,n,483.38948,5.371809,4.952004,0.602027,OverRange,OverRange,OverRange,14.072662,16.69055,809.12032
2026/05/20 12:12:00.268,n,578.67736,4.4233,5.164291,0.634031,OverRange,OverRange,OverRange,13.942846,16.729086,935.272
2026/05/20 12:13:00.270,n,573.40308,5.529982,5.310069,0.527002,OverRange,OverRange,OverRange,13.991348,16.766548,928.5788
2026/05/20 12:14:00.272,n,564.81624,4.425972,5.067001,0.659879,OverRange,OverRange,OverRange,13.954968,16.795374,896.02792
2026/05/20 12:15:00.276,n,536.3974,4.405425,4.411146,0.099911,OverRange,OverRange,OverRange,13.917598,16.831074,869.4224
2026/05/20 12:16:00.278,n,406.08104,4.464336,4.908375,0.61143,OverRange,OverRange,OverRange,13.851396,16.861038,664.44304
2026/05/20 12:17:00.278,n,389.21644,4.361683,4.434458,0.122653,OverRange,OverRange,OverRange,13.909978,16.895274,616.1194
2026/05/20 12:18:00.283,n,586.27924,5.495278,4.537696,0.470282,OverRange,OverRange,OverRange,13.754334,16.917676,940.42008
2026/05/20 12:19:00.267,n,587.87372,4.291252,5.077568,0.576306,OverRange,OverRange,OverRange,13.824092,16.942258,943.13888
2026/05/20 12:20:00.271,n,569.77864,4.432256,4.37439,0.124921,OverRange,OverRange,OverRange,13.86176,16.974346,908.06248
2026/05/20 12:21:00.270,n,584.50764,5.611043,5.310358,0.732944,OverRange,OverRange,OverRange,13.97113,16.996746,938.32832
2026/05/20 12:22:00.274,n,576.67548,5.03086,5.223655,0.556574,OverRange,OverRange,OverRange,14.26297,17.030948,923.1584
2026/05/20 12:23:00.275,n,575.94472,5.376127,5.088249,0.500644,OverRange,OverRange,OverRange,14.283174,17.065122,911.17352
2026/05/20 12:24:00.277,n,580.1922,5.434547,5.173311,0.594125,OverRange,OverRange,OverRange,14.429952,17.087622,907.28792
2026/05/20 12:25:00.280,n,526.84932,4.464016,4.723913,0.387798,OverRange,OverRange,OverRange,14.36353,17.12075,816.2456
2026/05/20 12:26:00.282,n,652.17388,5.375919,4.738088,0.481747,OverRange,OverRange,OverRange,14.34111,17.157046,947.57296
2026/05/20 12:27:00.285,n,715.14968,4.957616,4.781655,0.489489,OverRange,OverRange,OverRange,14.287618,17.19549,1043.4716
2026/05/20 12:28:00.267,n,688.07224,5.483963,4.535264,0.563179,OverRange,OverRange,OverRange,14.158682,17.233904,994.90232
2026/05/20 12:29:00.271,n,427.75756,5.499126,4.484102,0.529259,OverRange,OverRange,OverRange,14.25935,17.275548,580.10748
2026/05/20 12:30:00.271,n,410.13464,5.294822,4.64675,0.539334,OverRange,OverRange,OverRange,14.46668,17.321426,521.0022
2026/05/20 12:31:00.274,n,440.94676,4.473707,4.866912,0.485385,OverRange,OverRange,OverRange,14.516104,17.357724,576.53664
2026/05/20 12:32:00.275,n,511.24928,6.172436,5.184016,0.642967,OverRange,OverRange,OverRange,14.561214,17.389714,722.91464
2026/05/20 12:33:00.279,n,406.2338,5.101007,5.47582,0.487449,OverRange,OverRange,OverRange,14.516358,17.41257,575.25456
2026/05/20 12:34:00.281,n,289.89532,3.972219,4.265156,0.362811,OverRange,OverRange,OverRange,14.60816,17.43814,398.81344
2026/05/20 12:35:00.284,n,456.1598,5.613569,5.323937,0.4959,OverRange,OverRange,OverRange,14.63589,17.468014,626.73052
2026/05/20 12:36:00.284,n,461.22124,4.398346,4.86035,0.577124,OverRange,OverRange,OverRange,14.452642,17.492568,680.37784
2026/05/20 12:37:00.270,n,414.82152,4.228798,5.004721,0.569705,OverRange,OverRange,OverRange,14.401216,17.512786,570.91816
2026/05/20 12:38:00.272,n,656.3842,4.43882,4.642661,0.594918,OverRange,OverRange,OverRange,14.19252,17.531994,946.12304
2026/05/20 12:39:00.273,n,292.05282,4.798811,5.079922,0.64839,OverRange,OverRange,OverRange,14.185522,17.544812,403.866
2026/05/20 12:40:00.276,n,276.6843,4.176642,4.800174,0.815273,OverRange,OverRange,OverRange,13.920172,17.56291,370.10252
2026/05/20 12:41:00.277,n,274.67612,5.827253,5.746063,0.18189,OverRange,OverRange,OverRange,13.95048,17.57038,372.31296
2026/05/20 12:42:00.262,n,423.31656,4.631558,5.073402,0.564047,OverRange,OverRange,OverRange,13.699632,17.573544,615.906
2026/05/20 12:43:00.264,n,559.97136,4.329555,4.704037,0.604669,OverRange,OverRange,OverRange,13.379466,17.563596,858.80224
2026/05/20 12:44:00.266,n,439.59792,4.60161,4.783115,0.54401,OverRange,OverRange,OverRange,13.36293,17.547618,645.253
2026/05/20 12:45:00.269,n,569.6844,5.607507,5.16503,0.536461,OverRange,OverRange,OverRange,13.350256,17.548726,842.82536
2026/05/20 12:46:00.273,n,521.88976,5.984604,5.670587,0.20076,OverRange,OverRange,OverRange,13.514456,17.539136,782.1232
2026/05/20 12:47:00.256,n,428.60408,4.292306,4.990011,0.677331,OverRange,OverRange,OverRange,13.636582,17.53594,630.606
2026/05/20 12:48:00.258,n,432.28384,5.445801,4.490158,0.610388,OverRange,OverRange,OverRange,13.682332,17.53594,623.39496
2026/05/20 12:49:00.264,n,437.12904,5.585737,4.914476,0.769109,OverRange,OverRange,OverRange,13.772314,17.543346,630.78648
2026/05/20 12:50:00.262,n,379.79104,6.05182,5.988828,0.134989,OverRange,OverRange,OverRange,13.574128,17.544422,515.93536
2026/05/20 12:51:00.265,n,410.40036,4.477911,5.040426,0.662374,OverRange,OverRange,OverRange,13.372784,17.54977,551.9878
2026/05/20 12:52:00.269,n,584.21368,4.203995,4.937897,0.579351,OverRange,OverRange,OverRange,13.246258,17.554008,831.52352
2026/05/20 12:53:00.271,n,431.759,4.29605,4.842944,0.703568,OverRange,OverRange,OverRange,13.49344,17.552998,609.18904
2026/05/20 12:54:00.271,n,454.33,5.74154,5.044801,0.656315,OverRange,OverRange,OverRange,13.507864,17.557238,621.71344
2026/05/20 12:55:00.258,n,479.58488,5.948063,5.100252,0.683328,OverRange,OverRange,OverRange,13.500534,17.561478,625.3134
2026/05/20 12:56:00.258,n,588.16228,4.391948,4.646592,0.559426,OverRange,OverRange,OverRange,13.627996,17.564704,764.62136
2026/05/20 12:57:00.278,n,704.29056,5.429467,5.177157,0.840676,OverRange,OverRange,OverRange,13.449936,17.571098,1024.869
2026/05/20 12:58:00.264,n,212.06202,5.713413,4.950148,0.748422,OverRange,OverRange,OverRange,13.71875,17.580652,271.80964
2026/05/20 12:59:00.270,n,153.86226,4.028726,4.820256,0.757718,OverRange,OverRange,OverRange,13.66184,17.591318,173.46094
2026/05/20 13:00:00.266,n,154.11708,5.204212,5.191033,0.596038,OverRange,OverRange,OverRange,13.206726,17.591318,154.99854
2026/05/20 13:01:00.269,n,164.54884,4.467303,4.857911,0.765198,OverRange,OverRange,OverRange,12.845846,17.582806,160.34738
2026/05/20 13:02:00.271,n,163.4511,5.222932,5.094086,0.563814,OverRange,OverRange,OverRange,12.902786,17.55786,162.7293
2026/05/20 13:03:00.276,n,166.14004,4.337628,5.165133,0.627157,OverRange,OverRange,OverRange,12.860998,17.525928,168.55244
2026/05/20 13:04:00.259,n,183.6717,4.847675,4.881882,0.589577,OverRange,OverRange,OverRange,12.700974,17.48647,193.9739
2026/05/20 13:05:00.261,n,182.86446,5.67035,5.224345,0.615231,OverRange,OverRange,OverRange,12.66089,17.452326,203.83244
2026/05/20 13:06:00.263,n,169.85588,5.635362,5.404546,0.592399,OverRange,OverRange,OverRange,12.61728,17.4129,194.6227
2026/05/20 13:07:00.267,n,164.5092,4.10624,4.523173,0.554792,OverRange,OverRange,OverRange,12.489406,17.371318,193.49566
2026/05/20 13:08:00.267,n,168.74096,4.231049,4.141653,0.300357,OverRange,OverRange,OverRange,12.322628,17.32433,205.06004
2026/05/20 13:09:00.268,n,185.9955,4.358088,4.452592,0.11474,OverRange,OverRange,OverRange,12.051646,17.26997,232.57804
2026/05/20 13:10:00.273,n,208.45894,4.691126,5.0398,0.593709,OverRange,OverRange,OverRange,11.876802,17.216588,267.74564
2026/05/20 13:11:00.273,n,247.00916,4.604443,5.000541,0.696282,OverRange,OverRange,OverRange,11.798946,17.157924,319.34478
2026/05/20 13:12:00.275,n,405.41084,5.618441,4.929695,0.633829,OverRange,OverRange,OverRange,11.883134,17.10774,544.8894
2026/05/20 13:13:00.261,n,422.17152,4.661696,4.921907,0.637878,OverRange,OverRange,OverRange,11.973846,17.05433,585.33424
2026/05/20 13:14:00.262,n,451.43648,5.476682,5.29075,0.503558,OverRange,OverRange,OverRange,12.030182,17.010506,647.67316
2026/05/20 13:15:00.263,n,296.71078,4.617887,5.101783,0.584506,OverRange,OverRange,OverRange,11.984456,16.9838,416.28812
2026/05/20 13:16:00.450,n,269.37266,5.566916,5.594645,0.354695,OverRange,OverRange,OverRange,12.014278,16.953902,342.2128
2026/05/20 13:17:00.268,n,340.951,5.415097,5.320931,0.482642,OverRange,OverRange,OverRange,12.147386,16.927194,438.8154
2026/05/20 13:18:00.272,n,295.43686,5.415646,5.070635,0.603538,OverRange,OverRange,OverRange,12.058996,16.89622,359.52792
2026/05/20 13:19:00.272,n,298.32186,4.129416,4.557515,0.266623,OverRange,OverRange,OverRange,12.060512,16.867332,353.1556
2026/05/20 13:20:00.360,n,306.7687,4.464897,4.587246,0.463827,OverRange,OverRange,OverRange,11.93039,16.850246,359.37636
2026/05/20 13:21:00.324,n,299.17084,5.262837,4.653019,0.622841,OverRange,OverRange,OverRange,11.904866,16.87408,348.50148
2026/05/20 13:22:00.260,n,298.87292,4.424552,4.45528,0.06118,OverRange,OverRange,OverRange,12.06667,16.840954,348.82576
2026/05/20 13:23:00.369,n,322.68082,4.571443,4.807745,0.583843,OverRange,OverRange,OverRange,12.024242,16.81849,381.91988
2026/05/20 13:24:00.328,n,311.50698,4.477979,5.05037,0.541551,OverRange,OverRange,OverRange,11.946916,16.79283,341.2222
2026/05/20 13:25:00.266,n,298.05192,4.370699,4.652675,0.42649,OverRange,OverRange,OverRange,11.87943,16.766092,337.05232
2026/05/20 13:26:00.268,n,275.4802,4.394699,5.025032,0.692392,OverRange,OverRange,OverRange,11.991394,16.74575,308.12638
2026/05/20 13:27:00.270,n,262.39182,4.185172,5.006778,0.836129,OverRange,OverRange,OverRange,12.121766,16.724392,274.89154
2026/05/20 13:28:00.272,n,294.05982,4.618864,4.91302,0.622645,OverRange,OverRange,OverRange,12.053284,16.694396,295.03074
2026/05/20 13:29:00.275,n,274.0355,5.534303,4.78714,0.620209,OverRange,OverRange,OverRange,12.035854,16.675128,286.34964
2026/05/20 13:30:00.277,n,222.79414,4.465292,4.900477,0.688088,OverRange,OverRange,OverRange,11.754532,16.650544,238.42806
2026/05/20 13:31:00.263,n,206.13554,5.94669,4.887155,0.685936,OverRange,OverRange,OverRange,11.713308,16.620548,219.2118
2026/05/20 13:32:00.266,n,200.56176,4.210494,4.746932,0.622647,OverRange,OverRange,OverRange,11.668794,16.58736,216.29264
2026/05/20 13:33:00.267,n,189.6735,4.777657,5.165074,0.619374,OverRange,OverRange,OverRange,11.745184,16.551006,209.5037
2026/05/20 13:34:00.270,n,190.53056,4.001928,5.028755,0.751662,OverRange,OverRange,OverRange,11.757824,16.521046,209.66266
2026/05/20 13:35:00.271,n,199.33818,5.466656,4.860714,0.646984,OverRange,OverRange,OverRange,11.719376,16.486746,221.6783
2026/05/20 13:36:00.276,n,214.70146,4.940608,5.445756,0.260743,OverRange,OverRange,OverRange,11.636388,16.442834,246.67922
2026/05/20 13:37:00.358,n,254.46038,4.609982,5.40111,0.676905,OverRange,OverRange,OverRange,11.537216,16.405342,315.65552
2026/05/20 13:38:00.280,n,306.6708,4.356883,4.840468,0.588287,OverRange,OverRange,OverRange,11.504838,16.372152,419.13536
2026/05/20 13:39:00.278,n,303.99686,5.602505,5.257088,0.570339,OverRange,OverRange,OverRange,11.453186,16.343204,447.74056
2026/05/20 13:40:00.268,n,336.92776,4.6863,4.953808,0.702359,OverRange,OverRange,OverRange,11.460684,16.298182,520.4182
2026/05/20 13:41:00.266,n,291.04822,5.744347,5.075263,0.617403,OverRange,OverRange,OverRange,11.64918,16.261736,484.9752
2026/05/20 13:42:00.268,n,571.21156,4.053439,4.735082,0.681875,OverRange,OverRange,OverRange,11.765534,16.233894,910.89824
2026/05/20 13:43:00.270,n,573.33636,5.432428,5.211494,0.64219,OverRange,OverRange,OverRange,11.736218,16.207066,937.36056
2026/05/20 13:44:00.274,n,538.64112,5.095853,5.222016,0.53458,OverRange,OverRange,OverRange,11.907888,16.192068,876.13408
2026/05/20 13:45:00.274,n,518.94996,4.534301,5.121792,0.654513,OverRange,OverRange,OverRange,12.091076,16.188876,845.87032
2026/05/20 13:46:00.277,n,558.38676,5.736715,5.304199,0.563281,OverRange,OverRange,OverRange,12.392014,16.192068,918.68488
2026/05/20 13:47:00.279,n,528.6336,4.466219,4.92943,0.549219,OverRange,OverRange,OverRange,12.417256,16.203838,849.51928
2026/05/20 13:48:00.284,n,447.71056,5.545646,5.119721,0.655824,OverRange,OverRange,OverRange,12.39356,16.218866,699.66064
2026/05/20 13:49:00.266,n,555.79304,5.429859,4.765796,0.671089,OverRange,OverRange,OverRange,12.443014,16.240284,886.71832
2026/05/20 13:50:00.270,n,620.47028,4.615042,4.288247,0.355938,OverRange,OverRange,OverRange,12.45461,16.257464,978.42928
2026/05/20 13:51:00.272,n,591.50056,4.287084,5.204354,0.524268,OverRange,OverRange,OverRange,12.538128,16.285306,911.45968
2026/05/20 13:52:00.274,n,706.42032,4.37685,5.082712,0.831195,OverRange,OverRange,OverRange,12.62818,16.312136,1076.9044
2026/05/20 13:53:00.276,n,592.64604,4.876514,4.718823,0.605378,OverRange,OverRange,OverRange,13.01006,16.348552,903.31272
2026/05/20 13:54:00.276,n,440.2296,5.33793,5.129209,0.482117,OverRange,OverRange,OverRange,13.037674,16.389268,655.3664
2026/05/20 13:55:00.280,n,272.07496,4.57948,4.952815,0.5316,OverRange,OverRange,OverRange,13.064846,16.432076,381.75772
2026/05/20 13:56:00.280,n,271.1354,5.431483,5.095465,0.618684,OverRange,OverRange,OverRange,12.999908,16.458906,381.838
2026/05/20 13:57:00.282,n,255.68438,5.297259,4.984588,0.607662,OverRange,OverRange,OverRange,12.797328,16.484628,368.2886
2026/05/20 13:58:00.270,n,310.62684,5.992218,5.161089,0.730851,OverRange,OverRange,OverRange,12.755484,16.499624,463.32644
2026/05/20 13:59:00.270,n,246.04972,4.460542,4.95763,0.605073,OverRange,OverRange,OverRange,12.725734,16.509244,341.4756
2026/05/20 14:00:00.272,n,636.05292,4.337633,4.418182,0.091167,OverRange,OverRange,OverRange,12.637238,16.515664,943.45016
2026/05/20 14:01:00.274,n,463.64564,5.615069,5.175201,0.537773,OverRange,OverRange,OverRange,12.772862,16.521012,710.1556
2026/05/20 14:02:00.276,n,269.67096,4.759406,5.085871,0.603796,OverRange,OverRange,OverRange,12.684636,16.532814,360.12796
2026/05/20 14:03:00.280,n,273.3301,3.976603,4.892876,0.758799,OverRange,OverRange,OverRange,12.71666,16.53601,362.83768
2026/05/20 14:04:00.264,n,265.3942,4.309672,4.919972,0.675982,OverRange,OverRange,OverRange,12.82124,16.543508,354.66588
2026/05/20 14:05:00.268,n,299.59988,4.364744,4.736029,0.555248,OverRange,OverRange,OverRange,12.811932,16.545628,424.24568
2026/05/20 14:06:00.269,n,349.95596,5.979301,5.403311,0.616096,OverRange,OverRange,OverRange,12.737576,16.544552,522.9356
2026/05/20 14:07:00.274,n,505.26952,4.494722,4.747013,0.597743,OverRange,OverRange,OverRange,12.702794,16.542432,790.35672
2026/05/20 14:08:00.257,n,399.68684,5.606565,5.14663,0.571822,OverRange,OverRange,OverRange,12.650874,16.542432,642.13396
2026/05/20 14:09:00.259,n,341.52892,4.128575,4.748757,0.864588,OverRange,OverRange,OverRange,12.892044,16.548822,558.33528
2026/05/20 14:10:00.260,n,323.6101,5.43231,4.879612,0.424651,OverRange,OverRange,OverRange,12.875676,16.55955,511.46912
2026/05/20 14:11:00.264,n,459.34944,5.341367,5.282967,0.498181,OverRange,OverRange,OverRange,12.911708,16.560658,730.4488
2026/05/20 14:12:00.266,n,564.9478,5.566763,5.056217,0.591247,OverRange,OverRange,OverRange,12.793762,16.565972,916.63848
2026/05/20 14:13:00.267,n,559.96504,5.689838,5.280559,0.531138,OverRange,OverRange,OverRange,12.841412,16.58097,906.16776
2026/05/20 14:14:00.268,n,578.34832,5.901922,5.5115,0.55036,OverRange,OverRange,OverRange,12.729762,16.59062,923.60104
2026/05/20 14:15:00.275,n,563.85432,5.578305,5.248719,0.551617,OverRange,OverRange,OverRange,12.853008,16.606662,922.63624
2026/05/20 14:16:00.272,n,514.00416,5.550545,4.677623,0.433259,OverRange,OverRange,OverRange,12.78394,16.629126,864.73456
2026/05/20 14:17:00.258,n,451.65408,4.19479,4.963048,0.580372,OverRange,OverRange,OverRange,12.687912,16.650512,759.56784
2026/05/20 14:18:00.260,n,503.61524,4.185977,4.803159,0.730233,OverRange,OverRange,OverRange,12.899984,16.674084,840.20136
2026/05/20 14:19:00.263,n,507.42348,4.101642,4.915138,0.661078,OverRange,OverRange,OverRange,13.284404,16.694396,838.4548
2026/05/20 14:20:00.266,n,525.61688,4.295448,5.023339,0.569528,OverRange,OverRange,OverRange,13.196056,16.715816,855.46016
2026/05/20 14:21:00.265,n,483.52444,4.385053,4.552772,0.506097,OverRange,OverRange,OverRange,13.072392,16.752628,801.1384
2026/05/20 14:22:00.267,n,280.45068,4.500335,4.815115,0.5998,OverRange,OverRange,OverRange,13.020676,16.778288,432.14676
2026/05/20 14:23:00.271,n,407.27316,5.876389,5.458678,0.371858,OverRange,OverRange,OverRange,13.062622,16.807142,653.8752
2026/05/20 14:24:00.273,n,534.48048,4.820408,4.600705,0.380171,OverRange,OverRange,OverRange,13.031926,16.823184,858.63496
2026/05/20 14:25:00.257,n,535.86812,4.297392,4.407609,0.139218,OverRange,OverRange,OverRange,12.981318,16.842454,838.56296
2026/05/20 14:26:00.263,n,494.6328,5.518379,5.157154,0.491344,OverRange,OverRange,OverRange,13.11612,16.862798,755.08128
2026/05/20 14:27:00.263,n,261.12534,4.448715,4.81659,0.566212,OverRange,OverRange,OverRange,13.023122,16.889472,352.39756
2026/05/20 14:28:00.267,n,296.30308,4.347925,4.569852,0.613877,OverRange,OverRange,OverRange,12.966614,16.915164,405.33372
2026/05/20 14:29:00.267,n,364.09116,4.435239,4.883957,0.733148,OverRange,OverRange,OverRange,13.01447,16.923708,507.9092
2026/05/20 14:30:00.267,n,493.37696,4.379646,4.945269,0.623073,OverRange,OverRange,OverRange,12.960302,16.925828,817.0944
2026/05/20 14:31:00.269,n,188.57088,5.541559,4.631966,0.538459,OverRange,OverRange,OverRange,12.67953,16.93225,321.29294
2026/05/20 14:32:00.271,n,338.31404,5.658251,4.908321,0.76898,OverRange,OverRange,OverRange,12.662146,16.938672,535.93952
2026/05/20 14:33:00.275,n,378.48424,4.342152,4.993676,0.843403,OverRange,OverRange,OverRange,12.85171,16.936522,595.35084
2026/05/20 14:34:00.259,n,536.62872,6.117482,5.165345,0.73482,OverRange,OverRange,OverRange,12.826264,16.932216,874.9512
2026/05/20 14:35:00.263,n,371.94596,4.226645,4.761953,0.753206,OverRange,OverRange,OverRange,12.876344,16.923642,612.88008
2026/05/20 14:36:00.264,n,399.18132,5.274512,4.902041,0.70148,OverRange,OverRange,OverRange,12.916154,16.926838,655.09692
2026/05/20 14:37:00.266,n,474.09908,4.245246,4.866087,0.651243,OverRange,OverRange,OverRange,12.895248,16.931108,803.70408
2026/05/20 14:38:00.271,n,464.3518,5.567307,5.055252,0.699932,OverRange,OverRange,OverRange,12.880128,16.937532,793.67064
2026/05/20 14:39:00.270,n,458.52,4.391813,4.962511,0.697002,OverRange,OverRange,OverRange,12.817898,16.95253,785.43992
2026/05/20 14:40:00.271,n,454.158,5.130118,5.055112,0.55131,OverRange,OverRange,OverRange,12.667156,16.969616,779.36336
2026/05/20 14:41:00.277,n,447.5714,5.915946,5.051638,0.706578,OverRange,OverRange,OverRange,12.617748,16.977086,768.23
2026/05/20 14:42:00.276,n,456.71764,5.593185,5.11629,0.641618,OverRange,OverRange,OverRange,12.682034,16.98778,783.62576
2026/05/20 14:43:00.260,n,452.59864,5.446069,5.277154,0.462692,OverRange,OverRange,OverRange,12.844086,16.999548,776.6504
2026/05/20 14:44:00.263,n,453.17088,5.522937,5.346405,0.195266,OverRange,OverRange,OverRange,12.954082,17.010212,775.21048
2026/05/20 14:45:00.265,n,252.94628,5.525973,5.486985,0.165691,OverRange,OverRange,OverRange,13.042114,17.027298,436.87888
2026/05/20 14:46:00.267,n,406.856,4.565266,5.122663,0.581302,OverRange,OverRange,OverRange,12.937054,17.04546,665.34892
2026/05/20 14:47:00.268,n,390.82388,6.019284,5.43068,0.487205,OverRange,OverRange,OverRange,12.628088,17.049732,658.88188
2026/05/20 14:48:00.272,n,262.2425,4.687369,4.965806,0.575352,OverRange,OverRange,OverRange,12.62178,17.058276,446.45396
2026/05/20 14:49:00.273,n,426.07704,5.896412,5.181691,0.61134,OverRange,OverRange,OverRange,12.828462,17.063492,713.53584
2026/05/20 14:50:00.275,n,374.56408,4.345163,5.050641,0.666986,OverRange,OverRange,OverRange,12.906022,17.066656,626.45296
2026/05/20 14:51:00.279,n,446.24528,4.421253,5.245398,0.675653,OverRange,OverRange,OverRange,13.024618,17.062416,765.81712
2026/05/20 14:52:00.266,n,438.62364,5.847597,5.629923,0.388109,OverRange,OverRange,OverRange,12.84781,17.073078,755.62496
2026/05/20 14:53:00.264,n,437.71,5.351493,5.305819,0.591956,OverRange,OverRange,OverRange,12.918458,17.089122,750.92952
2026/05/20 14:54:00.268,n,431.33716,5.247347,4.606509,0.632868,OverRange,OverRange,OverRange,12.76087,17.099784,737.12456
2026/05/20 14:55:00.271,n,437.54508,5.530582,4.700477,0.611163,OverRange,OverRange,OverRange,12.806982,17.116904,747.78376
2026/05/20 14:56:00.271,n,438.04652,4.351416,5.172923,0.775327,OverRange,OverRange,OverRange,13.069,17.131806,747.74512
2026/05/20 14:57:00.273,n,434.48812,5.328896,4.870112,0.699212,OverRange,OverRange,OverRange,13.22548,17.154272,741.68832
2026/05/20 14:58:00.277,n,432.8444,5.597229,5.158042,0.622137,OverRange,OverRange,OverRange,13.328248,17.174524,740.95312
2026/05/20 14:59:00.278,n,440.683,4.402149,4.672573,0.355387,OverRange,OverRange,OverRange,13.48968,17.200186,744.22536
2026/05/20 15:00:00.278,n,377.54196,5.405533,5.259172,0.449647,OverRange,OverRange,OverRange,13.200668,17.232206,634.78784
2026/05/20 15:01:00.265,n,468.2562,4.446031,4.863985,0.741976,OverRange,OverRange,OverRange,13.249786,17.262108,740.03336
2026/05/20 15:02:00.266,n,467.51724,6.006151,4.96518,0.856456,OverRange,OverRange,OverRange,13.181942,17.28774,695.12792
2026/05/20 15:03:00.269,n,559.6452,4.749461,4.919343,0.662491,OverRange,OverRange,OverRange,13.202958,17.318656,852.84528
2026/05/20 15:04:00.270,n,278.4542,4.409196,4.793044,0.695541,OverRange,OverRange,OverRange,13.267258,17.350678,378.59972
2026/05/20 15:05:00.272,n,239.12006,4.539225,4.568088,0.437081,OverRange,OverRange,OverRange,13.172318,17.383908,299.01032
2026/05/20 15:06:00.277,n,268.06808,3.986111,4.77236,0.597878,OverRange,OverRange,OverRange,13.28325,17.3903,372.73156
2026/05/20 15:07:00.277,n,191.86706,4.844246,5.317349,0.731905,OverRange,OverRange,OverRange,13.177394,17.405204,253.4112
2026/05/20 15:08:00.280,n,163.7984,5.492247,4.875278,0.536256,OverRange,OverRange,OverRange,12.980144,17.40843,229.2586
2026/05/20 15:09:00.282,n,387.3784,4.284948,5.162781,0.823046,OverRange,OverRange,OverRange,12.804042,17.407354,615.51008
2026/05/20 15:10:00.265,n,453.63224,4.132699,4.821996,0.749593,OverRange,OverRange,OverRange,12.799164,17.397798,743.36064
2026/05/20 15:11:00.269,n,454.9554,4.238276,4.917676,0.754859,OverRange,OverRange,OverRange,12.77825,17.391344,745.3196
2026/05/20 15:12:00.270,n,253.84966,4.146891,4.616327,0.700663,OverRange,OverRange,OverRange,12.955724,17.399922,381.09904
2026/05/20 15:13:00.272,n,452.08824,4.199234,4.880928,0.77923,OverRange,OverRange,OverRange,12.89239,17.403052,701.43768
2026/05/20 15:14:00.274,n,324.87836,4.054223,4.578562,0.62926,OverRange,OverRange,OverRange,12.7175,17.409508,438.948
2026/05/20 15:15:00.275,n,500.49584,5.675304,5.150098,0.810814,OverRange,OverRange,OverRange,12.817566,17.4159,732.95192
2026/05/20 15:16:00.278,n,509.55428,5.640291,4.934024,0.752198,OverRange,OverRange,OverRange,13.111548,17.416976,780.6376
2026/05/20 15:17:00.280,n,293.15864,4.055277,5.023884,0.892807,OverRange,OverRange,OverRange,13.262736,17.435108,424.27676
2026/05/20 15:18:00.283,n,175.61492,4.322083,4.70283,0.839326,OverRange,OverRange,OverRange,13.450522,17.456434,228.32764
2026/05/20 15:19:00.269,n,121.14656,4.993671,5.094242,0.636836,OverRange,OverRange,OverRange,13.18984,17.4671,157.74148
2026/05/20 15:20:00.269,n,93.590568,4.403188,4.99384,0.818417,OverRange,OverRange,OverRange,13.124004,17.472446,120.09566
2026/05/20 15:21:00.274,n,81.423272,4.431024,4.989403,0.729212,OverRange,OverRange,OverRange,13.161728,17.469218,98.71404
2026/05/20 15:22:00.273,n,77.504312,3.870525,4.578389,0.808133,OverRange,OverRange,OverRange,12.825944,17.440424,86.536104
2026/05/20 15:23:00.275,n,81.362072,5.604586,5.115397,0.617425,OverRange,OverRange,OverRange,12.480424,17.40628,82.31684
2026/05/20 15:24:00.277,n,89.901144,4.662569,4.724586,0.667937,OverRange,OverRange,OverRange,12.161102,17.362582,86.12588
2026/05/20 15:25:00.279,n,95.357792,5.518917,5.124508,0.620467,OverRange,OverRange,OverRange,11.93453,17.303916,89.959832
2026/05/20 15:26:00.283,n,98.08328,5.563371,5.058597,0.566145,OverRange,OverRange,OverRange,11.772476,17.23987,91.442384
2026/05/20 15:27:00.268,n,98.99332,5.948742,5.068959,0.747663,OverRange,OverRange,OverRange,11.820776,17.176868,91.059024
2026/05/20 15:28:00.269,n,98.291384,4.091631,4.746215,0.666228,OverRange,OverRange,OverRange,11.862712,17.110644,88.623256
2026/05/20 15:29:00.271,n,100.5668,5.932413,4.983572,0.771284,OverRange,OverRange,OverRange,11.890274,17.047614,88.224216
2026/05/20 15:30:00.257,n,104.24274,5.278338,4.826772,0.721268,OverRange,OverRange,OverRange,11.68571,16.976042,91.423096
2026/05/20 15:31:00.259,n,104.37838,5.094275,5.277299,0.558028,OverRange,OverRange,OverRange,11.622472,16.915132,92.235536
2026/05/20 15:32:00.263,n,102.2237,4.623687,5.078944,0.827679,OverRange,OverRange,OverRange,11.733288,16.84992,90.060848
2026/05/20 15:33:00.263,n,100.97416,4.715086,5.251551,0.696185,OverRange,OverRange,OverRange,11.637654,16.791102,87.977968
2026/05/20 15:34:00.265,n,102.81798,4.38722,4.359714,0.038808,OverRange,OverRange,OverRange,11.565044,16.72586,87.953056
2026/05/20 15:35:00.267,n,107.38446,4.447446,4.560466,0.431753,OverRange,OverRange,OverRange,11.62727,16.663816,90.738224
2026/05/20 15:36:00.269,n,113.51008,5.514447,4.96509,0.687049,OverRange,OverRange,OverRange,11.690018,16.62919,95.974696
2026/05/20 15:37:00.272,n,121.12088,4.340122,4.524439,0.340799,OverRange,OverRange,OverRange,11.582214,16.566004,103.0909
2026/05/20 15:38:00.258,n,127.66962,5.767864,5.374795,0.581357,OverRange,OverRange,OverRange,11.481242,16.518892,110.72202
2026/05/20 15:39:00.258,n,133.87478,4.393276,4.670659,0.561656,OverRange,OverRange,OverRange,11.550848,16.471816,118.59162
2026/05/20 15:40:00.266,n,138.63268,5.636924,5.324873,0.695732,OverRange,OverRange,OverRange,11.49669,16.42575,126.18964
2026/05/20 15:41:00.265,n,142.46708,5.611902,5.557025,0.12074,OverRange,OverRange,OverRange,11.49846,16.388256,133.7454
2026/05/20 15:42:00.265,n,147.76118,5.570445,4.614863,0.658634,OverRange,OverRange,OverRange,11.45667,16.34004,143.10062
2026/05/20 15:43:00.270,n,154.06112,5.667754,4.691494,0.721661,OverRange,OverRange,OverRange,11.458964,16.305746,155.71056
2026/05/20 15:44:00.268,n,159.07718,4.72563,4.958181,0.587288,OverRange,OverRange,OverRange,11.518952,16.27145,168.64314
2026/05/20 15:45:00.270,n,161.29206,4.52398,4.882882,0.554454,OverRange,OverRange,OverRange,11.503266,16.241426,179.9466
2026/05/20 15:46:00.273,n,162.62638,5.456038,4.430934,0.523185,OverRange,OverRange,OverRange,11.379472,16.208192,193.11326
2026/05/20 15:47:00.257,n,145.80714,5.884544,5.373118,0.677358,OverRange,OverRange,OverRange,11.377706,16.173912,174.018
2026/05/20 15:48:00.259,n,134.45366,5.588712,5.772913,0.192432,OverRange,OverRange,OverRange,11.306804,16.141722,164.2402
2026/05/20 15:49:00.261,n,129.16278,5.502805,4.831177,0.545168,OverRange,OverRange,OverRange,11.302496,16.107378,162.1342
2026/05/20 15:50:00.263,n,124.1756,4.615142,5.185912,0.710072,OverRange,OverRange,OverRange,11.338974,16.115232,155.0209
2026/05/20 15:51:00.266,n,120.02776,5.838274,5.166305,0.657001,OverRange,OverRange,OverRange,11.430014,16.068016,150.37016
2026/05/20 15:52:00.269,n,113.77104,4.231123,4.762014,0.654418,OverRange,OverRange,OverRange,11.367722,16.030448,143.62732
2026/05/20 15:53:00.270,n,107.04792,5.010388,5.032229,0.703841,OverRange,OverRange,OverRange,11.300604,15.99071,135.68734
2026/05/20 15:54:00.272,n,111.97136,4.844371,4.779353,0.703719,OverRange,OverRange,OverRange,11.247926,15.948904,151.70024
2026/05/20 15:55:00.257,n,99.267632,5.538564,4.932143,0.760016,OverRange,OverRange,OverRange,11.181784,15.90273,135.29886
2026/05/20 15:56:00.260,n,112.46722,5.600832,5.03929,0.934845,OverRange,OverRange,OverRange,11.093324,15.859736,161.00334
2026/05/20 15:57:00.263,n,172.29756,5.752,4.836441,0.719949,OverRange,OverRange,OverRange,11.083462,15.811396,279.7501
2026/05/20 15:58:00.266,n,97.402776,4.364133,4.938291,0.642304,OverRange,OverRange,OverRange,11.168086,15.774874,139.35098
2026/05/20 15:59:00.265,n,75.331416,4.356339,4.950575,0.634154,OverRange,OverRange,OverRange,11.157196,15.735172,103.3303
2026/05/20 16:00:00.268,n,68.1132,3.96171,4.967559,0.802409,OverRange,OverRange,OverRange,11.133138,15.688986,91.139072
2026/05/20 16:01:00.271,n,102.86186,5.554951,5.189449,0.645997,OverRange,OverRange,OverRange,11.098912,15.647492,151.6331
2026/05/20 16:02:00.277,n,171.46222,5.727699,4.956581,0.796178,OverRange,OverRange,OverRange,11.103734,15.602676,304.63064
2026/05/20 16:03:00.273,n,245.17088,5.614793,5.075007,0.775038,OverRange,OverRange,OverRange,11.208136,15.597802,467.58928
2026/05/20 16:04:00.259,n,226.8011,5.64709,4.90783,0.735046,OverRange,OverRange,OverRange,11.38174,15.562552,437.79684
2026/05/20 16:05:00.261,n,248.70762,5.689196,4.932725,0.790091,OverRange,OverRange,OverRange,11.504532,15.55403,480.56912
2026/05/20 16:06:00.265,n,237.20274,4.485804,4.717171,0.662781,OverRange,OverRange,OverRange,11.60377,15.552954,459.07924
2026/05/20 16:07:00.265,n,199.89692,5.869278,4.841841,0.676454,OverRange,OverRange,OverRange,11.694322,15.56151,383.22756
2026/05/20 16:08:00.266,n,141.45158,5.52284,5.051081,0.601131,OverRange,OverRange,OverRange,11.72897,15.573226,246.63538
2026/05/20 16:09:00.268,n,235.48748,4.135249,4.453725,0.531118,OverRange,OverRange,OverRange,11.554408,15.5818,433.58216
2026/05/20 16:10:00.270,n,135.55846,5.510823,5.238835,0.838123,OverRange,OverRange,OverRange,11.553126,15.591398,230.00562
2026/05/20 16:11:00.273,n,98.028104,4.460296,4.73019,0.656905,OverRange,OverRange,OverRange,11.54504,15.592474,131.94332
2026/05/20 16:12:00.279,n,165.5433,5.749814,4.707168,0.61911,OverRange,OverRange,OverRange,11.435176,15.589248,265.27868
2026/05/20 16:13:00.261,n,240.1466,6.022318,5.606104,0.634031,OverRange,OverRange,OverRange,11.425798,15.570032,436.13744
2026/05/20 16:14:00.266,n,200.42076,4.145725,5.023112,0.703804,OverRange,OverRange,OverRange,11.565288,15.564704,340.99588
2026/05/20 16:15:00.265,n,243.11906,5.909814,5.160357,0.719766,OverRange,OverRange,OverRange,11.688264,15.556182,431.73228
2026/05/20 16:16:00.267,n,215.19334,3.8811,5.280279,0.698503,OverRange,OverRange,OverRange,11.782104,15.565764,367.13528
2026/05/20 16:17:00.270,n,213.01286,6.063958,4.780237,0.665075,OverRange,OverRange,OverRange,11.75758,15.577514,385.21988
2026/05/20 16:18:00.271,n,235.98078,5.538363,5.411048,0.173043,OverRange,OverRange,OverRange,11.667766,15.589248,433.54884
2026/05/20 16:19:00.272,n,185.22944,5.814607,4.448854,0.716171,OverRange,OverRange,OverRange,11.64502,15.613806,339.78232
2026/05/20 16:20:00.275,n,122.94558,4.438899,4.679824,0.64487,OverRange,OverRange,OverRange,11.611348,15.62135,185.18854
2026/05/20 16:21:00.277,n,221.74092,5.447747,5.1829,0.522191,OverRange,OverRange,OverRange,11.648036,15.629874,412.62192
2026/05/20 16:22:00.262,n,184.72416,5.46087,4.709028,0.462481,OverRange,OverRange,OverRange,11.685476,15.63413,336.86588
2026/05/20 16:23:00.264,n,202.65592,4.230289,4.553913,0.442214,OverRange,OverRange,OverRange,11.6913,15.643728,378.49276
2026/05/20 16:24:00.266,n,190.83348,4.40396,4.248098,0.119693,OverRange,OverRange,OverRange,11.577948,15.651208,346.98728
2026/05/20 16:25:00.268,n,181.35536,3.992424,3.976671,0.115852,OverRange,OverRange,OverRange,11.669796,15.659764,336.7328
2026/05/20 16:26:00.271,n,110.46806,4.357554,4.568462,0.405216,OverRange,OverRange,OverRange,11.728994,15.667212,180.0584
2026/05/20 16:27:00.271,n,137.56536,4.694543,4.69035,0.554005,OverRange,OverRange,OverRange,11.6326,15.676844,264.01334
2026/05/20 16:28:00.275,n,98.438544,3.989248,4.818311,0.59278,OverRange,OverRange,OverRange,11.68067,15.667212,177.0426
2026/05/20 16:29:00.277,n,77.988528,5.419115,4.716879,0.769734,OverRange,OverRange,OverRange,11.486822,15.667212,129.01694
2026/05/20 16:30:00.277,n,60.033572,4.457031,4.738494,0.687198,OverRange,OverRange,OverRange,11.400732,15.643728,80.792064
2026/05/20 16:31:00.263,n,56.578552,5.464833,4.822474,0.683589,OverRange,OverRange,OverRange,11.369828,15.629874,70.747
2026/05/20 16:32:00.265,n,53.33382,4.264659,4.611799,0.573516,OverRange,OverRange,OverRange,11.31361,15.595652,65.379988
2026/05/20 16:33:00.270,n,48.752712,4.468447,4.387013,0.498818,OverRange,OverRange,OverRange,11.238088,15.567914,58.384176
2026/05/20 16:34:00.269,n,44.494396,4.435591,4.852997,0.612828,OverRange,OverRange,OverRange,11.188452,15.527302,52.463084
2026/05/20 16:35:00.271,n,39.691708,4.888715,5.088864,0.750149,OverRange,OverRange,OverRange,11.21404,15.485634,46.709392
2026/05/20 16:36:00.273,n,33.51363,5.088824,4.889074,0.755661,OverRange,OverRange,OverRange,11.237086,15.446098,40.483868
2026/05/20 16:37:00.275,n,27.872874,5.91773,5.041258,0.610641,OverRange,OverRange,OverRange,11.162602,15.394782,33.7581
2026/05/20 16:38:00.277,n,24.19564,5.807838,5.405419,0.370974,OverRange,OverRange,OverRange,11.051824,15.355232,28.49936
2026/05/20 16:39:00.283,n,21.103716,4.315223,4.425873,0.476895,OverRange,OverRange,OverRange,10.943294,15.306004,24.407312
2026/05/20 16:40:00.264,n,19.014076,4.466205,4.944181,0.678458,OverRange,OverRange,OverRange,10.809602,15.26217,21.017554
2026/05/20 16:41:00.268,n,18.64611,6.090274,5.153363,0.747054,OverRange,OverRange,OverRange,10.787796,15.211898,19.217516
2026/05/20 16:42:00.269,n,18.599152,5.58882,5.190511,0.519155,OverRange,OverRange,OverRange,10.74236,15.169074,18.47581
2026/05/20 16:43:00.273,n,18.84485,4.442774,5.133593,0.710564,OverRange,OverRange,OverRange,10.621816,15.123058,18.01106
2026/05/20 16:44:00.272,n,19.08708,6.084018,5.329337,0.663637,OverRange,OverRange,OverRange,10.627392,15.075984,17.757312
2026/05/20 16:45:00.276,n,19.011,4.886184,5.127074,0.467564,OverRange,OverRange,OverRange,10.578894,15.050174,17.631378
2026/05/20 16:46:00.279,n,18.36218,5.56436,5.726689,0.20489,OverRange,OverRange,OverRange,10.588054,14.997706,17.00332
2026/05/20 16:47:00.281,n,18.347428,4.628613,4.683379,0.592335,OverRange,OverRange,OverRange,10.563176,14.952734,16.27817
2026/05/20 16:48:00.282,n,18.619168,4.403135,5.034515,0.512621,OverRange,OverRange,OverRange,10.454712,14.907746,16.499326
2026/05/20 16:49:00.268,n,19.165088,4.068839,4.470993,0.438902,OverRange,OverRange,OverRange,10.463354,14.86061,16.520656
2026/05/20 16:50:00.270,n,19.465826,5.292618,4.593853,0.605748,OverRange,OverRange,OverRange,10.534466,14.813458,16.675686
2026/05/20 16:51:00.271,n,19.982494,5.555119,5.265017,0.479868,OverRange,OverRange,OverRange,10.56013,14.771632,16.867574
2026/05/20 16:52:00.274,n,20.227676,5.48668,5.170777,0.527292,OverRange,OverRange,OverRange,10.537522,14.735186,16.90648
2026/05/20 16:53:00.275,n,20.645296,3.964095,4.993378,0.831319,OverRange,OverRange,OverRange,10.532176,14.69442,16.925764
2026/05/20 16:54:00.328,n,21.085754,5.024677,4.48065,0.518006,OverRange,OverRange,OverRange,10.586294,14.667636,17.292138
2026/05/20 16:55:00.389,n,21.465142,4.33689,4.577473,0.630123,OverRange,OverRange,OverRange,10.6076,14.629024,17.317306
2026/05/20 16:56:00.280,n,21.745348,6.105891,4.967759,0.773443,OverRange,OverRange,OverRange,10.535748,14.592512,17.54025
2026/05/20 16:57:00.282,n,22.293838,5.359622,5.611507,0.575869,OverRange,OverRange,OverRange,10.495866,14.56677,17.852104
2026/05/20 16:58:00.268,n,22.83937,4.59701,4.913495,0.731673,OverRange,OverRange,OverRange,10.542858,14.539954,18.276328
2026/05/20 16:59:00.270,n,23.203874,5.530845,5.554414,0.538113,OverRange,OverRange,OverRange,10.577658,14.508852,18.586216
2026/05/20 17:00:00.272,n,23.76365,4.352597,4.639614,0.596982,OverRange,OverRange,OverRange,10.55251,14.480912,19.072382
2026/05/20 17:01:00.277,n,24.385016,4.931407,4.655106,0.41749,OverRange,OverRange,OverRange,10.498912,14.458414,19.808116
2026/05/20 17:02:00.276,n,24.635588,5.515332,5.232815,0.48045,OverRange,OverRange,OverRange,10.451132,14.43049,20.462448
2026/05/20 17:03:00.278,n,24.34973,5.87801,4.916345,0.756783,OverRange,OverRange,OverRange,10.432618,14.449926,20.793414
2026/05/20 17:04:00.280,n,24.011786,4.499014,5.434354,0.510967,OverRange,OverRange,OverRange,10.55451,14.418776,20.565348
2026/05/20 17:05:00.282,n,23.072878,5.503132,5.027185,0.783884,OverRange,OverRange,OverRange,10.569256,14.397306,19.854956
2026/05/20 17:06:00.270,n,22.696702,5.596736,5.107723,0.777874,OverRange,OverRange,OverRange,10.452394,14.364022,19.522028
2026/05/20 17:07:00.271,n,23.043754,5.393994,5.283371,0.702124,OverRange,OverRange,OverRange,10.470942,14.330706,19.568446
2026/05/20 17:08:00.272,n,23.422884,4.421311,5.222298,0.758253,OverRange,OverRange,OverRange,10.520218,14.302798,19.994456
2026/05/20 17:09:00.258,n,23.472406,5.503071,5.034529,0.456029,OverRange,OverRange,OverRange,10.560868,14.274846,20.137626
2026/05/20 17:10:00.260,n,23.250834,5.534122,4.961896,0.758829,OverRange,OverRange,OverRange,10.56161,14.249072,20.118346
2026/05/20 17:11:00.262,n,22.754692,4.438823,4.815174,0.733895,OverRange,OverRange,OverRange,10.55806,14.22112,19.8919
2026/05/20 17:12:00.263,n,22.136412,4.353477,4.323675,0.121037,OverRange,OverRange,OverRange,10.566448,14.19854,19.24516
2026/05/20 17:13:00.265,n,21.75138,6.077204,5.708036,0.216633,OverRange,OverRange,OverRange,10.506008,14.17277,18.80174
2026/05/20 17:14:00.268,n,21.637446,4.495236,4.432006,0.213911,OverRange,OverRange,OverRange,10.474492,14.140498,18.702852
2026/05/20 17:15:00.270,n,21.591004,4.497076,5.007334,0.665587,OverRange,OverRange,OverRange,10.47729,14.117888,19.09593
2026/05/20 17:16:00.273,n,21.640528,5.565676,5.516785,0.05701,OverRange,OverRange,OverRange,10.526586,14.097478,19.42715
2026/05/20 17:17:00.256,n,21.707498,4.133736,4.667932,0.620408,OverRange,OverRange,OverRange,10.45572,14.068432,19.998296
2026/05/20 17:18:00.262,n,20.887658,5.445262,4.46796,0.517439,OverRange,OverRange,OverRange,10.477052,14.045872,19.862804
2026/05/20 17:19:00.265,n,19.877416,4.585281,4.941403,0.580162,OverRange,OverRange,OverRange,10.528866,14.024368,18.925542
2026/05/20 17:20:00.262,n,18.373728,4.805409,5.221322,0.446216,OverRange,OverRange,OverRange,10.551724,14.00285,17.819512
2026/05/20 17:21:00.266,n,16.451266,5.381977,5.304998,0.380225,OverRange,OverRange,OverRange,10.52682,13.98024,16.338576
2026/05/20 17:22:00.272,n,14.393574,4.263652,4.696083,0.725611,OverRange,OverRange,OverRange,10.452648,13.954438,14.71123
2026/05/20 17:23:00.271,n,12.465982,5.59568,5.073962,0.656875,OverRange,OverRange,OverRange,10.459254,13.933964,12.945064
2026/05/20 17:24:00.270,n,10.77459,5.303257,5.034785,0.72389,OverRange,OverRange,OverRange,10.44071,13.94657,11.527182
2026/05/20 17:25:00.279,n,11.20953,4.179069,4.361115,0.611175,OverRange,OverRange,OverRange,10.49701,13.920736,16.46144
2026/05/20 17:26:00.261,n,13.10569,4.279582,5.122434,0.674267,OverRange,OverRange,OverRange,10.495728,13.89386,27.859274
2026/05/20 17:27:00.261,n,8.432968,4.835091,5.250523,0.671259,OverRange,OverRange,OverRange,10.526978,13.87985,11.368226
2026/05/20 17:28:00.264,n,6.859997,5.356405,4.957356,0.59898,OverRange,OverRange,OverRange,10.560258,13.862634,6.453761
2026/05/20 17:29:00.264,n,6.713862,5.563657,5.286223,0.714152,OverRange,OverRange,OverRange,10.574468,13.852924,5.747465
2026/05/20 17:30:00.268,n,6.448408,3.875179,4.473942,0.721508,OverRange,OverRange,OverRange,10.598846,13.840026,5.301316
2026/05/20 17:31:00.267,n,6.001536,4.247442,4.207735,0.197766,OverRange,OverRange,OverRange,10.636948,13.824976,4.857044
2026/05/20 17:32:00.271,n,5.47037,4.436736,4.33659,0.066739,OverRange,OverRange,OverRange,10.625784,13.815298,4.152198
2026/05/20 17:33:00.271,n,4.962297,3.981992,5.274854,0.67402,OverRange,OverRange,OverRange,10.569906,13.804482,3.812616
2026/05/20 17:34:00.257,n,4.670028,4.363188,4.311674,0.170663,OverRange,OverRange,OverRange,10.556702,13.799156,3.463223
2026/05/20 17:35:00.264,n,3.980923,5.981545,5.423756,0.525477,OverRange,OverRange,OverRange,10.521374,13.781906,3.064939
2026/05/20 17:36:00.262,n,3.118997,5.561605,5.5876,0.089623,OverRange,OverRange,OverRange,10.339188,13.775408,2.455057
2026/05/20 17:37:00.264,n,2.303773,4.3917,5.259552,0.590058,OverRange,OverRange,OverRange,10.360814,13.759284,1.648764
2026/05/20 17:38:00.265,n,1.397711,5.473569,5.113243,0.524605,OverRange,OverRange,OverRange,10.38113,13.74529,0.826515
2026/05/20 17:39:00.270,n,0.877707,5.183607,4.955098,0.631717,OverRange,OverRange,OverRange,10.43247,13.728042,0.118854
2026/05/20 17:40:00.270,n,0.2371,5.361421,4.54113,0.657613,OverRange,OverRange,OverRange,10.468796,13.718318,-0.355878
2026/05/20 17:41:00.272,n,-0.043751,5.684149,5.310346,0.839235,OverRange,OverRange,OverRange,10.409074,13.700026,-0.770032
2026/05/20 17:42:00.273,n,-0.31562,4.465904,4.968419,0.574354,OverRange,OverRange,OverRange,10.440104,13.684926,-1.157223
2026/05/20 17:43:00.261,n,-0.458933,5.563809,4.932025,0.4803,OverRange,OverRange,OverRange,10.4843,13.67092,-1.291605
2026/05/20 17:44:00.262,n,-0.672682,4.116704,4.836243,0.664692,OverRange,OverRange,OverRange,10.484538,13.65802,-1.476328
2026/05/20 17:45:00.263,n,-0.803934,5.921737,5.198401,0.756472,OverRange,OverRange,OverRange,10.477184,13.640706,-1.591171
2026/05/20 17:46:00.266,n,-0.754281,4.990099,4.873243,0.601146,OverRange,OverRange,OverRange,10.482518,13.624598,-1.746713
2026/05/20 17:47:00.267,n,-0.818817,5.249656,5.373056,0.541855,OverRange,OverRange,OverRange,10.53155,13.609498,-1.79364
2026/05/20 17:48:00.270,n,-0.944424,5.726374,5.736016,0.500378,OverRange,OverRange,OverRange,10.53004,13.594418,-1.960957
2026/05/20 17:49:00.274,n,-1.026408,5.537339,5.085807,0.566428,OverRange,OverRange,OverRange,10.46726,13.579318,-1.976656
2026/05/20 17:50:00.274,n,-1.219244,4.281158,4.388417,0.33732,OverRange,OverRange,OverRange,10.353694,13.564236,-2.029215
2026/05/20 17:51:00.275,n,-1.280829,6.009412,5.813617,0.273248,OverRange,OverRange,OverRange,10.437552,13.551304,-2.138086
2026/05/20 17:52:00.261,n,-1.324836,5.515419,4.48407,0.531115,OverRange,OverRange,OverRange,10.457372,13.54163,-2.198493
2026/05/20 17:53:00.265,n,-1.529476,4.518393,5.09159,0.480812,OverRange,OverRange,OverRange,10.436778,13.523274,-2.278184
2026/05/20 17:54:00.267,n,-1.725648,4.447939,4.580052,0.59384,OverRange,OverRange,OverRange,10.426362,13.510374,-2.319139
2026/05/20 17:55:00.267,n,-1.918741,4.092959,4.490991,0.483014,OverRange,OverRange,OverRange,10.480744,13.49521,-2.469135
2026/05/20 17:56:00.271,n,-2.14994,4.768384,5.25919,0.65144,OverRange,OverRange,OverRange,10.421026,13.480144,-2.644302
2026/05/20 17:57:00.270,n,-2.363561,4.268062,4.861153,0.648628,OverRange,OverRange,OverRange,10.389018,13.463956,-2.735681
2026/05/20 17:58:00.272,n,-2.849437,5.369368,4.588383,0.420703,OverRange,OverRange,OverRange,10.345038,13.44674,-3.016306
2026/05/20 17:59:00.274,n,-3.092054,5.593472,5.039376,0.688383,OverRange,OverRange,OverRange,10.392314,13.431642,-3.230208
2026/05/20 18:00:00.278,n,-3.235623,4.565626,5.035453,0.552043,OverRange,OverRange,OverRange,10.436026,13.415438,-3.446585
2026/05/20 18:01:00.263,n,-3.487349,5.321355,5.046255,0.660117,OverRange,OverRange,OverRange,10.437038,13.43293,-3.652893
2026/05/20 18:02:00.265,n,-3.239215,4.439617,4.696974,0.377381,OverRange,OverRange,OverRange,10.455836,13.418922,-3.528664
2026/05/20 18:03:00.268,n,-3.286045,4.523173,4.679337,0.580945,OverRange,OverRange,OverRange,10.391806,13.398434,-3.66902
2026/05/20 18:04:00.267,n,-3.309139,5.40492,4.784584,0.617598,OverRange,OverRange,OverRange,10.456356,13.384394,-3.667057
2026/05/20 18:05:00.270,n,-3.16865,5.406266,4.759012,0.418527,OverRange,OverRange,OverRange,10.436016,13.3714,-3.686596
2026/05/20 18:06:00.273,n,-3.256664,5.374367,5.081659,0.623957,OverRange,OverRange,OverRange,10.372224,13.363874,-3.631904
2026/05/20 18:07:00.275,n,-3.203804,5.689116,5.614796,0.121031,OverRange,OverRange,OverRange,10.379608,13.353092,-3.692483
2026/05/20 18:08:00.277,n,-3.203932,5.628574,5.413404,0.702925,OverRange,OverRange,OverRange,10.422816,13.346626,-3.826865
2026/05/20 18:09:00.280,n,-3.16865,4.978962,5.714954,0.41051,OverRange,OverRange,OverRange,10.409852,13.342296,-3.828913
2026/05/20 18:10:00.263,n,-3.162748,5.898373,4.894636,0.880242,OverRange,OverRange,OverRange,10.411892,13.33262,-3.770297
2026/05/20 18:11:00.266,n,-3.236008,5.594342,5.44236,0.384038,OverRange,OverRange,OverRange,10.41444,13.331512,-3.832411
2026/05/20 18:12:00.267,n,-3.113224,4.227428,4.379992,0.236894,OverRange,OverRange,OverRange,10.459656,13.333662,-3.846319
2026/05/20 18:13:00.268,n,-3.133495,5.364392,5.02438,0.481316,OverRange,OverRange,OverRange,10.496496,13.319624,-3.702295
2026/05/20 18:14:00.272,n,-2.98133,5.041714,4.94209,0.590725,OverRange,OverRange,OverRange,10.50616,13.315308,-3.69035
2026/05/20 18:15:00.273,n,-3.010583,5.405104,4.776159,0.507665,OverRange,OverRange,OverRange,10.534358,13.309916,-3.651614
2026/05/20 18:16:00.275,n,-2.852901,4.391237,5.181684,0.681412,OverRange,OverRange,OverRange,10.433752,13.302344,-3.647689
2026/05/20 18:17:00.276,n,-2.87035,5.396936,5.114476,0.43359,OverRange,OverRange,OverRange,10.391292,13.299136,-3.534552
2026/05/20 18:18:00.278,n,-2.864448,3.968962,4.628781,0.631888,OverRange,OverRange,OverRange,10.382412,13.294852,-3.544364
2026/05/20 18:19:00.264,n,-3.013405,5.286761,4.466471,0.736523,OverRange,OverRange,OverRange,10.309968,13.285098,-3.466294
2026/05/20 18:20:00.268,n,-2.978636,5.991762,5.108133,0.761867,OverRange,OverRange,OverRange,10.381898,13.279676,-3.521071
2026/05/20 18:21:00.268,n,-2.785415,5.604046,5.700723,0.16462,OverRange,OverRange,OverRange,10.413148,13.27,-3.49556
2026/05/20 18:22:00.269,n,-2.823392,5.608242,5.682308,0.120829,OverRange,OverRange,OverRange,10.446936,13.262428,-3.516976
2026/05/20 18:23:00.272,n,-2.747566,5.653688,5.886618,0.182752,OverRange,OverRange,OverRange,10.42893,13.255962,-3.567657
2026/05/20 18:24:00.273,n,-2.864448,4.274483,4.601038,0.478711,OverRange,OverRange,OverRange,10.37884,13.251646,-3.552213
2026/05/20 18:25:00.275,n,-2.993006,5.418844,4.407079,0.558663,OverRange,OverRange,OverRange,10.426372,13.244088,-3.56177
2026/05/20 18:26:00.279,n,-2.975428,4.367789,4.965477,0.634063,OverRange,OverRange,OverRange,10.445166,13.233292,-3.674907
2026/05/20 18:27:00.279,n,-3.110273,5.493622,5.452228,0.044298,OverRange,OverRange,OverRange,10.38826,13.232234,-3.616461
2026/05/20 18:28:00.264,n,-2.958108,4.454774,5.241817,0.677232,OverRange,OverRange,OverRange,10.45838,13.227902,-3.653405
2026/05/20 18:29:00.266,n,-2.925776,5.199435,5.132272,0.52079,OverRange,OverRange,OverRange,10.49294,13.221418,-3.58711
2026/05/20 18:30:00.269,n,-2.922825,4.22155,4.39581,0.546171,OverRange,OverRange,OverRange,10.4838,13.214952,-3.561855
2026/05/20 18:31:00.270,n,-2.964009,5.599956,5.59228,0.098558,OverRange,OverRange,OverRange,10.459652,13.20738,-3.56578
2026/05/20 18:32:00.274,n,-2.928599,5.534761,5.178112,0.64239,OverRange,OverRange,OverRange,10.441102,13.200884,-3.548118
2026/05/20 18:33:00.275,n,-2.928599,4.262388,4.514263,0.575743,OverRange,OverRange,OverRange,10.46398,13.197642,-3.6203
2026/05/20 18:34:00.276,n,-3.025594,4.400881,4.644933,0.448154,OverRange,OverRange,OverRange,10.473888,13.194418,-3.522948
2026/05/20 18:35:00.279,n,-3.095646,4.578076,4.889254,0.54208,OverRange,OverRange,OverRange,10.488876,13.18468,-3.548374
2026/05/20 18:36:00.282,n,-2.914101,5.527982,4.666329,0.438632,OverRange,OverRange,OverRange,10.537908,13.18253,-3.600847
2026/05/20 18:37:00.266,n,-3.045737,5.334975,5.043341,0.827148,OverRange,OverRange,OverRange,10.458386,13.180364,-3.526788
2026/05/20 18:38:00.269,n,-2.773867,4.528465,4.853154,0.683513,OverRange,OverRange,OverRange,10.440334,13.16958,-3.452728
2026/05/20 18:39:00.269,n,-2.870222,5.597855,5.252846,0.600857,OverRange,OverRange,OverRange,10.419006,13.171748,-3.31826
2026/05/20 18:40:00.271,n,-2.840969,5.796417,4.794552,0.697906,OverRange,OverRange,OverRange,10.444912,13.16419,-3.345563
2026/05/20 18:41:00.273,n,-2.808894,4.193534,5.484587,0.654835,OverRange,OverRange,OverRange,10.330288,13.16958,-3.347611
2026/05/20 18:42:00.278,n,-2.878946,5.263131,5.069707,0.627877,OverRange,OverRange,OverRange,10.396382,13.1674,-3.33012
2026/05/20 18:43:00.277,n,-2.870093,4.17285,4.197378,0.248433,OverRange,OverRange,OverRange,10.437562,13.1674,-3.310581
2026/05/20 18:44:00.280,n,-3.037141,4.163356,4.37224,0.576072,OverRange,OverRange,OverRange,10.449992,13.171748,-3.470219
2026/05/20 18:45:00.281,n,-3.124771,5.447145,5.058055,0.744163,OverRange,OverRange,OverRange,10.386964,13.1674,-3.448888
2026/05/20 18:46:00.266,n,-3.066394,4.430488,4.741153,0.584459,OverRange,OverRange,OverRange,10.40477,13.16419,-3.555967
2026/05/20 18:47:00.268,n,-3.21548,5.734411,5.482169,0.617333,OverRange,OverRange,OverRange,10.418484,13.17393,-3.604686
2026/05/20 18:48:00.273,n,-3.1716,4.373534,5.084816,0.737475,OverRange,OverRange,OverRange,10.407324,13.16958,-3.68651
2026/05/20 18:49:00.274,n,-3.259615,4.410775,5.026852,0.748719,OverRange,OverRange,OverRange,10.354946,13.172822,-3.717738
2026/05/20 18:50:00.274,n,-3.373675,5.203519,5.434621,0.54248,OverRange,OverRange,OverRange,10.36791,13.168508,-3.782071
2026/05/20 18:51:00.275,n,-3.359177,5.960799,4.841555,0.842682,OverRange,OverRange,OverRange,10.37351,13.166326,-3.795637
2026/05/20 18:52:00.278,n,-3.335698,4.155472,5.456792,0.648861,OverRange,OverRange,OverRange,10.33106,13.16201,-3.785996
2026/05/20 18:53:00.281,n,-3.288739,4.146355,4.956517,0.670313,OverRange,OverRange,OverRange,10.3552,13.157726,-3.820807
2026/05/20 18:54:00.286,n,-3.26834,5.542883,4.786271,0.815915,OverRange,OverRange,OverRange,10.409612,13.151228,-3.725417
2026/05/20 18:55:00.269,n,-3.247811,4.391666,4.502608,0.564757,OverRange,OverRange,OverRange,10.411886,13.144732,-3.787702
2026/05/20 18:56:00.269,n,-3.224332,5.591728,5.189656,0.725911,OverRange,OverRange,OverRange,10.400192,13.13934,-3.69052
2026/05/20 18:57:00.271,n,-3.162748,5.07103,4.428875,0.317554,OverRange,OverRange,OverRange,10.367392,13.132842,-3.715605
2026/05/20 18:58:00.273,n,-3.212657,4.895775,5.576365,0.359511,OverRange,OverRange,OverRange,10.295996,13.130708,-3.700247
2026/05/20 18:59:00.275,n,-3.227283,4.214892,4.765826,0.706811,OverRange,OverRange,OverRange,10.317842,13.123136,-3.72755
2026/05/20 19:00:00.278,n,-3.315169,5.695168,5.278384,0.634844,OverRange,OverRange,OverRange,10.321904,13.118788,-3.76458
2026/05/20 19:01:00.263,n,-3.335569,5.833855,5.420317,0.473733,OverRange,OverRange,OverRange,10.379848,13.111248,-3.865772
2026/05/20 19:02:00.281,n,-3.280143,5.498534,5.165346,0.647524,OverRange,OverRange,OverRange,10.406302,13.103676,-3.873366
2026/05/20 19:03:00.283,n,-3.353275,5.996325,5.128986,0.814878,OverRange,OverRange,OverRange,10.34759,13.09936,-3.840346
2026/05/20 19:04:00.269,n,-3.344422,4.345026,5.141659,0.754137,OverRange,OverRange,OverRange,10.346568,13.093968,-3.961162
2026/05/20 19:05:00.271,n,-3.397153,5.681352,4.89325,0.671502,OverRange,OverRange,OverRange,10.398672,13.088578,-3.926009
2026/05/20 19:06:00.272,n,-3.356225,4.033148,4.664955,0.680069,OverRange,OverRange,OverRange,10.37936,13.079948,-3.904764
2026/05/20 19:07:00.257,n,-3.365078,5.692371,5.152838,0.729449,OverRange,OverRange,OverRange,10.41416,13.077798,-3.881215
2026/05/20 19:08:00.277,n,-3.335569,5.988824,5.060047,0.949465,OverRange,OverRange,OverRange,10.395636,13.064802,-3.861677
2026/05/20 19:09:00.262,n,-3.262566,5.743803,5.064547,0.733959,OverRange,OverRange,OverRange,10.37731,13.065878,-3.795467
2026/05/20 19:10:00.280,n,-3.259487,4.40631,4.898653,0.723907,OverRange,OverRange,OverRange,10.394868,13.056204,-3.791798
2026/05/20 19:11:00.284,n,-3.221381,5.320371,4.962284,0.691581,OverRange,OverRange,OverRange,10.438564,13.050782,-3.844271
2026/05/20 19:12:00.267,n,-3.27129,5.925351,4.964093,0.889245,OverRange,OverRange,OverRange,10.442882,13.049674,-3.815091
2026/05/20 19:13:00.272,n,-3.253713,4.115179,4.728315,0.760245,OverRange,OverRange,OverRange,10.416708,13.041042,-3.844442
2026/05/20 19:14:00.273,n,-3.069216,5.746416,5.025376,0.746376,OverRange,OverRange,OverRange,10.39359,13.037818,-3.682671
2026/05/20 19:15:00.389,n,-2.960802,4.248781,4.95417,0.675214,OverRange,OverRange,OverRange,10.435772,13.03886,-3.750843
2026/05/20 19:16:00.343,n,-3.12785,4.446921,4.730537,0.721826,OverRange,OverRange,OverRange,10.416962,13.03347,-3.770296
2026/05/20 19:17:00.262,n,-3.028288,4.485049,4.990745,0.73435,OverRange,OverRange,OverRange,10.464234,13.032396,-3.793675
2026/05/20 19:18:00.264,n,-3.136831,5.520046,5.210205,0.500991,OverRange,OverRange,OverRange,10.414958,13.034544,-3.817138
2026/05/20 19:19:00.265,n,-2.966576,3.866406,4.709548,0.757744,OverRange,OverRange,OverRange,10.425614,13.03565,-3.717653
2026/05/20 19:20:00.267,n,-3.110401,4.357885,4.581523,0.500939,OverRange,OverRange,OverRange,10.451016,13.04425,-3.684633
2026/05/20 19:21:00.269,n,-3.224589,5.76654,4.876192,0.776731,OverRange,OverRange,OverRange,10.485836,13.051824,-3.780023
2026/05/20 19:22:00.271,n,-3.189306,5.764084,4.979101,0.509019,OverRange,OverRange,OverRange,10.494986,13.052914,-3.774306
2026/05/20 19:23:00.259,n,-3.183404,5.6733,5.06309,0.585909,OverRange,OverRange,OverRange,10.501846,13.063712,-3.787873
2026/05/20 19:24:00.258,n,-3.168521,4.14936,5.032045,0.815608,OverRange,OverRange,OverRange,10.490662,13.063712,-3.853998
2026/05/20 19:25:00.262,n,-3.16865,4.617848,4.956509,0.755986,OverRange,OverRange,OverRange,10.473384,13.06915,-3.780023
2026/05/20 19:26:00.262,n,-3.177759,4.309147,4.750325,0.726649,OverRange,OverRange,OverRange,10.498536,13.070194,-3.787787
2026/05/20 19:27:00.265,n,-3.195208,4.594019,4.53984,0.492017,OverRange,OverRange,OverRange,10.529796,13.075616,-3.783948
2026/05/20 19:28:00.266,n,-3.198031,5.299924,5.10072,0.664322,OverRange,OverRange,OverRange,10.507426,13.07884,-3.752806
2026/05/20 19:29:00.269,n,-3.206883,4.286181,5.019954,0.593118,OverRange,OverRange,OverRange,10.482286,13.074556,-3.836506
2026/05/20 19:30:00.270,n,-3.206883,5.48998,5.321051,0.399512,OverRange,OverRange,OverRange,10.495234,13.074556,-3.776098
2026/05/20 19:31:00.272,n,-3.078197,4.027578,4.691771,0.642098,OverRange,OverRange,OverRange,10.480734,13.072374,-3.748795
2026/05/20 19:32:00.258,n,-3.14825,5.424149,4.900373,0.435175,OverRange,OverRange,OverRange,10.500566,13.072374,-3.688558
2026/05/20 19:33:00.261,n,-3.19508,4.971452,5.056172,0.519983,OverRange,OverRange,OverRange,10.45686,13.076658,-3.706049
2026/05/20 19:34:00.261,n,-3.10142,4.669717,5.132342,0.454658,OverRange,OverRange,OverRange,10.481506,13.06915,-3.723455
2026/05/20 19:35:00.265,n,-3.163004,4.919259,5.245915,0.453172,OverRange,OverRange,OverRange,10.473378,13.068026,-3.770296
2026/05/20 19:36:00.267,n,-3.095518,4.307478,4.917777,0.627993,OverRange,OverRange,OverRange,10.503602,13.06915,-3.688473
2026/05/20 19:37:00.267,n,-3.078197,5.922352,5.195925,0.784874,OverRange,OverRange,OverRange,10.517834,13.071268,-3.709889
2026/05/20 19:38:00.269,n,-3.083843,5.502351,5.14085,0.834377,OverRange,OverRange,OverRange,10.501568,13.065878,-3.748966
2026/05/20 19:39:00.273,n,-3.001987,4.132602,4.936092,0.733658,OverRange,OverRange,OverRange,10.523158,13.065878,-3.760655
2026/05/20 19:40:00.257,n,-3.069345,4.942024,5.08295,0.644938,OverRange,OverRange,OverRange,10.590734,13.087016,-3.717823
2026/05/20 19:41:00.260,n,-2.849693,4.538387,4.964006,0.472333,OverRange,OverRange,OverRange,10.559774,13.080518,-3.530883
2026/05/20 19:42:00.261,n,-2.823263,4.084441,4.531591,0.449482,OverRange,OverRange,OverRange,10.57983,13.076234,-3.513136
2026/05/20 19:43:00.263,n,-2.677,4.595909,4.881792,0.376527,OverRange,OverRange,OverRange,10.589996,13.074052,-3.365188
2026/05/20 19:44:00.266,n,-2.668147,3.962177,4.404336,0.565607,OverRange,OverRange,OverRange,10.618958,13.07731,-3.260241
2026/05/20 19:45:00.266,n,-2.820184,5.531945,4.714867,0.545548,OverRange,OverRange,OverRange,10.520894,13.075128,-3.145227
2026/05/20 19:46:00.269,n,-2.589242,5.90356,5.211172,0.686043,OverRange,OverRange,OverRange,10.460678,13.074052,-3.049667
2026/05/20 19:47:00.271,n,-2.662246,6.043121,5.26889,0.572849,OverRange,OverRange,OverRange,10.480246,13.075128,-3.076799
2026/05/20 19:48:00.273,n,-2.615544,5.324248,4.929247,0.75517,OverRange,OverRange,OverRange,10.444922,13.064314,-2.985504
2026/05/20 19:49:00.257,n,-2.603869,4.430911,5.030486,0.58644,OverRange,OverRange,OverRange,10.350896,13.064314,-2.946427
2026/05/20 19:50:00.263,n,-2.627476,4.328596,5.094028,0.605053,OverRange,OverRange,OverRange,10.299058,13.058924,-2.948304
2026/05/20 19:51:00.262,n,-2.551265,4.785695,5.089012,0.503209,OverRange,OverRange,OverRange,10.151272,13.057882,-2.888152
2026/05/20 19:52:00.264,n,-2.639151,4.590079,4.922837,0.675151,OverRange,OverRange,OverRange,10.043428,13.050324,-2.850952
2026/05/20 19:53:00.266,n,-2.635944,4.467448,4.33433,0.113852,OverRange,OverRange,OverRange,10.037054,13.038372,-2.810082
2026/05/20 19:54:00.269,n,-2.568714,4.612715,5.074643,0.717303,OverRange,OverRange,OverRange,10.072932,13.03194,-3.008797
2026/05/20 19:55:00.272,n,-2.680079,5.400703,4.982604,0.603502,OverRange,OverRange,OverRange,10.034256,13.029758,-2.962041
2026/05/20 19:56:00.277,n,-2.553959,5.541042,4.806505,0.549194,OverRange,OverRange,OverRange,9.894012,13.02541,-2.880217
2026/05/20 19:57:00.277,n,-2.738328,4.718563,4.543079,0.432224,OverRange,OverRange,OverRange,9.93245,13.022202,-3.000948
2026/05/20 19:58:00.258,n,-2.665325,5.331506,5.137483,0.600288,OverRange,OverRange,OverRange,9.905716,13.011388,-2.831498
2026/05/20 19:59:00.261,n,-2.551137,5.189846,5.145711,0.562172,OverRange,OverRange,OverRange,9.859894,13.009238,-2.938748
2026/05/20 20:00:00.262,n,-2.688932,5.880709,5.320523,0.651817,OverRange,OverRange,OverRange,9.870606,13.007056,-3.012722
2026/05/20 20:01:00.264,n,-2.60374,4.530729,4.991748,0.647743,OverRange,OverRange,OverRange,9.874914,13.007056,-3.281657
2026/05/20 20:02:00.268,n,-2.738328,5.703447,5.179302,0.542333,OverRange,OverRange,OverRange,9.78325,12.998458,-3.223126
2026/05/20 20:03:00.337,n,-2.630042,5.6388,5.267901,0.593027,OverRange,OverRange,OverRange,9.765942,12.98976,-3.260156
2026/05/20 20:04:00.272,n,-2.714977,5.430918,5.022158,0.625339,OverRange,OverRange,OverRange,9.733094,12.973526,-3.367065
2026/05/20 20:05:00.272,n,-2.700479,6.152469,5.551356,0.593298,OverRange,OverRange,OverRange,9.694876,12.964912,-3.374914
2026/05/20 20:06:00.275,n,-2.662246,4.096391,4.5059,0.250756,OverRange,OverRange,OverRange,9.719336,12.949864,-3.417746
2026/05/20 20:07:00.260,n,-2.79709,4.46482,5.183632,0.63081,OverRange,OverRange,OverRange,9.69489,12.938076,-3.452813
2026/05/20 20:08:00.261,n,-2.835067,4.537795,4.944491,0.363655,OverRange,OverRange,OverRange,9.678314,12.926316,-3.587195
2026/05/20 20:09:00.265,n,-2.952078,4.047021,4.847977,0.814187,OverRange,OverRange,OverRange,9.675518,12.911272,-3.667057
2026/05/20 20:10:00.266,n,-2.940274,5.690931,4.959872,0.5705,OverRange,OverRange,OverRange,9.664556,12.90049,-3.733353
2026/05/20 20:11:00.268,n,-2.837761,4.095917,5.057639,0.704889,OverRange,OverRange,OverRange,9.722642,12.885444,-3.871574
2026/05/20 20:12:00.269,n,-2.905504,4.80815,5.342731,0.606728,OverRange,OverRange,OverRange,9.659734,12.876846,-4.013806
2026/05/20 20:13:00.272,n,-2.764886,4.524773,4.620969,0.483145,OverRange,OverRange,OverRange,9.787338,12.868298,-4.093668
2026/05/20 20:14:00.276,n,-2.923082,5.61145,4.994784,0.60195,OverRange,OverRange,OverRange,9.908788,12.855366,-4.115254
2026/05/20 20:15:00.277,n,-2.697528,4.540948,5.25512,0.654359,OverRange,OverRange,OverRange,9.977016,12.84786,-4.136584
2026/05/20 20:16:00.261,n,-2.782463,4.495336,5.009125,0.684742,OverRange,OverRange,OverRange,10.024078,12.843544,-4.111414
2026/05/20 20:17:00.265,n,-2.794267,5.595497,4.849674,0.573008,OverRange,OverRange,OverRange,9.944682,12.83283,-4.072336
2026/05/20 20:18:00.265,n,-2.820312,4.773277,5.251464,0.487537,OverRange,OverRange,OverRange,9.98872,12.833904,-4.039317
2026/05/20 20:19:00.267,n,-2.767581,3.925662,4.393606,0.251618,OverRange,OverRange,OverRange,10.091248,12.828498,-4.027372
2026/05/20 20:20:00.270,n,-2.838146,4.612559,4.978357,0.480742,OverRange,OverRange,OverRange,10.018744,12.82529,-3.871659
2026/05/20 20:21:00.271,n,-2.864576,5.585969,5.450764,0.169893,OverRange,OverRange,OverRange,10.00729,12.817782,-3.897
2026/05/20 20:22:00.273,n,-2.738585,5.759506,5.663545,0.449938,OverRange,OverRange,OverRange,9.960974,12.808078,-3.86398
2026/05/20 20:23:00.275,n,-2.817618,4.361428,4.693089,0.644036,OverRange,OverRange,OverRange,9.96071,12.804886,-3.873622
2026/05/20 20:24:00.277,n,-2.946304,4.500656,4.352609,0.12746,OverRange,OverRange,OverRange,10.023326,12.798422,-3.721492
2026/05/20 20:25:00.262,n,-2.931549,4.693392,5.267473,0.553208,OverRange,OverRange,OverRange,10.008052,12.801646,-3.852121
2026/05/20 20:26:00.264,n,-2.846871,4.419327,4.912344,0.610101,OverRange,OverRange,OverRange,10.024064,12.793032,-3.803402
2026/05/20 20:27:00.266,n,-2.881769,4.49908,4.788053,0.647319,OverRange,OverRange,OverRange,10.014166,12.78878,-3.752891
2026/05/20 20:28:00.268,n,-2.878946,5.029861,5.019283,0.707482,OverRange,OverRange,OverRange,10.000418,12.781242,-3.633952
2026/05/20 20:29:00.270,n,-2.963881,4.514823,4.967114,0.590237,OverRange,OverRange,OverRange,10.082342,12.77906,-3.805449
2026/05/20 20:30:00.273,n,-2.916795,4.602939,5.05761,0.485288,OverRange,OverRange,OverRange,10.108552,12.780136,-3.782156
2026/05/20 20:31:00.277,n,-2.996085,4.33445,4.678712,0.601271,OverRange,OverRange,OverRange,9.99404,12.778018,-3.754768
2026/05/20 20:32:00.276,n,-2.987232,5.427753,5.000105,0.612938,OverRange,OverRange,OverRange,10.002458,12.780136,-3.612536
2026/05/20 20:33:00.277,n,-3.087178,4.346276,4.986896,0.603277,OverRange,OverRange,OverRange,9.998108,12.781242,-3.824903
2026/05/20 20:34:00.264,n,-3.306188,4.261205,4.925576,0.682913,OverRange,OverRange,OverRange,10.023576,12.78339,-3.797685
2026/05/20 20:35:00.267,n,-3.376754,3.882562,4.836393,0.700618,OverRange,OverRange,OverRange,9.9864,12.781242,-3.791713
2026/05/20 20:36:00.267,n,-3.534564,5.54474,4.719311,0.674568,OverRange,OverRange,OverRange,9.902182,12.784452,-3.844441
2026/05/20 20:37:00.273,n,-3.710465,3.918806,4.560529,0.763234,OverRange,OverRange,OverRange,9.862686,12.78339,-3.801525
2026/05/20 20:38:00.275,n,-3.660684,5.740556,5.15494,0.712764,OverRange,OverRange,OverRange,9.927358,12.77157,-3.930105
2026/05/20 20:39:00.274,n,-3.704563,4.47523,5.132894,0.680953,OverRange,OverRange,OverRange,9.945944,12.768346,-4.017901
2026/05/20 20:40:00.276,n,-3.859935,5.843974,5.364082,0.709866,OverRange,OverRange,OverRange,9.901652,12.7576,-4.192982
2026/05/20 20:41:00.278,n,-3.988493,4.897349,4.979657,0.661406,OverRange,OverRange,OverRange,9.829876,12.746836,-4.238032
2026/05/20 20:42:00.281,n,-4.038145,5.685005,5.023827,0.751279,OverRange,OverRange,OverRange,9.7998,12.732846,-4.372329
2026/05/20 20:43:00.265,n,-4.064575,6.099702,5.069033,0.759625,OverRange,OverRange,OverRange,9.82399,12.71676,-4.386151
2026/05/20 20:44:00.266,n,-3.994394,5.646992,4.951135,0.65462,OverRange,OverRange,OverRange,9.798794,12.703832,-4.325658
2026/05/20 20:45:00.269,n,-3.897912,5.70107,4.829061,0.677639,OverRange,OverRange,OverRange,9.843608,12.693116,-4.315931
2026/05/20 20:46:00.270,n,-4.055979,4.401169,4.798593,0.693018,OverRange,OverRange,OverRange,9.833176,12.676978,-4.440587
2026/05/20 20:47:00.273,n,-4.047255,4.264112,5.43025,0.607564,OverRange,OverRange,OverRange,9.766444,12.66729,-4.43086
2026/05/20 20:48:00.278,n,-4.178892,4.212652,4.842432,0.661726,OverRange,OverRange,OverRange,9.70429,12.649036,-4.487429
2026/05/20 20:49:00.277,n,-4.380837,4.296673,4.818115,0.680486,OverRange,OverRange,OverRange,9.73589,12.62751,-4.538111
2026/05/20 20:50:00.281,n,-4.501055,5.547224,5.339168,0.383955,OverRange,OverRange,OverRange,9.738684,12.609224,-4.616094
2026/05/20 20:51:00.280,n,-4.363131,5.420588,5.363444,0.525146,OverRange,OverRange,OverRange,9.781994,12.599538,-4.701758
2026/05/20 20:52:00.268,n,-4.442165,5.42836,5.51416,0.0731,OverRange,OverRange,OverRange,9.772558,12.581284,-4.672663
2026/05/20 20:53:00.269,n,-4.430489,5.511915,5.480739,0.222176,OverRange,OverRange,OverRange,9.763646,12.557576,-4.78179
2026/05/20 20:54:00.272,n,-4.378015,5.272864,5.275553,0.401334,OverRange,OverRange,OverRange,9.733586,12.55541,-4.878971
2026/05/20 20:55:00.272,n,-4.129496,5.472729,5.340082,0.4709,OverRange,OverRange,OverRange,9.740514,12.536016,-4.604576
2026/05/20 20:56:00.273,n,-4.056236,4.147003,5.054688,0.667667,OverRange,OverRange,OverRange,9.754786,12.52633,-4.661145
2026/05/20 20:57:00.276,n,-4.032885,4.663175,5.351729,0.662869,OverRange,OverRange,OverRange,9.715058,12.504836,-4.678635
2026/05/20 20:58:00.278,n,-4.076636,4.294094,4.8158,0.719594,OverRange,OverRange,OverRange,9.75173,12.493014,-4.600652
2026/05/20 20:59:00.279,n,-4.079587,4.481653,4.997514,0.556966,OverRange,OverRange,OverRange,9.761658,12.475804,-4.690239
2026/05/20 21:00:00.285,n,-4.120643,5.922118,5.09242,0.680908,OverRange,OverRange,OverRange,9.7237,12.45858,-4.50893
2026/05/20 21:01:00.266,n,-3.982976,4.639817,5.286297,0.588344,OverRange,OverRange,OverRange,9.698756,12.449948,-4.711741
2026/05/20 21:02:00.269,n,-3.87469,4.438689,4.887531,0.692996,OverRange,OverRange,OverRange,9.737198,12.434872,-4.552103
2026/05/20 21:03:00.288,n,-3.798351,5.693032,5.123222,0.797847,OverRange,OverRange,OverRange,9.769048,12.418736,-4.511148
2026/05/20 21:04:00.443,n,-3.766276,5.583811,5.113725,0.6984,OverRange,OverRange,OverRange,9.742804,12.41763,-4.433164
2026/05/20 21:05:00.277,n,-3.798351,5.402331,5.348204,0.524431,OverRange,OverRange,OverRange,9.64005,12.404734,-4.405775
2026/05/20 21:06:00.276,n,-3.845309,5.866662,5.691916,0.104568,OverRange,OverRange,OverRange,9.669496,12.39288,-4.388284
2026/05/20 21:07:00.279,n,-3.883414,5.812995,4.988308,0.718964,OverRange,OverRange,OverRange,9.721432,12.382102,-4.563621
2026/05/20 21:08:00.281,n,-3.883286,5.20127,5.158261,0.683509,OverRange,OverRange,OverRange,9.759884,12.375704,-4.530431
2026/05/20 21:09:00.284,n,-4.19108,5.69802,5.574585,0.065224,OverRange,OverRange,OverRange,9.753494,12.378926,-4.565669
2026/05/20 21:10:00.269,n,-4.155669,4.341295,4.963286,0.45453,OverRange,OverRange,OverRange,9.696946,12.364924,-4.68256
2026/05/20 21:11:00.270,n,-4.170424,5.675384,4.616082,0.523239,OverRange,OverRange,OverRange,9.743074,12.356278,-4.540243
2026/05/20 21:12:00.273,n,-4.322717,4.151835,4.778567,0.762718,OverRange,OverRange,OverRange,9.717586,12.35307,-4.696212
2026/05/20 21:13:00.275,n,-4.343117,5.549862,5.092129,0.645461,OverRange,OverRange,OverRange,9.727026,12.345502,-4.758497
2026/05/20 21:14:00.276,n,-4.360695,4.539467,5.217022,0.620494,OverRange,OverRange,OverRange,9.676846,12.336936,-4.731194
2026/05/20 21:15:00.279,n,-4.40483,4.295264,5.05899,0.713342,OverRange,OverRange,OverRange,9.634908,12.325082,-4.735289
2026/05/20 21:16:00.280,n,-4.586376,4.760173,5.018485,0.612579,OverRange,OverRange,OverRange,9.66009,12.31323,-4.883323
2026/05/20 21:17:00.282,n,-4.530436,5.37726,4.960564,0.351502,OverRange,OverRange,OverRange,9.736938,12.30784,-4.861822
2026/05/20 21:18:00.285,n,-4.463207,4.583624,4.770265,0.437053,OverRange,OverRange,OverRange,9.724208,12.29488,-4.969072
2026/05/20 21:19:00.270,n,-4.457433,4.867933,5.104194,0.412423,OverRange,OverRange,OverRange,9.726502,12.28306,-4.928118
2026/05/20 21:20:00.271,n,-4.346196,4.762038,5.204278,0.491561,OverRange,OverRange,OverRange,9.663132,12.269058,-4.910712
2026/05/20 21:21:00.257,n,-4.17902,5.452777,5.37829,0.480281,OverRange,OverRange,OverRange,9.673268,12.263668,-4.813273
2026/05/20 21:22:00.259,n,-4.050462,5.552737,4.996387,0.727945,OverRange,OverRange,OverRange,9.70129,12.25828,-4.793649
2026/05/20 21:23:00.260,n,-3.96232,4.47569,4.7599,0.560413,OverRange,OverRange,OverRange,9.694656,12.249666,-4.69442
2026/05/20 21:24:00.263,n,-4.09447,5.356175,4.787613,0.612103,OverRange,OverRange,OverRange,9.69926,12.243236,-4.65722
2026/05/20 21:25:00.266,n,-3.900864,4.523206,5.007416,0.554178,OverRange,OverRange,OverRange,9.80215,12.235682,-4.64553
2026/05/20 21:26:00.266,n,-4.030063,4.62724,4.967972,0.544066,OverRange,OverRange,OverRange,9.80595,12.234606,-4.598774
2026/05/20 21:27:00.268,n,-4.06804,5.721394,5.364766,0.432787,OverRange,OverRange,OverRange,9.784318,12.224904,-4.670786
2026/05/20 21:28:00.272,n,-4.15862,3.899051,4.64707,0.690368,OverRange,OverRange,OverRange,9.700526,12.21629,-4.698088
2026/05/20 21:29:00.256,n,-4.07407,5.579175,5.341185,0.273622,OverRange,OverRange,OverRange,9.76267,12.209826,-4.733071
2026/05/20 21:30:00.258,n,-4.062138,6.091831,5.621081,0.245013,OverRange,OverRange,OverRange,9.765484,12.208786,-4.672663
2026/05/20 21:31:00.260,n,-3.845309,4.889502,5.270635,0.571091,OverRange,OverRange,OverRange,9.743576,12.20229,-4.700136
2026/05/20 21:32:00.262,n,-3.892011,5.520548,4.890962,0.677428,OverRange,OverRange,OverRange,9.717072,12.195826,-4.705938
2026/05/20 21:33:00.264,n,-3.839536,5.527642,5.412723,0.41692,OverRange,OverRange,OverRange,9.741018,12.197942,-4.548007
2026/05/20 21:34:00.266,n,-3.766147,5.537988,5.065205,0.65668,OverRange,OverRange,OverRange,9.787872,12.189362,-4.524714
2026/05/20 21:35:00.268,n,-3.766404,4.394242,4.794424,0.645426,OverRange,OverRange,OverRange,9.795792,12.183942,-4.425315
2026/05/20 21:36:00.270,n,-3.751392,4.274329,5.003769,0.742642,OverRange,OverRange,OverRange,9.74765,12.183942,-4.362859
2026/05/20 21:37:00.273,n,-3.795656,4.989139,4.999869,0.655154,OverRange,OverRange,OverRange,9.702816,12.21305,-4.345197
2026/05/20 21:38:00.257,n,-3.561379,4.723901,4.832228,0.597753,OverRange,OverRange,OverRange,9.774038,12.21087,-4.244175
2026/05/20 21:39:00.260,n,-3.508647,5.56306,5.056137,0.702574,OverRange,OverRange,OverRange,9.788824,12.21305,-4.158342
2026/05/20 21:40:00.261,n,-3.412165,4.619504,5.343857,0.471399,OverRange,OverRange,OverRange,9.809692,12.204408,-4.168324
2026/05/20 21:41:00.263,n,-3.596661,5.676421,5.602764,0.399279,OverRange,OverRange,OverRange,9.7529,12.206554,-4.240336
2026/05/20 21:42:00.265,n,-3.678646,5.510832,5.631785,0.079749,OverRange,OverRange,OverRange,9.724614,12.207646,-4.257827
2026/05/20 21:43:00.267,n,-3.883543,5.640719,4.525565,0.555527,OverRange,OverRange,OverRange,9.69865,12.205448,-4.376681
2026/05/20 21:44:00.269,n,-3.886494,4.36509,4.736326,0.738701,OverRange,OverRange,OverRange,9.72997,12.205448,-4.363029
2026/05/20 21:45:00.270,n,-3.971429,4.293247,5.066513,0.813729,OverRange,OverRange,OverRange,9.776332,12.2012,-4.409871
2026/05/20 21:46:00.258,n,-4.02121,4.51433,4.751728,0.668973,OverRange,OverRange,OverRange,9.782196,12.209796,-4.534697
2026/05/20 21:47:00.259,n,-4.19108,4.686257,4.978699,0.544103,OverRange,OverRange,OverRange,9.707562,12.21305,-4.628296
2026/05/20 21:48:00.261,n,-4.038787,4.481187,4.985677,0.737783,OverRange,OverRange,OverRange,9.735058,12.21844,-4.550226
2026/05/20 21:49:00.266,n,-3.880592,5.418781,5.225151,0.575668,OverRange,OverRange,OverRange,9.731772,12.215184,-4.528639
2026/05/20 21:50:00.265,n,-3.687242,5.540794,5.004553,0.605766,OverRange,OverRange,OverRange,9.781178,12.21411,-4.458504
2026/05/20 21:51:00.267,n,-3.467719,4.52173,4.900155,0.646446,OverRange,OverRange,OverRange,9.79747,12.21629,-4.388369
2026/05/20 21:52:00.268,n,-3.535077,4.438685,5.079359,0.739772,OverRange,OverRange,OverRange,9.772264,12.219498,-4.265677
2026/05/20 21:53:00.270,n,-3.447319,4.076933,4.746889,0.673386,OverRange,OverRange,OverRange,9.760304,12.225962,-4.15655
2026/05/20 21:54:00.271,n,-3.616805,5.559588,5.268069,0.493893,OverRange,OverRange,OverRange,9.76386,12.221614,-4.154587
2026/05/20 21:55:00.257,n,-3.570104,4.280186,5.021383,0.632101,OverRange,OverRange,OverRange,9.747294,12.217334,-4.242213
2026/05/20 21:56:00.259,n,-3.865966,4.087678,4.607306,0.615866,OverRange,OverRange,OverRange,9.716722,12.21629,-4.150748
2026/05/20 21:57:00.261,n,-4.056364,5.520849,5.37073,0.173087,OverRange,OverRange,OverRange,9.697144,12.211944,-4.32216
2026/05/20 21:58:00.265,n,-3.968478,4.355855,5.212661,0.628596,OverRange,OverRange,OverRange,9.653488,12.202224,-4.361237
2026/05/20 21:59:00.265,n,-4.141171,4.435918,5.230579,0.65504,OverRange,OverRange,OverRange,9.675772,12.197942,-4.324122
2026/05/20 22:00:00.270,n,-4.21148,5.359556,4.720161,0.553126,OverRange,OverRange,OverRange,9.678828,12.188238,-4.489818
2026/05/20 22:01:00.269,n,-4.252665,4.404473,4.709181,0.454275,OverRange,OverRange,OverRange,9.608908,12.176386,-4.499544
2026/05/20 22:02:00.271,n,-4.390203,5.454606,5.405119,0.523857,OverRange,OverRange,OverRange,9.656282,12.1667,-4.579406
2026/05/20 22:03:00.273,n,-4.489765,4.726272,4.977767,0.603029,OverRange,OverRange,OverRange,9.70426,12.151574,-4.694335
2026/05/20 22:04:00.259,n,-4.62153,5.639037,5.225215,0.479607,OverRange,OverRange,OverRange,9.677826,12.147324,-4.799793
2026/05/20 22:05:00.260,n,-4.586376,5.063799,4.788037,0.457425,OverRange,OverRange,OverRange,9.652222,12.132218,-4.735375
2026/05/20 22:06:00.262,n,-4.627432,4.628975,5.374594,0.6195,OverRange,OverRange,OverRange,9.603848,12.119272,-4.883494
2026/05/20 22:07:00.267,n,-4.800125,4.605384,4.19861,0.243998,OverRange,OverRange,OverRange,9.568136,12.102,-4.807472
2026/05/20 22:08:00.267,n,-4.773695,4.456971,4.821349,0.717118,OverRange,OverRange,OverRange,9.57928,12.089072,-4.924448
2026/05/20 22:09:00.269,n,-4.627432,4.856708,4.873321,0.610381,OverRange,OverRange,OverRange,9.579768,12.072906,-4.89706
2026/05/20 22:10:00.271,n,-4.674134,4.32842,4.408413,0.159975,OverRange,OverRange,OverRange,9.543284,12.062112,-4.891258
2026/05/20 22:11:00.272,n,-4.782676,5.187607,4.617264,0.561466,OverRange,OverRange,OverRange,9.570654,12.048128,-4.96728
2026/05/20 22:12:00.274,n,-4.940487,4.276116,4.630847,0.561392,OverRange,OverRange,OverRange,9.446728,12.035168,-5.093898
2026/05/20 22:13:00.261,n,-4.934841,5.303152,5.098485,0.735706,OverRange,OverRange,OverRange,9.404902,12.017926,-5.175807
2026/05/20 22:14:00.262,n,-4.873385,4.351677,4.668898,0.779807,OverRange,OverRange,OverRange,9.48756,12.00497,-5.171882
2026/05/20 22:15:00.265,n,-4.832457,6.048208,4.572584,0.733141,OverRange,OverRange,OverRange,9.490606,11.995234,-5.160364
2026/05/20 22:16:00.266,n,-4.650655,5.736663,5.635751,0.302874,OverRange,OverRange,OverRange,9.495148,11.973678,-5.248074
2026/05/20 22:17:00.268,n,-4.682858,5.392336,4.711313,0.673071,OverRange,OverRange,OverRange,9.571406,11.96396,-5.244065
2026/05/20 22:18:00.271,n,-4.594972,5.495142,5.325529,0.558599,OverRange,OverRange,OverRange,9.57016,11.952108,-5.152429
2026/05/20 22:19:00.273,n,-4.563025,5.548034,5.230977,0.692498,OverRange,OverRange,OverRange,9.541266,11.94348,-5.109682
2026/05/20 22:20:00.273,n,-4.495539,4.081408,4.440379,0.369485,OverRange,OverRange,OverRange,9.513896,11.939164,-4.945779
2026/05/20 22:21:00.276,n,-4.536467,5.895764,5.067742,0.658919,OverRange,OverRange,OverRange,9.5509,11.939164,-4.938185
2026/05/20 22:22:00.262,n,-4.562897,5.514796,4.548743,0.476823,OverRange,OverRange,OverRange,9.570912,11.934868,-4.961478
2026/05/20 22:23:00.263,n,-4.735718,5.146295,4.805485,0.627468,OverRange,OverRange,OverRange,9.51795,11.9327,-4.947656
2026/05/20 22:24:00.264,n,-4.78242,4.559533,4.600369,0.425263,OverRange,OverRange,OverRange,9.495148,11.931628,-4.953628
2026/05/20 22:25:00.266,n,-4.996426,4.030642,4.697213,0.614514,OverRange,OverRange,OverRange,9.44725,11.925132,-5.053114
2026/05/20 22:26:00.268,n,-4.946388,5.593833,5.139681,0.714177,OverRange,OverRange,OverRange,9.477158,11.925132,-5.177769
2026/05/20 22:27:00.271,n,-5.014003,5.627318,5.636833,0.179704,OverRange,OverRange,OverRange,9.492864,11.914354,-5.218809
2026/05/20 22:28:00.272,n,-4.975898,4.385309,4.979702,0.654623,OverRange,OverRange,OverRange,9.536718,11.907892,-5.283142
2026/05/20 22:29:00.275,n,-5.05801,4.406591,4.764484,0.621509,OverRange,OverRange,OverRange,9.486028,11.904652,-5.333824
2026/05/20 22:30:00.276,n,-4.975898,4.511676,4.738673,0.746597,OverRange,OverRange,OverRange,9.445226,11.891694,-5.38459
2026/05/20 22:31:00.262,n,-4.970124,4.316928,4.561293,0.681905,OverRange,OverRange,OverRange,9.421926,11.883064,-5.287067
2026/05/20 22:32:00.266,n,-4.844004,4.362448,4.640955,0.515018,OverRange,OverRange,OverRange,9.412512,11.870108,-5.14074
2026/05/20 22:33:00.265,n,-4.788322,4.444134,5.143396,0.564001,OverRange,OverRange,OverRange,9.464996,11.865792,-5.181694
2026/05/20 22:34:00.267,n,-4.759069,5.528962,4.860039,0.787528,OverRange,OverRange,OverRange,9.489304,11.858256,-5.142702
2026/05/20 22:35:00.271,n,-4.729816,5.592383,4.759742,0.597899,OverRange,OverRange,OverRange,9.516704,11.851792,-5.144494
2026/05/20 22:36:00.272,n,-4.662458,4.928425,5.356674,0.616463,OverRange,OverRange,OverRange,9.544064,11.846372,-5.093983
2026/05/20 22:37:00.274,n,-4.64193,5.637508,5.530575,0.490989,OverRange,OverRange,OverRange,9.548874,11.834518,-5.13289
2026/05/20 22:38:00.275,n,-4.761892,5.813463,5.29789,0.511534,OverRange,OverRange,OverRange,9.521774,11.830174,-5.17393
2026/05/20 22:39:00.277,n,-4.741492,5.605016,5.017786,0.58148,OverRange,OverRange,OverRange,9.496674,11.822636,-5.193383
2026/05/20 22:40:00.263,n,-4.662458,4.673383,5.276155,0.575153,OverRange,OverRange,OverRange,9.566102,11.8151,-5.247905
2026/05/20 22:41:00.265,n,-4.66836,5.745518,5.536837,0.61221,OverRange,OverRange,OverRange,9.565846,11.809678,-5.1369
2026/05/20 22:42:00.266,n,-4.700435,5.119078,5.013905,0.537589,OverRange,OverRange,OverRange,9.51973,11.798902,-5.181609
2026/05/20 22:43:00.270,n,-4.586247,5.056968,5.379749,0.53448,OverRange,OverRange,OverRange,9.470312,11.79781,-5.282971
2026/05/20 22:44:00.271,n,-4.518889,4.50528,4.734798,0.68718,OverRange,OverRange,OverRange,9.537206,11.792388,-5.191592
2026/05/20 22:45:00.272,n,-4.346324,4.262632,5.001107,0.690879,OverRange,OverRange,OverRange,9.579524,11.800676,-5.113436
2026/05/20 22:46:00.274,n,-4.094341,5.461738,4.584828,0.709435,OverRange,OverRange,OverRange,9.623816,11.79532,-4.770442
2026/05/20 22:47:00.277,n,-4.018002,4.448665,5.183066,0.617059,OverRange,OverRange,OverRange,9.632416,11.790974,-4.811311
2026/05/20 22:48:00.279,n,-4.029934,5.694433,5.635115,0.096888,OverRange,OverRange,OverRange,9.648886,11.79532,-4.782131
2026/05/20 22:49:00.265,n,-3.918697,4.487998,4.680794,0.46941,OverRange,OverRange,OverRange,9.756684,11.790974,-4.772404
2026/05/20 22:50:00.265,n,-3.953467,4.558911,4.91308,0.404715,OverRange,OverRange,OverRange,9.725408,11.794246,-4.610548
2026/05/20 22:51:00.267,n,-3.950773,5.499839,4.682482,0.69466,OverRange,OverRange,OverRange,9.694988,11.788824,-4.468231
2026/05/20 22:52:00.270,n,-3.599099,5.578231,4.999424,0.728379,OverRange,OverRange,OverRange,9.602768,11.790974,-4.468231
2026/05/20 22:53:00.272,n,-3.540723,5.620455,5.174929,0.584689,OverRange,OverRange,OverRange,9.57695,11.79532,-4.440928
2026/05/20 22:54:00.324,n,-3.403184,5.356836,5.037686,0.605123,OverRange,OverRange,OverRange,9.669896,11.797468,-4.466354
2026/05/20 22:55:00.463,n,-3.203932,4.626913,5.111423,0.474734,OverRange,OverRange,OverRange,9.646602,11.806096,-4.407823
2026/05/20 22:56:00.278,n,-3.244989,5.68379,5.167504,0.673245,OverRange,OverRange,OverRange,9.611404,11.811484,-4.285301
2026/05/20 22:57:00.363,n,-3.186484,5.550302,4.938674,0.615911,OverRange,OverRange,OverRange,9.678274,11.823338,-4.19759
2026/05/20 22:58:00.264,n,-3.286045,5.758432,4.978148,0.634847,OverRange,OverRange,OverRange,9.682332,11.83737,-4.170201
2026/05/20 22:59:00.269,n,-3.274241,5.730299,4.997174,0.602001,OverRange,OverRange,OverRange,9.648128,11.851922,-4.187692
2026/05/20 23:00:00.268,n,-3.344679,4.316148,4.887526,0.801636,OverRange,OverRange,OverRange,9.656758,11.861626,-4.193665
2026/05/20 23:01:00.271,n,-3.301056,5.797005,5.189922,0.667962,OverRange,OverRange,OverRange,9.668152,11.875642,-4.265933
2026/05/20 23:02:00.272,n,-3.330052,5.361626,4.839011,0.645629,OverRange,OverRange,OverRange,9.660828,11.886436,-4.25996
2026/05/20 23:03:00.274,n,-3.207268,4.529828,4.325601,0.262298,OverRange,OverRange,OverRange,9.626878,11.896136,-4.232827
2026/05/20 23:04:00.276,n,-3.209963,4.490462,4.421973,0.11947,OverRange,OverRange,OverRange,9.691956,11.903692,-4.183938
2026/05/20 23:05:00.280,n,-3.218687,4.275701,4.367129,0.296376,OverRange,OverRange,OverRange,9.722676,11.914452,-4.076773
2026/05/20 23:06:00.280,n,-3.221638,5.505432,4.838031,0.630953,OverRange,OverRange,OverRange,9.719616,11.920966,-4.031894
2026/05/20 23:07:00.267,n,-3.250891,6.003786,5.03022,0.84796,OverRange,OverRange,OverRange,9.799342,11.937114,-4.125578
2026/05/20 23:08:00.267,n,-3.095903,4.668853,5.443027,0.392286,OverRange,OverRange,OverRange,9.766232,11.94146,-4.16841
2026/05/20 23:09:00.271,n,-3.101676,5.500222,5.103951,0.741622,OverRange,OverRange,OverRange,9.731828,11.946848,-4.088548
2026/05/20 23:10:00.272,n,-3.128106,5.520828,4.935233,0.620469,OverRange,OverRange,OverRange,9.749684,11.954386,-4.043498
2026/05/20 23:11:00.273,n,-2.952591,5.759284,5.715102,0.18802,OverRange,OverRange,OverRange,9.819718,11.963016,-4.047337
2026/05/20 23:12:00.275,n,-2.782848,5.646953,5.703058,0.59392,OverRange,OverRange,OverRange,9.86403,11.978122,-4.067132
2026/05/20 23:13:00.277,n,-2.882153,5.761559,4.868687,0.73849,OverRange,OverRange,OverRange,9.792212,11.98247,-3.897512
2026/05/20 23:14:00.280,n,-2.879203,5.719892,5.067917,0.632125,OverRange,OverRange,OverRange,9.774632,11.99214,-3.825329
2026/05/20 23:15:00.283,n,-2.902553,4.42123,5.05492,0.717796,OverRange,OverRange,OverRange,9.758592,12.002918,-3.794187
2026/05/20 23:16:00.267,n,-2.873429,6.159017,5.337126,0.856887,OverRange,OverRange,OverRange,9.75375,12.012636,-3.809801
2026/05/20 23:17:00.269,n,-2.905633,3.972333,4.287295,0.664452,OverRange,OverRange,OverRange,9.775906,12.012636,-3.700588
2026/05/20 23:18:00.270,n,-3.005066,5.308712,4.574388,0.581085,OverRange,OverRange,OverRange,9.723938,12.024488,-3.648115
2026/05/20 23:19:00.273,n,-2.928855,5.599633,4.697534,0.69149,OverRange,OverRange,OverRange,9.690212,12.027728,-3.801951
2026/05/20 23:20:00.276,n,-2.861625,5.637199,5.299278,0.611717,OverRange,OverRange,OverRange,9.73618,12.034192,-3.792224
2026/05/20 23:21:00.278,n,-2.741664,4.030305,4.749475,0.637782,OverRange,OverRange,OverRange,9.830934,12.040654,-3.77661
2026/05/20 23:22:00.280,n,-2.841097,4.387754,5.176175,0.624878,OverRange,OverRange,OverRange,9.896638,12.047152,-3.716203
2026/05/20 23:23:00.284,n,-2.691755,5.747864,5.077918,0.631219,OverRange,OverRange,OverRange,9.92182,12.05039,-3.774648
2026/05/20 23:24:00.285,n,-2.683287,5.524784,4.761043,0.578225,OverRange,OverRange,OverRange,9.767242,12.057896,-3.537026
2026/05/20 23:25:00.267,n,-2.680336,4.04869,4.428491,0.485005,OverRange,OverRange,OverRange,9.767996,12.063318,-3.540951
2026/05/20 23:26:00.271,n,-2.780026,5.611868,5.466555,0.185923,OverRange,OverRange,OverRange,9.750698,12.06978,-3.377303
2026/05/20 23:27:00.277,n,-2.613106,4.93076,5.234451,0.469677,OverRange,OverRange,OverRange,9.848756,12.079484,-3.500081
2026/05/20 23:28:00.275,n,-2.475311,5.435624,4.966156,0.567004,OverRange,OverRange,OverRange,9.765472,12.081632,-3.332509
2026/05/20 23:29:00.275,n,-2.463507,4.756807,4.963079,0.593724,OverRange,OverRange,OverRange,9.738698,12.088114,-3.423974
2026/05/20 23:30:00.280,n,-2.504564,5.545871,4.896941,0.59821,OverRange,OverRange,OverRange,9.802902,12.098906,-3.414248
2026/05/20 23:31:00.281,n,-2.61285,5.3883,5.045596,0.584316,OverRange,OverRange,OverRange,9.846452,12.10537,-3.410493
2026/05/20 23:32:00.282,n,-2.463636,4.409726,4.66683,0.453976,OverRange,OverRange,OverRange,9.715328,12.116114,-3.338311
2026/05/20 23:33:00.283,n,-2.516239,4.454286,4.909939,0.55773,OverRange,OverRange,OverRange,9.717366,12.130132,-3.161097
2026/05/20 23:34:00.270,n,-2.598095,4.140526,4.357992,0.144626,OverRange,OverRange,OverRange,9.721192,12.143092,-3.336519
2026/05/20 23:35:00.270,n,-2.621574,4.438448,4.404499,0.073152,OverRange,OverRange,OverRange,9.769526,12.146398,-3.332509
2026/05/20 23:36:00.273,n,-3.054718,4.161243,4.252134,0.297322,OverRange,OverRange,OverRange,9.728252,12.148514,-3.568169
2026/05/20 23:37:00.275,n,-3.083843,5.940289,4.870305,0.888134,OverRange,OverRange,OverRange,9.701814,12.158216,-3.639924
2026/05/20 23:38:00.264,n,-2.85829,5.488699,5.573597,0.560277,OverRange,OverRange,OverRange,9.602188,12.171144,-3.688644
2026/05/20 23:39:00.279,n,-2.925648,4.209718,4.85338,0.743319,OverRange,OverRange,OverRange,9.663254,12.170102,-3.653747
2026/05/20 23:40:00.281,n,-2.908455,4.599365,5.07664,0.598468,OverRange,OverRange,OverRange,9.668086,12.17979,-3.663303
2026/05/20 23:41:00.266,n,-2.905376,4.699867,4.771612,0.637514,OverRange,OverRange,OverRange,9.621212,12.18521,-3.680879
2026/05/20 23:42:00.268,n,-3.030982,4.836965,4.85552,0.592348,OverRange,OverRange,OverRange,9.564724,12.190568,-3.731475
2026/05/20 23:43:00.270,n,-2.858418,5.53824,4.859777,0.684566,OverRange,OverRange,OverRange,9.54799,12.18946,-3.624396
2026/05/20 23:44:00.274,n,-2.800041,4.673061,4.92544,0.615383,OverRange,OverRange,OverRange,9.545198,12.19703,-3.684719
2026/05/20 23:45:00.257,n,-2.791316,4.187752,5.453051,0.640013,OverRange,OverRange,OverRange,9.588792,12.195924,-3.567912
2026/05/20 23:46:00.259,n,-2.758728,4.475788,4.997599,0.564458,OverRange,OverRange,OverRange,9.621968,12.19703,-3.575763
2026/05/20 23:47:00.262,n,-2.820312,4.740435,4.963758,0.696345,OverRange,OverRange,OverRange,9.650854,12.195924,-3.661426
2026/05/20 23:48:00.263,n,-2.785158,4.476712,5.032393,0.634621,OverRange,OverRange,OverRange,9.635142,12.203512,-3.558101
2026/05/20 23:49:00.265,n,-2.913844,4.366096,4.735218,0.669712,OverRange,OverRange,OverRange,9.63084,12.193808,-3.74726
2026/05/20 23:50:00.266,n,-3.218302,4.773345,5.010062,0.436645,OverRange,OverRange,OverRange,9.634136,12.18946,-3.745041
2026/05/20 23:51:00.268,n,-3.02816,4.573602,5.295958,0.611155,OverRange,OverRange,OverRange,9.557858,12.18946,-3.865857
2026/05/20 23:52:00.271,n,-3.21548,5.326384,4.884897,0.536187,OverRange,OverRange,OverRange,9.621206,12.187344,-3.856131
2026/05/20 23:53:00.274,n,-3.063571,4.449967,4.611452,0.487701,OverRange,OverRange,OverRange,9.537842,12.187344,-3.926436
2026/05/20 23:54:00.261,n,-3.116046,4.593992,5.271355,0.402636,OverRange,OverRange,OverRange,9.475744,12.187344,-3.871659
2026/05/20 23:55:00.261,n,-3.133495,5.367744,4.828276,0.562736,OverRange,OverRange,OverRange,9.566214,12.178714,-3.836677
2026/05/20 23:56:00.262,n,-2.946176,4.39275,4.806417,0.551526,OverRange,OverRange,OverRange,9.60879,12.183028,-3.811422
2026/05/20 23:57:00.265,n,-2.846486,4.892379,5.274079,0.623795,OverRange,OverRange,OverRange,9.654902,12.183028,-3.840517
2026/05/20 23:58:00.266,n,-2.937451,4.380532,5.21577,0.62071,OverRange,OverRange,OverRange,9.672124,12.178714,-3.846489
2026/05/20 23:59:00.269,n,-2.884848,5.630495,5.186426,0.633152,OverRange,OverRange,OverRange,9.616136,12.181954,-3.750843
