"Timestamp","TZ","GHI1_AV (W/m2)","UVB22013 (W/m2)","UVB22013_AV (W/m2)","UVB22013_SD (W/m2)","UVB22012 (W/m2)","UVB22012_AV (W/m2)","UVB22012_SD (W/m2)","TA_AV (degC)","TL (degC)","GTI_AV (W/m2)"
2026/06/11 00:00:00.276,n,-3.291177,3.952609,4.911121,1.157185,OverRange,OverRange,OverRange,11.690414,14.668304,-3.56322
2026/06/11 00:01:00.262,n,-3.294384,4.605103,4.021318,0.292291,OverRange,OverRange,OverRange,11.699276,14.668304,-3.440698
2026/06/11 00:02:00.265,n,-3.227026,3.426879,5.07976,1.374694,OverRange,OverRange,OverRange,11.712662,14.659766,-3.549824
2026/06/11 00:03:00.268,n,-3.311962,6.173085,4.590395,1.230734,OverRange,OverRange,OverRange,11.676758,14.664052,-3.458189
2026/06/11 00:04:00.268,n,-3.115918,5.852099,4.688521,1.299261,OverRange,OverRange,OverRange,11.68838,14.659766,-3.38046
2026/06/11 00:05:00.269,n,-3.09231,6.025386,5.043526,1.450345,OverRange,OverRange,OverRange,11.707606,14.655434,-3.442575
2026/06/11 00:06:00.272,n,-3.174295,6.182806,5.384528,1.074744,OverRange,OverRange,OverRange,11.700018,14.664052,-3.438735
2026/06/11 00:07:00.273,n,-3.174295,5.847955,5.580773,1.062379,OverRange,OverRange,OverRange,11.692196,14.662976,-3.475765
2026/06/11 00:08:00.275,n,-3.086665,3.442063,5.345606,0.979908,OverRange,OverRange,OverRange,11.721542,14.656542,-3.530286
2026/06/11 00:09:00.277,n,-3.156846,6.010996,5.295426,1.121571,OverRange,OverRange,OverRange,11.758978,14.659766,-3.47969
2026/06/11 00:10:00.262,n,-3.118612,3.680321,4.212201,1.055268,OverRange,OverRange,OverRange,11.67625,14.658658,-3.485492
2026/06/11 00:11:00.265,n,-3.159797,3.393666,4.973345,1.455858,OverRange,OverRange,OverRange,11.732142,14.658658,-3.491379
2026/06/11 00:12:00.267,n,-3.127465,5.901118,5.298697,1.06692,OverRange,OverRange,OverRange,11.732396,14.656542,-3.425169
2026/06/11 00:13:00.407,n,-3.09539,6.033357,5.183697,1.283013,OverRange,OverRange,OverRange,11.725316,14.656542,-3.469792
2026/06/11 00:14:00.316,n,-3.086537,3.955903,4.888319,1.198876,OverRange,OverRange,OverRange,11.733908,14.658658,-3.506822
2026/06/11 00:15:00.273,n,-3.118869,3.913517,4.49654,1.136913,OverRange,OverRange,OverRange,11.756948,14.652222,-3.374402
2026/06/11 00:16:00.442,n,-3.124514,4.074468,4.872616,1.276801,OverRange,OverRange,OverRange,11.787278,14.657616,-3.372525
2026/06/11 00:17:00.325,n,-3.086537,6.069929,4.941957,1.169305,OverRange,OverRange,OverRange,11.809546,14.655434,-3.382337
2026/06/11 00:18:00.278,n,-3.051254,6.659739,4.528202,1.550422,OverRange,OverRange,OverRange,11.790828,14.651148,-3.341468
2026/06/11 00:19:00.264,n,-3.036756,3.307954,4.277871,1.132706,OverRange,OverRange,OverRange,11.774124,14.64582,-3.331485
2026/06/11 00:20:00.318,n,-3.089488,5.933254,4.849229,1.158901,OverRange,OverRange,OverRange,11.844432,14.644712,-3.358959
2026/06/11 00:21:00.268,n,-2.992749,5.780467,5.392793,1.07819,OverRange,OverRange,OverRange,11.86315,14.642594,-3.300514
2026/06/11 00:22:00.270,n,-3.019307,3.428476,4.802307,1.302964,OverRange,OverRange,OverRange,11.810308,14.64367,-3.411518
2026/06/11 00:23:00.271,n,-3.010326,5.507041,4.830368,0.926855,OverRange,OverRange,OverRange,11.798692,14.640428,-3.300513
2026/06/11 00:24:00.273,n,-3.115662,5.836169,4.8911,1.425688,OverRange,OverRange,OverRange,11.781972,14.644712,-3.43865
2026/06/11 00:25:00.276,n,-3.115918,3.86619,4.466805,1.128164,OverRange,OverRange,OverRange,11.78529,14.636128,-3.485492
2026/06/11 00:26:00.277,n,-3.104114,3.945087,5.473697,1.177741,OverRange,OverRange,OverRange,11.822438,14.630798,-3.516549
2026/06/11 00:27:00.279,n,-3.048432,6.607895,4.390086,1.087728,OverRange,OverRange,OverRange,11.789826,14.635084,-3.397781
2026/06/11 00:28:00.267,n,-3.106809,5.798035,5.739118,0.641487,OverRange,OverRange,OverRange,11.82043,14.629724,-3.543766
2026/06/11 00:29:00.266,n,-3.013405,3.897164,4.082956,0.334193,OverRange,OverRange,OverRange,11.774404,14.632884,-3.50486
2026/06/11 00:30:00.269,n,-3.115918,3.185958,4.448355,1.298168,OverRange,OverRange,OverRange,11.784506,14.631874,-3.423206
2026/06/11 00:31:00.272,n,-3.098212,3.391204,4.551366,1.333025,OverRange,OverRange,OverRange,11.762004,14.62865,-3.399657
2026/06/11 00:32:00.273,n,-3.068831,5.914999,6.104618,0.147582,OverRange,OverRange,OverRange,11.792374,14.62112,-3.448547
2026/06/11 00:33:00.274,n,-3.030983,5.94505,5.616289,1.119063,OverRange,OverRange,OverRange,11.763768,14.623256,-3.514586
2026/06/11 00:34:00.277,n,-3.083714,5.973232,4.923313,1.344908,OverRange,OverRange,OverRange,11.785772,14.620046,-3.536088
2026/06/11 00:35:00.278,n,-3.115918,4.543738,5.348357,1.221364,OverRange,OverRange,OverRange,11.776902,14.614686,-3.672432
2026/06/11 00:36:00.284,n,-3.2328,3.642565,4.216841,1.049823,OverRange,OverRange,OverRange,11.741252,14.614686,-3.658695
2026/06/11 00:37:00.266,n,-3.16557,6.437264,5.083668,1.186854,OverRange,OverRange,OverRange,11.774902,14.61361,-3.565438
2026/06/11 00:38:00.268,n,-3.151072,3.509236,4.901685,1.412323,OverRange,OverRange,OverRange,11.734442,14.609342,-3.582844
2026/06/11 00:39:00.270,n,-3.15954,3.961766,4.513211,1.090064,OverRange,OverRange,OverRange,11.71394,14.61361,-3.477727
2026/06/11 00:40:00.273,n,-3.150944,6.37674,5.428773,1.126901,OverRange,OverRange,OverRange,11.770076,14.608216,-3.528238
2026/06/11 00:41:00.276,n,-3.203548,6.472924,4.882227,1.323919,OverRange,OverRange,OverRange,11.743012,14.607174,-3.631392
2026/06/11 00:42:00.276,n,-3.267955,3.23428,4.336566,1.057841,OverRange,OverRange,OverRange,11.74225,14.600772,-3.565268
2026/06/11 00:43:00.277,n,-3.303366,5.8439,5.89597,0.412911,OverRange,OverRange,OverRange,11.812328,14.608216,-3.666545
2026/06/11 00:44:00.280,n,-3.385093,3.603267,4.60092,1.185276,OverRange,OverRange,OverRange,11.748342,14.60395,-3.678234
2026/06/11 00:45:00.281,n,-3.496074,3.917496,3.96974,0.43526,OverRange,OverRange,OverRange,11.784266,14.601782,-3.680111
2026/06/11 00:46:00.268,n,-3.493379,4.053744,4.722661,1.2865,OverRange,OverRange,OverRange,11.792334,14.6061,-3.592571
2026/06/11 00:47:00.269,n,-3.534308,6.014577,5.134197,1.247106,OverRange,OverRange,OverRange,11.819916,14.599664,-3.648883
2026/06/11 00:48:00.271,n,-3.455274,3.76131,4.596657,1.160914,OverRange,OverRange,OverRange,11.758204,14.596438,-3.719274
2026/06/11 00:49:00.273,n,-3.554836,3.879357,4.913852,1.588785,OverRange,OverRange,OverRange,11.791332,14.594304,-3.732755
2026/06/11 00:50:00.274,n,-3.660299,6.308014,4.59157,1.347188,OverRange,OverRange,OverRange,11.795644,14.592154,-3.684121
2026/06/11 00:51:00.278,n,-3.560737,4.276386,5.050625,1.403684,OverRange,OverRange,OverRange,11.771362,14.587836,-3.76202
2026/06/11 00:52:00.279,n,-3.607696,6.255302,5.32385,1.513038,OverRange,OverRange,OverRange,11.766796,14.584674,-3.746406
2026/06/11 00:53:00.282,n,-3.616291,3.849167,3.748693,0.202429,OverRange,OverRange,OverRange,11.717488,14.584674,-3.738557
2026/06/11 00:54:00.282,n,-3.660042,4.145589,4.782005,1.231377,OverRange,OverRange,OverRange,11.762498,14.580358,-3.812616
2026/06/11 00:55:00.268,n,-3.736253,6.282303,5.161802,1.319421,OverRange,OverRange,OverRange,11.79715,14.577132,-3.855448
2026/06/11 00:56:00.269,n,-3.724578,4.705706,4.579757,1.393676,OverRange,OverRange,OverRange,11.722524,14.580358,-3.937357
2026/06/11 00:57:00.275,n,-3.671974,6.436,5.096903,1.508849,OverRange,OverRange,OverRange,11.737198,14.571772,-3.845721
2026/06/11 00:58:00.276,n,-3.662993,6.543639,4.901391,1.655824,OverRange,OverRange,OverRange,11.750346,14.56959,-3.838042
2026/06/11 00:59:00.276,n,-3.651446,3.325632,4.609817,1.551518,OverRange,OverRange,OverRange,11.712668,14.568546,-3.847684
2026/06/11 01:00:00.277,n,-3.619499,6.305352,5.602986,1.223764,OverRange,OverRange,OverRange,11.756694,14.559944,-3.834117
2026/06/11 01:01:00.279,n,-3.563816,3.766509,4.140724,0.982293,OverRange,OverRange,OverRange,11.677776,14.556718,-3.832155
2026/06/11 01:02:00.284,n,-3.628096,6.349543,4.870075,1.313782,OverRange,OverRange,OverRange,11.73494,14.549208,-3.835995
2026/06/11 01:03:00.284,n,-3.619243,6.205776,4.945886,1.466265,OverRange,OverRange,OverRange,11.739482,14.538486,-3.830108
2026/06/11 01:04:00.268,n,-3.601794,6.37812,4.556008,1.394498,OverRange,OverRange,OverRange,11.71518,14.537444,-3.851523
2026/06/11 01:05:00.271,n,-3.56959,3.381463,4.41237,1.070935,OverRange,OverRange,OverRange,11.664608,14.532052,-3.832155
2026/06/11 01:06:00.272,n,-3.557915,4.68204,4.919236,1.424498,OverRange,OverRange,OverRange,11.72458,14.525618,-3.814579
2026/06/11 01:07:00.276,n,-3.507877,3.696514,4.756837,1.419183,OverRange,OverRange,OverRange,11.719514,14.525618,-3.797003
2026/06/11 01:08:00.276,n,-3.511085,4.021564,4.565509,1.17714,OverRange,OverRange,OverRange,11.725078,14.51167,-3.798965
2026/06/11 01:09:00.278,n,-3.490557,3.66961,4.265071,0.62692,OverRange,OverRange,OverRange,11.680806,14.507354,-3.787361
2026/06/11 01:10:00.282,n,-3.496459,3.344445,4.903085,1.73246,OverRange,OverRange,OverRange,11.687866,14.4988,-3.867052
2026/06/11 01:11:00.286,n,-3.528534,6.275756,5.1748,1.312554,OverRange,OverRange,OverRange,11.70988,14.491224,-3.865175
2026/06/11 01:12:00.268,n,-3.47901,3.833068,4.059111,0.78205,OverRange,OverRange,OverRange,11.625382,14.485898,-3.931299
2026/06/11 01:13:00.273,n,-3.554835,6.127222,5.222721,1.594597,OverRange,OverRange,OverRange,11.683568,14.477296,-3.802975
2026/06/11 01:14:00.271,n,-3.525455,3.186969,4.805087,1.321497,OverRange,OverRange,OverRange,11.651688,14.468742,-3.952971
2026/06/11 01:15:00.257,n,-3.537258,6.694524,5.227667,1.664126,OverRange,OverRange,OverRange,11.63271,14.465518,-3.855533
2026/06/11 01:16:00.259,n,-3.505055,5.778131,4.768658,1.600729,OverRange,OverRange,OverRange,11.619564,14.4612,-3.839919
2026/06/11 01:17:00.261,n,-3.584088,6.32955,5.740698,0.935457,OverRange,OverRange,OverRange,11.659298,14.449406,-3.983943
2026/06/11 01:18:00.264,n,-3.581266,3.462795,4.429982,1.593857,OverRange,OverRange,OverRange,11.541102,14.440852,-3.880874
2026/06/11 01:19:00.266,n,-3.627967,3.190253,5.232816,1.670369,OverRange,OverRange,OverRange,11.54895,14.435458,-3.937357
2026/06/11 01:20:00.269,n,-3.622322,3.118208,4.91919,1.635911,OverRange,OverRange,OverRange,11.540588,14.42684,-3.82823
2026/06/11 01:21:00.269,n,-3.639899,6.488584,5.315348,1.569019,OverRange,OverRange,OverRange,11.55248,14.422556,-3.929508
2026/06/11 01:22:00.271,n,-3.625016,3.3665,4.691283,1.551713,OverRange,OverRange,OverRange,11.547928,14.410728,-3.919781
2026/06/11 01:23:00.256,n,-3.65722,6.261986,5.363129,1.611104,OverRange,OverRange,OverRange,11.578298,14.434774,-3.941111
2026/06/11 01:24:00.258,n,-3.255894,4.942981,5.400643,1.264373,OverRange,OverRange,OverRange,11.605744,14.426172,-3.703404
2026/06/11 01:25:00.260,n,-3.252943,3.013889,4.859628,1.449564,OverRange,OverRange,OverRange,11.59257,14.421872,-3.75801
2026/06/11 01:26:00.263,n,-3.2532,3.076768,4.771656,1.717618,OverRange,OverRange,OverRange,11.57283,14.415436,-3.660487
2026/06/11 01:27:00.265,n,-3.247298,3.352722,4.846319,1.410589,OverRange,OverRange,OverRange,11.60878,14.404716,-3.555456
2026/06/11 01:28:00.267,n,-3.185585,5.869169,4.951085,1.455354,OverRange,OverRange,OverRange,11.594346,14.399324,-3.526276
2026/06/11 01:29:00.270,n,-3.206242,3.110689,4.687739,1.273671,OverRange,OverRange,OverRange,11.582958,14.391814,-3.566974
2026/06/11 01:30:00.270,n,-3.235495,6.641146,4.713306,1.484709,OverRange,OverRange,OverRange,11.585216,14.390772,-3.557333
2026/06/11 01:31:00.272,n,-3.252943,3.805294,4.751045,1.429096,OverRange,OverRange,OverRange,11.54271,14.375734,-3.605966
2026/06/11 01:32:00.258,n,-3.24409,3.121889,4.851068,1.345042,OverRange,OverRange,OverRange,11.568264,14.370328,-3.541804
2026/06/11 01:33:00.262,n,-3.06896,5.952819,5.307701,1.570112,OverRange,OverRange,OverRange,11.59256,14.366042,-3.296418
2026/06/11 01:34:00.261,n,-3.063058,4.46748,4.447991,1.038097,OverRange,OverRange,OverRange,11.572078,14.364934,-3.362457
2026/06/11 01:35:00.263,n,-3.054077,6.26034,4.724136,1.343567,OverRange,OverRange,OverRange,11.644704,14.355322,-3.415016
2026/06/11 01:36:00.265,n,-3.042273,3.368546,4.779174,1.644645,OverRange,OverRange,OverRange,11.6085,14.344536,-3.526105
2026/06/11 01:37:00.267,n,-3.007119,6.407162,5.181417,1.534816,OverRange,OverRange,OverRange,11.697592,14.34027,-3.393685
2026/06/11 01:38:00.269,n,-2.948485,4.299781,5.172873,1.197641,OverRange,OverRange,OverRange,11.631308,14.332694,-3.444367
2026/06/11 01:39:00.271,n,-2.951436,6.538823,4.930777,1.605892,OverRange,OverRange,OverRange,11.655834,14.331668,-3.343004
2026/06/11 01:40:00.273,n,-2.954258,4.164239,4.523174,1.615015,OverRange,OverRange,OverRange,11.650502,14.325216,-3.487198
2026/06/11 01:41:00.258,n,-2.980689,6.051307,5.390482,1.365889,OverRange,OverRange,OverRange,11.68596,14.317658,-3.385921
2026/06/11 01:42:00.260,n,-2.931036,4.551084,4.254812,1.013029,OverRange,OverRange,OverRange,11.608532,14.311222,-3.467659
2026/06/11 01:43:00.262,n,-2.931036,2.972176,5.575001,1.29909,OverRange,OverRange,OverRange,11.606228,14.30482,-3.454178
2026/06/11 01:44:00.264,n,-3.001088,6.16591,4.970161,1.427822,OverRange,OverRange,OverRange,11.589784,14.301562,-3.385921
2026/06/11 01:45:00.266,n,-3.001089,2.88012,5.093063,1.663577,OverRange,OverRange,OverRange,11.522198,14.290842,-3.462028
2026/06/11 01:46:00.268,n,-3.083458,6.171201,5.145879,1.153606,OverRange,OverRange,OverRange,11.577632,14.289766,-3.448291
2026/06/11 01:47:00.269,n,-3.121178,6.034618,4.745831,1.390728,OverRange,OverRange,OverRange,11.5356,14.279016,-3.539927
2026/06/11 01:48:00.272,n,-3.097827,3.062016,4.859374,1.566806,OverRange,OverRange,OverRange,11.560406,14.274714,-3.551531
2026/06/11 01:49:00.257,n,-3.112582,5.96764,5.175217,1.27882,OverRange,OverRange,OverRange,11.581448,14.272548,-3.526361
2026/06/11 01:50:00.259,n,-3.235366,3.754717,3.536103,0.330903,OverRange,OverRange,OverRange,11.534084,14.262856,-3.654856
2026/06/11 01:51:00.261,n,-3.147737,5.735235,6.260565,0.341715,OverRange,OverRange,OverRange,11.59486,14.263962,-3.711168
2026/06/11 01:52:00.262,n,-3.130031,3.162375,5.535866,1.260658,OverRange,OverRange,OverRange,11.502202,14.25321,-3.685828
2026/06/11 01:53:00.269,n,-3.159412,4.701251,4.109935,0.71637,OverRange,OverRange,OverRange,11.486018,14.245702,-3.609806
2026/06/11 01:54:00.267,n,-3.144914,6.63397,4.117477,1.250862,OverRange,OverRange,OverRange,11.516628,14.237084,-3.664412
2026/06/11 01:55:00.269,n,-3.144657,3.200772,4.613635,1.693521,OverRange,OverRange,OverRange,11.514334,14.237084,-3.734632
2026/06/11 01:56:00.270,n,-3.162363,3.069658,5.271018,1.335652,OverRange,OverRange,OverRange,11.509786,14.228482,-3.627382
2026/06/11 01:57:00.272,n,-3.179684,6.088356,5.347537,1.62486,OverRange,OverRange,OverRange,11.532318,14.223154,-3.62158
2026/06/11 01:58:00.258,n,-3.109759,3.781064,4.790715,1.53737,OverRange,OverRange,OverRange,11.420136,14.219866,-3.689753
2026/06/11 01:59:00.260,n,-3.252943,6.693773,5.049148,1.399673,OverRange,OverRange,OverRange,11.50143,14.211296,-3.637109
2026/06/11 02:00:00.263,n,-3.247298,6.17488,5.635601,1.304504,OverRange,OverRange,OverRange,11.518158,14.20592,-3.687876
2026/06/11 02:01:00.263,n,-3.305675,4.10179,4.455907,1.506094,OverRange,OverRange,OverRange,11.469258,14.195168,-3.721066
2026/06/11 02:02:00.269,n,-3.252943,3.694144,4.61285,1.364535,OverRange,OverRange,OverRange,11.481686,14.200528,-3.674309
2026/06/11 02:03:00.269,n,-3.285275,6.282316,5.189116,1.28911,OverRange,OverRange,OverRange,11.494344,14.191958,-3.703489
2026/06/11 02:04:00.543,n,-3.308498,6.249051,5.272362,1.620882,OverRange,OverRange,OverRange,11.496124,14.183374,-3.715179
2026/06/11 02:05:00.271,n,-3.262053,3.238466,4.695451,1.624283,OverRange,OverRange,OverRange,11.444204,14.174756,-3.652808
2026/06/11 02:06:00.273,n,-3.285147,4.018199,4.636155,1.53488,OverRange,OverRange,OverRange,11.448014,14.16829,-3.728745
2026/06/11 02:07:00.260,n,-3.203163,6.349353,5.308077,1.68211,OverRange,OverRange,OverRange,11.441676,14.167214,-3.715093
2026/06/11 02:08:00.261,n,-3.20034,3.371857,4.714878,1.518032,OverRange,OverRange,OverRange,11.335028,14.160762,-3.672347
2026/06/11 02:09:00.265,n,-3.203034,3.193601,4.852147,1.816509,OverRange,OverRange,OverRange,11.337814,14.155388,-3.719018
2026/06/11 02:10:00.265,n,-3.235366,6.513644,5.169015,1.622388,OverRange,OverRange,OverRange,11.390758,14.141426,-3.703489
2026/06/11 02:11:00.270,n,-3.293743,3.018384,4.341846,1.674578,OverRange,OverRange,OverRange,11.335032,14.133918,-3.824135
2026/06/11 02:12:00.272,n,-3.369954,3.218577,5.107077,1.576386,OverRange,OverRange,OverRange,11.370256,14.124192,-3.833861
2026/06/11 02:13:00.271,n,-3.416912,6.425273,4.993676,1.589983,OverRange,OverRange,OverRange,11.34998,14.119906,-3.886335
2026/06/11 02:14:00.274,n,-3.402285,6.621603,5.010507,1.714627,OverRange,OverRange,OverRange,11.355296,14.11129,-3.945036
2026/06/11 02:15:00.275,n,-3.352376,3.680072,4.753546,1.21783,OverRange,OverRange,OverRange,11.3201,14.107038,-3.923535
2026/06/11 02:16:00.262,n,-3.384709,6.630887,5.102175,1.588331,OverRange,OverRange,OverRange,11.297032,14.09733,-3.908007
2026/06/11 02:17:00.263,n,-3.341086,3.566616,4.61376,1.67448,OverRange,OverRange,OverRange,11.228108,14.096254,-3.837872
2026/06/11 02:18:00.265,n,-3.387788,3.151645,4.855014,1.623565,OverRange,OverRange,OverRange,11.236218,14.083354,-3.820125
2026/06/11 02:19:00.267,n,-3.434489,3.169868,4.810852,1.812747,OverRange,OverRange,OverRange,11.237218,14.073662,-3.859032
2026/06/11 02:20:00.269,n,-3.425636,6.272263,5.140627,1.485447,OverRange,OverRange,OverRange,11.278534,14.071528,-3.79504
2026/06/11 02:21:00.270,n,-3.332105,3.181654,4.632556,1.705685,OverRange,OverRange,OverRange,11.229874,14.0597,-3.861164
2026/06/11 02:22:00.272,n,-3.305803,6.683261,5.322113,1.756376,OverRange,OverRange,OverRange,11.285132,14.0554,-3.872769
2026/06/11 02:23:00.273,n,-3.22369,3.131085,4.365332,1.643668,OverRange,OverRange,OverRange,11.192352,14.050008,-3.861335
2026/06/11 02:24:00.276,n,-3.144786,3.05443,4.821891,1.835852,OverRange,OverRange,OverRange,11.205556,14.040332,-3.79888
2026/06/11 02:25:00.261,n,-3.185714,3.083614,4.902502,1.803629,OverRange,OverRange,OverRange,11.18654,14.039224,-3.777464
2026/06/11 02:26:00.264,n,-3.294,5.898341,5.209051,1.429663,OverRange,OverRange,OverRange,11.22405,14.028504,-3.837787
2026/06/11 02:27:00.267,n,-3.159668,6.701909,4.544854,1.638993,OverRange,OverRange,OverRange,11.190338,14.025216,-3.837701
2026/06/11 02:28:00.267,n,-3.191487,6.096402,4.910286,1.555794,OverRange,OverRange,OverRange,11.174118,14.022038,-3.837872
2026/06/11 02:29:00.270,n,-3.182634,5.357537,5.251059,1.151614,OverRange,OverRange,OverRange,11.111776,14.014496,-3.765689
2026/06/11 02:30:00.272,n,-3.179812,6.149547,4.493982,1.505095,OverRange,OverRange,OverRange,11.069188,14.010212,-3.699394
2026/06/11 02:31:00.335,n,-3.18597,6.423311,4.75244,1.584322,OverRange,OverRange,OverRange,11.059794,14.00588,-3.678064
2026/06/11 02:32:00.329,n,-3.15351,6.514518,4.836729,1.848908,OverRange,OverRange,OverRange,11.064606,14.006956,-3.65861
2026/06/11 02:33:00.278,n,-3.22074,6.417753,4.844294,1.842546,OverRange,OverRange,OverRange,11.136862,13.997312,-3.701442
2026/06/11 02:34:00.265,n,-3.258973,6.58789,4.94668,1.662498,OverRange,OverRange,OverRange,11.147018,13.985486,-3.789067
2026/06/11 02:35:00.264,n,-3.258973,6.538379,4.707397,1.464865,OverRange,OverRange,OverRange,11.130026,13.976836,-3.880533
2026/06/11 02:36:00.313,n,-3.208936,3.254164,4.395831,1.554842,OverRange,OverRange,OverRange,11.090984,13.974686,-3.756133
2026/06/11 02:37:00.269,n,-3.29092,3.205191,4.764694,1.778171,OverRange,OverRange,OverRange,11.074484,13.988384,-3.750246
2026/06/11 02:38:00.271,n,-2.902168,3.173046,4.801402,1.781969,OverRange,OverRange,OverRange,11.101028,13.978708,-3.493597
2026/06/11 02:39:00.274,n,-2.975428,3.378871,5.10403,1.447233,OverRange,OverRange,OverRange,11.09699,13.966884,-3.64931
2026/06/11 02:40:00.276,n,-2.969526,3.061984,4.915579,1.728782,OverRange,OverRange,OverRange,11.036652,13.960416,-3.631733
2026/06/11 02:41:00.396,n,-3.072167,6.348825,5.042486,1.337843,OverRange,OverRange,OverRange,11.001658,13.958266,-3.707755
2026/06/11 02:42:00.335,n,-3.098469,4.262023,4.205095,0.859541,OverRange,OverRange,OverRange,10.954494,13.951798,-3.727209
2026/06/11 02:43:00.321,n,-3.151072,6.007299,5.859354,0.810539,OverRange,OverRange,OverRange,10.929882,13.943198,-3.805193
2026/06/11 02:44:00.315,n,-3.235623,3.671847,4.173876,0.95307,OverRange,OverRange,OverRange,10.868988,13.934582,-3.776013
2026/06/11 02:45:00.316,n,-3.221253,6.162321,5.737183,1.191774,OverRange,OverRange,OverRange,10.932674,13.928146,-3.918074
2026/06/11 02:46:00.271,n,-3.253713,3.63314,4.829041,1.404907,OverRange,OverRange,OverRange,10.844122,13.918472,-3.855789
2026/06/11 02:47:00.273,n,-3.320814,3.203193,4.458307,1.449446,OverRange,OverRange,OverRange,10.928844,13.908748,-3.826524
2026/06/11 02:48:00.274,n,-3.40575,5.84648,5.329924,1.060746,OverRange,OverRange,OverRange,11.014592,13.89368,-3.927886
2026/06/11 02:49:00.513,n,-3.31209,6.194402,5.2814,1.486043,OverRange,OverRange,OverRange,11.010026,13.892636,-4.033003
2026/06/11 02:50:00.432,n,-3.349939,3.301406,4.52475,1.543963,OverRange,OverRange,OverRange,10.910344,13.876462,-4.060306
2026/06/11 02:51:00.281,n,-3.487734,3.12784,5.310237,1.212724,OverRange,OverRange,OverRange,10.840058,13.867846,-4.163546
2026/06/11 02:52:00.268,n,-3.499153,6.122983,4.874476,1.300481,OverRange,OverRange,OverRange,10.772314,13.859212,-4.200746
2026/06/11 02:53:00.268,n,-3.534436,6.650704,5.048153,1.584063,OverRange,OverRange,OverRange,10.724824,13.848478,-4.231804
2026/06/11 02:54:00.270,n,-3.531484,6.526473,4.802922,1.822059,OverRange,OverRange,OverRange,10.718492,13.838802,-4.374121
2026/06/11 02:55:00.273,n,-3.484655,6.45054,4.703905,1.518841,OverRange,OverRange,OverRange,10.803514,13.830186,-4.395366
2026/06/11 02:56:00.275,n,-3.274113,3.14151,4.853402,1.512036,OverRange,OverRange,OverRange,10.769272,13.824762,-4.305608
2026/06/11 02:57:00.275,n,-3.288739,3.18602,4.584597,1.452385,OverRange,OverRange,OverRange,10.73348,13.81512,-4.054505
2026/06/11 02:58:00.279,n,-3.227539,5.333277,5.148194,1.361465,OverRange,OverRange,OverRange,10.725094,13.803228,-3.982493
2026/06/11 02:59:00.281,n,-3.165955,5.205994,4.953298,1.637939,OverRange,OverRange,OverRange,10.716726,13.79572,-3.857666
2026/06/11 03:00:00.283,n,-3.162748,6.434058,4.810604,1.770631,OverRange,OverRange,OverRange,10.701218,13.784936,-3.826524
2026/06/11 03:01:00.271,n,-3.037013,3.756289,4.401298,1.764794,OverRange,OverRange,OverRange,10.647908,13.78282,-3.785654
2026/06/11 03:02:00.271,n,-3.022258,6.430571,5.055778,1.605431,OverRange,OverRange,OverRange,10.704518,13.774154,-3.653235
2026/06/11 03:03:00.272,n,-2.919874,3.189739,4.689124,1.585778,OverRange,OverRange,OverRange,10.588512,13.76772,-3.672859
2026/06/11 03:04:00.272,n,-2.881897,6.139077,4.932245,1.367217,OverRange,OverRange,OverRange,10.59462,13.761252,-3.789665
2026/06/11 03:05:00.275,n,-2.770532,3.228541,4.677819,1.706633,OverRange,OverRange,OverRange,10.619736,13.752638,-3.898621
2026/06/11 03:06:00.277,n,-2.708947,6.070187,5.320796,1.467106,OverRange,OverRange,OverRange,10.649186,13.747246,-4.044692
2026/06/11 03:07:00.279,n,-2.618367,5.836508,5.573078,1.18663,OverRange,OverRange,OverRange,10.653514,13.739738,-4.136328
2026/06/11 03:08:00.281,n,-2.606563,4.144019,4.943036,1.294247,OverRange,OverRange,OverRange,10.646664,13.733238,-4.103138
2026/06/11 03:09:00.283,n,-2.542284,3.610802,4.391947,1.048813,OverRange,OverRange,OverRange,10.600708,13.72788,-4.027116
2026/06/11 03:10:00.271,n,-2.483651,3.697219,3.673967,0.027511,OverRange,OverRange,OverRange,10.597148,13.72788,-3.877291
2026/06/11 03:11:00.274,n,-2.451832,6.270999,4.011233,1.109,OverRange,OverRange,OverRange,10.64743,13.721414,-3.678746
2026/06/11 03:12:00.272,n,-2.375621,6.292027,5.155242,1.430849,OverRange,OverRange,OverRange,10.677124,13.714948,-3.614413
2026/06/11 03:13:00.274,n,-2.319939,3.530672,4.160688,1.189539,OverRange,OverRange,OverRange,10.763434,13.715988,-3.52474
2026/06/11 03:14:00.276,n,-2.328663,5.946301,5.651783,1.25246,OverRange,OverRange,OverRange,10.890046,13.715988,-3.481737
2026/06/11 03:15:00.280,n,-2.211524,3.201237,4.751244,1.417439,OverRange,OverRange,OverRange,10.894882,13.706312,-3.491634
2026/06/11 03:16:00.280,n,-2.320067,3.842184,4.761258,1.298878,OverRange,OverRange,OverRange,10.92861,13.698772,-3.485577
2026/06/11 03:17:00.618,n,-2.1824,4.546229,4.71421,1.111646,OverRange,OverRange,OverRange,10.868744,13.699846,-3.347355
2026/06/11 03:18:00.283,n,-1.956847,6.098886,4.966798,1.414603,OverRange,OverRange,OverRange,10.802258,13.699846,-3.199577
2026/06/11 03:19:00.273,n,-1.916175,6.416205,4.751115,1.670945,OverRange,OverRange,OverRange,10.7647,13.69553,-3.2599
2026/06/11 03:20:00.274,n,-1.845995,3.777421,4.977179,1.298714,OverRange,OverRange,OverRange,10.746176,13.696622,-3.302732
2026/06/11 03:21:00.257,n,-2.141472,6.418499,4.924554,1.599367,OverRange,OverRange,OverRange,10.786774,13.694456,-3.452728
2026/06/11 03:22:00.260,n,-1.983405,5.833857,5.518485,1.198505,OverRange,OverRange,OverRange,10.793142,13.691264,-3.460407
2026/06/11 03:23:00.260,n,-1.883972,3.157405,4.731663,1.491263,OverRange,OverRange,OverRange,10.780182,13.69553,-3.464332
2026/06/11 03:24:00.279,n,-1.886923,6.070852,5.67952,1.244931,OverRange,OverRange,OverRange,10.745656,13.696622,-3.49556
2026/06/11 03:25:00.266,n,-1.889874,3.860395,4.655507,0.929793,OverRange,OverRange,OverRange,10.669998,13.68799,-3.643422
2026/06/11 03:26:00.266,n,-1.962877,6.227918,4.868144,1.073989,OverRange,OverRange,OverRange,10.696936,13.690172,-3.740861
2026/06/11 03:27:00.268,n,-2.036137,6.313569,4.79738,1.681296,OverRange,OverRange,OverRange,10.683218,13.692274,-3.810995
2026/06/11 03:28:00.273,n,-2.076936,6.380043,4.841452,1.604826,OverRange,OverRange,OverRange,10.683716,13.692274,-3.842308
2026/06/11 03:29:00.257,n,-2.144295,3.123907,4.316527,1.445051,OverRange,OverRange,OverRange,10.670262,13.686946,-3.87328
2026/06/11 03:30:00.258,n,-2.185351,6.354642,5.576767,0.974645,OverRange,OverRange,OverRange,10.724584,13.68799,-3.845977
2026/06/11 03:31:00.261,n,-2.176498,6.42152,4.625421,1.446207,OverRange,OverRange,OverRange,10.71925,13.69553,-3.820637
2026/06/11 03:32:00.263,n,-2.126846,3.922275,4.652851,1.321204,OverRange,OverRange,OverRange,10.733984,13.694456,-3.857837
2026/06/11 03:33:00.264,n,-2.179449,3.805246,4.679648,1.344187,OverRange,OverRange,OverRange,10.752004,13.69553,-3.849902
2026/06/11 03:34:00.268,n,-2.161872,6.469922,4.977388,1.669162,OverRange,OverRange,OverRange,10.775854,13.692274,-3.842308
2026/06/11 03:35:00.268,n,-2.073985,4.595447,4.814937,1.445642,OverRange,OverRange,OverRange,10.81544,13.69553,-3.920037
2026/06/11 03:36:00.270,n,-2.094385,6.357296,4.605915,1.480796,OverRange,OverRange,OverRange,10.884694,13.696622,-4.005871
2026/06/11 03:37:00.274,n,-1.936575,3.681198,4.086025,1.134671,OverRange,OverRange,OverRange,10.858342,13.700954,-3.990342
2026/06/11 03:38:00.257,n,-1.889617,3.205886,5.201622,1.590662,OverRange,OverRange,OverRange,10.925812,13.701998,-4.003738
2026/06/11 03:39:00.259,n,-1.948379,5.553547,4.589383,1.199084,OverRange,OverRange,OverRange,10.991008,13.706312,-3.970718
2026/06/11 03:40:00.263,n,-1.866523,4.014578,4.892921,1.305706,OverRange,OverRange,OverRange,10.940532,13.711674,-3.97652
2026/06/11 03:41:00.265,n,-1.933624,3.977975,4.828081,1.29958,OverRange,OverRange,OverRange,10.932156,13.71278,-3.90647
2026/06/11 03:42:00.267,n,-2.08874,3.690744,4.221216,1.304214,OverRange,OverRange,OverRange,10.919968,13.72032,-3.863553
2026/06/11 03:43:00.267,n,-2.223456,6.143964,5.729157,0.954243,OverRange,OverRange,OverRange,10.940548,13.719246,-3.770126
2026/06/11 03:44:00.269,n,-2.390247,6.43963,4.957405,1.555451,OverRange,OverRange,OverRange,10.879146,13.715988,-3.822769
2026/06/11 03:45:00.271,n,-2.510081,6.486707,4.964304,1.536169,OverRange,OverRange,OverRange,10.868484,13.72788,-3.77789
2026/06/11 03:46:00.257,n,-2.6974,3.061212,4.491566,1.534385,OverRange,OverRange,OverRange,10.838028,13.724638,-3.750587
2026/06/11 03:47:00.261,n,-2.758985,6.096077,5.610852,1.202975,OverRange,OverRange,OverRange,10.902986,13.732178,-3.789665
2026/06/11 03:48:00.261,n,-2.855467,3.121503,4.661402,1.571442,OverRange,OverRange,OverRange,10.849208,13.732178,-3.849902
2026/06/11 03:49:00.263,n,-3.004681,6.430041,5.221642,1.741898,OverRange,OverRange,OverRange,10.870758,13.73757,-3.791541
2026/06/11 03:50:00.264,n,-3.042786,5.974275,4.887762,1.593992,OverRange,OverRange,OverRange,10.840318,13.73863,-3.842308
2026/06/11 03:51:00.267,n,-3.107065,3.538521,3.946149,1.294035,OverRange,OverRange,OverRange,10.817998,13.74078,-3.8598
2026/06/11 03:52:00.268,n,-3.098469,4.03109,4.949055,1.785007,OverRange,OverRange,OverRange,10.88117,13.741854,-3.807156
2026/06/11 03:53:00.272,n,-3.151201,5.214693,4.954076,1.405288,OverRange,OverRange,OverRange,10.870758,13.745094,-3.900583
2026/06/11 03:54:00.272,n,-3.127465,6.382802,4.806005,1.759706,OverRange,OverRange,OverRange,10.91034,13.747246,-3.91031
2026/06/11 03:55:00.260,n,-3.145427,6.611393,4.777819,1.916216,OverRange,OverRange,OverRange,10.976034,13.75047,-4.009625
2026/06/11 03:56:00.260,n,-3.121948,3.08965,4.657772,1.703988,OverRange,OverRange,OverRange,11.085338,13.749428,-4.0057
2026/06/11 03:57:00.262,n,-3.130673,6.486401,4.915668,1.717441,OverRange,OverRange,OverRange,11.224484,13.755862,-3.904594
2026/06/11 03:58:00.264,n,-2.981202,3.20369,4.470588,1.657327,OverRange,OverRange,OverRange,11.218414,13.75803,-3.857752
2026/06/11 03:59:00.266,n,-2.916795,6.334657,5.340884,1.646479,OverRange,OverRange,OverRange,11.2777,13.75803,-3.762447
2026/06/11 04:00:00.269,n,-2.79106,3.691162,4.406089,1.459215,OverRange,OverRange,OverRange,11.267308,13.76342,-3.676613
2026/06/11 04:01:00.270,n,-2.750004,3.15889,4.865326,1.576063,OverRange,OverRange,OverRange,11.308106,13.759104,-3.730963
2026/06/11 04:02:00.272,n,-2.691626,4.692078,3.982102,0.350556,OverRange,OverRange,OverRange,11.291392,13.76772,-3.8441
2026/06/11 04:03:00.274,n,-2.659423,3.090668,4.00058,0.757167,OverRange,OverRange,OverRange,11.26857,13.770928,-3.754427
2026/06/11 04:04:00.265,n,-2.653649,6.250315,6.045845,0.209107,OverRange,OverRange,OverRange,11.32812,13.781712,-3.828486
2026/06/11 04:05:00.262,n,-2.64454,5.982872,5.226578,1.297831,OverRange,OverRange,OverRange,11.2762,13.778502,-3.733011
2026/06/11 04:06:00.265,n,-2.618495,6.340616,5.385424,1.402351,OverRange,OverRange,OverRange,11.286072,13.786044,-3.746492
2026/06/11 04:07:00.268,n,-2.58039,6.557599,4.548105,1.226667,OverRange,OverRange,OverRange,11.295442,13.791404,-3.698029
2026/06/11 04:08:00.268,n,-2.635944,6.025467,5.053422,1.484988,OverRange,OverRange,OverRange,11.273652,13.792494,-3.711595
2026/06/11 04:09:00.272,n,-2.583212,6.155932,4.93631,1.67005,OverRange,OverRange,OverRange,11.235642,13.798928,-3.692142
2026/06/11 04:10:00.271,n,-2.554088,6.102886,5.398922,1.38096,OverRange,OverRange,OverRange,11.23817,13.802186,-3.643508
2026/06/11 04:11:00.276,n,-2.516239,3.826965,4.829638,1.175241,OverRange,OverRange,OverRange,11.318746,13.808652,-3.701954
2026/06/11 04:12:00.276,n,-2.600789,3.427834,4.468807,1.43604,OverRange,OverRange,OverRange,11.359538,13.814012,-3.799477
2026/06/11 04:13:00.261,n,-2.521884,3.284744,5.433238,1.092761,OverRange,OverRange,OverRange,11.41678,13.81836,-3.702039
2026/06/11 04:14:00.264,n,-2.498277,6.116983,5.150617,1.438398,OverRange,OverRange,OverRange,11.394734,13.830186,-3.686255
2026/06/11 04:15:00.265,n,-2.4399,6.169361,4.958183,1.240622,OverRange,OverRange,OverRange,11.378012,13.835546,-3.705878
2026/06/11 04:16:00.267,n,-2.413855,3.605724,4.62801,1.309432,OverRange,OverRange,OverRange,11.310904,13.832336,-3.731048
2026/06/11 04:17:00.269,n,-2.39615,3.270905,4.732012,1.43693,OverRange,OverRange,OverRange,11.331426,13.846344,-3.660999
2026/06/11 04:18:00.271,n,-2.428353,3.511601,4.597269,1.412713,OverRange,OverRange,OverRange,11.313442,13.85602,-3.738983
2026/06/11 04:19:00.273,n,-2.48673,3.067459,4.696025,1.485875,OverRange,OverRange,OverRange,11.319256,13.857128,-3.764239
2026/06/11 04:20:00.275,n,-2.402051,6.399698,5.115878,1.638593,OverRange,OverRange,OverRange,11.334198,13.867846,-3.777805
2026/06/11 04:21:00.277,n,-2.416549,6.379847,4.743117,1.839095,OverRange,OverRange,OverRange,11.272136,13.872162,-3.80707
2026/06/11 04:22:00.262,n,-2.416549,3.733563,4.255886,1.607714,OverRange,OverRange,OverRange,11.249822,13.877522,-3.95118
2026/06/11 04:23:00.265,n,-2.369719,6.709876,4.883632,1.624105,OverRange,OverRange,OverRange,11.323574,13.882946,-4.091448
2026/06/11 04:24:00.268,n,-2.343418,3.881054,4.713745,1.689318,OverRange,OverRange,OverRange,11.36966,13.892636,-4.087609
2026/06/11 04:25:00.269,n,-2.360995,6.464476,5.185576,1.611985,OverRange,OverRange,OverRange,11.397008,13.900146,-4.046654
2026/06/11 04:26:00.271,n,-2.331614,6.560203,4.388701,1.402155,OverRange,OverRange,OverRange,11.363078,13.905538,-3.964916
2026/06/11 04:27:00.273,n,-2.322761,3.21691,4.527555,1.512617,OverRange,OverRange,OverRange,11.375488,13.907688,-3.933774
2026/06/11 04:28:00.275,n,-2.223328,3.26552,4.809419,1.528166,OverRange,OverRange,OverRange,11.365108,13.91414,-3.888809
2026/06/11 04:29:00.277,n,-2.129668,3.054091,5.153577,1.65697,OverRange,OverRange,OverRange,11.373718,13.92383,-3.97268
2026/06/11 04:30:00.576,n,-2.112219,5.841098,5.010758,1.463581,OverRange,OverRange,OverRange,11.418304,13.934582,-3.904509
2026/06/11 04:31:00.264,n,-2.094642,5.032662,5.213526,1.586042,OverRange,OverRange,OverRange,11.398296,13.938898,-3.992219
2026/06/11 04:32:00.266,n,-1.995081,6.713565,4.829937,1.709573,OverRange,OverRange,OverRange,11.410182,13.945364,-3.974643
2026/06/11 04:33:00.268,n,-1.974681,6.511374,4.743036,1.645797,OverRange,OverRange,OverRange,11.483888,13.951798,-3.980616
2026/06/11 04:34:00.270,n,-1.939526,3.235614,4.650933,1.669955,OverRange,OverRange,OverRange,11.490214,13.966884,-3.966964
2026/06/11 04:35:00.272,n,-1.974552,3.221969,5.076703,1.473671,OverRange,OverRange,OverRange,11.553004,13.972242,-4.07976
2026/06/11 04:36:00.273,n,-1.997903,6.605949,4.967213,1.596952,OverRange,OverRange,OverRange,11.591488,13.978708,-3.91816
2026/06/11 04:37:00.275,n,-1.916175,3.507893,5.06427,1.38605,OverRange,OverRange,OverRange,11.582866,13.982992,-3.90246
2026/06/11 04:38:00.279,n,-2.050891,6.338948,5.142792,1.575092,OverRange,OverRange,OverRange,11.597042,13.993778,-3.733181
2026/06/11 04:39:00.281,n,-2.030363,3.302376,4.217221,1.172348,OverRange,OverRange,OverRange,11.52972,13.992716,-3.74871
2026/06/11 04:40:00.266,n,-2.038959,3.256823,5.148577,1.441018,OverRange,OverRange,OverRange,11.591488,14.005618,-3.699906
2026/06/11 04:41:00.268,n,-2.071034,6.270305,4.147516,1.042085,OverRange,OverRange,OverRange,11.630444,14.01422,-3.530627
2026/06/11 04:42:00.269,n,-2.050763,5.839568,4.775429,1.432723,OverRange,OverRange,OverRange,11.682068,14.01958,-3.696152
2026/06/11 04:43:00.274,n,-2.006756,3.371006,4.435151,1.113485,OverRange,OverRange,OverRange,11.654994,14.022838,-3.705793
2026/06/11 04:44:00.274,n,-1.989435,4.621338,5.059388,1.400152,OverRange,OverRange,OverRange,11.642334,14.024954,-3.614243
2026/06/11 04:45:00.277,n,-2.094129,6.332987,4.432108,1.470466,OverRange,OverRange,OverRange,11.628286,14.027088,-3.61612
2026/06/11 04:46:00.277,n,-2.059231,6.406968,4.715098,1.873136,OverRange,OverRange,OverRange,11.654602,14.030346,-3.621922
2026/06/11 04:47:00.278,n,-2.02382,3.047253,4.672204,1.676116,OverRange,OverRange,OverRange,11.5931,14.038946,-3.676357
2026/06/11 04:48:00.281,n,-1.985971,6.052855,5.522835,1.223919,OverRange,OverRange,OverRange,11.650304,14.050774,-3.652893
2026/06/11 04:49:00.267,n,-1.948122,3.205062,4.451248,1.54481,OverRange,OverRange,OverRange,11.642944,14.049682,-3.647091
2026/06/11 04:50:00.270,n,-2.024333,5.492488,5.087929,1.230583,OverRange,OverRange,OverRange,11.693822,14.051848,-3.584892
2026/06/11 04:51:00.270,n,-2.032929,3.034835,4.495334,1.461212,OverRange,OverRange,OverRange,11.672582,14.058282,-3.561513
2026/06/11 04:52:00.272,n,-2.023948,6.315751,5.308356,1.41754,OverRange,OverRange,OverRange,11.67661,14.069034,-3.516634
2026/06/11 04:53:00.274,n,-2.009579,6.084854,5.146925,1.521596,OverRange,OverRange,OverRange,11.657634,14.072292,-3.493171
2026/06/11 04:54:00.276,n,-2.015352,3.447134,5.136893,1.467781,OverRange,OverRange,OverRange,11.63739,14.07441,-3.54206
2026/06/11 04:55:00.280,n,-2.038831,4.998186,4.898083,1.353595,OverRange,OverRange,OverRange,11.6217,14.083012,-3.499058
2026/06/11 04:56:00.280,n,-2.138136,4.084269,4.462067,1.005581,OverRange,OverRange,OverRange,11.615382,14.084086,-3.438906
2026/06/11 04:57:00.284,n,-2.179064,3.721381,4.50921,1.403381,OverRange,OverRange,OverRange,11.589544,14.088404,-3.43865
2026/06/11 04:58:00.268,n,-2.193819,3.249742,5.05504,1.436683,OverRange,OverRange,OverRange,11.624232,14.095914,-3.41749
2026/06/11 04:59:00.270,n,-2.310958,3.222551,4.413503,1.25951,OverRange,OverRange,OverRange,11.58601,14.095914,-3.411518
2026/06/11 05:00:00.273,n,-2.357787,6.222415,5.252033,1.287722,OverRange,OverRange,OverRange,11.620178,14.095914,-3.399828
2026/06/11 05:01:00.272,n,-2.486601,3.862301,5.065721,1.159748,OverRange,OverRange,OverRange,11.563726,14.101272,-3.467915
2026/06/11 05:02:00.276,n,-2.612208,4.042776,4.094193,1.107665,OverRange,OverRange,OverRange,11.549816,14.09917,-3.407593
2026/06/11 05:03:00.279,n,-2.61811,3.771345,4.502177,1.307676,OverRange,OverRange,OverRange,11.546768,14.091628,-3.43865
2026/06/11 05:04:00.280,n,-2.703045,3.74877,3.658946,0.149956,OverRange,OverRange,OverRange,11.512854,14.096988,-3.390016
2026/06/11 05:05:00.282,n,-2.764373,3.796537,4.223785,1.187683,OverRange,OverRange,OverRange,11.507788,14.08951,-3.43882
2026/06/11 05:06:00.283,n,-2.776177,3.749673,4.797577,1.64515,OverRange,OverRange,OverRange,11.485266,14.088404,-3.477727
2026/06/11 05:07:00.268,n,-2.998394,6.283959,4.112519,1.067452,OverRange,OverRange,OverRange,11.499954,14.09487,-3.520644
2026/06/11 05:08:00.270,n,-3.010198,6.244663,5.523825,1.019415,OverRange,OverRange,OverRange,11.513876,14.085194,-3.627724
2026/06/11 05:09:00.272,n,-3.106937,3.713321,4.262652,1.066954,OverRange,OverRange,OverRange,11.447026,14.079768,-3.64129
2026/06/11 05:10:00.275,n,-3.241653,3.764626,4.277243,1.071066,OverRange,OverRange,OverRange,11.458928,14.079768,-3.57124
2026/06/11 05:11:00.278,n,-3.27963,5.946147,6.110243,0.276368,OverRange,OverRange,OverRange,11.49461,14.07441,-3.547862
2026/06/11 05:12:00.281,n,-3.329411,5.978003,5.836511,0.118753,OverRange,OverRange,OverRange,11.43691,14.057208,-3.543767
2026/06/11 05:13:00.281,n,-3.378935,3.404577,5.630713,1.105289,OverRange,OverRange,OverRange,11.32341,14.051848,-3.592571
2026/06/11 05:14:00.267,n,-3.607311,6.044503,5.687504,1.217169,OverRange,OverRange,OverRange,11.364956,14.040022,-3.660914
2026/06/11 05:15:00.268,n,-3.548805,3.781551,4.479599,1.177048,OverRange,OverRange,OverRange,11.282384,14.042172,-3.697688
2026/06/11 05:16:00.271,n,-3.715597,6.301707,5.13389,1.34349,OverRange,OverRange,OverRange,11.312008,14.026046,-3.766031
2026/06/11 05:17:00.272,n,-3.645416,3.555806,4.618361,1.392519,OverRange,OverRange,OverRange,11.234472,14.017446,-3.719274
2026/06/11 05:18:00.258,n,-3.730351,3.253663,4.882133,1.569605,OverRange,OverRange,OverRange,11.283366,14.002362,-3.67047
2026/06/11 05:19:00.259,n,-3.660042,6.442584,5.303723,1.37032,OverRange,OverRange,OverRange,11.27173,13.991546,-3.652894
2026/06/11 05:20:00.262,n,-3.63079,3.789186,4.21786,1.116058,OverRange,OverRange,OverRange,11.210908,13.982962,-3.668508
2026/06/11 05:21:00.265,n,-3.698019,6.183522,4.680043,1.442351,OverRange,OverRange,OverRange,11.227382,13.973318,-3.633611
2026/06/11 05:22:00.266,n,-3.660299,5.651986,5.197111,1.506113,OverRange,OverRange,OverRange,11.210394,13.9647,-3.713216
2026/06/11 05:23:00.268,n,-3.669023,4.214749,4.960412,1.611512,OverRange,OverRange,OverRange,11.183528,13.950708,-3.703575
2026/06/11 05:24:00.271,n,-3.709823,6.526455,4.659291,1.433983,OverRange,OverRange,OverRange,11.193172,13.933474,-3.767822
2026/06/11 05:25:00.272,n,-3.7274,3.222045,4.881548,1.333798,OverRange,OverRange,OverRange,11.111538,13.91948,-3.822514
2026/06/11 05:26:00.261,n,-3.709823,3.642882,4.990942,1.008816,OverRange,OverRange,OverRange,11.121196,13.910896,-3.816627
2026/06/11 05:27:00.260,n,-3.645416,3.777193,4.66283,1.362837,OverRange,OverRange,OverRange,11.113078,13.891498,-3.723284
2026/06/11 05:28:00.262,n,-3.695197,3.845302,4.485476,1.404221,OverRange,OverRange,OverRange,11.072262,13.880746,-3.795125
2026/06/11 05:29:00.264,n,-3.67454,3.851845,5.030457,1.124271,OverRange,OverRange,OverRange,11.088476,13.868888,-3.830108
2026/06/11 05:30:00.266,n,-3.709951,6.069724,5.028111,1.30185,OverRange,OverRange,OverRange,11.094808,13.849488,-3.851694
2026/06/11 05:31:00.268,n,-3.639643,6.370663,5.597943,0.756024,OverRange,OverRange,OverRange,11.08724,13.839812,-3.886847
2026/06/11 05:32:00.270,n,-3.642465,6.146378,5.042242,1.45361,OverRange,OverRange,OverRange,11.108506,13.826944,-3.904252
2026/06/11 05:33:00.277,n,-3.633741,3.918176,4.337372,0.720069,OverRange,OverRange,OverRange,11.050446,13.815054,-3.906215
2026/06/11 05:34:00.259,n,-3.660042,4.183858,4.643383,1.244647,OverRange,OverRange,OverRange,11.10167,13.802154,-3.976264
2026/06/11 05:35:00.260,n,-3.659914,3.682185,3.77896,0.065574,OverRange,OverRange,OverRange,11.067704,13.78383,-3.986076
2026/06/11 05:36:00.262,n,-3.797709,5.919359,4.797013,1.232232,OverRange,OverRange,OverRange,11.115622,13.775212,-4.075749
2026/06/11 05:37:00.264,n,-3.654269,3.785538,5.192174,1.243976,OverRange,OverRange,OverRange,11.042334,13.764462,-4.141874
2026/06/11 05:38:00.265,n,-3.648495,6.185706,4.241131,0.954361,OverRange,OverRange,OverRange,11.052994,13.752638,-4.136072
2026/06/11 05:39:00.268,n,-3.621937,3.202942,4.682893,1.475505,OverRange,OverRange,OverRange,11.016714,13.739672,-4.112609
2026/06/11 05:40:00.269,n,-3.633484,5.999387,4.962221,1.467334,OverRange,OverRange,OverRange,11.062378,13.725678,-4.103138
2026/06/11 05:41:00.271,n,-3.58999,6.393049,4.868244,1.639474,OverRange,OverRange,OverRange,11.04689,13.718138,-4.151516
2026/06/11 05:42:00.274,n,-3.592556,3.357116,4.727023,1.448391,OverRange,OverRange,OverRange,10.973358,13.70413,-4.186754
2026/06/11 05:43:00.260,n,-3.65722,3.653542,4.747041,1.379907,OverRange,OverRange,OverRange,10.958638,13.686882,-4.293918
2026/06/11 05:44:00.261,n,-3.613213,3.991593,4.509543,1.439207,OverRange,OverRange,OverRange,10.951268,13.677206,-4.371903
2026/06/11 05:45:00.266,n,-3.61039,6.502617,6.053247,0.554855,OverRange,OverRange,OverRange,10.949764,13.6567,-4.38163
2026/06/11 05:46:00.265,n,-3.689423,3.810203,4.344034,1.39255,OverRange,OverRange,OverRange,10.885082,13.644876,-4.367893
2026/06/11 05:47:00.267,n,-3.686472,3.847541,4.514504,0.998114,OverRange,OverRange,OverRange,10.903866,13.623344,-4.319089
2026/06/11 05:48:00.271,n,-3.548934,3.741089,4.006,0.465478,OverRange,OverRange,OverRange,10.89092,13.616878,-4.344515
2026/06/11 05:49:00.273,n,-3.572413,3.529237,3.619107,0.06691,OverRange,OverRange,OverRange,10.910966,13.602806,-4.212009
2026/06/11 05:50:00.273,n,-3.502104,6.006527,5.612242,1.090741,OverRange,OverRange,OverRange,10.958904,13.595312,-4.046484
2026/06/11 05:51:00.275,n,-3.238702,6.649976,4.816214,1.682597,OverRange,OverRange,OverRange,10.90538,13.583488,-4.048276
2026/06/11 05:52:00.261,n,-3.177117,6.511565,5.273577,1.334525,OverRange,OverRange,OverRange,10.922374,13.567266,-3.929508
2026/06/11 05:53:00.262,n,-3.127208,5.509315,4.809403,1.501593,OverRange,OverRange,OverRange,10.886098,13.561874,-3.902375
2026/06/11 05:54:00.266,n,-3.022258,3.373941,4.60928,1.638224,OverRange,OverRange,OverRange,10.844732,13.554366,-3.915856
2026/06/11 05:55:00.268,n,-3.13016,4.811239,5.086116,1.581405,OverRange,OverRange,OverRange,10.87822,13.542492,-4.023021
2026/06/11 05:56:00.269,n,-3.215351,6.356794,4.846709,1.821061,OverRange,OverRange,OverRange,10.864014,13.532768,-4.052201
2026/06/11 05:57:00.272,n,-3.147736,3.093434,4.627162,1.62,OverRange,OverRange,OverRange,10.857422,13.529528,-4.137949
2026/06/11 05:58:00.275,n,-3.092182,3.19692,4.857945,1.790411,OverRange,OverRange,OverRange,10.864766,13.520944,-4.169178
2026/06/11 05:59:00.275,n,-3.039451,3.715137,4.831513,1.673379,OverRange,OverRange,OverRange,10.843196,13.509054,-4.177026
2026/06/11 06:00:00.278,n,-3.001602,6.331032,5.16357,1.359658,OverRange,OverRange,OverRange,10.898026,13.50153,-4.120458
2026/06/11 06:01:00.262,n,-2.945919,4.412502,4.93194,1.283665,OverRange,OverRange,OverRange,10.87847,13.49938,-4.106892
2026/06/11 06:02:00.264,n,-3.024824,3.775913,4.225546,1.087292,OverRange,OverRange,OverRange,10.842204,13.496154,-4.044436
2026/06/11 06:03:00.267,n,-3.021873,3.529661,4.33799,1.187744,OverRange,OverRange,OverRange,10.862228,13.489672,-3.970377
2026/06/11 06:04:00.267,n,-3.127593,4.028259,3.84555,0.143131,OverRange,OverRange,OverRange,10.861476,13.485308,-4.015256
2026/06/11 06:05:00.270,n,-3.174167,6.408006,4.391536,1.199132,OverRange,OverRange,OverRange,10.888632,13.479982,-4.001605
2026/06/11 06:06:00.272,n,-3.18302,3.833161,4.105498,1.044009,OverRange,OverRange,OverRange,10.811768,13.477816,-4.07575
2026/06/11 06:07:00.276,n,-3.171215,3.721207,3.992046,0.89094,OverRange,OverRange,OverRange,10.82011,13.470276,-4.067814
2026/06/11 06:08:00.276,n,-3.200725,3.222551,4.118421,1.1277,OverRange,OverRange,OverRange,10.835836,13.465926,-4.03471
2026/06/11 06:09:00.278,n,-3.171344,3.685532,4.178681,1.076326,OverRange,OverRange,OverRange,10.824946,13.460586,-4.056211
2026/06/11 06:10:00.263,n,-3.071782,3.325522,4.207389,1.228719,OverRange,OverRange,OverRange,10.813024,13.45946,-4.040767
2026/06/11 06:11:00.265,n,-3.048175,6.256705,4.843673,1.310064,OverRange,OverRange,OverRange,10.820378,13.452994,-3.978227
2026/06/11 06:12:00.268,n,-2.898961,6.30352,4.755017,1.534808,OverRange,OverRange,OverRange,10.81632,13.45192,-4.024983
2026/06/11 06:13:00.269,n,-2.770403,3.142203,4.725029,1.801647,OverRange,OverRange,OverRange,10.82341,13.45407,-3.999642
2026/06/11 06:14:00.271,n,-2.735121,6.248955,5.301564,1.549809,OverRange,OverRange,OverRange,10.84169,13.449738,-3.935395
2026/06/11 06:15:00.273,n,-2.717672,3.755366,4.536527,1.502481,OverRange,OverRange,OverRange,10.802624,13.450812,-3.867223
2026/06/11 06:16:00.277,n,-2.615287,3.786354,4.116295,1.072336,OverRange,OverRange,OverRange,10.822918,13.446528,-3.857411
2026/06/11 06:17:00.277,n,-2.629914,5.846126,4.922613,1.179391,OverRange,OverRange,OverRange,10.863022,13.443304,-3.857496
2026/06/11 06:18:00.282,n,-2.553831,4.419639,5.756684,0.657335,OverRange,OverRange,OverRange,10.850846,13.44542,-3.945207
2026/06/11 06:19:00.266,n,-2.512903,3.272811,4.300429,1.33887,OverRange,OverRange,OverRange,10.867336,13.450812,-3.881045
2026/06/11 06:20:00.267,n,-2.471847,6.563699,5.510649,1.483046,OverRange,OverRange,OverRange,10.877972,13.45407,-3.849646
2026/06/11 06:21:00.270,n,-2.509824,2.873288,4.837755,1.557542,OverRange,OverRange,OverRange,10.872136,13.449738,-3.853742
2026/06/11 06:22:00.271,n,-2.559733,3.380129,4.419313,1.353608,OverRange,OverRange,OverRange,10.922872,13.446528,-3.847769
2026/06/11 06:23:00.273,n,-2.521628,3.555635,4.934786,1.315713,OverRange,OverRange,OverRange,10.935048,13.47679,-3.808862
2026/06/11 06:24:00.275,n,-2.083351,3.509263,4.477283,1.398302,OverRange,OverRange,OverRange,10.956172,13.482198,-3.499826
2026/06/11 06:25:00.276,n,-2.115555,6.331042,5.316623,1.507628,OverRange,OverRange,OverRange,11.01681,13.489754,-3.610744
2026/06/11 06:26:00.280,n,-2.062823,6.284451,5.052133,1.060299,OverRange,OverRange,OverRange,10.991934,13.49407,-3.569875
2026/06/11 06:27:00.281,n,-2.100929,5.935071,5.266433,1.106789,OverRange,OverRange,OverRange,11.018336,13.492978,-3.56194
2026/06/11 06:28:00.265,n,-2.007012,5.776503,4.889287,1.606508,OverRange,OverRange,OverRange,11.004624,13.499444,-3.577639
2026/06/11 06:29:00.271,n,-2.059872,3.792011,4.664977,1.431815,OverRange,OverRange,OverRange,11.010214,13.501612,-3.601103
2026/06/11 06:30:00.271,n,-2.1008,6.462868,4.631387,1.361115,OverRange,OverRange,OverRange,11.025692,13.500536,-3.567912
2026/06/11 06:31:00.271,n,-2.048197,3.251455,4.651178,1.574942,OverRange,OverRange,OverRange,11.02389,13.511302,-3.587366
2026/06/11 06:32:00.275,n,-2.051148,6.371939,4.953357,1.603508,OverRange,OverRange,OverRange,11.058904,13.522084,-3.480202
2026/06/11 06:33:00.276,n,-2.112604,6.196134,4.496907,1.417012,OverRange,OverRange,OverRange,11.022396,13.52101,-3.523033
2026/06/11 06:34:00.278,n,-2.007141,4.444866,4.520569,1.422971,OverRange,OverRange,OverRange,11.039622,13.526434,-3.515269
2026/06/11 06:35:00.281,n,-2.100929,6.179149,4.867319,1.561339,OverRange,OverRange,OverRange,11.087048,13.5286,-3.490013
2026/06/11 06:36:00.283,n,-2.027669,5.927696,5.529318,1.267267,OverRange,OverRange,OverRange,11.0911,13.541498,-3.437455
2026/06/11 06:37:00.269,n,-2.100929,5.935806,4.882393,1.566424,OverRange,OverRange,OverRange,11.079686,13.542606,-3.484041
2026/06/11 06:38:00.269,n,-2.036522,6.001898,5.087228,1.585035,OverRange,OverRange,OverRange,11.092358,13.542606,-3.513392
2026/06/11 06:39:00.271,n,-1.995465,4.356361,4.742939,1.528093,OverRange,OverRange,OverRange,11.0807,13.547998,-3.589158
2026/06/11 06:40:00.273,n,-2.065774,6.640642,4.896506,1.773366,OverRange,OverRange,OverRange,11.10404,13.553324,-3.51143
2026/06/11 06:41:00.275,n,-2.033827,6.478531,4.84705,1.833874,OverRange,OverRange,OverRange,11.082738,13.564172,-3.462711
2026/06/11 06:42:00.277,n,-2.03062,3.373994,4.778476,1.657454,OverRange,OverRange,OverRange,11.072078,13.567396,-3.400425
2026/06/11 06:43:00.281,n,-2.051276,3.201659,5.136575,1.265438,OverRange,OverRange,OverRange,11.117722,13.570586,-3.404265
2026/06/11 06:44:00.281,n,-2.07745,3.309765,4.963458,1.647137,OverRange,OverRange,OverRange,11.10429,13.568438,-3.410067
2026/06/11 06:45:00.284,n,-2.045503,3.948009,4.952523,1.351461,OverRange,OverRange,OverRange,11.087056,13.580296,-3.378924
2026/06/11 06:46:00.268,n,-2.109525,6.263767,5.079469,1.315929,OverRange,OverRange,OverRange,11.08426,13.583536,-3.386774
2026/06/11 06:47:00.273,n,-2.018945,6.416081,5.103213,1.287232,OverRange,OverRange,OverRange,11.097188,13.584642,-3.419793
2026/06/11 06:48:00.272,n,-2.133132,4.430207,4.142763,0.873935,OverRange,OverRange,OverRange,11.09721,13.591078,-3.392661
2026/06/11 06:49:00.276,n,-2.051148,3.874527,3.753389,0.198659,OverRange,OverRange,OverRange,11.089352,13.595394,-3.388566
2026/06/11 06:50:00.277,n,-2.101057,6.270014,4.765453,1.165925,OverRange,OverRange,OverRange,11.11494,13.605116,-3.468513
2026/06/11 06:51:00.278,n,-2.109525,5.943081,5.158953,1.253912,OverRange,OverRange,OverRange,11.134964,13.6094,-3.447182
2026/06/11 06:52:00.282,n,-2.077193,6.406444,5.042177,1.244816,OverRange,OverRange,OverRange,11.11848,13.612642,-3.490013
2026/06/11 06:53:00.282,n,-2.112604,3.733834,4.768687,1.455569,OverRange,OverRange,OverRange,11.084774,13.616974,-3.531054
2026/06/11 06:54:00.284,n,-2.054099,3.820462,4.038098,1.002372,OverRange,OverRange,OverRange,11.126618,13.623374,-3.532845
2026/06/11 06:55:00.270,n,-2.291199,3.375054,3.669901,0.157107,OverRange,OverRange,OverRange,11.10558,13.628798,-3.682842
2026/06/11 06:56:00.271,n,-2.244369,3.940414,5.364559,0.995797,OverRange,OverRange,OverRange,11.143856,13.62665,-3.634208
2026/06/11 06:57:00.258,n,-2.144808,6.665447,4.887378,1.353976,OverRange,OverRange,OverRange,11.150426,13.6295,-3.517231
2026/06/11 06:58:00.259,n,-2.273109,3.871869,3.903973,0.817295,OverRange,OverRange,OverRange,11.107036,13.623034,-3.588902
2026/06/11 06:59:00.261,n,-2.293509,3.66493,3.693709,0.077939,OverRange,OverRange,OverRange,11.121736,13.631618,-3.668849
2026/06/11 07:00:00.263,n,-2.275931,3.84904,3.83785,0.089478,OverRange,OverRange,OverRange,11.1344,13.631618,-3.635659
2026/06/11 07:01:00.264,n,-2.249629,3.597274,4.500705,1.102729,OverRange,OverRange,OverRange,11.139206,13.638116,-3.692142
2026/06/11 07:02:00.266,n,-2.240777,5.603457,5.384995,1.124912,OverRange,OverRange,OverRange,11.157472,13.640282,-3.653149
2026/06/11 07:03:00.268,n,-2.246807,6.061657,4.524855,1.224142,OverRange,OverRange,OverRange,11.15444,13.641356,-3.662961
2026/06/11 07:04:00.270,n,-2.199977,6.333904,6.127488,0.140321,OverRange,OverRange,OverRange,11.159002,13.648866,-3.733096
2026/06/11 07:05:00.272,n,-2.211653,3.967121,3.948817,0.128752,OverRange,OverRange,OverRange,11.0946,13.649974,-3.651187
2026/06/11 07:06:00.260,n,-2.243728,3.190241,4.802258,1.567883,OverRange,OverRange,OverRange,11.122996,13.654258,-3.616205
2026/06/11 07:07:00.263,n,-2.220249,6.092975,4.39693,1.010036,OverRange,OverRange,OverRange,11.117696,13.663964,-3.590949
2026/06/11 07:08:00.262,n,-2.261433,6.133699,4.770159,1.595516,OverRange,OverRange,OverRange,11.11057,13.66504,-3.577127
2026/06/11 07:09:00.263,n,-2.314037,3.213109,4.676259,1.750697,OverRange,OverRange,OverRange,11.103724,13.66719,-3.556053
2026/06/11 07:10:00.266,n,-2.308135,6.679827,4.936304,1.842769,OverRange,OverRange,OverRange,11.110814,13.67043,-3.468086
2026/06/11 07:11:00.270,n,-2.334565,3.24509,5.11328,1.558054,OverRange,OverRange,OverRange,11.072012,13.673672,-3.481908
2026/06/11 07:12:00.270,n,-2.319939,4.177586,4.173118,1.122814,OverRange,OverRange,OverRange,11.071528,13.672582,-3.417575
2026/06/11 07:13:00.274,n,-2.319939,5.799291,6.057223,0.255159,OverRange,OverRange,OverRange,11.133398,13.675822,-3.427302
2026/06/11 07:14:00.257,n,-2.258482,5.999592,5.242944,1.502503,OverRange,OverRange,OverRange,11.084702,13.676866,-3.362884
2026/06/11 07:15:00.260,n,-2.305184,5.43538,4.762207,1.318145,OverRange,OverRange,OverRange,11.10168,13.686574,-3.396074
2026/06/11 07:16:00.261,n,-2.27003,5.935931,5.412313,1.105956,OverRange,OverRange,OverRange,11.12325,13.688756,-3.376621
2026/06/11 07:17:00.262,n,-2.228973,3.609892,4.149378,1.299062,OverRange,OverRange,OverRange,11.118424,13.688756,-3.4837
2026/06/11 07:18:00.265,n,-2.2028,6.089656,4.921797,1.386046,OverRange,OverRange,OverRange,11.183324,13.694114,-3.49155
2026/06/11 07:19:00.267,n,-2.19074,5.968,5.588842,1.188997,OverRange,OverRange,OverRange,11.186626,13.69522,-3.532504
2026/06/11 07:20:00.268,n,-2.047684,3.499904,4.444019,1.309287,OverRange,OverRange,OverRange,11.149374,13.701654,-3.542145
2026/06/11 07:21:00.271,n,-2.203056,4.6199,4.189853,1.050942,OverRange,OverRange,OverRange,11.191946,13.70058,-3.518852
2026/06/11 07:22:00.272,n,-2.202671,6.334002,5.489221,1.06588,OverRange,OverRange,OverRange,11.217804,13.713546,-3.470048
2026/06/11 07:23:00.259,n,-2.068084,5.203218,4.310954,0.728362,OverRange,OverRange,OverRange,11.149628,13.711364,-3.399914
2026/06/11 07:24:00.265,n,-2.079887,3.254305,4.374894,1.496853,OverRange,OverRange,OverRange,11.177002,13.718904,-3.464332
2026/06/11 07:25:00.264,n,-2.117993,3.502697,4.56253,1.387641,OverRange,OverRange,OverRange,11.208928,13.723222,-3.401876
2026/06/11 07:26:00.264,n,-2.126845,6.160201,4.492677,1.320737,OverRange,OverRange,OverRange,11.222102,13.735078,-3.423377
2026/06/11 07:27:00.266,n,-2.085918,4.645571,4.928169,0.990206,OverRange,OverRange,OverRange,11.230464,13.731836,-3.35529
2026/06/11 07:28:00.269,n,-2.144038,3.565266,3.949885,1.169377,OverRange,OverRange,OverRange,11.222372,13.738302,-3.335751
2026/06/11 07:29:00.270,n,-2.103495,2.836441,5.224358,1.215905,OverRange,OverRange,OverRange,11.246934,13.743662,-3.224833
2026/06/11 07:30:00.271,n,-2.114914,5.94483,5.890467,0.387405,OverRange,OverRange,OverRange,11.254048,13.743662,-3.232512
2026/06/11 07:31:00.258,n,-2.050763,2.976499,4.731947,1.342299,OverRange,OverRange,OverRange,11.193966,13.746904,-3.201284
2026/06/11 07:32:00.259,n,-2.097336,3.538906,5.56828,1.016322,OverRange,OverRange,OverRange,11.19931,13.750128,-3.242409
2026/06/11 07:33:00.261,n,-2.106189,3.907862,4.365751,1.20987,OverRange,OverRange,OverRange,11.176744,13.75451,-3.1605
2026/06/11 07:34:00.264,n,-2.009707,4.468594,5.490263,1.3853,OverRange,OverRange,OverRange,11.205624,13.771058,-3.113743
2026/06/11 07:35:00.269,n,-2.105804,4.51127,4.663331,1.420643,OverRange,OverRange,OverRange,11.176992,13.767802,-3.136781
2026/06/11 07:36:00.268,n,-2.100159,4.87264,4.942077,1.266339,OverRange,OverRange,OverRange,11.178768,13.77215,-3.113487
2026/06/11 07:37:00.269,n,-1.99213,6.529935,5.530728,1.054304,OverRange,OverRange,OverRange,11.170654,13.775342,-3.049155
2026/06/11 07:38:00.272,n,-1.903987,3.58173,5.119841,1.440853,OverRange,OverRange,OverRange,11.155696,13.778568,-2.998644
2026/06/11 07:39:00.274,n,-1.933367,3.448208,3.968064,1.155383,OverRange,OverRange,OverRange,11.167604,13.78181,-2.852828
2026/06/11 07:40:00.261,n,-1.763497,6.260704,5.612873,0.837426,OverRange,OverRange,OverRange,11.214238,13.788276,-2.712388
2026/06/11 07:41:00.266,n,-1.441718,5.1734,5.074806,0.973202,OverRange,OverRange,OverRange,11.162532,13.788276,-2.583979
2026/06/11 07:42:00.263,n,-1.488548,3.869749,4.889279,1.310103,OverRange,OverRange,OverRange,11.165818,13.786126,-2.447719
2026/06/11 07:43:00.265,n,-1.14329,5.225133,4.744941,1.397258,OverRange,OverRange,OverRange,11.180018,13.788276,-2.161464
2026/06/11 07:44:00.267,n,-0.967903,5.231621,5.330576,1.143125,OverRange,OverRange,OverRange,11.185104,13.791518,-2.073838
2026/06/11 07:45:00.269,n,-0.917994,6.339514,4.901094,1.674725,OverRange,OverRange,OverRange,11.171896,13.795816,-2.165304
2026/06/11 07:46:00.273,n,-0.883096,6.189492,5.134873,1.520228,OverRange,OverRange,OverRange,11.22082,13.792592,-2.103104
2026/06/11 07:47:00.272,n,-0.637528,4.807194,4.996445,1.469742,OverRange,OverRange,OverRange,11.209194,13.796876,-1.906522
2026/06/11 07:48:00.276,n,-0.438661,6.289218,4.635666,1.204007,OverRange,OverRange,OverRange,11.189912,13.800134,-1.740997
2026/06/11 07:49:00.262,n,-0.280338,6.466804,4.570835,1.46374,OverRange,OverRange,OverRange,11.196234,13.805526,-1.542452
2026/06/11 07:50:00.261,n,-0.227863,6.135627,4.993296,1.348342,OverRange,OverRange,OverRange,11.2117,13.810916,-1.492112
2026/06/11 07:51:00.264,n,-0.073003,3.638978,4.029514,0.615525,OverRange,OverRange,OverRange,11.161526,13.810916,-1.427694
2026/06/11 07:52:00.268,n,0.026558,6.104095,5.321854,1.428773,OverRange,OverRange,OverRange,11.23705,13.814108,-1.213621
2026/06/11 07:53:00.268,n,0.301507,6.333951,6.083869,0.141534,OverRange,OverRange,OverRange,11.213226,13.81196,-0.991869
2026/06/11 07:54:00.270,n,0.506147,3.910181,5.422682,1.294691,OverRange,OverRange,OverRange,11.162282,13.821668,-0.735135
2026/06/11 07:55:00.274,n,0.605452,6.123732,4.887767,1.486144,OverRange,OverRange,OverRange,11.214742,13.821668,-0.489919
2026/06/11 07:56:00.274,n,0.821896,3.506029,4.705884,0.942929,OverRange,OverRange,OverRange,11.211712,13.823852,-0.411935
2026/06/11 07:57:00.278,n,1.023585,6.351162,4.445947,1.190987,OverRange,OverRange,OverRange,11.234768,13.825968,-0.141891
2026/06/11 07:58:00.261,n,1.453394,3.437283,5.261662,1.542701,OverRange,OverRange,OverRange,11.193208,13.828134,0.159638
2026/06/11 07:59:00.263,n,1.912198,3.60202,4.174391,0.813173,OverRange,OverRange,OverRange,11.159764,13.829208,0.622339
2026/06/11 08:00:00.266,n,2.163796,3.845233,4.14628,1.081371,OverRange,OverRange,OverRange,11.176718,13.828134,0.8888
2026/06/11 08:01:00.268,n,2.932063,6.262746,4.6455,1.073595,OverRange,OverRange,OverRange,11.204606,13.83346,1.530166
2026/06/11 08:02:00.271,n,3.697506,3.831815,4.476395,1.243993,OverRange,OverRange,OverRange,11.1937,13.83675,1.996622
2026/06/11 08:03:00.272,n,4.310913,6.173966,4.967908,1.193827,OverRange,OverRange,OverRange,11.230708,13.83675,2.631759
2026/06/11 08:04:00.274,n,5.195805,3.870993,4.783723,1.530584,OverRange,OverRange,OverRange,11.208166,13.842142,3.329011
2026/06/11 08:05:00.276,n,5.954834,6.182734,5.868356,0.558643,OverRange,OverRange,OverRange,11.28596,13.841034,4.000922
2026/06/11 08:06:00.278,n,6.778013,6.347027,4.618974,1.414875,OverRange,OverRange,OverRange,11.259106,13.844276,4.786909
2026/06/11 08:07:00.265,n,7.78107,3.922908,4.761219,1.389371,OverRange,OverRange,OverRange,11.230978,13.846426,5.687996
2026/06/11 08:08:00.269,n,8.566658,5.867718,4.752686,1.058112,OverRange,OverRange,OverRange,11.257574,13.844276,6.682424
2026/06/11 08:09:00.269,n,9.594734,3.762892,5.56683,0.98191,OverRange,OverRange,OverRange,11.220088,13.846426,7.469008
2026/06/11 08:10:00.270,n,10.414704,6.244692,5.80575,1.214187,OverRange,OverRange,OverRange,11.23528,13.846426,8.38767
2026/06/11 08:11:00.272,n,11.465362,3.782623,4.141679,1.113022,OverRange,OverRange,OverRange,11.180532,13.847534,9.41256
2026/06/11 08:12:00.274,n,12.697434,3.806185,4.697322,1.087815,OverRange,OverRange,OverRange,11.193208,13.8497,10.670632
2026/06/11 08:13:00.276,n,14.057812,3.797656,4.970041,1.453418,OverRange,OverRange,OverRange,11.184068,13.8497,12.08331
2026/06/11 08:14:00.278,n,15.434866,3.801957,4.551625,1.10811,OverRange,OverRange,OverRange,11.18306,13.847534,13.524314
2026/06/11 08:15:00.281,n,16.960618,4.005814,5.314695,1.153123,OverRange,OverRange,OverRange,11.202592,13.845352,15.100128
2026/06/11 08:16:00.268,n,18.561432,3.851088,4.428262,0.965151,OverRange,OverRange,OverRange,11.219056,13.847534,16.785494
2026/06/11 08:17:00.270,n,20.1761,4.958849,5.879152,0.576092,OverRange,OverRange,OverRange,11.228196,13.8497,18.372826
2026/06/11 08:18:00.269,n,21.78153,6.434096,5.964465,0.820671,OverRange,OverRange,OverRange,11.221588,13.850742,19.98217
2026/06/11 08:19:00.272,n,23.377594,6.606817,5.515552,1.331876,OverRange,OverRange,OverRange,11.207394,13.846426,21.617624
2026/06/11 08:20:00.274,n,24.914382,6.343796,5.51125,1.16472,OverRange,OverRange,OverRange,11.238064,13.8497,23.217072
2026/06/11 08:21:00.277,n,26.605006,3.722671,3.841139,0.201485,OverRange,OverRange,OverRange,11.200566,13.846426,24.866944
2026/06/11 08:22:00.277,n,28.119986,5.976196,4.929461,1.313881,OverRange,OverRange,OverRange,11.282166,13.844276,26.374754
2026/06/11 08:23:00.280,n,29.407098,6.48017,6.159062,0.255607,OverRange,OverRange,OverRange,11.282924,13.847534,27.328654
2026/06/11 08:24:00.284,n,30.295068,6.18513,4.925152,1.36471,OverRange,OverRange,OverRange,11.278108,13.851786,28.093908
2026/06/11 08:25:00.271,n,30.682412,3.119208,4.508501,1.422131,OverRange,OverRange,OverRange,11.247438,13.853968,28.320526
2026/06/11 08:26:00.270,n,30.664962,3.658685,4.817939,1.256797,OverRange,OverRange,OverRange,11.274822,13.853968,28.032052
2026/06/11 08:27:00.271,n,30.772608,5.945046,5.653541,1.157427,OverRange,OverRange,OverRange,11.319662,13.860434,27.7452
2026/06/11 08:28:00.273,n,31.110552,5.574875,5.068762,1.139537,OverRange,OverRange,OverRange,11.303712,13.860434,27.795366
2026/06/11 08:29:00.276,n,31.10157,6.273795,4.353528,1.024972,OverRange,OverRange,OverRange,11.312298,13.863644,27.75296
2026/06/11 08:30:00.277,n,31.191764,3.959428,4.835338,1.207086,OverRange,OverRange,OverRange,11.317648,13.856116,27.623186
2026/06/11 08:31:00.279,n,31.552676,3.848816,3.744053,0.126221,OverRange,OverRange,OverRange,11.32041,13.861542,27.79349
2026/06/11 08:32:00.283,n,32.847106,3.660889,3.80267,0.123619,OverRange,OverRange,OverRange,11.321416,13.869036,28.798582
2026/06/11 08:33:00.283,n,35.208484,5.15536,4.876594,1.199996,OverRange,OverRange,OverRange,11.360942,13.865826,31.075234
2026/06/11 08:34:00.269,n,38.415624,6.174853,5.227744,1.271372,OverRange,OverRange,OverRange,11.352856,13.871184,34.425576
2026/06/11 08:35:00.500,n,41.266468,6.423724,5.414125,1.352653,OverRange,OverRange,OverRange,11.358424,13.869036,37.452972
2026/06/11 08:36:00.273,n,43.550356,6.30131,4.851569,1.674065,OverRange,OverRange,OverRange,11.345998,13.873368,39.925096
2026/06/11 08:37:00.258,n,45.65796,3.98541,4.381226,1.049498,OverRange,OverRange,OverRange,11.32068,13.871184,41.967364
2026/06/11 08:38:00.277,n,48.028836,3.697384,5.70241,1.007311,OverRange,OverRange,OverRange,11.360942,13.87226,44.370452
2026/06/11 08:39:00.278,n,51.357212,5.844438,5.742806,1.259939,OverRange,OverRange,OverRange,11.394394,13.870112,48.018316
2026/06/11 08:40:00.264,n,56.614604,4.325677,5.062209,1.458521,OverRange,OverRange,OverRange,11.35843,13.880894,53.598036
2026/06/11 08:41:00.270,n,62.51338,3.37419,4.685975,1.548869,OverRange,OverRange,OverRange,11.380952,13.880894,59.608292
2026/06/11 08:42:00.269,n,69.264184,4.043866,5.321512,1.23138,OverRange,OverRange,OverRange,11.416942,13.878726,67.047616
2026/06/11 08:43:00.269,n,74.47372,6.092859,4.986485,1.257428,OverRange,OverRange,OverRange,11.45189,13.880894,73.965952
2026/06/11 08:44:00.274,n,73.386368,3.863781,4.594698,1.263964,OverRange,OverRange,OverRange,11.432898,13.88627,74.367824
2026/06/11 08:45:00.257,n,66.45504,3.127029,4.392339,1.551822,OverRange,OverRange,OverRange,11.472164,13.898094,67.830784
2026/06/11 08:46:00.260,n,59.146368,6.338322,4.950038,1.661571,OverRange,OverRange,OverRange,11.501022,13.90026,59.445072
2026/06/11 08:47:00.263,n,55.544324,6.287541,4.376202,1.520242,OverRange,OverRange,OverRange,11.512146,13.912086,54.589308
2026/06/11 08:48:00.263,n,54.27876,6.321265,5.237777,1.297333,OverRange,OverRange,OverRange,11.530396,13.920736,52.351908
2026/06/11 08:49:00.265,n,52.70784,3.76518,5.231713,1.40135,OverRange,OverRange,OverRange,11.522288,13.92717,50.345052
2026/06/11 08:50:00.268,n,51.310772,6.266712,4.748694,1.149679,OverRange,OverRange,OverRange,11.563824,13.94328,48.54484
2026/06/11 08:51:00.269,n,50.967956,6.17524,5.609129,1.379639,OverRange,OverRange,OverRange,11.594952,13.951928,47.90672
2026/06/11 08:52:00.271,n,51.022992,4.449065,4.652222,0.837039,OverRange,OverRange,OverRange,11.547612,13.960514,48.113112
2026/06/11 08:53:00.258,n,51.856824,6.786067,5.276609,1.499378,OverRange,OverRange,OverRange,11.582286,13.971296,49.15208
2026/06/11 08:54:00.260,n,55.108736,3.134606,4.402863,1.37217,OverRange,OverRange,OverRange,11.570888,13.983122,52.882616
2026/06/11 08:55:00.261,n,60.781052,6.124222,4.757038,1.476808,OverRange,OverRange,OverRange,11.626588,13.990682,59.71188
2026/06/11 08:56:00.262,n,65.29622,6.014563,5.493158,1.332833,OverRange,OverRange,OverRange,11.627858,13.999268,65.40722
2026/06/11 08:57:00.264,n,70.950312,5.930798,5.262602,1.162746,OverRange,OverRange,OverRange,11.560024,14.01005,71.760296
2026/06/11 08:58:00.268,n,76.203472,6.010157,4.817519,1.54925,OverRange,OverRange,OverRange,11.624542,14.016452,78.092384
2026/06/11 08:59:00.269,n,78.001992,4.345025,4.709164,1.036666,OverRange,OverRange,OverRange,11.593928,14.027268,80.969776
2026/06/11 09:00:00.271,n,79.009288,4.735432,4.961445,1.159614,OverRange,OverRange,OverRange,11.62557,14.0323,82.260448
2026/06/11 09:01:00.257,n,76.831632,3.800881,4.915416,1.564611,OverRange,OverRange,OverRange,11.65556,14.034452,80.703488
2026/06/11 09:02:00.258,n,69.763024,3.205313,4.870841,1.553157,OverRange,OverRange,OverRange,11.736028,14.048412,73.514504
2026/06/11 09:03:00.261,n,61.817472,6.053548,5.175513,1.499506,OverRange,OverRange,OverRange,11.821528,14.062388,64.728896
2026/06/11 09:04:00.263,n,56.460768,5.923154,4.760403,1.166137,OverRange,OverRange,OverRange,11.78155,14.079608,58.228292
2026/06/11 09:05:00.265,n,55.288616,3.426881,5.645054,1.095052,OverRange,OverRange,OverRange,11.761842,14.092508,56.27118
2026/06/11 09:06:00.266,n,57.2556,5.106338,5.261656,1.212327,OverRange,OverRange,OverRange,11.811418,14.114418,58.495184
2026/06/11 09:07:00.268,n,59.822392,6.111019,4.862023,1.502897,OverRange,OverRange,OverRange,11.777986,14.12196,61.465924
2026/06/11 09:08:00.271,n,67.419344,3.773514,4.18946,1.025766,OverRange,OverRange,OverRange,11.740804,14.139178,69.90624
2026/06/11 09:09:00.276,n,73.120656,5.041298,5.830662,0.43403,OverRange,OverRange,OverRange,11.828584,14.149914,77.271496
2026/06/11 09:10:00.260,n,76.872824,3.792022,4.842831,0.979556,OverRange,OverRange,OverRange,11.782796,14.163874,82.862144
2026/06/11 09:11:00.261,n,81.022976,3.985702,5.008981,1.374089,OverRange,OverRange,OverRange,11.797948,14.170342,89.868704
2026/06/11 09:12:00.264,n,84.870976,5.852665,4.626889,1.188757,OverRange,OverRange,OverRange,11.81212,14.181076,96.966816
2026/06/11 09:13:00.266,n,88.316112,3.818602,3.991706,0.888327,OverRange,OverRange,OverRange,11.79922,14.183212,103.3396
2026/06/11 09:14:00.266,n,90.21484,2.822109,4.640435,1.45293,OverRange,OverRange,OverRange,11.827052,14.194012,107.33184
2026/06/11 09:15:00.268,n,90.113872,6.342789,4.617297,1.400285,OverRange,OverRange,OverRange,11.814424,14.202614,107.80758
2026/06/11 09:16:00.272,n,90.529176,4.921527,4.814022,1.149501,OverRange,OverRange,OverRange,11.807572,14.210122,108.01876
2026/06/11 09:17:00.275,n,92.08072,5.545367,5.447798,0.960899,OverRange,OverRange,OverRange,11.853104,14.216558,109.93732
2026/06/11 09:18:00.274,n,94.376656,6.022243,6.186936,0.136942,OverRange,OverRange,OverRange,11.855398,14.225176,113.05592
2026/06/11 09:19:00.260,n,98.978952,5.989436,4.949948,1.401349,OverRange,OverRange,OverRange,11.852352,14.228384,120.29856
2026/06/11 09:20:00.261,n,115.41508,6.070606,5.506886,1.02556,OverRange,OverRange,OverRange,11.886744,14.241286,152.4347
2026/06/11 09:21:00.264,n,144.8404,6.222254,5.921826,0.251885,OverRange,OverRange,OverRange,11.948436,14.247722,219.5315
2026/06/11 09:22:00.265,n,149.15132,5.773658,5.181474,1.169341,OverRange,OverRange,OverRange,11.93453,14.257414,234.83012
2026/06/11 09:23:00.267,n,145.8468,3.867957,4.96932,1.180312,OverRange,OverRange,OverRange,12.01645,14.265984,227.39848
2026/06/11 09:24:00.269,n,150.72878,3.782955,4.441828,1.101993,OverRange,OverRange,OverRange,12.046758,14.281036,237.73456
2026/06/11 09:25:00.271,n,144.6346,3.403934,4.627031,1.379913,OverRange,OverRange,OverRange,12.050552,14.303614,225.1551
2026/06/11 09:26:00.273,n,147.80504,6.25975,5.024331,1.172379,OverRange,OverRange,OverRange,12.091752,14.325134,228.10484
2026/06/11 09:27:00.275,n,140.00936,3.301349,4.75011,1.479224,OverRange,OverRange,OverRange,12.079122,14.341214,210.83372
2026/06/11 09:28:00.261,n,136.03458,4.037708,5.062042,1.163179,OverRange,OverRange,OverRange,12.126628,14.365928,196.25028
2026/06/11 09:29:00.262,n,139.70132,4.557404,4.767864,1.224804,OverRange,OverRange,OverRange,12.124864,14.39491,195.8318
2026/06/11 09:30:00.264,n,148.13006,3.802951,4.18639,0.495293,OverRange,OverRange,OverRange,12.130688,14.41749,203.44422
2026/06/11 09:31:00.269,n,175.43736,5.863205,5.437388,1.262072,OverRange,OverRange,OverRange,12.186768,14.446456,251.9912
2026/06/11 09:32:00.269,n,186.8256,3.506626,3.791566,0.402226,OverRange,OverRange,OverRange,12.150656,14.460532,274.69924
2026/06/11 09:33:00.273,n,184.54046,3.952373,4.36441,0.969053,OverRange,OverRange,OverRange,12.232544,14.487364,272.55688
2026/06/11 09:34:00.273,n,184.06496,3.30618,5.100121,1.206219,OverRange,OverRange,OverRange,12.312596,14.519572,274.37766
2026/06/11 09:35:00.275,n,161.83206,3.627226,4.474861,1.23781,OverRange,OverRange,OverRange,12.449428,14.560336,223.03434
2026/06/11 09:36:00.280,n,145.91454,6.291085,5.312036,1.512494,OverRange,OverRange,OverRange,12.458766,14.584708,180.68122
2026/06/11 09:37:00.264,n,140.9838,6.510749,4.566062,1.492029,OverRange,OverRange,OverRange,12.325624,14.619002,162.2149
2026/06/11 09:38:00.265,n,151.1351,3.941239,4.604573,1.067527,OverRange,OverRange,OverRange,12.259456,14.657648,178.15502
2026/06/11 09:39:00.267,n,149.97218,4.932535,5.234597,1.232168,OverRange,OverRange,OverRange,12.316524,14.69957,169.7026
2026/06/11 09:40:00.268,n,157.75146,3.351229,4.787845,1.453628,OverRange,OverRange,OverRange,12.316792,14.729612,175.7165
2026/06/11 09:41:00.274,n,175.9716,6.299145,4.80544,1.180503,OverRange,OverRange,OverRange,12.357442,14.76179,200.96766
2026/06/11 09:42:00.272,n,182.65004,5.050372,5.400745,1.017422,OverRange,OverRange,OverRange,12.510896,14.802524,213.2217
2026/06/11 09:43:00.275,n,193.12658,6.03574,4.855546,1.368472,OverRange,OverRange,OverRange,12.652684,14.841076,229.57078
2026/06/11 09:44:00.276,n,194.80158,5.946251,5.211214,1.33557,OverRange,OverRange,OverRange,12.54069,14.873236,236.18598
2026/06/11 09:45:00.279,n,189.95282,6.091563,4.525841,1.264862,OverRange,OverRange,OverRange,12.574738,14.909702,226.84346
2026/06/11 09:46:00.264,n,187.15638,6.342116,6.031826,0.153043,OverRange,OverRange,OverRange,12.51975,14.94397,228.0273
2026/06/11 09:47:00.268,n,176.84996,5.926439,5.072203,1.243925,OverRange,OverRange,OverRange,12.597454,14.978266,209.42682
2026/06/11 09:48:00.270,n,175.91182,4.512617,4.714847,1.251559,OverRange,OverRange,OverRange,12.593434,15.017746,211.12562
2026/06/11 09:49:00.271,n,178.79436,3.75158,4.795767,1.097273,OverRange,OverRange,OverRange,12.57776,15.04662,223.55812
2026/06/11 09:50:00.278,n,158.96506,6.403073,4.128566,1.12895,OverRange,OverRange,OverRange,12.77119,15.080952,180.46496
2026/06/11 09:51:00.275,n,155.13438,5.415366,6.019092,0.332981,OverRange,OverRange,OverRange,12.61964,15.111978,171.21314
2026/06/11 09:52:00.277,n,148.41692,3.129287,5.162672,1.394741,OverRange,OverRange,OverRange,12.527308,15.146246,159.1788
2026/06/11 09:53:00.279,n,149.73572,4.036969,4.667963,1.28357,OverRange,OverRange,OverRange,12.569698,15.17512,157.86714
2026/06/11 09:54:00.283,n,158.72334,3.281251,4.717399,1.166822,OverRange,OverRange,OverRange,12.587098,15.20295,169.16198
2026/06/11 09:55:00.267,n,171.60232,3.292981,4.659371,1.236359,OverRange,OverRange,OverRange,12.608038,15.231858,185.72538
2026/06/11 09:56:00.268,n,182.74206,3.949849,4.163108,1.01217,OverRange,OverRange,OverRange,12.597688,15.263946,200.34942
2026/06/11 09:57:00.270,n,190.22468,3.387183,4.97356,1.360369,OverRange,OverRange,OverRange,12.483378,15.283222,213.12724
2026/06/11 09:58:00.274,n,196.25648,6.249116,4.712069,1.339092,OverRange,OverRange,OverRange,12.513668,15.29383,222.54262
2026/06/11 09:59:00.274,n,197.07776,3.751782,4.333246,1.261747,OverRange,OverRange,OverRange,12.51969,15.315226,226.05542
2026/06/11 10:00:00.280,n,220.43458,5.756661,4.649162,1.07453,OverRange,OverRange,OverRange,12.596126,15.34094,275.60324
2026/06/11 10:01:00.280,n,241.3733,3.370098,5.113753,1.384608,OverRange,OverRange,OverRange,12.661946,15.361214,325.40052
2026/06/11 10:02:00.280,n,210.08746,5.759435,4.781449,1.310521,OverRange,OverRange,OverRange,12.725998,15.38797,265.49088
2026/06/11 10:03:00.282,n,214.3807,4.045717,4.577885,1.046223,OverRange,OverRange,OverRange,12.659176,15.414664,265.15332
2026/06/11 10:04:00.268,n,204.55604,6.490113,5.272867,1.395106,OverRange,OverRange,OverRange,12.703304,15.42938,245.94312
2026/06/11 10:05:00.270,n,202.49322,6.508785,4.64642,1.349669,OverRange,OverRange,OverRange,12.740718,15.452862,235.8694
2026/06/11 10:06:00.272,n,210.69666,5.95867,5.267316,1.018819,OverRange,OverRange,OverRange,12.806042,15.479636,244.85552
2026/06/11 10:07:00.274,n,212.83492,6.098836,5.807161,0.435294,OverRange,OverRange,OverRange,12.825192,15.505254,242.0998
2026/06/11 10:08:00.277,n,212.96836,5.861641,5.904961,0.054324,OverRange,OverRange,OverRange,12.956738,15.530888,239.10168
2026/06/11 10:09:00.277,n,208.51772,3.343569,5.492781,1.063268,OverRange,OverRange,OverRange,13.079132,15.562976,230.04186
2026/06/11 10:10:00.279,n,209.88488,3.853858,3.91492,0.054506,OverRange,OverRange,OverRange,13.252178,15.58646,231.26982
2026/06/11 10:11:00.282,n,232.9493,5.671644,4.90773,0.996389,OverRange,OverRange,OverRange,13.28181,15.62598,276.57656
2026/06/11 10:12:00.284,n,246.59078,5.796031,5.49454,1.269899,OverRange,OverRange,OverRange,13.372422,15.652676,312.09512
2026/06/11 10:13:00.270,n,226.35772,3.674299,5.223983,1.209543,OverRange,OverRange,OverRange,13.48555,15.687908,267.08664
2026/06/11 10:14:00.276,n,253.08332,6.191368,4.921121,1.44221,OverRange,OverRange,OverRange,13.552074,15.730184,322.48614
2026/06/11 10:15:00.274,n,247.26088,6.218861,5.262785,0.956862,OverRange,OverRange,OverRange,13.36672,15.75274,318.33234
2026/06/11 10:16:00.260,n,246.6471,6.396534,4.554221,1.129961,OverRange,OverRange,OverRange,13.272324,15.797902,316.74728
2026/06/11 10:17:00.262,n,274.34586,6.502382,5.922378,0.486371,OverRange,OverRange,OverRange,13.353078,15.84083,368.26256
2026/06/11 10:18:00.263,n,238.6809,3.662501,4.585118,1.183525,OverRange,OverRange,OverRange,13.566366,15.876294,302.30008
2026/06/11 10:19:00.265,n,205.23628,6.119775,5.251704,0.992992,OverRange,OverRange,OverRange,13.729996,15.911742,236.98766
2026/06/11 10:20:00.267,n,259.44296,5.930523,5.241627,1.113502,OverRange,OverRange,OverRange,13.716076,15.945954,341.86612
2026/06/11 10:21:00.269,n,263.27822,3.74978,5.271508,0.880882,OverRange,OverRange,OverRange,13.772344,15.978144,350.83716
2026/06/11 10:22:00.271,n,241.4649,5.344355,5.0718,1.063026,OverRange,OverRange,OverRange,13.892884,16.020032,304.52432
2026/06/11 10:23:00.256,n,217.48518,5.739974,4.485831,0.986953,OverRange,OverRange,OverRange,13.867106,16.056478,252.41182
2026/06/11 10:24:00.259,n,233.28826,4.115366,5.309689,1.170796,OverRange,OverRange,OverRange,13.90704,16.094046,280.5745
2026/06/11 10:25:00.260,n,234.24052,5.412525,4.575166,0.726756,OverRange,OverRange,OverRange,14.01643,16.13375,279.18546
2026/06/11 10:26:00.268,n,253.39648,4.946042,4.965307,1.17531,OverRange,OverRange,OverRange,14.080064,16.17023,317.75132
2026/06/11 10:27:00.267,n,242.57972,3.730415,4.149252,1.155019,OverRange,OverRange,OverRange,14.146214,16.209934,295.51502
2026/06/11 10:28:00.269,n,242.14246,5.686645,4.991085,1.263818,OverRange,OverRange,OverRange,14.173976,16.249544,294.84238
2026/06/11 10:29:00.267,n,324.49206,6.5106,5.508919,0.773258,OverRange,OverRange,OverRange,14.280996,16.275036,458.1786
2026/06/11 10:30:00.270,n,317.9147,4.04166,4.243003,0.748648,OverRange,OverRange,OverRange,14.298956,16.307178,448.85164
2026/06/11 10:31:00.272,n,329.67658,5.749319,4.92488,0.929479,OverRange,OverRange,OverRange,14.470226,16.351126,469.05752
2026/06/11 10:32:00.257,n,335.10026,6.130751,5.769233,0.417077,OverRange,OverRange,OverRange,14.578908,16.399374,480.28172
2026/06/11 10:33:00.261,n,347.75368,3.834106,4.490934,1.152945,OverRange,OverRange,OverRange,14.713242,16.446516,500.88612
2026/06/11 10:34:00.262,n,336.12228,3.928496,4.762375,1.100874,OverRange,OverRange,OverRange,14.76891,16.49793,478.17704
2026/06/11 10:35:00.264,n,329.28808,4.683455,4.633771,0.985693,OverRange,OverRange,OverRange,14.787308,16.565222,461.58604
2026/06/11 10:36:00.265,n,322.56188,4.392753,5.414671,0.612088,OverRange,OverRange,OverRange,14.816438,16.614518,442.8152
2026/06/11 10:37:00.267,n,319.44418,5.602282,5.080741,0.959714,OverRange,OverRange,OverRange,14.945868,16.669096,432.97892
2026/06/11 10:38:00.271,n,316.1294,5.994698,5.852439,0.205143,OverRange,OverRange,OverRange,15.060674,16.72687,424.82444
2026/06/11 10:39:00.276,n,316.02048,5.848012,4.922736,1.049353,OverRange,OverRange,OverRange,15.198808,16.790024,423.0056
2026/06/11 10:40:00.258,n,309.36166,3.529645,5.16802,0.853703,OverRange,OverRange,OverRange,15.231486,16.848844,409.53804
2026/06/11 10:41:00.259,n,319.05426,5.690871,5.704184,0.119265,OverRange,OverRange,OverRange,15.236018,16.875386,427.12924
2026/06/11 10:42:00.262,n,303.2785,4.119401,4.531242,0.746023,OverRange,OverRange,OverRange,15.363144,16.927782,401.20152
2026/06/11 10:43:00.262,n,296.56568,4.269687,4.346228,0.580536,OverRange,OverRange,OverRange,15.426758,16.989736,390.2882
2026/06/11 10:44:00.264,n,318.00596,4.05208,4.323943,0.91762,OverRange,OverRange,OverRange,15.524272,17.050614,430.28384
2026/06/11 10:45:00.267,n,307.77416,3.538011,4.411948,1.001375,OverRange,OverRange,OverRange,15.522752,17.113644,412.56344
2026/06/11 10:46:00.268,n,295.15296,6.221217,5.316087,1.172181,OverRange,OverRange,OverRange,15.68681,17.177456,388.915
2026/06/11 10:47:00.270,n,288.90534,6.429237,4.885081,1.092991,OverRange,OverRange,OverRange,15.649598,17.236218,376.59128
2026/06/11 10:48:00.274,n,273.77366,5.963829,5.921063,0.193917,OverRange,OverRange,OverRange,15.638286,17.28846,348.78804
2026/06/11 10:49:00.259,n,271.13436,4.202813,4.751693,1.028194,OverRange,OverRange,OverRange,15.596344,17.345068,341.8134
2026/06/11 10:50:00.259,n,281.7966,4.106024,4.335825,0.846729,OverRange,OverRange,OverRange,15.67772,17.399464,358.34544
2026/06/11 10:51:00.261,n,284.07712,6.550124,4.780737,1.194474,OverRange,OverRange,OverRange,15.601624,17.441694,358.65384
2026/06/11 10:52:00.266,n,290.02848,5.850484,5.059664,0.930752,OverRange,OverRange,OverRange,15.519084,17.48223,367.33316
2026/06/11 10:53:00.267,n,289.97906,5.919931,4.692062,1.100089,OverRange,OverRange,OverRange,15.621588,17.525928,367.25676
2026/06/11 10:54:00.268,n,292.98788,3.982545,5.252345,1.128928,OverRange,OverRange,OverRange,15.63792,17.579218,369.59104
2026/06/11 10:55:00.275,n,307.46946,6.194915,5.19477,0.810533,OverRange,OverRange,OverRange,15.673824,17.622886,388.2748
2026/06/11 10:56:00.273,n,316.99134,6.378466,5.015454,1.270765,OverRange,OverRange,OverRange,15.718516,17.662282,400.45048
2026/06/11 10:57:00.274,n,346.2618,4.264378,5.134248,1.16851,OverRange,OverRange,OverRange,15.803578,17.69959,445.50792
2026/06/11 10:58:00.260,n,359.6224,5.149264,5.464901,0.695675,OverRange,OverRange,OverRange,15.874634,17.758882,468.80956
2026/06/11 10:59:00.263,n,359.02672,3.629176,4.509598,1.255671,OverRange,OverRange,OverRange,15.91531,17.805718,468.0184
2026/06/11 11:00:00.266,n,327.25156,4.764469,5.538569,0.40883,OverRange,OverRange,OverRange,16.075348,17.850854,418.22388
2026/06/11 11:01:00.268,n,318.06186,5.677924,4.591013,0.673339,OverRange,OverRange,OverRange,16.125504,17.89981,401.26784
2026/06/11 11:02:00.272,n,323.6091,3.958995,4.382279,0.805378,OverRange,OverRange,OverRange,16.074098,17.953006,412.71468
2026/06/11 11:03:00.272,n,306.69412,5.891009,5.259695,1.065973,OverRange,OverRange,OverRange,16.107458,18.010444,385.82792
2026/06/11 11:04:00.273,n,291.41388,4.00985,3.879024,0.20809,OverRange,OverRange,OverRange,15.991328,18.066804,357.50536
2026/06/11 11:05:00.276,n,299.04406,5.881959,4.816004,0.986414,OverRange,OverRange,OverRange,15.870392,18.114688,367.61012
2026/06/11 11:06:00.277,n,308.45162,5.91529,4.514298,1.090162,OverRange,OverRange,OverRange,15.935908,18.14949,384.52864
2026/06/11 11:07:00.267,n,289.09754,5.837446,4.975071,1.176194,OverRange,OverRange,OverRange,15.8744,18.192024,342.07944
2026/06/11 11:08:00.263,n,308.9244,5.337811,4.49223,0.801019,OverRange,OverRange,OverRange,15.873922,18.23133,374.61028
2026/06/11 11:09:00.269,n,303.2472,3.817477,5.310511,0.769718,OverRange,OverRange,OverRange,15.823706,18.273862,361.77284
2026/06/11 11:10:00.267,n,293.57382,5.672555,5.282061,1.190905,OverRange,OverRange,OverRange,15.832744,18.313202,348.11852
2026/06/11 11:11:00.270,n,276.46244,5.839134,4.889166,1.078227,OverRange,OverRange,OverRange,15.836264,18.3514,319.6587
2026/06/11 11:12:00.274,n,303.2078,5.696572,5.654319,0.088112,OverRange,OverRange,OverRange,15.749416,18.381148,367.98704
2026/06/11 11:13:00.274,n,300.50416,4.154531,4.499353,0.853527,OverRange,OverRange,OverRange,15.686152,18.411876,363.92488
2026/06/11 11:14:00.276,n,309.05734,5.67895,4.634408,0.882038,OverRange,OverRange,OverRange,15.833746,18.429198,383.54552
2026/06/11 11:15:00.278,n,330.60702,3.640084,5.013488,1.275254,OverRange,OverRange,OverRange,15.714828,18.453338,431.36124
2026/06/11 11:16:00.264,n,290.47274,4.577344,5.479315,0.689975,OverRange,OverRange,OverRange,15.7078,18.477934,367.40104
2026/06/11 11:17:00.267,n,268.91152,4.116118,4.587719,1.051262,OverRange,OverRange,OverRange,15.64653,18.503604,332.40048
2026/06/11 11:18:00.268,n,260.10282,5.636997,4.674351,0.922702,OverRange,OverRange,OverRange,15.685964,18.52282,322.25198
2026/06/11 11:19:00.270,n,250.84038,4.198822,5.0467,1.134428,OverRange,OverRange,OverRange,15.61967,18.542032,309.23276
2026/06/11 11:20:00.274,n,290.6936,6.08331,5.041466,0.939063,OverRange,OverRange,OverRange,15.568188,18.548818,367.8676
2026/06/11 11:21:00.276,n,336.22364,5.43295,4.77364,1.235688,OverRange,OverRange,OverRange,15.51938,18.556288,442.3378
2026/06/11 11:22:00.276,n,338.84996,5.67598,4.79755,0.799406,OverRange,OverRange,OverRange,15.529424,18.572306,447.46828
2026/06/11 11:23:00.278,n,287.07822,3.962905,4.211392,0.864484,OverRange,OverRange,OverRange,15.552786,18.581898,362.7126
2026/06/11 11:24:00.280,n,281.25704,6.149069,5.063121,1.015633,OverRange,OverRange,OverRange,15.598516,18.594488,358.44936
2026/06/11 11:25:00.266,n,255.7426,3.502813,3.837463,0.183556,OverRange,OverRange,OverRange,15.582402,18.594488,313.45908
2026/06/11 11:26:00.268,n,276.168,4.266526,3.908388,0.351914,OverRange,OverRange,OverRange,15.558044,18.60835,351.59256
2026/06/11 11:27:00.270,n,261.34872,5.934151,5.44599,0.891957,OverRange,OverRange,OverRange,15.568838,18.62013,329.47106
2026/06/11 11:28:00.272,n,262.6235,3.638677,4.671419,1.060028,OverRange,OverRange,OverRange,15.615042,18.625446,332.90738
2026/06/11 11:29:00.275,n,293.24344,5.54724,5.114743,0.872935,OverRange,OverRange,OverRange,15.62711,18.633994,386.7318
2026/06/11 11:30:00.275,n,333.99058,5.081964,4.710781,0.996888,OverRange,OverRange,OverRange,15.47313,18.644662,463.21608
2026/06/11 11:31:00.278,n,357.75716,3.696838,5.377072,0.853996,OverRange,OverRange,OverRange,15.57511,18.653176,506.33188
2026/06/11 11:32:00.280,n,389.71436,3.728188,5.153608,1.148002,OverRange,OverRange,OverRange,15.68535,18.667104,564.35632
2026/06/11 11:33:00.281,n,399.86464,3.456432,4.577689,1.003047,OverRange,OverRange,OverRange,15.725038,18.674576,584.09716
2026/06/11 11:34:00.267,n,382.44832,3.950528,5.193466,1.08193,OverRange,OverRange,OverRange,15.962926,18.692712,552.29732
2026/06/11 11:35:00.269,n,370.59384,3.883853,4.561305,1.214539,OverRange,OverRange,OverRange,15.898962,18.717278,527.82128
2026/06/11 11:36:00.271,n,371.55992,4.102667,5.046608,0.901076,OverRange,OverRange,OverRange,15.992254,18.739658,528.54632
2026/06/11 11:37:00.274,n,354.4158,5.63487,4.686079,0.94736,OverRange,OverRange,OverRange,16.088324,18.769542,498.9952
2026/06/11 11:38:00.276,n,360.675,4.097538,4.760569,0.856941,OverRange,OverRange,OverRange,16.147248,18.80259,506.64824
2026/06/11 11:39:00.261,n,377.57132,3.758791,4.814008,0.936058,OverRange,OverRange,OverRange,16.16653,18.830384,532.18388
2026/06/11 11:40:00.280,n,365.9402,5.76622,4.902229,0.807429,OverRange,OverRange,OverRange,16.158006,18.862356,510.89636
2026/06/11 11:41:00.283,n,354.43568,3.869543,5.126609,1.004828,OverRange,OverRange,OverRange,16.30211,18.892206,485.05116
2026/06/11 11:42:00.286,n,341.07612,3.939705,5.590441,0.835295,OverRange,OverRange,OverRange,16.155252,18.924214,462.81016
2026/06/11 11:43:00.271,n,326.8995,4.176556,4.538139,0.972324,OverRange,OverRange,OverRange,16.332184,18.952338,435.97496
2026/06/11 11:44:00.274,n,316.39844,5.541902,4.432471,0.904166,OverRange,OverRange,OverRange,16.21017,18.975826,411.45376
2026/06/11 11:45:00.273,n,276.95884,6.257974,5.99311,0.281819,OverRange,OverRange,OverRange,15.956706,18.997162,338.6936
2026/06/11 11:46:00.276,n,268.59338,3.825496,5.001508,1.143447,OverRange,OverRange,OverRange,15.929348,19.022708,311.60196
2026/06/11 11:47:00.278,n,290.79044,4.183193,4.591036,0.948322,OverRange,OverRange,OverRange,16.075074,19.037652,337.09508
2026/06/11 11:48:00.263,n,307.39698,3.754679,4.397687,0.906261,OverRange,OverRange,OverRange,16.154038,19.053638,366.00188
2026/06/11 11:49:00.280,n,341.38356,5.503726,4.819474,0.932801,OverRange,OverRange,OverRange,16.052506,19.06956,408.64772
2026/06/11 11:50:00.273,n,391.72892,4.229672,4.529086,0.859171,OverRange,OverRange,OverRange,16.089106,19.083426,491.59684
2026/06/11 11:51:00.268,n,359.08084,4.46849,4.658561,0.957514,OverRange,OverRange,OverRange,16.202932,19.092824,450.82908
2026/06/11 11:52:00.270,n,369.22844,5.68568,4.960906,0.867905,OverRange,OverRange,OverRange,16.262864,19.11305,465.15428
2026/06/11 11:53:00.257,n,351.65196,5.501997,5.485517,0.036851,OverRange,OverRange,OverRange,16.23057,19.134226,428.71304
2026/06/11 11:54:00.258,n,401.04408,5.371918,5.036932,0.792578,OverRange,OverRange,OverRange,16.134492,19.147048,511.30704
2026/06/11 11:55:00.260,n,329.52584,5.451012,5.187337,1.164791,OverRange,OverRange,OverRange,16.336448,19.171548,380.95668
2026/06/11 11:56:00.262,n,415.25912,5.150298,5.438832,0.864991,OverRange,OverRange,OverRange,16.38354,19.194944,525.3394
2026/06/11 11:57:00.266,n,445.70296,3.906488,4.669726,0.932922,OverRange,OverRange,OverRange,16.32743,19.218338,589.48364
2026/06/11 11:58:00.266,n,406.17952,5.721725,4.916844,1.232682,OverRange,OverRange,OverRange,16.512304,19.248192,551.3554
2026/06/11 11:59:00.269,n,366.5922,3.980823,4.607445,0.937896,OverRange,OverRange,OverRange,16.402872,19.27162,498.98496
2026/06/11 12:00:00.270,n,353.4242,5.902511,5.717291,0.316363,OverRange,OverRange,OverRange,16.413076,19.297136,489.17264
2026/06/11 12:01:00.271,n,445.64952,6.251759,5.241627,1.306824,OverRange,OverRange,OverRange,16.460978,19.329078,650.30376
2026/06/11 12:02:00.257,n,445.63744,5.866042,5.15374,1.079224,OverRange,OverRange,OverRange,16.505662,19.35355,650.30732
2026/06/11 12:03:00.260,n,355.03184,4.165495,5.284583,0.552557,OverRange,OverRange,OverRange,16.7255,19.379096,500.42896
2026/06/11 12:04:00.262,n,439.0476,5.092981,4.597895,0.68067,OverRange,OverRange,OverRange,16.576742,19.407844,644.79732
2026/06/11 12:05:00.264,n,407.10672,3.82504,5.022699,1.105028,OverRange,OverRange,OverRange,16.817358,19.434438,596.10884
2026/06/11 12:06:00.266,n,394.2516,6.221854,4.856868,1.186737,OverRange,OverRange,OverRange,16.885406,19.454638,571.71556
2026/06/11 12:07:00.268,n,400.12656,3.997434,4.719379,0.799156,OverRange,OverRange,OverRange,16.958618,19.488668,581.35448
2026/06/11 12:08:00.270,n,417.88428,4.124694,4.409985,0.737947,OverRange,OverRange,OverRange,16.967926,19.524856,611.07976
2026/06/11 12:09:00.272,n,410.12528,5.509997,4.881946,1.018116,OverRange,OverRange,OverRange,17.056422,19.556736,599.10888
2026/06/11 12:10:00.257,n,379.89976,5.873127,5.33379,0.744298,OverRange,OverRange,OverRange,17.262506,19.590768,543.74224
2026/06/11 12:11:00.260,n,398.23024,5.708651,5.180614,1.034463,OverRange,OverRange,OverRange,17.23639,19.629048,570.5274
2026/06/11 12:12:00.261,n,454.21,4.776356,4.645342,0.909252,OverRange,OverRange,OverRange,17.370768,19.66308,655.1186
2026/06/11 12:13:00.264,n,439.5956,6.106032,5.189211,0.803479,OverRange,OverRange,OverRange,17.408936,19.703448,631.86724
2026/06/11 12:14:00.462,n,460.2438,5.24194,5.441299,0.101367,OverRange,OverRange,OverRange,17.518418,19.74065,660.84088
2026/06/11 12:15:00.268,n,450.58096,4.036245,5.032546,0.572865,OverRange,OverRange,OverRange,17.514648,19.779906,658.006
2026/06/11 12:16:00.269,n,494.62404,5.501885,5.448338,0.075138,OverRange,OverRange,OverRange,17.584162,19.812408,732.76016
2026/06/11 12:17:00.271,n,457.07688,4.950264,4.994419,0.700211,OverRange,OverRange,OverRange,17.624476,19.854866,672.18928
2026/06/11 12:18:00.272,n,439.90328,6.048075,4.990586,0.762305,OverRange,OverRange,OverRange,17.795548,19.902672,637.65044
2026/06/11 12:19:00.258,n,408.01064,5.451502,5.068975,0.833746,OverRange,OverRange,OverRange,17.839682,19.952572,591.56056
2026/06/11 12:20:00.260,n,426.19136,5.597142,4.905115,1.32725,OverRange,OverRange,OverRange,17.930688,20.002406,623.60308
2026/06/11 12:21:00.265,n,443.60668,3.800506,5.019256,0.987568,OverRange,OverRange,OverRange,17.841934,20.05018,656.69572
2026/06/11 12:22:00.266,n,450.79036,5.436787,4.78488,1.095803,OverRange,OverRange,OverRange,17.899612,20.090486,665.4456
2026/06/11 12:23:00.267,n,421.51088,5.367384,4.857602,0.956814,OverRange,OverRange,OverRange,17.90188,20.138236,623.46148
2026/06/11 12:24:00.269,n,449.23436,5.413218,5.298623,0.83014,OverRange,OverRange,OverRange,18.009888,20.172698,670.25188
2026/06/11 12:25:00.272,n,416.30924,4.85756,4.44994,0.601461,OverRange,OverRange,OverRange,18.13082,20.204484,612.65132
2026/06/11 12:26:00.275,n,389.16052,5.625245,4.948975,0.911334,OverRange,OverRange,OverRange,18.259592,20.246914,564.31416
2026/06/11 12:27:00.276,n,382.90556,4.116068,4.817184,0.861197,OverRange,OverRange,OverRange,18.216498,20.28187,548.1122
2026/06/11 12:28:00.261,n,374.85416,3.961261,4.768132,1.003193,OverRange,OverRange,OverRange,18.144384,20.316824,533.28052
2026/06/11 12:29:00.266,n,374.23424,4.125248,5.116616,0.852879,OverRange,OverRange,OverRange,18.145126,20.357134,531.49736
2026/06/11 12:30:00.266,n,367.16652,6.278133,5.121177,0.961128,OverRange,OverRange,OverRange,18.22378,20.39075,518.00896
2026/06/11 12:31:00.269,n,358.87224,4.057807,4.875044,1.225306,OverRange,OverRange,OverRange,18.088746,20.420418,506.39932
2026/06/11 12:32:00.271,n,373.75504,5.782478,5.27974,0.987959,OverRange,OverRange,OverRange,17.961236,20.4448,532.84248
2026/06/11 12:33:00.276,n,421.36096,4.391854,4.82072,1.033099,OverRange,OverRange,OverRange,18.206244,20.474404,618.79292
2026/06/11 12:34:00.275,n,415.60556,5.692298,4.450764,0.732404,OverRange,OverRange,OverRange,18.071726,20.501952,615.21032
2026/06/11 12:35:00.276,n,404.75636,5.113012,4.734399,0.852651,OverRange,OverRange,OverRange,18.109552,20.527346,604.36756
2026/06/11 12:36:00.278,n,418.2556,5.81386,4.938331,1.101845,OverRange,OverRange,OverRange,17.989066,20.543568,628.987
2026/06/11 12:37:00.264,n,425.76256,5.731703,5.064913,0.955763,OverRange,OverRange,OverRange,18.073196,20.564718,647.54192
2026/06/11 12:38:00.266,n,436.56688,5.881583,5.076745,0.811888,OverRange,OverRange,OverRange,18.0298,20.590112,672.59768
2026/06/11 12:39:00.268,n,429.04624,3.684029,5.033292,0.786401,OverRange,OverRange,OverRange,18.134094,20.624026,658.0468
2026/06/11 12:40:00.270,n,439.7878,4.277206,4.252714,0.413904,OverRange,OverRange,OverRange,18.261042,20.656798,675.57576
2026/06/11 12:41:00.273,n,420.21412,4.209445,4.491137,0.490905,OverRange,OverRange,OverRange,18.007578,20.679028,647.21656
2026/06/11 12:42:00.274,n,384.73808,5.59533,4.422674,0.656995,OverRange,OverRange,OverRange,18.147608,20.714996,580.38892
2026/06/11 12:43:00.276,n,352.28384,4.068323,4.522044,0.914605,OverRange,OverRange,OverRange,18.191432,20.737192,518.26508
2026/06/11 12:44:00.278,n,310.44834,5.290867,5.260639,0.863154,OverRange,OverRange,OverRange,18.123816,20.753678,440.67196
2026/06/11 12:45:00.281,n,328.59472,5.428425,5.057426,0.628855,OverRange,OverRange,OverRange,18.10289,20.769476,465.54612
2026/06/11 12:46:00.267,n,317.5968,5.579969,4.924387,0.980757,OverRange,OverRange,OverRange,18.064332,20.79174,446.07028
2026/06/11 12:47:00.269,n,301.50168,5.587147,4.907617,0.890664,OverRange,OverRange,OverRange,17.963602,20.80966,416.44156
2026/06/11 12:48:00.270,n,306.81974,4.812217,4.354964,0.489157,OverRange,OverRange,OverRange,17.69906,20.822388,426.21956
2026/06/11 12:49:00.274,n,308.54052,5.395692,5.557006,0.29536,OverRange,OverRange,OverRange,17.536234,20.832936,427.65756
2026/06/11 12:50:00.275,n,320.52332,4.340149,4.776249,0.546018,OverRange,OverRange,OverRange,17.54477,20.831856,445.76188
2026/06/11 12:51:00.281,n,336.60136,5.931909,5.037615,0.636412,OverRange,OverRange,OverRange,17.514908,20.844586,470.36568
2026/06/11 12:52:00.281,n,389.04616,4.772598,4.889295,0.672955,OverRange,OverRange,OverRange,17.467458,20.842464,560.6676
2026/06/11 12:53:00.281,n,389.95544,5.686781,5.184286,0.880575,OverRange,OverRange,OverRange,17.651412,20.832478,565.56048
2026/06/11 12:54:00.283,n,366.35716,6.101206,5.148175,0.789382,OverRange,OverRange,OverRange,17.677896,20.82399,527.59772
2026/06/11 12:55:00.269,n,357.12096,3.724138,4.791654,0.944064,OverRange,OverRange,OverRange,17.590362,20.82399,511.98672
2026/06/11 12:56:00.271,n,389.41884,4.217522,4.577854,0.691573,OverRange,OverRange,OverRange,17.634038,20.829278,566.59932
2026/06/11 12:57:00.273,n,387.54892,4.022794,5.020459,0.930646,OverRange,OverRange,OverRange,17.584096,20.834564,570.5678
2026/06/11 12:58:00.259,n,405.51084,3.975365,5.044426,0.965712,OverRange,OverRange,OverRange,17.41919,20.834564,598.95832
2026/06/11 12:59:00.263,n,394.58008,5.700504,5.182114,1.05418,OverRange,OverRange,OverRange,17.27707,20.835642,579.93208
2026/06/11 13:00:00.264,n,371.48112,6.050645,5.155611,0.949021,OverRange,OverRange,OverRange,17.382272,20.83884,541.2314
2026/06/11 13:01:00.264,n,341.72044,4.009701,4.72791,1.060129,OverRange,OverRange,OverRange,17.326782,20.837764,486.13228
2026/06/11 13:02:00.268,n,361.74756,4.189448,4.649848,0.838223,OverRange,OverRange,OverRange,17.255976,20.831432,514.61224
2026/06/11 13:03:00.271,n,338.66936,4.15021,4.550193,0.821334,OverRange,OverRange,OverRange,17.299188,20.83352,470.80772
2026/06/11 13:04:00.271,n,331.6755,3.938554,4.720793,1.031618,OverRange,OverRange,OverRange,17.206992,20.834564,451.16404
2026/06/11 13:05:00.258,n,324.07058,3.993049,5.052467,0.84564,OverRange,OverRange,OverRange,17.056204,20.826146,431.89156
2026/06/11 13:06:00.259,n,312.14682,4.095353,4.796522,0.903623,OverRange,OverRange,OverRange,17.05572,20.820854,404.31632
2026/06/11 13:07:00.261,n,298.8226,5.558749,5.402406,0.809226,OverRange,OverRange,OverRange,17.008966,20.814492,376.02852
2026/06/11 13:08:00.264,n,305.48208,4.845234,4.522211,0.67438,OverRange,OverRange,OverRange,16.78388,20.804992,381.02604
2026/06/11 13:09:00.266,n,303.27274,4.29077,4.317175,0.684234,OverRange,OverRange,OverRange,16.850296,20.79657,372.42924
2026/06/11 13:10:00.267,n,302.0702,5.300489,4.941203,0.967557,OverRange,OverRange,OverRange,16.838216,20.778586,365.3492
2026/06/11 13:11:00.269,n,306.11166,4.18247,4.722872,0.922026,OverRange,OverRange,OverRange,16.743388,20.771174,368.9984
2026/06/11 13:12:00.271,n,299.32556,5.228071,5.074179,1.012106,OverRange,OverRange,OverRange,16.683742,20.744734,354.77956
2026/06/11 13:13:00.258,n,296.51374,4.154962,4.781481,1.08588,OverRange,OverRange,OverRange,16.529704,20.725704,347.83888
2026/06/11 13:14:00.260,n,289.41406,5.593627,4.780674,1.035193,OverRange,OverRange,OverRange,16.404556,20.703508,333.01492
2026/06/11 13:15:00.260,n,286.54946,4.278356,4.475975,0.771457,OverRange,OverRange,OverRange,16.52616,20.677034,325.11716
2026/06/11 13:16:00.262,n,283.61408,5.455241,4.883757,0.676253,OverRange,OverRange,OverRange,16.509044,20.649552,318.64154
2026/06/11 13:17:00.267,n,287.67044,5.928746,5.757649,0.241992,OverRange,OverRange,OverRange,16.488886,20.627324,323.52744
2026/06/11 13:18:00.267,n,290.37182,5.651637,5.712878,0.23303,OverRange,OverRange,OverRange,16.36822,20.600852,327.5961
2026/06/11 13:19:00.269,n,291.51614,4.084702,4.245121,0.830443,OverRange,OverRange,OverRange,16.21988,20.577612,329.26644
2026/06/11 13:20:00.271,n,289.01966,5.435084,4.855802,0.8337,OverRange,OverRange,OverRange,16.195578,20.542654,323.88102
2026/06/11 13:21:00.273,n,291.6202,3.495504,4.97098,0.996951,OverRange,OverRange,OverRange,16.031158,20.512004,327.72622
2026/06/11 13:22:00.258,n,297.64994,3.877834,4.732445,1.103008,OverRange,OverRange,OverRange,15.940166,20.48658,337.73532
2026/06/11 13:23:00.260,n,303.85562,4.387594,4.744828,0.757798,OverRange,OverRange,OverRange,15.951182,20.45371,347.94856
2026/06/11 13:24:00.263,n,310.4432,3.864769,4.702763,0.988777,OverRange,OverRange,OverRange,15.990794,20.462066,360.12624
2026/06/11 13:25:00.264,n,325.50244,4.136289,4.614489,1.090126,OverRange,OverRange,OverRange,16.041352,20.430308,385.88012
2026/06/11 13:26:00.268,n,322.42362,5.515726,4.970796,1.022784,OverRange,OverRange,OverRange,16.069438,20.402762,381.5584
2026/06/11 13:27:00.270,n,329.22994,3.993068,3.999095,0.23952,OverRange,OverRange,OverRange,15.999492,20.380502,395.12044
2026/06/11 13:28:00.270,n,318.17118,4.09399,4.533819,0.853537,OverRange,OverRange,OverRange,16.06214,20.352954,377.63932
2026/06/11 13:29:00.272,n,315.24234,6.183131,4.987187,0.947922,OverRange,OverRange,OverRange,15.934292,20.335984,373.3502
2026/06/11 13:30:00.275,n,308.45388,3.768203,5.172377,1.040592,OverRange,OverRange,OverRange,15.957616,20.313756,364.49552
2026/06/11 13:31:00.261,n,300.19132,4.403847,5.068954,0.537969,OverRange,OverRange,OverRange,15.944066,20.28944,353.10856
2026/06/11 13:32:00.262,n,310.10514,4.1167,5.390208,1.059421,OverRange,OverRange,OverRange,15.933538,20.265028,372.28884
2026/06/11 13:33:00.263,n,316.62388,5.433661,5.25844,0.727295,OverRange,OverRange,OverRange,15.951096,20.256542,386.11476
2026/06/11 13:34:00.267,n,348.05852,3.710314,4.515437,0.955487,OverRange,OverRange,OverRange,16.125326,20.232194,442.9128
2026/06/11 13:35:00.269,n,387.8372,5.859321,5.209204,0.957451,OverRange,OverRange,OverRange,16.158906,20.212024,515.289
2026/06/11 13:36:00.270,n,425.51904,3.630062,4.649256,0.892429,OverRange,OverRange,OverRange,16.178706,20.192932,580.79052
2026/06/11 13:37:00.271,n,414.33292,3.812517,4.467159,0.745771,OverRange,OverRange,OverRange,16.33303,20.183436,568.68732
2026/06/11 13:38:00.274,n,412.89284,3.741021,4.557816,0.93682,OverRange,OverRange,OverRange,16.49346,20.17916,564.9074
2026/06/11 13:39:00.275,n,421.83348,3.689907,4.843403,1.197626,OverRange,OverRange,OverRange,16.587646,20.183436,587.32768
2026/06/11 13:40:00.261,n,432.30824,3.692485,5.092923,1.033241,OverRange,OverRange,OverRange,16.60251,20.182326,607.44868
2026/06/11 13:41:00.265,n,436.24904,3.634831,4.792399,0.872522,OverRange,OverRange,OverRange,16.564484,20.189766,616.31184
2026/06/11 13:42:00.267,n,449.9866,5.306669,4.9081,0.515048,OverRange,OverRange,OverRange,16.617866,20.20354,635.77332
2026/06/11 13:43:00.317,n,413.78916,5.440536,4.935894,1.12631,OverRange,OverRange,OverRange,16.666682,20.21519,581.94844
2026/06/11 13:44:00.323,n,367.49524,6.157985,5.676464,0.535051,OverRange,OverRange,OverRange,16.69538,20.230072,497.77516
2026/06/11 13:45:00.320,n,355.1102,6.084529,4.818819,0.799931,OverRange,OverRange,OverRange,16.776648,20.241726,480.28164
2026/06/11 13:46:00.321,n,339.68968,5.437104,5.485323,0.075462,OverRange,OverRange,OverRange,16.755508,20.260786,453.33048
2026/06/11 13:47:00.324,n,368.37268,5.565435,5.757225,0.256751,OverRange,OverRange,OverRange,16.727342,20.266104,504.3738
2026/06/11 13:48:00.281,n,356.34116,4.047324,4.559686,0.985813,OverRange,OverRange,OverRange,16.863684,20.278834,488.03776
2026/06/11 13:49:00.263,n,355.49612,4.848348,4.888597,0.905965,OverRange,OverRange,OverRange,16.857172,20.290452,488.50896
2026/06/11 13:50:00.265,n,329.33004,3.729131,4.565841,0.887853,OverRange,OverRange,OverRange,16.89538,20.304194,441.812
2026/06/11 13:51:00.267,n,342.15588,4.595476,5.002356,0.622421,OverRange,OverRange,OverRange,16.813364,20.310622,469.631
2026/06/11 13:52:00.269,n,308.64652,5.585181,5.068569,0.81071,OverRange,OverRange,OverRange,16.776918,20.313756,410.66188
2026/06/11 13:53:00.273,n,313.3251,5.01252,4.677048,0.774601,OverRange,OverRange,OverRange,16.682536,20.316954,420.08536
2026/06/11 13:54:00.273,n,310.89408,5.887488,5.0228,0.986274,OverRange,OverRange,OverRange,16.704932,20.322242,417.5042
2026/06/11 13:55:00.275,n,331.61686,3.717965,4.470482,0.848605,OverRange,OverRange,OverRange,16.675004,20.319044,453.85656
2026/06/11 13:56:00.280,n,334.96282,5.450821,4.645119,1.084145,OverRange,OverRange,OverRange,16.476222,20.3148,458.39816
2026/06/11 13:57:00.279,n,305.4708,4.030287,4.693081,0.927639,OverRange,OverRange,OverRange,16.630168,20.309546,405.7764
2026/06/11 13:58:00.267,n,300.42432,4.175611,4.52938,1.115649,OverRange,OverRange,OverRange,16.54686,20.302104,394.30424
2026/06/11 13:59:00.269,n,309.00418,5.697684,4.802972,1.108252,OverRange,OverRange,OverRange,16.358348,20.291528,410.6494
2026/06/11 14:00:00.269,n,297.2385,5.686102,4.872022,0.922449,OverRange,OverRange,OverRange,16.317444,20.28301,390.97728
2026/06/11 14:01:00.271,n,346.78536,3.904305,4.866078,1.199113,OverRange,OverRange,OverRange,16.409114,20.269238,475.09768
2026/06/11 14:02:00.273,n,376.20812,5.518401,5.056729,0.765771,OverRange,OverRange,OverRange,16.36997,20.254424,530.68456
2026/06/11 14:03:00.278,n,420.25888,5.757216,4.886256,0.93865,OverRange,OverRange,OverRange,16.514618,20.246978,607.28496
2026/06/11 14:04:00.279,n,454.44812,5.435251,5.017442,0.870391,OverRange,OverRange,OverRange,16.54003,20.236374,674.65512
2026/06/11 14:05:00.279,n,430.16692,3.748347,5.198751,0.736471,OverRange,OverRange,OverRange,16.48675,20.232194,636.75684
2026/06/11 14:06:00.283,n,423.90144,6.174369,5.203804,0.994351,OverRange,OverRange,OverRange,16.4908,20.234284,631.78304
2026/06/11 14:07:00.268,n,433.16008,5.776963,4.889766,1.079064,OverRange,OverRange,OverRange,16.678,20.243844,649.19496
2026/06/11 14:08:00.269,n,465.00936,5.244529,5.205439,0.709173,OverRange,OverRange,OverRange,16.699896,20.253376,714.41016
2026/06/11 14:09:00.273,n,448.92052,4.789475,5.015448,0.844988,OverRange,OverRange,OverRange,16.809092,20.268192,687.55648
2026/06/11 14:10:00.273,n,493.83984,3.816044,5.423781,0.810287,OverRange,OverRange,OverRange,16.955252,20.291528,770.66848
2026/06/11 14:11:00.276,n,493.412,4.558007,4.726358,1.013804,OverRange,OverRange,OverRange,16.869216,20.322242,778.45584
2026/06/11 14:12:00.277,n,460.72972,5.342226,4.628577,0.715194,OverRange,OverRange,OverRange,16.904424,20.350864,723.7192
2026/06/11 14:13:00.280,n,445.27332,3.961455,4.738776,0.971894,OverRange,OverRange,OverRange,17.01179,20.379458,701.04736
2026/06/11 14:14:00.264,n,347.11168,4.474529,4.815518,0.829695,OverRange,OverRange,OverRange,17.036422,20.418622,525.38588
2026/06/11 14:15:00.283,n,408.3502,5.523048,4.906651,0.769091,OverRange,OverRange,OverRange,17.09347,20.447246,630.3296
2026/06/11 14:16:00.269,n,375.4192,4.122015,4.67853,0.757228,OverRange,OverRange,OverRange,17.23495,20.473716,569.2758
2026/06/11 14:17:00.271,n,356.1438,4.159062,4.563579,0.78944,OverRange,OverRange,OverRange,17.112092,20.509688,527.29512
2026/06/11 14:18:00.273,n,356.50652,5.499497,4.723088,0.96297,OverRange,OverRange,OverRange,17.046976,20.53828,522.87508
2026/06/11 14:19:00.275,n,373.0848,5.586953,4.914868,0.725438,OverRange,OverRange,OverRange,17.123662,20.563674,547.90644
2026/06/11 14:20:00.277,n,362.17872,3.75719,4.624477,0.75323,OverRange,OverRange,OverRange,17.09347,20.585904,525.24896
2026/06/11 14:21:00.263,n,362.02356,4.048651,4.283443,0.62187,OverRange,OverRange,OverRange,17.22138,20.606042,525.04576
2026/06/11 14:22:00.264,n,373.08772,6.086499,5.421961,0.937536,OverRange,OverRange,OverRange,17.33692,20.624026,546.9948
2026/06/11 14:23:00.268,n,376.83912,5.72733,5.716471,0.165203,OverRange,OverRange,OverRange,17.345968,20.639856,555.56744
2026/06/11 14:24:00.271,n,361.06968,5.820211,5.078083,1.126878,OverRange,OverRange,OverRange,17.271628,20.656798,527.88344
2026/06/11 14:25:00.272,n,352.89812,3.974164,5.092596,0.606861,OverRange,OverRange,OverRange,17.228408,20.680104,511.90964
2026/06/11 14:26:00.259,n,334.7591,3.799811,4.833715,0.841289,OverRange,OverRange,OverRange,17.3535,20.69169,475.85268
2026/06/11 14:27:00.260,n,317.9364,5.791267,4.567883,0.819936,OverRange,OverRange,OverRange,17.124156,20.704422,442.78372
2026/06/11 14:28:00.261,n,323.16272,5.417263,4.8463,0.913336,OverRange,OverRange,OverRange,17.17868,20.714996,449.25636
2026/06/11 14:29:00.262,n,324.94854,3.867124,4.533337,1.027616,OverRange,OverRange,OverRange,17.098016,20.720252,451.29204
2026/06/11 14:30:00.264,n,309.38602,5.949668,5.738194,0.293239,OverRange,OverRange,OverRange,17.080392,20.719468,421.80216
2026/06/11 14:31:00.267,n,310.08158,3.925962,4.873169,0.854789,OverRange,OverRange,OverRange,17.109674,20.71415,418.90988
2026/06/11 14:32:00.270,n,322.40986,3.854365,4.582884,1.039003,OverRange,OverRange,OverRange,17.093592,20.719468,438.95876
2026/06/11 14:33:00.273,n,327.2948,4.379193,4.619947,0.967481,OverRange,OverRange,OverRange,17.048636,20.718424,449.31728
2026/06/11 14:34:00.257,n,311.55216,5.744045,5.173035,0.792,OverRange,OverRange,OverRange,16.994562,20.715226,423.08632
2026/06/11 14:35:00.259,n,324.47242,5.748512,4.880861,0.961111,OverRange,OverRange,OverRange,17.042084,20.718424,452.3132
2026/06/11 14:36:00.263,n,285.87192,4.382267,4.915005,0.726924,OverRange,OverRange,OverRange,17.084076,20.713104,388.63316
2026/06/11 14:37:00.264,n,299.75394,4.232072,4.771326,0.973965,OverRange,OverRange,OverRange,17.00762,20.71206,417.94884
2026/06/11 14:38:00.265,n,295.0765,5.984898,4.913557,0.867991,OverRange,OverRange,OverRange,17.06219,20.707818,418.62996
2026/06/11 14:39:00.268,n,301.452,3.934471,4.606785,0.779662,OverRange,OverRange,OverRange,17.080302,20.71206,434.08556
2026/06/11 14:40:00.566,n,289.04978,4.087221,4.819382,0.966885,OverRange,OverRange,OverRange,17.02623,20.706772,415.91896
2026/06/11 14:41:00.274,n,314.11404,3.889999,4.623132,0.895489,OverRange,OverRange,OverRange,17.0064,20.697272,463.11832
2026/06/11 14:42:00.272,n,329.20852,6.131824,5.145953,1.151899,OverRange,OverRange,OverRange,16.931692,20.688754,492.65324
2026/06/11 14:43:00.258,n,341.72496,4.904833,4.411944,0.81587,OverRange,OverRange,OverRange,16.98678,20.690876,516.55492
2026/06/11 14:44:00.261,n,315.3963,3.876636,4.616074,1.005388,OverRange,OverRange,OverRange,16.912598,20.680332,470.80692
2026/06/11 14:45:00.263,n,318.04572,5.900824,5.084065,0.965473,OverRange,OverRange,OverRange,16.866572,20.680332,470.97044
2026/06/11 14:46:00.264,n,319.01272,5.745231,4.680708,1.052102,OverRange,OverRange,OverRange,16.878382,20.681376,473.26912
2026/06/11 14:47:00.266,n,346.87688,5.757855,4.547646,0.932285,OverRange,OverRange,OverRange,16.803172,20.670802,522.19476
2026/06/11 14:48:00.268,n,342.91236,4.444234,4.655848,1.054433,OverRange,OverRange,OverRange,16.861542,20.669724,519.97332
2026/06/11 14:49:00.270,n,333.99314,4.048509,4.731579,0.969548,OverRange,OverRange,OverRange,16.719886,20.665514,502.29088
2026/06/11 14:50:00.273,n,353.5258,5.838297,4.79024,1.137394,OverRange,OverRange,OverRange,16.62729,20.666558,541.52296
2026/06/11 14:51:00.275,n,341.85924,5.492786,5.491835,0.810518,OverRange,OverRange,OverRange,16.755122,20.662316,521.17756
2026/06/11 14:52:00.260,n,330.86002,5.169018,5.055754,0.627945,OverRange,OverRange,OverRange,16.759134,20.665514,501.56972
2026/06/11 14:53:00.263,n,328.5039,3.821286,4.51814,1.14929,OverRange,OverRange,OverRange,16.909562,20.663426,497.16576
2026/06/11 14:54:00.266,n,290.76572,5.389998,4.623698,0.443104,OverRange,OverRange,OverRange,16.870322,20.668678,426.32228
2026/06/11 14:55:00.266,n,301.68064,6.145756,5.248207,0.882394,OverRange,OverRange,OverRange,16.857254,20.669724,444.8734
2026/06/11 14:56:00.268,n,293.15328,3.893301,4.214423,0.483681,OverRange,OverRange,OverRange,16.893744,20.669724,429.10604
2026/06/11 14:57:00.270,n,282.27768,4.075912,4.943193,0.782279,OverRange,OverRange,OverRange,16.886438,20.678242,410.62368
2026/06/11 14:58:00.271,n,262.43402,6.258868,5.176606,1.179333,OverRange,OverRange,OverRange,16.795618,20.680332,374.45316
2026/06/11 14:59:00.275,n,257.63558,5.420903,4.783973,0.93014,OverRange,OverRange,OverRange,16.808716,20.677198,366.19252
2026/06/11 15:00:00.276,n,284.63278,5.295852,5.008394,0.860546,OverRange,OverRange,OverRange,16.717356,20.671876,419.09056
2026/06/11 15:01:00.261,n,292.0487,4.613261,5.049296,0.957882,OverRange,OverRange,OverRange,16.736014,20.670802,435.29964
2026/06/11 15:02:00.264,n,309.5274,5.445466,5.275985,0.474058,OverRange,OverRange,OverRange,16.665778,20.671876,470.65648
2026/06/11 15:03:00.267,n,306.18774,5.40837,5.234003,0.682238,OverRange,OverRange,OverRange,16.534632,20.663426,466.12944
2026/06/11 15:04:00.267,n,319.15372,4.254993,4.438707,0.746405,OverRange,OverRange,OverRange,16.563828,20.659178,490.9912
2026/06/11 15:05:00.272,n,308.0734,5.447643,5.840326,0.290395,OverRange,OverRange,OverRange,16.63079,20.65174,470.92872
2026/06/11 15:06:00.277,n,274.51034,5.75916,5.450856,0.159908,OverRange,OverRange,OverRange,16.672812,20.650692,407.63308
2026/06/11 15:07:00.274,n,269.47828,3.970143,5.202945,0.693797,OverRange,OverRange,OverRange,16.568122,20.656014,400.11972
2026/06/11 15:08:00.277,n,270.69442,4.311553,4.605763,0.684337,OverRange,OverRange,OverRange,16.452744,20.64544,403.68288
2026/06/11 15:09:00.277,n,250.2022,5.503354,4.705168,1.243618,OverRange,OverRange,OverRange,16.362844,20.640088,367.74184
2026/06/11 15:10:00.263,n,212.7047,3.358038,4.469765,0.938057,OverRange,OverRange,OverRange,16.38967,20.632742,304.1269
2026/06/11 15:11:00.265,n,205.65686,5.604239,5.196789,0.645371,OverRange,OverRange,OverRange,16.240184,20.621088,285.38932
2026/06/11 15:12:00.267,n,239.55578,3.605832,4.279766,1.000995,OverRange,OverRange,OverRange,16.107874,20.603038,350.084
2026/06/11 15:13:00.269,n,238.34936,5.476854,4.618011,0.866276,OverRange,OverRange,OverRange,16.081308,20.573466,348.47252
2026/06/11 15:14:00.274,n,258.6354,6.297887,5.547302,0.598536,OverRange,OverRange,OverRange,15.950674,20.554406,386.55824
2026/06/11 15:15:00.274,n,241.16134,5.503536,5.658787,0.246199,OverRange,OverRange,OverRange,15.815236,20.532176,350.82964
2026/06/11 15:16:00.275,n,219.12052,4.303282,4.759937,0.907625,OverRange,OverRange,OverRange,15.744238,20.50577,303.99756
2026/06/11 15:17:00.277,n,218.20892,3.631769,4.240004,0.665802,OverRange,OverRange,OverRange,15.664918,20.473946,299.75168
2026/06/11 15:18:00.279,n,215.92338,3.862419,4.655992,0.828551,OverRange,OverRange,OverRange,15.672694,20.434748,292.87094
2026/06/11 15:19:00.265,n,214.86952,6.304374,5.309598,1.333602,OverRange,OverRange,OverRange,15.529588,20.406188,287.37466
2026/06/11 15:20:00.267,n,216.206,5.757469,4.802618,1.227779,OverRange,OverRange,OverRange,15.583562,20.362776,290.5668
2026/06/11 15:21:00.269,n,209.29126,4.156394,4.746947,0.881091,OverRange,OverRange,OverRange,15.464534,20.327824,276.22208
2026/06/11 15:22:00.272,n,209.75838,5.290662,4.759652,0.78322,OverRange,OverRange,OverRange,15.427846,20.291758,278.83624
2026/06/11 15:23:00.275,n,205.98596,4.283231,4.65905,0.799076,OverRange,OverRange,OverRange,15.315034,20.252562,272.45364
2026/06/11 15:24:00.276,n,202.61548,5.636874,4.244081,0.706301,OverRange,OverRange,OverRange,15.277598,20.21124,267.24518
2026/06/11 15:25:00.277,n,200.7147,4.129184,4.627023,1.001775,OverRange,OverRange,OverRange,15.153152,20.173056,264.90316
2026/06/11 15:26:00.280,n,191.5902,5.727049,4.398106,0.693186,OverRange,OverRange,OverRange,15.011308,20.126388,246.93996
2026/06/11 15:27:00.282,n,193.28004,4.256497,4.223401,0.154961,OverRange,OverRange,OverRange,14.940608,20.089314,249.30046
2026/06/11 15:28:00.267,n,191.24172,3.440612,4.193869,0.799303,OverRange,OverRange,OverRange,14.875444,20.060528,244.28082
2026/06/11 15:29:00.269,n,187.1093,3.860207,4.322962,1.001036,OverRange,OverRange,OverRange,14.94537,20.008574,233.74618
2026/06/11 15:30:00.271,n,181.59942,4.048741,4.429222,0.793856,OverRange,OverRange,OverRange,14.950882,19.962948,221.51042
2026/06/11 15:31:00.273,n,178.56496,3.609261,4.614436,1.007104,OverRange,OverRange,OverRange,14.960714,19.910962,213.97892
2026/06/11 15:32:00.275,n,180.69834,6.380078,4.953052,1.178673,OverRange,OverRange,OverRange,14.85048,19.862108,216.7996
2026/06/11 15:33:00.276,n,178.94228,5.093044,5.53872,0.927316,OverRange,OverRange,OverRange,14.763134,19.812212,211.0425
2026/06/11 15:34:00.279,n,179.25908,4.582008,5.215015,1.078349,OverRange,OverRange,OverRange,14.701946,19.755888,210.00574
2026/06/11 15:35:00.281,n,175.24104,3.736868,4.909187,0.712706,OverRange,OverRange,OverRange,14.720062,19.70596,201.4204
2026/06/11 15:36:00.283,n,172.1825,6.041982,5.52521,0.88868,OverRange,OverRange,OverRange,14.730886,19.659232,195.0772
2026/06/11 15:37:00.270,n,167.84142,5.996415,4.889675,1.055776,OverRange,OverRange,OverRange,14.629674,19.606106,187.32946
2026/06/11 15:38:00.270,n,163.48098,6.084239,5.128241,1.036735,OverRange,OverRange,OverRange,14.552562,19.561436,180.14582
2026/06/11 15:39:00.272,n,160.00172,3.781125,4.786265,1.06686,OverRange,OverRange,OverRange,14.473176,19.50828,175.13616
2026/06/11 15:40:00.275,n,156.43318,4.217302,4.339242,0.719088,OverRange,OverRange,OverRange,14.510992,19.496792,170.28218
2026/06/11 15:41:00.276,n,154.36958,4.183895,4.682841,0.800347,OverRange,OverRange,OverRange,14.452606,19.441486,168.93914
2026/06/11 15:42:00.282,n,152.375,6.045529,4.570706,1.108651,OverRange,OverRange,OverRange,14.423336,19.395706,168.5941
2026/06/11 15:43:00.267,n,148.20418,3.847428,5.037874,1.050117,OverRange,OverRange,OverRange,14.423844,19.357432,163.60146
2026/06/11 15:44:00.266,n,141.48674,4.426827,4.76874,0.964107,OverRange,OverRange,OverRange,14.324254,19.300984,153.38032
2026/06/11 15:45:00.269,n,135.84638,3.545056,5.227014,0.844507,OverRange,OverRange,OverRange,14.298524,19.257362,145.3195
2026/06/11 15:46:00.271,n,131.5062,5.449044,4.911705,0.996085,OverRange,OverRange,OverRange,14.204458,19.209466,139.49716
2026/06/11 15:47:00.257,n,127.74174,4.720774,4.896408,1.12175,OverRange,OverRange,OverRange,14.152218,19.160458,134.96902
2026/06/11 15:48:00.258,n,123.63032,5.85258,4.73753,1.157289,OverRange,OverRange,OverRange,14.116894,19.10078,129.44416
2026/06/11 15:49:00.264,n,119.9867,5.755008,4.943405,1.013155,OverRange,OverRange,OverRange,14.069214,19.045386,124.19096
2026/06/11 15:50:00.261,n,117.25402,3.867978,4.702827,1.184109,OverRange,OverRange,OverRange,14.009114,18.987832,120.2094
2026/06/11 15:51:00.265,n,115.28332,5.627349,4.74279,1.054543,OverRange,OverRange,OverRange,13.906114,18.937752,117.15342
2026/06/11 15:52:00.266,n,114.1363,5.454012,5.115169,0.755647,OverRange,OverRange,OverRange,13.87708,18.905126,114.84452
2026/06/11 15:53:00.268,n,114.09076,3.99346,5.344399,0.734475,OverRange,OverRange,OverRange,13.810638,18.845424,113.64968
2026/06/11 15:54:00.270,n,113.46402,4.291632,5.002233,1.204396,OverRange,OverRange,OverRange,13.741664,18.784582,112.38818
2026/06/11 15:55:00.274,n,112.6071,3.600272,4.51583,1.06764,OverRange,OverRange,OverRange,13.743684,18.727002,111.029
2026/06/11 15:56:00.257,n,111.45892,3.633553,4.803317,0.908995,OverRange,OverRange,OverRange,13.70602,18.66293,109.25882
2026/06/11 15:57:00.260,n,109.97678,4.570751,5.011124,0.861103,OverRange,OverRange,OverRange,13.70046,18.598862,107.38644
2026/06/11 15:58:00.262,n,108.64374,3.979941,4.68275,1.136598,OverRange,OverRange,OverRange,13.609726,18.540108,105.99962
2026/06/11 15:59:00.264,n,107.45426,5.638837,4.876693,1.084392,OverRange,OverRange,OverRange,13.582424,18.482468,104.92806
2026/06/11 16:00:00.266,n,106.84046,3.737575,4.816727,1.214115,OverRange,OverRange,OverRange,13.544766,18.422608,103.94352
2026/06/11 16:01:00.267,n,106.05656,4.280087,4.83495,1.236983,OverRange,OverRange,OverRange,13.490652,18.391654,102.97016
2026/06/11 16:02:00.273,n,105.52848,5.689719,5.539873,0.165424,OverRange,OverRange,OverRange,13.4976,18.330066,101.96678
2026/06/11 16:03:00.271,n,104.30602,5.842084,4.674555,0.907164,OverRange,OverRange,OverRange,13.425512,18.27269,100.96372
2026/06/11 16:04:00.257,n,102.3675,3.951757,4.603201,0.900277,OverRange,OverRange,OverRange,13.418442,18.215314,98.931448
2026/06/11 16:05:00.260,n,100.38502,4.083258,4.512333,0.978209,OverRange,OverRange,OverRange,13.391124,18.166452,96.841488
2026/06/11 16:06:00.261,n,98.776744,4.051251,4.593801,0.945703,OverRange,OverRange,OverRange,13.359986,18.109046,95.876568
2026/06/11 16:07:00.263,n,97.612672,5.940711,4.893917,1.18686,OverRange,OverRange,OverRange,13.286362,18.056988,95.170192
2026/06/11 16:08:00.265,n,96.86724,6.300741,4.834488,1.362373,OverRange,OverRange,OverRange,13.217774,18.003792,94.945712
2026/06/11 16:09:00.267,n,96.595632,5.839923,5.008649,0.983153,OverRange,OverRange,OverRange,13.220572,17.985916,95.004752
2026/06/11 16:10:00.270,n,96.982584,3.716559,5.187948,1.16518,OverRange,OverRange,OverRange,13.219814,17.931644,95.414816
2026/06/11 16:11:00.271,n,96.898936,3.923678,4.510052,1.116658,OverRange,OverRange,OverRange,13.202342,17.872056,95.61292
2026/06/11 16:12:00.276,n,96.760376,3.676794,5.06369,1.315629,OverRange,OverRange,OverRange,13.182084,17.824146,95.506264
2026/06/11 16:13:00.259,n,96.445272,5.646714,5.208848,1.213899,OverRange,OverRange,OverRange,13.1418,17.771964,94.796048
2026/06/11 16:14:00.412,n,96.089608,6.409792,5.190126,1.412897,OverRange,OverRange,OverRange,13.120804,17.718768,94.232152
2026/06/11 16:15:00.264,n,94.979424,5.679611,4.872256,1.352616,OverRange,OverRange,OverRange,13.081544,17.668706,93.214784
2026/06/11 16:16:00.337,n,93.759152,3.604596,4.639083,1.23237,OverRange,OverRange,OverRange,13.055202,17.625008,92.078544
2026/06/11 16:17:00.497,n,92.526696,6.167187,5.051819,1.133996,OverRange,OverRange,OverRange,13.042044,17.584502,90.789328
2026/06/11 16:18:00.270,n,91.543008,5.819048,4.976623,1.194915,OverRange,OverRange,OverRange,12.991044,17.537636,90.277992
2026/06/11 16:19:00.272,n,90.564456,3.751867,4.601943,1.276905,OverRange,OverRange,OverRange,12.983388,17.49283,89.993784
2026/06/11 16:20:00.274,n,88.926568,3.941818,4.671974,1.063166,OverRange,OverRange,OverRange,12.965932,17.452326,88.544584
2026/06/11 16:21:00.276,n,87.633944,3.775145,4.801685,1.268986,OverRange,OverRange,OverRange,12.930974,17.412868,87.027984
2026/06/11 16:22:00.262,n,87.189504,3.732478,4.893457,1.122135,OverRange,OverRange,OverRange,12.88945,17.403344,86.955128
2026/06/11 16:23:00.263,n,87.059664,5.837732,4.783848,1.078596,OverRange,OverRange,OverRange,12.92712,17.360656,86.816808
2026/06/11 16:24:00.265,n,86.776888,5.916844,4.684735,1.199275,OverRange,OverRange,OverRange,12.897308,17.314774,86.881832
2026/06/11 16:25:00.267,n,86.595216,5.769198,5.001183,1.238435,OverRange,OverRange,OverRange,12.848704,17.277404,87.03848
2026/06/11 16:26:00.269,n,86.075328,5.643838,4.765654,1.479343,OverRange,OverRange,OverRange,12.789974,17.233676,86.763248
2026/06/11 16:27:00.272,n,84.960536,5.058428,4.414566,1.129176,OverRange,OverRange,OverRange,12.768804,17.194154,85.203296
2026/06/11 16:28:00.274,n,84.155056,3.292395,4.699102,1.395891,OverRange,OverRange,OverRange,12.737814,17.155738,84.612176
2026/06/11 16:29:00.276,n,83.39796,5.835785,4.807206,1.282148,OverRange,OverRange,OverRange,12.722946,17.107708,84.470624
2026/06/11 16:30:00.277,n,82.623392,4.324148,4.642506,1.166748,OverRange,OverRange,OverRange,12.682846,17.06284,84.748008
2026/06/11 16:31:00.263,n,82.895272,3.912948,4.678106,1.144907,OverRange,OverRange,OverRange,12.630406,17.023288,88.349552
2026/06/11 16:32:00.266,n,83.299544,6.117129,4.954976,1.242786,OverRange,OverRange,OverRange,12.640478,16.979498,92.772552
2026/06/11 16:33:00.267,n,78.525976,6.01284,4.782461,1.392338,OverRange,OverRange,OverRange,12.619314,16.931434,83.38892
2026/06/11 16:34:00.270,n,76.821632,3.921246,4.493065,1.271005,OverRange,OverRange,OverRange,12.579208,16.890776,81.352024
2026/06/11 16:35:00.270,n,75.101496,3.931347,4.746749,1.550998,OverRange,OverRange,OverRange,12.5492,16.848062,79.407112
2026/06/11 16:36:00.273,n,74.137304,6.030659,4.849197,1.317652,OverRange,OverRange,OverRange,12.532806,16.81275,79.25268
2026/06/11 16:37:00.276,n,73.77216,3.623942,4.406325,1.314956,OverRange,OverRange,OverRange,12.48943,16.807174,80.697176
2026/06/11 16:38:00.280,n,76.301368,5.661749,5.126372,0.920449,OverRange,OverRange,OverRange,12.513972,16.763324,89.0014
2026/06/11 16:39:00.279,n,74.656416,3.79113,4.45539,1.131511,OverRange,OverRange,OverRange,12.480424,16.722696,87.878992
2026/06/11 16:40:00.265,n,70.951992,4.066567,4.882238,1.289117,OverRange,OverRange,OverRange,12.475846,16.68631,81.564976
2026/06/11 16:41:00.267,n,71.67124,3.633481,4.7779,1.308362,OverRange,OverRange,OverRange,12.465272,16.642458,85.938344
2026/06/11 16:42:00.272,n,76.35064,5.243935,4.833586,1.101337,OverRange,OverRange,OverRange,12.47436,16.603922,99.926384
2026/06/11 16:43:00.272,n,74.55212,4.109676,5.017809,1.207733,OverRange,OverRange,OverRange,12.45339,16.56858,95.01636
2026/06/11 16:44:00.273,n,74.100232,4.438042,5.047779,0.887127,OverRange,OverRange,OverRange,12.444586,16.532162,94.36704
2026/06/11 16:45:00.275,n,72.103232,3.557369,4.531157,1.089737,OverRange,OverRange,OverRange,12.46402,16.505398,90.232336
2026/06/11 16:46:00.277,n,70.128544,5.549746,5.008094,1.246787,OverRange,OverRange,OverRange,12.43626,16.47113,87.670288
2026/06/11 16:47:00.279,n,67.24948,3.878163,4.585093,0.8707,OverRange,OverRange,OverRange,12.38553,16.440094,83.22288
2026/06/11 16:48:00.280,n,63.337064,5.884213,5.511975,0.562579,OverRange,OverRange,OverRange,12.392842,16.405798,76.505312
2026/06/11 16:49:00.267,n,60.928344,6.092678,4.835692,1.074139,OverRange,OverRange,OverRange,12.330754,16.378968,72.617176
2026/06/11 16:50:00.269,n,58.882584,5.034023,5.098625,0.89363,OverRange,OverRange,OverRange,12.296942,16.341476,68.929048
2026/06/11 16:51:00.270,n,57.975236,3.593037,4.716461,1.327886,OverRange,OverRange,OverRange,12.264114,16.338346,67.394184
2026/06/11 16:52:00.274,n,57.349,5.177025,5.542488,0.4419,OverRange,OverRange,OverRange,12.28648,16.300824,66.270584
2026/06/11 16:53:00.275,n,55.806184,5.736314,4.823557,1.115081,OverRange,OverRange,OverRange,12.248378,16.26653,63.99368
2026/06/11 16:54:00.280,n,54.2164,3.083854,4.920996,1.291278,OverRange,OverRange,OverRange,12.18977,16.232232,61.699708
2026/06/11 16:55:00.279,n,51.896852,4.258804,4.844319,1.413125,OverRange,OverRange,OverRange,12.207424,16.203286,58.911556
2026/06/11 16:56:00.281,n,49.244488,5.780401,5.394416,0.905768,OverRange,OverRange,OverRange,12.21048,16.172168,55.205336
2026/06/11 16:57:00.284,n,46.849232,6.123819,6.000427,0.153789,OverRange,OverRange,OverRange,12.174856,16.14001,51.739728
2026/06/11 16:58:00.270,n,44.385212,6.178637,4.295443,0.93398,OverRange,OverRange,OverRange,12.142024,16.108878,48.767956
2026/06/11 16:59:00.270,n,42.175608,3.893625,4.347165,1.029286,OverRange,OverRange,OverRange,12.117024,16.078838,46.06444
2026/06/11 17:00:00.272,n,40.040556,6.269708,4.960555,1.349,OverRange,OverRange,OverRange,12.117768,16.045604,43.506396
2026/06/11 17:01:00.275,n,38.076016,6.108237,4.918522,1.380743,OverRange,OverRange,OverRange,12.066752,16.011262,41.032148
2026/06/11 17:02:00.276,n,36.227324,5.670587,5.947371,0.222553,OverRange,OverRange,OverRange,12.056652,15.973678,38.872564
2026/06/11 17:03:00.278,n,34.499876,3.485283,4.157283,1.36572,OverRange,OverRange,OverRange,11.98815,15.940414,36.984724
2026/06/11 17:04:00.280,n,32.953464,6.545995,4.241306,1.137341,OverRange,OverRange,OverRange,11.984376,15.907082,35.257372
2026/06/11 17:05:00.282,n,31.534202,6.618603,5.427773,0.965196,OverRange,OverRange,OverRange,11.950496,15.867412,33.500084
2026/06/11 17:06:00.269,n,29.878606,5.866699,5.606413,1.048452,OverRange,OverRange,OverRange,11.907014,15.82445,31.746974
2026/06/11 17:07:00.269,n,28.175796,4.072561,4.693829,1.200325,OverRange,OverRange,OverRange,11.838252,15.784718,29.919204
2026/06/11 17:08:00.272,n,26.594354,6.047817,5.218057,1.265102,OverRange,OverRange,OverRange,11.849874,15.744934,28.279912
2026/06/11 17:09:00.257,n,25.157898,3.876036,4.849944,1.299258,OverRange,OverRange,OverRange,11.779344,15.707304,26.73797
2026/06/11 17:10:00.259,n,23.875662,6.10867,4.467547,1.267084,OverRange,OverRange,OverRange,11.774536,15.662454,25.470426
2026/06/11 17:11:00.260,n,22.776118,5.735511,5.115215,1.305744,OverRange,OverRange,OverRange,11.727748,15.624024,24.227456
2026/06/11 17:12:00.263,n,21.810654,6.654038,5.272525,0.930985,OverRange,OverRange,OverRange,11.711792,15.57916,23.098646
2026/06/11 17:13:00.267,n,20.66403,3.483405,4.844932,1.216795,OverRange,OverRange,OverRange,11.658656,15.57246,21.825554
2026/06/11 17:14:00.267,n,20.032916,3.451146,4.672963,1.316158,OverRange,OverRange,OverRange,11.678524,15.52543,20.982488
2026/06/11 17:15:00.269,n,18.804048,6.569844,5.338532,1.391531,OverRange,OverRange,OverRange,11.680532,15.479472,19.610422
2026/06/11 17:16:00.271,n,17.77315,3.841071,4.465828,1.044221,OverRange,OverRange,OverRange,11.64185,15.440998,18.409856
2026/06/11 17:17:00.258,n,16.70402,5.088205,5.33399,1.105443,OverRange,OverRange,OverRange,11.64183,15.40042,17.2069
2026/06/11 17:18:00.264,n,15.570352,6.092425,4.106818,1.017509,OverRange,OverRange,OverRange,11.58515,15.357628,15.980054
2026/06/11 17:19:00.262,n,14.401146,3.025587,4.565823,1.382355,OverRange,OverRange,OverRange,11.523396,15.315928,14.651506
2026/06/11 17:20:00.264,n,13.14649,3.303819,4.798809,1.250143,OverRange,OverRange,OverRange,11.532258,15.281692,13.256234
2026/06/11 17:21:00.265,n,12.108406,5.926529,5.756271,0.964842,OverRange,OverRange,OverRange,11.51884,15.239974,12.100886
2026/06/11 17:22:00.267,n,10.847208,6.10663,5.165283,1.010284,OverRange,OverRange,OverRange,11.474528,15.207874,10.941444
2026/06/11 17:23:00.269,n,9.778974,3.728936,5.297019,0.969539,OverRange,OverRange,OverRange,11.42239,15.161872,9.794718
2026/06/11 17:24:00.271,n,8.649026,3.894446,4.52519,1.125105,OverRange,OverRange,OverRange,11.394548,15.125486,8.787576
2026/06/11 17:25:00.257,n,7.776195,5.189982,5.080997,1.007719,OverRange,OverRange,OverRange,11.400854,15.084816,7.830433
2026/06/11 17:26:00.261,n,6.896563,6.05875,4.538213,1.226947,OverRange,OverRange,OverRange,11.369212,15.047354,6.925592
2026/06/11 17:27:00.260,n,5.94457,5.75615,5.276228,0.9921,OverRange,OverRange,OverRange,11.356044,15.04527,6.02425
2026/06/11 17:28:00.264,n,5.928019,3.87052,5.018018,1.025508,OverRange,OverRange,OverRange,11.377284,15.007824,5.717943
2026/06/11 17:29:00.265,n,5.09047,5.885459,5.542861,1.099992,OverRange,OverRange,OverRange,11.401074,14.978886,5.043216
2026/06/11 17:30:00.272,n,4.307577,5.782599,5.242138,0.974418,OverRange,OverRange,OverRange,11.349152,14.940318,4.774964
2026/06/11 17:31:00.269,n,4.439086,5.9785,4.792837,1.503948,OverRange,OverRange,OverRange,11.33217,14.910288,12.543282
2026/06/11 17:32:00.272,n,4.558791,4.520344,4.024549,0.521378,OverRange,OverRange,OverRange,11.308636,14.883534,20.90834
2026/06/11 17:33:00.274,n,3.390354,6.170461,4.977575,1.36817,OverRange,OverRange,OverRange,11.34611,14.863152,17.0302
2026/06/11 17:34:00.260,n,2.292097,4.30249,4.543525,1.334189,OverRange,OverRange,OverRange,11.312428,14.834248,12.934312
2026/06/11 17:35:00.263,n,1.935677,3.542776,4.581929,1.501974,OverRange,OverRange,OverRange,11.316966,14.812788,13.652382
2026/06/11 17:36:00.262,n,1.204875,3.622451,4.656239,1.262092,OverRange,OverRange,OverRange,11.27797,14.790288,8.049539
2026/06/11 17:37:00.268,n,0.369122,3.993203,4.60499,1.240603,OverRange,OverRange,OverRange,11.297476,14.761336,2.025204
2026/06/11 17:38:00.266,n,-0.075698,3.806761,3.908372,0.119712,OverRange,OverRange,OverRange,11.254918,14.745238,0.371748
2026/06/11 17:39:00.269,n,-0.414669,6.052183,5.403047,1.304608,OverRange,OverRange,OverRange,11.262004,14.717378,-0.153494
2026/06/11 17:40:00.271,n,-0.788923,4.14104,4.442478,1.007482,OverRange,OverRange,OverRange,11.18065,14.69056,-0.548109
2026/06/11 17:41:00.274,n,-0.90016,5.168038,5.278647,1.189502,OverRange,OverRange,OverRange,11.208802,14.659424,-0.742729
2026/06/11 17:42:00.277,n,-0.856281,3.93035,4.779597,1.201168,OverRange,OverRange,OverRange,11.15887,14.631564,-0.71918
2026/06/11 17:43:00.261,n,-0.721821,3.279133,4.859223,1.565452,OverRange,OverRange,OverRange,11.130972,14.601538,-0.402208
2026/06/11 17:44:00.262,n,-0.502427,3.86431,4.516233,1.130447,OverRange,OverRange,OverRange,11.119564,14.57257,-0.061858
2026/06/11 17:45:00.264,n,-0.356292,6.399448,5.66215,1.145824,OverRange,OverRange,OverRange,11.113754,14.543572,0.266546
2026/06/11 17:46:00.266,n,-0.333069,5.896768,5.917322,0.239769,OverRange,OverRange,OverRange,11.117814,14.513576,0.365861
2026/06/11 17:47:00.270,n,-0.344616,6.21586,4.355904,1.21007,OverRange,OverRange,OverRange,11.12971,14.487738,0.427975
2026/06/11 17:48:00.271,n,-0.365145,6.191123,4.233256,1.106264,OverRange,OverRange,OverRange,11.120076,14.455564,0.414409
2026/06/11 17:49:00.274,n,-0.505378,5.818583,4.659757,1.064126,OverRange,OverRange,OverRange,11.093196,14.431958,0.305624
2026/06/11 17:50:00.274,n,-0.745301,3.467244,4.924124,1.33698,OverRange,OverRange,OverRange,11.025758,14.398674,0.021586
2026/06/11 17:51:00.276,n,-1.125585,3.956045,4.750376,1.317159,OverRange,OverRange,OverRange,11.045024,14.409474,-0.252383
2026/06/11 17:52:00.262,n,-1.248753,3.207413,4.492345,1.393973,OverRange,OverRange,OverRange,11.022258,14.37189,-0.351868
2026/06/11 17:53:00.266,n,-1.880379,6.01084,5.057882,1.390038,OverRange,OverRange,OverRange,11.04482,14.33965,-0.991869
2026/06/11 17:54:00.267,n,-2.664555,6.095877,4.891071,1.256947,OverRange,OverRange,OverRange,11.02911,14.319254,-1.92589
2026/06/11 17:55:00.268,n,-3.331977,3.431399,5.067305,1.391645,OverRange,OverRange,OverRange,11.000712,14.296692,-2.821259
2026/06/11 17:56:00.270,n,-3.934735,5.79637,5.015112,1.055168,OverRange,OverRange,OverRange,11.034704,14.268752,-3.38976
2026/06/11 17:57:00.273,n,-4.169013,3.731484,4.270828,1.311385,OverRange,OverRange,OverRange,10.95276,14.239756,-3.864919
2026/06/11 17:58:00.275,n,-4.379939,5.727272,4.192275,0.771933,OverRange,OverRange,OverRange,10.926652,14.21825,-3.956384
2026/06/11 17:59:00.276,n,-4.400339,5.741996,5.215275,1.341187,OverRange,OverRange,OverRange,10.957348,14.187072,-4.083172
2026/06/11 18:00:00.278,n,-4.453071,3.495816,5.607771,1.041615,OverRange,OverRange,OverRange,10.931214,14.16342,-4.262349
2026/06/11 18:01:00.263,n,-4.582142,6.297138,4.336051,0.962041,OverRange,OverRange,OverRange,10.893408,14.13866,-4.340333
2026/06/11 18:02:00.267,n,-4.511576,4.632388,4.567271,1.149866,OverRange,OverRange,OverRange,10.862966,14.112886,-4.45731
2026/06/11 18:03:00.270,n,-4.573289,3.533052,5.447826,1.023549,OverRange,OverRange,OverRange,10.838104,14.094626,-4.531284
2026/06/11 18:04:00.434,n,-4.602413,5.785008,4.890774,0.999061,OverRange,OverRange,OverRange,10.896978,14.064506,-4.467037
2026/06/11 18:05:00.272,n,-4.602413,6.015228,5.247427,1.289125,OverRange,OverRange,OverRange,10.8782,14.045138,-4.484357
2026/06/11 18:06:00.277,n,-4.602414,5.041011,5.254524,1.002874,OverRange,OverRange,OverRange,10.84496,14.025768,-4.607051
2026/06/11 18:07:00.277,n,-4.561486,3.774074,4.711468,1.498196,OverRange,OverRange,OverRange,10.818788,14.00966,-4.564389
2026/06/11 18:08:00.278,n,-4.675673,5.947876,5.274597,0.955527,OverRange,OverRange,OverRange,10.896988,13.99244,-4.58572
2026/06/11 18:09:00.281,n,-4.67285,3.987483,4.379954,1.037853,OverRange,OverRange,OverRange,10.820088,13.975206,-4.61106
2026/06/11 18:10:00.266,n,-4.643341,5.763346,5.498255,0.786252,OverRange,OverRange,OverRange,10.875398,13.960172,-4.622835
2026/06/11 18:11:00.270,n,-4.687477,5.239289,5.05816,1.483757,OverRange,OverRange,OverRange,10.823904,13.947238,-4.667543
2026/06/11 18:12:00.270,n,-4.702103,4.531056,3.746004,0.480593,OverRange,OverRange,OverRange,10.806626,13.931096,-4.646128
2026/06/11 18:13:00.273,n,-4.6903,3.530824,5.78461,1.118621,OverRange,OverRange,OverRange,10.789108,13.914938,-4.679318
2026/06/11 18:14:00.275,n,-4.743288,3.350739,4.902282,1.254247,OverRange,OverRange,OverRange,10.790898,13.902036,-4.70645
2026/06/11 18:15:00.275,n,-4.833612,6.035944,5.829959,0.756545,OverRange,OverRange,OverRange,10.835064,13.886968,-4.790493
2026/06/11 18:16:00.277,n,-4.80731,3.477965,4.891749,1.165687,OverRange,OverRange,OverRange,10.761974,13.872994,-4.728037
2026/06/11 18:17:00.280,n,-4.860041,6.249038,4.98586,1.516293,OverRange,OverRange,OverRange,10.787594,13.852534,-4.689045
2026/06/11 18:18:00.281,n,-4.88057,3.433172,4.404759,1.465526,OverRange,OverRange,OverRange,10.751546,13.838526,-4.712338
2026/06/11 18:19:00.267,n,-4.951007,2.986143,4.917695,1.604768,OverRange,OverRange,OverRange,10.793432,13.847468,-4.722064
2026/06/11 18:20:00.269,n,-4.325668,6.283553,6.044187,0.216097,OverRange,OverRange,OverRange,10.967056,13.832206,-4.218494
2026/06/11 18:21:00.271,n,-4.465388,6.008445,4.629838,1.217333,OverRange,OverRange,OverRange,10.830882,13.815022,-4.227623
2026/06/11 18:22:00.276,n,-4.380196,4.25367,5.189147,1.227552,OverRange,OverRange,OverRange,10.952892,13.803832,-4.268407
2026/06/11 18:23:00.276,n,-4.517992,3.563318,3.861046,0.226286,OverRange,OverRange,OverRange,10.95013,13.780116,-4.184876
2026/06/11 18:24:00.278,n,-4.746367,5.816889,5.091567,1.042246,OverRange,OverRange,OverRange,10.939468,13.759656,-4.301682
2026/06/11 18:25:00.280,n,-4.608828,3.845888,4.450065,1.077097,OverRange,OverRange,OverRange,10.905722,13.739184,-4.330862
2026/06/11 18:26:00.265,n,-4.617553,3.225875,4.443605,1.277475,OverRange,OverRange,OverRange,10.818176,13.720892,-4.254926
2026/06/11 18:27:00.283,n,-4.585221,3.719046,3.86971,0.084568,OverRange,OverRange,OverRange,10.719182,13.703674,-4.282058
2026/06/11 18:28:00.270,n,-4.752269,3.287113,5.121837,1.330667,OverRange,OverRange,OverRange,10.676266,13.68211,-4.366101
2026/06/11 18:29:00.271,n,-4.731869,6.087989,5.280209,1.197218,OverRange,OverRange,OverRange,10.6509,13.66921,-4.426253
2026/06/11 18:30:00.275,n,-4.816676,5.86089,5.086067,1.222942,OverRange,OverRange,OverRange,10.677796,13.64546,-4.498521
2026/06/11 18:31:00.259,n,-4.676186,3.439092,5.141025,1.367881,OverRange,OverRange,OverRange,10.643276,13.626062,-4.584099
2026/06/11 18:32:00.261,n,-4.687733,6.398385,4.485966,1.470812,OverRange,OverRange,OverRange,10.729584,13.614238,-4.516097
2026/06/11 18:33:00.262,n,-4.614602,3.722891,5.391395,0.943052,OverRange,OverRange,OverRange,10.647594,13.588356,-4.484869
2026/06/11 18:34:00.265,n,-4.714292,6.343968,5.045449,1.455249,OverRange,OverRange,OverRange,10.54955,13.565702,-4.436064
2026/06/11 18:35:00.267,n,-4.705439,5.703588,4.888248,1.365128,OverRange,OverRange,OverRange,10.528214,13.549528,-4.471218
2026/06/11 18:36:00.268,n,-4.819627,3.780009,4.163078,0.873863,OverRange,OverRange,OverRange,10.522386,13.530146,-4.420366
2026/06/11 18:37:00.270,n,-4.845928,4.032748,4.497495,1.255415,OverRange,OverRange,OverRange,10.52593,13.507458,-4.399205
2026/06/11 18:38:00.275,n,-4.80205,6.574698,4.907165,1.360745,OverRange,OverRange,OverRange,10.494162,13.490242,-4.344515
2026/06/11 18:39:00.259,n,-4.828223,5.371518,5.039792,1.354272,OverRange,OverRange,OverRange,10.400422,13.474102,-4.395025
2026/06/11 18:40:00.260,n,-4.875181,3.626099,3.797732,0.133917,OverRange,OverRange,OverRange,10.467488,13.45464,-4.441867
2026/06/11 18:41:00.261,n,-4.869151,6.483653,4.774512,1.290701,OverRange,OverRange,OverRange,10.533544,13.441724,-4.428386
2026/06/11 18:42:00.263,n,-4.763944,3.919,4.77835,1.089694,OverRange,OverRange,OverRange,10.447424,13.424476,-4.457737
2026/06/11 18:43:00.267,n,-4.819498,3.665119,3.732458,0.120696,OverRange,OverRange,OverRange,10.501536,13.40612,-4.414564
2026/06/11 18:44:00.268,n,-4.977822,5.864332,5.112317,1.432876,OverRange,OverRange,OverRange,10.539384,13.395338,-4.599883
2026/06/11 18:45:00.271,n,-4.866328,3.377303,4.667104,1.298172,OverRange,OverRange,OverRange,10.476654,13.40508,-4.675905
2026/06/11 18:46:00.273,n,-4.515682,3.960749,4.824878,1.248175,OverRange,OverRange,OverRange,10.454534,13.389998,-4.311836
2026/06/11 18:47:00.258,n,-4.524534,6.259959,4.505321,1.172105,OverRange,OverRange,OverRange,10.52567,13.38029,-4.247588
2026/06/11 18:48:00.259,n,-4.453969,3.457175,4.626413,1.320876,OverRange,OverRange,OverRange,10.463166,13.369508,-4.262946
2026/06/11 18:49:00.262,n,-4.477576,4.137989,4.067744,0.574534,OverRange,OverRange,OverRange,10.457602,13.356578,-4.177368
2026/06/11 18:50:00.268,n,-4.457049,6.276016,5.631697,0.627957,OverRange,OverRange,OverRange,10.433456,13.347912,-4.181378
2026/06/11 18:51:00.266,n,-4.380838,3.874306,4.477706,1.029649,OverRange,OverRange,OverRange,10.410584,13.331708,-4.241786
2026/06/11 18:52:00.271,n,-4.480528,5.108159,4.766285,0.875495,OverRange,OverRange,OverRange,10.450984,13.323062,-4.16568
2026/06/11 18:53:00.271,n,-4.442166,3.754291,4.338975,1.345936,OverRange,OverRange,OverRange,10.478928,13.303664,-4.175491
2026/06/11 18:54:00.273,n,-4.322332,2.795927,5.445997,1.324685,OverRange,OverRange,OverRange,10.576732,13.28964,-4.07046
2026/06/11 18:55:00.257,n,-4.301804,5.036918,4.283381,1.113914,OverRange,OverRange,OverRange,10.507386,13.27992,-4.021741
2026/06/11 18:56:00.260,n,-4.304755,3.804711,5.197483,1.042167,OverRange,OverRange,OverRange,10.517034,13.272394,-4.158085
2026/06/11 18:57:00.261,n,-4.333879,3.320719,5.030596,1.374263,OverRange,OverRange,OverRange,10.448192,13.256188,-4.224295
2026/06/11 18:58:00.265,n,-4.328234,5.864094,4.882776,1.367664,OverRange,OverRange,OverRange,10.552612,13.241044,-4.148274
2026/06/11 18:59:00.270,n,-4.24625,3.648738,5.040978,1.21341,OverRange,OverRange,OverRange,10.49086,13.22922,-4.181378
2026/06/11 19:00:00.269,n,-4.307706,5.963119,5.011509,1.367222,OverRange,OverRange,OverRange,10.469778,13.217332,-4.115083
2026/06/11 19:01:00.271,n,-4.298981,6.169935,5.075128,1.458306,OverRange,OverRange,OverRange,10.493424,13.207594,-4.198955
2026/06/11 19:02:00.271,n,-4.254974,3.817126,4.516742,1.367378,OverRange,OverRange,OverRange,10.466726,13.198994,-4.216446
2026/06/11 19:03:00.273,n,-4.322204,6.362671,5.67924,1.257948,OverRange,OverRange,OverRange,10.53177,13.179534,-4.198869
2026/06/11 19:04:00.261,n,-4.240476,2.868034,4.658561,1.432906,OverRange,OverRange,OverRange,10.478176,13.175216,-4.204757
2026/06/11 19:05:00.261,n,-4.287178,6.378755,5.367825,1.353993,OverRange,OverRange,OverRange,10.534312,13.159012,-4.126772
2026/06/11 19:06:00.264,n,-4.287178,5.378675,5.088244,1.444191,OverRange,OverRange,OverRange,10.540142,13.145008,-4.239825
2026/06/11 19:07:00.266,n,-4.29308,6.459758,4.908599,1.798372,OverRange,OverRange,OverRange,10.535838,13.14284,-4.24554
2026/06/11 19:08:00.267,n,-4.401237,3.149608,4.586905,1.433868,OverRange,OverRange,OverRange,10.478668,13.123382,-4.323525
2026/06/11 19:09:00.270,n,-4.419071,5.534065,5.085154,1.246833,OverRange,OverRange,OverRange,10.399388,13.119032,-4.263287
2026/06/11 19:10:00.270,n,-4.544934,6.003933,5.135936,1.37304,OverRange,OverRange,OverRange,10.425304,13.105026,-4.34878
2026/06/11 19:11:00.273,n,-4.506829,6.390518,4.825726,1.751437,OverRange,OverRange,OverRange,10.401424,13.094214,-4.370281
2026/06/11 19:12:00.275,n,-4.550836,3.240808,4.604735,1.500585,OverRange,OverRange,OverRange,10.381328,13.07801,-4.430775
2026/06/11 19:13:00.260,n,-4.574059,3.373866,4.669031,1.271134,OverRange,OverRange,OverRange,10.452998,13.07148,-4.378046
2026/06/11 19:14:00.264,n,-4.465901,4.788343,4.769993,1.256931,OverRange,OverRange,OverRange,10.513464,13.058566,-4.339225
2026/06/11 19:15:00.266,n,-4.395592,3.907227,4.228521,1.141497,OverRange,OverRange,OverRange,10.419968,13.051024,-4.261154
2026/06/11 19:16:00.269,n,-4.375192,3.519654,4.512539,1.467153,OverRange,OverRange,OverRange,10.440304,13.036956,-4.208596
2026/06/11 19:17:00.270,n,-4.372113,5.972784,5.597378,1.216355,OverRange,OverRange,OverRange,10.446926,13.029366,-4.163973
2026/06/11 19:18:00.271,n,-4.401365,3.695248,4.598358,1.43699,OverRange,OverRange,OverRange,10.418962,13.0251,-4.265079
2026/06/11 19:19:00.273,n,-4.375192,3.811693,4.805369,1.10256,OverRange,OverRange,OverRange,10.400422,13.019676,-4.255438
2026/06/11 19:20:00.275,n,-4.629741,6.065418,5.288232,1.370227,OverRange,OverRange,OverRange,10.462148,13.015328,-4.345112
2026/06/11 19:21:00.277,n,-4.506957,6.011732,6.18229,0.153243,OverRange,OverRange,OverRange,10.511186,13.013164,-4.356715
2026/06/11 19:22:00.262,n,-4.594715,5.085912,4.202873,1.077536,OverRange,OverRange,OverRange,10.339396,13.01751,-4.471644
2026/06/11 19:23:00.265,n,-4.667847,3.061509,5.301127,1.206221,OverRange,OverRange,OverRange,10.312714,13.011014,-4.508759
2026/06/11 19:24:00.268,n,-4.720579,6.080261,5.066321,1.118302,OverRange,OverRange,OverRange,10.389222,13.009938,-4.573007
2026/06/11 19:25:00.270,n,-4.632821,6.255903,5.776747,1.243723,OverRange,OverRange,OverRange,10.471314,13.004548,-4.670274
2026/06/11 19:26:00.272,n,-4.635643,3.921229,4.468969,1.32729,OverRange,OverRange,OverRange,10.44183,12.99481,-4.822403
2026/06/11 19:27:00.274,n,-4.735333,5.37225,5.101422,1.071488,OverRange,OverRange,OverRange,10.436234,12.999158,-4.873084
2026/06/11 19:28:00.274,n,-4.691326,6.363632,4.589503,1.333531,OverRange,OverRange,OverRange,10.37498,12.992628,-4.705512
2026/06/11 19:29:00.278,n,-4.62987,4.184364,5.313742,1.324864,OverRange,OverRange,OverRange,10.34348,12.980772,-4.680001
2026/06/11 19:30:00.278,n,-4.632692,5.43319,4.722767,1.153273,OverRange,OverRange,OverRange,10.392034,12.9775,-4.650905
2026/06/11 19:31:00.264,n,-4.635643,5.204194,5.543463,1.056109,OverRange,OverRange,OverRange,10.37729,12.964538,-4.573177
2026/06/11 19:32:00.267,n,-4.591764,6.11903,6.257247,0.177981,OverRange,OverRange,OverRange,10.386704,12.954832,-4.674369
2026/06/11 19:33:00.274,n,-4.782162,6.181508,6.243,0.134819,OverRange,OverRange,OverRange,10.34729,12.950516,-4.789298
2026/06/11 19:34:00.270,n,-4.697099,4.063809,4.680794,1.485549,OverRange,OverRange,OverRange,10.3145,12.938514,-4.775818
2026/06/11 19:35:00.273,n,-4.70005,4.554589,5.496943,1.373715,OverRange,OverRange,OverRange,10.354416,12.933142,-4.707389
2026/06/11 19:36:00.275,n,-4.77331,6.386046,4.609306,1.288677,OverRange,OverRange,OverRange,10.372448,12.931006,-4.645104
2026/06/11 19:37:00.276,n,-4.785114,3.145179,5.029874,1.433075,OverRange,OverRange,OverRange,10.383368,12.921318,-4.847829
2026/06/11 19:38:00.279,n,-4.826042,3.337332,4.745811,1.601129,OverRange,OverRange,OverRange,10.395828,12.904138,-4.919926
2026/06/11 19:39:00.282,n,-4.978207,6.069435,4.569275,1.249844,OverRange,OverRange,OverRange,10.398632,12.895588,-4.836055
2026/06/11 19:40:00.266,n,-5.03992,3.2042,4.178212,1.120516,OverRange,OverRange,OverRange,10.338888,12.92013,-4.876753
2026/06/11 19:41:00.269,n,-4.500927,6.031757,6.116223,0.27087,OverRange,OverRange,OverRange,10.318782,12.911548,-4.53811
2026/06/11 19:42:00.271,n,-4.468595,6.31981,5.965309,0.20576,OverRange,OverRange,OverRange,10.279638,12.911058,-4.493145
2026/06/11 19:43:00.273,n,-4.681832,6.159274,6.029171,0.109626,OverRange,OverRange,OverRange,10.18366,12.896012,-4.637084
2026/06/11 19:44:00.274,n,-4.708518,6.087503,6.058262,0.081808,OverRange,OverRange,OverRange,10.092606,12.88958,-4.650821
2026/06/11 19:45:00.277,n,-4.840155,3.576553,4.340416,1.019267,OverRange,OverRange,OverRange,10.047328,12.871292,-4.635121
2026/06/11 19:46:00.278,n,-5.159368,5.760385,5.132941,1.132046,OverRange,OverRange,OverRange,10.088278,12.856294,-4.835799
2026/06/11 19:47:00.281,n,-5.062886,6.10263,5.590933,1.23643,OverRange,OverRange,OverRange,10.115764,12.846638,-4.825987
2026/06/11 19:48:00.282,n,-4.945491,6.237482,5.696211,1.0662,OverRange,OverRange,OverRange,10.095384,12.83371,-4.724794
2026/06/11 19:49:00.269,n,-4.913415,3.311134,4.857203,1.497976,OverRange,OverRange,OverRange,10.12616,12.824038,-4.781448
2026/06/11 19:50:00.271,n,-4.872487,6.089184,6.254688,0.227939,OverRange,OverRange,OverRange,10.180874,12.807916,-4.822147
2026/06/11 19:51:00.274,n,-4.881212,4.356285,5.439724,1.267147,OverRange,OverRange,OverRange,10.10175,12.79505,-4.929482
2026/06/11 19:52:00.308,n,-4.872615,6.103352,5.156186,1.185518,OverRange,OverRange,OverRange,10.054932,12.783196,-4.785288
2026/06/11 19:53:00.325,n,-4.804872,6.383867,4.387048,1.15374,OverRange,OverRange,OverRange,10.06332,12.775672,-4.693652
2026/06/11 19:54:00.279,n,-4.743416,3.639342,4.236066,1.042405,OverRange,OverRange,OverRange,10.167638,12.763902,-4.689813
2026/06/11 19:55:00.281,n,-4.854781,3.22626,4.804821,1.572899,OverRange,OverRange,OverRange,10.151362,12.753088,-4.785203
2026/06/11 19:56:00.268,n,-4.916109,6.388454,4.538429,1.107402,OverRange,OverRange,OverRange,10.08495,12.755384,-4.763702
2026/06/11 19:57:00.268,n,-4.565591,6.028357,4.561616,1.380017,OverRange,OverRange,OverRange,9.968084,12.74571,-4.390332
2026/06/11 19:58:00.271,n,-4.466286,3.455805,4.304153,1.082186,OverRange,OverRange,OverRange,10.053834,12.739036,-4.222845
2026/06/11 19:59:00.273,n,-4.694405,6.287459,5.453909,1.409708,OverRange,OverRange,OverRange,10.200628,12.733644,-4.232145
2026/06/11 20:00:00.258,n,-4.618323,6.381011,4.202691,1.232769,OverRange,OverRange,OverRange,10.253276,12.722914,-4.175662
2026/06/11 20:01:00.259,n,-4.54224,6.25311,5.829769,0.737264,OverRange,OverRange,OverRange,10.304658,12.71964,-4.206975
2026/06/11 20:02:00.261,n,-4.530436,3.793421,4.283377,1.175774,OverRange,OverRange,OverRange,10.278698,12.711062,-4.224381
2026/06/11 20:03:00.263,n,-4.589198,3.593255,5.159948,1.358143,OverRange,OverRange,OverRange,10.36057,12.703536,-4.284789
2026/06/11 20:04:00.265,n,-4.700307,3.719288,4.040801,1.16614,OverRange,OverRange,OverRange,10.40836,12.697104,-4.300402
2026/06/11 20:05:00.267,n,-4.533259,6.003604,5.299359,1.650791,OverRange,OverRange,OverRange,10.506196,12.696062,-4.208852
2026/06/11 20:06:00.271,n,-4.43652,3.948744,4.293642,0.766675,OverRange,OverRange,OverRange,10.490194,12.687416,-4.214739
2026/06/11 20:07:00.271,n,-4.539033,3.779241,4.749508,1.20454,OverRange,OverRange,OverRange,10.51941,12.688492,-4.253646
2026/06/11 20:08:00.257,n,-4.401622,4.475318,5.108549,1.34647,OverRange,OverRange,OverRange,10.571498,12.680984,-4.245796
2026/06/11 20:09:00.258,n,-4.348762,3.357906,5.239502,1.492486,OverRange,OverRange,OverRange,10.62788,12.67667,-4.356801
2026/06/11 20:10:00.260,n,-4.363389,3.579516,3.782064,0.110796,OverRange,OverRange,OverRange,10.6444,12.671278,-4.425058
2026/06/11 20:11:00.264,n,-4.304884,6.206984,5.16071,1.250075,OverRange,OverRange,OverRange,10.710684,12.67452,-4.526335
2026/06/11 20:12:00.264,n,-4.223027,6.047117,5.619434,1.039852,OverRange,OverRange,OverRange,10.590536,12.668088,-4.602443
2026/06/11 20:13:00.267,n,-4.310785,6.207986,4.978263,1.443368,OverRange,OverRange,OverRange,10.620022,12.663774,-4.514902
2026/06/11 20:14:00.269,n,-4.433569,3.49093,3.986298,1.02753,OverRange,OverRange,OverRange,10.578344,12.662698,-4.485381
2026/06/11 20:15:00.272,n,-4.521712,6.65596,5.50543,1.141231,OverRange,OverRange,OverRange,10.64465,12.66055,-4.485466
2026/06/11 20:16:00.272,n,-4.594972,6.082142,5.611882,1.230986,OverRange,OverRange,OverRange,10.571736,12.654086,-4.481626
2026/06/11 20:17:00.259,n,-4.711983,3.949051,4.236864,0.710556,OverRange,OverRange,OverRange,10.532884,12.656236,-4.425143
2026/06/11 20:18:00.259,n,-5.031195,3.784911,3.898418,0.236071,OverRange,OverRange,OverRange,10.54862,12.646562,-4.545874
2026/06/11 20:19:00.261,n,-5.06032,6.059288,4.48959,1.363902,OverRange,OverRange,OverRange,10.552704,12.644414,-4.469682
2026/06/11 20:20:00.263,n,-5.028244,3.876594,4.334571,1.148201,OverRange,OverRange,OverRange,10.498068,12.636874,-4.493401
2026/06/11 20:21:00.265,n,-5.283178,3.674831,4.428988,1.25599,OverRange,OverRange,OverRange,10.544572,12.627202,-4.643398
2026/06/11 20:22:00.266,n,-5.227239,3.185883,3.992286,0.820212,OverRange,OverRange,OverRange,10.562104,12.625052,-4.625821
2026/06/11 20:23:00.269,n,-5.095731,3.916021,4.854724,1.386985,OverRange,OverRange,OverRange,10.54329,12.625052,-4.645275
2026/06/11 20:24:00.274,n,-5.133707,3.403617,4.26023,1.216585,OverRange,OverRange,OverRange,10.5179,12.617546,-4.635633
2026/06/11 20:25:00.272,n,-5.206711,6.273658,4.575482,1.33936,OverRange,OverRange,OverRange,10.511028,12.614338,-4.57514
2026/06/11 20:26:00.258,n,-5.148206,3.138278,4.877258,1.351991,OverRange,OverRange,OverRange,10.50594,12.610024,-4.692116
2026/06/11 20:27:00.264,n,-5.133836,5.920298,5.750388,0.938868,OverRange,OverRange,OverRange,10.525004,12.594946,-4.69971
2026/06/11 20:28:00.263,n,-5.124727,3.752802,4.34635,1.468615,OverRange,OverRange,OverRange,10.402252,12.59387,-4.748685
2026/06/11 20:29:00.264,n,-5.098682,6.021036,4.736522,1.203429,OverRange,OverRange,OverRange,10.443432,12.588448,-4.848
2026/06/11 20:30:00.268,n,-5.080976,5.589179,5.698493,0.274462,OverRange,OverRange,OverRange,10.431758,12.587374,-4.988354
2026/06/11 20:31:00.268,n,-5.139224,5.474473,4.114075,0.764853,OverRange,OverRange,OverRange,10.411418,12.584198,-5.050725
2026/06/11 20:32:00.270,n,-5.168734,3.517367,3.760445,0.158615,OverRange,OverRange,OverRange,10.391084,12.583124,-5.060452
2026/06/11 20:33:00.273,n,-5.174636,6.224218,6.041704,0.415552,OverRange,OverRange,OverRange,10.472682,12.582048,-5.117191
2026/06/11 20:34:00.258,n,-5.189133,3.618307,3.882702,0.524404,OverRange,OverRange,OverRange,10.387776,12.585304,-5.181353
2026/06/11 20:35:00.259,n,-5.168862,3.785878,5.03273,1.268378,OverRange,OverRange,OverRange,10.438354,12.580974,-5.144323
2026/06/11 20:36:00.262,n,-5.148206,3.640451,4.248989,1.006945,OverRange,OverRange,OverRange,10.414964,12.586332,-5.134596
2026/06/11 20:37:00.263,n,-5.136787,6.165593,5.893486,0.262592,OverRange,OverRange,OverRange,10.45514,12.582048,-5.181438
2026/06/11 20:38:00.267,n,-5.317948,3.850508,5.290721,1.282475,OverRange,OverRange,OverRange,10.391328,12.57451,-5.374352
2026/06/11 20:39:00.268,n,-5.268553,3.904446,4.641477,1.246863,OverRange,OverRange,OverRange,10.400738,12.573452,-5.148163
2026/06/11 20:40:00.270,n,-5.280227,3.829367,4.281281,0.75153,OverRange,OverRange,OverRange,10.347616,12.572344,-5.101406
2026/06/11 20:41:00.271,n,-5.286001,2.954508,5.057644,1.365841,OverRange,OverRange,OverRange,10.38143,12.569154,-5.126747
2026/06/11 20:42:00.273,n,-5.297676,3.690449,4.461676,1.263622,OverRange,OverRange,OverRange,10.393372,12.564838,-5.183316
2026/06/11 20:43:00.259,n,-5.394415,3.304037,5.566733,1.12,OverRange,OverRange,OverRange,10.42158,12.559448,-5.099529
2026/06/11 20:44:00.261,n,-5.406347,6.347878,4.984246,1.57099,OverRange,OverRange,OverRange,10.38446,12.543312,-5.146286
2026/06/11 20:45:00.263,n,-5.420588,6.241656,5.310109,1.266583,OverRange,OverRange,OverRange,10.307698,12.53794,-4.945523
2026/06/11 20:46:00.268,n,-5.532339,6.284843,5.045178,1.424854,OverRange,OverRange,OverRange,10.333364,12.528234,-4.939721
2026/06/11 20:47:00.267,n,-5.561207,5.946947,5.535576,0.980215,OverRange,OverRange,OverRange,10.333894,12.517488,-4.939636
2026/06/11 20:48:00.270,n,-5.511554,3.469865,4.338174,1.207067,OverRange,OverRange,OverRange,10.325242,12.508876,-4.926069
2026/06/11 20:49:00.272,n,-5.502829,5.864182,5.229982,1.086619,OverRange,OverRange,OverRange,10.367702,12.505634,-4.838273
2026/06/11 20:50:00.277,n,-5.482044,3.808233,4.164436,0.849216,OverRange,OverRange,OverRange,10.32628,12.490558,-4.957126
2026/06/11 20:51:00.276,n,-5.657945,3.721138,3.685933,0.097875,OverRange,OverRange,OverRange,10.337718,12.500538,-5.12103
2026/06/11 20:52:00.260,n,-5.307171,3.54583,3.727968,0.110063,OverRange,OverRange,OverRange,10.342378,12.483328,-5.000811
2026/06/11 20:53:00.262,n,-5.295624,5.892938,5.684893,0.702187,OverRange,OverRange,OverRange,10.39497,12.478768,-4.98716
2026/06/11 20:54:00.267,n,-5.272016,3.272376,4.786806,1.495533,OverRange,OverRange,OverRange,10.335556,12.461558,-4.981017
2026/06/11 20:55:00.267,n,-5.283307,3.385201,4.66976,1.419654,OverRange,OverRange,OverRange,10.335836,12.458302,-4.862163
2026/06/11 20:56:00.270,n,-5.24533,6.00788,5.19698,1.462913,OverRange,OverRange,OverRange,10.386662,12.443274,-4.848427
2026/06/11 20:57:00.270,n,-5.184387,3.892184,4.782425,1.200464,OverRange,OverRange,OverRange,10.359722,12.438976,-4.942025
2026/06/11 20:58:00.275,n,-5.207481,3.552974,4.09525,1.072383,OverRange,OverRange,OverRange,10.41919,12.437884,-4.838871
2026/06/11 20:59:00.274,n,-5.295367,5.043679,5.931833,0.450917,OverRange,OverRange,OverRange,10.41742,12.421734,-5.16608
2026/06/11 21:00:00.279,n,-5.137043,3.715408,4.121244,1.105236,OverRange,OverRange,OverRange,10.394044,12.415268,-4.969328
2026/06/11 21:01:00.263,n,-5.072765,5.23107,4.713187,1.283057,OverRange,OverRange,OverRange,10.423758,12.405596,-4.885456
2026/06/11 21:02:00.267,n,-5.037482,3.647021,4.384877,1.189854,OverRange,OverRange,OverRange,10.416656,12.403446,-4.862249
2026/06/11 21:03:00.267,n,-5.101889,3.706571,4.963051,1.436764,OverRange,OverRange,OverRange,10.44485,12.394818,-4.959516
2026/06/11 21:04:00.269,n,-4.976154,3.977988,4.833938,1.054295,OverRange,OverRange,OverRange,10.453506,12.389428,-4.963441
2026/06/11 21:05:00.271,n,-4.917393,6.453841,4.964911,1.477357,OverRange,OverRange,OverRange,10.486034,12.38728,-4.918732
2026/06/11 21:06:00.272,n,-4.84131,6.437662,5.351427,1.30314,OverRange,OverRange,OverRange,10.44664,12.384072,-4.91293
2026/06/11 21:07:00.275,n,-4.879543,6.288778,6.053352,0.118778,OverRange,OverRange,OverRange,10.392518,12.38728,-4.975129
2026/06/11 21:08:00.277,n,-4.891347,6.170927,4.625545,0.867131,OverRange,OverRange,OverRange,10.367106,12.381922,-4.90892
2026/06/11 21:09:00.279,n,-5.069942,3.944164,4.563267,1.172676,OverRange,OverRange,OverRange,10.362508,12.38513,-5.002433
2026/06/11 21:10:00.264,n,-5.169375,6.258286,4.7859,1.211261,OverRange,OverRange,OverRange,10.418438,12.386238,-4.963611
2026/06/11 21:11:00.266,n,-5.116644,5.664388,5.95186,0.176803,OverRange,OverRange,OverRange,10.318812,12.401428,-5.035537
2026/06/11 21:12:00.268,n,-5.219413,6.077676,5.429683,1.189001,OverRange,OverRange,OverRange,10.288006,12.394932,-5.057295
2026/06/11 21:13:00.270,n,-5.427389,5.398911,5.868693,0.683569,OverRange,OverRange,OverRange,10.289302,12.393874,-5.219065
2026/06/11 21:14:00.272,n,-5.527079,3.698555,3.882708,0.551348,OverRange,OverRange,OverRange,10.282414,12.393874,-5.135194
2026/06/11 21:15:00.276,n,-5.45369,6.091341,5.563128,1.126418,OverRange,OverRange,OverRange,10.279608,12.385228,-5.064889
2026/06/11 21:16:00.277,n,-5.48012,3.791926,5.134306,1.385685,OverRange,OverRange,OverRange,10.191102,12.38741,-5.04936
2026/06/11 21:17:00.278,n,-5.594309,5.856085,5.376853,1.086192,OverRange,OverRange,OverRange,10.26945,12.369124,-4.840832
2026/06/11 21:18:00.280,n,-5.571086,6.48992,5.243088,1.265428,OverRange,OverRange,OverRange,10.249868,12.364794,-4.83887
2026/06/11 21:19:00.268,n,-5.565312,4.306461,4.58268,1.323972,OverRange,OverRange,OverRange,10.21043,12.356164,-4.766602
2026/06/11 21:20:00.271,n,-5.556331,5.995095,5.447609,1.142495,OverRange,OverRange,OverRange,10.216538,12.346492,-4.825219
2026/06/11 21:21:00.270,n,-5.50655,5.921162,4.800563,1.066113,OverRange,OverRange,OverRange,10.190862,12.340028,-4.953885
2026/06/11 21:22:00.272,n,-5.509501,6.016133,5.208203,1.519056,OverRange,OverRange,OverRange,10.183482,12.330374,-5.068984
2026/06/11 21:23:00.275,n,-5.412762,6.26197,4.947993,1.417576,OverRange,OverRange,OverRange,10.189846,12.32067,-5.051493
2026/06/11 21:24:00.277,n,-5.430468,6.134803,5.234907,1.272024,OverRange,OverRange,OverRange,10.238164,12.313132,-5.104222
2026/06/11 21:25:00.280,n,-5.319103,5.879359,5.259738,1.277458,OverRange,OverRange,OverRange,10.257228,12.300204,-5.031869
2026/06/11 21:26:00.281,n,-5.31628,4.082623,5.015414,1.137273,OverRange,OverRange,OverRange,10.195954,12.296932,-5.133146
2026/06/11 21:27:00.282,n,-5.406861,3.887364,4.461698,1.309015,OverRange,OverRange,OverRange,10.229524,12.284038,-5.113693
2026/06/11 21:28:00.268,n,-5.354257,6.683089,5.429042,1.215939,OverRange,OverRange,OverRange,10.266378,12.275424,-5.115741
2026/06/11 21:29:00.271,n,-5.371962,6.163312,5.030304,1.279267,OverRange,OverRange,OverRange,10.218068,12.272216,-5.078625
2026/06/11 21:30:00.272,n,-5.450867,3.805284,3.846056,0.216496,OverRange,OverRange,OverRange,10.14533,12.261374,-4.990999
2026/06/11 21:31:00.274,n,-5.436241,6.334617,5.466944,0.926556,OverRange,OverRange,OverRange,10.185008,12.25387,-5.057209
2026/06/11 21:32:00.276,n,-5.40994,3.999553,4.506095,1.042541,OverRange,OverRange,OverRange,10.197734,12.24309,-5.109768
2026/06/11 21:33:00.278,n,-5.37748,6.046161,5.749858,0.269276,OverRange,OverRange,OverRange,10.29387,12.23666,-5.178025
2026/06/11 21:34:00.279,n,-5.286771,3.567784,5.313332,1.427266,OverRange,OverRange,OverRange,10.21985,12.222658,-5.248246
2026/06/11 21:35:00.281,n,-5.275224,6.306289,4.945498,1.39228,OverRange,OverRange,OverRange,10.285188,12.219418,-5.156524
2026/06/11 21:36:00.286,n,-5.26034,4.294161,3.857479,0.241155,OverRange,OverRange,OverRange,10.257,12.208606,-5.125467
2026/06/11 21:37:00.269,n,-5.272273,3.575531,4.866359,1.085059,OverRange,OverRange,OverRange,10.21401,12.202208,-5.166336
2026/06/11 21:38:00.272,n,-5.324876,6.237285,4.868595,1.162722,OverRange,OverRange,OverRange,10.2547,12.19571,-5.061049
2026/06/11 21:39:00.272,n,-5.275224,6.01465,4.892836,1.3773,OverRange,OverRange,OverRange,10.169246,12.188142,-5.129222
2026/06/11 21:40:00.275,n,-5.304348,6.348345,5.257302,1.213972,OverRange,OverRange,OverRange,10.198248,12.180636,-5.029821
2026/06/11 21:41:00.278,n,-5.447917,3.430388,4.523882,1.280441,OverRange,OverRange,OverRange,10.143286,12.17308,-5.035709
2026/06/11 21:42:00.262,n,-5.40994,3.88762,4.988328,1.402406,OverRange,OverRange,OverRange,10.172812,12.175214,-4.899278
2026/06/11 21:43:00.265,n,-5.494875,6.046596,5.68808,0.975244,OverRange,OverRange,OverRange,10.19723,12.169858,-5.106014
2026/06/11 21:44:00.415,n,-5.471267,6.348465,4.811838,1.3363,OverRange,OverRange,OverRange,10.181952,12.161228,-5.014292
2026/06/11 21:45:00.343,n,-5.54735,4.467165,4.881463,1.340107,OverRange,OverRange,OverRange,10.143804,12.160152,-5.041595
2026/06/11 21:46:00.320,n,-5.54735,4.07092,4.416118,0.568649,OverRange,OverRange,OverRange,10.113028,12.157972,-5.002689
2026/06/11 21:47:00.346,n,-5.573908,6.022848,5.747532,0.57488,OverRange,OverRange,OverRange,10.165176,12.165544,-5.084512
2026/06/11 21:48:00.259,n,-5.588663,5.931327,5.438596,0.986756,OverRange,OverRange,OverRange,10.13947,12.160152,-5.080588
2026/06/11 21:49:00.262,n,-5.638315,6.249174,5.461621,1.033712,OverRange,OverRange,OverRange,10.143794,12.154764,-5.000641
2026/06/11 21:50:00.261,n,-5.594437,3.971187,4.525145,1.102524,OverRange,OverRange,OverRange,10.089604,12.15369,-4.984942
2026/06/11 21:51:00.264,n,-5.653198,3.922952,4.522104,1.021586,OverRange,OverRange,OverRange,10.18654,12.148302,-5.023933
2026/06/11 21:52:00.266,n,-5.837695,3.970777,4.481618,1.149813,OverRange,OverRange,OverRange,10.096228,12.141806,-5.010453
2026/06/11 21:53:00.268,n,-5.711575,6.275063,5.55871,1.117537,OverRange,OverRange,OverRange,10.096228,12.140732,-4.953884
2026/06/11 21:54:00.269,n,-5.588663,5.927531,6.044066,0.130131,OverRange,OverRange,OverRange,10.049418,12.133178,-4.998678
2026/06/11 21:55:00.271,n,-5.573909,3.871027,4.687282,1.140768,OverRange,OverRange,OverRange,9.954224,12.131028,-5.078796
2026/06/11 21:56:00.256,n,-5.641138,4.545564,4.813596,1.036357,OverRange,OverRange,OverRange,10.042282,12.11807,-5.166336
2026/06/11 21:57:00.258,n,-5.658972,5.889007,4.937698,0.957486,OverRange,OverRange,OverRange,9.995468,12.110564,-5.228707
2026/06/11 21:58:00.263,n,-5.612141,5.930588,5.59527,1.118113,OverRange,OverRange,OverRange,10.008424,12.09868,-5.226744
2026/06/11 21:59:00.265,n,-5.626511,6.179907,5.377699,1.253528,OverRange,OverRange,OverRange,9.995708,12.091188,-5.092277
2026/06/11 22:00:00.264,n,-5.623689,4.002656,4.440613,0.94976,OverRange,OverRange,OverRange,10.04711,12.07826,-5.059343
2026/06/11 22:01:00.266,n,-5.658844,3.7997,4.684338,1.336909,OverRange,OverRange,OverRange,10.113266,12.068526,-4.992962
2026/06/11 22:02:00.267,n,-5.571086,3.473969,4.576195,1.3699,OverRange,OverRange,OverRange,10.111226,12.063138,-4.952008
2026/06/11 22:03:00.271,n,-5.442015,4.914183,4.863141,1.225323,OverRange,OverRange,OverRange,10.061122,12.051286,-5.061049
2026/06/11 22:04:00.273,n,-5.360287,3.656792,4.890171,1.419026,OverRange,OverRange,OverRange,10.040746,12.04479,-5.061219
2026/06/11 22:05:00.259,n,-5.36003,5.858183,5.921649,0.415927,OverRange,OverRange,OverRange,10.160604,12.037252,-5.031954
2026/06/11 22:06:00.262,n,-5.33668,6.051005,5.98693,0.152554,OverRange,OverRange,OverRange,10.206376,12.030788,-4.981188
2026/06/11 22:07:00.261,n,-5.260597,3.393041,5.029191,1.35436,OverRange,OverRange,OverRange,10.181448,12.025368,-4.80969
2026/06/11 22:08:00.265,n,-5.266243,5.20425,4.121306,0.537826,OverRange,OverRange,OverRange,10.107672,12.038116,-4.655598
2026/06/11 22:09:00.265,n,-5.142689,3.743789,5.195054,1.230975,OverRange,OverRange,OverRange,10.02066,12.021916,-4.635463
2026/06/11 22:10:00.267,n,-5.277277,5.858735,6.051567,0.227617,OverRange,OverRange,OverRange,10.012528,12.007948,-4.848171
2026/06/11 22:11:00.271,n,-5.28908,3.675199,5.179747,1.41872,OverRange,OverRange,OverRange,10.024974,12.003568,-4.939636
2026/06/11 22:12:00.271,n,-5.365034,3.522709,4.159689,1.028292,OverRange,OverRange,OverRange,10.015294,11.99279,-5.003968
2026/06/11 22:13:00.256,n,-5.285873,3.584878,5.035289,1.153069,OverRange,OverRange,OverRange,9.88702,11.983104,-5.159852
2026/06/11 22:14:00.259,n,-5.344378,3.348002,4.930054,1.280712,OverRange,OverRange,OverRange,9.83609,11.972296,-5.138436
2026/06/11 22:15:00.264,n,-5.235964,6.053687,5.53707,0.753839,OverRange,OverRange,OverRange,9.83431,11.962592,-5.072311
2026/06/11 22:16:00.262,n,-5.186311,3.798399,4.577483,1.194352,OverRange,OverRange,OverRange,9.868164,11.958278,-5.015743
2026/06/11 22:17:00.264,n,-5.277277,3.95232,4.57129,1.211346,OverRange,OverRange,OverRange,9.881424,11.94859,-5.010026
2026/06/11 22:18:00.267,n,-5.265601,6.301704,5.726855,0.566431,OverRange,OverRange,OverRange,9.95194,11.946426,-5.039121
2026/06/11 22:19:00.269,n,-5.321284,6.170365,4.82733,1.619877,OverRange,OverRange,OverRange,9.963364,11.938856,-5.083915
2026/06/11 22:20:00.271,n,-5.154107,4.891335,5.540028,0.415229,OverRange,OverRange,OverRange,10.058848,11.935632,-5.060537
2026/06/11 22:21:00.275,n,-5.180666,5.857376,5.219673,1.062924,OverRange,OverRange,OverRange,10.050934,11.936708,-4.879227
2026/06/11 22:22:00.258,n,-5.116515,3.732794,4.966479,1.069089,OverRange,OverRange,OverRange,9.943532,11.936708,-4.81498
2026/06/11 22:23:00.260,n,-5.145511,6.112235,4.353351,1.214105,OverRange,OverRange,OverRange,9.910436,11.933468,-4.779828
2026/06/11 22:24:00.264,n,-5.201194,6.219841,4.886252,1.528575,OverRange,OverRange,OverRange,9.976868,11.933468,-4.768138
2026/06/11 22:25:00.264,n,-5.265473,5.912992,5.353735,1.084083,OverRange,OverRange,OverRange,9.980962,11.931318,-4.748685
2026/06/11 22:26:00.266,n,-5.400317,4.460992,5.070802,1.230053,OverRange,OverRange,OverRange,9.971294,11.92593,-4.83631
2026/06/11 22:27:00.269,n,-5.602263,6.122542,4.849477,1.263115,OverRange,OverRange,OverRange,10.059082,11.92811,-4.949363
2026/06/11 22:28:00.270,n,-5.453177,5.853728,4.715334,0.999292,OverRange,OverRange,OverRange,10.105392,11.923764,-4.754572
2026/06/11 22:29:00.273,n,-5.317948,4.005192,4.239623,0.837703,OverRange,OverRange,OverRange,10.03033,11.914078,-4.811055
2026/06/11 22:30:00.274,n,-5.277148,3.56337,4.503153,1.181027,OverRange,OverRange,OverRange,10.030086,11.90869,-4.67454
2026/06/11 22:31:00.260,n,-5.271374,5.605446,4.807668,1.382772,OverRange,OverRange,OverRange,10.068004,11.907582,-4.717542
2026/06/11 22:32:00.262,n,-5.303578,4.445849,4.714494,1.21633,OverRange,OverRange,OverRange,10.14153,11.895732,-4.7486
2026/06/11 22:33:00.265,n,-5.248024,3.606111,3.961752,0.302547,OverRange,OverRange,OverRange,10.136174,11.888176,-4.844245
2026/06/11 22:34:00.266,n,-5.306401,5.950235,4.909118,1.255736,OverRange,OverRange,OverRange,10.223944,11.882788,-4.631879
2026/06/11 22:35:00.268,n,-5.23622,6.222353,5.185588,1.316558,OverRange,OverRange,OverRange,10.18097,11.883846,-4.508845
2026/06/11 22:36:00.270,n,-5.250975,3.910995,4.302819,1.072903,OverRange,OverRange,OverRange,10.08809,11.8774,-4.514817
2026/06/11 22:37:00.270,n,-5.300627,6.229372,4.74067,1.346667,OverRange,OverRange,OverRange,10.151444,11.869798,-4.522581
2026/06/11 22:38:00.272,n,-5.154364,3.447762,4.504071,1.378469,OverRange,OverRange,OverRange,10.091904,11.868756,-4.670786
2026/06/11 22:39:00.276,n,-5.186311,4.468288,4.885433,1.045389,OverRange,OverRange,OverRange,10.164174,11.860128,-4.74075
2026/06/11 22:40:00.261,n,-5.107149,3.36655,4.350106,1.023115,OverRange,OverRange,OverRange,10.056814,11.865516,-4.78179
2026/06/11 22:41:00.262,n,-5.057626,3.91587,4.654246,1.089469,OverRange,OverRange,OverRange,10.140518,11.85902,-4.820782
2026/06/11 22:42:00.265,n,-5.086878,4.608495,4.631879,1.233751,OverRange,OverRange,OverRange,10.12499,11.852558,-4.894841
2026/06/11 22:43:00.266,n,-5.122032,4.127758,4.945919,1.315049,OverRange,OverRange,OverRange,9.984772,11.844988,-4.898766
2026/06/11 22:44:00.269,n,-5.306658,3.753168,4.845731,1.255371,OverRange,OverRange,OverRange,9.934118,11.839566,-4.935967
2026/06/11 22:45:00.270,n,-5.420717,4.757828,5.025311,1.126182,OverRange,OverRange,OverRange,9.937176,11.835286,-4.898681
2026/06/11 22:46:00.276,n,-5.418022,3.466931,4.912612,1.531204,OverRange,OverRange,OverRange,9.959814,11.828822,-5.089717
2026/06/11 22:47:00.274,n,-5.447147,3.868488,4.869259,0.995256,OverRange,OverRange,OverRange,9.980184,11.826656,-5.004053
2026/06/11 22:48:00.278,n,-5.373887,3.867658,5.388853,1.375636,OverRange,OverRange,OverRange,10.0377,11.8137,-5.064377
2026/06/11 22:49:00.262,n,-5.241994,6.602389,5.017062,1.629008,OverRange,OverRange,OverRange,10.058834,11.80831,-5.041169
2026/06/11 22:50:00.265,n,-5.151285,6.440699,5.097112,1.58603,OverRange,OverRange,OverRange,10.109208,11.799698,-5.076151
2026/06/11 22:51:00.266,n,-5.066479,3.417198,4.81166,1.745352,OverRange,OverRange,OverRange,10.041256,11.793204,-5.062585
2026/06/11 22:52:00.270,n,-4.93715,6.355626,5.370729,1.287683,OverRange,OverRange,OverRange,10.118362,11.792112,-5.064547
2026/06/11 22:53:00.270,n,-4.913928,3.930952,4.202889,1.158464,OverRange,OverRange,OverRange,10.060608,11.788858,-5.167616
2026/06/11 22:54:00.272,n,-4.802691,3.264681,5.077958,1.449518,OverRange,OverRange,OverRange,10.076646,11.794278,-5.148163
2026/06/11 22:55:00.274,n,-4.878902,3.489033,5.005831,1.319742,OverRange,OverRange,OverRange,10.064174,11.789964,-5.124614
2026/06/11 22:56:00.278,n,-4.884547,3.829318,4.949014,1.395178,OverRange,OverRange,OverRange,10.042806,11.797534,-5.274951
2026/06/11 22:57:00.278,n,-4.890449,3.40388,4.55341,1.504206,OverRange,OverRange,OverRange,9.974072,11.802922,-5.208485
2026/06/11 22:58:00.263,n,-5.025293,6.720929,5.46116,1.3333,OverRange,OverRange,OverRange,10.02982,11.80613,-5.212581
2026/06/11 22:59:00.265,n,-5.004637,3.47563,4.958061,1.637756,OverRange,OverRange,OverRange,10.050944,11.80831,-5.214458
2026/06/11 23:00:00.267,n,-5.075331,5.279664,5.210016,0.90257,OverRange,OverRange,OverRange,10.101838,11.821268,-5.220345
2026/06/11 23:01:00.268,n,-5.001815,3.44085,4.701878,1.607133,OverRange,OverRange,OverRange,10.096742,11.821268,-5.263347
2026/06/11 23:02:00.271,n,-5.089444,6.222811,5.064857,1.469065,OverRange,OverRange,OverRange,10.140752,11.821268,-5.16591
2026/06/11 23:03:00.273,n,-5.004765,3.38493,4.78438,1.626458,OverRange,OverRange,OverRange,10.109966,11.824508,-5.093642
2026/06/11 23:04:00.276,n,-4.966403,4.517727,5.036778,1.20565,OverRange,OverRange,OverRange,10.10667,11.830972,-5.080076
2026/06/11 23:05:00.279,n,-5.03992,3.446097,4.830746,1.617915,OverRange,OverRange,OverRange,10.019136,11.829896,-5.060451
2026/06/11 23:06:00.280,n,-5.145511,5.144939,4.813123,0.863043,OverRange,OverRange,OverRange,10.01176,11.827716,-4.945523
2026/06/11 23:07:00.266,n,-5.212869,5.970966,5.873762,0.937336,OverRange,OverRange,OverRange,10.029074,11.827716,-4.881361
2026/06/11 23:08:00.266,n,-5.201066,6.261235,5.360098,0.990993,OverRange,OverRange,OverRange,10.066224,11.827716,-4.81097
2026/06/11 23:09:00.269,n,-5.241994,3.364234,4.575387,1.51127,OverRange,OverRange,OverRange,9.999782,11.824508,-4.867539
2026/06/11 23:10:00.270,n,-5.198371,4.260107,4.992285,1.449083,OverRange,OverRange,OverRange,9.972042,11.818046,-4.820953
2026/06/11 23:11:00.272,n,-5.297677,3.375093,4.960957,1.443656,OverRange,OverRange,OverRange,9.949896,11.8137,-4.828461
2026/06/11 23:12:00.274,n,-5.309352,3.379674,4.758029,1.343692,OverRange,OverRange,OverRange,9.949906,11.81155,-4.729146
2026/06/11 23:13:00.277,n,-5.318205,3.501383,4.839926,1.540108,OverRange,OverRange,OverRange,10.003326,11.80831,-4.733156
2026/06/11 23:14:00.281,n,-5.335782,3.20697,5.001245,1.488461,OverRange,OverRange,OverRange,10.006404,11.801816,-4.620105
2026/06/11 23:15:00.285,n,-5.376581,6.338824,4.955564,1.489589,OverRange,OverRange,OverRange,10.03389,11.792112,-4.772148
2026/06/11 23:16:00.266,n,-5.312559,3.863672,4.524178,1.552688,OverRange,OverRange,OverRange,10.022442,11.783468,-4.785715
2026/06/11 23:17:00.268,n,-5.371065,3.790115,4.554031,1.408576,OverRange,OverRange,OverRange,10.01022,11.781302,-4.657134
2026/06/11 23:18:00.270,n,-5.347458,6.353701,5.047566,1.412656,OverRange,OverRange,OverRange,10.037446,11.777038,-4.555686
2026/06/11 23:19:00.273,n,-5.291775,6.005133,4.794427,1.170768,OverRange,OverRange,OverRange,9.992926,11.766196,-4.594764
2026/06/11 23:20:00.273,n,-5.312303,5.202905,5.529734,1.112991,OverRange,OverRange,OverRange,9.931828,11.76084,-4.735119
2026/06/11 23:21:00.276,n,-5.315254,6.55307,4.511042,1.495966,OverRange,OverRange,OverRange,9.935614,11.756494,-4.826754
2026/06/11 23:22:00.277,n,-5.224544,3.063635,5.551654,1.228946,OverRange,OverRange,OverRange,9.945832,11.756494,-4.87735
2026/06/11 23:23:00.282,n,-5.271118,3.5491,3.709687,0.138752,OverRange,OverRange,OverRange,9.986308,11.744612,-4.830594
2026/06/11 23:24:00.282,n,-5.139481,6.512453,4.361386,1.129645,OverRange,OverRange,OverRange,10.038982,11.744612,-4.904568
2026/06/11 23:25:00.268,n,-5.098553,4.990611,4.100191,0.47148,OverRange,OverRange,OverRange,9.959596,11.737074,-4.883153
2026/06/11 23:26:00.272,n,-5.122032,5.817854,4.993821,1.302692,OverRange,OverRange,OverRange,9.941,11.739254,-4.994327
2026/06/11 23:27:00.272,n,-5.148719,6.593829,4.405823,1.408453,OverRange,OverRange,OverRange,9.94633,11.734908,-5.099444
2026/06/11 23:28:00.274,n,-5.001429,3.453202,4.434281,1.052173,OverRange,OverRange,OverRange,9.926744,11.727338,-5.085878
2026/06/11 23:29:00.277,n,-5.092651,5.965826,5.51884,1.380175,OverRange,OverRange,OverRange,9.943532,11.73276,-5.113095
2026/06/11 23:30:00.278,n,-5.03389,5.65847,5.714531,0.518841,OverRange,OverRange,OverRange,9.978436,11.727338,-5.230072
2026/06/11 23:31:00.280,n,-4.987316,6.159685,5.308882,0.84928,OverRange,OverRange,OverRange,9.968994,11.729488,-5.216335
2026/06/11 23:32:00.282,n,-4.992833,5.96533,5.056995,1.286345,OverRange,OverRange,OverRange,9.969,11.728444,-5.236044
2026/06/11 23:33:00.285,n,-4.832072,3.926877,4.902757,1.242918,OverRange,OverRange,OverRange,9.844494,11.73061,-5.048677
2026/06/11 23:34:00.269,n,-5.06032,3.849634,4.50617,1.433131,OverRange,OverRange,OverRange,9.816708,11.73818,-5.097652
2026/06/11 23:35:00.271,n,-5.174764,3.900444,4.500767,1.484837,OverRange,OverRange,OverRange,9.787716,11.731652,-5.113266
2026/06/11 23:36:00.273,n,-5.233269,3.815765,4.430157,1.187162,OverRange,OverRange,OverRange,9.87148,11.740296,-5.099273
2026/06/11 23:37:00.275,n,-5.218643,3.881537,5.034967,1.230511,OverRange,OverRange,OverRange,9.898744,11.744612,-5.179476
2026/06/11 23:38:00.277,n,-5.107534,6.087915,6.124788,0.83307,OverRange,OverRange,OverRange,9.938946,11.750032,-5.156183
2026/06/11 23:39:00.279,n,-5.072251,3.981162,4.960064,1.016565,OverRange,OverRange,OverRange,9.834046,11.743536,-5.167701
2026/06/11 23:40:00.282,n,-5.189262,5.924369,4.715431,1.086367,OverRange,OverRange,OverRange,9.915284,11.751072,-5.015743
2026/06/11 23:41:00.285,n,-5.069173,4.092561,4.922601,1.297295,OverRange,OverRange,OverRange,9.896932,11.745684,-5.035111
2026/06/11 23:42:00.268,n,-5.367985,3.523767,3.767073,0.183053,OverRange,OverRange,OverRange,9.90738,11.743536,-5.095519
2026/06/11 23:43:00.277,n,-5.315382,3.925369,3.727763,0.14006,OverRange,OverRange,OverRange,9.939978,11.737074,-5.011818
2026/06/11 23:44:00.274,n,-5.204016,3.605935,3.679683,0.103054,OverRange,OverRange,OverRange,9.905864,11.742446,-4.925984
2026/06/11 23:45:00.260,n,-5.160009,6.097916,4.19106,0.975463,OverRange,OverRange,OverRange,9.924942,11.740296,-4.959174
2026/06/11 23:46:00.260,n,-5.051595,5.907486,5.519161,1.08337,OverRange,OverRange,OverRange,9.965154,11.734908,-4.984515
2026/06/11 23:47:00.262,n,-5.101632,5.924485,5.311201,1.264357,OverRange,OverRange,OverRange,9.899734,11.739254,-5.044838
2026/06/11 23:48:00.264,n,-5.01952,5.8665,5.930367,0.136104,OverRange,OverRange,OverRange,9.904836,11.736014,-5.027432
2026/06/11 23:49:00.267,n,-5.004765,6.472306,4.333395,1.08635,OverRange,OverRange,OverRange,9.860794,11.729488,-5.193043
2026/06/11 23:50:00.269,n,-4.960758,6.169439,6.090903,0.081602,OverRange,OverRange,OverRange,9.872502,11.724098,-5.160023
2026/06/11 23:51:00.272,n,-4.94626,5.16407,5.936196,0.430681,OverRange,OverRange,OverRange,9.855444,11.724098,-5.294575
2026/06/11 23:52:00.271,n,-4.887755,3.94987,4.646501,1.161188,OverRange,OverRange,OverRange,9.851116,11.726232,-5.259337
2026/06/11 23:53:00.258,n,-4.996041,5.997322,5.369887,0.868438,OverRange,OverRange,OverRange,9.914006,11.71767,-5.294405
2026/06/11 23:54:00.259,n,-4.998735,6.395156,4.382125,1.191575,OverRange,OverRange,OverRange,9.877102,11.716562,-5.255413
2026/06/11 23:55:00.261,n,-5.054674,5.89232,5.163067,1.301595,OverRange,OverRange,OverRange,9.87732,11.710066,-5.224355
2026/06/11 23:56:00.264,n,-5.010411,4.060841,5.058876,1.142762,OverRange,OverRange,OverRange,9.831492,11.712248,-5.288688
2026/06/11 23:57:00.267,n,-5.130628,6.416643,5.35545,1.263513,OverRange,OverRange,OverRange,9.840938,11.704646,-5.306265
2026/06/11 23:58:00.267,n,-5.101633,3.435211,4.865191,1.301238,OverRange,OverRange,OverRange,9.794328,11.702514,-5.292527
2026/06/11 23:59:00.271,n,-5.20376,5.071832,5.069214,1.484222,OverRange,OverRange,OverRange,9.80806,11.698216,-5.156183
