"Timestamp","TZ","GHI1_AV (W/m2)","UVB22013 (W/m2)","UVB22013_AV (W/m2)","UVB22013_SD (W/m2)","UVB22012 (W/m2)","UVB22012_AV (W/m2)","UVB22012_SD (W/m2)","TA_AV (degC)","TL (degC)","GTI_AV (W/m2)"
2026/06/09 00:00:00.286,n,-5.223775,3.888921,4.893413,1.25764,OverRange,OverRange,OverRange,10.230052,13.15732,-5.098932
2026/06/09 00:01:00.269,n,-5.229677,4.558356,4.963325,1.244796,OverRange,OverRange,OverRange,10.28622,13.13465,-5.141763
2026/06/09 00:02:00.273,n,-5.206198,3.973843,5.340738,1.088335,OverRange,OverRange,OverRange,10.28419,13.114162,-5.188605
2026/06/09 00:03:00.259,n,-5.446505,3.829705,5.184985,1.022219,OverRange,OverRange,OverRange,10.243526,13.128804,-5.190568
2026/06/09 00:04:00.260,n,-4.905845,5.774847,4.640645,0.902305,OverRange,OverRange,OverRange,10.249868,13.101818,-4.770698
2026/06/09 00:05:00.263,n,-4.771001,4.500322,5.521481,0.50771,OverRange,OverRange,OverRange,10.200272,13.086624,-4.836908
2026/06/09 00:06:00.264,n,-5.215564,3.818541,4.178935,1.001329,OverRange,OverRange,OverRange,10.182684,13.056416,-5.019326
2026/06/09 00:07:00.265,n,-5.253669,5.833575,5.238748,0.776704,OverRange,OverRange,OverRange,10.325318,13.039072,-5.062243
2026/06/09 00:08:00.267,n,-5.098168,5.805436,5.391283,0.976845,OverRange,OverRange,OverRange,10.27245,13.029334,-5.075895
2026/06/09 00:09:00.270,n,-5.074946,6.23858,5.078976,1.062665,OverRange,OverRange,OverRange,10.244466,13.006698,-5.126576
2026/06/09 00:10:00.272,n,-5.013489,6.182428,5.251629,1.139465,OverRange,OverRange,OverRange,10.198956,12.986146,-5.10499
2026/06/09 00:11:00.256,n,-5.013233,3.945341,3.840851,0.159387,OverRange,OverRange,OverRange,10.136144,12.969944,-5.003798
2026/06/09 00:12:00.263,n,-5.010539,6.015419,5.464247,1.132542,OverRange,OverRange,OverRange,10.166402,12.948188,-5.108915
2026/06/09 00:13:00.264,n,-4.990011,6.326547,5.382547,1.172985,OverRange,OverRange,OverRange,10.150874,12.934248,-5.116679
2026/06/09 00:14:00.265,n,-5.083798,5.851794,4.566817,1.099607,OverRange,OverRange,OverRange,10.131282,12.914918,-5.235703
2026/06/09 00:15:00.267,n,-5.034018,3.592589,4.838798,1.358189,OverRange,OverRange,OverRange,10.112966,12.89777,-5.292187
2026/06/09 00:16:00.272,n,-5.107278,3.569134,4.827778,1.350738,OverRange,OverRange,OverRange,10.117564,12.881648,-5.38971
2026/06/09 00:17:00.269,n,-5.197858,3.533611,4.695538,1.157993,OverRange,OverRange,OverRange,10.128764,12.86232,-5.372133
2026/06/09 00:18:00.270,n,-5.209533,6.175974,5.012161,1.41473,OverRange,OverRange,OverRange,10.129522,12.844032,-5.346792
2026/06/09 00:19:00.274,n,-5.15693,6.338774,4.882831,1.528962,OverRange,OverRange,OverRange,10.010182,12.827894,-5.339113
2026/06/09 00:20:00.258,n,-5.209662,6.266012,4.974116,1.218854,OverRange,OverRange,OverRange,10.062348,12.812882,-5.218212
2026/06/09 00:21:00.259,n,-5.227368,5.471308,4.734301,1.28041,OverRange,OverRange,OverRange,10.01502,12.79567,-5.354557
2026/06/09 00:22:00.263,n,-5.145127,6.638428,5.244372,1.428149,OverRange,OverRange,OverRange,10.05598,12.77955,-5.383993
2026/06/09 00:23:00.263,n,-5.095602,6.204351,4.895492,1.459644,OverRange,OverRange,OverRange,10.012736,12.76237,-5.331264
2026/06/09 00:24:00.265,n,-5.048773,6.085267,4.848666,1.461783,OverRange,OverRange,OverRange,10.030284,12.746232,-5.321537
2026/06/09 00:25:00.268,n,-4.969354,6.17283,5.027199,1.428492,OverRange,OverRange,OverRange,10.03359,12.72907,-5.469656
2026/06/09 00:26:00.273,n,-4.995912,6.270767,4.6353,1.455347,OverRange,OverRange,OverRange,10.040716,12.713974,-5.418975
2026/06/09 00:27:00.271,n,-4.954728,3.47775,4.808103,1.469948,OverRange,OverRange,OverRange,10.064378,12.702154,-5.309848
2026/06/09 00:28:00.259,n,-4.925604,5.789282,5.641278,1.141482,OverRange,OverRange,OverRange,10.064138,12.686066,-5.282545
2026/06/09 00:29:00.258,n,-4.902125,4.027504,4.391497,0.900603,OverRange,OverRange,OverRange,9.915004,12.669928,-5.194663
2026/06/09 00:30:00.260,n,-4.963452,4.128228,5.058804,1.278318,OverRange,OverRange,OverRange,9.977606,12.66239,-5.077772
2026/06/09 00:31:00.262,n,-5.048773,5.681443,4.985083,1.07418,OverRange,OverRange,OverRange,10.053956,12.643062,-5.161729
2026/06/09 00:32:00.263,n,-4.957807,5.688671,5.714142,0.127214,OverRange,OverRange,OverRange,10.000032,12.631208,-5.192872
2026/06/09 00:33:00.266,n,-4.8934,4.446723,5.657843,0.604669,OverRange,OverRange,OverRange,10.051922,12.620494,-5.233741
2026/06/09 00:34:00.270,n,-4.861196,4.97166,4.628703,1.13247,OverRange,OverRange,OverRange,10.050908,12.611846,-5.112839
2026/06/09 00:35:00.271,n,-4.855167,3.733248,4.369616,1.194754,OverRange,OverRange,OverRange,10.02267,12.628552,-5.237665
2026/06/09 00:36:00.274,n,-4.556866,3.80864,4.898339,1.185369,OverRange,OverRange,OverRange,10.035992,12.614582,-4.964891
2026/06/09 00:37:00.259,n,-4.471931,5.651686,5.481566,0.765902,OverRange,OverRange,OverRange,10.10902,12.60058,-5.005846
2026/06/09 00:38:00.260,n,-4.401751,5.341315,5.590729,1.039609,OverRange,OverRange,OverRange,10.090184,12.603834,-5.054565
2026/06/09 00:39:00.262,n,-4.3988,5.294247,4.765446,0.84051,OverRange,OverRange,OverRange,10.053808,12.585568,-5.019497
2026/06/09 00:40:00.265,n,-4.39572,6.327284,5.454116,1.364811,OverRange,OverRange,OverRange,10.064992,12.58125,-4.98059
2026/06/09 00:41:00.267,n,-4.419071,4.166391,4.290864,0.993699,OverRange,OverRange,OverRange,10.030396,12.572622,-4.912418
2026/06/09 00:42:00.269,n,-4.454482,4.038363,4.506577,1.18286,OverRange,OverRange,OverRange,10.0678,12.567264,-4.951325
2026/06/09 00:43:00.268,n,-4.46898,6.199482,4.81814,0.965731,OverRange,OverRange,OverRange,10.14005,12.5608,-4.925984
2026/06/09 00:44:00.270,n,-4.42818,5.290372,4.395204,1.137697,OverRange,OverRange,OverRange,10.114598,12.556502,-4.959259
2026/06/09 00:45:00.272,n,-4.328106,4.572977,4.748783,1.046422,OverRange,OverRange,OverRange,10.187878,12.558682,-4.964977
2026/06/09 00:46:00.258,n,-4.196726,6.363941,4.926508,1.618204,OverRange,OverRange,OverRange,10.149964,12.543572,-4.849877
2026/06/09 00:47:00.260,n,-4.117564,6.335915,4.741812,1.264566,OverRange,OverRange,OverRange,10.116384,12.544648,-4.70773
2026/06/09 00:48:00.262,n,-4.176069,3.56998,4.867481,1.125275,OverRange,OverRange,OverRange,10.027844,12.537126,-4.750562
2026/06/09 00:49:00.265,n,-4.111662,4.612125,5.137162,1.164772,OverRange,OverRange,OverRange,10.061448,12.535008,-4.668567
2026/06/09 00:50:00.269,n,-4.237654,6.014368,4.893358,1.049846,OverRange,OverRange,OverRange,10.084072,12.528512,-4.688191
2026/06/09 00:51:00.271,n,-4.202371,3.480269,4.892029,1.581947,OverRange,OverRange,OverRange,10.06397,12.533932,-4.643397
2026/06/09 00:52:00.271,n,-4.184793,6.396587,5.060237,1.214571,OverRange,OverRange,OverRange,10.156078,12.530678,-4.729146
2026/06/09 00:53:00.272,n,-4.035451,3.49971,4.652016,1.259175,OverRange,OverRange,OverRange,10.133412,12.526394,-4.594679
2026/06/09 00:54:00.274,n,-4.041609,6.177428,5.039602,1.313663,OverRange,OverRange,OverRange,10.187608,12.52208,-4.518657
2026/06/09 00:55:00.260,n,-3.883414,5.937203,4.843917,1.367004,OverRange,OverRange,OverRange,10.148946,12.523186,-4.489476
2026/06/09 00:56:00.263,n,-3.871611,5.107201,5.389151,1.04524,OverRange,OverRange,OverRange,10.14617,12.523186,-4.50509
2026/06/09 00:57:00.264,n,-3.804381,3.198958,4.667853,1.41763,OverRange,OverRange,OverRange,10.131908,12.524246,-4.425229
2026/06/09 00:58:00.265,n,-3.772049,5.864348,5.488085,1.066755,OverRange,OverRange,OverRange,10.220444,12.525288,-4.325658
2026/06/09 00:59:00.267,n,-3.719446,6.271516,5.750489,0.775849,OverRange,OverRange,OverRange,10.17923,12.524246,-4.317979
2026/06/09 01:00:00.270,n,-3.637461,3.554714,5.701529,1.068205,OverRange,OverRange,OverRange,10.120982,12.527438,-4.251598
2026/06/09 01:01:00.271,n,-3.757551,5.779795,5.171011,1.170984,OverRange,OverRange,OverRange,10.152762,12.530678,-4.181463
2026/06/09 01:02:00.274,n,-3.698661,6.064418,5.106419,1.373103,OverRange,OverRange,OverRange,10.137238,12.528512,-4.189314
2026/06/09 01:03:00.276,n,-3.643107,3.506356,5.604809,1.051983,OverRange,OverRange,OverRange,10.159892,12.530678,-4.274977
2026/06/09 01:04:00.261,n,-3.672231,6.027596,5.22992,0.970193,OverRange,OverRange,OverRange,10.1922,12.528512,-4.072508
2026/06/09 01:05:00.266,n,-3.657733,4.110661,4.334658,0.867809,OverRange,OverRange,OverRange,10.14616,12.525288,-4.070545
2026/06/09 01:06:00.264,n,-3.70174,6.329513,4.637754,1.248848,OverRange,OverRange,OverRange,10.21076,12.524246,-3.977032
2026/06/09 01:07:00.267,n,-3.728042,6.195524,5.422614,1.06955,OverRange,OverRange,OverRange,10.208222,12.52208,-4.086074
2026/06/09 01:08:00.267,n,-3.792705,3.346603,4.359414,1.094037,OverRange,OverRange,OverRange,10.196774,12.52208,-4.185389
2026/06/09 01:09:00.269,n,-3.830683,4.507149,5.026507,1.305112,OverRange,OverRange,OverRange,10.257792,12.523186,-4.257486
2026/06/09 01:10:00.271,n,-3.766019,6.258727,5.059879,1.301053,OverRange,OverRange,OverRange,10.25323,12.523186,-4.1737
2026/06/09 01:11:00.275,n,-3.777951,6.28902,4.98117,1.21385,OverRange,OverRange,OverRange,10.229066,12.524246,-4.130953
2026/06/09 01:12:00.275,n,-3.851083,5.947655,5.117453,1.293104,OverRange,OverRange,OverRange,10.235688,12.525288,-4.152284
2026/06/09 01:13:00.261,n,-3.894961,6.170895,4.817729,1.414569,OverRange,OverRange,OverRange,10.231598,12.526394,-4.152198
2026/06/09 01:14:00.263,n,-3.971172,6.334515,5.236768,1.439523,OverRange,OverRange,OverRange,10.187872,12.52208,-4.126943
2026/06/09 01:15:00.264,n,-4.08844,6.226415,5.671151,1.136668,OverRange,OverRange,OverRange,10.173626,12.51993,-4.249721
2026/06/09 01:16:00.266,n,-4.170168,5.746102,4.840078,1.476851,OverRange,OverRange,OverRange,10.188136,12.518856,-4.249722
2026/06/09 01:17:00.268,n,-4.290129,5.624512,4.908806,1.145172,OverRange,OverRange,OverRange,10.164974,12.517766,-4.228306
2026/06/09 01:18:00.271,n,-4.363517,6.33406,4.992067,1.504946,OverRange,OverRange,OverRange,10.163956,12.510226,-4.259533
2026/06/09 01:19:00.273,n,-4.51581,6.012806,4.961343,1.317263,OverRange,OverRange,OverRange,10.105464,12.50487,-4.300318
2026/06/09 01:20:00.277,n,-4.583168,3.714954,5.197697,1.140582,OverRange,OverRange,OverRange,10.067536,12.498406,-4.403472
2026/06/09 01:21:00.276,n,-4.782163,6.190103,5.04854,1.365214,OverRange,OverRange,OverRange,10.099106,12.494088,-4.503128
2026/06/09 01:22:00.263,n,-4.844004,5.778647,5.708689,1.013348,OverRange,OverRange,OverRange,10.13115,12.48551,-4.551677
2026/06/09 01:23:00.268,n,-4.846699,5.829601,4.757992,1.266222,OverRange,OverRange,OverRange,10.100616,12.473688,-4.431031
2026/06/09 01:24:00.267,n,-4.741107,5.948326,5.996212,0.13358,OverRange,OverRange,OverRange,10.098088,12.463968,-4.448352
2026/06/09 01:25:00.270,n,-4.782292,3.979673,4.577099,1.219874,OverRange,OverRange,OverRange,9.97873,12.45319,-4.300403
2026/06/09 01:26:00.270,n,-4.966916,3.368899,5.485278,1.052588,OverRange,OverRange,OverRange,9.988644,12.44355,-4.333508
2026/06/09 01:27:00.272,n,-5.083799,4.026618,4.768664,1.298169,OverRange,OverRange,OverRange,9.95047,12.432772,-4.503042
2026/06/09 01:28:00.274,n,-5.180537,3.321126,4.528252,1.154579,OverRange,OverRange,OverRange,9.933666,12.419842,-4.569252
2026/06/09 01:29:00.276,n,-5.157187,5.19585,5.073651,1.114218,OverRange,OverRange,OverRange,9.887838,12.41123,-4.598688
2026/06/09 01:30:00.280,n,-5.274454,5.766385,5.256546,1.278934,OverRange,OverRange,OverRange,9.846594,12.4181,-4.834433
2026/06/09 01:31:00.263,n,-4.940486,6.308508,5.800958,0.8128,OverRange,OverRange,OverRange,9.94978,12.402876,-4.746808
2026/06/09 01:32:00.267,n,-4.990396,5.907321,4.744047,1.138426,OverRange,OverRange,OverRange,9.965048,12.391056,-4.892964
2026/06/09 01:33:00.267,n,-4.858374,6.007204,5.792392,0.125815,OverRange,OverRange,OverRange,9.934002,12.381336,-4.832556
2026/06/09 01:34:00.268,n,-4.855551,4.167949,4.36146,0.987127,OverRange,OverRange,OverRange,9.84819,12.364094,-4.813188
2026/06/09 01:35:00.270,n,-4.910977,6.262422,5.283518,1.3166,OverRange,OverRange,OverRange,9.870082,12.354424,-4.657134
2026/06/09 01:36:00.272,n,-4.92586,5.795934,5.070074,1.280376,OverRange,OverRange,OverRange,9.796498,12.34366,-4.768139
2026/06/09 01:37:00.274,n,-4.978463,6.378936,5.356767,1.321475,OverRange,OverRange,OverRange,9.790426,12.328568,-4.699881
2026/06/09 01:38:00.279,n,-5.028373,3.471083,4.525999,1.336213,OverRange,OverRange,OverRange,9.839764,12.307076,-4.867624
2026/06/09 01:39:00.281,n,-5.162832,5.642749,5.013668,1.264462,OverRange,OverRange,OverRange,9.85378,12.29519,-4.848171
2026/06/09 01:40:00.267,n,-5.101248,3.85545,3.890758,0.510695,OverRange,OverRange,OverRange,9.766688,12.282262,-4.797318
2026/06/09 01:41:00.268,n,-5.060448,5.171303,5.067292,1.31456,OverRange,OverRange,OverRange,9.734712,12.267186,-4.71942
2026/06/09 01:42:00.269,n,-5.089572,5.703145,5.006491,1.131543,OverRange,OverRange,OverRange,9.73972,12.255334,-4.594764
2026/06/09 01:43:00.270,n,-5.177587,6.313418,4.300464,1.025343,OverRange,OverRange,OverRange,9.710994,12.23705,-4.754487
2026/06/09 01:44:00.273,n,-5.139225,4.170068,4.57881,1.166345,OverRange,OverRange,OverRange,9.674124,12.226272,-4.849962
2026/06/09 01:45:00.274,n,-5.206839,6.351241,4.984446,1.330943,OverRange,OverRange,OverRange,9.661926,12.211178,-4.84416
2026/06/09 01:46:00.278,n,-5.183489,3.078952,4.778543,1.550307,OverRange,OverRange,OverRange,9.545732,12.196102,-4.859689
2026/06/09 01:47:00.277,n,-5.309352,3.450589,4.971736,1.434425,OverRange,OverRange,OverRange,9.594128,12.171324,-5.080076
2026/06/09 01:48:00.281,n,-5.391593,6.089006,5.07749,1.165746,OverRange,OverRange,OverRange,9.65861,12.15838,-5.134681
2026/06/09 01:49:00.266,n,-5.361954,3.136755,4.446163,1.464951,OverRange,OverRange,OverRange,9.556204,12.14327,-5.189288
2026/06/09 01:50:00.267,n,-5.371064,3.311834,4.899232,1.38728,OverRange,OverRange,OverRange,9.522126,12.126062,-5.128965
2026/06/09 01:51:00.269,n,-5.479222,3.73182,4.519283,1.416926,OverRange,OverRange,OverRange,9.469178,12.105582,-4.998337
2026/06/09 01:52:00.270,n,-5.637418,3.628972,4.893264,1.439218,OverRange,OverRange,OverRange,9.393382,12.089398,-5.031272
2026/06/09 01:53:00.273,n,-5.529131,6.090801,5.569352,1.192347,OverRange,OverRange,OverRange,9.482076,12.067842,-5.115143
2026/06/09 01:54:00.275,n,-5.374016,6.808594,5.194989,1.360825,OverRange,OverRange,OverRange,9.407074,12.054916,-5.101662
2026/06/09 01:55:00.278,n,-5.452792,3.83484,4.66883,1.28279,OverRange,OverRange,OverRange,9.440282,12.045214,-5.276999
2026/06/09 01:56:00.279,n,-5.456,3.994859,4.522075,1.106209,OverRange,OverRange,OverRange,9.405548,12.021478,-5.267273
2026/06/09 01:57:00.280,n,-5.414815,4.452698,4.080178,0.203204,OverRange,OverRange,OverRange,9.386028,12.00746,-5.127003
2026/06/09 01:58:00.269,n,-5.341684,6.022842,5.167089,1.257601,OverRange,OverRange,OverRange,9.460556,11.991278,-5.142446
2026/06/09 01:59:00.270,n,-5.230318,3.201041,4.424557,1.529858,OverRange,OverRange,OverRange,9.326686,11.977292,-5.208656
2026/06/09 02:00:00.269,n,-5.268424,4.732016,4.887647,1.120579,OverRange,OverRange,OverRange,9.32517,11.958944,-5.140569
2026/06/09 02:01:00.272,n,-5.171813,4.921169,4.961036,1.327802,OverRange,OverRange,OverRange,9.303884,11.942714,-5.09569
2026/06/09 02:02:00.274,n,-5.250718,5.276479,5.230701,0.895435,OverRange,OverRange,OverRange,9.375386,11.93197,-5.317783
2026/06/09 02:03:00.276,n,-5.224545,3.943778,4.654399,1.014257,OverRange,OverRange,OverRange,9.372854,11.91473,-5.349096
2026/06/09 02:04:00.277,n,-5.212869,3.223423,5.23195,1.448278,OverRange,OverRange,OverRange,9.45218,11.901772,-5.304217
2026/06/09 02:05:00.278,n,-5.247895,6.290619,4.775067,1.257081,OverRange,OverRange,OverRange,9.434688,11.888812,-5.321623
2026/06/09 02:06:00.281,n,-5.186439,5.170151,5.91689,0.370225,OverRange,OverRange,OverRange,9.359432,11.87369,-5.31582
2026/06/09 02:07:00.268,n,-5.0897,3.658737,4.827114,1.141212,OverRange,OverRange,OverRange,9.301356,11.867194,-5.173759
2026/06/09 02:08:00.269,n,-5.06032,5.950511,5.186786,1.308096,OverRange,OverRange,OverRange,9.36318,11.853208,-5.130757
2026/06/09 02:09:00.270,n,-4.981671,6.374059,4.589057,1.373284,OverRange,OverRange,OverRange,9.389308,11.8381,-5.074103
2026/06/09 02:10:00.272,n,-4.928811,6.25016,4.97597,1.309999,OverRange,OverRange,OverRange,9.418742,11.829474,-5.278876
2026/06/09 02:11:00.276,n,-4.899558,6.124689,5.143782,1.382266,OverRange,OverRange,OverRange,9.359402,11.824084,-5.267272
2026/06/09 02:12:00.277,n,-4.875823,6.422409,5.841759,1.088732,OverRange,OverRange,OverRange,9.496562,11.813274,-5.274952
2026/06/09 02:13:00.282,n,-5.022599,5.722066,4.775401,1.365731,OverRange,OverRange,OverRange,9.504146,11.829344,-5.284592
2026/06/09 02:14:00.280,n,-4.510422,6.435894,4.981217,1.444408,OverRange,OverRange,OverRange,9.604828,11.817492,-5.023934
2026/06/09 02:15:00.283,n,-4.343374,5.77046,4.95882,1.1472,OverRange,OverRange,OverRange,9.641744,11.824964,-4.932383
2026/06/09 02:16:00.268,n,-4.291155,6.748739,5.204109,1.510312,OverRange,OverRange,OverRange,9.6712,11.817378,-5.057465
2026/06/09 02:17:00.272,n,-4.185691,5.896166,6.025864,0.299337,OverRange,OverRange,OverRange,9.704976,11.820616,-5.057636
2026/06/09 02:18:00.273,n,-4.130009,3.788549,3.731027,0.236343,OverRange,OverRange,OverRange,9.669968,11.820616,-4.93665
2026/06/09 02:19:00.273,n,-4.077406,3.713647,4.569725,1.372839,OverRange,OverRange,OverRange,9.731558,11.818436,-4.946376
2026/06/09 02:20:00.275,n,-3.954493,3.274637,4.929809,1.601031,OverRange,OverRange,OverRange,9.706524,11.829228,-4.911224
2026/06/09 02:21:00.277,n,-3.936916,3.667709,5.001937,1.334004,OverRange,OverRange,OverRange,9.731608,11.829228,-4.96199
2026/06/09 02:22:00.279,n,-3.974893,4.421059,4.257195,0.996572,OverRange,OverRange,OverRange,9.712942,11.838996,-4.839126
2026/06/09 02:23:00.281,n,-4.001195,3.482773,4.90192,1.197936,OverRange,OverRange,OverRange,9.741246,11.831394,-4.864552
2026/06/09 02:24:00.283,n,-3.995293,6.044933,6.167596,0.128063,OverRange,OverRange,OverRange,9.789546,11.843278,-4.860627
2026/06/09 02:25:00.270,n,-4.074583,6.352042,4.518389,1.391046,OverRange,OverRange,OverRange,9.752736,11.840038,-4.786483
2026/06/09 02:26:00.270,n,-4.077534,3.483341,4.669087,1.224638,OverRange,OverRange,OverRange,9.756242,11.850816,-4.868307
2026/06/09 02:27:00.272,n,-4.291155,5.109437,5.459183,1.143539,OverRange,OverRange,OverRange,9.841766,11.850816,-4.88392
2026/06/09 02:28:00.277,n,-4.215072,3.917162,4.447166,1.500782,OverRange,OverRange,OverRange,9.811148,11.85731,-4.882044
2026/06/09 02:29:00.276,n,-4.156439,4.047251,4.604083,1.196137,OverRange,OverRange,OverRange,9.845286,11.86055,-4.872146
2026/06/09 02:30:00.277,n,-4.118461,6.471399,5.111889,1.440771,OverRange,OverRange,OverRange,9.89035,11.872436,-4.807728
2026/06/09 02:31:00.279,n,-4.121413,3.700199,4.882017,1.154451,OverRange,OverRange,OverRange,9.84225,11.878898,-4.75935
2026/06/09 02:32:00.281,n,-4.121284,6.33449,5.228545,1.262048,OverRange,OverRange,OverRange,9.89852,11.89075,-4.667629
2026/06/09 02:33:00.284,n,-4.147586,3.63426,3.679797,0.176828,OverRange,OverRange,OverRange,9.838684,11.895096,-4.669677
2026/06/09 02:34:00.269,n,-4.103836,3.702732,4.864515,1.347495,OverRange,OverRange,OverRange,9.907948,11.909114,-4.685205
2026/06/09 02:35:00.271,n,-4.147843,6.61896,5.174019,1.450161,OverRange,OverRange,OverRange,9.923204,11.914484,-4.725989
2026/06/09 02:36:00.458,n,-4.100756,6.182319,4.786883,1.598107,OverRange,OverRange,OverRange,9.915304,11.927426,-4.657902
2026/06/09 02:37:00.277,n,-4.004274,6.436218,4.801522,1.324465,OverRange,OverRange,OverRange,9.909724,11.93503,-4.650224
2026/06/09 02:38:00.279,n,-3.98644,6.310698,5.085769,1.327664,OverRange,OverRange,OverRange,9.932878,11.947956,-4.603296
2026/06/09 02:39:00.280,n,-3.995421,5.946128,5.127585,1.464953,OverRange,OverRange,OverRange,9.915828,11.952272,-4.556369
2026/06/09 02:40:00.281,n,-3.981051,6.250729,5.074598,1.417427,OverRange,OverRange,OverRange,9.884766,11.959808,-4.459101
2026/06/09 02:41:00.265,n,-3.957444,6.724115,4.688799,1.421087,OverRange,OverRange,OverRange,9.898266,11.973826,-4.455177
2026/06/09 02:42:00.283,n,-3.969119,3.913112,4.539087,1.329453,OverRange,OverRange,OverRange,9.886816,11.98247,-4.456969
2026/06/09 02:43:00.271,n,-3.910486,3.504722,4.820572,1.546215,OverRange,OverRange,OverRange,9.914288,11.992172,-4.466866
2026/06/09 02:44:00.275,n,-4.042251,3.152168,4.614042,1.268322,OverRange,OverRange,OverRange,9.92246,11.996454,-4.480603
2026/06/09 02:45:00.454,n,-4.071632,5.596099,4.98785,1.413608,OverRange,OverRange,OverRange,9.972102,12.008372,-4.455262
2026/06/09 02:46:00.393,n,-4.051104,3.54379,4.815214,1.308715,OverRange,OverRange,OverRange,9.88349,12.015876,-4.474716
2026/06/09 02:47:00.319,n,-4.176967,5.825322,5.007691,1.334033,OverRange,OverRange,OverRange,9.918126,12.027028,-4.496132
2026/06/09 02:48:00.263,n,-4.378657,5.285423,5.913615,0.461626,OverRange,OverRange,OverRange,9.875626,12.03048,-4.608671
2026/06/09 02:49:00.265,n,-4.38212,5.945914,4.775532,1.28888,OverRange,OverRange,OverRange,9.897822,12.029388,-4.466866
2026/06/09 02:50:00.459,n,-4.361464,6.360404,5.209442,1.426708,OverRange,OverRange,OverRange,9.864192,12.037986,-4.52335
2026/06/09 02:51:00.268,n,-4.461154,3.224568,4.949455,1.358009,OverRange,OverRange,OverRange,9.803116,12.037498,-4.59357
2026/06/09 02:52:00.456,n,-4.744699,3.29361,4.796557,1.498012,OverRange,OverRange,OverRange,9.810674,12.032108,-4.680854
2026/06/09 02:53:00.256,n,-4.993731,3.996907,4.730124,1.246133,OverRange,OverRange,OverRange,9.78423,12.03639,-4.83486
2026/06/09 02:54:00.258,n,-5.014131,6.087856,5.176113,1.18448,OverRange,OverRange,OverRange,9.746334,12.028886,-4.747149
2026/06/09 02:55:00.260,n,-4.976282,4.551931,5.418209,1.046241,OverRange,OverRange,OverRange,9.717566,12.028886,-4.920608
2026/06/09 02:56:00.265,n,-5.005535,6.030397,5.50397,1.157541,OverRange,OverRange,OverRange,9.827236,12.022436,-4.969328
2026/06/09 02:57:00.265,n,-5.090471,6.07298,4.911584,1.426769,OverRange,OverRange,OverRange,9.81217,12.00951,-5.058916
2026/06/09 02:58:00.266,n,-5.026191,5.460513,5.248385,1.103976,OverRange,OverRange,OverRange,9.817994,12.005164,-5.080502
2026/06/09 02:59:00.268,n,-4.926373,4.65688,5.012249,1.260045,OverRange,OverRange,OverRange,9.795598,12.003016,-5.035708
2026/06/09 03:00:00.270,n,-4.973331,6.180079,4.589417,1.000764,OverRange,OverRange,OverRange,9.788198,11.99976,-4.996716
2026/06/09 03:01:00.272,n,-4.841566,3.87656,4.861721,1.441651,OverRange,OverRange,OverRange,9.759222,11.995446,-4.988951
2026/06/09 03:02:00.257,n,-4.823861,3.379302,5.210294,1.081346,OverRange,OverRange,OverRange,9.807608,11.996552,-5.03366
2026/06/09 03:03:00.260,n,-4.768179,5.728718,4.882905,1.100416,OverRange,OverRange,OverRange,9.82106,11.99437,-4.961649
2026/06/09 03:04:00.261,n,-4.662715,6.046664,4.984092,1.347479,OverRange,OverRange,OverRange,9.81065,11.992238,-5.043387
2026/06/09 03:05:00.263,n,-4.486943,6.251086,5.918335,0.724952,OverRange,OverRange,OverRange,9.809098,11.998668,-4.971376
2026/06/09 03:06:00.265,n,-4.410989,3.909613,4.655527,1.141379,OverRange,OverRange,OverRange,9.725906,11.995446,-4.971375
2026/06/09 03:07:00.267,n,-4.36403,6.218782,4.902621,1.447419,OverRange,OverRange,OverRange,9.827922,11.996552,-4.881616
2026/06/09 03:08:00.433,n,-4.340294,6.053943,4.843667,1.488466,OverRange,OverRange,OverRange,9.811392,12.00448,-4.891429
2026/06/09 03:09:00.272,n,-3.895603,6.31383,4.649487,1.412394,OverRange,OverRange,OverRange,9.842484,12.010602,-4.567973
2026/06/09 03:10:00.260,n,-4.012229,6.431956,4.97994,1.495694,OverRange,OverRange,OverRange,9.88621,12.00733,-4.530772
2026/06/09 03:11:00.259,n,-3.90112,5.918822,5.362139,0.872933,OverRange,OverRange,OverRange,9.87373,12.01915,-4.52881
2026/06/09 03:12:00.261,n,-3.945127,3.7025,4.913585,1.138397,OverRange,OverRange,OverRange,9.870922,12.022436,-4.437089
2026/06/09 03:13:00.264,n,-4.062138,6.18449,4.899052,1.451625,OverRange,OverRange,OverRange,9.90122,12.027826,-4.384615
2026/06/09 03:14:00.266,n,-4.082538,6.444062,5.371786,1.401731,OverRange,OverRange,OverRange,9.869894,12.03538,-4.431372
2026/06/09 03:15:00.269,n,-4.264212,5.9142,5.02319,1.329075,OverRange,OverRange,OverRange,9.872946,12.032172,-4.491865
2026/06/09 03:16:00.268,n,-4.317072,3.492283,5.418795,0.994553,OverRange,OverRange,OverRange,9.838598,12.038604,-4.671042
2026/06/09 03:17:00.270,n,-4.369547,3.99696,4.55406,1.15611,OverRange,OverRange,OverRange,9.847234,12.041844,-4.630087
2026/06/09 03:18:00.272,n,-4.38443,5.934198,4.829838,1.043523,OverRange,OverRange,OverRange,9.899948,12.042886,-4.637851
2026/06/09 03:19:00.260,n,-4.457561,6.398832,4.259012,1.100888,OverRange,OverRange,OverRange,9.845184,12.040768,-4.684608
2026/06/09 03:20:00.260,n,-4.466286,3.546137,5.248591,1.377357,OverRange,OverRange,OverRange,9.82689,12.047232,-4.711996
2026/06/09 03:21:00.262,n,-4.677341,3.805672,4.373894,1.186071,OverRange,OverRange,OverRange,9.821774,12.047232,-4.828888
2026/06/09 03:22:00.263,n,-4.753295,6.185265,4.296974,0.950672,OverRange,OverRange,OverRange,9.850292,12.045066,-4.815236
2026/06/09 03:23:00.265,n,-5.008229,5.126588,4.977834,1.208406,OverRange,OverRange,OverRange,9.800146,12.041844,-5.041339
2026/06/09 03:24:00.269,n,-5.060833,3.357099,4.490988,1.271675,OverRange,OverRange,OverRange,9.7765,12.041844,-5.041425
2026/06/09 03:25:00.270,n,-5.034659,3.996585,5.580302,0.966077,OverRange,OverRange,OverRange,9.802456,12.036422,-5.064888
2026/06/09 03:26:00.272,n,-5.002199,6.035579,5.32215,1.314251,OverRange,OverRange,OverRange,9.78567,12.026752,-5.051152
2026/06/09 03:27:00.274,n,-4.975897,3.722365,5.67583,1.04133,OverRange,OverRange,OverRange,9.701436,12.02999,-5.096031
2026/06/09 03:28:00.259,n,-5.069557,3.598038,4.988549,1.461258,OverRange,OverRange,OverRange,9.712982,12.020288,-5.027773
2026/06/09 03:29:00.260,n,-5.107791,3.493099,4.822663,1.412675,OverRange,OverRange,OverRange,9.713268,12.017034,-5.144749
2026/06/09 03:30:00.262,n,-5.172198,3.563548,4.143521,1.095871,OverRange,OverRange,OverRange,9.698878,12.00409,-5.090144
2026/06/09 03:31:00.264,n,-5.107791,6.270423,5.679487,1.263156,OverRange,OverRange,OverRange,9.770412,11.99976,-5.136986
2026/06/09 03:32:00.268,n,-5.052237,6.266658,5.486521,1.055221,OverRange,OverRange,OverRange,9.708278,11.98688,-5.156439
2026/06/09 03:33:00.268,n,-5.060961,6.088046,4.922658,1.19068,OverRange,OverRange,OverRange,9.716746,11.978236,-5.142873
2026/06/09 03:34:00.271,n,-4.98475,3.815232,4.402264,0.619956,OverRange,OverRange,OverRange,9.641444,11.974998,-5.148675
2026/06/09 03:35:00.275,n,-4.955369,3.97516,4.123583,0.26682,OverRange,OverRange,OverRange,9.676662,11.97065,-5.051152
2026/06/09 03:36:00.278,n,-5.090086,5.935313,4.497019,1.039427,OverRange,OverRange,OverRange,9.70601,11.958816,-5.148675
2026/06/09 03:37:00.260,n,-4.958192,6.186675,5.703377,0.664561,OverRange,OverRange,OverRange,9.703462,11.958816,-5.164374
2026/06/09 03:38:00.263,n,-4.964222,3.57062,5.186913,1.336482,OverRange,OverRange,OverRange,9.642712,11.946914,-5.246113
2026/06/09 03:39:00.265,n,-4.873513,5.880507,5.212594,1.192931,OverRange,OverRange,OverRange,9.714986,11.939378,-5.131184
2026/06/09 03:40:00.267,n,-4.935097,3.061008,4.624573,1.430818,OverRange,OverRange,OverRange,9.657558,11.933988,-5.16608
2026/06/09 03:41:00.268,n,-4.861582,5.881212,5.065697,1.04919,OverRange,OverRange,OverRange,9.68217,11.933988,-5.092106
2026/06/09 03:42:00.271,n,-4.829634,5.965832,5.389845,1.103922,OverRange,OverRange,OverRange,9.68953,11.924252,-5.212837
2026/06/09 03:43:00.275,n,-4.694918,4.747369,5.136595,1.073304,OverRange,OverRange,OverRange,9.650096,11.923178,-5.113522
2026/06/09 03:44:00.273,n,-4.732895,3.764223,5.164828,1.348355,OverRange,OverRange,OverRange,9.656764,11.916748,-5.066595
2026/06/09 03:45:00.276,n,-4.744571,3.298721,4.927552,1.479385,OverRange,OverRange,OverRange,9.631694,11.912402,-5.021801
2026/06/09 03:46:00.262,n,-4.835408,6.420191,5.043133,1.537875,OverRange,OverRange,OverRange,9.679266,11.904832,-5.017875
2026/06/09 03:47:00.264,n,-4.747521,6.393888,5.554457,1.231322,OverRange,OverRange,OverRange,9.663778,11.8984,-5.068728
2026/06/09 03:48:00.264,n,-4.750344,6.558077,4.57333,1.492837,OverRange,OverRange,OverRange,9.64116,11.897294,-4.969328
2026/06/09 03:49:00.267,n,-4.732895,3.510811,4.992726,1.428008,OverRange,OverRange,OverRange,9.65479,11.89298,-5.002433
2026/06/09 03:50:00.270,n,-4.700692,3.919526,4.727495,1.170434,OverRange,OverRange,OverRange,9.6527,11.881128,-5.014037
2026/06/09 03:51:00.272,n,-4.694918,6.353331,5.341464,1.290678,OverRange,OverRange,OverRange,9.698196,11.877888,-5.045264
2026/06/09 03:52:00.272,n,-4.665537,3.539313,5.378514,1.042582,OverRange,OverRange,OverRange,9.644506,11.875708,-5.033405
2026/06/09 03:53:00.275,n,-4.659764,5.509401,5.113946,1.295649,OverRange,OverRange,OverRange,9.67711,11.871426,-4.984942
2026/06/09 03:54:00.276,n,-4.607032,3.833622,4.798198,1.134414,OverRange,OverRange,OverRange,9.679402,11.86493,-4.9381
2026/06/09 03:55:00.264,n,-4.60421,3.972729,4.524275,1.309789,OverRange,OverRange,OverRange,9.654012,11.861708,-4.885541
2026/06/09 03:56:00.264,n,-4.548399,3.96927,4.628858,1.428728,OverRange,OverRange,OverRange,9.655854,11.860648,-4.85218
2026/06/09 03:57:00.266,n,-4.64796,3.238466,4.593377,1.501905,OverRange,OverRange,OverRange,9.678234,11.857392,-4.940148
2026/06/09 03:58:00.268,n,-4.609854,3.311368,4.946429,1.548327,OverRange,OverRange,OverRange,9.70841,11.855228,-4.978969
2026/06/09 03:59:00.269,n,-4.557251,6.435411,4.980706,1.692243,OverRange,OverRange,OverRange,9.711056,11.850882,-4.879569
2026/06/09 04:00:00.272,n,-4.410732,5.416755,5.204968,1.549392,OverRange,OverRange,OverRange,9.713284,11.855228,-4.821123
2026/06/09 04:01:00.273,n,-4.278967,3.255152,4.998981,1.350413,OverRange,OverRange,OverRange,9.718852,11.851972,-4.774196
2026/06/09 04:02:00.276,n,-4.150152,5.975699,5.059543,1.426643,OverRange,OverRange,OverRange,9.771724,11.857392,-4.606709
2026/06/09 04:03:00.278,n,-3.942176,3.541187,4.01578,1.158302,OverRange,OverRange,OverRange,9.689306,11.858466,-4.548349
2026/06/09 04:04:00.262,n,-3.772306,5.930479,5.20859,1.317524,OverRange,OverRange,OverRange,9.79157,11.866036,-4.369001
2026/06/09 04:05:00.265,n,-3.672872,5.998082,5.3391,1.092277,OverRange,OverRange,OverRange,9.757686,11.871426,-4.285215
2026/06/09 04:06:00.266,n,-3.599613,3.806625,3.780422,0.174933,OverRange,OverRange,OverRange,9.71462,11.877888,-4.201514
2026/06/09 04:07:00.268,n,-3.605386,3.897987,4.507296,1.388857,OverRange,OverRange,OverRange,9.787716,11.888666,-4.11952
2026/06/09 04:08:00.270,n,-3.605386,3.952808,4.09015,0.305245,OverRange,OverRange,OverRange,9.767788,11.891906,-4.096227
2026/06/09 04:09:00.274,n,-3.625786,6.287676,5.754462,0.757601,OverRange,OverRange,OverRange,9.843944,11.907012,-4.154587
2026/06/09 04:10:00.274,n,-3.56433,6.333177,6.169153,0.087434,OverRange,OverRange,OverRange,9.827892,11.912402,-4.287093
2026/06/09 04:11:00.276,n,-3.576005,5.736985,5.227935,1.473477,OverRange,OverRange,OverRange,9.806794,11.923178,-4.257827
2026/06/09 04:12:00.279,n,-3.558556,3.123988,4.796907,1.812967,OverRange,OverRange,OverRange,9.807582,11.929672,-4.189825
2026/06/09 04:13:00.264,n,-3.479395,3.369643,4.619066,1.431702,OverRange,OverRange,OverRange,9.853588,11.945872,-3.988978
2026/06/09 04:14:00.266,n,-3.461817,3.398099,5.122734,1.35492,OverRange,OverRange,OverRange,9.874986,11.951228,-4.031809
2026/06/09 04:15:00.268,n,-3.587937,6.144279,4.984641,1.371075,OverRange,OverRange,OverRange,9.849284,11.959856,-4.000666
2026/06/09 04:16:00.270,n,-3.681597,6.371106,5.371493,1.298445,OverRange,OverRange,OverRange,9.836848,11.972816,-4.121397
2026/06/09 04:17:00.271,n,-3.64054,3.039921,4.759782,1.44289,OverRange,OverRange,OverRange,9.825354,11.988982,-4.018242
2026/06/09 04:18:00.273,n,-3.570104,6.038777,5.279341,1.133134,OverRange,OverRange,OverRange,9.875508,11.997594,-3.91304
2026/06/09 04:19:00.276,n,-3.786804,3.700884,4.193422,1.033007,OverRange,OverRange,OverRange,9.774944,12.00194,-4.088462
2026/06/09 04:20:00.277,n,-3.763838,4.620616,4.795732,1.112219,OverRange,OverRange,OverRange,9.864564,12.014866,-3.959882
2026/06/09 04:21:00.278,n,-3.56433,3.831413,4.931994,1.117809,OverRange,OverRange,OverRange,9.853348,12.023496,-3.951862
2026/06/09 04:22:00.264,n,-3.514549,3.340493,4.864139,1.420478,OverRange,OverRange,OverRange,9.879822,12.036422,-3.930531
2026/06/09 04:23:00.266,n,-3.368286,6.08156,5.306236,1.368872,OverRange,OverRange,OverRange,9.893834,12.045066,-3.876011
2026/06/09 04:24:00.270,n,-3.444368,6.138327,4.967791,1.497027,OverRange,OverRange,OverRange,9.881862,12.055844,-3.875925
2026/06/09 04:25:00.270,n,-3.488247,5.995845,5.118561,1.189078,OverRange,OverRange,OverRange,9.864812,12.063398,-3.860312
2026/06/09 04:26:00.273,n,-3.584858,5.551082,5.025788,0.595505,OverRange,OverRange,OverRange,9.827144,12.068802,-4.008515
2026/06/09 04:27:00.275,n,-3.699431,5.906264,5.187149,1.149026,OverRange,OverRange,OverRange,9.846478,12.078506,-4.014488
2026/06/09 04:28:00.276,n,-3.734457,3.85888,4.646457,1.107562,OverRange,OverRange,OverRange,9.771638,12.080672,-4.12737
2026/06/09 04:29:00.278,n,-3.880592,6.287136,5.464933,1.030137,OverRange,OverRange,OverRange,9.846482,12.086044,-4.092387
2026/06/09 04:30:00.281,n,-3.833762,6.452557,5.201694,1.403105,OverRange,OverRange,OverRange,9.791586,12.092964,-4.117643
2026/06/09 04:31:00.266,n,-4.053028,6.412368,4.406224,1.057141,OverRange,OverRange,OverRange,9.758952,12.096172,-4.150322
2026/06/09 04:32:00.268,n,-4.126289,6.023358,5.887581,0.12823,OverRange,OverRange,OverRange,9.762258,12.094006,-4.24793
2026/06/09 04:33:00.271,n,-4.082024,3.877525,4.927459,1.310357,OverRange,OverRange,OverRange,9.703552,12.095098,-4.23624
2026/06/09 04:34:00.273,n,-4.336959,5.861692,4.848205,1.206921,OverRange,OverRange,OverRange,9.780604,12.096172,-4.288799
2026/06/09 04:35:00.276,n,-4.228929,4.596853,4.835434,1.032789,OverRange,OverRange,OverRange,9.71671,12.103742,-4.390076
2026/06/09 04:36:00.280,n,-4.187488,6.338858,6.062797,0.489467,OverRange,OverRange,OverRange,9.76685,12.100486,-4.34733
2026/06/09 04:37:00.279,n,-4.234446,3.871379,4.207393,1.076436,OverRange,OverRange,OverRange,9.615164,12.101592,-4.343491
2026/06/09 04:38:00.283,n,-4.369034,3.818901,3.786432,0.075685,OverRange,OverRange,OverRange,9.631558,12.095098,-4.273185
2026/06/09 04:39:00.285,n,-4.407139,6.491302,5.248255,1.522024,OverRange,OverRange,OverRange,9.647248,12.094006,-4.36866
2026/06/09 04:40:00.267,n,-4.419199,6.305431,5.423529,1.406658,OverRange,OverRange,OverRange,9.61266,12.099428,-4.399888
2026/06/09 04:41:00.270,n,-4.465901,3.861702,4.912704,1.467021,OverRange,OverRange,OverRange,9.583522,12.088634,-4.51294
2026/06/09 04:42:00.273,n,-4.474882,3.702734,4.440049,1.110443,OverRange,OverRange,OverRange,9.585552,12.08432,-4.483589
2026/06/09 04:43:00.274,n,-4.407396,6.186883,5.072474,1.416832,OverRange,OverRange,OverRange,9.625672,12.078932,-4.481626
2026/06/09 04:44:00.276,n,-4.29603,3.869962,4.546234,1.156305,OverRange,OverRange,OverRange,9.560104,12.07569,-4.503128
2026/06/09 04:45:00.278,n,-4.386867,3.559296,4.457527,1.316977,OverRange,OverRange,OverRange,9.561676,12.078376,-4.489562
2026/06/09 04:46:00.283,n,-4.276786,3.651969,3.935809,0.149778,OverRange,OverRange,OverRange,9.539006,12.071914,-4.443743
2026/06/09 04:47:00.281,n,-4.347094,5.778727,4.72784,0.906577,OverRange,OverRange,OverRange,9.580312,12.066526,-4.408677
2026/06/09 04:48:00.283,n,-4.197881,3.483342,4.70686,1.378044,OverRange,OverRange,OverRange,9.52506,12.071148,-4.488623
2026/06/09 04:49:00.269,n,-4.405215,6.343551,5.435597,1.258612,OverRange,OverRange,OverRange,9.554642,12.063594,-4.630514
2026/06/09 04:50:00.271,n,-4.381992,3.463842,4.6934,1.359903,OverRange,OverRange,OverRange,9.501404,12.05495,-4.65193
2026/06/09 04:51:00.273,n,-4.344144,6.090898,4.98019,1.448969,OverRange,OverRange,OverRange,9.530812,12.053876,-4.605088
2026/06/09 04:52:00.261,n,-4.188514,6.394794,4.766438,1.416589,OverRange,OverRange,OverRange,9.526006,12.049592,-4.470791
2026/06/09 04:53:00.277,n,-4.115383,6.269144,5.423365,1.494493,OverRange,OverRange,OverRange,9.498108,12.046352,-4.412174
2026/06/09 04:54:00.262,n,-4.182869,3.722901,4.38095,1.465203,OverRange,OverRange,OverRange,9.455028,12.040964,-4.328474
2026/06/09 04:55:00.281,n,-4.340808,6.423243,4.838947,1.3287,OverRange,OverRange,OverRange,9.500154,12.0345,-4.386834
2026/06/09 04:56:00.266,n,-4.504776,4.279502,4.379708,0.948055,OverRange,OverRange,OverRange,9.445638,12.029112,-4.474459
2026/06/09 04:57:00.269,n,-4.457946,6.143274,5.052736,1.324951,OverRange,OverRange,OverRange,9.473022,12.022648,-4.421987
2026/06/09 04:58:00.270,n,-4.405215,5.743129,5.94914,0.184655,OverRange,OverRange,OverRange,9.441606,12.017226,-4.464733
2026/06/09 04:59:00.257,n,-4.443577,6.666753,4.933593,1.196679,OverRange,OverRange,OverRange,9.417782,12.008616,-4.414052
2026/06/09 05:00:00.258,n,-4.501825,4.029755,4.370514,0.911038,OverRange,OverRange,OverRange,9.356442,12.002152,-4.462771
2026/06/09 05:01:00.259,n,-4.622299,6.239147,5.26236,1.37356,OverRange,OverRange,OverRange,9.421316,11.990302,-4.464733
2026/06/09 05:02:00.263,n,-4.631024,6.569956,5.082092,1.381133,OverRange,OverRange,OverRange,9.394948,11.98164,-4.587682
2026/06/09 05:03:00.264,n,-4.56944,6.563596,5.166504,1.403371,OverRange,OverRange,OverRange,9.373906,11.975208,-4.571983
2026/06/09 05:04:00.265,n,-4.581244,3.89914,4.206477,1.228446,OverRange,OverRange,OverRange,9.3587,11.960086,-4.597324
2026/06/09 05:05:00.269,n,-4.601643,4.698115,5.217273,1.083204,OverRange,OverRange,OverRange,9.388622,11.955788,-4.603211
2026/06/09 05:06:00.270,n,-4.625123,6.095312,5.121137,1.267122,OverRange,OverRange,OverRange,9.353882,11.944944,-4.646127
2026/06/09 05:07:00.271,n,-4.701077,6.236159,4.979361,1.017539,OverRange,OverRange,OverRange,9.328288,11.935274,-4.659694
2026/06/09 05:08:00.257,n,-4.77408,3.83564,4.11421,0.779299,OverRange,OverRange,OverRange,9.281372,11.92339,-4.630429
2026/06/09 05:09:00.261,n,-4.812442,5.931875,4.99523,1.354062,OverRange,OverRange,OverRange,9.33463,11.909358,-4.58171
2026/06/09 05:10:00.263,n,-4.762533,6.266636,4.717616,1.35678,OverRange,OverRange,OverRange,9.284404,11.900762,-4.64024
2026/06/09 05:11:00.264,n,-4.727635,5.96799,5.677464,0.497433,OverRange,OverRange,OverRange,9.294338,11.892118,-4.753292
2026/06/09 05:12:00.265,n,-4.648602,5.948861,6.148308,0.133774,OverRange,OverRange,OverRange,9.261868,11.880264,-4.73947
2026/06/09 05:13:00.267,n,-4.595614,6.059512,5.784079,0.300167,OverRange,OverRange,OverRange,9.272522,11.869424,-4.690751
2026/06/09 05:14:00.271,n,-4.504905,3.525955,5.40551,1.277968,OverRange,OverRange,OverRange,9.236996,11.860826,-4.686997
2026/06/09 05:15:00.270,n,-4.452301,5.997819,5.250636,1.1934,OverRange,OverRange,OverRange,9.34958,11.850018,-4.61089
2026/06/09 05:16:00.256,n,-4.256001,4.967434,4.08023,0.44155,OverRange,OverRange,OverRange,9.322708,11.840332,-4.632561
2026/06/09 05:17:00.259,n,-4.130266,4.560807,4.607537,1.222702,OverRange,OverRange,OverRange,9.384572,11.838166,-4.585634
2026/06/09 05:18:00.260,n,-4.147586,5.937038,5.825992,0.338102,OverRange,OverRange,OverRange,9.386358,11.830596,-4.591351
2026/06/09 05:19:00.263,n,-4.033398,5.345279,5.847506,0.249438,OverRange,OverRange,OverRange,9.362788,11.83382,-4.472583
2026/06/09 05:20:00.264,n,-4.056877,5.846022,5.717678,0.156309,OverRange,OverRange,OverRange,9.351864,11.827356,-4.378899
2026/06/09 05:21:00.267,n,-4.150408,3.537434,5.166914,1.283955,OverRange,OverRange,OverRange,9.29481,11.826282,-4.453129
2026/06/09 05:22:00.268,n,-4.15336,5.900483,5.86619,0.880613,OverRange,OverRange,OverRange,9.367092,11.821968,-4.433676
2026/06/09 05:23:00.272,n,-4.103579,3.393719,5.319209,0.981267,OverRange,OverRange,OverRange,9.321716,11.819788,-4.439478
2026/06/09 05:24:00.274,n,-4.209299,6.140716,4.3081,0.956481,OverRange,OverRange,OverRange,9.375194,11.821968,-4.310897
2026/06/09 05:25:00.258,n,-4.197367,3.840987,4.699009,1.337318,OverRange,OverRange,OverRange,9.299612,11.819788,-4.402447
2026/06/09 05:26:00.260,n,-4.314891,4.343068,4.859703,1.238906,OverRange,OverRange,OverRange,9.321158,11.811158,-4.367466
2026/06/09 05:27:00.261,n,-4.434596,6.18679,5.266236,1.230964,OverRange,OverRange,OverRange,9.344,11.817654,-4.439478
2026/06/09 05:28:00.265,n,-4.528384,6.368827,4.548167,1.280262,OverRange,OverRange,OverRange,9.304958,11.80901,-4.468828
2026/06/09 05:29:00.267,n,-4.662971,5.865647,4.801226,1.394978,OverRange,OverRange,OverRange,9.295314,11.803622,-4.574031
2026/06/09 05:30:00.271,n,-4.701205,4.117251,4.720241,1.166422,OverRange,OverRange,OverRange,9.279068,11.803622,-4.652015
2026/06/09 05:31:00.273,n,-4.750985,3.293152,4.86163,1.508137,OverRange,OverRange,OverRange,9.28542,11.792846,-4.667629
2026/06/09 05:32:00.272,n,-4.774337,4.617415,4.275187,1.015609,OverRange,OverRange,OverRange,9.290254,11.7885,-4.696724
2026/06/09 05:33:00.276,n,-5.005535,4.575491,4.305735,1.056932,OverRange,OverRange,OverRange,9.268438,11.778782,-4.823427
2026/06/09 05:34:00.262,n,-4.888653,6.042232,5.834063,0.716396,OverRange,OverRange,OverRange,9.254238,11.77012,-4.813786
2026/06/09 05:35:00.262,n,-4.821038,6.685586,4.644346,1.347804,OverRange,OverRange,OverRange,9.218212,11.763688,-4.763104
2026/06/09 05:36:00.264,n,-4.830148,6.104404,5.443058,1.019976,OverRange,OverRange,OverRange,9.25906,11.75612,-4.796209
2026/06/09 05:37:00.268,n,-4.733024,5.949506,6.072535,0.085189,OverRange,OverRange,OverRange,9.256532,11.747492,-4.716263
2026/06/09 05:38:00.267,n,-4.724556,6.175605,5.620434,1.064666,OverRange,OverRange,OverRange,9.245602,11.743178,-4.659693
2026/06/09 05:39:00.269,n,-4.73328,3.538191,4.991929,1.457942,OverRange,OverRange,OverRange,9.197668,11.731294,-4.646213
2026/06/09 05:40:00.272,n,-4.780495,6.011459,5.430739,1.388072,OverRange,OverRange,OverRange,9.252202,11.723758,-4.663533
2026/06/09 05:41:00.273,n,-4.733409,3.947918,4.582653,1.359354,OverRange,OverRange,OverRange,9.157318,11.712916,-4.792284
2026/06/09 05:42:00.276,n,-4.874027,3.42417,4.345868,1.153403,OverRange,OverRange,OverRange,9.202734,11.705378,-4.745528
2026/06/09 05:43:00.261,n,-4.876978,3.423388,4.925201,1.558349,OverRange,OverRange,OverRange,9.211354,11.697824,-4.735631
2026/06/09 05:44:00.264,n,-4.909053,3.311016,5.10514,1.422007,OverRange,OverRange,OverRange,9.220236,11.68809,-4.798001
2026/06/09 05:45:00.268,n,-4.935483,3.966616,4.892885,1.247814,OverRange,OverRange,OverRange,9.225312,11.679446,-4.833068
2026/06/09 05:46:00.267,n,-4.982313,6.257281,5.123642,1.408047,OverRange,OverRange,OverRange,9.217448,11.670818,-4.800049
2026/06/09 05:47:00.269,n,-5.049799,6.358345,5.001829,1.332264,OverRange,OverRange,OverRange,9.15099,11.662176,-4.971546
2026/06/09 05:48:00.271,n,-5.105097,5.896433,5.467255,1.175237,OverRange,OverRange,OverRange,9.197424,11.65026,-5.012501
2026/06/09 05:49:00.273,n,-5.146153,5.833258,4.976336,1.22317,OverRange,OverRange,OverRange,9.163666,11.641664,-4.952008
2026/06/09 05:50:00.278,n,-5.105481,4.014288,4.475287,1.396013,OverRange,OverRange,OverRange,9.11647,11.630856,-4.969583
2026/06/09 05:51:00.277,n,-5.175791,3.876279,4.89083,1.207528,OverRange,OverRange,OverRange,9.207052,11.618972,-5.041681
2026/06/09 05:52:00.262,n,-5.140507,3.620542,4.310817,1.4228,OverRange,OverRange,OverRange,9.159862,11.61137,-5.092362
2026/06/09 05:53:00.265,n,-5.125624,3.819988,4.032306,1.068292,OverRange,OverRange,OverRange,9.1368,11.598462,-5.031954
2026/06/09 05:54:00.267,n,-5.149104,3.712922,4.362,1.283721,OverRange,OverRange,OverRange,9.143124,11.587652,-4.946205
2026/06/09 05:55:00.270,n,-5.289722,6.020762,4.592948,1.360934,OverRange,OverRange,OverRange,9.157858,11.608994,-5.059257
2026/06/09 05:56:00.272,n,-4.715832,4.861914,4.913131,1.37505,OverRange,OverRange,OverRange,9.132218,11.592602,-4.698771
2026/06/09 05:57:00.272,n,-4.868638,3.801343,4.570043,1.316956,OverRange,OverRange,OverRange,9.082912,11.57966,-4.748002
2026/06/09 05:58:00.275,n,-4.856705,6.344911,5.288766,1.602108,OverRange,OverRange,OverRange,9.145092,11.575332,-4.664045
2026/06/09 05:59:00.280,n,-4.871204,6.554419,5.319971,1.179024,OverRange,OverRange,OverRange,9.11795,11.562356,-4.763531
2026/06/09 06:00:00.278,n,-4.847981,3.710794,4.119548,1.085564,OverRange,OverRange,OverRange,9.101964,11.55264,-4.673942
2026/06/09 06:01:00.264,n,-4.839257,6.265266,5.231024,1.148089,OverRange,OverRange,OverRange,9.116934,11.53859,-4.913613
2026/06/09 06:02:00.265,n,-4.809876,3.921716,4.870682,1.432272,OverRange,OverRange,OverRange,9.080892,11.532096,-4.954396
2026/06/09 06:03:00.267,n,-4.792427,6.320427,5.487342,1.226335,OverRange,OverRange,OverRange,9.099656,11.52018,-4.905592
2026/06/09 06:04:00.269,n,-4.698511,4.024031,5.230007,1.276046,OverRange,OverRange,OverRange,9.05831,11.51808,-4.911479
2026/06/09 06:05:00.273,n,-4.768691,3.939044,4.917633,1.638474,OverRange,OverRange,OverRange,9.117672,11.501852,-4.91165
2026/06/09 06:06:00.274,n,-4.727892,3.47939,5.510602,1.085337,OverRange,OverRange,OverRange,9.10753,11.496464,-4.882384
2026/06/09 06:07:00.275,n,-4.692609,5.874716,5.464362,1.034618,OverRange,OverRange,OverRange,9.215632,11.48455,-5.030504
2026/06/09 06:08:00.278,n,-4.739695,6.078326,4.340374,1.184671,OverRange,OverRange,OverRange,9.18569,11.481294,-5.231437
2026/06/09 06:09:00.279,n,-4.648858,6.441468,5.247346,1.48772,OverRange,OverRange,OverRange,9.204468,11.469426,-5.245003
2026/06/09 06:10:00.264,n,-4.578678,6.647452,5.076539,1.525816,OverRange,OverRange,OverRange,9.179836,11.469426,-5.020777
2026/06/09 06:11:00.266,n,-4.51132,3.402808,4.780884,1.528464,OverRange,OverRange,OverRange,9.11465,11.472666,-4.969839
2026/06/09 06:12:00.269,n,-4.522867,4.0224,4.702784,1.227601,OverRange,OverRange,OverRange,9.137498,11.467244,-4.909688
2026/06/09 06:13:00.270,n,-4.5611,3.397065,4.896826,1.566081,OverRange,OverRange,OverRange,9.172496,11.469426,-4.866941
2026/06/09 06:14:00.273,n,-4.555198,5.334564,5.13393,1.334013,OverRange,OverRange,OverRange,9.174774,11.458584,-4.927093
2026/06/09 06:15:00.273,n,-4.572776,6.170735,5.503636,1.149937,OverRange,OverRange,OverRange,9.146632,11.464038,-4.841515
2026/06/09 06:16:00.276,n,-4.610882,6.273451,4.86536,1.2312,OverRange,OverRange,OverRange,9.11616,11.455364,-4.786909
2026/06/09 06:17:00.278,n,-4.654632,6.344249,4.945364,1.655283,OverRange,OverRange,OverRange,9.138992,11.446702,-4.819929
2026/06/09 06:18:00.281,n,-4.745598,5.967428,5.223545,1.398187,OverRange,OverRange,OverRange,9.164628,11.445628,-5.01088
2026/06/09 06:19:00.267,n,-4.751242,3.40131,4.745839,1.413752,OverRange,OverRange,OverRange,9.12048,11.44024,-4.993559
2026/06/09 06:20:00.268,n,-4.812956,6.064196,5.265996,1.25223,OverRange,OverRange,OverRange,9.190252,11.439134,-4.909602
2026/06/09 06:21:00.269,n,-4.812699,3.989892,5.156039,1.1983,OverRange,OverRange,OverRange,9.132924,11.432672,-4.999446
2026/06/09 06:22:00.271,n,-4.830532,3.872297,4.372345,1.081536,OverRange,OverRange,OverRange,9.118464,11.426178,-5.014889
2026/06/09 06:23:00.273,n,-4.842079,3.712784,5.072517,1.104516,OverRange,OverRange,OverRange,9.183656,11.418624,-4.942878
2026/06/09 06:24:00.276,n,-4.900713,4.125168,4.191333,1.098727,OverRange,OverRange,OverRange,9.13468,11.420774,-4.923339
2026/06/09 06:25:00.279,n,-4.915468,3.850405,3.838997,0.103357,OverRange,OverRange,OverRange,9.134196,11.41213,-4.960369
2026/06/09 06:26:00.280,n,-5.009127,3.406799,4.288315,1.103465,OverRange,OverRange,OverRange,9.152462,11.40671,-4.985624
2026/06/09 06:27:00.283,n,-4.93869,3.487474,5.072101,1.499417,OverRange,OverRange,OverRange,9.117416,11.39914,-4.985795
2026/06/09 06:28:00.268,n,-5.041588,6.273508,5.287536,1.356536,OverRange,OverRange,OverRange,9.10195,11.396976,-5.026664
2026/06/09 06:29:00.270,n,-5.114719,6.112841,5.226369,1.153374,OverRange,OverRange,OverRange,9.070252,11.387274,-5.028627
2026/06/09 06:30:00.271,n,-5.076614,6.430002,4.873207,1.646885,OverRange,OverRange,OverRange,9.080872,11.37964,-5.020777
2026/06/09 06:31:00.274,n,-5.202477,6.012295,4.965513,1.24583,OverRange,OverRange,OverRange,9.09309,11.36997,-5.139716
2026/06/09 06:32:00.276,n,-5.158598,3.441382,4.910743,1.353038,OverRange,OverRange,OverRange,9.08925,11.36237,-5.319148
2026/06/09 06:33:00.277,n,-5.132168,3.618581,4.23881,1.033622,OverRange,OverRange,OverRange,9.105256,11.354816,-5.114375
2026/06/09 06:34:00.279,n,-5.038637,5.778419,5.08387,1.226809,OverRange,OverRange,OverRange,9.133184,11.352636,-5.194321
2026/06/09 06:35:00.280,n,-4.903792,3.906508,4.927973,1.247724,OverRange,OverRange,OverRange,9.096126,11.337482,-5.239116
2026/06/09 06:36:00.283,n,-4.982697,3.4541,4.32056,1.096672,OverRange,OverRange,OverRange,9.082428,11.329914,-5.125979
2026/06/09 06:37:00.267,n,-4.941769,5.121804,5.283554,1.093883,OverRange,OverRange,OverRange,9.090054,11.32342,-5.087157
2026/06/09 06:38:00.270,n,-4.959475,6.395168,4.598715,1.144914,OverRange,OverRange,OverRange,9.07836,11.313684,-5.081441
2026/06/09 06:39:00.272,n,-4.968071,3.869082,4.621732,1.116765,OverRange,OverRange,OverRange,9.013382,11.30509,-5.057807
2026/06/09 06:40:00.273,n,-5.064682,5.147618,4.381989,1.141247,OverRange,OverRange,OverRange,9.030914,11.296414,-5.010879
2026/06/09 06:41:00.276,n,-5.090983,6.341923,5.834065,1.175061,OverRange,OverRange,OverRange,9.011608,11.293144,-5.042192
2026/06/09 06:42:00.277,n,-5.173224,3.427895,4.580573,1.282904,OverRange,OverRange,OverRange,8.921992,11.282368,-5.04808
2026/06/09 06:43:00.279,n,-5.255337,6.027221,5.408145,1.373903,OverRange,OverRange,OverRange,8.998398,11.275842,-5.083147
2026/06/09 06:44:00.281,n,-5.176304,3.951416,4.902039,1.252729,OverRange,OverRange,OverRange,8.950694,11.263928,-5.120177
2026/06/09 06:45:00.283,n,-5.489486,3.804967,3.797995,0.089801,OverRange,OverRange,OverRange,8.995896,11.252028,-5.176745
2026/06/09 06:46:00.269,n,-5.331419,6.255495,4.771233,1.357094,OverRange,OverRange,OverRange,9.051946,11.24664,-5.116423
2026/06/09 06:47:00.271,n,-5.193752,3.165018,4.681979,1.247241,OverRange,OverRange,OverRange,8.988002,11.24446,-5.026579
2026/06/09 06:48:00.256,n,-5.126395,3.288026,4.870521,1.406586,OverRange,OverRange,OverRange,9.015904,11.23476,-5.009002
2026/06/09 06:49:00.275,n,-5.135119,6.37112,4.504242,0.994706,OverRange,OverRange,OverRange,9.014668,11.224994,-5.05593
2026/06/09 06:50:00.277,n,-5.120621,4.141888,4.100868,1.182622,OverRange,OverRange,OverRange,8.981396,11.22392,-5.145688
2026/06/09 06:51:00.279,n,-5.176175,6.183656,4.828572,1.275158,OverRange,OverRange,OverRange,9.01998,11.216352,-5.163094
2026/06/09 06:52:00.281,n,-5.1849,6.231317,4.977525,1.440121,OverRange,OverRange,OverRange,8.990536,11.207692,-5.258654
2026/06/09 06:53:00.266,n,-5.1645,3.737257,4.81243,1.224446,OverRange,OverRange,OverRange,8.967688,11.203344,-5.200209
2026/06/09 06:54:00.268,n,-5.158726,3.506935,4.900715,1.534019,OverRange,OverRange,OverRange,9.027344,11.197926,-5.328874
2026/06/09 06:55:00.272,n,-5.135119,6.455405,5.350527,1.457157,OverRange,OverRange,OverRange,9.05652,11.188224,-5.325035
2026/06/09 06:56:00.258,n,-5.149874,5.922171,5.140415,1.226788,OverRange,OverRange,OverRange,9.008046,11.181698,-5.377764
2026/06/09 06:57:00.259,n,-5.108689,3.957524,4.356895,0.972949,OverRange,OverRange,OverRange,8.985972,11.177384,-5.369915
2026/06/09 06:58:00.260,n,-5.149874,6.335051,5.596295,0.893461,OverRange,OverRange,OverRange,9.067968,11.167636,-5.297647
2026/06/09 06:59:00.262,n,-5.114591,3.951483,5.178241,1.187082,OverRange,OverRange,OverRange,8.98345,11.161158,-5.369829
2026/06/09 07:00:00.264,n,-5.179255,3.540001,5.187914,1.387381,OverRange,OverRange,OverRange,9.049174,11.157902,-5.463342
2026/06/09 07:01:00.265,n,-5.123315,6.030307,5.364931,1.280553,OverRange,OverRange,OverRange,9.089026,11.152482,-5.49457
2026/06/09 07:02:00.269,n,-5.150002,5.924889,5.829968,0.78572,OverRange,OverRange,OverRange,9.066178,11.152482,-5.623236
2026/06/09 07:03:00.270,n,-5.102787,4.37655,4.78038,1.103477,OverRange,OverRange,OverRange,8.998668,11.148136,-5.488939
2026/06/09 07:04:00.271,n,-5.176047,3.479993,4.353736,1.152017,OverRange,OverRange,OverRange,8.980632,11.150316,-5.449691
2026/06/09 07:05:00.258,n,-5.246485,5.847782,5.376856,1.132173,OverRange,OverRange,OverRange,8.962616,11.141676,-5.371792
2026/06/09 07:06:00.258,n,-5.281639,6.008558,4.886182,1.477231,OverRange,OverRange,OverRange,8.936722,11.142716,-5.289882
2026/06/09 07:07:00.262,n,-5.346045,3.945643,4.559633,1.055793,OverRange,OverRange,OverRange,8.895844,11.131944,-5.274354
2026/06/09 07:08:00.264,n,-5.507063,3.930967,4.329576,1.086266,OverRange,OverRange,OverRange,8.900152,11.125416,-5.249013
2026/06/09 07:09:00.265,n,-5.463056,3.816259,5.014517,1.323714,OverRange,OverRange,OverRange,8.93213,11.11679,-5.252767
2026/06/09 07:10:00.269,n,-5.477811,3.142926,4.22239,1.081523,OverRange,OverRange,OverRange,8.921738,11.110262,-5.301401
2026/06/09 07:11:00.269,n,-5.4016,3.902521,5.06681,1.375142,OverRange,OverRange,OverRange,8.95753,11.101636,-5.342783
2026/06/09 07:12:00.272,n,-5.351948,6.034175,4.94197,1.351034,OverRange,OverRange,OverRange,8.951946,11.090796,-5.330837
2026/06/09 07:13:00.257,n,-5.357721,6.340107,5.014845,1.470796,OverRange,OverRange,OverRange,8.880076,11.095142,-5.315223
2026/06/09 07:14:00.259,n,-5.45151,6.023761,5.307804,1.437362,OverRange,OverRange,OverRange,8.881856,11.081032,-5.245174
2026/06/09 07:15:00.260,n,-5.457026,6.336048,5.070225,1.364874,OverRange,OverRange,OverRange,8.827012,11.0713,-5.325035
2026/06/09 07:16:00.265,n,-5.504241,3.954278,4.107086,1.129396,OverRange,OverRange,OverRange,8.823452,11.065878,-5.389283
2026/06/09 07:17:00.265,n,-5.518867,6.311374,5.765383,0.943741,OverRange,OverRange,OverRange,8.925564,11.062654,-5.387406
2026/06/09 07:18:00.269,n,-5.445736,5.920153,5.541863,1.243617,OverRange,OverRange,OverRange,8.870198,11.05289,-5.437916
2026/06/09 07:19:00.270,n,-5.395827,5.19755,5.876782,0.354596,OverRange,OverRange,OverRange,8.940282,11.045272,-5.660351
2026/06/09 07:20:00.271,n,-5.571728,3.185237,5.073008,1.401917,OverRange,OverRange,OverRange,8.880076,11.04205,-5.617605
2026/06/09 07:21:00.275,n,-5.559667,3.831229,4.901765,1.324661,OverRange,OverRange,OverRange,8.915132,11.030106,-5.642859
2026/06/09 07:22:00.258,n,-5.503984,6.25741,5.615888,1.034693,OverRange,OverRange,OverRange,8.957806,11.020404,-5.662313
2026/06/09 07:23:00.262,n,-5.33437,5.940964,5.195362,0.9494,OverRange,OverRange,OverRange,8.960846,11.018238,-5.621529
2026/06/09 07:24:00.264,n,-5.234552,3.969573,4.793513,1.267722,OverRange,OverRange,OverRange,8.908528,11.011714,-5.576395
2026/06/09 07:25:00.264,n,-5.313843,4.250501,4.171018,0.11827,OverRange,OverRange,OverRange,8.822174,11.0074,-5.420426
2026/06/09 07:26:00.267,n,-5.246741,6.25825,6.19009,0.211948,OverRange,OverRange,OverRange,8.87707,11.004146,-5.309592
2026/06/09 07:27:00.268,n,-5.267269,4.155398,5.352292,1.225082,OverRange,OverRange,OverRange,8.794744,10.999832,-5.330752
2026/06/09 07:28:00.270,n,-5.521818,3.888201,5.22825,1.480797,OverRange,OverRange,OverRange,8.806692,11.035314,-5.32111
2026/06/09 07:29:00.273,n,-4.970766,3.928697,4.951266,1.224521,OverRange,OverRange,OverRange,8.852478,11.02558,-4.981614
2026/06/09 07:30:00.275,n,-4.818344,3.507393,5.113793,1.237617,OverRange,OverRange,OverRange,8.811046,11.021266,-4.737849
2026/06/09 07:31:00.260,n,-4.976667,6.35592,4.958881,1.460814,OverRange,OverRange,OverRange,8.803422,11.01474,-4.667629
2026/06/09 07:32:00.263,n,-4.751114,6.040853,5.177496,1.117556,OverRange,OverRange,OverRange,8.852464,11.008246,-4.506029
2026/06/09 07:33:00.266,n,-4.572263,3.872425,5.140376,1.133945,OverRange,OverRange,OverRange,8.766098,10.998514,-4.275915
2026/06/09 07:34:00.267,n,-4.446528,3.786385,4.745201,1.214526,OverRange,OverRange,OverRange,8.77829,10.990896,-4.063719
2026/06/09 07:35:00.270,n,-4.317585,5.85428,4.908101,1.181382,OverRange,OverRange,OverRange,8.776246,10.981164,-3.740093
2026/06/09 07:36:00.270,n,-3.954108,4.040753,5.000574,1.232715,OverRange,OverRange,OverRange,8.748306,10.976804,-3.662108
2026/06/09 07:37:00.272,n,-3.851724,5.935863,5.546945,0.827397,OverRange,OverRange,OverRange,8.795308,10.968144,-3.286094
2026/06/09 07:38:00.274,n,-3.620397,3.789119,4.495806,1.279165,OverRange,OverRange,OverRange,8.722642,10.958412,-3.075605
2026/06/09 07:39:00.277,n,-3.324535,3.99872,5.176221,1.155817,OverRange,OverRange,OverRange,8.69519,10.946498,-2.800867
2026/06/09 07:40:00.262,n,-3.105012,3.380778,4.866942,1.542524,OverRange,OverRange,OverRange,8.722866,10.94539,-2.557529
2026/06/09 07:41:00.264,n,-2.768351,3.877948,4.097162,0.49552,OverRange,OverRange,OverRange,8.66598,10.936732,-2.101909
2026/06/09 07:42:00.266,n,-2.528299,6.309576,4.670632,1.309263,OverRange,OverRange,OverRange,8.727468,10.930272,-1.796286
2026/06/09 07:43:00.269,n,-2.054099,3.759834,4.965048,1.31114,OverRange,OverRange,OverRange,8.632676,10.9194,-1.408753
2026/06/09 07:44:00.269,n,-1.89013,3.705018,4.464797,1.288406,OverRange,OverRange,OverRange,8.63063,10.91289,-0.826771
2026/06/09 07:45:00.273,n,-1.494835,3.817392,4.551538,0.910794,OverRange,OverRange,OverRange,8.610826,10.902082,-0.482496
2026/06/09 07:46:00.273,n,-1.140724,3.494733,5.262165,1.321013,OverRange,OverRange,OverRange,8.551576,10.896632,-0.030972
2026/06/09 07:47:00.275,n,-0.795851,3.411893,5.121825,1.23231,OverRange,OverRange,OverRange,8.578274,10.880372,0.41057
2026/06/09 07:48:00.279,n,-0.421212,6.126079,5.460475,0.753862,OverRange,OverRange,OverRange,8.64971,10.874986,0.842299
2026/06/09 07:49:00.262,n,0.073132,3.870076,4.040432,0.358944,OverRange,OverRange,OverRange,8.579808,10.860874,1.295445
2026/06/09 07:50:00.265,n,0.547075,6.343409,5.122288,1.218438,OverRange,OverRange,OverRange,8.67359,10.855488,1.781439
2026/06/09 07:51:00.267,n,0.892205,3.380278,4.239143,0.830081,OverRange,OverRange,OverRange,8.606502,10.84569,2.230489
2026/06/09 07:52:00.270,n,1.491884,3.299582,4.933733,1.563038,OverRange,OverRange,OverRange,8.60545,10.837016,2.939772
2026/06/09 07:53:00.274,n,2.237441,3.479851,4.68758,1.317557,OverRange,OverRange,OverRange,8.633946,10.829464,3.719018
2026/06/09 07:54:00.275,n,2.854056,6.146969,5.797247,1.162205,OverRange,OverRange,OverRange,8.664964,10.825118,5.140313
2026/06/09 07:55:00.275,n,3.248838,6.440881,5.300041,1.186932,OverRange,OverRange,OverRange,8.60904,10.811026,5.683473
2026/06/09 07:56:00.277,n,3.836328,3.984651,4.829685,1.32912,OverRange,OverRange,OverRange,8.572174,10.814248,6.41272
2026/06/09 07:57:00.280,n,4.397132,2.983057,5.159442,1.107851,OverRange,OverRange,OverRange,8.555146,10.812068,8.303031
2026/06/09 07:58:00.267,n,5.010667,6.32725,4.924756,1.540617,OverRange,OverRange,OverRange,8.63292,10.801262,10.205884
2026/06/09 07:59:00.269,n,5.890042,6.073642,6.127846,0.15627,OverRange,OverRange,OverRange,8.672848,10.793676,12.716572
2026/06/09 08:00:00.275,n,7.431706,4.947279,4.984716,1.122888,OverRange,OverRange,OverRange,8.580328,10.801262,22.344652
2026/06/09 08:01:00.271,n,8.928852,6.100615,5.445529,1.295564,OverRange,OverRange,OverRange,8.614636,10.788224,31.471298
2026/06/09 08:02:00.273,n,9.844278,5.916641,4.904774,1.170169,OverRange,OverRange,OverRange,8.629116,10.78497,36.602396
2026/06/09 08:03:00.276,n,10.804868,6.244887,5.898492,0.656496,OverRange,OverRange,OverRange,8.639812,10.78933,38.836296
2026/06/09 08:04:00.277,n,14.176492,6.670779,4.820205,1.28778,OverRange,OverRange,OverRange,8.667492,10.782838,57.829756
2026/06/09 08:05:00.278,n,19.070402,3.788256,5.52812,1.004502,OverRange,OverRange,OverRange,8.68248,10.791496,81.9148
2026/06/09 08:06:00.283,n,21.377768,6.694498,5.768588,1.188316,OverRange,OverRange,OverRange,8.704098,10.79257,68.81036
2026/06/09 08:07:00.266,n,23.245702,3.492857,4.655144,1.031988,OverRange,OverRange,OverRange,8.746022,10.796884,42.015488
2026/06/09 08:08:00.268,n,24.961214,3.734083,3.727975,0.083076,OverRange,OverRange,OverRange,8.80777,10.79799,21.388792
2026/06/09 08:09:00.273,n,27.028528,5.678528,4.605541,1.069861,OverRange,OverRange,OverRange,8.883962,10.804514,17.980174
2026/06/09 08:10:00.271,n,29.333326,6.18666,5.393961,1.231167,OverRange,OverRange,OverRange,8.920014,10.80886,27.109976
2026/06/09 08:11:00.274,n,31.40975,3.941292,4.170486,1.11051,OverRange,OverRange,OverRange,8.917994,10.829464,57.31902
2026/06/09 08:12:00.279,n,33.513756,6.411202,5.73127,0.789204,OverRange,OverRange,OverRange,9.058146,10.847856,97.560912
2026/06/09 08:13:00.280,n,35.599288,3.30325,4.498036,1.294927,OverRange,OverRange,OverRange,9.074616,10.861948,134.03694
2026/06/09 08:14:00.279,n,37.8783,6.186115,6.099583,0.132156,OverRange,OverRange,OverRange,9.17487,10.879332,146.0746
2026/06/09 08:15:00.281,n,40.033756,5.955845,5.482426,0.998176,OverRange,OverRange,OverRange,9.251486,10.904248,151.44324
2026/06/09 08:16:00.267,n,42.237196,6.348793,5.377666,1.432125,OverRange,OverRange,OverRange,9.238032,10.935658,156.8874
2026/06/09 08:17:00.270,n,44.614488,5.755761,4.806365,1.238927,OverRange,OverRange,OverRange,9.274822,10.96707,162.82536
2026/06/09 08:18:00.271,n,46.742748,6.339154,5.216635,1.49838,OverRange,OverRange,OverRange,9.410742,10.994168,167.91076
2026/06/09 08:19:00.273,n,48.950804,4.108693,4.282305,0.66169,OverRange,OverRange,OverRange,9.395294,11.03424,172.72384
2026/06/09 08:20:00.275,n,51.346828,4.028401,4.044129,0.075563,OverRange,OverRange,OverRange,9.545864,11.073188,178.3703
2026/06/09 08:21:00.277,n,53.91528,4.595036,4.532649,1.273204,OverRange,OverRange,OverRange,9.580566,11.12089,184.42652
2026/06/09 08:22:00.282,n,56.531216,5.756768,4.704604,1.113166,OverRange,OverRange,OverRange,9.746242,11.164186,190.2239
2026/06/09 08:23:00.282,n,58.988432,4.588617,5.387234,0.885539,OverRange,OverRange,OverRange,9.774582,11.210752,195.36602
2026/06/09 08:24:00.283,n,61.229464,3.764482,5.367726,1.293941,OverRange,OverRange,OverRange,9.85171,11.256196,200.66496
2026/06/09 08:25:00.267,n,63.315768,5.141041,4.691213,1.144299,OverRange,OverRange,OverRange,9.86519,11.307354,205.48992
2026/06/09 08:26:00.270,n,65.301096,4.440343,4.75767,1.154655,OverRange,OverRange,OverRange,9.881664,11.360384,210.15258
2026/06/09 08:27:00.272,n,67.642584,6.040385,4.859601,1.305989,OverRange,OverRange,OverRange,10.014802,11.422026,215.26916
2026/06/09 08:28:00.273,n,70.340368,4.108341,5.031709,1.033942,OverRange,OverRange,OverRange,10.059866,11.479308,220.90846
2026/06/09 08:29:00.277,n,72.888176,5.599413,4.894872,1.077127,OverRange,OverRange,OverRange,10.16266,11.536604,226.60108
2026/06/09 08:30:00.278,n,75.24532,3.921172,4.808465,1.308806,OverRange,OverRange,OverRange,10.250158,11.59169,231.25212
2026/06/09 08:31:00.280,n,77.4444,4.470979,5.154027,1.093189,OverRange,OverRange,OverRange,10.495982,11.655438,236.2276
2026/06/09 08:32:00.282,n,79.734824,5.887451,4.590516,1.294756,OverRange,OverRange,OverRange,10.382132,11.703978,241.48406
2026/06/09 08:33:00.284,n,81.910944,5.914118,5.219381,1.297294,OverRange,OverRange,OverRange,10.535854,11.756868,246.79594
2026/06/09 08:34:00.269,n,84.23024,5.850614,5.974542,0.200897,OverRange,OverRange,OverRange,10.526942,11.827016,252.0789
2026/06/09 08:35:00.270,n,86.796384,3.718724,3.978696,0.956176,OverRange,OverRange,OverRange,10.71137,11.896136,257.5592
2026/06/09 08:36:00.275,n,89.493144,3.870956,4.304709,1.118265,OverRange,OverRange,OverRange,10.805574,11.964056,263.32034
2026/06/09 08:37:00.275,n,88.349984,5.860693,5.624522,1.076411,OverRange,OverRange,OverRange,10.757828,12.035266,257.68804
2026/06/09 08:38:00.262,n,89.05308,4.03961,5.286797,1.331237,OverRange,OverRange,OverRange,10.865718,12.102114,255.51176
2026/06/09 08:39:00.263,n,85.893016,4.023287,4.769411,0.989082,OverRange,OverRange,OverRange,11.011638,12.160758,243.34284
2026/06/09 08:40:00.265,n,98.361816,5.764809,5.370721,0.819132,OverRange,OverRange,OverRange,11.016734,12.227624,277.90502
2026/06/09 08:41:00.267,n,102.18956,4.124063,4.426321,0.948626,OverRange,OverRange,OverRange,10.950272,12.303022,287.2391
2026/06/09 08:42:00.272,n,105.11958,6.486068,5.241032,1.188771,OverRange,OverRange,OverRange,11.191214,12.36271,292.62054
2026/06/09 08:43:00.271,n,107.73114,6.040576,4.598542,1.102395,OverRange,OverRange,OverRange,11.298192,12.432674,297.87124
2026/06/09 08:44:00.272,n,110.78586,6.223641,4.859786,1.380851,OverRange,OverRange,OverRange,11.289582,12.508044,303.45312
2026/06/09 08:45:00.258,n,114.13412,5.087305,4.814909,0.943786,OverRange,OverRange,OverRange,11.33316,12.589768,309.1186
2026/06/09 08:46:00.260,n,117.6085,5.694775,5.224753,1.215656,OverRange,OverRange,OverRange,11.531754,12.660158,315.48148
2026/06/09 08:47:00.262,n,121.1187,3.77728,4.511577,1.201244,OverRange,OverRange,OverRange,11.597418,12.733302,322.3092
2026/06/09 08:48:00.264,n,123.4121,6.191731,5.0786,0.969027,OverRange,OverRange,OverRange,11.6703,12.802036,327.16046
2026/06/09 08:49:00.267,n,107.53548,5.601549,4.43147,0.763315,OverRange,OverRange,OverRange,11.651074,12.875982,274.13416
2026/06/09 08:50:00.269,n,127.9782,4.188864,4.829091,1.071601,OverRange,OverRange,OverRange,11.675334,12.945826,335.93692
2026/06/09 08:51:00.272,n,63.511936,4.044711,4.088607,0.054098,OverRange,OverRange,OverRange,11.672012,13.024612,149.55268
2026/06/09 08:52:00.272,n,55.438084,3.450326,4.685835,1.096306,OverRange,OverRange,OverRange,11.5852,13.098072,114.3953
2026/06/09 08:53:00.259,n,119.54894,6.249187,5.953316,0.268158,OverRange,OverRange,OverRange,11.58696,13.160722,281.73388
2026/06/09 08:54:00.261,n,147.2848,3.656345,4.931568,1.001153,OverRange,OverRange,OverRange,11.60133,13.220132,371.99244
2026/06/09 08:55:00.262,n,149.3303,4.579051,4.736578,1.257554,OverRange,OverRange,OverRange,11.77442,13.287916,374.50392
2026/06/09 08:56:00.264,n,149.93344,4.045532,5.046166,1.170313,OverRange,OverRange,OverRange,11.82478,13.345144,374.66308
2026/06/09 08:57:00.267,n,155.00184,4.033997,4.886025,1.28213,OverRange,OverRange,OverRange,11.991928,13.417456,385.0858
2026/06/09 08:58:00.269,n,146.43748,3.596896,4.729735,1.255469,OverRange,OverRange,OverRange,12.0498,13.49723,363.13632
2026/06/09 08:59:00.270,n,161.65898,4.784609,4.694365,0.696987,OverRange,OverRange,OverRange,12.121074,13.556516,391.78832
2026/06/09 09:00:00.274,n,168.81356,3.810702,4.615562,1.13274,OverRange,OverRange,OverRange,12.125122,13.631976,406.19004
2026/06/09 09:01:00.260,n,173.07702,3.783167,4.895941,1.118581,OverRange,OverRange,OverRange,12.15444,13.694032,413.7462
2026/06/09 09:02:00.259,n,166.10616,4.190091,4.8843,0.932449,OverRange,OverRange,OverRange,12.307912,13.766206,392.89676
2026/06/09 09:03:00.262,n,174.79522,4.04112,5.363753,0.862273,OverRange,OverRange,OverRange,12.529324,13.838364,416.1182
2026/06/09 09:04:00.265,n,174.97456,4.069463,5.397976,0.818899,OverRange,OverRange,OverRange,12.630474,13.920182,415.64316
2026/06/09 09:05:00.265,n,179.86798,5.732055,5.773817,0.404707,OverRange,OverRange,OverRange,12.652176,13.989492,425.59216
2026/06/09 09:06:00.267,n,167.00478,5.391856,5.369241,0.69873,OverRange,OverRange,OverRange,12.870286,14.070208,397.17564
2026/06/09 09:07:00.269,n,114.19122,4.177397,3.707671,0.382122,OverRange,OverRange,OverRange,12.886694,14.153008,259.40476
2026/06/09 09:08:00.271,n,129.23656,4.1125,4.367915,1.104954,OverRange,OverRange,OverRange,12.889954,14.230372,281.29208
2026/06/09 09:09:00.275,n,186.98444,5.621507,4.486495,0.806554,OverRange,OverRange,OverRange,12.80274,14.308826,437.08692
2026/06/09 09:10:00.259,n,186.7734,4.221329,5.132538,0.755703,OverRange,OverRange,OverRange,12.81509,14.390496,434.4532
2026/06/09 09:11:00.263,n,188.2165,5.769856,4.539135,0.739616,OverRange,OverRange,OverRange,13.02679,14.448116,436.06444
2026/06/09 09:12:00.265,n,190.23518,3.634748,4.295788,0.803426,OverRange,OverRange,OverRange,13.13821,14.52433,438.51712
2026/06/09 09:13:00.267,n,192.64228,4.222612,4.614742,0.768866,OverRange,OverRange,OverRange,13.32401,14.598376,441.87084
2026/06/09 09:14:00.267,n,194.89318,4.112128,4.604788,0.789314,OverRange,OverRange,OverRange,13.34607,14.682072,445.77748
2026/06/09 09:15:00.268,n,197.49306,4.131563,4.61052,1.020181,OverRange,OverRange,OverRange,13.239304,14.761482,449.55588
2026/06/09 09:16:00.270,n,201.02508,3.781111,5.286084,1.028958,OverRange,OverRange,OverRange,13.268062,14.827078,454.60124
2026/06/09 09:17:00.275,n,206.0651,6.109222,4.957724,0.958268,OverRange,OverRange,OverRange,13.414714,14.895674,462.89796
2026/06/09 09:18:00.276,n,177.78858,4.939249,4.631791,0.758449,OverRange,OverRange,OverRange,13.538682,14.980288,395.40984
2026/06/09 09:19:00.260,n,179.49782,5.254576,5.094606,0.69508,OverRange,OverRange,OverRange,13.488348,15.06712,383.72008
2026/06/09 09:20:00.262,n,221.84908,6.273575,4.715967,0.877342,OverRange,OverRange,OverRange,13.668972,15.143166,482.3878
2026/06/09 09:21:00.264,n,226.98436,4.889086,4.998254,1.016966,OverRange,OverRange,OverRange,13.656582,15.226644,487.15524
2026/06/09 09:22:00.265,n,233.29032,5.839971,5.47361,0.830363,OverRange,OverRange,OverRange,13.824692,15.298214,495.47228
2026/06/09 09:23:00.271,n,238.69744,5.988534,5.055617,0.94393,OverRange,OverRange,OverRange,13.59013,15.375194,504.12748
2026/06/09 09:24:00.270,n,242.81886,4.261536,4.909945,0.870938,OverRange,OverRange,OverRange,13.867722,15.460748,511.18408
2026/06/09 09:25:00.271,n,245.7572,4.439388,4.549829,0.74751,OverRange,OverRange,OverRange,13.835118,15.535548,516.55348
2026/06/09 09:26:00.275,n,244.68616,3.974837,5.002515,1.021075,OverRange,OverRange,OverRange,13.764944,15.612454,513.08892
2026/06/09 09:27:00.276,n,227.14574,5.729304,4.398063,0.700508,OverRange,OverRange,OverRange,13.97165,15.69257,473.82824
2026/06/09 09:28:00.263,n,156.80562,3.537562,4.251225,0.637922,OverRange,OverRange,OverRange,13.9133,15.777056,320.04208
2026/06/09 09:29:00.263,n,146.39156,5.438642,5.21573,0.829375,OverRange,OverRange,OverRange,13.876912,15.836136,298.81424
2026/06/09 09:30:00.267,n,113.6122,5.791469,5.180455,1.087472,OverRange,OverRange,OverRange,13.756022,15.911336,227.8901
2026/06/09 09:31:00.269,n,97.325784,4.322637,4.19052,0.257892,OverRange,OverRange,OverRange,13.588624,15.988638,187.16076
2026/06/09 09:32:00.271,n,121.74018,5.176217,5.524599,0.636937,OverRange,OverRange,OverRange,13.551458,16.04228,219.81078
2026/06/09 09:33:00.273,n,263.02136,4.01035,4.197744,0.122659,OverRange,OverRange,OverRange,13.565858,16.106676,542.79548
2026/06/09 09:34:00.274,n,160.08166,6.169355,4.866207,1.237031,OverRange,OverRange,OverRange,13.818954,16.135918,333.34194
2026/06/09 09:35:00.275,n,235.71136,5.925064,5.346681,0.713588,OverRange,OverRange,OverRange,13.618084,16.187408,458.68196
2026/06/09 09:36:00.278,n,285.33472,5.51506,5.18324,0.920195,OverRange,OverRange,OverRange,13.643368,16.24211,572.69532
2026/06/09 09:37:00.263,n,291.44006,5.762175,4.35146,0.769005,OverRange,OverRange,OverRange,13.80415,16.297824,578.07824
2026/06/09 09:38:00.265,n,299.31272,4.183685,5.366823,0.616728,OverRange,OverRange,OverRange,13.73313,16.348226,588.85876
2026/06/09 09:39:00.266,n,306.64426,5.287852,4.684502,0.667361,OverRange,OverRange,OverRange,13.901658,16.397648,599.00044
2026/06/09 09:40:00.269,n,315.27648,3.777404,4.808407,1.021563,OverRange,OverRange,OverRange,13.943066,16.460862,609.41596
2026/06/09 09:41:00.272,n,304.75244,4.553758,4.804449,0.960477,OverRange,OverRange,OverRange,14.339574,16.521894,579.45404
2026/06/09 09:42:00.273,n,315.885,4.435083,5.005462,0.590578,OverRange,OverRange,OverRange,14.375386,16.602324,603.50188
2026/06/09 09:43:00.274,n,262.36014,5.374193,5.267822,0.435423,OverRange,OverRange,OverRange,14.511932,16.671932,497.64916
2026/06/09 09:44:00.277,n,183.518,4.259465,5.254325,0.490371,OverRange,OverRange,OverRange,14.76967,16.75002,321.16448
2026/06/09 09:45:00.279,n,167.22264,3.215317,4.014905,0.807615,OverRange,OverRange,OverRange,14.483678,16.831334,267.49014
2026/06/09 09:46:00.264,n,189.67878,5.526157,4.268988,0.709586,OverRange,OverRange,OverRange,14.3107,16.900818,306.69998
2026/06/09 09:47:00.267,n,243.495,5.950783,5.078084,0.877137,OverRange,OverRange,OverRange,14.304632,16.940436,405.86
2026/06/09 09:48:00.268,n,358.5352,4.106308,5.004902,0.982954,OverRange,OverRange,OverRange,14.038438,17.008808,656.75068
2026/06/09 09:49:00.273,n,264.11374,4.786306,4.954852,0.608877,OverRange,OverRange,OverRange,14.076046,17.063264,460.36344
2026/06/09 09:50:00.274,n,192.99586,4.006599,5.101545,0.890581,OverRange,OverRange,OverRange,14.238586,17.126328,313.97158
2026/06/09 09:51:00.279,n,193.63106,4.064187,5.189629,0.750452,OverRange,OverRange,OverRange,14.041708,17.183686,313.16782
2026/06/09 09:52:00.276,n,208.07276,5.594219,4.978753,0.723038,OverRange,OverRange,OverRange,13.806514,17.228522,333.80014
2026/06/09 09:53:00.280,n,284.09338,4.424303,4.95502,0.736394,OverRange,OverRange,OverRange,13.702394,17.2776,476.69292
2026/06/09 09:54:00.281,n,273.47098,5.128498,4.851308,0.730713,OverRange,OverRange,OverRange,13.833034,17.320254,455.58852
2026/06/09 09:55:00.266,n,241.7714,5.834723,5.572655,0.784703,OverRange,OverRange,OverRange,13.680638,17.362582,388.85416
2026/06/09 09:56:00.270,n,283.10098,3.784557,4.096075,0.30126,OverRange,OverRange,OverRange,13.82481,17.403118,448.72648
2026/06/09 09:57:00.270,n,449.9026,3.616812,4.073336,0.500602,OverRange,OverRange,OverRange,13.6795,17.447894,782.09744
2026/06/09 09:58:00.272,n,410.04404,4.313628,4.693596,0.694184,OverRange,OverRange,OverRange,13.76973,17.482034,716.18368
2026/06/09 09:59:00.274,n,260.19668,5.96151,5.009461,0.906809,OverRange,OverRange,OverRange,14.001354,17.528898,408.61536
2026/06/09 10:00:00.276,n,255.32604,4.443282,4.892647,0.907746,OverRange,OverRange,OverRange,14.115724,17.573706,402.0436
2026/06/09 10:01:00.278,n,227.98432,5.58431,4.343571,0.66901,OverRange,OverRange,OverRange,13.899324,17.618482,345.06416
2026/06/09 10:02:00.281,n,197.67924,4.191137,4.414238,0.502628,OverRange,OverRange,OverRange,13.953904,17.646824,286.2295
2026/06/09 10:03:00.285,n,182.12608,4.269562,5.164081,0.718155,OverRange,OverRange,OverRange,14.203532,17.68097,255.66516
2026/06/09 10:04:00.268,n,175.26904,4.12826,4.469423,0.725505,OverRange,OverRange,OverRange,14.05334,17.711822,242.77026
2026/06/09 10:05:00.269,n,174.69334,5.558439,4.602597,0.806771,OverRange,OverRange,OverRange,13.844238,17.740556,236.14126
2026/06/09 10:06:00.274,n,182.45106,6.05776,5.303605,0.515749,OverRange,OverRange,OverRange,13.77854,17.763974,241.19598
2026/06/09 10:07:00.274,n,191.7226,5.516406,5.147742,0.816985,OverRange,OverRange,OverRange,13.683488,17.781028,252.523
2026/06/09 10:08:00.276,n,200.01034,4.066035,5.209457,0.880486,OverRange,OverRange,OverRange,13.578084,17.79701,266.04188
2026/06/09 10:09:00.279,n,215.96264,4.040966,4.744447,0.852551,OverRange,OverRange,OverRange,13.643556,17.805522,293.44486
2026/06/09 10:10:00.280,n,237.21606,3.800911,4.735739,0.923235,OverRange,OverRange,OverRange,13.513052,17.815112,330.00782
2026/06/09 10:11:00.282,n,261.31614,5.813542,5.205724,0.759257,OverRange,OverRange,OverRange,13.274724,17.808914,375.7192
2026/06/09 10:12:00.284,n,286.11774,5.502795,5.03249,0.976513,OverRange,OverRange,OverRange,13.21312,17.808914,429.67748
2026/06/09 10:13:00.269,n,300.94678,5.950135,5.058136,0.694436,OverRange,OverRange,OverRange,13.4259,17.804642,453.98588
2026/06/09 10:14:00.272,n,392.396,6.135991,5.887423,0.44439,OverRange,OverRange,OverRange,13.808396,17.816318,633.44176
2026/06/09 10:15:00.274,n,378.1696,4.247519,4.417211,0.677691,OverRange,OverRange,OverRange,13.764694,17.829134,607.97612
2026/06/09 10:16:00.274,n,242.6097,5.580737,5.065861,0.792493,OverRange,OverRange,OverRange,13.882152,17.854672,349.47484
2026/06/09 10:17:00.276,n,214.92238,5.467977,5.573277,0.236842,OverRange,OverRange,OverRange,14.022328,17.875936,285.41406
2026/06/09 10:18:00.278,n,216.06026,4.212165,4.362127,0.8469,OverRange,OverRange,OverRange,14.127056,17.899354,282.10648
2026/06/09 10:19:00.281,n,216.969,4.012198,4.941803,0.929494,OverRange,OverRange,OverRange,14.244152,17.924892,275.79734
2026/06/09 10:20:00.271,n,218.03302,5.344975,4.899595,0.702202,OverRange,OverRange,OverRange,14.33723,17.944036,272.50388
2026/06/09 10:21:00.270,n,213.7434,5.439356,4.811479,0.797528,OverRange,OverRange,OverRange,14.321568,17.970654,268.75162
2026/06/09 10:22:00.272,n,206.18816,5.539561,4.964542,0.856848,OverRange,OverRange,OverRange,13.851344,17.994038,261.36868
2026/06/09 10:23:00.257,n,197.71644,5.331384,5.265967,0.996936,OverRange,OverRange,OverRange,14.030396,18.01077,250.6966
2026/06/09 10:24:00.259,n,187.73938,4.241998,4.968357,0.920804,OverRange,OverRange,OverRange,13.926708,18.0246,239.66896
2026/06/09 10:25:00.260,n,183.24846,5.38114,4.873088,0.924505,OverRange,OverRange,OverRange,13.40147,18.025674,235.03412
2026/06/09 10:26:00.263,n,187.18114,4.25481,5.260019,0.547801,OverRange,OverRange,OverRange,13.171672,18.018176,239.86122
2026/06/09 10:27:00.267,n,194.29376,5.600683,5.123067,0.620868,OverRange,OverRange,OverRange,13.164572,18.012922,248.92098
2026/06/09 10:28:00.274,n,202.5866,5.308122,4.897666,0.815868,OverRange,OverRange,OverRange,13.393902,18.002226,257.56188
2026/06/09 10:29:00.268,n,215.34076,3.695098,4.195944,0.255392,OverRange,OverRange,OverRange,13.4693,17.983078,279.64792
2026/06/09 10:30:00.270,n,225.97074,4.096324,4.544528,0.584548,OverRange,OverRange,OverRange,13.39415,17.973522,305.05668
2026/06/09 10:31:00.271,n,217.22896,3.745884,4.175925,0.219109,OverRange,OverRange,OverRange,13.540844,17.963968,289.57122
2026/06/09 10:32:00.258,n,197.64936,6.023334,5.735998,0.333316,OverRange,OverRange,OverRange,13.583344,17.951182,248.92158
2026/06/09 10:33:00.259,n,194.70418,4.614888,5.294893,0.503115,OverRange,OverRange,OverRange,13.705456,17.936276,240.3938
2026/06/09 10:34:00.261,n,196.20246,5.419782,4.322865,0.57919,OverRange,OverRange,OverRange,13.808788,17.927764,238.5319
2026/06/09 10:35:00.264,n,206.27822,5.072846,5.120135,0.558403,OverRange,OverRange,OverRange,13.787054,17.922446,248.51612
2026/06/09 10:36:00.266,n,218.19108,5.502613,5.612496,0.246459,OverRange,OverRange,OverRange,13.78983,17.918172,262.51644
2026/06/09 10:37:00.267,n,224.64758,4.408432,4.401445,0.639884,OverRange,OverRange,OverRange,13.85049,17.913934,272.47214
2026/06/09 10:38:00.272,n,227.69848,5.264717,4.559659,0.759841,OverRange,OverRange,OverRange,13.911856,17.909694,282.0686
2026/06/09 10:39:00.274,n,221.71,4.281292,4.094071,0.272157,OverRange,OverRange,OverRange,13.996466,17.90441,276.31626
2026/06/09 10:40:00.258,n,217.31828,5.2748,4.764854,0.700191,OverRange,OverRange,OverRange,13.886856,17.899028,272.19248
2026/06/09 10:41:00.260,n,219.9441,4.258685,4.774602,0.708252,OverRange,OverRange,OverRange,13.840098,17.902256,279.17352
2026/06/09 10:42:00.262,n,229.78704,5.057165,5.123412,0.659583,OverRange,OverRange,OverRange,14.0828,17.895866,301.30674
2026/06/09 10:43:00.265,n,229.43206,5.502038,5.105484,0.894603,OverRange,OverRange,OverRange,14.130508,17.895866,308.9679
2026/06/09 10:44:00.266,n,239.33112,4.210316,4.262876,0.606744,OverRange,OverRange,OverRange,14.041896,17.891624,337.56468
2026/06/09 10:45:00.268,n,265.8381,4.909726,4.315939,0.293609,OverRange,OverRange,OverRange,14.1285,17.890548,394.04408
2026/06/09 10:46:00.270,n,228.59284,5.366024,5.156782,0.848014,OverRange,OverRange,OverRange,14.153972,17.889472,337.21364
2026/06/09 10:47:00.274,n,268.62662,5.67485,5.281511,0.758133,OverRange,OverRange,OverRange,14.136068,17.893712,396.01456
2026/06/09 10:48:00.275,n,307.7597,4.430711,4.912777,0.715723,OverRange,OverRange,OverRange,14.356324,17.899028,448.52932
2026/06/09 10:49:00.260,n,252.80286,5.340101,4.522133,0.79178,OverRange,OverRange,OverRange,14.315434,17.90542,345.22744
2026/06/09 10:50:00.264,n,253.70622,3.686956,4.099862,0.699313,OverRange,OverRange,OverRange,14.379008,17.917164,333.3135
2026/06/09 10:51:00.264,n,265.64628,4.966262,4.383958,0.287541,OverRange,OverRange,OverRange,14.298554,17.925672,356.78016
2026/06/09 10:52:00.266,n,249.48638,5.448124,5.546997,0.281038,OverRange,OverRange,OverRange,14.092632,17.93308,335.36108
2026/06/09 10:53:00.270,n,233.2127,5.446234,5.208166,0.598641,OverRange,OverRange,OverRange,14.146404,17.94058,305.44598
2026/06/09 10:54:00.269,n,236.143,4.446465,4.605731,0.748989,OverRange,OverRange,OverRange,14.185018,17.942668,306.61814
2026/06/09 10:55:00.271,n,286.31326,5.48157,4.612874,0.533347,OverRange,OverRange,OverRange,14.27029,17.946908,391.31828
2026/06/09 10:56:00.273,n,447.7852,5.308522,5.172544,0.847662,OverRange,OverRange,OverRange,14.407476,17.950104,707.86864
2026/06/09 10:57:00.275,n,565.36896,3.454356,3.980958,0.452284,OverRange,OverRange,OverRange,14.589752,17.958616,909.41072
2026/06/09 10:58:00.261,n,553.94792,5.515282,4.58075,1.003522,OverRange,OverRange,OverRange,14.816488,17.975674,847.68992
2026/06/09 10:59:00.263,n,525.92888,5.280686,4.445626,0.701318,OverRange,OverRange,OverRange,14.889964,18.011846,798.89312
2026/06/09 11:00:00.265,n,559.72868,5.591948,4.743694,0.864869,OverRange,OverRange,OverRange,15.430776,18.04903,884.1116
2026/06/09 11:01:00.268,n,574.56584,4.94816,5.154354,0.561677,OverRange,OverRange,OverRange,15.606166,18.100042,904.00784
2026/06/09 11:02:00.269,n,490.9326,4.489326,4.929443,0.907172,OverRange,OverRange,OverRange,15.662416,18.15324,775.66912
2026/06/09 11:03:00.270,n,337.48624,5.278167,4.837833,0.561838,OverRange,OverRange,OverRange,16.016256,18.225522,501.3118
2026/06/09 11:04:00.273,n,262.54694,5.315301,4.674001,0.868536,OverRange,OverRange,OverRange,15.622494,18.284988,371.07028
2026/06/09 11:05:00.274,n,239.03038,4.417087,4.335292,0.574384,OverRange,OverRange,OverRange,15.39913,18.343408,331.8274
2026/06/09 11:06:00.277,n,233.98894,5.193756,4.361587,0.797415,OverRange,OverRange,OverRange,15.218394,18.398632,322.30112
2026/06/09 11:07:00.264,n,233.03796,5.441527,4.91559,0.800997,OverRange,OverRange,OverRange,15.282238,18.436604,311.28724
2026/06/09 11:08:00.268,n,248.09266,6.127768,4.876032,1.03104,OverRange,OverRange,OverRange,15.110474,18.470366,324.45742
2026/06/09 11:09:00.268,n,279.46328,4.093607,4.862985,0.69594,OverRange,OverRange,OverRange,15.012578,18.499236,363.99056
2026/06/09 11:10:00.269,n,316.85672,4.462023,4.705062,0.675865,OverRange,OverRange,OverRange,14.952922,18.526996,423.679
2026/06/09 11:11:00.272,n,372.9308,4.169859,4.824388,0.972432,OverRange,OverRange,OverRange,14.82453,18.551624,510.31688
2026/06/09 11:12:00.273,n,498.23728,4.000575,5.031911,0.69902,OverRange,OverRange,OverRange,14.804902,18.554364,736.46944
2026/06/09 11:13:00.275,n,459.53884,5.472708,4.908335,0.447388,OverRange,OverRange,OverRange,14.91065,18.572534,674.6536
2026/06/09 11:14:00.277,n,510.56816,4.564676,4.526045,0.694337,OverRange,OverRange,OverRange,15.092586,18.601372,741.28328
2026/06/09 11:15:00.279,n,366.25748,5.243342,5.249053,0.602672,OverRange,OverRange,OverRange,15.36289,18.63768,503.3226
2026/06/09 11:16:00.265,n,471.47512,3.910778,4.904374,0.924277,OverRange,OverRange,OverRange,15.389008,18.679276,688.5192
2026/06/09 11:17:00.269,n,381.42268,4.385017,4.325934,0.304249,OverRange,OverRange,OverRange,14.903326,18.721978,537.22468
2026/06/09 11:18:00.271,n,386.8258,5.453272,4.719599,0.576552,OverRange,OverRange,OverRange,14.571148,18.763606,545.53468
2026/06/09 11:19:00.270,n,336.27688,4.402709,4.444162,0.541594,OverRange,OverRange,OverRange,14.597616,18.796716,453.38748
2026/06/09 11:20:00.274,n,335.89028,5.516939,5.339434,0.759518,OverRange,OverRange,OverRange,14.628602,18.828948,452.8114
2026/06/09 11:21:00.275,n,294.09536,4.211028,4.849202,0.7723,OverRange,OverRange,OverRange,14.646962,18.846012,380.76736
2026/06/09 11:22:00.277,n,291.03848,3.557609,4.39559,0.922086,OverRange,OverRange,OverRange,14.523244,18.860954,371.78468
2026/06/09 11:23:00.284,n,300.77744,4.429459,4.296464,0.679975,OverRange,OverRange,OverRange,14.654018,18.88017,388.56728
2026/06/09 11:24:00.280,n,304.78592,4.341472,4.670123,0.58201,OverRange,OverRange,OverRange,14.471726,18.891882,401.39356
2026/06/09 11:25:00.266,n,327.80002,3.959827,4.508972,0.698825,OverRange,OverRange,OverRange,14.026852,18.89932,454.34264
2026/06/09 11:26:00.268,n,309.27262,4.205679,4.98729,0.516352,OverRange,OverRange,OverRange,14.269582,18.898276,426.01364
2026/06/09 11:27:00.272,n,288.19338,5.256123,4.990223,0.500482,OverRange,OverRange,OverRange,14.357632,18.896186,389.29188
2026/06/09 11:28:00.272,n,285.76056,4.061901,4.755915,0.625064,OverRange,OverRange,OverRange,14.362926,18.89932,386.48232
2026/06/09 11:29:00.274,n,285.1257,5.443538,4.82945,0.930669,OverRange,OverRange,OverRange,14.375774,18.892958,389.32456
2026/06/09 11:30:00.276,n,286.98544,3.840799,4.290759,0.619501,OverRange,OverRange,OverRange,14.381578,18.888684,396.05952
2026/06/09 11:31:00.278,n,362.9794,4.489459,4.944207,0.964075,OverRange,OverRange,OverRange,14.446386,18.876942,540.24324
2026/06/09 11:32:00.281,n,423.4614,4.100344,4.862458,0.796118,OverRange,OverRange,OverRange,14.33341,18.869534,663.71064
2026/06/09 11:33:00.284,n,432.24608,5.485214,4.894301,0.754317,OverRange,OverRange,OverRange,14.614996,18.866304,700.0352
2026/06/09 11:34:00.267,n,405.34708,4.341306,4.501682,1.028956,OverRange,OverRange,OverRange,14.607388,18.865226,639.42872
2026/06/09 11:35:00.269,n,431.219,4.129557,4.823481,0.771444,OverRange,OverRange,OverRange,14.386868,18.869534,734.0192
2026/06/09 11:36:00.272,n,397.6108,5.428981,5.151215,0.680979,OverRange,OverRange,OverRange,14.53056,18.872698,671.60368
2026/06/09 11:37:00.273,n,552.13356,5.396364,4.966622,0.703596,OverRange,OverRange,OverRange,14.126034,18.87482,928.95744
2026/06/09 11:38:00.275,n,589.2536,4.484068,4.869556,0.736922,OverRange,OverRange,OverRange,14.347514,18.88017,997.66928
2026/06/09 11:39:00.277,n,546.7946,4.210018,4.94476,0.671875,OverRange,OverRange,OverRange,14.786972,18.895112,918.58592
2026/06/09 11:40:00.278,n,574.5896,4.029043,4.722263,0.769341,OverRange,OverRange,OverRange,14.987652,18.916416,963.81424
2026/06/09 11:41:00.280,n,580.83592,4.278754,4.259837,0.627446,OverRange,OverRange,OverRange,15.117224,18.94842,966.77144
2026/06/09 11:42:00.480,n,597.30536,5.293803,4.658531,0.690916,OverRange,OverRange,OverRange,15.352306,18.985744,986.96608
2026/06/09 11:43:00.431,n,608.81696,4.531382,4.528579,0.688046,OverRange,OverRange,OverRange,15.685826,19.031614,1007.0198
2026/06/09 11:44:00.324,n,535.60644,5.54822,4.832881,0.749347,OverRange,OverRange,OverRange,16.234476,19.095498,885.72624
2026/06/09 11:45:00.272,n,424.25724,5.353611,4.803333,0.623976,OverRange,OverRange,OverRange,16.459468,19.157294,695.43312
2026/06/09 11:46:00.274,n,411.6016,5.862616,5.272534,0.654035,OverRange,OverRange,OverRange,15.931062,19.199936,655.13032
2026/06/09 11:47:00.276,n,468.23984,4.445215,4.626649,0.585992,OverRange,OverRange,OverRange,15.587352,19.249954,764.59296
2026/06/09 11:48:00.279,n,332.28018,5.218557,5.133159,0.771765,OverRange,OverRange,OverRange,15.514008,19.302126,547.16368
2026/06/09 11:49:00.264,n,220.17376,4.927956,4.835642,0.585208,OverRange,OverRange,OverRange,15.57129,19.345752,354.01784
2026/06/09 11:50:00.282,n,207.60088,4.421415,4.981811,0.637097,OverRange,OverRange,OverRange,15.658412,19.37662,338.92448
2026/06/09 11:51:00.284,n,292.12272,5.963474,5.138918,0.855101,OverRange,OverRange,OverRange,15.91185,19.399002,483.49524
2026/06/09 11:52:00.437,n,217.9785,5.580186,4.723767,0.797162,OverRange,OverRange,OverRange,16.018576,19.414992,375.31104
2026/06/09 11:53:00.325,n,159.76118,3.664694,4.702759,0.787495,OverRange,OverRange,OverRange,15.982738,19.428762,271.59802
2026/06/09 11:54:00.305,n,304.98404,5.174155,4.708789,0.540637,OverRange,OverRange,OverRange,15.97844,19.436232,535.07892
2026/06/09 11:55:00.260,n,553.7608,4.354741,5.156115,0.717313,OverRange,OverRange,OverRange,16.159236,19.443702,946.45432
2026/06/09 11:56:00.260,n,538.85552,5.064269,5.042082,0.796076,OverRange,OverRange,OverRange,16.029596,19.45222,923.15624
2026/06/09 11:57:00.263,n,536.10564,5.434728,4.615451,0.825216,OverRange,OverRange,OverRange,15.85906,19.473496,919.32536
2026/06/09 11:58:00.432,n,533.96944,5.779186,4.613615,0.765337,OverRange,OverRange,OverRange,15.940084,19.498982,915.73224
2026/06/09 11:59:00.369,n,531.78912,4.7294,4.701016,0.794096,OverRange,OverRange,OverRange,15.935548,19.52453,912.32888
2026/06/09 12:00:00.271,n,530.89032,4.18291,5.098707,0.583615,OverRange,OverRange,OverRange,15.935578,19.561696,911.67168
2026/06/09 12:01:00.272,n,530.3352,4.166414,5.281247,0.779079,OverRange,OverRange,OverRange,16.246124,19.594654,909.62504
2026/06/09 12:02:00.257,n,530.27564,3.61046,4.535305,0.737444,OverRange,OverRange,OverRange,16.630534,19.643536,908.26168
2026/06/09 12:03:00.427,n,531.3636,4.300066,5.006744,0.781596,OverRange,OverRange,OverRange,16.40911,19.69457,908.98584
2026/06/09 12:04:00.262,n,533.30952,5.253016,4.960108,0.541587,OverRange,OverRange,OverRange,16.350668,19.741302,911.75512
2026/06/09 12:05:00.795,n,536.21588,3.968904,4.632969,0.843632,OverRange,OverRange,OverRange,15.916844,19.795472,916.38736
2026/06/09 12:06:00.265,n,532.39448,3.671265,4.604838,0.758738,OverRange,OverRange,OverRange,15.78386,19.8454,904.84128
2026/06/09 12:07:00.269,n,493.88528,5.33884,4.692656,0.98589,OverRange,OverRange,OverRange,15.924292,19.868766,841.11968
2026/06/09 12:08:00.272,n,333.0232,5.219786,4.894134,0.70775,OverRange,OverRange,OverRange,16.641532,19.906948,557.40468
2026/06/09 12:09:00.273,n,567.8404,5.272699,4.683918,0.62903,OverRange,OverRange,OverRange,16.869924,19.940922,961.45408
2026/06/09 12:10:00.451,n,523.58516,5.522922,5.068402,0.696126,OverRange,OverRange,OverRange,17.149048,19.994016,900.16776
2026/06/09 12:11:00.261,n,537.411,5.75345,4.99766,0.629331,OverRange,OverRange,OverRange,17.547582,20.04111,927.76792
2026/06/09 12:12:00.263,n,534.28344,4.60215,4.8736,0.497231,OverRange,OverRange,OverRange,17.314642,20.083568,919.56784
2026/06/09 12:13:00.265,n,531.57832,5.413211,4.649708,0.639595,OverRange,OverRange,OverRange,17.152368,20.140844,916.37736
2026/06/09 12:14:00.267,n,527.67848,4.619395,4.680371,0.65766,OverRange,OverRange,OverRange,17.332006,20.195966,908.83008
2026/06/09 12:15:00.268,n,525.99312,5.412753,4.734795,0.609548,OverRange,OverRange,OverRange,17.099818,20.252136,906.41328
2026/06/09 12:16:00.270,n,523.5224,5.223175,5.125866,0.743369,OverRange,OverRange,OverRange,17.317922,20.30194,903.72152
2026/06/09 12:17:00.273,n,521.5412,5.78259,5.471354,0.370736,OverRange,OverRange,OverRange,17.800284,20.34969,898.89888
2026/06/09 12:18:00.276,n,520.5208,5.368399,5.336061,0.561131,OverRange,OverRange,OverRange,17.699692,20.395254,897.12448
2026/06/09 12:19:00.260,n,517.88808,4.266432,5.42926,0.629003,OverRange,OverRange,OverRange,17.92685,20.455636,891.25392
2026/06/09 12:20:00.262,n,516.69488,5.275427,5.018476,0.604904,OverRange,OverRange,OverRange,18.027842,20.499732,887.1428
2026/06/09 12:21:00.264,n,515.59416,5.262985,4.878266,0.754964,OverRange,OverRange,OverRange,18.083114,20.546276,884.46264
2026/06/09 12:22:00.265,n,515.19336,4.147864,4.496482,0.659089,OverRange,OverRange,OverRange,18.349772,20.603432,882.47872
2026/06/09 12:23:00.268,n,514.9334,4.216062,4.316943,0.126015,OverRange,OverRange,OverRange,17.932626,20.647854,882.38552
2026/06/09 12:24:00.269,n,514.91188,4.148268,4.328956,0.190171,OverRange,OverRange,OverRange,17.8909,20.686598,882.55008
2026/06/09 12:25:00.271,n,514.8114,4.318683,4.639352,0.470122,OverRange,OverRange,OverRange,17.88971,20.720448,882.3256
2026/06/09 12:26:00.274,n,515.05256,4.504228,4.732805,0.515971,OverRange,OverRange,OverRange,17.990708,20.761674,882.61472
2026/06/09 12:27:00.276,n,515.33136,5.5134,4.954573,0.850585,OverRange,OverRange,OverRange,18.129248,20.797616,882.81248
2026/06/09 12:28:00.262,n,515.69148,4.247139,4.880664,1.03024,OverRange,OverRange,OverRange,18.257726,20.836754,883.102
2026/06/09 12:29:00.263,n,516.27064,5.323429,4.121717,0.622136,OverRange,OverRange,OverRange,17.895208,20.869496,884.23368
2026/06/09 12:30:00.267,n,517.46684,5.390458,5.198966,0.559222,OverRange,OverRange,OverRange,17.875916,20.904388,885.14672
2026/06/09 12:31:00.267,n,519.153,4.722329,5.351706,0.374475,OverRange,OverRange,OverRange,17.885656,20.931908,886.56416
2026/06/09 12:32:00.270,n,520.82232,5.277868,4.75781,0.702958,OverRange,OverRange,OverRange,17.669962,20.957208,888.74776
2026/06/09 12:33:00.272,n,523.19696,4.822755,5.181031,0.574118,OverRange,OverRange,OverRange,17.917654,20.98365,891.02248
2026/06/09 12:34:00.274,n,521.2478,5.637083,5.194299,0.751679,OverRange,OverRange,OverRange,18.321426,21.012148,885.61352
2026/06/09 12:35:00.275,n,512.85432,4.189084,4.625027,0.781492,OverRange,OverRange,OverRange,17.937484,21.048088,871.2228
2026/06/09 12:36:00.276,n,521.78056,4.363653,4.964812,0.575169,OverRange,OverRange,OverRange,17.896628,21.075512,889.7876
2026/06/09 12:37:00.267,n,521.59856,4.453104,4.912238,0.729955,OverRange,OverRange,OverRange,17.96724,21.0998,889.87448
2026/06/09 12:38:00.264,n,521.47668,4.129815,4.7259,0.62958,OverRange,OverRange,OverRange,18.077026,21.118832,889.61112
2026/06/09 12:39:00.267,n,523.28632,4.442196,5.146004,0.65611,OverRange,OverRange,OverRange,18.321176,21.136688,890.8304
2026/06/09 12:40:00.270,n,524.2476,4.854483,5.058207,0.661943,OverRange,OverRange,OverRange,18.357742,21.160814,891.45576
2026/06/09 12:41:00.270,n,523.61504,5.379115,5.500646,0.267805,OverRange,OverRange,OverRange,18.490168,21.176776,890.80936
2026/06/09 12:42:00.274,n,521.9518,4.393267,4.618741,0.674391,OverRange,OverRange,OverRange,18.533914,21.20544,889.3052
2026/06/09 12:43:00.275,n,520.32836,3.694671,4.11171,0.442816,OverRange,OverRange,OverRange,18.546916,21.235182,888.17024
2026/06/09 12:44:00.276,n,519.12688,4.329408,4.413358,0.399716,OverRange,OverRange,OverRange,18.66244,21.2628,886.51264
2026/06/09 12:45:00.278,n,518.40472,5.74117,5.34391,0.51671,OverRange,OverRange,OverRange,18.29074,21.2883,886.0784
2026/06/09 12:46:00.265,n,517.79352,4.800789,4.822783,0.640427,OverRange,OverRange,OverRange,18.500922,21.310628,884.3732
2026/06/09 12:47:00.266,n,518.66456,5.463034,4.939254,0.753803,OverRange,OverRange,OverRange,18.258172,21.33926,884.9244
2026/06/09 12:48:00.268,n,518.118,3.982483,4.578341,0.544051,OverRange,OverRange,OverRange,18.289496,21.359436,883.93848
2026/06/09 12:49:00.270,n,517.29816,4.024308,4.761362,0.701456,OverRange,OverRange,OverRange,18.365302,21.382812,882.56488
2026/06/09 12:50:00.275,n,515.22504,5.023309,5.015163,0.479006,OverRange,OverRange,OverRange,18.489416,21.400836,879.92936
2026/06/09 12:51:00.458,n,515.22772,4.3321,4.691903,0.664928,OverRange,OverRange,OverRange,18.467078,21.425224,880.11816
2026/06/09 12:52:00.276,n,515.27364,5.519346,4.715497,0.797616,OverRange,OverRange,OverRange,18.376566,21.44651,881.13184
2026/06/09 12:53:00.278,n,515.06164,4.225644,4.619079,0.660535,OverRange,OverRange,OverRange,18.437922,21.459242,880.68064
2026/06/09 12:54:00.281,n,514.98052,3.942949,4.761022,0.706284,OverRange,OverRange,OverRange,18.700776,21.477232,880.30984
2026/06/09 12:55:00.268,n,515.01836,5.458541,5.07588,0.651581,OverRange,OverRange,OverRange,18.769174,21.49852,880.57944
2026/06/09 12:56:00.267,n,515.11848,5.607289,4.643901,0.769718,OverRange,OverRange,OverRange,18.44017,21.515462,881.0828
2026/06/09 12:57:00.269,n,514.99416,3.875695,4.390424,0.683014,OverRange,OverRange,OverRange,18.424692,21.52712,880.84848
2026/06/09 12:58:00.275,n,514.85072,5.101182,5.060875,0.490364,OverRange,OverRange,OverRange,18.446646,21.545144,880.66656
2026/06/09 12:59:00.274,n,514.60936,5.61503,4.84475,0.800219,OverRange,OverRange,OverRange,18.545974,21.55363,879.31672
2026/06/09 13:00:00.276,n,514.49292,4.18327,4.286975,0.589545,OverRange,OverRange,OverRange,18.528722,21.565286,878.69736
2026/06/09 13:01:00.277,n,514.69336,5.361892,5.324668,0.207134,OverRange,OverRange,OverRange,18.102752,21.574854,879.17184
2026/06/09 13:02:00.475,n,515.74152,5.485996,5.366912,0.637076,OverRange,OverRange,OverRange,18.09848,21.582266,879.0804
2026/06/09 13:03:00.284,n,516.71528,4.077248,4.360472,0.62545,OverRange,OverRange,OverRange,17.932626,21.58122,880.37896
2026/06/09 13:04:00.269,n,518.50104,5.269673,4.584676,0.600426,OverRange,OverRange,OverRange,17.91159,21.58331,882.58552
2026/06/09 13:05:00.269,n,520.59984,4.506357,5.093044,0.627896,OverRange,OverRange,OverRange,18.199422,21.574854,884.09488
2026/06/09 13:06:00.445,n,522.47564,3.944254,4.505129,0.689537,OverRange,OverRange,OverRange,18.21965,21.575898,886.71752
2026/06/09 13:07:00.272,n,524.5638,5.466672,5.438202,0.115456,OverRange,OverRange,OverRange,17.798294,21.580144,890.49896
2026/06/09 13:08:00.278,n,525.77856,5.517828,4.681319,0.555397,OverRange,OverRange,OverRange,17.713018,21.573808,893.10008
2026/06/09 13:09:00.279,n,525.65388,5.515689,4.657868,0.538,OverRange,OverRange,OverRange,18.155084,21.571656,894.76192
2026/06/09 13:10:00.281,n,521.15364,4.694586,4.953317,0.510321,OverRange,OverRange,OverRange,18.064626,21.573808,889.132
2026/06/09 13:11:00.281,n,503.29124,5.308449,4.928714,0.528985,OverRange,OverRange,OverRange,17.946146,21.573808,861.69776
2026/06/09 13:12:00.284,n,497.63612,5.336111,5.215398,0.337844,OverRange,OverRange,OverRange,17.756408,21.555918,850.84296
2026/06/09 13:13:00.269,n,510.73912,5.421428,5.003887,0.538607,OverRange,OverRange,OverRange,17.621892,21.543182,876.69752
2026/06/09 13:14:00.272,n,520.38264,5.902152,5.205122,0.880859,OverRange,OverRange,OverRange,17.764852,21.53574,890.69168
2026/06/09 13:15:00.257,n,528.42828,4.10362,4.588136,0.504434,OverRange,OverRange,OverRange,17.868408,21.527316,902.86232
2026/06/09 13:16:00.264,n,501.12224,4.774532,5.279736,0.468714,OverRange,OverRange,OverRange,17.864634,21.513504,855.60968
2026/06/09 13:17:00.267,n,238.21592,5.862159,5.485144,0.673891,OverRange,OverRange,OverRange,17.99822,21.505014,409.01988
2026/06/09 13:18:00.266,n,213.22406,5.387092,5.211127,0.512407,OverRange,OverRange,OverRange,17.886958,21.494404,357.78724
2026/06/09 13:19:00.266,n,249.89568,4.307631,5.040067,0.551144,OverRange,OverRange,OverRange,17.529282,21.477396,422.85816
2026/06/09 13:20:00.269,n,312.98782,5.415385,4.971127,0.719762,OverRange,OverRange,OverRange,17.21724,21.446672,520.71364
2026/06/09 13:21:00.269,n,519.10516,4.210063,4.416289,0.436472,OverRange,OverRange,OverRange,17.240346,21.416932,885.91696
2026/06/09 13:22:00.464,n,527.43756,5.410537,5.440326,0.591776,OverRange,OverRange,OverRange,17.378454,21.37341,898.13672
2026/06/09 13:23:00.433,n,369.61332,4.438519,4.609307,0.666507,OverRange,OverRange,OverRange,17.483384,21.347944,626.81908
2026/06/09 13:24:00.259,n,318.60214,5.45689,4.980925,0.647875,OverRange,OverRange,OverRange,17.385218,21.321404,516.77508
2026/06/09 13:25:00.263,n,579.94624,3.594451,4.495289,0.741051,OverRange,OverRange,OverRange,17.29335,21.296982,941.02896
2026/06/09 13:26:00.263,n,476.21732,5.432455,4.486791,0.614716,OverRange,OverRange,OverRange,17.265954,21.269364,755.74632
2026/06/09 13:27:00.267,n,496.70336,5.504104,5.483186,0.136216,OverRange,OverRange,OverRange,17.51476,21.25663,778.14968
2026/06/09 13:28:00.270,n,349.67152,5.652355,4.793048,0.708648,OverRange,OverRange,OverRange,17.4844,21.249188,540.68928
2026/06/09 13:29:00.269,n,257.02688,5.356843,4.920878,0.551703,OverRange,OverRange,OverRange,17.381484,21.23861,341.1408
2026/06/09 13:30:00.271,n,274.76786,5.500746,5.332556,0.353756,OverRange,OverRange,OverRange,17.245606,21.231134,344.76212
2026/06/09 13:31:00.256,n,333.16416,5.9767,5.737505,0.154245,OverRange,OverRange,OverRange,17.144618,21.220522,426.31992
2026/06/09 13:32:00.259,n,339.9822,4.692872,4.551333,0.546674,OverRange,OverRange,OverRange,17.17752,21.200346,455.3032
2026/06/09 13:33:00.261,n,321.58988,4.562,5.039534,0.775494,OverRange,OverRange,OverRange,16.932242,21.184384,429.7478
2026/06/09 13:34:00.262,n,307.0308,3.917045,4.1899,0.254959,OverRange,OverRange,OverRange,16.86584,21.164242,408.29116
2026/06/09 13:35:00.265,n,376.0312,5.964661,4.491423,0.964172,OverRange,OverRange,OverRange,16.88974,21.142956,525.8836
2026/06/09 13:36:00.267,n,466.59532,5.392541,4.791965,0.749359,OverRange,OverRange,OverRange,16.663814,21.121998,691.94864
2026/06/09 13:37:00.270,n,481.95216,4.328006,4.095331,0.380957,OverRange,OverRange,OverRange,16.72523,21.104044,715.06376
2026/06/09 13:38:00.270,n,269.44812,3.453247,4.497607,0.872545,OverRange,OverRange,OverRange,16.62908,21.0808,358.19284
2026/06/09 13:39:00.274,n,385.05136,4.121049,4.60323,0.74317,OverRange,OverRange,OverRange,16.398128,21.05971,540.04048
2026/06/09 13:40:00.259,n,638.9096,5.269498,4.503092,0.419727,OverRange,OverRange,OverRange,16.355216,21.037512,983.99904
2026/06/09 13:41:00.260,n,553.54668,5.174839,4.895291,0.572601,OverRange,OverRange,OverRange,16.5133,21.016392,846.02536
2026/06/09 13:42:00.262,n,325.83912,3.617164,4.480735,0.606792,OverRange,OverRange,OverRange,16.479692,21.042508,440.84456
2026/06/09 13:43:00.263,n,320.6973,4.264714,4.666949,0.734622,OverRange,OverRange,OverRange,16.1223,21.03095,421.17664
2026/06/09 13:44:00.435,n,345.09536,3.977136,4.301403,0.619597,OverRange,OverRange,OverRange,16.204728,21.01192,463.38
2026/06/09 13:45:00.271,n,300.40686,4.469528,4.664331,0.680594,OverRange,OverRange,OverRange,16.336448,20.990798,394.59312
2026/06/09 13:46:00.269,n,280.81954,4.397597,4.826722,0.698559,OverRange,OverRange,OverRange,16.559596,20.971768,370.4688
2026/06/09 13:47:00.273,n,278.02734,5.422726,4.826867,0.608413,OverRange,OverRange,OverRange,16.473892,20.94748,374.31868
2026/06/09 13:48:00.274,n,327.30274,5.573987,5.443414,0.586557,OverRange,OverRange,OverRange,16.296342,20.929492,464.56632
2026/06/09 13:49:00.259,n,311.9314,4.645662,4.516378,0.456164,OverRange,OverRange,OverRange,16.199484,20.904162,442.09364
2026/06/09 13:50:00.262,n,281.10336,4.300823,4.438362,0.597373,OverRange,OverRange,OverRange,16.099228,20.874584,385.15712
2026/06/09 13:51:00.264,n,267.83126,4.311628,4.419584,0.16672,OverRange,OverRange,OverRange,16.22377,20.840766,359.11272
2026/06/09 13:52:00.266,n,275.85288,5.424691,5.077944,0.558296,OverRange,OverRange,OverRange,16.072424,20.813282,377.73048
2026/06/09 13:53:00.270,n,284.00476,4.48243,4.724231,0.558796,OverRange,OverRange,OverRange,16.187948,20.78263,401.76692
2026/06/09 13:54:00.269,n,424.11928,5.499321,4.804885,0.595116,OverRange,OverRange,OverRange,16.276134,20.75087,653.64892
2026/06/09 13:55:00.272,n,322.09784,4.69624,4.549253,0.579979,OverRange,OverRange,OverRange,16.24057,20.724464,502.65332
2026/06/09 13:56:00.274,n,287.87894,4.238548,5.279558,0.644531,OverRange,OverRange,OverRange,16.189698,20.696948,425.89232
2026/06/09 13:57:00.275,n,243.743,4.11006,4.78372,0.800274,OverRange,OverRange,OverRange,16.30092,20.67896,342.60524
2026/06/09 13:58:00.261,n,235.51982,5.478325,4.588731,0.437107,OverRange,OverRange,OverRange,16.052622,20.653634,319.94852
2026/06/09 13:59:00.263,n,235.0011,3.982703,4.634038,0.630513,OverRange,OverRange,OverRange,15.934266,20.628234,312.33224
2026/06/09 14:00:00.267,n,237.62832,5.400687,4.465762,0.719751,OverRange,OverRange,OverRange,15.844482,20.600688,309.01288
2026/06/09 14:01:00.267,n,260.6871,5.995095,4.717644,0.677351,OverRange,OverRange,OverRange,15.797578,20.575326,337.63704
2026/06/09 14:02:00.270,n,348.939,5.756516,5.093062,0.726831,OverRange,OverRange,OverRange,15.66031,20.543568,473.05196
2026/06/09 14:03:00.272,n,301.202,5.188166,5.094262,0.650962,OverRange,OverRange,OverRange,15.64024,20.544156,376.7324
2026/06/09 14:04:00.274,n,334.25448,5.111969,4.654657,0.726884,OverRange,OverRange,OverRange,15.771496,20.511384,421.66796
2026/06/09 14:05:00.276,n,344.67032,3.904607,4.298229,0.582341,OverRange,OverRange,OverRange,15.863058,20.4902,443.97252
2026/06/09 14:06:00.278,n,408.50468,4.2255,4.715179,0.619579,OverRange,OverRange,OverRange,15.830456,20.470062,548.09908
2026/06/09 14:07:00.264,n,403.6676,5.666474,4.859167,0.736587,OverRange,OverRange,OverRange,15.874354,20.462686,545.7204
2026/06/09 14:08:00.268,n,542.51616,6.044991,4.785972,0.884422,OverRange,OverRange,OverRange,15.965384,20.447836,780.8688
2026/06/09 14:09:00.268,n,346.45552,5.474699,4.841549,0.633075,OverRange,OverRange,OverRange,15.800848,20.438304,456.71032
2026/06/09 14:10:00.271,n,333.38154,4.691893,4.771258,0.645064,OverRange,OverRange,OverRange,15.871838,20.435106,425.10436
2026/06/09 14:11:00.273,n,302.10868,5.977364,5.293912,0.654469,OverRange,OverRange,OverRange,15.972656,20.433018,377.9142
2026/06/09 14:12:00.274,n,263.30172,5.299126,4.956828,0.55398,OverRange,OverRange,OverRange,15.958858,20.427728,320.54932
2026/06/09 14:13:00.276,n,228.94952,4.179841,5.202553,0.554374,OverRange,OverRange,OverRange,15.624654,20.410788,276.28318
2026/06/09 14:14:00.277,n,209.04992,4.253058,4.300365,0.240426,OverRange,OverRange,OverRange,15.468242,20.397016,252.94816
2026/06/09 14:15:00.283,n,197.25572,4.494946,4.893171,0.829701,OverRange,OverRange,OverRange,15.477534,20.373714,243.3903
2026/06/09 14:16:00.265,n,166.70634,4.356982,5.192827,0.722698,OverRange,OverRange,OverRange,15.422516,20.335592,214.16408
2026/06/09 14:17:00.268,n,142.45696,3.997938,4.944369,0.720709,OverRange,OverRange,OverRange,15.360484,20.299556,181.63224
2026/06/09 14:18:00.270,n,133.46176,4.157375,4.973351,0.835852,OverRange,OverRange,OverRange,15.295156,20.257162,162.21304
2026/06/09 14:19:00.273,n,153.86458,4.205946,4.910546,0.757388,OverRange,OverRange,OverRange,15.384354,20.203148,176.73604
2026/06/09 14:20:00.272,n,194.38484,5.463076,4.409277,0.585342,OverRange,OverRange,OverRange,15.349178,20.157554,210.61262
2026/06/09 14:21:00.275,n,227.22618,5.475063,4.941923,1.017731,OverRange,OverRange,OverRange,15.104848,20.118292,242.6364
2026/06/09 14:22:00.277,n,250.0413,3.86612,4.483378,0.828528,OverRange,OverRange,OverRange,14.876694,20.087158,269.89782
2026/06/09 14:23:00.279,n,260.48706,5.497404,5.687248,0.279716,OverRange,OverRange,OverRange,14.885442,20.035172,288.12734
2026/06/09 14:24:00.281,n,288.1798,5.526953,5.171704,0.848063,OverRange,OverRange,OverRange,14.819276,19.989548,335.39514
2026/06/09 14:25:00.266,n,284.72364,6.076648,4.899636,0.802021,OverRange,OverRange,OverRange,14.771684,19.937526,342.8556
2026/06/09 14:26:00.269,n,293.59588,5.508176,5.076387,0.529495,OverRange,OverRange,OverRange,14.846192,19.894026,379.51672
2026/06/09 14:27:00.270,n,334.05332,6.038656,5.022117,1.03277,OverRange,OverRange,OverRange,14.801144,19.856856,461.33004
2026/06/09 14:28:00.273,n,317.29862,4.348741,4.863018,0.774153,OverRange,OverRange,OverRange,14.690602,19.815444,424.93932
2026/06/09 14:29:00.277,n,321.88754,5.916521,5.504935,0.584527,OverRange,OverRange,OverRange,14.820262,19.783594,444.11612
2026/06/09 14:30:00.278,n,267.03904,3.851987,4.708332,0.816634,OverRange,OverRange,OverRange,14.925482,19.759154,345.72864
2026/06/09 14:31:00.279,n,267.2194,4.423657,5.146038,0.727664,OverRange,OverRange,OverRange,14.986116,19.735786,343.21216
2026/06/09 14:32:00.281,n,279.40554,5.013637,5.106829,0.558681,OverRange,OverRange,OverRange,14.98963,19.70818,364.6498
2026/06/09 14:33:00.285,n,404.69132,4.698799,4.991466,0.821968,OverRange,OverRange,OverRange,14.881932,19.692256,591.96636
2026/06/09 14:34:00.271,n,280.21664,4.38151,4.889551,0.792694,OverRange,OverRange,OverRange,14.913402,19.665692,405.05476
2026/06/09 14:35:00.271,n,232.59828,4.224888,4.672278,0.700213,OverRange,OverRange,OverRange,14.94838,19.65078,309.18906
2026/06/09 14:36:00.276,n,227.70386,5.583433,4.750933,0.694008,OverRange,OverRange,OverRange,14.94662,19.633812,304.13412
2026/06/09 14:37:00.261,n,228.8823,3.546943,4.650007,0.921108,OverRange,OverRange,OverRange,14.816,19.617854,304.577
2026/06/09 14:38:00.264,n,313.12958,5.609136,5.146258,0.350828,OverRange,OverRange,OverRange,14.773962,19.594458,422.04576
2026/06/09 14:39:00.263,n,304.48816,4.197044,4.734844,0.529616,OverRange,OverRange,OverRange,14.871872,19.571126,430.2632
2026/06/09 14:40:00.265,n,240.4413,5.365681,4.876658,0.483968,OverRange,OverRange,OverRange,15.006236,19.562546,290.93722
2026/06/09 14:41:00.267,n,249.2801,4.95297,4.606409,0.466515,OverRange,OverRange,OverRange,14.969006,19.577946,298.62986
2026/06/09 14:42:00.269,n,252.3076,5.712339,5.282797,0.813144,OverRange,OverRange,OverRange,15.004384,19.55987,302.48414
2026/06/09 14:43:00.271,n,254.4492,5.309159,5.467093,0.275101,OverRange,OverRange,OverRange,15.051942,19.544988,307.99354
2026/06/09 14:44:00.261,n,258.0994,4.054615,4.937547,0.826891,OverRange,OverRange,OverRange,15.03332,19.536438,320.45736
2026/06/09 14:45:00.259,n,248.13192,5.913664,5.171553,0.546141,OverRange,OverRange,OverRange,14.971172,19.52688,303.027
2026/06/09 14:46:00.261,n,248.64192,5.00139,4.727568,0.546669,OverRange,OverRange,OverRange,14.826742,19.51412,307.81626
2026/06/09 14:47:00.263,n,233.82006,5.185835,5.244472,0.532905,OverRange,OverRange,OverRange,14.75674,19.49712,283.76438
2026/06/09 14:48:00.265,n,222.67598,4.086215,4.740608,0.781664,OverRange,OverRange,OverRange,14.694546,19.472618,274.47192
2026/06/09 14:49:00.269,n,199.93772,4.266361,4.752739,0.562603,OverRange,OverRange,OverRange,14.589016,19.450326,248.0959
2026/06/09 14:50:00.271,n,186.16178,5.264532,4.437805,0.462019,OverRange,OverRange,OverRange,14.590744,19.429054,231.0158
2026/06/09 14:51:00.274,n,179.12292,5.220589,4.819385,0.824609,OverRange,OverRange,OverRange,14.548448,19.400338,220.66912
2026/06/09 14:52:00.262,n,183.43884,4.283579,4.633763,0.966122,OverRange,OverRange,OverRange,14.35113,19.359878,223.56384
2026/06/09 14:53:00.260,n,192.30048,5.249806,4.722815,0.681911,OverRange,OverRange,OverRange,14.336514,19.329046,234.52724
2026/06/09 14:54:00.263,n,212.2324,5.312948,5.025358,0.58551,OverRange,OverRange,OverRange,14.362988,19.28963,266.71592
2026/06/09 14:55:00.267,n,426.32956,4.226484,4.610911,0.633498,OverRange,OverRange,OverRange,14.324632,19.251294,661.75276
2026/06/09 14:56:00.266,n,452.52628,5.284113,4.600905,0.425706,OverRange,OverRange,OverRange,14.473114,19.220426,726.00192
2026/06/09 14:57:00.268,n,319.62588,4.430049,4.700631,0.729537,OverRange,OverRange,OverRange,14.68271,19.211912,450.45564
2026/06/09 14:58:00.270,n,225.31322,5.02296,4.912457,0.633786,OverRange,OverRange,OverRange,14.852386,19.203396,262.85388
2026/06/09 14:59:00.272,n,231.06148,4.363256,5.176969,0.706455,OverRange,OverRange,OverRange,14.927898,19.194878,263.75204
2026/06/09 15:00:00.274,n,240.28234,5.356516,4.780032,0.735276,OverRange,OverRange,OverRange,14.8655,19.20023,281.04312
2026/06/09 15:01:00.261,n,242.14436,4.521915,4.52473,0.516364,OverRange,OverRange,OverRange,14.88412,19.192726,289.2714
2026/06/09 15:02:00.261,n,244.10918,5.370369,4.869198,0.623338,OverRange,OverRange,OverRange,14.852922,19.189592,298.85476
2026/06/09 15:03:00.267,n,252.54008,3.961411,4.391839,0.781098,OverRange,OverRange,OverRange,14.778646,19.208846,321.6488
2026/06/09 15:04:00.267,n,270.6766,4.417187,4.849519,0.543632,OverRange,OverRange,OverRange,14.762712,19.19824,366.46572
2026/06/09 15:05:00.268,n,338.24644,5.320723,4.850989,0.47244,OverRange,OverRange,OverRange,14.692434,19.193966,490.58084
2026/06/09 15:06:00.270,n,530.47868,3.890183,4.737219,0.94084,OverRange,OverRange,OverRange,14.787602,19.189724,864.3696
2026/06/09 15:07:00.276,n,538.88532,5.720965,5.237458,0.291255,OverRange,OverRange,OverRange,14.860382,19.202482,901.67744
2026/06/09 15:08:00.277,n,523.46968,4.377451,4.47877,0.795646,OverRange,OverRange,OverRange,14.920034,19.220622,880.78616
2026/06/09 15:09:00.276,n,419.84056,4.153881,4.334351,0.283971,OverRange,OverRange,OverRange,15.205308,19.249334,690.39776
2026/06/09 15:10:00.265,n,238.79228,4.593768,5.084892,0.250433,OverRange,OverRange,OverRange,15.493104,19.291916,346.6292
2026/06/09 15:11:00.264,n,246.22178,3.64105,4.670181,0.842818,OverRange,OverRange,OverRange,15.47227,19.329178,343.90772
2026/06/09 15:12:00.267,n,233.33152,4.321299,4.394445,0.517412,OverRange,OverRange,OverRange,15.582026,19.365362,314.55648
2026/06/09 15:13:00.267,n,243.16862,5.709635,4.805973,0.558392,OverRange,OverRange,OverRange,15.392354,19.387712,326.68392
2026/06/09 15:14:00.272,n,239.01806,4.185257,5.182861,0.647722,OverRange,OverRange,OverRange,15.350886,19.408988,318.12366
2026/06/09 15:15:00.273,n,223.19648,4.352449,4.722172,0.577811,OverRange,OverRange,OverRange,15.540828,19.42181,286.61454
2026/06/09 15:16:00.274,n,219.0565,3.706627,4.311447,0.721905,OverRange,OverRange,OverRange,15.562698,19.43134,279.97726
2026/06/09 15:17:00.278,n,210.42786,5.341238,4.704926,0.679476,OverRange,OverRange,OverRange,15.621964,19.43346,263.19834
2026/06/09 15:18:00.278,n,204.47072,5.021305,4.750009,0.525085,OverRange,OverRange,OverRange,15.36318,19.44292,248.95008
2026/06/09 15:19:00.266,n,207.46924,3.957197,4.809648,0.782052,OverRange,OverRange,OverRange,15.266658,19.429086,251.50332
2026/06/09 15:20:00.265,n,212.45886,4.35293,4.336674,0.488847,OverRange,OverRange,OverRange,15.182674,19.425888,260.92988
2026/06/09 15:21:00.269,n,212.7972,5.572282,5.068228,0.520561,OverRange,OverRange,OverRange,14.976152,19.400338,267.83396
2026/06/09 15:22:00.272,n,211.11492,5.61947,4.753107,0.783051,OverRange,OverRange,OverRange,14.905438,19.384418,275.6999
2026/06/09 15:23:00.272,n,200.00134,4.445975,4.439422,0.499253,OverRange,OverRange,OverRange,14.841,19.354594,262.6643
2026/06/09 15:24:00.275,n,200.34802,5.251965,4.396518,0.683607,OverRange,OverRange,OverRange,14.809016,19.32585,269.16278
2026/06/09 15:25:00.276,n,214.76032,4.481106,4.828707,0.544694,OverRange,OverRange,OverRange,14.83571,19.291816,299.2183
2026/06/09 15:26:00.279,n,208.2878,4.709883,4.564914,0.642397,OverRange,OverRange,OverRange,14.81833,19.264116,284.98574
2026/06/09 15:27:00.281,n,317.97192,5.1744,5.05778,0.403189,OverRange,OverRange,OverRange,14.800716,19.241764,498.25356
2026/06/09 15:28:00.268,n,302.18308,4.199706,4.730288,0.571649,OverRange,OverRange,OverRange,14.841248,19.215144,477.65968
2026/06/09 15:29:00.269,n,199.85844,5.203821,4.720222,0.674108,OverRange,OverRange,OverRange,14.842006,19.203458,287.5362
2026/06/09 15:30:00.273,n,173.54876,5.188432,5.18822,0.048349,OverRange,OverRange,OverRange,14.702972,19.186396,242.2649
2026/06/09 15:31:00.272,n,169.31254,4.647579,4.840211,0.58599,OverRange,OverRange,OverRange,14.507218,19.169364,233.88664
2026/06/09 15:32:00.276,n,168.14292,5.132611,4.488876,0.328081,OverRange,OverRange,OverRange,14.37289,19.149104,230.26434
2026/06/09 15:33:00.277,n,169.15574,4.57862,4.993028,0.774803,OverRange,OverRange,OverRange,14.514308,19.127766,228.10308
2026/06/09 15:34:00.279,n,174.6873,4.411836,5.008172,0.594351,OverRange,OverRange,OverRange,14.54152,19.0969,233.61786
2026/06/09 15:35:00.281,n,183.57368,3.631618,4.756464,0.676318,OverRange,OverRange,OverRange,14.506474,19.067082,246.6595
2026/06/09 15:36:00.284,n,223.25372,3.803292,4.595756,0.653907,OverRange,OverRange,OverRange,14.450268,19.039382,318.31186
2026/06/09 15:37:00.270,n,299.83438,5.630983,4.60262,0.693738,OverRange,OverRange,OverRange,14.511532,19.018044,457.613
2026/06/09 15:38:00.274,n,439.01172,6.053695,5.325045,0.674172,OverRange,OverRange,OverRange,14.589138,18.992496,734.3064
2026/06/09 15:39:00.275,n,438.70508,5.124125,5.025998,0.82821,OverRange,OverRange,OverRange,14.79366,18.984992,747.68424
2026/06/09 15:40:00.278,n,422.37428,4.115508,5.048567,0.589308,OverRange,OverRange,OverRange,15.01792,19.001012,725.50568
2026/06/09 15:41:00.279,n,321.49136,6.046945,5.17337,0.780648,OverRange,OverRange,OverRange,15.167084,19.030832,533.2818
2026/06/09 15:42:00.263,n,371.70692,5.232653,5.199924,0.434975,OverRange,OverRange,OverRange,15.067464,19.075594,654.01496
2026/06/09 15:43:00.265,n,336.11984,4.185797,4.952878,0.734979,OverRange,OverRange,OverRange,15.117284,19.127766,598.96596
2026/06/09 15:44:00.519,n,339.97284,3.73064,4.353188,0.691714,OverRange,OverRange,OverRange,15.394848,19.175758,606.8852
2026/06/09 15:45:00.268,n,371.04004,3.854957,4.330158,0.57337,OverRange,OverRange,OverRange,15.542064,19.227932,669.584
2026/06/09 15:46:00.273,n,359.44688,3.779499,4.747538,0.746233,OverRange,OverRange,OverRange,15.556386,19.281148,655.2168
2026/06/09 15:47:00.256,n,347.21776,3.924152,4.784104,0.99513,OverRange,OverRange,OverRange,15.64478,19.345032,631.87408
2026/06/09 15:48:00.259,n,356.1198,5.308813,4.717236,0.692734,OverRange,OverRange,OverRange,15.844086,19.39825,657.33172
2026/06/09 15:49:00.262,n,350.54124,5.444757,5.180084,0.461758,OverRange,OverRange,OverRange,15.96223,19.45891,651.65564
2026/06/09 15:50:00.263,n,340.0732,5.209455,4.925715,0.644728,OverRange,OverRange,OverRange,16.172584,19.519504,635.10736
2026/06/09 15:51:00.265,n,327.49392,5.397841,4.901699,0.636798,OverRange,OverRange,OverRange,16.352016,19.576902,618.67476
2026/06/09 15:52:00.272,n,307.26944,4.221853,4.775276,0.764532,OverRange,OverRange,OverRange,16.457658,19.648134,592.66888
2026/06/09 15:53:00.268,n,234.8538,4.39811,4.260334,0.593774,OverRange,OverRange,OverRange,16.476496,19.708668,459.07348
2026/06/09 15:54:00.271,n,153.6335,5.753216,4.476928,0.857395,OverRange,OverRange,OverRange,16.340988,19.779122,289.02784
2026/06/09 15:55:00.257,n,245.46388,5.999574,5.182656,0.965737,OverRange,OverRange,OverRange,16.22875,19.8237,492.58556
2026/06/09 15:56:00.260,n,111.06606,5.353078,5.204008,0.382154,OverRange,OverRange,OverRange,16.359262,19.871508,208.15742
2026/06/09 15:57:00.261,n,120.00068,5.356511,4.868079,0.816767,OverRange,OverRange,OverRange,16.247528,19.902314,229.48682
2026/06/09 15:58:00.262,n,253.1685,3.889353,4.176201,0.317201,OverRange,OverRange,OverRange,16.000116,19.926726,515.88616
2026/06/09 15:59:00.264,n,229.57872,5.944842,5.331651,0.585458,OverRange,OverRange,OverRange,15.918112,19.91576,475.56824
2026/06/09 16:00:00.271,n,171.30812,3.834623,3.988763,0.247034,OverRange,OverRange,OverRange,15.986558,19.928518,349.52316
2026/06/09 16:01:00.268,n,241.48876,5.232205,4.826708,0.580984,OverRange,OverRange,OverRange,15.968526,19.936972,496.49248
2026/06/09 16:02:00.270,n,242.24624,5.449467,4.931366,0.684413,OverRange,OverRange,OverRange,16.07334,19.952928,500.91996
2026/06/09 16:03:00.272,n,239.27312,4.324199,4.685398,0.624015,OverRange,OverRange,OverRange,15.882732,19.966732,495.1704
2026/06/09 16:04:00.257,n,237.67694,4.252213,4.362144,0.537525,OverRange,OverRange,OverRange,15.588806,19.983704,488.79448
2026/06/09 16:05:00.259,n,240.2028,5.405251,4.698579,0.73588,OverRange,OverRange,OverRange,15.438874,19.990036,490.96192
2026/06/09 16:06:00.265,n,202.61266,5.179047,5.019189,0.661366,OverRange,OverRange,OverRange,15.65562,20.00384,400.20228
2026/06/09 16:07:00.265,n,241.84838,5.112363,4.50543,0.61832,OverRange,OverRange,OverRange,15.478302,20.019766,485.30808
2026/06/09 16:08:00.267,n,248.27742,3.645443,4.394683,0.745391,OverRange,OverRange,OverRange,15.297914,20.031448,497.7256
2026/06/09 16:09:00.267,n,244.8423,5.23834,4.899925,0.595905,OverRange,OverRange,OverRange,15.511978,20.045124,484.65184
2026/06/09 16:10:00.271,n,248.65142,6.0526,5.471551,0.881702,OverRange,OverRange,OverRange,15.660976,20.05893,482.7108
2026/06/09 16:11:00.271,n,184.14514,3.871831,5.017355,0.778115,OverRange,OverRange,OverRange,15.754852,20.076976,336.71288
2026/06/09 16:12:00.273,n,146.54384,5.407865,4.96938,0.746245,OverRange,OverRange,OverRange,15.618786,20.090718,238.52916
2026/06/09 16:13:00.258,n,128.93248,4.244123,4.516146,0.503225,OverRange,OverRange,OverRange,15.35226,20.103476,210.79516
2026/06/09 16:14:00.322,n,129.85368,3.734359,4.210239,0.324285,OverRange,OverRange,OverRange,15.172256,20.10772,228.16518
2026/06/09 16:15:00.316,n,90.590504,5.417227,4.442379,0.632745,OverRange,OverRange,OverRange,15.071416,20.092868,140.40538
2026/06/09 16:16:00.266,n,99.16012,4.486931,5.059172,0.751104,OverRange,OverRange,OverRange,14.82478,20.0727,156.86224
2026/06/09 16:17:00.268,n,89.501352,3.642865,4.559489,0.636994,OverRange,OverRange,OverRange,14.641724,20.037716,130.26076
2026/06/09 16:18:00.268,n,87.585696,5.44436,4.926389,0.968895,OverRange,OverRange,OverRange,14.52004,19.999466,119.80352
2026/06/09 16:19:00.270,n,94.785824,5.412351,5.086905,0.875786,OverRange,OverRange,OverRange,14.528118,19.947512,126.45506
2026/06/09 16:20:00.274,n,102.43102,3.993463,4.783398,0.923051,OverRange,OverRange,OverRange,14.363998,19.899736,133.69824
2026/06/09 16:21:00.276,n,105.07812,3.610286,4.474787,0.831985,OverRange,OverRange,OverRange,14.224808,19.840276,135.37932
2026/06/09 16:22:00.261,n,109.04776,5.276562,4.835636,0.739281,OverRange,OverRange,OverRange,14.14533,19.775466,141.05538
2026/06/09 16:23:00.264,n,113.86624,6.064921,5.33045,0.405983,OverRange,OverRange,OverRange,14.056768,19.711736,149.60302
2026/06/09 16:24:00.264,n,135.81186,4.410686,4.748797,0.614733,OverRange,OverRange,OverRange,13.81335,19.649082,208.21594
2026/06/09 16:25:00.268,n,122.5254,4.70616,4.557722,0.483434,OverRange,OverRange,OverRange,13.729996,19.58529,177.59606
2026/06/09 16:26:00.270,n,118.32302,4.515135,4.587353,0.653296,OverRange,OverRange,OverRange,13.683758,19.52577,151.62038
2026/06/09 16:27:00.271,n,113.60502,4.1641,4.530501,0.507229,OverRange,OverRange,OverRange,13.610454,19.455582,142.18852
2026/06/09 16:28:00.273,n,109.96306,5.430414,4.699496,0.472004,OverRange,OverRange,OverRange,13.445114,19.392804,138.69136
2026/06/09 16:29:00.276,n,107.2563,5.839051,4.934988,0.718359,OverRange,OverRange,OverRange,13.37758,19.326858,139.74046
2026/06/09 16:30:00.278,n,103.66528,4.339391,4.281169,0.200448,OverRange,OverRange,OverRange,13.30473,19.26085,138.10144
2026/06/09 16:31:00.263,n,125.54778,4.622988,4.192852,0.347215,OverRange,OverRange,OverRange,13.318646,19.196968,200.53202
2026/06/09 16:32:00.265,n,203.91762,5.18375,4.395014,0.679425,OverRange,OverRange,OverRange,13.32395,19.127732,411.3232
2026/06/09 16:33:00.269,n,145.02258,4.527609,4.81453,0.738101,OverRange,OverRange,OverRange,13.399338,19.094878,271.18302
2026/06/09 16:34:00.270,n,122.7779,5.43196,4.706304,0.577023,OverRange,OverRange,OverRange,13.397172,19.047994,208.1285
2026/06/09 16:35:00.272,n,158.5541,5.268394,4.766395,0.625481,OverRange,OverRange,OverRange,13.413106,19.009658,303.72828
2026/06/09 16:36:00.274,n,87.403896,5.457839,5.143129,0.912236,OverRange,OverRange,OverRange,13.437898,18.97661,123.32384
2026/06/09 16:37:00.276,n,78.779504,4.158029,5.272557,0.618659,OverRange,OverRange,OverRange,13.357956,18.941408,108.02874
2026/06/09 16:38:00.279,n,71.455568,5.440742,4.625649,0.401661,OverRange,OverRange,OverRange,13.328868,18.904116,98.816264
2026/06/09 16:39:00.280,n,62.361464,5.559401,5.020246,0.819166,OverRange,OverRange,OverRange,13.176768,18.854036,84.377632
2026/06/09 16:40:00.266,n,57.65102,4.828884,4.387856,0.248574,OverRange,OverRange,OverRange,13.105114,18.79535,79.172208
2026/06/09 16:41:00.268,n,56.5357,3.494075,4.113207,0.620136,OverRange,OverRange,OverRange,13.014726,18.778448,81.694936
2026/06/09 16:42:00.270,n,58.932104,5.395362,5.026042,0.75138,OverRange,OverRange,OverRange,12.949966,18.705894,89.70284
2026/06/09 16:43:00.271,n,65.143668,4.382933,4.905809,0.49887,OverRange,OverRange,OverRange,12.78917,18.636506,105.84782
2026/06/09 16:44:00.274,n,84.448984,4.52652,5.023185,0.65243,OverRange,OverRange,OverRange,12.681966,18.554266,161.49044
2026/06/09 16:45:00.276,n,60.20152,4.766871,5.257972,0.79946,OverRange,OverRange,OverRange,12.575084,18.485926,95.217632
2026/06/09 16:46:00.278,n,55.00392,5.430722,4.694644,0.59088,OverRange,OverRange,OverRange,12.482808,18.410408,89.335184
2026/06/09 16:47:00.280,n,50.557264,4.491563,4.771387,0.787425,OverRange,OverRange,OverRange,12.46993,18.328662,85.261136
2026/06/09 16:48:00.282,n,45.767656,4.277704,4.667433,1.098853,OverRange,OverRange,OverRange,12.430084,18.246856,81.18232
2026/06/09 16:49:00.268,n,42.724104,5.338653,4.984972,0.727001,OverRange,OverRange,OverRange,12.40889,18.166124,81.648856
2026/06/09 16:50:00.270,n,54.619016,4.185872,4.660436,0.726306,OverRange,OverRange,OverRange,12.338756,18.082104,118.05562
2026/06/09 16:51:00.271,n,59.25594,4.717876,5.163977,0.614107,OverRange,OverRange,OverRange,12.26531,18.033928,136.86938
2026/06/09 16:52:00.273,n,90.372648,4.382499,4.479673,0.485764,OverRange,OverRange,OverRange,12.289562,17.95839,241.71204
2026/06/09 16:53:00.276,n,99.748496,3.675733,4.637785,0.984905,OverRange,OverRange,OverRange,12.411438,17.884974,279.7377
2026/06/09 16:54:00.279,n,82.478032,6.00188,5.293605,0.713724,OverRange,OverRange,OverRange,12.407918,17.837094,232.90234
2026/06/09 16:55:00.266,n,60.058336,4.803119,4.789856,0.90279,OverRange,OverRange,OverRange,12.378384,17.808358,159.16344
2026/06/09 16:56:00.282,n,73.686976,3.691251,4.159858,0.728261,OverRange,OverRange,OverRange,12.316052,17.787032,204.89692
2026/06/09 16:57:00.286,n,73.208672,5.469346,4.645084,0.71571,OverRange,OverRange,OverRange,12.413112,17.746556,205.4027
2026/06/09 16:58:00.269,n,63.3549,5.86509,5.492677,0.200281,OverRange,OverRange,OverRange,12.34021,17.714626,176.94312
2026/06/09 16:59:00.271,n,50.578176,4.371496,5.203001,0.720116,OverRange,OverRange,OverRange,12.239238,17.684786,136.20816
2026/06/09 17:00:00.275,n,59.021532,5.492646,5.033883,0.51171,OverRange,OverRange,OverRange,12.20639,17.657064,168.40202
2026/06/09 17:01:00.275,n,60.448496,4.67976,4.971384,0.5762,OverRange,OverRange,OverRange,12.190746,17.623016,176.80078
2026/06/09 17:02:00.279,n,62.214052,4.822428,4.53465,0.488016,OverRange,OverRange,OverRange,12.13318,17.58786,186.242
2026/06/09 17:03:00.278,n,63.898896,5.733977,5.376772,0.819224,OverRange,OverRange,OverRange,12.145814,17.552706,195.05244
2026/06/09 17:04:00.265,n,64.529112,5.349327,4.883282,0.621735,OverRange,OverRange,OverRange,12.214234,17.519636,199.81096
2026/06/09 17:05:00.269,n,65.9349,4.252837,5.511464,0.688589,OverRange,OverRange,OverRange,12.237204,17.497296,207.5146
2026/06/09 17:06:00.271,n,64.825484,4.838802,4.925312,0.374805,OverRange,OverRange,OverRange,12.325558,17.466348,204.50232
2026/06/09 17:07:00.271,n,61.724712,4.498619,4.746426,0.864069,OverRange,OverRange,OverRange,12.256872,17.441826,190.78364
2026/06/09 17:08:00.256,n,60.776692,4.032243,4.717591,0.729062,OverRange,OverRange,OverRange,12.290222,17.421574,190.99354
2026/06/09 17:09:00.258,n,56.022496,3.986673,4.890852,0.640444,OverRange,OverRange,OverRange,12.226858,17.402366,172.07086
2026/06/09 17:10:00.260,n,56.846572,5.494555,4.645013,0.805607,OverRange,OverRange,OverRange,12.281648,17.376766,175.73486
2026/06/09 17:11:00.262,n,57.10202,3.780125,4.41784,0.884588,OverRange,OverRange,OverRange,12.374766,17.408074,177.19044
2026/06/09 17:12:00.266,n,54.40796,4.444902,4.874898,0.831945,OverRange,OverRange,OverRange,12.399456,17.386714,153.26734
2026/06/09 17:13:00.267,n,53.778392,4.505341,4.597102,0.451489,OverRange,OverRange,OverRange,12.432272,17.359028,112.97222
2026/06/09 17:14:00.273,n,53.470724,4.175879,5.176495,0.799992,OverRange,OverRange,OverRange,12.492558,17.339754,89.249944
2026/06/09 17:15:00.271,n,49.238844,5.960456,5.338639,0.775679,OverRange,OverRange,OverRange,12.436056,17.319472,94.436168
2026/06/09 17:16:00.256,n,47.83548,5.580096,4.88496,0.7797,OverRange,OverRange,OverRange,12.405258,17.292828,125.69168
2026/06/09 17:17:00.257,n,52.103548,4.674654,4.542875,0.687412,OverRange,OverRange,OverRange,12.304566,17.273622,157.54548
2026/06/09 17:18:00.259,n,49.74768,4.192686,4.073409,0.42448,OverRange,OverRange,OverRange,12.286388,17.244794,141.53412
2026/06/09 17:19:00.263,n,44.158888,5.424761,4.850487,0.753927,OverRange,OverRange,OverRange,12.302052,17.221348,97.969432
2026/06/09 17:20:00.267,n,39.237136,5.947789,5.204262,0.725379,OverRange,OverRange,OverRange,12.328808,17.196794,60.251788
2026/06/09 17:21:00.266,n,34.616888,5.923508,5.077842,0.730109,OverRange,OverRange,OverRange,12.238678,17.171196,37.222776
2026/06/09 17:22:00.268,n,32.095006,4.374347,4.25543,0.327511,OverRange,OverRange,OverRange,12.200322,17.155154,32.109082
2026/06/09 17:23:00.272,n,26.331726,5.286422,5.316359,0.707441,OverRange,OverRange,OverRange,12.153088,17.116708,30.262454
2026/06/09 17:24:00.276,n,22.680276,5.723497,5.349716,0.569571,OverRange,OverRange,OverRange,12.04118,17.08146,40.223636
2026/06/09 17:25:00.275,n,20.912676,5.60776,5.651502,0.254159,OverRange,OverRange,OverRange,11.982316,17.046212,57.804932
2026/06/09 17:26:00.259,n,18.55194,5.332292,5.007066,0.591476,OverRange,OverRange,OverRange,11.935562,17.005616,74.229504
2026/06/09 17:27:00.261,n,17.398382,5.43101,4.746246,0.69198,OverRange,OverRange,OverRange,11.815262,16.968182,83.49096
2026/06/09 17:28:00.264,n,14.379974,3.801938,4.514023,0.703638,OverRange,OverRange,OverRange,11.76241,16.924392,70.931128
2026/06/09 17:29:00.266,n,12.596592,4.281884,5.09954,0.833244,OverRange,OverRange,OverRange,11.730058,16.88057,66.65342
2026/06/09 17:30:00.271,n,11.441242,4.251527,4.605689,0.623941,OverRange,OverRange,OverRange,11.638484,16.840986,63.990184
2026/06/09 17:31:00.270,n,8.306977,5.516361,5.306634,0.987424,OverRange,OverRange,OverRange,11.55628,16.793938,46.26742
2026/06/09 17:32:00.275,n,6.654972,4.395154,4.863373,0.554016,OverRange,OverRange,OverRange,11.455044,16.74477,39.573396
2026/06/09 17:33:00.274,n,5.213255,5.370839,5.389175,0.583513,OverRange,OverRange,OverRange,11.340608,16.691268,32.356002
2026/06/09 17:34:00.262,n,4.507727,5.481011,5.359186,0.571312,OverRange,OverRange,OverRange,11.190908,16.666326,32.342694
2026/06/09 17:35:00.264,n,4.417275,4.058641,4.699958,0.535367,OverRange,OverRange,OverRange,11.127548,16.594632,32.043808
2026/06/09 17:36:00.264,n,2.679695,5.422077,5.322564,0.631059,OverRange,OverRange,OverRange,11.083436,16.52724,18.111654
2026/06/09 17:37:00.265,n,1.189863,5.517109,4.842028,0.700627,OverRange,OverRange,OverRange,11.01298,16.456526,7.844851
2026/06/09 17:38:00.267,n,0.38888,3.810222,4.08414,0.724749,OverRange,OverRange,OverRange,10.89355,16.376196,5.21753
2026/06/09 17:39:00.271,n,-0.218881,6.246742,4.46156,0.903877,OverRange,OverRange,OverRange,10.750214,16.298998,4.122847
2026/06/09 17:40:00.272,n,-0.76878,4.223168,4.577339,0.733653,OverRange,OverRange,OverRange,10.6335,16.219682,2.966733
2026/06/09 17:41:00.275,n,-1.312776,5.427194,4.992714,0.762271,OverRange,OverRange,OverRange,10.510864,16.129642,2.100629
2026/06/09 17:42:00.276,n,-1.959156,4.340302,5.269133,0.593537,OverRange,OverRange,OverRange,10.41333,16.033088,1.012858
2026/06/09 17:43:00.262,n,-2.868682,4.288337,4.855294,0.572502,OverRange,OverRange,OverRange,10.364574,15.971038,-0.099059
2026/06/09 17:44:00.264,n,-3.234853,3.773729,4.455227,0.789389,OverRange,OverRange,OverRange,10.330008,15.875464,-0.845798
2026/06/09 17:45:00.265,n,-3.615394,3.889547,4.471821,0.699756,OverRange,OverRange,OverRange,10.298508,15.788466,-1.641511
2026/06/09 17:46:00.267,n,-3.943202,4.095176,5.031649,0.721285,OverRange,OverRange,OverRange,10.202408,15.686378,-2.252503
2026/06/09 17:47:00.269,n,-4.250484,4.332487,4.892227,0.725793,OverRange,OverRange,OverRange,10.088262,15.60002,-2.66896
2026/06/09 17:48:00.275,n,-4.511063,4.018892,4.842369,0.704149,OverRange,OverRange,OverRange,10.001022,15.512458,-3.069973
2026/06/09 17:49:00.276,n,-4.870819,4.002627,4.853426,1.033971,OverRange,OverRange,OverRange,9.958776,15.415186,-3.435834
2026/06/09 17:50:00.275,n,-5.195934,4.648753,5.130979,0.677765,OverRange,OverRange,OverRange,9.90508,15.324304,-3.805876
2026/06/09 17:51:00.278,n,-5.298574,4.054375,4.491637,0.669466,OverRange,OverRange,OverRange,9.854178,15.27452,-4.082319
2026/06/09 17:52:00.263,n,-5.084825,4.302462,4.113021,0.224458,OverRange,OverRange,OverRange,9.797766,15.18462,-3.992987
2026/06/09 17:53:00.266,n,-5.301526,4.216868,5.138079,0.942509,OverRange,OverRange,OverRange,9.686498,15.097964,-4.207145
2026/06/09 17:54:00.268,n,-5.521177,3.462855,5.193101,0.938852,OverRange,OverRange,OverRange,9.622066,15.006962,-4.394087
2026/06/09 17:55:00.270,n,-5.678987,6.23964,4.990242,1.038923,OverRange,OverRange,OverRange,9.556088,14.925556,-4.441014
2026/06/09 17:56:00.274,n,-5.834744,4.066436,4.980055,0.616445,OverRange,OverRange,OverRange,9.45751,14.833352,-4.676673
2026/06/09 17:57:00.275,n,-6.048365,3.427968,5.211382,0.910639,OverRange,OverRange,OverRange,9.389542,14.77727,-4.836481
2026/06/09 17:58:00.277,n,-5.793688,5.709795,5.029359,0.74856,OverRange,OverRange,OverRange,9.3867,14.683978,-4.719675
2026/06/09 17:59:00.278,n,-5.81999,3.814932,4.518655,0.804003,OverRange,OverRange,OverRange,9.332464,14.611036,-4.848341
2026/06/09 18:00:00.283,n,-5.925325,3.69654,4.89177,1.055252,OverRange,OverRange,OverRange,9.308132,14.52301,-4.916428
2026/06/09 18:01:00.270,n,-5.978056,5.7724,5.172189,0.990037,OverRange,OverRange,OverRange,9.28355,14.443604,-5.041169
2026/06/09 18:02:00.268,n,-5.755583,5.913409,4.936749,0.995263,OverRange,OverRange,OverRange,9.187958,14.357684,-5.047056
2026/06/09 18:03:00.271,n,-5.828585,4.008336,5.23558,0.970895,OverRange,OverRange,OverRange,9.123042,14.278186,-5.165824
2026/06/09 18:04:00.272,n,-5.866691,4.298614,4.93631,1.019889,OverRange,OverRange,OverRange,9.054058,14.20188,-5.177684
2026/06/09 18:05:00.274,n,-6.06004,4.017999,4.908722,0.98897,OverRange,OverRange,OverRange,9.000276,14.162166,-5.222393
2026/06/09 18:06:00.277,n,-5.817936,5.559795,5.128012,1.024117,OverRange,OverRange,OverRange,9.032624,14.083694,-5.063267
2026/06/09 18:07:00.344,n,-5.779959,5.782396,5.166058,0.924906,OverRange,OverRange,OverRange,9.016652,14.014872,-5.129648
2026/06/09 18:08:00.281,n,-5.935076,6.321928,4.996685,1.006082,OverRange,OverRange,OverRange,9.045818,13.951376,-5.240652
2026/06/09 18:09:00.283,n,-5.879393,5.840906,5.101094,0.77976,OverRange,OverRange,OverRange,8.982376,13.883596,-5.314797
2026/06/09 18:10:00.270,n,-6.028735,5.428212,4.994879,0.685914,OverRange,OverRange,OverRange,8.964854,13.817904,-5.410357
2026/06/09 18:11:00.337,n,-6.055165,5.632005,5.777883,0.311791,OverRange,OverRange,OverRange,9.00878,13.753288,-5.501737
2026/06/09 18:12:00.322,n,-6.116621,3.982097,4.767027,1.014206,OverRange,OverRange,OverRange,9.043544,13.715564,-5.673321
2026/06/09 18:13:00.275,n,-5.680013,4.208178,4.302481,0.132248,OverRange,OverRange,OverRange,9.055802,13.64227,-5.489963
2026/06/09 18:14:00.276,n,-5.682708,5.08197,4.699993,0.785685,OverRange,OverRange,OverRange,9.057078,13.58409,-5.404385
2026/06/09 18:15:00.278,n,-5.589176,4.528561,4.695707,0.954016,OverRange,OverRange,OverRange,9.027904,13.526986,-5.349694
2026/06/09 18:16:00.341,n,-5.674111,5.521979,4.920497,1.118217,OverRange,OverRange,OverRange,8.98728,13.469836,-5.176234
2026/06/09 18:17:00.315,n,-5.60098,4.999589,5.085911,0.767492,OverRange,OverRange,OverRange,8.966222,13.40511,-5.269747
2026/06/09 18:18:00.318,n,-5.726843,3.739611,4.603352,0.962891,OverRange,OverRange,OverRange,8.923584,13.35008,-5.338004
2026/06/09 18:19:00.271,n,-5.776624,5.943964,4.889071,0.966187,OverRange,OverRange,OverRange,8.87993,13.29399,-5.287408
2026/06/09 18:20:00.272,n,-5.873363,5.416616,5.008251,0.979373,OverRange,OverRange,OverRange,8.813156,13.264056,-5.375034
2026/06/09 18:21:00.465,n,-5.557871,5.534846,5.587812,0.271236,OverRange,OverRange,OverRange,8.892314,13.198228,-5.274183
2026/06/09 18:22:00.411,n,-5.836156,5.559879,5.085756,0.901352,OverRange,OverRange,OverRange,8.824774,13.13882,-5.278193
2026/06/09 18:23:00.430,n,-5.859378,5.605523,4.679432,0.832143,OverRange,OverRange,OverRange,8.832138,13.09024,-5.352167
2026/06/09 18:24:00.262,n,-5.903385,5.993675,4.661359,0.890128,OverRange,OverRange,OverRange,8.871746,13.03619,-5.521874
2026/06/09 18:25:00.268,n,-5.950343,6.258761,5.431163,0.992899,OverRange,OverRange,OverRange,8.806732,12.97245,-5.595933
2026/06/09 18:26:00.267,n,-5.947264,5.68816,5.806023,0.171083,OverRange,OverRange,OverRange,8.803722,12.920584,-5.646614
2026/06/09 18:27:00.269,n,-6.087882,5.745948,5.59207,0.963937,OverRange,OverRange,OverRange,8.834676,12.864746,-5.759666
2026/06/09 18:28:00.271,n,-6.070433,5.615869,5.763434,0.25053,OverRange,OverRange,OverRange,8.848644,12.807834,-5.847292
2026/06/09 18:29:00.273,n,-6.038358,5.985326,4.850428,0.963665,OverRange,OverRange,OverRange,8.83492,12.758396,-5.738165
2026/06/09 18:30:00.257,n,-6.052727,4.88778,4.400348,0.821428,OverRange,OverRange,OverRange,8.83189,12.70896,-5.820074
2026/06/09 18:31:00.259,n,-5.920962,3.997962,4.972222,0.88628,OverRange,OverRange,OverRange,8.837724,12.702822,-5.784921
2026/06/09 18:32:00.261,n,-5.365163,6.268561,4.512553,0.994775,OverRange,OverRange,OverRange,8.90653,12.651186,-5.374437
2026/06/09 18:33:00.263,n,-5.280612,5.623237,5.698273,0.195913,OverRange,OverRange,OverRange,8.903488,12.613508,-5.403702
2026/06/09 18:34:00.267,n,-5.353872,4.331045,4.170402,0.23879,OverRange,OverRange,OverRange,8.86842,12.570536,-5.399863
2026/06/09 18:35:00.269,n,-5.444453,5.818395,4.381029,0.735376,OverRange,OverRange,OverRange,8.870962,12.527534,-5.333567
2026/06/09 18:36:00.423,n,-5.447531,5.925469,5.093763,0.970896,OverRange,OverRange,OverRange,8.867926,12.488782,-5.401825
2026/06/09 18:37:00.272,n,-5.421231,5.787507,4.876715,0.872753,OverRange,OverRange,OverRange,8.871222,12.453256,-5.347219
2026/06/09 18:38:00.263,n,-5.44766,3.118455,4.568228,1.38405,OverRange,OverRange,OverRange,8.84962,12.414502,-5.429128
2026/06/09 18:39:00.260,n,-5.473834,3.903661,4.811469,1.227859,OverRange,OverRange,OverRange,8.835928,12.382232,-5.388088
2026/06/09 18:40:00.261,n,-5.629078,4.309755,4.796041,0.955314,OverRange,OverRange,OverRange,8.82983,12.342408,-5.47981
2026/06/09 18:41:00.264,n,-5.708239,5.114144,4.555457,1.031864,OverRange,OverRange,OverRange,8.831614,12.313278,-5.458479
2026/06/09 18:42:00.266,n,-5.743394,4.281528,4.962435,0.80439,OverRange,OverRange,OverRange,8.817372,12.274546,-5.600626
2026/06/09 18:43:00.268,n,-5.740443,4.244096,4.534432,0.716777,OverRange,OverRange,OverRange,8.816376,12.24869,-5.548153
2026/06/09 18:44:00.271,n,-5.886963,3.589034,3.94605,0.267046,OverRange,OverRange,OverRange,8.797558,12.217448,-5.645505
2026/06/09 18:45:00.271,n,-5.810752,4.288662,4.801762,0.988976,OverRange,OverRange,OverRange,8.797822,12.193742,-5.741066
2026/06/09 18:46:00.258,n,-5.928148,3.761533,4.150713,0.883689,OverRange,OverRange,OverRange,8.785884,12.170036,-5.581173
2026/06/09 18:47:00.260,n,-5.863483,3.805895,4.517737,0.871909,OverRange,OverRange,OverRange,8.759232,12.135554,-5.581258
2026/06/09 18:48:00.264,n,-5.866434,6.008101,5.553784,0.865438,OverRange,OverRange,OverRange,8.769914,12.109716,-5.704036
2026/06/09 18:49:00.266,n,-5.822556,4.424336,4.456784,0.704124,OverRange,OverRange,OverRange,8.732056,12.084906,-5.696272
2026/06/09 18:50:00.268,n,-5.936744,4.273541,4.135556,0.214367,OverRange,OverRange,OverRange,8.734314,12.094364,-5.633731
2026/06/09 18:51:00.267,n,-5.474346,3.788962,4.860913,1.202625,OverRange,OverRange,OverRange,8.739914,12.062064,-5.373072
2026/06/09 18:52:00.270,n,-5.448174,4.137714,4.710959,0.76113,OverRange,OverRange,OverRange,8.70258,12.030756,-5.265992
2026/06/09 18:53:00.273,n,-5.53003,5.686871,5.6743,0.594769,OverRange,OverRange,OverRange,8.654298,12.007052,-5.269747
2026/06/09 18:54:00.274,n,-5.638315,4.199652,4.971998,1.045157,OverRange,OverRange,OverRange,8.569932,11.97472,-5.36727
2026/06/09 18:55:00.260,n,-5.790609,5.754855,5.18377,0.940294,OverRange,OverRange,OverRange,8.583894,11.948802,-5.386809
2026/06/09 18:56:00.262,n,-5.902102,6.074463,5.255663,1.204513,OverRange,OverRange,OverRange,8.565354,11.91429,-5.472472
2026/06/09 18:57:00.265,n,-5.878623,3.948362,5.014228,0.948744,OverRange,OverRange,OverRange,8.569916,11.87761,-5.671528
2026/06/09 18:58:00.266,n,-6.013468,4.199821,4.972852,0.975801,OverRange,OverRange,OverRange,8.586712,11.847382,-5.689019
2026/06/09 18:59:00.267,n,-6.036818,5.670555,5.223316,0.895472,OverRange,OverRange,OverRange,8.595074,11.806374,-5.70634
2026/06/09 19:00:00.269,n,-5.98986,3.905847,4.696759,0.787704,OverRange,OverRange,OverRange,8.55034,11.772904,-5.852752
2026/06/09 19:01:00.272,n,-6.028094,6.159118,4.898182,1.246675,OverRange,OverRange,OverRange,8.536366,11.74269,-5.819647
2026/06/09 19:02:00.273,n,-6.040026,3.418305,4.400422,0.643153,OverRange,OverRange,OverRange,8.433162,11.702724,-5.837224
2026/06/09 19:03:00.276,n,-6.121882,4.723129,3.983665,0.429707,OverRange,OverRange,OverRange,8.360423,11.700756,-5.730059
2026/06/09 19:04:00.261,n,-5.837695,4.815298,4.405349,0.730401,OverRange,OverRange,OverRange,8.47899,11.6619,-5.540985
2026/06/09 19:05:00.263,n,-5.705673,5.705273,5.845677,0.191637,OverRange,OverRange,OverRange,8.367859,11.634892,-5.517437
2026/06/09 19:06:00.265,n,-5.755198,5.795244,5.808023,0.219377,OverRange,OverRange,OverRange,8.363526,11.593838,-5.515475
2026/06/09 19:07:00.267,n,-5.66744,6.211979,5.912722,0.239253,OverRange,OverRange,OverRange,8.329956,11.567956,-5.417951
2026/06/09 19:08:00.269,n,-5.755454,3.255342,4.819134,1.101522,OverRange,OverRange,OverRange,8.36938,11.534424,-5.417951
2026/06/09 19:09:00.270,n,-5.784706,5.580067,5.244657,1.093101,OverRange,OverRange,OverRange,8.425598,11.499832,-5.499945
2026/06/09 19:10:00.273,n,-5.752375,3.239459,4.973946,1.118839,OverRange,OverRange,OverRange,8.440338,11.470614,-5.673491
2026/06/09 19:11:00.276,n,-5.743778,5.611896,5.31812,0.862569,OverRange,OverRange,OverRange,8.461182,11.43604,-5.624686
2026/06/09 19:12:00.276,n,-5.54735,4.154243,5.351021,1.025319,OverRange,OverRange,OverRange,8.411092,11.411218,-5.64414
2026/06/09 19:13:00.261,n,-5.623561,6.091147,4.713534,1.051075,OverRange,OverRange,OverRange,8.324596,11.384148,-5.4415
2026/06/09 19:14:00.266,n,-5.564927,5.778559,5.288636,1.085051,OverRange,OverRange,OverRange,8.304001,11.356038,-5.468718
2026/06/09 19:15:00.265,n,-5.735054,3.556159,4.540555,1.163355,OverRange,OverRange,OverRange,8.207052,11.345718,-5.513427
2026/06/09 19:16:00.270,n,-5.506807,4.213751,4.714879,0.990129,OverRange,OverRange,OverRange,8.252477,11.317608,-5.248758
2026/06/09 19:17:00.272,n,-5.421744,3.798109,4.801858,1.062075,OverRange,OverRange,OverRange,8.220424,11.298174,-5.14748
2026/06/09 19:18:00.277,n,-5.512837,5.465577,5.128825,1.16747,OverRange,OverRange,OverRange,8.295731,11.274344,-5.338346
2026/06/09 19:19:00.276,n,-5.278431,5.826355,5.435918,0.897049,OverRange,OverRange,OverRange,8.28709,11.251622,-5.256693
2026/06/09 19:20:00.275,n,-5.24905,4.200884,5.348504,0.735266,OverRange,OverRange,OverRange,8.317119,11.2289,-5.363942
2026/06/09 19:21:00.278,n,-5.328212,4.440088,5.062866,1.080821,OverRange,OverRange,OverRange,8.403616,11.213748,-5.467182
2026/06/09 19:22:00.263,n,-5.360415,5.551056,5.561449,0.098806,OverRange,OverRange,OverRange,8.383245,11.201848,-5.56078
2026/06/09 19:23:00.267,n,-5.255209,5.73048,5.694357,0.055491,OverRange,OverRange,OverRange,8.375371,11.183474,-5.49841
2026/06/09 19:24:00.268,n,-5.187722,5.666332,5.108292,0.975035,OverRange,OverRange,OverRange,8.242813,11.173676,-5.262409
2026/06/09 19:25:00.270,n,-5.167194,5.810431,5.343565,1.019392,OverRange,OverRange,OverRange,8.25147,11.157446,-5.192274
2026/06/09 19:26:00.271,n,-5.190545,6.223332,5.891907,0.166875,OverRange,OverRange,OverRange,8.262146,11.145598,-5.244918
2026/06/09 19:27:00.276,n,-5.216975,6.268063,5.515232,0.917062,OverRange,OverRange,OverRange,8.263184,11.132592,-5.276061
2026/06/09 19:28:00.276,n,-5.269835,3.82142,4.559282,0.955064,OverRange,OverRange,OverRange,8.23288,11.114152,-5.211643
2026/06/09 19:29:00.279,n,-5.363238,4.086829,4.353914,0.736269,OverRange,OverRange,OverRange,8.31128,11.092506,-5.338516
2026/06/09 19:30:00.279,n,-5.307684,3.952531,4.854515,0.792218,OverRange,OverRange,OverRange,8.276647,11.082772,-5.27205
2026/06/09 19:31:00.267,n,-5.369396,6.014591,4.529873,0.797911,OverRange,OverRange,OverRange,8.249695,11.06002,-5.213605
2026/06/09 19:32:00.267,n,-5.234552,5.287019,5.00349,1.03405,OverRange,OverRange,OverRange,8.246114,11.04812,-5.178623
2026/06/09 19:33:00.269,n,-5.319487,5.810166,4.715965,1.077484,OverRange,OverRange,OverRange,8.22729,11.028608,-5.149358
2026/06/09 19:34:00.271,n,-5.252001,4.227233,4.89026,0.882484,OverRange,OverRange,OverRange,8.241811,11.011308,-5.231266
2026/06/09 19:35:00.275,n,-5.371962,5.980533,4.333743,0.811279,OverRange,OverRange,OverRange,8.302602,11.000482,-5.346195
2026/06/09 19:36:00.276,n,-5.301782,5.73435,5.107734,0.968418,OverRange,OverRange,OverRange,8.377141,10.979894,-5.330496
2026/06/09 19:37:00.279,n,-5.284333,5.912585,4.750107,1.136783,OverRange,OverRange,OverRange,8.311275,10.962576,-5.420254
2026/06/09 19:38:00.280,n,-5.205171,6.265123,5.879033,0.201995,OverRange,OverRange,OverRange,8.333644,10.94518,-5.500372
2026/06/09 19:39:00.281,n,-5.336808,5.53836,4.793549,0.99156,OverRange,OverRange,OverRange,8.332642,10.93006,-5.455578
2026/06/09 19:40:00.268,n,-5.328212,3.787233,4.561785,1.09506,OverRange,OverRange,OverRange,8.331609,10.912694,-5.500458
2026/06/09 19:41:00.269,n,-5.284461,6.297229,6.02212,0.31516,OverRange,OverRange,OverRange,8.408676,10.89751,-5.644652
2026/06/09 19:42:00.270,n,-5.345789,3.871733,4.993107,0.957917,OverRange,OverRange,OverRange,8.408448,10.881284,-5.749768
2026/06/09 19:43:00.274,n,-5.366702,6.04345,5.021493,0.902739,OverRange,OverRange,OverRange,8.438452,10.867206,-5.818197
2026/06/09 19:44:00.277,n,-5.246356,6.152725,5.8334,0.568987,OverRange,OverRange,OverRange,8.451422,10.85526,-5.814358
2026/06/09 19:45:00.277,n,-5.310763,4.033986,4.373748,0.93277,OverRange,OverRange,OverRange,8.460842,10.841184,-5.613339
2026/06/09 19:46:00.278,n,-5.381072,5.68439,5.150193,0.831303,OverRange,OverRange,OverRange,8.481176,10.833598,-5.617178
2026/06/09 19:47:00.280,n,-5.296008,4.2595,4.894147,1.031692,OverRange,OverRange,OverRange,8.467448,10.81843,-5.750025
2026/06/09 19:48:00.283,n,-5.381072,3.844865,4.942188,0.927703,OverRange,OverRange,OverRange,8.433376,10.811888,-5.699173
2026/06/09 19:49:00.269,n,-5.492052,4.056754,5.525597,0.727805,OverRange,OverRange,OverRange,8.395208,10.801082,-5.590046
2026/06/09 19:50:00.269,n,-5.6183,4.283377,4.950237,1.113386,OverRange,OverRange,OverRange,8.348155,10.788062,-5.597725
2026/06/09 19:51:00.341,n,-5.679629,5.201905,5.16001,0.929712,OverRange,OverRange,OverRange,8.30362,10.781552,-5.533562
2026/06/09 19:52:00.275,n,-5.928661,5.84406,5.276683,0.724164,OverRange,OverRange,OverRange,8.304652,10.770746,-5.74209
2026/06/09 19:53:00.276,n,-5.91134,3.642432,4.366944,1.024571,OverRange,OverRange,OverRange,8.324239,10.765326,-5.837565
2026/06/09 19:54:00.279,n,-5.993325,5.264715,5.097455,1.032273,OverRange,OverRange,OverRange,8.352977,10.75335,-5.83765
2026/06/09 19:55:00.280,n,-5.884653,4.127948,4.084421,0.237216,OverRange,OverRange,OverRange,8.38147,10.743618,-5.712824
2026/06/09 19:56:00.282,n,-5.937513,5.536058,4.55802,0.915252,OverRange,OverRange,OverRange,8.388596,10.73709,-5.654379
2026/06/09 19:57:00.268,n,-5.81165,4.406641,5.782719,0.720876,OverRange,OverRange,OverRange,8.397746,10.738196,-5.697211
2026/06/09 19:58:00.269,n,-5.732617,6.194369,5.817875,1.061769,OverRange,OverRange,OverRange,8.352722,10.731672,-5.648577
2026/06/09 19:59:00.272,n,-5.887861,4.668039,4.667827,1.105917,OverRange,OverRange,OverRange,8.283005,10.73058,-5.519826
2026/06/09 20:00:00.258,n,-5.949061,5.792774,5.580043,0.862197,OverRange,OverRange,OverRange,8.17893,10.7284,-5.445681
2026/06/09 20:01:00.276,n,-6.072486,5.787351,5.313445,0.647583,OverRange,OverRange,OverRange,8.121654,10.715398,-5.471106
2026/06/09 20:02:00.277,n,-6.172047,5.622833,4.918345,1.106466,OverRange,OverRange,OverRange,8.052399,10.711068,-5.546958
2026/06/09 20:03:00.263,n,-6.248258,4.110513,4.945323,0.823222,OverRange,OverRange,OverRange,8.086777,10.702378,-5.761628
2026/06/09 20:04:00.266,n,-6.256983,5.598063,5.297277,1.142522,OverRange,OverRange,OverRange,8.158051,10.689408,-5.710947
2026/06/09 20:05:00.266,n,-6.227858,4.315004,4.330573,0.998711,OverRange,OverRange,OverRange,8.037613,10.675264,-5.812224
2026/06/09 20:06:00.268,n,-6.251209,6.095477,4.682247,1.12514,OverRange,OverRange,OverRange,8.114787,10.66228,-5.859152
2026/06/09 20:07:00.271,n,-6.054909,3.601535,4.674877,0.929491,OverRange,OverRange,OverRange,8.082454,10.651408,-5.734325
2026/06/09 20:08:00.273,n,-6.054652,5.672906,4.890672,1.150185,OverRange,OverRange,OverRange,8.121145,10.63733,-5.718626
2026/06/09 20:09:00.258,n,-5.884782,6.362591,5.99806,0.24978,OverRange,OverRange,OverRange,8.145325,10.625354,-5.905993
2026/06/09 20:10:00.260,n,-5.823197,4.310834,5.647241,0.69633,OverRange,OverRange,OverRange,8.141505,10.61235,-5.866745
2026/06/09 20:11:00.263,n,-5.744163,6.330652,5.980747,0.258758,OverRange,OverRange,OverRange,8.153717,10.603692,-5.833726
2026/06/09 20:12:00.264,n,-5.790993,5.543273,4.889624,0.920256,OverRange,OverRange,OverRange,8.13821,10.588494,-5.818197
2026/06/09 20:13:00.268,n,-5.73544,5.595528,5.344513,1.046379,OverRange,OverRange,OverRange,8.150162,10.57764,-5.763591
2026/06/09 20:14:00.268,n,-5.697334,5.695853,4.50162,0.975906,OverRange,OverRange,OverRange,8.142019,10.56677,-5.669822
2026/06/09 20:15:00.270,n,-5.694639,3.6437,4.821352,1.298213,OverRange,OverRange,OverRange,8.091085,10.606104,-5.663934
2026/06/09 20:16:00.272,n,-5.308069,4.594708,4.363667,0.860224,OverRange,OverRange,OverRange,8.126897,10.58978,-5.270514
2026/06/09 20:17:00.276,n,-5.360544,5.9849,5.280907,1.077501,OverRange,OverRange,OverRange,8.039032,10.582228,-5.292016
2026/06/09 20:18:00.259,n,-5.475117,3.86476,4.626954,0.948564,OverRange,OverRange,OverRange,7.99674,10.572432,-5.233399
2026/06/09 20:19:00.262,n,-5.688738,6.479494,5.076264,1.176128,OverRange,OverRange,OverRange,7.947332,10.562636,-5.254901
2026/06/09 20:20:00.264,n,-5.735696,6.16021,5.088346,1.172501,OverRange,OverRange,OverRange,7.97995,10.542034,-5.457711
2026/06/09 20:21:00.266,n,-5.776752,5.926327,4.951993,1.018696,OverRange,OverRange,OverRange,8.011272,10.53009,-5.40703
2026/06/09 20:22:00.267,n,-5.741598,6.650503,5.22571,1.422453,OverRange,OverRange,OverRange,7.985291,10.51598,-5.531771
2026/06/09 20:23:00.271,n,-5.844111,5.746711,4.964844,1.027274,OverRange,OverRange,OverRange,7.907593,10.500764,-5.531855
2026/06/09 20:24:00.271,n,-5.662436,3.994707,4.770646,1.077157,OverRange,OverRange,OverRange,7.930756,10.486656,-5.46155
2026/06/09 20:25:00.272,n,-5.694512,4.647364,4.499931,0.807215,OverRange,OverRange,OverRange,7.943253,10.47585,-5.381689
2026/06/09 20:26:00.260,n,-5.618429,3.985076,4.588916,1.022746,OverRange,OverRange,OverRange,7.949112,10.461678,-5.354215
2026/06/09 20:27:00.260,n,-5.504112,4.997902,4.43861,1.233213,OverRange,OverRange,OverRange,7.94606,10.44542,-5.23741
2026/06/09 20:28:00.265,n,-5.518867,4.701555,4.403672,0.673764,OverRange,OverRange,OverRange,7.905299,10.432352,-5.102686
2026/06/09 20:29:00.265,n,-5.451509,5.782221,5.013317,1.121329,OverRange,OverRange,OverRange,7.890524,10.418244,-5.180755
2026/06/09 20:30:00.267,n,-5.430981,5.967195,4.785707,1.244939,OverRange,OverRange,OverRange,7.860957,10.413898,-5.122225
2026/06/09 20:31:00.268,n,-5.416483,4.947889,4.601269,1.217467,OverRange,OverRange,OverRange,7.907339,10.398718,-4.983917
2026/06/09 20:32:00.270,n,-5.313843,4.24119,4.810468,0.874122,OverRange,OverRange,OverRange,7.913442,10.391118,-4.927349
2026/06/09 20:33:00.271,n,-5.451381,3.946126,4.94359,1.13486,OverRange,OverRange,OverRange,7.849737,10.388922,-4.923595
2026/06/09 20:34:00.259,n,-5.624331,4.509967,4.321324,0.501808,OverRange,OverRange,OverRange,7.779394,10.384576,-4.968389
2026/06/09 20:35:00.259,n,-5.606754,3.730495,4.048163,0.17358,OverRange,OverRange,OverRange,7.834214,10.387848,-5.108573
2026/06/09 20:36:00.262,n,-5.753273,5.950519,4.430426,1.253044,OverRange,OverRange,OverRange,7.939179,10.380216,-5.211983
2026/06/09 20:37:00.263,n,-5.656662,4.032913,5.114605,0.997829,OverRange,OverRange,OverRange,7.97613,10.37805,-5.451824
2026/06/09 20:38:00.265,n,-5.606882,3.721298,4.525965,0.974023,OverRange,OverRange,OverRange,7.959315,10.373738,-5.545422
2026/06/09 20:39:00.267,n,-5.547992,3.544297,4.413012,1.085935,OverRange,OverRange,OverRange,7.936396,10.371558,-5.541583
2026/06/09 20:40:00.270,n,-5.442656,3.718605,4.739808,1.017072,OverRange,OverRange,OverRange,7.896368,10.368288,-5.469315
2026/06/09 20:41:00.271,n,-5.509886,3.452548,5.217246,0.871057,OverRange,OverRange,OverRange,7.836243,10.36287,-5.451739
2026/06/09 20:42:00.275,n,-5.530414,3.87447,4.528298,1.058246,OverRange,OverRange,OverRange,7.771739,10.368288,-5.449862
2026/06/09 20:43:00.262,n,-5.562618,3.507855,4.875611,1.260485,OverRange,OverRange,OverRange,7.795466,10.356312,-5.488854
2026/06/09 20:44:00.262,n,-5.545297,6.058379,4.942751,1.055791,OverRange,OverRange,OverRange,7.901983,10.349802,-5.654549
2026/06/09 20:45:00.264,n,-5.392876,4.049728,5.328152,0.665999,OverRange,OverRange,OverRange,7.906042,10.340056,-5.685862
2026/06/09 20:46:00.270,n,-5.284333,5.038364,5.236842,1.278996,OverRange,OverRange,OverRange,7.845413,10.333512,-5.455749
2026/06/09 20:47:00.266,n,-5.360672,6.044839,5.306093,1.248377,OverRange,OverRange,OverRange,7.859172,10.329168,-5.490816
2026/06/09 20:48:00.269,n,-5.360672,3.709706,4.202826,1.186045,OverRange,OverRange,OverRange,7.842346,10.318364,-5.480833
2026/06/09 20:49:00.270,n,-5.384022,5.783748,5.468745,0.894526,OverRange,OverRange,OverRange,7.952942,10.31612,-5.557026
2026/06/09 20:50:00.276,n,-5.310891,3.243024,4.876675,1.352577,OverRange,OverRange,OverRange,7.877767,10.31288,-5.442012
2026/06/09 20:51:00.275,n,-5.325389,3.725762,5.426554,0.997522,OverRange,OverRange,OverRange,7.875219,10.304158,-5.455748
2026/06/09 20:52:00.260,n,-5.304861,3.171211,5.691235,1.244218,OverRange,OverRange,OverRange,7.925939,10.296558,-5.467352
2026/06/09 20:53:00.263,n,-5.30794,3.553278,4.854821,1.112215,OverRange,OverRange,OverRange,7.92746,10.287902,-5.358225
2026/06/09 20:54:00.266,n,-5.302038,5.778788,4.601572,0.999929,OverRange,OverRange,OverRange,7.939688,10.27918,-5.149613
2026/06/09 20:55:00.268,n,-5.211201,5.763942,5.283248,1.142658,OverRange,OverRange,OverRange,8.016856,10.27918,-5.221796
2026/06/09 20:56:00.268,n,-5.167579,4.178138,4.833506,1.039593,OverRange,OverRange,OverRange,8.040558,10.272656,-5.289968
2026/06/09 20:57:00.270,n,-5.149874,4.250838,4.512992,1.035538,OverRange,OverRange,OverRange,8.05661,10.271564,-5.135961
2026/06/09 20:58:00.272,n,-5.132168,5.736129,5.033863,1.184267,OverRange,OverRange,OverRange,8.043874,10.267204,-5.128027
2026/06/09 20:59:00.274,n,-5.140892,5.635274,5.433399,0.982015,OverRange,OverRange,OverRange,8.094548,10.267204,-5.055929
2026/06/09 21:00:00.276,n,-5.129217,6.304691,5.757405,1.016377,OverRange,OverRange,OverRange,8.110851,10.267204,-5.327083
2026/06/09 21:01:00.263,n,-5.170273,3.773845,4.881854,1.420517,OverRange,OverRange,OverRange,8.014577,10.261818,-5.29978
2026/06/09 21:02:00.264,n,-5.278559,3.64021,4.720177,0.924982,OverRange,OverRange,OverRange,8.083608,10.267204,-5.153453
2026/06/09 21:03:00.266,n,-5.123572,5.953535,4.95292,1.140688,OverRange,OverRange,OverRange,8.162801,10.26286,-4.884347
2026/06/09 21:04:00.267,n,-5.023626,3.892643,4.966781,0.997442,OverRange,OverRange,OverRange,8.148015,10.26286,-4.843477
2026/06/09 21:05:00.272,n,-5.044154,4.081132,4.332077,0.863501,OverRange,OverRange,OverRange,8.174754,10.267204,-4.825731
2026/06/09 21:06:00.272,n,-4.938947,4.194334,5.221721,1.008956,OverRange,OverRange,OverRange,8.154633,10.271564,-4.677782
2026/06/09 21:07:00.273,n,-5.064811,3.718403,4.954057,1.051922,OverRange,OverRange,OverRange,8.121806,10.280304,-4.706962
2026/06/09 21:08:00.278,n,-5.085338,5.751758,5.353682,0.904057,OverRange,OverRange,OverRange,8.159745,10.280304,-4.80841
2026/06/09 21:09:00.279,n,-5.114591,6.291635,6.015904,0.19996,OverRange,OverRange,OverRange,8.193848,10.294394,-4.898169
2026/06/09 21:10:00.265,n,-5.269706,5.799438,5.424091,0.978503,OverRange,OverRange,OverRange,8.214467,10.3107,-5.282203
2026/06/09 21:11:00.265,n,-5.275865,4.024,4.15652,0.800779,OverRange,OverRange,OverRange,8.211675,10.318364,-5.364113
2026/06/09 21:12:00.267,n,-5.316664,6.183423,5.11195,1.216667,OverRange,OverRange,OverRange,8.20454,10.32375,-5.354301
2026/06/09 21:13:00.269,n,-5.249306,4.138066,4.87873,0.934293,OverRange,OverRange,OverRange,8.181875,10.335712,-5.486721
2026/06/09 21:14:00.271,n,-5.328469,3.89285,4.468765,0.946197,OverRange,OverRange,OverRange,8.224381,10.34658,-5.481004
2026/06/09 21:15:00.272,n,-5.380944,6.048147,4.525576,1.265611,OverRange,OverRange,OverRange,8.197663,10.350892,-5.422559
2026/06/09 21:16:00.275,n,-5.331291,5.89522,5.42211,0.965451,OverRange,OverRange,OverRange,8.238393,10.357418,-5.29978
2026/06/09 21:17:00.277,n,-5.302038,4.151754,4.838498,0.996388,OverRange,OverRange,OverRange,8.210134,10.361764,-5.383396
2026/06/09 21:18:00.280,n,-5.308197,4.244911,5.086876,0.951327,OverRange,OverRange,OverRange,8.239162,10.368288,-5.256948
2026/06/09 21:19:00.264,n,-5.331419,5.902234,5.577433,0.692681,OverRange,OverRange,OverRange,8.20454,10.371558,-5.233485
2026/06/09 21:20:00.265,n,-5.337321,4.194605,4.193034,0.225045,OverRange,OverRange,OverRange,8.175777,10.376944,-5.116423
2026/06/09 21:21:00.270,n,-5.343095,3.680512,5.05917,0.98055,OverRange,OverRange,OverRange,8.247035,10.37805,-5.369915
2026/06/09 21:22:00.271,n,-5.348997,5.701699,4.677912,1.024977,OverRange,OverRange,OverRange,8.223378,10.385666,-5.346707
2026/06/09 21:23:00.273,n,-5.377993,5.682567,5.54253,0.28921,OverRange,OverRange,OverRange,8.206807,10.383502,-5.418633
2026/06/09 21:24:00.275,n,-5.229035,4.136652,5.006156,0.989537,OverRange,OverRange,OverRange,8.176789,10.386742,-5.198332
2026/06/09 21:25:00.275,n,-5.316793,4.199291,4.699221,0.869066,OverRange,OverRange,OverRange,8.242717,10.388922,-5.241164
2026/06/09 21:26:00.278,n,-5.32834,5.689117,4.728184,0.853141,OverRange,OverRange,OverRange,8.254176,10.392192,-5.149527
2026/06/09 21:27:00.279,n,-5.167194,4.092076,4.878082,0.979736,OverRange,OverRange,OverRange,8.251877,10.395462,-5.206267
2026/06/09 21:28:00.264,n,-5.161421,4.395803,5.132701,1.053018,OverRange,OverRange,OverRange,8.310918,10.396538,-5.145773
2026/06/09 21:29:00.267,n,-5.08521,3.650283,4.270787,0.834627,OverRange,OverRange,OverRange,8.314998,10.400916,-5.069667
2026/06/09 21:30:00.269,n,-5.070455,6.032991,5.101775,0.91432,OverRange,OverRange,OverRange,8.344513,10.401922,-5.188606
2026/06/09 21:31:00.270,n,-5.017595,4.197709,5.140713,0.889217,OverRange,OverRange,OverRange,8.357483,10.407374,-5.293978
2026/06/09 21:32:00.272,n,-5.029399,5.923288,5.293583,0.912029,OverRange,OverRange,OverRange,8.376297,10.409572,-5.369829
2026/06/09 21:33:00.274,n,-4.883007,5.859164,5.603677,0.935832,OverRange,OverRange,OverRange,8.47373,10.423696,-5.231522
2026/06/09 21:34:00.277,n,-4.80128,5.841673,5.426825,0.821569,OverRange,OverRange,OverRange,8.49027,10.425894,-5.133999
2026/06/09 21:35:00.278,n,-4.742646,4.059633,4.092673,0.816962,OverRange,OverRange,OverRange,8.503506,10.43346,-4.931274
2026/06/09 21:36:00.280,n,-4.765997,6.171005,5.05922,1.004948,OverRange,OverRange,OverRange,8.528682,10.441074,-4.759606
2026/06/09 21:37:00.265,n,-4.6223,5.871414,5.129796,1.081501,OverRange,OverRange,OverRange,8.499684,10.448674,-4.681707
2026/06/09 21:38:00.268,n,-4.689914,5.677231,4.840815,0.861774,OverRange,OverRange,OverRange,8.4829,10.454094,-4.588023
2026/06/09 21:39:00.271,n,-4.587274,6.026227,5.619918,0.890109,OverRange,OverRange,OverRange,8.493846,10.468202,-4.619337
2026/06/09 21:40:00.322,n,-4.581372,3.813176,5.008612,1.224367,OverRange,OverRange,OverRange,8.51799,10.468202,-4.615497
2026/06/09 21:41:00.346,n,-4.66913,4.18412,5.107441,0.976813,OverRange,OverRange,OverRange,8.580536,10.479072,-4.757815
2026/06/09 21:42:00.277,n,-4.511191,5.550862,4.329586,0.629509,OverRange,OverRange,OverRange,8.633154,10.491,-4.656366
2026/06/09 21:43:00.279,n,-4.528641,3.936619,4.347726,0.903226,OverRange,OverRange,OverRange,8.595016,10.50405,-4.463368
2026/06/09 21:44:00.610,n,-4.481939,5.766606,5.339928,0.75577,OverRange,OverRange,OverRange,8.652486,10.517054,-4.459273
2026/06/09 21:45:00.283,n,-4.420098,4.137525,4.653292,0.79034,OverRange,OverRange,OverRange,8.673834,10.532302,-4.465245
2026/06/09 21:46:00.270,n,-4.496309,6.036763,5.06053,1.211343,OverRange,OverRange,OverRange,8.708904,10.547454,-4.420366
2026/06/09 21:47:00.270,n,-4.423305,4.40992,4.601667,1.058321,OverRange,OverRange,OverRange,8.719584,10.565906,-4.490586
2026/06/09 21:48:00.273,n,-4.423049,6.306136,5.594187,0.889283,OverRange,OverRange,OverRange,8.808498,10.58327,-4.515926
2026/06/09 21:49:00.275,n,-4.385328,6.080524,4.853031,1.307202,OverRange,OverRange,OverRange,8.814082,10.602832,-4.359873
2026/06/09 21:50:00.278,n,-4.341321,4.052045,4.468245,0.901435,OverRange,OverRange,OverRange,8.823502,10.611522,-4.414564
2026/06/09 21:51:00.264,n,-4.317714,3.633091,4.871814,1.14007,OverRange,OverRange,OverRange,8.861852,10.63105,-4.474801
2026/06/09 21:52:00.281,n,-4.297186,3.743206,5.057368,1.121741,OverRange,OverRange,OverRange,8.867458,10.641888,-4.592034
2026/06/09 21:53:00.282,n,-4.358641,3.550165,4.50238,1.030614,OverRange,OverRange,OverRange,8.833928,10.666836,-4.410809
2026/06/09 21:54:00.284,n,-4.370445,5.989383,5.116843,1.421831,OverRange,OverRange,OverRange,8.844326,10.671148,-4.227452
2026/06/09 21:55:00.270,n,-4.472957,3.745257,4.395801,1.289309,OverRange,OverRange,OverRange,8.80978,10.686348,-4.307399
2026/06/09 21:56:00.273,n,-4.50529,3.873952,5.298385,1.165845,OverRange,OverRange,OverRange,8.797084,10.70155,-4.235131
2026/06/09 21:57:00.257,n,-4.531591,5.889755,5.116092,1.163926,OverRange,OverRange,OverRange,8.7859,10.705926,-4.167044
2026/06/09 21:58:00.260,n,-4.730971,5.76483,4.615011,1.062557,OverRange,OverRange,OverRange,8.763016,10.711296,-4.295625
2026/06/09 21:59:00.263,n,-4.736488,6.494701,5.598193,0.839255,OverRange,OverRange,OverRange,8.724656,10.714568,-4.441696
2026/06/09 22:00:00.263,n,-4.856962,4.878494,5.432633,0.965645,OverRange,OverRange,OverRange,8.705862,10.722152,-4.652441
2026/06/09 22:01:00.266,n,-4.976924,5.745523,4.837392,1.053708,OverRange,OverRange,OverRange,8.685772,10.724332,-4.720614
2026/06/09 22:02:00.271,n,-5.164372,5.623122,5.274805,1.088134,OverRange,OverRange,OverRange,8.678158,10.726512,-4.83358
2026/06/09 22:03:00.269,n,-5.093934,3.870736,5.250687,1.054065,OverRange,OverRange,OverRange,8.664948,10.730858,-4.792797
2026/06/09 22:04:00.272,n,-5.123316,4.343098,5.012838,0.922457,OverRange,OverRange,OverRange,8.610032,10.725438,-4.73819
2026/06/09 22:05:00.256,n,-5.161549,6.620012,5.158353,1.331542,OverRange,OverRange,OverRange,8.57189,10.722152,-4.635036
2026/06/09 22:06:00.259,n,-5.234552,5.863447,4.965475,1.034391,OverRange,OverRange,OverRange,8.585866,10.717838,-4.623261
2026/06/09 22:07:00.262,n,-5.223133,5.995521,4.840601,0.957498,OverRange,OverRange,OverRange,8.580536,10.716732,-4.62693
2026/06/09 22:08:00.262,n,-5.243662,5.465228,4.932538,0.908325,OverRange,OverRange,OverRange,8.517472,10.712386,-4.771381
2026/06/09 22:09:00.265,n,-5.319744,6.038884,5.027764,1.120458,OverRange,OverRange,OverRange,8.452134,10.709148,-4.779145
2026/06/09 22:10:00.269,n,-5.377993,6.010648,4.726718,1.129294,OverRange,OverRange,OverRange,8.431264,10.706968,-4.841515
2026/06/09 22:11:00.271,n,-5.363751,4.056981,4.320892,1.006332,OverRange,OverRange,OverRange,8.486476,10.697234,-5.032552
2026/06/09 22:12:00.270,n,-5.31397,5.821537,5.420128,1.294115,OverRange,OverRange,OverRange,8.481114,10.690726,-5.067704
2026/06/09 22:13:00.272,n,-5.269964,5.516016,5.366276,0.858556,OverRange,OverRange,OverRange,8.432786,10.686348,-5.18852
2026/06/09 22:14:00.260,n,-5.231986,5.697752,5.445616,0.579604,OverRange,OverRange,OverRange,8.399216,10.674436,-5.1183
2026/06/09 22:15:00.265,n,-5.114463,3.718403,5.224455,0.975781,OverRange,OverRange,OverRange,8.47016,10.66467,-5.172906
2026/06/09 22:16:00.262,n,-4.95909,6.011678,5.288763,0.907367,OverRange,OverRange,OverRange,8.517476,10.659252,-5.122225
2026/06/09 22:17:00.264,n,-4.87454,4.95702,5.372329,0.831789,OverRange,OverRange,OverRange,8.445782,10.655966,-5.23357
2026/06/09 22:18:00.266,n,-4.783703,5.688456,4.606806,1.023614,OverRange,OverRange,OverRange,8.492554,10.650546,-5.075554
2026/06/09 22:19:00.268,n,-4.74842,4.271892,4.647314,0.887219,OverRange,OverRange,OverRange,8.504014,10.646234,-5.178708
2026/06/09 22:20:00.270,n,-4.721862,5.729431,4.627269,0.955059,OverRange,OverRange,OverRange,8.545452,10.647306,-5.050042
2026/06/09 22:21:00.273,n,-4.625251,6.005865,5.020881,1.196842,OverRange,OverRange,OverRange,8.498912,10.645142,-5.124273
2026/06/09 22:22:00.261,n,-4.795121,6.518187,4.944522,1.532215,OverRange,OverRange,OverRange,8.508322,10.644068,-5.163265
2026/06/09 22:23:00.260,n,-4.783703,5.521129,5.143002,1.294423,OverRange,OverRange,OverRange,8.53859,10.651652,-5.223758
2026/06/09 22:24:00.261,n,-4.707364,4.209642,4.480808,1.165158,OverRange,OverRange,OverRange,8.499684,10.653832,-5.071714
2026/06/09 22:25:00.265,n,-4.765869,4.251708,4.775961,1.217903,OverRange,OverRange,OverRange,8.507304,10.649488,-5.14748
2026/06/09 22:26:00.266,n,-4.713137,5.796592,5.921049,0.38796,OverRange,OverRange,OverRange,8.568588,10.650546,-5.098761
2026/06/09 22:27:00.268,n,-4.745469,5.703844,5.636908,0.274779,OverRange,OverRange,OverRange,8.52384,10.649488,-5.221625
2026/06/09 22:28:00.270,n,-4.736745,6.10425,4.526071,1.289492,OverRange,OverRange,OverRange,8.524078,10.644068,-5.157463
2026/06/09 22:29:00.272,n,-4.686964,4.893199,4.832873,0.905288,OverRange,OverRange,OverRange,8.557388,10.645142,-5.149613
2026/06/09 22:30:00.273,n,-4.74842,5.919107,5.20713,1.168348,OverRange,OverRange,OverRange,8.572154,10.641888,-4.979993
2026/06/09 22:31:00.260,n,-4.763046,3.974469,4.552841,0.907005,OverRange,OverRange,OverRange,8.517468,10.635364,-5.028712
2026/06/09 22:32:00.262,n,-4.742646,5.7416,5.529679,0.729407,OverRange,OverRange,OverRange,8.53452,10.634304,-4.929227
2026/06/09 22:33:00.264,n,-4.824502,4.117791,4.065209,0.108577,OverRange,OverRange,OverRange,8.467382,10.63323,-4.866941
2026/06/09 22:34:00.267,n,-4.906487,4.118178,4.193859,0.473164,OverRange,OverRange,OverRange,8.47551,10.622328,-4.77522
2026/06/09 22:35:00.268,n,-4.985392,4.051466,4.112299,0.450154,OverRange,OverRange,OverRange,8.434312,10.619122,-4.823939
2026/06/09 22:36:00.270,n,-5.067632,4.105875,4.389086,0.981611,OverRange,OverRange,OverRange,8.428212,10.612562,-4.751842
2026/06/09 22:37:00.271,n,-5.08521,3.704499,4.933591,1.103984,OverRange,OverRange,OverRange,8.416504,10.607144,-4.794759
2026/06/09 22:38:00.275,n,-5.097013,4.212806,4.613711,1.071141,OverRange,OverRange,OverRange,8.42921,10.606104,-4.724539
2026/06/09 22:39:00.276,n,-5.067761,5.758334,4.878357,0.994145,OverRange,OverRange,OverRange,8.448558,10.602832,-4.562768
2026/06/09 22:40:00.263,n,-4.96512,6.27949,5.272777,1.066731,OverRange,OverRange,OverRange,8.438136,10.59196,-4.558673
2026/06/09 22:41:00.263,n,-4.935739,5.936059,4.636772,1.086794,OverRange,OverRange,OverRange,8.419576,10.58978,-4.527615
2026/06/09 22:42:00.265,n,-4.935739,6.050091,4.717147,1.044987,OverRange,OverRange,OverRange,8.430496,10.580048,-4.574372
2026/06/09 22:43:00.267,n,-4.962041,6.041819,5.061257,0.970245,OverRange,OverRange,OverRange,8.436854,10.573538,-4.582222
2026/06/09 22:44:00.270,n,-4.930094,3.985313,4.907263,1.109012,OverRange,OverRange,OverRange,8.40176,10.570252,-4.621128
2026/06/09 22:45:00.271,n,-4.918419,4.283428,4.989993,1.149842,OverRange,OverRange,OverRange,8.402522,10.568088,-4.535465
2026/06/09 22:46:00.273,n,-4.877362,6.361093,5.040617,1.272652,OverRange,OverRange,OverRange,8.426438,10.56916,-4.488538
2026/06/09 22:47:00.275,n,-4.856577,4.241828,4.5487,1.374007,OverRange,OverRange,OverRange,8.40762,10.559414,-4.504237
2026/06/09 22:48:00.277,n,-4.900713,4.117534,4.239223,0.928798,OverRange,OverRange,OverRange,8.419332,10.558354,-4.502189
2026/06/09 22:49:00.264,n,-4.894811,4.810513,4.657258,0.945309,OverRange,OverRange,OverRange,8.456944,10.557248,-4.521728
2026/06/09 22:50:00.266,n,-4.795378,4.110603,4.347343,1.065302,OverRange,OverRange,OverRange,8.4183,10.556176,-4.677783
2026/06/09 22:51:00.273,n,-4.710186,5.999503,4.998607,1.260275,OverRange,OverRange,OverRange,8.447796,10.550724,-4.587938
2026/06/09 22:52:00.269,n,-4.590225,5.951628,5.026598,1.102973,OverRange,OverRange,OverRange,8.37529,10.550724,-4.623176
2026/06/09 22:53:00.270,n,-4.774721,3.802121,4.860145,1.228951,OverRange,OverRange,OverRange,8.323639,10.551798,-4.589986
2026/06/09 22:54:00.274,n,-4.716088,3.711174,4.645062,1.10024,OverRange,OverRange,OverRange,8.312699,10.556176,-4.418574
2026/06/09 22:55:00.277,n,-4.804102,5.923387,5.072319,0.898531,OverRange,OverRange,OverRange,8.301519,10.553978,-4.398949
2026/06/09 22:56:00.278,n,-4.795121,5.631908,4.942614,1.055656,OverRange,OverRange,OverRange,8.29337,10.550724,-4.387346
2026/06/09 22:57:00.280,n,-4.786654,5.680233,4.839558,1.167338,OverRange,OverRange,OverRange,8.221588,10.557248,-4.451679
2026/06/09 22:58:00.266,n,-4.973717,6.25942,5.146115,1.050574,OverRange,OverRange,OverRange,8.203522,10.564816,-4.428215
2026/06/09 22:59:00.268,n,-4.964864,6.208181,5.302696,1.227818,OverRange,OverRange,OverRange,8.214966,10.563742,-4.443829
2026/06/09 23:00:00.268,n,-4.932917,4.187816,4.686594,0.9176,OverRange,OverRange,OverRange,8.167119,10.57567,-4.426253
2026/06/09 23:01:00.271,n,-4.93266,3.838342,5.62645,0.944062,OverRange,OverRange,OverRange,8.115184,10.573538,-4.607477
2026/06/09 23:02:00.275,n,-5.026576,6.189113,5.505199,0.818834,OverRange,OverRange,OverRange,8.043865,10.568088,-4.689471
2026/06/09 23:03:00.276,n,-5.035301,5.856869,5.395222,0.951138,OverRange,OverRange,OverRange,8.032918,10.573538,-4.671981
2026/06/09 23:04:00.277,n,-5.035173,4.672971,5.370598,0.764177,OverRange,OverRange,OverRange,8.046682,10.572432,-4.654489
2026/06/09 23:05:00.280,n,-5.02632,5.857309,5.296068,0.911106,OverRange,OverRange,OverRange,8.060445,10.572432,-4.642715
2026/06/09 23:06:00.279,n,-5.008743,5.03802,4.330343,0.505993,OverRange,OverRange,OverRange,8.08489,10.568088,-4.527615
2026/06/09 23:07:00.264,n,-4.94472,5.686836,5.778277,0.176431,OverRange,OverRange,OverRange,8.085384,10.562636,-4.437942
2026/06/09 23:08:00.267,n,-4.856834,4.440918,4.87137,1.064064,OverRange,OverRange,OverRange,8.089208,10.561564,-4.330777
2026/06/09 23:09:00.269,n,-4.874283,5.454883,5.317978,1.006772,OverRange,OverRange,OverRange,8.003876,10.557248,-4.414563
2026/06/09 23:10:00.270,n,-4.806925,5.983968,5.137444,0.973486,OverRange,OverRange,OverRange,7.950659,10.550724,-4.404922
2026/06/09 23:11:00.272,n,-4.854011,5.485256,5.124247,1.084934,OverRange,OverRange,OverRange,7.959559,10.544182,-4.486661
2026/06/09 23:12:00.275,n,-4.950622,5.871651,4.94123,1.194771,OverRange,OverRange,OverRange,7.953705,10.539852,-4.562683
2026/06/09 23:13:00.280,n,-4.985648,6.060002,4.800542,1.165307,OverRange,OverRange,OverRange,7.937658,10.529016,-4.644592
2026/06/09 23:14:00.282,n,-4.932789,3.802364,4.649369,1.043061,OverRange,OverRange,OverRange,7.935618,10.525744,-4.574457
2026/06/09 23:15:00.281,n,-4.886215,4.272426,5.396693,1.065965,OverRange,OverRange,OverRange,7.951157,10.519252,-4.492378
2026/06/09 23:16:00.266,n,-4.927143,5.724843,5.352189,0.962594,OverRange,OverRange,OverRange,7.955989,10.507322,-4.328901
2026/06/09 23:17:00.269,n,-4.964992,5.585266,5.09355,1.068568,OverRange,OverRange,OverRange,7.940974,10.497558,-4.278219
2026/06/09 23:18:00.272,n,-4.923936,6.036124,4.862296,1.264063,OverRange,OverRange,OverRange,7.975866,10.488836,-4.252878
2026/06/09 23:19:00.273,n,-4.815906,5.888991,4.885854,1.189503,OverRange,OverRange,OverRange,7.958552,10.479072,-4.346306
2026/06/09 23:20:00.274,n,-4.675031,3.87737,5.355891,1.378131,OverRange,OverRange,OverRange,7.963888,10.474744,-4.43214
2026/06/09 23:21:00.276,n,-4.645779,6.04542,4.705222,1.118743,OverRange,OverRange,OverRange,7.967458,10.466022,-4.311239
2026/06/09 23:22:00.278,n,-4.543267,3.637544,4.656738,1.004734,OverRange,OverRange,OverRange,7.972036,10.45629,-4.287861
2026/06/09 23:23:00.279,n,-4.473086,3.650519,4.550119,1.233653,OverRange,OverRange,OverRange,8.036992,10.45629,-4.252708
2026/06/09 23:24:00.282,n,-4.311811,6.020383,5.26308,1.147011,OverRange,OverRange,OverRange,8.070867,10.450872,-4.15143
2026/06/09 23:25:00.268,n,-4.221231,6.26132,4.90088,1.333652,OverRange,OverRange,OverRange,8.03775,10.442148,-4.151345
2026/06/09 23:26:00.269,n,-4.288718,3.436207,5.004531,1.139096,OverRange,OverRange,OverRange,8.040044,10.435624,-4.198187
2026/06/09 23:27:00.272,n,-4.264982,3.309567,4.960897,1.475115,OverRange,OverRange,OverRange,8.06043,10.43128,-4.184621
2026/06/09 23:28:00.273,n,-4.221231,4.845872,4.957779,1.160435,OverRange,OverRange,OverRange,7.992681,10.430174,-4.151516
2026/06/09 23:29:00.323,n,-4.223925,6.058177,4.957991,1.056487,OverRange,OverRange,OverRange,7.983765,10.430174,-4.104674
2026/06/09 23:30:00.401,n,-4.226877,3.800212,4.471229,0.921082,OverRange,OverRange,OverRange,8.060944,10.43128,-4.079333
2026/06/09 23:31:00.279,n,-4.112688,3.758317,4.63341,1.074565,OverRange,OverRange,OverRange,8.034455,10.432352,-4.161157
2026/06/09 23:32:00.283,n,-4.159518,6.25414,5.176318,1.179048,OverRange,OverRange,OverRange,8.091228,10.437804,-4.254755
2026/06/09 23:33:00.283,n,-3.963602,3.800315,4.394616,0.88693,OverRange,OverRange,OverRange,8.082576,10.43455,-4.129929
2026/06/09 23:34:00.268,n,-3.963346,4.058511,4.986816,1.166043,OverRange,OverRange,OverRange,8.060181,10.439968,-4.143581
2026/06/09 23:35:00.271,n,-3.978229,3.949747,4.267949,0.922375,OverRange,OverRange,OverRange,8.040303,10.448674,-4.163205
2026/06/09 23:36:00.273,n,-3.875588,3.359992,4.185714,0.876344,OverRange,OverRange,OverRange,8.056626,10.455186,-4.02686
2026/06/09 23:37:00.276,n,-3.781928,4.047037,4.860162,1.153305,OverRange,OverRange,OverRange,8.105744,10.458438,-4.022935
2026/06/09 23:38:00.279,n,-3.699687,4.97427,4.259661,0.354872,OverRange,OverRange,OverRange,8.153636,10.464948,-3.863042
2026/06/09 23:39:00.280,n,-3.685189,5.780974,5.303189,0.730139,OverRange,OverRange,OverRange,8.211416,10.4704,-3.894269
2026/06/09 23:40:00.267,n,-3.579854,4.20137,4.441277,1.105326,OverRange,OverRange,OverRange,8.213191,10.477998,-3.878656
2026/06/09 23:41:00.266,n,-3.638103,3.841102,4.948124,1.147282,OverRange,OverRange,OverRange,8.270188,10.486656,-3.8534
2026/06/09 23:42:00.273,n,-3.605899,3.943974,4.586607,1.000899,OverRange,OverRange,OverRange,8.261043,10.491,-3.896061
2026/06/09 23:43:00.272,n,-3.617831,3.869843,4.68045,0.925724,OverRange,OverRange,OverRange,8.228719,10.496452,-3.868844
2026/06/09 23:44:00.272,n,-3.605899,4.567941,4.734996,1.058757,OverRange,OverRange,OverRange,8.22669,10.506216,-3.826012
2026/06/09 23:45:00.257,n,-3.626812,6.186785,4.887898,1.228631,OverRange,OverRange,OverRange,8.213715,10.509456,-3.767566
2026/06/09 23:46:00.260,n,-3.579726,4.105098,4.604212,1.182974,OverRange,OverRange,OverRange,8.224651,10.517054,-3.710913
2026/06/09 23:47:00.263,n,-3.591658,5.456685,4.989605,0.860379,OverRange,OverRange,OverRange,8.255437,10.521432,-3.720724
2026/06/09 23:48:00.264,n,-3.506723,6.117145,5.104685,0.825229,OverRange,OverRange,OverRange,8.258001,10.525744,-3.641034
2026/06/09 23:49:00.270,n,-3.506466,5.617831,4.651551,1.0213,OverRange,OverRange,OverRange,8.318314,10.529016,-3.62542
2026/06/09 23:50:00.269,n,-3.527251,4.104151,4.33272,0.702381,OverRange,OverRange,OverRange,8.333308,10.535476,-3.636853
2026/06/09 23:51:00.269,n,-3.503515,5.970408,4.918132,0.967241,OverRange,OverRange,OverRange,8.368434,10.539852,-3.695469
2026/06/09 23:52:00.272,n,-3.506466,3.725587,5.409572,0.860886,OverRange,OverRange,OverRange,8.321605,10.54314,-3.843588
2026/06/09 23:53:00.258,n,-3.612186,3.91128,4.204106,0.843646,OverRange,OverRange,OverRange,8.316788,10.550724,-3.800671
2026/06/09 23:54:00.259,n,-3.623733,4.077266,4.614382,1.21495,OverRange,OverRange,OverRange,8.309647,10.556176,-3.732414
2026/06/09 23:55:00.261,n,-3.65568,3.332695,4.850117,1.022005,OverRange,OverRange,OverRange,8.342224,10.560456,-3.617484
2026/06/09 23:56:00.265,n,-3.732019,5.747216,5.330633,0.860695,OverRange,OverRange,OverRange,8.367401,10.559414,-3.634976
2026/06/09 23:57:00.267,n,-3.769997,5.236716,5.103954,0.625956,OverRange,OverRange,OverRange,8.379624,10.567014,-3.763641
2026/06/09 23:58:00.267,n,-3.913565,5.924369,4.870974,0.984913,OverRange,OverRange,OverRange,8.382177,10.562636,-3.734547
2026/06/09 23:59:00.269,n,-3.969376,4.51459,5.409875,0.50393,OverRange,OverRange,OverRange,8.354696,10.56916,-3.884543
