"Timestamp","TZ","GHI1_AV (W/m2)","UVB22013 (W/m2)","UVB22013_AV (W/m2)","UVB22013_SD (W/m2)","UVB22012 (W/m2)","UVB22012_AV (W/m2)","UVB22012_SD (W/m2)","TA_AV (degC)","TL (degC)","GTI_AV (W/m2)"
2026/06/02 00:00:00.281,n,-2.899218,6.408524,4.918636,1.410308,OverRange,OverRange,OverRange,11.472946,14.156398,-3.592486
2026/06/02 00:01:00.268,n,-2.9073,6.308581,6.071547,0.13935,OverRange,OverRange,OverRange,11.459448,14.147796,-3.714752
2026/06/02 00:02:00.267,n,-2.951179,3.291071,4.354564,1.036828,OverRange,OverRange,OverRange,11.419928,14.148904,-3.70895
2026/06/02 00:03:00.269,n,-3.033292,4.046002,4.816925,0.917646,OverRange,OverRange,OverRange,11.44424,14.146754,-3.726441
2026/06/02 00:04:00.271,n,-3.112197,6.175195,4.750152,1.184679,OverRange,OverRange,OverRange,11.460464,14.148904,-3.707073
2026/06/02 00:05:00.274,n,-3.249736,6.395781,5.681829,1.194339,OverRange,OverRange,OverRange,11.488318,14.148904,-3.849305
2026/06/02 00:06:00.276,n,-3.577673,3.328079,5.04742,1.377208,OverRange,OverRange,OverRange,11.461716,14.140352,-4.135646
2026/06/02 00:07:00.277,n,-3.928961,3.862601,4.173767,1.044962,OverRange,OverRange,OverRange,11.427028,14.139178,-4.347927
2026/06/02 00:08:00.279,n,-4.166061,3.789614,4.114817,1.02794,OverRange,OverRange,OverRange,11.405986,14.132776,-4.418062
2026/06/02 00:09:00.283,n,-4.34748,6.218245,4.548836,1.332853,OverRange,OverRange,OverRange,11.398396,14.131702,-4.476422
2026/06/02 00:10:00.267,n,-4.505931,3.894266,4.056473,0.502385,OverRange,OverRange,OverRange,11.312786,14.124174,-4.683072
2026/06/02 00:11:00.269,n,-4.628459,5.895063,5.244628,1.14197,OverRange,OverRange,OverRange,11.374354,14.102656,-4.741518
2026/06/02 00:12:00.271,n,-4.59061,3.537149,4.960119,1.338107,OverRange,OverRange,OverRange,11.279598,14.087636,-4.768736
2026/06/02 00:13:00.273,n,-4.611009,3.866058,4.313164,0.883486,OverRange,OverRange,OverRange,11.27097,14.072536,-4.78435
2026/06/02 00:14:00.275,n,-4.637311,3.531346,5.076522,1.307486,OverRange,OverRange,OverRange,11.300874,14.049942,-4.819417
2026/06/02 00:15:00.277,n,-4.646292,3.53469,5.241377,1.386064,OverRange,OverRange,OverRange,11.293774,14.029548,-4.759094
2026/06/02 00:16:00.279,n,-4.631538,5.776624,5.018344,1.421767,OverRange,OverRange,OverRange,11.285432,14.014432,-4.834945
2026/06/02 00:17:00.280,n,-4.657968,5.996735,5.543152,0.956483,OverRange,OverRange,OverRange,11.26438,13.988612,-4.778548
2026/06/02 00:18:00.282,n,-4.611138,6.423452,4.998884,1.15288,OverRange,OverRange,OverRange,11.20637,13.968202,-4.811738
2026/06/02 00:19:00.268,n,-4.631537,6.297528,5.491337,1.177029,OverRange,OverRange,OverRange,11.237788,13.952076,-4.827266
2026/06/02 00:20:00.270,n,-4.725198,5.991068,5.802567,0.460368,OverRange,OverRange,OverRange,11.23195,13.930542,-4.844843
2026/06/02 00:21:00.272,n,-4.666692,3.443241,4.505127,1.477287,OverRange,OverRange,OverRange,11.146556,13.903632,-4.833068
2026/06/02 00:22:00.275,n,-4.748805,6.330391,4.98511,1.645688,OverRange,OverRange,OverRange,11.167324,13.88213,-4.817454
2026/06/02 00:23:00.275,n,-4.962554,6.083444,4.775985,1.161709,OverRange,OverRange,OverRange,11.118908,13.857372,-4.84288
2026/06/02 00:24:00.261,n,-4.941769,4.021386,4.698683,1.128012,OverRange,OverRange,OverRange,11.08545,13.835824,-4.992962
2026/06/02 00:25:00.280,n,-4.953702,6.270372,5.721707,0.950448,OverRange,OverRange,OverRange,11.142752,13.81432,-4.932469
2026/06/02 00:26:00.283,n,-4.942026,6.018337,5.53048,1.076567,OverRange,OverRange,OverRange,11.068218,13.790606,-4.992877
2026/06/02 00:27:00.285,n,-4.877619,3.968575,4.78393,1.128925,OverRange,OverRange,OverRange,11.029176,13.766922,-4.957809
2026/06/02 00:28:00.269,n,-4.9478,5.438755,4.615518,1.168861,OverRange,OverRange,OverRange,11.06364,13.745372,-5.018217
2026/06/02 00:29:00.272,n,-4.909823,3.7484,4.842013,1.393301,OverRange,OverRange,OverRange,11.021032,13.719556,-5.096116
2026/06/02 00:30:00.256,n,-4.956524,6.126595,5.546624,1.176377,OverRange,OverRange,OverRange,11.038784,13.699082,-5.055418
2026/06/02 00:31:00.259,n,-5.024139,6.32495,4.664016,1.288408,OverRange,OverRange,OverRange,10.96524,13.675334,-5.088352
2026/06/02 00:32:00.261,n,-5.068018,6.085374,4.914461,1.53596,OverRange,OverRange,OverRange,10.961178,13.664616,-5.072823
2026/06/02 00:33:00.265,n,-5.059165,3.295532,5.055199,1.455525,OverRange,OverRange,OverRange,10.923146,13.66351,-5.219236
2026/06/02 00:34:00.267,n,-4.779341,3.474148,4.713619,1.41312,OverRange,OverRange,OverRange,10.956116,13.6366,-4.96856
2026/06/02 00:35:00.268,n,-4.761763,6.438706,5.345991,1.394412,OverRange,OverRange,OverRange,10.996196,13.613962,-5.007637
2026/06/02 00:36:00.269,n,-4.718013,6.263119,5.068557,1.260331,OverRange,OverRange,OverRange,11.00585,13.59782,-4.972485
2026/06/02 00:37:00.272,n,-4.673877,5.632404,5.098126,1.24844,OverRange,OverRange,OverRange,10.980464,13.576222,-5.013525
2026/06/02 00:38:00.257,n,-4.612421,3.597582,4.898015,1.57405,OverRange,OverRange,OverRange,10.96169,13.554708,-4.882897
2026/06/02 00:39:00.259,n,-4.685552,5.780918,5.048263,1.165246,OverRange,OverRange,OverRange,10.998486,13.534218,-4.880849
2026/06/02 00:40:00.260,n,-4.665152,6.019131,5.628115,1.304114,OverRange,OverRange,OverRange,10.967276,13.513712,-4.919841
2026/06/02 00:41:00.262,n,-4.580089,4.054248,5.03359,1.375376,OverRange,OverRange,OverRange,10.881276,13.492182,-5.075895
2026/06/02 00:42:00.264,n,-4.711983,4.108173,5.857828,0.907546,OverRange,OverRange,OverRange,10.970062,13.48244,-4.908237
2026/06/02 00:43:00.267,n,-4.908283,5.830255,5.183889,1.243455,OverRange,OverRange,OverRange,10.93862,13.464118,-5.007552
2026/06/02 00:44:00.268,n,-4.802691,5.853578,5.158106,1.355382,OverRange,OverRange,OverRange,10.925674,13.443646,-4.972655
2026/06/02 00:45:00.271,n,-4.744057,3.371389,4.921754,1.61608,OverRange,OverRange,OverRange,10.909654,13.425292,-4.997825
2026/06/02 00:46:00.271,n,-4.940487,4.741007,4.361399,1.039306,OverRange,OverRange,OverRange,10.907928,13.410194,-5.003712
2026/06/02 00:47:00.257,n,-4.913671,5.972368,6.056963,0.097092,OverRange,OverRange,OverRange,11.017508,13.392944,-4.966512
2026/06/02 00:48:00.259,n,-4.834894,5.688416,5.908299,0.152973,OverRange,OverRange,OverRange,10.96727,13.377816,-4.970608
2026/06/02 00:49:00.262,n,-4.755605,3.946244,4.268867,1.013528,OverRange,OverRange,OverRange,10.894984,13.356268,-4.986136
2026/06/02 00:50:00.263,n,-4.820268,6.020596,5.628107,0.91591,OverRange,OverRange,OverRange,10.988842,13.345488,-4.951154
2026/06/02 00:51:00.265,n,-4.726609,4.579799,4.962409,1.046092,OverRange,OverRange,OverRange,10.939642,13.330388,-5.06395
2026/06/02 00:52:00.266,n,-4.729431,6.748043,5.21856,1.431162,OverRange,OverRange,OverRange,10.976654,13.317392,-5.120518
2026/06/02 00:53:00.270,n,-4.747009,3.860621,4.84804,1.35794,OverRange,OverRange,OverRange,10.888134,13.297996,-5.108744
2026/06/02 00:54:00.271,n,-4.738156,6.048203,5.527577,1.35581,OverRange,OverRange,OverRange,10.949266,13.287214,-5.023251
2026/06/02 00:55:00.257,n,-4.802691,3.716937,5.259905,1.401054,OverRange,OverRange,OverRange,10.862768,13.27316,-5.114716
2026/06/02 00:56:00.258,n,-4.820397,3.72342,3.898391,0.516713,OverRange,OverRange,OverRange,10.861232,13.255912,-5.066168
2026/06/02 00:57:00.262,n,-4.796661,3.898152,4.603763,1.435369,OverRange,OverRange,OverRange,10.890916,13.238632,-5.136132
2026/06/02 00:58:00.264,n,-5.007588,6.746761,4.609794,1.550647,OverRange,OverRange,OverRange,10.886354,13.222428,-5.216164
2026/06/02 00:59:00.264,n,-4.911105,3.764182,5.518573,0.95996,OverRange,OverRange,OverRange,10.837886,13.212738,-5.151831
2026/06/02 01:00:00.266,n,-4.878646,3.219198,4.612856,1.362715,OverRange,OverRange,OverRange,10.825964,13.198684,-5.139972
2026/06/02 01:01:00.268,n,-4.84054,6.414249,5.325253,1.61255,OverRange,OverRange,OverRange,10.844716,13.184648,-5.077857
2026/06/02 01:02:00.274,n,-4.852472,6.413381,4.955914,1.565486,OverRange,OverRange,OverRange,10.840912,13.176016,-5.132293
2026/06/02 01:03:00.273,n,-4.910977,3.717658,4.922856,1.380417,OverRange,OverRange,OverRange,10.817846,13.15981,-5.126405
2026/06/02 01:04:00.258,n,-4.990267,6.545319,4.35754,1.073369,OverRange,OverRange,OverRange,10.826482,13.144698,-5.06412
2026/06/02 01:05:00.261,n,-4.981543,3.868422,5.335598,1.332024,OverRange,OverRange,OverRange,10.768332,13.13496,-5.151747
2026/06/02 01:06:00.261,n,-5.007716,6.518893,4.689067,1.491045,OverRange,OverRange,OverRange,10.803376,13.119864,-5.136218
2026/06/02 01:07:00.264,n,-5.069429,3.723482,4.894704,1.116074,OverRange,OverRange,OverRange,10.738408,13.10475,-5.173162
2026/06/02 01:08:00.265,n,-5.13653,3.506296,4.836867,1.490875,OverRange,OverRange,OverRange,10.782552,13.09177,-5.130245
2026/06/02 01:09:00.267,n,-5.271118,6.023471,5.049099,1.295194,OverRange,OverRange,OverRange,10.80515,13.111134,-5.216164
2026/06/02 01:10:00.269,n,-4.668617,5.473171,3.948709,0.802735,OverRange,OverRange,OverRange,10.778874,13.099278,-4.871804
2026/06/02 01:11:00.271,n,-4.557379,3.579333,5.256786,1.247676,OverRange,OverRange,OverRange,10.82099,13.091706,-4.776415
2026/06/02 01:12:00.275,n,-4.639364,6.355335,4.829275,1.18753,OverRange,OverRange,OverRange,10.818202,13.07332,-4.821038
2026/06/02 01:13:00.258,n,-4.63064,6.128447,4.75542,1.301089,OverRange,OverRange,OverRange,10.846884,13.063582,-4.827181
2026/06/02 01:14:00.261,n,-4.545576,5.942591,5.825827,0.513231,OverRange,OverRange,OverRange,10.854762,13.051758,-4.832898
2026/06/02 01:15:00.262,n,-4.499003,6.155434,6.027027,0.079211,OverRange,OverRange,OverRange,10.827612,13.038764,-4.749026
2026/06/02 01:16:00.265,n,-4.493101,6.421005,5.416361,1.392839,OverRange,OverRange,OverRange,10.791804,13.030164,-4.807387
2026/06/02 01:17:00.266,n,-4.566361,6.189683,5.720186,1.27442,OverRange,OverRange,OverRange,10.739778,13.018244,-4.784179
2026/06/02 01:18:00.268,n,-4.551606,5.889035,4.821388,1.485413,OverRange,OverRange,OverRange,10.699388,13.003116,-4.713959
2026/06/02 01:19:00.270,n,-4.574957,4.644985,5.845248,0.662466,OverRange,OverRange,OverRange,10.722768,12.994436,-4.873596
2026/06/02 01:20:00.272,n,-4.577908,3.349199,4.385082,1.066845,OverRange,OverRange,OverRange,10.707794,12.99012,-4.955677
2026/06/02 01:21:00.274,n,-4.536979,6.074165,5.940195,0.235758,OverRange,OverRange,OverRange,10.78954,12.978264,-4.967365
2026/06/02 01:22:00.260,n,-4.525305,4.203751,4.320251,1.122883,OverRange,OverRange,OverRange,10.657772,12.96405,-4.910968
2026/06/02 01:23:00.261,n,-4.715446,4.529179,5.12352,1.417497,OverRange,OverRange,OverRange,10.725312,12.949018,-5.064803
2026/06/02 01:24:00.264,n,-4.531206,6.097308,5.292449,1.385154,OverRange,OverRange,OverRange,10.73696,12.95009,-4.89723
2026/06/02 01:25:00.266,n,-4.457818,3.774972,4.497311,1.502258,OverRange,OverRange,OverRange,10.675268,12.943676,-4.949874
2026/06/02 01:26:00.269,n,-4.469365,3.28882,4.825818,1.700896,OverRange,OverRange,OverRange,10.724254,12.931854,-4.840662
2026/06/02 01:27:00.271,n,-4.498618,5.908046,5.182491,1.319367,OverRange,OverRange,OverRange,10.720978,12.926498,-4.735375
2026/06/02 01:28:00.273,n,-4.454867,6.351454,5.17864,1.375487,OverRange,OverRange,OverRange,10.71312,12.926498,-4.745102
2026/06/02 01:29:00.274,n,-4.692096,6.355897,4.898219,1.453862,OverRange,OverRange,OverRange,10.756512,12.911464,-4.97129
2026/06/02 01:30:00.276,n,-4.624738,3.526737,4.634584,1.147458,OverRange,OverRange,OverRange,10.722012,12.903926,-4.973167
2026/06/02 01:31:00.264,n,-4.57778,3.784551,3.996337,0.444314,OverRange,OverRange,OverRange,10.762646,12.897492,-4.885542
2026/06/02 01:32:00.264,n,-4.63064,5.931673,5.32471,1.130425,OverRange,OverRange,OverRange,10.78117,12.897492,-4.914721
2026/06/02 01:33:00.270,n,-4.645138,6.085529,5.363003,1.316826,OverRange,OverRange,OverRange,10.67984,12.893196,-4.900985
2026/06/02 01:34:00.270,n,-4.686065,3.687095,4.759372,1.310344,OverRange,OverRange,OverRange,10.637696,12.887804,-4.949874
2026/06/02 01:35:00.269,n,-4.75368,5.124319,4.734983,1.121842,OverRange,OverRange,OverRange,10.694322,12.873866,-5.055076
2026/06/02 01:36:00.273,n,-4.680421,3.960736,5.3676,1.339171,OverRange,OverRange,OverRange,10.724544,12.8717,-5.168128
2026/06/02 01:37:00.273,n,-4.712624,4.001505,4.205602,1.08959,OverRange,OverRange,OverRange,10.703238,12.860952,-5.090314
2026/06/02 01:38:00.276,n,-4.694918,6.357695,4.664305,1.350147,OverRange,OverRange,OverRange,10.783422,12.860952,-5.033661
2026/06/02 01:39:00.277,n,-4.56341,5.093232,5.315624,1.177649,OverRange,OverRange,OverRange,10.753998,12.849178,-5.109682
2026/06/02 01:40:00.263,n,-4.616013,6.681379,4.774235,1.545672,OverRange,OverRange,OverRange,10.74941,12.843788,-4.988695
2026/06/02 01:41:00.264,n,-4.651168,3.802743,4.404957,1.182776,OverRange,OverRange,OverRange,10.689266,12.83519,-5.002433
2026/06/02 01:42:00.267,n,-4.765356,3.643264,4.99683,1.372294,OverRange,OverRange,OverRange,10.758546,12.8255,-4.934345
2026/06/02 01:43:00.271,n,-4.706722,3.326525,4.882616,1.668022,OverRange,OverRange,OverRange,10.782914,12.82765,-4.984856
2026/06/02 01:44:00.270,n,-4.668745,5.977268,4.943263,1.065023,OverRange,OverRange,OverRange,10.742314,12.820112,-4.904909
2026/06/02 01:45:00.274,n,-4.712752,6.487726,4.691612,1.507213,OverRange,OverRange,OverRange,10.727072,12.821218,-4.963355
2026/06/02 01:46:00.275,n,-4.753552,6.16791,4.929309,1.326972,OverRange,OverRange,OverRange,10.781138,12.812638,-5.055162
2026/06/02 01:47:00.275,n,-4.733152,6.000486,5.930401,0.238172,OverRange,OverRange,OverRange,10.779908,12.801824,-5.140825
2026/06/02 01:48:00.278,n,-4.70082,6.255086,5.330535,1.516466,OverRange,OverRange,OverRange,10.7131,12.800784,-5.016083
2026/06/02 01:49:00.263,n,-4.80051,6.535778,4.881877,1.310236,OverRange,OverRange,OverRange,10.643544,12.792184,-4.967366
2026/06/02 01:50:00.265,n,-4.867868,3.347305,4.480642,1.52164,OverRange,OverRange,OverRange,10.659276,12.78896,-4.904995
2026/06/02 01:51:00.269,n,-4.952675,6.343105,5.144657,1.361439,OverRange,OverRange,OverRange,10.677074,12.78038,-4.930421
2026/06/02 01:52:00.270,n,-4.900072,6.33519,4.923681,1.556769,OverRange,OverRange,OverRange,10.653672,12.769632,-4.945864
2026/06/02 01:53:00.271,n,-4.982184,6.448676,4.930773,1.591213,OverRange,OverRange,OverRange,10.662828,12.7632,-5.010367
2026/06/02 01:54:00.273,n,-4.955755,5.470217,4.737115,1.640918,OverRange,OverRange,OverRange,10.601624,12.75242,-4.963526
2026/06/02 01:55:00.276,n,-4.958705,3.366778,4.609953,1.536922,OverRange,OverRange,OverRange,10.542196,12.749228,-4.881531
2026/06/02 01:56:00.279,n,-4.967558,5.648995,5.024949,1.415354,OverRange,OverRange,OverRange,10.578252,12.74169,-4.916599
2026/06/02 01:57:00.279,n,-5.049542,3.661792,4.438037,1.545017,OverRange,OverRange,OverRange,10.602142,12.728792,-5.148589
2026/06/02 01:58:00.265,n,-4.96435,3.162123,5.136399,1.554215,OverRange,OverRange,OverRange,10.602896,12.71912,-5.261555
2026/06/02 01:59:00.266,n,-4.979234,3.164767,4.886132,1.618221,OverRange,OverRange,OverRange,10.595796,12.715878,-5.22282
2026/06/02 02:00:00.272,n,-4.905717,3.826624,3.822785,0.047985,OverRange,OverRange,OverRange,10.549068,12.704076,-5.154477
2026/06/02 02:01:00.270,n,-5.023113,3.612912,5.071732,1.383303,OverRange,OverRange,OverRange,10.605438,12.716678,-5.308654
2026/06/02 02:02:00.272,n,-4.706465,6.775347,4.409462,1.165174,OverRange,OverRange,OverRange,10.566224,12.70852,-4.978628
2026/06/02 02:03:00.276,n,-4.782548,6.29225,6.153929,0.131276,OverRange,OverRange,OverRange,10.61107,12.690266,-5.05064
2026/06/02 02:04:00.276,n,-4.80282,4.540122,4.573035,1.395578,OverRange,OverRange,OverRange,10.481502,12.693572,-5.072226
2026/06/02 02:05:00.278,n,-4.829378,3.791025,5.268066,1.379759,OverRange,OverRange,OverRange,10.597932,12.671002,-5.04279
2026/06/02 02:06:00.280,n,-4.91983,3.567981,5.150162,1.449734,OverRange,OverRange,OverRange,10.592076,12.671002,-4.996204
2026/06/02 02:07:00.267,n,-4.957936,6.001514,6.120991,0.166399,OverRange,OverRange,OverRange,10.577618,12.661348,-4.980505
2026/06/02 02:08:00.267,n,-4.867098,4.007274,5.25718,1.209924,OverRange,OverRange,OverRange,10.51792,12.657032,-5.095605
2026/06/02 02:09:00.270,n,-4.866842,6.022148,5.574154,1.172142,OverRange,OverRange,OverRange,10.579392,12.651642,-5.021289
2026/06/02 02:10:00.277,n,-4.855294,5.372226,5.93075,0.284572,OverRange,OverRange,OverRange,10.476274,12.637672,-4.923851
2026/06/02 02:11:00.277,n,-4.872872,3.406946,4.282688,1.203667,OverRange,OverRange,OverRange,10.440156,12.631208,-4.966853
2026/06/02 02:12:00.277,n,-4.937407,6.346615,5.193014,1.457951,OverRange,OverRange,OverRange,10.487184,12.622608,-4.879227
2026/06/02 02:13:00.278,n,-4.922652,3.298985,4.811837,1.645354,OverRange,OverRange,OverRange,10.414486,12.612952,-4.923937
2026/06/02 02:14:00.279,n,-5.192213,6.00491,5.415604,0.981346,OverRange,OverRange,OverRange,10.496846,12.6011,-5.056612
2026/06/02 02:15:00.281,n,-5.051338,6.253491,5.679533,1.264188,OverRange,OverRange,OverRange,10.39823,12.593562,-4.990231
2026/06/02 02:16:00.266,n,-5.116002,3.24901,5.313662,1.546891,OverRange,OverRange,OverRange,10.356024,12.587096,-5.07598
2026/06/02 02:17:00.269,n,-5.221337,4.023061,5.387829,1.311584,OverRange,OverRange,OverRange,10.399994,12.569918,-5.198844
2026/06/02 02:18:00.272,n,-5.180537,6.779237,5.657811,1.191985,OverRange,OverRange,OverRange,10.421336,12.56238,-5.097482
2026/06/02 02:19:00.273,n,-5.110228,6.455038,5.354126,1.321987,OverRange,OverRange,OverRange,10.426174,12.54735,-5.132549
2026/06/02 02:20:00.276,n,-5.177586,4.74401,4.940273,0.87705,OverRange,OverRange,OverRange,10.314616,12.53978,-5.103283
2026/06/02 02:21:00.280,n,-5.189262,3.472932,5.223239,1.436612,OverRange,OverRange,OverRange,10.444728,12.533348,-5.132634
2026/06/02 02:22:00.280,n,-5.002071,4.406857,5.217174,1.136797,OverRange,OverRange,OverRange,10.490468,12.52475,-5.163777
2026/06/02 02:23:00.281,n,-5.083798,6.406451,4.97807,1.283972,OverRange,OverRange,OverRange,10.448274,12.512896,-5.190995
2026/06/02 02:24:00.287,n,-4.940102,3.454023,4.499302,1.5863,OverRange,OverRange,OverRange,10.316102,12.504284,-5.011733
2026/06/02 02:25:00.270,n,-4.908154,6.768946,5.001121,1.652242,OverRange,OverRange,OverRange,10.399994,12.502168,-4.838358
2026/06/02 02:26:00.270,n,-4.937535,6.351826,5.107255,1.42596,OverRange,OverRange,OverRange,10.408372,12.489238,-4.861651
2026/06/02 02:27:00.273,n,-4.916879,3.393683,4.843825,1.686055,OverRange,OverRange,OverRange,10.316112,12.479566,-4.873426
2026/06/02 02:28:00.261,n,-4.952034,3.420292,4.775118,1.540784,OverRange,OverRange,OverRange,10.402532,12.467714,-5.021374
2026/06/02 02:29:00.260,n,-4.963709,6.403535,5.163841,1.390386,OverRange,OverRange,OverRange,10.413728,12.460206,-4.972741
2026/06/02 02:30:00.262,n,-4.905075,3.103277,4.571423,1.546925,OverRange,OverRange,OverRange,10.356014,12.455858,-4.957126
2026/06/02 02:31:00.264,n,-4.954727,6.488871,4.946897,1.363635,OverRange,OverRange,OverRange,10.440146,12.454784,-4.988269
2026/06/02 02:32:00.266,n,-4.946131,6.205085,4.748124,1.079182,OverRange,OverRange,OverRange,10.480058,12.43974,-5.169664
2026/06/02 02:33:00.268,n,-4.922652,6.079687,5.311005,1.406661,OverRange,OverRange,OverRange,10.509776,12.433258,-5.210618
2026/06/02 02:34:00.270,n,-4.834895,3.687389,4.520841,1.485499,OverRange,OverRange,OverRange,10.382956,12.432218,-5.118812
2026/06/02 02:35:00.271,n,-4.934457,3.302868,5.477107,1.232108,OverRange,OverRange,OverRange,10.426178,12.425754,-5.10516
2026/06/02 02:36:00.257,n,-4.990139,6.583709,4.829848,0.957624,OverRange,OverRange,OverRange,10.478282,12.414974,-5.136389
2026/06/02 02:37:00.260,n,-5.001814,3.414921,4.626013,1.526027,OverRange,OverRange,OverRange,10.337724,12.411784,-5.196882
2026/06/02 02:38:00.261,n,-5.116002,4.030839,4.949058,1.576753,OverRange,OverRange,OverRange,10.369996,12.403154,-5.233911
2026/06/02 02:39:00.264,n,-5.098425,3.712081,5.547468,1.165801,OverRange,OverRange,OverRange,10.382458,12.401004,-5.194834
2026/06/02 02:40:00.265,n,-5.077896,5.913975,6.093943,0.177543,OverRange,OverRange,OverRange,10.438156,12.39669,-5.169749
2026/06/02 02:41:00.267,n,-4.992833,3.897418,4.447446,1.365354,OverRange,OverRange,OverRange,10.275426,12.392392,-5.111218
2026/06/02 02:42:00.269,n,-5.04287,6.473068,4.993984,1.544585,OverRange,OverRange,OverRange,10.331106,12.3913,-4.929653
2026/06/02 02:43:00.271,n,-5.057369,3.372246,4.482445,1.6139,OverRange,OverRange,OverRange,10.277432,12.374076,-5.037244
2026/06/02 02:44:00.257,n,-5.157058,3.863681,4.309477,1.078549,OverRange,OverRange,OverRange,10.286892,12.404034,-5.151917
2026/06/02 02:45:00.258,n,-4.782676,6.401361,4.250763,1.055135,OverRange,OverRange,OverRange,10.41947,12.391138,-4.903289
2026/06/02 02:46:00.261,n,-4.668617,3.651686,4.754843,1.555084,OverRange,OverRange,OverRange,10.4581,12.390064,-5.156524
2026/06/02 02:47:00.263,n,-4.718397,3.196687,4.219138,1.139262,OverRange,OverRange,OverRange,10.385662,12.385748,-5.033746
2026/06/02 02:48:00.267,n,-4.527999,6.131002,5.538633,1.116652,OverRange,OverRange,OverRange,10.366368,12.371974,-4.71029
2026/06/02 02:49:00.267,n,-4.820781,6.13783,4.862034,1.447359,OverRange,OverRange,OverRange,10.44097,12.362254,-5.109512
2026/06/02 02:50:00.272,n,-4.858759,3.615071,4.653218,1.229939,OverRange,OverRange,OverRange,10.2989,12.352584,-5.212837
2026/06/02 02:51:00.271,n,-5.052109,6.727563,4.641855,1.524277,OverRange,OverRange,OverRange,10.40794,12.348268,-5.23229
2026/06/02 02:52:00.256,n,-4.91149,6.455305,4.825252,1.455974,OverRange,OverRange,OverRange,10.30396,12.343938,-4.984686
2026/06/02 02:53:00.259,n,-5.066863,6.227649,4.731141,1.024648,OverRange,OverRange,OverRange,10.316178,12.340696,-5.085963
2026/06/02 02:54:00.260,n,-5.008101,6.044842,5.299997,1.129909,OverRange,OverRange,OverRange,10.344402,12.332118,-5.146456
2026/06/02 02:55:00.262,n,-5.040305,3.075525,4.072457,1.196072,OverRange,OverRange,OverRange,10.347946,12.324562,-5.146626
2026/06/02 02:56:00.266,n,-4.902766,3.310634,4.822756,1.782207,OverRange,OverRange,OverRange,10.46637,12.322446,-5.091935
2026/06/02 02:57:00.268,n,-4.711983,3.705801,5.217283,1.507128,OverRange,OverRange,OverRange,10.461544,12.322446,-5.0003
2026/06/02 02:58:00.268,n,-4.890962,3.867606,4.769463,1.088676,OverRange,OverRange,OverRange,10.418382,12.317024,-5.181609
2026/06/02 02:59:00.272,n,-4.744443,3.563935,5.05408,1.596518,OverRange,OverRange,OverRange,10.454428,12.31919,-5.049189
2026/06/02 03:00:00.273,n,-4.879159,3.287514,4.671585,1.240256,OverRange,OverRange,OverRange,10.372112,12.309484,-5.080247
2026/06/02 03:01:00.257,n,-4.925988,3.341941,4.64373,1.49112,OverRange,OverRange,OverRange,10.36345,12.31056,-5.084171
2026/06/02 03:02:00.262,n,-4.90546,3.976452,4.474674,1.255778,OverRange,OverRange,OverRange,10.343888,12.308378,-5.111389
2026/06/02 03:03:00.261,n,-5.014003,5.908432,5.13941,1.278034,OverRange,OverRange,OverRange,10.483414,12.305202,-5.152258
2026/06/02 03:04:00.263,n,-4.946645,6.236311,5.745707,1.192126,OverRange,OverRange,OverRange,10.378958,12.298738,-5.22444
2026/06/02 03:05:00.266,n,-4.990395,3.126242,4.731205,1.418314,OverRange,OverRange,OverRange,10.309036,12.300888,-5.259679
2026/06/02 03:06:00.268,n,-5.017082,3.141684,4.792513,1.568483,OverRange,OverRange,OverRange,10.342088,12.30198,-5.193213
2026/06/02 03:07:00.268,n,-5.03761,6.272007,5.377754,1.632876,OverRange,OverRange,OverRange,10.341832,12.295484,-5.123163
2026/06/02 03:08:00.274,n,-4.93189,3.307319,4.776459,1.697588,OverRange,OverRange,OverRange,10.264278,12.296558,-5.105587
2026/06/02 03:09:00.273,n,-5.069814,3.317308,4.874057,1.674545,OverRange,OverRange,OverRange,10.25437,12.295484,-5.031442
2026/06/02 03:10:00.259,n,-4.981928,4.115047,5.130972,1.525718,OverRange,OverRange,OverRange,10.1745,12.286886,-4.887419
2026/06/02 03:11:00.262,n,-4.987829,6.269041,5.393221,1.628343,OverRange,OverRange,OverRange,10.196112,12.282572,-4.848341
2026/06/02 03:12:00.263,n,-4.940871,3.448228,4.862945,1.483231,OverRange,OverRange,OverRange,10.12643,12.283632,-4.885371
2026/06/02 03:13:00.265,n,-5.277405,3.959461,4.858509,1.292787,OverRange,OverRange,OverRange,10.138916,12.283762,-4.953714
2026/06/02 03:14:00.266,n,-4.783061,4.435951,4.651529,1.436386,OverRange,OverRange,OverRange,10.148484,12.284624,-4.624712
2026/06/02 03:15:00.270,n,-5.087519,3.182538,4.87249,1.719992,OverRange,OverRange,OverRange,10.13732,12.26844,-4.846549
2026/06/02 03:16:00.270,n,-4.896992,6.638925,5.237833,1.566094,OverRange,OverRange,OverRange,10.128932,12.2652,-4.717798
2026/06/02 03:17:00.274,n,-4.879544,3.378181,4.960093,1.511425,OverRange,OverRange,OverRange,10.066356,12.258768,-4.729658
2026/06/02 03:18:00.275,n,-4.806284,3.369962,4.899049,1.761908,OverRange,OverRange,OverRange,10.030696,12.251198,-4.682816
2026/06/02 03:19:00.260,n,-4.771257,3.376188,4.791146,1.483123,OverRange,OverRange,OverRange,10.141892,12.243708,-4.840748
2026/06/02 03:20:00.265,n,-4.932275,6.321833,5.358302,1.491233,OverRange,OverRange,OverRange,10.174728,12.231822,-4.975215
2026/06/02 03:21:00.266,n,-4.750601,4.740142,5.37517,1.075059,OverRange,OverRange,OverRange,10.095378,12.225392,-4.910968
2026/06/02 03:22:00.267,n,-4.715446,6.274764,5.28468,1.447807,OverRange,OverRange,OverRange,10.16685,12.220002,-4.786312
2026/06/02 03:23:00.268,n,-4.712624,3.683271,4.396809,1.076501,OverRange,OverRange,OverRange,9.939388,12.209208,-4.710034
2026/06/02 03:24:00.271,n,-5.029014,5.028338,4.827799,1.266705,OverRange,OverRange,OverRange,10.103008,12.201654,-4.753121
2026/06/02 03:25:00.274,n,-4.958577,5.991296,5.53634,1.131834,OverRange,OverRange,OverRange,10.109112,12.204928,-4.893306
2026/06/02 03:26:00.274,n,-4.79448,6.224789,6.123964,0.084288,OverRange,OverRange,OverRange,10.149064,12.191968,-5.049274
2026/06/02 03:27:00.276,n,-4.908924,3.854117,4.229593,1.079485,OverRange,OverRange,OverRange,9.984178,12.18337,-4.992621
2026/06/02 03:28:00.262,n,-4.996682,6.414367,5.034971,1.158412,OverRange,OverRange,OverRange,10.137858,12.173684,-5.022057
2026/06/02 03:29:00.264,n,-4.844517,6.462662,5.121413,1.575072,OverRange,OverRange,OverRange,9.974716,12.171518,-4.959686
2026/06/02 03:30:00.266,n,-4.774337,3.289078,5.03895,1.420472,OverRange,OverRange,OverRange,9.969148,12.166098,-4.936223
2026/06/02 03:31:00.268,n,-4.785755,3.87219,4.542084,0.897841,OverRange,OverRange,OverRange,10.049078,12.16398,-4.932213
2026/06/02 03:32:00.270,n,-4.938049,3.825042,4.190197,1.196495,OverRange,OverRange,OverRange,10.038382,12.14778,-4.975045
2026/06/02 03:33:00.271,n,-5.037867,6.098861,4.522288,1.030508,OverRange,OverRange,OverRange,10.06309,12.143466,-4.975044
2026/06/02 03:34:00.274,n,-4.873385,3.453204,5.654148,1.080031,OverRange,OverRange,OverRange,10.047816,12.142424,-5.103966
2026/06/02 03:35:00.276,n,-4.785884,6.312416,5.222248,1.217581,OverRange,OverRange,OverRange,10.141938,12.13378,-5.022057
2026/06/02 03:36:00.279,n,-4.762405,6.203004,5.752132,0.906538,OverRange,OverRange,OverRange,10.091568,12.126274,-5.080588
2026/06/02 03:37:00.264,n,-4.943694,3.279965,4.152319,1.220685,OverRange,OverRange,OverRange,9.95336,12.12839,-5.107634
2026/06/02 03:38:00.265,n,-4.779982,5.186505,5.083336,1.289026,OverRange,OverRange,OverRange,10.146246,12.117644,-5.043558
2026/06/02 03:39:00.268,n,-4.689145,3.292788,4.242927,1.191102,OverRange,OverRange,OverRange,9.993052,12.116538,-4.916769
2026/06/02 03:40:00.269,n,-4.65104,3.319117,4.631055,1.560231,OverRange,OverRange,OverRange,10.05742,12.119812,-4.9381
2026/06/02 03:41:00.271,n,-4.683243,3.321196,4.648004,1.406303,OverRange,OverRange,OverRange,10.062028,12.115464,-4.914807
2026/06/02 03:42:00.273,n,-4.601387,3.372844,5.362784,1.391974,OverRange,OverRange,OverRange,10.100714,12.104718,-5.082465
2026/06/02 03:43:00.276,n,-4.692224,3.589815,5.418906,1.143884,OverRange,OverRange,OverRange,10.085206,12.098222,-5.150808
2026/06/02 03:44:00.276,n,-4.955755,4.718627,4.806247,1.239031,OverRange,OverRange,OverRange,10.018758,12.099298,-5.0747
2026/06/02 03:45:00.278,n,-4.932404,3.874952,3.951737,0.241203,OverRange,OverRange,OverRange,10.0132,12.09176,-5.000556
2026/06/02 03:46:00.265,n,-4.89417,3.257095,5.233853,1.53669,OverRange,OverRange,OverRange,10.086156,12.0928,-5.084512
2026/06/02 03:47:00.265,n,-4.920471,3.444953,4.968802,1.132643,OverRange,OverRange,OverRange,10.086462,12.08637,-5.263689
2026/06/02 03:48:00.268,n,-4.891219,6.429997,5.170804,1.292776,OverRange,OverRange,OverRange,10.035574,12.084206,-5.113607
2026/06/02 03:49:00.271,n,-4.911619,3.867941,4.689622,1.188249,OverRange,OverRange,OverRange,10.015982,12.078848,-5.300719
2026/06/02 03:50:00.271,n,-4.800638,3.803996,4.589155,1.314664,OverRange,OverRange,OverRange,10.03479,12.077742,-5.217018
2026/06/02 03:51:00.275,n,-4.894042,3.14534,5.194395,1.551239,OverRange,OverRange,OverRange,10.088704,12.06913,-5.31437
2026/06/02 03:52:00.275,n,-4.698126,6.117162,6.095085,0.299989,OverRange,OverRange,OverRange,10.165884,12.07131,-5.273586
2026/06/02 03:53:00.278,n,-4.70685,6.077708,5.33654,1.624131,OverRange,OverRange,OverRange,9.963044,12.065888,-5.131183
2026/06/02 03:54:00.279,n,-4.703771,6.582306,5.561497,1.380944,OverRange,OverRange,OverRange,9.975744,12.06374,-5.21898
2026/06/02 03:55:00.265,n,-4.876592,4.07741,4.791142,1.206014,OverRange,OverRange,OverRange,10.004008,12.0605,-5.306606
2026/06/02 03:56:00.268,n,-4.782676,5.23334,4.934682,1.409973,OverRange,OverRange,OverRange,10.081356,12.050782,-5.170176
2026/06/02 03:57:00.268,n,-4.765099,3.586619,4.824586,1.397053,OverRange,OverRange,OverRange,10.127894,12.052962,-5.271623
2026/06/02 03:58:00.272,n,-4.788834,6.516702,5.256681,1.550732,OverRange,OverRange,OverRange,10.221228,12.051888,-5.384761
2026/06/02 03:59:00.272,n,-4.668617,6.523157,4.62557,1.43425,OverRange,OverRange,OverRange,10.201676,12.051888,-5.218895
2026/06/02 04:00:00.274,n,-4.639236,2.989332,4.574273,1.365405,OverRange,OverRange,OverRange,10.199372,12.052962,-5.304814
2026/06/02 04:01:00.276,n,-4.706979,3.783476,4.089685,1.203319,OverRange,OverRange,OverRange,10.231964,12.052962,-5.199527
2026/06/02 04:02:00.278,n,-4.715703,6.070401,4.603093,1.278133,OverRange,OverRange,OverRange,10.35759,12.051888,-5.18195
2026/06/02 04:03:00.280,n,-4.618707,5.903556,4.189381,0.99149,OverRange,OverRange,OverRange,10.234518,12.055112,-5.172138
2026/06/02 04:04:00.268,n,-4.472573,3.94614,4.630174,1.317075,OverRange,OverRange,OverRange,10.199392,12.057244,-5.068899
2026/06/02 04:05:00.269,n,-4.504776,3.812069,3.842954,0.109612,OverRange,OverRange,OverRange,10.201732,12.059394,-4.953714
2026/06/02 04:06:00.271,n,-4.677598,3.908526,4.629391,1.337668,OverRange,OverRange,OverRange,10.210308,12.059394,-5.053284
2026/06/02 04:07:00.271,n,-4.785884,6.437383,4.505905,1.137893,OverRange,OverRange,OverRange,10.26349,12.065888,-5.084512
2026/06/02 04:08:00.274,n,-4.569183,6.554861,4.946714,1.643471,OverRange,OverRange,OverRange,10.245622,12.06913,-5.080502
2026/06/02 04:09:00.276,n,-4.510165,6.467916,4.941833,1.726548,OverRange,OverRange,OverRange,10.249676,12.064816,-5.029735
2026/06/02 04:10:00.278,n,-4.671695,6.499144,5.336389,1.593933,OverRange,OverRange,OverRange,10.256578,12.06913,-5.162326
2026/06/02 04:11:00.279,n,-4.639236,2.836503,4.647314,1.521617,OverRange,OverRange,OverRange,10.174444,12.075592,-5.119409
2026/06/02 04:12:00.280,n,-4.703771,6.499062,5.297122,1.559771,OverRange,OverRange,OverRange,10.264196,12.073426,-5.092277
2026/06/02 04:13:00.266,n,-4.633462,6.4358,4.183155,1.182763,OverRange,OverRange,OverRange,10.256566,12.072352,-4.992706
2026/06/02 04:14:00.269,n,-4.686194,3.797822,4.968124,1.176807,OverRange,OverRange,OverRange,10.240612,12.075592,-5.250294
2026/06/02 04:15:00.271,n,-4.677469,3.28953,4.231546,1.264856,OverRange,OverRange,OverRange,10.271348,12.070204,-5.119494
2026/06/02 04:16:00.272,n,-4.668745,3.724977,4.130968,1.198429,OverRange,OverRange,OverRange,10.19302,12.082088,-4.944072
2026/06/02 04:17:00.275,n,-4.536723,3.698383,4.57653,1.414993,OverRange,OverRange,OverRange,10.27644,12.079908,-4.961649
2026/06/02 04:18:00.279,n,-4.706594,6.508845,5.389187,1.274005,OverRange,OverRange,OverRange,10.325994,12.074486,-5.060878
2026/06/02 04:19:00.281,n,-4.697869,4.911649,4.362493,1.074842,OverRange,OverRange,OverRange,10.151852,12.08313,-5.057039
2026/06/02 04:20:00.282,n,-4.601259,6.241343,5.112114,1.31303,OverRange,OverRange,OverRange,10.285568,12.084206,-4.912844
2026/06/02 04:21:00.285,n,-4.487071,5.204518,6.04562,0.417972,OverRange,OverRange,OverRange,10.247498,12.082088,-5.045435
2026/06/02 04:22:00.269,n,-4.387509,6.056139,6.22024,0.134695,OverRange,OverRange,OverRange,10.337022,12.08313,-4.914721
2026/06/02 04:23:00.270,n,-4.396234,3.808367,4.551416,1.332887,OverRange,OverRange,OverRange,10.155152,12.08313,-4.910882
2026/06/02 04:24:00.271,n,-4.513373,3.477287,4.795534,1.295236,OverRange,OverRange,OverRange,10.319134,12.087446,-4.883665
2026/06/02 04:25:00.274,n,-4.657069,3.913952,4.133773,1.184187,OverRange,OverRange,OverRange,10.287618,12.087446,-4.920523
2026/06/02 04:26:00.276,n,-4.528255,6.518281,4.630812,1.23734,OverRange,OverRange,OverRange,10.320664,12.0928,-4.73162
2026/06/02 04:27:00.278,n,-4.463591,4.02418,4.18198,0.426994,OverRange,OverRange,OverRange,10.181652,12.089626,-4.811482
2026/06/02 04:28:00.280,n,-4.618836,6.33831,5.286769,1.288884,OverRange,OverRange,OverRange,10.381176,12.097132,-4.840748
2026/06/02 04:29:00.282,n,-4.586632,6.361171,5.068524,1.60526,OverRange,OverRange,OverRange,10.288106,12.099298,-4.916855
2026/06/02 04:30:00.267,n,-4.434339,5.778022,4.854439,1.231255,OverRange,OverRange,OverRange,10.299556,12.096088,-4.77249
2026/06/02 04:31:00.271,n,-4.331827,4.564541,4.846453,1.501237,OverRange,OverRange,OverRange,10.286824,12.099298,-4.840748
2026/06/02 04:32:00.271,n,-4.627432,6.459276,5.074924,1.635481,OverRange,OverRange,OverRange,10.364822,12.096088,-4.883579
2026/06/02 04:33:00.257,n,-4.440369,6.071673,5.463677,1.153469,OverRange,OverRange,OverRange,10.411694,12.098222,-4.983065
2026/06/02 04:34:00.260,n,-4.431516,6.304487,5.319021,1.628784,OverRange,OverRange,OverRange,10.353622,12.103644,-4.928374
2026/06/02 04:35:00.262,n,-4.43729,3.378181,4.795577,1.504552,OverRange,OverRange,OverRange,10.219676,12.10576,-4.858238
2026/06/02 04:36:00.264,n,-4.586761,3.991719,4.591647,1.373754,OverRange,OverRange,OverRange,10.26799,12.101478,-4.782302
2026/06/02 04:37:00.265,n,-4.51658,6.498228,6.199633,0.419263,OverRange,OverRange,OverRange,10.32097,12.10576,-4.846635
2026/06/02 04:38:00.268,n,-4.390332,6.119471,6.297775,0.09136,OverRange,OverRange,OverRange,10.26736,12.116538,-4.869927
2026/06/02 04:39:00.269,n,-4.410732,3.85181,4.347087,0.928159,OverRange,OverRange,OverRange,10.186722,12.106868,-4.803717
2026/06/02 04:40:00.270,n,-4.534029,3.787787,4.405887,1.243109,OverRange,OverRange,OverRange,10.301616,12.108982,-4.803718
2026/06/02 04:41:00.256,n,-4.580859,3.968464,3.860354,0.07994,OverRange,OverRange,OverRange,10.294068,12.106868,-4.741347
2026/06/02 04:42:00.258,n,-4.469494,3.326894,5.078935,1.490403,OverRange,OverRange,OverRange,10.36559,12.108982,-4.885627
2026/06/02 04:43:00.261,n,-4.399184,4.639227,5.09964,1.694857,OverRange,OverRange,OverRange,10.335064,12.11115,-4.757046
2026/06/02 04:44:00.262,n,-4.261646,5.568094,5.14584,1.371249,OverRange,OverRange,OverRange,10.304606,12.11439,-4.63222
2026/06/02 04:45:00.265,n,-4.390332,6.55245,4.77675,1.522904,OverRange,OverRange,OverRange,10.24025,12.107942,-4.690751
2026/06/02 04:46:00.265,n,-4.475395,6.472245,5.546292,1.142864,OverRange,OverRange,OverRange,10.304912,12.11115,-4.819417
2026/06/02 04:47:00.269,n,-4.3376,3.526149,4.561212,1.334779,OverRange,OverRange,OverRange,10.135758,12.115464,-4.782302
2026/06/02 04:48:00.270,n,-4.322846,3.794369,3.956455,0.116338,OverRange,OverRange,OverRange,10.232758,12.119812,-4.567802
2026/06/02 04:49:00.273,n,-4.501697,3.769026,4.191332,1.269385,OverRange,OverRange,OverRange,10.246914,12.11439,-4.686656
2026/06/02 04:50:00.258,n,-4.618964,3.718321,3.761755,0.045921,OverRange,OverRange,OverRange,10.316182,12.11439,-4.807557
2026/06/02 04:51:00.260,n,-4.557508,3.776469,3.77676,0.063805,OverRange,OverRange,OverRange,10.31212,12.119812,-4.710204
2026/06/02 04:52:00.261,n,-4.583681,3.710409,3.731515,0.087634,OverRange,OverRange,OverRange,10.3299,12.115464,-4.700478
2026/06/02 04:53:00.263,n,-4.387638,6.652791,5.911413,0.699424,OverRange,OverRange,OverRange,10.429704,12.120852,-4.700478
2026/06/02 04:54:00.266,n,-4.232136,6.035391,6.286853,0.128063,OverRange,OverRange,OverRange,10.2582,12.123034,-4.698259
2026/06/02 04:55:00.266,n,-4.375705,3.34696,4.835089,1.208883,OverRange,OverRange,OverRange,10.209016,12.120852,-4.747234
2026/06/02 04:56:00.268,n,-4.451916,3.826735,4.343826,1.209162,OverRange,OverRange,OverRange,10.322444,12.117644,-4.7608
2026/06/02 04:57:00.271,n,-4.431516,6.253478,4.942355,1.284715,OverRange,OverRange,OverRange,10.406622,12.119812,-4.692628
2026/06/02 04:58:00.256,n,-4.24394,5.876199,5.481607,1.194992,OverRange,OverRange,OverRange,10.278214,12.121926,-4.714044
2026/06/02 04:59:00.259,n,-4.334778,3.80136,4.672933,1.213292,OverRange,OverRange,OverRange,10.29216,12.127316,-4.834775
2026/06/02 05:00:00.262,n,-4.366853,6.088548,6.133367,0.174614,OverRange,OverRange,OverRange,10.437108,12.124108,-4.797745
2026/06/02 05:01:00.265,n,-4.296672,4.095838,4.649788,1.234819,OverRange,OverRange,OverRange,10.145224,12.125182,-4.778462
2026/06/02 05:02:00.265,n,-4.46975,4.214783,4.7487,1.173959,OverRange,OverRange,OverRange,10.353724,12.13054,-4.788018
2026/06/02 05:03:00.269,n,-4.314249,6.612082,5.68704,1.259155,OverRange,OverRange,OverRange,10.401974,12.125182,-4.795868
2026/06/02 05:04:00.268,n,-4.290899,3.272864,4.848219,1.750985,OverRange,OverRange,OverRange,10.172542,12.132706,-4.745187
2026/06/02 05:05:00.270,n,-4.405086,3.350423,4.898793,1.806675,OverRange,OverRange,OverRange,10.278564,12.135962,-4.782216
2026/06/02 05:06:00.276,n,-4.472316,6.75086,5.075197,1.572219,OverRange,OverRange,OverRange,10.311204,12.135962,-4.770528
2026/06/02 05:07:00.258,n,-4.314121,6.231832,6.244198,0.028005,OverRange,OverRange,OverRange,10.347184,12.142424,-4.83486
2026/06/02 05:08:00.259,n,-4.197239,4.848876,5.130011,1.452406,OverRange,OverRange,OverRange,10.194264,12.143466,-4.76865
2026/06/02 05:09:00.261,n,-4.492973,6.099382,5.201957,1.423242,OverRange,OverRange,OverRange,10.400436,12.138094,-4.825133
2026/06/02 05:10:00.263,n,-4.402136,6.250952,5.242357,1.564681,OverRange,OverRange,OverRange,10.336416,12.145632,-4.858238
2026/06/02 05:11:00.265,n,-4.325925,3.706865,4.378648,1.275589,OverRange,OverRange,OverRange,10.178792,12.141318,-4.799878
2026/06/02 05:12:00.267,n,-4.490022,6.725437,4.291855,1.193037,OverRange,OverRange,OverRange,10.360124,12.145632,-4.772404
2026/06/02 05:13:00.271,n,-4.325925,6.918382,5.091844,1.553464,OverRange,OverRange,OverRange,10.267732,12.149948,-4.879739
2026/06/02 05:14:00.271,n,-4.293849,6.432915,5.717126,1.154599,OverRange,OverRange,OverRange,10.377834,12.146708,-4.928373
2026/06/02 05:15:00.274,n,-4.358256,6.164422,6.181311,0.06851,OverRange,OverRange,OverRange,10.29149,12.153202,-5.037415
2026/06/02 05:16:00.259,n,-4.273064,3.679889,4.494003,1.670156,OverRange,OverRange,OverRange,10.1415,12.152096,-4.836822
2026/06/02 05:17:00.261,n,-4.246891,3.91673,4.715453,1.416187,OverRange,OverRange,OverRange,10.327454,12.155368,-4.809604
2026/06/02 05:18:00.262,n,-4.545833,5.3831,4.595432,1.270178,OverRange,OverRange,OverRange,10.396658,12.154276,-4.893306
2026/06/02 05:19:00.265,n,-4.366853,6.58472,5.084782,1.553924,OverRange,OverRange,OverRange,10.287004,12.153202,-4.749197
2026/06/02 05:20:00.266,n,-4.352226,4.239243,5.330193,1.176851,OverRange,OverRange,OverRange,10.143704,12.162874,-4.805765
2026/06/02 05:21:00.268,n,-4.361079,3.716214,4.762988,1.371766,OverRange,OverRange,OverRange,10.23291,12.155368,-4.762934
2026/06/02 05:22:00.274,n,-4.595229,6.25573,5.244152,1.441294,OverRange,OverRange,OverRange,10.377046,12.157516,-4.994668
2026/06/02 05:23:00.272,n,-4.378657,3.203103,4.863942,1.265585,OverRange,OverRange,OverRange,10.229116,12.160758,-4.904995
2026/06/02 05:24:00.275,n,-4.519274,6.375088,4.816652,1.492212,OverRange,OverRange,OverRange,10.341742,12.15859,-4.830935
2026/06/02 05:25:00.259,n,-4.413939,6.653094,4.536948,1.642503,OverRange,OverRange,OverRange,10.29003,12.161798,-4.844587
2026/06/02 05:26:00.262,n,-4.331698,5.151413,4.207163,0.485431,OverRange,OverRange,OverRange,10.233496,12.167204,-4.700478
2026/06/02 05:27:00.264,n,-4.352227,3.200112,4.758446,1.5443,OverRange,OverRange,OverRange,10.173076,12.166098,-4.649796
2026/06/02 05:28:00.266,n,-4.434339,4.553965,5.041627,1.07525,OverRange,OverRange,OverRange,10.245144,12.167204,-4.832898
2026/06/02 05:29:00.268,n,-4.569055,6.554834,5.322829,1.666642,OverRange,OverRange,OverRange,10.295604,12.170444,-4.903203
2026/06/02 05:30:00.269,n,-4.545832,3.197912,4.50368,1.700685,OverRange,OverRange,OverRange,10.214478,12.172592,-4.90107
2026/06/02 05:31:00.270,n,-4.302574,3.669801,4.778971,1.510937,OverRange,OverRange,OverRange,10.344752,12.167204,-4.90892
2026/06/02 05:32:00.274,n,-4.229058,3.453514,5.211689,1.478107,OverRange,OverRange,OverRange,10.40295,12.167204,-4.924534
2026/06/02 05:33:00.277,n,-4.296544,6.175298,5.347344,1.698101,OverRange,OverRange,OverRange,10.403646,12.173684,-4.852351
2026/06/02 05:34:00.260,n,-4.358257,3.295471,4.690067,1.667857,OverRange,OverRange,OverRange,10.226742,12.169338,-5.029821
2026/06/02 05:35:00.262,n,-4.352483,6.515266,5.356374,1.612356,OverRange,OverRange,OverRange,10.432632,12.17694,-4.871805
2026/06/02 05:36:00.264,n,-4.200062,6.257283,4.955525,1.540362,OverRange,OverRange,OverRange,10.36284,12.17694,-4.731621
2026/06/02 05:37:00.267,n,-4.129881,6.175006,6.224702,0.085206,OverRange,OverRange,OverRange,10.312612,12.182264,-4.832812
2026/06/02 05:38:00.269,n,-4.118077,6.2077,5.850771,1.263437,OverRange,OverRange,OverRange,10.309174,12.184444,-4.819331
2026/06/02 05:39:00.269,n,-4.293721,6.176794,5.002077,1.377898,OverRange,OverRange,OverRange,10.32012,12.18119,-4.868221
2026/06/02 05:40:00.273,n,-4.308347,6.265759,4.817427,1.30224,OverRange,OverRange,OverRange,10.313498,12.18661,-4.831106
2026/06/02 05:41:00.274,n,-4.396362,6.334618,5.508459,1.396751,OverRange,OverRange,OverRange,10.33281,12.190926,-4.930421
2026/06/02 05:42:00.276,n,-4.197239,6.614375,5.460818,1.649906,OverRange,OverRange,OverRange,10.199574,12.194148,-4.792029
2026/06/02 05:43:00.262,n,-4.381736,6.524383,4.74118,1.503046,OverRange,OverRange,OverRange,10.298962,12.19843,-4.867965
2026/06/02 05:44:00.263,n,-4.296544,3.515148,4.839217,1.50558,OverRange,OverRange,OverRange,10.327678,12.197356,-4.877863
2026/06/02 05:45:00.267,n,-4.399441,6.533653,4.802466,1.370989,OverRange,OverRange,OverRange,10.362042,12.195222,-4.784264
2026/06/02 05:46:00.269,n,-4.346325,5.914393,4.871822,1.573407,OverRange,OverRange,OverRange,10.340388,12.20382,-4.792028
2026/06/02 05:47:00.272,n,-4.182612,6.004672,5.567568,1.174744,OverRange,OverRange,OverRange,10.407318,12.205968,-4.846463
2026/06/02 05:48:00.272,n,-4.094598,5.668678,5.06935,1.327884,OverRange,OverRange,OverRange,10.299484,12.221582,-4.7765
2026/06/02 05:49:00.273,n,-4.120771,4.882864,5.302315,1.138137,OverRange,OverRange,OverRange,10.348354,12.21616,-4.817028
2026/06/02 05:50:00.276,n,-4.240989,4.522728,4.511074,1.339301,OverRange,OverRange,OverRange,10.204432,12.219418,-4.706024
2026/06/02 05:51:00.279,n,-4.390075,5.894375,5.366034,1.459403,OverRange,OverRange,OverRange,10.475658,12.222624,-4.807386
2026/06/02 05:52:00.264,n,-4.182227,3.883026,5.700053,0.943223,OverRange,OverRange,OverRange,10.219748,12.228014,-4.910626
2026/06/02 05:53:00.265,n,-4.28782,3.801744,3.991777,0.591457,OverRange,OverRange,OverRange,10.269628,12.224806,-4.803547
2026/06/02 05:54:00.266,n,-4.302317,3.890779,5.015751,1.68332,OverRange,OverRange,OverRange,10.306564,12.232312,-4.733497
2026/06/02 05:55:00.269,n,-4.299366,6.308937,5.370907,1.252036,OverRange,OverRange,OverRange,10.428666,12.237734,-4.655342
2026/06/02 05:56:00.271,n,-4.366724,6.745255,4.982836,1.437573,OverRange,OverRange,OverRange,10.341142,12.234476,-4.949618
2026/06/02 05:57:00.272,n,-4.40175,6.209477,5.260351,1.584097,OverRange,OverRange,OverRange,10.392232,12.235584,-4.990487
2026/06/02 05:58:00.274,n,-4.220333,6.215653,5.541664,1.268239,OverRange,OverRange,OverRange,10.377538,12.241982,-4.823
2026/06/02 05:59:00.276,n,-4.112047,3.881785,4.496458,1.345946,OverRange,OverRange,OverRange,10.225968,12.240974,-4.764469
2026/06/02 06:00:00.280,n,-4.372498,4.154729,4.723901,1.281744,OverRange,OverRange,OverRange,10.309916,12.244164,-4.780083
2026/06/02 06:01:00.263,n,-4.202756,4.135776,4.575424,1.155629,OverRange,OverRange,OverRange,10.290156,12.250662,-4.672919
2026/06/02 06:02:00.265,n,-4.442935,3.768058,4.450751,1.447516,OverRange,OverRange,OverRange,10.409084,12.249552,-4.941939
2026/06/02 06:03:00.267,n,-4.442935,3.783629,3.767303,0.096366,OverRange,OverRange,OverRange,10.397752,12.248478,-4.900814
2026/06/02 06:04:00.270,n,-4.387253,3.319621,5.167575,1.331493,OverRange,OverRange,OverRange,10.417944,12.254942,-4.889381
2026/06/02 06:05:00.271,n,-4.287691,6.327428,4.655473,1.192318,OverRange,OverRange,OverRange,10.414984,12.26248,-4.71959
2026/06/02 06:06:00.275,n,-4.451531,5.931024,4.266678,1.170613,OverRange,OverRange,OverRange,10.271272,12.259224,-4.838529
2026/06/02 06:07:00.275,n,-4.437033,6.226959,5.134681,1.540304,OverRange,OverRange,OverRange,10.384892,12.261406,-4.998337
2026/06/02 06:08:00.279,n,-4.442935,6.175352,4.471778,1.35025,OverRange,OverRange,OverRange,10.364762,12.261406,-5.012074
2026/06/02 06:09:00.279,n,-4.270113,3.870086,5.336603,1.384668,OverRange,OverRange,OverRange,10.285778,12.267902,-4.904909
2026/06/02 06:10:00.264,n,-4.439984,3.466994,4.542375,1.482179,OverRange,OverRange,OverRange,10.380056,12.270036,-4.873682
2026/06/02 06:11:00.266,n,-4.205835,6.504535,5.604567,1.162708,OverRange,OverRange,OverRange,10.408066,12.276466,-4.72744
2026/06/02 06:12:00.269,n,-4.109224,3.948294,4.34029,1.265984,OverRange,OverRange,OverRange,10.25908,12.28293,-4.719675
2026/06/02 06:13:00.271,n,-4.182356,6.361456,5.680706,1.179704,OverRange,OverRange,OverRange,10.510448,12.279722,-4.756705
2026/06/02 06:14:00.274,n,-4.299495,4.142945,4.999045,1.625544,OverRange,OverRange,OverRange,10.399074,12.284038,-4.832556
2026/06/02 06:15:00.278,n,-4.062395,4.052539,4.681867,1.524614,OverRange,OverRange,OverRange,10.331716,12.287246,-4.795697
2026/06/02 06:16:00.280,n,-4.220333,6.678038,4.799779,1.336446,OverRange,OverRange,OverRange,10.455602,12.286186,-4.819075
2026/06/02 06:17:00.278,n,-4.200062,3.137763,4.775311,1.522602,OverRange,OverRange,OverRange,10.399318,12.299098,-4.778291
2026/06/02 06:18:00.282,n,-4.17068,6.456649,5.413593,1.702007,OverRange,OverRange,OverRange,10.43509,12.299098,-4.824963
2026/06/02 06:19:00.266,n,-4.243684,3.21045,4.847384,1.808458,OverRange,OverRange,OverRange,10.30395,12.300172,-4.885456
2026/06/02 06:20:00.268,n,-4.211609,3.438112,4.903824,1.77094,OverRange,OverRange,OverRange,10.420064,12.306636,-4.945779
2026/06/02 06:21:00.271,n,-4.126545,3.894705,4.832327,1.06065,OverRange,OverRange,OverRange,10.418972,12.3131,-4.867794
2026/06/02 06:22:00.272,n,-4.293721,3.619785,5.026722,1.264664,OverRange,OverRange,OverRange,10.424026,12.312024,-4.854143
2026/06/02 06:23:00.275,n,-4.188386,3.338814,5.259119,1.607677,OverRange,OverRange,OverRange,10.359076,12.317414,-4.715836
2026/06/02 06:24:00.276,n,-4.26434,5.516771,5.16421,1.468145,OverRange,OverRange,OverRange,10.400366,12.322804,-4.768394
2026/06/02 06:25:00.279,n,-4.15336,3.206648,4.559979,1.622826,OverRange,OverRange,OverRange,10.394226,12.327134,-4.778121
2026/06/02 06:26:00.280,n,-4.196982,6.621469,5.188281,1.430509,OverRange,OverRange,OverRange,10.5333,12.331384,-4.828888
2026/06/02 06:27:00.282,n,-4.079971,3.196942,4.886522,1.662514,OverRange,OverRange,OverRange,10.378764,12.329268,-4.805424
2026/06/02 06:28:00.267,n,-4.273064,6.7452,4.883241,1.454456,OverRange,OverRange,OverRange,10.537126,12.335732,-4.811226
2026/06/02 06:29:00.269,n,-4.150024,3.763623,4.744847,1.218943,OverRange,OverRange,OverRange,10.39796,12.340046,-4.899023
2026/06/02 06:30:00.273,n,-4.158877,3.821621,4.69292,1.513987,OverRange,OverRange,OverRange,10.431896,12.341088,-4.92624
2026/06/02 06:31:00.273,n,-4.243684,6.422591,5.317641,1.354647,OverRange,OverRange,OverRange,10.589138,12.347552,-4.867794
2026/06/02 06:32:00.275,n,-4.07407,3.708497,4.820025,1.64863,OverRange,OverRange,OverRange,10.360698,12.352942,-4.840492
2026/06/02 06:33:00.278,n,-4.085617,6.570082,4.88105,1.407517,OverRange,OverRange,OverRange,10.52264,12.356198,-4.643739
2026/06/02 06:34:00.279,n,-4.144122,6.665231,4.559458,1.477099,OverRange,OverRange,OverRange,10.420666,12.352942,-4.692372
2026/06/02 06:35:00.265,n,-4.135526,6.581474,5.095018,1.618235,OverRange,OverRange,OverRange,10.417094,12.356198,-4.877521
2026/06/02 06:36:00.284,n,-4.018387,3.969163,4.664731,1.36923,OverRange,OverRange,OverRange,10.391002,12.366944,-4.815236
2026/06/02 06:37:00.270,n,-4.009534,3.842406,5.304963,1.17929,OverRange,OverRange,OverRange,10.547562,12.369094,-4.817284
2026/06/02 06:38:00.272,n,-3.904071,6.358884,5.53462,1.129073,OverRange,OverRange,OverRange,10.51506,12.372334,-4.612511
2026/06/02 06:39:00.257,n,-4.027368,6.309645,4.995357,1.535511,OverRange,OverRange,OverRange,10.430394,12.373408,-4.827011
2026/06/02 06:40:00.259,n,-4.071119,6.162651,5.457404,1.392488,OverRange,OverRange,OverRange,10.460668,12.378764,-4.717713
2026/06/02 06:41:00.260,n,-3.959882,3.205409,4.873014,1.716547,OverRange,OverRange,OverRange,10.334208,12.38202,-4.711826
2026/06/02 06:42:00.264,n,-3.915875,3.163838,5.259207,1.617357,OverRange,OverRange,OverRange,10.448828,12.380946,-4.778121
2026/06/02 06:43:00.264,n,-4.147329,6.569363,5.071227,1.366471,OverRange,OverRange,OverRange,10.551266,12.379872,-4.838614
2026/06/02 06:44:00.268,n,-3.950901,3.789666,4.421475,1.141361,OverRange,OverRange,OverRange,10.357762,12.389544,-4.766346
2026/06/02 06:45:00.268,n,-4.150281,3.540794,4.852393,1.685021,OverRange,OverRange,OverRange,10.546418,12.38741,-4.854143
2026/06/02 06:46:00.269,n,-4.117949,3.565397,4.734329,1.457668,OverRange,OverRange,OverRange,10.53562,12.39283,-4.819075
2026/06/02 06:47:00.257,n,-4.150024,3.700507,4.833072,1.505244,OverRange,OverRange,OverRange,10.614778,12.393874,-4.820952
2026/06/02 06:48:00.257,n,-4.141299,3.580927,4.202034,1.18837,OverRange,OverRange,OverRange,10.538666,12.400322,-4.659267
2026/06/02 06:49:00.261,n,-4.02724,3.727932,5.087925,1.340989,OverRange,OverRange,OverRange,10.57951,12.406786,-4.717713
2026/06/02 06:50:00.264,n,-3.971429,6.498668,5.562579,1.44696,OverRange,OverRange,OverRange,10.60312,12.404652,-4.6242
2026/06/02 06:51:00.264,n,-3.939097,6.169311,6.236144,0.177775,OverRange,OverRange,OverRange,10.469906,12.417548,-4.717713
2026/06/02 06:52:00.266,n,-3.871996,6.257058,5.15168,1.492946,OverRange,OverRange,OverRange,10.438212,12.413218,-4.610463
2026/06/02 06:53:00.270,n,-3.757551,3.733122,5.711424,1.027186,OverRange,OverRange,OverRange,10.297812,12.415366,-4.569594
2026/06/02 06:54:00.271,n,-4.035836,4.211139,5.480469,1.446387,OverRange,OverRange,OverRange,10.50912,12.41968,-4.637851
2026/06/02 06:55:00.259,n,-3.93358,6.645001,4.998881,1.778548,OverRange,OverRange,OverRange,10.537532,12.425104,-4.641776
2026/06/02 06:56:00.258,n,-3.992086,6.76888,4.55185,1.637205,OverRange,OverRange,OverRange,10.490048,12.425104,-4.614473
2026/06/02 06:57:00.260,n,-3.880592,5.959511,5.272885,1.577867,OverRange,OverRange,OverRange,10.485794,12.431534,-4.59118
2026/06/02 06:58:00.264,n,-3.819136,6.045762,4.865021,1.718408,OverRange,OverRange,OverRange,10.391286,12.432608,-4.51695
2026/06/02 06:59:00.265,n,-3.854162,3.613029,4.395861,1.287372,OverRange,OverRange,OverRange,10.383672,12.437998,-4.628125
2026/06/02 07:00:00.267,n,-3.989006,6.434266,5.169052,1.541516,OverRange,OverRange,OverRange,10.559892,12.43479,-4.709948
2026/06/02 07:01:00.267,n,-3.936403,3.507311,4.502145,1.183117,OverRange,OverRange,OverRange,10.401744,12.435864,-4.684523
2026/06/02 07:02:00.269,n,-4.000682,3.435522,4.99393,1.752416,OverRange,OverRange,OverRange,10.461208,12.440146,-4.739129
2026/06/02 07:03:00.272,n,-3.954108,5.607941,4.880533,1.286726,OverRange,OverRange,OverRange,10.456782,12.437998,-4.616436
2026/06/02 07:04:00.257,n,-4.073813,6.535156,4.622468,1.50628,OverRange,OverRange,OverRange,10.490774,12.442314,-4.729402
2026/06/02 07:05:00.260,n,-4.05367,6.356035,5.387052,1.160335,OverRange,OverRange,OverRange,10.476376,12.44443,-4.791857
2026/06/02 07:06:00.261,n,-3.9305,6.047156,6.107916,0.091843,OverRange,OverRange,OverRange,10.465856,12.443388,-4.713788
2026/06/02 07:07:00.263,n,-3.907278,6.127373,5.48954,1.425083,OverRange,OverRange,OverRange,10.36198,12.43536,-4.73145
2026/06/02 07:08:00.266,n,-3.997731,6.598123,5.608551,1.270533,OverRange,OverRange,OverRange,10.359238,12.42893,-4.793735
2026/06/02 07:09:00.268,n,-3.956674,3.600517,5.744849,1.077668,OverRange,OverRange,OverRange,10.305726,12.437542,-4.725477
2026/06/02 07:10:00.269,n,-4.009406,6.240347,5.508787,1.086989,OverRange,OverRange,OverRange,10.483902,12.434302,-4.680598
2026/06/02 07:11:00.271,n,-4.041609,6.563318,4.859701,1.324636,OverRange,OverRange,OverRange,10.454286,12.431078,-4.754743
2026/06/02 07:12:00.273,n,-4.132446,4.936247,5.219838,0.750334,OverRange,OverRange,OverRange,10.359376,12.437542,-4.842454
2026/06/02 07:13:00.260,n,-4.255358,3.38888,4.21561,1.223789,OverRange,OverRange,OverRange,10.28299,12.434302,-4.813188
2026/06/02 07:14:00.261,n,-4.109096,3.683132,5.46307,1.536114,OverRange,OverRange,OverRange,10.335576,12.434302,-4.762507
2026/06/02 07:15:00.262,n,-4.065089,6.331745,5.418917,1.52814,OverRange,OverRange,OverRange,10.475108,12.43536,-4.653295
2026/06/02 07:16:00.268,n,-4.111918,6.673967,4.932095,1.688832,OverRange,OverRange,OverRange,10.33112,12.437542,-4.815065
2026/06/02 07:17:00.268,n,-4.11179,6.073831,4.527464,1.029865,OverRange,OverRange,OverRange,10.408096,12.43536,-4.702099
2026/06/02 07:18:00.273,n,-4.114741,6.101173,4.883759,1.631448,OverRange,OverRange,OverRange,10.454656,12.436468,-4.83085
2026/06/02 07:19:00.271,n,-4.094341,4.690811,4.726221,1.4252,OverRange,OverRange,OverRange,10.303798,12.437542,-4.791687
2026/06/02 07:20:00.271,n,-4.188001,6.203318,5.827277,1.038354,OverRange,OverRange,OverRange,10.533422,12.436468,-4.71959
2026/06/02 07:21:00.277,n,-4.047512,6.100476,4.978105,1.460449,OverRange,OverRange,OverRange,10.386128,12.437542,-4.799622
2026/06/02 07:22:00.260,n,-3.983104,3.457443,5.304786,1.506493,OverRange,OverRange,OverRange,10.268336,12.439692,-4.715665
2026/06/02 07:23:00.264,n,-3.807204,3.360687,4.68437,1.493168,OverRange,OverRange,OverRange,10.323146,12.4429,-4.376595
2026/06/02 07:24:00.264,n,-3.745748,3.658931,4.126054,1.273145,OverRange,OverRange,OverRange,10.47845,12.447214,-4.170116
2026/06/02 07:25:00.265,n,-3.61116,6.595978,5.121431,1.452806,OverRange,OverRange,OverRange,10.536296,12.444006,-4.014318
2026/06/02 07:26:00.268,n,-3.763453,6.087056,4.738224,1.260487,OverRange,OverRange,OverRange,10.438538,12.447214,-3.856386
2026/06/02 07:27:00.273,n,-3.339033,4.580029,5.51066,0.95783,OverRange,OverRange,OverRange,10.338736,12.449364,-3.638132
2026/06/02 07:28:00.272,n,-3.069473,6.013191,5.788008,1.266199,OverRange,OverRange,OverRange,10.416184,12.450438,-3.22142
2026/06/02 07:29:00.276,n,-2.516496,3.146052,4.778786,1.666547,OverRange,OverRange,OverRange,10.348018,12.454784,-2.639182
2026/06/02 07:30:00.278,n,-2.23526,3.459983,4.804074,1.699363,OverRange,OverRange,OverRange,10.444546,12.451544,-2.251564
2026/06/02 07:31:00.262,n,-1.857798,6.826807,4.629589,1.413187,OverRange,OverRange,OverRange,10.632162,12.450438,-1.613014
2026/06/02 07:32:00.264,n,-1.295968,4.480522,3.995687,0.622582,OverRange,OverRange,OverRange,10.47165,12.454784,-0.992125
2026/06/02 07:33:00.268,n,-0.786742,6.384502,5.371268,1.382617,OverRange,OverRange,OverRange,10.537114,12.455858,-0.533178
2026/06/02 07:34:00.271,n,-0.134716,6.586067,5.650889,1.332086,OverRange,OverRange,OverRange,10.447424,12.455858,0.107079
2026/06/02 07:35:00.270,n,0.356677,6.311031,6.285174,0.042826,OverRange,OverRange,OverRange,10.384832,12.463366,0.637868
2026/06/02 07:36:00.272,n,0.649331,6.154619,5.799071,1.288286,OverRange,OverRange,OverRange,10.377844,12.459066,1.038199
2026/06/02 07:37:00.273,n,0.970982,3.235256,4.985083,1.380939,OverRange,OverRange,OverRange,10.202388,12.468722,1.322236
2026/06/02 07:38:00.275,n,1.055789,6.674147,5.287154,1.623264,OverRange,OverRange,OverRange,10.422914,12.473038,1.530081
2026/06/02 07:39:00.277,n,1.140467,6.591328,4.941457,1.792259,OverRange,OverRange,OverRange,10.347296,12.46444,1.709086
2026/06/02 07:40:00.266,n,1.222195,4.269364,4.485867,1.665686,OverRange,OverRange,OverRange,10.301698,12.46768,1.689548
2026/06/02 07:41:00.266,n,1.374232,3.417145,4.963215,1.766011,OverRange,OverRange,OverRange,10.387242,12.46768,1.852854
2026/06/02 07:42:00.267,n,1.786591,3.788036,4.714963,1.544827,OverRange,OverRange,OverRange,10.30601,12.46768,2.379547
2026/06/02 07:43:00.269,n,1.888719,6.486639,5.114457,1.588768,OverRange,OverRange,OverRange,10.47881,12.471962,2.46504
2026/06/02 07:44:00.271,n,2.043963,3.235329,5.662892,1.190357,OverRange,OverRange,OverRange,10.295254,12.471962,2.225882
2026/06/02 07:45:00.275,n,2.113887,3.376119,5.001775,1.748356,OverRange,OverRange,OverRange,10.358602,12.474144,2.469135
2026/06/02 07:46:00.276,n,2.435409,6.637455,4.948408,1.596942,OverRange,OverRange,OverRange,10.482732,12.471962,3.201284
2026/06/02 07:47:00.277,n,2.897421,3.290255,4.833296,1.633909,OverRange,OverRange,OverRange,10.319474,12.476294,3.729598
2026/06/02 07:48:00.280,n,3.195464,3.651301,4.332332,1.180586,OverRange,OverRange,OverRange,10.375576,12.475218,4.513793
2026/06/02 07:49:00.265,n,3.908305,6.658536,5.17251,1.647273,OverRange,OverRange,OverRange,10.474014,12.481682,5.410613
2026/06/02 07:50:00.267,n,4.805001,3.699533,4.403049,1.21809,OverRange,OverRange,OverRange,10.341512,12.478396,6.612886
2026/06/02 07:51:00.269,n,5.757122,6.380588,5.340155,1.571763,OverRange,OverRange,OverRange,10.469544,12.482724,8.064812
2026/06/02 07:52:00.272,n,6.717711,3.124428,4.90026,1.704739,OverRange,OverRange,OverRange,10.403422,12.488114,10.02193
2026/06/02 07:53:00.274,n,7.680996,6.795869,4.977553,1.702382,OverRange,OverRange,OverRange,10.512172,12.4838,12.85522
2026/06/02 07:54:00.274,n,8.290939,4.654021,5.136483,1.586066,OverRange,OverRange,OverRange,10.37263,12.488114,14.626332
2026/06/02 07:55:00.277,n,9.333512,5.034771,4.905806,1.449603,OverRange,OverRange,OverRange,10.408814,12.496712,15.782194
2026/06/02 07:56:00.278,n,11.61496,6.513965,5.201417,1.568388,OverRange,OverRange,OverRange,10.5439,12.493506,23.9319
2026/06/02 07:57:00.282,n,13.856378,3.29569,4.709645,1.611382,OverRange,OverRange,OverRange,10.411312,12.502102,32.80872
2026/06/02 07:58:00.267,n,15.582028,6.116867,5.457083,1.623753,OverRange,OverRange,OverRange,10.604366,12.499968,39.100452
2026/06/02 07:59:00.268,n,16.391992,6.419808,4.722285,1.184164,OverRange,OverRange,OverRange,10.471538,12.5064,41.25774
2026/06/02 08:00:00.274,n,16.94715,6.652917,4.637195,1.575569,OverRange,OverRange,OverRange,10.425282,12.516106,40.257508
2026/06/02 08:01:00.273,n,19.059626,6.091843,5.439245,1.308892,OverRange,OverRange,OverRange,10.543778,12.520388,47.063564
2026/06/02 08:02:00.274,n,21.5588,3.87641,3.704209,0.323061,OverRange,OverRange,OverRange,10.41271,12.524716,57.54512
2026/06/02 08:03:00.276,n,24.079786,3.184944,4.965195,1.507763,OverRange,OverRange,OverRange,10.511404,12.535464,66.242768
2026/06/02 08:04:00.280,n,26.31928,6.060156,5.16617,1.231729,OverRange,OverRange,OverRange,10.678146,12.54082,73.139344
2026/06/02 08:05:00.281,n,28.201584,5.294084,5.67767,0.671198,OverRange,OverRange,OverRange,10.511622,12.550508,67.680536
2026/06/02 08:06:00.283,n,28.00939,6.156999,5.730162,1.164375,OverRange,OverRange,OverRange,10.6197,12.563422,57.80484
2026/06/02 08:07:00.269,n,27.313098,6.157801,4.981953,1.257086,OverRange,OverRange,OverRange,10.48909,12.565604,57.589232
2026/06/02 08:08:00.269,n,27.298472,6.197529,5.312779,1.163469,OverRange,OverRange,OverRange,10.6256,12.575276,65.253372
2026/06/02 08:09:00.271,n,25.742056,3.811174,4.470994,1.637089,OverRange,OverRange,OverRange,10.376944,12.584964,58.475904
2026/06/02 08:10:00.278,n,25.674952,3.307659,4.437935,1.127576,OverRange,OverRange,OverRange,10.49527,12.594604,54.512776
2026/06/02 08:11:00.276,n,29.180006,6.269923,5.248919,1.385473,OverRange,OverRange,OverRange,10.659058,12.606458,65.625296
2026/06/02 08:12:00.276,n,36.355496,3.444591,5.319026,1.417982,OverRange,OverRange,OverRange,10.516562,12.620428,93.214016
2026/06/02 08:13:00.280,n,41.687428,3.968099,4.816683,1.388957,OverRange,OverRange,OverRange,10.574244,12.635506,115.1348
2026/06/02 08:14:00.280,n,42.220644,3.712076,4.68571,1.301785,OverRange,OverRange,OverRange,10.635676,12.639788,116.77084
2026/06/02 08:15:00.284,n,43.87778,6.400131,6.410631,0.172734,OverRange,OverRange,OverRange,10.68428,12.657,119.4967
2026/06/02 08:16:00.269,n,45.90404,6.17386,5.356354,1.460874,OverRange,OverRange,OverRange,10.582494,12.674178,125.70824
2026/06/02 08:17:00.270,n,45.432528,6.74845,5.822153,0.87298,OverRange,OverRange,OverRange,10.538228,12.69284,122.26318
2026/06/02 08:18:00.271,n,40.148332,6.465567,4.677352,1.317241,OverRange,OverRange,OverRange,10.618154,12.693914,100.67704
2026/06/02 08:19:00.273,n,36.554108,6.585247,4.574669,1.570165,OverRange,OverRange,OverRange,10.684724,12.7186,82.115744
2026/06/02 08:20:00.275,n,40.066988,6.918732,5.072846,1.517198,OverRange,OverRange,OverRange,10.676372,12.740142,90.673288
2026/06/02 08:21:00.277,n,45.931624,5.836728,6.140868,0.172159,OverRange,OverRange,OverRange,10.75679,12.76592,111.33446
2026/06/02 08:22:00.279,n,48.796588,6.266749,5.336304,1.343744,OverRange,OverRange,OverRange,10.713156,12.783146,119.40268
2026/06/02 08:23:00.280,n,53.556684,3.896801,4.159777,1.333948,OverRange,OverRange,OverRange,10.640538,12.80329,136.13962
2026/06/02 08:24:00.285,n,52.687316,6.339245,5.169343,1.433724,OverRange,OverRange,OverRange,10.865174,12.816186,130.95196
2026/06/02 08:25:00.270,n,60.75398,6.109881,4.670331,1.352375,OverRange,OverRange,OverRange,10.822886,12.834442,156.49816
2026/06/02 08:26:00.271,n,69.69284,6.150724,4.947687,1.470464,OverRange,OverRange,OverRange,10.865952,12.855952,191.05348
2026/06/02 08:27:00.274,n,66.000588,6.175937,5.028584,1.547773,OverRange,OverRange,OverRange,10.88947,12.877432,176.32888
2026/06/02 08:28:00.274,n,63.626644,6.504525,5.538821,1.304139,OverRange,OverRange,OverRange,10.868002,12.909676,161.74128
2026/06/02 08:29:00.276,n,68.159768,2.994871,5.117024,1.43641,OverRange,OverRange,OverRange,10.840104,12.932196,172.06618
2026/06/02 08:30:00.277,n,70.197704,6.490118,5.3635,1.318533,OverRange,OverRange,OverRange,11.14243,12.963348,176.26992
2026/06/02 08:31:00.281,n,65.47238,6.340146,5.371834,1.583076,OverRange,OverRange,OverRange,10.957286,12.99258,156.11114
2026/06/02 08:32:00.281,n,67.639248,3.297581,5.130949,1.402269,OverRange,OverRange,OverRange,10.840344,13.012054,157.157
2026/06/02 08:33:00.285,n,79.165048,6.084629,5.357533,1.463739,OverRange,OverRange,OverRange,11.071854,13.041222,189.6126
2026/06/02 08:34:00.270,n,92.871952,6.596636,4.487776,1.46663,OverRange,OverRange,OverRange,11.102392,13.072554,232.33632
2026/06/02 08:35:00.271,n,94.49316,6.253679,6.252429,0.121935,OverRange,OverRange,OverRange,11.179368,13.107112,235.83724
2026/06/02 08:36:00.272,n,96.853264,6.410677,5.367432,1.274842,OverRange,OverRange,OverRange,11.129344,13.129046,241.00422
2026/06/02 08:37:00.275,n,95.752056,6.137082,5.387015,1.243258,OverRange,OverRange,OverRange,11.230958,13.15714,235.65996
2026/06/02 08:38:00.277,n,99.166408,6.753761,4.656388,1.633142,OverRange,OverRange,OverRange,11.242722,13.193848,246.64858
2026/06/02 08:39:00.278,n,99.659336,3.287471,4.444334,1.685767,OverRange,OverRange,OverRange,11.196626,13.225182,243.90632
2026/06/02 08:40:00.280,n,108.39072,3.639034,4.516432,1.64097,OverRange,OverRange,OverRange,11.300364,13.261858,270.17588
2026/06/02 08:41:00.282,n,111.7204,3.709829,4.254207,1.169328,OverRange,OverRange,OverRange,11.201818,13.296414,278.81476
2026/06/02 08:42:00.269,n,113.24616,5.018885,4.381783,0.612934,OverRange,OverRange,OverRange,11.493542,13.337392,283.07214
2026/06/02 08:43:00.270,n,112.01152,6.179325,5.646913,1.360214,OverRange,OverRange,OverRange,11.501816,13.372994,277.163
2026/06/02 08:44:00.272,n,117.19512,6.090151,6.222113,0.093244,OverRange,OverRange,OverRange,11.532094,13.418304,290.67862
2026/06/02 08:45:00.257,n,118.8859,6.241093,4.651939,1.472399,OverRange,OverRange,OverRange,11.355026,13.446954,294.86792
2026/06/02 08:46:00.259,n,121.4252,6.483525,5.443206,1.477217,OverRange,OverRange,OverRange,11.327862,13.486838,300.8259
2026/06/02 08:47:00.263,n,122.56196,3.033796,4.580081,1.465736,OverRange,OverRange,OverRange,11.497326,13.528908,303.62674
2026/06/02 08:48:00.263,n,123.61774,4.538124,4.415766,1.354822,OverRange,OverRange,OverRange,11.598008,13.576338,304.75754
2026/06/02 08:49:00.264,n,125.1172,3.800029,4.92133,1.530503,OverRange,OverRange,OverRange,11.640788,13.623734,307.2272
2026/06/02 08:50:00.267,n,127.72248,3.683045,4.597191,1.742947,OverRange,OverRange,OverRange,11.67946,13.666848,312.7676
2026/06/02 08:51:00.270,n,131.1739,4.876467,4.241566,1.268322,OverRange,OverRange,OverRange,11.63295,13.719638,321.68704
2026/06/02 08:52:00.274,n,132.29488,6.537977,4.961622,1.509571,OverRange,OverRange,OverRange,11.56101,13.775652,322.90894
2026/06/02 08:53:00.313,n,135.64456,3.44678,4.986063,1.609295,OverRange,OverRange,OverRange,11.427232,13.806992,323.9299
2026/06/02 08:54:00.332,n,132.88172,3.234741,4.105007,1.225041,OverRange,OverRange,OverRange,11.4623,13.85115,314.85324
2026/06/02 08:55:00.260,n,134.35964,3.041608,4.782433,1.296693,OverRange,OverRange,OverRange,11.622304,13.902802,314.20856
2026/06/02 08:56:00.262,n,140.55398,3.198136,5.084914,1.418768,OverRange,OverRange,OverRange,11.71257,13.953428,330.07144
2026/06/02 08:57:00.265,n,146.77286,4.115527,5.486715,1.367271,OverRange,OverRange,OverRange,11.586376,13.997522,344.2892
2026/06/02 08:58:00.266,n,151.55388,5.544781,4.285543,0.985447,OverRange,OverRange,OverRange,11.772456,14.048086,354.4534
2026/06/02 08:59:00.268,n,153.73254,6.291264,4.428012,1.216561,OverRange,OverRange,OverRange,11.72933,14.08249,359.01664
2026/06/02 09:00:00.270,n,154.9536,4.45549,4.897894,1.3155,OverRange,OverRange,OverRange,11.705532,14.130872,359.08652
2026/06/02 09:01:00.256,n,157.93994,3.486791,4.421754,1.127689,OverRange,OverRange,OverRange,11.877238,14.182478,364.55608
2026/06/02 09:02:00.259,n,160.77422,6.438576,4.125437,1.135694,OverRange,OverRange,OverRange,11.904816,14.226576,369.75832
2026/06/02 09:03:00.260,n,164.19294,3.161955,4.371495,1.572473,OverRange,OverRange,OverRange,11.871598,14.273868,375.77124
2026/06/02 09:04:00.263,n,162.9234,6.375143,5.69229,1.188205,OverRange,OverRange,OverRange,11.97464,14.306074,370.07188
2026/06/02 09:05:00.264,n,162.59752,6.088934,4.974983,1.454263,OverRange,OverRange,OverRange,12.002086,14.349034,366.74356
2026/06/02 09:06:00.266,n,167.23238,6.338867,5.421494,1.175949,OverRange,OverRange,OverRange,12.256958,14.397368,375.13404
2026/06/02 09:07:00.269,n,173.54016,3.406766,4.430199,1.531067,OverRange,OverRange,OverRange,11.975392,14.446766,388.7432
2026/06/02 09:08:00.270,n,176.64404,6.075212,4.567185,1.39254,OverRange,OverRange,OverRange,12.130122,14.50333,393.72084
2026/06/02 09:09:00.273,n,180.80404,2.944731,4.294383,1.714667,OverRange,OverRange,OverRange,11.871694,14.54735,401.72488
2026/06/02 09:10:00.258,n,183.37404,6.074782,5.129985,1.434272,OverRange,OverRange,OverRange,12.160452,14.595674,405.9984
2026/06/02 09:11:00.261,n,186.86988,3.479468,4.593315,1.526459,OverRange,OverRange,OverRange,11.919084,14.64499,411.1206
2026/06/02 09:12:00.263,n,189.50106,6.441941,4.682504,1.586371,OverRange,OverRange,OverRange,12.351008,14.688996,415.2766
2026/06/02 09:13:00.265,n,192.2217,5.973146,5.596255,1.161447,OverRange,OverRange,OverRange,12.487886,14.740464,418.45352
2026/06/02 09:14:00.269,n,197.88092,6.279195,5.530875,1.205813,OverRange,OverRange,OverRange,12.34901,14.79195,428.9724
2026/06/02 09:15:00.269,n,200.06922,4.416055,4.553457,1.567762,OverRange,OverRange,OverRange,12.210572,14.836936,431.94948
2026/06/02 09:16:00.271,n,203.69836,3.475992,4.212525,1.003424,OverRange,OverRange,OverRange,12.478176,14.883046,437.03332
2026/06/02 09:17:00.274,n,207.19556,3.708735,5.10859,1.41463,OverRange,OverRange,OverRange,12.861858,14.937696,442.36488
2026/06/02 09:18:00.274,n,211.40474,3.146969,4.656409,1.593138,OverRange,OverRange,OverRange,12.524908,14.984834,449.06188
2026/06/02 09:19:00.260,n,214.06276,3.484396,4.771388,1.745172,OverRange,OverRange,OverRange,12.672246,15.018824,452.00112
2026/06/02 09:20:00.265,n,217.7976,3.029401,4.827886,1.887299,OverRange,OverRange,OverRange,12.767324,15.061676,457.7926
2026/06/02 09:21:00.266,n,222.31586,6.460404,4.86281,1.645966,OverRange,OverRange,OverRange,12.652166,15.115188,465.07356
2026/06/02 09:22:00.267,n,227.04594,6.414841,4.608258,1.519613,OverRange,OverRange,OverRange,12.572338,15.170852,472.32808
2026/06/02 09:23:00.269,n,230.74328,3.642478,4.834278,1.442156,OverRange,OverRange,OverRange,12.605084,15.219378,477.16788
2026/06/02 09:24:00.270,n,234.51304,6.382297,4.194451,1.144885,OverRange,OverRange,OverRange,12.74524,15.264318,482.89272
2026/06/02 09:25:00.272,n,238.61046,6.014053,5.159966,1.385307,OverRange,OverRange,OverRange,12.638158,15.317768,488.506
2026/06/02 09:26:00.274,n,242.14654,6.352751,4.828809,1.621382,OverRange,OverRange,OverRange,12.782864,15.366998,492.40324
2026/06/02 09:27:00.276,n,246.63708,3.831514,4.461762,1.268334,OverRange,OverRange,OverRange,12.749654,15.427912,497.98436
2026/06/02 09:28:00.262,n,250.92694,6.389808,4.94575,1.667731,OverRange,OverRange,OverRange,12.976588,15.471748,503.38988
2026/06/02 09:29:00.263,n,253.89752,3.085255,4.997637,1.505313,OverRange,OverRange,OverRange,13.187576,15.52626,505.50096
2026/06/02 09:30:00.267,n,258.25116,6.165028,5.10265,1.470935,OverRange,OverRange,OverRange,13.0235,15.573798,510.43128
2026/06/02 09:31:00.268,n,262.33908,6.508593,5.365874,1.214616,OverRange,OverRange,OverRange,13.075282,15.625834,514.74012
2026/06/02 09:32:00.271,n,267.59546,6.511297,4.454008,1.615492,OverRange,OverRange,OverRange,13.186352,15.681994,520.62276
2026/06/02 09:33:00.272,n,273.83256,6.555135,5.058052,1.564949,OverRange,OverRange,OverRange,13.029408,15.7354,528.2268
2026/06/02 09:34:00.273,n,281.03202,6.139558,5.246923,1.637659,OverRange,OverRange,OverRange,13.047598,15.786966,538.503
2026/06/02 09:35:00.275,n,287.50852,6.312549,4.66697,1.489616,OverRange,OverRange,OverRange,12.984548,15.848182,546.6994
2026/06/02 09:36:00.278,n,292.05652,6.260869,4.784014,1.46813,OverRange,OverRange,OverRange,13.234914,15.909412,550.68512
2026/06/02 09:37:00.263,n,295.3454,3.503233,4.260483,1.283975,OverRange,OverRange,OverRange,13.234966,15.960918,551.95788
2026/06/02 09:38:00.267,n,297.99906,6.563242,4.882166,1.149111,OverRange,OverRange,OverRange,13.22196,16.02104,553.71992
2026/06/02 09:39:00.266,n,298.70382,5.050599,4.524431,1.342706,OverRange,OverRange,OverRange,13.071874,16.075742,550.8958
2026/06/02 09:40:00.268,n,301.7272,5.931886,5.049254,1.459187,OverRange,OverRange,OverRange,13.408346,16.117288,552.68572
2026/06/02 09:41:00.273,n,301.69796,6.252039,6.001587,0.260152,OverRange,OverRange,OverRange,13.538998,16.170912,549.71296
2026/06/02 09:42:00.272,n,298.6915,3.240181,4.821821,1.544764,OverRange,OverRange,OverRange,13.44727,16.229884,540.43744
2026/06/02 09:43:00.275,n,299.40988,6.280998,5.377051,1.543271,OverRange,OverRange,OverRange,13.347836,16.280252,539.48964
2026/06/02 09:44:00.278,n,306.19736,4.366799,5.004416,1.422312,OverRange,OverRange,OverRange,13.318176,16.329024,550.87108
2026/06/02 09:45:00.279,n,310.70816,6.214884,3.995144,1.092068,OverRange,OverRange,OverRange,13.569626,16.38154,558.83916
2026/06/02 09:46:00.266,n,305.68814,5.28879,4.631389,1.479345,OverRange,OverRange,OverRange,13.680558,16.432988,548.29848
2026/06/02 09:47:00.268,n,296.2439,6.495344,5.354178,1.584609,OverRange,OverRange,OverRange,13.41568,16.490822,527.627
2026/06/02 09:48:00.268,n,291.08378,6.503673,5.027037,1.569955,OverRange,OverRange,OverRange,13.207266,16.541162,515.19624
2026/06/02 09:49:00.272,n,293.80784,3.038214,4.793911,1.838488,OverRange,OverRange,OverRange,13.399506,16.581816,519.55964
2026/06/02 09:50:00.276,n,276.47988,3.221741,4.725871,1.704267,OverRange,OverRange,OverRange,13.94893,16.615202,483.20116
2026/06/02 09:51:00.274,n,273.39572,3.081797,5.103133,1.615612,OverRange,OverRange,OverRange,13.909552,16.652696,473.04712
2026/06/02 09:52:00.277,n,272.15948,3.150627,5.016183,1.670468,OverRange,OverRange,OverRange,13.909674,16.70085,469.03336
2026/06/02 09:53:00.279,n,258.38186,6.023879,5.037089,1.366258,OverRange,OverRange,OverRange,13.562108,16.744704,439.89284
2026/06/02 09:54:00.280,n,270.3298,3.227708,4.532686,1.404255,OverRange,OverRange,OverRange,13.42798,16.777862,456.62912
2026/06/02 09:55:00.266,n,279.92068,5.367709,6.05037,0.392286,OverRange,OverRange,OverRange,13.531302,16.816336,476.70436
2026/06/02 09:56:00.268,n,290.07376,3.414361,5.14909,1.57174,OverRange,OverRange,OverRange,13.674042,16.840792,491.1212
2026/06/02 09:57:00.270,n,296.29266,2.953549,5.605427,1.313735,OverRange,OverRange,OverRange,13.94723,16.873918,499.12288
2026/06/02 09:58:00.272,n,306.16748,5.669538,5.263815,1.579669,OverRange,OverRange,OverRange,13.76228,16.900622,515.51368
2026/06/02 09:59:00.273,n,327.47622,3.13495,3.995371,1.332822,OverRange,OverRange,OverRange,13.628796,16.930588,554.35108
2026/06/02 10:00:00.278,n,318.8323,2.995389,5.24874,1.398008,OverRange,OverRange,OverRange,13.630128,16.964792,536.19624
2026/06/02 10:01:00.277,n,317.051,4.871399,5.421681,1.288889,OverRange,OverRange,OverRange,13.677384,17.00216,528.24932
2026/06/02 10:02:00.281,n,331.1904,6.16237,5.545526,0.902173,OverRange,OverRange,OverRange,13.823782,17.03206,551.31108
2026/06/02 10:03:00.281,n,325.1514,4.793995,4.526258,1.724321,OverRange,OverRange,OverRange,13.865622,17.057232,538.02008
2026/06/02 10:04:00.268,n,331.3328,6.504051,5.094977,1.6678,OverRange,OverRange,OverRange,13.936708,17.085014,546.46412
2026/06/02 10:05:00.268,n,319.4144,6.147483,5.118092,1.610312,OverRange,OverRange,OverRange,14.115254,17.12134,524.24776
2026/06/02 10:06:00.273,n,329.64834,3.775775,4.525079,1.628643,OverRange,OverRange,OverRange,13.964758,17.154404,536.69536
2026/06/02 10:07:00.272,n,308.00272,6.630064,5.273873,1.745667,OverRange,OverRange,OverRange,14.112102,17.191838,490.18632
2026/06/02 10:08:00.274,n,307.89578,6.47243,4.792832,1.822002,OverRange,OverRange,OverRange,13.619324,17.23449,488.4344
2026/06/02 10:09:00.278,n,285.74952,3.982541,4.576442,1.509897,OverRange,OverRange,OverRange,13.637044,17.266546,441.66692
2026/06/02 10:10:00.278,n,292.98928,6.665941,4.769772,1.470442,OverRange,OverRange,OverRange,13.565802,17.297428,450.40804
2026/06/02 10:11:00.280,n,301.38018,6.306626,4.764486,1.2883,OverRange,OverRange,OverRange,13.661866,17.319892,464.41324
2026/06/02 10:12:00.282,n,303.52088,5.145284,4.141954,1.387416,OverRange,OverRange,OverRange,13.56069,17.347612,465.7938
2026/06/02 10:13:00.270,n,303.20974,6.137978,5.167416,1.499007,OverRange,OverRange,OverRange,13.920094,17.37318,462.22168
2026/06/02 10:14:00.271,n,311.28616,3.284005,4.942015,1.413217,OverRange,OverRange,OverRange,13.783732,17.400932,474.12804
2026/06/02 10:15:00.273,n,311.15658,6.344674,5.677768,1.163993,OverRange,OverRange,OverRange,14.091766,17.398778,471.00936
2026/06/02 10:16:00.277,n,321.23438,3.365579,4.614601,1.394211,OverRange,OverRange,OverRange,13.729162,17.419032,488.40868
2026/06/02 10:17:00.275,n,325.9516,4.181818,5.289451,0.700401,OverRange,OverRange,OverRange,13.777222,17.436086,495.19588
2026/06/02 10:18:00.278,n,331.861,3.904619,4.14976,1.168596,OverRange,OverRange,OverRange,13.801732,17.463834,505.00864
2026/06/02 10:19:00.281,n,324.15296,6.38537,4.916855,1.549108,OverRange,OverRange,OverRange,13.912532,17.48086,488.92092
2026/06/02 10:20:00.284,n,319.1333,6.541356,4.683262,1.374749,OverRange,OverRange,OverRange,13.781744,17.507504,478.66148
2026/06/02 10:21:00.286,n,315.81466,3.252486,5.260419,1.319972,OverRange,OverRange,OverRange,13.811284,17.52567,470.7928
2026/06/02 10:22:00.272,n,298.23898,4.60734,4.594587,1.382728,OverRange,OverRange,OverRange,13.596996,17.545886,437.00736
2026/06/02 10:23:00.273,n,289.12884,3.590427,4.247959,1.444771,OverRange,OverRange,OverRange,13.807994,17.556518,417.24804
2026/06/02 10:24:00.256,n,284.1377,3.228642,4.61763,1.47158,OverRange,OverRange,OverRange,13.86049,17.574684,405.78308
2026/06/02 10:25:00.278,n,277.32618,6.41416,4.653341,1.488183,OverRange,OverRange,OverRange,13.618918,17.586394,391.46336
2026/06/02 10:26:00.260,n,269.67032,6.015362,4.957715,1.555302,OverRange,OverRange,OverRange,13.868866,17.588318,374.29944
2026/06/02 10:27:00.263,n,273.59042,3.210518,4.306912,1.70094,OverRange,OverRange,OverRange,13.600774,17.591546,378.48108
2026/06/02 10:28:00.265,n,288.37046,5.133227,4.869413,1.465649,OverRange,OverRange,OverRange,13.98992,17.60009,404.08304
2026/06/02 10:29:00.269,n,294.41602,2.7911,4.429461,1.61954,OverRange,OverRange,OverRange,13.858846,17.6086,414.78524
2026/06/02 10:30:00.268,n,295.90762,3.372986,3.612632,0.688363,OverRange,OverRange,OverRange,13.759572,17.619266,415.75896
2026/06/02 10:31:00.271,n,295.43442,5.871019,4.822974,1.179231,OverRange,OverRange,OverRange,13.901322,17.627778,413.15724
2026/06/02 10:32:00.257,n,284.58506,6.072343,4.968918,1.519887,OverRange,OverRange,OverRange,13.775224,17.63417,391.51132
2026/06/02 10:33:00.259,n,282.04418,6.096163,6.139168,0.062549,OverRange,OverRange,OverRange,13.973816,17.64591,383.97012
2026/06/02 10:34:00.264,n,279.04026,3.991786,4.710369,1.271771,OverRange,OverRange,OverRange,13.784088,17.654392,377.94532
2026/06/02 10:35:00.264,n,274.86356,3.631092,4.459711,1.437983,OverRange,OverRange,OverRange,13.824032,17.661858,367.962
2026/06/02 10:36:00.264,n,276.90548,3.287952,4.456647,1.477104,OverRange,OverRange,OverRange,14.108826,17.677838,369.90084
2026/06/02 10:37:00.267,n,275.50776,6.395131,4.862448,1.700746,OverRange,OverRange,OverRange,13.944458,17.68211,365.31424
2026/06/02 10:38:00.269,n,278.01568,6.416314,4.799396,1.787784,OverRange,OverRange,OverRange,13.700134,17.6842,367.90112
2026/06/02 10:39:00.271,n,278.03568,3.469504,4.864349,1.579425,OverRange,OverRange,OverRange,13.555802,17.694894,366.50228
2026/06/02 10:40:00.274,n,272.4905,3.687622,4.474675,1.42269,OverRange,OverRange,OverRange,13.515046,17.699134,355.11324
2026/06/02 10:41:00.258,n,270.7002,6.512711,5.423607,1.426404,OverRange,OverRange,OverRange,13.519374,17.702334,350.11656
2026/06/02 10:42:00.261,n,272.96384,3.537425,4.872365,1.527421,OverRange,OverRange,OverRange,13.475912,17.699134,353.05432
2026/06/02 10:43:00.263,n,277.68014,3.661604,5.010952,1.395404,OverRange,OverRange,OverRange,13.40502,17.69597,360.76964
2026/06/02 10:44:00.264,n,283.28704,6.131758,6.201249,0.221199,OverRange,OverRange,OverRange,13.293254,17.692744,371.06228
2026/06/02 10:45:00.265,n,285.36026,3.473513,3.477824,0.322331,OverRange,OverRange,OverRange,13.065594,17.685276,374.48388
2026/06/02 10:46:00.268,n,286.12902,5.490487,4.791522,1.078019,OverRange,OverRange,OverRange,13.305156,17.676794,374.6334
2026/06/02 10:47:00.270,n,282.16504,6.047991,5.268696,1.431649,OverRange,OverRange,OverRange,13.354466,17.668252,368.09292
2026/06/02 10:48:00.273,n,278.61712,4.518777,3.737829,0.43312,OverRange,OverRange,OverRange,13.21933,17.661858,360.16856
2026/06/02 10:49:00.257,n,277.63088,6.158997,5.442054,1.137599,OverRange,OverRange,OverRange,13.496638,17.654392,357.9712
2026/06/02 10:50:00.265,n,277.51838,5.989369,5.048014,1.436339,OverRange,OverRange,OverRange,13.496388,17.64591,357.15132
2026/06/02 10:51:00.262,n,279.8024,6.740659,4.857672,1.820969,OverRange,OverRange,OverRange,13.693578,17.643792,359.72976
2026/06/02 10:52:00.265,n,283.2284,6.670784,5.223576,1.715778,OverRange,OverRange,OverRange,13.547934,17.644866,365.40368
2026/06/02 10:53:00.265,n,280.94592,3.584569,4.260355,1.288954,OverRange,OverRange,OverRange,13.587174,17.642714,360.81812
2026/06/02 10:54:00.268,n,279.14804,3.210699,4.85514,1.537872,OverRange,OverRange,OverRange,13.528722,17.641638,357.08888
2026/06/02 10:55:00.270,n,277.59678,3.674764,4.398471,1.552016,OverRange,OverRange,OverRange,13.620504,17.641638,352.24672
2026/06/02 10:56:00.271,n,278.83924,3.705632,4.446331,1.54275,OverRange,OverRange,OverRange,13.463232,17.635182,354.20756
2026/06/02 10:57:00.273,n,274.46328,3.709243,5.073355,1.41767,OverRange,OverRange,OverRange,13.695358,17.635182,344.71824
2026/06/02 10:58:00.259,n,281.24656,6.28207,4.906299,1.614829,OverRange,OverRange,OverRange,13.835318,17.63841,355.035
2026/06/02 10:59:00.265,n,279.81122,3.139531,4.289949,1.664914,OverRange,OverRange,OverRange,13.733464,17.637334,349.22668
2026/06/02 11:00:00.263,n,284.08444,3.26058,4.880719,1.655098,OverRange,OverRange,OverRange,13.540646,17.637334,347.3364
2026/06/02 11:01:00.264,n,282.51236,6.355949,5.250838,1.318842,OverRange,OverRange,OverRange,13.811096,17.639486,353.71788
2026/06/02 11:02:00.266,n,290.45316,3.46902,4.743036,1.378301,OverRange,OverRange,OverRange,13.88387,17.643792,365.9646
2026/06/02 11:03:00.270,n,287.62756,6.308563,5.099013,1.627505,OverRange,OverRange,OverRange,14.120418,17.652272,362.46484
2026/06/02 11:04:00.271,n,290.10264,3.249689,4.343603,1.49808,OverRange,OverRange,OverRange,14.079576,17.655498,366.506
2026/06/02 11:05:00.273,n,286.47958,6.284516,4.899665,1.335582,OverRange,OverRange,OverRange,14.045232,17.656544,361.4852
2026/06/02 11:06:00.276,n,288.64602,4.597877,4.677578,1.431872,OverRange,OverRange,OverRange,14.00584,17.672492,365.44968
2026/06/02 11:07:00.262,n,288.21714,6.448451,4.909182,1.721413,OverRange,OverRange,OverRange,14.17973,17.681034,365.93872
2026/06/02 11:08:00.263,n,289.9401,3.213122,4.427675,1.584571,OverRange,OverRange,OverRange,14.047002,17.68211,369.91676
2026/06/02 11:09:00.265,n,288.92904,3.125535,4.94142,1.577201,OverRange,OverRange,OverRange,14.244554,17.697014,369.10376
2026/06/02 11:10:00.267,n,288.47192,4.973473,5.115254,1.217268,OverRange,OverRange,OverRange,14.013662,17.702334,369.42944
2026/06/02 11:11:00.270,n,289.36596,6.424699,4.993933,1.592675,OverRange,OverRange,OverRange,14.13028,17.704452,371.9912
2026/06/02 11:12:00.272,n,296.78262,3.109851,4.667716,1.791963,OverRange,OverRange,OverRange,13.876012,17.711918,385.98916
2026/06/02 11:13:00.273,n,299.37072,3.115996,5.067518,1.569133,OverRange,OverRange,OverRange,14.08488,17.719356,391.906
2026/06/02 11:14:00.277,n,299.86966,3.220313,4.782049,1.750287,OverRange,OverRange,OverRange,14.187318,17.724704,392.94496
2026/06/02 11:15:00.277,n,297.21592,6.36287,5.119923,1.517714,OverRange,OverRange,OverRange,13.967958,17.737458,387.90968
2026/06/02 11:16:00.262,n,299.52108,3.19995,4.394063,1.574035,OverRange,OverRange,OverRange,13.74439,17.738534,391.19336
2026/06/02 11:17:00.265,n,307.12832,3.043924,5.463703,1.231727,OverRange,OverRange,OverRange,14.074794,17.738534,403.66428
2026/06/02 11:18:00.267,n,306.96348,3.03393,4.889305,1.279527,OverRange,OverRange,OverRange,14.28423,17.744958,402.84156
2026/06/02 11:19:00.269,n,311.18032,3.466912,3.804964,1.214986,OverRange,OverRange,OverRange,14.156952,17.749198,409.61412
2026/06/02 11:20:00.271,n,305.98606,5.973007,5.488559,0.751514,OverRange,OverRange,OverRange,14.226746,17.75983,399.67396
2026/06/02 11:21:00.276,n,308.1633,3.735599,4.241502,1.138597,OverRange,OverRange,OverRange,14.163086,17.760906,402.22444
2026/06/02 11:22:00.277,n,321.98942,3.855805,4.753752,1.337608,OverRange,OverRange,OverRange,13.838394,17.772614,426.05076
2026/06/02 11:23:00.280,n,329.56582,3.848821,3.824755,0.031177,OverRange,OverRange,OverRange,13.77499,17.776886,440.1106
2026/06/02 11:24:00.279,n,328.00778,6.150113,5.202418,1.407542,OverRange,OverRange,OverRange,14.078822,17.776886,437.99568
2026/06/02 11:25:00.267,n,331.77902,6.452008,4.961258,1.493867,OverRange,OverRange,OverRange,13.97051,17.77793,445.00084
2026/06/02 11:26:00.267,n,336.16396,3.230888,4.382826,1.593937,OverRange,OverRange,OverRange,13.807318,17.781158,453.48948
2026/06/02 11:27:00.269,n,338.4838,6.247909,5.538899,1.38013,OverRange,OverRange,OverRange,13.97252,17.793878,459.58176
2026/06/02 11:28:00.272,n,332.9448,3.71648,4.538597,1.329778,OverRange,OverRange,OverRange,13.76739,17.797106,451.37312
2026/06/02 11:29:00.273,n,327.89344,3.136226,4.825426,1.829092,OverRange,OverRange,OverRange,13.796936,17.797106,443.67236
2026/06/02 11:30:00.276,n,328.85648,3.156905,4.958058,1.609373,OverRange,OverRange,OverRange,13.993988,17.806662,446.63876
2026/06/02 11:31:00.277,n,326.32266,6.492869,5.241091,1.677532,OverRange,OverRange,OverRange,14.292776,17.804544,443.96004
2026/06/02 11:32:00.280,n,318.8337,6.486779,4.537478,1.602158,OverRange,OverRange,OverRange,14.14945,17.815206,432.37492
2026/06/02 11:33:00.281,n,317.69546,4.279429,4.813934,1.500162,OverRange,OverRange,OverRange,13.963196,17.823428,431.15208
2026/06/02 11:34:00.266,n,313.3536,6.008021,5.268578,1.58293,OverRange,OverRange,OverRange,13.836218,17.819154,425.04916
2026/06/02 11:35:00.271,n,304.52224,5.428111,5.032018,1.563043,OverRange,OverRange,OverRange,13.748586,17.82235,409.44188
2026/06/02 11:36:00.270,n,314.68524,3.260231,4.770195,1.67459,OverRange,OverRange,OverRange,13.714662,17.82235,426.66712
2026/06/02 11:37:00.272,n,316.47324,3.158509,4.476601,1.584142,OverRange,OverRange,OverRange,13.821034,17.824502,431.0786
2026/06/02 11:38:00.277,n,325.50396,5.0843,5.005026,1.570019,OverRange,OverRange,OverRange,13.969584,17.82235,446.41648
2026/06/02 11:39:00.276,n,326.18652,3.219059,4.769905,1.687609,OverRange,OverRange,OverRange,13.966778,17.82235,449.10912
2026/06/02 11:40:00.279,n,325.08082,4.3267,4.942533,1.61867,OverRange,OverRange,OverRange,13.989518,17.82235,448.16368
2026/06/02 11:41:00.280,n,318.80892,3.265437,4.55998,1.59982,OverRange,OverRange,OverRange,13.895848,17.82235,437.11008
2026/06/02 11:42:00.284,n,328.05704,5.125489,4.920235,1.455526,OverRange,OverRange,OverRange,13.979676,17.817036,451.66856
2026/06/02 11:43:00.267,n,343.4778,6.743628,4.398748,1.259822,OverRange,OverRange,OverRange,14.03648,17.82235,478.68408
2026/06/02 11:44:00.271,n,338.14152,4.121756,4.870123,1.400902,OverRange,OverRange,OverRange,14.035442,17.826622,470.5568
2026/06/02 11:45:00.272,n,333.24026,5.96299,5.837878,0.797872,OverRange,OverRange,OverRange,14.056686,17.818078,461.86032
2026/06/02 11:46:00.274,n,335.42904,3.16347,5.518823,1.167675,OverRange,OverRange,OverRange,14.002188,17.821274,464.7708
2026/06/02 11:47:00.277,n,329.09348,4.05941,4.607343,1.269721,OverRange,OverRange,OverRange,13.978932,17.827702,454.5114
2026/06/02 11:48:00.278,n,328.2613,3.797838,3.820918,0.123607,OverRange,OverRange,OverRange,14.057678,17.827702,453.48744
2026/06/02 11:49:00.282,n,329.91968,3.170995,5.209479,1.420749,OverRange,OverRange,OverRange,14.396444,17.832984,455.25684
2026/06/02 11:50:00.282,n,333.54996,6.552361,5.074163,1.477864,OverRange,OverRange,OverRange,14.291612,17.835134,461.9584
2026/06/02 11:51:00.284,n,338.56744,6.403562,4.570242,1.551092,OverRange,OverRange,OverRange,14.407344,17.848964,470.43996
2026/06/02 11:52:00.270,n,347.28392,6.071178,5.515706,1.191936,OverRange,OverRange,OverRange,14.55534,17.858552,486.04688
2026/06/02 11:53:00.271,n,359.19468,3.784372,5.025038,1.577657,OverRange,OverRange,OverRange,14.472142,17.87023,506.94008
2026/06/02 11:54:00.257,n,366.5286,6.40132,4.35856,1.171104,OverRange,OverRange,OverRange,14.405874,17.88409,521.61272
2026/06/02 11:55:00.259,n,360.65576,3.921573,4.533956,1.359153,OverRange,OverRange,OverRange,14.291092,17.903204,513.17164
2026/06/02 11:56:00.261,n,357.09192,3.202564,4.051676,1.344708,OverRange,OverRange,OverRange,14.274974,17.921338,507.05184
2026/06/02 11:57:00.265,n,361.91964,4.005251,4.842749,1.361958,OverRange,OverRange,OverRange,14.10789,17.928774,515.32692
2026/06/02 11:58:00.266,n,378.72988,3.157748,4.900406,1.64581,OverRange,OverRange,OverRange,14.040986,17.94893,544.4532
2026/06/02 11:59:00.267,n,376.30692,6.686404,5.012413,1.667222,OverRange,OverRange,OverRange,14.036734,17.953238,542.10816
2026/06/02 12:00:00.269,n,377.04464,6.415488,4.458324,1.563926,OverRange,OverRange,OverRange,14.217392,17.97026,542.75372
2026/06/02 12:01:00.271,n,382.82768,6.514681,4.521108,1.554883,OverRange,OverRange,OverRange,14.051132,17.971306,553.88264
2026/06/02 12:02:00.257,n,382.61172,4.720491,5.132502,1.240831,OverRange,OverRange,OverRange,14.076096,17.979848,553.1252
2026/06/02 12:03:00.259,n,399.126,3.831975,4.793976,1.488987,OverRange,OverRange,OverRange,14.341574,17.98833,580.05248
2026/06/02 12:04:00.262,n,412.6522,5.594993,6.142908,0.351471,OverRange,OverRange,OverRange,14.383886,17.996844,603.76324
2026/06/02 12:05:00.262,n,413.088,5.605219,5.306072,1.342771,OverRange,OverRange,OverRange,14.257574,18.01602,604.61468
2026/06/02 12:06:00.264,n,413.72816,5.857089,5.185745,1.560606,OverRange,OverRange,OverRange,14.145768,18.01602,604.4148
2026/06/02 12:07:00.266,n,418.83968,3.246425,4.16409,1.356103,OverRange,OverRange,OverRange,13.88526,18.025578,612.50848
2026/06/02 12:08:00.269,n,407.20656,6.390205,5.245232,1.618157,OverRange,OverRange,OverRange,14.317282,18.035102,591.748
2026/06/02 12:09:00.270,n,408.12068,3.162095,4.308127,1.632391,OverRange,OverRange,OverRange,14.602696,18.047888,590.3838
2026/06/02 12:10:00.256,n,406.68936,3.059542,5.625212,1.266541,OverRange,OverRange,OverRange,14.71307,18.061718,586.74696
2026/06/02 12:11:00.259,n,409.85148,6.288055,5.022303,0.98357,OverRange,OverRange,OverRange,14.738246,18.084058,588.9652
2026/06/02 12:12:00.261,n,417.72608,6.065517,5.258957,1.180254,OverRange,OverRange,OverRange,14.868688,18.106338,600.17072
2026/06/02 12:13:00.262,n,416.06068,3.924587,4.060897,0.981712,OverRange,OverRange,OverRange,14.61559,18.130832,596.24616
2026/06/02 12:14:00.265,n,440.03304,6.198557,5.941989,1.026549,OverRange,OverRange,OverRange,14.59338,18.156372,633.24144
2026/06/02 12:15:00.268,n,479.87404,5.089625,5.372877,1.083257,OverRange,OverRange,OverRange,14.200038,18.181846,701.59208
2026/06/02 12:16:00.268,n,490.21908,5.275726,4.974318,1.361719,OverRange,OverRange,OverRange,14.425008,18.20207,718.47776
2026/06/02 12:17:00.272,n,500.54952,4.865529,4.568692,1.483867,OverRange,OverRange,OverRange,14.342546,18.221184,735.64256
2026/06/02 12:18:00.272,n,517.55732,6.190877,5.252144,1.566124,OverRange,OverRange,OverRange,14.62111,18.234918,765.25608
2026/06/02 12:19:00.258,n,530.14092,2.950836,4.975137,1.508411,OverRange,OverRange,OverRange,14.765722,18.261502,786.43992
2026/06/02 12:20:00.260,n,548.2686,3.289841,5.023233,1.522461,OverRange,OverRange,OverRange,14.473866,18.283846,818.46848
2026/06/02 12:21:00.264,n,545.01184,5.768183,5.514191,1.31622,OverRange,OverRange,OverRange,14.27655,18.302928,816.24392
2026/06/02 12:22:00.266,n,537.8542,6.359929,5.546654,1.201085,OverRange,OverRange,OverRange,14.57101,18.332674,805.358
2026/06/02 12:23:00.266,n,523.45068,6.089969,5.744577,0.696967,OverRange,OverRange,OverRange,14.564728,18.35603,782.83056
2026/06/02 12:24:00.268,n,513.46196,3.527499,4.730516,1.63302,OverRange,OverRange,OverRange,14.658936,18.382584,767.4932
2026/06/02 12:25:00.270,n,516.38044,5.048681,4.993316,1.360599,OverRange,OverRange,OverRange,14.666932,18.4123,772.9704
2026/06/02 12:26:00.272,n,525.34124,6.057942,5.582354,1.284491,OverRange,OverRange,OverRange,14.502972,18.440976,790.37352
2026/06/02 12:27:00.274,n,529.58028,6.383888,4.824205,1.481464,OverRange,OverRange,OverRange,14.487082,18.462538,799.49424
2026/06/02 12:28:00.261,n,530.2856,3.017736,4.650392,1.678337,OverRange,OverRange,OverRange,14.712814,18.481782,802.26784
2026/06/02 12:29:00.264,n,531.56892,3.51998,4.785867,1.330907,OverRange,OverRange,OverRange,14.650636,18.518154,805.6332
2026/06/02 12:30:00.263,n,530.16356,3.702962,4.940801,1.523835,OverRange,OverRange,OverRange,14.509206,18.546992,804.75784
2026/06/02 12:31:00.265,n,524.44184,5.336145,4.828374,1.265491,OverRange,OverRange,OverRange,14.467464,18.573676,796.6308
2026/06/02 12:32:00.266,n,514.04692,3.219258,4.884883,1.565462,OverRange,OverRange,OverRange,14.645844,18.595044,778.93744
2026/06/02 12:33:00.271,n,513.1982,3.054452,4.434366,1.476618,OverRange,OverRange,OverRange,14.54686,18.616346,777.51632
2026/06/02 12:34:00.270,n,502.54588,3.59728,4.463277,1.485301,OverRange,OverRange,OverRange,14.652166,18.64205,760.09104
2026/06/02 12:35:00.272,n,495.21972,3.342286,4.222442,1.250416,OverRange,OverRange,OverRange,15.049896,18.663354,746.58912
2026/06/02 12:36:00.276,n,481.3832,6.28493,4.901154,1.464304,OverRange,OverRange,OverRange,14.962378,18.69004,723.65744
2026/06/02 12:37:00.260,n,469.1368,3.178854,4.431343,1.540927,OverRange,OverRange,OverRange,14.879004,18.714604,702.44432
2026/06/02 12:38:00.262,n,463.7366,5.465046,4.717602,1.423942,OverRange,OverRange,OverRange,14.766948,18.729546,692.97336
2026/06/02 12:39:00.266,n,456.02724,3.539768,4.292814,1.129582,OverRange,OverRange,OverRange,14.41295,18.761582,681.31776
2026/06/02 12:40:00.267,n,446.32396,6.288934,4.996208,1.497351,OverRange,OverRange,OverRange,14.445526,18.745792,663.78192
2026/06/02 12:41:00.272,n,436.85716,3.165978,4.547096,1.49734,OverRange,OverRange,OverRange,14.412934,18.75535,647.8376
2026/06/02 12:42:00.271,n,431.14748,3.338891,4.510479,1.465381,OverRange,OverRange,OverRange,14.349682,18.76282,637.05632
2026/06/02 12:43:00.274,n,432.24504,6.69163,5.141639,1.616601,OverRange,OverRange,OverRange,14.533682,18.770258,637.93156
2026/06/02 12:44:00.276,n,438.40964,4.705995,4.544846,1.496386,OverRange,OverRange,OverRange,14.17689,18.779852,649.1552
2026/06/02 12:45:00.276,n,440.61656,3.700124,4.31513,1.465162,OverRange,OverRange,OverRange,14.390758,18.782036,651.46564
2026/06/02 12:46:00.263,n,448.32712,3.12016,5.096056,1.610124,OverRange,OverRange,OverRange,14.947484,18.785234,663.51032
2026/06/02 12:47:00.265,n,449.57052,5.715367,4.901641,1.313473,OverRange,OverRange,OverRange,15.30563,18.796948,666.55232
2026/06/02 12:48:00.268,n,445.6024,3.393369,4.644531,1.483296,OverRange,OverRange,OverRange,15.15596,18.809766,660.48656
2026/06/02 12:49:00.270,n,446.32512,6.070848,5.704378,0.990015,OverRange,OverRange,OverRange,15.330266,18.818282,662.2088
2026/06/02 12:50:00.271,n,448.01512,3.754055,4.345835,1.102554,OverRange,OverRange,OverRange,15.174428,18.842814,664.8972
2026/06/02 12:51:00.273,n,451.649,3.171115,4.810917,1.714851,OverRange,OverRange,OverRange,15.1789,18.858832,672.19296
2026/06/02 12:52:00.275,n,445.79744,4.107047,5.226477,1.333609,OverRange,OverRange,OverRange,15.363678,18.880136,663.78412
2026/06/02 12:53:00.276,n,433.74472,5.939436,5.71507,0.988292,OverRange,OverRange,OverRange,15.381796,18.906824,643.60216
2026/06/02 12:54:00.279,n,418.70144,6.308538,5.661747,1.155985,OverRange,OverRange,OverRange,15.445634,18.92506,618.47332
2026/06/02 12:55:00.265,n,403.70996,6.340811,4.054392,1.143434,OverRange,OverRange,OverRange,15.523076,18.944276,593.02748
2026/06/02 12:56:00.267,n,398.7064,4.542903,5.167537,1.179497,OverRange,OverRange,OverRange,15.373826,18.963428,583.77428
2026/06/02 12:57:00.560,n,398.65836,3.301008,4.36768,1.394302,OverRange,OverRange,OverRange,15.373078,18.996478,584.25636
2026/06/02 12:58:00.270,n,392.299,4.750223,5.451658,1.060863,OverRange,OverRange,OverRange,15.669186,19.015662,572.44768
2026/06/02 12:59:00.273,n,382.5956,6.559487,4.732965,1.742266,OverRange,OverRange,OverRange,15.678218,19.032724,555.89368
2026/06/02 13:00:00.275,n,379.89488,6.102225,4.851053,1.592136,OverRange,OverRange,OverRange,15.674708,19.057196,549.73784
2026/06/02 13:01:00.277,n,381.12948,4.14816,4.572451,1.274584,OverRange,OverRange,OverRange,15.233532,19.07641,551.22516
2026/06/02 13:02:00.280,n,380.4414,6.335878,4.954521,1.08455,OverRange,OverRange,OverRange,14.796072,19.097714,550.34772
2026/06/02 13:03:00.280,n,370.9496,5.989249,5.163262,1.429601,OverRange,OverRange,OverRange,14.676942,19.107276,533.86116
2026/06/02 13:04:00.266,n,359.64768,6.088594,4.606934,1.370808,OverRange,OverRange,OverRange,14.616714,19.111288,514.45452
2026/06/02 13:05:00.269,n,351.71548,6.099114,5.473921,0.938559,OverRange,OverRange,OverRange,14.69749,19.102774,500.48952
2026/06/02 13:06:00.270,n,343.60788,6.324827,5.041418,1.516566,OverRange,OverRange,OverRange,14.848552,19.101698,485.76296
2026/06/02 13:07:00.271,n,336.12756,3.248744,4.305335,1.580937,OverRange,OverRange,OverRange,15.22643,19.108124,472.34348
2026/06/02 13:08:00.274,n,321.0972,3.19995,4.886908,1.328716,OverRange,OverRange,OverRange,15.289288,19.108124,446.92836
2026/06/02 13:09:00.275,n,316.80774,3.281502,4.801869,1.789335,OverRange,OverRange,OverRange,15.01944,19.108124,438.48532
2026/06/02 13:10:00.277,n,312.3468,6.208388,4.985931,1.388435,OverRange,OverRange,OverRange,14.644278,19.109168,430.88608
2026/06/02 13:11:00.279,n,312.23804,6.260825,4.824726,1.739527,OverRange,OverRange,OverRange,14.436188,19.093182,430.23244
2026/06/02 13:12:00.283,n,312.88888,3.164613,4.578525,1.564409,OverRange,OverRange,OverRange,14.817856,19.084666,430.43908
2026/06/02 13:13:00.272,n,311.80436,5.939854,5.268039,1.579745,OverRange,OverRange,OverRange,14.770768,19.079316,428.9052
2026/06/02 13:14:00.270,n,318.65372,5.913363,5.085742,1.603187,OverRange,OverRange,OverRange,14.799948,19.065482,439.72696
2026/06/02 13:15:00.271,n,331.12714,5.369668,4.544289,1.58779,OverRange,OverRange,OverRange,14.882554,19.05804,461.33
2026/06/02 13:16:00.273,n,346.24416,3.514756,4.2428,1.493355,OverRange,OverRange,OverRange,15.06776,19.049462,487.56364
2026/06/02 13:17:00.275,n,355.70668,3.614634,4.348165,1.493278,OverRange,OverRange,OverRange,15.153036,19.045254,505.21348
2026/06/02 13:18:00.277,n,370.13412,4.225945,5.124488,1.135936,OverRange,OverRange,OverRange,14.983746,19.035662,531.1292
2026/06/02 13:19:00.279,n,379.7582,5.076306,4.829053,1.244101,OverRange,OverRange,OverRange,15.155026,19.038824,549.07012
2026/06/02 13:20:00.281,n,384.65608,3.778456,4.105164,1.003631,OverRange,OverRange,OverRange,15.066524,19.032464,560.37544
2026/06/02 13:21:00.283,n,387.41316,4.053057,4.680406,1.350965,OverRange,OverRange,OverRange,14.872188,19.042054,568.35552
2026/06/02 13:22:00.268,n,404.6952,6.412293,5.268799,1.650781,OverRange,OverRange,OverRange,15.0192,19.0431,599.992
2026/06/02 13:23:00.270,n,409.3644,3.253382,5.18184,1.347704,OverRange,OverRange,OverRange,15.140956,19.044146,612.19072
2026/06/02 13:24:00.274,n,400.87852,3.199298,5.272908,1.659286,OverRange,OverRange,OverRange,14.90569,19.0431,599.67408
2026/06/02 13:25:00.276,n,402.26992,4.498236,4.81442,1.526218,OverRange,OverRange,OverRange,14.98876,19.048418,603.24176
2026/06/02 13:26:00.277,n,409.47452,4.60022,5.15566,0.875288,OverRange,OverRange,OverRange,15.188232,19.05589,617.57488
2026/06/02 13:27:00.278,n,409.15172,3.048632,5.337246,1.205555,OverRange,OverRange,OverRange,15.059708,19.06333,618.4748
2026/06/02 13:28:00.264,n,414.7528,6.255203,4.890024,1.55955,OverRange,OverRange,OverRange,15.071774,19.070798,629.04036
2026/06/02 13:29:00.266,n,416.755,5.211799,4.77915,1.269537,OverRange,OverRange,OverRange,15.278738,19.07824,633.25188
2026/06/02 13:30:00.268,n,416.1758,5.961096,6.139984,0.14816,OverRange,OverRange,OverRange,15.280726,19.089982,633.64104
2026/06/02 13:31:00.270,n,420.45724,2.711681,5.483347,1.364207,OverRange,OverRange,OverRange,14.892396,19.101698,642.15516
2026/06/02 13:32:00.256,n,413.21036,5.866396,4.965392,1.424508,OverRange,OverRange,OverRange,14.83425,19.110212,632.35152
2026/06/02 13:33:00.260,n,414.99584,5.169158,4.722206,1.553116,OverRange,OverRange,OverRange,14.595744,19.12088,636.73632
2026/06/02 13:34:00.260,n,419.46096,3.279431,5.264428,1.059242,OverRange,OverRange,OverRange,14.560726,19.125122,645.30364
2026/06/02 13:35:00.263,n,413.35652,6.020151,5.177123,1.536087,OverRange,OverRange,OverRange,14.77029,19.134714,637.18544
2026/06/02 13:36:00.264,n,409.78296,6.343049,4.769611,1.731807,OverRange,OverRange,OverRange,14.73377,19.138988,631.77052
2026/06/02 13:37:00.268,n,409.89112,6.68095,4.960754,1.580721,OverRange,OverRange,OverRange,14.732732,19.145352,631.70728
2026/06/02 13:38:00.267,n,412.74132,6.595841,5.07429,1.555367,OverRange,OverRange,OverRange,14.848588,19.15178,636.0262
2026/06/02 13:39:00.270,n,401.05912,6.199776,5.126056,1.533567,OverRange,OverRange,OverRange,14.702276,19.145352,616.22292
2026/06/02 13:40:00.274,n,390.34456,6.324628,4.656315,1.709749,OverRange,OverRange,OverRange,14.67986,19.15178,596.21624
2026/06/02 13:41:00.258,n,375.68684,3.553991,4.39001,0.97944,OverRange,OverRange,OverRange,14.61488,19.152822,569.83112
2026/06/02 13:42:00.259,n,355.59208,6.50781,4.821631,1.745566,OverRange,OverRange,OverRange,14.73578,19.157096,533.36888
2026/06/02 13:43:00.261,n,347.73804,4.9061,4.666104,1.344152,OverRange,OverRange,OverRange,14.894156,19.158206,515.20744
2026/06/02 13:44:00.263,n,357.28416,4.933579,4.458667,1.326733,OverRange,OverRange,OverRange,15.222896,19.16134,528.37444
2026/06/02 13:45:00.265,n,365.80808,2.981401,4.279518,1.675834,OverRange,OverRange,OverRange,15.31897,19.16346,541.03984
2026/06/02 13:46:00.268,n,369.22304,3.143994,4.771441,1.707313,OverRange,OverRange,OverRange,14.893046,19.16558,545.38396
2026/06/02 13:47:00.271,n,371.579,6.29544,5.238829,1.617745,OverRange,OverRange,OverRange,14.643576,19.170928,546.325
2026/06/02 13:48:00.271,n,390.2644,6.36887,4.821578,1.5158,OverRange,OverRange,OverRange,14.187506,19.16881,577.77708
2026/06/02 13:49:00.322,n,399.5536,4.182732,4.042792,1.224455,OverRange,OverRange,OverRange,14.311386,19.152822,593.26024
2026/06/02 13:50:00.259,n,396.92244,6.506415,4.897596,1.425308,OverRange,OverRange,OverRange,14.26146,19.14858,586.78364
2026/06/02 13:51:00.453,n,398.52852,6.349099,4.748492,1.718151,OverRange,OverRange,OverRange,14.253124,19.134714,588.15168
2026/06/02 13:52:00.458,n,399.39916,4.185,4.317556,1.615983,OverRange,OverRange,OverRange,14.25287,19.124112,586.9284
2026/06/02 13:53:00.457,n,396.37804,6.705253,5.113005,1.640955,OverRange,OverRange,OverRange,14.477544,19.111288,579.73652
2026/06/02 13:54:00.266,n,388.95596,4.534513,4.160593,1.209343,OverRange,OverRange,OverRange,14.31568,19.10062,564.76324
2026/06/02 13:55:00.269,n,384.8166,6.517375,4.876372,1.489331,OverRange,OverRange,OverRange,14.547566,19.0985,554.90344
2026/06/02 13:56:00.271,n,374.021,4.975096,5.620871,0.605829,OverRange,OverRange,OverRange,14.632518,19.092136,534.97364
2026/06/02 13:57:00.274,n,366.49936,6.007608,5.289676,1.25114,OverRange,OverRange,OverRange,14.687688,19.085742,519.00624
2026/06/02 13:58:00.477,n,369.05688,3.222259,3.963606,1.175874,OverRange,OverRange,OverRange,14.68665,19.07824,522.97076
2026/06/02 13:59:00.411,n,365.91676,3.264301,4.775385,1.704817,OverRange,OverRange,OverRange,14.84129,19.085742,517.03588
2026/06/02 14:00:00.262,n,368.2726,6.328464,5.045109,1.470588,OverRange,OverRange,OverRange,14.76473,19.07824,519.74748
2026/06/02 14:01:00.264,n,359.05336,3.19022,4.885452,1.599552,OverRange,OverRange,OverRange,14.366074,19.077192,506.02672
2026/06/02 14:02:00.266,n,341.8922,6.182171,4.955022,1.288757,OverRange,OverRange,OverRange,14.221578,19.07824,477.90768
2026/06/02 14:03:00.267,n,328.4559,3.629635,4.04331,1.106186,OverRange,OverRange,OverRange,14.085612,19.06333,454.51808
2026/06/02 14:04:00.463,n,317.39152,6.813317,4.24549,1.260344,OverRange,OverRange,OverRange,13.972276,19.049462,435.68852
2026/06/02 14:05:00.273,n,322.88854,6.61427,5.249354,1.448479,OverRange,OverRange,OverRange,13.76795,19.028156,444.60432
2026/06/02 14:06:00.274,n,349.77556,3.472408,4.251376,1.544397,OverRange,OverRange,OverRange,13.620112,19.006886,490.75024
2026/06/02 14:07:00.261,n,366.01628,3.112708,4.86962,1.797298,OverRange,OverRange,OverRange,13.563482,18.98023,521.5124
2026/06/02 14:08:00.429,n,354.40128,3.466431,5.099861,1.509749,OverRange,OverRange,OverRange,13.804322,18.958892,502.88872
2026/06/02 14:09:00.327,n,345.45836,3.604241,4.457649,1.515097,OverRange,OverRange,OverRange,13.76414,18.927996,486.98928
2026/06/02 14:10:00.313,n,346.20932,4.371263,4.521865,1.207464,OverRange,OverRange,OverRange,13.65299,18.90878,488.25484
2026/06/02 14:11:00.269,n,342.90208,6.355095,4.790606,1.596123,OverRange,OverRange,OverRange,13.734828,18.88963,484.78964
2026/06/02 14:12:00.356,n,326.58862,6.166787,5.226406,1.687255,OverRange,OverRange,OverRange,13.69214,18.860822,455.22172
2026/06/02 14:13:00.273,n,315.7214,3.27789,4.754227,1.700998,OverRange,OverRange,OverRange,13.593312,18.834136,436.26668
2026/06/02 14:14:00.276,n,320.88806,6.16529,4.878161,1.604603,OverRange,OverRange,OverRange,13.77881,18.813842,443.9764
2026/06/02 14:15:00.279,n,319.89566,3.068619,4.262157,1.719651,OverRange,OverRange,OverRange,13.913116,18.792508,442.64356
2026/06/02 14:16:00.262,n,329.22162,4.388293,5.01928,1.549246,OverRange,OverRange,OverRange,14.175934,18.780796,459.48952
2026/06/02 14:17:00.264,n,308.78054,6.530734,5.735676,1.394709,OverRange,OverRange,OverRange,14.476278,18.7637,424.85404
2026/06/02 14:18:00.270,n,313.99768,6.025505,5.338431,1.240834,OverRange,OverRange,OverRange,14.42308,18.754112,430.8148
2026/06/02 14:19:00.270,n,326.23898,3.784953,4.308928,1.529774,OverRange,OverRange,OverRange,14.38352,18.745564,453.90504
2026/06/02 14:20:00.271,n,322.35202,3.280756,4.315945,1.175896,OverRange,OverRange,OverRange,14.457382,18.74129,445.27952
2026/06/02 14:21:00.273,n,333.3837,3.99824,4.450153,1.170516,OverRange,OverRange,OverRange,14.59221,18.743476,465.77636
2026/06/02 14:22:00.276,n,307.49296,3.545557,4.034366,1.174567,OverRange,OverRange,OverRange,14.623444,18.743476,420.04988
2026/06/02 14:23:00.278,n,311.3884,4.574091,4.431373,1.046933,OverRange,OverRange,OverRange,14.590196,18.745564,424.4772
2026/06/02 14:24:00.280,n,337.4166,3.185207,4.337631,1.313664,OverRange,OverRange,OverRange,14.53828,18.74987,469.4478
2026/06/02 14:25:00.264,n,357.09,6.622319,4.241781,1.18523,OverRange,OverRange,OverRange,14.61237,18.754112,504.25032
2026/06/02 14:26:00.267,n,376.16564,6.144723,4.825752,1.663214,OverRange,OverRange,OverRange,14.509018,18.750946,538.92528
2026/06/02 14:27:00.270,n,384.15764,3.366538,4.668687,1.618323,OverRange,OverRange,OverRange,14.463658,18.795084,554.43764
2026/06/02 14:28:00.273,n,374.38036,6.34572,4.990277,1.553896,OverRange,OverRange,OverRange,14.52383,18.800404,537.9522
2026/06/02 14:29:00.276,n,365.77968,6.407277,5.294867,1.597082,OverRange,OverRange,OverRange,14.427292,18.803602,522.99664
2026/06/02 14:30:00.274,n,348.79612,4.904331,4.5309,1.326658,OverRange,OverRange,OverRange,14.26741,18.807842,493.50804
2026/06/02 14:31:00.277,n,349.63684,3.274934,4.393143,1.529951,OverRange,OverRange,OverRange,13.985302,18.807842,493.4778
2026/06/02 14:32:00.279,n,337.67972,6.285408,5.727031,1.421318,OverRange,OverRange,OverRange,14.000464,18.800404,473.84852
2026/06/02 14:33:00.283,n,331.58982,2.964618,4.996218,1.367858,OverRange,OverRange,OverRange,13.978226,18.802556,461.75368
2026/06/02 14:34:00.266,n,330.58304,3.177388,4.932177,1.651451,OverRange,OverRange,OverRange,13.98554,18.792932,460.0942
2026/06/02 14:35:00.267,n,326.70102,3.239257,4.722787,1.811925,OverRange,OverRange,OverRange,14.159466,18.78334,454.65908
2026/06/02 14:36:00.272,n,321.5723,3.199309,4.765373,1.755632,OverRange,OverRange,OverRange,13.987808,18.77799,446.36404
2026/06/02 14:37:00.272,n,313.41342,3.01636,4.722708,1.790842,OverRange,OverRange,OverRange,13.92897,18.768398,434.665
2026/06/02 14:38:00.274,n,307.43686,6.402093,4.496598,1.563203,OverRange,OverRange,OverRange,13.744344,18.754534,424.63832
2026/06/02 14:39:00.276,n,308.44956,6.175341,5.476303,1.308743,OverRange,OverRange,OverRange,13.709982,18.738516,427.66432
2026/06/02 14:40:00.278,n,299.28916,3.032519,4.642803,1.65298,OverRange,OverRange,OverRange,13.607876,18.721454,413.63792
2026/06/02 14:41:00.282,n,290.61032,6.396765,5.350847,1.220825,OverRange,OverRange,OverRange,13.582612,18.701164,398.01732
2026/06/02 14:42:00.283,n,280.00034,3.668791,4.425978,1.531352,OverRange,OverRange,OverRange,13.555792,18.675586,380.57664
2026/06/02 14:43:00.268,n,269.46606,4.55582,5.259241,1.018025,OverRange,OverRange,OverRange,13.537608,18.65634,360.67592
2026/06/02 14:44:00.272,n,275.20752,5.869808,4.14263,0.873538,OverRange,OverRange,OverRange,13.544194,18.6275,371.66264
2026/06/02 14:45:00.272,n,267.89798,5.814897,4.978867,1.406085,OverRange,OverRange,OverRange,13.495596,18.607212,359.48804
2026/06/02 14:46:00.274,n,270.6603,3.828509,4.226353,0.809715,OverRange,OverRange,OverRange,13.497162,18.576222,362.2886
2026/06/02 14:47:00.275,n,282.4989,3.776404,4.350891,1.213479,OverRange,OverRange,OverRange,13.477158,18.549568,383.91908
2026/06/02 14:48:00.277,n,283.96652,3.223716,5.305562,1.612771,OverRange,OverRange,OverRange,13.562596,18.523862,386.08116
2026/06/02 14:49:00.279,n,291.3125,6.136862,4.704715,1.331449,OverRange,OverRange,OverRange,13.582606,18.502528,398.7156
2026/06/02 14:50:00.284,n,301.70962,3.689214,5.268665,1.487056,OverRange,OverRange,OverRange,13.578314,18.482208,417.57364
2026/06/02 14:51:00.283,n,304.45298,6.549329,4.612271,1.442718,OverRange,OverRange,OverRange,13.6167,18.460872,423.29324
2026/06/02 14:52:00.269,n,309.18484,2.841916,4.873599,1.617272,OverRange,OverRange,OverRange,13.755966,18.446944,431.7388
2026/06/02 14:53:00.271,n,307.45046,6.489172,5.012546,1.582991,OverRange,OverRange,OverRange,13.745342,18.4352,429.93436
2026/06/02 14:54:00.273,n,298.25324,3.308512,4.335265,1.350155,OverRange,OverRange,OverRange,13.692526,18.42274,414.25732
2026/06/02 14:55:00.274,n,306.05892,3.225159,4.3933,1.341144,OverRange,OverRange,OverRange,13.61698,18.41641,428.77428
2026/06/02 14:56:00.260,n,306.59278,3.820462,4.482263,1.324962,OverRange,OverRange,OverRange,13.566656,18.404668,434.65452
2026/06/02 14:57:00.262,n,295.81766,6.334345,6.120107,0.675951,OverRange,OverRange,OverRange,13.616486,18.397262,416.93552
2026/06/02 14:58:00.283,n,314.2113,6.653037,5.480296,1.261228,OverRange,OverRange,OverRange,13.534816,18.388782,454.85208
2026/06/02 14:59:00.282,n,304.21592,5.043113,4.872353,1.077722,OverRange,OverRange,OverRange,13.570216,18.377136,442.41576
2026/06/02 15:00:00.268,n,279.28854,3.858787,4.511338,1.353482,OverRange,OverRange,OverRange,13.474614,18.36435,400.6948
2026/06/02 15:01:00.270,n,269.17294,6.097586,5.243888,1.185453,OverRange,OverRange,OverRange,13.50171,18.348398,385.27116
2026/06/02 15:02:00.273,n,250.42878,3.785473,4.573534,0.963634,OverRange,OverRange,OverRange,13.422272,18.348398,355.25632
2026/06/02 15:03:00.444,n,229.9922,3.397666,5.714747,1.147847,OverRange,OverRange,OverRange,13.402818,18.3346,321.24438
2026/06/02 15:04:00.259,n,230.39124,3.773238,3.683346,0.163592,OverRange,OverRange,OverRange,13.357794,18.3208,324.94296
2026/06/02 15:05:00.261,n,252.23396,3.632539,3.637724,0.103135,OverRange,OverRange,OverRange,13.318324,18.320998,370.14116
2026/06/02 15:06:00.264,n,263.0564,3.378147,4.948303,1.499652,OverRange,OverRange,OverRange,13.402278,18.301492,393.99892
2026/06/02 15:07:00.265,n,269.30276,4.584817,5.459141,1.520168,OverRange,OverRange,OverRange,13.5215,18.283422,410.56276
2026/06/02 15:08:00.268,n,267.26148,4.428112,4.624816,1.455867,OverRange,OverRange,OverRange,13.520218,18.279212,410.43448
2026/06/02 15:09:00.269,n,276.5765,6.030961,5.299488,1.592556,OverRange,OverRange,OverRange,13.678234,18.264274,431.5474
2026/06/02 15:10:00.273,n,275.64402,5.425548,4.516752,1.348217,OverRange,OverRange,OverRange,13.619588,18.25899,434.65768
2026/06/02 15:11:00.258,n,256.07966,3.476555,4.34251,1.131312,OverRange,OverRange,OverRange,13.837952,18.253674,400.56376
2026/06/02 15:12:00.258,n,248.61946,6.210281,5.175618,1.463914,OverRange,OverRange,OverRange,13.907166,18.253674,388.5024
2026/06/02 15:13:00.262,n,240.10246,6.509291,4.943609,1.635889,OverRange,OverRange,OverRange,13.906102,18.253674,374.81468
2026/06/02 15:14:00.263,n,231.9723,3.635796,4.320613,1.311232,OverRange,OverRange,OverRange,14.019772,18.25263,359.33316
2026/06/02 15:15:00.265,n,238.8704,3.598313,4.439864,1.467468,OverRange,OverRange,OverRange,14.092468,18.25475,374.56588
2026/06/02 15:16:00.267,n,260.46228,3.364751,4.405527,1.163959,OverRange,OverRange,OverRange,14.307446,18.257976,411.45584
2026/06/02 15:17:00.269,n,293.22012,6.406275,4.757568,1.339925,OverRange,OverRange,OverRange,14.333924,18.262186,481.73116
2026/06/02 15:18:00.270,n,321.18778,6.632301,4.778217,1.529496,OverRange,OverRange,OverRange,14.340704,18.270668,533.26264
2026/06/02 15:19:00.256,n,307.69364,5.95883,5.176926,1.699894,OverRange,OverRange,OverRange,14.635626,18.284498,511.6354
2026/06/02 15:20:00.258,n,317.33774,4.054063,5.541095,0.728934,OverRange,OverRange,OverRange,14.860866,18.301492,532.26196
2026/06/02 15:21:00.262,n,285.57324,6.090677,5.25367,1.275362,OverRange,OverRange,OverRange,14.955968,18.332318,476.46436
2026/06/02 15:22:00.266,n,262.92478,6.299113,4.716651,1.405651,OverRange,OverRange,OverRange,14.886242,18.372632,433.05376
2026/06/02 15:23:00.265,n,257.45566,5.352389,4.469058,1.14016,OverRange,OverRange,OverRange,14.857316,18.406592,426.63096
2026/06/02 15:24:00.266,n,282.57086,6.617897,5.393343,1.140305,OverRange,OverRange,OverRange,15.256374,18.441332,473.5498
2026/06/02 15:25:00.270,n,319.51502,3.840926,3.677749,0.208339,OverRange,OverRange,OverRange,15.267162,18.473398,552.61016
2026/06/02 15:26:00.272,n,284.89236,5.933793,5.366869,1.028681,OverRange,OverRange,OverRange,15.58051,18.517176,490.53444
2026/06/02 15:27:00.274,n,282.38474,6.526263,5.397204,1.138586,OverRange,OverRange,OverRange,15.258138,18.557788,488.23964
2026/06/02 15:28:00.259,n,235.93976,3.788216,4.965673,1.223148,OverRange,OverRange,OverRange,15.174642,18.604798,403.15248
2026/06/02 15:29:00.260,n,192.904,3.604445,4.389523,1.052094,OverRange,OverRange,OverRange,15.138906,18.642148,318.31912
2026/06/02 15:30:00.262,n,222.95208,5.89815,5.25357,0.672218,OverRange,OverRange,OverRange,15.059448,18.681686,372.80504
2026/06/02 15:31:00.265,n,275.08718,6.446447,4.982819,1.43707,OverRange,OverRange,OverRange,14.84346,18.707264,475.21476
2026/06/02 15:32:00.266,n,304.43246,6.325383,4.812948,1.664276,OverRange,OverRange,OverRange,14.85202,18.731862,536.875
2026/06/02 15:33:00.271,n,312.10494,6.495462,4.709897,1.415734,OverRange,OverRange,OverRange,15.07048,18.759558,554.9226
2026/06/02 15:34:00.270,n,293.05408,2.983241,4.686486,1.714052,OverRange,OverRange,OverRange,15.068696,18.786278,521.44404
2026/06/02 15:35:00.273,n,277.57956,6.458537,5.301747,1.709528,OverRange,OverRange,OverRange,15.067204,18.810812,492.61844
2026/06/02 15:36:00.274,n,258.9227,6.251576,4.793701,1.600605,OverRange,OverRange,OverRange,14.930818,18.837464,456.57224
2026/06/02 15:37:00.259,n,257.62134,5.902342,4.852303,1.578834,OverRange,OverRange,OverRange,14.88651,18.86689,454.90636
2026/06/02 15:38:00.263,n,236.44462,3.445797,4.290293,1.596543,OverRange,OverRange,OverRange,14.676976,18.890318,415.53184
2026/06/02 15:39:00.263,n,220.67268,6.201933,4.817723,1.619074,OverRange,OverRange,OverRange,14.887722,18.91485,383.46328
2026/06/02 15:40:00.265,n,223.51984,6.709885,4.743027,1.667227,OverRange,OverRange,OverRange,14.792048,18.938306,388.2278
2026/06/02 15:41:00.269,n,258.16688,2.895939,4.60662,1.782976,OverRange,OverRange,OverRange,14.67066,18.959644,456.83744
2026/06/02 15:42:00.270,n,275.88074,2.88451,5.008025,1.672707,OverRange,OverRange,OverRange,14.38438,18.972434,496.82124
2026/06/02 15:43:00.274,n,276.46464,3.20755,5.652305,1.224495,OverRange,OverRange,OverRange,14.331452,18.976836,501.24024
2026/06/02 15:44:00.276,n,278.1872,5.426558,4.492398,1.169707,OverRange,OverRange,OverRange,14.36412,18.98643,505.47876
2026/06/02 15:45:00.276,n,277.55686,3.830842,3.975214,1.232768,OverRange,OverRange,OverRange,14.467708,19.002416,505.87576
2026/06/02 15:46:00.261,n,285.75532,4.998915,4.118063,0.970528,OverRange,OverRange,OverRange,14.581152,19.025872,523.48072
2026/06/02 15:47:00.263,n,294.87106,4.895866,4.635061,1.323502,OverRange,OverRange,OverRange,14.594494,19.048254,544.00408
2026/06/02 15:48:00.265,n,291.86716,3.719076,4.851512,1.602982,OverRange,OverRange,OverRange,14.628002,19.068484,540.12212
2026/06/02 15:49:00.267,n,290.3713,3.428087,5.316438,1.704069,OverRange,OverRange,OverRange,14.67158,19.093018,538.99092
2026/06/02 15:50:00.270,n,276.62924,3.434544,4.788749,1.377865,OverRange,OverRange,OverRange,14.614834,19.118564,514.43016
2026/06/02 15:51:00.271,n,271.45178,3.110449,4.833698,1.644249,OverRange,OverRange,OverRange,14.450104,19.150542,504.95016
2026/06/02 15:52:00.274,n,276.87878,3.216253,4.69574,1.526702,OverRange,OverRange,OverRange,14.386006,19.171876,519.195
2026/06/02 15:53:00.276,n,279.28174,5.791332,4.963434,1.119299,OverRange,OverRange,OverRange,14.2925,19.19315,527.0584
2026/06/02 15:54:00.277,n,277.06418,3.157869,4.44233,1.526005,OverRange,OverRange,OverRange,14.32957,19.210182,524.81324
2026/06/02 15:55:00.265,n,265.99888,3.044945,5.055699,1.575719,OverRange,OverRange,OverRange,14.593476,19.236806,504.65428
2026/06/02 15:56:00.265,n,257.04294,3.110993,4.694947,1.488591,OverRange,OverRange,OverRange,14.707566,19.246398,487.97348
2026/06/02 15:57:00.269,n,243.49168,6.546609,4.625698,1.423339,OverRange,OverRange,OverRange,14.727006,19.26653,462.80388
2026/06/02 15:58:00.270,n,234.92476,3.833089,4.12158,0.939449,OverRange,OverRange,OverRange,14.871104,19.279288,446.32716
2026/06/02 15:59:00.272,n,211.2785,6.034294,5.434788,1.452721,OverRange,OverRange,OverRange,14.798594,19.298474,400.5808
2026/06/02 16:00:00.273,n,208.65936,6.112274,5.603533,1.182544,OverRange,OverRange,OverRange,14.565618,19.322914,394.40028
2026/06/02 16:01:00.275,n,188.98852,6.774369,5.31131,1.545527,OverRange,OverRange,OverRange,14.473364,19.33146,359.32044
2026/06/02 16:02:00.277,n,180.50654,3.008784,4.692656,1.703505,OverRange,OverRange,OverRange,14.414668,19.338902,339.59724
2026/06/02 16:03:00.279,n,204.99946,6.165423,4.902694,1.575325,OverRange,OverRange,OverRange,14.50765,19.339944,395.5804
2026/06/02 16:04:00.268,n,186.9403,4.175374,4.29711,1.140783,OverRange,OverRange,OverRange,14.598888,19.335736,360.3596
2026/06/02 16:05:00.268,n,164.57566,3.553656,4.999439,1.349192,OverRange,OverRange,OverRange,14.526566,19.338902,313.76834
2026/06/02 16:06:00.269,n,125.33032,3.455075,4.684182,1.637268,OverRange,OverRange,OverRange,14.376806,19.33146,231.04728
2026/06/02 16:07:00.271,n,90.914976,3.619714,4.403414,1.36633,OverRange,OverRange,OverRange,14.357168,19.318702,154.42834
2026/06/02 16:08:00.274,n,80.860672,5.965101,4.857349,1.181564,OverRange,OverRange,OverRange,14.380392,19.298474,131.89656
2026/06/02 16:09:00.274,n,93.10764,5.854301,5.406118,1.062677,OverRange,OverRange,OverRange,14.259588,19.26764,158.8102
2026/06/02 16:10:00.278,n,99.937744,6.334905,4.259812,1.182416,OverRange,OverRange,OverRange,14.233582,19.234584,175.41166
2026/06/02 16:11:00.279,n,112.90616,3.192747,5.459888,1.113776,OverRange,OverRange,OverRange,14.399552,19.189856,202.0335
2026/06/02 16:12:00.282,n,130.64674,6.205033,5.097166,1.394834,OverRange,OverRange,OverRange,14.328182,19.14832,241.75016
2026/06/02 16:13:00.267,n,142.64888,3.829744,4.654648,0.995122,OverRange,OverRange,OverRange,14.205094,19.103558,267.853
2026/06/02 16:14:00.269,n,150.7651,3.722393,4.608559,1.307869,OverRange,OverRange,OverRange,14.21188,19.071616,284.9667
2026/06/02 16:15:00.271,n,159.28004,6.0439,4.662505,1.217742,OverRange,OverRange,OverRange,14.205358,19.03537,304.2785
2026/06/02 16:16:00.273,n,167.97254,3.809076,4.199356,0.945421,OverRange,OverRange,OverRange,14.121354,19.00767,322.28298
2026/06/02 16:17:00.275,n,154.95822,3.667281,3.940311,0.426985,OverRange,OverRange,OverRange,13.949946,18.988452,293.08084
2026/06/02 16:18:00.276,n,164.37346,6.142099,5.598727,1.216965,OverRange,OverRange,OverRange,14.058762,18.973576,311.62182
2026/06/02 16:19:00.280,n,175.61338,3.290074,4.675465,1.301433,OverRange,OverRange,OverRange,13.688238,18.957556,338.13116
2026/06/02 16:20:00.282,n,175.1529,6.209893,4.601589,1.495411,OverRange,OverRange,OverRange,13.680162,18.942646,338.1866
2026/06/02 16:21:00.283,n,181.68792,6.246364,5.477976,1.336173,OverRange,OverRange,OverRange,13.632676,18.919188,353.03384
2026/06/02 16:22:00.270,n,191.5879,6.372282,5.126004,1.448944,OverRange,OverRange,OverRange,13.57075,18.901082,378.7836
2026/06/02 16:23:00.270,n,185.51606,4.480422,5.52715,0.911888,OverRange,OverRange,OverRange,13.50527,18.889306,367.28272
2026/06/02 16:24:00.273,n,182.03882,3.592697,4.43254,1.449414,OverRange,OverRange,OverRange,13.587132,18.877594,360.76224
2026/06/02 16:25:00.275,n,183.23754,6.288455,4.027958,1.111058,OverRange,OverRange,OverRange,13.764064,18.86588,365.40024
2026/06/02 16:26:00.261,n,183.63706,6.286383,5.613871,1.274253,OverRange,OverRange,OverRange,13.746852,18.858408,369.55436
2026/06/02 16:27:00.280,n,175.3278,3.940305,3.966583,0.608819,OverRange,OverRange,OverRange,13.607142,18.848784,359.07688
2026/06/02 16:28:00.280,n,170.83752,4.247877,4.181367,0.981057,OverRange,OverRange,OverRange,13.885824,18.842392,352.291
2026/06/02 16:29:00.283,n,165.6095,5.45845,4.972291,1.442632,OverRange,OverRange,OverRange,14.182124,18.84027,341.60144
2026/06/02 16:30:00.284,n,153.88766,4.401234,4.72499,1.354641,OverRange,OverRange,OverRange,14.126628,18.841314,344.75948
2026/06/02 16:31:00.269,n,166.72854,5.139627,5.475351,1.295627,OverRange,OverRange,OverRange,14.16647,18.846632,339.9828
2026/06/02 16:32:00.273,n,164.82072,6.338534,4.355153,1.578337,OverRange,OverRange,OverRange,14.055696,18.854166,337.2622
2026/06/02 16:33:00.260,n,157.2262,3.142651,4.226182,1.302973,OverRange,OverRange,OverRange,13.999166,18.855212,320.17002
2026/06/02 16:34:00.259,n,151.11226,3.799309,5.178411,1.313667,OverRange,OverRange,OverRange,14.173788,18.859452,304.9639
2026/06/02 16:35:00.265,n,140.83484,3.71971,4.138148,1.128534,OverRange,OverRange,OverRange,14.013556,18.863728,279.8248
2026/06/02 16:36:00.263,n,131.54534,6.433185,4.807708,1.788348,OverRange,OverRange,OverRange,14.043336,18.86265,256.10236
2026/06/02 16:37:00.266,n,122.77352,6.451912,4.39099,1.607632,OverRange,OverRange,OverRange,13.824662,18.857302,234.19106
2026/06/02 16:38:00.267,n,112.46954,6.345333,5.392881,1.433428,OverRange,OverRange,OverRange,13.787796,18.848784,207.13978
2026/06/02 16:39:00.270,n,102.57524,3.532533,4.529778,1.546393,OverRange,OverRange,OverRange,13.849696,18.833876,180.69062
2026/06/02 16:40:00.272,n,102.51492,6.605229,4.544136,1.589051,OverRange,OverRange,OverRange,13.962292,18.80931,180.81596
2026/06/02 16:41:00.256,n,109.89186,6.420817,4.373735,1.616153,OverRange,OverRange,OverRange,13.938314,18.782624,202.26286
2026/06/02 16:42:00.258,n,115.59612,6.326985,5.036242,1.216749,OverRange,OverRange,OverRange,13.80396,18.760246,219.5763
2026/06/02 16:43:00.260,n,114.35736,6.106903,5.15411,1.608308,OverRange,OverRange,OverRange,13.832516,18.726088,217.03908
2026/06/02 16:44:00.262,n,113.61542,3.428983,3.996277,1.317487,OverRange,OverRange,OverRange,13.70544,18.70048,216.33538
2026/06/02 16:45:00.267,n,110.81306,5.988899,5.30842,1.182748,OverRange,OverRange,OverRange,13.77594,18.670596,209.97478
2026/06/02 16:46:00.266,n,108.52172,6.352238,5.773127,0.643937,OverRange,OverRange,OverRange,13.68575,18.644988,205.61694
2026/06/02 16:47:00.268,n,105.4824,3.681301,3.793434,0.303179,OverRange,OverRange,OverRange,13.675126,18.622544,200.46894
2026/06/02 16:48:00.271,n,101.08412,6.455747,5.061559,1.372621,OverRange,OverRange,OverRange,13.64203,18.600164,191.10146
2026/06/02 16:49:00.257,n,98.1704,4.616351,4.788923,1.367593,OverRange,OverRange,OverRange,13.48402,18.560628,186.131
2026/06/02 16:50:00.259,n,90.23704,3.251229,5.28851,1.619412,OverRange,OverRange,OverRange,13.432408,18.564478,165.70842
2026/06/02 16:51:00.260,n,77.202552,5.925723,4.550298,1.271036,OverRange,OverRange,OverRange,13.398388,18.527092,128.35588
2026/06/02 16:52:00.262,n,74.583672,6.188252,5.163186,1.326878,OverRange,OverRange,OverRange,13.316178,18.490816,122.17992
2026/06/02 16:53:00.265,n,85.048288,6.231922,4.960324,1.232107,OverRange,OverRange,OverRange,13.275188,18.444854,160.72528
2026/06/02 16:54:00.267,n,63.323468,5.808594,4.986824,1.365374,OverRange,OverRange,OverRange,13.27594,18.404732,96.322968
2026/06/02 16:55:00.268,n,72.969,6.490714,5.198252,1.182621,OverRange,OverRange,OverRange,13.15569,18.366536,131.44796
2026/06/02 16:56:00.275,n,62.285512,5.747778,5.380857,1.189965,OverRange,OverRange,OverRange,13.213186,18.326184,101.31432
2026/06/02 16:57:00.427,n,55.427692,4.627411,4.146685,1.278458,OverRange,OverRange,OverRange,13.078466,18.279442,82.85532
2026/06/02 16:58:00.449,n,50.7959,5.01277,4.955547,1.407689,OverRange,OverRange,OverRange,13.072062,18.23482,69.240904
2026/06/02 16:59:00.259,n,51.588804,3.949069,4.483552,1.605297,OverRange,OverRange,OverRange,12.963354,18.180642,73.604008
2026/06/02 17:00:00.460,n,50.540196,5.924628,4.717251,1.199885,OverRange,OverRange,OverRange,13.028352,18.123264,72.87084
2026/06/02 17:01:00.419,n,43.391524,6.320006,5.685003,1.322303,OverRange,OverRange,OverRange,12.94869,18.076136,52.253528
2026/06/02 17:02:00.390,n,41.176152,6.075941,4.395221,1.422639,OverRange,OverRange,OverRange,12.844132,18.0155,48.154492
2026/06/02 17:03:00.269,n,39.725452,3.343535,5.476134,1.19351,OverRange,OverRange,OverRange,12.806828,17.951672,46.451976
2026/06/02 17:04:00.270,n,37.898184,6.192977,5.306102,1.458042,OverRange,OverRange,OverRange,12.809002,17.878254,44.172852
2026/06/02 17:05:00.272,n,36.346896,6.433082,4.821146,1.672403,OverRange,OverRange,OverRange,12.714936,17.812306,42.506
2026/06/02 17:06:00.274,n,34.742628,6.653894,4.964207,1.384833,OverRange,OverRange,OverRange,12.706956,17.742024,40.775752
2026/06/02 17:07:00.261,n,33.06945,6.5068,4.451408,1.560616,OverRange,OverRange,OverRange,12.65175,17.689872,39.785848
2026/06/02 17:08:00.262,n,32.083718,3.768714,5.17396,1.349287,OverRange,OverRange,OverRange,12.61993,17.619558,39.387136
2026/06/02 17:09:00.265,n,32.999524,4.614592,4.825771,0.968118,OverRange,OverRange,OverRange,12.607356,17.548106,47.82336
2026/06/02 17:10:00.267,n,37.045116,6.280939,5.038855,1.232282,OverRange,OverRange,OverRange,12.612646,17.474598,69.264104
2026/06/02 17:11:00.269,n,37.954384,5.09283,5.30411,1.042171,OverRange,OverRange,OverRange,12.548356,17.414888,78.902856
2026/06/02 17:12:00.270,n,37.334044,3.128995,5.730049,1.288738,OverRange,OverRange,OverRange,12.582902,17.345558,80.073896
2026/06/02 17:13:00.272,n,37.182524,6.235375,5.32529,1.555279,OverRange,OverRange,OverRange,12.626476,17.284772,85.142704
2026/06/02 17:14:00.275,n,33.973588,3.871552,4.658542,1.198887,OverRange,OverRange,OverRange,12.507234,17.235664,71.4574
2026/06/02 17:15:00.278,n,29.089296,3.047218,4.79125,1.670874,OverRange,OverRange,OverRange,12.535954,17.183362,45.973832
2026/06/02 17:16:00.265,n,28.047492,3.106335,4.904847,1.520355,OverRange,OverRange,OverRange,12.504192,17.131056,37.798184
2026/06/02 17:17:00.264,n,24.496252,2.925058,5.15328,1.738176,OverRange,OverRange,OverRange,12.473904,17.080872,30.389502
2026/06/02 17:18:00.268,n,20.86559,3.230353,4.883349,1.849696,OverRange,OverRange,OverRange,12.429504,17.030656,26.382264
2026/06/02 17:19:00.268,n,17.698608,6.443306,5.024121,1.633539,OverRange,OverRange,OverRange,12.395956,16.975128,22.8908
2026/06/02 17:20:00.271,n,15.59845,3.169687,4.995936,1.524951,OverRange,OverRange,OverRange,12.327348,16.921686,19.60428
2026/06/02 17:21:00.272,n,13.938362,6.166029,5.033771,1.607592,OverRange,OverRange,OverRange,12.338426,16.859702,17.018934
2026/06/02 17:22:00.274,n,12.681142,3.781682,3.603978,0.294928,OverRange,OverRange,OverRange,12.188274,16.803034,15.202856
2026/06/02 17:23:00.278,n,11.791632,3.521178,4.518668,1.43824,OverRange,OverRange,OverRange,12.269776,16.745292,13.902974
2026/06/02 17:24:00.279,n,11.192208,3.856509,4.095138,1.200326,OverRange,OverRange,OverRange,12.220576,16.741606,13.055128
2026/06/02 17:25:00.264,n,11.647036,6.300549,5.817566,1.215298,OverRange,OverRange,OverRange,12.382492,16.66779,12.938324
2026/06/02 17:26:00.266,n,11.241092,6.37973,6.213875,0.105902,OverRange,OverRange,OverRange,12.290462,16.607834,12.361886
2026/06/02 17:27:00.270,n,10.895962,3.96094,5.367454,1.368073,OverRange,OverRange,OverRange,12.184154,16.551136,11.870604
2026/06/02 17:28:00.274,n,10.533254,6.276289,4.789797,1.275959,OverRange,OverRange,OverRange,12.243252,16.494376,11.524962
2026/06/02 17:29:00.271,n,10.06175,5.289064,5.342044,1.213144,OverRange,OverRange,OverRange,12.209642,16.441888,10.874126
2026/06/02 17:30:00.273,n,9.687238,6.283088,5.516653,1.239696,OverRange,OverRange,OverRange,12.176066,16.395822,10.285318
2026/06/02 17:31:00.277,n,8.940912,3.804372,4.097366,1.071158,OverRange,OverRange,OverRange,12.07758,16.351876,9.663406
2026/06/02 17:32:00.276,n,7.930669,3.649942,4.021526,1.011787,OverRange,OverRange,OverRange,12.1541,16.325536,8.874006
2026/06/02 17:33:00.279,n,7.72064,3.776956,5.392958,1.444687,OverRange,OverRange,OverRange,12.184078,16.292086,8.075477
2026/06/02 17:34:00.268,n,6.883092,5.744424,5.251347,1.143027,OverRange,OverRange,OverRange,12.175182,16.241654,7.192394
2026/06/02 17:35:00.266,n,6.237353,3.688861,4.5125,1.464503,OverRange,OverRange,OverRange,12.125672,16.20304,6.826533
2026/06/02 17:36:00.269,n,5.458951,6.316467,4.964548,1.366926,OverRange,OverRange,OverRange,12.13905,16.15696,6.240456
2026/06/02 17:37:00.272,n,4.601002,6.302061,4.947306,1.435528,OverRange,OverRange,OverRange,12.103954,16.10759,5.196711
2026/06/02 17:38:00.271,n,3.765634,4.81692,4.396662,1.382518,OverRange,OverRange,OverRange,12.043818,16.068994,3.942647
2026/06/02 17:39:00.274,n,3.076401,6.338725,5.802824,1.247076,OverRange,OverRange,OverRange,12.12264,16.027106,3.207086
2026/06/02 17:40:00.277,n,2.287607,6.316721,4.544046,1.571881,OverRange,OverRange,OverRange,12.037746,15.977784,2.377926
2026/06/02 17:41:00.279,n,1.460707,5.972618,6.172055,0.138746,OverRange,OverRange,OverRange,12.076692,15.933746,1.492198
2026/06/02 17:42:00.281,n,0.332428,3.868684,3.94389,0.669313,OverRange,OverRange,OverRange,11.922558,15.911986,0.405877
2026/06/02 17:43:00.266,n,-0.219138,6.503517,5.174487,1.713297,OverRange,OverRange,OverRange,12.103268,15.879114,-0.238987
2026/06/02 17:44:00.270,n,-0.728493,4.854514,5.035378,1.55887,OverRange,OverRange,OverRange,12.008398,15.831866,-0.814996
2026/06/02 17:45:00.273,n,-1.243108,5.908597,4.961536,1.288494,OverRange,OverRange,OverRange,12.020268,15.788922,-1.239047
2026/06/02 17:46:00.275,n,-1.860236,6.579133,4.786658,1.506983,OverRange,OverRange,OverRange,12.002324,15.74376,-1.690401
2026/06/02 17:47:00.275,n,-2.094257,6.10161,4.603939,1.444102,OverRange,OverRange,OverRange,11.99525,15.697558,-2.056262
2026/06/02 17:48:00.276,n,-2.152763,6.085325,5.238362,1.19216,OverRange,OverRange,OverRange,11.998806,15.663628,-2.206087
2026/06/02 17:49:00.279,n,-2.079759,2.897266,5.596188,1.323817,OverRange,OverRange,OverRange,11.92651,15.615582,-2.241069
2026/06/02 17:50:00.281,n,-2.460172,4.231606,4.212862,0.743903,OverRange,OverRange,OverRange,11.861324,15.57818,-2.278099
2026/06/02 17:51:00.281,n,-2.457092,3.383818,5.358551,1.387233,OverRange,OverRange,OverRange,11.924728,15.531134,-2.254636
2026/06/02 17:52:00.268,n,-2.746924,4.564321,5.000153,1.276115,OverRange,OverRange,OverRange,11.926484,15.487328,-2.501814
2026/06/02 17:53:00.270,n,-3.13311,3.634063,3.947827,0.51439,OverRange,OverRange,OverRange,11.78569,15.453138,-2.953509
2026/06/02 17:54:00.272,n,-3.683008,4.034343,4.115012,1.335498,OverRange,OverRange,OverRange,11.850408,15.426592,-3.621239
2026/06/02 17:55:00.273,n,-3.42538,6.243544,5.541519,1.173091,OverRange,OverRange,OverRange,11.981268,15.385982,-3.556991
2026/06/02 17:56:00.278,n,-3.329026,6.399588,6.193354,0.125098,OverRange,OverRange,OverRange,11.935532,15.36286,-3.648542
2026/06/02 17:57:00.278,n,-3.632971,6.910394,4.253897,1.384435,OverRange,OverRange,OverRange,11.840648,15.321174,-3.915174
2026/06/02 17:58:00.281,n,-3.612443,6.372138,5.548508,1.526947,OverRange,OverRange,OverRange,11.85553,15.286968,-3.93275
2026/06/02 17:59:00.283,n,-3.74408,3.710141,4.866937,1.589515,OverRange,OverRange,OverRange,11.767578,15.249476,-4.090339
2026/06/02 18:00:00.267,n,-3.960652,3.272211,4.350481,1.342058,OverRange,OverRange,OverRange,11.851762,15.21527,-4.203221
2026/06/02 18:01:00.269,n,-3.975406,3.63455,4.842549,1.365163,OverRange,OverRange,OverRange,11.827734,15.184214,-4.25996
2026/06/02 18:02:00.271,n,-3.867248,6.804173,5.090021,1.27341,OverRange,OverRange,OverRange,11.891704,15.153202,-4.107831
2026/06/02 18:03:00.273,n,-4.033911,6.256483,4.639702,1.436553,OverRange,OverRange,OverRange,11.825984,15.123286,-4.236411
2026/06/02 18:04:00.259,n,-4.039814,6.431293,5.118531,1.55698,OverRange,OverRange,OverRange,11.809758,15.100784,-4.32617
2026/06/02 18:05:00.263,n,-3.989647,6.169993,5.218408,1.594358,OverRange,OverRange,OverRange,11.845394,15.099984,-4.234449
2026/06/02 18:06:00.264,n,-3.718676,3.30336,4.445583,1.69,OverRange,OverRange,OverRange,11.76645,15.074306,-4.141618
2026/06/02 18:07:00.268,n,-3.695068,3.732911,4.986908,1.510907,OverRange,OverRange,OverRange,11.831986,15.056088,-4.038293
2026/06/02 18:08:00.269,n,-3.7886,3.682636,4.478531,1.338958,OverRange,OverRange,OverRange,11.804454,15.033618,-4.135731
2026/06/02 18:09:00.269,n,-3.785777,6.267541,5.625855,1.039246,OverRange,OverRange,OverRange,11.895758,15.020778,-4.227196
2026/06/02 18:10:00.271,n,-3.662737,3.70281,4.826607,1.527509,OverRange,OverRange,OverRange,11.750844,15.000428,-4.198102
2026/06/02 18:11:00.257,n,-3.656963,6.308427,5.446169,1.655741,OverRange,OverRange,OverRange,11.925274,14.982226,-4.201941
2026/06/02 18:12:00.259,n,-3.613084,3.703719,4.448761,1.27691,OverRange,OverRange,OverRange,11.73314,14.969354,-4.180696
2026/06/02 18:13:00.262,n,-3.84146,3.847797,3.798099,0.169821,OverRange,OverRange,OverRange,11.846208,14.942566,-4.244859
2026/06/02 18:14:00.263,n,-3.782954,6.443783,4.783272,1.533828,OverRange,OverRange,OverRange,11.926016,14.923308,-4.250575
2026/06/02 18:15:00.399,n,-3.727143,5.925531,4.623291,1.421795,OverRange,OverRange,OverRange,11.909872,14.913662,-4.198101
2026/06/02 18:16:00.267,n,-3.621808,6.492787,4.786158,1.457657,OverRange,OverRange,OverRange,11.865352,14.897564,-4.203903
2026/06/02 18:17:00.437,n,-3.486964,3.224085,4.906926,1.313273,OverRange,OverRange,OverRange,11.834996,14.882542,-4.135816
2026/06/02 18:18:00.371,n,-3.501591,5.973152,4.748084,1.530443,OverRange,OverRange,OverRange,11.910594,14.86649,-4.013038
2026/06/02 18:19:00.299,n,-3.496074,3.288256,4.379331,1.603008,OverRange,OverRange,OverRange,11.827424,14.849352,-4.100578
2026/06/02 18:20:00.305,n,-3.528277,6.087957,5.503193,1.383484,OverRange,OverRange,OverRange,11.946544,14.833286,-4.030444
2026/06/02 18:21:00.260,n,-3.519425,OverRange,OverRange,OverRange,OverRange,OverRange,OverRange,11.794536,14.819356,-3.97396
2026/06/02 18:22:00.262,n,-3.41101,6.677605,4.526164,1.639871,OverRange,OverRange,OverRange,11.827414,14.804364,-3.983858
2026/06/02 18:23:00.267,n,-3.326331,5.986524,5.738493,0.899968,OverRange,OverRange,OverRange,11.91063,14.794704,-3.983687
2026/06/02 18:24:00.417,n,-3.566126,4.394875,4.231928,1.336759,OverRange,OverRange,OverRange,11.83553,14.7818,-4.067644
2026/06/02 18:25:00.356,n,-3.370211,3.917637,4.659568,0.983761,OverRange,OverRange,OverRange,11.823416,14.7636,-3.96048
2026/06/02 18:26:00.271,n,-3.355456,6.299247,5.065102,1.355102,OverRange,OverRange,OverRange,11.940186,14.75394,-3.878741
2026/06/02 18:27:00.273,n,-3.302467,6.507474,4.563198,1.580499,OverRange,OverRange,OverRange,11.859762,14.744326,-3.882495
2026/06/02 18:28:00.259,n,-3.276679,6.699721,4.931602,1.341886,OverRange,OverRange,OverRange,11.87294,14.729304,-3.946742
2026/06/02 18:29:00.264,n,-3.381757,6.426283,4.314068,1.223601,OverRange,OverRange,OverRange,11.87825,14.715358,-3.89026
2026/06/02 18:30:00.263,n,-3.428716,3.363919,4.983555,1.498714,OverRange,OverRange,OverRange,11.841304,14.713206,-3.942903
2026/06/02 18:31:00.265,n,-3.44347,3.142699,5.144851,1.309567,OverRange,OverRange,OverRange,11.907818,14.700336,-3.97396
2026/06/02 18:32:00.267,n,-3.399463,3.316496,4.897154,1.749136,OverRange,OverRange,OverRange,11.86732,14.71293,-3.925412
2026/06/02 18:33:00.271,n,-2.951565,5.583863,5.523766,0.613222,OverRange,OverRange,OverRange,12.009192,14.703284,-3.645044
2026/06/02 18:34:00.271,n,-2.977866,3.307193,4.625583,1.279175,OverRange,OverRange,OverRange,11.907776,14.694666,-3.674395
2026/06/02 18:35:00.275,n,-2.901783,6.193042,5.393438,1.558956,OverRange,OverRange,OverRange,12.037938,14.684286,-3.534125
2026/06/02 18:36:00.276,n,-3.045609,6.530823,4.54713,1.586752,OverRange,OverRange,OverRange,11.876816,14.67891,-3.598373
2026/06/02 18:37:00.261,n,-3.083971,6.790051,4.755948,1.572481,OverRange,OverRange,OverRange,11.922078,14.66819,-3.647006
2026/06/02 18:38:00.263,n,-3.33249,4.129895,4.484318,1.618791,OverRange,OverRange,OverRange,11.853298,14.656426,-3.806985
2026/06/02 18:39:00.267,n,-3.300286,6.084115,5.827553,1.217145,OverRange,OverRange,OverRange,12.043926,14.656426,-3.756218
2026/06/02 18:40:00.268,n,-3.250634,4.051801,4.061564,1.292498,OverRange,OverRange,OverRange,11.842204,14.652092,-3.781474
2026/06/02 18:41:00.269,n,-3.031111,4.239438,4.536865,1.135699,OverRange,OverRange,OverRange,11.88673,14.649958,-3.563305
2026/06/02 18:42:00.274,n,-3.007504,5.43103,4.53899,1.18774,OverRange,OverRange,OverRange,11.97903,14.646732,-3.526446
2026/06/02 18:43:00.273,n,-2.978379,3.630793,4.802566,1.241652,OverRange,OverRange,OverRange,11.934048,14.646732,-3.567315
2026/06/02 18:44:00.279,n,-3.139269,5.576554,5.184399,1.572346,OverRange,OverRange,OverRange,12.021896,14.647776,-3.623798
2026/06/02 18:45:00.277,n,-3.089488,3.695706,5.379961,1.170262,OverRange,OverRange,OverRange,11.935786,14.646732,-3.729001
2026/06/02 18:46:00.263,n,-3.051639,6.276248,5.433035,1.643432,OverRange,OverRange,OverRange,12.007524,14.646732,-3.619874
2026/06/02 18:47:00.268,n,-2.937323,6.366164,5.04182,1.594599,OverRange,OverRange,OverRange,11.928946,14.65853,-3.662705
2026/06/02 18:48:00.269,n,-2.872916,6.306236,6.022133,0.203095,OverRange,OverRange,OverRange,11.97958,14.65853,-3.606137
2026/06/02 18:49:00.269,n,-3.148121,3.521359,4.017954,1.212188,OverRange,OverRange,OverRange,11.850312,14.656426,-3.676528
2026/06/02 18:50:00.272,n,-3.095261,3.789068,3.833343,0.059215,OverRange,OverRange,OverRange,11.928758,14.65853,-3.697688
2026/06/02 18:51:00.274,n,-3.092567,3.19682,5.198477,1.311194,OverRange,OverRange,OverRange,12.026246,14.66068,-3.711339
2026/06/02 18:52:00.275,n,-2.955028,6.613685,5.54364,1.332313,OverRange,OverRange,OverRange,12.006042,14.653168,-3.65878
2026/06/02 18:53:00.279,n,-3.077941,6.303686,5.234124,1.406739,OverRange,OverRange,OverRange,11.952174,14.65853,-3.734717
2026/06/02 18:54:00.279,n,-3.051382,3.592134,3.933432,0.560831,OverRange,OverRange,OverRange,11.881434,14.654244,-3.656818
2026/06/02 18:55:00.265,n,-3.130416,3.725839,4.724529,1.366705,OverRange,OverRange,OverRange,12.006786,14.657468,-3.724991
2026/06/02 18:56:00.267,n,-3.200725,6.224446,4.701581,1.330505,OverRange,OverRange,OverRange,12.050552,14.65853,-3.688131
2026/06/02 18:57:00.271,n,-3.001858,3.374738,5.226967,1.574934,OverRange,OverRange,OverRange,11.882406,14.657468,-3.705537
2026/06/02 18:58:00.273,n,-3.21843,5.911457,5.312191,1.032708,OverRange,OverRange,OverRange,12.066982,14.654244,-3.769784
2026/06/02 18:59:00.275,n,-3.112839,3.832455,4.68369,1.291331,OverRange,OverRange,OverRange,11.904176,14.652092,-3.810654
2026/06/02 19:00:00.278,n,-3.267955,5.866089,4.451583,1.348016,OverRange,OverRange,OverRange,12.039632,14.653688,-3.691886
2026/06/02 19:01:00.278,n,-3.083458,3.910597,4.268879,0.922352,OverRange,OverRange,OverRange,11.931606,14.644076,-3.664753
2026/06/02 19:02:00.279,n,-3.147865,3.68451,4.178244,1.074657,OverRange,OverRange,OverRange,12.014004,14.642968,-3.643252
2026/06/02 19:03:00.282,n,-3.112582,3.465677,4.352208,1.294734,OverRange,OverRange,OverRange,12.029902,14.641894,-3.652893
2026/06/02 19:04:00.268,n,-2.998523,3.889176,4.556129,1.281127,OverRange,OverRange,OverRange,12.007386,14.635458,-3.588646
2026/06/02 19:05:00.269,n,-3.209321,5.514809,4.752394,1.122756,OverRange,OverRange,OverRange,12.067872,14.644858,-3.707499
2026/06/02 19:06:00.271,n,-3.23203,6.538436,4.668179,1.508702,OverRange,OverRange,OverRange,11.956254,14.647042,-3.790688
2026/06/02 19:07:00.278,n,-3.193925,3.845993,4.384201,1.222365,OverRange,OverRange,OverRange,11.90976,14.638406,-3.823879
2026/06/02 19:08:00.276,n,-3.442572,3.768168,4.277222,1.063777,OverRange,OverRange,OverRange,12.038702,14.63199,-3.948449
2026/06/02 19:09:00.277,n,-3.395871,3.622487,5.068849,1.070576,OverRange,OverRange,OverRange,11.984344,14.627736,-4.001093
2026/06/02 19:10:00.279,n,-3.463357,4.787077,3.950546,0.410575,OverRange,OverRange,OverRange,11.975332,14.622342,-3.917307
2026/06/02 19:11:00.281,n,-3.477984,3.799332,4.189848,0.732744,OverRange,OverRange,OverRange,11.967474,14.626628,-4.032235
2026/06/02 19:12:00.283,n,-3.521991,6.123626,4.523871,1.087763,OverRange,OverRange,OverRange,12.055684,14.618042,-4.090852
2026/06/02 19:13:00.269,n,-3.387146,3.830404,3.937835,0.344327,OverRange,OverRange,OverRange,11.919174,14.613724,-4.096654
2026/06/02 19:14:00.271,n,-3.518911,6.180135,5.918857,1.369636,OverRange,OverRange,OverRange,12.064428,14.60947,-4.170457
2026/06/02 19:15:00.273,n,-3.39895,6.218128,6.20577,0.049994,OverRange,OverRange,OverRange,11.970028,14.604112,-4.100408
2026/06/02 19:16:00.275,n,-3.448859,6.511201,5.004891,1.463332,OverRange,OverRange,OverRange,11.911526,14.605154,-4.100578
2026/06/02 19:17:00.278,n,-3.463229,6.338256,5.924643,0.714639,OverRange,OverRange,OverRange,11.95509,14.595526,-4.225064
2026/06/02 19:18:00.281,n,-3.671076,6.182702,4.513348,1.194924,OverRange,OverRange,OverRange,12.011654,14.593342,-4.225063
2026/06/02 19:19:00.264,n,-3.762042,5.916213,5.661173,1.161251,OverRange,OverRange,OverRange,12.052842,14.594418,-4.32634
2026/06/02 19:20:00.267,n,-3.75011,6.389822,5.567828,1.155441,OverRange,OverRange,OverRange,11.949942,14.596602,-4.359531
2026/06/02 19:21:00.271,n,-3.946282,6.072855,5.695713,1.153264,OverRange,OverRange,OverRange,11.988866,14.600854,-4.462856
2026/06/02 19:22:00.271,n,-3.835045,3.701706,4.724178,1.497372,OverRange,OverRange,OverRange,11.843736,14.598736,-4.44144
2026/06/02 19:23:00.257,n,-3.814517,6.550675,4.929704,1.484619,OverRange,OverRange,OverRange,12.026474,14.60196,-4.258254
2026/06/02 19:24:00.260,n,-3.89958,3.736235,3.659298,0.149844,OverRange,OverRange,OverRange,11.857484,14.596602,-4.390673
2026/06/02 19:25:00.260,n,-3.770638,3.736965,4.391901,1.150953,OverRange,OverRange,OverRange,11.983862,14.59981,-4.275745
2026/06/02 19:26:00.264,n,-3.884569,6.249231,4.208836,1.001115,OverRange,OverRange,OverRange,12.016232,14.596602,-4.209534
2026/06/02 19:27:00.265,n,-3.782313,6.145634,5.857843,0.634849,OverRange,OverRange,OverRange,12.023332,14.595526,-4.390759
2026/06/02 19:28:00.266,n,-3.726887,3.894402,4.219603,1.332433,OverRange,OverRange,OverRange,11.80453,14.595526,-4.324378
2026/06/02 19:29:00.270,n,-3.902403,3.926228,3.934809,0.232955,OverRange,OverRange,OverRange,11.972032,14.590134,-4.299208
2026/06/02 19:30:00.274,n,-3.925882,5.349377,4.973706,1.251382,OverRange,OverRange,OverRange,12.02834,14.585866,-4.396476
2026/06/02 19:31:00.273,n,-3.843769,3.711839,5.266737,1.060003,OverRange,OverRange,OverRange,11.931264,14.576186,-4.497838
2026/06/02 19:32:00.258,n,-3.881875,3.142276,4.786417,1.344052,OverRange,OverRange,OverRange,11.972468,14.568676,-4.462771
2026/06/02 19:33:00.259,n,-3.779491,3.773777,4.369266,1.064405,OverRange,OverRange,OverRange,11.957062,14.567634,-4.458846
2026/06/02 19:34:00.262,n,-3.820418,2.981834,4.648285,1.466467,OverRange,OverRange,OverRange,11.976762,14.569752,-4.425741
2026/06/02 19:35:00.264,n,-3.820547,6.485069,4.826824,1.574238,OverRange,OverRange,OverRange,12.053528,14.559016,-4.406287
2026/06/02 19:36:00.265,n,-3.726887,4.638153,4.96225,1.443718,OverRange,OverRange,OverRange,11.988358,14.550446,-4.347842
2026/06/02 19:37:00.269,n,-3.606797,5.889394,5.096142,1.331683,OverRange,OverRange,OverRange,11.953736,14.551488,-4.306972
2026/06/02 19:38:00.270,n,-3.545213,6.215359,6.231863,0.161333,OverRange,OverRange,OverRange,12.008926,14.542902,-4.293321
2026/06/02 19:39:00.271,n,-3.448603,6.245821,5.877602,1.141517,OverRange,OverRange,OverRange,11.944916,14.5365,-4.082917
2026/06/02 19:40:00.257,n,-3.624246,6.572171,4.967943,1.509279,OverRange,OverRange,OverRange,11.881668,14.53114,-4.17259
2026/06/02 19:41:00.259,n,-3.574337,6.131777,5.888258,0.421133,OverRange,OverRange,OverRange,12.052902,14.53114,-4.252452
2026/06/02 19:42:00.263,n,-3.627069,3.733276,3.637643,0.299966,OverRange,OverRange,OverRange,11.875668,14.518236,-4.135475
2026/06/02 19:43:00.263,n,-3.671205,6.26695,5.605692,1.056138,OverRange,OverRange,OverRange,12.111954,14.518236,-4.108257
2026/06/02 19:44:00.266,n,-3.513138,6.277891,6.184118,0.064447,OverRange,OverRange,OverRange,12.015254,14.51931,-4.092729
2026/06/02 19:45:00.266,n,-3.469002,3.3693,4.949609,1.43142,OverRange,OverRange,OverRange,11.851832,14.516086,-4.065341
2026/06/02 19:46:00.268,n,-3.533538,6.236804,5.028737,1.441002,OverRange,OverRange,OverRange,12.095586,14.511802,-3.973875
2026/06/02 19:47:00.272,n,-3.439878,6.517646,5.35725,1.58354,OverRange,OverRange,OverRange,11.963292,14.50965,-4.088719
2026/06/02 19:48:00.274,n,-3.548421,4.177615,4.505714,1.627117,OverRange,OverRange,OverRange,11.927136,14.505364,-3.983687
2026/06/02 19:49:00.258,n,-3.668254,6.593242,5.545246,1.281641,OverRange,OverRange,OverRange,12.039928,14.514978,-4.061501
2026/06/02 19:50:00.261,n,-3.64208,6.358588,4.928582,1.595422,OverRange,OverRange,OverRange,11.980942,14.508576,-4.213374
2026/06/02 19:51:00.263,n,-3.43975,6.463562,4.894965,1.712378,OverRange,OverRange,OverRange,12.003224,14.508576,-3.954251
2026/06/02 19:52:00.267,n,-3.524685,6.516001,4.337866,1.221079,OverRange,OverRange,OverRange,11.988114,14.506426,-4.053651
2026/06/02 19:53:00.266,n,-3.463357,6.310107,5.170991,1.523825,OverRange,OverRange,OverRange,12.042192,14.514978,-3.925156
2026/06/02 19:54:00.269,n,-3.545341,6.387657,4.815837,1.490224,OverRange,OverRange,OverRange,11.955944,14.51716,-4.045972
2026/06/02 19:55:00.406,n,-3.653627,6.183183,5.457412,1.269817,OverRange,OverRange,OverRange,12.009892,14.525764,-4.223186
2026/06/02 19:56:00.360,n,-3.565741,6.50727,5.599659,1.11641,OverRange,OverRange,OverRange,11.97878,14.528988,-4.24264
2026/06/02 19:57:00.333,n,-3.700457,6.291908,5.473694,1.097762,OverRange,OverRange,OverRange,12.020768,14.53865,-4.246479
2026/06/02 19:58:00.331,n,-3.63002,6.499085,5.550438,1.207446,OverRange,OverRange,OverRange,11.977768,14.551488,-4.203647
2026/06/02 19:59:00.332,n,-3.712132,4.767127,4.991093,1.557575,OverRange,OverRange,OverRange,12.06339,14.56009,-4.174467
2026/06/02 20:00:00.266,n,-3.767687,3.156167,4.841377,1.663656,OverRange,OverRange,OverRange,11.990112,14.565452,-4.26798
2026/06/02 20:01:00.266,n,-3.712004,3.480549,4.887355,1.410506,OverRange,OverRange,OverRange,12.01946,14.580472,-4.195968
2026/06/02 20:02:00.268,n,-3.826192,5.386277,4.153417,0.66214,OverRange,OverRange,OverRange,12.067052,14.576186,-4.27583
2026/06/02 20:03:00.270,n,-3.817468,5.928424,5.394432,1.115119,OverRange,OverRange,OverRange,12.116796,14.594418,-4.178307
2026/06/02 20:04:00.272,n,-3.656322,6.45615,5.726801,0.740568,OverRange,OverRange,OverRange,12.036724,14.595526,-4.27182
2026/06/02 20:05:00.273,n,-3.612443,3.944939,4.351911,0.990568,OverRange,OverRange,OverRange,11.900716,14.603036,-4.174382
2026/06/02 20:06:00.276,n,-3.624246,6.197874,5.105774,1.121971,OverRange,OverRange,OverRange,12.09635,14.598736,-3.962271
2026/06/02 20:07:00.261,n,-3.644647,6.289721,4.775147,1.330274,OverRange,OverRange,OverRange,12.033032,14.600854,-4.158853
2026/06/02 20:08:00.264,n,-3.814516,6.13244,5.200519,1.493686,OverRange,OverRange,OverRange,12.124828,14.607288,-4.304925
2026/06/02 20:09:00.266,n,-3.744336,3.945929,3.987646,1.044592,OverRange,OverRange,OverRange,11.98262,14.606214,-4.310727
2026/06/02 20:10:00.267,n,-3.58922,4.364139,5.407839,1.157208,OverRange,OverRange,OverRange,12.16885,14.613724,-4.077029
2026/06/02 20:11:00.270,n,-3.612443,3.818795,4.223999,1.29034,OverRange,OverRange,OverRange,11.999486,14.61159,-4.083002
2026/06/02 20:12:00.272,n,-3.688782,6.463394,4.974584,1.519836,OverRange,OverRange,OverRange,12.153596,14.615908,-4.01483
2026/06/02 20:13:00.273,n,-3.574594,6.170763,5.634438,1.265447,OverRange,OverRange,OverRange,12.120556,14.618042,-4.121823
2026/06/02 20:14:00.278,n,-3.472081,6.106137,6.159676,0.077202,OverRange,OverRange,OverRange,12.155264,14.62552,-4.098445
2026/06/02 20:15:00.277,n,-3.542519,3.730492,4.443065,1.34079,OverRange,OverRange,OverRange,12.090786,14.621268,-4.131465
2026/06/02 20:16:00.264,n,-3.603975,6.34163,6.189846,0.319239,OverRange,OverRange,OverRange,12.325186,14.630928,-4.125919
2026/06/02 20:17:00.266,n,-3.477855,3.644738,4.403442,1.346426,OverRange,OverRange,OverRange,12.107198,14.63199,-4.006895
2026/06/02 20:18:00.268,n,-3.443085,6.035139,5.62305,1.177516,OverRange,OverRange,OverRange,12.355282,14.638406,-3.923023
2026/06/02 20:19:00.268,n,-3.381116,6.096425,5.895427,0.908129,OverRange,OverRange,OverRange,12.236038,14.642724,-3.93676
2026/06/02 20:20:00.272,n,-3.477855,3.720805,3.912878,0.614359,OverRange,OverRange,OverRange,12.159552,14.638406,-3.96995
2026/06/02 20:21:00.272,n,-3.583447,6.111044,5.362652,1.380457,OverRange,OverRange,OverRange,12.363052,14.649192,-3.950497
2026/06/02 20:22:00.276,n,-3.481062,4.011386,5.113356,1.210747,OverRange,OverRange,OverRange,12.225154,14.65773,-3.997254
2026/06/02 20:23:00.278,n,-3.460406,3.758915,5.020575,1.545499,OverRange,OverRange,OverRange,12.278448,14.65667,-3.864833
2026/06/02 20:24:00.282,n,-3.46618,4.686778,4.297713,0.995981,OverRange,OverRange,OverRange,12.318364,14.664182,-3.821917
2026/06/02 20:25:00.263,n,-3.425251,3.542353,4.955039,1.383158,OverRange,OverRange,OverRange,12.292578,14.666284,-3.790859
2026/06/02 20:26:00.268,n,-3.586269,6.171478,5.453125,1.333737,OverRange,OverRange,OverRange,12.39235,14.66521,-3.94862
2026/06/02 20:27:00.269,n,-3.337494,6.385013,5.200149,1.444671,OverRange,OverRange,OverRange,12.300884,14.671678,-3.97379
2026/06/02 20:28:00.271,n,-3.378678,4.36901,4.603815,1.353911,OverRange,OverRange,OverRange,12.364538,14.668468,-3.831728
2026/06/02 20:29:00.272,n,-3.217404,6.561696,5.210558,1.280996,OverRange,OverRange,OverRange,12.434464,14.679188,-3.781133
2026/06/02 20:30:00.278,n,-3.317094,3.754337,3.769289,0.302009,OverRange,OverRange,OverRange,12.29414,14.686666,-3.769273
2026/06/02 20:31:00.276,n,-3.431153,6.456178,4.229418,1.09898,OverRange,OverRange,OverRange,12.483724,14.706004,-3.821831
2026/06/02 20:32:00.277,n,-3.23203,4.939446,5.250907,1.242312,OverRange,OverRange,OverRange,12.420334,14.708188,-3.763385
2026/06/02 20:33:00.280,n,-3.249607,6.09638,6.142835,0.037099,OverRange,OverRange,OverRange,12.471654,14.726354,-3.82004
2026/06/02 20:34:00.266,n,-3.241011,3.374489,4.851816,1.345005,OverRange,OverRange,OverRange,12.31631,14.73121,-3.812104
2026/06/02 20:35:00.269,n,-3.539567,3.690668,4.867147,1.512667,OverRange,OverRange,OverRange,12.411576,14.733312,-3.923279
2026/06/02 20:36:00.272,n,-3.630533,5.926558,4.333246,1.291259,OverRange,OverRange,OverRange,12.468114,14.741962,-3.989489
2026/06/02 20:37:00.270,n,-3.627454,6.014325,4.84222,1.625102,OverRange,OverRange,OverRange,12.46961,14.757996,-3.942733
2026/06/02 20:38:00.273,n,-3.492738,6.320515,5.036253,1.372729,OverRange,OverRange,OverRange,12.417872,14.765522,-3.936931
2026/06/02 20:39:00.275,n,-3.539696,4.193671,5.146309,1.182254,OverRange,OverRange,OverRange,12.386374,14.774078,-3.997339
2026/06/02 20:40:00.276,n,-3.480934,3.793885,5.329754,1.51395,OverRange,OverRange,OverRange,12.404236,14.777302,-4.012696
2026/06/02 20:41:00.280,n,-3.712517,4.064067,4.227067,1.147235,OverRange,OverRange,OverRange,12.371446,14.775152,-4.117984
2026/06/02 20:42:00.282,n,-3.460534,4.539311,5.444769,1.307434,OverRange,OverRange,OverRange,12.47164,14.781588,-3.923365
2026/06/02 20:43:00.265,n,-3.612828,3.511501,4.734094,1.595489,OverRange,OverRange,OverRange,12.390138,14.780546,-4.0772
2026/06/02 20:44:00.268,n,-3.495817,6.399934,5.142672,1.533633,OverRange,OverRange,OverRange,12.487804,14.78698,-3.933006
2026/06/02 20:45:00.270,n,-3.437055,5.697242,4.756058,1.073895,OverRange,OverRange,OverRange,12.396704,14.785874,-3.936931
2026/06/02 20:46:00.271,n,-3.425636,6.189013,4.875608,1.60094,OverRange,OverRange,OverRange,12.485286,14.78698,-3.892136
2026/06/02 20:47:00.276,n,-3.355199,6.415514,4.372625,1.12336,OverRange,OverRange,OverRange,12.421408,14.79231,-3.767481
2026/06/02 20:48:00.276,n,-3.393305,3.558289,4.644891,1.465056,OverRange,OverRange,OverRange,12.37877,14.794492,-3.84137
2026/06/02 20:49:00.277,n,-3.518911,3.534512,4.292909,1.310667,OverRange,OverRange,OverRange,12.469914,14.79231,-3.857154
2026/06/02 20:50:00.280,n,-3.393305,3.495493,4.907847,1.281239,OverRange,OverRange,OverRange,12.491104,14.79982,-3.87456
2026/06/02 20:51:00.282,n,-3.469259,4.677771,3.828762,0.423883,OverRange,OverRange,OverRange,12.4301,14.79125,-3.81236
2026/06/02 20:52:00.267,n,-3.504542,3.724111,3.804285,0.149538,OverRange,OverRange,OverRange,12.407868,14.796642,-3.870721
2026/06/02 20:53:00.269,n,-3.490044,5.401099,4.48848,1.252935,OverRange,OverRange,OverRange,12.509282,14.795534,-3.847343
2026/06/02 20:54:00.270,n,-3.45181,4.166211,4.586608,1.498948,OverRange,OverRange,OverRange,12.43455,14.798744,-3.91944
2026/06/02 20:55:00.276,n,-3.469259,3.913715,4.726816,1.191931,OverRange,OverRange,OverRange,12.457806,14.798744,-3.915515
2026/06/02 20:56:00.275,n,-3.516345,6.124693,5.676831,1.096477,OverRange,OverRange,OverRange,12.538296,14.803044,-3.963977
2026/06/02 20:57:00.277,n,-3.463614,3.303262,5.151092,1.547131,OverRange,OverRange,OverRange,12.415608,14.800896,-3.905618
2026/06/02 20:58:00.280,n,-3.49864,5.777118,5.336025,0.911733,OverRange,OverRange,OverRange,12.557516,14.806256,-3.859032
2026/06/02 20:59:00.281,n,-3.475289,5.851853,4.981393,1.526289,OverRange,OverRange,OverRange,12.4926,14.803044,-3.925242
2026/06/02 21:00:00.282,n,-3.428331,6.020157,5.564179,1.208554,OverRange,OverRange,OverRange,12.520636,14.803044,-3.928996
2026/06/02 21:01:00.269,n,-3.203163,6.042779,5.80073,0.652741,OverRange,OverRange,OverRange,12.478542,14.806256,-3.829766
2026/06/02 21:02:00.270,n,-3.097699,6.048087,5.502239,1.320893,OverRange,OverRange,OverRange,12.518356,14.808406,-3.666204
2026/06/02 21:03:00.273,n,-2.933859,6.233616,6.027341,0.143131,OverRange,OverRange,OverRange,12.52094,14.8073,-3.590267
2026/06/02 21:04:00.274,n,-2.875354,4.849236,5.1227,1.305561,OverRange,OverRange,OverRange,12.38914,14.811632,-3.541634
2026/06/02 21:05:00.276,n,-3.083073,3.751907,3.892395,0.43538,OverRange,OverRange,OverRange,12.43363,14.81481,-3.570814
2026/06/02 21:06:00.279,n,-3.015843,3.774019,4.944495,1.263068,OverRange,OverRange,OverRange,12.49612,14.82447,-3.555285
2026/06/02 21:07:00.282,n,-3.042145,5.886778,5.223428,1.443353,OverRange,OverRange,OverRange,12.547862,14.837342,-3.566889
2026/06/02 21:08:00.270,n,-3.179684,6.444778,5.412453,1.409258,OverRange,OverRange,OverRange,12.468602,14.852364,-3.829766
2026/06/02 21:09:00.267,n,-3.07422,6.425579,4.738322,1.232823,OverRange,OverRange,OverRange,12.468364,14.861978,-3.812275
2026/06/02 21:10:00.272,n,-3.121179,5.639841,5.566181,0.780259,OverRange,OverRange,OverRange,12.497438,14.873776,-3.87456
2026/06/02 21:11:00.256,n,-3.097699,3.852743,5.170247,1.10667,OverRange,OverRange,OverRange,12.433346,14.890884,-3.835739
2026/06/02 21:12:00.259,n,-3.346603,3.109372,4.807829,1.370865,OverRange,OverRange,OverRange,12.477464,14.897352,-3.841455
2026/06/02 21:13:00.262,n,-3.52507,3.857558,4.149301,1.154347,OverRange,OverRange,OverRange,12.438122,14.90167,-3.950497
2026/06/02 21:14:00.263,n,-3.771023,6.01347,4.762203,1.400382,OverRange,OverRange,OverRange,12.534022,14.909116,-4.051689
2026/06/02 21:15:00.267,n,-3.680057,4.99013,4.243978,1.118012,OverRange,OverRange,OverRange,12.38789,14.924138,-4.039914
2026/06/02 21:16:00.266,n,-3.794245,6.200827,5.075268,1.285422,OverRange,OverRange,OverRange,12.488862,14.920928,-4.075238
2026/06/02 21:17:00.276,n,-3.647982,6.428457,5.420043,1.412441,OverRange,OverRange,OverRange,12.43683,14.926256,-3.983687
2026/06/02 21:18:00.272,n,-3.553937,3.4557,4.466859,1.48736,OverRange,OverRange,OverRange,12.347204,14.928424,-3.970036
2026/06/02 21:19:00.272,n,-3.510187,5.623074,5.626733,1.316121,OverRange,OverRange,OverRange,12.501698,14.921988,-4.00698
2026/06/02 21:20:00.259,n,-3.618601,6.180019,4.934511,1.495362,OverRange,OverRange,OverRange,12.411332,14.923064,-4.016792
2026/06/02 21:21:00.262,n,-3.69199,5.812761,4.808647,1.522169,OverRange,OverRange,OverRange,12.37499,14.925214,-4.055699
2026/06/02 21:22:00.262,n,-3.662608,6.13008,5.738303,0.388785,OverRange,OverRange,OverRange,12.45509,14.923064,-4.145202
2026/06/02 21:23:00.263,n,-3.533794,3.867684,5.019324,1.238418,OverRange,OverRange,OverRange,12.313706,14.924138,-4.145202
2026/06/02 21:24:00.266,n,-3.721114,6.035054,4.431581,0.901715,OverRange,OverRange,OverRange,12.425008,14.920928,-4.001263
2026/06/02 21:25:00.268,n,-3.677235,3.796072,4.432455,1.193458,OverRange,OverRange,OverRange,12.360882,14.926256,-4.088889
2026/06/02 21:26:00.271,n,-3.811823,4.033763,4.205262,1.154675,OverRange,OverRange,OverRange,12.39117,14.920928,-4.020547
2026/06/02 21:27:00.271,n,-3.797453,5.89374,4.66431,1.052944,OverRange,OverRange,OverRange,12.448486,14.91881,-3.993414
2026/06/02 21:28:00.257,n,-3.779876,3.85016,4.995124,1.234306,OverRange,OverRange,OverRange,12.31542,14.914492,-4.143325
2026/06/02 21:29:00.330,n,-3.723936,6.358052,4.535293,1.497816,OverRange,OverRange,OverRange,12.430018,14.912374,-4.09853
2026/06/02 21:30:00.349,n,-3.52802,6.474451,5.374769,1.299378,OverRange,OverRange,OverRange,12.414398,14.9113,-4.06133
2026/06/02 21:31:00.353,n,-3.454632,6.020417,5.649523,1.198335,OverRange,OverRange,OverRange,12.424246,14.910224,-3.977715
2026/06/02 21:32:00.371,n,-3.44578,3.157726,4.70244,1.365766,OverRange,OverRange,OverRange,12.318716,14.912374,-4.034197
2026/06/02 21:33:00.371,n,-3.437184,4.535517,4.298729,1.138337,OverRange,OverRange,OverRange,12.37528,14.90382,-3.985479
2026/06/02 21:34:00.269,n,-3.372905,6.017183,5.259402,1.421853,OverRange,OverRange,OverRange,12.465892,14.90167,-3.948705
2026/06/02 21:35:00.270,n,-3.232672,3.693555,4.872835,1.235795,OverRange,OverRange,OverRange,12.364706,14.90167,-3.929081
2026/06/02 21:36:00.272,n,-3.200211,6.32139,4.675397,1.32345,OverRange,OverRange,OverRange,12.483578,14.906982,-3.823964
2026/06/02 21:37:00.257,n,-3.012892,6.150428,5.291718,1.426527,OverRange,OverRange,OverRange,12.444432,14.905906,-3.759631
2026/06/02 21:38:00.259,n,-3.007247,4.951195,5.456425,1.047773,OverRange,OverRange,OverRange,12.39674,14.908726,-3.792822
2026/06/02 21:39:00.262,n,-2.916538,6.738209,5.459717,1.471262,OverRange,OverRange,OverRange,12.426204,14.904406,-3.726868
2026/06/02 21:40:00.264,n,-2.875482,3.529702,4.105142,0.911761,OverRange,OverRange,OverRange,12.355286,14.908726,-3.520559
2026/06/02 21:41:00.266,n,-2.907814,3.19601,4.902153,1.699913,OverRange,OverRange,OverRange,12.46604,14.909768,-3.508529
2026/06/02 21:42:00.271,n,-2.933987,3.67322,4.472373,1.568241,OverRange,OverRange,OverRange,12.442094,14.912946,-3.532163
2026/06/02 21:43:00.270,n,-3.056899,6.107373,5.524719,0.882698,OverRange,OverRange,OverRange,12.554942,14.923684,-3.608099
2026/06/02 21:44:00.272,n,-2.887286,3.608889,4.125985,1.046842,OverRange,OverRange,OverRange,12.395162,14.934404,-3.526191
2026/06/02 21:45:00.277,n,-2.89601,5.990484,5.404746,1.268264,OverRange,OverRange,OverRange,12.591258,14.947244,-3.461943
2026/06/02 21:46:00.259,n,-2.890236,5.638723,5.853388,0.264225,OverRange,OverRange,OverRange,12.544606,14.961192,-3.590608
2026/06/02 21:47:00.261,n,-2.881512,3.76725,4.300852,1.179109,OverRange,OverRange,OverRange,12.452744,14.972972,-3.573032
2026/06/02 21:48:00.264,n,-2.916538,3.235143,4.157058,1.179739,OverRange,OverRange,OverRange,12.526424,14.984736,-3.524313
2026/06/02 21:49:00.265,n,-2.92244,6.410485,5.385927,1.368789,OverRange,OverRange,OverRange,12.571824,14.995458,-3.541804
2026/06/02 21:50:00.267,n,-2.887286,3.324184,5.225414,1.520408,OverRange,OverRange,OverRange,12.50471,15.001892,-3.617741
2026/06/02 21:51:00.270,n,-2.942968,6.160064,5.345831,1.445489,OverRange,OverRange,OverRange,12.570064,15.003458,-3.629601
2026/06/02 21:52:00.274,n,-3.121307,6.51092,4.471883,1.564341,OverRange,OverRange,OverRange,12.509954,15.005608,-3.822002
2026/06/02 21:53:00.275,n,-3.211887,6.419847,5.143964,1.629138,OverRange,OverRange,OverRange,12.577332,15.008852,-3.872513
2026/06/02 21:54:00.278,n,-3.317351,6.153837,5.203636,1.111431,OverRange,OverRange,OverRange,12.616476,15.020632,-3.929166
2026/06/02 21:55:00.260,n,-3.446164,6.465933,4.481987,1.576854,OverRange,OverRange,OverRange,12.615936,15.023842,-3.954421
2026/06/02 21:56:00.265,n,-3.597945,6.093423,4.603233,1.326028,OverRange,OverRange,OverRange,12.64799,15.024918,-3.968074
2026/06/02 21:57:00.264,n,-3.685959,3.786139,4.079513,1.047866,OverRange,OverRange,OverRange,12.560964,15.031322,-3.960224
2026/06/02 21:58:00.266,n,-3.832607,6.179329,5.068443,1.340874,OverRange,OverRange,OverRange,12.687358,15.031322,-4.141362
2026/06/02 21:59:00.270,n,-3.849928,6.530983,4.813861,1.758121,OverRange,OverRange,OverRange,12.631592,15.033472,-4.149297
2026/06/02 22:00:00.270,n,-3.928704,5.457544,5.517741,1.194829,OverRange,OverRange,OverRange,12.664134,15.042172,-4.203903
2026/06/02 22:01:00.272,n,-3.964373,3.944318,4.178671,1.167932,OverRange,OverRange,OverRange,12.557414,15.035736,-4.340077
2026/06/02 22:02:00.274,n,-4.087157,6.257487,5.020127,1.641335,OverRange,OverRange,OverRange,12.639394,15.028258,-4.34204
2026/06/02 22:03:00.276,n,-4.151692,3.79619,4.507178,1.103521,OverRange,OverRange,OverRange,12.546586,15.027182,-4.402533
2026/06/02 22:04:00.261,n,-4.309759,6.022262,6.115481,0.162718,OverRange,OverRange,OverRange,12.688844,15.027182,-4.425911
2026/06/02 22:05:00.263,n,-4.406498,5.770417,5.674788,1.233895,OverRange,OverRange,OverRange,12.594498,15.020746,-4.527274
2026/06/02 22:06:00.266,n,-4.488354,3.829398,3.960881,0.871088,OverRange,OverRange,OverRange,12.506206,15.015386,-4.558331
2026/06/02 22:07:00.267,n,-4.540829,4.346805,4.088141,0.364296,OverRange,OverRange,OverRange,12.527914,15.002544,-4.597494
2026/06/02 22:08:00.271,n,-4.514656,5.997176,6.298707,0.261357,OverRange,OverRange,OverRange,12.593496,14.993958,-4.560379
2026/06/02 22:09:00.270,n,-4.608187,3.915117,5.051061,1.190871,OverRange,OverRange,OverRange,12.470128,14.98327,-4.657817
2026/06/02 22:10:00.272,n,-4.681575,6.472817,5.00179,1.55936,OverRange,OverRange,OverRange,12.53746,14.978968,-4.505858
2026/06/02 22:11:00.274,n,-4.628715,6.271637,4.856642,1.397407,OverRange,OverRange,OverRange,12.509974,14.957574,-4.443574
2026/06/02 22:12:00.276,n,-4.666692,6.041859,5.056987,1.449176,OverRange,OverRange,OverRange,12.492828,14.953288,-4.429837
2026/06/02 22:13:00.262,n,-4.745982,5.991249,5.666647,1.133705,OverRange,OverRange,OverRange,12.480718,14.932904,-4.562427
2026/06/02 22:14:00.264,n,-4.778057,3.639089,5.308831,1.065078,OverRange,OverRange,OverRange,12.417126,14.924352,-4.503811
2026/06/02 22:15:00.268,n,-4.655274,3.81052,4.052904,0.154906,OverRange,OverRange,OverRange,12.372448,14.913662,-4.363626
2026/06/02 22:16:00.270,n,-4.807566,5.855019,5.488686,1.023715,OverRange,OverRange,OverRange,12.44894,14.89864,-4.531199
2026/06/02 22:17:00.271,n,-4.666949,3.26255,4.146096,1.152425,OverRange,OverRange,OverRange,12.363582,14.884724,-4.609269
2026/06/02 22:18:00.272,n,-4.514655,6.142945,6.125618,0.200768,OverRange,OverRange,OverRange,12.482758,14.875062,-4.400571
2026/06/02 22:19:00.274,n,-4.461924,3.812381,5.380902,1.418444,OverRange,OverRange,OverRange,12.377752,14.865418,-4.371391
2026/06/02 22:20:00.277,n,-4.473471,6.376521,5.013506,1.457445,OverRange,OverRange,OverRange,12.379502,14.86219,-4.369343
2026/06/02 22:21:00.432,n,-4.661047,5.428354,4.14275,0.887717,OverRange,OverRange,OverRange,12.331792,14.865418,-4.441611
2026/06/02 22:22:00.263,n,-4.781265,6.255117,5.014025,1.429603,OverRange,OverRange,OverRange,12.365602,14.852576,-4.540926
2026/06/02 22:23:00.266,n,-4.631794,4.018082,5.371151,1.303233,OverRange,OverRange,OverRange,12.30631,14.85362,-4.54084
2026/06/02 22:24:00.434,n,-4.552889,3.707327,4.871827,1.342794,OverRange,OverRange,OverRange,12.339116,14.849352,-4.437686
2026/06/02 22:25:00.386,n,-4.640647,3.778594,4.177928,1.104603,OverRange,OverRange,OverRange,12.295178,14.84399,-4.425911
2026/06/02 22:26:00.271,n,-4.493999,3.755857,4.654372,1.280138,OverRange,OverRange,OverRange,12.288616,14.835404,-4.363626
2026/06/02 22:27:00.273,n,-4.505931,3.175668,5.356341,1.417236,OverRange,OverRange,OverRange,12.305522,14.831118,-4.34605
2026/06/02 22:28:00.276,n,-4.540957,3.83254,4.200096,0.94904,OverRange,OverRange,OverRange,12.231054,14.83433,-4.423949
2026/06/02 22:29:00.276,n,-4.409449,6.644697,6.110095,0.755661,OverRange,OverRange,OverRange,12.317414,14.823606,-4.394854
2026/06/02 22:30:00.364,n,-4.397517,6.093465,5.070824,1.448133,OverRange,OverRange,OverRange,12.244432,14.813946,-4.305095
2026/06/02 22:31:00.265,n,-4.33311,6.346518,4.031936,1.159343,OverRange,OverRange,OverRange,12.244166,14.811436,-4.324719
2026/06/02 22:32:00.449,n,-4.010817,4.295875,4.519435,1.521678,OverRange,OverRange,OverRange,12.286932,14.805554,-4.186242
2026/06/02 22:33:00.339,n,-4.016847,5.314344,5.458777,1.271404,OverRange,OverRange,OverRange,12.318696,14.795926,-4.219432
2026/06/02 22:34:00.270,n,-3.850184,5.916991,5.055216,1.372072,OverRange,OverRange,OverRange,12.315664,14.786246,-4.112267
2026/06/02 22:35:00.272,n,-3.946667,5.92371,4.522625,1.462772,OverRange,OverRange,OverRange,12.300004,14.781962,-4.092814
2026/06/02 22:36:00.278,n,-3.899837,3.614815,4.359344,1.138765,OverRange,OverRange,OverRange,12.29924,14.776618,-4.104674
2026/06/02 22:37:00.277,n,-3.891112,6.32975,4.703681,1.310959,OverRange,OverRange,OverRange,12.36289,14.765898,-4.079162
2026/06/02 22:38:00.278,n,-3.720985,6.452121,4.699231,1.170609,OverRange,OverRange,OverRange,12.366928,14.769108,-4.126004
2026/06/02 22:39:00.280,n,-3.712389,4.433219,4.189071,1.165653,OverRange,OverRange,OverRange,12.31036,14.762672,-4.110305
2026/06/02 22:40:00.265,n,-3.609748,3.973796,4.735146,1.043687,OverRange,OverRange,OverRange,12.374756,14.760506,-4.131636
2026/06/02 22:41:00.267,n,-3.63913,4.713475,5.010307,1.248901,OverRange,OverRange,OverRange,12.437608,14.757278,-4.2545
2026/06/02 22:42:00.269,n,-3.495817,5.233098,5.525839,1.098154,OverRange,OverRange,OverRange,12.488862,14.754134,-4.0772
2026/06/02 22:43:00.271,n,-3.425508,5.38423,4.020507,0.697714,OverRange,OverRange,OverRange,12.454534,14.761612,-4.090851
2026/06/02 22:44:00.274,n,-3.346347,3.466174,4.783058,1.593383,OverRange,OverRange,OverRange,12.488846,14.75943,-3.9156
2026/06/02 22:45:00.275,n,-3.349426,6.087557,4.991791,1.382325,OverRange,OverRange,OverRange,12.538798,14.760506,-3.839578
2026/06/02 22:46:00.277,n,-3.258717,5.450997,5.33325,1.131939,OverRange,OverRange,OverRange,12.508546,14.75943,-3.810312
2026/06/02 22:47:00.279,n,-3.238445,3.407182,4.834304,1.612863,OverRange,OverRange,OverRange,12.46487,14.771226,-3.812275
2026/06/02 22:48:00.281,n,-3.232287,3.28661,5.187913,1.539864,OverRange,OverRange,OverRange,12.494146,14.771226,-3.876437
2026/06/02 22:49:00.266,n,-3.203034,4.935996,4.64871,1.385864,OverRange,OverRange,OverRange,12.494162,14.771226,-3.841455
2026/06/02 22:50:00.269,n,-3.273343,3.795747,4.802771,1.386962,OverRange,OverRange,OverRange,12.505254,14.772334,-3.790774
2026/06/02 22:51:00.270,n,-3.153382,4.513114,5.107742,1.296272,OverRange,OverRange,OverRange,12.561016,14.780888,-3.707158
2026/06/02 22:52:00.272,n,-3.074349,4.84195,4.751191,0.833162,OverRange,OverRange,OverRange,12.523428,14.783054,-3.658354
2026/06/02 22:53:00.274,n,-3.191487,5.973116,4.906805,1.279713,OverRange,OverRange,OverRange,12.5368,14.787322,-3.66245
2026/06/02 22:54:00.330,n,-3.021745,3.370876,5.639352,1.116651,OverRange,OverRange,OverRange,12.54539,14.787322,-3.660402
2026/06/02 22:55:00.330,n,-3.059594,3.123622,4.611148,1.262727,OverRange,OverRange,OverRange,12.518382,14.798044,-3.556991
2026/06/02 22:56:00.412,n,-3.033292,5.956061,5.193903,1.537306,OverRange,OverRange,OverRange,12.534266,14.81411,-3.611512
2026/06/02 22:57:00.282,n,-3.001473,6.015859,5.319664,1.230645,OverRange,OverRange,OverRange,12.522908,14.822696,-3.494877
2026/06/02 22:58:00.269,n,-3.135805,6.172095,4.46874,1.012388,OverRange,OverRange,OverRange,12.4876,14.835568,-3.58839
2026/06/02 22:59:00.271,n,-3.112197,5.954655,5.546195,1.174281,OverRange,OverRange,OverRange,12.513836,14.847332,-3.596069
2026/06/02 23:00:00.271,n,-3.062545,6.006288,4.874275,1.323679,OverRange,OverRange,OverRange,12.471944,14.862354,-3.527896
2026/06/02 23:01:00.273,n,-3.012764,3.900097,5.320807,1.270958,OverRange,OverRange,OverRange,12.464886,14.863428,-3.444196
2026/06/02 23:02:00.276,n,-3.050998,6.245117,4.89236,1.376647,OverRange,OverRange,OverRange,12.461086,14.872,-3.395477
2026/06/02 23:03:00.277,n,-3.021873,6.437345,4.609591,1.421744,OverRange,OverRange,OverRange,12.450476,14.87951,-3.469536
2026/06/02 23:04:00.279,n,-2.986719,3.367582,4.551461,1.283584,OverRange,OverRange,OverRange,12.44241,14.885946,-3.41493
2026/06/02 23:05:00.282,n,-2.904606,3.570527,4.88621,1.633959,OverRange,OverRange,OverRange,12.454784,14.890182,-3.387798
2026/06/02 23:06:00.284,n,-2.931036,6.474452,4.226668,1.106471,OverRange,OverRange,OverRange,12.424496,14.895576,-3.391552
2026/06/02 23:07:00.269,n,-2.895753,3.78227,4.807783,1.401042,OverRange,OverRange,OverRange,12.407582,14.900968,-3.422865
2026/06/02 23:08:00.271,n,-2.960545,6.732387,5.428757,1.473716,OverRange,OverRange,OverRange,12.450486,14.903054,-3.391723
2026/06/02 23:09:00.272,n,-2.986462,5.877328,5.234764,1.32332,OverRange,OverRange,OverRange,12.402538,14.908448,-3.459725
2026/06/02 23:10:00.274,n,-3.00699,3.654709,4.480285,1.055012,OverRange,OverRange,OverRange,12.338928,14.903054,-3.467659
2026/06/02 23:11:00.277,n,-3.071269,6.178172,5.580439,1.252745,OverRange,OverRange,OverRange,12.41539,14.904128,-3.38191
2026/06/02 23:12:00.279,n,-3.109375,4.673788,4.993617,1.446359,OverRange,OverRange,OverRange,12.340176,14.893458,-3.488904
2026/06/02 23:13:00.265,n,-3.273472,3.090017,4.843996,1.498089,OverRange,OverRange,OverRange,12.32124,14.89665,-3.582418
2026/06/02 23:14:00.268,n,-3.31132,3.24915,5.21472,1.508629,OverRange,OverRange,OverRange,12.320466,14.89235,-3.520132
2026/06/02 23:15:00.270,n,-3.396256,3.294816,4.719466,1.464324,OverRange,OverRange,OverRange,12.265416,14.884872,-3.617485
2026/06/02 23:16:00.272,n,-3.428459,4.121938,4.488386,1.496873,OverRange,OverRange,OverRange,12.250264,14.877376,-3.654515
2026/06/02 23:17:00.275,n,-3.50467,3.326717,4.589394,1.448039,OverRange,OverRange,OverRange,12.219214,14.86879,-3.742055
2026/06/02 23:18:00.258,n,-3.627582,6.004326,5.372851,1.268285,OverRange,OverRange,OverRange,12.232844,14.855916,-3.785057
2026/06/02 23:19:00.262,n,-3.69494,6.259655,5.028953,1.303197,OverRange,OverRange,OverRange,12.163392,14.839886,-3.895976
2026/06/02 23:20:00.261,n,-3.800404,6.354636,5.192725,1.422482,OverRange,OverRange,OverRange,12.143174,14.831234,-3.956555
2026/06/02 23:21:00.263,n,-3.83543,4.114412,5.540355,0.831029,OverRange,OverRange,OverRange,12.102,14.817318,-4.04401
2026/06/02 23:22:00.268,n,-3.870456,3.603051,5.456646,0.957745,OverRange,OverRange,OverRange,12.096188,14.80448,-4.067473
2026/06/02 23:23:00.267,n,-4.011074,3.429759,4.316365,1.050874,OverRange,OverRange,OverRange,12.042604,14.791608,-4.082917
2026/06/02 23:24:00.270,n,-4.157337,6.101898,5.264399,1.211725,OverRange,OverRange,OverRange,12.0737,14.77445,-4.207573
2026/06/02 23:25:00.272,n,-4.268574,4.877651,5.603823,0.918285,OverRange,OverRange,OverRange,12.008748,14.760506,-4.229073
2026/06/02 23:26:00.258,n,-4.35043,3.536295,4.098143,1.005009,OverRange,OverRange,OverRange,11.945302,14.738004,-4.36738
2026/06/02 23:27:00.260,n,-4.2832,3.504007,4.418401,1.044293,OverRange,OverRange,OverRange,11.987,14.720848,-4.447327
2026/06/02 23:28:00.261,n,-4.242144,6.744407,5.385654,1.413964,OverRange,OverRange,OverRange,11.989274,14.703708,-4.419939
2026/06/02 23:29:00.262,n,-4.265623,3.341026,4.5581,1.375183,OverRange,OverRange,OverRange,11.925304,14.680082,-4.400571
2026/06/02 23:30:00.265,n,-4.227646,3.954607,4.035549,0.739165,OverRange,OverRange,OverRange,11.920492,14.661868,-4.470706
2026/06/02 23:31:00.267,n,-4.233291,6.309804,5.670431,1.317479,OverRange,OverRange,OverRange,11.98523,14.65219,-4.402448
2026/06/02 23:32:00.269,n,-4.259722,6.200464,5.242481,1.553733,OverRange,OverRange,OverRange,11.900518,14.631842,-4.44929
2026/06/02 23:33:00.271,n,-4.21302,6.194963,5.70674,1.30676,OverRange,OverRange,OverRange,11.882066,14.622164,-4.320709
2026/06/02 23:34:00.273,n,-4.315404,6.445986,4.455376,1.241059,OverRange,OverRange,OverRange,11.826946,14.606068,-4.511575
2026/06/02 23:35:00.257,n,-4.379939,5.956381,5.25489,1.581349,OverRange,OverRange,OverRange,11.860066,14.592122,-4.476593
2026/06/02 23:36:00.261,n,-4.367879,6.107843,5.580409,1.247065,OverRange,OverRange,OverRange,11.845906,14.5771,-4.493998
2026/06/02 23:37:00.262,n,-4.359283,4.829291,4.981883,1.237476,OverRange,OverRange,OverRange,11.770802,14.568528,-4.554492
2026/06/02 23:38:00.264,n,-4.502723,6.296485,6.102518,0.17035,OverRange,OverRange,OverRange,11.799882,14.562062,-4.603297
2026/06/02 23:39:00.265,n,-4.543651,3.833671,3.887518,0.792541,OverRange,OverRange,OverRange,11.669348,14.543816,-4.558416
2026/06/02 23:40:00.269,n,-4.558406,6.655705,4.310394,1.157181,OverRange,OverRange,OverRange,11.761444,14.525552,-4.671298
2026/06/02 23:41:00.270,n,-4.479373,3.746687,4.518381,1.297425,OverRange,OverRange,OverRange,11.733104,14.50416,-4.650053
2026/06/02 23:42:00.271,n,-4.461796,3.771133,4.092928,1.122761,OverRange,OverRange,OverRange,11.712372,14.482656,-4.486234
2026/06/02 23:43:00.258,n,-4.406241,6.481673,5.797262,1.271681,OverRange,OverRange,OverRange,11.749782,14.467634,-4.497923
2026/06/02 23:44:00.261,n,-4.435365,6.012559,5.203787,1.061905,OverRange,OverRange,OverRange,11.710852,14.452614,-4.515414
2026/06/02 23:45:00.261,n,-4.444346,6.004214,5.296575,1.560805,OverRange,OverRange,OverRange,11.69843,14.432184,-4.552529
2026/06/02 23:46:00.263,n,-4.461796,3.27928,4.905502,1.525005,OverRange,OverRange,OverRange,11.646816,14.413972,-4.540926
2026/06/02 23:47:00.264,n,-4.511448,5.43068,4.923836,1.168551,OverRange,OverRange,OverRange,11.633154,14.400026,-4.533161
2026/06/02 23:48:00.272,n,-4.482452,3.855857,4.393369,1.185334,OverRange,OverRange,OverRange,11.615178,14.378554,-4.552444
2026/06/02 23:49:00.270,n,-4.456022,6.417782,4.686634,1.410638,OverRange,OverRange,OverRange,11.608598,14.362426,-4.536745
2026/06/02 23:50:00.273,n,-4.432543,4.945296,4.948831,1.110083,OverRange,OverRange,OverRange,11.578238,14.343086,-4.492121
2026/06/02 23:51:00.272,n,-4.456022,6.453578,4.635679,1.075126,OverRange,OverRange,OverRange,11.551646,14.323718,-4.589559
2026/06/02 23:52:00.257,n,-4.39726,4.555433,5.20082,1.17955,OverRange,OverRange,OverRange,11.503302,14.305488,-4.630257
2026/06/02 23:53:00.260,n,-4.540829,3.638216,4.298481,1.173094,OverRange,OverRange,OverRange,11.495962,14.284,-4.669421
2026/06/02 23:54:00.263,n,-4.575983,3.257099,3.984738,1.135577,OverRange,OverRange,OverRange,11.490896,14.268964,-4.626504
2026/06/02 23:55:00.266,n,-4.619734,4.697984,5.262258,0.877363,OverRange,OverRange,OverRange,11.5071,14.271196,-4.583758
2026/06/02 23:56:00.267,n,-4.245737,4.092519,4.173069,1.118516,OverRange,OverRange,OverRange,11.487046,14.243274,-4.319259
2026/06/02 23:57:00.267,n,-4.233933,6.19276,4.804049,1.315726,OverRange,OverRange,OverRange,11.533386,14.221768,-4.297758
2026/06/02 23:58:00.271,n,-4.277941,5.003756,4.677011,0.784701,OverRange,OverRange,OverRange,11.48428,14.192742,-4.459614
2026/06/02 23:59:00.272,n,-4.318868,6.397382,4.961331,1.57289,OverRange,OverRange,OverRange,11.536418,14.180914,-4.375657
