"Timestamp","TZ","GHI1_AV (W/m2)","UVB22013 (W/m2)","UVB22013_AV (W/m2)","UVB22013_SD (W/m2)","UVB22012 (W/m2)","UVB22012_AV (W/m2)","UVB22012_SD (W/m2)","TA_AV (degC)","TL (degC)","GTI (W/m2)","GTI_AV (W/m2)"
2026/05/18 00:00:00.271,n,-5.342453,5.488364,4.919986,0.7452,OverRange,OverRange,OverRange,9.921856,11.93236,-5.328192,-5.324182
2026/05/18 00:01:00.274,n,-5.151927,5.652198,5.617847,0.165267,OverRange,OverRange,OverRange,9.900726,11.925834,-5.293381,-5.234679
2026/05/18 00:02:00.259,n,-4.973331,4.296782,5.04529,0.674701,OverRange,OverRange,OverRange,9.926428,11.92694,-5.129563,-5.193724
2026/05/18 00:03:00.261,n,-5.084954,5.289504,4.698668,0.550468,OverRange,OverRange,OverRange,9.926936,11.921552,-5.024104,-5.086475
2026/05/18 00:04:00.264,n,-4.900071,5.98453,5.691282,0.333531,OverRange,OverRange,OverRange,9.896892,11.919384,-5.129563,-5.125552
2026/05/18 00:05:00.265,n,-4.689273,4.658667,5.438002,0.568544,OverRange,OverRange,OverRange,9.88645,11.914014,-4.801926,-4.94996
2026/05/18 00:06:00.267,n,-4.900072,4.479504,5.449267,0.623462,OverRange,OverRange,OverRange,9.889272,11.91512,-5.07069,-5.045521
2026/05/18 00:07:00.270,n,-5.128704,5.427854,5.169358,0.45996,OverRange,OverRange,OverRange,9.870926,11.91074,-4.685205,-4.91694
2026/05/18 00:08:00.273,n,-4.955754,4.590014,4.85568,0.505804,OverRange,OverRange,OverRange,9.829946,11.91613,-4.872061,-4.878033
2026/05/18 00:09:00.273,n,-5.066863,5.123045,4.567342,0.283441,OverRange,OverRange,OverRange,9.87169,11.91074,-4.942195,-4.95397
2026/05/18 00:10:00.258,n,-5.210688,4.570103,4.678545,0.385854,OverRange,OverRange,OverRange,9.938904,11.911846,-5.094239,-5.024104
2026/05/18 00:11:00.260,n,-5.072893,4.034489,4.431846,0.265418,OverRange,OverRange,OverRange,9.911148,11.903172,-5.035879,-5.051408
2026/05/18 00:12:00.263,n,-5.289721,5.484628,4.987345,0.552667,OverRange,OverRange,OverRange,9.915736,11.899964,-5.094239,-5.014292
2026/05/18 00:13:00.265,n,-5.078795,4.648046,5.435894,0.435665,OverRange,OverRange,OverRange,9.85437,11.896724,-4.942195,-4.971546
2026/05/18 00:14:00.266,n,-5.040818,4.216366,5.044194,0.63183,OverRange,OverRange,OverRange,9.840124,11.892426,-4.918647,-4.910882
2026/05/18 00:15:00.268,n,-5.005791,5.307644,4.962671,0.595567,OverRange,OverRange,OverRange,9.833248,11.897782,-4.837249,-4.862334
2026/05/18 00:16:00.271,n,-4.815136,4.626685,4.977813,0.485454,OverRange,OverRange,OverRange,9.914474,11.890294,-4.615071,-4.710375
2026/05/18 00:17:00.273,n,-4.935483,4.461066,4.790193,0.632045,OverRange,OverRange,OverRange,9.990566,11.889186,-4.75534,-4.729744
2026/05/18 00:18:00.276,n,-5.01426,5.480008,5.356196,0.406291,OverRange,OverRange,OverRange,10.021638,11.884872,-5.106014,-5.137241
2026/05/18 00:19:00.260,n,-4.87377,5.680861,4.860157,0.615251,OverRange,OverRange,OverRange,9.98523,11.88051,-5.153111,-5.224867
2026/05/18 00:20:00.262,n,-4.909053,4.183974,4.781697,0.73074,OverRange,OverRange,OverRange,9.993118,11.878376,-4.8137,-5.045605
2026/05/18 00:21:00.264,n,-5.058138,4.48135,5.235196,0.473869,OverRange,OverRange,OverRange,9.990846,11.87408,-5.01233,-4.877863
2026/05/18 00:22:00.266,n,-4.985007,4.316523,4.314555,0.217943,OverRange,OverRange,OverRange,10.006866,11.875154,-4.965232,-4.889466
2026/05/18 00:23:00.268,n,-5.096116,4.966139,5.488477,0.304367,OverRange,OverRange,OverRange,9.982432,11.87408,-4.895098,-4.930591
2026/05/18 00:24:00.271,n,-5.093293,5.3221,5.176604,0.446473,OverRange,OverRange,OverRange,9.950618,11.8676,-5.059428,-4.94996
2026/05/18 00:25:00.272,n,-4.944335,4.443205,4.795511,0.45269,OverRange,OverRange,OverRange,9.963858,11.870838,-5.199697,-5.102089
2026/05/18 00:26:00.274,n,-5.066991,4.797809,4.88723,0.304307,OverRange,OverRange,OverRange,9.954682,11.86003,-5.01233,-5.102089
2026/05/18 00:27:00.276,n,-5.075844,4.685421,5.36108,0.343728,OverRange,OverRange,OverRange,9.967672,11.858988,-5.281094,-5.185875
2026/05/18 00:28:00.264,n,-4.949981,4.027931,4.731599,0.663479,OverRange,OverRange,OverRange,9.982702,11.856808,-5.187923,-5.324353
2026/05/18 00:29:00.263,n,-5.175534,4.653829,4.75703,0.49207,OverRange,OverRange,OverRange,9.946544,11.861104,-4.8137,-5.039804
2026/05/18 00:30:00.266,n,-5.108047,5.641134,5.471139,0.16511,OverRange,OverRange,OverRange,9.929994,11.852492,-4.988781,-4.881787
2026/05/18 00:31:00.267,n,-4.870691,4.309517,4.916344,0.625005,OverRange,OverRange,OverRange,9.91269,11.851418,-4.720017,-4.805851
2026/05/18 00:32:00.270,n,-5.166681,4.612221,4.848131,0.627954,OverRange,OverRange,OverRange,9.92744,11.851418,-4.8137,-4.827351
2026/05/18 00:33:00.274,n,-5.072893,5.008198,5.147644,0.372739,OverRange,OverRange,OverRange,9.94043,11.84922,-4.95397,-4.862504
2026/05/18 00:34:00.273,n,-5.079051,4.618461,4.774167,0.35001,OverRange,OverRange,OverRange,9.924394,11.848178,-4.930421,-4.899363
2026/05/18 00:35:00.275,n,-5.1373,5.598012,5.159031,0.569783,OverRange,OverRange,OverRange,9.934306,11.845998,-4.965232,-4.938356
2026/05/18 00:36:00.279,n,-5.055187,4.034592,4.921542,0.714011,OverRange,OverRange,OverRange,9.904546,11.853714,-4.977519,-5.018218
2026/05/18 00:37:00.263,n,-4.987573,4.189888,5.062166,0.686167,OverRange,OverRange,OverRange,9.935324,11.851548,-4.883323,-4.852266
2026/05/18 00:38:00.265,n,-5.043256,4.6098,4.629578,0.520933,OverRange,OverRange,OverRange,9.960786,11.845084,-5.199185,-5.008234
2026/05/18 00:39:00.266,n,-5.007845,3.869889,4.756803,0.690348,OverRange,OverRange,OverRange,9.968674,11.840772,-5.105502,-5.105672
2026/05/18 00:40:00.270,n,-5.08675,5.530242,5.546948,0.267468,OverRange,OverRange,OverRange,9.989798,11.836456,-5.199185,-5.142702
2026/05/18 00:41:00.272,n,-5.081233,5.456381,4.891962,0.605514,OverRange,OverRange,OverRange,9.959264,11.837516,-5.024104,-5.134938
2026/05/18 00:42:00.272,n,-5.051723,6.101774,5.230265,0.602564,OverRange,OverRange,OverRange,9.955944,11.828918,-5.187411,-5.111474
2026/05/18 00:43:00.277,n,-4.949339,5.546979,5.598324,0.053245,OverRange,OverRange,OverRange,9.961284,11.82353,-5.000556,-5.123334
2026/05/18 00:44:00.278,n,-4.852729,5.081299,4.732948,0.524041,OverRange,OverRange,OverRange,9.928966,11.825664,-4.965232,-5.000385
2026/05/18 00:45:00.279,n,-4.864276,5.597014,5.26815,0.759438,OverRange,OverRange,OverRange,9.884904,11.815928,-5.011818,-5.006272
2026/05/18 00:46:00.265,n,-4.905332,6.000067,5.479284,0.656401,OverRange,OverRange,OverRange,9.874202,11.819184,-5.140825,-5.014122
2026/05/18 00:47:00.266,n,-4.882109,5.470407,5.315199,0.261123,OverRange,OverRange,OverRange,9.84899,11.810574,-5.222734,-5.242102
2026/05/18 00:48:00.268,n,-4.855808,4.488886,4.705026,0.524326,OverRange,OverRange,OverRange,9.878036,11.808392,-5.175637,-4.893135
2026/05/18 00:49:00.271,n,-4.914313,4.449327,4.925181,0.652685,OverRange,OverRange,OverRange,9.922074,11.80626,-4.848511,-5.082379
2026/05/18 00:50:00.273,n,-4.817574,4.56035,4.821345,0.572761,OverRange,OverRange,OverRange,9.947038,11.804078,-4.778377,-4.838614
2026/05/18 00:51:00.274,n,-4.794095,4.332344,4.738303,0.583754,OverRange,OverRange,OverRange,9.966354,11.801946,-4.883323,-4.89706
2026/05/18 00:52:00.277,n,-5.00515,4.518751,4.943815,0.45651,OverRange,OverRange,OverRange,9.96433,11.804078,-4.95397,-4.900985
2026/05/18 00:53:00.279,n,-4.923037,4.637794,4.964067,0.353635,OverRange,OverRange,OverRange,9.950078,11.804078,-5.047141,-5.021886
2026/05/18 00:54:00.281,n,-5.037225,5.772174,4.611703,0.674836,OverRange,OverRange,OverRange,9.937108,11.797566,-4.895098,-4.885456
2026/05/18 00:55:00.265,n,-4.987445,5.096279,4.721815,0.453838,OverRange,OverRange,OverRange,9.94601,11.794342,-4.941684,-4.994668
2026/05/18 00:56:00.270,n,-4.963837,4.381818,5.226184,0.604283,OverRange,OverRange,OverRange,9.931768,11.78788,-4.556198,-4.766602
2026/05/18 00:57:00.270,n,-4.923037,5.467452,5.453648,0.42139,OverRange,OverRange,OverRange,9.89738,11.79006,-4.509101,-4.507223
2026/05/18 00:58:00.274,n,-4.943566,5.377031,5.32724,0.420654,OverRange,OverRange,OverRange,9.877254,11.783566,-4.473777,-4.513025
2026/05/18 00:59:00.274,n,-4.946517,5.788318,5.35118,0.428842,OverRange,OverRange,OverRange,9.895854,11.78684,-4.64937,-4.54613
2026/05/18 01:00:00.275,n,-4.873256,5.518936,5.56394,0.346927,OverRange,OverRange,OverRange,9.914944,11.779252,-4.45074,-4.479835
2026/05/18 01:01:00.278,n,-4.867226,4.581891,4.9427,0.504206,OverRange,OverRange,OverRange,9.907054,11.782492,-4.543912,-4.489561
2026/05/18 01:02:00.280,n,-5.104711,4.618828,4.587022,0.387578,OverRange,OverRange,OverRange,9.905278,11.78031,-4.543912,-4.514988
2026/05/18 01:03:00.283,n,-4.972818,6.127911,5.620858,0.448379,OverRange,OverRange,OverRange,9.895848,11.777104,-4.579235,-4.546301
2026/05/18 01:04:00.267,n,-4.893913,4.690232,4.99271,0.537489,OverRange,OverRange,OverRange,9.869354,11.771714,-4.520875,-4.577358
2026/05/18 01:05:00.268,n,-4.911362,4.394919,4.570298,0.401885,OverRange,OverRange,OverRange,9.873948,11.774922,-5.07069,-4.805509
2026/05/18 01:06:00.270,n,-4.899558,4.525264,4.868868,0.516252,OverRange,OverRange,OverRange,9.860704,11.76522,-4.638108,-4.639984
2026/05/18 01:07:00.273,n,-4.849649,4.278113,5.024875,0.655722,OverRange,OverRange,OverRange,9.874974,11.76846,-4.871548,-4.785885
2026/05/18 01:08:00.273,n,-5.031451,5.458365,5.056437,0.579625,OverRange,OverRange,OverRange,9.878026,11.763054,-4.743054,-4.809263
2026/05/18 01:09:00.277,n,-4.826298,5.668966,5.690428,0.447606,OverRange,OverRange,OverRange,9.918264,11.760872,-5.094239,-5.041425
2026/05/18 01:10:00.279,n,-4.817702,5.879632,5.388027,0.619251,OverRange,OverRange,OverRange,9.907558,11.76198,-5.047141,-5.127088
2026/05/18 01:11:00.280,n,-5.034403,5.541501,5.294165,0.77914,OverRange,OverRange,OverRange,9.900686,11.75656,-5.257546,-5.177684
2026/05/18 01:12:00.282,n,-5.013875,5.609941,5.933443,0.202003,OverRange,OverRange,OverRange,9.87701,11.75765,-5.281094,-5.292954
2026/05/18 01:13:00.269,n,-4.931762,6.011027,5.509646,0.708917,OverRange,OverRange,OverRange,9.895596,11.747948,-5.234509,-5.312322
2026/05/18 01:14:00.270,n,-4.958063,5.270745,5.144267,0.50276,OverRange,OverRange,OverRange,9.894832,11.745782,-5.246283,-5.259764
2026/05/18 01:15:00.272,n,-5.063527,5.929878,5.240024,0.614378,OverRange,OverRange,OverRange,9.849762,11.742528,-5.152087,-5.249952
2026/05/18 01:16:00.274,n,-4.908283,5.527035,4.807119,0.585007,OverRange,OverRange,OverRange,9.840074,11.73818,-5.175637,-5.16992
2026/05/18 01:17:00.276,n,-4.928811,4.599783,5.5231,0.503682,OverRange,OverRange,OverRange,9.824032,11.741452,-4.895098,-5.027688
2026/05/18 01:18:00.277,n,-4.923037,5.587058,5.097702,0.550864,OverRange,OverRange,OverRange,9.794998,11.73175,-5.140825,-5.105673
2026/05/18 01:19:00.279,n,-4.879159,4.294891,4.840419,0.558501,OverRange,OverRange,OverRange,9.802124,11.73818,-4.708242,-4.895183
2026/05/18 01:20:00.281,n,-4.791144,4.409666,4.636272,0.449304,OverRange,OverRange,OverRange,9.892528,11.72851,-5.129051,-5.070434
2026/05/18 01:21:00.284,n,-4.92291,5.491112,4.883808,0.613901,OverRange,OverRange,OverRange,9.906282,11.727404,-4.977007,-5.015999
2026/05/18 01:22:00.269,n,-5.122288,5.3809,4.412829,0.485245,OverRange,OverRange,OverRange,9.908072,11.73175,-5.081953,-5.111474
2026/05/18 01:23:00.271,n,-4.978848,6.113716,5.177302,0.746145,OverRange,OverRange,OverRange,9.851548,11.72851,-4.95397,-5.086219
2026/05/18 01:24:00.275,n,-5.081104,5.557024,5.194448,0.797876,OverRange,OverRange,OverRange,9.812062,11.722016,-5.21096,-5.121287
2026/05/18 01:25:00.275,n,-5.116258,4.387795,5.304164,0.656578,OverRange,OverRange,OverRange,9.790146,11.71876,-5.234509,-5.24415
2026/05/18 01:26:00.277,n,-5.11921,5.651222,5.49442,0.52441,OverRange,OverRange,OverRange,9.801122,11.712314,-5.351229,-5.249866
2026/05/18 01:27:00.278,n,-5.089957,5.093398,4.697344,0.469079,OverRange,OverRange,OverRange,9.776394,11.710164,-5.222734,-5.292699
2026/05/18 01:28:00.280,n,-5.192469,5.611464,5.535795,0.524951,OverRange,OverRange,OverRange,9.773854,11.707984,-5.397815,-5.359079
2026/05/18 01:29:00.281,n,-5.168991,5.644177,5.197612,0.701867,OverRange,OverRange,OverRange,9.743012,11.699388,-5.21096,-5.318295
2026/05/18 01:30:00.269,n,-5.265857,4.235179,4.855487,0.62543,OverRange,OverRange,OverRange,9.693588,11.70043,-5.46795,-5.267443
2026/05/18 01:31:00.270,n,-5.15167,4.717655,5.064945,0.590051,OverRange,OverRange,OverRange,9.695104,11.697206,-4.64937,-4.885371
2026/05/18 01:32:00.272,n,-5.245329,5.375741,4.763133,0.596632,OverRange,OverRange,OverRange,9.715378,11.687472,-4.766091,-4.700308
2026/05/18 01:33:00.257,n,-5.174892,5.379453,5.334215,0.472847,OverRange,OverRange,OverRange,9.737432,11.683158,-4.743054,-4.780168
2026/05/18 01:34:00.261,n,-5.177843,5.636372,5.545367,0.107248,OverRange,OverRange,OverRange,9.766984,11.684232,-4.848511,-4.850303
2026/05/18 01:35:00.261,n,-5.060447,5.451127,5.20358,0.518108,OverRange,OverRange,OverRange,9.777684,11.669094,-4.977007,-4.902947
2026/05/18 01:36:00.265,n,-5.101761,4.281778,4.98131,0.535755,OverRange,OverRange,OverRange,9.756018,11.6702,-4.801414,-4.873596
2026/05/18 01:37:00.267,n,-5.189519,4.26106,5.052064,0.740184,OverRange,OverRange,OverRange,9.72576,11.665886,-4.918647,-4.912844
2026/05/18 01:38:00.270,n,-5.198371,5.617302,5.107058,0.718147,OverRange,OverRange,OverRange,9.711584,11.66154,-4.988781,-4.940062
2026/05/18 01:39:00.269,n,-5.186825,5.350065,5.22493,0.568968,OverRange,OverRange,OverRange,9.74735,11.662632,-4.941684,-4.920438
2026/05/18 01:40:00.271,n,-5.145768,5.280236,4.844596,0.533082,OverRange,OverRange,OverRange,9.786062,11.65939,-4.859774,-4.91839
2026/05/18 01:41:00.256,n,-5.133964,4.771806,5.216353,0.488909,OverRange,OverRange,OverRange,9.784054,11.652928,-5.081953,-5.043216
2026/05/18 01:42:00.258,n,-5.095731,4.315957,4.317584,0.13138,OverRange,OverRange,OverRange,9.760106,11.650764,-5.234509,-5.113522
2026/05/18 01:43:00.262,n,-5.16899,5.274938,4.636728,0.432216,OverRange,OverRange,OverRange,9.759852,11.65511,-5.281094,-5.230413
2026/05/18 01:44:00.262,n,-5.151541,6.082404,5.00061,0.82335,OverRange,OverRange,OverRange,9.775402,11.64536,-5.175637,-5.160193
2026/05/18 01:45:00.265,n,-4.993475,5.75733,5.479489,0.545884,OverRange,OverRange,OverRange,9.789642,11.639972,-5.257546,-5.286982
2026/05/18 01:46:00.266,n,-4.911362,4.694172,4.904352,0.59635,OverRange,OverRange,OverRange,9.779954,11.637806,-5.024104,-5.131099
2026/05/18 01:47:00.269,n,-5.110614,4.447076,5.056597,0.453172,OverRange,OverRange,OverRange,9.78096,11.63455,-5.257546,-5.113437
2026/05/18 01:48:00.270,n,-5.189518,5.921679,5.149641,0.676736,OverRange,OverRange,OverRange,9.769776,11.635626,-5.397815,-5.269491
2026/05/18 01:49:00.272,n,-5.087006,5.901582,5.115956,0.632989,OverRange,OverRange,OverRange,9.753958,11.632418,-5.292869,-5.253876
2026/05/18 01:50:00.257,n,-5.002071,4.154308,4.549515,0.239125,OverRange,OverRange,OverRange,9.707516,11.63346,-5.257546,-5.216676
2026/05/18 01:51:00.259,n,-5.131141,4.325954,4.181797,0.171537,OverRange,OverRange,OverRange,9.730088,11.62913,-4.813188,-4.910797
2026/05/18 01:52:00.262,n,-5.042999,4.372608,4.382138,0.081565,OverRange,OverRange,OverRange,9.770788,11.625892,-4.614558,-4.821038
2026/05/18 01:53:00.263,n,-5.054803,4.114681,4.225723,0.158008,OverRange,OverRange,OverRange,9.78889,11.632418,-4.778377,-4.828802
2026/05/18 01:54:00.267,n,-5.204145,3.842222,4.654796,0.727421,OverRange,OverRange,OverRange,9.774872,11.626998,-5.011818,-4.924192
2026/05/18 01:55:00.268,n,-5.186568,4.486352,4.694289,0.712235,OverRange,OverRange,OverRange,9.766728,11.620502,-5.175637,-5.097738
2026/05/18 01:56:00.269,n,-5.072509,4.450321,4.327852,0.227668,OverRange,OverRange,OverRange,9.767986,11.62164,-5.234509,-5.150552
2026/05/18 01:57:00.273,n,-5.166168,4.357278,4.634335,0.565565,OverRange,OverRange,OverRange,9.759584,11.620502,-5.140825,-5.203195
2026/05/18 01:58:00.257,n,-5.298061,4.290299,4.344147,0.474347,OverRange,OverRange,OverRange,9.726314,11.614038,-5.164374,-5.226574
2026/05/18 01:59:00.258,n,-5.34194,5.381606,5.161136,0.401273,OverRange,OverRange,OverRange,9.703736,11.609694,-5.199185,-5.244065
2026/05/18 02:00:00.261,n,-5.084183,4.973503,4.837848,0.504336,OverRange,OverRange,OverRange,9.708034,11.60862,-5.292869,-5.222735
2026/05/18 02:01:00.263,n,-5.089957,4.529895,5.553475,0.523528,OverRange,OverRange,OverRange,9.680426,11.601084,-5.304643,-5.246113
2026/05/18 02:02:00.265,n,-5.13961,4.216436,4.475916,0.225837,OverRange,OverRange,OverRange,9.706518,11.602158,-5.257546,-5.312322
2026/05/18 02:03:00.267,n,-5.175149,4.656554,5.128971,0.590751,OverRange,OverRange,OverRange,9.688518,11.59457,-5.257546,-5.287067
2026/05/18 02:04:00.268,n,-5.131142,4.008692,4.370147,0.270816,OverRange,OverRange,OverRange,9.663194,11.592422,-5.281094,-5.224612
2026/05/18 02:05:00.271,n,-5.195677,4.395424,4.376776,0.480175,OverRange,OverRange,OverRange,9.664964,11.585928,-5.175637,-5.183572
2026/05/18 02:06:00.274,n,-5.116387,4.585938,5.088271,0.538224,OverRange,OverRange,OverRange,9.673076,11.583794,-5.257546,-5.170005
2026/05/18 02:07:00.257,n,-5.137044,4.478185,5.112136,0.638796,OverRange,OverRange,OverRange,9.70043,11.579466,-5.105502,-5.199185
2026/05/18 02:08:00.260,n,-5.227495,5.277125,4.770382,0.44893,OverRange,OverRange,OverRange,9.710298,11.576224,-5.281094,-5.177684
2026/05/18 02:09:00.261,n,-5.128062,4.759724,5.393801,0.590637,OverRange,OverRange,OverRange,9.72881,11.570836,-5.117276,-5.195431
2026/05/18 02:10:00.266,n,-5.1985,4.467799,4.813227,0.556815,OverRange,OverRange,OverRange,9.721208,11.56545,-5.480236,-5.304558
2026/05/18 02:11:00.266,n,-5.151413,5.930548,4.719763,0.60449,OverRange,OverRange,OverRange,9.713852,11.56327,-5.21096,-5.310446
2026/05/18 02:12:00.270,n,-5.142689,5.993586,5.662077,0.310261,OverRange,OverRange,OverRange,9.683452,11.558922,-5.351229,-5.366928
2026/05/18 02:13:00.270,n,-5.022599,5.148297,5.231049,0.380245,OverRange,OverRange,OverRange,9.683202,11.559996,-5.129051,-5.267614
2026/05/18 02:14:00.272,n,-5.089957,5.573145,5.040305,0.554613,OverRange,OverRange,OverRange,9.667506,11.555716,-4.941684,-5.20311
2026/05/18 02:15:00.273,n,-5.204273,5.505725,4.650816,0.475036,OverRange,OverRange,OverRange,9.632054,11.551354,-5.117276,-5.218724
2026/05/18 02:16:00.258,n,-5.215949,4.154653,4.740978,0.562185,OverRange,OverRange,OverRange,9.618856,11.545932,-5.152087,-5.259679
2026/05/18 02:17:00.260,n,-5.309737,4.614186,4.800713,0.61303,OverRange,OverRange,OverRange,9.637874,11.543832,-5.363004,-5.26548
2026/05/18 02:18:00.262,n,-5.215949,5.554816,5.133358,0.66195,OverRange,OverRange,OverRange,9.629498,11.540576,-5.164374,-5.290992
2026/05/18 02:19:00.265,n,-5.101504,4.273277,4.966158,0.643998,OverRange,OverRange,OverRange,9.640138,11.537306,-5.105502,-5.138692
2026/05/18 02:20:00.267,n,-5.230575,5.674847,5.549205,0.107191,OverRange,OverRange,OverRange,9.61226,11.53623,-5.081953,-5.127088
2026/05/18 02:21:00.268,n,-5.040176,4.522417,4.783933,0.550889,OverRange,OverRange,OverRange,9.61201,11.526496,-5.105502,-5.138692
2026/05/18 02:22:00.271,n,-5.227367,4.558419,4.802847,0.48514,OverRange,OverRange,OverRange,9.62798,11.523306,-5.386553,-5.289029
2026/05/18 02:23:00.272,n,-5.353616,5.39332,4.665287,0.599901,OverRange,OverRange,OverRange,9.620382,11.523306,-5.421364,-5.364966
2026/05/18 02:24:00.275,n,-5.192341,4.539461,4.796589,0.512874,OverRange,OverRange,OverRange,9.585928,11.514612,-5.304643,-5.41761
2026/05/18 02:25:00.261,n,-5.332959,5.367009,5.099814,0.555688,OverRange,OverRange,OverRange,9.564626,11.509192,-5.374778,-5.300633
2026/05/18 02:26:00.262,n,-5.277405,5.427598,5.413767,0.490137,OverRange,OverRange,OverRange,9.561336,11.507028,-5.234509,-5.267614
2026/05/18 02:27:00.264,n,-5.491154,4.448591,4.410013,0.534599,OverRange,OverRange,OverRange,9.565918,11.50273,-5.421364,-5.273245
2026/05/18 02:28:00.265,n,-5.379917,4.215124,5.16753,0.619527,OverRange,OverRange,OverRange,9.557546,11.496236,-5.164374,-5.218809
2026/05/18 02:29:00.267,n,-5.432648,5.526993,4.924693,0.563576,OverRange,OverRange,OverRange,9.587448,11.486568,-5.397815,-5.288944
2026/05/18 02:30:00.270,n,-5.391721,4.708778,4.667716,0.467655,OverRange,OverRange,OverRange,9.598328,11.484386,-5.32768,-5.376654
2026/05/18 02:31:00.273,n,-5.444581,5.524952,4.820511,0.544591,OverRange,OverRange,OverRange,9.575522,11.47138,-5.386553,-5.359078
2026/05/18 02:32:00.275,n,-5.321412,5.520755,4.807938,0.537183,OverRange,OverRange,OverRange,9.529934,11.47356,-5.152087,-5.329899
2026/05/18 02:33:00.276,n,-5.330137,4.786823,5.136367,0.767991,OverRange,OverRange,OverRange,9.513948,11.46381,-5.21096,-5.345427
2026/05/18 02:34:00.261,n,-5.201322,5.187827,5.019656,0.588754,OverRange,OverRange,OverRange,9.509904,11.460604,-5.234509,-5.267528
2026/05/18 02:35:00.263,n,-5.362468,4.830888,5.192699,0.428168,OverRange,OverRange,OverRange,9.471116,11.454078,-5.234509,-5.286982
2026/05/18 02:36:00.264,n,-5.450354,5.149891,4.987927,0.529947,OverRange,OverRange,OverRange,9.53652,11.446492,-5.410102,-5.296708
2026/05/18 02:37:00.267,n,-5.576218,5.429945,5.155988,0.5301,OverRange,OverRange,OverRange,9.528642,11.444374,-5.456687,-5.431261
2026/05/18 02:38:00.268,n,-5.359389,6.027119,5.342697,0.567736,OverRange,OverRange,OverRange,9.51824,11.438954,-5.480236,-5.466328
2026/05/18 02:39:00.272,n,-5.365291,5.854172,4.971882,0.53762,OverRange,OverRange,OverRange,9.543854,11.433566,-5.503273,-5.442865
2026/05/18 02:40:00.273,n,-5.177843,4.597277,5.045553,0.597621,OverRange,OverRange,OverRange,9.531694,11.428114,-5.503273,-5.493632
2026/05/18 02:41:00.275,n,-5.4152,5.374417,4.891442,0.441309,OverRange,OverRange,OverRange,9.49873,11.42276,-5.480236,-5.444998
2026/05/18 02:42:00.276,n,-5.204273,5.459201,5.321854,0.542643,OverRange,OverRange,OverRange,9.47821,11.420578,-5.421364,-5.423496
2026/05/18 02:43:00.261,n,-5.294854,4.598059,4.863748,0.750761,OverRange,OverRange,OverRange,9.467068,11.414116,-5.421364,-5.43894
2026/05/18 02:44:00.267,n,-5.394672,5.52432,5.619913,0.114407,OverRange,OverRange,OverRange,9.472142,11.409738,-5.491499,-5.423412
2026/05/18 02:45:00.265,n,-5.348099,4.423316,4.905672,0.644702,OverRange,OverRange,OverRange,9.47997,11.406498,-5.397815,-5.440817
2026/05/18 02:46:00.270,n,-5.517584,5.41955,5.098071,0.390043,OverRange,OverRange,OverRange,9.507864,11.400068,-5.444913,-5.405836
2026/05/18 02:47:00.271,n,-5.48538,5.404798,4.825011,0.530039,OverRange,OverRange,OverRange,9.48961,11.39572,-5.433139,-5.435101
2026/05/18 02:48:00.272,n,-5.380045,4.607638,5.537909,0.510764,OverRange,OverRange,OverRange,9.455902,11.388154,-5.713677,-5.630233
2026/05/18 02:49:00.274,n,-5.458951,4.446548,4.785607,0.556711,OverRange,OverRange,OverRange,9.464528,11.385988,-5.503273,-5.593117
2026/05/18 02:50:00.275,n,-5.57609,5.364178,4.770201,0.540171,OverRange,OverRange,OverRange,9.47314,11.380568,-5.807361,-5.585268
2026/05/18 02:51:00.277,n,-5.605599,5.327872,4.876684,0.431799,OverRange,OverRange,OverRange,9.4914,11.377314,-5.480236,-5.59124
2026/05/18 02:52:00.266,n,-5.344763,4.750973,5.16284,0.614891,OverRange,OverRange,OverRange,9.463002,11.374104,-5.421364,-5.544398
2026/05/18 02:53:00.265,n,-5.593795,4.641992,4.661805,0.406303,OverRange,OverRange,OverRange,9.47086,11.368652,-5.562145,-5.501396
2026/05/18 02:54:00.271,n,-5.388769,4.600988,5.035145,0.383903,OverRange,OverRange,OverRange,9.490382,11.35895,-5.281094,-5.366928
2026/05/18 02:55:00.268,n,-5.494233,4.445687,4.752104,0.553429,OverRange,OverRange,OverRange,9.46349,11.35677,-5.433139,-5.331861
2026/05/18 02:56:00.270,n,-5.537984,5.70497,5.185694,0.471742,OverRange,OverRange,OverRange,9.480754,11.349202,-5.351229,-5.406006
2026/05/18 02:57:00.273,n,-5.546837,4.289169,4.937836,0.531118,OverRange,OverRange,OverRange,9.479732,11.387388,-5.608731,-5.441073
2026/05/18 02:58:00.276,n,-4.941513,4.42312,4.65975,0.433597,OverRange,OverRange,OverRange,9.48821,11.380862,-5.048165,-5.053796
2026/05/18 02:59:00.277,n,-5.175791,5.515668,5.325747,0.239813,OverRange,OverRange,OverRange,9.444078,11.372202,-5.129563,-5.108232
2026/05/18 03:00:00.279,n,-4.920856,4.67258,4.920415,0.687456,OverRange,OverRange,OverRange,9.454214,11.372202,-5.164886,-5.235106
2026/05/18 03:01:00.265,n,-5.055572,4.132614,4.41552,0.55463,OverRange,OverRange,OverRange,9.483868,11.368962,-5.328704,-5.207718
2026/05/18 03:02:00.268,n,-4.909053,5.617285,5.043191,0.458415,OverRange,OverRange,OverRange,9.483862,11.364632,-5.270344,-5.266333
2026/05/18 03:03:00.267,n,-4.750986,4.512203,5.193537,0.693359,OverRange,OverRange,OverRange,9.487432,11.362468,-5.106014,-5.154988
2026/05/18 03:04:00.270,n,-4.903151,5.277142,4.510175,0.427848,OverRange,OverRange,OverRange,9.483876,11.355972,-5.153111,-5.160961
2026/05/18 03:05:00.271,n,-4.873898,6.023939,5.431809,0.529976,OverRange,OverRange,OverRange,9.456254,11.351692,-4.884347,-4.858921
2026/05/18 03:06:00.273,n,-4.624994,4.979947,5.325249,0.716311,OverRange,OverRange,OverRange,9.45371,11.350552,-4.55671,-4.710631
2026/05/18 03:07:00.275,n,-4.827068,6.05859,5.800375,0.245268,OverRange,OverRange,OverRange,9.481838,11.34409,-4.860798,-4.72232
2026/05/18 03:08:00.278,n,-4.794993,5.327641,4.990853,0.432254,OverRange,OverRange,OverRange,9.51379,11.34948,-4.662168,-4.769162
2026/05/18 03:09:00.281,n,-4.803717,5.918653,5.381079,0.692991,OverRange,OverRange,OverRange,9.510762,11.347364,-4.872573,-4.903715
2026/05/18 03:10:00.264,n,-4.768563,6.011078,5.309417,0.599395,OverRange,OverRange,OverRange,9.480596,11.33758,-5.059428,-4.969925
2026/05/18 03:11:00.269,n,-4.563538,4.52612,5.291077,0.651379,OverRange,OverRange,OverRange,9.51176,11.343016,-4.544936,-4.743821
2026/05/18 03:12:00.270,n,-4.745341,4.456714,4.547313,0.118115,OverRange,OverRange,OverRange,9.510998,11.350552,-4.49835,-4.49033
2026/05/18 03:13:00.270,n,-4.95909,5.886186,4.820356,0.794405,OverRange,OverRange,OverRange,9.504654,11.348406,-4.392892,-4.421986
2026/05/18 03:14:00.275,n,-4.85337,5.382787,5.143023,0.627405,OverRange,OverRange,OverRange,9.500346,11.345198,-4.439478,-4.437601
2026/05/18 03:15:00.275,n,-4.932532,5.59237,5.106255,0.519752,OverRange,OverRange,OverRange,9.552334,11.343016,-4.404666,-4.45731
2026/05/18 03:16:00.276,n,-4.882751,5.41612,5.001186,0.715405,OverRange,OverRange,OverRange,9.59286,11.347364,-4.579747,-4.540926
2026/05/18 03:17:00.279,n,-4.874026,5.454046,5.417329,0.096588,OverRange,OverRange,OverRange,9.626302,11.350552,-4.463027,-4.486405
2026/05/18 03:18:00.280,n,-4.797816,5.888832,5.289579,0.595187,OverRange,OverRange,OverRange,9.61085,11.34409,-4.732303,-4.593825
2026/05/18 03:19:00.267,n,-4.669001,5.082347,5.510729,0.573562,OverRange,OverRange,OverRange,9.578166,11.34948,-4.474801,-4.511831
2026/05/18 03:20:00.268,n,-4.739054,4.517119,4.753619,0.355301,OverRange,OverRange,OverRange,9.563212,11.346272,-4.544936,-4.439648
2026/05/18 03:21:00.270,n,-5.00592,5.509679,4.877828,0.642665,OverRange,OverRange,OverRange,9.54749,11.348406,-4.404666,-4.422158
2026/05/18 03:22:00.271,n,-4.827196,4.248383,4.690377,0.537095,OverRange,OverRange,OverRange,9.5262,11.34948,-4.55671,-4.509868
2026/05/18 03:23:00.274,n,-4.885701,5.352723,5.057114,0.631922,OverRange,OverRange,OverRange,9.521388,11.343016,-4.568485,-4.519595
2026/05/18 03:24:00.279,n,-4.774465,4.463378,4.842287,0.430546,OverRange,OverRange,OverRange,9.487442,11.34948,-4.439478,-4.47864
2026/05/18 03:25:00.277,n,-4.909181,5.458916,4.985483,0.718368,OverRange,OverRange,OverRange,9.492758,11.347364,-4.486575,-4.52736
2026/05/18 03:26:00.279,n,-4.832842,6.02522,5.813934,0.326629,OverRange,OverRange,OverRange,9.487428,11.346272,-4.615071,-4.628807
2026/05/18 03:27:00.283,n,-4.727892,6.020034,5.708462,0.403446,OverRange,OverRange,OverRange,9.490454,11.34409,-4.55671,-4.578126
2026/05/18 03:28:00.268,n,-4.753937,5.565439,5.383576,0.707829,OverRange,OverRange,OverRange,9.47173,11.343016,-4.533161,-4.50782
2026/05/18 03:29:00.270,n,-4.961784,4.89813,5.471156,0.38768,OverRange,OverRange,OverRange,9.473256,11.343016,-4.603296,-4.515671
2026/05/18 03:30:00.274,n,-4.853242,4.664152,4.929468,0.517486,OverRange,OverRange,OverRange,9.49223,11.33867,-4.626845,-4.568399
2026/05/18 03:31:00.273,n,-5.000018,4.258051,4.83686,0.660956,OverRange,OverRange,OverRange,9.525198,11.33758,-4.533161,-4.609269
2026/05/18 03:32:00.274,n,-4.868124,4.03783,4.726095,0.725198,OverRange,OverRange,OverRange,9.512518,11.336506,-4.662168,-4.580003
2026/05/18 03:33:00.277,n,-5.008742,5.537398,5.126647,0.456744,OverRange,OverRange,OverRange,9.510494,11.345198,-4.579747,-4.572068
2026/05/18 03:34:00.279,n,-4.897506,4.184011,4.910738,0.674486,OverRange,OverRange,OverRange,9.487706,11.33758,-4.592034,-4.669677
2026/05/18 03:35:00.282,n,-5.03235,4.06777,5.006631,0.683527,OverRange,OverRange,OverRange,9.501628,11.335464,-5.024616,-4.72232
2026/05/18 03:36:00.283,n,-4.958961,5.104425,5.27028,0.650348,OverRange,OverRange,OverRange,9.523184,11.33758,-4.790663,-4.835542
2026/05/18 03:37:00.268,n,-4.944464,4.398243,4.871651,0.434831,OverRange,OverRange,OverRange,9.551052,11.331118,-4.860798,-4.849109
2026/05/18 03:38:00.271,n,-4.95306,4.532166,5.213665,0.564525,OverRange,OverRange,OverRange,9.522908,11.328938,-4.708754,-4.697065
2026/05/18 03:39:00.273,n,-4.967814,4.585028,5.10033,0.711819,OverRange,OverRange,OverRange,9.505418,11.33001,-4.69698,-4.62292
2026/05/18 03:40:00.276,n,-5.111127,5.542938,5.284124,0.405641,OverRange,OverRange,OverRange,9.534062,11.324624,-4.626845,-4.599627
2026/05/18 03:41:00.276,n,-4.844517,4.117464,5.017689,0.660528,OverRange,OverRange,OverRange,9.532284,11.319204,-4.743565,-4.675564
2026/05/18 03:42:00.279,n,-4.973717,5.588732,5.370221,0.518461,OverRange,OverRange,OverRange,9.507214,11.319204,-4.732303,-4.679489
2026/05/18 03:43:00.280,n,-4.78319,4.771782,4.863264,0.440829,OverRange,OverRange,OverRange,9.466904,11.315948,-4.603296,-4.654063
2026/05/18 03:44:00.266,n,-5.017596,4.526144,4.470817,0.25512,OverRange,OverRange,OverRange,9.493008,11.312708,-4.638619,-4.574201
2026/05/18 03:45:00.269,n,-5.129089,5.405976,4.744106,0.681327,OverRange,OverRange,OverRange,9.476538,11.31056,-4.649882,-4.677356
2026/05/18 03:46:00.270,n,-5.207994,3.977835,4.439456,0.775364,OverRange,OverRange,OverRange,9.449666,11.304082,-4.568485,-4.59758
2026/05/18 03:47:00.274,n,-5.105481,5.514418,5.358954,0.275578,OverRange,OverRange,OverRange,9.480078,11.304082,-4.825475,-4.671639
2026/05/18 03:48:00.260,n,-5.143587,4.443401,4.467807,0.528677,OverRange,OverRange,OverRange,9.47223,11.29648,-4.790663,-4.753548
2026/05/18 03:49:00.260,n,-5.058523,5.355752,5.085658,0.628093,OverRange,OverRange,OverRange,9.44484,11.299752,-4.638619,-4.648261
2026/05/18 03:50:00.262,n,-4.956139,4.772071,4.875499,0.594852,OverRange,OverRange,OverRange,9.399466,11.29648,-4.638619,-4.580003
2026/05/18 03:51:00.265,n,-4.876849,5.599999,5.065426,0.49838,OverRange,OverRange,OverRange,9.406312,11.294334,-4.732303,-4.66396
2026/05/18 03:52:00.517,n,-4.88583,4.356951,4.796355,0.540041,OverRange,OverRange,OverRange,9.410634,11.29106,-4.884347,-4.79254
2026/05/18 03:53:00.267,n,-4.920728,5.593703,5.573003,0.218128,OverRange,OverRange,OverRange,9.40681,11.289986,-4.802438,-4.808154
2026/05/18 03:54:00.269,n,-4.727379,4.771204,5.179055,0.653022,OverRange,OverRange,OverRange,9.412136,11.286748,-4.732303,-4.79254
2026/05/18 03:55:00.270,n,-4.847596,5.457129,4.874947,0.533763,OverRange,OverRange,OverRange,9.465138,11.284598,-4.884347,-4.813956
2026/05/18 03:56:00.256,n,-4.821038,4.584833,5.3729,0.650517,OverRange,OverRange,OverRange,9.405798,11.282434,-5.153111,-5.036049
2026/05/18 03:57:00.258,n,-4.771514,5.463262,4.712713,0.378007,OverRange,OverRange,OverRange,9.430888,11.280252,-4.732303,-4.934943
2026/05/18 03:58:00.260,n,-4.797944,5.083509,5.312171,0.511018,OverRange,OverRange,OverRange,9.438498,11.286748,-5.094751,-5.120177
2026/05/18 03:59:00.262,n,-4.733409,5.575214,5.197799,0.54799,OverRange,OverRange,OverRange,9.458782,11.278088,-4.89561,-4.93281
2026/05/18 04:00:00.263,n,-4.903151,5.687839,5.561171,0.082291,OverRange,OverRange,OverRange,9.449142,11.274864,-5.001067,-5.005078
2026/05/18 04:01:00.265,n,-4.871204,5.525824,5.267774,0.574631,OverRange,OverRange,OverRange,9.419998,11.274864,-5.082977,-5.04407
2026/05/18 04:02:00.267,n,-4.8186,5.550689,5.16675,0.554214,OverRange,OverRange,OverRange,9.424306,11.271594,-4.965744,-5.042022
2026/05/18 04:03:00.270,n,-4.827197,4.61908,5.048304,0.604336,OverRange,OverRange,OverRange,9.414684,11.269412,-5.106014,-5.065486
2026/05/18 04:04:00.271,n,-4.827068,5.939039,5.190607,0.777224,OverRange,OverRange,OverRange,9.417212,11.266172,-5.035879,-5.020521
2026/05/18 04:05:00.256,n,-4.867868,5.693855,5.28747,0.631081,OverRange,OverRange,OverRange,9.388566,11.265132,-4.930933,-5.042022
2026/05/18 04:06:00.259,n,-4.900328,4.403312,5.06294,0.696104,OverRange,OverRange,OverRange,9.415188,11.260818,-5.293893,-5.153282
2026/05/18 04:07:00.261,n,-4.912132,5.613697,5.484055,0.457845,OverRange,OverRange,OverRange,9.397446,11.258636,-5.129563,-5.098505
2026/05/18 04:08:00.263,n,-4.891475,4.114243,4.885394,0.750655,OverRange,OverRange,OverRange,9.429368,11.256456,-5.141337,-5.213605
2026/05/18 04:09:00.265,n,-5.131655,5.341192,4.824009,0.573328,OverRange,OverRange,OverRange,9.429372,11.247798,-5.094751,-5.083062
2026/05/18 04:10:00.271,n,-5.035044,4.59865,4.536208,0.089025,OverRange,OverRange,OverRange,9.415192,11.246692,-4.825475,-5.024445
2026/05/18 04:11:00.269,n,-5.237246,5.68348,5.252062,0.410803,OverRange,OverRange,OverRange,9.37767,11.23917,-4.919158,-4.864808
2026/05/18 04:12:00.271,n,-4.891604,4.594059,4.866656,0.389749,OverRange,OverRange,OverRange,9.400208,11.230464,-4.97803,-4.96216
2026/05/18 04:13:00.256,n,-5.067248,4.468725,5.19592,0.508491,OverRange,OverRange,OverRange,9.403,11.230464,-4.907896,-4.895951
2026/05/18 04:14:00.260,n,-4.985392,5.530198,5.163879,0.542195,OverRange,OverRange,OverRange,9.373608,11.22615,-4.907896,-4.843222
2026/05/18 04:15:00.261,n,-5.038124,4.367582,4.951727,0.578025,OverRange,OverRange,OverRange,9.360668,11.218596,-5.001067,-4.929056
2026/05/18 04:16:00.263,n,-5.035429,4.706062,5.101687,0.424726,OverRange,OverRange,OverRange,9.358644,11.214234,-5.024616,-4.952519
2026/05/18 04:17:00.264,n,-5.210817,4.850999,5.129472,0.371874,OverRange,OverRange,OverRange,9.320848,11.205576,-5.246795,-5.026493
2026/05/18 04:18:00.266,n,-5.120108,4.80294,4.689499,0.103968,OverRange,OverRange,OverRange,9.330746,11.20341,-5.106014,-5.039974
2026/05/18 04:19:00.269,n,-5.090855,4.715622,4.848959,0.326895,OverRange,OverRange,OverRange,9.316808,11.19695,-5.270344,-5.153197
2026/05/18 04:20:00.269,n,-5.05275,5.938981,5.259514,0.671189,OverRange,OverRange,OverRange,9.340384,11.189316,-5.223758,-5.254559
2026/05/18 04:21:00.274,n,-5.0761,5.20557,4.623999,0.321197,OverRange,OverRange,OverRange,9.330476,11.192588,-5.270344,-5.38331
2026/05/18 04:22:00.258,n,-5.096629,5.525671,5.293794,0.422598,OverRange,OverRange,OverRange,9.295232,11.180722,-5.141337,-5.155074
2026/05/18 04:23:00.259,n,-5.046976,4.804273,5.282699,0.515947,OverRange,OverRange,OverRange,9.287618,11.176394,-5.480748,-5.315053
2026/05/18 04:24:00.263,n,-5.240198,5.519477,4.944048,0.683935,OverRange,OverRange,OverRange,9.308422,11.17312,-5.23502,-5.227171
2026/05/18 04:25:00.265,n,-5.187466,3.990917,4.713147,0.730022,OverRange,OverRange,OverRange,9.290422,11.170956,-5.364028,-5.303364
2026/05/18 04:26:00.265,n,-5.284076,5.526401,4.756941,0.653092,OverRange,OverRange,OverRange,9.280284,11.163386,-5.164886,-5.248757
2026/05/18 04:27:00.267,n,-5.175662,4.525204,4.819297,0.654588,OverRange,OverRange,OverRange,9.244762,11.157968,-5.457199,-5.297391
2026/05/18 04:28:00.269,n,-5.161292,6.072069,5.315234,0.850908,OverRange,OverRange,OverRange,9.271672,11.157968,-5.270344,-5.367611
2026/05/18 04:29:00.272,n,-5.155134,5.370894,4.996737,0.575525,OverRange,OverRange,OverRange,9.270132,11.150368,-5.387065,-5.402678
2026/05/18 04:30:00.273,n,-5.035173,4.85221,4.871269,0.630019,OverRange,OverRange,OverRange,9.255666,11.143888,-5.328704,-5.367526
2026/05/18 04:31:00.259,n,-5.105482,4.973049,4.475937,0.386589,OverRange,OverRange,OverRange,9.240962,11.13847,-5.398839,-5.45336
2026/05/18 04:32:00.260,n,-5.325133,5.518678,5.272652,0.372461,OverRange,OverRange,OverRange,9.26683,11.1309,-5.410613,-5.467097
2026/05/18 04:33:00.262,n,-5.225571,5.556438,5.43783,0.126045,OverRange,OverRange,OverRange,9.262782,11.135246,-5.586206,-5.471192
2026/05/18 04:34:00.264,n,-5.199269,5.67275,5.437028,0.412567,OverRange,OverRange,OverRange,9.238684,11.1309,-5.387065,-5.459332
2026/05/18 04:35:00.267,n,-5.187594,4.901062,5.570206,0.416455,OverRange,OverRange,OverRange,9.249838,11.116822,-5.609755,-5.512147
2026/05/18 04:36:00.268,n,-5.25508,5.927041,5.051953,0.557946,OverRange,OverRange,OverRange,9.26024,11.1136,-4.954482,-5.235106
2026/05/18 04:37:00.270,n,-5.125881,5.516853,4.959891,0.623553,OverRange,OverRange,OverRange,9.218374,11.107088,-4.767114,-4.889978
2026/05/18 04:38:00.272,n,-5.169888,4.489448,4.501478,0.208412,OverRange,OverRange,OverRange,9.235642,11.107088,-4.860798,-4.90363
2026/05/18 04:39:00.275,n,-5.184771,4.931801,5.168234,0.553672,OverRange,OverRange,OverRange,9.21432,11.100562,-4.860798,-4.798428
2026/05/18 04:40:00.261,n,-5.111383,5.572803,4.811228,0.376263,OverRange,OverRange,OverRange,9.23258,11.096216,-4.954482,-4.884176
2026/05/18 04:41:00.262,n,-5.081874,4.579023,5.095608,0.470612,OverRange,OverRange,OverRange,9.238934,11.096216,-4.743565,-4.847146
2026/05/18 04:42:00.263,n,-5.331034,4.199997,4.638567,0.590888,OverRange,OverRange,OverRange,9.237158,11.08541,-4.919158,-4.860798
2026/05/18 04:43:00.266,n,-5.257903,5.597182,5.55504,0.08303,OverRange,OverRange,OverRange,9.242224,11.0865,-4.802438,-4.854911
2026/05/18 04:44:00.267,n,-5.076357,5.216712,5.050425,0.53285,OverRange,OverRange,OverRange,9.213298,11.084334,-4.989293,-4.876412
2026/05/18 04:45:00.270,n,-5.020546,4.509187,5.250256,0.802156,OverRange,OverRange,OverRange,9.206712,11.073526,-4.860798,-4.907725
2026/05/18 04:46:00.271,n,-5.067376,4.510761,4.732657,0.404613,OverRange,OverRange,OverRange,9.253642,11.07242,-5.024616,-5.012927
2026/05/18 04:47:00.273,n,-5.137813,5.599025,4.697246,0.465958,OverRange,OverRange,OverRange,9.264806,11.064868,-4.919158,-4.993303
2026/05/18 04:48:00.275,n,-5.187338,5.16304,5.322432,0.449945,OverRange,OverRange,OverRange,9.227006,11.062688,-5.200209,-5.116081
2026/05/18 04:49:00.262,n,-5.222749,5.538088,5.220953,0.530937,OverRange,OverRange,OverRange,9.204686,11.055072,-5.1183,-5.104478
2026/05/18 04:50:00.264,n,-5.252002,4.845539,5.424535,0.299953,OverRange,OverRange,OverRange,9.1925,11.053996,-5.094751,-5.057636
2026/05/18 04:51:00.264,n,-5.181692,6.211011,5.430874,0.541762,OverRange,OverRange,OverRange,9.208218,11.053996,-5.141337,-5.182377
2026/05/18 04:52:00.266,n,-5.023497,5.61469,4.99452,0.405852,OverRange,OverRange,OverRange,9.17423,11.045322,-5.129563,-5.096714
2026/05/18 04:53:00.268,n,-5.16976,4.819136,5.030762,0.592829,OverRange,OverRange,OverRange,9.148346,11.043158,-5.082977,-5.161047
2026/05/18 04:54:00.271,n,-5.243276,4.62662,4.503156,0.191637,OverRange,OverRange,OverRange,9.17247,11.032318,-5.387065,-5.240993
2026/05/18 04:55:00.272,n,-5.199141,5.584942,5.544926,0.567813,OverRange,OverRange,OverRange,9.197826,11.028036,-5.246795,-5.283739
2026/05/18 04:56:00.274,n,-5.029271,5.676243,5.566904,0.458451,OverRange,OverRange,OverRange,9.148112,11.025856,-5.340479,-5.260361
2026/05/18 04:57:00.277,n,-5.111512,5.529074,4.809059,0.689125,OverRange,OverRange,OverRange,9.150884,11.024782,-5.17666,-5.215567
2026/05/18 04:58:00.261,n,-5.337065,5.512341,4.511608,0.531091,OverRange,OverRange,OverRange,9.176518,11.015018,-4.474801,-4.847061
2026/05/18 04:59:00.264,n,-5.266627,5.488611,4.897703,0.508947,OverRange,OverRange,OverRange,9.158494,11.01391,-4.778889,-4.603466
2026/05/18 05:00:00.265,n,-5.205044,5.28844,5.043961,0.52487,OverRange,OverRange,OverRange,9.175752,11.016124,-4.603296,-4.73401
2026/05/18 05:01:00.267,n,-5.258032,6.045428,5.799421,0.260175,OverRange,OverRange,OverRange,9.217876,11.01391,-4.872573,-4.778804
2026/05/18 05:02:00.270,n,-5.029271,4.409138,5.494697,0.75997,OverRange,OverRange,OverRange,9.225724,11.008524,-5.035879,-4.860799
2026/05/18 05:03:00.271,n,-5.158213,4.104587,4.694808,0.462461,OverRange,OverRange,OverRange,9.208736,11.012852,-4.965744,-4.981529
2026/05/18 05:04:00.275,n,-5.289978,5.529742,5.22354,0.701017,OverRange,OverRange,OverRange,9.179048,11.007432,-4.720017,-4.87445
2026/05/18 05:05:00.274,n,-5.178741,4.686654,4.695768,0.258451,OverRange,OverRange,OverRange,9.172704,11.004178,-4.930933,-4.923168
2026/05/18 05:06:00.276,n,-5.336937,4.321624,5.29655,0.586843,OverRange,OverRange,OverRange,9.177282,11.011744,-4.732303,-4.794503
2026/05/18 05:07:00.263,n,-5.275481,4.545503,4.580256,0.269189,OverRange,OverRange,OverRange,9.227524,11.005284,-4.767114,-4.745699
2026/05/18 05:08:00.264,n,-5.498083,4.124552,4.362949,0.32016,OverRange,OverRange,OverRange,9.18869,11.003104,-4.685205,-4.736057
2026/05/18 05:09:00.268,n,-5.580067,5.435694,4.582978,0.699753,OverRange,OverRange,OverRange,9.207226,10.997684,-4.89561,-4.847061
2026/05/18 05:10:00.268,n,-5.240197,4.057389,5.488498,0.756365,OverRange,OverRange,OverRange,9.179556,11.002012,-4.837249,-4.866514
2026/05/18 05:11:00.271,n,-5.322438,5.695727,5.015957,0.511038,OverRange,OverRange,OverRange,9.183636,10.996594,-4.849024,-4.780851
2026/05/18 05:12:00.273,n,-5.137557,4.707976,5.156909,0.734579,OverRange,OverRange,OverRange,9.11967,10.996594,-4.685205,-4.788615
2026/05/18 05:13:00.274,n,-5.269578,5.379868,4.990461,0.591438,OverRange,OverRange,OverRange,9.12856,10.994412,-4.814212,-4.773001
2026/05/18 05:14:00.277,n,-5.269706,5.60404,4.755335,0.664848,OverRange,OverRange,OverRange,9.089982,10.99552,-4.907896,-4.87445
2026/05/18 05:15:00.280,n,-5.231473,4.589301,5.266662,0.588702,OverRange,OverRange,OverRange,9.088446,10.988992,-5.164886,-4.970011
2026/05/18 05:16:00.265,n,-5.307555,5.07271,5.466053,0.538825,OverRange,OverRange,OverRange,9.120438,10.986828,-5.1183,-5.003115
2026/05/18 05:17:00.267,n,-5.381072,4.218686,4.406521,0.338562,OverRange,OverRange,OverRange,9.104182,10.985786,-4.954482,-4.997228
2026/05/18 05:18:00.268,n,-5.32231,5.851307,5.61595,0.22186,OverRange,OverRange,OverRange,9.105714,10.98144,-5.129563,-5.110365
2026/05/18 05:19:00.271,n,-5.166938,5.328811,5.317261,0.547263,OverRange,OverRange,OverRange,9.091508,10.982498,-5.071202,-5.080929
2026/05/18 05:20:00.272,n,-5.170017,4.073973,5.146264,0.772302,OverRange,OverRange,OverRange,9.112814,10.980366,-5.106014,-5.010794
2026/05/18 05:21:00.274,n,-5.164115,4.521637,5.03254,0.867844,OverRange,OverRange,OverRange,9.1311,10.978154,-5.024616,-4.983577
2026/05/18 05:22:00.276,n,-5.28985,5.731751,4.688862,0.573288,OverRange,OverRange,OverRange,9.16712,10.978154,-5.059428,-5.016511
2026/05/18 05:23:00.280,n,-5.213896,5.603104,5.572628,0.041963,OverRange,OverRange,OverRange,9.132864,10.977112,-5.106014,-5.125808
2026/05/18 05:24:00.280,n,-5.199141,4.590474,4.935398,0.646222,OverRange,OverRange,OverRange,9.097326,10.977112,-5.200209,-5.11028
2026/05/18 05:25:00.265,n,-5.29588,5.401756,4.580176,0.419135,OverRange,OverRange,OverRange,9.137944,10.974946,-4.965744,-5.07325
2026/05/18 05:26:00.266,n,-5.199398,6.005783,5.24697,0.692048,OverRange,OverRange,OverRange,9.154186,10.98144,-5.223758,-5.133658
2026/05/18 05:27:00.270,n,-5.129089,5.636812,4.83645,0.690424,OverRange,OverRange,OverRange,9.100648,10.980366,-5.094751,-5.159084
2026/05/18 05:28:00.273,n,-5.219669,4.366059,4.897599,0.641563,OverRange,OverRange,OverRange,9.057734,10.977112,-5.223758,-5.147395
2026/05/18 05:29:00.273,n,-5.287028,5.650013,5.141042,0.653916,OverRange,OverRange,OverRange,9.119156,10.972766,-5.035879,-5.160961
2026/05/18 05:30:00.275,n,-5.375042,5.595226,5.25684,0.489449,OverRange,OverRange,OverRange,9.047842,10.96842,-5.410613,-5.20968
2026/05/18 05:31:00.278,n,-5.342709,5.49286,5.178476,0.62276,OverRange,OverRange,OverRange,9.068406,10.96624,-5.293893,-5.256607
2026/05/18 05:32:00.279,n,-5.395699,4.448269,4.325755,0.246134,OverRange,OverRange,OverRange,9.052664,10.961926,-5.17666,-5.248757
2026/05/18 05:33:00.281,n,-5.37517,4.359384,4.763953,0.69096,OverRange,OverRange,OverRange,9.087438,10.960854,-5.141337,-5.198076
2026/05/18 05:34:00.267,n,-5.216718,5.43554,5.226309,0.573477,OverRange,OverRange,OverRange,9.08845,10.954342,-5.468974,-5.32094
2026/05/18 05:35:00.268,n,-5.163987,5.655376,5.862043,0.279896,OverRange,OverRange,OverRange,9.027792,10.950014,-5.270344,-5.422217
2026/05/18 05:36:00.269,n,-5.207994,5.566709,5.588271,0.169019,OverRange,OverRange,OverRange,9.009766,10.948922,-5.457199,-5.468974
2026/05/18 05:37:00.272,n,-5.263677,5.770735,5.515834,0.163718,OverRange,OverRange,OverRange,8.981828,10.94461,-5.048165,-5.229218
2026/05/18 05:38:00.274,n,-5.084953,4.473244,4.607013,0.092315,OverRange,OverRange,OverRange,8.996324,10.93919,-4.97803,-5.11429
2026/05/18 05:39:00.276,n,-5.187594,4.501706,4.71638,0.416872,OverRange,OverRange,OverRange,9.024502,10.938116,-4.930933,-5.059513
2026/05/18 05:40:00.277,n,-5.275224,4.307147,5.008959,0.783847,OverRange,OverRange,OverRange,9.054952,10.94028,-4.989293,-4.979737
2026/05/18 05:41:00.280,n,-5.160908,5.638553,5.58778,0.062427,OverRange,OverRange,OverRange,9.094534,10.93701,-5.17666,-5.080929
2026/05/18 05:42:00.282,n,-5.014644,5.405212,5.257591,0.492618,OverRange,OverRange,OverRange,9.121968,10.941322,-5.188435,-5.145347
2026/05/18 05:43:00.267,n,-5.213896,5.803492,5.365228,0.404647,OverRange,OverRange,OverRange,9.093532,10.943502,-5.364028,-5.315138
2026/05/18 05:44:00.270,n,-5.058395,5.603239,5.51141,0.581798,OverRange,OverRange,OverRange,9.086162,10.930484,-5.17666,-5.237068
2026/05/18 05:45:00.270,n,-5.137813,4.387993,5.094809,0.687482,OverRange,OverRange,OverRange,9.080334,10.934828,-5.445425,-5.350035
2026/05/18 05:46:00.272,n,-5.137686,4.319124,4.868099,0.581236,OverRange,OverRange,OverRange,9.085156,10.935934,-5.328704,-5.365649
2026/05/18 05:47:00.275,n,-5.090855,5.434437,4.986214,0.647663,OverRange,OverRange,OverRange,9.094544,10.934828,-5.421876,-5.289456
2026/05/18 05:48:00.276,n,-5.108433,5.623457,5.089228,0.623957,OverRange,OverRange,OverRange,9.099884,10.934828,-5.398839,-5.432029
2026/05/18 05:49:00.279,n,-5.175791,5.619544,5.509971,0.240245,OverRange,OverRange,OverRange,9.092764,10.93701,-5.340479,-5.377337
2026/05/18 05:50:00.281,n,-5.149361,5.523818,5.319714,0.688948,OverRange,OverRange,OverRange,9.07043,10.93377,-5.293893,-5.248672
2026/05/18 05:51:00.283,n,-5.304733,4.117482,5.050099,0.699055,OverRange,OverRange,OverRange,9.037186,10.935934,-5.387065,-5.320854
2026/05/18 05:52:00.268,n,-5.36914,4.779321,4.853703,0.614822,OverRange,OverRange,OverRange,9.060278,10.92941,-5.31693,-5.429981
2026/05/18 05:53:00.271,n,-5.345661,5.523101,4.863516,0.514022,OverRange,OverRange,OverRange,9.099122,10.92941,-5.421876,-5.422217
2026/05/18 05:54:00.275,n,-5.09958,4.826253,5.206486,0.660752,OverRange,OverRange,OverRange,9.064336,10.925064,-5.457199,-5.469145
2026/05/18 05:55:00.274,n,-5.178741,4.476671,5.059427,0.589028,OverRange,OverRange,OverRange,9.109528,10.925064,-5.621018,-5.45737
2026/05/18 05:56:00.276,n,-5.175919,5.039507,5.196394,0.618625,OverRange,OverRange,OverRange,9.101156,10.924004,-5.67989,-5.529467
2026/05/18 05:57:00.278,n,-5.014388,5.104853,5.318196,0.671496,OverRange,OverRange,OverRange,9.079062,10.928318,-5.504297,-5.52759
2026/05/18 05:58:00.281,n,-5.164115,4.956177,5.067076,0.521858,OverRange,OverRange,OverRange,9.077282,10.919644,-5.37529,-5.508137
2026/05/18 05:59:00.284,n,-5.12601,5.485572,5.401068,0.51839,OverRange,OverRange,OverRange,9.087682,10.918586,-5.305156,-5.373499
2026/05/18 06:00:00.288,n,-5.10253,4.170121,4.838432,0.734793,OverRange,OverRange,OverRange,9.08313,10.924004,-5.53962,-5.432029
2026/05/18 06:01:00.269,n,-5.333857,5.192461,5.101586,0.802357,OverRange,OverRange,OverRange,9.089726,10.919644,-5.293893,-5.445766
2026/05/18 06:02:00.271,n,-5.243149,4.30678,4.265731,0.30331,OverRange,OverRange,OverRange,9.111806,10.921824,-5.434162,-5.412491
2026/05/18 06:03:00.257,n,-5.31936,5.374895,4.802554,0.599479,OverRange,OverRange,OverRange,9.140732,10.922898,-5.37529,-5.367611
2026/05/18 06:04:00.259,n,-5.290107,3.803326,4.504692,0.754221,OverRange,OverRange,OverRange,9.118664,10.920718,-5.516072,-5.455408
2026/05/18 06:05:00.263,n,-5.407374,5.292537,4.549124,0.702075,OverRange,OverRange,OverRange,9.124502,10.924004,-5.258569,-5.35396
2026/05/18 06:06:00.264,n,-5.043897,4.050594,4.943077,0.751833,OverRange,OverRange,OverRange,9.084138,10.921824,-5.434162,-5.404726
2026/05/18 06:07:00.265,n,-5.211073,4.278769,4.886485,0.63176,OverRange,OverRange,OverRange,9.098094,10.918586,-5.398839,-5.402678
2026/05/18 06:08:00.269,n,-5.22865,5.967849,4.928246,0.712571,OverRange,OverRange,OverRange,9.113322,10.916438,-5.468974,-5.453445
2026/05/18 06:09:00.270,n,-5.178742,4.456339,5.024384,0.579214,OverRange,OverRange,OverRange,9.107738,10.918586,-5.340479,-5.406689
2026/05/18 06:10:00.273,n,-5.131783,4.398874,5.084551,0.92704,OverRange,OverRange,OverRange,9.12703,10.918586,-5.398839,-5.283825
2026/05/18 06:11:00.258,n,-5.093677,4.549998,4.883224,0.621845,OverRange,OverRange,OverRange,9.09253,10.921824,-5.293893,-5.260446
2026/05/18 06:12:00.261,n,-5.146538,5.895296,5.43655,0.672352,OverRange,OverRange,OverRange,9.118896,10.922898,-5.468974,-5.363857
2026/05/18 06:13:00.262,n,-5.152439,5.628666,5.648978,0.087172,OverRange,OverRange,OverRange,9.078054,10.917544,-5.457199,-5.422132
2026/05/18 06:14:00.263,n,-5.014901,4.708461,5.150306,0.677754,OverRange,OverRange,OverRange,9.069428,10.917544,-5.31693,-5.365649
2026/05/18 06:15:00.264,n,-5.357336,5.957912,5.090333,0.720999,OverRange,OverRange,OverRange,9.08872,10.910986,-5.562657,-5.365649
2026/05/18 06:16:00.267,n,-5.093678,4.184415,4.956998,0.773222,OverRange,OverRange,OverRange,9.050354,10.914256,-5.281606,-5.408566
2026/05/18 06:17:00.269,n,-5.401343,4.496613,4.851696,0.721834,OverRange,OverRange,OverRange,9.075008,10.908838,-5.37529,-5.367526
2026/05/18 06:18:00.271,n,-5.495131,4.437633,4.236068,0.274782,OverRange,OverRange,OverRange,9.054184,10.90664,-5.410613,-5.365734
2026/05/18 06:19:00.256,n,-5.533108,5.457617,4.956368,0.500442,OverRange,OverRange,OverRange,9.038438,10.903418,-5.492522,-5.455493
2026/05/18 06:20:00.258,n,-5.213896,4.201829,5.445846,0.648212,OverRange,OverRange,OverRange,9.03007,10.908838,-5.305156,-5.408566
2026/05/18 06:21:00.261,n,-5.258032,5.68399,5.715362,0.201776,OverRange,OverRange,OverRange,9.02348,10.896874,-5.644566,-5.44952
2026/05/18 06:22:00.261,n,-5.275352,4.43793,4.696563,0.47364,OverRange,OverRange,OverRange,9.031098,10.897982,-5.421876,-5.45336
2026/05/18 06:23:00.265,n,-5.281254,5.768611,5.62713,0.637799,OverRange,OverRange,OverRange,9.063086,10.899074,-5.632792,-5.519741
2026/05/18 06:24:00.265,n,-5.228522,5.540529,5.321736,0.432953,OverRange,OverRange,OverRange,9.034144,10.89152,-5.434162,-5.506174
2026/05/18 06:25:00.270,n,-5.307684,4.532234,4.675531,0.706228,OverRange,OverRange,OverRange,8.978282,10.888232,-5.480748,-5.478786
2026/05/18 06:26:00.270,n,-5.49526,5.403071,4.79108,0.418374,OverRange,OverRange,OverRange,9.007768,10.888232,-5.364028,-5.393037
2026/05/18 06:27:00.272,n,-5.36311,5.520594,5.453666,0.440981,OverRange,OverRange,OverRange,8.959504,10.884994,-5.434162,-5.45336
2026/05/18 06:28:00.259,n,-5.266628,5.749469,5.366322,0.602834,OverRange,OverRange,OverRange,8.951376,10.884994,-5.387065,-5.457285
2026/05/18 06:29:00.260,n,-5.363367,4.632162,5.183847,0.677383,OverRange,OverRange,OverRange,8.93512,10.878468,-5.67989,-5.551054
2026/05/18 06:30:00.264,n,-5.49526,4.50072,4.736052,0.655615,OverRange,OverRange,OverRange,8.989446,10.877394,-5.37529,-5.476824
2026/05/18 06:31:00.263,n,-5.325261,5.666774,5.263879,0.609443,OverRange,OverRange,OverRange,9.023718,10.86763,-5.574432,-5.533478
2026/05/18 06:32:00.267,n,-5.319616,4.609962,4.908663,0.582456,OverRange,OverRange,OverRange,9.010524,10.866538,-5.562657,-5.521703
2026/05/18 06:33:00.268,n,-5.287156,4.512694,5.044698,0.771367,OverRange,OverRange,OverRange,9.001898,10.866538,-5.492522,-5.500202
2026/05/18 06:34:00.269,n,-5.275352,4.431667,4.667248,0.495062,OverRange,OverRange,OverRange,9.002666,10.866538,-5.609755,-5.51974
2026/05/18 06:35:00.273,n,-5.293057,6.072705,4.669532,0.692304,OverRange,OverRange,OverRange,9.023998,10.86763,-5.258569,-5.394914
2026/05/18 06:36:00.273,n,-5.263805,5.678315,5.032971,0.657542,OverRange,OverRange,OverRange,9.006206,10.85897,-5.504297,-5.441756
2026/05/18 06:37:00.258,n,-5.202092,4.317191,4.963651,0.548371,OverRange,OverRange,OverRange,8.989452,10.85897,-5.597469,-5.552931
2026/05/18 06:38:00.262,n,-5.184387,5.555802,5.33499,0.610298,OverRange,OverRange,OverRange,8.99379,10.856806,-5.750025,-5.578271
2026/05/18 06:39:00.263,n,-5.129089,5.674122,5.019306,0.675621,OverRange,OverRange,OverRange,8.945012,10.85897,-5.480748,-5.533306
2026/05/18 06:40:00.264,n,-5.079052,4.500064,5.046694,0.61897,OverRange,OverRange,OverRange,8.944768,10.85897,-5.445425,-5.390989
2026/05/18 06:41:00.266,n,-5.272529,4.747791,4.911251,0.56809,OverRange,OverRange,OverRange,8.958736,10.86439,-5.516072,-5.445681
2026/05/18 06:42:00.269,n,-5.140764,4.677534,4.916897,0.552977,OverRange,OverRange,OverRange,9.10521,10.86763,-5.516072,-5.543204
2026/05/18 06:43:00.271,n,-5.231473,5.276003,4.959533,0.374295,OverRange,OverRange,OverRange,9.107754,10.857898,-5.691152,-5.601734
2026/05/18 06:44:00.271,n,-5.228522,3.954838,4.374633,0.237996,OverRange,OverRange,OverRange,9.093796,10.85897,-5.632792,-5.595848
2026/05/18 06:45:00.276,n,-5.357593,4.06652,4.631273,0.794201,OverRange,OverRange,OverRange,9.081334,10.882976,-5.364028,-5.510099
2026/05/18 06:46:00.259,n,-4.868638,4.765652,5.104794,0.692802,OverRange,OverRange,OverRange,9.124706,10.880796,-5.411125,-5.307715
2026/05/18 06:47:00.262,n,-4.666307,4.421731,5.219708,0.532446,OverRange,OverRange,OverRange,9.07901,10.877558,-5.270856,-5.280327
2026/05/18 06:48:00.263,n,-4.874539,5.014072,4.783139,0.425731,OverRange,OverRange,OverRange,9.10491,10.880796,-5.305667,-5.303875
2026/05/18 06:49:00.267,n,-4.977052,4.54924,4.31084,0.259667,OverRange,OverRange,OverRange,9.11557,10.881902,-5.270856,-5.368123
2026/05/18 06:50:00.268,n,-4.956652,3.981786,4.282742,0.267933,OverRange,OverRange,OverRange,9.167592,10.882976,-5.05994,-5.204304
2026/05/18 06:51:00.271,n,-4.997452,4.885559,4.860913,0.517091,OverRange,OverRange,OverRange,9.146282,10.878664,-5.305667,-5.180926
2026/05/18 06:52:00.272,n,-4.757272,4.432457,4.994009,0.579327,OverRange,OverRange,OverRange,9.123184,10.884082,-4.954993,-5.075639
2026/05/18 06:53:00.274,n,-4.798457,5.426106,5.740213,0.279306,OverRange,OverRange,OverRange,9.112286,10.878664,-5.200721,-5.001665
2026/05/18 06:54:00.276,n,-4.771899,6.070646,5.256178,0.789291,OverRange,OverRange,OverRange,9.104916,10.884082,-4.966256,-4.983832
2026/05/18 06:55:00.261,n,-4.672466,4.533807,5.184149,0.714927,OverRange,OverRange,OverRange,9.061254,10.880796,-5.012842,-5.079479
2026/05/18 06:56:00.266,n,-4.710442,4.279679,4.962144,0.708228,OverRange,OverRange,OverRange,9.078262,10.880796,-4.767627,-4.82411
2026/05/18 06:57:00.265,n,-4.575598,4.361946,4.347428,0.220912,OverRange,OverRange,OverRange,9.077246,10.877558,-4.720528,-4.825986
2026/05/18 06:58:00.268,n,-4.408679,4.599725,5.088538,0.735359,OverRange,OverRange,OverRange,9.067342,10.879704,-4.55671,-4.656452
2026/05/18 06:59:00.270,n,-4.379426,4.705511,4.937779,0.492965,OverRange,OverRange,OverRange,9.060238,10.877558,-4.393404,-4.516097
2026/05/18 07:00:00.272,n,-4.256386,5.394021,4.893849,0.612627,OverRange,OverRange,OverRange,9.084606,10.880796,-4.171225,-4.297843
2026/05/18 07:01:00.273,n,-3.963474,4.613132,5.061722,0.553492,OverRange,OverRange,OverRange,9.120408,10.879704,-4.10109,-4.147761
2026/05/18 07:02:00.276,n,-3.899067,4.571215,4.927781,0.555674,OverRange,OverRange,OverRange,9.14855,10.884082,-3.808777,-3.870891
2026/05/18 07:03:00.280,n,-3.723423,4.055732,4.881954,0.721276,OverRange,OverRange,OverRange,9.162506,10.880796,-3.738642,-3.791115
2026/05/18 07:04:00.265,n,-3.512496,5.167879,5.544245,0.634832,OverRange,OverRange,OverRange,9.124208,10.878664,-3.457591,-3.615608
2026/05/18 07:05:00.267,n,-3.483244,4.524158,5.078904,0.492665,OverRange,OverRange,OverRange,9.112518,10.877558,-3.551787,-3.454008
2026/05/18 07:06:00.267,n,-3.465666,4.605973,4.610324,0.747702,OverRange,OverRange,OverRange,9.112788,10.881902,-3.10743,-3.282425
2026/05/18 07:07:00.273,n,-3.047149,4.402713,5.262844,0.564642,OverRange,OverRange,OverRange,9.116078,10.880796,-3.013746,-3.017586
2026/05/18 07:08:00.272,n,-2.768735,6.046958,5.26673,0.8827,OverRange,OverRange,OverRange,9.134106,10.876482,-2.499766,-2.655393
2026/05/18 07:09:00.273,n,-2.341365,4.501048,5.000337,0.676894,OverRange,OverRange,OverRange,9.120148,10.875376,-2.394308,-2.585173
2026/05/18 07:10:00.275,n,-2.341365,4.800802,4.980769,0.557015,OverRange,OverRange,OverRange,9.090434,10.877558,-2.03186,-2.185951
2026/05/18 07:11:00.279,n,-2.098363,5.550432,4.747991,0.617805,OverRange,OverRange,OverRange,9.069906,10.877558,-1.529654,-1.718557
2026/05/18 07:12:00.279,n,-1.586057,5.64535,5.891439,0.210184,OverRange,OverRange,OverRange,9.068858,10.880796,-1.424708,-1.490832
2026/05/18 07:13:00.265,n,-1.205644,5.604967,5.037661,0.692742,OverRange,OverRange,OverRange,9.145264,10.875376,-0.805782,-1.136575
2026/05/18 07:14:00.267,n,-0.98022,4.238253,4.704843,0.63014,OverRange,OverRange,OverRange,9.141194,10.876482,-0.385485,-0.657748
2026/05/18 07:15:00.269,n,-0.573762,5.260957,4.772735,0.583419,OverRange,OverRange,OverRange,9.144238,10.879704,0.314838,-0.011774
2026/05/18 07:16:00.270,n,0.017449,4.522555,4.957735,0.465037,OverRange,OverRange,OverRange,9.127748,10.877558,0.653738,0.453145
2026/05/18 07:17:00.276,n,0.494215,4.44363,5.049243,0.564366,OverRange,OverRange,OverRange,9.14122,10.879704,1.58699,1.197922
2026/05/18 07:18:00.278,n,0.991382,5.624281,5.190748,0.524678,OverRange,OverRange,OverRange,9.171642,10.887322,2.881155,2.156345
2026/05/18 07:19:00.276,n,1.862674,4.279769,5.019183,0.698614,OverRange,OverRange,OverRange,9.124202,10.881902,9.279286,6.025018
2026/05/18 07:20:00.279,n,3.134393,4.786959,5.33473,0.53551,OverRange,OverRange,OverRange,9.146256,10.88514,15.3764,13.086784
2026/05/18 07:21:00.282,n,4.145533,4.609011,5.602478,0.538227,OverRange,OverRange,OverRange,9.094758,10.888428,18.064558,16.879946
2026/05/18 07:22:00.266,n,5.226726,4.821675,5.03898,0.479159,OverRange,OverRange,OverRange,9.10669,10.890594,24.846638,21.801834
2026/05/18 07:23:00.268,n,6.529494,4.665744,4.94293,0.350489,OverRange,OverRange,OverRange,9.092712,10.891668,29.336284,28.363698
2026/05/18 07:24:00.269,n,7.796339,4.046152,4.787862,0.689384,OverRange,OverRange,OverRange,9.102642,10.892774,22.468198,25.912566
2026/05/18 07:25:00.271,n,9.229204,4.565982,4.803747,0.502399,OverRange,OverRange,OverRange,9.079266,10.895948,12.020684,16.292162
2026/05/18 07:26:00.273,n,10.829118,4.617511,4.975832,0.661687,OverRange,OverRange,OverRange,9.124196,10.897086,8.496542,9.064786
2026/05/18 07:27:00.275,n,12.305092,6.117315,5.367018,0.725451,OverRange,OverRange,OverRange,9.12673,10.902506,18.762322,13.259816
2026/05/18 07:28:00.278,n,13.938236,5.634782,4.929103,0.502384,OverRange,OverRange,OverRange,9.118866,10.904686,40.29266,30.874812
2026/05/18 07:29:00.281,n,15.728416,5.649309,5.670822,0.034895,OverRange,OverRange,OverRange,9.105932,10.910074,64.342216,54.576
2026/05/18 07:30:00.281,n,17.581726,4.786926,5.204627,0.617267,OverRange,OverRange,OverRange,9.104402,10.923078,78.999864,74.285744
2026/05/18 07:31:00.268,n,19.36139,4.785831,5.185124,0.394245,OverRange,OverRange,OverRange,9.091208,10.92957,85.259264,82.797032
2026/05/18 07:32:00.271,n,21.324008,4.302298,5.357924,0.663476,OverRange,OverRange,OverRange,9.122426,10.937188,91.005704,88.573264
2026/05/18 07:33:00.271,n,23.364122,5.228934,4.758235,0.560094,OverRange,OverRange,OverRange,9.172918,10.953448,89.756592,92.274784
2026/05/18 07:34:00.273,n,25.403082,6.040977,5.092894,0.716896,OverRange,OverRange,OverRange,9.251054,10.962122,66.418616,76.340128
2026/05/18 07:35:00.275,n,27.668496,4.018893,5.451951,0.733188,OverRange,OverRange,OverRange,9.277196,10.979406,64.400072,63.037304
2026/05/18 07:36:00.277,n,29.809966,4.440103,4.779018,0.608021,OverRange,OverRange,OverRange,9.321072,10.993532,91.26884,77.833592
2026/05/18 07:37:00.279,n,31.789648,5.482212,4.954806,0.588583,OverRange,OverRange,OverRange,9.351772,11.02169,116.35352,108.3103
2026/05/18 07:38:00.280,n,34.010284,5.599703,5.32169,0.350933,OverRange,OverRange,OverRange,9.329448,11.034678,122.6375,120.2002
2026/05/18 07:39:00.282,n,36.557696,5.420861,4.60968,0.43743,OverRange,OverRange,OverRange,9.340602,11.05219,128.6225,126.24748
2026/05/18 07:40:00.271,n,38.848124,5.591209,5.552283,0.601484,OverRange,OverRange,OverRange,9.308838,11.070616,133.84626,131.80416
2026/05/18 07:41:00.270,n,41.105196,3.891801,4.932411,0.770304,OverRange,OverRange,OverRange,9.299474,11.098788,139.05568,137.02554
2026/05/18 07:42:00.272,n,43.331604,4.224193,4.704022,0.648226,OverRange,OverRange,OverRange,9.358552,11.118286,144.92294,142.4916
2026/05/18 07:43:00.273,n,45.699144,4.510854,5.180755,0.841461,OverRange,OverRange,OverRange,9.36108,11.151848,149.77862,147.8343
2026/05/18 07:44:00.275,n,48.03332,4.434264,4.792033,0.701291,OverRange,OverRange,OverRange,9.369202,11.176734,155.15338,152.81694
2026/05/18 07:45:00.277,n,50.479124,5.600786,5.515914,0.533875,OverRange,OverRange,OverRange,9.372234,11.203802,161.18394,158.65466
2026/05/18 07:46:00.279,n,52.923512,5.569192,4.952957,0.771638,OverRange,OverRange,OverRange,9.379086,11.231976,166.90428,164.46646
2026/05/18 07:47:00.284,n,55.461568,5.678177,5.684695,0.173887,OverRange,OverRange,OverRange,9.397096,11.26549,172.37376,170.184
2026/05/18 07:48:00.284,n,57.748532,6.064092,4.967818,0.86894,OverRange,OverRange,OverRange,9.470098,11.29474,176.94378,174.91584
2026/05/18 07:49:00.270,n,60.057436,4.690696,4.85434,0.581866,OverRange,OverRange,OverRange,9.542842,11.336896,181.79742,179.72674
2026/05/18 07:50:00.273,n,62.277424,5.33763,4.959744,0.529826,OverRange,OverRange,OverRange,9.61176,11.367188,187.15274,185.07122
2026/05/18 07:51:00.256,n,64.768388,5.683416,5.038395,0.598445,OverRange,OverRange,OverRange,9.651774,11.390886,191.72378,189.98246
2026/05/18 07:52:00.275,n,67.24588,4.664022,4.986773,0.448209,OverRange,OverRange,OverRange,9.686478,11.430898,197.75744,195.1226
2026/05/18 07:53:00.260,n,69.635624,5.531971,5.473897,0.248752,OverRange,OverRange,OverRange,9.748806,11.465502,203.0416,200.9024
2026/05/18 07:54:00.264,n,72.01252,5.609626,5.281544,0.516819,OverRange,OverRange,OverRange,9.801474,11.50981,207.56554,205.6859
2026/05/18 07:55:00.267,n,74.6486,4.077139,5.12518,0.583137,OverRange,OverRange,OverRange,9.821858,11.551972,212.98228,210.85462
2026/05/18 07:56:00.267,n,77.314688,5.583106,4.604353,0.525949,OverRange,OverRange,OverRange,9.9115,11.597662,218.38726,216.22616
2026/05/18 07:57:00.270,n,79.850424,4.438549,4.650903,0.354459,OverRange,OverRange,OverRange,9.938746,11.637626,223.02794,221.21246
2026/05/18 07:58:00.272,n,82.165232,5.544546,5.137046,0.69119,OverRange,OverRange,OverRange,10.00063,11.68407,227.664,225.90996
2026/05/18 07:59:00.258,n,84.54252,5.467712,5.513186,0.084034,OverRange,OverRange,OverRange,10.052044,11.732662,232.31234,230.19618
2026/05/18 08:00:00.260,n,86.799464,5.12391,5.442511,0.503894,OverRange,OverRange,OverRange,10.107514,11.778016,235.17048,234.30476
2026/05/18 08:01:00.261,n,88.659576,4.63679,4.976684,0.549305,OverRange,OverRange,OverRange,10.181036,11.82337,238.29838,237.37484
2026/05/18 08:02:00.264,n,90.867504,4.539395,5.063424,0.62573,OverRange,OverRange,OverRange,10.256074,11.877366,244.37348,241.54426
2026/05/18 08:03:00.265,n,93.587488,5.670068,5.059111,0.693075,OverRange,OverRange,OverRange,10.332342,11.916308,248.46586,246.94584
2026/05/18 08:04:00.266,n,95.219096,4.524734,5.162387,0.562495,OverRange,OverRange,OverRange,10.377758,11.963844,252.22652,250.2491
2026/05/18 08:05:00.268,n,98.148072,4.554722,5.330429,0.493145,OverRange,OverRange,OverRange,10.399624,12.01342,257.70624,255.88054
2026/05/18 08:06:00.270,n,100.8415,5.123189,5.020475,0.488784,OverRange,OverRange,OverRange,10.438004,12.065206,264.17246,261.17808
2026/05/18 08:07:00.273,n,104.05814,4.469424,4.846564,0.517371,OverRange,OverRange,OverRange,10.508902,12.12554,270.09244,267.89846
2026/05/18 08:08:00.259,n,106.46122,4.122636,4.756393,0.55115,OverRange,OverRange,OverRange,10.445328,12.179446,273.87766,271.86204
2026/05/18 08:09:00.260,n,109.81398,4.058354,4.928748,0.726556,OverRange,OverRange,OverRange,10.286694,12.234428,280.58808,278.56884
2026/05/18 08:10:00.261,n,112.72562,4.560716,5.147312,0.592175,OverRange,OverRange,OverRange,10.308314,12.283972,285.37106,283.61856
2026/05/18 08:11:00.263,n,114.89866,5.640085,5.061895,0.614092,OverRange,OverRange,OverRange,10.573934,12.319694,288.85372,287.37246
2026/05/18 08:12:00.265,n,117.26082,4.539561,5.069003,0.863211,OverRange,OverRange,OverRange,10.70363,12.361684,294.39132,292.29282
2026/05/18 08:13:00.268,n,119.78412,5.831033,5.380609,0.620706,OverRange,OverRange,OverRange,10.456696,12.414422,299.81064,297.3758
2026/05/18 08:14:00.270,n,122.4121,4.243588,4.929669,0.876805,OverRange,OverRange,OverRange,10.47221,12.46501,303.3834,301.70322
2026/05/18 08:15:00.273,n,125.13132,4.594348,4.925929,0.570968,OverRange,OverRange,OverRange,10.594676,12.513434,309.48922,306.79748
2026/05/18 08:16:00.257,n,128.24224,4.865693,5.160304,0.346302,OverRange,OverRange,OverRange,10.552252,12.564008,314.69764,312.67974
2026/05/18 08:17:00.262,n,131.23394,4.36888,4.955443,0.621428,OverRange,OverRange,OverRange,10.614746,12.615688,320.24286,317.87988
2026/05/18 08:18:00.260,n,134.44418,4.475023,4.914565,0.610908,OverRange,OverRange,OverRange,10.709488,12.65866,325.96984,323.613
2026/05/18 08:19:00.263,n,136.88316,4.381363,4.859598,0.593601,OverRange,OverRange,OverRange,10.663738,12.70598,329.94808,328.24302
2026/05/18 08:20:00.265,n,139.68078,4.576673,4.975084,0.6273,OverRange,OverRange,OverRange,10.710968,12.752208,334.17868,332.7824
2026/05/18 08:21:00.266,n,141.90002,4.427118,4.760102,0.637552,OverRange,OverRange,OverRange,10.81635,12.805928,337.78016,335.97244
2026/05/18 08:22:00.270,n,144.8395,4.317568,4.906473,0.794929,OverRange,OverRange,OverRange,10.911224,12.853232,343.20408,341.00572
2026/05/18 08:23:00.270,n,147.62492,4.244543,5.210608,0.696661,OverRange,OverRange,OverRange,11.028972,12.901596,347.1362,345.33632
2026/05/18 08:24:00.272,n,150.29076,5.607305,4.922421,0.821467,OverRange,OverRange,OverRange,11.13374,12.95208,352.08712,349.9032
2026/05/18 08:25:00.259,n,153.81854,5.720657,4.740731,0.767973,OverRange,OverRange,OverRange,11.201146,13.00792,358.34036,355.94752
2026/05/18 08:26:00.260,n,157.00552,3.788874,4.985648,0.811679,OverRange,OverRange,OverRange,11.136486,13.063092,363.4464,361.44188
2026/05/18 08:27:00.262,n,159.5809,4.686189,4.975634,0.83528,OverRange,OverRange,OverRange,10.924962,13.0926,366.72532,365.2726
2026/05/18 08:28:00.266,n,162.30536,4.997047,5.03104,0.658332,OverRange,OverRange,OverRange,10.813746,13.143378,372.36732,369.53768
2026/05/18 08:29:00.266,n,165.5709,4.782798,4.78013,0.372198,OverRange,OverRange,OverRange,10.816952,13.189826,376.04452,374.54696
2026/05/18 08:30:00.269,n,168.12252,5.426796,4.843825,0.560266,OverRange,OverRange,OverRange,10.71898,13.237346,380.62736,378.93764
2026/05/18 08:31:00.271,n,171.5569,4.040475,4.895465,0.642188,OverRange,OverRange,OverRange,10.791066,13.287036,386.1736,383.67632
2026/05/18 08:32:00.273,n,174.87964,4.054212,4.658469,0.649799,OverRange,OverRange,OverRange,10.843358,13.329102,390.63972,388.90304
2026/05/18 08:33:00.275,n,178.05932,4.305151,4.953974,0.805646,OverRange,OverRange,OverRange,10.965648,13.377652,396.34496,393.73628
2026/05/18 08:34:00.260,n,181.31828,5.431821,4.886988,0.935838,OverRange,OverRange,OverRange,11.0808,13.419722,401.3634,398.87288
2026/05/18 08:35:00.261,n,184.56764,5.458731,4.969711,0.661558,OverRange,OverRange,OverRange,11.210114,13.45327,404.64568,403.91232
2026/05/18 08:36:00.264,n,186.46714,4.623849,5.037619,0.658163,OverRange,OverRange,OverRange,11.258068,13.4964,408.19388,406.32448
2026/05/18 08:37:00.265,n,189.48964,5.450244,5.530158,0.109779,OverRange,OverRange,OverRange,11.303676,13.54816,414.33528,411.13976
2026/05/18 08:38:00.267,n,193.42656,4.342126,5.071094,0.563687,OverRange,OverRange,OverRange,11.265666,13.597724,419.88564,417.79576
2026/05/18 08:39:00.270,n,196.72442,5.50859,4.902325,0.677193,OverRange,OverRange,OverRange,11.4283,13.645184,424.91356,422.5986
2026/05/18 08:40:00.271,n,199.64722,5.505018,5.330949,0.436617,OverRange,OverRange,OverRange,11.527832,13.699016,428.04532,426.82324
2026/05/18 08:41:00.275,n,202.30616,5.455395,5.231103,0.799563,OverRange,OverRange,OverRange,11.543538,13.735876,432.52448,430.92236
2026/05/18 08:42:00.275,n,204.6071,5.333132,5.32202,0.378999,OverRange,OverRange,OverRange,11.607986,13.787574,434.58808,434.20292
2026/05/18 08:43:00.262,n,206.93898,5.484301,4.886543,0.64758,OverRange,OverRange,OverRange,11.62825,13.838184,438.73628,437.11948
2026/05/18 08:44:00.264,n,209.2607,5.611347,5.398268,0.656552,OverRange,OverRange,OverRange,11.497346,13.890944,442.00036,439.8684
2026/05/18 08:45:00.268,n,211.47492,4.548628,4.742036,0.638475,OverRange,OverRange,OverRange,11.517874,13.943686,442.40144,442.4066
2026/05/18 08:46:00.269,n,214.22338,4.546825,4.874567,0.559797,OverRange,OverRange,OverRange,11.391734,13.995308,447.24024,446.07628
2026/05/18 08:47:00.270,n,218.28978,4.323446,4.726791,0.460006,OverRange,OverRange,OverRange,11.168504,14.04266,455.40068,452.86228
2026/05/18 08:48:00.273,n,221.72796,5.782558,5.103972,0.699315,OverRange,OverRange,OverRange,11.063522,14.086236,458.61156,458.00448
2026/05/18 08:49:00.273,n,225.4206,5.986579,5.059792,0.774185,OverRange,OverRange,OverRange,11.06836,14.126032,464.31856,463.68428
2026/05/18 08:50:00.276,n,226.46562,4.379739,4.81505,0.805478,OverRange,OverRange,OverRange,11.015366,14.183,465.31912,463.50072
2026/05/18 08:51:00.279,n,229.83314,5.527712,5.100982,0.773889,OverRange,OverRange,OverRange,10.948416,14.233532,470.75868,468.66636
2026/05/18 08:52:00.264,n,232.66344,4.132845,4.662114,0.689439,OverRange,OverRange,OverRange,11.005962,14.28729,474.33888,472.73656
2026/05/18 08:53:00.267,n,235.1521,4.355722,4.97207,0.738242,OverRange,OverRange,OverRange,11.086614,14.342046,476.63436,475.67556
2026/05/18 08:54:00.267,n,238.2743,4.273161,4.805107,0.626979,OverRange,OverRange,OverRange,11.123622,14.396604,480.4662,480.687
2026/05/18 08:55:00.270,n,240.24476,4.361295,4.771286,0.567832,OverRange,OverRange,OverRange,11.259294,14.44815,486.3168,483.48048
2026/05/18 08:56:00.272,n,242.3761,5.291215,4.907887,0.592721,OverRange,OverRange,OverRange,11.248652,14.499632,486.9242,486.3898
2026/05/18 08:57:00.273,n,244.26856,4.451236,4.97069,0.458445,OverRange,OverRange,OverRange,11.436906,14.55869,490.07412,487.99304
2026/05/18 08:58:00.277,n,247.25358,5.681447,5.06441,0.724183,OverRange,OverRange,OverRange,11.404714,14.60698,496.88128,492.05136
2026/05/18 08:59:00.277,n,251.60566,5.319293,5.057352,0.564696,OverRange,OverRange,OverRange,11.300598,14.65672,500.57872,498.74284
2026/05/18 09:00:00.279,n,254.54146,5.626021,4.956591,0.706848,OverRange,OverRange,OverRange,11.02683,14.704994,502.92364,503.32896
2026/05/18 09:01:00.265,n,256.62728,5.600732,4.947455,0.679564,OverRange,OverRange,OverRange,10.926652,14.76399,508.23136,505.0396
2026/05/18 09:02:00.266,n,260.12512,4.246196,4.874479,0.777358,OverRange,OverRange,OverRange,10.957332,14.818638,512.164,511.18808
2026/05/18 09:03:00.269,n,263.17472,4.286547,5.053153,0.703047,OverRange,OverRange,OverRange,11.201732,14.865808,518.93048,515.49824
2026/05/18 09:04:00.270,n,266.5928,5.364904,5.112685,0.697278,OverRange,OverRange,OverRange,11.205058,14.918322,522.39648,521.15092
2026/05/18 09:05:00.274,n,269.92026,4.213275,4.565625,0.441937,OverRange,OverRange,OverRange,11.176152,14.967596,527.59572,525.9052
2026/05/18 09:06:00.279,n,273.79636,4.251382,4.720259,0.710343,OverRange,OverRange,OverRange,11.364142,15.006374,532.63744,531.2476
2026/05/18 09:07:00.278,n,275.22152,5.451205,5.145454,0.368618,OverRange,OverRange,OverRange,11.393678,15.048152,537.4148,532.91612
2026/05/18 09:08:00.279,n,278.94584,4.494879,4.723986,0.383776,OverRange,OverRange,OverRange,11.20191,15.09741,539.54316,538.71064
2026/05/18 09:09:00.280,n,281.14312,5.6146,4.884392,0.666487,OverRange,OverRange,OverRange,11.230804,15.141308,541.87144,541.24732
2026/05/18 09:10:00.266,n,283.66208,5.274019,4.722308,0.363227,OverRange,OverRange,OverRange,11.24146,15.18198,544.41368,543.86748
2026/05/18 09:11:00.268,n,285.1184,4.601113,4.763815,0.488984,OverRange,OverRange,OverRange,11.19659,15.223728,547.46864,544.93816
2026/05/18 09:12:00.269,n,290.91018,5.305368,5.010723,0.547639,OverRange,OverRange,OverRange,11.218638,15.249604,557.10888,554.52228
2026/05/18 09:13:00.273,n,293.31504,5.563187,4.754214,0.627522,OverRange,OverRange,OverRange,11.154892,15.277404,561.85292,558.07104
2026/05/18 09:14:00.274,n,296.95956,4.174598,5.037034,0.559688,OverRange,OverRange,OverRange,11.116374,15.311642,563.98156,563.82036
2026/05/18 09:15:00.275,n,299.18534,4.359328,5.164871,0.643197,OverRange,OverRange,OverRange,11.073788,15.349072,566.90876,565.96068
2026/05/18 09:16:00.277,n,302.38256,5.819852,5.217005,0.619571,OverRange,OverRange,OverRange,11.136124,15.376874,571.40916,569.8448
2026/05/18 09:17:00.279,n,304.83184,5.534685,5.130114,0.814629,OverRange,OverRange,OverRange,11.23851,15.396738,573.98828,572.62548
2026/05/18 09:18:00.281,n,307.4755,4.254877,4.747827,0.684303,OverRange,OverRange,OverRange,11.133636,15.415952,579.81584,576.969
2026/05/18 09:19:00.267,n,311.6182,5.609528,4.975471,0.733839,OverRange,OverRange,OverRange,11.124762,15.443768,586.68956,583.54792
2026/05/18 09:20:00.271,n,314.2479,5.344416,4.971602,0.628083,OverRange,OverRange,OverRange,11.126776,15.469386,588.62904,587.61004
2026/05/18 09:21:00.270,n,316.80298,4.409025,4.933779,0.669586,OverRange,OverRange,OverRange,11.071538,15.497188,593.24544,591.34728
2026/05/18 09:22:00.273,n,319.96354,4.322789,4.915198,0.768053,OverRange,OverRange,OverRange,11.082688,15.515406,599.98088,596.51692
2026/05/18 09:23:00.277,n,321.96824,4.216727,5.036193,0.754683,OverRange,OverRange,OverRange,11.164562,15.542102,599.48152,599.4222
2026/05/18 09:24:00.276,n,324.82746,5.563763,5.115707,0.6021,OverRange,OverRange,OverRange,11.396104,15.563466,605.24384,603.59228
2026/05/18 09:25:00.277,n,327.27758,4.315527,4.871684,0.60634,OverRange,OverRange,OverRange,11.449266,15.583738,609.22508,607.10976
2026/05/18 09:26:00.333,n,329.5625,5.613532,4.922347,0.77753,OverRange,OverRange,OverRange,11.583934,15.610434,612.36836,610.54536
2026/05/18 09:27:00.381,n,331.62546,4.63183,4.771256,0.717936,OverRange,OverRange,OverRange,11.540146,15.637176,614.01884,613.32196
2026/05/18 09:28:00.338,n,334.70776,4.302114,5.079237,0.567001,OverRange,OverRange,OverRange,11.584432,15.662648,620.90588,617.4804
2026/05/18 09:29:00.341,n,338.02944,5.904434,5.082985,0.501365,OverRange,OverRange,OverRange,11.662908,15.68183,622.3344,622.10816
2026/05/18 09:30:00.342,n,339.26052,5.739402,5.038591,0.622441,OverRange,OverRange,OverRange,11.796214,15.705316,624.80428,622.89276
2026/05/18 09:31:00.273,n,341.9968,4.350294,5.136996,0.609818,OverRange,OverRange,OverRange,11.781816,15.739442,629.33148,626.56824
2026/05/18 09:32:00.275,n,346.30336,5.291811,5.121404,0.418177,OverRange,OverRange,OverRange,12.005534,15.7663,634.39196,633.07204
2026/05/18 09:33:00.276,n,348.7948,5.303395,4.947714,0.551208,OverRange,OverRange,OverRange,12.041678,15.796368,636.40204,635.85296
2026/05/18 09:34:00.282,n,351.22024,4.572486,5.075299,0.643541,OverRange,OverRange,OverRange,12.020962,15.830742,640.10768,639.2534
2026/05/18 09:35:00.281,n,354.49192,5.33808,4.924666,0.468796,OverRange,OverRange,OverRange,12.289474,15.860844,643.877,644.0324
2026/05/18 09:36:00.284,n,355.63584,4.684006,4.89962,0.617306,OverRange,OverRange,OverRange,12.408864,15.897352,646.05072,644.63292
2026/05/18 09:37:00.269,n,357.8,4.323049,4.990577,0.507289,OverRange,OverRange,OverRange,12.521164,15.93712,650.2002,647.3018
2026/05/18 09:38:00.270,n,361.30224,4.248312,5.193675,0.708523,OverRange,OverRange,OverRange,12.269542,15.976154,654.7052,652.64788
2026/05/18 09:39:00.272,n,363.91316,4.92212,4.81004,0.405731,OverRange,OverRange,OverRange,12.274242,16.004026,658.15916,656.58808
2026/05/18 09:40:00.276,n,365.85568,5.578186,4.851204,0.534994,OverRange,OverRange,OverRange,12.385818,16.04588,659.7354,659.01092
2026/05/18 09:41:00.276,n,368.27604,4.858201,4.754505,0.521326,OverRange,OverRange,OverRange,12.231548,16.079148,666.50856,662.5636
2026/05/18 09:42:00.277,n,372.656,4.294807,5.05468,0.580711,OverRange,OverRange,OverRange,12.00648,16.10707,672.51968,669.5794
2026/05/18 09:43:00.280,n,375.4124,5.353318,4.863064,0.671193,OverRange,OverRange,OverRange,11.991064,16.132822,672.45104,673.24104
2026/05/18 09:44:00.282,n,377.7716,4.893493,4.820822,0.637109,OverRange,OverRange,OverRange,11.890748,16.159618,680.6796,676.42056
2026/05/18 09:45:00.284,n,380.29272,5.357781,4.959476,0.646536,OverRange,OverRange,OverRange,11.836874,16.184312,680.95864,680.41816
2026/05/18 09:46:00.269,n,382.34,4.10921,4.535342,0.617546,OverRange,OverRange,OverRange,11.954432,16.198232,683.53128,682.17368
2026/05/18 09:47:00.273,n,384.006,4.800667,4.598036,0.51958,OverRange,OverRange,OverRange,12.044128,16.21432,684.99576,683.84024
2026/05/18 09:48:00.272,n,387.0054,5.355654,4.71936,0.646286,OverRange,OverRange,OverRange,12.206814,16.230408,689.074,687.76344
2026/05/18 09:49:00.275,n,389.10036,4.477748,5.273515,0.397183,OverRange,OverRange,OverRange,12.324484,16.25401,690.49488,689.7664
2026/05/18 09:50:00.277,n,391.089,4.620299,5.058662,0.546177,OverRange,OverRange,OverRange,12.219676,16.266886,693.20144,692.40064
2026/05/18 09:51:00.279,n,394.15104,5.533711,5.204301,0.731765,OverRange,OverRange,OverRange,12.501634,16.293652,700.00552,696.89656
2026/05/18 09:52:00.280,n,395.91872,5.524271,5.267836,0.586029,OverRange,OverRange,OverRange,12.609604,16.307572,698.92232,698.92584
2026/05/18 09:53:00.285,n,398.64256,5.480146,4.921705,0.665045,OverRange,OverRange,OverRange,12.60581,16.313538,702.73416,701.99784
2026/05/18 09:54:00.267,n,398.81736,5.391475,5.119269,0.447953,OverRange,OverRange,OverRange,12.715344,16.325306,702.6228,701.53128
2026/05/18 09:55:00.270,n,402.53076,4.751844,4.82359,0.498147,OverRange,OverRange,OverRange,12.864544,16.35318,709.53256,707.01328
2026/05/18 09:56:00.272,n,404.61856,4.540104,4.642414,0.474596,OverRange,OverRange,OverRange,13.066228,16.381022,711.4552,709.87352
2026/05/18 09:57:00.258,n,406.69436,5.441012,4.887972,0.644541,OverRange,OverRange,OverRange,13.13908,16.41535,713.03168,712.5176
2026/05/18 09:58:00.261,n,409.34688,4.409784,4.580654,0.144653,OverRange,OverRange,OverRange,13.24641,16.447496,712.5756,716.18384
2026/05/18 09:59:00.262,n,411.32616,5.95375,5.68808,0.235641,OverRange,OverRange,OverRange,13.329204,16.487106,722.39672,718.74832
2026/05/18 10:00:00.265,n,413.19308,5.524921,5.524885,0.038233,OverRange,OverRange,OverRange,13.409908,16.522416,720.28448,721.35528
2026/05/18 10:01:00.266,n,416.86532,4.136564,4.800292,0.613809,OverRange,OverRange,OverRange,13.467378,16.561014,728.24832,726.61896
2026/05/18 10:02:00.268,n,418.30544,4.353238,5.055695,0.681586,OverRange,OverRange,OverRange,13.515168,16.607018,732.4424,728.52736
2026/05/18 10:03:00.271,n,421.73576,4.727699,4.826895,0.39764,OverRange,OverRange,OverRange,13.548558,16.643404,730.90328,733.61544
2026/05/18 10:04:00.272,n,423.23996,4.689295,5.036461,0.474425,OverRange,OverRange,OverRange,13.690394,16.687322,736.27568,734.46096
2026/05/18 10:05:00.257,n,425.45304,4.546043,5.160357,0.652253,OverRange,OverRange,OverRange,13.838506,16.716046,739.2756,737.17728
2026/05/18 10:06:00.260,n,426.02932,5.602522,4.888334,0.571598,OverRange,OverRange,OverRange,13.906698,16.750346,737.32648,737.582
2026/05/18 10:07:00.263,n,431.32496,5.997401,5.711445,0.253576,OverRange,OverRange,OverRange,13.677252,16.800588,748.61688,745.43168
2026/05/18 10:08:00.264,n,434.84836,4.55607,4.740528,0.285285,OverRange,OverRange,OverRange,13.657028,16.839094,752.47608,750.82688
2026/05/18 10:09:00.266,n,435.33592,5.35861,5.073453,0.388875,OverRange,OverRange,OverRange,13.854162,16.880796,750.92544,750.91216
2026/05/18 10:10:00.268,n,437.13992,4.381357,4.412242,0.510661,OverRange,OverRange,OverRange,13.949646,16.916046,752.69208,752.61664
2026/05/18 10:11:00.269,n,438.31456,5.445714,5.156009,0.594143,OverRange,OverRange,OverRange,13.942576,16.949108,755.936,753.70408
2026/05/18 10:12:00.271,n,441.83508,5.549445,5.244313,0.659083,OverRange,OverRange,OverRange,14.19608,16.992866,760.74864,758.36448
2026/05/18 10:13:00.258,n,442.80188,4.594203,4.982436,0.634029,OverRange,OverRange,OverRange,14.295532,17.027104,759.3316,759.0916
2026/05/18 10:14:00.259,n,446.53092,5.315817,5.076337,0.267491,OverRange,OverRange,OverRange,14.353546,17.073016,765.04192,764.81104
2026/05/18 10:15:00.262,n,446.75316,4.520448,4.73467,0.517194,OverRange,OverRange,OverRange,14.37144,17.114686,764.54512,763.9368
2026/05/18 10:16:00.263,n,450.68236,5.823674,5.090689,0.734417,OverRange,OverRange,OverRange,14.318208,17.16285,772.2868,769.74608
2026/05/18 10:17:00.266,n,453.63628,5.890581,5.258136,0.696525,OverRange,OverRange,OverRange,14.256272,17.195946,776.17008,773.86592
2026/05/18 10:18:00.270,n,455.53256,5.75321,4.986872,0.762942,OverRange,OverRange,OverRange,14.399536,17.238632,775.81936,774.4572
2026/05/18 10:19:00.268,n,456.82276,5.939596,5.618715,0.560759,OverRange,OverRange,OverRange,14.424754,17.279166,776.28704,777.02176
2026/05/18 10:20:00.270,n,456.56868,5.869166,5.295987,0.590296,OverRange,OverRange,OverRange,14.327388,17.31993,774.85488,775.31912
2026/05/18 10:21:00.273,n,460.97388,4.070771,4.316342,0.211281,OverRange,OverRange,OverRange,14.281448,17.35619,785.05496,781.4548
2026/05/18 10:22:00.259,n,463.52028,4.623792,4.831066,0.66555,OverRange,OverRange,OverRange,13.983846,17.38606,785.49088,785.12896
2026/05/18 10:23:00.260,n,464.00588,5.936511,5.419016,0.534023,OverRange,OverRange,OverRange,14.030584,17.413812,783.69704,784.9108
2026/05/18 10:24:00.263,n,465.76156,5.435023,5.510948,0.204039,OverRange,OverRange,OverRange,14.129588,17.438336,788.38528,785.93808
2026/05/18 10:25:00.264,n,468.66872,5.693325,5.07176,0.728155,OverRange,OverRange,OverRange,14.024308,17.469218,791.00944,790.32416
2026/05/18 10:26:00.267,n,469.54116,5.84903,5.203244,0.679389,OverRange,OverRange,OverRange,13.970776,17.484612,789.01728,790.20608
2026/05/18 10:27:00.269,n,468.46964,5.741094,4.950482,0.650704,OverRange,OverRange,OverRange,13.850308,17.498472,793.03104,787.1196
2026/05/18 10:28:00.272,n,474.68848,5.269182,4.855574,0.578972,OverRange,OverRange,OverRange,13.892522,17.522994,796.79176,796.88016
2026/05/18 10:29:00.273,n,474.68028,4.434774,4.559284,0.379343,OverRange,OverRange,OverRange,14.014756,17.534702,793.19592,796.22096
2026/05/18 10:30:00.275,n,475.11704,4.391989,4.381153,0.10199,OverRange,OverRange,OverRange,14.185406,17.549638,794.94136,795.79928
2026/05/18 10:31:00.260,n,475.02156,5.743172,4.896139,0.669502,OverRange,OverRange,OverRange,14.29868,17.569924,795.0192,795.39176
2026/05/18 10:32:00.261,n,475.8872,4.65216,5.096398,0.625961,OverRange,OverRange,OverRange,14.34787,17.589066,794.75736,795.80344
2026/05/18 10:33:00.265,n,477.45876,5.489457,4.938598,0.734003,OverRange,OverRange,OverRange,14.404634,17.617862,797.54688,797.29216
2026/05/18 10:34:00.268,n,480.47496,4.162519,4.727876,0.717045,OverRange,OverRange,OverRange,14.367294,17.644508,804.19528,801.4636
2026/05/18 10:35:00.267,n,485.07884,4.200531,4.794851,0.753981,OverRange,OverRange,OverRange,14.407918,17.662576,808.96704,809.03128
2026/05/18 10:36:00.270,n,487.47268,5.67126,4.935377,0.779888,OverRange,OverRange,OverRange,14.432852,17.692448,816.11896,812.4144
2026/05/18 10:37:00.272,n,491.07332,4.359816,4.844108,0.721519,OverRange,OverRange,OverRange,14.588414,17.721214,822.12168,817.72272
2026/05/18 10:38:00.273,n,488.26512,4.271348,4.942718,0.888199,OverRange,OverRange,OverRange,14.605546,17.75634,808.44488,812.6312
2026/05/18 10:39:00.276,n,490.35768,4.409367,4.943914,0.724278,OverRange,OverRange,OverRange,14.498424,17.78292,816.08032,815.26968
2026/05/18 10:40:00.261,n,498.25044,5.701707,4.910198,0.690744,OverRange,OverRange,OverRange,14.507748,17.810642,831.25968,827.51032
2026/05/18 10:41:00.263,n,500.93828,5.524905,5.225456,0.808001,OverRange,OverRange,OverRange,14.578828,17.835134,833.35264,831.32632
2026/05/18 10:42:00.265,n,502.25756,4.339296,4.967741,0.667978,OverRange,OverRange,OverRange,14.592682,17.839374,831.5,832.97152
2026/05/18 10:43:00.269,n,502.7854,5.768931,5.323467,0.578027,OverRange,OverRange,OverRange,14.641744,17.85751,832.76752,833.00088
2026/05/18 10:44:00.268,n,506.0658,4.314878,4.627033,0.625054,OverRange,OverRange,OverRange,14.736726,17.884124,839.02536,836.99928
2026/05/18 10:45:00.270,n,507.33692,5.947718,5.31357,0.49739,OverRange,OverRange,OverRange,14.67624,17.910736,840.52688,839.13336
2026/05/18 10:46:00.272,n,509.96976,5.76089,4.979479,0.649434,OverRange,OverRange,OverRange,14.628148,17.938362,843.28744,842.56008
2026/05/18 10:47:00.275,n,511.63524,5.122395,4.730613,0.489336,OverRange,OverRange,OverRange,14.736222,17.959628,844.99424,844.27344
2026/05/18 10:48:00.468,n,512.13716,4.392817,5.043315,0.733246,OverRange,OverRange,OverRange,14.671224,17.979884,845.23392,844.40768
2026/05/18 10:49:00.433,n,513.945,4.138767,4.649838,0.549278,OverRange,OverRange,OverRange,14.585292,18.009108,845.6936,847.3296
2026/05/18 10:50:00.265,n,516.81548,4.384601,4.779116,0.560399,OverRange,OverRange,OverRange,14.55187,18.018696,851.2432,850.51816
2026/05/18 10:51:00.265,n,518.04692,5.359771,4.911576,0.459249,OverRange,OverRange,OverRange,14.53119,18.037842,851.30056,852.25064
2026/05/18 10:52:00.267,n,518.51808,4.383508,4.228132,0.282889,OverRange,OverRange,OverRange,14.57227,18.058032,851.8544,852.47976
2026/05/18 10:53:00.269,n,520.58708,4.431346,4.767432,0.53195,OverRange,OverRange,OverRange,14.491882,18.075058,856.0996,855.8304
2026/05/18 10:54:00.271,n,521.9174,5.667056,5.039329,0.563757,OverRange,OverRange,OverRange,14.578572,18.096324,857.51896,857.27896
2026/05/18 10:55:00.273,n,523.94768,4.165157,4.791317,0.708534,OverRange,OverRange,OverRange,14.56696,18.106926,860.68728,860.21312
2026/05/18 10:56:00.277,n,524.82404,4.170843,4.442489,0.451518,OverRange,OverRange,OverRange,14.629716,18.121834,861.0864,860.95336
2026/05/18 10:57:00.277,n,525.15224,4.284131,4.981348,0.645579,OverRange,OverRange,OverRange,14.63022,18.142022,863.51424,861.022
2026/05/18 10:58:00.262,n,527.98824,5.639162,4.96492,0.622203,OverRange,OverRange,OverRange,14.716888,18.162242,865.44008,865.17488
2026/05/18 10:59:00.266,n,529.94684,5.358935,5.188327,0.514609,OverRange,OverRange,OverRange,14.654156,18.177084,869.08688,868.36984
2026/05/18 11:00:00.268,n,531.42256,4.434843,4.627273,0.451894,OverRange,OverRange,OverRange,14.603268,18.197308,871.14016,870.20872
2026/05/18 11:01:00.268,n,532.57824,4.361636,4.974462,0.5055,OverRange,OverRange,OverRange,14.618622,18.213224,871.9096,871.48216
2026/05/18 11:02:00.269,n,533.65776,4.540121,5.359053,0.415707,OverRange,OverRange,OverRange,14.556142,18.23022,872.92584,872.73416
2026/05/18 11:03:00.272,n,535.05884,4.483945,4.624653,0.533288,OverRange,OverRange,OverRange,14.684906,18.252532,875.06032,873.91096
2026/05/18 11:04:00.471,n,536.7486,5.617798,4.88025,0.713585,OverRange,OverRange,OverRange,14.700252,18.270602,877.68496,876.46752
2026/05/18 11:05:00.277,n,538.11028,4.384933,4.52075,0.542228,OverRange,OverRange,OverRange,14.636786,18.288674,878.56552,878.04168
2026/05/18 11:06:00.279,n,539.3582,4.451452,4.48854,0.209737,OverRange,OverRange,OverRange,14.69723,18.285182,879.68208,879.39664
2026/05/18 11:07:00.263,n,540.01252,4.210568,4.382763,0.525879,OverRange,OverRange,OverRange,14.591686,18.291542,881.26216,880.85544
2026/05/18 11:08:00.265,n,541.3354,4.664643,4.940855,0.426032,OverRange,OverRange,OverRange,14.594956,18.30322,882.8284,882.1672
2026/05/18 11:09:00.272,n,542.35524,5.583696,4.971329,0.651522,OverRange,OverRange,OverRange,14.587398,18.318094,884.61168,883.28072
2026/05/18 11:10:00.273,n,543.97624,4.528818,4.949798,0.459525,OverRange,OverRange,OverRange,14.615098,18.331892,885.86312,885.43824
2026/05/18 11:11:00.273,n,544.68536,4.687239,4.85976,0.679701,OverRange,OverRange,OverRange,14.637532,18.348886,886.89568,886.2656
2026/05/18 11:12:00.273,n,546.1438,5.672256,4.984694,0.649655,OverRange,OverRange,OverRange,14.619142,18.354204,889.08216,888.10568
2026/05/18 11:13:00.276,n,547.7924,5.63275,4.943584,0.695661,OverRange,OverRange,OverRange,14.607036,18.366956,891.95536,890.65936
2026/05/18 11:14:00.279,n,549.40828,4.225558,4.914965,0.583652,OverRange,OverRange,OverRange,14.551112,18.373288,892.61648,892.7172
2026/05/18 11:15:00.279,n,550.24004,5.178023,5.050238,0.558711,OverRange,OverRange,OverRange,14.589656,18.384346,893.63608,893.35752
2026/05/18 11:16:00.265,n,551.17536,4.672607,4.963148,0.741933,OverRange,OverRange,OverRange,14.464798,18.389664,894.69016,894.34744
2026/05/18 11:17:00.269,n,551.99676,4.195825,4.816778,0.694682,OverRange,OverRange,OverRange,14.355632,18.39922,895.74624,895.37232
2026/05/18 11:18:00.269,n,552.80756,5.593572,5.009114,0.678937,OverRange,OverRange,OverRange,14.36698,18.410866,897.25416,896.2632
2026/05/18 11:19:00.271,n,554.4976,4.271357,4.94781,0.646182,OverRange,OverRange,OverRange,14.393712,18.422574,898.98624,898.4216
2026/05/18 11:20:00.273,n,555.3532,4.466388,5.060107,0.544633,OverRange,OverRange,OverRange,14.465302,18.427892,899.24936,898.99872
2026/05/18 11:21:00.275,n,556.55964,4.571867,4.827562,0.607888,OverRange,OverRange,OverRange,14.44389,18.431026,901.00352,900.46368
2026/05/18 11:22:00.277,n,557.6306,4.755046,4.756331,0.549386,OverRange,OverRange,OverRange,14.43809,18.43321,903.17544,901.99664
2026/05/18 11:23:00.281,n,558.76056,4.577579,4.795388,0.502265,OverRange,OverRange,OverRange,14.478918,18.436374,904.12784,903.4268
2026/05/18 11:24:00.283,n,559.17036,5.655647,4.942889,0.672166,OverRange,OverRange,OverRange,14.440104,18.444498,904.85424,903.5588
2026/05/18 11:25:00.269,n,560.66888,4.34039,4.800783,0.64617,OverRange,OverRange,OverRange,14.406826,18.45203,905.3444,905.75912
2026/05/18 11:26:00.269,n,561.21044,4.307181,5.006901,0.618679,OverRange,OverRange,OverRange,14.414892,18.450954,907.56752,906.3164
2026/05/18 11:27:00.273,n,562.61104,5.606675,4.992295,0.772601,OverRange,OverRange,OverRange,14.31099,18.453074,908.6592,908.45536
2026/05/18 11:28:00.273,n,563.66924,5.450166,5.177899,0.611707,OverRange,OverRange,OverRange,14.515214,18.448802,910.38032,909.13112
2026/05/18 11:29:00.276,n,564.73528,5.525248,5.069769,0.61564,OverRange,OverRange,OverRange,14.628372,18.456272,910.12664,910.1108
2026/05/18 11:30:00.276,n,565.07972,5.464487,5.128484,0.530362,OverRange,OverRange,OverRange,14.39272,18.456272,910.8408,910.74216
2026/05/18 11:31:00.280,n,566.45428,4.702006,4.879145,0.505578,OverRange,OverRange,OverRange,14.231782,18.458394,912.97328,912.28312
2026/05/18 11:32:00.280,n,566.84184,4.599099,4.983906,0.521434,OverRange,OverRange,OverRange,14.10408,18.462698,913.78976,913.12336
2026/05/18 11:33:00.283,n,567.94984,4.294793,4.39322,0.115482,OverRange,OverRange,OverRange,14.166174,18.465928,915.056,914.54808
2026/05/18 11:34:00.268,n,568.54912,4.176045,4.723274,0.628178,OverRange,OverRange,OverRange,14.185094,18.46697,915.53448,915.3672
2026/05/18 11:35:00.271,n,569.6914,4.167874,4.802163,0.605219,OverRange,OverRange,OverRange,14.204788,18.462698,916.8652,916.34496
2026/05/18 11:36:00.272,n,570.3148,5.723588,4.934611,0.839971,OverRange,OverRange,OverRange,14.19924,18.461622,917.36128,917.27096
2026/05/18 11:37:00.274,n,571.3946,5.120972,4.88016,0.671314,OverRange,OverRange,OverRange,14.191402,18.461622,919.88512,918.63104
2026/05/18 11:38:00.275,n,572.33196,5.646636,5.184615,0.733591,OverRange,OverRange,OverRange,14.060654,18.460546,920.7124,920.04816
2026/05/18 11:39:00.279,n,572.979,5.692477,5.051461,0.629195,OverRange,OverRange,OverRange,14.029114,18.460546,920.44928,920.80168
2026/05/18 11:40:00.280,n,573.51292,5.062013,4.972564,0.816481,OverRange,OverRange,OverRange,14.201004,18.460546,920.65608,921.05856
2026/05/18 11:41:00.282,n,573.79656,5.674774,5.068527,0.708607,OverRange,OverRange,OverRange,14.253628,18.442378,921.58528,921.18304
2026/05/18 11:42:00.287,n,574.07824,4.625812,4.741817,0.729672,OverRange,OverRange,OverRange,14.244802,18.4413,920.21384,921.17976
2026/05/18 11:43:00.269,n,574.4914,4.115733,4.859209,0.797845,OverRange,OverRange,OverRange,14.092122,18.432102,923.50984,921.71768
2026/05/18 11:44:00.272,n,575.39576,4.986877,5.084155,0.554671,OverRange,OverRange,OverRange,14.053762,18.428874,923.19064,922.96064
2026/05/18 11:45:00.273,n,576.42564,4.439029,4.807419,0.642972,OverRange,OverRange,OverRange,14.056046,18.42574,924.20376,924.02408
2026/05/18 11:46:00.259,n,576.65608,4.440584,5.146991,0.756331,OverRange,OverRange,OverRange,14.112584,18.417224,923.72544,923.89896
2026/05/18 11:47:00.260,n,577.65324,5.62874,5.104594,0.714412,OverRange,OverRange,OverRange,14.135304,18.415106,924.98216,924.918
2026/05/18 11:48:00.263,n,578.32884,4.926855,4.836952,0.685629,OverRange,OverRange,OverRange,14.134038,18.413998,925.72264,926.06144
2026/05/18 11:49:00.267,n,578.03388,5.668748,5.358526,0.459193,OverRange,OverRange,OverRange,14.178192,18.41191,924.71008,925.29768
2026/05/18 11:50:00.270,n,579.46772,5.417712,5.086538,0.714579,OverRange,OverRange,OverRange,14.179448,18.420422,927.92344,927.3804
2026/05/18 11:51:00.269,n,579.89496,6.086219,5.000583,0.67034,OverRange,OverRange,OverRange,14.207464,18.415106,927.79264,927.75664
2026/05/18 11:52:00.270,n,580.55664,4.450542,5.099077,0.642758,OverRange,OverRange,OverRange,14.111568,18.419346,928.98088,928.65336
2026/05/18 11:53:00.278,n,580.7126,5.47041,5.017112,0.607238,OverRange,OverRange,OverRange,14.01615,18.412952,930.30912,928.95096
2026/05/18 11:54:00.259,n,581.12416,4.962016,4.990582,0.544879,OverRange,OverRange,OverRange,14.032548,18.412952,930.2712,929.26304
2026/05/18 11:55:00.261,n,581.87708,5.579341,4.938375,0.627172,OverRange,OverRange,OverRange,14.10903,18.408742,930.00064,929.8632
2026/05/18 11:56:00.264,n,582.31276,4.028337,4.535287,0.508889,OverRange,OverRange,OverRange,14.320216,18.402352,930.69224,930.178
2026/05/18 11:57:00.264,n,582.74004,4.626107,5.030262,0.504366,OverRange,OverRange,OverRange,14.400666,18.40979,930.93496,930.82144
2026/05/18 11:58:00.265,n,583.16468,4.268218,4.936517,0.736926,OverRange,OverRange,OverRange,14.381268,18.410834,932.65376,932.25064
2026/05/18 11:59:00.268,n,583.77204,4.701176,4.896313,0.716098,OverRange,OverRange,OverRange,14.189046,18.40447,934.2684,933.74272
2026/05/18 12:00:00.269,n,584.32856,5.645541,4.936332,0.78708,OverRange,OverRange,OverRange,14.124192,18.41191,935.20088,934.63664
2026/05/18 12:01:00.273,n,584.79584,5.684494,5.374509,0.599667,OverRange,OverRange,OverRange,14.038606,18.413998,935.77904,935.00976
2026/05/18 12:02:00.453,n,585.5266,5.458258,5.003821,0.690251,OverRange,OverRange,OverRange,14.046444,18.40558,936.60816,935.94992
2026/05/18 12:03:00.259,n,585.83244,4.323277,4.69869,0.546708,OverRange,OverRange,OverRange,14.085342,18.40558,936.44048,936.30856
2026/05/18 12:04:00.261,n,586.15752,4.441975,4.752184,0.80105,OverRange,OverRange,OverRange,14.067398,18.400198,936.2544,936.85208
2026/05/18 12:05:00.264,n,586.034,4.40292,5.174488,0.684002,OverRange,OverRange,OverRange,14.11938,18.40447,936.84104,936.74192
2026/05/18 12:06:00.265,n,586.5334,5.733896,5.338238,0.592296,OverRange,OverRange,OverRange,14.26447,18.394914,937.28824,937.06328
2026/05/18 12:07:00.266,n,587.00872,4.397194,4.679103,0.89196,OverRange,OverRange,OverRange,14.18829,18.392796,937.17664,937.41256
2026/05/18 12:08:00.269,n,587.06224,4.150799,5.109303,0.735888,OverRange,OverRange,OverRange,14.155488,18.39175,938.12656,937.44048
2026/05/18 12:09:00.270,n,587.84892,4.057074,4.869966,0.664687,OverRange,OverRange,OverRange,14.187526,18.388616,938.14496,938.58096
2026/05/18 12:10:00.257,n,588.18144,5.88325,5.417691,0.693203,OverRange,OverRange,OverRange,14.336888,18.393838,938.824,938.54056
2026/05/18 12:11:00.259,n,588.19512,5.570669,4.913148,0.743851,OverRange,OverRange,OverRange,14.403946,18.395992,938.37792,938.5408
2026/05/18 12:12:00.260,n,588.85236,5.744645,4.795052,0.666695,OverRange,OverRange,OverRange,14.185772,18.393838,939.60064,939.7048
2026/05/18 12:13:00.262,n,588.46608,5.523243,5.194808,0.618413,OverRange,OverRange,OverRange,14.263728,18.393838,939.11432,939.02408
2026/05/18 12:14:00.264,n,588.79088,5.932425,5.466182,0.494146,OverRange,OverRange,OverRange,14.280126,18.395992,939.18912,939.15008
2026/05/18 12:15:00.267,n,588.52784,5.592115,5.267828,0.549777,OverRange,OverRange,OverRange,14.308636,18.399154,938.64768,938.75784
2026/05/18 12:16:00.456,n,588.3774,5.418558,5.320679,0.697326,OverRange,OverRange,OverRange,14.312164,18.395992,938.824,938.54224
2026/05/18 12:17:00.444,n,588.84992,4.561835,4.920337,0.505666,OverRange,OverRange,OverRange,14.384532,18.392796,939.34824,939.08808
2026/05/18 12:18:00.273,n,588.91692,5.578347,5.059706,0.522358,OverRange,OverRange,OverRange,14.356532,18.388616,938.27552,939.09944
2026/05/18 12:19:00.257,n,588.42036,4.75996,4.735102,0.48492,OverRange,OverRange,OverRange,14.321748,18.38754,937.91232,937.4512
2026/05/18 12:20:00.259,n,588.63252,4.646864,4.718662,0.677869,OverRange,OverRange,OverRange,14.215298,18.381116,939.34824,938.19672
2026/05/18 12:21:00.261,n,588.79608,4.08577,4.864866,0.713763,OverRange,OverRange,OverRange,14.280376,18.382194,938.71192,938.63552
2026/05/18 12:22:00.461,n,589.46172,3.94295,4.876591,0.96661,OverRange,OverRange,OverRange,14.343426,18.385388,939.3388,939.44312
2026/05/18 12:23:00.266,n,589.28972,4.185686,4.86904,0.800356,OverRange,OverRange,OverRange,14.369888,18.380042,938.86192,938.96152
2026/05/18 12:24:00.269,n,589.24688,5.362361,4.97355,0.652283,OverRange,OverRange,OverRange,14.371928,18.381116,938.59216,938.81392
2026/05/18 12:25:00.271,n,589.21736,4.359469,4.691417,0.778401,OverRange,OverRange,OverRange,14.4027,18.378996,938.96456,938.6136
2026/05/18 12:26:00.272,n,589.0562,4.214446,4.834833,0.588922,OverRange,OverRange,OverRange,14.443288,18.380042,938.28496,938.58576
2026/05/18 12:27:00.275,n,588.68892,5.504078,5.086161,0.669985,OverRange,OverRange,OverRange,14.416042,18.381116,937.8844,937.574
2026/05/18 12:28:00.259,n,588.79616,6.045395,4.822067,0.677972,OverRange,OverRange,OverRange,14.433712,18.380042,937.47464,937.962
2026/05/18 12:29:00.278,n,588.64052,4.178166,4.917627,0.625869,OverRange,OverRange,OverRange,14.415538,18.378996,938.43368,938.08944
2026/05/18 12:30:00.266,n,588.72896,5.824158,5.007061,0.850605,OverRange,OverRange,OverRange,14.376476,18.377952,938.2008,938.43216
2026/05/18 12:31:00.269,n,588.44988,4.26298,4.865339,0.821848,OverRange,OverRange,OverRange,14.450074,18.374756,937.53064,937.83016
2026/05/18 12:32:00.267,n,588.74504,4.044248,4.715237,0.782123,OverRange,OverRange,OverRange,14.390844,18.375832,938.77744,938.0876
2026/05/18 12:33:00.274,n,588.46344,4.392589,5.067097,0.644692,OverRange,OverRange,OverRange,14.389842,18.378996,938.17288,937.9744
2026/05/18 12:34:00.276,n,588.47968,4.622219,4.727024,0.596601,OverRange,OverRange,OverRange,14.41454,18.377952,938.38712,938.07224
2026/05/18 12:35:00.273,n,588.0688,4.296969,4.9552,0.715661,OverRange,OverRange,OverRange,14.37645,18.374756,936.89712,937.39072
2026/05/18 12:36:00.275,n,588.12256,4.277964,4.895429,0.698361,OverRange,OverRange,OverRange,14.2337,18.37691,938.10784,937.80368
2026/05/18 12:37:00.262,n,587.60736,3.881833,5.035624,0.744267,OverRange,OverRange,OverRange,14.263478,18.372634,936.09568,936.85808
2026/05/18 12:38:00.268,n,587.1054,4.560395,4.901218,0.483025,OverRange,OverRange,OverRange,14.301824,18.368392,935.83488,935.96384
2026/05/18 12:39:00.264,n,587.01408,4.700287,5.226592,0.63197,OverRange,OverRange,OverRange,14.35577,18.368392,936.30104,936.13624
2026/05/18 12:40:00.266,n,586.27312,5.631112,4.929396,0.695633,OverRange,OverRange,OverRange,14.414032,18.365198,934.5484,935.07512
2026/05/18 12:41:00.268,n,585.64448,5.48536,4.821076,0.633454,OverRange,OverRange,OverRange,14.325786,18.366242,934.90264,934.27304
2026/05/18 12:42:00.271,n,585.51564,5.615788,4.876369,0.64161,OverRange,OverRange,OverRange,14.391094,18.36311,932.78456,934.13272
2026/05/18 12:43:00.273,n,585.3466,4.274514,4.966656,0.793588,OverRange,OverRange,OverRange,14.385544,18.360958,932.84056,933.70688
2026/05/18 12:44:00.275,n,584.89256,5.101844,5.064387,0.71443,OverRange,OverRange,OverRange,14.404704,18.365198,932.49504,933.07864
2026/05/18 12:45:00.276,n,584.40892,4.417561,5.003158,0.781527,OverRange,OverRange,OverRange,14.427156,18.359878,931.43992,932.42816
2026/05/18 12:46:00.261,n,583.4362,4.334747,4.938699,0.816117,OverRange,OverRange,OverRange,14.30838,18.357762,929.69168,931.05808
2026/05/18 12:47:00.267,n,583.17268,5.585197,4.958323,0.698721,OverRange,OverRange,OverRange,14.443294,18.362034,932.1684,930.77304
2026/05/18 12:48:00.266,n,583.756,5.375805,5.038996,0.616317,OverRange,OverRange,OverRange,14.347962,18.362034,932.97112,932.24752
2026/05/18 12:49:00.269,n,583.07868,5.914906,4.777133,0.769037,OverRange,OverRange,OverRange,14.477052,18.362034,930.83224,931.14064
2026/05/18 12:50:00.270,n,581.76948,4.458602,4.776635,0.564261,OverRange,OverRange,OverRange,14.502026,18.36311,930.52384,928.84744
2026/05/18 12:51:00.271,n,580.80916,5.174716,5.103219,0.717645,OverRange,OverRange,OverRange,14.571844,18.358802,930.7296,927.68016
2026/05/18 12:52:00.274,n,579.84816,5.563887,5.128302,0.779831,OverRange,OverRange,OverRange,14.619462,18.365198,927.42744,926.68304
2026/05/18 12:53:00.277,n,580.22608,3.786761,4.672766,0.801844,OverRange,OverRange,OverRange,14.66357,18.370514,926.32216,927.47208
2026/05/18 12:54:00.278,n,578.68996,4.90296,5.052483,0.702665,OverRange,OverRange,OverRange,14.776138,18.374756,924.28824,925.26464
2026/05/18 12:55:00.262,n,577.89204,5.772132,4.935257,0.8103,OverRange,OverRange,OverRange,14.886952,18.375832,923.8756,923.89896
2026/05/18 12:56:00.265,n,577.27276,4.103754,4.912129,0.73617,OverRange,OverRange,OverRange,14.886694,18.380042,923.472,923.52512
2026/05/18 12:57:00.267,n,577.56464,4.331425,4.884963,0.834156,OverRange,OverRange,OverRange,14.76355,18.38754,923.0404,924.29568
2026/05/18 12:58:00.268,n,577.24052,4.305183,5.272755,0.59508,OverRange,OverRange,OverRange,14.738368,18.388616,923.37832,923.966
2026/05/18 12:59:00.270,n,576.11968,5.516372,5.32857,0.60836,OverRange,OverRange,OverRange,14.795548,18.393838,923.27512,922.21744
2026/05/18 13:00:00.274,n,576.7982,5.869921,4.979079,0.562665,OverRange,OverRange,OverRange,14.81921,18.392796,922.3176,923.05136
2026/05/18 13:01:00.275,n,575.28032,5.996514,5.376349,0.753218,OverRange,OverRange,OverRange,14.796056,18.400198,921.35976,921.37872
2026/05/18 13:02:00.276,n,573.81812,5.696022,5.240175,0.71124,OverRange,OverRange,OverRange,14.837322,18.399154,917.36976,919.44696
2026/05/18 13:03:00.277,n,573.42608,5.259483,4.988239,0.599805,OverRange,OverRange,OverRange,14.845638,18.40447,920.04432,919.17
2026/05/18 13:04:00.263,n,571.48504,4.50964,4.798368,0.544229,OverRange,OverRange,OverRange,14.838364,18.41191,917.84736,916.44528
2026/05/18 13:05:00.266,n,571.42592,5.094177,5.426794,0.346729,OverRange,OverRange,OverRange,15.009502,18.421498,914.81136,916.93408
2026/05/18 13:06:00.268,n,568.78504,4.180315,4.380611,0.25332,OverRange,OverRange,OverRange,14.959926,18.431026,914.4832,912.90168
2026/05/18 13:07:00.270,n,570.3006,5.35533,4.907453,0.647255,OverRange,OverRange,OverRange,14.947098,18.434188,915.96472,916.1192
2026/05/18 13:08:00.275,n,568.6346,4.456796,4.972441,0.587662,OverRange,OverRange,OverRange,14.94811,18.442378,911.70472,913.47872
2026/05/18 13:09:00.275,n,566.93524,5.45289,5.146581,0.465995,OverRange,OverRange,OverRange,14.960698,18.455196,911.8176,911.40872
2026/05/18 13:10:00.277,n,566.68256,4.27897,5.258767,0.749778,OverRange,OverRange,OverRange,14.892218,18.45735,911.51712,911.23176
2026/05/18 13:11:00.278,n,565.84044,4.296401,4.932898,0.629314,OverRange,OverRange,OverRange,14.755254,18.463742,909.07256,910.46256
2026/05/18 13:12:00.280,n,564.48176,5.29409,4.956215,0.488847,OverRange,OverRange,OverRange,14.739132,18.473398,907.74568,908.53
2026/05/18 13:13:00.265,n,564.65404,5.60556,5.040126,0.624753,OverRange,OverRange,OverRange,14.611918,18.475486,910.7932,909.2928
2026/05/18 13:14:00.269,n,564.55988,5.311798,5.3734,0.064043,OverRange,OverRange,OverRange,14.434454,18.474442,910.59584,909.85152
2026/05/18 13:15:00.270,n,564.51136,4.176654,4.963229,0.664223,OverRange,OverRange,OverRange,14.455888,18.473398,909.46784,909.75448
2026/05/18 13:16:00.272,n,562.68068,4.944667,5.013394,0.508686,OverRange,OverRange,OverRange,14.627224,18.481946,904.7688,906.8696
2026/05/18 13:17:00.275,n,561.01872,5.417895,5.106486,0.636086,OverRange,OverRange,OverRange,14.73611,18.475486,905.21208,904.3852
2026/05/18 13:18:00.276,n,560.2536,5.707887,5.010964,0.93695,OverRange,OverRange,OverRange,14.735088,18.48514,902.58944,903.96384
2026/05/18 13:19:00.277,n,559.76268,5.665972,5.039325,0.692683,OverRange,OverRange,OverRange,14.835836,18.488338,902.83496,903.47952
2026/05/18 13:20:00.280,n,558.67912,4.309309,4.726734,0.767321,OverRange,OverRange,OverRange,14.683192,18.488338,900.4056,902.452
2026/05/18 13:21:00.282,n,556.32732,4.191581,4.686019,0.783769,OverRange,OverRange,OverRange,14.575872,18.496918,898.37368,899.11224
2026/05/18 13:22:00.267,n,555.39092,4.755364,4.735889,0.764829,OverRange,OverRange,OverRange,14.669842,18.489382,898.04432,897.7728
2026/05/18 13:23:00.270,n,555.00776,5.587466,4.803121,0.78269,OverRange,OverRange,OverRange,14.471776,18.488338,895.88728,897.99224
2026/05/18 13:24:00.272,n,554.48656,4.200446,4.887636,0.844802,OverRange,OverRange,OverRange,14.53151,18.488338,896.34896,897.16848
2026/05/18 13:25:00.276,n,553.02336,5.181923,4.86249,0.718805,OverRange,OverRange,OverRange,14.584194,18.49046,893.96344,894.81536
2026/05/18 13:26:00.275,n,552.7154,5.568319,4.877407,0.920571,OverRange,OverRange,OverRange,14.62854,18.494764,893.86896,894.4712
2026/05/18 13:27:00.278,n,550.9134,4.099701,4.877611,0.830019,OverRange,OverRange,OverRange,14.55798,18.496918,891.24424,892.25176
2026/05/18 13:28:00.281,n,549.38208,5.674685,5.037792,0.849905,OverRange,OverRange,OverRange,14.574362,18.50227,890.11032,890.42376
2026/05/18 13:29:00.265,n,548.16496,4.749703,4.656532,0.569678,OverRange,OverRange,OverRange,14.59906,18.512934,888.26608,888.74192
2026/05/18 13:30:00.283,n,546.71852,4.531519,4.878526,0.648536,OverRange,OverRange,OverRange,14.630528,18.512934,885.89872,887.09176
2026/05/18 13:31:00.272,n,546.02876,5.641257,4.736274,0.678717,OverRange,OverRange,OverRange,14.445552,18.525722,886.75104,886.65144
2026/05/18 13:32:00.272,n,544.10936,5.875986,5.143129,0.737156,OverRange,OverRange,OverRange,14.471522,18.522492,884.47704,883.89496
2026/05/18 13:33:00.273,n,543.45644,4.364415,4.736629,0.739328,OverRange,OverRange,OverRange,14.474788,18.530028,878.63976,883.1636
2026/05/18 13:34:00.276,n,542.46968,4.107862,4.833938,0.868882,OverRange,OverRange,OverRange,14.556218,18.53107,881.7536,881.79816
2026/05/18 13:35:00.260,n,540.61028,5.78722,4.935084,0.744122,OverRange,OverRange,OverRange,14.470506,18.534272,879.1128,879.748
2026/05/18 13:36:00.264,n,539.59532,5.763726,4.920655,0.860658,OverRange,OverRange,OverRange,14.538808,18.535312,876.93552,878.26896
2026/05/18 13:37:00.266,n,539.2874,4.260643,4.484638,0.621293,OverRange,OverRange,OverRange,14.380016,18.540696,878.36512,878.36984
2026/05/18 13:38:00.289,n,537.86676,4.225432,4.631544,0.663693,OverRange,OverRange,OverRange,14.439748,18.53962,875.97848,876.77584
2026/05/18 13:39:00.271,n,535.61272,3.828401,4.602164,0.79343,OverRange,OverRange,OverRange,14.530488,18.550286,873.1332,873.19632
2026/05/18 13:40:00.273,n,535.10188,4.267183,5.012161,0.663672,OverRange,OverRange,OverRange,14.585186,18.551362,871.83256,872.56064
2026/05/18 13:41:00.275,n,533.5576,4.271865,4.957555,0.847856,OverRange,OverRange,OverRange,14.618974,18.552438,869.18104,870.48496
2026/05/18 13:42:00.259,n,531.73384,5.520649,5.06951,0.864037,OverRange,OverRange,OverRange,14.464972,18.55994,866.99224,868.42464
2026/05/18 13:43:00.260,n,530.3774,5.618004,4.773767,0.634198,OverRange,OverRange,OverRange,14.323742,18.57061,867.01144,866.37632
2026/05/18 13:44:00.262,n,530.32592,5.296314,4.903394,0.808154,OverRange,OverRange,OverRange,14.523962,18.569564,865.29648,866.52856
2026/05/18 13:45:00.266,n,528.54888,5.439802,4.787803,0.594775,OverRange,OverRange,OverRange,14.551662,18.575928,862.65464,864.0476
2026/05/18 13:46:00.266,n,526.32928,5.869892,5.393676,0.590007,OverRange,OverRange,OverRange,14.494456,18.581278,859.60176,860.81864
2026/05/18 13:47:00.269,n,524.67792,4.487129,5.364994,0.766274,OverRange,OverRange,OverRange,14.528744,18.582322,858.19368,858.42048
2026/05/18 13:48:00.270,n,522.85992,3.894117,4.986752,0.791208,OverRange,OverRange,OverRange,14.567806,18.586594,854.81184,856.17472
2026/05/18 13:49:00.271,n,521.54744,4.284461,4.539099,0.561854,OverRange,OverRange,OverRange,14.547668,18.5909,854.19216,854.63544
2026/05/18 13:50:00.257,n,519.57208,4.593936,5.100211,0.642323,OverRange,OverRange,OverRange,14.544124,18.60049,851.65328,852.0272
2026/05/18 13:51:00.259,n,518.68756,4.846922,4.844056,0.415012,OverRange,OverRange,OverRange,14.426626,18.60049,851.0036,851.38408
2026/05/18 13:52:00.261,n,517.356,5.745032,4.989198,0.564928,OverRange,OverRange,OverRange,14.47405,18.604798,848.47976,849.91384
2026/05/18 13:53:00.264,n,515.67476,4.541079,4.821356,0.614472,OverRange,OverRange,OverRange,14.516882,18.61543,848.64256,847.80352
2026/05/18 13:54:00.265,n,514.66712,5.470379,5.273546,0.562096,OverRange,OverRange,OverRange,14.498754,18.621856,845.62704,846.602
2026/05/18 13:55:00.267,n,512.91644,5.904639,5.33251,0.653304,OverRange,OverRange,OverRange,14.607092,18.631482,842.3028,843.57296
2026/05/18 13:56:00.269,n,510.98088,5.503225,4.992357,0.558167,OverRange,OverRange,OverRange,14.529988,18.636832,840.564,841.45904
2026/05/18 13:57:00.272,n,509.38036,4.496851,4.80088,0.425749,OverRange,OverRange,OverRange,14.490178,18.643192,838.58408,839.35432
2026/05/18 13:58:00.257,n,508.00172,5.544035,4.977405,0.693409,OverRange,OverRange,OverRange,14.500244,18.652848,837.31144,837.95896
2026/05/18 13:59:00.259,n,506.70384,5.7129,5.344156,0.548694,OverRange,OverRange,OverRange,14.456396,18.671998,835.54856,836.35176
2026/05/18 14:00:00.261,n,505.02248,5.727322,5.360863,0.529711,OverRange,OverRange,OverRange,14.582684,18.67735,832.61392,833.73184
2026/05/18 14:01:00.262,n,502.75832,4.229634,4.694777,0.739813,OverRange,OverRange,OverRange,14.482102,18.686974,831.05848,831.04544
2026/05/18 14:02:00.264,n,501.2762,5.588706,5.531611,0.177268,OverRange,OverRange,OverRange,14.491192,18.694444,828.82848,829.61208
2026/05/18 14:03:00.267,n,499.4016,4.07632,4.935847,0.715812,OverRange,OverRange,OverRange,14.558716,18.704034,825.64272,826.96488
2026/05/18 14:04:00.269,n,497.70284,4.673672,5.170857,0.566226,OverRange,OverRange,OverRange,14.57662,18.711538,824.57328,824.93928
2026/05/18 14:05:00.271,n,495.81548,3.873836,4.532212,0.631894,OverRange,OverRange,OverRange,14.508566,18.72325,822.56272,822.47784
2026/05/18 14:06:00.273,n,494.45544,4.207787,4.807113,0.680367,OverRange,OverRange,OverRange,14.44127,18.731826,819.6708,820.88192
2026/05/18 14:07:00.258,n,492.2802,4.371422,5.111385,0.494973,OverRange,OverRange,OverRange,14.5262,18.741388,817.1984,818.29056
2026/05/18 14:08:00.260,n,489.86768,4.314319,4.67924,0.737144,OverRange,OverRange,OverRange,14.470516,18.745694,814.028,814.94864
2026/05/18 14:09:00.263,n,487.82616,5.692163,5.229378,0.514822,OverRange,OverRange,OverRange,14.452098,18.749314,811.26816,812.34448
2026/05/18 14:10:00.264,n,486.30272,5.562594,5.085585,0.642416,OverRange,OverRange,OverRange,14.275126,18.741782,809.31384,810.69896
2026/05/18 14:11:00.266,n,484.05724,4.348645,4.772906,0.529616,OverRange,OverRange,OverRange,14.21284,18.750392,806.89576,807.46488
2026/05/18 14:12:00.268,n,482.92692,4.43842,4.461142,0.587167,OverRange,OverRange,OverRange,14.310964,18.750392,804.27008,806.06256
2026/05/18 14:13:00.270,n,480.8186,5.358906,4.755998,0.543716,OverRange,OverRange,OverRange,14.332128,18.754632,800.81376,803.50976
2026/05/18 14:14:00.272,n,477.5848,4.120597,4.832002,0.77579,OverRange,OverRange,OverRange,14.250906,18.7653,800.05016,798.43168
2026/05/18 14:15:00.274,n,476.86696,4.137786,4.803831,0.62741,OverRange,OverRange,OverRange,14.215108,18.764256,795.02712,797.99832
2026/05/18 14:16:00.259,n,473.6952,4.116655,4.820469,0.619391,OverRange,OverRange,OverRange,14.115448,18.764256,792.76792,793.5308
2026/05/18 14:17:00.261,n,473.73612,4.523775,5.173538,0.603914,OverRange,OverRange,OverRange,14.163392,18.769542,792.64176,793.8152
2026/05/18 14:18:00.264,n,472.92192,4.784945,4.360352,0.264072,OverRange,OverRange,OverRange,14.281704,18.768498,790.18528,793.05008
2026/05/18 14:19:00.267,n,470.59096,5.260081,4.561485,0.627155,OverRange,OverRange,OverRange,14.264034,18.768498,789.18424,789.99904
2026/05/18 14:20:00.270,n,468.97472,4.078776,4.589984,0.678425,OverRange,OverRange,OverRange,14.334164,18.768498,787.288,787.64304
2026/05/18 14:21:00.269,n,466.80232,5.631751,4.511166,0.56029,OverRange,OverRange,OverRange,14.394146,18.771694,783.4744,785.01464
2026/05/18 14:22:00.273,n,464.95776,4.242412,4.675174,0.605595,OverRange,OverRange,OverRange,14.30188,18.771694,781.77576,782.80952
2026/05/18 14:23:00.274,n,460.79916,5.437221,5.14709,0.486057,OverRange,OverRange,OverRange,14.261526,18.777012,774.2652,776.64384
2026/05/18 14:24:00.275,n,461.2686,4.404038,5.085912,0.775707,OverRange,OverRange,OverRange,14.192638,18.78236,777.61552,777.3332
2026/05/18 14:25:00.261,n,460.15224,5.688483,4.949795,0.746685,OverRange,OverRange,OverRange,14.2842,18.783438,774.2652,776.30928
2026/05/18 14:26:00.262,n,457.076,5.348702,4.638673,0.554872,OverRange,OverRange,OverRange,14.511128,18.788792,770.47968,771.65936
2026/05/18 14:27:00.264,n,455.90332,4.478113,4.802581,0.61742,OverRange,OverRange,OverRange,14.444092,18.79414,768.31064,770.20608
2026/05/18 14:28:00.267,n,453.25028,4.346555,5.178792,0.686487,OverRange,OverRange,OverRange,14.400224,18.799456,764.90224,766.63864
2026/05/18 14:29:00.268,n,449.36752,4.241574,4.525441,0.562096,OverRange,OverRange,OverRange,14.369976,18.800502,759.41712,761.08856
2026/05/18 14:30:00.271,n,447.28532,4.982529,4.989116,0.790652,OverRange,OverRange,OverRange,14.360378,18.809048,758.5376,758.33512
2026/05/18 14:31:00.274,n,445.46428,5.570855,5.250688,0.522367,OverRange,OverRange,OverRange,14.29303,18.812276,754.62208,756.06304
2026/05/18 14:32:00.275,n,444.64144,4.272808,4.517293,0.247417,OverRange,OverRange,OverRange,14.141698,18.818642,753.80864,755.61128
2026/05/18 14:33:00.276,n,442.88792,5.47631,4.932537,0.559492,OverRange,OverRange,OverRange,14.109386,18.818642,751.41584,753.65816
2026/05/18 14:34:00.263,n,440.39712,4.242713,5.047805,0.708006,OverRange,OverRange,OverRange,14.12176,18.818642,748.73488,749.69968
2026/05/18 14:35:00.263,n,437.75376,4.572682,4.304957,0.143981,OverRange,OverRange,OverRange,14.132594,18.82187,745.93304,746.19584
2026/05/18 14:36:00.265,n,436.4552,4.511734,5.176218,0.646963,OverRange,OverRange,OverRange,14.24915,18.828264,742.95336,744.8484
2026/05/18 14:37:00.267,n,433.43996,5.584354,4.754075,0.59883,OverRange,OverRange,OverRange,14.263032,18.82934,738.61344,740.65288
2026/05/18 14:38:00.268,n,430.98624,4.140725,4.285696,0.267114,OverRange,OverRange,OverRange,14.240834,18.82934,736.24288,736.83496
2026/05/18 14:39:00.272,n,429.189,5.366803,4.747967,0.51676,OverRange,OverRange,OverRange,14.168692,18.82934,734.72712,734.9944
2026/05/18 14:40:00.272,n,427.90456,4.417621,5.036604,0.6031,OverRange,OverRange,OverRange,14.13413,18.83678,732.49944,733.7712
2026/05/18 14:41:00.275,n,425.37196,5.419753,5.240757,0.687098,OverRange,OverRange,OverRange,14.122762,18.837824,729.3124,730.4588
2026/05/18 14:42:00.276,n,423.34656,3.956998,4.560825,0.702036,OverRange,OverRange,OverRange,14.11846,18.844282,726.51136,727.8064
2026/05/18 14:43:00.265,n,420.03444,5.115589,4.833902,0.662415,OverRange,OverRange,OverRange,14.120744,18.842126,720.4588,723.34688
2026/05/18 14:44:00.264,n,416.25948,5.446786,5.07679,0.836417,OverRange,OverRange,OverRange,14.0011,18.837824,715.35792,717.7808
2026/05/18 14:45:00.265,n,413.76236,3.950927,4.807657,0.998005,OverRange,OverRange,OverRange,13.895554,18.83678,712.73296,714.55392
2026/05/18 14:46:00.270,n,411.73776,6.062558,5.102512,0.831187,OverRange,OverRange,OverRange,13.900854,18.83678,712.85176,711.78768
2026/05/18 14:47:00.270,n,411.5504,5.008633,4.829805,0.718591,OverRange,OverRange,OverRange,13.889506,18.830384,712.56448,712.63552
2026/05/18 14:48:00.273,n,409.83632,4.274773,4.496533,0.371297,OverRange,OverRange,OverRange,14.034912,18.832506,709.3696,710.65672
2026/05/18 14:49:00.273,n,407.70888,4.528448,5.209898,0.71168,OverRange,OverRange,OverRange,14.090474,18.832506,706.0172,708.15024
2026/05/18 14:50:00.276,n,404.62704,5.658571,4.639395,0.678744,OverRange,OverRange,OverRange,14.037196,18.82934,701.98496,704.1072
2026/05/18 14:51:00.278,n,401.61148,4.373368,5.044796,0.759337,OverRange,OverRange,OverRange,14.092236,18.822914,699.3848,700.01504
2026/05/18 14:52:00.262,n,398.93188,4.258095,4.21184,0.129585,OverRange,OverRange,OverRange,14.037196,18.82187,694.97072,696.49088
2026/05/18 14:53:00.264,n,396.47404,5.359021,4.759803,0.56758,OverRange,OverRange,OverRange,13.915518,18.815444,692.87968,694.03152
2026/05/18 14:54:00.266,n,393.55568,5.937314,5.092091,0.738738,OverRange,OverRange,OverRange,14.084656,18.819718,689.83248,689.40584
2026/05/18 14:55:00.270,n,392.22688,4.048416,4.736929,0.845405,OverRange,OverRange,OverRange,14.052856,18.811202,685.80632,688.04024
2026/05/18 14:56:00.270,n,389.08632,5.605777,5.193645,0.826853,OverRange,OverRange,OverRange,14.02182,18.815444,681.97144,683.74336
2026/05/18 14:57:00.273,n,386.91164,5.940159,4.862541,0.821138,OverRange,OverRange,OverRange,14.001852,18.810124,680.35584,681.13888
2026/05/18 14:58:00.274,n,384.15124,5.671532,4.870774,0.599548,OverRange,OverRange,OverRange,13.9395,18.811464,675.61048,677.59928
2026/05/18 14:59:00.276,n,380.4902,4.122118,4.813467,0.719359,OverRange,OverRange,OverRange,13.903118,18.807222,668.5706,672.52488
2026/05/18 15:00:00.278,n,377.42032,5.172314,4.823821,0.798616,OverRange,OverRange,OverRange,13.829356,18.808266,669.54944,668.3488
2026/05/18 15:01:00.264,n,374.61876,3.914199,4.905731,0.758827,OverRange,OverRange,OverRange,13.802578,18.810388,662.1676,664.84088
2026/05/18 15:02:00.265,n,373.93848,4.202616,4.923621,0.84916,OverRange,OverRange,OverRange,13.80333,18.80298,664.24068,664.59416
2026/05/18 15:03:00.270,n,373.36856,5.734529,5.202766,0.782152,OverRange,OverRange,OverRange,13.814468,18.804024,663.2094,664.9864
2026/05/18 15:04:00.270,n,369.97452,4.032764,4.314923,0.17998,OverRange,OverRange,OverRange,13.842,18.80298,658.00484,660.09016
2026/05/18 15:05:00.272,n,367.26196,4.436063,4.434102,0.551599,OverRange,OverRange,OverRange,13.8084,18.80618,652.83716,656.6026
2026/05/18 15:06:00.274,n,363.57616,5.455775,4.693029,0.776485,OverRange,OverRange,OverRange,13.765448,18.797598,651.48308,650.8412
2026/05/18 15:07:00.276,n,361.45788,4.109031,4.790564,0.599324,OverRange,OverRange,OverRange,13.958406,18.795444,646.333,647.9234
2026/05/18 15:08:00.277,n,359.82216,4.215803,4.244395,0.083916,OverRange,OverRange,OverRange,13.866994,18.789114,644.4724,645.83516
2026/05/18 15:09:00.280,n,356.61412,4.23567,4.02777,0.154783,OverRange,OverRange,OverRange,13.973068,18.78696,637.06396,641.85492
2026/05/18 15:10:00.268,n,352.21812,5.418115,4.779363,0.860374,OverRange,OverRange,OverRange,13.942764,18.785886,634.24452,635.40184
2026/05/18 15:11:00.267,n,349.54588,4.252302,4.602717,0.751225,OverRange,OverRange,OverRange,13.855134,18.78481,631.57196,631.48968
2026/05/18 15:12:00.270,n,348.28908,4.212374,4.842908,0.691117,OverRange,OverRange,OverRange,13.822556,18.776232,626.63768,630.53716
2026/05/18 15:13:00.272,n,346.77872,5.313513,4.6071,0.658971,OverRange,OverRange,OverRange,13.768498,18.77202,630.39244,628.97136
2026/05/18 15:14:00.273,n,345.19212,3.913409,4.533246,0.528891,OverRange,OverRange,OverRange,13.661586,18.765594,623.71588,627.32024
2026/05/18 15:15:00.274,n,341.54812,5.584575,5.474454,0.274117,OverRange,OverRange,OverRange,13.808146,18.769866,620.44536,621.47688
2026/05/18 15:16:00.276,n,339.20804,5.521736,5.338153,0.606285,OverRange,OverRange,OverRange,13.83897,18.760246,616.9768,618.26192
2026/05/18 15:17:00.279,n,337.0308,6.146307,5.50884,0.624702,OverRange,OverRange,OverRange,13.879136,18.756002,612.01668,614.8692
2026/05/18 15:18:00.282,n,333.7622,5.542444,5.635619,0.135486,OverRange,OverRange,OverRange,13.795776,18.749608,608.74236,610.26152
2026/05/18 15:19:00.266,n,330.8223,4.357446,5.567242,0.607489,OverRange,OverRange,OverRange,13.802578,18.745302,602.91096,605.96852
2026/05/18 15:20:00.269,n,326.16498,5.486318,5.207331,0.480932,OverRange,OverRange,OverRange,13.829886,18.732548,597.18548,598.69072
2026/05/18 15:21:00.271,n,322.23114,4.19119,4.566746,0.676772,OverRange,OverRange,OverRange,13.76444,18.72077,591.00976,592.9344
2026/05/18 15:22:00.272,n,320.59838,5.177726,5.397839,0.681024,OverRange,OverRange,OverRange,13.787166,18.713266,592.88348,591.58368
2026/05/18 15:23:00.275,n,319.92684,4.390709,4.52034,0.58904,OverRange,OverRange,OverRange,13.743474,18.710166,590.44972,591.87016
2026/05/18 15:24:00.276,n,316.95614,5.562966,4.634296,0.600971,OverRange,OverRange,OverRange,13.65274,18.703708,586.87032,588.21356
2026/05/18 15:25:00.277,n,312.85232,4.528815,4.979897,0.714925,OverRange,OverRange,OverRange,13.745234,18.694116,579.82612,581.893
2026/05/18 15:26:00.279,n,311.14234,4.777557,4.943871,0.603105,OverRange,OverRange,OverRange,13.739422,18.685538,581.1264,580.6214
2026/05/18 15:27:00.283,n,309.20486,5.668164,5.448204,0.235032,OverRange,OverRange,OverRange,13.765702,18.687658,577.6028,578.4632
2026/05/18 15:28:00.267,n,307.05404,4.714634,5.312096,0.71814,OverRange,OverRange,OverRange,13.707072,18.6781,573.85132,575.52644
2026/05/18 15:29:00.269,n,304.24334,4.500796,4.938534,0.690236,OverRange,OverRange,OverRange,13.755086,18.672718,569.70624,571.5354
2026/05/18 15:30:00.271,n,301.17258,4.390775,4.471329,0.473368,OverRange,OverRange,OverRange,13.928874,18.662048,564.94732,566.51068
2026/05/18 15:31:00.258,n,297.91372,5.738095,4.970126,0.650718,OverRange,OverRange,OverRange,13.888982,18.651382,560.01308,561.96868
2026/05/18 15:32:00.276,n,295.69656,5.543354,5.066122,0.804458,OverRange,OverRange,OverRange,13.806132,18.643912,558.66388,559.25092
2026/05/18 15:33:00.276,n,293.19378,4.350121,4.852324,0.444678,OverRange,OverRange,OverRange,13.742726,18.640714,554.25356,556.26336
2026/05/18 15:34:00.280,n,290.30808,5.770804,5.244192,0.553043,OverRange,OverRange,OverRange,13.738668,18.633276,550.75756,552.4118
2026/05/18 15:35:00.281,n,286.58706,3.983694,4.998513,0.696475,OverRange,OverRange,OverRange,13.762172,18.63112,544.79024,546.93
2026/05/18 15:36:00.283,n,282.75574,5.49605,5.251748,0.598141,OverRange,OverRange,OverRange,13.913712,18.633276,539.08504,540.8224
2026/05/18 15:37:00.268,n,280.2431,5.614006,4.761042,0.73495,OverRange,OverRange,OverRange,13.989218,18.62362,535.7654,537.00432
2026/05/18 15:38:00.271,n,277.46408,5.508641,5.319744,0.542693,OverRange,OverRange,OverRange,13.999568,18.622576,531.91284,533.4732
2026/05/18 15:39:00.274,n,274.67742,4.10522,4.646469,0.595923,OverRange,OverRange,OverRange,13.999314,18.627958,528.86096,529.40436
2026/05/18 15:40:00.275,n,272.26852,4.281292,4.994176,0.574893,OverRange,OverRange,OverRange,13.774536,18.633276,524.50848,526.6352
2026/05/18 15:41:00.276,n,268.96482,4.745938,4.934549,0.569643,OverRange,OverRange,OverRange,13.782374,18.62362,519.86552,521.70128
2026/05/18 15:42:00.278,n,266.87876,5.441764,5.293528,0.438886,OverRange,OverRange,OverRange,13.8862,18.6215,517.90356,519.18736
2026/05/18 15:43:00.281,n,262.88682,5.305531,4.778476,0.704993,OverRange,OverRange,OverRange,13.807898,18.615138,511.55328,513.01928
2026/05/18 15:44:00.284,n,261.15048,5.438427,5.329764,0.465106,OverRange,OverRange,OverRange,13.69875,18.6215,510.57628,511.52548
2026/05/18 15:45:00.285,n,258.5704,4.288555,4.80115,0.624389,OverRange,OverRange,OverRange,13.71667,18.622576,505.288,508.23836
2026/05/18 15:46:00.270,n,254.7008,4.336053,4.682688,0.586031,OverRange,OverRange,OverRange,13.847546,18.62473,500.80144,502.1672
2026/05/18 15:47:00.271,n,251.91836,4.100459,4.456819,0.771466,OverRange,OverRange,OverRange,13.808136,18.6215,495.85536,498.562
2026/05/18 15:48:00.257,n,248.67644,5.443706,5.130985,0.692811,OverRange,OverRange,OverRange,13.817506,18.626848,491.3166,493.81816
2026/05/18 15:49:00.259,n,245.5727,5.362838,5.136886,0.767186,OverRange,OverRange,OverRange,13.797028,18.633276,489.02776,489.5228
2026/05/18 15:50:00.261,n,242.68376,5.656302,5.565688,0.160413,OverRange,OverRange,OverRange,13.712388,18.629002,483.28972,485.90868
2026/05/18 15:51:00.263,n,240.49674,6.069326,4.779753,0.815445,OverRange,OverRange,OverRange,13.611552,18.6215,480.37068,482.93224
2026/05/18 15:52:00.265,n,237.57854,5.307781,5.100504,0.763809,OverRange,OverRange,OverRange,13.616858,18.6215,479.71236,478.933
2026/05/18 15:53:00.268,n,235.29876,5.37432,4.919335,0.598139,OverRange,OverRange,OverRange,13.617864,18.619348,473.765,476.2216
2026/05/18 15:54:00.269,n,230.38056,4.311363,5.285674,0.479496,OverRange,OverRange,OverRange,13.6022,18.608678,466.4226,467.85432
2026/05/18 15:55:00.271,n,228.50044,4.195958,4.22747,0.208057,OverRange,OverRange,OverRange,13.562516,18.601272,466.62248,465.70688
2026/05/18 15:56:00.256,n,225.78472,4.346838,4.58373,0.657355,OverRange,OverRange,OverRange,13.622926,18.596968,460.16884,462.34676
2026/05/18 15:57:00.259,n,223.3249,4.395712,4.312438,0.096935,OverRange,OverRange,OverRange,13.65679,18.584146,459.25452,459.04948
2026/05/18 15:58:00.261,n,220.97588,4.340667,4.414791,0.603979,OverRange,OverRange,OverRange,13.633784,18.573448,453.28668,456.22976
2026/05/18 15:59:00.262,n,216.89808,4.439946,4.595961,0.668902,OverRange,OverRange,OverRange,13.574388,18.56066,446.95332,449.75388
2026/05/18 16:00:00.265,n,213.55442,5.112505,4.229456,0.454347,OverRange,OverRange,OverRange,13.554402,18.545686,443.16524,444.6066
2026/05/18 16:01:00.267,n,211.36652,5.337488,4.704087,0.64351,OverRange,OverRange,OverRange,13.518768,18.532866,441.1692,442.13972
2026/05/18 16:02:00.269,n,208.34978,4.291697,4.644649,0.561398,OverRange,OverRange,OverRange,13.489924,18.517892,435.60044,437.75368
2026/05/18 16:03:00.271,n,205.48906,4.199652,4.063069,0.134383,OverRange,OverRange,OverRange,13.384466,18.505104,432.42388,434.21532
2026/05/18 16:04:00.258,n,202.48936,4.269362,4.413258,0.566428,OverRange,OverRange,OverRange,13.353602,18.485858,428.07452,429.83096
2026/05/18 16:05:00.258,n,199.34382,4.473053,4.986029,0.542187,OverRange,OverRange,OverRange,13.433788,18.469812,423.20808,424.92744
2026/05/18 16:06:00.261,n,196.82348,4.286715,4.513754,0.510445,OverRange,OverRange,OverRange,13.437344,18.458066,420.23964,421.67656
2026/05/18 16:07:00.263,n,193.65856,5.606961,4.934183,0.54609,OverRange,OverRange,OverRange,13.442892,18.447398,414.77912,417.32272
2026/05/18 16:08:00.263,n,190.09792,5.3988,5.51546,0.456677,OverRange,OverRange,OverRange,13.395844,18.427402,409.64596,411.82112
2026/05/18 16:09:00.266,n,187.28338,5.644476,4.970502,0.726352,OverRange,OverRange,OverRange,13.400406,18.4094,405.81444,407.38916
2026/05/18 16:10:00.268,n,184.18378,4.254442,4.242869,0.163844,OverRange,OverRange,OverRange,13.301478,18.396676,401.44484,402.78676
2026/05/18 16:11:00.270,n,181.7436,5.473619,4.832035,0.683547,OverRange,OverRange,OverRange,13.409776,18.376518,397.50932,399.11132
2026/05/18 16:12:00.272,n,178.43458,4.323885,5.217147,0.702869,OverRange,OverRange,OverRange,13.277182,18.359488,391.85428,394.42812
2026/05/18 16:13:00.258,n,175.10774,4.546254,5.102597,0.60027,OverRange,OverRange,OverRange,13.320974,18.33933,387.05312,388.84728
2026/05/18 16:14:00.259,n,172.51196,5.95487,5.493659,0.610921,OverRange,OverRange,OverRange,13.369802,18.32129,384.58816,385.78444
2026/05/18 16:15:00.262,n,169.80018,5.905465,5.373339,0.637088,OverRange,OverRange,OverRange,13.413316,18.307494,380.49936,382.152
2026/05/18 16:16:00.264,n,166.49504,4.687761,5.269511,0.574684,OverRange,OverRange,OverRange,13.344244,18.29262,373.72856,376.89416
2026/05/18 16:17:00.265,n,162.81242,3.937126,4.739071,0.702517,OverRange,OverRange,OverRange,13.23494,18.279834,368.56416,370.63296
2026/05/18 16:18:00.268,n,159.43758,5.586058,5.144144,0.821463,OverRange,OverRange,OverRange,13.334362,18.273472,363.7858,365.27152
2026/05/18 16:19:00.269,n,156.5462,4.273921,5.338022,0.811489,OverRange,OverRange,OverRange,13.442898,18.264992,358.5554,360.95812
2026/05/18 16:20:00.271,n,152.85242,4.406997,4.640811,0.29039,OverRange,OverRange,OverRange,13.433812,18.299664,352.93384,354.59116
2026/05/18 16:21:00.273,n,150.5335,4.511512,5.03459,0.70005,OverRange,OverRange,OverRange,13.535396,18.295426,349.87916,351.34976
2026/05/18 16:22:00.259,n,147.9322,4.281317,4.588116,0.746075,OverRange,OverRange,OverRange,13.559942,18.290108,346.14512,347.81508
2026/05/18 16:23:00.261,n,144.43716,5.629223,5.340383,0.65842,OverRange,OverRange,OverRange,13.541474,18.281594,339.98604,342.10912
2026/05/18 16:24:00.263,n,141.69998,4.860369,5.311188,0.471632,OverRange,OverRange,OverRange,13.49849,18.275202,335.28498,337.42128
2026/05/18 16:25:00.265,n,138.9401,4.435138,4.529062,0.694948,OverRange,OverRange,OverRange,13.33429,18.26248,331.59446,333.06388
2026/05/18 16:26:00.269,n,136.50842,4.880105,5.090685,0.479611,OverRange,OverRange,OverRange,13.197622,18.252892,328.61602,330.04772
2026/05/18 16:27:00.269,n,133.69604,5.043744,4.85035,0.530764,OverRange,OverRange,OverRange,13.315304,18.243364,321.39472,325.06204
2026/05/18 16:28:00.273,n,129.6194,4.234253,4.203496,0.494863,OverRange,OverRange,OverRange,13.32012,18.216782,314.1565,316.96302
2026/05/18 16:29:00.274,n,126.51068,4.098185,4.659238,0.829749,OverRange,OverRange,OverRange,13.303926,18.205104,308.96038,311.34488
2026/05/18 16:30:00.275,n,123.5146,5.436863,5.347574,0.620292,OverRange,OverRange,OverRange,13.272786,18.182762,304.60642,306.35696
2026/05/18 16:31:00.260,n,120.90238,5.669309,5.19151,0.61618,OverRange,OverRange,OverRange,13.312272,18.16469,300.43774,301.80416
2026/05/18 16:32:00.264,n,118.16264,4.097544,4.374294,0.528114,OverRange,OverRange,OverRange,13.240632,18.143456,295.1116,297.34362
2026/05/18 16:33:00.265,n,115.47898,5.953845,4.987826,0.932881,OverRange,OverRange,OverRange,13.31506,18.125386,291.0781,293.1905
2026/05/18 16:34:00.268,n,112.4884,5.51096,5.009772,0.787557,OverRange,OverRange,OverRange,13.265706,18.101966,285.87634,287.58544
2026/05/18 16:35:00.270,n,110.2525,5.189138,5.420898,0.133042,OverRange,OverRange,OverRange,13.17686,18.08393,282.41364,283.90284
2026/05/18 16:36:00.270,n,107.5424,5.010743,4.513405,0.355142,OverRange,OverRange,OverRange,13.222932,18.060544,275.6377,278.5516
2026/05/18 16:37:00.273,n,104.26534,5.532254,5.338132,0.483808,OverRange,OverRange,OverRange,13.218628,18.039246,270.19226,272.21176
2026/05/18 16:38:00.274,n,101.68624,5.704694,4.918985,0.709182,OverRange,OverRange,OverRange,13.09102,18.028578,264.20062,266.8075
2026/05/18 16:39:00.275,n,98.828192,4.027495,5.262189,0.622061,OverRange,OverRange,OverRange,13.132792,17.999876,260.03552,261.2976
2026/05/18 16:40:00.263,n,97.346192,5.512237,5.567243,0.469033,OverRange,OverRange,OverRange,13.057842,17.981808,256.84516,258.62278
2026/05/18 16:41:00.265,n,94.782352,3.868661,5.285102,0.695183,OverRange,OverRange,OverRange,13.051178,17.956238,250.87348,253.62996
2026/05/18 16:42:00.266,n,91.980264,5.533076,5.270432,0.475193,OverRange,OverRange,OverRange,12.98405,17.933926,245.0436,247.34174
2026/05/18 16:43:00.267,n,89.362912,3.768896,4.938326,0.767295,OverRange,OverRange,OverRange,12.91119,17.899908,240.86008,242.17012
2026/05/18 16:44:00.269,n,87.299832,4.050752,4.234659,0.132168,OverRange,OverRange,OverRange,12.895036,17.877534,236.84602,238.46714
2026/05/18 16:45:00.271,n,84.73344,4.372279,4.881258,0.780296,OverRange,OverRange,OverRange,12.826772,17.852,230.57792,233.28852
2026/05/18 16:46:00.274,n,82.292384,4.268989,4.684414,0.531425,OverRange,OverRange,OverRange,12.845424,17.823266,225.31832,227.37946
2026/05/18 16:47:00.275,n,80.002848,4.064924,5.071143,0.736603,OverRange,OverRange,OverRange,12.846934,17.79238,220.81536,222.83418
2026/05/18 16:48:00.277,n,77.482888,4.189289,4.928663,0.696902,OverRange,OverRange,OverRange,12.900334,17.765732,214.82984,217.45068
2026/05/18 16:49:00.263,n,75.290992,5.612512,5.140651,0.678843,OverRange,OverRange,OverRange,12.887666,17.734784,209.88714,212.20918
2026/05/18 16:50:00.265,n,72.643,5.371283,4.448876,0.703856,OverRange,OverRange,OverRange,12.902532,17.710322,204.67978,206.5875
2026/05/18 16:51:00.268,n,70.715008,4.56896,4.822043,0.586008,OverRange,OverRange,OverRange,12.86348,17.68159,201.00358,202.67256
2026/05/18 16:52:00.331,n,68.402896,4.026322,5.154787,0.844684,OverRange,OverRange,OverRange,12.756622,17.657064,195.22592,197.2798
2026/05/18 16:53:00.408,n,65.903596,5.424319,4.868356,0.772719,OverRange,OverRange,OverRange,12.722356,17.629376,189.0725,191.619
2026/05/18 16:54:00.274,n,63.642932,5.636585,5.048809,0.532157,OverRange,OverRange,OverRange,12.681254,17.601654,183.97312,186.05294
2026/05/18 16:55:00.274,n,61.024568,4.939584,4.848485,0.761835,OverRange,OverRange,OverRange,12.789902,17.576086,177.90572,180.04756
2026/05/18 16:56:00.277,n,58.524368,4.56203,4.929594,0.461873,OverRange,OverRange,OverRange,12.850632,17.5484,172.90516,174.93958
2026/05/18 16:57:00.279,n,55.964248,3.943797,4.476336,0.551222,OverRange,OverRange,OverRange,12.687552,17.517482,167.5657,169.5508
2026/05/18 16:58:00.265,n,53.74182,5.426495,4.922182,0.686441,OverRange,OverRange,OverRange,12.574856,17.486566,162.39418,164.74036
2026/05/18 16:59:00.266,n,51.596756,4.337034,4.958256,0.690163,OverRange,OverRange,OverRange,12.44016,17.462012,157.10846,159.212
2026/05/18 17:00:00.268,n,49.34546,5.444918,4.797608,0.690781,OverRange,OverRange,OverRange,12.384396,17.42363,151.9794,154.24574
2026/05/18 17:01:00.271,n,47.194488,4.298393,4.72605,0.436246,OverRange,OverRange,OverRange,12.397258,17.386322,146.17154,148.69776
2026/05/18 17:02:00.271,n,44.672608,5.433031,4.475472,0.469557,OverRange,OverRange,OverRange,12.3912,17.342622,140.84744,142.99312
2026/05/18 17:03:00.275,n,42.306356,3.805691,4.885858,0.758354,OverRange,OverRange,OverRange,12.327862,17.303134,135.23922,137.5466
2026/05/18 17:04:00.276,n,40.098552,5.589341,5.028773,0.535133,OverRange,OverRange,OverRange,12.261998,17.26472,130.0252,132.1174
2026/05/18 17:05:00.278,n,38.067288,4.178054,4.888951,0.797266,OverRange,OverRange,OverRange,12.223094,17.212414,122.92214,126.65932
2026/05/18 17:06:00.279,n,35.766596,5.238907,4.761618,0.775882,OverRange,OverRange,OverRange,12.223354,17.169762,91.807392,106.75982
2026/05/18 17:07:00.264,n,33.680164,4.329158,5.035647,0.606549,OverRange,OverRange,OverRange,12.15948,17.121664,60.7418,71.243232
2026/05/18 17:08:00.266,n,31.774382,5.859882,5.101309,0.650008,OverRange,OverRange,OverRange,12.175894,17.066168,65.090148,60.348636
2026/05/18 17:09:00.268,n,29.566062,4.273627,5.21143,0.4941,OverRange,OverRange,OverRange,12.145082,17.012756,91.739304,80.9656
2026/05/18 17:10:00.272,n,27.417792,4.401625,4.586641,0.577376,OverRange,OverRange,OverRange,12.093812,17.009136,97.179608,97.154352
2026/05/18 17:11:00.272,n,25.800172,4.455553,4.309302,0.118302,OverRange,OverRange,OverRange,12.087062,16.94826,92.42376,94.49708
2026/05/18 17:12:00.275,n,23.830114,4.713632,4.738208,0.560255,OverRange,OverRange,OverRange,11.944052,16.900134,88.313456,90.252832
2026/05/18 17:13:00.277,n,22.153732,4.679984,5.080558,0.586749,OverRange,OverRange,OverRange,11.889958,16.837042,82.92024,85.113104
2026/05/18 17:14:00.279,n,20.13145,5.324477,4.576254,0.515823,OverRange,OverRange,OverRange,11.897542,16.771864,77.357592,79.649944
2026/05/18 17:15:00.280,n,18.339214,4.358654,4.889068,0.712933,OverRange,OverRange,OverRange,11.80097,16.707634,72.386216,74.530008
2026/05/18 17:16:00.268,n,16.45563,5.282297,4.920371,0.412149,OverRange,OverRange,OverRange,11.759506,16.64347,66.64438,69.087056
2026/05/18 17:17:00.268,n,14.620538,4.7812,4.939998,0.52491,OverRange,OverRange,OverRange,11.78479,16.576014,60.637364,63.064348
2026/05/18 17:18:00.271,n,12.690636,5.501524,5.459719,0.460669,OverRange,OverRange,OverRange,11.769856,16.516056,54.75168,57.233272
2026/05/18 17:19:00.272,n,10.891984,4.79305,5.458689,0.335283,OverRange,OverRange,OverRange,11.628216,16.448604,48.654564,51.261748
2026/05/18 17:20:00.470,n,9.29977,4.45841,4.874675,0.514152,OverRange,OverRange,OverRange,11.580654,16.401366,41.84484,44.625916
2026/05/18 17:21:00.276,n,7.905394,5.551154,5.079545,0.933633,OverRange,OverRange,OverRange,11.581152,16.327458,36.630296,38.793552
2026/05/18 17:22:00.278,n,6.657538,4.701066,5.096299,0.575116,OverRange,OverRange,OverRange,11.420674,16.256714,31.020542,33.200608
2026/05/18 17:23:00.281,n,5.231473,5.587741,5.57161,0.18543,OverRange,OverRange,OverRange,11.364468,16.184864,23.298042,26.887624
2026/05/18 17:24:00.282,n,4.040583,5.614532,5.416646,0.619729,OverRange,OverRange,OverRange,11.249228,16.110882,14.887506,18.254826
2026/05/18 17:25:00.269,n,2.758471,5.050003,5.45708,0.201519,OverRange,OverRange,OverRange,11.188924,16.031458,10.122952,11.6131
2026/05/18 17:26:00.270,n,2.165464,4.407743,5.245546,0.809893,OverRange,OverRange,OverRange,11.175762,15.96064,6.084828,7.86533
2026/05/18 17:27:00.273,n,1.236052,5.555809,5.099231,0.633099,OverRange,OverRange,OverRange,11.126846,15.886564,3.682841,4.74075
2026/05/18 17:28:00.275,n,0.523083,4.465793,5.084497,0.610336,OverRange,OverRange,OverRange,11.075384,15.840734,2.156771,2.655905
2026/05/18 17:29:00.277,n,0.052347,4.27053,5.045639,0.627631,OverRange,OverRange,OverRange,11.078404,15.764458,1.3643,1.762498
2026/05/18 17:30:00.278,n,-0.374511,5.679235,4.807198,0.463512,OverRange,OverRange,OverRange,11.04747,15.691642,0.991101,1.059273
2026/05/18 17:31:00.280,n,-0.959178,4.395814,4.640048,0.660276,OverRange,OverRange,OverRange,11.010214,15.614784,0.19863,0.522939
2026/05/18 17:32:00.281,n,-1.429915,5.327495,4.902429,0.600084,OverRange,OverRange,OverRange,10.993988,15.54321,-0.047098,0.060323
2026/05/18 17:33:00.285,n,-1.827648,4.212116,4.960363,0.549383,OverRange,OverRange,OverRange,10.936422,15.471602,-0.781721,-0.422088
2026/05/18 17:34:00.269,n,-2.251939,5.590527,5.280498,0.461563,OverRange,OverRange,OverRange,10.906738,15.402164,-1.061748,-0.93914
2026/05/18 17:35:00.271,n,-2.728834,5.310163,4.972589,0.598962,OverRange,OverRange,OverRange,10.897366,15.3369,-1.809169,-1.495696
2026/05/18 17:36:00.275,n,-3.082688,4.448035,4.692438,0.6599,OverRange,OverRange,OverRange,10.8588,15.297596,-2.287826,-1.999522
2026/05/18 17:37:00.275,n,-2.734607,4.378771,5.139642,0.674837,OverRange,OverRange,OverRange,10.884746,15.22591,-2.077421,-1.760279
2026/05/18 17:38:00.281,n,-2.918976,4.273613,4.772566,0.464617,OverRange,OverRange,OverRange,10.85989,15.16386,-2.205917,-2.225285
2026/05/18 17:39:00.263,n,-3.249992,5.011515,5.144977,0.555534,OverRange,OverRange,OverRange,10.825644,15.087846,-2.544816,-2.418027
2026/05/18 17:40:00.265,n,-3.492738,4.67521,5.123965,0.678357,OverRange,OverRange,OverRange,10.793666,15.031108,-2.848392,-2.7937
2026/05/18 17:41:00.266,n,-3.659529,5.199409,5.140701,0.593323,OverRange,OverRange,OverRange,10.767792,14.95829,-2.918527,-2.856071
2026/05/18 17:42:00.271,n,-4.136552,5.438394,5.088458,0.4651,OverRange,OverRange,OverRange,10.738358,14.894012,-3.595813,-3.255207
2026/05/18 17:43:00.270,n,-4.157209,4.313861,4.971682,0.543794,OverRange,OverRange,OverRange,10.705348,14.827566,-3.163742,-3.301878
2026/05/18 17:44:00.274,n,-4.455637,4.34384,4.604022,0.542413,OverRange,OverRange,OverRange,10.721852,14.7643,-3.829766,-3.512197
2026/05/18 17:45:00.258,n,-4.540572,4.849857,5.308428,0.256102,OverRange,OverRange,OverRange,10.712704,14.70537,-3.922938,-3.740007
2026/05/18 17:46:00.260,n,-4.549425,5.422838,5.463986,0.510689,OverRange,OverRange,OverRange,10.682246,14.686242,-4.227026,-4.00698
2026/05/18 17:47:00.267,n,-4.332981,5.624878,5.104276,0.493411,OverRange,OverRange,OverRange,10.737936,14.621886,-4.074982,-3.944695
2026/05/18 17:48:00.265,n,-4.47655,4.132251,4.853007,0.438423,OverRange,OverRange,OverRange,10.740708,14.56286,-3.911675,-3.899986
2026/05/18 17:49:00.265,n,-4.602413,5.246531,4.86481,0.481737,OverRange,OverRange,OverRange,10.724732,14.51133,-3.911675,-4.075152
2026/05/18 17:50:00.268,n,-4.68722,4.807982,5.010785,0.60009,OverRange,OverRange,OverRange,10.702658,14.453346,-4.227026,-4.215507
2026/05/18 17:51:00.269,n,-4.839642,3.946794,4.447038,0.509467,OverRange,OverRange,OverRange,10.711522,14.397516,-4.063719,-4.301256
2026/05/18 17:52:00.271,n,-5.012207,4.350326,4.523676,0.783285,OverRange,OverRange,OverRange,10.716854,14.34597,-4.460979,-4.451167
2026/05/18 17:53:00.257,n,-5.067761,3.942498,4.665047,0.593812,OverRange,OverRange,OverRange,10.704656,14.294394,-4.519339,-4.614815
2026/05/18 17:54:00.258,n,-5.23173,4.289562,4.775889,0.755409,OverRange,OverRange,OverRange,10.66177,14.243894,-4.589474,-4.679232
2026/05/18 17:55:00.261,n,-5.140893,5.921885,5.076377,0.715729,OverRange,OverRange,OverRange,10.689938,14.20307,-4.601249,-4.587682
2026/05/18 17:56:00.263,n,-4.991807,5.888797,4.615536,0.637953,OverRange,OverRange,OverRange,10.697062,14.151446,-4.636572,-4.554578
2026/05/18 17:57:00.265,n,-5.164628,5.514396,5.186854,0.480386,OverRange,OverRange,OverRange,10.671412,14.104156,-4.285898,-4.534953
2026/05/18 17:58:00.267,n,-4.883393,4.700411,5.11252,0.699965,OverRange,OverRange,OverRange,10.664048,14.04934,-4.683158,-4.5155
2026/05/18 17:59:00.269,n,-5.11767,4.383205,4.745237,0.546906,OverRange,OverRange,OverRange,10.658732,14.010604,-4.519339,-4.618739
2026/05/18 18:00:00.271,n,-5.231858,5.315205,5.156848,0.544238,OverRange,OverRange,OverRange,10.638692,13.9568,-4.940148,-4.80986
2026/05/18 18:01:00.260,n,-5.120493,4.573825,4.775872,0.439959,OverRange,OverRange,OverRange,10.625978,13.918098,-4.998508,-5.01233
2026/05/18 18:02:00.260,n,-5.21736,4.433187,4.959747,0.595779,OverRange,OverRange,OverRange,10.613796,13.872878,-4.963185,-4.887589
2026/05/18 18:03:00.260,n,-5.249435,5.499931,5.141701,0.552162,OverRange,OverRange,OverRange,10.61937,13.828752,-5.103966,-4.961819
2026/05/18 18:04:00.264,n,-5.299216,5.718149,4.89819,0.766637,OverRange,OverRange,OverRange,10.596786,13.792136,-4.881787,-4.955847
2026/05/18 18:05:00.264,n,-5.299344,4.18871,4.662187,0.539691,OverRange,OverRange,OverRange,10.540142,13.757668,-4.647834,-4.844672
2026/05/18 18:06:00.266,n,-5.445736,4.525175,4.875018,0.488843,OverRange,OverRange,OverRange,10.504568,13.747246,-4.647834,-4.801926
2026/05/18 18:07:00.269,n,-5.05352,5.504663,5.221987,0.589249,OverRange,OverRange,OverRange,10.570542,13.699878,-4.846976,-4.679488
2026/05/18 18:08:00.270,n,-5.062372,4.642444,5.224886,0.384233,OverRange,OverRange,OverRange,10.53624,13.666474,-4.940148,-4.952263
2026/05/18 18:09:00.274,n,-5.100221,5.560407,4.721045,0.434301,OverRange,OverRange,OverRange,10.554784,13.636276,-4.963696,-4.913186
2026/05/18 18:10:00.259,n,-5.161806,5.934526,5.37518,0.673646,OverRange,OverRange,OverRange,10.523036,13.601794,-5.174613,-4.973679
2026/05/18 18:11:00.260,n,-5.097399,4.58453,5.244107,0.673118,OverRange,OverRange,OverRange,10.534226,13.573764,-4.882299,-5.004822
2026/05/18 18:12:00.262,n,-5.158983,4.484025,4.47046,0.099276,OverRange,OverRange,OverRange,10.543346,13.541416,-4.975471,-4.940489
2026/05/18 18:13:00.265,n,-5.296522,5.340914,4.728203,0.557084,OverRange,OverRange,OverRange,10.540568,13.505846,-5.291333,-4.993047
2026/05/18 18:14:00.266,n,-5.079821,4.692215,5.131853,0.734834,OverRange,OverRange,OverRange,10.500926,13.475666,-4.963696,-4.999019
2026/05/18 18:15:00.269,n,-5.346174,5.422941,5.003775,0.618329,OverRange,OverRange,OverRange,10.5144,13.445486,-4.917111,-5.026152
2026/05/18 18:16:00.270,n,-5.117799,4.579245,4.785865,0.406918,OverRange,OverRange,OverRange,10.513388,13.415276,-4.788615,-4.811908
2026/05/18 18:17:00.272,n,-5.258288,4.614009,4.890485,0.410182,OverRange,OverRange,OverRange,10.490276,13.382896,-4.823427,-4.813871
2026/05/18 18:18:00.274,n,-5.381328,5.185747,5.408082,0.115957,OverRange,OverRange,OverRange,10.472224,13.3749,-4.85875,-4.864638
2026/05/18 18:19:00.262,n,-4.834253,4.526306,5.467023,0.530359,OverRange,OverRange,OverRange,10.462164,13.340372,-4.905848,-4.742115
2026/05/18 18:20:00.264,n,-4.828351,5.619066,5.063229,0.557686,OverRange,OverRange,OverRange,10.46902,13.308012,-4.928885,-4.777267
2026/05/18 18:21:00.264,n,-4.907385,4.443647,4.671782,0.361555,OverRange,OverRange,OverRange,10.454788,13.268078,-4.928885,-4.835799
2026/05/18 18:22:00.266,n,-5.130115,5.854202,5.063436,0.635661,OverRange,OverRange,OverRange,10.449208,13.240002,-4.672407,-4.749964
2026/05/18 18:23:00.268,n,-5.009897,4.418962,4.420452,0.265881,OverRange,OverRange,OverRange,10.400926,13.205476,-4.60176,-4.679744
2026/05/18 18:24:00.270,n,-5.223903,4.548623,4.705023,0.418191,OverRange,OverRange,OverRange,10.381602,13.175248,-5.011306,-4.837676
2026/05/18 18:25:00.273,n,-5.241224,4.854094,4.680673,0.119942,OverRange,OverRange,OverRange,10.386938,13.140658,-4.80039,-4.935114
2026/05/18 18:26:00.276,n,-5.498852,4.458895,4.674273,0.52354,OverRange,OverRange,OverRange,10.366344,13.109344,-4.871037,-4.981955
2026/05/18 18:27:00.277,n,-5.323465,4.383159,4.486971,0.344688,OverRange,OverRange,OverRange,10.393042,13.086658,-4.859262,-4.946803
2026/05/18 18:28:00.261,n,-5.346816,4.322704,4.444471,0.585472,OverRange,OverRange,OverRange,10.38998,13.054266,-5.069667,-5.098591
2026/05/18 18:29:00.263,n,-5.261881,4.703755,4.850458,0.551496,OverRange,OverRange,OverRange,10.382366,13.030506,-4.80039,-5.020862
2026/05/18 18:30:00.265,n,-5.364393,5.266613,4.70796,0.595316,OverRange,OverRange,OverRange,10.383128,12.998034,-4.789128,-4.755852
2026/05/18 18:31:00.266,n,-5.320386,3.972548,4.357052,0.401033,OverRange,OverRange,OverRange,10.349564,12.973248,-4.975983,-4.861054
2026/05/18 18:32:00.269,n,-5.414045,5.521329,5.219877,0.348165,OverRange,OverRange,OverRange,10.344738,12.9462,-5.069667,-4.976068
2026/05/18 18:33:00.272,n,-5.408015,4.471404,4.535415,0.531355,OverRange,OverRange,OverRange,10.322886,12.920438,-5.081441,-5.014975
2026/05/18 18:34:00.273,n,-5.252771,4.547508,4.841715,0.713008,OverRange,OverRange,OverRange,10.308412,12.894612,-5.093215,-4.993729
2026/05/18 18:35:00.276,n,-5.419947,5.337141,5.244642,0.372571,OverRange,OverRange,OverRange,10.305878,12.865626,-4.882299,-4.890149
2026/05/18 18:36:00.278,n,-5.229677,5.594279,4.871012,0.559576,OverRange,OverRange,OverRange,10.298248,12.839866,-5.022568,-4.966171
2026/05/18 18:37:00.262,n,-5.402241,5.992465,5.150628,0.811895,OverRange,OverRange,OverRange,10.261368,12.843204,-5.022568,-5.038268
2026/05/18 18:38:00.266,n,-5.004509,5.50691,4.686905,0.714675,OverRange,OverRange,OverRange,10.315964,12.812052,-4.707218,-4.718993
2026/05/18 18:39:00.266,n,-4.98398,5.534531,4.884352,0.476927,OverRange,OverRange,OverRange,10.326126,12.788374,-4.964208,-4.822318
2026/05/18 18:40:00.268,n,-4.887113,4.578952,5.272424,0.737475,OverRange,OverRange,OverRange,10.312898,12.771194,-5.057892,-5.038694
2026/05/18 18:41:00.271,n,-4.886985,4.362337,4.924692,0.651775,OverRange,OverRange,OverRange,10.326884,12.745402,-4.648858,-4.635206
2026/05/18 18:42:00.273,n,-4.881596,5.785498,5.126168,0.624712,OverRange,OverRange,OverRange,10.31214,12.727116,-4.462003,-4.541693
2026/05/18 18:43:00.327,n,-4.813982,4.513182,4.663165,0.50913,OverRange,OverRange,OverRange,10.296372,12.709904,-4.671895,-4.71703
2026/05/18 18:44:00.277,n,-4.942796,5.576913,5.200959,0.635779,OverRange,OverRange,OverRange,10.282894,12.695932,-4.637595,-4.709437
2026/05/18 18:45:00.278,n,-4.980901,4.858875,5.225765,0.613286,OverRange,OverRange,OverRange,10.28391,12.683038,-4.718993,-4.837847
2026/05/18 18:46:00.265,n,-5.065708,4.201677,5.23646,0.51877,OverRange,OverRange,OverRange,10.30628,12.671248,-4.671895,-4.753975
2026/05/18 18:47:00.266,n,-4.954599,4.541699,4.953152,0.480084,OverRange,OverRange,OverRange,10.276536,12.660466,-4.695444,-4.650821
2026/05/18 18:48:00.266,n,-5.054161,4.450729,4.887266,0.68136,OverRange,OverRange,OverRange,10.255916,12.65078,-4.508589,-4.502702
2026/05/18 18:49:00.272,n,-5.109844,4.388902,5.246459,0.824433,OverRange,OverRange,OverRange,10.25618,12.638958,-4.976495,-4.644933
2026/05/18 18:50:00.270,n,-5.118696,5.761295,5.12139,0.742494,OverRange,OverRange,OverRange,10.248796,12.621746,-4.602272,-4.711313
2026/05/18 18:51:00.273,n,-5.130243,4.709133,5.058007,0.53531,OverRange,OverRange,OverRange,10.24754,12.601312,-4.660632,-4.666349
2026/05/18 18:52:00.274,n,-5.133194,4.090983,4.582824,0.571866,OverRange,OverRange,OverRange,10.242956,12.58625,-4.754316,-4.574798
2026/05/18 18:53:00.277,n,-5.191571,4.364076,5.125556,0.613067,OverRange,OverRange,OverRange,10.242692,12.57228,-4.824451,-4.738617
2026/05/18 18:54:00.279,n,-5.036584,5.683884,5.083515,0.575371,OverRange,OverRange,OverRange,10.22845,12.54753,-4.824451,-4.876924
2026/05/18 18:55:00.264,n,-5.016056,4.166542,5.270642,0.728528,OverRange,OverRange,OverRange,10.239884,12.534602,-5.093215,-5.06395
2026/05/18 18:56:00.266,n,-4.948698,4.47071,5.016009,0.667553,OverRange,OverRange,OverRange,10.23964,12.513108,-4.894585,-4.935369
2026/05/18 18:57:00.268,n,-5.033761,5.487475,5.121475,0.519575,OverRange,OverRange,OverRange,10.220038,12.502346,-5.081441,-5.001579
2026/05/18 18:58:00.269,n,-5.042614,5.537957,4.96826,0.640649,OverRange,OverRange,OverRange,10.232778,12.48621,-5.04663,-5.0561
2026/05/18 18:59:00.272,n,-5.00746,6.054193,5.100346,0.723734,OverRange,OverRange,OverRange,10.23634,12.46685,-4.824451,-5.036817
2026/05/18 19:00:00.274,n,-5.048388,4.547408,5.043304,0.51354,OverRange,OverRange,OverRange,10.240418,12.451788,-4.976495,-5.10499
2026/05/18 19:01:00.278,n,-4.948569,4.590694,4.713179,0.638291,OverRange,OverRange,OverRange,10.243988,12.43567,-4.871037,-4.794929
2026/05/18 19:02:00.277,n,-5.036584,5.43984,5.555653,0.489813,OverRange,OverRange,OverRange,10.267132,12.428114,-4.835713,-4.870866
2026/05/18 19:03:00.280,n,-4.852216,4.400936,5.115566,0.614648,OverRange,OverRange,OverRange,10.231756,12.446026,-4.637595,-4.754061
2026/05/18 19:04:00.265,n,-4.908411,4.027988,4.72612,0.641905,OverRange,OverRange,OverRange,10.239044,12.432088,-4.602784,-4.668994
2026/05/18 19:05:00.270,n,-4.996169,5.319815,4.936506,0.645452,OverRange,OverRange,OverRange,10.230896,12.42131,-4.485552,-4.559696
2026/05/18 19:06:00.268,n,-4.952418,5.817038,5.031114,0.637061,OverRange,OverRange,OverRange,10.252768,12.411604,-4.532649,-4.557819
2026/05/18 19:07:00.271,n,-4.732767,4.526275,5.378182,0.592407,OverRange,OverRange,OverRange,10.229878,12.395436,-4.333508,-4.514988
2026/05/18 19:08:00.273,n,-4.756118,4.444247,4.539938,0.095228,OverRange,OverRange,OverRange,10.22962,12.38254,-4.614558,-4.468231
2026/05/18 19:09:00.275,n,-4.767793,6.192228,5.687699,0.369305,OverRange,OverRange,OverRange,10.223512,12.377136,-4.45074,-4.522837
2026/05/18 19:10:00.279,n,-4.676956,5.249779,5.702536,0.303654,OverRange,OverRange,OverRange,10.232672,12.362076,-4.509101,-4.48376
2026/05/18 19:11:00.279,n,-4.662329,5.5033,5.570627,0.319683,OverRange,OverRange,OverRange,10.248684,12.349148,-4.485552,-4.569423
2026/05/18 19:12:00.282,n,-4.595228,4.619923,4.65668,0.351814,OverRange,OverRange,OverRange,10.249466,12.34055,-4.438966,-4.54613
2026/05/18 19:13:00.267,n,-4.732639,5.680478,5.145993,0.51824,OverRange,OverRange,OverRange,10.275914,12.32655,-4.532649,-4.655342
2026/05/18 19:14:00.269,n,-4.42523,4.535385,4.888139,0.677837,OverRange,OverRange,OverRange,10.281006,12.317936,-4.368831,-4.392124
2026/05/18 19:15:00.271,n,-4.392898,6.071852,5.507993,0.790618,OverRange,OverRange,OverRange,10.293982,12.3082,-4.345282,-4.380605
2026/05/18 19:16:00.273,n,-4.422407,5.625396,5.321036,0.418184,OverRange,OverRange,OverRange,10.264212,12.29962,-4.427192,-4.34733
2026/05/18 19:17:00.275,n,-4.489508,5.782104,5.470053,0.468372,OverRange,OverRange,OverRange,10.273388,12.296378,-4.286922,-4.403898
2026/05/18 19:18:00.278,n,-4.621402,5.550794,4.871636,0.558894,OverRange,OverRange,OverRange,10.271846,12.292064,-4.19375,-4.366784
2026/05/18 19:19:00.280,n,-4.577651,5.616905,5.130646,0.682119,OverRange,OverRange,OverRange,10.251486,12.287766,-4.345282,-4.335555
2026/05/18 19:20:00.280,n,-4.64193,4.034438,4.954929,0.715089,OverRange,OverRange,OverRange,10.259136,12.287766,-4.801414,-4.78179
2026/05/18 19:21:00.283,n,-4.76202,5.784383,5.421643,0.531264,OverRange,OverRange,OverRange,10.277446,12.2856,-4.836225,-4.639643
2026/05/18 19:22:00.271,n,-4.665281,5.516445,4.933954,0.475922,OverRange,OverRange,OverRange,10.271592,12.284526,-4.579235,-4.598518
2026/05/18 19:23:00.270,n,-4.814623,5.622506,4.94066,0.551006,OverRange,OverRange,OverRange,10.255062,12.284526,-4.438966,-4.524629
2026/05/18 19:24:00.272,n,-4.867355,5.533219,5.229479,0.492491,OverRange,OverRange,OverRange,10.227586,12.275912,-4.286922,-4.464306
2026/05/18 19:25:00.275,n,-4.838102,5.53219,5.118803,0.704554,OverRange,OverRange,OverRange,10.229634,12.280244,-4.708242,-4.657305
2026/05/18 19:26:00.278,n,-4.799997,5.675655,5.545017,0.589588,OverRange,OverRange,OverRange,10.203694,12.269482,-4.684693,-4.66123
2026/05/18 19:27:00.277,n,-4.773567,4.62896,5.268614,0.58513,OverRange,OverRange,OverRange,10.217412,12.268392,-4.532649,-4.664984
2026/05/18 19:28:00.281,n,-4.844132,4.660022,5.218184,0.461311,OverRange,OverRange,OverRange,10.201656,12.251148,-4.403642,-4.54212
2026/05/18 19:29:00.282,n,-4.943823,5.999267,5.455048,0.48342,OverRange,OverRange,OverRange,10.202658,12.24361,-4.661145,-4.555772
2026/05/18 19:30:00.285,n,-4.721092,4.772084,5.090434,0.561387,OverRange,OverRange,OverRange,10.182588,12.234966,-4.357056,-4.635804
2026/05/18 19:31:00.271,n,-5.019648,5.659781,5.291714,0.362545,OverRange,OverRange,OverRange,10.156886,12.219938,-4.509101,-4.419513
2026/05/18 19:32:00.271,n,-5.028629,5.339062,4.895732,0.682278,OverRange,OverRange,OverRange,10.143902,12.205872,-4.45074,-4.423437
2026/05/18 19:33:00.273,n,-4.987445,4.568985,4.898932,0.488566,OverRange,OverRange,OverRange,10.131454,12.198366,-4.345282,-4.450569
2026/05/18 19:34:00.275,n,-5.148719,4.25207,4.847358,0.733716,OverRange,OverRange,OverRange,10.130428,12.191886,-4.321733,-4.374462
2026/05/18 19:35:00.279,n,-5.177843,4.520516,4.649545,0.684682,OverRange,OverRange,OverRange,10.126358,12.175736,-4.45074,-4.435126
2026/05/18 19:36:00.278,n,-5.016954,4.798342,5.186775,0.494019,OverRange,OverRange,OverRange,10.115158,12.161684,-4.380605,-4.452617
2026/05/18 19:37:00.281,n,-4.987316,4.642216,4.667982,0.515735,OverRange,OverRange,OverRange,10.085658,12.153072,-4.368831,-4.36883
2026/05/18 19:38:00.283,n,-5.060704,5.674512,5.517061,0.34155,OverRange,OverRange,OverRange,10.070384,12.139054,-4.532649,-4.534441
2026/05/18 19:39:00.268,n,-5.069685,4.604398,5.092414,0.485737,OverRange,OverRange,OverRange,10.04597,12.123946,-4.661145,-4.631708
2026/05/18 19:40:00.270,n,-5.107662,4.486648,5.124009,0.71813,OverRange,OverRange,OverRange,10.029928,12.112128,-4.462515,-4.594934
2026/05/18 19:41:00.272,n,-5.010924,4.480263,4.662897,0.235537,OverRange,OverRange,OverRange,10.041642,12.097066,-4.64937,-4.581113
2026/05/18 19:42:00.257,n,-5.201322,5.433112,5.246456,0.481763,OverRange,OverRange,OverRange,10.01645,12.080866,-4.532649,-4.555942
2026/05/18 19:43:00.259,n,-5.107662,3.881926,4.938958,0.714009,OverRange,OverRange,OverRange,9.962728,12.067908,-4.661145,-4.594849
2026/05/18 19:44:00.262,n,-5.145639,6.335222,5.620809,0.358699,OverRange,OverRange,OverRange,9.967326,12.061444,-4.824963,-4.721553
2026/05/18 19:45:00.264,n,-5.122288,4.709131,5.206974,0.664072,OverRange,OverRange,OverRange,9.94338,12.040982,-4.695956,-4.793564
2026/05/18 19:46:00.264,n,-5.157444,4.447043,5.039683,0.642794,OverRange,OverRange,OverRange,9.931936,12.03017,-4.836225,-4.797318
2026/05/18 19:47:00.268,n,-5.262907,4.450627,4.458828,0.24292,OverRange,OverRange,OverRange,9.929134,12.01293,-4.930421,-4.838444
2026/05/18 19:48:00.270,n,-5.136915,5.428852,5.183256,0.822018,OverRange,OverRange,OverRange,9.902142,11.991376,-5.047141,-4.920353
2026/05/18 19:49:00.270,n,-5.087006,5.780753,5.20524,0.753327,OverRange,OverRange,OverRange,9.898846,11.983804,-4.895098,-4.918391
2026/05/18 19:50:00.257,n,-5.168733,5.71154,5.105377,0.583749,OverRange,OverRange,OverRange,9.898062,11.966564,-5.117276,-5.115314
2026/05/18 19:51:00.262,n,-4.99912,4.547469,4.917219,0.725251,OverRange,OverRange,OverRange,9.866242,11.951474,-4.742542,-4.902776
2026/05/18 19:52:00.261,n,-5.075331,4.259627,5.016423,0.695238,OverRange,OverRange,OverRange,9.89476,11.93962,-5.105502,-4.937844
2026/05/18 19:53:00.262,n,-5.034403,5.701496,5.009538,0.70115,OverRange,OverRange,OverRange,9.848424,11.928778,-4.684693,-4.830679
2026/05/18 19:54:00.264,n,-5.089957,6.045329,5.171858,0.871612,OverRange,OverRange,OverRange,9.851736,11.919108,-5.023593,-4.871548
2026/05/18 19:55:00.268,n,-5.119466,4.504293,4.987833,0.717752,OverRange,OverRange,OverRange,9.814302,11.912644,-4.543912,-4.628039
2026/05/18 19:56:00.268,n,-5.07238,4.550027,5.274119,0.677313,OverRange,OverRange,OverRange,9.816092,11.90291,-4.719505,-4.604661
2026/05/18 19:57:00.270,n,-5.163089,6.224049,5.801637,0.296046,OverRange,OverRange,OverRange,9.821426,11.897506,-4.672919,-4.713617
2026/05/18 19:58:00.272,n,-5.130885,5.202309,5.267877,0.568772,OverRange,OverRange,OverRange,9.800044,11.894266,-4.754828,-4.721467
2026/05/18 19:59:00.257,n,-5.186439,5.542134,5.041069,0.604518,OverRange,OverRange,OverRange,9.8054,11.886728,-4.661145,-4.772148
2026/05/18 20:00:00.260,n,-5.177586,4.386139,4.858426,0.590808,OverRange,OverRange,OverRange,9.794434,11.88134,-4.883323,-4.848341
2026/05/18 20:01:00.263,n,-5.22185,5.614735,4.98071,0.560176,OverRange,OverRange,OverRange,9.793926,11.878134,-4.672919,-4.791687
2026/05/18 20:02:00.263,n,-5.180537,4.322728,4.789338,0.676109,OverRange,OverRange,OverRange,9.768704,11.8844,-4.836225,-4.754572
2026/05/18 20:03:00.266,n,-4.811544,4.710643,5.102881,0.651183,OverRange,OverRange,OverRange,9.825852,11.868236,-4.520363,-4.692201
2026/05/18 20:04:00.267,n,-4.805514,5.552921,5.229532,0.453303,OverRange,OverRange,OverRange,9.797078,11.86392,-4.754828,-4.651247
2026/05/18 20:05:00.269,n,-4.861196,4.878681,5.028357,0.471428,OverRange,OverRange,OverRange,9.771084,11.854236,-4.742542,-4.783667
2026/05/18 20:06:00.272,n,-4.940487,5.527307,4.98198,0.722772,OverRange,OverRange,OverRange,9.794526,11.844468,-4.883323,-4.966854
2026/05/18 20:07:00.257,n,-4.896479,5.094859,4.582135,0.315735,OverRange,OverRange,OverRange,9.810832,11.828268,-5.023593,-5.025384
2026/05/18 20:08:00.260,n,-5.01644,6.050217,5.543016,0.287209,OverRange,OverRange,OverRange,9.783316,11.82288,-4.567461,-4.735033
2026/05/18 20:09:00.263,n,-4.910977,5.545051,4.924581,0.498395,OverRange,OverRange,OverRange,9.777206,11.814284,-4.742542,-4.695956
2026/05/18 20:10:00.265,n,-4.896351,5.60062,5.453991,0.302778,OverRange,OverRange,OverRange,9.773896,11.803442,-4.567461,-4.696127
2026/05/18 20:11:00.267,n,-4.814495,5.191501,5.169345,0.420495,OverRange,OverRange,OverRange,9.796036,11.792666,-4.824963,-4.721382
2026/05/18 20:12:00.269,n,-4.875952,4.628931,5.078837,0.586388,OverRange,OverRange,OverRange,9.765996,11.780814,-4.672407,-4.75261
2026/05/18 20:13:00.269,n,-4.793967,5.764183,5.455836,0.257048,OverRange,OverRange,OverRange,9.808782,11.773246,-4.789639,-4.961222
2026/05/18 20:14:00.272,n,-4.931377,5.577524,4.780763,0.592768,OverRange,OverRange,OverRange,9.803182,11.764602,-4.64937,-4.649285
2026/05/18 20:15:00.275,n,-4.867099,5.822898,5.539742,0.529593,OverRange,OverRange,OverRange,9.792994,11.753824,-4.918134,-4.848085
2026/05/18 20:16:00.260,n,-4.837846,4.323761,4.994612,0.728456,OverRange,OverRange,OverRange,9.805736,11.743016,-4.532138,-4.594678
2026/05/18 20:17:00.262,n,-4.943181,4.11152,4.792371,0.785797,OverRange,OverRange,OverRange,9.809566,11.73224,-5.292869,-4.663021
2026/05/18 20:18:00.263,n,-4.902253,4.450555,4.966791,0.83775,OverRange,OverRange,OverRange,9.807766,11.725744,-4.754828,-4.857982
2026/05/18 20:19:00.265,n,-4.922781,5.504282,5.165911,0.661032,OverRange,OverRange,OverRange,9.838574,11.717116,-5.140313,-4.922059
2026/05/18 20:20:00.266,n,-4.855294,5.117467,4.977793,0.576306,OverRange,OverRange,OverRange,9.838334,11.706338,-4.988269,-5.037073
2026/05/18 20:21:00.269,n,-4.972562,4.716422,4.72358,0.339332,OverRange,OverRange,OverRange,9.803436,11.699844,-5.070178,-4.898852
2026/05/18 20:22:00.270,n,-5.045822,4.279619,4.752508,0.582668,OverRange,OverRange,OverRange,9.849538,11.692274,-4.848,-4.877265
2026/05/18 20:23:00.273,n,-5.025165,5.692615,5.208611,0.800047,OverRange,OverRange,OverRange,9.86557,11.68254,-4.777865,-4.912247
2026/05/18 20:24:00.274,n,-4.928811,5.643134,5.370928,0.772018,OverRange,OverRange,OverRange,9.833232,11.67391,-4.988269,-4.966939
2026/05/18 20:25:00.260,n,-4.826298,4.301442,5.004017,0.662961,OverRange,OverRange,OverRange,9.843924,11.665268,-4.929909,-4.927946
2026/05/18 20:26:00.262,n,-4.981415,4.893842,5.295949,0.423867,OverRange,OverRange,OverRange,9.897152,11.65664,-5.280583,-5.239884
2026/05/18 20:27:00.264,n,-4.808336,4.279886,4.5697,0.511626,OverRange,OverRange,OverRange,9.866868,11.646922,-4.532138,-4.762166
2026/05/18 20:28:00.265,n,-4.966532,5.769142,5.346256,0.394968,OverRange,OverRange,OverRange,9.852336,11.643682,-4.988269,-4.887078
2026/05/18 20:29:00.268,n,-4.790888,5.479578,4.905958,0.460742,OverRange,OverRange,OverRange,9.846232,11.641502,-5.000044,-4.88119
2026/05/18 20:30:00.270,n,-4.764714,4.208298,4.971278,0.705095,OverRange,OverRange,OverRange,9.8643,11.638294,-4.754828,-4.871463
2026/05/18 20:31:00.272,n,-4.849649,4.68823,5.086608,0.436285,OverRange,OverRange,OverRange,9.89588,11.638294,-4.625821,-4.750647
2026/05/18 20:32:00.273,n,-4.834895,5.491214,5.134871,0.503985,OverRange,OverRange,OverRange,9.89588,11.639338,-4.812676,-4.75261
2026/05/18 20:33:00.278,n,-4.925731,5.547928,5.221684,0.527916,OverRange,OverRange,OverRange,9.880616,11.645864,-4.567461,-4.678635
2026/05/18 20:34:00.262,n,-4.89943,5.610692,5.126372,0.618657,OverRange,OverRange,OverRange,9.887472,11.644758,-4.918134,-4.728975
2026/05/18 20:35:00.263,n,-4.805771,4.533119,5.050771,0.762207,OverRange,OverRange,OverRange,9.932286,11.643682,-4.661145,-4.785714
2026/05/18 20:36:00.267,n,-4.984365,4.481844,4.417682,0.572102,OverRange,OverRange,OverRange,9.951146,11.649072,-4.731279,-4.602528
2026/05/18 20:37:00.268,n,-4.864147,5.385026,5.351002,0.587152,OverRange,OverRange,OverRange,9.954428,11.652292,-4.64937,-4.584952
2026/05/18 20:38:00.270,n,-4.811672,5.349134,4.957967,0.541381,OverRange,OverRange,OverRange,9.952638,11.652292,-4.672407,-4.725392
2026/05/18 20:39:00.273,n,-4.805385,3.989435,4.537898,0.592742,OverRange,OverRange,OverRange,9.94273,11.655566,-4.64937,-4.77394
2026/05/18 20:40:00.273,n,-4.910977,4.555044,4.85779,0.62896,OverRange,OverRange,OverRange,9.966142,11.653384,-4.695956,-4.777865
2026/05/18 20:41:00.276,n,-4.84657,4.117559,4.77962,0.616396,OverRange,OverRange,OverRange,9.939424,11.65446,-4.672407,-4.684352
2026/05/18 20:42:00.279,n,-4.899174,4.146661,4.994857,0.813317,OverRange,OverRange,OverRange,9.934326,11.65446,-4.684693,-4.766176
2026/05/18 20:43:00.262,n,-4.972305,5.703571,4.971458,0.514742,OverRange,OverRange,OverRange,9.940938,11.651252,-4.894585,-4.88904
2026/05/18 20:44:00.264,n,-4.925731,5.57038,5.180529,0.817327,OverRange,OverRange,OverRange,9.953664,11.652292,-5.034855,-4.855764
2026/05/18 20:45:00.266,n,-4.963709,5.692825,4.977633,0.641941,OverRange,OverRange,OverRange,9.975566,11.646922,-4.754828,-4.809093
2026/05/18 20:46:00.268,n,-4.957935,5.561445,4.872598,0.631813,OverRange,OverRange,OverRange,9.951894,11.648028,-4.462515,-4.709778
2026/05/18 20:47:00.273,n,-4.989882,5.5992,5.031431,0.693473,OverRange,OverRange,OverRange,9.945012,11.648028,-4.579235,-4.635633
2026/05/18 20:48:00.276,n,-5.040048,4.546387,4.891034,0.501356,OverRange,OverRange,OverRange,9.939438,11.640444,-4.64937,-4.778035
2026/05/18 20:49:00.275,n,-5.030939,5.517473,5.395831,0.386142,OverRange,OverRange,OverRange,9.967682,11.642608,-4.777865,-4.721381
2026/05/18 20:50:00.276,n,-4.887626,5.556641,5.186028,0.690839,OverRange,OverRange,OverRange,9.942226,11.637154,-4.731279,-4.651332
2026/05/18 20:51:00.279,n,-4.937407,4.704272,5.052501,0.618839,OverRange,OverRange,OverRange,9.950878,11.6318,-4.789639,-4.686314
2026/05/18 20:52:00.265,n,-5.045693,5.548291,5.3017,0.626466,OverRange,OverRange,OverRange,9.952922,11.62856,-4.672407,-4.690069
2026/05/18 20:53:00.266,n,-4.998991,5.24369,4.938755,0.668626,OverRange,OverRange,OverRange,9.952148,11.625304,-4.812676,-4.816857
2026/05/18 20:54:00.268,n,-4.972305,4.130596,5.108018,0.75985,OverRange,OverRange,OverRange,9.996938,11.622098,-4.848,-5.105331
2026/05/18 20:55:00.270,n,-4.993218,6.029272,5.224861,0.74161,OverRange,OverRange,OverRange,10.026962,11.620958,-4.848,-5.015658
2026/05/18 20:56:00.273,n,-5.025165,5.579602,5.178738,0.66958,OverRange,OverRange,OverRange,10.045304,11.620958,-4.906872,-5.084
2026/05/18 20:57:00.276,n,-5.042743,5.99626,5.207534,0.670242,OverRange,OverRange,OverRange,10.052678,11.618826,-4.906872,-4.873596
2026/05/18 20:58:00.276,n,-4.881981,5.546869,4.697394,0.457178,OverRange,OverRange,OverRange,10.04913,11.622098,-4.485552,-4.604576
2026/05/18 20:59:00.278,n,-4.890321,6.138242,5.649306,0.557481,OverRange,OverRange,OverRange,10.049382,11.619916,-4.64937,-4.729232
2026/05/18 21:00:00.280,n,-4.995912,6.043602,4.673513,0.709358,OverRange,OverRange,OverRange,10.049362,11.616644,-4.637595,-4.662936
2026/05/18 21:01:00.266,n,-4.963581,4.730877,5.534414,0.456477,OverRange,OverRange,OverRange,10.096706,11.627484,-5.093727,-4.830594
2026/05/18 21:02:00.269,n,-4.937279,4.514264,5.088074,0.769283,OverRange,OverRange,OverRange,10.110958,11.620958,-4.824963,-4.725477
2026/05/18 21:03:00.270,n,-4.861325,5.609434,4.920101,0.568383,OverRange,OverRange,OverRange,10.153962,11.620958,-4.450228,-4.602358
2026/05/18 21:04:00.271,n,-4.747009,5.774596,5.317209,0.617669,OverRange,OverRange,OverRange,10.160574,11.62423,-4.64937,-4.653209
2026/05/18 21:05:00.275,n,-4.817317,5.678285,5.011291,0.71118,OverRange,OverRange,OverRange,10.161602,11.6318,-4.322245,-4.544082
2026/05/18 21:06:00.276,n,-4.738156,4.567614,4.780019,0.591218,OverRange,OverRange,OverRange,10.178366,11.640444,-4.672407,-4.649285
2026/05/18 21:07:00.280,n,-4.875694,4.21466,4.936985,0.597166,OverRange,OverRange,OverRange,10.159054,11.650146,-4.403642,-4.577188
2026/05/18 21:08:00.346,n,-4.969867,4.711371,5.196035,0.682812,OverRange,OverRange,OverRange,10.11147,11.658806,-4.579235,-4.594593
2026/05/18 21:09:00.356,n,-5.042743,6.050595,5.370072,0.587553,OverRange,OverRange,OverRange,10.086792,11.670656,-4.661145,-4.768053
2026/05/18 21:10:00.270,n,-5.042871,4.442835,4.868379,0.477484,OverRange,OverRange,OverRange,10.07306,11.68254,-5.034855,-4.810885
2026/05/18 21:11:00.272,n,-5.104326,4.380095,4.816879,0.59142,OverRange,OverRange,OverRange,10.092128,11.686886,-4.918134,-4.758497
2026/05/18 21:12:00.271,n,-4.949083,4.214324,5.073997,0.697221,OverRange,OverRange,OverRange,10.096696,11.697662,-4.859774,-4.748599
2026/05/18 21:13:00.272,n,-4.811287,4.289199,5.046009,0.602047,OverRange,OverRange,OverRange,10.126222,11.696604,-4.941684,-4.793565
2026/05/18 21:14:00.470,n,-4.814238,5.893542,5.222818,0.660524,OverRange,OverRange,OverRange,10.122406,11.70738,-4.427192,-4.668738
2026/05/18 21:15:00.279,n,-4.817189,4.832674,4.857888,0.500988,OverRange,OverRange,OverRange,10.05803,11.710622,-4.239824,-4.327706
2026/05/18 21:16:00.279,n,-4.928683,4.942222,4.838597,0.486688,OverRange,OverRange,OverRange,10.021374,11.709546,-4.450228,-4.395878
2026/05/18 21:17:00.281,n,-4.884676,5.473098,5.178861,0.606976,OverRange,OverRange,OverRange,10.013998,11.711694,-4.473777,-4.495278
2026/05/18 21:18:00.283,n,-4.838102,4.384445,4.830611,0.661802,OverRange,OverRange,OverRange,10.006866,11.71386,-4.543912,-4.594679
2026/05/18 21:19:00.272,n,-4.946132,4.38926,5.21539,0.740318,OverRange,OverRange,OverRange,9.977092,11.71386,-4.766091,-4.621981
2026/05/18 21:20:00.271,n,-4.869921,4.51397,5.163211,0.613169,OverRange,OverRange,OverRange,9.967926,11.706338,-4.848,-4.818734
2026/05/18 21:21:00.273,n,-4.955113,4.376371,4.9002,0.544299,OverRange,OverRange,OverRange,9.955954,11.708454,-4.941684,-4.824707
2026/05/18 21:22:00.275,n,-4.94023,4.503541,4.922098,0.491831,OverRange,OverRange,OverRange,9.936108,11.704158,-4.754828,-4.676588
2026/05/18 21:23:00.276,n,-4.910849,5.570832,5.021911,0.703778,OverRange,OverRange,OverRange,9.974554,11.699844,-4.602272,-4.746722
2026/05/18 21:24:00.278,n,-4.855294,4.946777,4.888251,0.63645,OverRange,OverRange,OverRange,9.986018,11.695498,-4.532138,-4.540072
2026/05/18 21:25:00.281,n,-4.896479,5.357786,5.263776,0.425179,OverRange,OverRange,OverRange,9.945526,11.69011,-4.438966,-4.485636
2026/05/18 21:26:00.282,n,-4.881982,5.477723,4.781943,0.50669,OverRange,OverRange,OverRange,9.953944,11.681498,-4.368831,-4.40569
2026/05/18 21:27:00.284,n,-4.884932,5.534042,5.067694,0.486092,OverRange,OverRange,OverRange,9.93634,11.677152,-4.322245,-4.40185
2026/05/18 21:28:00.270,n,-4.995656,5.464173,4.759752,0.52363,OverRange,OverRange,OverRange,9.900212,11.671762,-4.275147,-4.251684
2026/05/18 21:29:00.273,n,-4.995784,5.536392,5.045527,0.656469,OverRange,OverRange,OverRange,9.894364,11.664194,-4.403642,-4.386066
2026/05/18 21:30:00.259,n,-4.955113,5.459811,4.939085,0.584067,OverRange,OverRange,OverRange,9.885442,11.660986,-4.181464,-4.384189
2026/05/18 21:31:00.260,n,-5.110101,5.376338,4.824472,0.368088,OverRange,OverRange,OverRange,9.895376,11.653384,-4.427192,-4.399888
2026/05/18 21:32:00.261,n,-4.987188,5.923599,5.385525,0.524343,OverRange,OverRange,OverRange,9.901988,11.646922,-4.96472,-4.514817
2026/05/18 21:33:00.264,n,-4.755989,4.534566,5.268622,0.530462,OverRange,OverRange,OverRange,9.882132,11.642608,-4.59101,-4.493401
2026/05/18 21:34:00.265,n,-4.91983,6.067502,5.032143,0.678004,OverRange,OverRange,OverRange,9.862534,11.637154,-4.333508,-4.396049
2026/05/18 21:35:00.266,n,-4.978206,4.377069,4.53918,0.172941,OverRange,OverRange,OverRange,9.835272,11.62965,-4.450228,-4.499203
2026/05/18 21:36:00.269,n,-5.016312,4.359272,4.377485,0.170547,OverRange,OverRange,OverRange,9.885448,11.626378,-4.473777,-4.465928
2026/05/18 21:37:00.271,n,-5.019134,4.275392,4.715756,0.462563,OverRange,OverRange,OverRange,9.89768,11.622098,-4.555686,-4.542035
2026/05/18 21:38:00.257,n,-4.738413,4.615092,5.393318,0.651672,OverRange,OverRange,OverRange,9.924144,11.610182,-4.520363,-4.631623
2026/05/18 21:39:00.258,n,-4.653477,4.392056,5.437901,0.597876,OverRange,OverRange,OverRange,9.885432,11.606974,-4.637595,-4.491354
2026/05/18 21:40:00.260,n,-4.697228,4.425861,4.940357,0.54421,OverRange,OverRange,OverRange,9.895886,11.612362,-4.427192,-4.452361
2026/05/18 21:41:00.262,n,-4.834894,4.636523,4.816945,0.539611,OverRange,OverRange,OverRange,9.916764,11.601554,-4.509101,-4.50509
2026/05/18 21:42:00.265,n,-4.723786,5.526488,5.171018,0.700313,OverRange,OverRange,OverRange,9.92566,11.600448,-4.485552,-4.471986
2026/05/18 21:43:00.268,n,-4.688247,4.198718,4.951694,0.579649,OverRange,OverRange,OverRange,9.892822,11.598266,-4.731279,-4.583075
2026/05/18 21:44:00.269,n,-4.705952,4.492735,5.137391,0.723378,OverRange,OverRange,OverRange,9.907354,11.601554,-4.59101,-4.491354
2026/05/18 21:45:00.270,n,-4.682602,5.481525,5.341803,0.495835,OverRange,OverRange,OverRange,9.953934,11.601554,-4.695956,-4.680512
2026/05/18 21:46:00.257,n,-4.705952,4.543959,5.038659,0.672374,OverRange,OverRange,OverRange,9.92568,11.612362,-4.719505,-4.600651
2026/05/18 21:47:00.259,n,-4.787936,5.765269,4.817827,0.604101,OverRange,OverRange,OverRange,9.929484,11.619916,-4.309959,-4.470023
2026/05/18 21:48:00.261,n,-4.84657,5.263974,4.716436,0.398617,OverRange,OverRange,OverRange,10.023686,11.626378,-4.661145,-4.645445
2026/05/18 21:49:00.262,n,-4.767665,5.057748,5.167576,0.620351,OverRange,OverRange,OverRange,9.998724,11.625304,-4.766091,-4.610207
2026/05/18 21:50:00.263,n,-4.747137,6.023944,5.118906,0.865342,OverRange,OverRange,OverRange,10.034618,11.630726,-4.672407,-4.705683
2026/05/18 21:51:00.266,n,-4.717884,4.492571,5.004589,0.526292,OverRange,OverRange,OverRange,10.018346,11.632874,-4.309959,-4.507053
2026/05/18 21:52:00.268,n,-4.709031,4.566634,5.041487,0.55867,OverRange,OverRange,OverRange,9.9832,11.633916,-4.602272,-4.512855
2026/05/18 21:53:00.270,n,-4.823219,5.945795,5.048037,0.748683,OverRange,OverRange,OverRange,9.931534,11.637154,-4.39238,-4.405861
2026/05/18 21:54:00.272,n,-4.855294,4.524599,4.953519,0.662558,OverRange,OverRange,OverRange,9.917252,11.6318,-4.543912,-4.421304
2026/05/18 21:55:00.274,n,-4.840925,5.600166,5.110471,0.626271,OverRange,OverRange,OverRange,9.929754,11.632874,-4.357056,-4.50893
2026/05/18 21:56:00.262,n,-4.887755,5.101938,5.054917,0.761057,OverRange,OverRange,OverRange,9.941198,11.632874,-4.801414,-4.586914
2026/05/18 21:57:00.262,n,-4.75599,6.030552,5.04406,0.827965,OverRange,OverRange,OverRange,9.907842,11.62423,-4.520363,-4.614218
2026/05/18 21:58:00.263,n,-4.931377,4.522425,4.976962,0.713656,OverRange,OverRange,OverRange,9.924664,11.626378,-4.859774,-4.777865
2026/05/18 21:59:00.265,n,-4.870049,5.759305,5.245101,0.676544,OverRange,OverRange,OverRange,9.956722,11.61775,-4.602272,-4.659012
2026/05/18 22:00:00.267,n,-4.808721,5.349247,5.086148,0.385121,OverRange,OverRange,OverRange,9.944754,11.616644,-4.59101,-4.698089
2026/05/18 22:01:00.270,n,-4.858374,5.579602,5.526655,0.529377,OverRange,OverRange,OverRange,9.928228,11.610182,-4.625821,-4.684437
2026/05/18 22:02:00.271,n,-4.919958,5.605627,5.508599,0.135823,OverRange,OverRange,OverRange,9.883404,11.605868,-4.625821,-4.580942
2026/05/18 22:03:00.272,n,-4.922781,4.456772,4.876494,0.558684,OverRange,OverRange,OverRange,9.901734,11.609108,-4.684693,-4.662851
2026/05/18 22:04:00.259,n,-4.972562,4.527881,4.988743,0.519825,OverRange,OverRange,OverRange,9.921856,11.605868,-5.011818,-4.672748
2026/05/18 22:05:00.261,n,-4.946004,5.228277,5.32524,0.417848,OverRange,OverRange,OverRange,9.91777,11.595058,-4.929909,-4.931871
2026/05/18 22:06:00.264,n,-4.811672,4.608077,4.958014,0.728869,OverRange,OverRange,OverRange,9.92542,11.596132,-4.731279,-4.88904
2026/05/18 22:07:00.266,n,-4.949083,5.013823,4.977122,0.608485,OverRange,OverRange,OverRange,9.908102,11.600448,-4.661145,-4.659096
2026/05/18 22:08:00.265,n,-4.972305,4.512298,4.655943,0.34598,OverRange,OverRange,OverRange,9.91422,11.588564,-4.462515,-4.555857
2026/05/18 22:09:00.269,n,-4.94318,4.490038,5.181323,0.590575,OverRange,OverRange,OverRange,9.947052,11.582102,-4.731279,-4.647493
2026/05/18 22:10:00.271,n,-4.919958,4.466351,4.9733,0.65348,OverRange,OverRange,OverRange,9.967682,11.582102,-4.731279,-4.6864
2026/05/18 22:11:00.273,n,-4.846699,5.698665,5.242766,0.643332,OverRange,OverRange,OverRange,9.942714,11.577756,-5.081953,-4.768138
2026/05/18 22:12:00.276,n,-4.826042,4.699622,5.144435,0.699939,OverRange,OverRange,OverRange,9.943242,11.579936,-4.567461,-4.746637
2026/05/18 22:13:00.262,n,-4.884676,5.619565,5.027468,0.575191,OverRange,OverRange,OverRange,9.890788,11.582102,-4.70773,-4.624029
2026/05/18 22:14:00.264,n,-4.861068,5.498343,5.0392,0.569496,OverRange,OverRange,OverRange,9.90326,11.573442,-4.473777,-4.734948
2026/05/18 22:15:00.265,n,-4.858246,5.623921,4.915028,0.666823,OverRange,OverRange,OverRange,9.857178,11.571326,-4.96472,-4.611999
2026/05/18 22:16:00.266,n,-4.758556,4.512069,5.065473,0.607863,OverRange,OverRange,OverRange,9.823054,11.570218,-4.427192,-4.473948
2026/05/18 22:17:00.267,n,-4.834895,5.403191,5.057422,0.604465,OverRange,OverRange,OverRange,9.790936,11.565872,-4.496814,-4.419171
2026/05/18 22:18:00.269,n,-4.831944,5.458818,5.358955,0.108802,OverRange,OverRange,OverRange,9.768032,11.559412,-4.39238,-4.41354
2026/05/18 22:19:00.271,n,-4.826042,4.492668,4.677474,0.513748,OverRange,OverRange,OverRange,9.825848,11.560484,-4.625821,-4.582989
2026/05/18 22:20:00.273,n,-4.784858,4.417769,4.48298,0.096176,OverRange,OverRange,OverRange,9.777716,11.559412,-4.70773,-4.61234
2026/05/18 22:21:00.276,n,-4.984109,4.397723,4.660687,0.42935,OverRange,OverRange,OverRange,9.739772,11.562664,-4.543912,-4.524544
2026/05/18 22:22:00.261,n,-4.954984,5.565612,5.216782,0.51354,OverRange,OverRange,OverRange,9.773652,11.564798,-4.614558,-4.616179
2026/05/18 22:23:00.265,n,-4.887626,4.471167,4.993421,0.60668,OverRange,OverRange,OverRange,9.744324,11.560484,-4.509101,-4.567375
2026/05/18 22:24:00.264,n,-4.910977,5.985118,5.193311,0.714899,OverRange,OverRange,OverRange,9.744344,11.559412,-4.59101,-4.643483
2026/05/18 22:25:00.266,n,-4.931762,5.523297,5.126853,0.578624,OverRange,OverRange,OverRange,9.73848,11.559412,-4.731279,-4.729232
2026/05/18 22:26:00.269,n,-4.79371,5.573003,5.305213,0.663154,OverRange,OverRange,OverRange,9.703706,11.563756,-4.731279,-4.758497
2026/05/18 22:27:00.273,n,-4.908283,4.304349,4.745077,0.526397,OverRange,OverRange,OverRange,9.656846,11.556138,-4.59101,-4.721382
2026/05/18 22:28:00.274,n,-5.042743,5.924887,5.376187,0.69942,OverRange,OverRange,OverRange,9.695598,11.55075,-5.011818,-4.850048
2026/05/18 22:29:00.278,n,-5.004893,5.600559,4.996191,0.735679,OverRange,OverRange,OverRange,9.71611,11.545362,-5.117276,-5.031442
2026/05/18 22:30:00.277,n,-4.931505,5.975998,5.054144,0.737019,OverRange,OverRange,OverRange,9.70247,11.544288,-5.081953,-4.978713
2026/05/18 22:31:00.261,n,-5.001942,4.402287,5.013486,0.692745,OverRange,OverRange,OverRange,9.725012,11.53348,-5.058404,-4.990402
2026/05/18 22:32:00.271,n,-4.908154,5.670137,5.155297,0.625334,OverRange,OverRange,OverRange,9.734646,11.532406,-4.859774,-4.941598
2026/05/18 22:33:00.267,n,-4.867355,4.566241,4.69144,0.377583,OverRange,OverRange,OverRange,9.688244,11.52591,-4.637595,-4.699966
2026/05/18 22:34:00.268,n,-4.995912,4.319564,4.782014,0.603652,OverRange,OverRange,OverRange,9.77473,11.521596,-4.777865,-4.756278
2026/05/18 22:35:00.269,n,-4.928939,5.579602,4.960203,0.637136,OverRange,OverRange,OverRange,9.81744,11.519416,-4.64937,-4.791517
2026/05/18 22:36:00.272,n,-4.861196,4.282333,4.90139,0.635769,OverRange,OverRange,OverRange,9.752482,11.508606,-4.579235,-4.53026
2026/05/18 22:37:00.273,n,-4.872872,4.384013,5.026895,0.719817,OverRange,OverRange,OverRange,9.723744,11.50322,-4.567461,-4.503213
2026/05/18 22:38:00.276,n,-4.961143,4.088734,4.910888,0.822508,OverRange,OverRange,OverRange,9.710542,11.505368,-4.485552,-4.464135
2026/05/18 22:39:00.277,n,-4.946131,5.230605,4.949942,0.914043,OverRange,OverRange,OverRange,9.707504,11.494592,-4.509101,-4.434956
2026/05/18 22:40:00.265,n,-5.022471,4.101151,4.79283,0.673653,OverRange,OverRange,OverRange,9.732132,11.490276,-4.836225,-4.633671
2026/05/18 22:41:00.268,n,-5.016312,4.129789,4.783825,0.558875,OverRange,OverRange,OverRange,9.666722,11.48157,-4.555686,-4.696127
2026/05/18 22:42:00.267,n,-5.001814,4.625048,5.16956,0.695503,OverRange,OverRange,OverRange,9.75937,11.477256,-4.672407,-4.812933
2026/05/18 22:43:00.269,n,-4.9138,5.568872,5.119314,0.508689,OverRange,OverRange,OverRange,9.791988,11.47405,-4.368831,-4.618142
2026/05/18 22:44:00.271,n,-4.8526,5.520895,4.916895,0.47579,OverRange,OverRange,OverRange,9.73849,11.465374,-4.485552,-4.583075
2026/05/18 22:45:00.273,n,-4.978592,5.442273,4.869365,0.724874,OverRange,OverRange,OverRange,9.736212,11.490946,-4.64937,-4.719419
2026/05/18 22:46:00.275,n,-4.800254,5.690941,5.194223,0.589,OverRange,OverRange,OverRange,9.750942,11.487706,-4.860286,-4.727696
2026/05/18 22:47:00.276,n,-4.742133,5.484312,4.839058,0.605922,OverRange,OverRange,OverRange,9.737274,11.486632,-4.661656,-4.718054
2026/05/18 22:48:00.282,n,-4.788835,5.852683,4.811816,0.65501,OverRange,OverRange,OverRange,9.74055,11.473674,-4.474289,-4.600907
2026/05/18 22:49:00.265,n,-4.753552,5.554516,4.807631,0.575694,OverRange,OverRange,OverRange,9.730932,11.469328,-4.567973,-4.558246
2026/05/18 22:50:00.266,n,-4.826684,4.969051,4.923849,0.470939,OverRange,OverRange,OverRange,9.698766,11.466058,-4.544936,-4.546471
2026/05/18 22:51:00.268,n,-4.74765,4.610806,5.309441,0.583958,OverRange,OverRange,OverRange,9.688136,11.461728,-4.719505,-4.593142
2026/05/18 22:52:00.270,n,-4.598307,6.177987,5.421976,0.710072,OverRange,OverRange,OverRange,9.704844,11.454174,-4.556198,-4.525056
2026/05/18 22:53:00.272,n,-4.510422,4.410299,5.238604,0.764233,OverRange,OverRange,OverRange,9.683824,11.449878,-4.696468,-4.63222
2026/05/18 22:54:00.276,n,-4.589455,4.561887,5.257053,0.577607,OverRange,OverRange,OverRange,9.727138,11.448786,-4.883835,-4.571898
2026/05/18 22:55:00.327,n,-4.58676,5.598717,4.931496,0.520165,OverRange,OverRange,OverRange,9.761654,11.447712,-4.719505,-4.696553
2026/05/18 22:56:00.366,n,-4.589455,4.192046,4.739474,0.66029,OverRange,OverRange,OverRange,9.740332,11.450952,-4.263885,-4.501677
2026/05/18 22:57:00.280,n,-4.513372,4.511315,4.847553,0.524212,OverRange,OverRange,OverRange,9.727386,11.456338,-4.544936,-4.437259
2026/05/18 22:58:00.268,n,-4.762405,4.424771,4.614712,0.623425,OverRange,OverRange,OverRange,9.731182,11.459594,-4.415929,-4.46277
2026/05/18 22:59:00.268,n,-4.639492,4.372045,4.632789,0.6324,OverRange,OverRange,OverRange,9.719518,11.462834,-4.790151,-4.525141
2026/05/18 23:00:00.269,n,-4.674518,5.564064,4.913685,0.550787,OverRange,OverRange,OverRange,9.69927,11.469328,-4.088292,-4.269772
2026/05/18 23:01:00.271,n,-4.633463,4.465326,4.83433,0.547268,OverRange,OverRange,OverRange,9.7391,11.472568,-4.287434,-4.291359
2026/05/18 23:02:00.273,n,-4.709673,5.460016,4.911482,0.636824,OverRange,OverRange,OverRange,9.70839,11.481212,-4.170201,-4.257997
2026/05/18 23:03:00.277,n,-4.812057,5.907201,5.033346,0.844621,OverRange,OverRange,OverRange,9.76297,11.47794,-4.404155,-4.377022
2026/05/18 23:04:00.277,n,-4.703771,5.53607,4.884702,0.635241,OverRange,OverRange,OverRange,9.813874,11.481212,-4.322757,-4.523093
2026/05/18 23:05:00.279,n,-4.651167,5.562736,5.015468,0.601831,OverRange,OverRange,OverRange,9.758388,11.47903,-4.147164,-4.314481
2026/05/18 23:06:00.281,n,-4.583681,4.422691,4.778948,0.620455,OverRange,OverRange,OverRange,9.773886,11.480104,-4.39238,-4.417891
2026/05/18 23:07:00.268,n,-4.700949,6.029434,5.573891,0.247164,OverRange,OverRange,OverRange,9.767822,11.483376,-4.474289,-4.343832
2026/05/18 23:08:00.268,n,-4.495924,5.612093,4.957179,0.673198,OverRange,OverRange,OverRange,9.792196,11.474748,-4.497838,-4.415844
2026/05/18 23:09:00.272,n,-4.607161,4.307654,4.705631,0.584751,OverRange,OverRange,OverRange,9.660248,11.468222,-4.181975,-4.287264
2026/05/18 23:10:00.272,n,-4.62461,5.189588,5.271717,0.580227,OverRange,OverRange,OverRange,9.666348,11.467148,-4.19375,-4.248357
2026/05/18 23:11:00.275,n,-4.683243,4.169729,4.789438,0.629117,OverRange,OverRange,OverRange,9.691666,11.462834,-4.638108,-4.579747
2026/05/18 23:12:00.276,n,-4.762276,5.774698,5.002216,0.678107,OverRange,OverRange,OverRange,9.62732,11.457446,-4.615071,-4.480177
2026/05/18 23:13:00.278,n,-4.815137,5.948948,5.160056,0.693148,OverRange,OverRange,OverRange,9.556382,11.452058,-4.462515,-4.402192
2026/05/18 23:14:00.279,n,-4.808978,4.10335,4.926268,0.714899,OverRange,OverRange,OverRange,9.565236,11.44444,-4.462515,-4.460723
2026/05/18 23:15:00.282,n,-4.902894,4.444416,4.968659,0.548733,OverRange,OverRange,OverRange,9.575628,11.441184,-4.532649,-4.511404
2026/05/18 23:16:00.269,n,-4.908796,4.410927,5.090202,0.660725,OverRange,OverRange,OverRange,9.583486,11.436904,-4.556198,-4.581539
2026/05/18 23:17:00.272,n,-4.949853,4.397483,4.610806,0.636456,OverRange,OverRange,OverRange,9.588818,11.420642,-4.497838,-4.606879
2026/05/18 23:18:00.274,n,-4.876464,5.629066,5.165777,0.72065,OverRange,OverRange,OverRange,9.518612,11.415256,-4.556198,-4.528895
2026/05/18 23:19:00.273,n,-4.961528,5.520003,5.058242,0.575281,OverRange,OverRange,OverRange,9.506694,11.40876,-4.474289,-4.373011
2026/05/18 23:20:00.276,n,-4.882237,5.557478,5.045713,0.631173,OverRange,OverRange,OverRange,9.500616,11.401192,-4.615071,-4.562171
2026/05/18 23:21:00.277,n,-4.967558,5.519121,4.82592,0.523338,OverRange,OverRange,OverRange,9.494534,11.38825,-4.439478,-4.56601
2026/05/18 23:22:00.281,n,-4.779854,4.709391,4.964605,0.798212,OverRange,OverRange,OverRange,9.43573,11.378484,-4.638108,-4.419768
2026/05/18 23:23:00.282,n,-4.982055,4.431238,4.880263,0.643489,OverRange,OverRange,OverRange,9.465374,11.378484,-4.615071,-4.540584
2026/05/18 23:24:00.283,n,-4.923294,5.485802,5.10657,0.70798,OverRange,OverRange,OverRange,9.490972,11.36442,-4.708242,-4.575652
2026/05/18 23:25:00.270,n,-4.932276,4.6584,4.796972,0.836881,OverRange,OverRange,OverRange,9.458812,11.348192,-4.486064,-4.554065
2026/05/18 23:26:00.271,n,-4.946773,4.500488,5.084923,0.630092,OverRange,OverRange,OverRange,9.405812,11.34388,-4.357056,-4.489732
2026/05/18 23:27:00.274,n,-4.905845,5.809768,5.289612,0.718608,OverRange,OverRange,OverRange,9.399216,11.331964,-4.532649,-4.445194
2026/05/18 23:28:00.274,n,-4.785756,4.056418,4.819415,0.693478,OverRange,OverRange,OverRange,9.443838,11.32223,-4.942195,-4.628296
2026/05/18 23:29:00.278,n,-4.7039,4.213988,4.659232,0.72319,OverRange,OverRange,OverRange,9.430914,11.310348,-4.415929,-4.610804
2026/05/18 23:30:00.278,n,-4.812186,4.564701,5.006676,0.64758,OverRange,OverRange,OverRange,9.44891,11.307076,-4.685205,-4.727866
2026/05/18 23:31:00.283,n,-4.65707,4.390586,4.718911,0.624221,OverRange,OverRange,OverRange,9.40326,11.300614,-4.439478,-4.519169
2026/05/18 23:32:00.285,n,-4.800638,4.471463,5.115167,0.58304,OverRange,OverRange,OverRange,9.349004,11.299508,-4.287434,-4.359445
2026/05/18 23:33:00.272,n,-4.668617,4.762581,4.807389,0.579588,OverRange,OverRange,OverRange,9.35637,11.294122,-4.685205,-4.544509
2026/05/18 23:34:00.269,n,-4.835408,5.5226,4.731045,0.404564,OverRange,OverRange,OverRange,9.36855,11.29303,-4.299208,-4.458846
2026/05/18 23:35:00.271,n,-4.841567,4.899003,5.29578,0.507569,OverRange,OverRange,OverRange,9.327708,11.2887,-4.579747,-4.708328
2026/05/18 23:36:00.276,n,-4.750601,4.289743,4.858246,0.519235,OverRange,OverRange,OverRange,9.34521,11.289774,-4.766602,-4.63222
2026/05/18 23:37:00.276,n,-4.832585,5.60097,4.71552,0.552444,OverRange,OverRange,OverRange,9.391856,11.289774,-4.532649,-4.552359
2026/05/18 23:38:00.261,n,-4.695175,6.160077,5.841072,0.255828,OverRange,OverRange,OverRange,9.388052,11.281148,-4.532649,-4.542462
2026/05/18 23:39:00.262,n,-4.689273,4.468296,4.746135,0.738306,OverRange,OverRange,OverRange,9.332524,11.274652,-4.626333,-4.468572
2026/05/18 23:40:00.264,n,-4.826812,5.996657,5.352625,0.72408,OverRange,OverRange,OverRange,9.307658,11.27576,-4.532649,-4.489989
2026/05/18 23:41:00.266,n,-4.896992,4.5492,4.989195,0.556596,OverRange,OverRange,OverRange,9.304128,11.2714,-4.801926,-4.686997
2026/05/18 23:42:00.270,n,-4.818216,5.248822,5.039009,0.645251,OverRange,OverRange,OverRange,9.334306,11.258392,-4.474289,-4.715921
2026/05/18 23:43:00.272,n,-4.77408,5.342963,5.030912,0.536227,OverRange,OverRange,OverRange,9.299302,11.254078,-4.509612,-4.482054
2026/05/18 23:44:00.272,n,-4.762405,5.462821,5.017807,0.545461,OverRange,OverRange,OverRange,9.322134,11.251932,-4.918647,-4.671212
2026/05/18 23:45:00.274,n,-4.674518,4.938181,4.576315,0.194007,OverRange,OverRange,OverRange,9.290446,11.236778,-4.719505,-4.706195
2026/05/18 23:46:00.261,n,-4.785627,5.106588,5.151081,0.660514,OverRange,OverRange,OverRange,9.274704,11.23025,-4.837249,-4.831192
2026/05/18 23:47:00.265,n,-4.794737,4.718945,5.243058,0.518644,OverRange,OverRange,OverRange,9.308946,11.219444,-4.626333,-4.786141
2026/05/18 23:48:00.265,n,-4.630511,4.615055,5.059212,0.563722,OverRange,OverRange,OverRange,9.336334,11.21837,-4.638108,-4.973509
2026/05/18 23:49:00.266,n,-4.791914,4.450732,4.686264,0.337429,OverRange,OverRange,OverRange,9.323654,11.20647,-4.731791,-4.700563
2026/05/18 23:50:00.269,n,-5.005407,4.535756,5.196727,0.549178,OverRange,OverRange,OverRange,9.343938,11.202142,-4.860286,-4.731705
2026/05/18 23:51:00.270,n,-4.888268,5.064164,5.040044,0.611762,OverRange,OverRange,OverRange,9.355348,11.195662,-4.521387,-4.686912
2026/05/18 23:52:00.272,n,-4.929324,4.41625,4.602281,0.638631,OverRange,OverRange,OverRange,9.389074,11.189168,-4.708242,-4.567888
2026/05/18 23:53:00.259,n,-4.841438,5.406393,5.139751,0.481449,OverRange,OverRange,OverRange,9.428636,11.181536,-4.556198,-4.61089
2026/05/18 23:54:00.260,n,-4.709545,4.450223,5.444324,0.529988,OverRange,OverRange,OverRange,9.41747,11.175058,-4.754828,-4.797916
2026/05/18 23:55:00.264,n,-4.595485,4.304115,4.381764,0.215988,OverRange,OverRange,OverRange,9.414948,11.16967,-4.672919,-4.716007
2026/05/18 23:56:00.265,n,-4.812057,5.564698,5.533638,0.088008,OverRange,OverRange,OverRange,9.439036,11.163176,-4.754828,-4.667288
2026/05/18 23:57:00.267,n,-4.785756,5.424709,5.146418,0.587797,OverRange,OverRange,OverRange,9.423814,11.15665,-4.708242,-4.690666
2026/05/18 23:58:00.267,n,-4.794608,5.623076,5.195922,0.598396,OverRange,OverRange,OverRange,9.394658,11.155608,-4.462515,-4.571812
2026/05/18 23:59:00.269,n,-4.733152,4.484181,5.090728,0.732567,OverRange,OverRange,OverRange,9.362204,11.150188,-4.790151,-4.647919
