"Timestamp","TZ","GHI1_AV (W/m2)","UVB22013 (W/m2)","UVB22013_AV (W/m2)","UVB22013_SD (W/m2)","UVB22012 (W/m2)","UVB22012_AV (W/m2)","UVB22012_SD (W/m2)","TA_AV (degC)","TL (degC)","GTI_AV (W/m2)"
2026/06/08 00:00:00.269,n,-3.097571,4.48126,4.892463,0.822944,OverRange,OverRange,OverRange,12.014476,14.681094,-3.759631
2026/06/08 00:01:00.270,n,-3.02136,6.514843,5.21822,0.64333,OverRange,OverRange,OverRange,12.035478,14.6757,-3.636938
2026/06/08 00:02:00.272,n,-3.091798,3.997654,5.407411,0.742607,OverRange,OverRange,OverRange,11.973034,14.669296,-3.761423
2026/06/08 00:03:00.258,n,-3.18828,5.77807,5.570602,0.173263,OverRange,OverRange,OverRange,12.019038,14.666072,-3.672176
2026/06/08 00:04:00.259,n,-3.056643,3.964084,4.871174,1.106595,OverRange,OverRange,OverRange,12.003114,14.662828,-3.74982
2026/06/08 00:05:00.261,n,-3.209064,5.920635,4.841416,0.991377,OverRange,OverRange,OverRange,12.015748,14.658562,-3.670043
2026/06/08 00:06:00.263,n,-3.235366,3.476572,4.863596,1.337499,OverRange,OverRange,OverRange,11.990214,14.657468,-3.790859
2026/06/08 00:07:00.265,n,-3.340573,5.367217,4.911469,1.136315,OverRange,OverRange,OverRange,11.97733,14.656426,-3.761594
2026/06/08 00:08:00.267,n,-3.360844,3.870511,4.571343,1.144444,OverRange,OverRange,OverRange,11.941448,14.651034,-3.814152
2026/06/08 00:09:00.269,n,-3.285147,4.513146,5.070442,1.18835,OverRange,OverRange,OverRange,11.95459,14.649958,-3.845295
2026/06/08 00:10:00.272,n,-3.30529,6.004499,5.174366,0.807069,OverRange,OverRange,OverRange,11.963674,14.64784,-3.814067
2026/06/08 00:11:00.256,n,-3.393305,5.677496,4.925612,1.083241,OverRange,OverRange,OverRange,11.953828,14.643522,-3.73813
2026/06/08 00:12:00.261,n,-3.317222,5.618291,5.150015,1.143707,OverRange,OverRange,OverRange,11.975816,14.639254,-3.806302
2026/06/08 00:13:00.261,n,-3.270264,6.423861,5.194783,1.104776,OverRange,OverRange,OverRange,11.98795,14.633862,-3.84137
2026/06/08 00:14:00.262,n,-3.220611,4.402432,5.205409,1.027543,OverRange,OverRange,OverRange,11.964452,14.628502,-3.864663
2026/06/08 00:15:00.265,n,-3.45181,3.805841,4.520541,0.833032,OverRange,OverRange,OverRange,11.973812,14.621022,-3.810228
2026/06/08 00:16:00.267,n,-3.428459,3.673966,4.719867,0.762984,OverRange,OverRange,OverRange,11.974046,14.618872,-3.847427
2026/06/08 00:17:00.268,n,-3.484142,5.534222,4.918874,0.818402,OverRange,OverRange,OverRange,12.023342,14.609194,-3.825671
2026/06/08 00:18:00.271,n,-3.372776,4.120906,4.976781,1.118392,OverRange,OverRange,OverRange,11.994258,14.606002,-3.891966
2026/06/08 00:19:00.256,n,-3.381629,5.273286,4.981889,0.986564,OverRange,OverRange,OverRange,12.008428,14.600642,-3.868588
2026/06/08 00:20:00.258,n,-3.45181,5.927463,4.76747,0.879356,OverRange,OverRange,OverRange,12.007406,14.596324,-3.783095
2026/06/08 00:21:00.261,n,-3.203034,4.340333,5.134334,0.976878,OverRange,OverRange,OverRange,11.992494,14.593132,-3.767481
2026/06/08 00:22:00.261,n,-3.290792,4.344783,4.328085,0.060842,OverRange,OverRange,OverRange,11.98618,14.584528,-3.833606
2026/06/08 00:23:00.264,n,-3.261796,4.353836,4.302625,0.042234,OverRange,OverRange,OverRange,11.980378,14.580228,-3.81219
2026/06/08 00:24:00.266,n,-3.290664,5.337096,5.796799,0.381719,OverRange,OverRange,OverRange,11.984654,14.573824,-3.761423
2026/06/08 00:25:00.269,n,-3.211759,5.402694,5.119475,1.175218,OverRange,OverRange,OverRange,11.994772,14.568432,-3.804425
2026/06/08 00:26:00.270,n,-3.282067,3.632038,4.668379,1.012855,OverRange,OverRange,OverRange,11.998058,14.560954,-3.753659
2026/06/08 00:27:00.273,n,-3.243962,4.464484,4.807178,1.025579,OverRange,OverRange,OverRange,12.028392,14.558772,-3.78301
2026/06/08 00:28:00.257,n,-3.208936,3.847228,4.898118,1.35155,OverRange,OverRange,OverRange,12.027624,14.552304,-3.710913
2026/06/08 00:29:00.262,n,-3.141578,3.859695,4.96042,1.082601,OverRange,OverRange,OverRange,12.021546,14.54701,-3.666119
2026/06/08 00:30:00.262,n,-3.123873,4.068752,4.945655,1.049988,OverRange,OverRange,OverRange,12.024846,14.54805,-3.677722
2026/06/08 00:31:00.264,n,-3.223434,5.911395,4.801963,1.212421,OverRange,OverRange,OverRange,12.031428,14.544826,-3.658354
2026/06/08 00:32:00.266,n,-3.091797,5.537082,5.076882,0.968575,OverRange,OverRange,OverRange,12.021302,14.538372,-3.633184
2026/06/08 00:33:00.268,n,-3.033292,3.786562,4.957452,1.157761,OverRange,OverRange,OverRange,12.027868,14.539466,-3.644788
2026/06/08 00:34:00.271,n,-3.027262,5.778625,5.099238,1.160038,OverRange,OverRange,OverRange,12.031174,14.53733,-3.594192
2026/06/08 00:35:00.272,n,-3.00699,5.827086,4.944864,1.135108,OverRange,OverRange,OverRange,12.031174,14.536256,-3.574739
2026/06/08 00:36:00.275,n,-3.103473,5.980396,4.827406,1.057704,OverRange,OverRange,OverRange,12.006154,14.539466,-3.512368
2026/06/08 00:37:00.259,n,-3.126952,3.375101,4.76807,1.350864,OverRange,OverRange,OverRange,11.982636,14.53733,-3.568766
2026/06/08 00:38:00.262,n,-3.109374,4.075775,4.97768,0.84898,OverRange,OverRange,OverRange,12.014996,14.53518,-3.566718
2026/06/08 00:39:00.264,n,-3.161978,4.308008,4.928958,1.247069,OverRange,OverRange,OverRange,12.010428,14.53518,-3.623287
2026/06/08 00:40:00.265,n,-3.188408,5.330955,5.058422,1.083501,OverRange,OverRange,OverRange,12.0309,14.530894,-3.6174
2026/06/08 00:41:00.268,n,-3.153125,3.88888,4.734189,0.959272,OverRange,OverRange,OverRange,12.002106,14.526594,-3.638901
2026/06/08 00:42:00.272,n,-3.124001,4.410901,4.976794,1.204156,OverRange,OverRange,OverRange,12.007136,14.525502,-3.744018
2026/06/08 00:43:00.272,n,-3.132726,4.383003,5.107406,1.101026,OverRange,OverRange,OverRange,12.017782,14.526594,-3.689582
2026/06/08 00:44:00.274,n,-3.182506,6.010205,5.205421,0.880784,OverRange,OverRange,OverRange,12.032674,14.523384,-3.652552
2026/06/08 00:45:00.276,n,-3.261539,5.592154,4.948285,1.13085,OverRange,OverRange,OverRange,12.020306,14.52446,-3.586428
2026/06/08 00:46:00.263,n,-3.246785,6.169516,5.104155,1.091334,OverRange,OverRange,OverRange,12.047094,14.522278,-3.664156
2026/06/08 00:47:00.265,n,-3.299773,4.125515,4.636016,0.896385,OverRange,OverRange,OverRange,11.988968,14.517992,-3.705111
2026/06/08 00:48:00.265,n,-3.337622,5.572414,5.580269,0.974257,OverRange,OverRange,OverRange,12.037476,14.517992,-3.763471
2026/06/08 00:49:00.268,n,-3.38458,4.207218,4.88437,1.032239,OverRange,OverRange,OverRange,11.992234,14.514768,-3.841455
2026/06/08 00:50:00.269,n,-3.469515,5.256523,5.171666,1.198641,OverRange,OverRange,OverRange,12.025848,14.51265,-3.851182
2026/06/08 00:51:00.270,n,-3.516217,3.863844,4.755357,1.116518,OverRange,OverRange,OverRange,11.9973,14.508332,-3.89973
2026/06/08 00:52:00.272,n,-3.516345,3.71686,5.092574,1.34788,OverRange,OverRange,OverRange,12.010174,14.507256,-3.915429
2026/06/08 00:53:00.275,n,-3.454632,5.705144,5.241654,1.032541,OverRange,OverRange,OverRange,12.013714,14.499778,-3.925327
2026/06/08 00:54:00.280,n,-3.454761,6.148689,4.943921,1.139984,OverRange,OverRange,OverRange,11.997808,14.496534,-3.979677
2026/06/08 00:55:00.265,n,-3.402157,4.006343,4.991774,0.810095,OverRange,OverRange,OverRange,11.969234,14.494386,-3.966025
2026/06/08 00:56:00.263,n,-3.416656,3.786763,4.942223,0.946232,OverRange,OverRange,OverRange,11.99048,14.488992,-3.90758
2026/06/08 00:57:00.266,n,-3.443086,5.920461,4.951199,1.173316,OverRange,OverRange,OverRange,11.98264,14.486876,-3.829681
2026/06/08 00:58:00.270,n,-3.466308,3.432346,4.6893,1.235758,OverRange,OverRange,OverRange,11.962164,14.515256,-3.948534
2026/06/08 00:59:00.271,n,-3.124386,3.873947,5.167535,0.682061,OverRange,OverRange,OverRange,12.039246,14.504536,-3.713302
2026/06/08 01:00:00.274,n,-3.118612,3.895554,4.986577,1.025962,OverRange,OverRange,OverRange,12.02001,14.504536,-3.732755
2026/06/08 01:01:00.275,n,-3.200468,5.692572,5.048651,1.08858,OverRange,OverRange,OverRange,12.038966,14.499142,-3.664583
2026/06/08 01:02:00.277,n,-3.103857,3.302254,4.530274,1.235386,OverRange,OverRange,OverRange,12.00789,14.495982,-3.754085
2026/06/08 01:03:00.280,n,-3.103857,3.727543,4.870676,1.049322,OverRange,OverRange,OverRange,12.024568,14.495982,-3.705537
2026/06/08 01:04:00.266,n,-3.048175,3.940068,5.100136,1.286121,OverRange,OverRange,OverRange,12.036444,14.490588,-3.709291
2026/06/08 01:05:00.266,n,-3.001345,4.149749,4.887266,0.772389,OverRange,OverRange,OverRange,12.024312,14.487346,-3.685998
2026/06/08 01:06:00.269,n,-3.077556,4.147656,4.887332,1.193282,OverRange,OverRange,OverRange,11.994996,14.48308,-3.730878
2026/06/08 01:07:00.270,n,-3.015972,4.116962,4.907227,0.8615,OverRange,OverRange,OverRange,11.984376,14.479868,-3.738557
2026/06/08 01:08:00.272,n,-3.051126,6.005105,4.867069,1.099257,OverRange,OverRange,OverRange,12.001064,14.475536,-3.627467
2026/06/08 01:09:00.274,n,-2.943096,5.21422,4.847657,1.177275,OverRange,OverRange,OverRange,11.953522,14.472326,-3.738727
2026/06/08 01:10:00.276,n,-3.004039,6.124505,4.956026,1.282173,OverRange,OverRange,OverRange,11.97527,14.474462,-3.578749
2026/06/08 01:11:00.278,n,-2.960674,4.866198,4.75987,1.144406,OverRange,OverRange,OverRange,11.960354,14.472326,-3.63728
2026/06/08 01:12:00.279,n,-2.957466,6.301121,5.224518,1.290151,OverRange,OverRange,OverRange,11.97021,14.468026,-3.631478
2026/06/08 01:13:00.265,n,-2.957594,3.305093,4.712033,1.071502,OverRange,OverRange,OverRange,11.950512,14.468026,-3.619874
2026/06/08 01:14:00.267,n,-2.896266,6.104228,5.179278,1.359426,OverRange,OverRange,OverRange,11.989676,14.465892,-3.576871
2026/06/08 01:15:00.269,n,-2.907814,3.958912,5.07182,1.053428,OverRange,OverRange,OverRange,11.947972,14.466966,-3.610062
2026/06/08 01:16:00.272,n,-2.828909,4.427509,4.471438,0.446107,OverRange,OverRange,OverRange,11.982372,14.468026,-3.582759
2026/06/08 01:17:00.272,n,-2.986719,6.056184,4.87789,1.012887,OverRange,OverRange,OverRange,11.98085,14.464784,-3.397866
2026/06/08 01:18:00.276,n,-2.884334,6.22574,5.151171,0.854525,OverRange,OverRange,OverRange,11.999548,14.459424,-3.55938
2026/06/08 01:19:00.276,n,-2.764502,5.441288,5.342308,0.997444,OverRange,OverRange,OverRange,12.007386,14.462698,-3.610062
2026/06/08 01:20:00.278,n,-2.814282,3.7824,4.743669,0.958758,OverRange,OverRange,OverRange,11.982112,14.462698,-3.574994
2026/06/08 01:21:00.281,n,-2.899217,5.986278,4.975642,1.13449,OverRange,OverRange,OverRange,12.017228,14.45838,-3.485321
2026/06/08 01:22:00.266,n,-2.94284,3.886258,4.711657,1.157258,OverRange,OverRange,OverRange,11.980332,14.460548,-3.557418
2026/06/08 01:23:00.270,n,-2.951821,5.395187,5.181984,1.090006,OverRange,OverRange,OverRange,12.01118,14.459424,-3.510747
2026/06/08 01:24:00.271,n,-3.004552,6.01556,5.273929,0.919518,OverRange,OverRange,OverRange,12.008122,14.45838,-3.59641
2026/06/08 01:25:00.272,n,-2.858033,5.198729,4.802889,0.835611,OverRange,OverRange,OverRange,11.995998,14.454096,-3.574909
2026/06/08 01:26:00.277,n,-3.045481,5.823457,4.816448,1.170588,OverRange,OverRange,OverRange,11.98816,14.455156,-3.567145
2026/06/08 01:27:00.275,n,-2.911021,6.266399,5.684927,0.7578,OverRange,OverRange,OverRange,12.010412,14.449762,-3.586598
2026/06/08 01:28:00.277,n,-3.007247,3.359482,5.235653,1.160317,OverRange,OverRange,OverRange,11.951004,14.449762,-3.654771
2026/06/08 01:29:00.279,n,-3.106937,5.777995,4.492222,0.643587,OverRange,OverRange,OverRange,11.977306,14.448752,-3.561343
2026/06/08 01:30:00.283,n,-3.045481,4.443058,4.253568,0.348826,OverRange,OverRange,OverRange,11.940904,14.44551,-3.590438
2026/06/08 01:31:00.267,n,-3.065752,5.53737,5.331721,1.045622,OverRange,OverRange,OverRange,11.95986,14.446552,-3.608099
2026/06/08 01:32:00.268,n,-3.007247,3.870114,4.662347,1.118838,OverRange,OverRange,OverRange,11.929012,14.446552,-3.664583
2026/06/08 01:33:00.270,n,-3.024824,4.26908,4.696172,1.077751,OverRange,OverRange,OverRange,11.94747,14.446552,-3.576957
2026/06/08 01:34:00.273,n,-3.030726,4.587857,5.322927,0.954245,OverRange,OverRange,OverRange,11.969716,14.444436,-3.62943
2026/06/08 01:35:00.274,n,-2.972349,4.40769,4.780418,1.117444,OverRange,OverRange,OverRange,11.94545,14.443358,-3.565183
2026/06/08 01:36:00.277,n,-3.027903,5.778984,5.430109,0.612803,OverRange,OverRange,OverRange,11.964168,14.443358,-3.576701
2026/06/08 01:37:00.279,n,-3.106809,5.513679,5.617495,0.076067,OverRange,OverRange,OverRange,11.967958,14.439042,-3.627638
2026/06/08 01:38:00.281,n,-3.045096,3.688241,4.969752,1.100665,OverRange,OverRange,OverRange,11.962124,14.442252,-3.652893
2026/06/08 01:39:00.286,n,-3.147865,5.80558,5.168948,1.034711,OverRange,OverRange,OverRange,11.966176,14.437968,-3.60025
2026/06/08 01:40:00.270,n,-3.136061,6.153657,4.914151,1.074814,OverRange,OverRange,OverRange,11.946972,14.434758,-3.691885
2026/06/08 01:41:00.270,n,-3.212144,4.937545,4.083708,0.445102,OverRange,OverRange,OverRange,11.9121,14.427246,-3.654941
2026/06/08 01:42:00.272,n,-3.17994,4.311105,4.753306,0.922226,OverRange,OverRange,OverRange,11.92421,14.433682,-3.6918
2026/06/08 01:43:00.274,n,-3.110016,4.338237,5.164781,0.891262,OverRange,OverRange,OverRange,11.93661,14.431564,-3.73284
2026/06/08 01:44:00.277,n,-3.200468,6.00174,4.739317,0.966389,OverRange,OverRange,OverRange,11.932806,14.425098,-3.676272
2026/06/08 01:45:00.280,n,-3.147736,5.76947,5.296982,0.918529,OverRange,OverRange,OverRange,11.921184,14.42399,-3.783351
2026/06/08 01:46:00.281,n,-3.142091,5.928493,4.945664,1.08827,OverRange,OverRange,OverRange,11.918386,14.420812,-3.740434
2026/06/08 01:47:00.281,n,-3.074605,3.642245,4.670117,1.161783,OverRange,OverRange,OverRange,11.911312,14.417556,-3.777464
2026/06/08 01:48:00.267,n,-3.118484,5.80034,5.104115,0.833316,OverRange,OverRange,OverRange,11.939648,14.417556,-3.701698
2026/06/08 01:49:00.270,n,-3.048432,3.870908,4.859179,1.242557,OverRange,OverRange,OverRange,11.903462,14.41863,-3.750246
2026/06/08 01:50:00.276,n,-3.062801,5.688529,5.135628,1.134947,OverRange,OverRange,OverRange,11.949748,14.415436,-3.658695
2026/06/08 01:51:00.257,n,-3.050869,5.394757,4.789775,1.345682,OverRange,OverRange,OverRange,11.923182,14.415436,-3.701527
2026/06/08 01:52:00.259,n,-2.922568,3.861595,5.074288,0.951609,OverRange,OverRange,OverRange,11.936112,14.41327,-3.689923
2026/06/08 01:53:00.261,n,-2.963753,6.299958,5.241459,1.213797,OverRange,OverRange,OverRange,11.964402,14.415436,-3.569107
2026/06/08 01:54:00.262,n,-2.969398,4.546825,4.758236,1.225122,OverRange,OverRange,OverRange,11.939626,14.41327,-3.625761
2026/06/08 01:55:00.264,n,-2.969398,3.291815,5.186448,1.065974,OverRange,OverRange,OverRange,11.959346,14.412228,-3.592656
2026/06/08 01:56:00.266,n,-2.925519,3.313386,5.08181,1.215354,OverRange,OverRange,OverRange,11.955826,14.412228,-3.545814
2026/06/08 01:57:00.269,n,-2.951564,3.214188,4.743823,1.057351,OverRange,OverRange,OverRange,11.933324,14.411152,-3.670385
2026/06/08 01:58:00.271,n,-2.96927,5.596291,5.117284,0.964467,OverRange,OverRange,OverRange,11.947226,14.414378,-3.557504
2026/06/08 01:59:00.257,n,-2.931165,4.416219,4.450238,0.545275,OverRange,OverRange,OverRange,11.91739,14.408984,-3.608014
2026/06/08 02:00:00.259,n,-2.925648,5.564714,5.720056,0.325281,OverRange,OverRange,OverRange,11.987926,14.411152,-3.580796
2026/06/08 02:01:00.259,n,-2.858418,6.597648,4.503271,1.044532,OverRange,OverRange,OverRange,11.96011,14.412228,-3.563391
2026/06/08 02:02:00.262,n,-2.904991,3.747926,4.27405,0.979189,OverRange,OverRange,OverRange,11.940878,14.414378,-3.51834
2026/06/08 02:03:00.266,n,-2.831731,6.229474,5.044183,1.075433,OverRange,OverRange,OverRange,12.00913,14.408984,-3.452216
2026/06/08 02:04:00.265,n,-2.878561,4.5157,5.400587,0.43416,OverRange,OverRange,OverRange,11.971752,14.415436,-3.557333
2026/06/08 02:05:00.269,n,-2.925391,5.839303,4.170214,0.846216,OverRange,OverRange,OverRange,12.005116,14.415436,-3.438735
2026/06/08 02:06:00.270,n,-2.846357,5.748498,5.584473,0.185051,OverRange,OverRange,OverRange,12.01118,14.415436,-3.448291
2026/06/08 02:07:00.271,n,-2.773354,5.928785,4.921795,0.95644,OverRange,OverRange,OverRange,11.999294,14.417556,-3.424913
2026/06/08 02:08:00.258,n,-2.846229,6.032506,4.991345,1.134621,OverRange,OverRange,OverRange,11.993718,14.416512,-3.467659
2026/06/08 02:09:00.259,n,-2.866886,5.630681,4.726545,0.827592,OverRange,OverRange,OverRange,12.001074,14.417556,-3.432763
2026/06/08 02:10:00.263,n,-2.779256,6.583092,5.06059,1.074308,OverRange,OverRange,OverRange,12.011678,14.420812,-3.481397
2026/06/08 02:11:00.264,n,-2.887542,4.609788,4.486029,1.123916,OverRange,OverRange,OverRange,11.977052,14.42399,-3.436687
2026/06/08 02:12:00.266,n,-2.904991,5.328206,4.854849,1.154204,OverRange,OverRange,OverRange,12.010174,14.419704,-3.479519
2026/06/08 02:13:00.268,n,-2.860984,4.108045,4.247963,0.272647,OverRange,OverRange,OverRange,11.96819,14.42399,-3.493085
2026/06/08 02:14:00.269,n,-2.934244,5.427814,4.862275,0.975904,OverRange,OverRange,OverRange,12.011694,14.431564,-3.461943
2026/06/08 02:15:00.270,n,-2.817233,5.959326,4.632671,0.879285,OverRange,OverRange,OverRange,12.029354,14.428322,-3.489246
2026/06/08 02:16:00.259,n,-2.867014,6.301915,5.022512,0.975448,OverRange,OverRange,OverRange,12.011938,14.430458,-3.506652
2026/06/08 02:17:00.260,n,-2.816977,5.940497,5.2131,1.071999,OverRange,OverRange,OverRange,12.002324,14.425098,-3.47184
2026/06/08 02:18:00.260,n,-2.913715,4.572357,5.180286,1.107585,OverRange,OverRange,OverRange,11.995504,14.431564,-3.534125
2026/06/08 02:19:00.262,n,-2.948998,3.782782,4.664804,1.039782,OverRange,OverRange,OverRange,11.999798,14.434758,-3.637365
2026/06/08 02:20:00.264,n,-2.972093,6.055981,5.001205,1.247553,OverRange,OverRange,OverRange,12.01116,14.429382,-3.60042
2026/06/08 02:21:00.267,n,-2.945791,6.020084,4.923722,1.207501,OverRange,OverRange,OverRange,11.983618,14.43264,-3.545814
2026/06/08 02:22:00.267,n,-2.931293,3.803852,4.752625,0.972291,OverRange,OverRange,OverRange,11.966182,14.428322,-3.571155
2026/06/08 02:23:00.269,n,-2.899217,6.111517,5.055925,1.162557,OverRange,OverRange,OverRange,12.019262,14.43264,-3.498973
2026/06/08 02:24:00.271,n,-2.899217,3.785786,4.724189,1.093813,OverRange,OverRange,OverRange,11.985134,14.429382,-3.516464
2026/06/08 02:25:00.257,n,-2.887285,6.023661,5.30796,1.164137,OverRange,OverRange,OverRange,12.026592,14.430458,-3.551445
2026/06/08 02:26:00.259,n,-2.843535,6.509776,4.988321,1.157218,OverRange,OverRange,OverRange,12.008382,14.433682,-3.481652
2026/06/08 02:27:00.261,n,-2.864063,3.640677,4.577358,0.937158,OverRange,OverRange,OverRange,11.982098,14.430458,-3.549654
2026/06/08 02:28:00.263,n,-2.901912,6.174832,5.349853,1.206336,OverRange,OverRange,OverRange,12.029358,14.429382,-3.530115
2026/06/08 02:29:00.265,n,-2.863935,3.849004,4.627856,1.020438,OverRange,OverRange,OverRange,11.992718,14.429382,-3.534125
2026/06/08 02:30:00.269,n,-2.858033,3.847523,4.951688,1.154911,OverRange,OverRange,OverRange,12.025326,14.429382,-3.508529
2026/06/08 02:31:00.270,n,-2.887414,5.768919,5.178217,1.160409,OverRange,OverRange,OverRange,12.032394,14.434758,-3.481482
2026/06/08 02:32:00.271,n,-2.875482,6.548929,4.987011,1.428968,OverRange,OverRange,OverRange,12.000036,14.431564,-3.473632
2026/06/08 02:33:00.273,n,-2.916923,6.495488,5.178854,1.133196,OverRange,OverRange,OverRange,12.006628,14.43264,-3.495133
2026/06/08 02:34:00.259,n,-2.928342,5.667177,5.23496,1.124578,OverRange,OverRange,OverRange,12.010922,14.430458,-3.518426
2026/06/08 02:35:00.260,n,-2.88164,3.906796,4.881687,1.091021,OverRange,OverRange,OverRange,11.98615,14.433682,-3.504945
2026/06/08 02:36:00.262,n,-2.910893,5.795421,4.966356,1.035255,OverRange,OverRange,OverRange,12.026074,14.433682,-3.51271
2026/06/08 02:37:00.263,n,-2.913844,5.936281,5.197895,0.863405,OverRange,OverRange,OverRange,12.024572,14.43264,-3.487369
2026/06/08 02:38:00.266,n,-2.89601,5.851567,4.973454,1.163196,OverRange,OverRange,OverRange,12.015712,14.431564,-3.495047
2026/06/08 02:39:00.268,n,-2.843535,5.514896,5.538363,0.77128,OverRange,OverRange,OverRange,12.041764,14.431564,-3.559295
2026/06/08 02:40:00.269,n,-2.922568,5.681809,4.982771,1.118431,OverRange,OverRange,OverRange,12.023808,14.431564,-3.547606
2026/06/08 02:41:00.272,n,-2.85829,4.489747,4.416323,0.355282,OverRange,OverRange,OverRange,12.00613,14.431564,-3.553579
2026/06/08 02:42:00.277,n,-2.995571,4.026295,4.543262,0.891021,OverRange,OverRange,OverRange,12.049846,14.428322,-3.518426
2026/06/08 02:43:00.258,n,-3.010198,3.251414,4.78354,1.197849,OverRange,OverRange,OverRange,12.031648,14.427246,-3.610062
2026/06/08 02:44:00.261,n,-2.986719,5.459035,5.626602,0.85674,OverRange,OverRange,OverRange,12.06982,14.429382,-3.576871
2026/06/08 02:45:00.263,n,-3.001473,4.069656,4.98051,1.289255,OverRange,OverRange,OverRange,12.023814,14.429382,-3.543767
2026/06/08 02:46:00.267,n,-3.118484,4.202424,4.227233,0.079086,OverRange,OverRange,OverRange,11.991704,14.421872,-3.606223
2026/06/08 02:47:00.266,n,-3.217789,5.127721,4.566121,0.866523,OverRange,OverRange,OverRange,11.985134,14.421872,-3.578749
2026/06/08 02:48:00.269,n,-3.191615,6.201502,5.489679,1.004718,OverRange,OverRange,OverRange,11.987916,14.420812,-3.684121
2026/06/08 02:49:00.272,n,-3.097956,3.864757,4.982806,1.133641,OverRange,OverRange,OverRange,11.96341,14.414378,-3.808691
2026/06/08 02:50:00.274,n,-3.194438,6.021593,5.239009,0.951417,OverRange,OverRange,OverRange,12.00258,14.417556,-3.744444
2026/06/08 02:51:00.276,n,-3.162619,3.732,4.76024,1.16174,OverRange,OverRange,OverRange,11.97199,14.414378,-3.726953
2026/06/08 02:52:00.261,n,-3.18302,4.096659,4.627543,1.350379,OverRange,OverRange,OverRange,11.983368,14.41327,-3.705537
2026/06/08 02:53:00.261,n,-3.203419,6.083312,5.116894,1.269594,OverRange,OverRange,OverRange,12.018998,14.408984,-3.748369
2026/06/08 02:54:00.263,n,-3.232672,5.729954,5.272127,0.789041,OverRange,OverRange,OverRange,11.990448,14.404684,-3.746407
2026/06/08 02:55:00.267,n,-3.15351,6.281867,5.991167,0.382753,OverRange,OverRange,OverRange,12.003098,14.39825,-3.765945
2026/06/08 02:56:00.268,n,-3.256023,4.138161,4.799893,0.837147,OverRange,OverRange,OverRange,11.93838,14.39504,-3.795125
2026/06/08 02:57:00.269,n,-3.282324,5.605441,5.232312,1.025503,OverRange,OverRange,OverRange,11.989924,14.390706,-3.822343
2026/06/08 02:58:00.275,n,-3.329282,6.228933,4.700415,0.786296,OverRange,OverRange,OverRange,11.945714,14.386422,-3.8534
2026/06/08 02:59:00.273,n,-3.282324,4.106594,4.980886,1.005094,OverRange,OverRange,OverRange,11.920426,14.384304,-3.859373
2026/06/08 03:00:00.275,n,-3.340829,5.595414,4.787444,0.831151,OverRange,OverRange,OverRange,11.953034,14.37676,-3.699564
2026/06/08 03:01:00.260,n,-3.238445,4.169635,4.221976,0.717073,OverRange,OverRange,OverRange,11.896404,14.373552,-3.82422
2026/06/08 03:02:00.265,n,-3.364308,5.412551,4.384554,1.011731,OverRange,OverRange,OverRange,11.90652,14.368192,-3.738557
2026/06/08 03:03:00.264,n,-3.256023,4.768193,5.221079,0.668266,OverRange,OverRange,OverRange,11.89616,14.363874,-3.763897
2026/06/08 03:04:00.266,n,-3.218045,5.487276,4.443861,0.536819,OverRange,OverRange,OverRange,11.894634,14.366042,-3.723028
2026/06/08 03:05:00.268,n,-3.227026,6.250329,5.556825,0.641889,OverRange,OverRange,OverRange,11.925218,14.356364,-3.771747
2026/06/08 03:06:00.272,n,-3.185842,5.81655,5.85438,0.059086,OverRange,OverRange,OverRange,11.91714,14.35744,-3.717141
2026/06/08 03:07:00.271,n,-3.203419,3.701705,4.829804,1.218845,OverRange,OverRange,OverRange,11.903468,14.34993,-3.746406
2026/06/08 03:08:00.273,n,-3.241525,5.851913,5.071154,0.824813,OverRange,OverRange,OverRange,11.915614,14.346704,-3.678149
2026/06/08 03:09:00.278,n,-3.209193,3.979509,4.6687,0.938726,OverRange,OverRange,OverRange,11.895392,14.344536,-3.797002
2026/06/08 03:10:00.262,n,-3.150816,3.718095,4.932281,1.214963,OverRange,OverRange,OverRange,11.921174,14.339162,-3.775672
2026/06/08 03:11:00.265,n,-3.147736,3.763642,4.975523,1.433288,OverRange,OverRange,OverRange,11.918652,14.334876,-3.756219
2026/06/08 03:12:00.266,n,-3.168265,4.552791,5.132775,0.909405,OverRange,OverRange,OverRange,11.905518,14.329486,-3.756133
2026/06/08 03:13:00.267,n,-3.194566,5.928522,4.945842,1.350114,OverRange,OverRange,OverRange,11.883504,14.324124,-3.777635
2026/06/08 03:14:00.272,n,-3.179812,5.977336,5.233876,0.930513,OverRange,OverRange,OverRange,11.878942,14.319858,-3.820381
2026/06/08 03:15:00.272,n,-3.215095,3.472323,4.609694,1.140737,OverRange,OverRange,OverRange,11.855682,14.316614,-3.816541
2026/06/08 03:16:00.277,n,-3.232543,6.043719,5.289598,1.17004,OverRange,OverRange,OverRange,11.884756,14.314432,-3.82806
2026/06/08 03:17:00.276,n,-3.203547,3.481937,4.568719,1.27401,OverRange,OverRange,OverRange,11.843288,14.314432,-3.83207
2026/06/08 03:18:00.278,n,-3.250249,5.743156,5.116223,1.031935,OverRange,OverRange,OverRange,11.874416,14.312328,-3.806814
2026/06/08 03:19:00.265,n,-3.296951,6.096699,4.48813,0.987721,OverRange,OverRange,OverRange,11.841268,14.303712,-3.8691
2026/06/08 03:20:00.267,n,-3.279373,4.169937,4.425292,1.027703,OverRange,OverRange,OverRange,11.861258,14.30482,-3.855533
2026/06/08 03:21:00.268,n,-3.2328,6.557822,5.423756,1.101212,OverRange,OverRange,OverRange,11.90093,14.30267,-3.775501
2026/06/08 03:22:00.272,n,-3.323381,3.740801,4.519498,1.260122,OverRange,OverRange,OverRange,11.834698,14.298352,-3.812702
2026/06/08 03:23:00.272,n,-3.282453,5.887314,5.258762,1.28365,OverRange,OverRange,OverRange,11.875916,14.298352,-3.808521
2026/06/08 03:24:00.274,n,-3.308754,6.509162,4.955257,1.394221,OverRange,OverRange,OverRange,11.853924,14.290842,-3.882751
2026/06/08 03:25:00.276,n,-3.338007,6.408286,4.880638,1.074097,OverRange,OverRange,OverRange,11.848608,14.287584,-3.839834
2026/06/08 03:26:00.279,n,-3.370082,6.080314,4.914854,1.350559,OverRange,OverRange,OverRange,11.858968,14.289766,-3.86125
2026/06/08 03:27:00.280,n,-3.32043,5.974888,5.187351,1.138614,OverRange,OverRange,OverRange,11.851146,14.280108,-3.851438
2026/06/08 03:28:00.272,n,-3.320686,6.04981,4.950289,1.174027,OverRange,OverRange,OverRange,11.851126,14.27794,-3.882666
2026/06/08 03:29:00.270,n,-3.288226,4.051095,4.58802,0.691902,OverRange,OverRange,OverRange,11.834198,14.276866,-3.888553
2026/06/08 03:30:00.269,n,-3.373161,4.298044,4.788242,0.831633,OverRange,OverRange,OverRange,11.843292,14.274714,-3.894525
2026/06/08 03:31:00.271,n,-3.358535,3.781495,5.202005,1.061082,OverRange,OverRange,OverRange,11.860988,14.26722,-3.89828
2026/06/08 03:32:00.275,n,-3.340958,4.04901,4.926693,1.029268,OverRange,OverRange,OverRange,11.862518,14.26507,-3.894355
2026/06/08 03:33:00.276,n,-3.370339,6.072667,4.929953,1.121547,OverRange,OverRange,OverRange,11.872884,14.262888,-3.900328
2026/06/08 03:34:00.278,n,-3.300158,6.250471,4.876208,1.242772,OverRange,OverRange,OverRange,11.87464,14.261814,-3.937101
2026/06/08 03:35:00.280,n,-3.375984,6.230644,4.840929,1.260792,OverRange,OverRange,OverRange,11.846568,14.26507,-3.906044
2026/06/08 03:36:00.281,n,-3.34686,6.173667,4.880687,1.144902,OverRange,OverRange,OverRange,11.8476,14.25217,-3.943159
2026/06/08 03:37:00.266,n,-3.361358,6.556714,5.113755,1.202017,OverRange,OverRange,OverRange,11.868836,14.25217,-3.929337
2026/06/08 03:38:00.269,n,-3.338007,5.926333,5.609693,0.999029,OverRange,OverRange,OverRange,11.885778,14.24785,-3.910054
2026/06/08 03:39:00.273,n,-3.402542,3.256055,4.72998,1.33641,OverRange,OverRange,OverRange,11.817744,14.245702,-3.907836
2026/06/08 03:40:00.341,n,-3.338135,6.331351,4.966773,1.22548,OverRange,OverRange,OverRange,11.840776,14.242476,-3.894355
2026/06/08 03:41:00.275,n,-3.323252,6.210202,4.957919,1.399305,OverRange,OverRange,OverRange,11.812944,14.239234,-3.906129
2026/06/08 03:42:00.277,n,-3.349682,6.286586,4.822964,1.377669,OverRange,OverRange,OverRange,11.793992,14.23065,-3.872854
2026/06/08 03:43:00.279,n,-3.317607,3.688276,4.71051,1.324371,OverRange,OverRange,OverRange,11.79271,14.226364,-3.915856
2026/06/08 03:44:00.281,n,-3.364308,6.118161,5.285982,1.173105,OverRange,OverRange,OverRange,11.8319,14.223122,-3.812446
2026/06/08 03:45:00.267,n,-3.41704,5.521457,5.160166,1.264092,OverRange,OverRange,OverRange,11.786876,14.222046,-3.878741
2026/06/08 03:46:00.271,n,-3.323381,3.721792,4.946802,1.325746,OverRange,OverRange,OverRange,11.789928,14.218822,-3.884543
2026/06/08 03:47:00.270,n,-3.402414,5.948616,4.907104,1.197548,OverRange,OverRange,OverRange,11.818014,14.213462,-3.902205
2026/06/08 03:48:00.275,n,-3.39061,6.090168,4.724206,1.090225,OverRange,OverRange,OverRange,11.797256,14.21022,-3.838042
2026/06/08 03:49:00.275,n,-3.370467,6.088019,4.903563,1.240201,OverRange,OverRange,OverRange,11.793972,14.20592,-3.91961
2026/06/08 03:50:00.276,n,-3.378806,6.289229,5.303657,1.223921,OverRange,OverRange,OverRange,11.800054,14.21022,-3.905873
2026/06/08 03:51:00.279,n,-3.311834,3.742644,4.404215,0.5851,OverRange,OverRange,OverRange,11.777034,14.202744,-3.908092
2026/06/08 03:52:00.280,n,-3.340958,5.755238,5.10314,1.035797,OverRange,OverRange,OverRange,11.835964,14.196276,-3.82823
2026/06/08 03:53:00.284,n,-3.414217,4.511638,4.815203,0.909997,OverRange,OverRange,OverRange,11.784622,14.19305,-3.859458
2026/06/08 03:54:00.285,n,-3.455017,5.3215,4.976273,1.005477,OverRange,OverRange,OverRange,11.793224,14.191958,-3.941197
2026/06/08 03:55:00.270,n,-3.499281,5.98622,4.901614,1.15842,OverRange,OverRange,OverRange,11.793234,14.184482,-3.902205
2026/06/08 03:56:00.276,n,-3.44347,6.082735,4.988901,1.187799,OverRange,OverRange,OverRange,11.758804,14.188734,-3.89828
2026/06/08 03:57:00.273,n,-3.370339,3.940376,5.033038,1.336148,OverRange,OverRange,OverRange,11.747182,14.180148,-3.943074
2026/06/08 03:58:00.259,n,-3.472851,6.226966,5.35219,1.042685,OverRange,OverRange,OverRange,11.793228,14.176908,-3.871062
2026/06/08 03:59:00.261,n,-3.396512,5.84078,4.885432,1.182356,OverRange,OverRange,OverRange,11.747168,14.174756,-3.976179
2026/06/08 04:00:00.262,n,-3.387788,6.248313,5.079657,1.090621,OverRange,OverRange,OverRange,11.764882,14.172588,-3.92362
2026/06/08 04:01:00.265,n,-3.493251,4.477356,4.627222,1.096015,OverRange,OverRange,OverRange,11.752482,14.184904,-3.970292
2026/06/08 04:02:00.266,n,-3.13914,4.4998,5.083303,1.43922,OverRange,OverRange,OverRange,11.783682,14.179546,-3.725247
2026/06/08 04:03:00.269,n,-3.022002,6.232468,5.51977,1.202346,OverRange,OverRange,OverRange,11.786224,14.1765,-3.612195
2026/06/08 04:04:00.270,n,-3.250249,3.71713,4.7563,1.030818,OverRange,OverRange,OverRange,11.747706,14.166822,-3.869014
2026/06/08 04:05:00.272,n,-3.244475,4.13404,4.602673,0.91784,OverRange,OverRange,OverRange,11.776562,14.166822,-3.792907
2026/06/08 04:06:00.258,n,-3.279373,3.637783,4.826377,1.181878,OverRange,OverRange,OverRange,11.780346,14.160388,-3.837872
2026/06/08 04:07:00.259,n,-3.273471,3.929644,4.677437,1.176329,OverRange,OverRange,OverRange,11.776546,14.159314,-3.802804
2026/06/08 04:08:00.262,n,-3.300286,3.286894,4.902887,1.360721,OverRange,OverRange,OverRange,11.783886,14.158206,-3.88258
2026/06/08 04:09:00.264,n,-3.308754,5.626908,5.312044,1.314088,OverRange,OverRange,OverRange,11.80869,14.151772,-3.822257
2026/06/08 04:10:00.266,n,-3.270777,5.044374,4.998563,1.034799,OverRange,OverRange,OverRange,11.770986,14.15392,-3.946828
2026/06/08 04:11:00.269,n,-3.291305,3.696166,5.293072,1.266482,OverRange,OverRange,OverRange,11.776272,14.151772,-3.870891
2026/06/08 04:12:00.271,n,-3.264747,5.700129,5.356856,1.109746,OverRange,OverRange,OverRange,11.808676,14.146412,-3.882666
2026/06/08 04:13:00.276,n,-3.27052,4.126085,4.653806,1.244859,OverRange,OverRange,OverRange,11.76619,14.145306,-3.843759
2026/06/08 04:14:00.262,n,-3.311705,5.850888,5.062594,1.32174,OverRange,OverRange,OverRange,11.792212,14.14317,-3.744529
2026/06/08 04:15:00.259,n,-3.296951,6.207004,5.653244,0.931663,OverRange,OverRange,OverRange,11.797546,14.13887,-3.874902
2026/06/08 04:16:00.267,n,-3.305803,5.922148,4.908565,1.320976,OverRange,OverRange,OverRange,11.779324,14.139944,-3.878826
2026/06/08 04:17:00.265,n,-3.323381,6.141922,4.964214,1.317705,OverRange,OverRange,OverRange,11.74466,14.128118,-3.898194
2026/06/08 04:18:00.267,n,-3.361358,3.750125,4.591368,1.263332,OverRange,OverRange,OverRange,11.72671,14.12595,-3.909884
2026/06/08 04:19:00.267,n,-3.425764,4.165229,4.543749,1.199219,OverRange,OverRange,OverRange,11.73379,14.118442,-3.987868
2026/06/08 04:20:00.270,n,-3.431795,6.005149,5.134575,1.079691,OverRange,OverRange,OverRange,11.76769,14.123866,-3.937357
2026/06/08 04:21:00.271,n,-3.402542,3.380108,4.498732,1.456828,OverRange,OverRange,OverRange,11.72749,14.119534,-3.900157
2026/06/08 04:22:00.256,n,-3.387788,5.322258,4.92061,1.281862,OverRange,OverRange,OverRange,11.73785,14.112006,-3.882666
2026/06/08 04:23:00.259,n,-3.367388,3.910789,5.078631,1.164293,OverRange,OverRange,OverRange,11.732026,14.107674,-3.999557
2026/06/08 04:24:00.260,n,-3.419991,3.336791,4.690459,1.370934,OverRange,OverRange,OverRange,11.747722,14.107674,-3.938978
2026/06/08 04:25:00.262,n,-3.390739,5.303797,5.125218,1.293273,OverRange,OverRange,OverRange,11.738342,14.104498,-3.919695
2026/06/08 04:26:00.265,n,-3.426021,5.292304,4.911437,1.064652,OverRange,OverRange,OverRange,11.73457,14.102314,-3.880789
2026/06/08 04:27:00.269,n,-3.387916,3.676891,4.765503,1.199415,OverRange,OverRange,OverRange,11.717098,14.101272,-3.900242
2026/06/08 04:28:00.272,n,-3.405236,6.167091,4.984541,1.248666,OverRange,OverRange,OverRange,11.735814,14.099104,-3.812616
2026/06/08 04:29:00.270,n,-3.408316,5.880885,4.56379,1.082287,OverRange,OverRange,OverRange,11.703436,14.09479,-3.935309
2026/06/08 04:30:00.275,n,-3.396769,3.603643,4.756015,1.171308,OverRange,OverRange,OverRange,11.693574,14.093714,-3.962527
2026/06/08 04:31:00.260,n,-3.41101,6.284488,4.820347,1.238741,OverRange,OverRange,OverRange,11.710774,14.09153,-3.942989
2026/06/08 04:32:00.262,n,-3.393561,3.806012,4.556496,1.267679,OverRange,OverRange,OverRange,11.686982,14.089446,-3.92746
2026/06/08 04:33:00.262,n,-3.440519,3.913705,4.991635,1.424533,OverRange,OverRange,OverRange,11.698884,14.081886,-4.032662
2026/06/08 04:34:00.264,n,-3.408059,4.278022,4.756614,1.214834,OverRange,OverRange,OverRange,11.70165,14.080812,-3.954763
2026/06/08 04:35:00.267,n,-3.4699,6.168502,4.778263,1.260521,OverRange,OverRange,OverRange,11.727712,14.080812,-3.958688
2026/06/08 04:36:00.268,n,-3.334928,3.61681,5.053563,1.321094,OverRange,OverRange,OverRange,11.720404,14.077586,-3.954763
2026/06/08 04:37:00.271,n,-3.370339,4.133127,4.621685,0.761889,OverRange,OverRange,OverRange,11.711792,14.074344,-3.946913
2026/06/08 04:38:00.272,n,-3.443599,5.287448,4.926577,0.883163,OverRange,OverRange,OverRange,11.727734,14.072228,-3.837615
2026/06/08 04:39:00.272,n,-3.378935,4.264446,4.985644,0.932002,OverRange,OverRange,OverRange,11.707246,14.071152,-3.956725
2026/06/08 04:40:00.259,n,-3.469772,5.682321,5.836449,0.15579,OverRange,OverRange,OverRange,11.776566,14.07327,-3.968329
2026/06/08 04:41:00.260,n,-3.452323,4.630827,4.927882,0.82932,OverRange,OverRange,OverRange,11.724432,14.06576,-3.954678
2026/06/08 04:42:00.263,n,-3.402542,4.259403,4.111371,0.243071,OverRange,OverRange,OverRange,11.72823,14.06361,-3.929508
2026/06/08 04:43:00.263,n,-3.414218,4.754404,4.941947,0.938502,OverRange,OverRange,OverRange,11.757584,14.059294,-3.968414
2026/06/08 04:44:00.267,n,-3.370082,6.019139,5.148637,0.9256,OverRange,OverRange,OverRange,11.739376,14.061444,-3.913894
2026/06/08 04:45:00.267,n,-3.399591,3.696816,4.69311,1.346909,OverRange,OverRange,OverRange,11.696112,14.05504,-4.005273
2026/06/08 04:46:00.270,n,-3.49633,5.754652,5.158579,1.056922,OverRange,OverRange,OverRange,11.73582,14.053934,-4.015171
2026/06/08 04:47:00.276,n,-3.396641,4.101568,4.568896,0.947057,OverRange,OverRange,OverRange,11.690812,14.049648,-4.01116
2026/06/08 04:48:00.275,n,-3.405493,4.113282,5.183485,1.081138,OverRange,OverRange,OverRange,11.73786,14.056052,-4.021144
2026/06/08 04:49:00.260,n,-3.431667,3.738276,5.073669,1.15146,OverRange,OverRange,OverRange,11.712544,14.050724,-4.032747
2026/06/08 04:50:00.261,n,-3.475802,4.019712,4.844664,1.152105,OverRange,OverRange,OverRange,11.705964,14.050724,-3.976008
2026/06/08 04:51:00.264,n,-3.543288,5.730562,4.593533,0.950023,OverRange,OverRange,OverRange,11.690786,14.046392,-3.902205
2026/06/08 04:52:00.266,n,-3.419863,4.399085,4.930039,1.023622,OverRange,OverRange,OverRange,11.669786,14.051786,-4.098872
2026/06/08 04:53:00.268,n,-3.493251,4.063686,4.881133,1.317823,OverRange,OverRange,OverRange,11.689016,14.042108,-4.007321
2026/06/08 04:54:00.269,n,-3.422942,4.283396,4.959093,0.887216,OverRange,OverRange,OverRange,11.708516,14.037822,-4.046143
2026/06/08 04:55:00.271,n,-3.387916,3.770131,5.369169,1.071767,OverRange,OverRange,OverRange,11.69331,14.034566,-4.034625
2026/06/08 04:56:00.274,n,-3.446421,5.546233,5.01894,1.027121,OverRange,OverRange,OverRange,11.693822,14.039926,-4.015171
2026/06/08 04:57:00.279,n,-3.405494,3.822449,4.908652,1.02716,OverRange,OverRange,OverRange,11.69989,14.037822,-3.99768
2026/06/08 04:58:00.261,n,-3.434489,5.6898,5.248888,1.037621,OverRange,OverRange,OverRange,11.710766,14.037822,-3.974216
2026/06/08 04:59:00.265,n,-3.414346,6.334732,5.53299,0.867038,OverRange,OverRange,OverRange,11.730282,14.032416,-4.022936
2026/06/08 05:00:00.265,n,-3.472723,4.046029,4.22036,0.767079,OverRange,OverRange,OverRange,11.712544,14.03564,-4.013123
2026/06/08 05:01:00.268,n,-3.405493,6.156072,5.708068,0.751222,OverRange,OverRange,OverRange,11.760118,14.027024,-4.044522
2026/06/08 05:02:00.270,n,-3.39061,4.243044,5.238967,0.983798,OverRange,OverRange,OverRange,11.708242,14.030248,-4.046228
2026/06/08 05:03:00.271,n,-3.516474,4.046778,4.010305,0.273178,OverRange,OverRange,OverRange,11.720404,14.025964,-4.005359
2026/06/08 05:04:00.274,n,-3.584216,5.625614,4.959243,0.828405,OverRange,OverRange,OverRange,11.754314,14.021632,-4.03855
2026/06/08 05:05:00.275,n,-3.507877,4.030921,4.68003,0.983955,OverRange,OverRange,OverRange,11.69662,14.02489,-4.022936
2026/06/08 05:06:00.276,n,-3.592813,4.059132,5.038009,1.114072,OverRange,OverRange,OverRange,11.73227,14.027024,-4.038549
2026/06/08 05:07:00.262,n,-3.625144,3.624546,4.757838,1.249872,OverRange,OverRange,OverRange,11.712544,14.02059,-4.003311
2026/06/08 05:08:00.265,n,-3.56356,4.146885,4.644251,0.946742,OverRange,OverRange,OverRange,11.711284,14.01738,-4.003396
2026/06/08 05:09:00.266,n,-3.686344,5.231483,4.545708,0.924494,OverRange,OverRange,OverRange,11.726216,14.016304,-3.974131
2026/06/08 05:10:00.268,n,-3.610518,4.202631,4.97438,1.182872,OverRange,OverRange,OverRange,11.691548,14.018422,-4.048276
2026/06/08 05:11:00.270,n,-3.738947,6.130332,4.379872,0.898118,OverRange,OverRange,OverRange,11.715088,14.01088,-4.048361
2026/06/08 05:12:00.272,n,-3.569333,4.31371,4.738302,1.134101,OverRange,OverRange,OverRange,11.696362,14.013062,-4.106636
2026/06/08 05:13:00.274,n,-3.642722,6.580036,4.85835,1.365822,OverRange,OverRange,OverRange,11.709508,14.00769,-4.1301
2026/06/08 05:14:00.277,n,-3.575492,5.844082,4.891265,1.212932,OverRange,OverRange,OverRange,11.70219,14.001238,-4.112609
2026/06/08 05:15:00.278,n,-3.525455,6.139508,5.019009,1.254952,OverRange,OverRange,OverRange,11.690532,14.001238,-4.104588
2026/06/08 05:16:00.264,n,-3.575364,3.701797,4.663494,1.187446,OverRange,OverRange,OverRange,11.690022,14.005522,-4.171139
2026/06/08 05:17:00.265,n,-3.586911,3.832881,4.64061,1.118776,OverRange,OverRange,OverRange,11.691296,14.001238,-4.212009
2026/06/08 05:18:00.268,n,-3.595764,6.254082,5.133297,0.915439,OverRange,OverRange,OverRange,11.725204,13.99477,-4.180696
2026/06/08 05:19:00.271,n,-3.578186,5.755787,5.04187,0.862645,OverRange,OverRange,OverRange,11.733562,13.996904,-4.174979
2026/06/08 05:20:00.271,n,-3.578058,3.672109,4.844754,1.144607,OverRange,OverRange,OverRange,11.723938,14.001238,-4.139912
2026/06/08 05:21:00.276,n,-3.519424,5.419679,5.22086,1.169783,OverRange,OverRange,OverRange,11.774796,14.00016,-4.077541
2026/06/08 05:22:00.275,n,-3.496202,3.849496,4.55856,0.787711,OverRange,OverRange,OverRange,11.734554,13.99798,-4.028737
2026/06/08 05:23:00.277,n,-3.604488,3.817021,4.648309,0.912616,OverRange,OverRange,OverRange,11.739874,13.99583,-4.079418
2026/06/08 05:24:00.282,n,-3.695069,5.639826,5.049775,0.881777,OverRange,OverRange,OverRange,11.760128,13.991546,-4.063975
2026/06/08 05:25:00.269,n,-3.566383,5.69277,4.871237,1.017149,OverRange,OverRange,OverRange,11.756064,13.99583,-4.155526
2026/06/08 05:26:00.269,n,-3.657348,5.844288,5.574106,0.280881,OverRange,OverRange,OverRange,11.757588,13.993694,-4.172845
2026/06/08 05:27:00.268,n,-3.674797,5.86601,5.067032,1.119686,OverRange,OverRange,OverRange,11.742646,13.992588,-4.149639
2026/06/08 05:28:00.269,n,-3.70405,5.373122,5.481016,0.642352,OverRange,OverRange,OverRange,11.743424,13.984004,-4.268407
2026/06/08 05:29:00.273,n,-3.707001,3.767326,4.970383,1.253634,OverRange,OverRange,OverRange,11.697876,13.981868,-4.217726
2026/06/08 05:30:00.282,n,-3.697891,3.816191,5.038133,1.028257,OverRange,OverRange,OverRange,11.691554,13.979718,-4.161157
2026/06/08 05:31:00.277,n,-3.780004,5.764868,4.942279,1.129776,OverRange,OverRange,OverRange,11.704442,13.984004,-4.174809
2026/06/08 05:32:00.280,n,-3.671846,4.17919,4.701434,1.049157,OverRange,OverRange,OverRange,11.682948,13.978644,-4.184706
2026/06/08 05:33:00.282,n,-3.768457,5.947764,5.225509,0.807109,OverRange,OverRange,OverRange,11.707748,13.980762,-4.219688
2026/06/08 05:34:00.267,n,-3.756524,6.034085,4.700308,1.050216,OverRange,OverRange,OverRange,11.672302,13.974328,-4.33274
2026/06/08 05:35:00.269,n,-3.759219,6.428626,5.009417,1.22024,OverRange,OverRange,OverRange,11.690272,13.97322,-4.3074
2026/06/08 05:36:00.270,n,-3.768457,3.759598,4.507514,1.236765,OverRange,OverRange,OverRange,11.652324,13.968966,-4.348183
2026/06/08 05:37:00.271,n,-3.803483,6.046948,4.705115,1.155052,OverRange,OverRange,OverRange,11.696864,13.96786,-4.289823
2026/06/08 05:38:00.274,n,-3.780004,3.349046,4.691916,1.510427,OverRange,OverRange,OverRange,11.645992,13.96571,-4.398949
2026/06/08 05:39:00.276,n,-3.853135,5.918018,5.205181,0.942166,OverRange,OverRange,OverRange,11.697612,13.960318,-4.350145
2026/06/08 05:40:00.280,n,-3.850313,3.699319,4.737897,1.120845,OverRange,OverRange,OverRange,11.639938,13.956036,-4.439819
2026/06/08 05:41:00.280,n,-3.955776,6.15309,5.059127,1.08858,OverRange,OverRange,OverRange,11.66244,13.952776,-4.396987
2026/06/08 05:42:00.282,n,-3.98195,6.09984,4.911085,1.469609,OverRange,OverRange,OverRange,11.64447,13.95496,-4.392977
2026/06/08 05:43:00.269,n,-3.93512,3.983925,4.431249,1.158173,OverRange,OverRange,OverRange,11.608296,13.943134,-4.478896
2026/06/08 05:44:00.271,n,-3.944101,3.726195,4.658157,1.219855,OverRange,OverRange,OverRange,11.624742,13.938816,-4.461064
2026/06/08 05:45:00.271,n,-3.899965,3.664601,4.950562,1.356285,OverRange,OverRange,OverRange,11.62879,13.93771,-4.467122
2026/06/08 05:46:00.273,n,-3.803611,3.641816,4.894665,1.372174,OverRange,OverRange,OverRange,11.626252,13.93771,-4.441952
2026/06/08 05:47:00.275,n,-3.812336,3.889642,4.843105,1.080873,OverRange,OverRange,OverRange,11.598424,13.931308,-4.322842
2026/06/08 05:48:00.276,n,-3.879565,4.064065,4.54941,1.205899,OverRange,OverRange,OverRange,11.617906,13.92805,-4.350146
2026/06/08 05:49:00.281,n,-3.82106,5.577935,5.638741,0.950228,OverRange,OverRange,OverRange,11.674348,13.925916,-4.390929
2026/06/08 05:50:00.281,n,-3.703921,3.777158,5.175105,0.942626,OverRange,OverRange,OverRange,11.629284,13.920524,-4.355947
2026/06/08 05:51:00.284,n,-3.665816,3.810236,4.761596,1.418745,OverRange,OverRange,OverRange,11.638158,13.916224,-4.254755
2026/06/08 05:52:00.267,n,-3.584216,4.115171,5.319328,0.939802,OverRange,OverRange,OverRange,11.624492,13.917266,-4.204074
2026/06/08 05:53:00.272,n,-3.721627,4.112169,4.269542,0.885269,OverRange,OverRange,OverRange,11.622696,13.912982,-4.168921
2026/06/08 05:54:00.272,n,-3.63682,5.987363,4.835306,1.003435,OverRange,OverRange,OverRange,11.64499,13.91945,-4.143666
2026/06/08 05:55:00.274,n,-3.549062,5.578327,5.723667,0.336591,OverRange,OverRange,OverRange,11.649532,13.916224,-4.207999
2026/06/08 05:56:00.276,n,-3.578186,5.858865,5.96155,0.232407,OverRange,OverRange,OverRange,11.636898,13.91945,-4.207999
2026/06/08 05:57:00.277,n,-3.624888,4.185304,4.632487,0.673184,OverRange,OverRange,OverRange,11.617406,13.911906,-4.270284
2026/06/08 05:58:00.280,n,-3.642337,4.042553,4.514578,0.896549,OverRange,OverRange,OverRange,11.633102,13.910832,-4.266444
2026/06/08 05:59:00.281,n,-3.695197,4.110381,4.121088,0.088207,OverRange,OverRange,OverRange,11.656892,13.911906,-4.258595
2026/06/08 06:00:00.286,n,-3.7682,3.696097,4.058903,0.200303,OverRange,OverRange,OverRange,11.646256,13.90974,-4.242896
2026/06/08 06:01:00.268,n,-3.656963,3.898934,5.650123,0.869776,OverRange,OverRange,OverRange,11.686732,13.910832,-4.340504
2026/06/08 06:02:00.271,n,-3.665816,4.28075,5.232602,1.105989,OverRange,OverRange,OverRange,11.68625,13.904366,-4.359957
2026/06/08 06:03:00.273,n,-3.759476,4.108052,4.283998,0.648157,OverRange,OverRange,OverRange,11.67536,13.908666,-4.258509
2026/06/08 06:04:00.275,n,-3.888546,5.588926,5.07724,1.022319,OverRange,OverRange,OverRange,11.713328,13.903306,-4.367636
2026/06/08 06:05:00.276,n,-3.797709,4.203979,4.55012,0.866523,OverRange,OverRange,OverRange,11.660176,13.902232,-4.391186
2026/06/08 06:06:00.279,n,-3.955904,4.118867,4.544438,1.220376,OverRange,OverRange,OverRange,11.680644,13.908666,-4.414393
2026/06/08 06:07:00.280,n,-3.926267,6.002168,5.085686,1.099678,OverRange,OverRange,OverRange,11.68396,13.89684,-4.359957
2026/06/08 06:08:00.265,n,-3.943844,5.934251,5.042683,1.031956,OverRange,OverRange,OverRange,11.664968,13.893614,-4.430177
2026/06/08 06:09:00.267,n,-3.932297,6.299594,5.398405,0.83334,OverRange,OverRange,OverRange,11.66981,13.895798,-4.43598
2026/06/08 06:10:00.270,n,-3.943844,5.203769,4.762238,1.176776,OverRange,OverRange,OverRange,11.63409,13.910768,-4.408506
2026/06/08 06:11:00.272,n,-3.710337,6.176016,4.462508,0.849161,OverRange,OverRange,OverRange,11.670018,13.907494,-4.245541
2026/06/08 06:12:00.257,n,-3.680956,5.295161,4.991651,1.050905,OverRange,OverRange,OverRange,11.689224,13.899984,-4.288373
2026/06/08 06:13:00.259,n,-3.692759,4.190404,4.66873,1.181759,OverRange,OverRange,OverRange,11.665924,13.896774,-4.290334
2026/06/08 06:14:00.262,n,-3.707385,3.468916,5.054837,1.21618,OverRange,OverRange,OverRange,11.705404,13.897882,-4.263117
2026/06/08 06:15:00.264,n,-3.78937,6.017223,5.059523,1.1026,OverRange,OverRange,OverRange,11.734508,13.896774,-4.268834
2026/06/08 06:16:00.266,n,-3.739845,5.206878,4.878032,1.257449,OverRange,OverRange,OverRange,11.694286,13.894624,-4.317553
2026/06/08 06:17:00.269,n,-3.74857,6.015689,5.175207,0.874307,OverRange,OverRange,OverRange,11.721604,13.890306,-4.342808
2026/06/08 06:18:00.269,n,-3.803996,4.497043,4.957037,1.08926,OverRange,OverRange,OverRange,11.678082,13.88495,-4.331204
2026/06/08 06:19:00.272,n,-3.862629,3.898965,4.614918,1.103901,OverRange,OverRange,OverRange,11.665452,13.878482,-4.374121
2026/06/08 06:20:00.257,n,-3.842101,3.747893,5.47139,0.846157,OverRange,OverRange,OverRange,11.703898,13.879558,-4.329242
2026/06/08 06:21:00.261,n,-3.862758,6.015415,5.564717,0.760187,OverRange,OverRange,OverRange,11.722866,13.8763,-4.239653
2026/06/08 06:22:00.261,n,-3.777823,6.308038,5.736071,0.964453,OverRange,OverRange,OverRange,11.668468,13.87094,-4.28641
2026/06/08 06:23:00.264,n,-3.739846,5.762456,5.969225,0.184365,OverRange,OverRange,OverRange,11.648244,13.869866,-4.311665
2026/06/08 06:24:00.265,n,-3.725219,5.308347,5.781324,0.451864,OverRange,OverRange,OverRange,11.660116,13.8634,-4.319515
2026/06/08 06:25:00.270,n,-3.739845,6.153776,5.000953,1.346462,OverRange,OverRange,OverRange,11.652264,13.8634,-4.239653
2026/06/08 06:26:00.269,n,-3.783596,5.021774,4.396424,0.636763,OverRange,OverRange,OverRange,11.61432,13.861264,-4.266871
2026/06/08 06:27:00.272,n,-3.736766,6.274667,5.622917,1.053954,OverRange,OverRange,OverRange,11.647482,13.851572,-4.235814
2026/06/08 06:28:00.257,n,-3.774615,3.900474,4.579937,0.78179,OverRange,OverRange,OverRange,11.581406,13.846182,-4.266957
2026/06/08 06:29:00.261,n,-3.882901,3.786432,4.747395,0.979897,OverRange,OverRange,OverRange,11.587994,13.850466,-4.22404
2026/06/08 06:30:00.260,n,-3.891882,3.931727,4.818879,1.207556,OverRange,OverRange,OverRange,11.619618,13.845106,-4.270711
2026/06/08 06:31:00.264,n,-3.836328,3.856236,4.730431,1.170425,OverRange,OverRange,OverRange,11.594574,13.836474,-4.241616
2026/06/08 06:32:00.266,n,-3.83312,6.225001,4.810124,1.188531,OverRange,OverRange,OverRange,11.613562,13.837582,-4.161669
2026/06/08 06:33:00.268,n,-3.830298,5.7618,4.838312,1.256441,OverRange,OverRange,OverRange,11.593572,13.830038,-4.130612
2026/06/08 06:34:00.268,n,-3.698661,3.649058,4.954476,1.427673,OverRange,OverRange,OverRange,11.57126,13.830038,-4.210388
2026/06/08 06:35:00.271,n,-3.701612,6.097032,5.484692,1.101932,OverRange,OverRange,OverRange,11.599126,13.830038,-4.071911
2026/06/08 06:36:00.272,n,-3.727914,3.958757,4.188929,0.795536,OverRange,OverRange,OverRange,11.557354,13.821392,-4.038975
2026/06/08 06:37:00.258,n,-3.687114,5.855858,4.980014,1.38175,OverRange,OverRange,OverRange,11.613556,13.82574,-4.00971
2026/06/08 06:38:00.262,n,-3.549447,4.351849,4.544155,1.250145,OverRange,OverRange,OverRange,11.559134,13.816032,-3.97268
2026/06/08 06:39:00.263,n,-3.508519,3.473034,5.189439,1.325718,OverRange,OverRange,OverRange,11.611004,13.820316,-3.95135
2026/06/08 06:40:00.265,n,-3.45861,6.351596,4.864575,1.166654,OverRange,OverRange,OverRange,11.623918,13.816032,-3.849988
2026/06/08 06:41:00.266,n,-3.382527,6.245021,4.826253,1.129445,OverRange,OverRange,OverRange,11.588756,13.818214,-3.929764
2026/06/08 06:42:00.270,n,-3.2804,6.257516,5.158423,1.362056,OverRange,OverRange,OverRange,11.608496,13.818214,-3.916197
2026/06/08 06:43:00.270,n,-3.183789,5.544221,5.058242,1.221112,OverRange,OverRange,OverRange,11.589498,13.821392,-3.824561
2026/06/08 06:44:00.274,n,-3.125028,3.843944,4.830224,1.343449,OverRange,OverRange,OverRange,11.59937,13.821392,-3.850158
2026/06/08 06:45:00.273,n,-3.051896,5.863079,5.58242,0.984555,OverRange,OverRange,OverRange,11.63052,13.82574,-3.801354
2026/06/08 06:46:00.260,n,-3.007889,5.758281,5.562226,0.464502,OverRange,OverRange,OverRange,11.629008,13.830038,-3.725332
2026/06/08 06:47:00.262,n,-2.9345,4.099571,3.977011,0.182919,OverRange,OverRange,OverRange,11.621648,13.834356,-3.715691
2026/06/08 06:48:00.264,n,-2.905504,6.058823,4.495068,0.7789,OverRange,OverRange,OverRange,11.675808,13.841864,-3.561855
2026/06/08 06:49:00.266,n,-2.905504,4.868791,5.010404,0.803655,OverRange,OverRange,OverRange,11.680116,13.847256,-3.709718
2026/06/08 06:50:00.267,n,-2.841226,5.740872,5.262171,0.801726,OverRange,OverRange,OverRange,11.702382,13.853692,-3.641461
2026/06/08 06:51:00.269,n,-2.771045,4.321674,5.470854,0.851319,OverRange,OverRange,OverRange,11.693538,13.864474,-3.544193
2026/06/08 06:52:00.272,n,-2.744487,3.908137,4.986192,1.523706,OverRange,OverRange,OverRange,11.692262,13.874132,-3.534467
2026/06/08 06:53:00.275,n,-2.800041,3.736004,4.748999,1.079935,OverRange,OverRange,OverRange,11.678838,13.878482,-3.557845
2026/06/08 06:54:00.275,n,-2.785671,4.950791,5.500423,1.024789,OverRange,OverRange,OverRange,11.711232,13.88495,-3.536429
2026/06/08 06:55:00.260,n,-2.738713,4.023717,5.184758,0.966803,OverRange,OverRange,OverRange,11.696814,13.897882,-3.532589
2026/06/08 06:56:00.264,n,-2.864704,3.740492,4.810215,1.274951,OverRange,OverRange,OverRange,11.721086,13.902166,-3.635829
2026/06/08 06:57:00.265,n,-2.82955,5.684634,5.131581,0.910636,OverRange,OverRange,OverRange,11.741344,13.90645,-3.555968
2026/06/08 06:58:00.265,n,-2.788622,5.764654,4.988148,1.053737,OverRange,OverRange,OverRange,11.727444,13.917234,-3.515013
2026/06/08 06:59:00.272,n,-2.627733,5.377605,5.24489,0.981284,OverRange,OverRange,OverRange,11.745636,13.924712,-3.468427
2026/06/08 07:00:00.270,n,-2.604125,5.919932,4.970224,1.476246,OverRange,OverRange,OverRange,11.736516,13.932286,-3.464246
2026/06/08 07:01:00.274,n,-2.595144,5.875668,4.911661,1.31286,OverRange,OverRange,OverRange,11.756764,13.947336,-3.460578
2026/06/08 07:02:00.274,n,-2.557295,3.644223,5.088444,1.220488,OverRange,OverRange,OverRange,11.752478,13.957078,-3.439077
2026/06/08 07:03:00.276,n,-2.475439,3.881714,5.245042,1.187923,OverRange,OverRange,OverRange,11.765126,13.96566,-3.382678
2026/06/08 07:04:00.262,n,-2.662502,6.049871,5.28777,1.061849,OverRange,OverRange,OverRange,11.77499,13.972112,-3.456738
2026/06/08 07:05:00.263,n,-2.650827,5.843873,5.431238,0.483631,OverRange,OverRange,OverRange,11.744396,13.981802,-3.42935
2026/06/08 07:06:00.265,n,-2.557295,5.598306,5.714902,0.117331,OverRange,OverRange,OverRange,11.766154,13.99148,-3.345478
2026/06/08 07:07:00.269,n,-2.557167,5.424778,5.289653,0.495266,OverRange,OverRange,OverRange,11.769436,13.996822,-3.347441
2026/06/08 07:08:00.272,n,-2.501485,3.987438,4.553055,0.891362,OverRange,OverRange,OverRange,11.783346,14.012966,-3.423718
2026/06/08 07:09:00.272,n,-2.644925,3.480768,4.285369,0.673281,OverRange,OverRange,OverRange,11.762854,14.017282,-3.413821
2026/06/08 07:10:00.273,n,-2.639151,5.647702,5.488209,0.896191,OverRange,OverRange,OverRange,11.837978,14.024824,-3.464246
2026/06/08 07:11:00.276,n,-2.627476,4.147387,4.337794,0.70791,OverRange,OverRange,OverRange,11.793458,14.035576,-3.396159
2026/06/08 07:12:00.277,n,-2.668532,4.897475,5.689019,0.517226,OverRange,OverRange,OverRange,11.853658,14.044192,-3.435151
2026/06/08 07:13:00.262,n,-2.741921,4.25004,4.09534,0.158128,OverRange,OverRange,OverRange,11.801576,14.047402,-3.446926
2026/06/08 07:14:00.264,n,-2.84995,4.100719,4.103717,0.206611,OverRange,OverRange,OverRange,11.800044,14.054912,-3.462369
2026/06/08 07:15:00.268,n,-2.832373,6.111812,4.538729,0.824094,OverRange,OverRange,OverRange,11.803082,14.062452,-3.477983
2026/06/08 07:16:00.269,n,-2.855852,4.617261,5.526985,0.456924,OverRange,OverRange,OverRange,11.764618,14.067814,-3.563647
2026/06/08 07:17:00.270,n,-2.861754,3.727474,4.296988,1.11779,OverRange,OverRange,OverRange,11.77068,14.076462,-3.405801
2026/06/08 07:18:00.272,n,-2.931806,4.080447,4.503847,0.730063,OverRange,OverRange,OverRange,11.771454,14.079638,-3.435237
2026/06/08 07:19:00.275,n,-2.91718,3.978724,4.595995,1.107007,OverRange,OverRange,OverRange,11.805848,14.08614,-3.478068
2026/06/08 07:20:00.278,n,-2.776946,4.286776,4.549814,0.806387,OverRange,OverRange,OverRange,11.793972,14.087214,-3.435151
2026/06/08 07:21:00.279,n,-2.84995,4.223756,4.371974,0.847899,OverRange,OverRange,OverRange,11.776266,14.09153,-3.372696
2026/06/08 07:22:00.264,n,-2.89678,5.853421,4.451838,0.689411,OverRange,OverRange,OverRange,11.811438,14.102264,-3.343772
2026/06/08 07:23:00.266,n,-2.855724,5.595989,4.669817,1.204571,OverRange,OverRange,OverRange,11.799032,14.101158,-3.376876
2026/06/08 07:24:00.268,n,-2.782463,4.202407,4.868908,0.833482,OverRange,OverRange,OverRange,11.784124,14.105474,-3.421585
2026/06/08 07:25:00.272,n,-2.981459,5.618287,5.006973,0.851254,OverRange,OverRange,OverRange,11.839006,14.109792,-3.380631
2026/06/08 07:26:00.272,n,-2.867271,5.948225,5.129749,0.935664,OverRange,OverRange,OverRange,11.822552,14.110836,-3.489673
2026/06/08 07:27:00.275,n,-2.80312,5.42914,5.633491,0.983204,OverRange,OverRange,OverRange,11.819256,14.119452,-3.452728
2026/06/08 07:28:00.277,n,-2.858803,3.941031,4.650379,1.125788,OverRange,OverRange,OverRange,11.77626,14.12056,-3.435066
2026/06/08 07:29:00.279,n,-2.879203,5.675601,5.218843,0.752758,OverRange,OverRange,OverRange,11.805858,14.115152,-3.423462
2026/06/08 07:30:00.281,n,-2.923082,4.056405,3.794745,0.205585,OverRange,OverRange,OverRange,11.756022,14.119452,-3.42935
2026/06/08 07:31:00.264,n,-2.899731,3.739517,5.177888,0.785782,OverRange,OverRange,OverRange,11.806112,14.122694,-3.435237
2026/06/08 07:32:00.268,n,-2.79709,4.44267,4.836211,0.865793,OverRange,OverRange,OverRange,11.796246,14.117302,-3.43336
2026/06/08 07:33:00.268,n,-2.882025,5.522104,5.060797,0.935268,OverRange,OverRange,OverRange,11.814702,14.121618,-3.368857
2026/06/08 07:34:00.272,n,-2.64531,4.258667,4.951796,0.894156,OverRange,OverRange,OverRange,11.762096,14.124876,-3.320308
2026/06/08 07:35:00.272,n,-2.653778,4.273638,4.603873,0.944634,OverRange,OverRange,OverRange,11.771464,14.121618,-3.32995
2026/06/08 07:36:00.275,n,-2.700736,5.398127,5.718838,0.324073,OverRange,OverRange,OverRange,11.79068,14.115152,-3.203417
2026/06/08 07:37:00.276,n,-2.554729,5.065767,4.972144,1.085897,OverRange,OverRange,OverRange,11.788402,14.115152,-3.152821
2026/06/08 07:38:00.279,n,-2.495839,5.461753,5.205666,0.752691,OverRange,OverRange,OverRange,11.78714,14.11626,-3.053506
2026/06/08 07:39:00.280,n,-2.279267,4.279321,5.213627,1.002072,OverRange,OverRange,OverRange,11.760594,14.10655,-2.942417
2026/06/08 07:40:00.266,n,-2.203056,4.143808,4.834752,0.973956,OverRange,OverRange,OverRange,11.77678,14.102264,-2.907435
2026/06/08 07:41:00.267,n,-2.1416,4.361192,4.822585,1.071368,OverRange,OverRange,OverRange,11.762854,14.095798,-2.699164
2026/06/08 07:42:00.269,n,-2.118378,6.103689,4.958204,1.202327,OverRange,OverRange,OverRange,11.771948,14.094756,-2.53543
2026/06/08 07:43:00.271,n,-1.843172,5.284022,5.145643,1.126544,OverRange,OverRange,OverRange,11.741592,14.087214,-2.461712
2026/06/08 07:44:00.274,n,-1.63263,3.705982,4.758503,1.069081,OverRange,OverRange,OverRange,11.704148,14.093616,-2.251479
2026/06/08 07:45:00.275,n,-1.465839,3.837703,4.610031,1.246964,OverRange,OverRange,OverRange,11.706172,14.080748,-2.025461
2026/06/08 07:46:00.278,n,-1.223093,4.094466,4.758028,0.872964,OverRange,OverRange,OverRange,11.719844,14.075388,-1.831097
2026/06/08 07:47:00.280,n,-0.942242,5.79566,5.190931,1.053637,OverRange,OverRange,OverRange,11.732484,14.074312,-1.474962
2026/06/08 07:48:00.281,n,-0.459702,5.058121,5.247658,0.405163,OverRange,OverRange,OverRange,11.702398,14.062452,-1.114989
2026/06/08 07:49:00.267,n,0.130995,4.260572,4.75923,0.995012,OverRange,OverRange,OverRange,11.710476,14.05923,-0.6092
2026/06/08 07:50:00.270,n,0.703988,5.193032,5.417998,0.722511,OverRange,OverRange,OverRange,11.738322,14.056018,-0.02372
2026/06/08 07:51:00.271,n,1.540125,4.169806,4.380876,0.87718,OverRange,OverRange,OverRange,11.69959,14.053868,0.792898
2026/06/08 07:52:00.275,n,2.528043,5.690326,5.168526,0.860512,OverRange,OverRange,OverRange,11.742366,14.047402,1.700639
2026/06/08 07:53:00.276,n,3.559198,4.107881,4.588108,1.209093,OverRange,OverRange,OverRange,11.695812,14.042044,2.574935
2026/06/08 07:54:00.279,n,4.759839,4.03303,4.863566,0.910756,OverRange,OverRange,OverRange,11.715302,14.037726,3.802207
2026/06/08 07:55:00.280,n,6.027067,4.011715,3.940681,0.426574,OverRange,OverRange,OverRange,11.684922,14.036652,4.99501
2026/06/08 07:56:00.282,n,7.381284,4.184833,3.998333,0.254773,OverRange,OverRange,OverRange,11.683676,14.03126,6.284482
2026/06/08 07:57:00.283,n,8.654416,4.276321,4.481808,0.954525,OverRange,OverRange,OverRange,11.699612,14.028034,7.408003
2026/06/08 07:58:00.269,n,9.781156,5.032604,5.564356,0.80865,OverRange,OverRange,OverRange,11.703384,14.02375,8.357551
2026/06/08 07:59:00.270,n,11.019516,3.780383,5.188529,1.290226,OverRange,OverRange,OverRange,11.671,14.0259,9.365206
2026/06/08 08:00:00.273,n,11.958936,6.090058,4.730633,0.998977,OverRange,OverRange,OverRange,11.708964,14.020508,10.448114
2026/06/08 08:01:00.276,n,13.03846,3.293968,5.188739,1.276633,OverRange,OverRange,OverRange,11.68417,14.018358,11.305344
2026/06/08 08:02:00.276,n,13.939518,3.481804,5.362617,0.923334,OverRange,OverRange,OverRange,11.721594,14.016208,12.276566
2026/06/08 08:03:00.263,n,15.09705,3.690473,5.290708,1.315244,OverRange,OverRange,OverRange,11.724132,14.016208,13.247702
2026/06/08 08:04:00.265,n,16.152452,6.174171,5.103184,1.142066,OverRange,OverRange,OverRange,11.723634,14.015148,14.255096
2026/06/08 08:05:00.266,n,17.00591,5.773535,5.783179,0.318851,OverRange,OverRange,OverRange,11.73552,14.012966,15.236814
2026/06/08 08:06:00.268,n,17.75673,5.682578,4.761003,0.905354,OverRange,OverRange,OverRange,11.687704,14.014072,16.239776
2026/06/08 08:07:00.270,n,18.621222,5.674855,5.273468,0.821907,OverRange,OverRange,OverRange,11.738308,14.012966,17.18958
2026/06/08 08:08:00.256,n,19.582194,6.152716,5.363764,1.06835,OverRange,OverRange,OverRange,11.766134,14.017282,18.255252
2026/06/08 08:09:00.260,n,20.612708,5.798416,5.184727,0.871281,OverRange,OverRange,OverRange,11.762356,14.021582,19.396178
2026/06/08 08:10:00.263,n,21.923174,4.226846,4.800625,1.024987,OverRange,OverRange,OverRange,11.741604,14.022676,20.662272
2026/06/08 08:11:00.261,n,23.294326,5.7229,4.874167,1.002662,OverRange,OverRange,OverRange,11.787908,14.028034,22.182882
2026/06/08 08:12:00.263,n,24.656372,5.18269,4.991132,0.989496,OverRange,OverRange,OverRange,11.763118,14.028034,23.66979
2026/06/08 08:13:00.267,n,25.95606,5.865261,4.565615,1.2349,OverRange,OverRange,OverRange,11.767152,14.03126,25.018052
2026/06/08 08:14:00.270,n,27.544168,5.639395,5.942314,0.242634,OverRange,OverRange,OverRange,11.8013,14.032366,26.344468
2026/06/08 08:15:00.276,n,28.715302,5.822014,5.182131,1.36705,OverRange,OverRange,OverRange,11.809652,14.039894,27.664056
2026/06/08 08:16:00.272,n,30.031412,5.739208,5.833142,0.305073,OverRange,OverRange,OverRange,11.788662,14.04315,28.897986
2026/06/08 08:17:00.257,n,30.988922,4.207395,4.788184,0.980213,OverRange,OverRange,OverRange,11.74083,14.042044,30.098298
2026/06/08 08:18:00.259,n,31.94066,5.838919,4.947347,0.850465,OverRange,OverRange,OverRange,11.801056,14.04315,31.20518
2026/06/08 08:19:00.262,n,32.807332,3.807423,4.731089,1.025343,OverRange,OverRange,OverRange,11.746648,14.048478,32.067612
2026/06/08 08:20:00.262,n,33.517224,5.76711,4.618737,0.635283,OverRange,OverRange,OverRange,11.769938,14.052794,33.080982
2026/06/08 08:21:00.264,n,34.357336,6.217608,5.995738,0.189556,OverRange,OverRange,OverRange,11.822032,14.049552,33.908008
2026/06/08 08:22:00.268,n,34.892224,5.018966,4.716608,0.913754,OverRange,OverRange,OverRange,11.789174,14.056018,34.624716
2026/06/08 08:23:00.270,n,35.828432,6.179215,4.81387,1.010767,OverRange,OverRange,OverRange,11.83394,14.057094,35.86666
2026/06/08 08:24:00.272,n,36.999564,5.971741,4.97798,1.34455,OverRange,OverRange,OverRange,11.819244,14.062452,37.412356
2026/06/08 08:25:00.258,n,38.631944,4.280009,4.537787,1.266863,OverRange,OverRange,OverRange,11.801814,14.064602,39.445244
2026/06/08 08:26:00.259,n,41.074792,6.608632,5.38686,1.315097,OverRange,OverRange,OverRange,11.857946,14.069996,42.387144
2026/06/08 08:27:00.260,n,43.221528,3.90697,4.85725,1.347139,OverRange,OverRange,OverRange,11.812674,14.07213,44.911228
2026/06/08 08:28:00.262,n,44.1476,3.999621,4.90056,1.111173,OverRange,OverRange,OverRange,11.848344,14.078596,46.054204
2026/06/08 08:29:00.264,n,45.027232,4.155724,5.071533,1.255593,OverRange,OverRange,OverRange,11.870088,14.081822,46.990096
2026/06/08 08:30:00.266,n,45.68452,3.89645,4.499982,0.829995,OverRange,OverRange,OverRange,11.859736,14.081822,47.78684
2026/06/08 08:31:00.272,n,46.865656,5.875077,4.852063,0.941067,OverRange,OverRange,OverRange,11.882504,14.090424,49.095932
2026/06/08 08:32:00.270,n,49.61656,4.202223,4.707996,0.615762,OverRange,OverRange,OverRange,11.855958,14.092574,51.964116
2026/06/08 08:33:00.277,n,53.05618,6.012119,5.757825,0.189274,OverRange,OverRange,OverRange,11.903988,14.096858,55.851564
2026/06/08 08:34:00.258,n,57.403656,4.015288,5.756788,0.869493,OverRange,OverRange,OverRange,11.891342,14.10655,60.294452
2026/06/08 08:35:00.261,n,61.447576,3.889428,5.35458,1.180704,OverRange,OverRange,OverRange,11.916382,14.113016,64.916512
2026/06/08 08:36:00.264,n,64.074028,6.074721,5.875414,0.25226,OverRange,OverRange,OverRange,11.974534,14.115152,67.431568
2026/06/08 08:37:00.267,n,66.294144,5.778341,5.460871,0.831666,OverRange,OverRange,OverRange,11.947978,14.128036,69.349176
2026/06/08 08:38:00.266,n,66.532272,4.053853,4.692519,1.0422,OverRange,OverRange,OverRange,11.932318,14.135596,68.9328
2026/06/08 08:39:00.267,n,66.813628,4.063172,4.628792,1.004048,OverRange,OverRange,OverRange,11.94064,14.140986,69.186032
2026/06/08 08:40:00.272,n,67.69404,6.281385,5.587479,0.734354,OverRange,OverRange,OverRange,11.959616,14.149572,69.571864
2026/06/08 08:41:00.277,n,69.336936,4.642485,4.375196,0.463784,OverRange,OverRange,OverRange,11.935578,14.159248,70.722432
2026/06/08 08:42:00.278,n,71.301216,5.974076,5.370607,0.769993,OverRange,OverRange,OverRange,11.980592,14.168908,71.891776
2026/06/08 08:43:00.260,n,76.535384,4.494744,4.753859,0.890822,OverRange,OverRange,OverRange,11.955566,14.182886,76.6774
2026/06/08 08:44:00.262,n,83.650192,6.020662,5.001885,1.238146,OverRange,OverRange,OverRange,12.01649,14.192596,84.639904
2026/06/08 08:45:00.265,n,89.466832,6.099551,4.822083,0.850923,OverRange,OverRange,OverRange,11.98084,14.202272,90.893584
2026/06/08 08:46:00.265,n,93.611608,5.982585,5.544806,0.923124,OverRange,OverRange,OverRange,11.996522,14.218366,95.588016
2026/06/08 08:47:00.269,n,97.44344,3.727369,4.833414,1.023663,OverRange,OverRange,OverRange,11.975042,14.232344,100.94906
2026/06/08 08:48:00.269,n,99.096592,6.029745,4.261394,0.894353,OverRange,OverRange,OverRange,12.004106,14.24417,104.36432
2026/06/08 08:49:00.273,n,98.28176,5.239371,4.740561,1.17568,OverRange,OverRange,OverRange,12.036724,14.259238,104.1355
2026/06/08 08:50:00.273,n,98.900168,5.593993,4.849231,1.035171,OverRange,OverRange,OverRange,12.041266,14.271016,105.44818
2026/06/08 08:51:00.275,n,102.6023,4.070202,4.456563,0.887114,OverRange,OverRange,OverRange,12.020268,14.288238,111.35484
2026/06/08 08:52:00.264,n,104.8939,6.025643,5.051453,1.124376,OverRange,OverRange,OverRange,12.056946,14.301106,114.56022
2026/06/08 08:53:00.264,n,106.33292,4.085834,5.327132,0.8741,OverRange,OverRange,OverRange,12.080944,14.315084,115.00578
2026/06/08 08:54:00.266,n,103.62692,6.024623,4.319766,0.936177,OverRange,OverRange,OverRange,12.074122,14.329062,110.17494
2026/06/08 08:55:00.267,n,98.980752,5.636903,5.757629,0.180889,OverRange,OverRange,OverRange,12.100678,14.344066,102.31352
2026/06/08 08:56:00.269,n,97.293208,6.127102,5.412277,1.283344,OverRange,OverRange,OverRange,12.104692,14.349098,99.215984
2026/06/08 08:57:00.272,n,96.743432,5.690813,5.878842,0.170654,OverRange,OverRange,OverRange,12.1037,14.356608,98.584176
2026/06/08 08:58:00.307,n,97.237784,6.569699,5.290771,1.183005,OverRange,OverRange,OverRange,12.120366,14.375946,99.901632
2026/06/08 08:59:00.276,n,98.39416,5.845186,4.849922,1.08518,OverRange,OverRange,OverRange,12.125174,14.39421,102.53068
2026/06/08 09:00:00.278,n,100.62442,5.862152,5.838431,0.342656,OverRange,OverRange,OverRange,12.135052,14.402794,106.02152
2026/06/08 09:01:00.263,n,101.89498,5.681679,5.501414,0.843571,OverRange,OverRange,OverRange,12.090312,14.426416,107.87148
2026/06/08 09:02:00.266,n,102.92256,3.54017,4.685481,1.145958,OverRange,OverRange,OverRange,12.058476,14.441438,110.064
2026/06/08 09:03:00.266,n,103.00054,5.103145,5.150843,1.041251,OverRange,OverRange,OverRange,12.141866,14.449974,111.3749
2026/06/08 09:04:00.270,n,102.06216,5.689805,5.299847,0.867429,OverRange,OverRange,OverRange,12.118602,14.467178,110.94196
2026/06/08 09:05:00.270,n,100.93054,3.275308,5.247206,0.968303,OverRange,OverRange,OverRange,12.075634,14.48013,110.51444
2026/06/08 09:06:00.272,n,99.75504,6.125198,4.452111,0.827404,OverRange,OverRange,OverRange,12.116598,14.491908,110.28636
2026/06/08 09:07:00.275,n,98.171816,3.721909,5.064457,1.215008,OverRange,OverRange,OverRange,12.081456,14.511248,109.1725
2026/06/08 09:08:00.278,n,95.959776,4.290412,3.938976,0.328785,OverRange,OverRange,OverRange,12.054928,14.521968,107.03806
2026/06/08 09:09:00.279,n,94.12328,5.834299,5.622194,0.615447,OverRange,OverRange,OverRange,12.117848,14.535554,105.47522
2026/06/08 09:10:00.267,n,92.247256,5.872223,4.86266,1.133838,OverRange,OverRange,OverRange,12.073818,14.541958,104.04582
2026/06/08 09:11:00.266,n,90.006344,4.071676,4.077105,0.831444,OverRange,OverRange,OverRange,12.063478,14.556994,101.80578
2026/06/08 09:12:00.269,n,86.467296,3.89092,5.160686,1.096217,OverRange,OverRange,OverRange,12.07129,14.569866,97.63148
2026/06/08 09:13:00.271,n,81.9044,5.860961,4.717827,1.406545,OverRange,OverRange,OverRange,12.088232,14.577344,92.714872
2026/06/08 09:14:00.271,n,78.690328,4.771856,4.520262,0.854702,OverRange,OverRange,OverRange,12.04806,14.585962,89.682792
2026/06/08 09:15:00.273,n,76.113152,4.789793,4.972464,0.844,OverRange,OverRange,OverRange,12.09404,14.597758,87.277384
2026/06/08 09:16:00.275,n,74.62396,3.655399,5.303971,1.292148,OverRange,OverRange,OverRange,12.083172,14.613822,85.29996
2026/06/08 09:17:00.279,n,73.702384,5.774815,5.649564,0.717873,OverRange,OverRange,OverRange,12.11047,14.621366,83.56204
2026/06/08 09:18:00.280,n,74.412392,4.191518,4.902717,1.163076,OverRange,OverRange,OverRange,12.095562,14.629934,84.098032
2026/06/08 09:19:00.266,n,76.116096,6.274654,5.240633,0.781338,OverRange,OverRange,OverRange,12.100372,14.63748,86.05532
2026/06/08 09:20:00.268,n,79.534936,5.25059,4.613657,0.830613,OverRange,OverRange,OverRange,12.036694,14.647108,89.18024
2026/06/08 09:21:00.270,n,84.208168,5.144039,4.933743,0.814859,OverRange,OverRange,OverRange,12.051846,14.657828,93.189696
2026/06/08 09:22:00.271,n,90.023032,6.077815,5.01874,0.985577,OverRange,OverRange,OverRange,12.067266,14.66537,97.772424
2026/06/08 09:23:00.273,n,96.952688,5.022651,4.281242,0.371238,OverRange,OverRange,OverRange,12.034654,14.673828,103.5402
2026/06/08 09:24:00.275,n,104.5195,3.828119,4.640907,0.794201,OverRange,OverRange,OverRange,12.014222,14.679188,110.22544
2026/06/08 09:25:00.277,n,112.803,5.311066,5.208531,0.750083,OverRange,OverRange,OverRange,12.077892,14.686666,117.77824
2026/06/08 09:26:00.279,n,120.76576,5.586782,5.364771,0.872305,OverRange,OverRange,OverRange,12.0592,14.703836,125.53732
2026/06/08 09:27:00.281,n,128.28752,3.729714,5.08321,1.012691,OverRange,OverRange,OverRange,12.067286,14.71244,133.5246
2026/06/08 09:28:00.268,n,134.90374,3.869163,5.233186,1.14821,OverRange,OverRange,OverRange,12.118832,14.723178,140.95512
2026/06/08 09:29:00.268,n,140.56452,3.928453,4.570648,0.803162,OverRange,OverRange,OverRange,12.093826,14.740334,147.0286
2026/06/08 09:30:00.271,n,145.09072,4.219911,4.47968,0.863023,OverRange,OverRange,OverRange,12.07487,14.747812,152.15176
2026/06/08 09:31:00.276,n,149.14232,5.779831,5.274039,1.017521,OverRange,OverRange,OverRange,12.124898,14.759578,156.39388
2026/06/08 09:32:00.275,n,152.8066,3.81031,4.740756,1.123154,OverRange,OverRange,OverRange,12.115286,14.775674,160.2194
2026/06/08 09:33:00.276,n,156.03786,5.133084,4.763962,1.248462,OverRange,OverRange,OverRange,12.138032,14.793938,163.60174
2026/06/08 09:34:00.277,n,158.71628,5.174462,5.162822,1.26881,OverRange,OverRange,OverRange,12.20928,14.811812,166.65968
2026/06/08 09:35:00.281,n,160.70328,6.158412,5.023406,1.531597,OverRange,OverRange,OverRange,12.173192,14.8225,169.03692
2026/06/08 09:36:00.285,n,162.59148,3.708253,4.820108,1.184538,OverRange,OverRange,OverRange,12.177746,14.840748,171.53156
2026/06/08 09:37:00.271,n,164.23566,5.705285,5.2358,1.157409,OverRange,OverRange,OverRange,12.235326,14.85362,174.50402
2026/06/08 09:38:00.272,n,165.93922,6.129545,4.763772,1.095849,OverRange,OverRange,OverRange,12.24264,14.87182,177.50976
2026/06/08 09:39:00.273,n,167.48192,6.325843,5.253133,1.211007,OverRange,OverRange,OverRange,12.25529,14.898606,180.89864
2026/06/08 09:40:00.276,n,169.28072,3.616481,4.882332,1.295836,OverRange,OverRange,OverRange,12.26084,14.912554,185.5243
2026/06/08 09:41:00.277,n,171.38676,3.653746,5.009254,1.153708,OverRange,OverRange,OverRange,12.261342,14.927576,191.232
2026/06/08 09:42:00.280,n,173.42598,6.08034,4.970198,1.197195,OverRange,OverRange,OverRange,12.282044,14.94467,197.53498
2026/06/08 09:43:00.266,n,175.95968,5.731083,5.096293,0.980659,OverRange,OverRange,OverRange,12.345932,14.968278,205.05084
2026/06/08 09:44:00.268,n,177.66314,5.608368,4.910867,1.002516,OverRange,OverRange,OverRange,12.36083,14.984344,210.74634
2026/06/08 09:45:00.268,n,180.81764,5.781085,4.684003,1.005612,OverRange,OverRange,OverRange,12.365368,14.989674,219.01788
2026/06/08 09:46:00.271,n,186.33782,5.930079,5.022035,1.268916,OverRange,OverRange,OverRange,12.447018,15.002544,231.75452
2026/06/08 09:47:00.256,n,189.8929,3.858981,4.660545,1.058181,OverRange,OverRange,OverRange,12.41217,15.030376,239.03752
2026/06/08 09:48:00.259,n,194.79284,5.891135,4.751543,0.948548,OverRange,OverRange,OverRange,12.447516,15.046474,247.37024
2026/06/08 09:49:00.262,n,206.2473,4.081188,5.203172,1.039239,OverRange,OverRange,OverRange,12.491944,15.06575,266.70438
2026/06/08 09:50:00.262,n,240.52984,4.344346,4.416613,0.806475,OverRange,OverRange,OverRange,12.532558,15.092506,332.22702
2026/06/08 09:51:00.264,n,268.71192,3.948267,5.796178,0.935086,OverRange,OverRange,OverRange,12.57572,15.1139,388.48616
2026/06/08 09:52:00.268,n,296.4636,5.837734,4.921459,1.031117,OverRange,OverRange,OverRange,12.614294,15.140688,439.30568
2026/06/08 09:53:00.268,n,304.64066,4.437428,5.13258,0.950542,OverRange,OverRange,OverRange,12.685696,15.173832,456.96476
2026/06/08 09:54:00.271,n,233.29738,4.384558,4.333111,0.714705,OverRange,OverRange,OverRange,12.673828,15.204874,303.21454
2026/06/08 09:55:00.272,n,243.83962,5.684508,4.70084,0.80778,OverRange,OverRange,OverRange,12.755036,15.241262,316.57456
2026/06/08 09:56:00.256,n,265.65284,4.39534,4.471984,0.766906,OverRange,OverRange,OverRange,12.804698,15.277616,357.35764
2026/06/08 09:57:00.261,n,300.91406,4.722067,4.412453,0.163807,OverRange,OverRange,OverRange,12.853358,15.311852,425.81316
2026/06/08 09:58:00.261,n,346.85952,6.315814,4.940203,1.169933,OverRange,OverRange,OverRange,12.861938,15.343466,517.15168
2026/06/08 09:59:00.264,n,355.77956,4.26888,5.207776,0.522915,OverRange,OverRange,OverRange,12.947262,15.38199,537.06148
2026/06/08 10:00:00.265,n,321.96876,4.024536,4.587187,0.563949,OverRange,OverRange,OverRange,13.033174,15.426868,467.09664
2026/06/08 10:01:00.269,n,299.52368,5.637963,4.993687,0.86069,OverRange,OverRange,OverRange,13.089402,15.469598,417.89952
2026/06/08 10:02:00.273,n,304.63528,5.400159,4.936873,0.923476,OverRange,OverRange,OverRange,13.114406,15.514544,424.29668
2026/06/08 10:03:00.272,n,298.56754,3.94816,4.66957,0.993116,OverRange,OverRange,OverRange,13.231476,15.563694,410.09008
2026/06/08 10:04:00.256,n,292.4277,5.537446,5.413419,0.739157,OverRange,OverRange,OverRange,13.211482,15.60727,395.12344
2026/06/08 10:05:00.261,n,297.23324,6.036332,5.368287,0.885017,OverRange,OverRange,OverRange,13.261638,15.65005,402.7014
2026/06/08 10:06:00.262,n,295.99244,5.737438,5.108935,0.583071,OverRange,OverRange,OverRange,13.340104,15.693826,399.09728
2026/06/08 10:07:00.263,n,308.45072,5.800744,5.64048,0.258108,OverRange,OverRange,OverRange,13.264894,15.745114,419.92612
2026/06/08 10:08:00.265,n,343.44644,5.549476,5.769289,0.26748,OverRange,OverRange,OverRange,13.21427,15.791284,491.98316
2026/06/08 10:09:00.267,n,355.61572,6.276191,4.448455,0.948131,OverRange,OverRange,OverRange,13.177746,15.835338,512.65492
2026/06/08 10:10:00.269,n,326.85434,5.605496,5.147969,0.561017,OverRange,OverRange,OverRange,13.20895,15.882586,452.82692
2026/06/08 10:11:00.270,n,347.30252,5.702647,4.36082,0.772029,OverRange,OverRange,OverRange,13.280106,15.919778,483.54344
2026/06/08 10:12:00.273,n,353.61124,5.743709,4.854532,0.87682,OverRange,OverRange,OverRange,13.294408,15.962694,496.9532
2026/06/08 10:13:00.258,n,375.42216,4.998811,4.99178,0.874365,OverRange,OverRange,OverRange,13.355642,16.005672,530.58252
2026/06/08 10:14:00.260,n,373.188,4.39829,4.539381,0.525704,OverRange,OverRange,OverRange,13.480906,16.056116,528.17756
2026/06/08 10:15:00.262,n,342.28584,6.152259,5.541468,0.800785,OverRange,OverRange,OverRange,13.489254,16.103416,452.83536
2026/06/08 10:16:00.265,n,310.94192,5.596694,4.739799,0.873667,OverRange,OverRange,OverRange,13.409398,16.1442,392.8762
2026/06/08 10:17:00.266,n,309.81826,4.339464,4.769456,0.615182,OverRange,OverRange,OverRange,13.414968,16.20105,382.155
2026/06/08 10:18:00.269,n,300.44526,4.304876,4.68609,0.792824,OverRange,OverRange,OverRange,13.533346,16.239664,358.6674
2026/06/08 10:19:00.270,n,294.82272,6.167048,4.841818,0.844314,OverRange,OverRange,OverRange,13.69547,16.286348,346.53124
2026/06/08 10:20:00.273,n,295.21402,4.466795,4.997219,0.496739,OverRange,OverRange,OverRange,13.520864,16.324948,348.14132
2026/06/08 10:21:00.275,n,300.31948,4.159709,4.620511,0.550715,OverRange,OverRange,OverRange,13.466208,16.368894,357.32912
2026/06/08 10:22:00.262,n,289.82272,4.367384,4.949288,0.784293,OverRange,OverRange,OverRange,13.476338,16.412806,337.50664
2026/06/08 10:23:00.264,n,280.4426,4.45633,5.275426,0.796208,OverRange,OverRange,OverRange,13.400452,16.449548,320.89036
2026/06/08 10:24:00.265,n,293.14286,5.059314,4.971177,0.682305,OverRange,OverRange,OverRange,13.446614,16.472044,345.96072
2026/06/08 10:25:00.266,n,281.0577,5.448569,4.938688,0.5614,OverRange,OverRange,OverRange,13.476716,16.509504,326.18888
2026/06/08 10:26:00.270,n,265.68966,5.411144,5.08492,0.655948,OverRange,OverRange,OverRange,13.559942,16.545952,298.2031
2026/06/08 10:27:00.271,n,256.72216,4.48265,4.989813,0.634748,OverRange,OverRange,OverRange,13.451432,16.575948,285.0553
2026/06/08 10:28:00.274,n,264.36392,5.499035,4.807883,0.873055,OverRange,OverRange,OverRange,13.464076,16.60379,301.6297
2026/06/08 10:29:00.274,n,271.63358,4.099054,4.658915,0.679524,OverRange,OverRange,OverRange,13.606716,16.627266,317.30564
2026/06/08 10:30:00.279,n,284.75234,4.76391,5.342065,0.645582,OverRange,OverRange,OverRange,13.613556,16.645492,344.98072
2026/06/08 10:31:00.262,n,306.84604,5.480357,5.277043,0.654212,OverRange,OverRange,OverRange,13.676164,16.667954,383.55088
2026/06/08 10:32:00.264,n,388.92844,4.431995,4.917499,0.738849,OverRange,OverRange,OverRange,13.774232,16.69156,538.81756
2026/06/08 10:33:00.266,n,410.2288,4.605684,4.588948,0.502076,OverRange,OverRange,OverRange,13.844238,16.724686,586.8398
2026/06/08 10:34:00.270,n,362.38884,4.328507,4.26457,0.227557,OverRange,OverRange,OverRange,13.928864,16.75892,486.16944
2026/06/08 10:35:00.271,n,377.67,5.499167,5.049505,0.671532,OverRange,OverRange,OverRange,13.833624,16.804894,514.53316
2026/06/08 10:36:00.272,n,338.17064,4.207371,4.813575,0.603955,OverRange,OverRange,OverRange,13.890458,16.837008,437.62648
2026/06/08 10:37:00.275,n,325.81546,4.504426,5.064099,0.727192,OverRange,OverRange,OverRange,13.82578,16.877604,411.60008
2026/06/08 10:38:00.276,n,325.18872,5.342342,4.957254,0.50222,OverRange,OverRange,OverRange,13.901586,16.909394,407.39964
2026/06/08 10:39:00.278,n,347.36256,3.974146,5.221864,0.703333,OverRange,OverRange,OverRange,13.941412,16.940402,446.30592
2026/06/08 10:40:00.265,n,350.90088,3.959952,4.519888,0.57555,OverRange,OverRange,OverRange,13.675588,16.976758,451.5812
2026/06/08 10:41:00.266,n,348.2268,4.440592,5.144549,0.616943,OverRange,OverRange,OverRange,13.69128,17.016278,448.43956
2026/06/08 10:42:00.268,n,345.84996,3.864736,4.266052,0.623516,OverRange,OverRange,OverRange,13.729436,17.042982,445.69408
2026/06/08 10:43:00.272,n,371.46752,4.848587,4.757869,0.696994,OverRange,OverRange,OverRange,13.681148,17.080384,488.06772
2026/06/08 10:44:00.272,n,428.0044,4.607073,4.987231,0.648374,OverRange,OverRange,OverRange,13.786794,17.101448,594.98592
2026/06/08 10:45:00.283,n,466.47892,5.321596,5.239454,0.522708,OverRange,OverRange,OverRange,13.886088,17.133502,665.13696
2026/06/08 10:46:00.277,n,460.11352,5.368093,4.743335,0.627245,OverRange,OverRange,OverRange,13.993918,17.174066,651.94048
2026/06/08 10:47:00.278,n,374.69932,5.556279,5.038656,0.792732,OverRange,OverRange,OverRange,14.068898,17.211438,492.31932
2026/06/08 10:48:00.283,n,385.30952,3.794459,4.411953,0.644573,OverRange,OverRange,OverRange,14.250118,17.248742,506.261
2026/06/08 10:49:00.266,n,416.25752,4.642612,4.99795,0.69663,OverRange,OverRange,OverRange,14.217056,17.288296,574.64324
2026/06/08 10:50:00.268,n,465.25188,5.107888,4.74668,0.495414,OverRange,OverRange,OverRange,14.351274,17.336298,667.20012
2026/06/08 10:51:00.270,n,484.68724,4.417911,4.74161,0.616631,OverRange,OverRange,OverRange,14.49853,17.373604,696.128
2026/06/08 10:52:00.271,n,421.89076,5.47101,4.910904,0.681049,OverRange,OverRange,OverRange,14.462988,17.423008,587.36164
2026/06/08 10:53:00.276,n,491.54904,4.708825,5.070486,0.826027,OverRange,OverRange,OverRange,14.47319,17.465664,715.71952
2026/06/08 10:54:00.276,n,497.35108,5.535054,5.179909,0.576404,OverRange,OverRange,OverRange,14.568736,17.519016,731.32
2026/06/08 10:55:00.280,n,503.44564,3.942986,4.743065,0.737758,OverRange,OverRange,OverRange,14.534944,17.570182,741.64008
2026/06/08 10:56:00.282,n,489.10568,5.597123,5.036153,0.835326,OverRange,OverRange,OverRange,14.690206,17.626636,713.72464
2026/06/08 10:57:00.281,n,475.60304,3.928522,4.758433,0.707625,OverRange,OverRange,OverRange,15.010728,17.68097,690.13888
2026/06/08 10:58:00.267,n,423.20388,5.85353,5.145424,0.785768,OverRange,OverRange,OverRange,14.997666,17.738434,596.22516
2026/06/08 10:59:00.270,n,444.89664,5.565323,4.85768,0.646939,OverRange,OverRange,OverRange,14.5574,17.802356,632.97528
2026/06/08 11:00:00.271,n,413.76076,5.576353,4.798966,0.779527,OverRange,OverRange,OverRange,14.489842,17.837582,579.089
2026/06/08 11:01:00.274,n,351.33608,5.117295,5.205901,0.736864,OverRange,OverRange,OverRange,14.452332,17.8791,468.10152
2026/06/08 11:02:00.275,n,369.96512,4.469871,4.554207,0.660848,OverRange,OverRange,OverRange,14.653972,17.923816,492.9912
2026/06/08 11:03:00.277,n,375.49644,5.531097,5.212143,0.542215,OverRange,OverRange,OverRange,14.422094,17.967454,509.636
2026/06/08 11:04:00.280,n,364.8004,4.649301,4.993123,0.725878,OverRange,OverRange,OverRange,14.373694,17.991102,486.82716
2026/06/08 11:05:00.281,n,380.7722,5.203789,4.818685,0.475598,OverRange,OverRange,OverRange,14.500372,18.022968,518.10088
2026/06/08 11:06:00.284,n,400.09664,4.517659,4.673958,0.365175,OverRange,OverRange,OverRange,14.408352,18.053826,549.08424
2026/06/08 11:07:00.271,n,453.37536,4.744886,4.906078,0.880265,OverRange,OverRange,OverRange,14.401048,18.081484,650.66436
2026/06/08 11:08:00.270,n,473.29016,5.245986,5.102125,0.599886,OverRange,OverRange,OverRange,14.447174,18.10911,691.24776
2026/06/08 11:09:00.273,n,469.45656,5.794659,5.14406,0.739095,OverRange,OverRange,OverRange,14.512472,18.146294,686.45688
2026/06/08 11:10:00.258,n,475.12088,5.265275,5.104353,0.442477,OverRange,OverRange,OverRange,14.409596,18.17712,698.08328
2026/06/08 11:11:00.279,n,476.71,4.68747,4.83916,0.457622,OverRange,OverRange,OverRange,14.33396,18.20119,704.11832
2026/06/08 11:12:00.262,n,447.57116,5.279903,5.430784,0.193562,OverRange,OverRange,OverRange,14.317912,18.227742,655.84784
2026/06/08 11:13:00.264,n,424.22312,6.004609,5.126161,0.615618,OverRange,OverRange,OverRange,14.234712,18.254292,614.61928
2026/06/08 11:14:00.266,n,408.29308,4.381572,4.582834,0.54304,OverRange,OverRange,OverRange,14.336558,18.2798,587.93616
2026/06/08 11:15:00.268,n,386.19356,3.701773,4.309514,0.476996,OverRange,OverRange,OverRange,14.303788,18.304232,547.63264
2026/06/08 11:16:00.272,n,377.33836,5.923583,5.517113,0.314331,OverRange,OverRange,OverRange,14.303288,18.330816,535.6004
2026/06/08 11:17:00.257,n,350.13184,4.559153,4.776272,0.508713,OverRange,OverRange,OverRange,14.301768,18.3467,488.86156
2026/06/08 11:18:00.257,n,357.03768,3.888418,4.22406,0.2302,OverRange,OverRange,OverRange,14.193564,18.36797,499.60536
2026/06/08 11:19:00.259,n,379.88988,4.28415,5.029701,0.727706,OverRange,OverRange,OverRange,14.191792,18.381768,541.67732
2026/06/08 11:20:00.261,n,382.37944,4.438429,4.949178,0.77298,OverRange,OverRange,OverRange,14.213232,18.394522,548.12604
2026/06/08 11:21:00.264,n,373.64584,5.290939,5.142483,0.61571,OverRange,OverRange,OverRange,14.229626,18.406202,533.27356
2026/06/08 11:22:00.266,n,372.75504,5.046036,5.053655,0.72463,OverRange,OverRange,OverRange,14.232652,18.420716,530.89752
2026/06/08 11:23:00.269,n,371.79048,4.300385,4.978657,0.564104,OverRange,OverRange,OverRange,14.303182,18.428154,529.96736
2026/06/08 11:24:00.271,n,375.067,4.725018,4.820356,0.688465,OverRange,OverRange,OverRange,14.312028,18.439506,534.47652
2026/06/08 11:25:00.272,n,359.994,4.232411,4.67215,0.578914,OverRange,OverRange,OverRange,14.234838,18.452326,508.47976
2026/06/08 11:26:00.259,n,341.49732,3.861417,4.32032,0.26501,OverRange,OverRange,OverRange,14.116246,18.468342,474.07324
2026/06/08 11:27:00.261,n,325.17966,5.336418,4.864893,0.706126,OverRange,OverRange,OverRange,14.140702,18.463026,443.17424
2026/06/08 11:28:00.262,n,325.4968,3.882766,4.992388,0.685105,OverRange,OverRange,OverRange,14.223872,18.464102,442.87136
2026/06/08 11:29:00.266,n,314.84176,5.671608,4.731056,0.861083,OverRange,OverRange,OverRange,14.19486,18.464102,414.1298
2026/06/08 11:30:00.267,n,316.58566,5.487895,4.810128,0.866675,OverRange,OverRange,OverRange,13.965176,18.47056,418.05092
2026/06/08 11:31:00.267,n,322.82136,5.715583,5.158516,0.732819,OverRange,OverRange,OverRange,13.918976,18.471604,427.47916
2026/06/08 11:32:00.269,n,341.77304,4.232624,5.099699,0.952492,OverRange,OverRange,OverRange,13.978054,18.46733,457.31852
2026/06/08 11:33:00.272,n,361.86316,3.961035,4.807201,0.939536,OverRange,OverRange,OverRange,14.005052,18.464102,488.51172
2026/06/08 11:34:00.256,n,370.9188,5.531815,5.040288,0.576089,OverRange,OverRange,OverRange,14.003052,18.46518,506.26904
2026/06/08 11:35:00.258,n,384.4574,5.713674,5.174606,0.749,OverRange,OverRange,OverRange,13.952572,18.463026,526.45216
2026/06/08 11:36:00.261,n,383.00412,5.418386,5.3592,0.688327,OverRange,OverRange,OverRange,13.966686,18.46518,522.3026
2026/06/08 11:37:00.262,n,394.64244,6.20719,5.341525,0.902124,OverRange,OverRange,OverRange,14.03208,18.46195,538.17408
2026/06/08 11:38:00.263,n,397.4344,5.281291,5.074072,0.909168,OverRange,OverRange,OverRange,14.022482,18.463026,542.07892
2026/06/08 11:39:00.266,n,398.28068,5.846224,5.079731,0.818038,OverRange,OverRange,OverRange,14.088368,18.469484,540.10616
2026/06/08 11:40:00.268,n,400.53616,3.576253,4.455444,0.703582,OverRange,OverRange,OverRange,14.12294,18.466256,539.221
2026/06/08 11:41:00.271,n,410.55384,5.588425,4.905531,0.621663,OverRange,OverRange,OverRange,14.221844,18.479074,553.23128
2026/06/08 11:42:00.273,n,430.9812,4.377519,4.402269,0.53535,OverRange,OverRange,OverRange,14.034104,18.489772,585.7218
2026/06/08 11:43:00.258,n,414.75808,3.980677,4.498882,0.746575,OverRange,OverRange,OverRange,14.17241,18.491896,555.07268
2026/06/08 11:44:00.261,n,448.58772,5.692937,5.013289,0.755837,OverRange,OverRange,OverRange,14.167358,18.499396,608.7378
2026/06/08 11:45:00.262,n,479.28308,5.355431,5.092438,0.560884,OverRange,OverRange,OverRange,13.984868,18.511108,658.33912
2026/06/08 11:46:00.263,n,478.96092,4.267236,4.419318,0.523115,OverRange,OverRange,OverRange,13.943446,18.519688,657.28192
2026/06/08 11:47:00.266,n,441.12084,3.939652,4.762229,0.773789,OverRange,OverRange,OverRange,14.017442,18.53254,591.53784
2026/06/08 11:48:00.268,n,419.1732,5.275034,5.187476,0.697431,OverRange,OverRange,OverRange,14.227646,18.546404,536.88984
2026/06/08 11:49:00.270,n,438.4476,4.079888,4.79579,0.813853,OverRange,OverRange,OverRange,14.2927,18.562388,577.5782
2026/06/08 11:50:00.272,n,509.62088,5.615031,4.88118,0.623849,OverRange,OverRange,OverRange,14.096446,18.574166,692.91904
2026/06/08 11:51:00.274,n,507.31032,3.918605,4.388824,0.559815,OverRange,OverRange,OverRange,14.103766,18.589106,693.95464
2026/06/08 11:52:00.259,n,562.82024,6.179842,5.328298,0.593616,OverRange,OverRange,OverRange,14.081808,18.601928,799.39728
2026/06/08 11:53:00.260,n,556.73456,4.244182,4.535605,0.389588,OverRange,OverRange,OverRange,14.095678,18.614716,784.60424
2026/06/08 11:54:00.266,n,585.135,5.567765,4.515276,0.57536,OverRange,OverRange,OverRange,14.192082,18.633928,833.69528
2026/06/08 11:55:00.266,n,559.53376,5.145711,4.936077,0.492575,OverRange,OverRange,OverRange,14.314662,18.653144,790.47848
2026/06/08 11:56:00.267,n,567.81116,4.878681,5.131498,0.711873,OverRange,OverRange,OverRange,14.655224,18.672422,793.93
2026/06/08 11:57:00.268,n,580.57232,5.239844,4.983282,0.505985,OverRange,OverRange,OverRange,14.483358,18.700152,819.0132
2026/06/08 11:58:00.272,n,572.58736,4.436739,4.941607,0.696444,OverRange,OverRange,OverRange,14.373174,18.73323,809.20504
2026/06/08 11:59:00.273,n,548.81976,5.498566,4.844916,0.732932,OverRange,OverRange,OverRange,14.494706,18.756722,764.76488
2026/06/08 12:00:00.274,n,528.92132,5.489836,5.083442,0.625266,OverRange,OverRange,OverRange,14.514334,18.787614,734.75144
2026/06/08 12:01:00.259,n,480.90024,4.337693,4.841769,0.791736,OverRange,OverRange,OverRange,14.47907,18.8143,648.9666
2026/06/08 12:02:00.261,n,475.28212,5.984829,5.11721,0.811974,OverRange,OverRange,OverRange,14.41354,18.846304,643.68024
2026/06/08 12:03:00.264,n,459.86208,5.588622,4.907837,0.93229,OverRange,OverRange,OverRange,14.397656,18.850384,615.94196
2026/06/08 12:04:00.265,n,478.84468,4.043051,4.747077,0.761885,OverRange,OverRange,OverRange,14.489232,18.86963,644.0136
2026/06/08 12:05:00.267,n,505.16972,5.429391,4.752358,0.694606,OverRange,OverRange,OverRange,14.459494,18.890904,695.61864
2026/06/08 12:06:00.268,n,504.39868,4.315803,4.929308,0.786822,OverRange,OverRange,OverRange,14.524008,18.907998,689.48648
2026/06/08 12:07:00.271,n,512.258,4.185798,4.836138,0.879587,OverRange,OverRange,OverRange,14.577174,18.93038,706.60104
2026/06/08 12:08:00.272,n,501.46812,3.969902,5.188426,0.845661,OverRange,OverRange,OverRange,14.429998,18.948518,688.63552
2026/06/08 12:09:00.274,n,481.09484,5.375045,5.065084,0.768853,OverRange,OverRange,OverRange,14.55222,18.968778,653.90088
2026/06/08 12:10:00.261,n,465.50084,5.828078,5.161436,0.65747,OverRange,OverRange,OverRange,14.513412,18.996934,629.41388
2026/06/08 12:11:00.263,n,448.87636,5.749015,4.975933,0.63489,OverRange,OverRange,OverRange,14.617798,19.017488,596.93864
2026/06/08 12:12:00.265,n,435.7026,5.445712,4.889617,0.586276,OverRange,OverRange,OverRange,14.41412,19.030246,571.50664
2026/06/08 12:13:00.268,n,443.48084,6.039548,4.975113,0.629864,OverRange,OverRange,OverRange,14.34782,19.045188,579.33876
2026/06/08 12:14:00.270,n,436.67212,4.286463,4.664819,0.803215,OverRange,OverRange,OverRange,14.266842,19.056934,567.6878
2026/06/08 12:15:00.271,n,447.76308,5.584118,5.140984,0.65054,OverRange,OverRange,OverRange,14.10111,19.066492,580.09636
2026/06/08 12:16:00.275,n,461.40792,4.225923,4.959784,0.559685,OverRange,OverRange,OverRange,14.114742,19.071844,602.40404
2026/06/08 12:17:00.275,n,448.13316,5.65545,4.966289,0.89938,OverRange,OverRange,OverRange,14.241384,19.07292,583.73852
2026/06/08 12:18:00.277,n,445.40152,4.108259,4.76347,0.78552,OverRange,OverRange,OverRange,14.538116,19.080326,577.07552
2026/06/08 12:19:00.264,n,439.9728,5.801063,5.133653,0.873307,OverRange,OverRange,OverRange,14.545426,19.08884,568.30048
2026/06/08 12:20:00.264,n,436.06308,4.642283,4.877217,0.619977,OverRange,OverRange,OverRange,14.517712,19.096348,559.92888
2026/06/08 12:21:00.266,n,434.25252,5.790399,5.310179,0.878833,OverRange,OverRange,OverRange,14.562816,19.108092,556.75232
2026/06/08 12:22:00.268,n,446.38464,5.343672,4.639215,0.705647,OverRange,OverRange,OverRange,14.619228,19.11977,577.41632
2026/06/08 12:23:00.270,n,450.49892,5.496513,5.053667,0.558528,OverRange,OverRange,OverRange,14.592784,19.127208,584.30952
2026/06/08 12:24:00.272,n,454.73824,5.656617,5.306549,0.364066,OverRange,OverRange,OverRange,14.240124,19.13576,590.18404
2026/06/08 12:25:00.275,n,445.354,4.226627,4.914437,0.631089,OverRange,OverRange,OverRange,14.340756,19.146396,577.66496
2026/06/08 12:26:00.276,n,456.1508,5.673758,4.912055,0.827764,OverRange,OverRange,OverRange,14.457958,19.148518,593.11896
2026/06/08 12:27:00.277,n,468.13608,4.11457,4.72301,0.734599,OverRange,OverRange,OverRange,14.686742,19.153866,614.76472
2026/06/08 12:28:00.264,n,465.13564,4.202089,4.665636,0.900139,OverRange,OverRange,OverRange,14.563788,19.16134,610.63508
2026/06/08 12:29:00.265,n,473.00056,4.02221,4.836494,0.863511,OverRange,OverRange,OverRange,14.589764,19.178368,624.10252
2026/06/08 12:30:00.268,n,470.44072,4.204917,5.006453,0.800819,OverRange,OverRange,OverRange,14.46376,19.182612,618.57452
2026/06/08 12:31:00.268,n,437.55884,4.515366,4.992377,0.809013,OverRange,OverRange,OverRange,14.586502,19.194356,561.58684
2026/06/08 12:32:00.270,n,453.68204,5.445319,4.738401,0.767822,OverRange,OverRange,OverRange,14.861752,19.208158,598.32912
2026/06/08 12:33:00.275,n,454.73936,3.922899,4.772188,0.955859,OverRange,OverRange,OverRange,14.954112,19.209628,599.21928
2026/06/08 12:34:00.275,n,437.6306,5.418132,4.855168,0.874742,OverRange,OverRange,OverRange,14.921606,19.21922,569.43788
2026/06/08 12:35:00.276,n,455.01472,5.707596,4.948967,0.81936,OverRange,OverRange,OverRange,14.716146,19.233084,599.97608
2026/06/08 12:36:00.279,n,432.40932,3.799107,4.835515,0.900604,OverRange,OverRange,OverRange,14.327774,19.243722,562.02076
2026/06/08 12:37:00.265,n,421.99696,3.690098,4.671553,0.816601,OverRange,OverRange,OverRange,14.193588,19.252208,545.14508
2026/06/08 12:38:00.267,n,401.8954,5.516163,5.167246,0.868921,OverRange,OverRange,OverRange,14.155224,19.25971,512.91688
2026/06/08 12:39:00.270,n,389.63512,5.151565,4.968584,0.815888,OverRange,OverRange,OverRange,14.16029,19.255436,495.8518
2026/06/08 12:40:00.270,n,395.76352,4.178011,4.479127,0.60186,OverRange,OverRange,OverRange,14.140096,19.255436,505.80624
2026/06/08 12:41:00.272,n,406.4148,5.041489,4.994965,0.618948,OverRange,OverRange,OverRange,14.128216,19.245842,521.8764
2026/06/08 12:42:00.273,n,399.64204,5.940714,5.021573,0.8336,OverRange,OverRange,OverRange,14.015148,19.242678,520.6548
2026/06/08 12:43:00.274,n,400.20564,5.090092,5.256663,0.700263,OverRange,OverRange,OverRange,13.970978,19.225614,516.94976
2026/06/08 12:44:00.464,n,373.7412,3.769968,4.872773,0.765749,OverRange,OverRange,OverRange,13.865682,19.2171,482.65052
2026/06/08 12:45:00.440,n,404.80492,5.362282,4.912564,0.709225,OverRange,OverRange,OverRange,13.919694,19.217882,535.50276
2026/06/08 12:46:00.332,n,385.22204,3.527078,4.645923,0.749178,OverRange,OverRange,OverRange,14.230046,19.20297,505.47976
2026/06/08 12:47:00.318,n,406.44008,5.52262,4.782922,0.870715,OverRange,OverRange,OverRange,14.25348,19.183818,545.05012
2026/06/08 12:48:00.269,n,412.411,5.664762,4.86586,0.79295,OverRange,OverRange,OverRange,14.12608,19.176348,559.73444
2026/06/08 12:49:00.273,n,424.03232,4.327368,4.515065,0.720226,OverRange,OverRange,OverRange,13.944098,19.162514,581.84296
2026/06/08 12:50:00.273,n,409.63852,5.074921,5.008528,0.87392,OverRange,OverRange,OverRange,13.919332,19.151844,563.17424
2026/06/08 12:51:00.362,n,403.73768,5.942215,4.867117,0.807378,OverRange,OverRange,OverRange,14.034968,19.142284,555.58204
2026/06/08 12:52:00.323,n,407.44376,5.467899,4.699405,0.770518,OverRange,OverRange,OverRange,14.161164,19.131616,561.09056
2026/06/08 12:53:00.431,n,422.5992,5.676957,4.93025,0.828541,OverRange,OverRange,OverRange,13.902928,19.119904,592.5066
2026/06/08 12:54:00.346,n,437.18724,4.114478,5.069114,0.72831,OverRange,OverRange,OverRange,13.996348,19.114584,619.22784
2026/06/08 12:55:00.368,n,437.32572,3.927191,4.913833,0.801752,OverRange,OverRange,OverRange,13.970602,19.101794,623.84468
2026/06/08 12:56:00.329,n,424.23312,5.58204,4.853651,0.953362,OverRange,OverRange,OverRange,14.055914,19.09008,603.09968
2026/06/08 12:57:00.334,n,407.45156,5.5244,5.117548,0.653251,OverRange,OverRange,OverRange,14.191946,19.08049,575.57228
2026/06/08 12:58:00.278,n,410.77304,5.721593,4.755455,0.927421,OverRange,OverRange,OverRange,14.157374,19.073018,582.20844
2026/06/08 12:59:00.276,n,417.459,6.208277,4.91883,0.89615,OverRange,OverRange,OverRange,14.012518,19.070864,595.7572
2026/06/08 13:00:00.494,n,429.97072,5.655975,4.962452,0.856538,OverRange,OverRange,OverRange,13.998882,19.065578,618.41132
2026/06/08 13:01:00.415,n,428.49732,4.708163,4.781094,0.668889,OverRange,OverRange,OverRange,13.943588,19.05811,616.234
2026/06/08 13:02:00.351,n,422.0316,4.105793,4.77159,0.806184,OverRange,OverRange,OverRange,14.004934,19.046394,609.07112
2026/06/08 13:03:00.347,n,407.79312,5.298582,5.480315,0.708631,OverRange,OverRange,OverRange,13.967824,19.038924,579.9082
2026/06/08 13:04:00.269,n,388.25188,4.229319,4.667553,0.506739,OverRange,OverRange,OverRange,14.01149,19.027212,550.0166
2026/06/08 13:05:00.271,n,391.31776,3.769399,4.806071,1.114995,OverRange,OverRange,OverRange,14.08571,19.017586,549.5866
2026/06/08 13:06:00.259,n,337.0948,4.464577,4.224346,0.2523,OverRange,OverRange,OverRange,14.157634,19.007994,458.5592
2026/06/08 13:07:00.461,n,335.61484,4.366229,4.287128,0.640821,OverRange,OverRange,OverRange,14.0115,19.006948,449.48532
2026/06/08 13:08:00.363,n,317.4927,5.216433,5.018311,0.758175,OverRange,OverRange,OverRange,13.88297,18.988842,420.76444
2026/06/08 13:09:00.279,n,301.28536,5.889029,5.065113,1.018186,OverRange,OverRange,OverRange,13.850414,18.981372,396.5258
2026/06/08 13:10:00.264,n,331.51514,4.00396,4.606359,0.671655,OverRange,OverRange,OverRange,13.983196,18.960038,443.32724
2026/06/08 13:11:00.266,n,325.80484,3.923391,4.931781,0.766412,OverRange,OverRange,OverRange,14.050868,18.94829,434.98836
2026/06/08 13:12:00.268,n,324.74842,4.12383,4.929527,0.946,OverRange,OverRange,OverRange,14.044058,18.936544,427.57128
2026/06/08 13:13:00.270,n,392.61696,4.369687,4.461977,0.301357,OverRange,OverRange,OverRange,13.996354,18.92591,550.14632
2026/06/08 13:14:00.272,n,407.11324,5.342876,4.985917,0.749902,OverRange,OverRange,OverRange,13.957226,18.908878,568.9582
2026/06/08 13:15:00.257,n,347.97348,5.608594,5.338658,0.536139,OverRange,OverRange,OverRange,13.909744,18.908878,481.58252
2026/06/08 13:16:00.260,n,373.30504,5.662611,4.865495,0.652224,OverRange,OverRange,OverRange,13.86353,18.89074,505.02528
2026/06/08 13:17:00.262,n,369.20044,4.294229,5.122919,0.726703,OverRange,OverRange,OverRange,13.842056,18.885356,493.85068
2026/06/08 13:18:00.264,n,375.25216,5.410281,4.718004,0.600859,OverRange,OverRange,OverRange,13.780172,18.8726,492.64796
2026/06/08 13:19:00.266,n,342.791,3.873694,4.549715,0.471747,OverRange,OverRange,OverRange,13.672536,18.865132,453.47884
2026/06/08 13:20:00.269,n,367.09596,6.248473,5.136009,0.924704,OverRange,OverRange,OverRange,13.656358,18.858736,482.78148
2026/06/08 13:21:00.270,n,375.22048,4.740239,5.231069,0.667679,OverRange,OverRange,OverRange,13.722814,18.857302,500.804
2026/06/08 13:22:00.272,n,367.48244,3.885646,4.624666,0.735243,OverRange,OverRange,OverRange,13.72575,18.846664,487.43128
2026/06/08 13:23:00.258,n,385.61748,5.21759,5.04215,0.603702,OverRange,OverRange,OverRange,13.65271,18.833876,507.40332
2026/06/08 13:24:00.263,n,406.09108,5.339361,5.00591,0.797181,OverRange,OverRange,OverRange,13.766424,18.826372,540.88372
2026/06/08 13:25:00.262,n,322.15326,4.347433,4.885717,0.853023,OverRange,OverRange,OverRange,13.740658,18.811432,398.1216
2026/06/08 13:26:00.264,n,292.03268,5.594244,4.749871,0.70975,OverRange,OverRange,OverRange,13.90358,18.799716,351.67196
2026/06/08 13:27:00.266,n,287.35984,4.063245,4.215709,0.665506,OverRange,OverRange,OverRange,13.809642,18.792246,336.89132
2026/06/08 13:28:00.267,n,299.19776,5.651771,4.65243,0.804187,OverRange,OverRange,OverRange,14.134548,18.784776,352.9772
2026/06/08 13:29:00.270,n,355.76656,4.759227,4.815134,1.070643,OverRange,OverRange,OverRange,14.018184,18.777276,459.34364
2026/06/08 13:30:00.273,n,316.16044,4.368784,4.978073,0.704458,OverRange,OverRange,OverRange,13.709576,18.771954,388.6992
2026/06/08 13:31:00.257,n,378.00572,4.34848,4.511234,0.618447,OverRange,OverRange,OverRange,13.704518,18.766638,489.3362
2026/06/08 13:32:00.262,n,322.42588,5.407179,5.337607,0.619628,OverRange,OverRange,OverRange,13.742188,18.753784,374.9044
2026/06/08 13:33:00.260,n,340.22264,3.965949,4.623171,0.773325,OverRange,OverRange,OverRange,13.670156,18.74527,407.19344
2026/06/08 13:34:00.431,n,363.47952,3.9509,4.911394,0.845834,OverRange,OverRange,OverRange,13.70401,18.741028,417.4258
2026/06/08 13:35:00.266,n,357.47592,3.833831,4.61615,0.748624,OverRange,OverRange,OverRange,13.891708,18.731406,417.87636
2026/06/08 13:36:00.265,n,391.78824,3.687971,4.590181,0.797408,OverRange,OverRange,OverRange,13.776774,18.716464,465.48656
2026/06/08 13:37:00.267,n,373.57028,4.398978,4.946985,0.662245,OverRange,OverRange,OverRange,13.715648,18.71754,428.90456
2026/06/08 13:38:00.270,n,365.03492,5.439996,4.464179,0.857864,OverRange,OverRange,OverRange,13.777786,18.709026,406.86336
2026/06/08 13:39:00.272,n,339.66812,6.328071,5.208956,0.842304,OverRange,OverRange,OverRange,13.78538,18.711144,360.24632
2026/06/08 13:40:00.261,n,329.88864,5.427573,5.000729,0.734117,OverRange,OverRange,OverRange,13.655992,18.709026,341.09328
2026/06/08 13:41:00.260,n,323.84118,5.430433,4.637554,0.646904,OverRange,OverRange,OverRange,13.733826,18.703674,326.67206
2026/06/08 13:42:00.263,n,345.42088,3.853058,4.129003,0.244626,OverRange,OverRange,OverRange,13.729782,18.696204,359.82236
2026/06/08 13:43:00.263,n,326.06644,5.230719,4.428114,0.427084,OverRange,OverRange,OverRange,13.7505,18.684462,335.32702
2026/06/08 13:44:00.265,n,297.98544,3.765718,4.827896,0.864309,OverRange,OverRange,OverRange,13.717656,18.675914,296.25192
2026/06/08 13:45:00.269,n,297.58118,6.058413,4.874756,0.910917,OverRange,OverRange,OverRange,13.756084,18.671638,301.70044
2026/06/08 13:46:00.269,n,296.81086,5.3181,5.289324,0.71225,OverRange,OverRange,OverRange,13.718924,18.662048,303.32618
2026/06/08 13:47:00.271,n,316.03214,5.175261,5.205275,0.565463,OverRange,OverRange,OverRange,13.869492,18.65458,326.71072
2026/06/08 13:48:00.274,n,329.53342,3.977647,4.782559,0.632202,OverRange,OverRange,OverRange,13.95485,18.647108,349.34056
2026/06/08 13:49:00.258,n,329.59998,5.841649,5.105006,0.938853,OverRange,OverRange,OverRange,13.959626,18.645998,337.30336
2026/06/08 13:50:00.261,n,325.0607,5.665465,4.684798,1.031325,OverRange,OverRange,OverRange,13.795232,18.637486,324.26412
2026/06/08 13:51:00.264,n,352.96816,6.038621,4.693413,0.876688,OverRange,OverRange,OverRange,13.618078,18.633242,357.30276
2026/06/08 13:52:00.266,n,387.11216,5.763402,5.115572,0.737932,OverRange,OverRange,OverRange,13.585476,18.622544,428.2614
2026/06/08 13:53:00.272,n,310.23246,3.699617,4.611676,0.830758,OverRange,OverRange,OverRange,13.572576,18.617194,306.57998
2026/06/08 13:54:00.270,n,302.30036,4.897621,5.064757,0.610208,OverRange,OverRange,OverRange,13.612762,18.613962,296.6369
2026/06/08 13:55:00.273,n,304.1539,5.699615,4.973185,0.998274,OverRange,OverRange,OverRange,13.598114,18.608678,308.8627
2026/06/08 13:56:00.273,n,282.32604,4.303975,4.578207,0.53963,OverRange,OverRange,OverRange,13.612514,18.595858,282.81266
2026/06/08 13:57:00.276,n,277.7507,5.500268,5.135526,0.723899,OverRange,OverRange,OverRange,13.55539,18.588354,269.70022
2026/06/08 13:58:00.261,n,283.85144,4.021974,4.937637,0.814198,OverRange,OverRange,OverRange,13.477764,18.57446,270.98218
2026/06/08 13:59:00.264,n,292.61402,4.019461,4.569569,0.491396,OverRange,OverRange,OverRange,13.37405,18.560562,276.38682
2026/06/08 14:00:00.264,n,290.6904,5.290122,4.459028,0.688888,OverRange,OverRange,OverRange,13.497208,18.53926,275.67556
2026/06/08 14:01:00.266,n,286.29996,5.669402,5.547463,0.521899,OverRange,OverRange,OverRange,13.47727,18.529606,273.34656
2026/06/08 14:02:00.267,n,284.28882,4.582275,4.759778,0.510823,OverRange,OverRange,OverRange,13.404658,18.51039,273.4699
2026/06/08 14:03:00.269,n,338.26608,4.138974,4.442506,0.55074,OverRange,OverRange,OverRange,13.347734,18.48798,353.43092
2026/06/08 14:04:00.272,n,313.4298,3.368917,3.898284,0.404362,OverRange,OverRange,OverRange,13.320938,18.47516,328.10546
2026/06/08 14:05:00.273,n,309.81826,5.770711,4.734282,1.008233,OverRange,OverRange,OverRange,13.47699,18.45911,308.33228
2026/06/08 14:06:00.275,n,291.9271,4.988407,4.97967,0.540366,OverRange,OverRange,OverRange,13.704518,18.451642,296.69578
2026/06/08 14:07:00.262,n,294.47876,6.169715,5.272576,0.857033,OverRange,OverRange,OverRange,13.56953,18.444138,308.4798
2026/06/08 14:08:00.263,n,268.52524,4.185027,4.871026,0.786211,OverRange,OverRange,OverRange,13.608978,18.438822,261.64352
2026/06/08 14:09:00.265,n,262.66726,6.187303,5.672622,0.839708,OverRange,OverRange,OverRange,13.71841,18.42809,257.9483
2026/06/08 14:10:00.266,n,258.32004,5.658204,4.795645,0.614752,OverRange,OverRange,OverRange,13.646138,18.413148,252.92454
2026/06/08 14:11:00.269,n,257.86228,4.181786,4.706245,0.839722,OverRange,OverRange,OverRange,13.692886,18.412106,242.56344
2026/06/08 14:12:00.271,n,269.4494,5.245244,4.835455,0.738849,OverRange,OverRange,OverRange,13.67065,18.396478,254.4182
2026/06/08 14:13:00.272,n,254.32078,5.560868,5.183559,0.77552,OverRange,OverRange,OverRange,13.642854,18.39012,244.36674
2026/06/08 14:14:00.275,n,234.95772,4.174693,4.629781,0.616052,OverRange,OverRange,OverRange,13.705522,18.371004,224.93054
2026/06/08 14:15:00.276,n,216.27992,4.454704,5.035957,0.465336,OverRange,OverRange,OverRange,13.509878,18.366764,202.58068
2026/06/08 14:16:00.264,n,216.48792,4.240273,4.802423,0.697655,OverRange,OverRange,OverRange,13.576096,18.354042,205.09376
2026/06/08 14:17:00.266,n,216.30648,3.644463,4.618797,0.714083,OverRange,OverRange,OverRange,13.4631,18.373192,208.47626
2026/06/08 14:18:00.267,n,215.78686,5.02157,4.69414,0.753777,OverRange,OverRange,OverRange,13.60545,18.354042,208.15984
2026/06/08 14:19:00.268,n,221.31652,4.261189,4.883369,0.666519,OverRange,OverRange,OverRange,13.666108,18.338124,210.21566
2026/06/08 14:20:00.271,n,228.62928,5.408068,5.465697,0.158365,OverRange,OverRange,OverRange,13.600368,18.32325,219.37052
2026/06/08 14:21:00.272,n,243.31012,4.772601,4.479531,0.632933,OverRange,OverRange,OverRange,13.433752,18.306288,240.51112
2026/06/08 14:22:00.275,n,265.7026,5.492979,5.84603,0.197233,OverRange,OverRange,OverRange,13.569306,18.292488,267.2948
2026/06/08 14:23:00.277,n,246.96644,6.210165,5.100722,0.852871,OverRange,OverRange,OverRange,13.742198,18.27866,239.79664
2026/06/08 14:24:00.278,n,239.22552,4.503998,5.125758,0.750311,OverRange,OverRange,OverRange,13.571818,18.2691,226.82282
2026/06/08 14:25:00.265,n,228.15122,5.120907,5.112401,0.478974,OverRange,OverRange,OverRange,13.48106,18.25315,219.82812
2026/06/08 14:26:00.268,n,230.50672,5.430695,5.256514,0.857585,OverRange,OverRange,OverRange,13.673198,18.24255,223.76702
2026/06/08 14:27:00.270,n,227.2054,5.485607,4.936199,0.769156,OverRange,OverRange,OverRange,13.575354,18.225522,224.63738
2026/06/08 14:28:00.270,n,216.0645,5.199206,4.926442,0.514736,OverRange,OverRange,OverRange,13.570064,18.215968,223.9222
2026/06/08 14:29:00.274,n,206.58344,6.134352,5.037815,0.84976,OverRange,OverRange,OverRange,13.499762,18.205332,211.1527
2026/06/08 14:30:00.468,n,208.94752,5.524999,5.476174,0.586495,OverRange,OverRange,OverRange,13.393794,18.190458,218.83838
2026/06/08 14:31:00.280,n,186.49176,4.743404,4.439315,0.622496,OverRange,OverRange,OverRange,13.394298,18.170266,188.96882
2026/06/08 14:32:00.279,n,185.01246,4.495927,4.778926,0.55546,OverRange,OverRange,OverRange,13.33637,18.14688,183.60896
2026/06/08 14:33:00.280,n,182.18418,4.21815,4.646539,0.704814,OverRange,OverRange,OverRange,13.376832,18.134124,180.41726
2026/06/08 14:34:00.268,n,171.57178,4.691512,4.774707,0.367433,OverRange,OverRange,OverRange,13.315354,18.102228,163.69686
2026/06/08 14:35:00.270,n,161.18994,4.595954,4.352916,0.783885,OverRange,OverRange,OverRange,13.38847,18.0746,150.32502
2026/06/08 14:36:00.270,n,156.8445,4.521059,4.500351,0.438112,OverRange,OverRange,OverRange,13.405666,18.048018,146.52522
2026/06/08 14:37:00.273,n,157.97546,4.206412,4.658009,0.584558,OverRange,OverRange,OverRange,13.293834,18.028904,149.06668
2026/06/08 14:38:00.274,n,158.17294,3.720836,4.169078,0.295169,OverRange,OverRange,OverRange,13.260686,18.00441,149.1817
2026/06/08 14:39:00.275,n,159.76976,5.655139,5.337407,0.711324,OverRange,OverRange,OverRange,13.256146,17.973556,151.44358
2026/06/08 14:40:00.277,n,158.96826,5.46088,4.421541,0.829051,OverRange,OverRange,OverRange,13.268016,17.946974,149.6781
2026/06/08 14:41:00.475,n,153.49764,5.48005,5.348149,0.453687,OverRange,OverRange,OverRange,13.411748,17.939538,143.9919
2026/06/08 14:42:00.453,n,155.62294,5.604733,5.302597,0.667788,OverRange,OverRange,OverRange,13.33721,17.915042,147.88738
2026/06/08 14:43:00.269,n,166.23654,4.297863,5.22704,0.816655,OverRange,OverRange,OverRange,13.276988,17.886308,159.96742
2026/06/08 14:44:00.272,n,160.63388,5.381061,4.900284,0.635212,OverRange,OverRange,OverRange,13.4106,17.865046,154.89282
2026/06/08 14:45:00.273,n,164.58104,4.099553,4.974694,0.842923,OverRange,OverRange,OverRange,13.491536,17.841594,159.18416
2026/06/08 14:46:00.462,n,172.58856,5.518796,5.039278,0.736357,OverRange,OverRange,OverRange,13.683456,17.828842,167.8395
2026/06/08 14:47:00.461,n,169.85908,5.118871,4.911094,0.811959,OverRange,OverRange,OverRange,13.515554,17.811784,163.9704
2026/06/08 14:48:00.276,n,165.85122,4.034122,4.766186,0.769579,OverRange,OverRange,OverRange,13.439952,17.791564,157.71092
2026/06/08 14:49:00.280,n,160.98566,5.497353,5.101379,0.86729,OverRange,OverRange,OverRange,13.427302,17.772418,150.0071
2026/06/08 14:50:00.282,n,156.31192,4.267459,4.822159,0.661076,OverRange,OverRange,OverRange,13.33672,17.75859,143.02394
2026/06/08 14:51:00.284,n,157.50616,5.589162,5.277322,0.770601,OverRange,OverRange,OverRange,13.267106,17.745806,143.9623
2026/06/08 14:52:00.271,n,159.04332,5.860075,5.200689,0.572606,OverRange,OverRange,OverRange,13.345322,17.719192,145.34896
2026/06/08 14:53:00.270,n,161.84978,5.280268,5.201822,0.652821,OverRange,OverRange,OverRange,13.320262,17.698938,147.75426
2026/06/08 14:54:00.272,n,165.95656,5.347226,5.235079,0.603272,OverRange,OverRange,OverRange,13.383032,17.687232,151.41074
2026/06/08 14:55:00.274,n,166.65054,5.504439,4.927796,0.91766,OverRange,OverRange,OverRange,13.434652,17.664826,150.9326
2026/06/08 14:56:00.277,n,162.93634,5.900454,5.006047,0.929538,OverRange,OverRange,OverRange,13.345312,17.646758,145.8504
2026/06/08 14:57:00.277,n,161.08626,4.35392,5.063439,0.739737,OverRange,OverRange,OverRange,13.236238,17.639322,143.73576
2026/06/08 14:58:00.279,n,162.51068,4.241143,4.995286,0.808052,OverRange,OverRange,OverRange,13.240788,17.61907,145.36424
2026/06/08 14:59:00.282,n,164.78852,5.532782,4.867569,0.629159,OverRange,OverRange,OverRange,13.175492,17.610494,148.36848
2026/06/08 15:00:00.284,n,165.45708,4.411714,4.873962,0.748206,OverRange,OverRange,OverRange,13.055192,17.596698,149.42342
2026/06/08 15:01:00.269,n,161.5575,3.69702,4.816275,0.921012,OverRange,OverRange,OverRange,13.023016,17.576416,145.63136
2026/06/08 15:02:00.271,n,158.20178,4.717361,4.99683,0.757599,OverRange,OverRange,OverRange,13.113194,17.554074,142.31396
2026/06/08 15:03:00.257,n,163.55886,4.466059,4.91241,0.692039,OverRange,OverRange,OverRange,13.130662,17.536988,147.471
2026/06/08 15:04:00.259,n,172.0234,4.239468,4.95776,0.66563,OverRange,OverRange,OverRange,13.12434,17.553388,154.86502
2026/06/08 15:05:00.262,n,175.18282,4.758914,4.90868,0.581795,OverRange,OverRange,OverRange,13.271832,17.534214,156.23238
2026/06/08 15:06:00.264,n,166.26756,4.601613,5.224527,0.647005,OverRange,OverRange,OverRange,13.353836,17.528896,146.74636
2026/06/08 15:07:00.267,n,160.7179,4.950924,4.658238,0.476758,OverRange,OverRange,OverRange,13.230824,17.52567,140.74446
2026/06/08 15:08:00.267,n,167.7647,6.098559,5.134382,0.844784,OverRange,OverRange,OverRange,13.32572,17.524624,147.75034
2026/06/08 15:09:00.271,n,171.30352,4.421277,4.755336,0.672279,OverRange,OverRange,OverRange,13.324728,17.527854,153.44448
2026/06/08 15:10:00.272,n,162.59224,5.563539,5.342369,0.664846,OverRange,OverRange,OverRange,13.249294,17.52143,147.09362
2026/06/08 15:11:00.256,n,154.84262,4.534461,4.933903,0.548402,OverRange,OverRange,OverRange,13.135376,17.52355,139.91462
2026/06/08 15:12:00.261,n,159.75886,4.100205,4.290856,0.171159,OverRange,OverRange,OverRange,13.075612,17.51393,145.4201
2026/06/08 15:13:00.263,n,169.28212,4.191896,4.335179,0.307007,OverRange,OverRange,OverRange,13.10548,17.506492,154.7488
2026/06/08 15:14:00.265,n,179.46434,3.730229,4.612424,0.854583,OverRange,OverRange,OverRange,13.250834,17.494786,164.52678
2026/06/08 15:15:00.265,n,186.87268,4.806556,4.961886,0.530074,OverRange,OverRange,OverRange,13.371262,17.488362,171.30376
2026/06/08 15:16:00.268,n,187.3175,4.515366,4.950403,0.718493,OverRange,OverRange,OverRange,13.190312,17.479882,171.84076
2026/06/08 15:17:00.269,n,178.9179,4.359046,4.601293,0.873386,OverRange,OverRange,OverRange,13.131058,17.474502,164.33566
2026/06/08 15:18:00.274,n,173.43292,5.248154,4.995781,0.906407,OverRange,OverRange,OverRange,13.210576,17.463872,159.39406
2026/06/08 15:19:00.257,n,159.87306,5.62518,4.542095,0.794718,OverRange,OverRange,OverRange,13.341162,17.455326,146.38468
2026/06/08 15:20:00.259,n,146.07542,5.600657,4.689417,0.626972,OverRange,OverRange,OverRange,13.266526,17.453172,131.61832
2026/06/08 15:21:00.261,n,138.79242,5.114508,4.912824,0.630087,OverRange,OverRange,OverRange,13.302456,17.445706,125.4557
2026/06/08 15:22:00.264,n,126.4206,5.83486,5.253128,0.717105,OverRange,OverRange,OverRange,13.40569,17.43292,116.19918
2026/06/08 15:23:00.266,n,119.10526,6.171396,4.942083,1.06551,OverRange,OverRange,OverRange,13.324728,17.42653,110.33372
2026/06/08 15:24:00.268,n,118.7609,5.626084,5.396386,0.158307,OverRange,OverRange,OverRange,13.213364,17.416912,109.5416
2026/06/08 15:25:00.269,n,118.46518,5.610664,5.179282,0.633071,OverRange,OverRange,OverRange,13.118414,17.402008,107.80808
2026/06/08 15:26:00.271,n,117.80482,5.765552,5.116603,0.771284,OverRange,OverRange,OverRange,13.193852,17.38919,105.60108
2026/06/08 15:27:00.273,n,121.0407,5.862026,4.455863,0.702267,OverRange,OverRange,OverRange,13.205746,17.376408,108.86454
2026/06/08 15:28:00.259,n,127.28266,5.684992,4.710138,0.768631,OverRange,OverRange,OverRange,13.1698,17.3572,114.5848
2026/06/08 15:29:00.261,n,125.72906,4.353747,4.722653,0.789996,OverRange,OverRange,OverRange,13.210568,17.340112,112.61378
2026/06/08 15:30:00.264,n,122.73746,4.471846,4.897248,0.781963,OverRange,OverRange,OverRange,13.135122,17.325178,107.7261
2026/06/08 15:31:00.268,n,119.81158,6.045159,4.906123,0.828856,OverRange,OverRange,OverRange,13.267262,17.31559,104.0814
2026/06/08 15:32:00.269,n,119.55088,3.808599,4.301363,0.313046,OverRange,OverRange,OverRange,13.251328,17.309166,102.94986
2026/06/08 15:33:00.272,n,119.92934,5.363479,5.198427,0.487753,OverRange,OverRange,OverRange,13.179922,17.285752,103.4054
2026/06/08 15:34:00.271,n,121.17336,3.728489,5.079153,0.808601,OverRange,OverRange,OverRange,13.05656,17.27398,105.6201
2026/06/08 15:35:00.273,n,123.06592,5.27731,5.120166,0.786238,OverRange,OverRange,OverRange,13.00059,17.251544,107.88976
2026/06/08 15:36:00.275,n,123.02052,5.586396,4.742002,0.957081,OverRange,OverRange,OverRange,12.972174,17.23449,108.38938
2026/06/08 15:37:00.260,n,116.61226,5.379147,4.380694,0.602195,OverRange,OverRange,OverRange,13.016328,17.218448,102.60678
2026/06/08 15:38:00.265,n,118.23526,6.044753,5.529582,0.721644,OverRange,OverRange,OverRange,13.046998,17.207818,103.1211
2026/06/08 15:39:00.265,n,116.01104,6.227217,4.68882,0.960256,OverRange,OverRange,OverRange,13.031738,17.189654,101.12362
2026/06/08 15:40:00.272,n,111.71796,4.502588,4.581769,0.650299,OverRange,OverRange,OverRange,13.000758,17.181108,97.415104
2026/06/08 15:41:00.269,n,111.0359,5.421496,5.163146,0.449823,OverRange,OverRange,OverRange,13.034572,17.168294,97.820216
2026/06/08 15:42:00.272,n,108.31182,3.896542,4.274029,0.608473,OverRange,OverRange,OverRange,13.0014,17.15548,97.139248
2026/06/08 15:43:00.273,n,107.857,4.260685,5.270096,0.522349,OverRange,OverRange,OverRange,12.959698,17.142664,97.797344
2026/06/08 15:44:00.276,n,101.91822,3.774552,4.167549,0.720644,OverRange,OverRange,OverRange,13.009472,17.13523,93.1856
2026/06/08 15:45:00.278,n,93.41672,4.324086,4.982237,0.639495,OverRange,OverRange,OverRange,13.00972,17.128806,84.516544
2026/06/08 15:46:00.263,n,94.755528,5.593464,5.156635,0.718487,OverRange,OverRange,OverRange,12.976776,17.1171,85.675544
2026/06/08 15:47:00.265,n,96.059848,3.8625,4.315918,1.036907,OverRange,OverRange,OverRange,12.914186,17.109568,88.013032
2026/06/08 15:48:00.268,n,89.849952,5.014037,5.127474,0.43612,OverRange,OverRange,OverRange,12.963822,17.096752,82.896952
2026/06/08 15:49:00.268,n,85.501064,6.097807,5.499054,0.383649,OverRange,OverRange,OverRange,12.977936,17.080776,78.853624
2026/06/08 15:50:00.270,n,86.113184,5.824254,5.389153,0.599418,OverRange,OverRange,OverRange,13.136618,17.065808,78.748592
2026/06/08 15:51:00.276,n,84.296568,3.831066,4.86313,0.758436,OverRange,OverRange,OverRange,13.00797,17.052994,76.287048
2026/06/08 15:52:00.275,n,82.759528,5.568937,4.61043,0.844163,OverRange,OverRange,OverRange,12.922374,17.033722,74.332408
2026/06/08 15:53:00.278,n,82.103512,5.761857,5.159502,0.879698,OverRange,OverRange,OverRange,12.983114,17.019864,72.932872
2026/06/08 15:54:00.279,n,77.776448,4.10608,5.535385,0.882422,OverRange,OverRange,OverRange,13.015574,17.00705,67.984872
2026/06/08 15:55:00.266,n,71.331368,5.278981,5.072096,0.61247,OverRange,OverRange,OverRange,12.999064,16.988856,61.894668
2026/06/08 15:56:00.269,n,67.3892,3.711862,4.52548,0.819537,OverRange,OverRange,OverRange,13.103236,17.002418,58.571544
2026/06/08 15:57:00.270,n,64.47074,4.041019,4.581536,0.86287,OverRange,OverRange,OverRange,13.192642,16.987484,56.814512
2026/06/08 15:58:00.272,n,63.124468,4.414971,4.462756,0.636819,OverRange,OverRange,OverRange,13.244518,16.969324,56.11154
2026/06/08 15:59:00.275,n,66.01304,4.115746,4.722081,0.819335,OverRange,OverRange,OverRange,13.256424,16.961856,58.033504
2026/06/08 16:00:00.276,n,68.411368,5.271253,4.984644,0.644768,OverRange,OverRange,OverRange,13.192866,16.943728,59.82988
2026/06/08 16:01:00.278,n,65.095436,3.800368,4.347864,0.866469,OverRange,OverRange,OverRange,13.087794,16.932998,57.161604
2026/06/08 16:02:00.280,n,58.404784,5.75053,5.274675,0.925115,OverRange,OverRange,OverRange,13.136398,16.92123,51.147676
2026/06/08 16:03:00.281,n,55.951932,5.982235,5.200018,0.789287,OverRange,OverRange,OverRange,13.131088,16.906232,49.316328
2026/06/08 16:04:00.268,n,58.703344,5.602431,4.595972,0.777443,OverRange,OverRange,OverRange,13.148824,16.89345,52.181524
2026/06/08 16:05:00.272,n,61.371748,5.824,4.781924,0.744101,OverRange,OverRange,OverRange,13.07335,16.883864,54.249216
2026/06/08 16:06:00.272,n,61.00096,4.429721,4.266565,0.250345,OverRange,OverRange,OverRange,13.025076,16.871048,53.57432
2026/06/08 16:07:00.273,n,56.940752,4.302648,4.334358,0.591244,OverRange,OverRange,OverRange,12.96574,16.851746,50.1291
2026/06/08 16:08:00.275,n,53.825344,5.572888,5.418598,0.598689,OverRange,OverRange,OverRange,12.931164,16.83039,47.510312
2026/06/08 16:09:00.279,n,52.545156,4.322418,4.331615,0.185051,OverRange,OverRange,OverRange,13.023138,16.81327,46.785244
2026/06/08 16:10:00.280,n,49.611556,5.593521,4.484116,0.567506,OverRange,OverRange,OverRange,13.090322,16.799384,44.683508
2026/06/08 16:11:00.284,n,45.683492,3.280853,4.802647,0.947447,OverRange,OverRange,OverRange,12.912166,16.784416,41.407224
2026/06/08 16:12:00.283,n,42.327908,3.586247,4.564354,0.811136,OverRange,OverRange,OverRange,12.914038,16.762962,38.508576
2026/06/08 16:13:00.269,n,38.680564,5.532471,4.555494,0.640193,OverRange,OverRange,OverRange,12.918824,16.74803,35.69022
2026/06/08 16:14:00.273,n,36.315724,5.349274,4.447768,0.867506,OverRange,OverRange,OverRange,12.855322,16.727684,33.82712
2026/06/08 16:15:00.274,n,37.566788,5.814525,5.259867,0.857701,OverRange,OverRange,OverRange,12.845744,16.729316,34.323444
2026/06/08 16:16:00.392,n,41.24492,4.789862,4.896642,0.769783,OverRange,OverRange,OverRange,12.862722,16.712264,36.924484
2026/06/08 16:17:00.262,n,43.053576,3.918664,4.030028,0.199445,OverRange,OverRange,OverRange,12.748296,16.69407,38.407812
2026/06/08 16:18:00.379,n,42.383976,4.436799,4.732406,0.791788,OverRange,OverRange,OverRange,12.776276,16.683866,37.850404
2026/06/08 16:19:00.354,n,39.360948,4.497922,4.710161,0.394543,OverRange,OverRange,OverRange,12.801952,16.668868,35.431096
2026/06/08 16:20:00.339,n,34.005148,4.33654,4.807503,0.684985,OverRange,OverRange,OverRange,12.783046,16.65501,30.315524
2026/06/08 16:21:00.392,n,32.489918,4.193808,5.161436,0.875028,OverRange,OverRange,OverRange,12.771962,16.644286,28.29322
2026/06/08 16:22:00.270,n,33.787936,4.082346,5.060501,0.974842,OverRange,OverRange,OverRange,12.757568,16.631472,29.528086
2026/06/08 16:23:00.256,n,35.946476,5.316614,5.08918,0.929704,OverRange,OverRange,OverRange,12.72607,16.615398,31.801238
2026/06/08 16:24:00.259,n,37.238592,5.92141,4.709323,0.861055,OverRange,OverRange,OverRange,12.702382,16.605748,33.1483
2026/06/08 16:25:00.260,n,36.188832,3.533824,4.38221,0.85369,OverRange,OverRange,OverRange,12.57223,16.592934,32.118122
2026/06/08 16:26:00.262,n,35.45046,6.487522,4.974025,1.163948,OverRange,OverRange,OverRange,12.652192,16.573632,31.269338
2026/06/08 16:27:00.267,n,36.121736,4.327364,4.44366,0.568789,OverRange,OverRange,OverRange,12.681204,16.552244,31.973336
2026/06/08 16:28:00.265,n,38.063948,4.24331,5.192844,1.041969,OverRange,OverRange,OverRange,12.65295,16.531902,33.865264
2026/06/08 16:29:00.268,n,38.235876,5.614409,5.298022,0.627714,OverRange,OverRange,OverRange,12.674626,16.516906,34.243756
2026/06/08 16:30:00.271,n,34.454716,3.627005,5.009728,1.095391,OverRange,OverRange,OverRange,12.623454,16.49868,30.839742
2026/06/08 16:31:00.275,n,30.415672,5.451206,4.782165,0.837581,OverRange,OverRange,OverRange,12.686996,16.477326,27.315088
2026/06/08 16:32:00.259,n,28.870286,5.515442,5.409195,0.776611,OverRange,OverRange,OverRange,12.54981,16.465556,26.138926
2026/06/08 16:33:00.262,n,30.200126,5.671373,4.762388,0.6162,OverRange,OverRange,OverRange,12.529358,16.446224,27.210398
2026/06/08 16:34:00.262,n,32.259998,3.293225,4.898206,1.106395,OverRange,OverRange,OverRange,12.513988,16.423728,29.07895
2026/06/08 16:35:00.264,n,33.010304,3.899558,4.935802,0.884594,OverRange,OverRange,OverRange,12.557368,16.40231,29.578514
2026/06/08 16:36:00.269,n,30.581438,5.597665,4.936693,1.034718,OverRange,OverRange,OverRange,12.563416,16.38089,27.283862
2026/06/08 16:37:00.270,n,28.91404,5.555206,4.954253,1.060149,OverRange,OverRange,OverRange,12.500382,16.359408,25.3828
2026/06/08 16:38:00.270,n,29.653052,5.710191,4.770802,1.008096,OverRange,OverRange,OverRange,12.499848,16.33049,25.836456
2026/06/08 16:39:00.275,n,29.563112,5.739676,4.889856,1.167106,OverRange,OverRange,OverRange,12.534164,16.318722,25.911966
2026/06/08 16:40:00.259,n,28.42752,5.509973,4.989182,0.878307,OverRange,OverRange,OverRange,12.56065,16.290846,24.643998
2026/06/08 16:41:00.260,n,27.48143,5.52118,5.377587,0.724072,OverRange,OverRange,OverRange,12.564428,16.275818,23.599398
2026/06/08 16:42:00.262,n,26.694816,5.45277,4.829448,0.733325,OverRange,OverRange,OverRange,12.51677,16.255476,22.998132
2026/06/08 16:43:00.264,n,26.988884,4.423711,3.999695,0.513442,OverRange,OverRange,OverRange,12.498586,16.243676,23.885656
2026/06/08 16:44:00.267,n,27.029808,4.285548,4.76855,0.683795,OverRange,OverRange,OverRange,12.505154,16.24625,24.1435
2026/06/08 16:45:00.271,n,27.50029,5.690681,4.503003,1.009968,OverRange,OverRange,OverRange,12.528108,16.22806,24.723518
2026/06/08 16:46:00.270,n,28.178874,3.782719,4.278275,0.276785,OverRange,OverRange,OverRange,12.523312,16.207636,25.508994
2026/06/08 16:47:00.272,n,28.126398,5.179157,5.125737,0.63996,OverRange,OverRange,OverRange,12.531118,16.194824,25.60208
2026/06/08 16:48:00.273,n,28.59226,4.046197,5.126051,0.733901,OverRange,OverRange,OverRange,12.499334,16.180872,26.102066
2026/06/08 16:49:00.259,n,28.865926,3.968292,5.169385,0.713846,OverRange,OverRange,OverRange,12.445842,16.163708,26.507174
2026/06/08 16:50:00.264,n,28.9737,4.454717,4.989232,0.843254,OverRange,OverRange,OverRange,12.399934,16.147636,26.56528
2026/06/08 16:51:00.263,n,28.665136,4.354405,4.477955,0.626914,OverRange,OverRange,OverRange,12.43399,16.127214,26.195152
2026/06/08 16:52:00.267,n,28.487566,4.676922,4.716327,0.87565,OverRange,OverRange,OverRange,12.454418,16.11758,25.743544
2026/06/08 16:53:00.267,n,28.14667,4.450817,5.020611,0.626107,OverRange,OverRange,OverRange,12.444856,16.098234,25.291762
2026/06/08 16:54:00.270,n,27.875826,3.774634,4.614216,0.758583,OverRange,OverRange,OverRange,12.398666,16.089662,24.849708
2026/06/08 16:55:00.271,n,27.101144,5.424242,5.811009,0.299097,OverRange,OverRange,OverRange,12.41126,16.088586,23.72508
2026/06/08 16:56:00.274,n,25.393714,5.60662,4.82839,0.932763,OverRange,OverRange,OverRange,12.416836,16.072514,22.22435
2026/06/08 16:57:00.279,n,23.939298,4.18149,4.694838,0.644818,OverRange,OverRange,OverRange,12.420106,16.065002,21.241866
2026/06/08 16:58:00.261,n,23.295096,5.612349,4.807701,0.662482,OverRange,OverRange,OverRange,12.423142,16.0532,20.943836
2026/06/08 16:59:00.263,n,23.525268,4.353675,5.066471,0.712588,OverRange,OverRange,OverRange,12.444342,16.047836,21.083252
2026/06/08 17:00:00.265,n,23.96855,6.289632,5.665982,0.873251,OverRange,OverRange,OverRange,12.480672,16.046762,21.263196
2026/06/08 17:01:00.268,n,23.268794,5.692207,5.151665,0.625088,OverRange,OverRange,OverRange,12.4201,16.029598,20.759966
2026/06/08 17:02:00.268,n,21.270508,4.271788,4.304351,0.742109,OverRange,OverRange,OverRange,12.3815,16.011346,19.235004
2026/06/08 17:03:00.270,n,20.319284,3.996244,4.972518,0.838529,OverRange,OverRange,OverRange,12.382992,16.002772,18.386904
2026/06/08 17:04:00.272,n,19.420534,4.986857,4.348843,0.381207,OverRange,OverRange,OverRange,12.376202,15.998468,17.583
2026/06/08 17:05:00.276,n,17.434822,4.031469,5.27384,0.892381,OverRange,OverRange,OverRange,12.32193,15.980198,15.716324
2026/06/08 17:06:00.275,n,15.138492,6.15381,5.367774,0.925208,OverRange,OverRange,OverRange,12.29037,15.96411,13.718422
2026/06/08 17:07:00.262,n,14.04806,4.106716,5.214544,1.040267,OverRange,OverRange,OverRange,12.26613,15.954446,12.29747
2026/06/08 17:08:00.266,n,13.80262,5.725174,4.707699,0.842304,OverRange,OverRange,OverRange,12.273956,15.93624,12.169314
2026/06/08 17:09:00.266,n,14.252828,4.026391,4.339121,1.031405,OverRange,OverRange,OverRange,12.253002,15.920104,12.392774
2026/06/08 17:10:00.267,n,15.088966,4.625941,4.673467,0.550027,OverRange,OverRange,OverRange,12.23634,15.902942,12.951804
2026/06/08 17:11:00.269,n,15.792954,5.434691,5.527935,0.117798,OverRange,OverRange,OverRange,12.243908,15.885748,13.573034
2026/06/08 17:12:00.271,n,16.447546,4.382251,5.1813,0.815404,OverRange,OverRange,OverRange,12.239624,15.8739,14.01739
2026/06/08 17:13:00.274,n,16.59368,3.935079,4.485077,0.619787,OverRange,OverRange,OverRange,12.195176,15.853542,14.2016
2026/06/08 17:14:00.276,n,16.39507,6.235062,5.684897,0.562025,OverRange,OverRange,OverRange,12.222444,15.836348,13.97456
2026/06/08 17:15:00.277,n,15.994644,4.150756,4.485954,0.952317,OverRange,OverRange,OverRange,12.156052,15.814852,13.50887
2026/06/08 17:16:00.263,n,14.884198,5.928689,5.343578,0.730306,OverRange,OverRange,OverRange,12.169662,15.804128,12.557616
2026/06/08 17:17:00.265,n,12.78481,4.023777,5.113263,0.854534,OverRange,OverRange,OverRange,12.147954,15.78157,10.9981
2026/06/08 17:18:00.267,n,11.181688,4.043913,4.80679,0.840616,OverRange,OverRange,OverRange,12.134832,15.762224,9.705726
2026/06/08 17:19:00.269,n,10.414962,5.626768,5.605955,0.102594,OverRange,OverRange,OverRange,12.167898,15.747168,8.904808
2026/06/08 17:20:00.270,n,10.090104,4.519856,5.073838,0.77541,OverRange,OverRange,OverRange,12.175732,15.727854,8.379565
2026/06/08 17:21:00.272,n,9.536998,6.160056,5.562412,0.899777,OverRange,OverRange,OverRange,12.169902,15.714946,7.865841
2026/06/08 17:22:00.274,n,8.863546,4.25527,4.930455,1.030263,OverRange,OverRange,OverRange,12.14971,15.695602,7.204424
2026/06/08 17:23:00.276,n,8.037801,5.760151,4.739757,1.144186,OverRange,OverRange,OverRange,12.13025,15.68165,6.649831
2026/06/08 17:24:00.280,n,7.358319,5.743967,4.812,1.042708,OverRange,OverRange,OverRange,12.092114,15.664734,6.063668
2026/06/08 17:25:00.264,n,6.752482,5.730325,4.992739,0.953527,OverRange,OverRange,OverRange,12.065594,15.64658,5.33152
2026/06/08 17:26:00.266,n,5.938411,5.522839,4.650478,1.05434,OverRange,OverRange,OverRange,12.059266,15.629468,4.677185
2026/06/08 17:27:00.268,n,5.232115,4.139714,5.019028,0.74286,OverRange,OverRange,OverRange,12.03679,15.615582,4.003652
2026/06/08 17:28:00.272,n,4.651424,4.287947,4.989189,0.842063,OverRange,OverRange,OverRange,12.027954,15.59958,3.665777
2026/06/08 17:29:00.272,n,3.836584,6.056927,4.958502,1.014293,OverRange,OverRange,OverRange,12.034506,15.623276,3.135927
2026/06/08 17:30:00.274,n,3.407802,4.043766,4.504941,1.067705,OverRange,OverRange,OverRange,12.017594,15.61154,2.584576
2026/06/08 17:31:00.276,n,2.604382,4.275049,5.218613,0.965601,OverRange,OverRange,OverRange,12.05095,15.597622,1.815483
2026/06/08 17:32:00.278,n,1.71346,6.072645,5.60754,0.795637,OverRange,OverRange,OverRange,12.05095,15.588024,0.945027
2026/06/08 17:33:00.281,n,1.21655,4.283837,4.716356,0.802707,OverRange,OverRange,OverRange,11.999914,15.577352,0.385229
2026/06/08 17:34:00.267,n,0.710916,4.282162,4.19501,0.226539,OverRange,OverRange,OverRange,11.974626,15.56881,0.097523
2026/06/08 17:35:00.272,n,0.330503,5.609876,4.917549,0.921128,OverRange,OverRange,OverRange,12.01228,15.554894,-0.275761
2026/06/08 17:36:00.270,n,0.120603,4.027037,5.31715,0.943388,OverRange,OverRange,OverRange,11.973866,15.540994,-0.620035
2026/06/08 17:37:00.273,n,-0.093147,5.536947,5.34917,0.888805,OverRange,OverRange,OverRange,12.007736,15.531376,-0.820372
2026/06/08 17:38:00.275,n,-0.379514,4.040652,4.822913,0.964402,OverRange,OverRange,OverRange,11.984982,15.514298,-1.098436
2026/06/08 17:39:00.276,n,-0.587362,4.468804,5.14411,0.976752,OverRange,OverRange,OverRange,11.992076,15.505744,-1.434776
2026/06/08 17:40:00.280,n,-0.879632,4.072824,4.783909,0.841992,OverRange,OverRange,OverRange,11.937718,15.499338,-1.555677
2026/06/08 17:41:00.280,n,-1.049117,5.467419,5.098197,0.887135,OverRange,OverRange,OverRange,11.962504,15.480124,-1.695691
2026/06/08 17:42:00.285,n,-1.183577,4.29899,4.709194,0.868533,OverRange,OverRange,OverRange,11.92332,15.469452,-1.775467
2026/06/08 17:43:00.269,n,-1.300716,4.259233,4.621702,0.493989,OverRange,OverRange,OverRange,11.917756,15.452308,-1.866761
2026/06/08 17:44:00.272,n,-1.485084,5.58748,5.573833,0.140766,OverRange,OverRange,OverRange,11.878826,15.438422,-1.946793
2026/06/08 17:45:00.274,n,-1.640072,3.686901,4.920869,1.007708,OverRange,OverRange,OverRange,11.856318,15.42237,-2.337825
2026/06/08 17:46:00.274,n,-1.721928,5.489641,5.288868,0.494143,OverRange,OverRange,OverRange,11.875778,15.404218,-2.273577
2026/06/08 17:47:00.276,n,-1.812508,5.761853,4.980675,0.848946,OverRange,OverRange,OverRange,11.837612,15.38815,-2.361203
2026/06/08 17:48:00.283,n,-1.979299,5.694694,4.8148,1.060631,OverRange,OverRange,OverRange,11.811046,15.36998,-2.514868
2026/06/08 17:49:00.281,n,-2.066929,5.774749,4.609568,0.942467,OverRange,OverRange,OverRange,11.794104,15.361424,-2.54985
2026/06/08 17:50:00.284,n,-2.099518,3.93153,4.661089,0.760263,OverRange,OverRange,OverRange,11.73493,15.337942,-2.754452
2026/06/08 17:51:00.286,n,-2.2368,6.233608,5.400733,0.84356,OverRange,OverRange,OverRange,11.787278,15.315502,-2.816652
2026/06/08 17:52:00.270,n,-2.295561,5.743946,4.755167,0.638872,OverRange,OverRange,OverRange,11.744034,15.30263,-2.863238
2026/06/08 17:53:00.273,n,-2.377161,5.65889,5.520211,0.799282,OverRange,OverRange,OverRange,11.760992,15.281234,-3.040452
2026/06/08 17:54:00.259,n,-2.479673,4.13364,4.956825,0.917729,OverRange,OverRange,OverRange,11.720002,15.269468,-3.163145
2026/06/08 17:55:00.259,n,-2.570125,4.307472,4.904707,0.857578,OverRange,OverRange,OverRange,11.73113,15.248072,-3.098897
2026/06/08 17:56:00.260,n,-2.535099,5.92601,5.538575,0.641865,OverRange,OverRange,OverRange,11.750346,15.232038,-3.246675
2026/06/08 17:57:00.263,n,-2.775279,4.240733,4.541037,0.925179,OverRange,OverRange,OverRange,11.687618,15.215972,-3.252733
2026/06/08 17:58:00.265,n,-2.813128,4.392721,4.551137,0.498874,OverRange,OverRange,OverRange,11.714946,15.199938,-3.287715
2026/06/08 17:59:00.268,n,-2.818901,4.205749,4.903155,0.794497,OverRange,OverRange,OverRange,11.723542,15.188172,-3.28379
2026/06/08 18:00:00.269,n,-2.918463,4.225675,5.145458,0.948925,OverRange,OverRange,OverRange,11.700008,15.172106,-3.428069
2026/06/08 18:01:00.270,n,-3.091027,6.074522,4.677974,1.001194,OverRange,OverRange,OverRange,11.672436,15.15501,-3.377218
2026/06/08 18:02:00.257,n,-3.108733,5.924767,4.902084,0.932997,OverRange,OverRange,OverRange,11.657008,15.134626,-3.474826
2026/06/08 18:03:00.258,n,-3.237419,4.239896,5.101738,0.729495,OverRange,OverRange,OverRange,11.604376,15.118626,-3.577896
2026/06/08 18:04:00.261,n,-3.301826,6.311432,5.247064,0.969669,OverRange,OverRange,OverRange,11.638032,15.098274,-3.636426
2026/06/08 18:05:00.262,n,-3.418965,3.744053,4.861515,0.847802,OverRange,OverRange,OverRange,11.59956,15.08325,-3.675162
2026/06/08 18:06:00.280,n,-3.532768,5.44221,4.894202,0.930503,OverRange,OverRange,OverRange,11.627406,15.066142,-3.723967
2026/06/08 18:07:00.323,n,-3.401259,5.56619,4.785989,0.757446,OverRange,OverRange,OverRange,11.578548,15.054378,-3.700674
2026/06/08 18:08:00.357,n,-3.60359,5.393137,5.06322,0.919601,OverRange,OverRange,OverRange,11.561352,15.071746,-3.852462
2026/06/08 18:09:00.316,n,-3.11579,5.693589,5.079758,0.94746,OverRange,OverRange,OverRange,11.58341,15.053546,-3.55136
2026/06/08 18:10:00.347,n,-3.171087,6.073108,4.90699,0.791038,OverRange,OverRange,OverRange,11.576824,15.035312,-3.500764
2026/06/08 18:11:00.257,n,-3.317351,5.517309,5.221825,0.675384,OverRange,OverRange,OverRange,11.55455,15.01928,-3.576701
2026/06/08 18:12:00.259,n,-3.399592,6.196329,5.221098,0.954637,OverRange,OverRange,OverRange,11.552288,15.006406,-3.6546
2026/06/08 18:13:00.430,n,-3.381758,6.141295,5.669626,0.522451,OverRange,OverRange,OverRange,11.540126,14.993568,-3.742396
2026/06/08 18:14:00.369,n,-3.613212,3.351023,5.148982,0.9236,OverRange,OverRange,OverRange,11.51938,14.977502,-3.8534
2026/06/08 18:15:00.368,n,-3.72137,4.339952,4.188576,0.1142,OverRange,OverRange,OverRange,11.521652,14.956108,-3.991622
2026/06/08 18:16:00.631,n,-3.651061,5.50865,4.976272,0.828871,OverRange,OverRange,OverRange,11.533784,14.94216,-3.925497
2026/06/08 18:17:00.269,n,-3.598458,4.329015,4.825802,0.962331,OverRange,OverRange,OverRange,11.490748,14.918598,-4.028652
2026/06/08 18:18:00.272,n,-3.727272,6.158341,5.263414,0.998076,OverRange,OverRange,OverRange,11.513036,14.9025,-4.022935
2026/06/08 18:19:00.453,n,-3.7682,5.936166,5.380568,0.638117,OverRange,OverRange,OverRange,11.488496,14.8843,-4.098872
2026/06/08 18:20:00.455,n,-3.952697,5.877377,4.962806,0.914308,OverRange,OverRange,OverRange,11.442918,14.866084,-4.244943
2026/06/08 18:21:00.418,n,-4.055081,5.890345,4.710106,0.954183,OverRange,OverRange,OverRange,11.432028,14.840374,-4.291615
2026/06/08 18:22:00.264,n,-4.064062,4.287368,4.320658,0.129001,OverRange,OverRange,OverRange,11.405438,14.81678,-4.301341
2026/06/08 18:23:00.265,n,-4.257156,5.447119,4.692319,0.668677,OverRange,OverRange,OverRange,11.413798,14.799642,-4.371561
2026/06/08 18:24:00.267,n,-4.107813,4.500743,4.736859,0.644188,OverRange,OverRange,OverRange,11.360078,14.769612,-4.513794
2026/06/08 18:25:00.271,n,-4.301034,3.765555,4.841585,0.784954,OverRange,OverRange,OverRange,11.34516,14.746004,-4.474801
2026/06/08 18:26:00.463,n,-4.315661,5.711261,4.391781,0.669643,OverRange,OverRange,OverRange,11.372778,14.72458,-4.439648
2026/06/08 18:27:00.274,n,-4.227903,5.764036,4.080408,0.859727,OverRange,OverRange,OverRange,11.352748,14.69991,-4.35006
2026/06/08 18:28:00.260,n,-4.025828,5.683462,5.214353,0.928485,OverRange,OverRange,OverRange,11.34517,14.6742,-4.38709
2026/06/08 18:29:00.260,n,-3.967323,4.059175,5.361899,0.653844,OverRange,OverRange,OverRange,11.308188,14.650562,-4.418318
2026/06/08 18:30:00.264,n,-4.020055,5.534536,4.874989,1.28103,OverRange,OverRange,OverRange,11.307164,14.625928,-4.241018
2026/06/08 18:31:00.268,n,-4.00838,5.576256,4.845647,0.803999,OverRange,OverRange,OverRange,11.289688,14.609832,-4.32472
2026/06/08 18:32:00.268,n,-4.054953,4.374184,4.569346,1.002655,OverRange,OverRange,OverRange,11.267386,14.587282,-4.299464
2026/06/08 18:33:00.272,n,-4.181072,5.6932,5.231947,0.585492,OverRange,OverRange,OverRange,11.265106,14.56154,-4.312945
2026/06/08 18:34:00.273,n,-4.14579,4.248116,4.621506,0.825055,OverRange,OverRange,OverRange,11.240042,14.537902,-4.371647
2026/06/08 18:35:00.273,n,-4.204295,4.23914,4.63313,0.610351,OverRange,OverRange,OverRange,11.240048,14.553688,-4.42028
2026/06/08 18:36:00.275,n,-3.955776,4.158627,4.335415,0.184939,OverRange,OverRange,OverRange,11.285848,14.530032,-4.276171
2026/06/08 18:37:00.260,n,-4.169526,3.733374,4.180219,0.830217,OverRange,OverRange,OverRange,11.273916,14.50965,-4.256888
2026/06/08 18:38:00.263,n,-4.05816,4.067934,5.336398,0.867548,OverRange,OverRange,OverRange,11.261002,14.482802,-4.447754
2026/06/08 18:39:00.266,n,-4.067013,4.353684,4.700275,0.837079,OverRange,OverRange,OverRange,11.248592,14.46242,-4.389138
2026/06/08 18:40:00.266,n,-4.011459,6.446611,5.586615,0.880207,OverRange,OverRange,OverRange,11.250356,14.444158,-4.496387
2026/06/08 18:41:00.269,n,-3.841588,5.038973,5.325893,0.870237,OverRange,OverRange,OverRange,11.233638,14.421612,-4.432055
2026/06/08 18:42:00.271,n,-4.140145,5.688057,5.177525,1.264298,OverRange,OverRange,OverRange,11.217128,14.407664,-4.377534
2026/06/08 18:43:00.272,n,-3.976433,3.937141,5.330701,0.875228,OverRange,OverRange,OverRange,11.214376,14.385102,-4.338542
2026/06/08 18:44:00.275,n,-4.058417,5.673692,5.451887,0.694632,OverRange,OverRange,OverRange,11.215882,14.375424,-4.397073
2026/06/08 18:45:00.276,n,-4.070092,4.091764,4.483415,0.79254,OverRange,OverRange,OverRange,11.158366,14.35933,-4.52753
2026/06/08 18:46:00.262,n,-4.058289,4.305035,4.774913,0.909546,OverRange,OverRange,OverRange,11.199412,14.347502,-4.441781
2026/06/08 18:47:00.265,n,-4.075866,4.229635,4.555511,0.823327,OverRange,OverRange,OverRange,11.195608,14.332482,-4.494425
2026/06/08 18:48:00.268,n,-4.049436,4.195656,4.914448,1.041798,OverRange,OverRange,OverRange,11.178116,14.320688,-4.467207
2026/06/08 18:49:00.267,n,-4.046742,5.48935,5.358743,0.733096,OverRange,OverRange,OverRange,11.186996,14.306678,-4.545107
2026/06/08 18:50:00.269,n,-4.12834,5.829622,4.532146,0.658978,OverRange,OverRange,OverRange,11.17509,14.28949,-4.617118
2026/06/08 18:51:00.270,n,-4.119617,4.012844,4.698967,0.714551,OverRange,OverRange,OverRange,11.16647,14.274438,-4.769247
2026/06/08 18:52:00.273,n,-4.120001,5.870009,5.0953,0.858865,OverRange,OverRange,OverRange,11.159622,14.26051,-4.615241
2026/06/08 18:53:00.276,n,-4.166703,6.281261,5.329894,1.063987,OverRange,OverRange,OverRange,11.153016,14.243274,-4.697065
2026/06/08 18:54:00.277,n,-4.342219,5.695571,4.678573,1.208574,OverRange,OverRange,OverRange,11.11551,14.22827,-4.660035
2026/06/08 18:55:00.262,n,-4.245479,3.792362,4.511621,0.750316,OverRange,OverRange,OverRange,11.061768,14.2089,-4.710631
2026/06/08 18:56:00.264,n,-4.409705,4.298253,4.174633,0.729739,OverRange,OverRange,OverRange,11.05365,14.190606,-4.56055
2026/06/08 18:57:00.267,n,-4.371472,4.413016,4.415377,0.103254,OverRange,OverRange,OverRange,11.068608,14.176662,-4.642544
2026/06/08 18:58:00.269,n,-4.374551,4.243013,4.997981,0.696786,OverRange,OverRange,OverRange,11.089152,14.1541,-4.683413
2026/06/08 18:59:00.271,n,-4.394951,6.262026,5.498459,0.91238,OverRange,OverRange,OverRange,11.097514,14.133672,-4.702867
2026/06/08 19:00:00.273,n,-4.330415,3.965041,5.341719,1.03711,OverRange,OverRange,OverRange,11.031846,14.108912,-4.728207
2026/06/08 19:01:00.274,n,-4.447554,6.353509,5.322562,1.013881,OverRange,OverRange,OverRange,11.020442,14.091692,-4.722406
2026/06/08 19:02:00.276,n,-4.462309,4.299423,4.396504,0.356996,OverRange,OverRange,OverRange,10.97401,14.0756,-5.012671
2026/06/08 19:03:00.278,n,-4.63513,5.44107,4.672101,0.745969,OverRange,OverRange,OverRange,10.992274,14.049796,-4.827693
2026/06/08 19:04:00.264,n,-4.573546,6.051604,5.566778,0.241752,OverRange,OverRange,OverRange,10.976802,14.03577,-4.866686
2026/06/08 19:05:00.266,n,-4.541342,5.762402,5.172068,0.724219,OverRange,OverRange,OverRange,10.97783,14.01106,-4.930933
2026/06/08 19:06:00.268,n,-4.491689,5.521405,4.92694,0.794674,OverRange,OverRange,OverRange,10.965908,13.983122,-4.819843
2026/06/08 19:07:00.270,n,-4.462309,3.860372,4.319423,0.569958,OverRange,OverRange,OverRange,10.917958,13.998192,-4.850986
2026/06/08 19:08:00.273,n,-4.114228,4.324694,5.037541,0.674228,OverRange,OverRange,OverRange,10.980714,13.971346,-4.529834
2026/06/08 19:09:00.274,n,-4.275245,5.507724,4.934889,0.808948,OverRange,OverRange,OverRange,10.96522,13.959472,-4.477104
2026/06/08 19:10:00.278,n,-4.24022,3.643287,4.333231,0.636407,OverRange,OverRange,OverRange,10.929714,13.937986,-4.525738
2026/06/08 19:11:00.278,n,-4.131805,5.922858,5.779694,0.212638,OverRange,OverRange,OverRange,10.977896,13.921844,-4.55526
2026/06/08 19:12:00.285,n,-4.008893,4.755953,5.101547,0.67351,OverRange,OverRange,OverRange,10.931732,13.907836,-4.524032
2026/06/08 19:13:00.268,n,-4.196084,3.870372,4.866586,0.930049,OverRange,OverRange,OverRange,10.939846,13.892752,-4.498435
2026/06/08 19:14:00.269,n,-4.034938,3.380613,4.689136,0.982196,OverRange,OverRange,OverRange,10.896464,13.882002,-4.481029
2026/06/08 19:15:00.271,n,-3.953082,4.273693,4.973623,1.003116,OverRange,OverRange,OverRange,10.910188,13.858316,-4.40313
2026/06/08 19:16:00.274,n,-4.128726,4.296101,4.402048,0.733439,OverRange,OverRange,OverRange,10.87847,13.846492,-4.498606
2026/06/08 19:17:00.274,n,-4.070221,4.315132,4.424089,0.71961,OverRange,OverRange,OverRange,10.87999,13.831408,-4.490842
2026/06/08 19:18:00.277,n,-4.172862,5.39269,4.705989,1.00191,OverRange,OverRange,OverRange,10.91094,13.823882,-4.57275
2026/06/08 19:19:00.279,n,-3.991316,5.638272,5.329545,0.694656,OverRange,OverRange,OverRange,10.878714,13.81419,-4.56857
2026/06/08 19:20:00.280,n,-4.055594,5.796601,5.133026,1.129131,OverRange,OverRange,OverRange,10.871368,13.804516,-4.703123
2026/06/08 19:21:00.284,n,-4.164009,4.064345,4.670635,0.786242,OverRange,OverRange,OverRange,10.877946,13.800134,-4.693226
2026/06/08 19:22:00.268,n,-4.134756,4.35701,5.180525,0.806192,OverRange,OverRange,OverRange,10.881256,13.7894,-4.757729
2026/06/08 19:23:00.269,n,-4.237269,4.236295,4.18392,0.18739,OverRange,OverRange,OverRange,10.85817,13.78834,-4.64664
2026/06/08 19:24:00.271,n,-4.114228,6.171101,5.183079,0.93003,OverRange,OverRange,OverRange,10.91499,13.785084,-4.631026
2026/06/08 19:25:00.276,n,-4.040712,6.274698,5.493456,0.755142,OverRange,OverRange,OverRange,10.886578,13.7765,-4.67983
2026/06/08 19:26:00.276,n,-4.026341,5.576073,5.756124,0.535769,OverRange,OverRange,OverRange,10.917282,13.772182,-4.720699
2026/06/08 19:27:00.279,n,-4.02044,6.16306,5.711777,0.265642,OverRange,OverRange,OverRange,10.934546,13.762474,-4.670017
2026/06/08 19:28:00.280,n,-4.073043,6.389855,5.237285,1.078697,OverRange,OverRange,OverRange,10.922608,13.756008,-4.613535
2026/06/08 19:29:00.281,n,-4.114228,5.537116,5.275734,0.330756,OverRange,OverRange,OverRange,10.906616,13.746334,-4.607648
2026/06/08 19:30:00.284,n,-4.213789,5.474224,5.280764,0.525645,OverRange,OverRange,OverRange,10.924388,13.740958,-4.693311
2026/06/08 19:31:00.269,n,-4.069964,4.601761,4.827667,0.82587,OverRange,OverRange,OverRange,10.891658,13.732326,-4.595958
2026/06/08 19:32:00.271,n,-4.084847,3.612724,4.963158,0.952452,OverRange,OverRange,OverRange,10.913472,13.722634,-4.607648
2026/06/08 19:33:00.272,n,-4.02044,3.845853,4.951308,1.242788,OverRange,OverRange,OverRange,10.927414,13.71511,-4.63495
2026/06/08 19:34:00.276,n,-4.052643,5.895007,5.280052,0.794076,OverRange,OverRange,OverRange,10.935054,13.707536,-4.632903
2026/06/08 19:35:00.277,n,-3.985285,5.627155,5.455609,0.727618,OverRange,OverRange,OverRange,10.923366,13.693528,-4.691434
2026/06/08 19:36:00.278,n,-3.865324,5.61071,5.849186,0.412619,OverRange,OverRange,OverRange,10.93274,13.686034,-4.658414
2026/06/08 19:37:00.264,n,-3.888803,5.631693,5.696872,0.218931,OverRange,OverRange,OverRange,10.947216,13.683852,-4.50236
2026/06/08 19:38:00.282,n,-3.894448,3.779756,5.186742,1.21544,OverRange,OverRange,OverRange,10.916754,13.677386,-4.537513
2026/06/08 19:39:00.268,n,-4.04687,5.811403,4.711443,0.812012,OverRange,OverRange,OverRange,10.953558,13.663378,-4.537513
2026/06/08 19:40:00.272,n,-3.935633,3.602416,4.83927,1.005339,OverRange,OverRange,OverRange,10.907136,13.674812,-4.533588
2026/06/08 19:41:00.272,n,-3.864939,5.509516,4.716925,0.73985,OverRange,OverRange,OverRange,10.95364,13.664062,-4.315163
2026/06/08 19:42:00.258,n,-3.742027,3.980456,4.384005,0.714463,OverRange,OverRange,OverRange,10.931072,13.659746,-4.311409
2026/06/08 19:43:00.259,n,-3.788857,4.757335,4.840371,0.631823,OverRange,OverRange,OverRange,10.972676,13.64898,-4.426423
2026/06/08 19:44:00.261,n,-3.855958,5.468435,4.677355,0.640546,OverRange,OverRange,OverRange,10.95162,13.642496,-4.237349
2026/06/08 19:45:00.263,n,-3.976176,5.758984,4.599963,0.628599,OverRange,OverRange,OverRange,10.934876,13.637156,-4.260557
2026/06/08 19:46:00.268,n,-3.815415,5.649122,5.145748,0.760913,OverRange,OverRange,OverRange,10.975474,13.633914,-4.278304
2026/06/08 19:47:00.267,n,-3.985157,5.388119,4.438284,0.909496,OverRange,OverRange,OverRange,10.995748,13.630656,-4.303645
2026/06/08 19:48:00.269,n,-3.941278,5.709215,4.532187,1.144469,OverRange,OverRange,OverRange,10.971914,13.615558,-4.367807
2026/06/08 19:49:00.270,n,-3.993881,4.522412,4.200028,0.45476,OverRange,OverRange,OverRange,10.947042,13.61235,-4.422413
2026/06/08 19:50:00.256,n,-3.768457,5.90283,5.262261,0.792499,OverRange,OverRange,OverRange,11.02644,13.602626,-4.53555
2026/06/08 19:51:00.259,n,-3.73048,4.936019,5.241688,0.723553,OverRange,OverRange,OverRange,11.010472,13.59619,-4.47318
2026/06/08 19:52:00.295,n,-3.762555,3.543429,5.541321,1.027281,OverRange,OverRange,OverRange,11.018826,13.61932,-4.525738
2026/06/08 19:53:00.321,n,-3.522889,4.97287,4.608507,0.882218,OverRange,OverRange,OverRange,11.03011,13.616078,-4.113035
2026/06/08 19:54:00.465,n,-3.361999,4.187962,5.509737,0.689895,OverRange,OverRange,OverRange,11.0448,13.622642,-4.128735
2026/06/08 19:55:00.267,n,-3.502232,5.461423,4.980997,0.976191,OverRange,OverRange,OverRange,11.064464,13.622642,-4.159621
2026/06/08 19:56:00.268,n,-3.496458,4.361593,4.666681,0.643896,OverRange,OverRange,OverRange,11.047466,13.629126,-4.155696
2026/06/08 19:57:00.274,n,-3.520066,4.849003,4.822984,0.731433,OverRange,OverRange,OverRange,11.050772,13.633456,-4.136328
2026/06/08 19:58:00.273,n,-3.510444,4.446058,5.136106,0.611168,OverRange,OverRange,OverRange,11.075618,13.640984,-4.251257
2026/06/08 19:59:00.258,n,-3.584216,3.372169,4.826248,1.146342,OverRange,OverRange,OverRange,11.073594,13.643166,-4.163631
2026/06/08 20:00:00.263,n,-3.587039,5.840519,5.054498,1.209798,OverRange,OverRange,OverRange,11.102468,13.647448,-4.122506
2026/06/08 20:01:00.262,n,-3.496459,3.608133,5.013328,0.913501,OverRange,OverRange,OverRange,11.088298,13.651748,-4.155697
2026/06/08 20:02:00.264,n,-3.52276,5.937836,5.105807,0.997485,OverRange,OverRange,OverRange,11.119232,13.649598,-4.099213
2026/06/08 20:03:00.265,n,-3.575364,5.618283,4.903157,1.118726,OverRange,OverRange,OverRange,11.092616,13.649598,-4.116789
2026/06/08 20:04:00.271,n,-3.428972,4.879004,5.140702,0.957162,OverRange,OverRange,OverRange,11.08575,13.653914,-4.227623
2026/06/08 20:05:00.270,n,-3.475802,3.503821,4.668428,1.024208,OverRange,OverRange,OverRange,11.07433,13.657172,-4.169348
2026/06/08 20:06:00.272,n,-3.516858,3.295508,4.867313,1.253704,OverRange,OverRange,OverRange,11.108058,13.650706,-4.108854
2026/06/08 20:07:00.256,n,-3.642594,5.838224,4.970184,1.102871,OverRange,OverRange,OverRange,11.105026,13.648524,-4.146055
2026/06/08 20:08:00.258,n,-3.56356,5.845814,5.353498,0.396252,OverRange,OverRange,OverRange,11.114676,13.647448,-4.206292
2026/06/08 20:09:00.262,n,-3.271162,4.834627,5.776394,0.506109,OverRange,OverRange,OverRange,11.1205,13.64424,-4.17131
2026/06/08 20:10:00.264,n,-3.402542,5.512681,4.875563,0.619177,OverRange,OverRange,OverRange,11.11264,13.645282,-3.966793
2026/06/08 20:11:00.265,n,-3.332362,4.106502,5.445967,0.721321,OverRange,OverRange,OverRange,11.090566,13.640984,-4.033003
2026/06/08 20:12:00.268,n,-3.51981,5.844167,5.067448,0.901594,OverRange,OverRange,OverRange,11.102992,13.639922,-3.982407
2026/06/08 20:13:00.269,n,-3.528406,5.871688,4.617424,0.86467,OverRange,OverRange,OverRange,11.062932,13.637742,-4.003738
2026/06/08 20:14:00.271,n,-3.569333,4.215434,4.92611,0.755754,OverRange,OverRange,OverRange,11.041122,13.636666,-4.183085
2026/06/08 20:15:00.273,n,-3.67762,3.473387,3.986199,0.309135,OverRange,OverRange,OverRange,11.056088,13.638816,-4.093241
2026/06/08 20:16:00.572,n,-3.514036,4.355661,4.923739,1.150898,OverRange,OverRange,OverRange,11.071564,13.637742,-4.085561
2026/06/08 20:17:00.259,n,-3.531485,4.44144,5.347525,0.728216,OverRange,OverRange,OverRange,11.09817,13.640984,-4.151857
2026/06/08 20:18:00.262,n,-3.492994,5.771682,4.793777,0.975443,OverRange,OverRange,OverRange,11.066986,13.635592,-4.025153
2026/06/08 20:19:00.264,n,-3.452323,4.437389,4.981013,0.566684,OverRange,OverRange,OverRange,11.058884,13.637742,-4.064146
2026/06/08 20:20:00.266,n,-3.484783,4.304978,4.754586,0.617336,OverRange,OverRange,OverRange,11.073334,13.633456,-3.984455
2026/06/08 20:21:00.269,n,-3.4699,4.422683,4.703471,0.520892,OverRange,OverRange,OverRange,11.088048,13.6345,-4.058429
2026/06/08 20:22:00.270,n,-3.560737,4.115811,4.542967,0.749913,OverRange,OverRange,OverRange,11.0746,13.622642,-4.003738
2026/06/08 20:23:00.272,n,-3.508006,3.954807,4.956838,0.987565,OverRange,OverRange,OverRange,11.086024,13.624808,-4.029078
2026/06/08 20:24:00.275,n,-3.654269,5.404188,5.21225,0.485816,OverRange,OverRange,OverRange,11.057612,13.625884,-4.067985
2026/06/08 20:25:00.259,n,-3.504926,4.05237,5.447133,0.731698,OverRange,OverRange,OverRange,11.060658,13.620492,-4.077712
2026/06/08 20:26:00.262,n,-3.534307,4.461266,4.426264,0.594676,OverRange,OverRange,OverRange,11.074864,13.61945,-4.066193
2026/06/08 20:27:00.267,n,-3.455402,5.986928,5.495636,0.576822,OverRange,OverRange,OverRange,11.10933,13.61621,-4.10109
2026/06/08 20:28:00.267,n,-3.355712,5.643101,5.0778,0.842288,OverRange,OverRange,OverRange,11.089062,13.614058,-4.032918
2026/06/08 20:29:00.268,n,-3.326588,5.535806,5.127576,0.661336,OverRange,OverRange,OverRange,11.109834,13.60976,-3.984284
2026/06/08 20:30:00.269,n,-3.364694,6.223365,4.832328,1.148115,OverRange,OverRange,OverRange,11.10047,13.615102,-3.959029
2026/06/08 20:31:00.271,n,-3.32043,5.672756,5.477999,0.733061,OverRange,OverRange,OverRange,11.099452,13.617268,-4.013379
2026/06/08 20:32:00.273,n,-3.294128,4.200674,5.051967,1.100929,OverRange,OverRange,OverRange,11.080678,13.610802,-4.027116
2026/06/08 20:33:00.275,n,-3.431923,3.776274,4.80962,0.8521,OverRange,OverRange,OverRange,11.092092,13.6216,-3.990172
2026/06/08 20:34:00.260,n,-3.352889,6.309873,6.067312,0.343905,OverRange,OverRange,OverRange,11.081192,13.624808,-3.97652
2026/06/08 20:35:00.264,n,-3.508134,3.846486,5.013869,1.067344,OverRange,OverRange,OverRange,11.003078,13.625884,-4.146055
2026/06/08 20:36:00.265,n,-3.695325,4.248176,4.253623,0.804613,OverRange,OverRange,OverRange,11.034786,13.631276,-4.003738
2026/06/08 20:37:00.266,n,-3.586783,5.925232,4.912852,0.965503,OverRange,OverRange,OverRange,11.069546,13.640984,-3.976606
2026/06/08 20:38:00.268,n,-3.434746,6.532051,5.123286,1.196193,OverRange,OverRange,OverRange,11.08524,13.642058,-4.085561
2026/06/08 20:39:00.270,n,-3.384837,4.448142,5.28727,0.71951,OverRange,OverRange,OverRange,11.077134,13.64424,-4.01355
2026/06/08 20:40:00.272,n,-3.528534,5.676427,4.913641,1.028148,OverRange,OverRange,OverRange,11.104756,13.645282,-3.877205
2026/06/08 20:41:00.274,n,-3.367388,4.024127,4.712123,1.028742,OverRange,OverRange,OverRange,11.09436,13.64424,-3.927886
2026/06/08 20:42:00.276,n,-3.384965,3.732638,5.078519,1.133624,OverRange,OverRange,OverRange,11.08778,13.647448,-3.988209
2026/06/08 20:43:00.263,n,-3.458482,4.293313,4.444003,0.76663,OverRange,OverRange,OverRange,11.077638,13.645282,-3.923791
2026/06/08 20:44:00.264,n,-3.522632,5.948298,4.748977,0.867604,OverRange,OverRange,OverRange,11.081178,13.650706,-4.017475
2026/06/08 20:45:00.266,n,-3.484655,5.593549,5.335178,0.81707,OverRange,OverRange,OverRange,11.060904,13.646374,-4.060221
2026/06/08 20:46:00.268,n,-3.49633,6.271153,4.498648,0.966186,OverRange,OverRange,OverRange,11.067236,13.645282,-4.044607
2026/06/08 20:47:00.271,n,-3.466949,5.401833,5.002161,0.945416,OverRange,OverRange,OverRange,11.066488,13.640984,-4.064231
2026/06/08 20:48:00.271,n,-3.440648,4.122729,4.551739,0.731719,OverRange,OverRange,OverRange,11.063432,13.642058,-4.089572
2026/06/08 20:49:00.274,n,-3.414218,4.4336,5.350613,0.96954,OverRange,OverRange,OverRange,11.06751,13.640984,-4.097251
2026/06/08 20:50:00.276,n,-3.440776,5.738844,5.243349,0.835833,OverRange,OverRange,OverRange,11.08577,13.640984,-4.005615
2026/06/08 20:51:00.277,n,-3.458097,3.729038,4.989911,1.124817,OverRange,OverRange,OverRange,11.058636,13.631276,-4.161669
2026/06/08 20:52:00.262,n,-3.440776,5.808863,5.140603,0.873571,OverRange,OverRange,OverRange,11.079168,13.631276,-4.085476
2026/06/08 20:53:00.265,n,-3.393946,4.498315,4.813569,0.741486,OverRange,OverRange,OverRange,11.060888,13.631276,-4.003823
2026/06/08 20:54:00.268,n,-3.361742,4.01913,5.363534,1.064209,OverRange,OverRange,OverRange,11.077388,13.629126,-3.993925
2026/06/08 20:55:00.270,n,-3.390867,5.722383,5.19368,0.886679,OverRange,OverRange,OverRange,11.084988,13.629126,-3.984284
2026/06/08 20:56:00.270,n,-3.376369,6.059121,4.71199,1.29745,OverRange,OverRange,OverRange,11.105016,13.623734,-4.03488
2026/06/08 20:57:00.274,n,-3.387788,5.508114,5.480421,0.867988,OverRange,OverRange,OverRange,11.113644,13.620492,-4.132233
2026/06/08 20:58:00.276,n,-3.373289,5.772693,5.021359,0.87023,OverRange,OverRange,OverRange,11.118968,13.615102,-3.986332
2026/06/08 20:59:00.280,n,-3.35289,4.385871,4.854861,0.824572,OverRange,OverRange,OverRange,11.115942,13.612984,-4.075835
2026/06/08 21:00:00.279,n,-3.455531,4.199905,4.339355,0.754416,OverRange,OverRange,OverRange,11.115414,13.605412,-4.087609
2026/06/08 21:01:00.265,n,-3.50544,4.454069,4.296361,0.750826,OverRange,OverRange,OverRange,11.116948,13.612984,-4.017389
2026/06/08 21:02:00.266,n,-3.384709,6.464125,4.685667,0.879533,OverRange,OverRange,OverRange,11.118718,13.611876,-3.943415
2026/06/08 21:03:00.270,n,-3.305931,5.494056,5.529823,0.059958,OverRange,OverRange,OverRange,11.067494,13.606486,-3.96867
2026/06/08 21:04:00.270,n,-3.355712,6.455509,4.658382,0.963798,OverRange,OverRange,OverRange,11.085506,13.608666,-3.935395
2026/06/08 21:05:00.272,n,-3.361486,5.426099,5.464995,0.204346,OverRange,OverRange,OverRange,11.052786,13.610802,-4.017389
2026/06/08 21:06:00.275,n,-3.382271,4.237657,4.250906,0.619439,OverRange,OverRange,OverRange,11.059648,13.607592,-3.958943
2026/06/08 21:07:00.276,n,-3.396897,5.699178,4.939315,0.844556,OverRange,OverRange,OverRange,11.08905,13.614058,-4.009625
2026/06/08 21:08:00.282,n,-3.376369,4.293313,4.636925,1.004671,OverRange,OverRange,OverRange,11.07079,13.617268,-4.013465
2026/06/08 21:09:00.282,n,-3.399463,5.751523,5.218277,0.83193,OverRange,OverRange,OverRange,11.117706,13.625884,-4.005615
2026/06/08 21:10:00.266,n,-3.417297,5.863045,5.001055,0.832601,OverRange,OverRange,OverRange,11.082204,13.6345,-3.943415
2026/06/08 21:11:00.267,n,-3.528406,5.608262,5.104176,1.118453,OverRange,OverRange,OverRange,11.08807,13.635592,-3.990342
2026/06/08 21:12:00.270,n,-3.461176,4.187729,4.576612,0.581677,OverRange,OverRange,OverRange,11.066494,13.645282,-3.933603
2026/06/08 21:13:00.270,n,-3.45258,6.149889,5.351677,0.972435,OverRange,OverRange,OverRange,11.07688,13.646374,-3.933518
2026/06/08 21:14:00.273,n,-3.384965,5.936392,4.951831,1.131817,OverRange,OverRange,OverRange,11.08423,13.653914,-3.972851
2026/06/08 21:15:00.275,n,-3.288483,3.707118,4.706222,0.959113,OverRange,OverRange,OverRange,11.069774,13.653914,-3.960991
2026/06/08 21:16:00.279,n,-3.437825,5.533693,5.015435,0.82499,OverRange,OverRange,OverRange,11.09641,13.656066,-3.927801
2026/06/08 21:17:00.280,n,-3.309011,5.788654,5.088058,0.863218,OverRange,OverRange,OverRange,11.094112,13.657172,-3.986161
2026/06/08 21:18:00.280,n,-3.282581,4.320822,4.454482,0.272272,OverRange,OverRange,OverRange,11.081944,13.664698,-3.935566
2026/06/08 21:19:00.267,n,-3.42307,5.882935,4.874148,0.87411,OverRange,OverRange,OverRange,11.089794,13.660382,-3.915941
2026/06/08 21:20:00.272,n,-3.323509,3.849138,4.664222,0.908485,OverRange,OverRange,OverRange,11.09133,13.66253,-4.03488
2026/06/08 21:21:00.270,n,-3.411652,5.840402,5.225518,0.775203,OverRange,OverRange,OverRange,11.10021,13.670074,-3.966793
2026/06/08 21:22:00.276,n,-3.364437,5.244259,5.074791,0.983517,OverRange,OverRange,OverRange,11.07283,13.66253,-3.949302
2026/06/08 21:23:00.328,n,-3.320686,3.713475,4.842196,0.95235,OverRange,OverRange,OverRange,11.036824,13.663264,-3.968756
2026/06/08 21:24:00.276,n,-3.555092,4.107628,5.174896,0.853526,OverRange,OverRange,OverRange,11.04208,13.656798,-4.048788
2026/06/08 21:25:00.277,n,-3.478881,6.197676,5.435018,0.883868,OverRange,OverRange,OverRange,11.09608,13.655724,-4.025239
2026/06/08 21:26:00.279,n,-3.373418,4.066311,4.999303,0.828234,OverRange,OverRange,OverRange,11.073506,13.653556,-4.03889
2026/06/08 21:27:00.432,n,-3.373418,6.133822,4.863665,0.979575,OverRange,OverRange,OverRange,11.079844,13.653556,-3.869526
2026/06/08 21:28:00.370,n,-3.326588,6.02406,5.113769,1.008382,OverRange,OverRange,OverRange,11.098364,13.651374,-3.960735
2026/06/08 21:29:00.318,n,-3.285917,4.616243,4.679316,1.028861,OverRange,OverRange,OverRange,11.061092,13.651374,-3.963039
2026/06/08 21:30:00.276,n,-3.311962,3.40765,4.89805,1.33612,OverRange,OverRange,OverRange,11.09428,13.649258,-3.957066
2026/06/08 21:31:00.274,n,-3.361871,5.864467,5.277121,1.067253,OverRange,OverRange,OverRange,11.103424,13.64709,-3.873366
2026/06/08 21:32:00.275,n,-3.417425,5.912135,5.002716,1.000758,OverRange,OverRange,OverRange,11.08493,13.649258,-3.933773
2026/06/08 21:33:00.445,n,-3.35892,3.297863,4.875064,1.387227,OverRange,OverRange,OverRange,11.048162,13.650332,-3.923876
2026/06/08 21:34:00.333,n,-3.344422,6.017204,5.30388,1.124759,OverRange,OverRange,OverRange,11.089992,13.650332,-3.963125
2026/06/08 21:35:00.266,n,-3.314913,3.720369,4.937744,1.316412,OverRange,OverRange,OverRange,11.063116,13.644908,-3.960906
2026/06/08 21:36:00.352,n,-3.341471,3.902788,4.630315,1.134307,OverRange,OverRange,OverRange,11.075796,13.648164,-3.953142
2026/06/08 21:37:00.315,n,-3.338392,5.718693,5.252726,1.431462,OverRange,OverRange,OverRange,11.06513,13.643832,-3.962954
2026/06/08 21:38:00.273,n,-3.347117,4.402619,4.540642,1.230846,OverRange,OverRange,OverRange,11.06539,13.646016,-3.982493
2026/06/08 21:39:00.338,n,-3.28566,6.208558,4.939946,1.158605,OverRange,OverRange,OverRange,11.104696,13.643832,-3.81492
2026/06/08 21:40:00.274,n,-3.136574,3.764104,5.264784,1.23594,OverRange,OverRange,OverRange,11.080348,13.644908,-3.834374
2026/06/08 21:41:00.277,n,-3.309139,6.114883,5.371815,0.84841,OverRange,OverRange,OverRange,11.08925,13.649258,-3.849987
2026/06/08 21:42:00.279,n,-3.195208,6.207042,5.479769,0.875546,OverRange,OverRange,OverRange,11.073258,13.652482,-3.842223
2026/06/08 21:43:00.281,n,-3.338264,5.840846,4.88356,1.036311,OverRange,OverRange,OverRange,11.073486,13.655724,-3.912358
2026/06/08 21:44:00.283,n,-3.314656,5.735162,4.755481,1.163927,OverRange,OverRange,OverRange,11.074266,13.662156,-3.818845
2026/06/08 21:45:00.269,n,-3.273984,5.851575,5.332895,0.819265,OverRange,OverRange,OverRange,11.059566,13.66973,-3.957237
2026/06/08 21:46:00.270,n,-3.282581,5.711112,5.864434,0.223504,OverRange,OverRange,OverRange,11.091014,13.67188,-3.933688
2026/06/08 21:47:00.272,n,-3.294513,4.128094,4.957472,1.051179,OverRange,OverRange,OverRange,11.064128,13.680512,-4.040853
2026/06/08 21:48:00.259,n,-3.300286,5.986958,5.259623,1.017377,OverRange,OverRange,OverRange,11.1108,13.69452,-3.918074
2026/06/08 21:49:00.259,n,-3.31812,4.268839,4.950878,0.920424,OverRange,OverRange,OverRange,11.07782,13.69452,-3.925839
2026/06/08 21:50:00.261,n,-3.350067,5.778548,5.309777,1.006128,OverRange,OverRange,OverRange,11.09786,13.70527,-3.939576
2026/06/08 21:51:00.265,n,-3.473108,5.578671,4.614327,0.95927,OverRange,OverRange,OverRange,11.081366,13.702046,-3.951179
2026/06/08 21:52:00.265,n,-3.399848,3.452879,4.104777,0.943739,OverRange,OverRange,OverRange,11.06744,13.710694,-3.94734
2026/06/08 21:53:00.267,n,-3.45258,4.192202,5.159426,0.822662,OverRange,OverRange,OverRange,11.096324,13.712846,-3.91031
2026/06/08 21:54:00.269,n,-3.569847,3.19185,4.806271,1.266865,OverRange,OverRange,OverRange,11.084916,13.708512,-3.906386
2026/06/08 21:55:00.270,n,-3.528534,6.531901,5.474767,1.193942,OverRange,OverRange,OverRange,11.113302,13.713886,-3.97652
2026/06/08 21:56:00.259,n,-3.511213,4.073882,4.652748,1.144034,OverRange,OverRange,OverRange,11.09937,13.708512,-4.087524
2026/06/08 21:57:00.259,n,-3.592941,3.663862,4.778538,1.277107,OverRange,OverRange,OverRange,11.097092,13.707438,-4.054505
2026/06/08 21:58:00.263,n,-3.639899,3.726226,4.873136,1.131619,OverRange,OverRange,OverRange,11.091522,13.70527,-4.042815
2026/06/08 21:59:00.262,n,-3.519938,4.041343,5.045826,0.937269,OverRange,OverRange,OverRange,11.09277,13.702046,-3.963039
2026/06/08 22:00:00.265,n,-3.519938,5.858858,5.116289,1.228043,OverRange,OverRange,OverRange,11.078832,13.706346,-4.029164
2026/06/08 22:01:00.269,n,-3.461433,6.04164,4.83457,1.349868,OverRange,OverRange,OverRange,11.052196,13.69558,-4.033088
2026/06/08 22:02:00.268,n,-3.420248,3.570297,4.839463,1.381206,OverRange,OverRange,OverRange,11.028386,13.69558,-4.060306
2026/06/08 22:03:00.273,n,-3.423199,4.280195,4.944338,1.247451,OverRange,OverRange,OverRange,11.042324,13.69022,-4.027286
2026/06/08 22:04:00.273,n,-3.443727,5.685045,5.185469,1.212938,OverRange,OverRange,OverRange,11.032696,13.691264,-4.116705
2026/06/08 22:05:00.259,n,-3.484655,5.72537,4.945044,1.194783,OverRange,OverRange,OverRange,11.042828,13.689096,-4.064146
2026/06/08 22:06:00.260,n,-3.470157,6.255517,5.148335,1.173791,OverRange,OverRange,OverRange,11.055776,13.683722,-4.099384
2026/06/08 22:07:00.262,n,-3.397025,3.732321,4.497044,1.309126,OverRange,OverRange,OverRange,11.01849,13.68263,-3.970633
2026/06/08 22:08:00.263,n,-3.414346,5.978162,4.913403,1.373199,OverRange,OverRange,OverRange,11.053742,13.683722,-4.0214
2026/06/08 22:09:00.266,n,-3.405622,3.70144,4.537085,1.344159,OverRange,OverRange,OverRange,11.045878,13.677272,-3.976435
2026/06/08 22:10:00.268,n,-3.332618,3.600447,4.978357,1.42998,OverRange,OverRange,OverRange,11.034466,13.67188,-3.970718
2026/06/08 22:11:00.269,n,-3.370595,5.350864,5.145299,1.059899,OverRange,OverRange,OverRange,11.039276,13.67188,-3.892904
2026/06/08 22:12:00.271,n,-3.399719,5.519432,4.861093,1.094994,OverRange,OverRange,OverRange,11.019496,13.66973,-3.937528
2026/06/08 22:13:00.257,n,-3.303622,6.098893,6.069408,0.222663,OverRange,OverRange,OverRange,11.040288,13.66434,-3.976605
2026/06/08 22:14:00.261,n,-3.335441,4.111273,5.221881,0.866837,OverRange,OverRange,OverRange,11.003262,13.663264,-3.949387
2026/06/08 22:15:00.260,n,-3.288483,4.035241,4.208481,0.101337,OverRange,OverRange,OverRange,11.000738,13.65898,-3.824561
2026/06/08 22:16:00.263,n,-3.320686,4.694291,4.612244,0.782675,OverRange,OverRange,OverRange,11.008846,13.65898,-3.77789
2026/06/08 22:17:00.264,n,-3.306317,3.605599,4.49344,1.176067,OverRange,OverRange,OverRange,11.014944,13.661116,-3.855874
2026/06/08 22:18:00.268,n,-3.227155,5.855224,5.328388,1.146294,OverRange,OverRange,OverRange,11.026602,13.66434,-3.768164
2026/06/08 22:19:00.272,n,-3.171472,3.897354,5.192982,1.12177,OverRange,OverRange,OverRange,10.975636,13.66434,-3.892819
2026/06/08 22:20:00.270,n,-3.256536,4.059004,4.116144,0.094802,OverRange,OverRange,OverRange,10.968018,13.66973,-3.781815
2026/06/08 22:21:00.273,n,-3.2328,3.179213,4.611207,1.190374,OverRange,OverRange,OverRange,10.97966,13.672972,-3.885055
2026/06/08 22:22:00.258,n,-3.329539,3.547407,4.392464,1.312887,OverRange,OverRange,OverRange,10.989334,13.67944,-3.916112
2026/06/08 22:23:00.262,n,-3.147993,4.312294,4.770124,1.24928,OverRange,OverRange,OverRange,11.011128,13.688054,-3.875157
2026/06/08 22:24:00.262,n,-3.127465,6.530093,5.771169,0.805213,OverRange,OverRange,OverRange,11.051708,13.69558,-3.822684
2026/06/08 22:25:00.263,n,-3.104242,5.637438,5.412528,0.612674,OverRange,OverRange,OverRange,11.007076,13.704196,-3.791627
2026/06/08 22:26:00.266,n,-2.966704,4.326822,5.022977,0.928142,OverRange,OverRange,OverRange,11.031668,13.706346,-3.770126
2026/06/08 22:27:00.268,n,-2.993134,4.141897,5.121298,0.934074,OverRange,OverRange,OverRange,11.046632,13.711738,-3.736936
2026/06/08 22:28:00.270,n,-2.966576,4.040938,4.793213,1.045203,OverRange,OverRange,OverRange,11.047918,13.715012,-3.596751
2026/06/08 22:29:00.271,n,-2.984409,5.890466,4.747887,0.978099,OverRange,OverRange,OverRange,11.046138,13.713886,-3.606564
2026/06/08 22:30:00.276,n,-2.913844,5.621504,4.854878,0.980178,OverRange,OverRange,OverRange,11.046144,13.72573,-3.594619
2026/06/08 22:31:00.260,n,-2.963496,3.814977,4.686011,1.110818,OverRange,OverRange,OverRange,11.031398,13.72788,-3.639583
2026/06/08 22:32:00.261,n,-3.054334,6.183642,5.104344,0.928863,OverRange,OverRange,OverRange,11.062588,13.732226,-3.555712
2026/06/08 22:33:00.265,n,-3.010711,5.426298,4.622497,0.955653,OverRange,OverRange,OverRange,11.04562,13.734378,-3.604772
2026/06/08 22:34:00.267,n,-2.996085,3.937932,4.686085,1.191528,OverRange,OverRange,OverRange,11.037766,13.735486,-3.610403
2026/06/08 22:35:00.267,n,-3.045609,4.143757,4.619988,0.81566,OverRange,OverRange,OverRange,11.04359,13.735486,-3.664924
2026/06/08 22:36:00.269,n,-3.060364,3.652107,4.806906,1.184607,OverRange,OverRange,OverRange,11.034968,13.734378,-3.731049
2026/06/08 22:37:00.271,n,-3.037012,4.277245,5.235313,1.146246,OverRange,OverRange,OverRange,11.051198,13.73757,-3.666886
2026/06/08 22:38:00.272,n,-3.12182,5.785513,4.753119,1.258153,OverRange,OverRange,OverRange,11.052974,13.735486,-3.625846
2026/06/08 22:39:00.274,n,-3.025081,3.465644,5.411787,0.980419,OverRange,OverRange,OverRange,11.053746,13.731136,-3.72337
2026/06/08 22:40:00.260,n,-3.069088,6.252676,4.857698,1.194467,OverRange,OverRange,OverRange,11.08341,13.730062,-3.684378
2026/06/08 22:41:00.261,n,-3.016613,6.551145,4.890595,1.233179,OverRange,OverRange,OverRange,11.047894,13.734378,-3.803146
2026/06/08 22:42:00.263,n,-2.978507,4.173154,4.874154,1.041922,OverRange,OverRange,OverRange,11.067414,13.726804,-3.828486
2026/06/08 22:43:00.265,n,-2.943225,4.253906,5.053059,0.78189,OverRange,OverRange,OverRange,11.110276,13.72573,-3.713557
2026/06/08 22:44:00.267,n,-2.881769,6.417382,6.0233,0.452845,OverRange,OverRange,OverRange,11.143988,13.730062,-3.695981
2026/06/08 22:45:00.271,n,-3.019179,5.886997,4.655684,0.979306,OverRange,OverRange,OverRange,11.095322,13.732226,-3.614243
2026/06/08 22:46:00.271,n,-2.972606,5.930667,5.170173,1.228648,OverRange,OverRange,OverRange,11.107728,13.731136,-3.680538
2026/06/08 22:47:00.273,n,-3.016228,4.033375,4.676172,1.089875,OverRange,OverRange,OverRange,11.06895,13.730062,-3.700076
2026/06/08 22:48:00.277,n,-3.007375,3.898146,4.835449,1.163071,OverRange,OverRange,OverRange,11.100632,13.732226,-3.688217
2026/06/08 22:49:00.261,n,-3.031111,5.669718,5.160891,1.153315,OverRange,OverRange,OverRange,11.13435,13.730062,-3.624054
2026/06/08 22:50:00.263,n,-3.051382,5.298297,4.593858,0.818199,OverRange,OverRange,OverRange,11.11966,13.728986,-3.635658
2026/06/08 22:51:00.264,n,-3.086537,5.533028,5.254939,1.098571,OverRange,OverRange,OverRange,11.118382,13.72573,-3.704002
2026/06/08 22:52:00.267,n,-3.033934,5.400349,4.927082,1.071188,OverRange,OverRange,OverRange,11.093272,13.720338,-3.639669
2026/06/08 22:53:00.270,n,-3.048816,4.19617,4.796124,0.986532,OverRange,OverRange,OverRange,11.093038,13.723596,-3.672603
2026/06/08 22:54:00.270,n,-3.048817,4.119487,4.779735,0.968047,OverRange,OverRange,OverRange,11.090262,13.726804,-3.651102
2026/06/08 22:55:00.272,n,-3.086793,4.198869,4.894801,0.91185,OverRange,OverRange,OverRange,11.069958,13.726804,-3.649139
2026/06/08 22:56:00.275,n,-3.045865,3.998509,4.166196,0.142864,OverRange,OverRange,OverRange,11.04384,13.735486,-3.639583
2026/06/08 22:57:00.278,n,-3.110016,3.570332,5.076998,1.178022,OverRange,OverRange,OverRange,11.064906,13.734378,-3.624054
2026/06/08 22:58:00.263,n,-3.238958,5.828713,5.762509,0.125791,OverRange,OverRange,OverRange,11.090246,13.745128,-3.705794
2026/06/08 22:59:00.264,n,-3.139654,4.204296,4.710378,1.03585,OverRange,OverRange,OverRange,11.03954,13.751596,-3.725332
2026/06/08 23:00:00.267,n,-3.282966,6.177835,4.836748,1.012604,OverRange,OverRange,OverRange,11.049424,13.75052,-3.699906
2026/06/08 23:01:00.268,n,-3.323765,4.26283,4.852024,1.331837,OverRange,OverRange,OverRange,11.003758,13.753778,-3.795296
2026/06/08 23:02:00.272,n,-3.28566,4.178232,5.086201,1.208953,OverRange,OverRange,OverRange,11.035208,13.755894,-3.801268
2026/06/08 23:03:00.272,n,-3.247683,3.955749,5.274,1.060745,OverRange,OverRange,OverRange,11.04208,13.761302,-3.793419
2026/06/08 23:04:00.274,n,-3.312218,3.285802,4.918647,1.136782,OverRange,OverRange,OverRange,11.031174,13.756986,-3.725332
2026/06/08 23:05:00.275,n,-3.349939,5.858825,5.353874,1.029723,OverRange,OverRange,OverRange,11.037258,13.754818,-3.754683
2026/06/08 23:06:00.278,n,-3.431923,5.412329,5.115771,0.863877,OverRange,OverRange,OverRange,11.015438,13.762346,-3.809118
2026/06/08 23:07:00.263,n,-3.472979,5.63245,5.767658,0.127956,OverRange,OverRange,OverRange,11.035986,13.75052,-3.875328
2026/06/08 23:08:00.265,n,-3.467206,6.098198,5.39784,0.942347,OverRange,OverRange,OverRange,11.030162,13.748384,-3.834459
2026/06/08 23:09:00.267,n,-3.452452,5.945721,5.021477,0.763392,OverRange,OverRange,OverRange,11.02153,13.741886,-3.803231
2026/06/08 23:10:00.269,n,-3.432052,5.636748,4.803286,0.996127,OverRange,OverRange,OverRange,11.022798,13.735486,-3.88514
2026/06/08 23:11:00.271,n,-3.397025,3.606895,4.667942,1.273707,OverRange,OverRange,OverRange,10.993362,13.732226,-3.898621
2026/06/08 23:12:00.272,n,-3.376369,3.924786,5.248625,1.175127,OverRange,OverRange,OverRange,11.010626,13.726804,-3.887017
2026/06/08 23:13:00.276,n,-3.379577,4.908339,5.139568,1.066024,OverRange,OverRange,OverRange,11.000732,13.719278,-3.963039
2026/06/08 23:14:00.276,n,-3.399848,6.21322,5.284603,1.252567,OverRange,OverRange,OverRange,11.004552,13.709586,-3.869441
2026/06/08 23:15:00.280,n,-3.382271,3.128205,4.759075,1.190043,OverRange,OverRange,OverRange,10.96701,13.704196,-3.879082
2026/06/08 23:16:00.263,n,-3.411395,6.245263,5.347292,1.178584,OverRange,OverRange,OverRange,10.998454,13.698804,-3.824647
2026/06/08 23:17:00.267,n,-3.350195,3.494863,4.962326,1.308657,OverRange,OverRange,OverRange,10.944952,13.69558,-3.883007
2026/06/08 23:18:00.267,n,-3.385222,4.042495,5.16344,1.006816,OverRange,OverRange,OverRange,10.948238,13.692338,-3.851779
2026/06/08 23:19:00.269,n,-3.461176,4.503571,5.407426,0.537994,OverRange,OverRange,OverRange,10.947728,13.684796,-3.863553
2026/06/08 23:20:00.270,n,-3.511213,6.022358,4.744659,1.034444,OverRange,OverRange,OverRange,10.9292,13.67833,-3.867393
2026/06/08 23:21:00.274,n,-3.563817,6.161899,4.671911,1.140058,OverRange,OverRange,OverRange,10.917532,13.670806,-3.990172
2026/06/08 23:22:00.275,n,-3.552013,6.003802,4.960921,1.10643,OverRange,OverRange,OverRange,10.926662,13.66434,-3.998021
2026/06/08 23:23:00.277,n,-3.575364,3.964493,4.717307,1.008518,OverRange,OverRange,OverRange,10.91271,13.657872,-3.966708
2026/06/08 23:24:00.279,n,-3.619371,3.703714,5.181378,1.202846,OverRange,OverRange,OverRange,10.910432,13.653556,-4.048703
2026/06/08 23:25:00.266,n,-3.672231,3.37767,4.918391,1.475329,OverRange,OverRange,OverRange,10.896226,13.640656,-3.960906
2026/06/08 23:26:00.266,n,-3.794758,6.166087,4.98505,1.306019,OverRange,OverRange,OverRange,10.886586,13.637366,-4.087609
2026/06/08 23:27:00.268,n,-3.751136,4.181862,4.484814,1.065361,OverRange,OverRange,OverRange,10.83659,13.623408,-4.169519
2026/06/08 23:28:00.271,n,-3.701355,3.546312,4.534099,1.286997,OverRange,OverRange,OverRange,10.881268,13.619078,-4.087439
2026/06/08 23:29:00.273,n,-3.733687,5.760426,4.985271,0.890671,OverRange,OverRange,OverRange,10.88556,13.610442,-4.099384
2026/06/08 23:30:00.345,n,-3.628224,6.302813,5.684815,0.80211,OverRange,OverRange,OverRange,10.868832,13.604008,-4.122762
2026/06/08 23:31:00.279,n,-3.789113,5.811767,5.800899,0.107177,OverRange,OverRange,OverRange,10.856918,13.59427,-4.159877
2026/06/08 23:32:00.278,n,-3.90035,4.113279,5.056106,1.032033,OverRange,OverRange,OverRange,10.836858,13.587802,-4.282229
2026/06/08 23:33:00.281,n,-3.961806,5.548301,5.133431,0.945045,OverRange,OverRange,OverRange,10.87645,13.581338,-4.294004
2026/06/08 23:34:00.265,n,-4.020568,6.105953,4.959205,1.414328,OverRange,OverRange,OverRange,10.840652,13.577038,-4.259106
2026/06/08 23:35:00.268,n,-4.002863,6.208273,5.31617,0.943416,OverRange,OverRange,OverRange,10.803864,13.581338,-4.321306
2026/06/08 23:36:00.270,n,-4.064447,5.731831,5.035513,1.334263,OverRange,OverRange,OverRange,10.819342,13.568374,-4.268834
2026/06/08 23:37:00.272,n,-4.029293,5.727961,5.266803,1.081178,OverRange,OverRange,OverRange,10.800802,13.563046,-4.333081
2026/06/08 23:38:00.273,n,-4.084719,3.818783,5.406479,0.80303,OverRange,OverRange,OverRange,10.772656,13.557654,-4.329242
2026/06/08 23:39:00.277,n,-4.169782,3.871987,5.365256,1.318992,OverRange,OverRange,OverRange,10.795222,13.550082,-4.350657
2026/06/08 23:40:00.277,n,-4.342604,3.65977,4.520086,0.960148,OverRange,OverRange,OverRange,10.723156,13.536076,-4.393404
2026/06/08 23:41:00.280,n,-4.421381,4.189081,4.999213,0.849341,OverRange,OverRange,OverRange,10.718582,13.525294,-4.465586
2026/06/08 23:42:00.282,n,-4.562383,3.538781,4.575987,1.029689,OverRange,OverRange,OverRange,10.668574,13.51451,-4.422755
2026/06/08 23:43:00.267,n,-4.629357,3.588199,4.724059,1.309748,OverRange,OverRange,OverRange,10.649008,13.501578,-4.572836
2026/06/08 23:44:00.270,n,-4.670669,4.056964,5.171222,1.184634,OverRange,OverRange,OverRange,10.665264,13.483238,-4.631196
2026/06/08 23:45:00.271,n,-4.737899,4.083376,4.727222,1.160293,OverRange,OverRange,OverRange,10.608638,13.467082,-4.635121
2026/06/08 23:46:00.273,n,-4.857861,6.131519,4.894276,1.137159,OverRange,OverRange,OverRange,10.58932,13.447668,-4.677953
2026/06/08 23:47:00.275,n,-4.975256,3.074156,4.453711,1.343425,OverRange,OverRange,OverRange,10.519482,13.430406,-4.812505
2026/06/08 23:48:00.278,n,-5.027731,6.011323,4.719942,1.194744,OverRange,OverRange,OverRange,10.542614,13.4056,-4.775306
2026/06/08 23:49:00.279,n,-5.027859,3.580398,4.900193,1.034494,OverRange,OverRange,OverRange,10.506552,13.38617,-4.902179
2026/06/08 23:50:00.285,n,-5.039407,4.157696,4.747404,1.406715,OverRange,OverRange,OverRange,10.502208,13.364574,-4.978031
2026/06/08 23:51:00.283,n,-5.138968,3.592201,5.001193,1.284174,OverRange,OverRange,OverRange,10.494354,13.34301,-5.036647
2026/06/08 23:52:00.269,n,-5.16822,6.109644,4.882801,1.327344,OverRange,OverRange,OverRange,10.477322,13.321432,-5.075469
2026/06/08 23:53:00.275,n,-4.995528,5.914799,5.139936,1.29411,OverRange,OverRange,OverRange,10.499924,13.304152,-5.091167
2026/06/08 23:54:00.272,n,-4.896222,3.529456,4.797471,1.416237,OverRange,OverRange,OverRange,10.435136,13.27824,-5.098932
2026/06/08 23:55:00.274,n,-4.866842,3.146386,5.189687,1.144393,OverRange,OverRange,OverRange,10.436932,13.258812,-5.015231
2026/06/08 23:56:00.279,n,-4.787808,6.660881,4.493849,1.061995,OverRange,OverRange,OverRange,10.410518,13.241566,-4.993729
2026/06/08 23:57:00.278,n,-4.925347,6.330996,4.885383,1.521244,OverRange,OverRange,OverRange,10.377716,13.216762,-4.970266
2026/06/08 23:58:00.281,n,-4.948826,3.447853,4.827844,1.463836,OverRange,OverRange,OverRange,10.362722,13.196194,-5.083488
2026/06/08 23:59:00.283,n,-5.027859,6.254162,5.624317,1.029639,OverRange,OverRange,OverRange,10.31392,13.178946,-5.007296
