"Timestamp","TZ","GHI1_AV (W/m2)","UVB22013 (W/m2)","UVB22013_AV (W/m2)","UVB22013_SD (W/m2)","UVB22012 (W/m2)","UVB22012_AV (W/m2)","UVB22012_SD (W/m2)","TA_AV (degC)","TL (degC)","GTI_AV (W/m2)"
2026/06/13 00:00:00.272,n,-4.25677,3.818902,4.507385,1.411609,OverRange,OverRange,OverRange,6.027349,9.108468,-4.596641
2026/06/13 00:01:00.259,n,-4.315019,3.270009,4.720225,1.297755,OverRange,OverRange,OverRange,6.000051,9.104156,-4.582989
2026/06/13 00:02:00.260,n,-4.227261,6.272882,4.99007,1.114788,OverRange,OverRange,OverRange,6.010005,9.097602,-4.477702
2026/06/13 00:03:00.261,n,-4.265495,3.728906,4.478869,1.207767,OverRange,OverRange,OverRange,5.993943,9.087874,-4.606282
2026/06/13 00:04:00.266,n,-4.326951,6.810907,5.403191,1.472648,OverRange,OverRange,OverRange,6.008734,9.079188,-4.448437
2026/06/13 00:05:00.397,n,-4.376732,6.359755,5.202695,1.434855,OverRange,OverRange,OverRange,6.041616,9.068322,-4.463965
2026/06/13 00:06:00.270,n,-4.385456,6.020704,4.958624,1.633729,OverRange,OverRange,OverRange,6.047745,9.067248,-4.582904
2026/06/13 00:07:00.270,n,-4.338755,6.260951,4.746206,1.416724,OverRange,OverRange,OverRange,6.024028,9.060694,-4.618142
2026/06/13 00:08:00.391,n,-4.420611,3.842362,3.757481,0.245936,OverRange,OverRange,OverRange,6.075781,9.05853,-4.729231
2026/06/13 00:09:00.339,n,-4.441267,3.658959,4.766798,1.311224,OverRange,OverRange,OverRange,6.07194,9.05422,-4.775987
2026/06/13 00:10:00.306,n,-4.461796,5.924654,5.782247,1.047244,OverRange,OverRange,OverRange,6.018936,9.046558,-4.809093
2026/06/13 00:11:00.336,n,-4.514655,6.452791,5.150715,1.116636,OverRange,OverRange,OverRange,6.028382,9.047666,-4.768138
2026/06/13 00:12:00.308,n,-4.529154,3.821981,3.896623,0.511495,OverRange,OverRange,OverRange,6.054123,9.047666,-4.857982
2026/06/13 00:13:00.325,n,-4.579063,3.68052,5.11584,1.329721,OverRange,OverRange,OverRange,6.007202,9.037936,-4.896804
2026/06/13 00:14:00.267,n,-4.543908,6.238051,5.322013,1.39703,OverRange,OverRange,OverRange,6.047496,9.036832,-4.789725
2026/06/13 00:15:00.270,n,-4.558534,3.483143,5.221,1.441657,OverRange,OverRange,OverRange,6.04011,9.030324,-4.869672
2026/06/13 00:16:00.443,n,-4.660918,5.09852,4.446497,1.189343,OverRange,OverRange,OverRange,6.050288,9.025966,-4.95926
2026/06/13 00:17:00.408,n,-4.707877,6.044854,5.29151,1.447784,OverRange,OverRange,OverRange,6.075521,9.016206,-4.84817
2026/06/13 00:18:00.361,n,-4.69928,3.643368,4.864106,1.353733,OverRange,OverRange,OverRange,6.03092,9.010772,-4.945608
2026/06/13 00:19:00.260,n,-4.675545,6.648155,5.288235,1.619066,OverRange,OverRange,OverRange,6.061249,9.00207,-5.023593
2026/06/13 00:20:00.261,n,-4.719552,6.258149,4.873514,1.238826,OverRange,OverRange,OverRange,6.10407,8.997726,-5.000044
2026/06/13 00:21:00.266,n,-4.667077,3.961654,4.771956,1.406028,OverRange,OverRange,OverRange,6.032186,8.993384,-5.019667
2026/06/13 00:22:00.265,n,-4.798714,3.634949,5.100331,1.397523,OverRange,OverRange,OverRange,6.061493,8.990146,-4.988525
2026/06/13 00:23:00.268,n,-4.722502,6.287577,6.35231,0.161191,OverRange,OverRange,OverRange,6.065583,8.992344,-4.912503
2026/06/13 00:24:00.269,n,-4.766639,4.153796,4.592986,1.264954,OverRange,OverRange,OverRange,6.035767,8.983624,-4.953458
2026/06/13 00:25:00.271,n,-4.705054,3.724273,4.967636,1.496103,OverRange,OverRange,OverRange,6.118068,8.98473,-5.050895
2026/06/13 00:26:00.273,n,-4.83977,3.681707,4.66111,1.204733,OverRange,OverRange,OverRange,6.095398,8.993758,-5.177599
2026/06/13 00:27:00.275,n,-4.345555,4.019252,4.963681,1.402413,OverRange,OverRange,OverRange,6.141993,8.993758,-4.846805
2026/06/13 00:28:00.262,n,-4.301419,6.339115,4.829458,1.477229,OverRange,OverRange,OverRange,6.195267,8.987544,-4.915148
2026/06/13 00:29:00.262,n,-4.482709,6.595704,4.765572,1.473276,OverRange,OverRange,OverRange,6.160594,8.984324,-5.101918
2026/06/13 00:30:00.264,n,-4.289231,3.885632,4.54079,1.39986,OverRange,OverRange,OverRange,6.182282,8.977784,-5.150552
2026/06/13 00:31:00.265,n,-4.210068,3.465795,4.922766,1.656401,OverRange,OverRange,OverRange,6.207495,8.98216,-5.168299
2026/06/13 00:32:00.268,n,-4.180945,3.07412,5.448797,1.59742,OverRange,OverRange,OverRange,6.188401,8.983234,-5.101833
2026/06/13 00:33:00.270,n,-4.365698,3.790133,3.812737,0.055491,OverRange,OverRange,OverRange,6.244471,8.98647,-5.179988
2026/06/13 00:34:00.271,n,-4.570466,5.356801,4.021416,0.656838,OverRange,OverRange,OverRange,6.293295,8.985366,-5.271623
2026/06/13 00:35:00.275,n,-4.529667,4.762911,4.837015,1.321254,OverRange,OverRange,OverRange,6.28211,8.985366,-5.26386
2026/06/13 00:36:00.276,n,-4.41843,6.738423,5.006827,1.538178,OverRange,OverRange,OverRange,6.25469,8.991886,-5.320172
2026/06/13 00:37:00.262,n,-4.233804,6.600776,5.843775,1.277016,OverRange,OverRange,OverRange,6.225617,8.996262,-5.256009
2026/06/13 00:38:00.265,n,-4.218793,3.135262,5.389595,1.197306,OverRange,OverRange,OverRange,6.226563,8.9995,-5.131439
2026/06/13 00:39:00.265,n,-4.306808,6.429233,5.772768,0.725118,OverRange,OverRange,OverRange,6.227112,9.010398,-5.080332
2026/06/13 00:40:00.267,n,-4.157337,5.185835,5.141195,1.602307,OverRange,OverRange,OverRange,6.268606,9.009292,-5.035623
2026/06/13 00:41:00.269,n,-4.166319,3.478687,4.855258,1.293413,OverRange,OverRange,OverRange,6.258866,9.012512,-5.078455
2026/06/13 00:42:00.272,n,-4.447554,6.081109,4.765547,1.04302,OverRange,OverRange,OverRange,6.327876,9.013602,-5.295002
2026/06/13 00:43:00.274,n,-4.257027,3.808834,4.855831,1.396096,OverRange,OverRange,OverRange,6.215414,9.025542,-5.271624
2026/06/13 00:44:00.276,n,-4.180688,3.115772,5.372698,1.639174,OverRange,OverRange,OverRange,6.263235,9.022304,-5.191762
2026/06/13 00:45:00.279,n,-4.125134,3.746673,4.594455,1.516416,OverRange,OverRange,OverRange,6.286993,9.029918,-5.25601
2026/06/13 00:46:00.263,n,-4.119103,2.956551,4.07039,1.147696,OverRange,OverRange,OverRange,6.314942,9.03644,-5.299012
2026/06/13 00:47:00.264,n,-4.160416,6.556147,5.220094,1.471662,OverRange,OverRange,OverRange,6.329702,9.041856,-5.404129
2026/06/13 00:48:00.270,n,-3.86712,6.509598,4.837543,1.845147,OverRange,OverRange,OverRange,6.360449,9.051618,-5.406006
2026/06/13 00:49:00.269,n,-3.990417,3.397818,4.404641,1.659723,OverRange,OverRange,OverRange,6.385763,9.055992,-5.57392
2026/06/13 00:50:00.275,n,-3.811823,3.125342,4.876706,1.721854,OverRange,OverRange,OverRange,6.41239,9.06572,-5.447132
2026/06/13 00:51:00.273,n,-3.846721,5.108182,5.392451,1.268864,OverRange,OverRange,OverRange,6.43363,9.07117,-5.476397
2026/06/13 00:52:00.276,n,-3.709182,6.439356,4.808029,1.595036,OverRange,OverRange,OverRange,6.443121,9.084166,-5.283313
2026/06/13 00:53:00.277,n,-3.726887,3.846341,3.97319,0.673217,OverRange,OverRange,OverRange,6.428782,9.09069,-5.364966
2026/06/13 00:54:00.279,n,-3.826449,6.304879,5.83637,1.318677,OverRange,OverRange,OverRange,6.477412,9.101554,-5.357373
2026/06/13 00:55:00.265,n,-3.601152,6.151213,6.198663,0.160271,OverRange,OverRange,OverRange,6.469991,9.11239,-5.295002
2026/06/13 00:56:00.265,n,-3.597817,3.756888,4.326803,1.206897,OverRange,OverRange,OverRange,6.540151,9.126524,-5.113607
2026/06/13 00:57:00.268,n,-3.592043,6.259356,5.369492,1.188499,OverRange,OverRange,OverRange,6.612071,9.141668,-5.010112
2026/06/13 00:58:00.270,n,-3.756268,3.217127,5.550011,1.250306,OverRange,OverRange,OverRange,6.476568,9.143816,-5.300719
2026/06/13 00:59:00.275,n,-3.779619,6.509959,5.189412,1.597542,OverRange,OverRange,OverRange,6.564337,9.162262,-5.292869
2026/06/13 01:00:00.274,n,-3.674156,3.212307,4.661813,1.565212,OverRange,OverRange,OverRange,6.506765,9.16768,-5.329984
2026/06/13 01:01:00.275,n,-3.890728,3.200382,4.799436,1.802808,OverRange,OverRange,OverRange,6.539017,9.173096,-5.488001
2026/06/13 01:02:00.277,n,-3.79989,3.133845,5.011483,1.498389,OverRange,OverRange,OverRange,6.541062,9.181816,-5.5659
2026/06/13 01:03:00.280,n,-3.800404,3.30523,4.536233,1.629768,OverRange,OverRange,OverRange,6.53774,9.19047,-5.480066
2026/06/13 01:04:00.265,n,-3.603975,6.581642,5.044081,1.726438,OverRange,OverRange,OverRange,6.540009,9.196992,-5.396109
2026/06/13 01:05:00.269,n,-3.677106,6.549492,4.86363,1.817155,OverRange,OverRange,OverRange,6.544617,9.203514,-5.419657
2026/06/13 01:06:00.271,n,-3.674027,3.07367,4.854074,1.718543,OverRange,OverRange,OverRange,6.504975,9.219784,-5.38459
2026/06/13 01:07:00.271,n,-3.671076,6.599336,5.051902,1.575751,OverRange,OverRange,OverRange,6.572785,9.228454,-5.300804
2026/06/13 01:08:00.273,n,-3.568692,3.74147,3.928081,0.795131,OverRange,OverRange,OverRange,6.562582,9.229544,-5.343721
2026/06/13 01:09:00.278,n,-3.548164,3.702431,4.157877,0.606221,OverRange,OverRange,OverRange,6.525477,9.239288,-5.21497
2026/06/13 01:10:00.277,n,-3.539311,4.80291,5.383854,1.406705,OverRange,OverRange,OverRange,6.559998,9.245828,-5.226659
2026/06/13 01:11:00.279,n,-3.621424,6.668385,4.931301,1.809392,OverRange,OverRange,OverRange,6.674098,9.250138,-5.265651
2026/06/13 01:12:00.284,n,-3.460149,4.499204,4.99576,1.36917,OverRange,OverRange,OverRange,6.599665,9.255588,-5.150552
2026/06/13 01:13:00.269,n,-3.372263,6.780976,4.798608,1.575948,OverRange,OverRange,OverRange,6.578913,9.259882,-5.093983
2026/06/13 01:14:00.272,n,-3.237804,6.856976,4.697605,1.624197,OverRange,OverRange,OverRange,6.589656,9.272912,-4.97513
2026/06/13 01:15:00.273,n,-3.296437,3.726424,4.186698,1.238815,OverRange,OverRange,OverRange,6.585597,9.272912,-5.119324
2026/06/13 01:16:00.274,n,-3.404467,3.784165,4.910835,1.560215,OverRange,OverRange,OverRange,6.634954,9.284852,-5.14091
2026/06/13 01:17:00.278,n,-3.284377,4.767312,5.04636,1.362219,OverRange,OverRange,OverRange,6.643163,9.29354,-5.175892
2026/06/13 01:18:00.277,n,-3.108861,6.557339,4.946291,1.501025,OverRange,OverRange,OverRange,6.69249,9.296808,-5.012159
2026/06/13 01:19:00.283,n,-3.085382,6.943259,4.95252,1.324491,OverRange,OverRange,OverRange,6.597341,9.307644,-4.994583
2026/06/13 01:20:00.283,n,-3.070756,6.352569,5.473124,1.400875,OverRange,OverRange,OverRange,6.700943,9.307644,-4.95943
2026/06/13 01:21:00.284,n,-3.070884,2.871252,4.673567,1.677759,OverRange,OverRange,OverRange,6.625992,9.316298,-4.981017
2026/06/13 01:22:00.268,n,-3.111941,3.781882,4.094792,1.281367,OverRange,OverRange,OverRange,6.794841,9.317404,-4.980846
2026/06/13 01:23:00.270,n,-3.305162,5.590854,5.3253,1.65131,OverRange,OverRange,OverRange,6.838018,9.321714,-5.150552
2026/06/13 01:24:00.275,n,-3.088333,6.237782,5.361377,1.694249,OverRange,OverRange,OverRange,6.759969,9.333624,-4.986819
2026/06/13 01:25:00.274,n,-3.015202,3.142245,4.332745,1.367331,OverRange,OverRange,OverRange,6.75233,9.337998,-4.951581
2026/06/13 01:26:00.276,n,-2.936297,3.690555,5.030506,1.651176,OverRange,OverRange,OverRange,6.880992,9.345612,-5.107634
2026/06/13 01:27:00.279,n,-3.103088,6.776839,5.204833,1.710959,OverRange,OverRange,OverRange,6.928421,9.349938,-5.183827
2026/06/13 01:28:00.265,n,-3.009172,3.83514,4.631126,1.354755,OverRange,OverRange,OverRange,6.792043,9.361832,-5.109597
2026/06/13 01:29:00.266,n,-3.0297,3.339265,4.936804,1.366809,OverRange,OverRange,OverRange,6.91774,9.36401,-5.058916
2026/06/13 01:30:00.268,n,-2.877663,3.392084,4.552192,1.476117,OverRange,OverRange,OverRange,6.967672,9.377008,-4.994498
2026/06/13 01:31:00.269,n,-2.760524,6.668441,5.111813,1.754916,OverRange,OverRange,OverRange,6.991074,9.382426,-4.916599
2026/06/13 01:32:00.271,n,-2.683928,2.969651,4.809605,1.702989,OverRange,OverRange,OverRange,6.920548,9.377318,-5.0003
2026/06/13 01:33:00.257,n,-2.918719,4.201014,4.660343,1.352225,OverRange,OverRange,OverRange,6.95697,9.382736,-5.105672
2026/06/13 01:34:00.259,n,-2.915897,3.402969,4.86747,1.832478,OverRange,OverRange,OverRange,6.946528,9.391406,-5.078369
2026/06/13 01:35:00.261,n,-2.92167,3.629676,4.26989,1.300377,OverRange,OverRange,OverRange,7.028809,9.401166,-5.051237
2026/06/13 01:36:00.265,n,-2.942198,3.433998,5.00027,1.551898,OverRange,OverRange,OverRange,7.079656,9.410928,-5.021801
2026/06/13 01:37:00.267,n,-2.939119,6.825501,4.715861,1.594431,OverRange,OverRange,OverRange,7.064769,9.415272,-5.119324
2026/06/13 01:38:00.269,n,-3.220226,6.338316,5.245245,1.604361,OverRange,OverRange,OverRange,7.080399,9.428236,-5.331946
2026/06/13 01:39:00.269,n,-3.006349,6.798663,5.757184,1.006387,OverRange,OverRange,OverRange,6.990433,9.442326,-5.214885
2026/06/13 01:40:00.273,n,-3.067933,3.670325,3.608925,0.215998,OverRange,OverRange,OverRange,7.034933,9.443416,-5.203195
2026/06/13 01:41:00.257,n,-3.170446,3.632769,3.713591,0.064376,OverRange,OverRange,OverRange,7.199295,9.463376,-5.216847
2026/06/13 01:42:00.259,n,-2.777845,3.743582,5.32397,1.435761,OverRange,OverRange,OverRange,7.174286,9.465524,-5.025896
2026/06/13 01:43:00.262,n,-2.895112,6.559262,5.460542,1.551644,OverRange,OverRange,OverRange,7.348547,9.476376,-4.973167
2026/06/13 01:44:00.264,n,-2.675332,4.058565,4.170041,1.205799,OverRange,OverRange,OverRange,7.170985,9.495116,-4.887503
2026/06/13 01:45:00.267,n,-2.936168,4.671134,5.487672,1.186631,OverRange,OverRange,OverRange,7.414841,9.498384,-5.023848
2026/06/13 01:46:00.269,n,-2.897935,6.517847,4.711301,1.435139,OverRange,OverRange,OverRange,7.361201,9.513532,-4.961478
2026/06/13 01:47:00.270,n,-2.795294,4.462858,4.977406,1.577579,OverRange,OverRange,OverRange,7.349417,9.523294,-4.986819
2026/06/13 01:48:00.272,n,-2.681363,6.266688,5.277445,1.311584,OverRange,OverRange,OverRange,7.471354,9.534128,-4.828888
2026/06/13 01:49:00.258,n,-2.903708,6.666389,4.246626,1.189964,OverRange,OverRange,OverRange,7.381699,9.543922,-4.875559
2026/06/13 01:50:00.262,n,-2.733837,6.309742,6.253346,0.032212,OverRange,OverRange,OverRange,7.386938,9.557994,-4.97129
2026/06/13 01:51:00.261,n,-2.695989,3.381455,4.508924,1.217634,OverRange,OverRange,OverRange,7.344229,9.564486,-4.918561
2026/06/13 01:52:00.264,n,-2.64608,3.283446,4.686406,1.51026,OverRange,OverRange,OverRange,7.445216,9.578558,-4.791773
2026/06/13 01:53:00.266,n,-2.648902,6.478151,5.386988,1.596751,OverRange,OverRange,OverRange,7.504084,9.591572,-4.793735
2026/06/13 01:54:00.268,n,-2.558322,6.589164,5.21277,1.58605,OverRange,OverRange,OverRange,7.437271,9.602376,-4.813103
2026/06/13 01:55:00.269,n,-2.458632,3.792921,4.555866,1.537159,OverRange,OverRange,OverRange,7.367574,9.615408,-4.828887
2026/06/13 01:56:00.271,n,-2.367923,3.302448,5.182759,1.610939,OverRange,OverRange,OverRange,7.470902,9.627252,-4.811396
2026/06/13 01:57:00.276,n,-2.406157,6.570784,5.50161,1.501528,OverRange,OverRange,OverRange,7.568624,9.64243,-4.791687
2026/06/13 01:58:00.259,n,-2.382549,3.679391,4.611564,1.347808,OverRange,OverRange,OverRange,7.533493,9.653266,-4.856276
2026/06/13 01:59:00.262,n,-2.414753,4.573041,4.364694,1.166737,OverRange,OverRange,OverRange,7.649394,9.662994,-4.852266
2026/06/13 02:00:00.264,n,-2.289146,6.520748,5.307469,1.665932,OverRange,OverRange,OverRange,7.694402,9.66851,-4.774111
2026/06/13 02:01:00.265,n,-2.517009,5.362593,4.920126,1.167326,OverRange,OverRange,OverRange,7.624766,9.683688,-4.993986
2026/06/13 02:02:00.268,n,-2.517009,3.579675,5.112348,1.197491,OverRange,OverRange,OverRange,7.571269,9.692328,-4.865405
2026/06/13 02:03:00.270,n,-2.604895,6.236082,4.719099,1.398045,OverRange,OverRange,OverRange,7.730673,9.708548,-4.758156
2026/06/13 02:04:00.271,n,-2.478904,3.713026,4.583763,1.20299,OverRange,OverRange,OverRange,7.586584,9.718278,-4.754316
2026/06/13 02:05:00.275,n,-2.519832,6.25968,4.866688,1.311943,OverRange,OverRange,OverRange,7.727641,9.733002,-4.750306
2026/06/13 02:06:00.280,n,-2.552035,3.627281,3.727056,0.202263,OverRange,OverRange,OverRange,7.560323,9.73951,-4.740665
2026/06/13 02:07:00.262,n,-2.543182,3.936149,4.868486,1.305873,OverRange,OverRange,OverRange,7.573105,9.753532,-4.756108
2026/06/13 02:08:00.263,n,-2.522782,3.843383,4.878487,1.420574,OverRange,OverRange,OverRange,7.687582,9.764402,-4.769674
2026/06/13 02:09:00.265,n,-2.531379,5.453027,5.167555,1.345508,OverRange,OverRange,OverRange,7.748322,9.77737,-4.761995
2026/06/13 02:10:00.267,n,-2.434768,3.203729,4.581806,1.510328,OverRange,OverRange,OverRange,7.53096,9.790382,-4.750221
2026/06/13 02:11:00.271,n,-2.528556,4.099129,4.540026,1.230911,OverRange,OverRange,OverRange,7.648611,9.80332,-4.483077
2026/06/13 02:12:00.272,n,-2.505077,6.309159,5.295553,1.587194,OverRange,OverRange,OverRange,7.71842,9.820646,-4.530005
2026/06/13 02:13:00.273,n,-2.499175,3.217445,4.690534,1.516113,OverRange,OverRange,OverRange,7.49142,9.823916,-4.54741
2026/06/13 02:14:00.277,n,-2.554986,3.735484,4.645675,1.472537,OverRange,OverRange,OverRange,7.587062,9.835826,-4.58043
2026/06/13 02:15:00.278,n,-2.502126,6.163431,5.371745,1.295137,OverRange,OverRange,OverRange,7.766922,9.84663,-4.664387
2026/06/13 02:16:00.263,n,-2.522654,6.557195,4.883978,1.652523,OverRange,OverRange,OverRange,7.677592,9.858506,-4.660547
2026/06/13 02:17:00.265,n,-2.534586,6.422983,4.936668,1.578618,OverRange,OverRange,OverRange,7.751755,9.863924,-4.64681
2026/06/13 02:18:00.267,n,-2.7042,6.299546,5.008702,1.391856,OverRange,OverRange,OverRange,7.707276,9.879106,-4.785288
2026/06/13 02:19:00.270,n,-2.552035,3.724748,4.498825,1.200485,OverRange,OverRange,OverRange,7.672694,9.888802,-4.658584
2026/06/13 02:20:00.272,n,-2.657498,3.864042,4.147705,1.18936,OverRange,OverRange,OverRange,7.706513,9.90395,-4.280181
2026/06/13 02:21:00.277,n,-2.604638,6.096902,4.499209,1.162287,OverRange,OverRange,OverRange,7.832296,9.911548,-4.181122
2026/06/13 02:22:00.275,n,-2.514058,6.630273,4.794633,1.285705,OverRange,OverRange,OverRange,7.609828,9.916934,-4.257059
2026/06/13 02:23:00.278,n,-2.551907,6.508159,4.906312,1.655507,OverRange,OverRange,OverRange,7.666148,9.931008,-4.118496
2026/06/13 02:24:00.281,n,-2.53728,3.752485,4.866332,1.574345,OverRange,OverRange,OverRange,7.549871,9.938604,-4.206122
2026/06/13 02:25:00.265,n,-2.543054,6.819631,5.402195,1.37959,OverRange,OverRange,OverRange,7.704722,9.95045,-4.062013
2026/06/13 02:26:00.267,n,-2.601688,6.749913,4.952572,1.488062,OverRange,OverRange,OverRange,7.709793,9.95696,-4.120544
2026/06/13 02:27:00.268,n,-2.683543,6.48022,5.15503,1.500859,OverRange,OverRange,OverRange,7.699341,9.966672,-4.10109
2026/06/13 02:28:00.273,n,-2.698298,3.451864,5.35068,1.506585,OverRange,OverRange,OverRange,7.561361,9.968836,-4.122591
2026/06/13 02:29:00.273,n,-2.82429,6.666674,4.897257,1.398254,OverRange,OverRange,OverRange,7.661652,9.975328,-4.149638
2026/06/13 02:30:00.275,n,-2.894599,3.978255,5.024712,1.477719,OverRange,OverRange,OverRange,7.578949,9.978582,-4.169263
2026/06/13 02:31:00.276,n,-2.947202,6.222547,4.910024,1.309002,OverRange,OverRange,OverRange,7.60229,9.982212,-4.2045
2026/06/13 02:32:00.279,n,-3.327615,6.478471,5.089959,1.467684,OverRange,OverRange,OverRange,7.485418,9.973588,-4.353985
2026/06/13 02:33:00.283,n,-3.371365,3.205695,4.984901,1.485681,OverRange,OverRange,OverRange,7.418381,9.974628,-4.515756
2026/06/13 02:34:00.267,n,-3.441802,3.708716,4.556278,1.614819,OverRange,OverRange,OverRange,7.481578,9.9779,-4.473009
2026/06/13 02:35:00.269,n,-3.406648,5.533339,5.343308,1.492521,OverRange,OverRange,OverRange,7.604315,9.972482,-4.408591
2026/06/13 02:36:00.274,n,-3.45938,6.071471,5.271032,1.576177,OverRange,OverRange,OverRange,7.437938,9.973588,-4.486575
2026/06/13 02:37:00.271,n,-3.553168,3.203245,4.776801,1.677429,OverRange,OverRange,OverRange,7.308701,9.972482,-4.385383
2026/06/13 02:38:00.273,n,-3.631945,4.130899,5.256685,1.293546,OverRange,OverRange,OverRange,7.500544,9.967062,-4.336408
2026/06/13 02:39:00.275,n,-3.573696,6.17432,5.227806,1.239694,OverRange,OverRange,OverRange,7.529923,9.963824,-4.642459
2026/06/13 02:40:00.278,n,-3.518142,4.136721,4.56193,1.441033,OverRange,OverRange,OverRange,7.353724,9.95948,-4.615326
2026/06/13 02:41:00.279,n,-3.453349,6.2652,5.793528,1.225517,OverRange,OverRange,OverRange,7.479869,9.958406,-4.398865
2026/06/13 02:42:00.281,n,-3.418451,3.861867,4.261297,1.156141,OverRange,OverRange,OverRange,7.267945,9.958406,-4.338371
2026/06/13 02:43:00.266,n,-3.54162,6.451543,4.294387,1.067049,OverRange,OverRange,OverRange,7.55189,9.955186,-4.342552
2026/06/13 02:44:00.269,n,-3.421274,3.778511,4.434812,1.28355,OverRange,OverRange,OverRange,7.342082,9.951948,-4.441782
2026/06/13 02:45:00.270,n,-3.523787,3.89186,4.048739,0.834082,OverRange,OverRange,OverRange,7.549845,9.948678,-4.49033
2026/06/13 02:46:00.272,n,-3.459508,5.175089,5.624813,0.949821,OverRange,OverRange,OverRange,7.617381,9.946528,-4.755596
2026/06/13 02:47:00.276,n,-3.368799,4.200511,5.112258,1.309454,OverRange,OverRange,OverRange,7.43898,9.942184,-4.613364
2026/06/13 02:48:00.278,n,-3.385991,4.903988,5.575115,0.835364,OverRange,OverRange,OverRange,7.503439,9.942184,-4.545192
2026/06/13 02:49:00.278,n,-3.397795,5.120267,5.643588,0.891288,OverRange,OverRange,OverRange,7.476888,9.941112,-4.706962
2026/06/13 02:50:00.280,n,-3.435901,3.630715,4.608596,1.511691,OverRange,OverRange,OverRange,7.40507,9.938946,-4.650394
2026/06/13 02:51:00.282,n,-3.42987,3.764933,4.431135,1.201799,OverRange,OverRange,OverRange,7.448787,9.941112,-4.657987
2026/06/13 02:52:00.268,n,-3.397795,3.946981,5.02989,1.150551,OverRange,OverRange,OverRange,7.450267,9.937906,-4.705
2026/06/13 02:53:00.271,n,-3.409727,6.019186,4.984956,1.472329,OverRange,OverRange,OverRange,7.538305,9.941112,-4.560635
2026/06/13 02:54:00.273,n,-3.350965,3.739543,4.514148,1.395593,OverRange,OverRange,OverRange,7.372935,9.93576,-4.603467
2026/06/13 02:55:00.275,n,-3.307086,3.804159,4.542554,1.308368,OverRange,OverRange,OverRange,7.478617,9.928128,-4.560635
2026/06/13 02:56:00.275,n,-3.397795,6.487139,4.192519,1.127439,OverRange,OverRange,OverRange,7.663636,9.929234,-4.627016
2026/06/13 02:57:00.277,n,-3.222151,3.843822,4.360937,1.144517,OverRange,OverRange,OverRange,7.387792,9.930308,-4.531455
2026/06/13 02:58:00.280,n,-3.204702,6.121172,5.157386,1.185005,OverRange,OverRange,OverRange,7.673564,9.93462,-4.424376
2026/06/13 02:59:00.281,n,-3.233827,3.051229,4.25841,1.188674,OverRange,OverRange,OverRange,7.452774,9.933578,-4.476934
2026/06/13 03:00:00.349,n,-3.163646,5.916947,5.348635,1.270515,OverRange,OverRange,OverRange,7.665131,9.940004,-4.543144
2026/06/13 03:01:00.269,n,-3.131442,5.788012,4.666439,1.126739,OverRange,OverRange,OverRange,7.618719,9.942184,-4.414478
2026/06/13 03:02:00.271,n,-3.046378,6.600068,4.855579,1.639159,OverRange,OverRange,OverRange,7.600474,9.946528,-4.352108
2026/06/13 03:03:00.273,n,-2.979021,3.189357,4.556338,1.377908,OverRange,OverRange,OverRange,7.618129,9.954126,-4.521813
2026/06/13 03:04:00.275,n,-2.93527,3.949155,5.243504,1.381219,OverRange,OverRange,OverRange,7.584702,9.95948,-4.326682
2026/06/13 03:05:00.278,n,-3.017126,3.21725,4.272376,1.169569,OverRange,OverRange,OverRange,7.6707,9.9649,-4.260387
2026/06/13 03:06:00.262,n,-2.917565,6.39391,6.246659,0.257208,OverRange,OverRange,OverRange,7.737071,9.974628,-4.295539
2026/06/13 03:07:00.265,n,-2.859059,4.961738,5.074575,1.247297,OverRange,OverRange,OverRange,7.6347,9.984358,-4.359957
2026/06/13 03:08:00.267,n,-2.856237,3.268812,4.6598,1.078916,OverRange,OverRange,OverRange,7.679621,9.988704,-4.262434
2026/06/13 03:09:00.269,n,-2.870863,3.95932,4.531583,1.317799,OverRange,OverRange,OverRange,7.616079,9.998432,-4.057832
2026/06/13 03:10:00.269,n,-3.005451,6.700302,5.19668,1.530226,OverRange,OverRange,OverRange,7.797364,9.99627,-4.087183
2026/06/13 03:11:00.278,n,-2.859316,6.675335,5.201413,1.574159,OverRange,OverRange,OverRange,7.768031,10.001654,-4.338286
2026/06/13 03:12:00.257,n,-2.838659,6.530682,4.902552,1.727752,OverRange,OverRange,OverRange,7.691519,10.012492,-4.260557
2026/06/13 03:13:00.259,n,-2.850335,6.523579,4.782087,1.655638,OverRange,OverRange,OverRange,7.763926,10.01895,-4.244858
2026/06/13 03:14:00.261,n,-2.885361,6.463835,5.234119,1.61121,OverRange,OverRange,OverRange,7.751679,10.028712,-4.194176
2026/06/13 03:15:00.266,n,-2.93527,3.224826,4.436064,1.598738,OverRange,OverRange,OverRange,7.743261,10.03195,-4.237179
2026/06/13 03:16:00.265,n,-2.917565,6.389325,5.325674,1.642952,OverRange,OverRange,OverRange,7.837097,10.040592,-4.161072
2026/06/13 03:17:00.270,n,-3.099239,6.517306,4.848462,1.441021,OverRange,OverRange,OverRange,7.702245,10.049214,-4.108599
2026/06/13 03:18:00.270,n,-3.198929,6.158995,5.029145,1.473944,OverRange,OverRange,OverRange,7.864177,10.051394,-4.396902
2026/06/13 03:19:00.271,n,-3.110914,4.796439,4.662661,1.309488,OverRange,OverRange,OverRange,7.819296,10.054666,-4.453385
2026/06/13 03:20:00.256,n,-3.084484,3.048145,4.561678,1.546393,OverRange,OverRange,OverRange,7.953064,10.062198,-4.476763
2026/06/13 03:21:00.261,n,-3.087179,6.132646,5.398002,1.518581,OverRange,OverRange,OverRange,7.937587,10.069782,-4.387175
2026/06/13 03:22:00.260,n,-3.125669,6.670985,4.681408,1.563409,OverRange,OverRange,OverRange,7.927073,10.08597,-4.410724
2026/06/13 03:23:00.263,n,-3.1784,6.470598,4.865441,1.782252,OverRange,OverRange,OverRange,7.93718,10.083806,-4.367722
2026/06/13 03:24:00.267,n,-3.207653,6.490759,4.908449,1.693575,OverRange,OverRange,OverRange,7.976435,10.09357,-4.35407
2026/06/13 03:25:00.267,n,-3.242551,3.716156,4.066688,1.312714,OverRange,OverRange,OverRange,7.846385,10.096776,-4.276086
2026/06/13 03:26:00.269,n,-3.31286,6.545917,5.518364,1.471073,OverRange,OverRange,OverRange,8.085597,10.110832,-4.241019
2026/06/13 03:27:00.273,n,-3.301313,6.442596,6.169374,0.373724,OverRange,OverRange,OverRange,7.839041,10.115144,-4.348183
2026/06/13 03:28:00.272,n,-3.421402,6.507101,5.306177,1.332873,OverRange,OverRange,OverRange,7.802277,10.121606,-4.359873
2026/06/13 03:29:00.260,n,-3.421274,3.867175,5.192688,1.33667,OverRange,OverRange,OverRange,7.694464,10.125916,-4.225405
2026/06/13 03:30:00.259,n,-3.547394,5.945894,4.576736,1.240487,OverRange,OverRange,OverRange,8.034658,10.132442,-4.010905
2026/06/13 03:31:00.263,n,-3.462331,3.664573,5.402191,1.074527,OverRange,OverRange,OverRange,7.816056,10.138934,-4.196224
2026/06/13 03:32:00.263,n,-3.506338,3.778718,3.701131,0.144753,OverRange,OverRange,OverRange,7.876013,10.14432,-4.161157
2026/06/13 03:33:00.265,n,-3.740487,6.807878,4.354729,1.220083,OverRange,OverRange,OverRange,8.01917,10.146484,-4.562598
2026/06/13 03:34:00.267,n,-3.541749,4.268871,4.752262,1.130364,OverRange,OverRange,OverRange,7.692938,10.15187,-4.219347
2026/06/13 03:35:00.270,n,-3.781415,3.714794,3.992603,0.87115,OverRange,OverRange,OverRange,7.774562,10.145394,-4.486661
2026/06/13 03:36:00.271,n,-3.740487,4.030597,4.492564,1.246656,OverRange,OverRange,OverRange,7.931249,10.150812,-4.400741
2026/06/13 03:37:00.257,n,-3.541364,3.790852,4.837735,1.494928,OverRange,OverRange,OverRange,7.982636,10.161614,-4.410383
2026/06/13 03:38:00.259,n,-3.447448,2.975483,4.924822,1.387225,OverRange,OverRange,OverRange,7.97965,10.161614,-4.223442
2026/06/13 03:39:00.261,n,-3.397796,3.756434,4.866796,1.608365,OverRange,OverRange,OverRange,7.959742,10.161614,-4.256633
2026/06/13 03:40:00.263,n,-3.368543,3.27269,4.743551,1.566436,OverRange,OverRange,OverRange,7.977026,10.17024,-3.989574
2026/06/13 03:41:00.265,n,-3.315939,6.499827,5.085139,1.567962,OverRange,OverRange,OverRange,7.969116,10.181046,-3.896061
2026/06/13 03:42:00.268,n,-3.350837,6.640412,4.694386,1.577538,OverRange,OverRange,OverRange,7.923508,10.184282,-3.993414
2026/06/13 03:43:00.268,n,-3.394844,4.698505,4.85119,1.405008,OverRange,OverRange,OverRange,7.874868,10.172438,-4.05587
2026/06/13 03:44:00.271,n,-3.617703,6.441658,4.812629,1.625474,OverRange,OverRange,OverRange,7.947988,10.169264,-4.235217
2026/06/13 03:45:00.273,n,-3.631944,3.708209,4.064878,0.537614,OverRange,OverRange,OverRange,7.837794,10.173544,-4.20416
2026/06/13 03:46:00.259,n,-3.649907,6.24882,6.287041,0.100095,OverRange,OverRange,OverRange,7.949117,10.17465,-4.281888
2026/06/13 03:47:00.261,n,-3.573696,3.86758,5.293302,1.334912,OverRange,OverRange,OverRange,7.861227,10.177856,-4.235131
2026/06/13 03:48:00.263,n,-3.547394,3.947788,5.198279,1.265787,OverRange,OverRange,OverRange,7.928696,10.183308,-4.159109
2026/06/13 03:49:00.265,n,-3.571001,6.350359,4.808732,1.013113,OverRange,OverRange,OverRange,7.975373,10.181142,-4.18846
2026/06/13 03:50:00.266,n,-3.48876,3.818873,3.686901,0.224091,OverRange,OverRange,OverRange,7.89206,10.187602,-4.313116
2026/06/13 03:51:00.269,n,-3.509545,3.727,4.98628,0.890815,OverRange,OverRange,OverRange,8.017619,10.191914,-4.303474
2026/06/13 03:52:00.270,n,-3.494662,3.287902,4.461735,1.139843,OverRange,OverRange,OverRange,8.041026,10.196226,-4.371647
2026/06/13 03:53:00.271,n,-3.506209,6.212836,5.038955,1.695101,OverRange,OverRange,OverRange,8.013759,10.197332,-4.293662
2026/06/13 03:54:00.275,n,-3.477085,3.703293,4.202729,0.742002,OverRange,OverRange,OverRange,7.873194,10.201646,-4.268151
2026/06/13 03:55:00.262,n,-3.532896,6.374612,5.30801,1.444547,OverRange,OverRange,OverRange,8.101598,10.204884,-4.127881
2026/06/13 03:56:00.262,n,-3.521092,6.088702,5.272579,1.300629,OverRange,OverRange,OverRange,7.92717,10.20817,-4.258425
2026/06/13 03:57:00.264,n,-3.576775,3.872591,4.92253,1.458587,OverRange,OverRange,OverRange,7.809947,10.210284,-4.219517
2026/06/13 03:58:00.266,n,-3.731634,3.323968,4.694621,1.34119,OverRange,OverRange,OverRange,7.875956,10.215688,-4.245029
2026/06/13 03:59:00.268,n,-3.781415,6.461782,4.952298,1.489398,OverRange,OverRange,OverRange,7.963282,10.210284,-4.141703
2026/06/13 04:00:00.270,n,-3.810924,6.2858,4.748149,1.425946,OverRange,OverRange,OverRange,7.83079,10.214598,-4.073361
2026/06/13 04:01:00.271,n,-4.127186,6.352766,5.225895,1.526187,OverRange,OverRange,OverRange,7.827225,10.20599,-4.340248
2026/06/13 04:02:00.275,n,-4.057006,6.388894,5.018391,1.317491,OverRange,OverRange,OverRange,7.828273,10.207064,-4.3539
2026/06/13 04:03:00.275,n,-3.989776,3.784796,4.243879,1.073501,OverRange,OverRange,OverRange,7.721237,10.209244,-4.182317
2026/06/13 04:04:00.260,n,-4.147714,3.703152,4.911545,1.393981,OverRange,OverRange,OverRange,7.722193,10.200538,-4.235131
2026/06/13 04:05:00.262,n,-4.320664,5.989167,4.505722,1.136374,OverRange,OverRange,OverRange,7.827596,10.204884,-4.227367
2026/06/13 04:06:00.264,n,-4.23868,3.787908,5.136983,1.223511,OverRange,OverRange,OverRange,7.802343,10.190872,-4.334617
2026/06/13 04:07:00.266,n,-4.182869,6.215266,4.832032,1.235499,OverRange,OverRange,OverRange,7.811971,10.191914,-4.305352
2026/06/13 04:08:00.270,n,-4.179918,5.857937,5.598049,1.030165,OverRange,OverRange,OverRange,7.62792,10.183308,-4.155099
2026/06/13 04:09:00.270,n,-4.458075,3.384864,4.821894,1.63437,OverRange,OverRange,OverRange,7.668101,10.173544,-4.357995
2026/06/13 04:10:00.272,n,-4.525305,3.379453,4.844756,1.703772,OverRange,OverRange,OverRange,7.622935,10.16819,-4.406629
2026/06/13 04:11:00.274,n,-4.499131,3.499456,4.779974,1.52225,OverRange,OverRange,OverRange,7.577632,10.161666,-4.422157
2026/06/13 04:12:00.277,n,-4.542882,3.231554,5.166162,1.540672,OverRange,OverRange,OverRange,7.51207,10.154116,-4.371647
2026/06/13 04:13:00.262,n,-4.56944,6.506644,4.863761,1.539512,OverRange,OverRange,OverRange,7.554642,10.144402,-4.363626
2026/06/13 04:14:00.264,n,-4.651553,3.32945,4.645055,1.546306,OverRange,OverRange,OverRange,7.417883,10.132538,-4.412515
2026/06/13 04:15:00.266,n,-4.657326,3.216002,4.907644,1.779761,OverRange,OverRange,OverRange,7.488007,10.116316,-4.463027
2026/06/13 04:16:00.268,n,-4.680805,4.127187,4.989126,1.555598,OverRange,OverRange,OverRange,7.404628,10.103364,-4.3911
2026/06/13 04:17:00.269,n,-4.915211,6.588403,4.561852,1.526017,OverRange,OverRange,OverRange,7.452372,10.08607,-4.476763
2026/06/13 04:18:00.274,n,-4.891989,6.373118,4.919987,1.602243,OverRange,OverRange,OverRange,7.43248,10.070952,-4.472838
2026/06/13 04:19:00.275,n,-4.783318,6.813534,4.895164,1.479822,OverRange,OverRange,OverRange,7.396754,10.056864,-4.572153
2026/06/13 04:20:00.276,n,-4.686707,6.431276,5.415542,1.416234,OverRange,OverRange,OverRange,7.37174,10.052614,-4.470961
2026/06/13 04:21:00.278,n,-4.437932,5.950723,4.874303,1.324472,OverRange,OverRange,OverRange,7.373886,10.03859,-4.292126
2026/06/13 04:22:00.265,n,-4.294619,6.340739,4.667159,1.200784,OverRange,OverRange,OverRange,7.34962,10.028828,-4.263032
2026/06/13 04:23:00.265,n,-4.095496,3.800762,5.273681,1.24238,OverRange,OverRange,OverRange,7.336396,10.013336,-4.24537
2026/06/13 04:24:00.267,n,-4.206348,6.102449,5.141232,1.149643,OverRange,OverRange,OverRange,7.450501,10.001494,-4.192556
2026/06/13 04:25:00.271,n,-4.066115,3.78852,5.360748,0.967964,OverRange,OverRange,OverRange,7.289704,9.982032,-4.235472
2026/06/13 04:26:00.273,n,-4.130522,3.874272,4.559592,1.349567,OverRange,OverRange,OverRange,7.390737,9.972334,-4.192385
2026/06/13 04:27:00.272,n,-4.446913,6.022101,4.909543,1.300907,OverRange,OverRange,OverRange,7.475266,9.957154,-4.473265
2026/06/13 04:28:00.276,n,-4.285766,5.452304,4.388263,1.099871,OverRange,OverRange,OverRange,7.363429,9.958766,-4.551249
2026/06/13 04:29:00.277,n,-3.908048,5.078449,5.687052,0.514686,OverRange,OverRange,OverRange,7.444382,9.937744,-4.36465
2026/06/13 04:30:00.281,n,-4.141685,3.759863,3.76114,0.099514,OverRange,OverRange,OverRange,7.434535,9.918284,-4.521728
2026/06/13 04:31:00.265,n,-4.118205,6.098073,5.242543,0.717958,OverRange,OverRange,OverRange,7.67332,9.91503,-4.513879
2026/06/13 04:32:00.266,n,-3.995293,6.017621,6.047283,0.05057,OverRange,OverRange,OverRange,7.60142,9.91503,-4.400827
2026/06/13 04:33:00.268,n,-3.980538,5.868715,5.780843,0.221832,OverRange,OverRange,OverRange,7.642472,9.900988,-4.418403
2026/06/13 04:34:00.271,n,-3.872252,6.82264,4.562015,1.201985,OverRange,OverRange,OverRange,7.458262,9.896644,-4.387175
2026/06/13 04:35:00.274,n,-3.954365,3.21093,5.46428,1.153651,OverRange,OverRange,OverRange,7.498856,9.887972,-4.295625
2026/06/13 04:36:00.274,n,-3.910358,6.064912,5.098986,1.168649,OverRange,OverRange,OverRange,7.65419,9.881546,-4.494425
2026/06/13 04:37:00.279,n,-3.860577,5.302532,4.633977,1.268931,OverRange,OverRange,OverRange,7.599066,9.902974,-4.406714
2026/06/13 04:38:00.279,n,-3.860962,6.321363,4.709074,1.220026,OverRange,OverRange,OverRange,7.597341,9.89863,-4.366271
2026/06/13 04:39:00.279,n,-4.13065,3.703337,3.746924,0.085662,OverRange,OverRange,OverRange,7.58108,9.89217,-4.576846
2026/06/13 04:40:00.266,n,-4.224311,6.010424,5.98479,0.073806,OverRange,OverRange,OverRange,7.76033,9.88672,-4.742371
2026/06/13 04:41:00.268,n,-3.943203,3.31487,4.535944,1.444295,OverRange,OverRange,OverRange,7.558294,9.884556,-4.652868
2026/06/13 04:42:00.269,n,-3.943074,3.519545,4.221235,1.068159,OverRange,OverRange,OverRange,7.595831,9.885646,-4.473521
2026/06/13 04:43:00.274,n,-3.960652,5.734,4.517418,1.245766,OverRange,OverRange,OverRange,7.660843,9.882376,-4.475569
2026/06/13 04:44:00.272,n,-3.82863,3.895662,4.818853,1.010163,OverRange,OverRange,OverRange,7.589208,9.882376,-4.498862
2026/06/13 04:45:00.278,n,-3.910999,6.398069,4.392328,1.008727,OverRange,OverRange,OverRange,7.685852,9.88672,-4.395366
2026/06/13 04:46:00.278,n,-3.846592,6.123273,5.303941,1.339273,OverRange,OverRange,OverRange,7.712342,9.87699,-4.485039
2026/06/13 04:47:00.280,n,-3.808358,3.460701,5.014852,1.263923,OverRange,OverRange,OverRange,7.54629,9.87699,-4.321392
2026/06/13 04:48:00.287,n,-3.911127,6.180532,5.13058,1.097634,OverRange,OverRange,OverRange,7.723368,9.880244,-4.372159
2026/06/13 04:49:00.267,n,-3.937429,6.181222,5.211918,1.317879,OverRange,OverRange,OverRange,7.660075,9.87699,-4.428556
2026/06/13 04:50:00.268,n,-3.899067,3.81735,3.740087,0.218356,OverRange,OverRange,OverRange,7.593542,9.874826,-4.430433
2026/06/13 04:51:00.271,n,-4.22136,6.16352,4.589362,1.309393,OverRange,OverRange,OverRange,7.741989,9.87699,-4.516353
2026/06/13 04:52:00.273,n,-4.057519,3.643305,3.936767,0.657609,OverRange,OverRange,OverRange,7.564962,9.87053,-4.530261
2026/06/13 04:53:00.274,n,-4.028266,3.806404,3.964573,0.358127,OverRange,OverRange,OverRange,7.567561,9.873752,-4.467719
2026/06/13 04:54:00.279,n,-3.987082,5.329729,5.061544,0.937588,OverRange,OverRange,OverRange,7.635122,9.871604,-4.547495
2026/06/13 04:55:00.279,n,-4.048666,3.652176,3.98366,0.559914,OverRange,OverRange,OverRange,7.5793,9.867292,-4.424632
2026/06/13 04:56:00.280,n,-4.045715,5.587738,4.8535,1.166166,OverRange,OverRange,OverRange,7.789388,9.866186,-4.553553
2026/06/13 04:57:00.283,n,-3.937429,3.805121,4.82636,1.461504,OverRange,OverRange,OverRange,7.626374,9.859694,-4.590583
2026/06/13 04:58:00.271,n,-4.010561,3.318709,5.174336,1.458024,OverRange,OverRange,OverRange,7.747767,9.862948,-4.615668
2026/06/13 04:59:00.270,n,-3.963731,4.765476,5.476625,1.098904,OverRange,OverRange,OverRange,7.665451,9.860768,-4.500653
2026/06/13 05:00:00.271,n,-3.916773,3.455096,4.144467,1.125204,OverRange,OverRange,OverRange,7.619288,9.861842,-4.436491
2026/06/13 05:01:00.275,n,-3.91395,3.79409,4.075399,0.697187,OverRange,OverRange,OverRange,7.66448,9.85535,-4.453982
2026/06/13 05:02:00.276,n,-3.902146,6.008856,5.263472,1.421454,OverRange,OverRange,OverRange,7.787054,9.856456,-4.502701
2026/06/13 05:03:00.277,n,-3.878796,3.744543,4.145429,1.040803,OverRange,OverRange,OverRange,7.620835,9.85535,-4.608074
2026/06/13 05:04:00.279,n,-3.931399,5.913985,5.344456,1.41341,OverRange,OverRange,OverRange,7.758489,9.856456,-4.485039
2026/06/13 05:05:00.282,n,-3.893294,3.90313,4.829291,1.413175,OverRange,OverRange,OverRange,7.605235,9.857532,-4.436406
2026/06/13 05:06:00.286,n,-3.951927,4.128015,5.170455,1.214529,OverRange,OverRange,OverRange,7.604731,9.851006,-4.54758
2026/06/13 05:07:00.270,n,-4.001836,6.418791,4.932509,1.389084,OverRange,OverRange,OverRange,7.730718,9.858604,-4.541608
2026/06/13 05:08:00.272,n,-3.907792,6.10614,5.386266,1.231805,OverRange,OverRange,OverRange,7.656001,9.852112,-4.56328
2026/06/13 05:09:00.257,n,-3.84069,4.596339,4.938963,1.172977,OverRange,OverRange,OverRange,7.613159,9.849964,-4.537769
2026/06/13 05:10:00.259,n,-3.881618,6.094557,4.550853,1.335952,OverRange,OverRange,OverRange,7.628683,9.856456,-4.48905
2026/06/13 05:11:00.277,n,-3.884441,5.781851,5.104553,1.137545,OverRange,OverRange,OverRange,7.69607,9.853186,-4.485211
2026/06/13 05:12:00.280,n,-3.811309,6.338779,5.896521,0.424805,OverRange,OverRange,OverRange,7.684113,9.852112,-4.51422
2026/06/13 05:13:00.264,n,-3.790781,3.411602,4.999355,1.344497,OverRange,OverRange,OverRange,7.588923,9.848858,-4.569082
2026/06/13 05:14:00.266,n,-3.840434,3.533185,5.171963,1.283154,OverRange,OverRange,OverRange,7.670777,9.849964,-4.559184
2026/06/13 05:15:00.268,n,-3.811181,5.419849,5.262294,1.306545,OverRange,OverRange,OverRange,7.783239,9.859694,-4.506712
2026/06/13 05:16:00.270,n,-3.822985,5.96053,5.23404,1.28188,OverRange,OverRange,OverRange,7.763108,9.857532,-4.459699
2026/06/13 05:17:00.273,n,-3.761657,3.3536,4.846456,1.509013,OverRange,OverRange,OverRange,7.678172,9.858604,-4.55142
2026/06/13 05:18:00.258,n,-3.779234,3.879738,4.590414,1.317588,OverRange,OverRange,OverRange,7.754451,9.861842,-4.586488
2026/06/13 05:19:00.261,n,-3.79386,3.747046,4.584255,1.427021,OverRange,OverRange,OverRange,7.812744,9.862948,-4.522155
2026/06/13 05:20:00.261,n,-3.720729,6.028086,4.683021,1.037069,OverRange,OverRange,OverRange,7.808502,9.860768,-4.44801
2026/06/13 05:21:00.265,n,-3.720857,6.274839,6.139805,0.110748,OverRange,OverRange,OverRange,7.880183,9.866186,-4.586488
2026/06/13 05:22:00.267,n,-3.700072,6.513145,5.560078,1.112044,OverRange,OverRange,OverRange,7.753672,9.871604,-4.537939
2026/06/13 05:23:00.269,n,-3.808358,4.527912,4.608112,1.558856,OverRange,OverRange,OverRange,7.776596,9.871604,-4.55142
2026/06/13 05:24:00.270,n,-3.890471,6.336721,5.271672,1.492632,OverRange,OverRange,OverRange,7.843862,9.878064,-4.430519
2026/06/13 05:25:00.272,n,-3.819905,3.430169,5.09258,1.30037,OverRange,OverRange,OverRange,7.834234,9.87699,-4.660547
2026/06/13 05:26:00.256,n,-3.846464,3.463729,5.041495,1.660212,OverRange,OverRange,OverRange,7.926682,9.881334,-4.574884
2026/06/13 05:27:00.260,n,-3.893422,4.711516,4.801201,1.169134,OverRange,OverRange,OverRange,7.932368,9.884556,-4.600139
2026/06/13 05:28:00.261,n,-3.910871,6.274525,4.95185,1.640165,OverRange,OverRange,OverRange,7.959061,9.884556,-4.487087
2026/06/13 05:29:00.263,n,-3.948976,5.994652,5.234607,1.459919,OverRange,OverRange,OverRange,7.913214,9.8889,-4.676246
2026/06/13 05:30:00.266,n,-3.937301,6.67677,5.352987,1.618069,OverRange,OverRange,OverRange,7.933833,9.90081,-4.619763
2026/06/13 05:31:00.266,n,-4.004531,6.364992,5.210817,1.618006,OverRange,OverRange,OverRange,7.962382,9.89863,-4.586658
2026/06/13 05:32:00.268,n,-4.051489,5.399157,4.878883,1.530292,OverRange,OverRange,OverRange,7.94809,9.899704,-4.565157
2026/06/13 05:33:00.272,n,-4.045715,3.534698,4.897144,1.62462,OverRange,OverRange,OverRange,7.925934,9.904048,-4.576931
2026/06/13 05:34:00.259,n,-4.010561,4.88958,4.954891,1.279473,OverRange,OverRange,OverRange,8.031423,9.906226,-4.574713
2026/06/13 05:35:00.258,n,-4.045715,6.422007,4.968487,1.440645,OverRange,OverRange,OverRange,8.087479,9.901868,-4.455945
2026/06/13 05:36:00.260,n,-4.030961,6.345426,4.837355,1.639175,OverRange,OverRange,OverRange,8.080292,9.908392,-4.600224
2026/06/13 05:37:00.263,n,-3.998757,3.444222,4.513596,1.494936,OverRange,OverRange,OverRange,8.044399,9.911614,-4.73674
2026/06/13 05:38:00.265,n,-4.028138,4.849466,4.688475,1.452754,OverRange,OverRange,OverRange,8.140661,9.912704,-4.709351
2026/06/13 05:39:00.267,n,-4.036991,3.411496,5.2278,1.443955,OverRange,OverRange,OverRange,8.138662,9.915924,-4.602272
2026/06/13 05:40:00.269,n,-4.036862,3.386594,4.917861,1.632716,OverRange,OverRange,OverRange,8.124608,9.919164,-4.537598
2026/06/13 05:41:00.272,n,-4.086643,6.352914,5.246043,1.503684,OverRange,OverRange,OverRange,8.175542,9.923508,-4.656708
2026/06/13 05:42:00.272,n,-4.001708,3.876151,4.561468,1.316332,OverRange,OverRange,OverRange,8.172811,9.932178,-4.763872
2026/06/13 05:43:00.260,n,-4.057647,3.152853,5.57621,1.198227,OverRange,OverRange,OverRange,8.142476,9.931072,-4.649029
2026/06/13 05:44:00.261,n,-4.06047,6.1616,6.118018,0.154887,OverRange,OverRange,OverRange,8.199825,9.94191,-4.635206
2026/06/13 05:45:00.263,n,-4.06047,6.104522,6.117371,0.117057,OverRange,OverRange,OverRange,8.240062,9.94191,-4.625479
2026/06/13 05:46:00.265,n,-4.057647,6.03758,5.809981,0.45636,OverRange,OverRange,OverRange,8.204137,9.947294,-4.553383
2026/06/13 05:47:00.267,n,-4.136424,5.944243,5.060263,1.198663,OverRange,OverRange,OverRange,8.228542,9.951638,-4.58461
2026/06/13 05:48:00.268,n,-4.054568,6.258284,6.161968,0.107844,OverRange,OverRange,OverRange,8.167247,9.956992,-4.520192
2026/06/13 05:49:00.274,n,-4.025187,3.233258,5.565479,1.151025,OverRange,OverRange,OverRange,8.196248,9.960278,-4.606112
2026/06/13 05:50:00.273,n,-4.098575,6.086331,4.879996,1.227657,OverRange,OverRange,OverRange,8.307475,9.964622,-4.516438
2026/06/13 05:51:00.276,n,-4.066243,6.676193,4.574268,1.41971,OverRange,OverRange,OverRange,8.351201,9.968902,-4.541693
2026/06/13 05:52:00.262,n,-4.025187,4.236072,5.04211,1.500777,OverRange,OverRange,OverRange,8.246852,9.973246,-4.605941
2026/06/13 05:53:00.264,n,-4.095625,3.823197,4.566446,1.583223,OverRange,OverRange,OverRange,8.183742,9.98081,-4.606026
2026/06/13 05:54:00.265,n,-4.092545,4.075332,4.59986,1.390655,OverRange,OverRange,OverRange,8.220139,9.988394,-4.660718
2026/06/13 05:55:00.266,n,-4.180175,3.758403,4.335032,1.289564,OverRange,OverRange,OverRange,8.210485,9.989468,-4.58444
2026/06/13 05:56:00.271,n,-4.206861,3.514851,5.134796,1.167441,OverRange,OverRange,OverRange,8.206661,10.001312,-4.623518
2026/06/13 05:57:00.270,n,-4.17453,4.936439,4.700821,0.805724,OverRange,OverRange,OverRange,8.158824,9.998108,-4.621555
2026/06/13 05:58:00.272,n,-4.156952,4.02451,3.95479,0.296276,OverRange,OverRange,OverRange,8.047811,10.002452,-4.65867
2026/06/13 05:59:00.274,n,-4.306423,4.39364,5.061381,1.525142,OverRange,OverRange,OverRange,8.050014,10.003492,-4.746466
2026/06/13 06:00:00.276,n,-4.262416,5.012572,5.005717,1.321315,OverRange,OverRange,OverRange,8.100749,10.007838,-4.777438
2026/06/13 06:01:00.264,n,-4.197881,6.53825,5.024568,1.650821,OverRange,OverRange,OverRange,8.14706,10.011108,-4.777694
2026/06/13 06:02:00.264,n,-4.159774,3.437482,4.64027,1.569169,OverRange,OverRange,OverRange,7.976405,10.010002,-4.769845
2026/06/13 06:03:00.267,n,-4.189156,3.801548,4.820087,1.281824,OverRange,OverRange,OverRange,8.009018,10.01433,-4.689898
2026/06/13 06:04:00.268,n,-4.19185,5.801737,5.109424,1.298072,OverRange,OverRange,OverRange,8.013377,10.016494,-4.530175
2026/06/13 06:05:00.270,n,-4.259208,3.872039,3.622583,0.344083,OverRange,OverRange,OverRange,7.87556,10.018642,-4.627356
2026/06/13 06:06:00.271,n,-4.148227,6.791237,5.959851,1.193614,OverRange,OverRange,OverRange,7.842128,10.01542,-4.635292
2026/06/13 06:07:00.274,n,-4.15708,3.770087,4.402454,1.325751,OverRange,OverRange,OverRange,7.742717,10.018642,-4.487002
2026/06/13 06:08:00.276,n,-4.127956,6.311006,5.33126,1.449812,OverRange,OverRange,OverRange,7.851329,10.018642,-4.498862
2026/06/13 06:09:00.279,n,-4.080613,4.018457,4.969809,1.320462,OverRange,OverRange,OverRange,7.766703,10.018642,-4.670359
2026/06/13 06:10:00.265,n,-4.110122,6.50529,4.762779,1.404523,OverRange,OverRange,OverRange,7.891577,10.01542,-4.568826
2026/06/13 06:11:00.265,n,-3.995935,6.382794,5.458571,1.436299,OverRange,OverRange,OverRange,7.784048,10.007838,-4.541864
2026/06/13 06:12:00.266,n,-3.940123,3.460238,4.66116,1.116427,OverRange,OverRange,OverRange,7.793946,10.004584,-4.483248
2026/06/13 06:13:00.271,n,-3.992855,6.248793,5.308141,1.335598,OverRange,OverRange,OverRange,7.824046,10.000272,-4.331204
2026/06/13 06:14:00.270,n,-4.033911,6.292568,4.946183,1.610375,OverRange,OverRange,OverRange,7.795446,10.000272,-4.327279
2026/06/13 06:15:00.273,n,-4.002093,3.481197,4.686414,1.38189,OverRange,OverRange,OverRange,7.750875,10.000272,-4.42284
2026/06/13 06:16:00.275,n,-4.04007,6.200003,5.205086,1.409186,OverRange,OverRange,OverRange,7.79011,10.001312,-4.358336
2026/06/13 06:17:00.276,n,-4.039941,3.708565,4.672446,1.396411,OverRange,OverRange,OverRange,7.712601,9.991648,-4.494937
2026/06/13 06:18:00.279,n,-4.092417,3.822956,4.994555,1.448702,OverRange,OverRange,OverRange,7.857916,9.989468,-4.586403
2026/06/13 06:19:00.264,n,-4.028138,3.296648,5.278139,1.463786,OverRange,OverRange,OverRange,7.823014,9.985124,-4.602017
2026/06/13 06:20:00.265,n,-4.030961,6.418288,5.373572,1.433158,OverRange,OverRange,OverRange,7.822241,9.985124,-4.531881
2026/06/13 06:21:00.268,n,-4.080869,3.835914,4.461985,1.489152,OverRange,OverRange,OverRange,7.721777,9.979738,-4.520192
2026/06/13 06:22:00.272,n,-4.086643,6.173796,5.664837,0.995157,OverRange,OverRange,OverRange,7.911479,9.98405,-4.633415
2026/06/13 06:23:00.273,n,-4.028394,5.715874,4.660103,1.177756,OverRange,OverRange,OverRange,7.81128,9.974352,-4.65867
2026/06/13 06:24:00.273,n,-4.101526,6.385329,4.657149,1.269737,OverRange,OverRange,OverRange,7.832449,9.972172,-4.67053
2026/06/13 06:25:00.277,n,-4.051617,4.529907,4.285286,1.120269,OverRange,OverRange,OverRange,7.841116,9.970008,-4.652783
2026/06/13 06:26:00.277,n,-4.066243,3.444647,5.297518,1.468702,OverRange,OverRange,OverRange,7.858679,9.974352,-4.594337
2026/06/13 06:27:00.282,n,-4.089594,6.512153,5.314604,1.201936,OverRange,OverRange,OverRange,7.804428,9.968902,-4.428557
2026/06/13 06:28:00.265,n,-4.092545,3.401205,4.747829,1.521705,OverRange,OverRange,OverRange,7.835755,9.964622,-4.543485
2026/06/13 06:29:00.267,n,-4.159903,3.431519,4.704891,1.385523,OverRange,OverRange,OverRange,7.906855,9.959172,-4.605941
2026/06/13 06:30:00.269,n,-4.107172,6.167644,5.498951,0.916403,OverRange,OverRange,OverRange,7.995829,9.960278,-4.598262
2026/06/13 06:31:00.273,n,-4.045715,3.308514,4.849146,1.651474,OverRange,OverRange,OverRange,8.029622,9.953818,-4.715238
2026/06/13 06:32:00.273,n,-4.03096,5.643089,5.340633,1.228825,OverRange,OverRange,OverRange,8.169225,9.951638,-4.68785
2026/06/13 06:33:00.275,n,-3.984259,5.154028,5.365415,0.732363,OverRange,OverRange,OverRange,8.005748,9.951638,-4.625565
2026/06/13 06:34:00.277,n,-4.001836,6.38316,5.14521,1.344621,OverRange,OverRange,OverRange,8.031433,9.952712,-4.469511
2026/06/13 06:35:00.280,n,-4.089594,3.985103,4.748133,1.373081,OverRange,OverRange,OverRange,8.028142,9.949474,-4.643142
2026/06/13 06:36:00.281,n,-4.113202,3.857868,4.94655,1.372957,OverRange,OverRange,OverRange,7.991949,9.952712,-4.549544
2026/06/13 06:37:00.267,n,-4.232907,5.998576,5.298898,0.991137,OverRange,OverRange,OverRange,8.071492,9.951638,-4.514476
2026/06/13 06:38:00.269,n,-4.171579,3.486249,4.466163,1.170852,OverRange,OverRange,OverRange,7.908168,9.952712,-4.582733
2026/06/13 06:39:00.270,n,-4.227133,3.926065,4.992351,1.598212,OverRange,OverRange,OverRange,7.922129,9.952712,-4.615668
2026/06/13 06:40:00.275,n,-4.335547,6.3191,5.351252,1.305305,OverRange,OverRange,OverRange,7.99528,9.95486,-4.68802
2026/06/13 06:41:00.275,n,-4.288589,6.023893,4.843109,1.383749,OverRange,OverRange,OverRange,7.987895,9.950532,-4.740494
2026/06/13 06:42:00.277,n,-4.22431,6.335058,5.1091,1.427491,OverRange,OverRange,OverRange,8.043427,9.950532,-4.781449
2026/06/13 06:43:00.279,n,-4.464618,5.933479,5.217385,1.220885,OverRange,OverRange,OverRange,8.013377,9.948368,-4.824451
2026/06/13 06:44:00.281,n,-4.470648,3.742873,4.255873,0.891008,OverRange,OverRange,OverRange,7.987162,9.949312,-4.91805
2026/06/13 06:45:00.282,n,-4.148741,3.645291,4.174462,0.668801,OverRange,OverRange,OverRange,8.015834,9.948206,-4.610292
2026/06/13 06:46:00.270,n,-4.037247,6.345681,4.83544,1.446825,OverRange,OverRange,OverRange,8.029557,9.951054,-4.553724
2026/06/13 06:47:00.272,n,-4.232521,3.960507,5.296357,1.275194,OverRange,OverRange,OverRange,7.912176,9.943536,-4.849279
2026/06/13 06:48:00.275,n,-4.162469,6.072128,5.712553,1.167284,OverRange,OverRange,OverRange,8.065526,9.94892,-4.757643
2026/06/13 06:49:00.275,n,-4.127058,3.855508,4.296487,1.134395,OverRange,OverRange,OverRange,7.949092,9.945668,-4.777353
2026/06/13 06:50:00.276,n,-4.176711,6.062062,5.49984,0.993925,OverRange,OverRange,OverRange,7.991918,9.946742,-4.644677
2026/06/13 06:51:00.278,n,-4.097934,4.980995,5.945169,0.481376,OverRange,OverRange,OverRange,7.891815,9.949344,-4.666263
2026/06/13 06:52:00.280,n,-4.268317,6.08224,5.306885,1.345376,OverRange,OverRange,OverRange,7.952952,9.943894,-4.705171
2026/06/13 06:53:00.283,n,-4.323744,6.090801,5.85739,0.521226,OverRange,OverRange,OverRange,7.875285,9.94718,-4.668141
2026/06/13 06:54:00.284,n,-4.414324,6.06994,5.076695,1.331799,OverRange,OverRange,OverRange,7.880844,9.93854,-4.689471
2026/06/13 06:55:00.272,n,-4.431901,3.958804,4.518857,1.1774,OverRange,OverRange,OverRange,7.800853,9.933124,-4.752098
2026/06/13 06:56:00.273,n,-4.519916,5.691015,4.880618,1.360233,OverRange,OverRange,OverRange,7.858409,9.932016,-4.693567
2026/06/13 06:57:00.273,n,-4.458331,6.133451,5.54954,1.209705,OverRange,OverRange,OverRange,7.920873,9.926598,-4.82812
2026/06/13 06:58:00.261,n,-4.399826,4.625543,5.618194,1.051654,OverRange,OverRange,OverRange,7.799307,9.924434,-4.870951
2026/06/13 06:59:00.263,n,-4.461283,3.883957,4.640733,1.416345,OverRange,OverRange,OverRange,7.824768,9.92118,-4.882726
2026/06/13 07:00:00.263,n,-4.429207,6.245091,5.077533,1.043893,OverRange,OverRange,OverRange,7.885432,9.919016,-4.806704
2026/06/13 07:01:00.268,n,-4.393796,6.115405,4.863584,1.342678,OverRange,OverRange,OverRange,7.806437,9.916902,-4.719078
2026/06/13 07:02:00.268,n,-4.443577,6.088296,4.885075,1.114127,OverRange,OverRange,OverRange,7.788584,9.911484,-4.71686
2026/06/13 07:03:00.269,n,-4.379426,3.838548,4.803609,1.353622,OverRange,OverRange,OverRange,7.765157,9.90496,-4.785203
2026/06/13 07:04:00.270,n,-4.440625,6.45262,5.113403,1.497327,OverRange,OverRange,OverRange,7.770493,9.901754,-4.730597
2026/06/13 07:05:00.257,n,-4.446656,6.588953,4.996478,1.385414,OverRange,OverRange,OverRange,7.817922,9.899572,-4.818308
2026/06/13 07:06:00.258,n,-4.344272,3.213357,5.198414,1.533881,OverRange,OverRange,OverRange,7.7659,9.893096,-4.771551
2026/06/13 07:07:00.260,n,-4.241631,3.211435,5.113888,1.466294,OverRange,OverRange,OverRange,7.761297,9.887712,-4.693567
2026/06/13 07:08:00.261,n,-4.350045,6.469101,4.927543,1.609141,OverRange,OverRange,OverRange,7.715124,9.887712,-4.599883
2026/06/13 07:09:00.266,n,-4.45243,6.075315,5.33697,1.4314,OverRange,OverRange,OverRange,7.689438,9.877918,-4.662424
2026/06/13 07:10:00.268,n,-4.505161,3.210061,4.119034,1.215808,OverRange,OverRange,OverRange,7.619538,9.877918,-4.705256
2026/06/13 07:11:00.268,n,-4.484761,3.754462,4.766179,1.364242,OverRange,OverRange,OverRange,7.624629,9.867114,-4.789298
2026/06/13 07:12:00.271,n,-4.496437,6.318864,5.551503,1.293534,OverRange,OverRange,OverRange,7.782746,9.864966,-4.867197
2026/06/13 07:13:00.271,n,-4.376347,3.423558,4.530422,1.141871,OverRange,OverRange,OverRange,7.709824,9.856328,-4.828034
2026/06/13 07:14:00.257,n,-4.408422,6.341303,4.919081,1.296475,OverRange,OverRange,OverRange,7.723063,9.849852,-4.734522
2026/06/13 07:15:00.260,n,-4.414452,6.084836,5.393456,1.292105,OverRange,OverRange,OverRange,7.750585,9.846564,-4.792967
2026/06/13 07:16:00.260,n,-4.335419,3.866902,5.147252,1.334658,OverRange,OverRange,OverRange,7.62234,9.84222,-4.78324
2026/06/13 07:17:00.262,n,-4.449607,6.111786,5.132767,1.284126,OverRange,OverRange,OverRange,7.700369,9.836836,-4.753975
2026/06/13 07:18:00.265,n,-4.443705,6.11534,5.766173,0.779341,OverRange,OverRange,OverRange,7.633576,9.837908,-4.828119
2026/06/13 07:19:00.266,n,-4.487583,3.792085,4.252895,1.168558,OverRange,OverRange,OverRange,7.664922,9.823868,-4.939209
2026/06/13 07:20:00.269,n,-4.455509,5.216003,5.392905,1.122897,OverRange,OverRange,OverRange,7.685817,9.823868,-4.841686
2026/06/13 07:21:00.271,n,-4.379298,3.777893,4.760278,1.305321,OverRange,OverRange,OverRange,7.73021,9.81845,-4.874962
2026/06/13 07:22:00.273,n,-4.426127,5.864364,5.080166,1.341697,OverRange,OverRange,OverRange,7.783763,9.816334,-4.792967
2026/06/13 07:23:00.259,n,-4.323744,4.983423,4.684501,1.145094,OverRange,OverRange,OverRange,7.731512,9.810884,-4.781363
2026/06/13 07:24:00.260,n,-4.282687,3.142953,5.076972,1.351395,OverRange,OverRange,OverRange,7.755203,9.807646,-4.728549
2026/06/13 07:25:00.263,n,-4.241375,3.295437,5.270695,1.433212,OverRange,OverRange,OverRange,7.756205,9.80436,-4.71686
2026/06/13 07:26:00.265,n,-4.276529,6.250265,4.718904,1.344616,OverRange,OverRange,OverRange,7.722331,9.80654,-4.594167
2026/06/13 07:27:00.266,n,-4.306038,6.494357,5.364954,1.17498,OverRange,OverRange,OverRange,7.710572,9.80436,-4.629234
2026/06/13 07:28:00.267,n,-4.358769,6.447377,4.902199,1.519959,OverRange,OverRange,OverRange,7.708756,9.79787,-4.623347
2026/06/13 07:29:00.271,n,-4.387894,6.62323,4.679293,1.107292,OverRange,OverRange,OverRange,7.677445,9.79359,-4.664387
2026/06/13 07:30:00.271,n,-4.364543,6.137711,5.004691,1.507956,OverRange,OverRange,OverRange,7.698319,9.788172,-4.654489
2026/06/13 07:31:00.257,n,-4.335291,3.227414,4.239163,1.217166,OverRange,OverRange,OverRange,7.710058,9.787066,-4.68367
2026/06/13 07:32:00.259,n,-4.220974,6.039159,4.487471,1.262168,OverRange,OverRange,OverRange,7.735037,9.777336,-4.447924
2026/06/13 07:33:00.262,n,-4.262159,3.148626,4.280187,1.40166,OverRange,OverRange,OverRange,7.735535,9.78059,-4.465416
2026/06/13 07:34:00.263,n,-4.194801,6.185105,5.057575,1.207078,OverRange,OverRange,OverRange,7.801356,9.773026,-4.348439
2026/06/13 07:35:00.267,n,-3.995678,6.426158,5.321757,1.343153,OverRange,OverRange,OverRange,7.662369,9.770844,-4.252964
2026/06/13 07:36:00.267,n,-3.790525,5.302474,5.18424,1.184129,OverRange,OverRange,OverRange,7.686331,9.767574,-3.98582
2026/06/13 07:37:00.270,n,-3.535719,6.118025,5.804489,1.14956,OverRange,OverRange,OverRange,7.665965,9.763262,-3.656648
2026/06/13 07:38:00.271,n,-3.225487,3.930422,4.860134,1.490625,OverRange,OverRange,OverRange,7.547816,9.763262,-3.422609
2026/06/13 07:39:00.272,n,-3.08179,3.358918,5.730798,1.167607,OverRange,OverRange,OverRange,7.606008,9.751386,-3.179271
2026/06/13 07:40:00.258,n,-2.938478,3.744489,4.664941,1.29199,OverRange,OverRange,OverRange,7.569789,9.752426,-3.021425
2026/06/13 07:41:00.260,n,-2.973504,5.899843,4.754649,1.225481,OverRange,OverRange,OverRange,7.656011,9.75028,-2.85189
2026/06/13 07:42:00.262,n,-2.832886,6.131204,5.563054,0.966583,OverRange,OverRange,OverRange,7.594055,9.739444,-2.836276
2026/06/13 07:43:00.264,n,-2.704328,3.93186,5.114232,1.175783,OverRange,OverRange,OverRange,7.415934,9.739444,-2.68244
2026/06/13 07:44:00.266,n,-2.569612,3.375236,5.101799,1.336996,OverRange,OverRange,OverRange,7.498566,9.734026,-2.643363
2026/06/13 07:45:00.269,n,-2.402693,3.675867,4.14326,1.139112,OverRange,OverRange,OverRange,7.548625,9.728642,-2.489612
2026/06/13 07:46:00.270,n,-2.229743,3.758245,3.917842,0.168992,OverRange,OverRange,OverRange,7.524689,9.72106,-2.251991
2026/06/13 07:47:00.273,n,-1.946069,6.531914,4.931145,1.585117,OverRange,OverRange,OverRange,7.599127,9.71779,-2.100118
2026/06/13 07:48:00.274,n,-1.664962,6.15538,5.67545,1.311579,OverRange,OverRange,OverRange,7.501673,9.710256,-1.669923
2026/06/13 07:49:00.260,n,-1.301998,3.336482,4.768039,1.616265,OverRange,OverRange,OverRange,7.414109,9.707004,-1.397063
2026/06/13 07:50:00.261,n,-0.994718,6.464656,5.272125,1.468565,OverRange,OverRange,OverRange,7.495529,9.7016,-1.034957
2026/06/13 07:51:00.263,n,-0.681663,3.160555,4.860447,1.680051,OverRange,OverRange,OverRange,7.461329,9.69511,-0.84247
2026/06/13 07:52:00.266,n,-0.353982,3.125808,5.226494,1.649911,OverRange,OverRange,OverRange,7.540426,9.686438,-0.624643
2026/06/13 07:53:00.267,n,0.011804,6.383599,5.14553,1.266675,OverRange,OverRange,OverRange,7.592504,9.684274,-0.204261
2026/06/13 07:54:00.270,n,0.412488,3.900893,4.100959,1.262744,OverRange,OverRange,OverRange,7.378398,9.679962,0.21194
2026/06/13 07:55:00.272,n,0.880658,5.341612,5.331393,1.232248,OverRange,OverRange,OverRange,7.540182,9.675604,0.733343
2026/06/13 07:56:00.272,n,1.714358,6.481437,4.734955,1.4942,OverRange,OverRange,OverRange,7.438635,9.67344,1.641426
2026/06/13 07:57:00.275,n,2.979919,4.440064,5.000965,1.612683,OverRange,OverRange,OverRange,7.439128,9.67126,2.877743
2026/06/13 07:58:00.263,n,4.613704,6.133767,5.421953,1.62576,OverRange,OverRange,OverRange,7.508281,9.67126,4.664643
2026/06/13 07:59:00.262,n,6.281616,3.703516,4.191129,1.204906,OverRange,OverRange,OverRange,7.493739,9.66371,6.308201
2026/06/13 08:00:00.264,n,7.671501,6.731423,4.646157,1.554849,OverRange,OverRange,OverRange,7.598358,9.659366,7.796047
2026/06/13 08:01:00.270,n,8.447722,6.018719,5.141004,1.38209,OverRange,OverRange,OverRange,7.545782,9.659366,8.849178
2026/06/13 08:02:00.269,n,8.888692,6.52249,4.971172,1.653253,OverRange,OverRange,OverRange,7.585043,9.659366,9.602146
2026/06/13 08:03:00.270,n,9.338002,3.798162,4.471779,1.618348,OverRange,OverRange,OverRange,7.544266,9.65608,10.19539
2026/06/13 08:04:00.272,n,9.80797,3.960123,4.539202,1.518718,OverRange,OverRange,OverRange,7.540156,9.65504,10.823616
2026/06/13 08:05:00.273,n,10.093824,3.391667,5.579682,1.106753,OverRange,OverRange,OverRange,7.582535,9.652874,11.270874
2026/06/13 08:06:00.277,n,10.370826,6.165154,5.041559,1.435153,OverRange,OverRange,OverRange,7.625677,9.64853,11.685028
2026/06/13 08:07:00.263,n,10.798838,6.211087,5.788271,1.300858,OverRange,OverRange,OverRange,7.525162,9.650694,12.14372
2026/06/13 08:08:00.263,n,11.073146,6.701205,4.987054,1.457394,OverRange,OverRange,OverRange,7.561376,9.64853,12.617682
2026/06/13 08:09:00.265,n,11.494742,3.801874,4.587031,1.203095,OverRange,OverRange,OverRange,7.557582,9.646352,13.171422
2026/06/13 08:10:00.271,n,11.928144,6.685512,5.365671,1.584261,OverRange,OverRange,OverRange,7.695262,9.646352,13.622008
2026/06/13 08:11:00.272,n,12.355642,4.40499,4.399225,0.950072,OverRange,OverRange,OverRange,7.68129,9.652874,14.086246
2026/06/13 08:12:00.272,n,12.882318,6.115233,5.690451,1.31345,OverRange,OverRange,OverRange,7.786794,9.649604,14.658928
2026/06/13 08:13:00.276,n,13.394496,6.281184,5.075782,1.266765,OverRange,OverRange,OverRange,7.731761,9.653948,15.270516
2026/06/13 08:14:00.276,n,13.92733,6.174864,5.126805,1.510574,OverRange,OverRange,OverRange,7.763606,9.658258,15.889358
2026/06/13 08:15:00.277,n,14.497628,3.727257,4.922989,1.247647,OverRange,OverRange,OverRange,7.723094,9.657218,16.436358
2026/06/13 08:16:00.262,n,14.980424,3.476794,4.137586,1.005509,OverRange,OverRange,OverRange,7.715953,9.66153,17.258776
2026/06/13 08:17:00.265,n,15.769986,6.102587,5.550936,0.920213,OverRange,OverRange,OverRange,7.763128,9.665874,18.360026
2026/06/13 08:18:00.267,n,16.807944,6.024117,4.914357,1.452374,OverRange,OverRange,OverRange,7.698812,9.66698,19.811186
2026/06/13 08:19:00.268,n,19.572188,6.358432,4.753711,1.441981,OverRange,OverRange,OverRange,7.738363,9.674514,24.876246
2026/06/13 08:20:00.270,n,28.870932,6.529576,4.584941,1.490345,OverRange,OverRange,OverRange,7.800807,9.675604,48.29886
2026/06/13 08:21:00.272,n,41.439424,3.230235,5.064826,1.456091,OverRange,OverRange,OverRange,7.710836,9.682096,89.355648
2026/06/13 08:22:00.274,n,44.220608,3.32642,4.831926,1.693007,OverRange,OverRange,OverRange,7.847448,9.688618,97.96108
2026/06/13 08:23:00.277,n,46.73004,6.596134,5.344438,1.666492,OverRange,OverRange,OverRange,7.912674,9.7016,103.39294
2026/06/13 08:24:00.278,n,44.193532,5.202423,4.921136,1.274032,OverRange,OverRange,OverRange,7.863526,9.707004,89.900448
2026/06/13 08:25:00.264,n,41.82356,3.301115,5.213961,1.396895,OverRange,OverRange,OverRange,7.824768,9.71888,71.138712
2026/06/13 08:26:00.267,n,55.279124,3.354565,5.490855,1.325013,OverRange,OverRange,OverRange,7.825516,9.730788,109.73988
2026/06/13 08:27:00.268,n,51.258556,3.780729,5.003921,1.57246,OverRange,OverRange,OverRange,7.87292,9.743804,95.556096
2026/06/13 08:28:00.273,n,44.085888,6.340318,5.393545,1.251454,OverRange,OverRange,OverRange,7.908915,9.760024,66.335684
2026/06/13 08:29:00.272,n,52.176548,3.683787,4.21227,0.935688,OverRange,OverRange,OverRange,7.773565,9.768682,82.67904
2026/06/13 08:30:00.274,n,56.176976,3.044043,4.598138,1.317078,OverRange,OverRange,OverRange,7.830394,9.790318,85.29544
2026/06/13 08:31:00.276,n,57.3259,3.873998,5.100822,1.337558,OverRange,OverRange,OverRange,7.851023,9.798976,87.35212
2026/06/13 08:32:00.279,n,55.387148,3.430416,5.377657,1.41824,OverRange,OverRange,OverRange,7.875494,9.81199,77.860808
2026/06/13 08:33:00.281,n,57.465748,5.990824,5.14812,1.399598,OverRange,OverRange,OverRange,7.971049,9.833598,79.348576
2026/06/13 08:34:00.266,n,59.748364,6.167901,6.192623,0.036393,OverRange,OverRange,OverRange,7.859747,9.854162,83.63004
2026/06/13 08:35:00.269,n,66.618232,3.794899,4.3697,1.21551,OverRange,OverRange,OverRange,7.787277,9.877918,89.999328
2026/06/13 08:36:00.269,n,72.641456,3.56143,4.267098,1.085763,OverRange,OverRange,OverRange,7.875499,9.90496,88.318656
2026/06/13 08:37:00.273,n,92.814216,6.72024,4.556994,1.614385,OverRange,OverRange,OverRange,7.912201,9.924434,108.1034
2026/06/13 08:38:00.274,n,102.38086,3.200968,4.94568,1.392724,OverRange,OverRange,OverRange,7.880351,9.945,115.25696
2026/06/13 08:39:00.277,n,101.9477,6.53859,4.654376,1.449083,OverRange,OverRange,OverRange,7.966711,9.973132,112.84986
2026/06/13 08:40:00.277,n,93.315224,6.423111,5.007796,1.600572,OverRange,OverRange,OverRange,7.932811,10.002272,103.19712
2026/06/13 08:41:00.280,n,80.448952,6.278736,4.913143,1.506876,OverRange,OverRange,OverRange,7.845149,10.03039,88.467552
2026/06/13 08:42:00.284,n,60.4671,6.407204,4.80188,1.582372,OverRange,OverRange,OverRange,7.917277,10.067146,67.192136
2026/06/13 08:43:00.269,n,47.681012,3.652581,4.079873,1.155227,OverRange,OverRange,OverRange,7.826569,10.103884,53.478756
2026/06/13 08:44:00.268,n,38.507872,6.353781,5.015518,1.601865,OverRange,OverRange,OverRange,7.861206,10.128732,40.854252
2026/06/13 08:45:00.270,n,35.2217,3.866348,4.788278,1.3781,OverRange,OverRange,OverRange,7.814357,10.157874,36.26964
2026/06/13 08:46:00.272,n,38.677876,6.420556,4.760772,1.319127,OverRange,OverRange,OverRange,7.819672,10.184934,38.971708
2026/06/13 08:47:00.274,n,40.838848,6.408242,4.725427,1.477938,OverRange,OverRange,OverRange,7.760783,10.214078,40.302132
2026/06/13 08:48:00.276,n,43.107976,3.934291,4.630345,1.388353,OverRange,OverRange,OverRange,7.703954,10.233504,42.06386
2026/06/13 08:49:00.280,n,43.812732,3.101538,4.588259,1.32368,OverRange,OverRange,OverRange,7.866827,10.256986,42.27196
2026/06/13 08:50:00.280,n,46.948796,6.072338,5.659841,1.122279,OverRange,OverRange,OverRange,7.877808,10.2831,44.580264
2026/06/13 08:51:00.282,n,46.11612,3.37075,4.514705,1.181828,OverRange,OverRange,OverRange,7.79393,10.297242,43.07118
2026/06/13 08:52:00.268,n,53.282888,6.119786,6.15358,0.141846,OverRange,OverRange,OverRange,7.867895,10.317876,49.01718
2026/06/13 08:53:00.271,n,64.097504,3.826911,4.357545,0.85164,OverRange,OverRange,OverRange,7.777909,10.339566,59.886872
2026/06/13 08:54:00.271,n,69.929928,5.279665,4.674598,1.293732,OverRange,OverRange,OverRange,7.968771,10.35592,67.634024
2026/06/13 08:55:00.273,n,78.109512,3.875573,4.902014,1.442184,OverRange,OverRange,OverRange,7.908636,10.370028,79.220256
2026/06/13 08:56:00.276,n,82.99008,3.235973,5.220468,1.549467,OverRange,OverRange,OverRange,7.965937,10.38744,89.303184
2026/06/13 08:57:00.278,n,73.4876,6.347265,6.208148,0.163876,OverRange,OverRange,OverRange,8.00649,10.407862,75.443816
2026/06/13 08:58:00.281,n,76.166776,3.359796,5.285493,1.447589,OverRange,OverRange,OverRange,7.928655,10.422004,73.001384
2026/06/13 08:59:00.286,n,75.085976,6.817888,4.893335,1.364646,OverRange,OverRange,OverRange,8.085796,10.442636,73.000096
2026/06/13 09:00:00.283,n,77.6126,3.872248,5.400786,1.379962,OverRange,OverRange,OverRange,8.026474,10.46327,75.28656
2026/06/13 09:01:00.269,n,89.769128,5.856079,4.467836,0.924343,OverRange,OverRange,OverRange,8.186646,10.487144,88.666088
2026/06/13 09:02:00.272,n,86.674112,6.081179,5.57802,1.118551,OverRange,OverRange,OverRange,8.23349,10.4986,88.722656
2026/06/13 09:03:00.274,n,67.470664,3.512184,5.341501,1.162284,OverRange,OverRange,OverRange,8.132457,10.513782,66.769632
2026/06/13 09:04:00.273,n,71.133912,6.252426,5.045848,1.489861,OverRange,OverRange,OverRange,8.338578,10.536582,72.229728
2026/06/13 09:05:00.275,n,85.871848,3.160541,4.712378,1.408804,OverRange,OverRange,OverRange,8.321782,10.56153,91.904488
2026/06/13 09:06:00.281,n,115.28742,6.494449,5.015955,1.285149,OverRange,OverRange,OverRange,8.413392,10.600618,129.09722
2026/06/13 09:07:00.283,n,118.12646,4.032891,5.046299,1.091514,OverRange,OverRange,OverRange,8.338603,10.615802,140.44992
2026/06/13 09:08:00.267,n,121.27344,3.285969,5.10201,1.468373,OverRange,OverRange,OverRange,8.53648,10.63751,156.11712
2026/06/13 09:09:00.270,n,130.08874,6.394044,4.680543,1.258272,OverRange,OverRange,OverRange,8.808168,10.664638,170.0135
2026/06/13 09:10:00.269,n,143.37596,5.936078,5.684356,0.788681,OverRange,OverRange,OverRange,8.827764,10.692826,189.17402
2026/06/13 09:11:00.271,n,119.5859,6.120486,4.8048,1.56725,OverRange,OverRange,OverRange,8.913052,10.726448,172.85012
2026/06/13 09:12:00.257,n,100.15894,6.432333,5.54685,1.102811,OverRange,OverRange,OverRange,8.949922,10.761162,123.51956
2026/06/13 09:13:00.259,n,141.5346,6.33322,5.227998,1.443161,OverRange,OverRange,OverRange,9.065884,10.798054,208.50502
2026/06/13 09:14:00.263,n,106.91616,3.728259,5.294532,1.370663,OverRange,OverRange,OverRange,9.084718,10.832768,132.25404
2026/06/13 09:15:00.264,n,97.199928,6.315873,4.847498,1.461416,OverRange,OverRange,OverRange,9.2712,10.865302,123.4512
2026/06/13 09:16:00.264,n,103.18952,5.248268,5.405124,1.132539,OverRange,OverRange,OverRange,9.23939,10.895654,143.12316
2026/06/13 09:17:00.267,n,198.34884,3.751379,4.329611,1.15199,OverRange,OverRange,OverRange,9.335246,10.932502,366.97292
2026/06/13 09:18:00.269,n,213.19862,6.152338,5.73033,1.068396,OverRange,OverRange,OverRange,9.463578,10.968208,413.12232
2026/06/13 09:19:00.271,n,208.59124,6.336063,6.300765,0.127058,OverRange,OverRange,OverRange,9.380696,11.003966,402.17788
2026/06/13 09:20:00.257,n,185.85834,3.159774,4.001715,1.194229,OverRange,OverRange,OverRange,9.377106,11.052742,347.28908
2026/06/13 09:21:00.260,n,186.19116,6.111502,4.756941,1.305504,OverRange,OverRange,OverRange,9.511486,11.087396,361.37636
2026/06/13 09:22:00.261,n,182.27926,3.334922,4.242788,1.244528,OverRange,OverRange,OverRange,9.472204,11.140486,329.19076
2026/06/13 09:23:00.263,n,227.61338,4.252981,4.660393,0.99401,OverRange,OverRange,OverRange,9.551016,11.189202,436.9454
2026/06/13 09:24:00.264,n,256.3411,6.659235,5.052408,1.432453,OverRange,OverRange,OverRange,9.528478,11.240668,478.59936
2026/06/13 09:25:00.269,n,265.34274,6.02987,5.755451,0.514879,OverRange,OverRange,OverRange,9.800502,11.295846,479.16432
2026/06/13 09:26:00.268,n,274.16702,6.377907,4.744664,1.281482,OverRange,OverRange,OverRange,9.812404,11.359684,491.70024
2026/06/13 09:27:00.271,n,260.99552,3.186261,5.391109,1.101718,OverRange,OverRange,OverRange,9.927826,11.436446,483.41164
2026/06/13 09:28:00.271,n,188.7595,5.952347,5.248036,1.230346,OverRange,OverRange,OverRange,9.99552,11.505644,340.29028
2026/06/13 09:29:00.259,n,229.44294,5.704315,5.340786,1.073881,OverRange,OverRange,OverRange,10.032684,11.564522,431.60388
2026/06/13 09:30:00.260,n,246.56114,3.887168,4.675487,1.159467,OverRange,OverRange,OverRange,10.115312,11.633672,448.03728
2026/06/13 09:31:00.261,n,277.82322,3.594299,4.483188,1.265178,OverRange,OverRange,OverRange,10.077124,11.71684,464.78064
2026/06/13 09:32:00.264,n,291.98406,6.118978,4.822433,1.197245,OverRange,OverRange,OverRange,10.31748,11.781694,525.672
2026/06/13 09:33:00.265,n,207.57586,3.653985,4.751715,1.215734,OverRange,OverRange,OverRange,10.248938,11.857246,376.1658
2026/06/13 09:34:00.268,n,228.56128,3.440493,5.130838,1.448843,OverRange,OverRange,OverRange,10.335888,11.934932,402.24268
2026/06/13 09:35:00.270,n,276.55252,3.685527,5.080589,1.196738,OverRange,OverRange,OverRange,10.364346,12.012604,478.79336
2026/06/13 09:36:00.272,n,248.09562,3.951049,4.603034,1.367639,OverRange,OverRange,OverRange,10.444932,12.09241,412.86656
2026/06/13 09:37:00.261,n,260.37864,3.654859,4.893193,1.241551,OverRange,OverRange,OverRange,10.63702,12.169956,460.42776
2026/06/13 09:38:00.260,n,274.40756,4.934379,4.607163,0.948924,OverRange,OverRange,OverRange,10.649246,12.237018,499.99488
2026/06/13 09:39:00.262,n,278.79856,5.712318,5.075357,1.116908,OverRange,OverRange,OverRange,10.656118,12.312464,513.76164
2026/06/13 09:40:00.264,n,285.9989,5.198631,5.098499,1.315912,OverRange,OverRange,OverRange,10.6919,12.401802,532.93852
2026/06/13 09:41:00.267,n,283.57352,6.562351,4.801552,1.373299,OverRange,OverRange,OverRange,10.771642,12.456998,529.62188
2026/06/13 09:42:00.266,n,280.19638,5.075701,4.786546,1.180054,OverRange,OverRange,OverRange,10.722524,12.536604,523.31268
2026/06/13 09:43:00.270,n,221.49664,3.527452,4.805347,1.27909,OverRange,OverRange,OverRange,10.81012,12.627202,396.05308
2026/06/13 09:44:00.270,n,270.4907,5.812218,4.896713,1.225954,OverRange,OverRange,OverRange,10.93251,12.700314,462.29992
2026/06/13 09:45:00.274,n,346.01072,6.096511,4.418488,0.957231,OverRange,OverRange,OverRange,11.09841,12.780932,604.0702
2026/06/13 09:46:00.259,n,368.17868,3.861227,4.770475,1.000714,OverRange,OverRange,OverRange,11.119206,12.862598,624.4034
2026/06/13 09:47:00.260,n,257.05192,6.27024,5.043704,1.302635,OverRange,OverRange,OverRange,11.213736,12.957128,422.04408
2026/06/13 09:48:00.262,n,130.42564,6.087449,4.836516,1.157188,OverRange,OverRange,OverRange,11.117936,13.027674,165.53582
2026/06/13 09:49:00.267,n,141.67894,6.164583,4.645674,1.164671,OverRange,OverRange,OverRange,11.050964,13.101102,180.58244
2026/06/13 09:50:00.266,n,192.11802,3.891017,4.723557,1.232892,OverRange,OverRange,OverRange,10.98959,13.175674,260.20812
2026/06/13 09:51:00.269,n,174.44494,3.638915,4.93842,1.339565,OverRange,OverRange,OverRange,11.053982,13.246906,237.25428
2026/06/13 09:52:00.270,n,150.46178,6.156675,4.826566,1.467678,OverRange,OverRange,OverRange,11.015162,13.305634,193.86756
2026/06/13 09:53:00.273,n,151.02618,6.17117,4.776122,1.429193,OverRange,OverRange,OverRange,11.019726,13.360682,213.49302
2026/06/13 09:54:00.275,n,248.92304,3.775862,4.845595,1.373138,OverRange,OverRange,OverRange,10.984228,13.414606,410.24452
2026/06/13 09:55:00.260,n,201.28512,4.628151,4.734747,1.23334,OverRange,OverRange,OverRange,11.02203,13.466414,364.68712
2026/06/13 09:56:00.262,n,285.3949,5.927409,5.322693,1.454231,OverRange,OverRange,OverRange,11.018972,13.51816,517.091
2026/06/13 09:57:00.264,n,308.3446,3.862785,4.408678,1.166546,OverRange,OverRange,OverRange,10.976126,13.564546,581.54816
2026/06/13 09:58:00.266,n,312.47156,3.181117,4.80487,1.486893,OverRange,OverRange,OverRange,11.168072,13.60976,592.77508
2026/06/13 09:59:00.268,n,313.30166,3.634873,4.842938,1.636647,OverRange,OverRange,OverRange,11.279588,13.631552,594.77992
2026/06/13 10:00:00.271,n,306.50156,3.803162,4.980194,1.338091,OverRange,OverRange,OverRange,11.209004,13.680056,583.13184
2026/06/13 10:01:00.277,n,301.12832,3.572218,4.818198,1.306439,OverRange,OverRange,OverRange,11.368118,13.733922,573.09456
2026/06/13 10:02:00.278,n,281.21714,6.495629,4.917888,1.285995,OverRange,OverRange,OverRange,11.364064,13.78668,532.68952
2026/06/13 10:03:00.278,n,299.288,6.261358,5.382046,0.991741,OverRange,OverRange,OverRange,11.414734,13.84698,566.35704
2026/06/13 10:04:00.263,n,296.52526,6.033341,4.81188,1.050564,OverRange,OverRange,OverRange,11.436748,13.900814,562.38508
2026/06/13 10:05:00.264,n,251.20166,4.107974,4.12018,0.357911,OverRange,OverRange,OverRange,11.512732,13.962126,471.36496
2026/06/13 10:06:00.266,n,281.89304,3.887058,4.834926,1.113129,OverRange,OverRange,OverRange,11.490464,14.025622,528.57536
2026/06/13 10:07:00.269,n,303.66024,6.136629,5.686717,0.269027,OverRange,OverRange,OverRange,11.55452,14.085958,573.82904
2026/06/13 10:08:00.270,n,313.81958,5.016898,5.386087,0.899539,OverRange,OverRange,OverRange,11.561824,14.135416,596.03076
2026/06/13 10:09:00.272,n,319.2121,5.826879,5.109286,1.129922,OverRange,OverRange,OverRange,11.66715,14.18919,607.89788
2026/06/13 10:10:00.276,n,322.42704,5.970927,4.947862,1.490949,OverRange,OverRange,OverRange,11.629416,14.250424,613.81904
2026/06/13 10:11:00.276,n,324.87606,4.639389,4.687611,1.107036,OverRange,OverRange,OverRange,11.659042,14.31168,618.37016
2026/06/13 10:12:00.278,n,329.20264,5.360084,4.60352,1.114728,OverRange,OverRange,OverRange,11.666148,14.369722,626.65492
2026/06/13 10:13:00.263,n,330.9982,5.883259,5.123964,0.907009,OverRange,OverRange,OverRange,11.692698,14.417098,628.85872
2026/06/13 10:14:00.265,n,332.69546,6.334563,5.848051,0.51952,OverRange,OverRange,OverRange,11.849508,14.469718,630.58356
2026/06/13 10:15:00.268,n,333.10864,3.77667,4.178636,0.900605,OverRange,OverRange,OverRange,11.651688,14.525552,630.85088
2026/06/13 10:16:00.271,n,333.80314,5.658463,5.315594,0.82482,OverRange,OverRange,OverRange,11.717764,14.57705,631.71584
2026/06/13 10:17:00.273,n,337.41592,4.929197,4.891149,1.100673,OverRange,OverRange,OverRange,11.65675,14.619884,638.28484
2026/06/13 10:18:00.274,n,336.8782,5.796705,5.849229,0.284267,OverRange,OverRange,OverRange,11.7612,14.663904,637.11888
2026/06/13 10:19:00.276,n,337.55228,3.729995,5.226437,1.073169,OverRange,OverRange,OverRange,11.78951,14.717506,637.94756
2026/06/13 10:20:00.277,n,341.999,5.893435,4.652644,1.062398,OverRange,OverRange,OverRange,11.749304,14.759298,647.04024
2026/06/13 10:21:00.280,n,344.29092,6.285012,5.191354,1.184443,OverRange,OverRange,OverRange,11.760188,14.809546,651.75224
2026/06/13 10:22:00.265,n,347.16408,4.121258,5.411623,0.879659,OverRange,OverRange,OverRange,11.695552,14.84813,656.7464
2026/06/13 10:23:00.266,n,348.15892,5.510572,5.400602,0.830035,OverRange,OverRange,OverRange,11.861476,14.90167,657.83436
2026/06/13 10:24:00.269,n,353.0126,5.93935,4.870493,1.104939,OverRange,OverRange,OverRange,11.916856,14.947764,665.50788
2026/06/13 10:25:00.272,n,358.34996,4.995349,4.66346,0.970385,OverRange,OverRange,OverRange,11.979788,15.00028,675.3624
2026/06/13 10:26:00.274,n,359.06724,3.821708,4.802726,1.278242,OverRange,OverRange,OverRange,12.074326,15.047386,675.4356
2026/06/13 10:27:00.274,n,358.74196,6.002071,5.255539,1.298588,OverRange,OverRange,OverRange,12.190034,15.081442,673.90616
2026/06/13 10:28:00.276,n,361.12492,6.49248,5.27685,1.332271,OverRange,OverRange,OverRange,12.09808,15.122146,677.63192
2026/06/13 10:29:00.280,n,363.76908,3.720358,4.176195,0.970914,OverRange,OverRange,OverRange,12.11376,15.170264,682.04104
2026/06/13 10:30:00.280,n,365.41764,5.974605,5.480682,0.843945,OverRange,OverRange,OverRange,12.258224,15.224836,683.70416
2026/06/13 10:31:00.265,n,367.72804,5.637328,5.41535,0.837267,OverRange,OverRange,OverRange,12.240072,15.271914,687.05488
2026/06/13 10:32:00.269,n,368.64852,6.243007,5.812103,0.219627,OverRange,OverRange,OverRange,12.307974,15.314948,686.306
2026/06/13 10:33:00.269,n,369.67056,3.445708,4.670965,1.000962,OverRange,OverRange,OverRange,12.216522,15.355608,688.69392
2026/06/13 10:34:00.272,n,371.83716,4.04731,4.14548,0.808208,OverRange,OverRange,OverRange,12.203644,15.395172,693.92904
2026/06/13 10:35:00.274,n,373.84108,6.099414,5.330588,1.060646,OverRange,OverRange,OverRange,12.232418,15.4358,696.83176
2026/06/13 10:36:00.277,n,376.25904,5.764648,5.954095,0.232604,OverRange,OverRange,OverRange,12.180914,15.487082,700.71096
2026/06/13 10:37:00.278,n,378.62032,5.769942,5.085106,1.01607,OverRange,OverRange,OverRange,12.325322,15.52129,703.82592
2026/06/13 10:38:00.280,n,381.55852,5.13339,5.067734,0.955931,OverRange,OverRange,OverRange,12.331666,15.554404,707.86888
2026/06/13 10:39:00.282,n,382.13296,5.76929,5.115985,0.919873,OverRange,OverRange,OverRange,12.390224,15.596058,707.84072
2026/06/13 10:40:00.269,n,382.0248,5.938436,4.824648,1.237039,OverRange,OverRange,OverRange,12.28925,15.646548,707.03464
2026/06/13 10:41:00.270,n,384.96968,4.009648,4.458499,1.038438,OverRange,OverRange,OverRange,12.220022,15.676436,709.75448
2026/06/13 10:42:00.272,n,387.22696,6.015662,4.949952,1.151736,OverRange,OverRange,OverRange,12.280122,15.714768,709.22
2026/06/13 10:43:00.276,n,394.41136,4.006415,4.074342,0.765807,OverRange,OverRange,OverRange,12.32252,15.748048,710.19288
2026/06/13 10:44:00.277,n,397.84404,5.641886,4.53719,0.977828,OverRange,OverRange,OverRange,12.36848,15.773374,670.80616
2026/06/13 10:45:00.279,n,476.64048,4.074526,4.646626,1.16471,OverRange,OverRange,OverRange,12.4278,15.800264,681.08776
2026/06/13 10:46:00.281,n,279.5635,4.242615,5.139337,1.140497,OverRange,OverRange,OverRange,12.57517,15.84,357.88772
2026/06/13 10:47:00.285,n,193.57154,5.584107,4.606424,0.960115,OverRange,OverRange,OverRange,12.586258,15.879734,245.18282
2026/06/13 10:48:00.268,n,153.2989,4.08537,5.010046,1.052863,OverRange,OverRange,OverRange,12.457826,15.908696,167.14174
2026/06/13 10:49:00.270,n,151.2285,4.025425,4.850758,1.04525,OverRange,OverRange,OverRange,12.512834,15.939826,156.05124
2026/06/13 10:50:00.271,n,135.15112,5.999504,4.696056,1.039341,OverRange,OverRange,OverRange,12.47398,15.966718,132.87068
2026/06/13 10:51:00.258,n,126.78358,6.307742,5.18715,1.222951,OverRange,OverRange,OverRange,12.525204,15.982282,121.09556
2026/06/13 10:52:00.259,n,133.31102,6.092417,5.095537,1.248566,OverRange,OverRange,OverRange,12.43717,15.988754,126.36778
2026/06/13 10:53:00.261,n,145.68206,5.768434,4.781682,1.236355,OverRange,OverRange,OverRange,12.262732,16.002672,136.56956
2026/06/13 10:54:00.263,n,170.8619,5.826062,5.421682,0.894478,OverRange,OverRange,OverRange,12.318304,16.014474,156.34874
2026/06/13 10:55:00.268,n,206.46708,6.186861,4.964753,1.255375,OverRange,OverRange,OverRange,12.314758,16.018808,194.2704
2026/06/13 10:56:00.268,n,208.1318,3.516338,4.199941,0.998476,OverRange,OverRange,OverRange,12.244064,16.02417,207.19114
2026/06/13 10:57:00.271,n,200.2523,3.602014,4.189375,0.891925,OverRange,OverRange,OverRange,12.233708,16.029502,202.8062
2026/06/13 10:58:00.273,n,203.48216,4.306165,4.28329,0.97567,OverRange,OverRange,OverRange,12.182176,16.038122,217.90008
2026/06/13 10:59:00.272,n,217.57732,5.75011,5.115785,1.154758,OverRange,OverRange,OverRange,12.192058,16.038122,245.27662
2026/06/13 11:00:00.260,n,200.74742,3.55673,5.397049,0.903417,OverRange,OverRange,OverRange,12.24558,16.037046,229.57154
2026/06/13 11:01:00.260,n,249.96318,6.313842,5.924599,0.192321,OverRange,OverRange,OverRange,12.34608,16.031962,324.1943
2026/06/13 11:02:00.265,n,247.13758,4.278414,4.239239,0.955119,OverRange,OverRange,OverRange,12.301672,16.029778,349.63388
2026/06/13 11:03:00.264,n,187.1533,3.970633,4.922269,1.362,OverRange,OverRange,OverRange,12.367574,16.02549,247.78532
2026/06/13 11:04:00.267,n,208.24674,4.478789,4.974952,1.165328,OverRange,OverRange,OverRange,12.306218,16.028702,243.89788
2026/06/13 11:05:00.268,n,313.22656,3.497902,5.08133,1.377863,OverRange,OverRange,OverRange,12.322638,16.02549,405.01132
2026/06/13 11:06:00.269,n,456.43864,6.163618,4.819216,1.39533,OverRange,OverRange,OverRange,12.413998,16.031962,666.93116
2026/06/13 11:07:00.271,n,285.54618,6.489248,4.800738,1.374887,OverRange,OverRange,OverRange,12.605988,16.031962,407.57472
2026/06/13 11:08:00.258,n,462.03584,3.813068,4.846631,1.335257,OverRange,OverRange,OverRange,12.780492,16.046942,708.2872
2026/06/13 11:09:00.259,n,554.81352,3.578526,4.895201,1.342522,OverRange,OverRange,OverRange,13.00652,16.059816,871.02176
2026/06/13 11:10:00.263,n,443.06264,3.381791,4.857419,1.445509,OverRange,OverRange,OverRange,13.238964,16.087722,659.9364
2026/06/13 11:11:00.265,n,400.91556,6.035563,5.071635,1.326299,OverRange,OverRange,OverRange,13.359198,16.129578,566.79256
2026/06/13 11:12:00.267,n,411.55556,6.087475,5.089906,1.239011,OverRange,OverRange,OverRange,13.453604,16.168176,581.52124
2026/06/13 11:13:00.268,n,384.68076,3.788304,4.668601,1.219358,OverRange,OverRange,OverRange,13.563884,16.211076,519.18476
2026/06/13 11:14:00.270,n,419.39336,5.896189,4.895646,1.186401,OverRange,OverRange,OverRange,13.65038,16.266822,577.37628
2026/06/13 11:15:00.271,n,427.16452,5.938513,4.738139,1.334184,OverRange,OverRange,OverRange,13.802282,16.313962,615.68804
2026/06/13 11:16:00.257,n,349.34572,3.692728,4.829023,1.264687,OverRange,OverRange,OverRange,14.040788,16.363286,470.99988
2026/06/13 11:17:00.261,n,361.22816,4.101196,4.479343,1.176647,OverRange,OverRange,OverRange,14.135742,16.419002,476.73772
2026/06/13 11:18:00.260,n,369.31604,5.148686,5.127948,1.32307,OverRange,OverRange,OverRange,14.123108,16.474196,475.46864
2026/06/13 11:19:00.263,n,368.01956,5.891696,4.848628,1.144558,OverRange,OverRange,OverRange,14.1353,16.523426,454.45268
2026/06/13 11:20:00.265,n,391.00832,3.512503,4.89134,1.383457,OverRange,OverRange,OverRange,14.146164,16.580188,484.87892
2026/06/13 11:21:00.269,n,391.08548,6.07881,5.132833,0.989189,OverRange,OverRange,OverRange,14.031026,16.631602,484.9508
2026/06/13 11:22:00.268,n,429.46328,5.923556,5.413727,0.876218,OverRange,OverRange,OverRange,14.171646,16.682952,554.73456
2026/06/13 11:23:00.270,n,372.76964,5.921829,5.562448,0.837772,OverRange,OverRange,OverRange,14.320018,16.725498,464.90392
2026/06/13 11:24:00.273,n,348.85616,3.805651,4.398025,1.006642,OverRange,OverRange,OverRange,14.435166,16.770428,429.41324
2026/06/13 11:25:00.259,n,310.27362,5.666444,5.211164,0.872316,OverRange,OverRange,OverRange,14.505514,16.818522,342.09836
2026/06/13 11:26:00.260,n,320.94864,5.054451,5.359588,0.867093,OverRange,OverRange,OverRange,14.440222,16.865572,341.21464
2026/06/13 11:27:00.263,n,324.37402,5.873531,4.814247,1.306165,OverRange,OverRange,OverRange,14.410946,16.917966,344.79488
2026/06/13 11:28:00.267,n,310.89266,5.590119,5.110458,1.099928,OverRange,OverRange,OverRange,14.473252,16.953248,337.88868
2026/06/13 11:29:00.267,n,332.01998,5.677516,4.985905,1.228468,OverRange,OverRange,OverRange,14.429128,16.994886,388.95108
2026/06/13 11:30:00.269,n,395.17644,6.045698,4.518071,1.018227,OverRange,OverRange,OverRange,14.447026,17.023776,523.89616
2026/06/13 11:31:00.270,n,396.09684,5.610604,5.070372,1.028438,OverRange,OverRange,OverRange,14.453324,17.04895,532.76812
2026/06/13 11:32:00.274,n,293.28488,5.91381,4.382169,1.047583,OverRange,OverRange,OverRange,14.430492,17.072428,396.43672
2026/06/13 11:33:00.274,n,225.72542,4.043043,4.242204,0.816733,OverRange,OverRange,OverRange,14.400218,17.105556,304.6774
2026/06/13 11:34:00.260,n,251.15546,6.419753,4.504553,1.305359,OverRange,OverRange,OverRange,14.395432,17.13973,360.5754
2026/06/13 11:35:00.261,n,436.61776,3.820423,4.65635,1.104444,OverRange,OverRange,OverRange,14.39417,17.156816,689.19952
2026/06/13 11:36:00.265,n,420.55844,5.834531,4.835181,1.110432,OverRange,OverRange,OverRange,14.533346,17.178142,687.87136
2026/06/13 11:37:00.266,n,423.03444,3.859233,4.663997,0.999838,OverRange,OverRange,OverRange,14.53334,17.202728,695.13568
2026/06/13 11:38:00.270,n,384.99472,4.641833,4.875161,1.001529,OverRange,OverRange,OverRange,14.551504,17.235794,638.1264
2026/06/13 11:39:00.273,n,392.17336,3.917381,4.627373,0.899249,OverRange,OverRange,OverRange,14.60669,17.260382,606.16632
2026/06/13 11:40:00.272,n,575.53644,4.11192,4.647674,0.955635,OverRange,OverRange,OverRange,14.681036,17.291328,930.4204
2026/06/13 11:41:00.273,n,581.45232,3.754961,4.973561,1.252184,OverRange,OverRange,OverRange,14.822312,17.323774,942.52376
2026/06/13 11:42:00.278,n,557.38276,4.274155,4.950772,1.075491,OverRange,OverRange,OverRange,14.914256,17.36219,881.76688
2026/06/13 11:43:00.261,n,355.47008,3.636674,4.784416,0.918439,OverRange,OverRange,OverRange,15.029038,17.412312,506.35316
2026/06/13 11:44:00.263,n,324.13422,4.102983,4.495164,0.981723,OverRange,OverRange,OverRange,14.993052,17.463544,408.04044
2026/06/13 11:45:00.264,n,310.89716,3.697269,4.405634,1.031732,OverRange,OverRange,OverRange,15.053198,17.513668,370.91744
2026/06/13 11:46:00.269,n,297.19192,3.664079,4.915302,1.129758,OverRange,OverRange,OverRange,14.933904,17.566956,341.14856
2026/06/13 11:47:00.269,n,315.28042,6.178375,5.038148,1.009572,OverRange,OverRange,OverRange,15.056702,17.614894,367.33084
2026/06/13 11:48:00.271,n,301.07752,4.542404,4.876536,0.999009,OverRange,OverRange,OverRange,15.077098,17.641736,335.79052
2026/06/13 11:49:00.273,n,310.32662,5.76125,4.940079,1.307295,OverRange,OverRange,OverRange,15.02299,17.686482,346.04676
2026/06/13 11:50:00.275,n,331.95496,5.573069,5.112463,0.888512,OverRange,OverRange,OverRange,15.003612,17.725878,382.76756
2026/06/13 11:51:00.277,n,412.72568,5.704929,5.084221,1.084972,OverRange,OverRange,OverRange,15.038346,17.766354,512.89384
2026/06/13 11:52:00.264,n,394.56136,3.351021,4.463754,0.724171,OverRange,OverRange,OverRange,15.115582,17.80676,493.94188
2026/06/13 11:53:00.266,n,321.56974,6.263072,5.219355,1.043501,OverRange,OverRange,OverRange,15.101742,17.821472,369.89272
2026/06/13 11:54:00.267,n,299.94758,3.853114,5.015013,0.926597,OverRange,OverRange,OverRange,15.069626,17.850234,336.0754
2026/06/13 11:55:00.270,n,272.14794,3.975321,4.379897,0.875399,OverRange,OverRange,OverRange,15.08698,17.881058,302.5195
2026/06/13 11:56:00.272,n,236.503,6.198887,5.380215,0.895346,OverRange,OverRange,OverRange,15.022828,17.90343,267.34078
2026/06/13 11:57:00.276,n,210.33522,5.484953,4.672481,0.915515,OverRange,OverRange,OverRange,14.973512,17.934286,241.8255
2026/06/13 11:58:00.276,n,213.82528,3.798837,4.759653,0.88423,OverRange,OverRange,OverRange,14.984324,17.940678,262.92054
2026/06/13 11:59:00.280,n,180.79008,3.824054,4.878289,0.987092,OverRange,OverRange,OverRange,14.9015,17.957702,228.71704
2026/06/13 12:00:00.279,n,159.43374,4.085797,4.10952,0.041671,OverRange,OverRange,OverRange,14.703084,17.964098,190.22834
2026/06/13 12:01:00.264,n,161.98796,5.762138,4.407209,0.66836,OverRange,OverRange,OverRange,14.647656,17.967228,187.32014
2026/06/13 12:02:00.268,n,170.9096,4.068781,5.402529,0.67062,OverRange,OverRange,OverRange,14.526938,17.961912,199.94686
2026/06/13 12:03:00.268,n,182.1108,5.909466,5.254347,0.901315,OverRange,OverRange,OverRange,14.474504,17.957702,223.21302
2026/06/13 12:04:00.271,n,241.37214,5.783939,5.832273,0.199792,OverRange,OverRange,OverRange,14.429638,17.942768,319.3439
2026/06/13 12:05:00.272,n,211.09772,4.124805,4.797743,1.016046,OverRange,OverRange,OverRange,14.324474,17.931056,253.10866
2026/06/13 12:06:00.280,n,256.63534,3.854877,4.549292,0.912996,OverRange,OverRange,OverRange,14.260406,17.922574,273.94754
2026/06/13 12:07:00.276,n,293.60424,4.887085,5.102151,1.023072,OverRange,OverRange,OverRange,14.285626,17.908714,323.18368
2026/06/13 12:08:00.332,n,271.13732,5.686834,5.223095,1.073471,OverRange,OverRange,OverRange,14.270494,17.902388,294.5885
2026/06/13 12:09:00.346,n,252.54072,3.354506,4.694633,1.252986,OverRange,OverRange,OverRange,14.208924,17.899158,270.54702
2026/06/13 12:10:00.328,n,241.55596,5.841915,4.847789,1.128867,OverRange,OverRange,OverRange,14.176376,17.894886,257.89114
2026/06/13 12:11:00.327,n,254.16796,6.172851,5.1645,1.119356,OverRange,OverRange,OverRange,14.144084,17.892766,281.63218
2026/06/13 12:12:00.318,n,240.32198,5.79281,4.713595,1.265562,OverRange,OverRange,OverRange,14.153172,17.903726,274.90214
2026/06/13 12:13:00.275,n,218.04598,5.997144,4.918752,1.232279,OverRange,OverRange,OverRange,14.06628,17.893092,231.2511
2026/06/13 12:14:00.273,n,212.83892,4.699287,4.390736,0.915639,OverRange,OverRange,OverRange,14.1155,17.88781,228.84896
2026/06/13 12:15:00.276,n,213.69938,3.930924,4.847849,1.004102,OverRange,OverRange,OverRange,14.191716,17.88243,242.57966
2026/06/13 12:16:00.279,n,189.23292,3.4658,5.092783,1.295671,OverRange,OverRange,OverRange,14.069326,17.87398,214.05132
2026/06/13 12:17:00.280,n,176.90728,3.787576,4.121609,0.699379,OverRange,OverRange,OverRange,13.905706,17.868598,201.45134
2026/06/13 12:18:00.281,n,179.05018,4.75126,5.373272,0.907927,OverRange,OverRange,OverRange,13.951158,17.845212,210.50984
2026/06/13 12:19:00.266,n,294.69404,6.13299,5.801809,0.462745,OverRange,OverRange,OverRange,13.888026,17.826036,423.27096
2026/06/13 12:20:00.268,n,418.4008,3.768045,5.058186,1.040177,OverRange,OverRange,OverRange,13.980958,17.810088,624.33232
2026/06/13 12:21:00.271,n,483.14428,5.840463,4.928983,1.065947,OverRange,OverRange,OverRange,14.142512,17.794106,742.29816
2026/06/13 12:22:00.273,n,265.17478,5.614727,5.019377,1.214564,OverRange,OverRange,OverRange,14.240926,17.79303,353.55656
2026/06/13 12:23:00.273,n,267.68844,5.855315,4.847308,1.073106,OverRange,OverRange,OverRange,14.220236,17.799424,342.63248
2026/06/13 12:24:00.275,n,287.39768,5.588877,4.866022,0.91459,OverRange,OverRange,OverRange,14.212418,17.80262,349.83836
2026/06/13 12:25:00.279,n,270.22946,5.75015,5.337681,0.529524,OverRange,OverRange,OverRange,14.296922,17.804772,297.87832
2026/06/13 12:26:00.279,n,271.8009,6.082399,4.509213,1.071041,OverRange,OverRange,OverRange,14.055172,17.813286,290.36182
2026/06/13 12:27:00.282,n,275.69126,5.671629,4.405263,0.819272,OverRange,OverRange,OverRange,13.822836,17.815372,299.16662
2026/06/13 12:28:00.269,n,403.24064,3.856912,5.242297,0.690253,OverRange,OverRange,OverRange,13.730114,17.80901,505.73324
2026/06/13 12:29:00.270,n,498.71496,5.833625,5.738217,0.165249,OverRange,OverRange,OverRange,13.896852,17.799424,697.774
2026/06/13 12:30:00.270,n,545.04504,5.717298,5.272003,1.023929,OverRange,OverRange,OverRange,13.817272,17.79091,807.5368
2026/06/13 12:31:00.273,n,471.479,4.047214,4.729062,0.761486,OverRange,OverRange,OverRange,14.009472,17.799424,673.40096
2026/06/13 12:32:00.275,n,269.30918,3.938096,4.398678,0.869154,OverRange,OverRange,OverRange,14.209382,17.799424,337.81604
2026/06/13 12:33:00.278,n,224.41588,6.343305,4.796092,1.027201,OverRange,OverRange,OverRange,14.281292,17.815372,250.72424
2026/06/13 12:34:00.279,n,212.65208,3.698963,4.358935,0.979333,OverRange,OverRange,OverRange,14.31485,17.82395,234.6012
2026/06/13 12:35:00.282,n,200.62374,5.42315,4.804259,1.004294,OverRange,OverRange,OverRange,14.321652,17.834548,222.66882
2026/06/13 12:36:00.284,n,196.0194,4.142874,4.920828,0.916213,OverRange,OverRange,OverRange,14.30097,17.843062,219.15448
2026/06/13 12:37:00.268,n,206.08526,5.679466,4.691117,0.993184,OverRange,OverRange,OverRange,14.28029,17.847336,236.32726
2026/06/13 12:38:00.270,n,214.68078,4.177301,4.641929,1.198218,OverRange,OverRange,OverRange,14.265402,17.851542,237.18876
2026/06/13 12:39:00.272,n,229.43102,5.682705,4.728554,0.906191,OverRange,OverRange,OverRange,14.321142,17.850498,250.0915
2026/06/13 12:40:00.275,n,247.04986,3.866335,5.097052,0.982002,OverRange,OverRange,OverRange,14.33553,17.859044,276.50678
2026/06/13 12:41:00.276,n,264.33042,5.74932,4.916819,0.927995,OverRange,OverRange,OverRange,14.355184,17.855844,313.09072
2026/06/13 12:42:00.279,n,260.70698,3.907001,4.413406,0.902245,OverRange,OverRange,OverRange,14.352168,17.860116,320.03344
2026/06/13 12:43:00.282,n,284.24558,5.833519,5.123763,0.805639,OverRange,OverRange,OverRange,14.481018,17.856922,341.59896
2026/06/13 12:44:00.282,n,273.8659,3.929556,4.437759,0.8312,OverRange,OverRange,OverRange,14.475724,17.867524,317.50088
2026/06/13 12:45:00.285,n,304.75052,5.420297,5.160002,1.137038,OverRange,OverRange,OverRange,14.545054,17.878188,369.13672
2026/06/13 12:46:00.269,n,274.04998,4.099876,4.323628,0.697627,OverRange,OverRange,OverRange,14.5221,17.88781,318.94504
2026/06/13 12:47:00.271,n,222.91256,6.300976,5.345694,1.180241,OverRange,OverRange,OverRange,14.53119,17.898376,245.03284
2026/06/13 12:48:00.274,n,192.37438,5.644653,4.962681,1.09145,OverRange,OverRange,OverRange,14.487834,17.915402,204.25608
2026/06/13 12:49:00.276,n,180.8863,4.01346,4.714515,1.024808,OverRange,OverRange,OverRange,14.510762,17.91863,190.78746
2026/06/13 12:50:00.265,n,182.43066,5.813645,4.865712,1.106739,OverRange,OverRange,OverRange,14.393032,17.93458,193.3525
2026/06/13 12:51:00.263,n,191.1242,3.97913,4.599917,1.119407,OverRange,OverRange,OverRange,14.352676,17.929262,201.93846
2026/06/13 12:52:00.267,n,207.7629,5.612924,5.159349,1.052972,OverRange,OverRange,OverRange,14.381668,17.93569,221.70478
2026/06/13 12:53:00.266,n,215.65062,4.70308,4.607466,1.030628,OverRange,OverRange,OverRange,14.34258,17.93569,230.93712
2026/06/13 12:54:00.268,n,229.97834,4.124072,4.617506,1.18444,OverRange,OverRange,OverRange,14.322404,17.936734,256.0613
2026/06/13 12:55:00.271,n,229.77372,3.939847,4.748619,1.170903,OverRange,OverRange,OverRange,14.331234,17.93882,262.67002
2026/06/13 12:56:00.258,n,210.98956,3.994322,4.765764,1.041572,OverRange,OverRange,OverRange,14.289612,17.936734,225.9168
2026/06/13 12:57:00.259,n,216.15252,5.837757,5.19936,1.105476,OverRange,OverRange,OverRange,14.353684,17.923978,229.26754
2026/06/13 12:58:00.260,n,227.57862,5.70769,4.879115,0.927133,OverRange,OverRange,OverRange,14.294404,17.925022,245.26484
2026/06/13 12:59:00.414,n,254.83576,5.791717,4.676514,1.129984,OverRange,OverRange,OverRange,14.230088,17.919706,288.64972
2026/06/13 13:00:00.265,n,511.82132,5.759791,4.835689,1.23965,OverRange,OverRange,OverRange,14.29543,17.916478,718.388
2026/06/13 13:01:00.462,n,351.94728,4.249195,4.770071,0.933125,OverRange,OverRange,OverRange,14.350632,17.914356,494.4498
2026/06/13 13:02:00.323,n,218.48902,6.043633,5.216058,0.955113,OverRange,OverRange,OverRange,14.39177,17.921828,258.17404
2026/06/13 13:03:00.271,n,175.83342,3.604172,4.582056,0.857189,OverRange,OverRange,OverRange,14.3446,17.928218,196.84484
2026/06/13 13:04:00.256,n,156.12086,6.162508,4.970965,1.051107,OverRange,OverRange,OverRange,14.297688,17.923978,168.83512
2026/06/13 13:05:00.308,n,145.4071,3.960408,4.637095,1.346937,OverRange,OverRange,OverRange,14.210648,17.92287,151.13832
2026/06/13 13:06:00.261,n,144.58342,5.442652,5.066762,0.933437,OverRange,OverRange,OverRange,14.15209,17.925022,143.58662
2026/06/13 13:07:00.261,n,157.01308,4.383823,5.110009,0.902753,OverRange,OverRange,OverRange,14.049388,17.919706,152.94134
2026/06/13 13:08:00.265,n,180.06556,3.631648,4.888139,1.247489,OverRange,OverRange,OverRange,14.005696,17.901606,179.11402
2026/06/13 13:09:00.268,n,208.90082,4.922713,4.734751,1.081523,OverRange,OverRange,OverRange,13.97288,17.89629,217.30634
2026/06/13 13:10:00.269,n,240.87382,3.904838,4.589515,0.999175,OverRange,OverRange,OverRange,13.976162,17.88243,263.53238
2026/06/13 13:11:00.272,n,377.46716,5.444792,5.466448,0.87604,OverRange,OverRange,OverRange,13.951916,17.87499,483.0662
2026/06/13 13:12:00.272,n,566.72896,4.93045,4.835001,0.834761,OverRange,OverRange,OverRange,14.036494,17.865402,812.21208
2026/06/13 13:13:00.258,n,492.40844,3.672883,4.8057,0.999539,OverRange,OverRange,OverRange,14.162206,17.865402,686.88496
2026/06/13 13:14:00.259,n,579.0238,3.975266,3.926377,0.30304,OverRange,OverRange,OverRange,14.293646,17.87398,832.32632
2026/06/13 13:15:00.262,n,370.40028,6.191403,5.681018,0.255225,OverRange,OverRange,OverRange,14.533188,17.89094,487.46776
2026/06/13 13:16:00.263,n,267.2136,3.932018,5.065781,1.135253,OverRange,OverRange,OverRange,14.60704,17.910118,300.8519
2026/06/13 13:17:00.268,n,241.73588,3.88606,5.120736,0.857462,OverRange,OverRange,OverRange,14.554372,17.93882,253.58996
2026/06/13 13:18:00.267,n,237.75096,5.556826,4.588005,0.865677,OverRange,OverRange,OverRange,14.488582,17.95904,244.43262
2026/06/13 13:19:00.270,n,236.22418,5.768548,5.112791,0.868002,OverRange,OverRange,OverRange,14.485794,17.979294,239.00808
2026/06/13 13:20:00.275,n,236.53044,3.632543,4.863703,1.06483,OverRange,OverRange,OverRange,14.519842,17.986702,237.052
2026/06/13 13:21:00.273,n,263.33484,4.255513,4.843356,0.94762,OverRange,OverRange,OverRange,14.479748,17.999484,285.9859
2026/06/13 13:22:00.259,n,239.46596,6.308507,5.037522,1.120443,OverRange,OverRange,OverRange,14.40059,18.003726,248.40912
2026/06/13 13:23:00.262,n,230.95396,5.586563,5.331899,0.709038,OverRange,OverRange,OverRange,14.358974,18.012238,232.96754
2026/06/13 13:24:00.264,n,230.60048,4.49294,4.474247,0.926804,OverRange,OverRange,OverRange,14.330226,18.012238,231.88054
2026/06/13 13:25:00.265,n,235.27424,6.164066,5.473329,1.142518,OverRange,OverRange,OverRange,14.2591,18.015466,237.9303
2026/06/13 13:26:00.270,n,240.9073,3.723701,4.768782,1.062224,OverRange,OverRange,OverRange,14.254558,18.017554,245.32276
2026/06/13 13:27:00.270,n,242.01914,4.136059,4.699936,0.760442,OverRange,OverRange,OverRange,14.348622,18.011162,245.63972
2026/06/13 13:28:00.272,n,242.99798,5.548333,5.490075,0.525793,OverRange,OverRange,OverRange,14.32542,18.005878,245.9847
2026/06/13 13:29:00.273,n,240.09208,3.891018,5.30005,1.158553,OverRange,OverRange,OverRange,14.261868,18.005878,241.03004
2026/06/13 13:30:00.275,n,239.72424,5.494458,5.783564,0.261911,OverRange,OverRange,OverRange,14.215948,18.00265,238.20672
2026/06/13 13:31:00.260,n,241.77898,3.874272,4.804077,1.064708,OverRange,OverRange,OverRange,14.258602,17.997396,241.11622
2026/06/13 13:32:00.262,n,242.73484,4.20754,4.723031,0.797237,OverRange,OverRange,OverRange,14.29946,17.997396,241.8604
2026/06/13 13:33:00.264,n,245.29314,5.50447,4.813793,1.244258,OverRange,OverRange,OverRange,14.300466,17.984612,244.50086
2026/06/13 13:34:00.266,n,250.56502,3.638831,4.857902,1.169987,OverRange,OverRange,OverRange,14.242432,17.985654,252.43714
2026/06/13 13:35:00.269,n,252.53996,5.680896,5.137032,0.85908,OverRange,OverRange,OverRange,14.229066,17.97499,257.50892
2026/06/13 13:36:00.271,n,248.5044,3.192885,5.063236,1.343617,OverRange,OverRange,OverRange,14.175832,17.968632,252.90696
2026/06/13 13:37:00.273,n,242.94124,4.365712,4.936806,1.103514,OverRange,OverRange,OverRange,14.165492,17.963312,243.36062
2026/06/13 13:38:00.275,n,241.4481,6.337806,5.169185,1.270497,OverRange,OverRange,OverRange,14.10491,17.956954,238.77422
2026/06/13 13:39:00.277,n,244.3999,6.436964,4.727327,1.01841,OverRange,OverRange,OverRange,14.03802,17.945246,240.82226
2026/06/13 13:40:00.262,n,250.0005,3.80193,4.944322,1.22434,OverRange,OverRange,OverRange,13.956204,17.940972,247.34088
2026/06/13 13:41:00.263,n,254.37786,3.607834,4.439322,1.158293,OverRange,OverRange,OverRange,13.974148,17.928218,253.9315
2026/06/13 13:42:00.266,n,255.00322,6.25814,5.455586,0.668202,OverRange,OverRange,OverRange,13.968598,17.925022,256.4502
2026/06/13 13:43:00.268,n,254.39494,5.115134,5.601214,0.24775,OverRange,OverRange,OverRange,13.881206,17.911228,257.78306
2026/06/13 13:44:00.270,n,253.4699,6.192206,4.813183,1.229464,OverRange,OverRange,OverRange,13.86174,17.901606,258.70246
2026/06/13 13:45:00.271,n,253.8281,5.887006,4.174722,0.862229,OverRange,OverRange,OverRange,13.87386,17.89094,260.19808
2026/06/13 13:46:00.275,n,253.37726,3.877342,5.462869,0.841704,OverRange,OverRange,OverRange,13.894318,17.881384,256.58866
2026/06/13 13:47:00.276,n,261.49616,5.770124,5.125952,0.870743,OverRange,OverRange,OverRange,13.836736,17.871828,263.43356
2026/06/13 13:48:00.278,n,270.49042,5.938407,5.039421,0.972167,OverRange,OverRange,OverRange,13.844834,17.862238,273.13186
2026/06/13 13:49:00.263,n,272.54888,3.745439,4.447117,1.100699,OverRange,OverRange,OverRange,13.764466,17.854768,275.51782
2026/06/13 13:50:00.265,n,273.18168,4.162097,4.919593,0.982502,OverRange,OverRange,OverRange,13.698772,17.839864,274.38074
2026/06/13 13:51:00.266,n,281.90098,3.711321,4.890359,1.264305,OverRange,OverRange,OverRange,13.732646,17.839864,287.21618
2026/06/13 13:52:00.271,n,260.7026,3.793608,5.212371,1.111952,OverRange,OverRange,OverRange,13.732132,17.830276,273.59686
2026/06/13 13:53:00.271,n,203.5586,4.138146,4.998443,1.249381,OverRange,OverRange,OverRange,13.739944,17.829236,222.0151
2026/06/13 13:54:00.273,n,201.6191,6.245851,4.978657,1.016561,OverRange,OverRange,OverRange,13.666662,17.819644,237.90246
2026/06/13 13:55:00.275,n,205.39306,5.835284,4.631439,0.983809,OverRange,OverRange,OverRange,13.569078,17.816416,238.84298
2026/06/13 13:56:00.276,n,191.90326,4.386112,5.229656,1.007903,OverRange,OverRange,OverRange,13.601186,17.794106,191.87506
2026/06/13 13:57:00.279,n,196.9814,6.48445,4.910001,1.074756,OverRange,OverRange,OverRange,13.576904,17.7898,184.57526
2026/06/13 13:58:00.267,n,222.60542,3.87448,4.916233,0.989801,OverRange,OverRange,OverRange,13.535954,17.774962,205.79032
2026/06/13 13:59:00.266,n,237.66604,5.602532,4.819039,1.086109,OverRange,OverRange,OverRange,13.495998,17.758982,221.79198
2026/06/13 14:00:00.271,n,240.59054,3.806398,5.269153,0.804468,OverRange,OverRange,OverRange,13.453008,17.739806,226.28956
2026/06/13 14:01:00.270,n,232.08326,3.717251,4.176847,0.850503,OverRange,OverRange,OverRange,13.383946,17.7249,219.75122
2026/06/13 14:02:00.272,n,205.32442,3.714182,4.538383,1.110649,OverRange,OverRange,OverRange,13.357616,17.703604,194.89512
2026/06/13 14:03:00.274,n,179.295,5.598954,5.106583,0.837351,OverRange,OverRange,OverRange,13.260702,17.686546,168.0169
2026/06/13 14:04:00.278,n,186.05658,5.77063,4.785486,1.193147,OverRange,OverRange,OverRange,13.15943,17.665218,171.70452
2026/06/13 14:05:00.278,n,214.60856,3.609879,4.596999,0.91585,OverRange,OverRange,OverRange,13.126012,17.640756,200.74114
2026/06/13 14:06:00.280,n,233.51396,4.075746,4.670356,0.985531,OverRange,OverRange,OverRange,13.104498,17.61408,225.52166
2026/06/13 14:07:00.265,n,239.06348,3.710588,4.745859,1.120082,OverRange,OverRange,OverRange,13.131566,17.58636,243.9793
2026/06/13 14:08:00.268,n,199.31608,4.939564,4.945624,1.040325,OverRange,OverRange,OverRange,13.11259,17.557662,196.19544
2026/06/13 14:09:00.269,n,175.36422,4.04452,4.481901,0.951957,OverRange,OverRange,OverRange,13.088792,17.553974,171.76628
2026/06/13 14:10:00.271,n,180.47278,4.330966,4.769303,1.034187,OverRange,OverRange,OverRange,13.092784,17.523092,181.47242
2026/06/13 14:11:00.272,n,222.95284,3.805498,4.861029,1.313462,OverRange,OverRange,OverRange,13.102896,17.49958,228.8894
2026/06/13 14:12:00.277,n,279.93662,3.628677,4.756885,1.006661,OverRange,OverRange,OverRange,13.151006,17.478318,298.28634
2026/06/13 14:13:00.277,n,277.41586,4.707,5.16221,1.085321,OverRange,OverRange,OverRange,13.16976,17.460184,306.60906
2026/06/13 14:14:00.279,n,272.50614,4.713153,4.969667,1.307741,OverRange,OverRange,OverRange,13.208736,17.435628,300.98362
2026/06/13 14:15:00.285,n,260.50852,3.623163,4.42302,1.144255,OverRange,OverRange,OverRange,13.153814,17.427116,281.81312
2026/06/13 14:16:00.266,n,244.0023,6.01702,5.217692,1.274222,OverRange,OverRange,OverRange,13.157594,17.408988,266.42776
2026/06/13 14:17:00.268,n,223.76976,3.615007,4.761663,1.191794,OverRange,OverRange,OverRange,13.188992,17.403672,242.334
2026/06/13 14:18:00.270,n,220.23146,3.47506,4.84549,1.38264,OverRange,OverRange,OverRange,13.214056,17.384432,239.48408
2026/06/13 14:19:00.272,n,254.32872,6.385785,5.058373,1.414516,OverRange,OverRange,OverRange,13.181662,17.37595,312.99668
2026/06/13 14:20:00.274,n,220.47796,5.888253,4.769292,0.969712,OverRange,OverRange,OverRange,13.175076,17.363134,251.01204
2026/06/13 14:21:00.276,n,216.34252,5.968638,4.643405,1.136614,OverRange,OverRange,OverRange,13.183676,17.355668,241.67738
2026/06/13 14:22:00.278,n,228.76964,5.833721,5.172775,1.062486,OverRange,OverRange,OverRange,13.205212,17.345006,260.46464
2026/06/13 14:23:00.280,n,343.43596,5.723054,4.831572,1.136532,OverRange,OverRange,OverRange,13.190268,17.331144,455.86172
2026/06/13 14:24:00.282,n,230.8965,4.964333,4.305599,0.989034,OverRange,OverRange,OverRange,13.20191,17.321494,292.98312
2026/06/13 14:25:00.267,n,197.71156,4.11934,4.39226,1.071516,OverRange,OverRange,OverRange,13.2561,17.315134,227.02766
2026/06/13 14:26:00.270,n,186.99958,5.696336,5.464831,0.493652,OverRange,OverRange,OverRange,13.292048,17.308742,217.8111
2026/06/13 14:27:00.271,n,176.40808,3.715088,4.478121,1.167952,OverRange,OverRange,OverRange,13.25406,17.30444,208.57482
2026/06/13 14:28:00.274,n,177.20214,5.65768,5.484629,0.847491,OverRange,OverRange,OverRange,13.160122,17.286338,219.02822
2026/06/13 14:29:00.275,n,327.57308,3.683724,5.021532,0.990035,OverRange,OverRange,OverRange,13.072022,17.274536,485.90456
2026/06/13 14:30:00.278,n,341.30796,3.503199,4.538848,1.391534,OverRange,OverRange,OverRange,13.15558,17.257514,550.00288
2026/06/13 14:31:00.282,n,233.86706,4.137617,4.078485,0.07788,OverRange,OverRange,OverRange,13.155824,17.250012,361.7988
2026/06/13 14:32:00.282,n,326.15806,5.5128,5.571261,0.075725,OverRange,OverRange,OverRange,13.180638,17.247892,493.48844
2026/06/13 14:33:00.284,n,367.26672,6.248586,5.621326,1.013016,OverRange,OverRange,OverRange,13.292038,17.246816,522.96612
2026/06/13 14:34:00.270,n,533.39636,6.20878,4.783444,1.085617,OverRange,OverRange,OverRange,13.385896,17.245742,769.05576
2026/06/13 14:35:00.272,n,384.69472,5.588009,5.304945,0.737673,OverRange,OverRange,OverRange,13.498734,17.256468,511.90796
2026/06/13 14:36:00.273,n,305.57154,5.488756,5.63441,0.073309,OverRange,OverRange,OverRange,13.5463,17.27884,384.04336
2026/06/13 14:37:00.258,n,227.77568,3.772933,4.344301,0.953594,OverRange,OverRange,OverRange,13.509868,17.293808,270.5415
2026/06/13 14:38:00.277,n,188.49916,4.097624,4.579294,0.890341,OverRange,OverRange,OverRange,13.467866,17.318328,219.85736
2026/06/13 14:39:00.263,n,157.90734,4.1238,4.133054,0.825955,OverRange,OverRange,OverRange,13.497716,17.325796,185.42446
2026/06/13 14:40:00.265,n,136.45618,4.270484,4.822969,0.747432,OverRange,OverRange,OverRange,13.505818,17.339624,160.28152
2026/06/13 14:41:00.267,n,123.61108,5.95406,4.892327,1.039775,OverRange,OverRange,OverRange,13.430696,17.335416,138.41194
2026/06/13 14:42:00.268,n,109.7098,5.783892,5.029013,0.804346,OverRange,OverRange,OverRange,13.416774,17.330068,117.68208
2026/06/13 14:43:00.270,n,98.72144,3.762817,4.849237,1.154291,OverRange,OverRange,OverRange,13.277864,17.317286,102.00602
2026/06/13 14:44:00.273,n,105.38734,4.956772,5.220606,0.773434,OverRange,OverRange,OverRange,13.284176,17.298046,111.06442
2026/06/13 14:45:00.261,n,182.78144,3.969902,4.536473,1.055935,OverRange,OverRange,OverRange,13.23938,17.272446,239.0752
2026/06/13 14:46:00.260,n,257.4468,3.777216,5.287538,1.232594,OverRange,OverRange,OverRange,13.23052,17.247892,382.75584
2026/06/13 14:47:00.262,n,162.9293,4.306284,4.806994,1.026592,OverRange,OverRange,OverRange,13.243424,17.228686,194.36108
2026/06/13 14:48:00.264,n,164.317,4.095091,4.917025,1.192216,OverRange,OverRange,OverRange,13.204672,17.206284,200.36094
2026/06/13 14:49:00.268,n,283.6767,5.984197,4.685048,1.023421,OverRange,OverRange,OverRange,13.176076,17.18923,436.46128
2026/06/13 14:50:00.267,n,355.30148,5.829968,4.780053,1.1423,OverRange,OverRange,OverRange,13.182668,17.163598,594.52356
2026/06/13 14:51:00.272,n,358.18876,5.784546,5.228979,1.105305,OverRange,OverRange,OverRange,13.363118,17.149678,609.50032
2026/06/13 14:52:00.271,n,369.92844,4.249548,4.862442,1.144854,OverRange,OverRange,OverRange,13.40564,17.148632,635.93232
2026/06/13 14:53:00.259,n,217.80388,3.956172,5.299312,1.108393,OverRange,OverRange,OverRange,13.403366,17.156132,366.5172
2026/06/13 14:54:00.259,n,226.5721,4.174596,4.044981,0.241686,OverRange,OverRange,OverRange,13.331258,17.169958,361.7594
2026/06/13 14:55:00.262,n,293.81156,5.580431,4.25884,1.065416,OverRange,OverRange,OverRange,13.410966,17.180622,492.25236
2026/06/13 14:56:00.263,n,160.98106,5.037201,4.742912,0.729879,OverRange,OverRange,OverRange,13.398316,17.214468,231.8581
2026/06/13 14:57:00.266,n,245.0114,5.591833,4.979862,0.870151,OverRange,OverRange,OverRange,13.419072,17.224056,336.46256
2026/06/13 14:58:00.267,n,215.87258,6.228235,5.563963,0.85498,OverRange,OverRange,OverRange,13.49523,17.230448,262.17362
2026/06/13 14:59:00.269,n,214.48742,6.119813,5.274761,0.966408,OverRange,OverRange,OverRange,13.453242,17.23899,289.38028
2026/06/13 15:00:00.271,n,197.16114,3.728895,4.417668,0.942549,OverRange,OverRange,OverRange,13.380626,17.244338,270.72376
2026/06/13 15:01:00.257,n,153.20678,3.772785,5.29005,0.754463,OverRange,OverRange,OverRange,13.404912,17.249654,171.43676
2026/06/13 15:02:00.326,n,141.05052,5.724846,4.634402,0.904268,OverRange,OverRange,OverRange,13.394288,17.251806,151.79622
2026/06/13 15:03:00.398,n,137.67208,6.079273,5.353534,0.937962,OverRange,OverRange,OverRange,13.337346,17.24861,149.3136
2026/06/13 15:04:00.261,n,239.11174,4.118971,4.076713,0.110403,OverRange,OverRange,OverRange,13.302176,17.243262,322.2889
2026/06/13 15:05:00.264,n,311.48694,3.39226,4.346422,1.089293,OverRange,OverRange,OverRange,13.361904,17.243262,487.45468
2026/06/13 15:06:00.268,n,179.2946,6.0036,4.144108,0.945471,OverRange,OverRange,OverRange,13.419866,17.25285,239.02974
2026/06/13 15:07:00.268,n,197.11792,3.986402,4.414722,0.717855,OverRange,OverRange,OverRange,13.411734,17.259274,262.97324
2026/06/13 15:08:00.271,n,203.64254,5.793831,4.711954,0.914121,OverRange,OverRange,OverRange,13.44893,17.273132,278.66006
2026/06/13 15:09:00.272,n,144.85772,5.687312,5.054215,0.960888,OverRange,OverRange,OverRange,13.471954,17.29234,163.35786
2026/06/13 15:10:00.258,n,143.76614,5.811292,5.373367,0.884655,OverRange,OverRange,OverRange,13.491186,17.305154,142.14468
2026/06/13 15:11:00.261,n,157.535,4.050506,4.323932,0.903513,OverRange,OverRange,OverRange,13.421102,17.307308,153.14056
2026/06/13 15:12:00.263,n,164.77348,4.121425,4.531684,1.132743,OverRange,OverRange,OverRange,13.411992,17.311578,164.2256
2026/06/13 15:13:00.264,n,165.12222,4.071539,4.459707,0.833756,OverRange,OverRange,OverRange,13.421098,17.31373,167.20744
2026/06/13 15:14:00.266,n,163.82176,5.630648,4.755179,0.659622,OverRange,OverRange,OverRange,13.409216,17.30946,169.24784
2026/06/13 15:15:00.269,n,145.93198,5.635062,4.167378,0.739405,OverRange,OverRange,OverRange,13.337102,17.300852,159.55722
2026/06/13 15:16:00.271,n,129.41234,4.112405,5.155824,0.718087,OverRange,OverRange,OverRange,13.372524,17.291264,147.07936
2026/06/13 15:17:00.272,n,121.45806,3.84118,5.065165,1.017902,OverRange,OverRange,OverRange,13.32951,17.27636,138.34852
2026/06/13 15:18:00.274,n,120.14054,4.086145,4.661638,1.041974,OverRange,OverRange,OverRange,13.263948,17.262468,142.7334
2026/06/13 15:19:00.260,n,138.10434,6.110723,5.501807,0.829059,OverRange,OverRange,OverRange,13.274842,17.251806,177.9291
2026/06/13 15:20:00.263,n,218.63488,5.855882,5.124757,1.098246,OverRange,OverRange,OverRange,13.23737,17.219816,330.69376
2026/06/13 15:21:00.266,n,185.41816,4.110506,4.629945,1.105033,OverRange,OverRange,OverRange,13.3237,17.208014,278.27618
2026/06/13 15:22:00.266,n,235.7555,5.451273,4.688077,1.156238,OverRange,OverRange,OverRange,13.373016,17.185642,360.0818
2026/06/13 15:23:00.268,n,198.3863,4.573761,4.881469,1.023478,OverRange,OverRange,OverRange,13.376338,17.176024,284.6691
2026/06/13 15:24:00.271,n,174.95648,6.022489,5.438289,0.873558,OverRange,OverRange,OverRange,13.409964,17.171752,228.4301
2026/06/13 15:25:00.273,n,198.5949,3.938412,4.724762,0.929512,OverRange,OverRange,OverRange,13.412506,17.166372,264.48184
2026/06/13 15:26:00.274,n,330.2067,6.213513,5.097185,1.117626,OverRange,OverRange,OverRange,13.43399,17.168522,516.78416
2026/06/13 15:27:00.276,n,379.94628,4.025413,4.526562,1.12567,OverRange,OverRange,OverRange,13.461346,17.168522,612.68464
2026/06/13 15:28:00.264,n,365.90096,3.530631,4.534372,1.157655,OverRange,OverRange,OverRange,13.613072,17.181338,597.71508
2026/06/13 15:29:00.263,n,355.35192,3.225111,4.70997,1.338808,OverRange,OverRange,OverRange,13.71699,17.203804,567.7896
2026/06/13 15:30:00.265,n,363.33312,4.367705,4.53931,0.939581,OverRange,OverRange,OverRange,13.828938,17.237916,574.70256
2026/06/13 15:31:00.267,n,334.22244,5.302942,4.880255,1.049413,OverRange,OverRange,OverRange,13.92241,17.280632,523.33272
2026/06/13 15:32:00.269,n,265.82706,4.312801,4.674909,0.975589,OverRange,OverRange,OverRange,14.018124,17.321166,408.41836
2026/06/13 15:33:00.273,n,170.8651,3.944801,5.02813,1.044013,OverRange,OverRange,OverRange,14.07216,17.3617,222.02284
2026/06/13 15:34:00.274,n,159.84828,6.318702,4.906677,0.926888,OverRange,OverRange,OverRange,14.107244,17.404356,203.80018
2026/06/13 15:35:00.277,n,149.28926,3.962321,4.420977,0.873877,OverRange,OverRange,OverRange,14.05978,17.428912,189.44928
2026/06/13 15:36:00.279,n,135.2662,5.412712,5.146087,1.036807,OverRange,OverRange,OverRange,14.069886,17.45239,176.35918
2026/06/13 15:37:00.263,n,121.39982,4.912812,5.361255,0.794872,OverRange,OverRange,OverRange,14.070628,17.459794,159.22496
2026/06/13 15:38:00.265,n,122.65806,4.158828,4.644266,0.900338,OverRange,OverRange,OverRange,14.01889,17.463022,164.5092
2026/06/13 15:39:00.266,n,114.7401,5.456795,4.794834,1.074568,OverRange,OverRange,OverRange,14.03832,17.45875,146.74978
2026/06/13 15:40:00.270,n,130.74806,5.784724,4.869503,1.073309,OverRange,OverRange,OverRange,13.955242,17.457674,173.40462
2026/06/13 15:41:00.271,n,159.99518,5.515949,4.891875,1.147578,OverRange,OverRange,OverRange,13.89386,17.45024,215.14726
2026/06/13 15:42:00.274,n,153.0659,5.785704,4.843609,0.963746,OverRange,OverRange,OverRange,13.752116,17.441696,200.90572
2026/06/13 15:43:00.274,n,182.2617,6.35752,5.039484,1.30197,OverRange,OverRange,OverRange,13.708898,17.435302,259.21152
2026/06/13 15:44:00.276,n,272.1818,6.197348,5.284831,1.136962,OverRange,OverRange,OverRange,13.688182,17.416844,439.09096
2026/06/13 15:45:00.279,n,284.25174,3.875383,4.802839,1.01406,OverRange,OverRange,OverRange,13.776714,17.409346,474.75144
2026/06/13 15:46:00.264,n,188.594,4.994818,5.515954,0.866832,OverRange,OverRange,OverRange,13.810074,17.414694,267.2134
2026/06/13 15:47:00.266,n,177.17622,4.132785,4.287841,0.768715,OverRange,OverRange,OverRange,13.801738,17.429628,234.02656
2026/06/13 15:48:00.268,n,171.19048,3.933468,4.409072,0.817943,OverRange,OverRange,OverRange,13.810552,17.439186,200.60958
2026/06/13 15:49:00.270,n,180.5132,3.56589,4.397031,0.966182,OverRange,OverRange,OverRange,13.770382,17.449878,200.1455
2026/06/13 15:50:00.271,n,185.01078,4.15487,4.033047,0.819566,OverRange,OverRange,OverRange,13.68244,17.450924,202.28002
2026/06/13 15:51:00.275,n,187.2381,4.610097,4.723923,0.907557,OverRange,OverRange,OverRange,13.658168,17.453044,210.72724
2026/06/13 15:52:00.277,n,171.51174,5.578479,4.983031,0.949402,OverRange,OverRange,OverRange,13.69658,17.459468,180.29192
2026/06/13 15:53:00.278,n,173.2053,4.963149,4.45466,0.344891,OverRange,OverRange,OverRange,13.685986,17.452,182.33428
2026/06/13 15:54:00.281,n,189.39306,3.503167,4.42011,0.720379,OverRange,OverRange,OverRange,13.632106,17.44776,217.50128
2026/06/13 15:55:00.265,n,211.49648,4.925074,4.834739,0.752586,OverRange,OverRange,OverRange,13.71102,17.439186,277.4816
2026/06/13 15:56:00.268,n,158.19,5.88476,4.840863,1.110047,OverRange,OverRange,OverRange,13.693584,17.435988,170.2385
2026/06/13 15:57:00.270,n,153.44606,5.521291,5.16161,0.653708,OverRange,OverRange,OverRange,13.684968,17.435988,162.05126
2026/06/13 15:58:00.270,n,156.81434,3.828532,4.54603,0.918059,OverRange,OverRange,OverRange,13.69811,17.432858,167.59992
2026/06/13 15:59:00.276,n,151.35834,5.35768,5.195485,0.907184,OverRange,OverRange,OverRange,13.73045,17.42855,154.48174
2026/06/13 16:00:00.275,n,148.92642,5.773465,5.019332,0.997825,OverRange,OverRange,OverRange,13.694062,17.422096,150.62758
2026/06/13 16:01:00.277,n,149.06702,3.978593,4.792004,1.092485,OverRange,OverRange,OverRange,13.624806,17.41254,153.66026
2026/06/13 16:02:00.279,n,145.30574,4.171775,4.684268,0.758322,OverRange,OverRange,OverRange,13.58838,17.396528,148.01576
2026/06/13 16:03:00.281,n,140.98186,5.884231,5.166292,1.017056,OverRange,OverRange,OverRange,13.558558,17.383712,142.53152
2026/06/13 16:04:00.267,n,134.41942,3.777426,4.880546,1.180585,OverRange,OverRange,OverRange,13.527966,17.369884,135.87326
2026/06/13 16:05:00.268,n,126.52428,3.72607,4.672682,0.924785,OverRange,OverRange,OverRange,13.524166,17.358146,127.38694
2026/06/13 16:06:00.271,n,120.76242,3.775024,5.06172,1.110397,OverRange,OverRange,OverRange,13.51125,17.33897,121.25288
2026/06/13 16:07:00.272,n,117.54488,4.88294,5.635575,0.495293,OverRange,OverRange,OverRange,13.401994,17.315492,118.62164
2026/06/13 16:08:00.276,n,115.55314,5.656726,4.649695,1.188253,OverRange,OverRange,OverRange,13.380972,17.290936,116.99916
2026/06/13 16:09:00.276,n,112.24026,5.797596,5.801005,0.991815,OverRange,OverRange,OverRange,13.357448,17.26746,111.86192
2026/06/13 16:10:00.278,n,107.33072,4.212489,4.753194,0.973443,OverRange,OverRange,OverRange,13.294942,17.243978,105.44758
2026/06/13 16:11:00.281,n,101.60938,3.522429,3.915279,0.279454,OverRange,OverRange,OverRange,13.227112,17.215186,98.802008
2026/06/13 16:12:00.283,n,96.632976,4.163967,4.717726,1.009682,OverRange,OverRange,OverRange,13.193172,17.185252,93.385168
2026/06/13 16:13:00.268,n,90.694296,5.939215,5.087627,1.04255,OverRange,OverRange,OverRange,13.16129,17.152218,88.609864
2026/06/13 16:14:00.269,n,84.26848,5.932766,4.798725,1.0002,OverRange,OverRange,OverRange,13.052902,17.12548,83.535928
2026/06/13 16:15:00.271,n,79.337352,6.120142,5.178184,1.298947,OverRange,OverRange,OverRange,13.009008,17.090262,79.058824
2026/06/13 16:16:00.274,n,75.505128,3.742629,4.670264,1.164234,OverRange,OverRange,OverRange,12.95781,17.06033,75.245784
2026/06/13 16:17:00.277,n,72.492112,4.18887,4.6024,1.007558,OverRange,OverRange,OverRange,12.880738,17.031506,71.330528
2026/06/13 16:18:00.277,n,75.027216,5.690891,5.120623,0.801134,OverRange,OverRange,OverRange,12.859234,17.001602,72.870664
2026/06/13 16:19:00.279,n,76.478296,4.061676,4.420375,0.653738,OverRange,OverRange,OverRange,12.793472,16.973792,74.0424
2026/06/13 16:20:00.281,n,73.14132,5.677578,4.644341,1.175381,OverRange,OverRange,OverRange,12.785412,16.94601,71.067984
2026/06/13 16:21:00.284,n,68.263576,3.618451,4.550476,1.099338,OverRange,OverRange,OverRange,12.729722,16.91823,66.982428
2026/06/13 16:22:00.269,n,63.697972,3.257145,4.538325,1.248404,OverRange,OverRange,OverRange,12.67954,16.889406,63.626196
2026/06/13 16:23:00.272,n,61.417556,3.614325,4.815884,1.384829,OverRange,OverRange,OverRange,12.675004,16.86482,61.8817
2026/06/13 16:24:00.272,n,61.31042,3.576554,4.64848,1.241722,OverRange,OverRange,OverRange,12.63645,16.833812,61.210388
2026/06/13 16:25:00.275,n,66.29902,5.912879,5.639172,0.924595,OverRange,OverRange,OverRange,12.635696,16.80173,69.673992
2026/06/13 16:26:00.279,n,64.399652,5.925945,4.787877,1.244952,OverRange,OverRange,OverRange,12.579448,16.768604,67.234896
2026/06/13 16:27:00.279,n,67.140544,4.063443,4.40958,0.877476,OverRange,OverRange,OverRange,12.53885,16.740792,81.86712
2026/06/13 16:28:00.264,n,50.790132,3.69323,4.209815,0.885005,OverRange,OverRange,OverRange,12.515126,16.740856,53.678752
2026/06/13 16:29:00.267,n,48.082332,3.393715,4.479205,1.072526,OverRange,OverRange,OverRange,12.537582,16.710894,48.913176
2026/06/13 16:30:00.269,n,50.773188,6.004826,5.129576,1.184788,OverRange,OverRange,OverRange,12.527746,16.67878,50.719868
2026/06/13 16:31:00.270,n,55.07538,6.091236,4.878793,1.481977,OverRange,OverRange,OverRange,12.468694,16.646666,54.655864
2026/06/13 16:32:00.256,n,55.19406,5.648525,4.850178,1.168542,OverRange,OverRange,OverRange,12.441702,16.613506,56.248996
2026/06/13 16:33:00.259,n,50.558028,5.096111,4.79739,1.016895,OverRange,OverRange,OverRange,12.402578,16.579274,52.330748
2026/06/13 16:34:00.260,n,47.963396,5.804819,5.010408,1.388872,OverRange,OverRange,OverRange,12.361446,16.54713,49.35446
2026/06/13 16:35:00.262,n,49.247944,4.315524,5.79069,0.759369,OverRange,OverRange,OverRange,12.362218,16.511818,50.298124
2026/06/13 16:36:00.264,n,50.122576,4.303314,4.406586,0.802317,OverRange,OverRange,OverRange,12.320068,16.477522,51.774792
2026/06/13 16:37:00.265,n,50.53494,4.000675,4.29985,0.874638,OverRange,OverRange,OverRange,12.271596,16.448606,53.077404
2026/06/13 16:38:00.267,n,47.826628,5.760124,4.806714,1.179892,OverRange,OverRange,OverRange,12.284196,16.413264,51.776748
2026/06/13 16:39:00.270,n,44.062408,3.968089,4.741861,0.993314,OverRange,OverRange,OverRange,12.222596,16.380044,48.569752
2026/06/13 16:40:00.271,n,37.80222,6.168895,5.097182,1.049357,OverRange,OverRange,OverRange,12.229156,16.346888,42.57886
2026/06/13 16:41:00.257,n,29.574914,3.989079,4.216917,0.882736,OverRange,OverRange,OverRange,12.17157,16.31044,34.486068
2026/06/13 16:42:00.258,n,21.74317,6.072447,5.446749,0.733181,OverRange,OverRange,OverRange,12.210226,16.27937,27.144534
2026/06/13 16:43:00.261,n,17.394536,5.968466,5.705759,0.97144,OverRange,OverRange,OverRange,12.160228,16.247196,22.428866
2026/06/13 16:44:00.262,n,15.414208,3.83964,4.270935,0.495047,OverRange,OverRange,OverRange,12.100602,16.25577,20.117236
2026/06/13 16:45:00.265,n,15.162482,3.970186,5.183152,1.095954,OverRange,OverRange,OverRange,12.142838,16.221474,18.93723
2026/06/13 16:46:00.267,n,15.644638,5.95525,5.555231,0.810396,OverRange,OverRange,OverRange,12.151174,16.190374,18.718468
2026/06/13 16:47:00.269,n,14.4431,4.116811,4.306894,0.770485,OverRange,OverRange,OverRange,12.094096,16.148534,17.176184
2026/06/13 16:48:00.272,n,10.286788,5.909094,4.282466,0.866098,OverRange,OverRange,OverRange,12.092576,16.121704,12.802406
2026/06/13 16:49:00.274,n,8.656212,6.08369,5.693761,0.983323,OverRange,OverRange,OverRange,12.064526,16.078774,9.766306
2026/06/13 16:50:00.333,n,7.570015,5.767491,4.915894,1.381672,OverRange,OverRange,OverRange,11.999574,16.045506,7.761407
2026/06/13 16:51:00.259,n,5.558512,3.598882,4.710688,1.269108,OverRange,OverRange,OverRange,11.916438,16.01224,5.134084
2026/06/13 16:52:00.262,n,3.976561,3.644799,4.941849,1.118645,OverRange,OverRange,OverRange,11.79683,15.976856,3.217154
2026/06/13 16:53:00.263,n,2.805173,3.90018,4.468947,1.066723,OverRange,OverRange,OverRange,11.74323,15.939272,2.081005
2026/06/13 16:54:00.265,n,2.349704,6.255336,5.479828,1.082881,OverRange,OverRange,OverRange,11.648626,15.905974,1.871369
2026/06/13 16:55:00.267,n,2.866629,4.5358,5.568054,0.67759,OverRange,OverRange,OverRange,11.474248,15.87271,2.543366
2026/06/13 16:56:00.270,n,2.650442,5.668208,5.568207,0.333631,OverRange,OverRange,OverRange,11.435782,15.831866,2.623142
2026/06/13 16:57:00.273,n,2.054355,6.183372,5.328,1.382935,OverRange,OverRange,OverRange,11.379054,15.79425,2.018891
2026/06/13 16:58:00.258,n,1.759263,3.496906,4.919451,1.143825,OverRange,OverRange,OverRange,11.34841,15.756668,1.607126
2026/06/13 16:59:00.259,n,1.528578,6.149301,4.677727,1.287012,OverRange,OverRange,OverRange,11.324092,15.721204,1.53921
2026/06/13 17:00:00.260,n,0.982016,5.826627,4.999074,1.172583,OverRange,OverRange,OverRange,11.29953,15.68359,0.86491
2026/06/13 17:01:00.263,n,0.213365,3.83344,3.823028,0.151374,OverRange,OverRange,OverRange,11.261288,15.6707,0.033105
2026/06/13 17:02:00.265,n,-0.099562,5.70285,5.482955,0.850496,OverRange,OverRange,OverRange,11.33775,15.632272,-0.462872
2026/06/13 17:03:00.268,n,0.227734,4.285777,5.584711,0.673365,OverRange,OverRange,OverRange,11.269634,15.600198,-0.606896
2026/06/13 17:04:00.268,n,3.047662,5.554096,4.124386,0.705149,OverRange,OverRange,OverRange,11.201218,15.552156,1.544841
2026/06/13 17:05:00.270,n,6.608271,3.949571,4.355576,0.896629,OverRange,OverRange,OverRange,11.153336,15.516874,4.480432
2026/06/13 17:06:00.273,n,7.559751,3.144321,5.097025,1.399361,OverRange,OverRange,OverRange,11.150784,15.481626,5.566923
2026/06/13 17:07:00.260,n,6.369118,6.457013,4.981645,1.540202,OverRange,OverRange,OverRange,11.129506,15.440998,5.208485
2026/06/13 17:08:00.261,n,5.100734,3.365656,4.645346,1.223707,OverRange,OverRange,OverRange,11.076768,15.39827,4.235558
2026/06/13 17:09:00.262,n,4.259722,3.186025,5.257079,1.585406,OverRange,OverRange,OverRange,11.065114,15.35867,3.708438
2026/06/13 17:10:00.265,n,2.849052,3.694582,4.598428,1.312434,OverRange,OverRange,OverRange,11.00731,15.322314,2.518195
2026/06/13 17:11:00.267,n,1.929134,6.224798,5.35277,1.120969,OverRange,OverRange,OverRange,11.027608,15.279522,1.570438
2026/06/13 17:12:00.269,n,0.96431,5.420129,4.709552,1.470639,OverRange,OverRange,OverRange,10.983476,15.26339,0.545976
2026/06/13 17:13:00.271,n,0.254549,6.338628,4.931275,1.519919,OverRange,OverRange,OverRange,11.003448,15.221706,-0.044453
2026/06/13 17:14:00.273,n,-0.51731,4.734425,4.818689,1.271513,OverRange,OverRange,OverRange,10.94515,15.177842,-0.824296
2026/06/13 17:15:00.273,n,-0.555158,6.163183,4.861523,1.46573,OverRange,OverRange,OverRange,10.938542,15.142466,-0.802881
2026/06/13 17:16:00.264,n,-0.18655,5.874418,5.041661,1.38423,OverRange,OverRange,OverRange,10.913438,15.099676,-0.616196
2026/06/13 17:17:00.262,n,-0.239281,5.981926,4.801609,1.406203,OverRange,OverRange,OverRange,10.831238,15.061124,-0.544099
2026/06/13 17:18:00.263,n,-0.327168,6.288819,5.219911,1.526131,OverRange,OverRange,OverRange,10.794704,15.02047,-0.703736
2026/06/13 17:19:00.270,n,-0.350262,3.718557,5.266052,1.339253,OverRange,OverRange,OverRange,10.736598,14.984002,-0.775663
2026/06/13 17:20:00.268,n,-0.332941,4.427903,4.842674,1.08326,OverRange,OverRange,OverRange,10.729504,14.95187,-0.633772
2026/06/13 17:21:00.269,n,-0.356164,3.825657,3.746004,0.164851,OverRange,OverRange,OverRange,10.670624,14.904734,-0.832146
2026/06/13 17:22:00.271,n,-0.590313,6.389465,4.29797,1.030833,OverRange,OverRange,OverRange,10.70715,14.868332,-1.042038
2026/06/13 17:23:00.273,n,-0.818432,4.187387,4.590076,1.083962,OverRange,OverRange,OverRange,10.66147,14.827616,-1.475816
2026/06/13 17:24:00.276,n,-1.1048,6.041096,5.514589,1.20239,OverRange,OverRange,OverRange,10.706904,14.796576,-1.649105
2026/06/13 17:25:00.261,n,-1.382956,3.802126,4.348399,0.935051,OverRange,OverRange,OverRange,10.627706,14.76329,-2.02657
2026/06/13 17:26:00.264,n,-1.546412,6.201404,5.616281,1.104483,OverRange,OverRange,OverRange,10.66477,14.731144,-2.164706
2026/06/13 17:27:00.265,n,-1.625574,3.8076,5.232119,1.279644,OverRange,OverRange,OverRange,10.606628,14.698984,-2.303013
2026/06/13 17:28:00.267,n,-1.672532,6.375335,4.473822,1.002639,OverRange,OverRange,OverRange,10.57896,14.697092,-2.155064
2026/06/13 17:29:00.268,n,-1.394504,3.688378,3.912525,0.275686,OverRange,OverRange,OverRange,10.560406,14.66705,-2.017014
2026/06/13 17:30:00.277,n,-1.374104,3.287804,4.452864,1.397918,OverRange,OverRange,OverRange,10.608898,14.640202,-2.172727
2026/06/13 17:31:00.273,n,-1.476744,3.870386,4.57424,1.210534,OverRange,OverRange,OverRange,10.611944,14.613398,-2.239022
2026/06/13 17:32:00.275,n,-1.66663,3.389145,4.160357,1.202326,OverRange,OverRange,OverRange,10.610662,14.597302,-2.343882
2026/06/13 17:33:00.275,n,-1.806991,3.902087,4.139904,0.993339,OverRange,OverRange,OverRange,10.623876,14.576888,-2.519219
2026/06/13 17:34:00.261,n,-1.894749,3.61729,5.017695,1.42836,OverRange,OverRange,OverRange,10.623358,14.557614,-2.603006
2026/06/13 17:35:00.266,n,-1.96493,3.147359,4.136465,1.244643,OverRange,OverRange,OverRange,10.555574,14.540442,-2.649591
2026/06/13 17:36:00.267,n,-1.959156,3.425326,5.253037,1.40089,OverRange,OverRange,OverRange,10.584498,14.517894,-2.706075
2026/06/13 17:37:00.267,n,-2.041012,6.27586,4.574999,1.222134,OverRange,OverRange,OverRange,10.585278,14.499632,-2.684659
2026/06/13 17:38:00.270,n,-2.058975,4.141844,4.949026,1.39201,OverRange,OverRange,OverRange,10.561168,14.47925,-2.844382
2026/06/13 17:39:00.273,n,-2.167004,5.582011,5.066741,0.994176,OverRange,OverRange,OverRange,10.594936,14.456688,-2.774076
2026/06/13 17:40:00.273,n,-2.14083,5.905447,5.980904,0.277756,OverRange,OverRange,OverRange,10.6155,14.447042,-2.937639
2026/06/13 17:41:00.276,n,-2.169955,6.011942,5.810999,1.154309,OverRange,OverRange,OverRange,10.618272,14.420194,-2.958969
2026/06/13 17:42:00.279,n,-2.187532,3.02005,5.130793,1.475256,OverRange,OverRange,OverRange,10.572062,14.404098,-3.034991
2026/06/13 17:43:00.265,n,-2.234234,6.507401,5.615232,1.179327,OverRange,OverRange,OverRange,10.61702,14.380476,-3.005811
2026/06/13 17:44:00.265,n,-2.266437,3.868978,4.479013,1.413544,OverRange,OverRange,OverRange,10.571548,14.360096,-2.990197
2026/06/13 17:45:00.268,n,-2.374595,6.167488,4.871115,1.479017,OverRange,OverRange,OverRange,10.60381,14.353596,-3.02134
2026/06/13 17:46:00.269,n,-2.327765,6.049518,4.882754,1.247559,OverRange,OverRange,OverRange,10.576894,14.326764,-3.087549
2026/06/13 17:47:00.272,n,-2.371772,5.122359,4.648187,1.052441,OverRange,OverRange,OverRange,10.589096,14.33307,-3.044888
2026/06/13 17:48:00.272,n,-2.15597,5.940216,4.53062,1.313572,OverRange,OverRange,OverRange,10.620174,14.31049,-2.899585
2026/06/13 17:49:00.277,n,-2.1824,6.42314,4.462226,1.441424,OverRange,OverRange,OverRange,10.607732,14.295438,-2.903425
2026/06/13 17:50:00.278,n,-2.18843,3.078808,5.528095,1.206402,OverRange,OverRange,OverRange,10.614096,14.275024,-2.944294
2026/06/13 17:51:00.278,n,-2.264384,3.725904,4.36128,1.05448,OverRange,OverRange,OverRange,10.621202,14.256764,-2.903424
2026/06/13 17:52:00.265,n,-2.273365,6.212112,4.642441,1.274363,OverRange,OverRange,OverRange,10.663838,14.241712,-2.893612
2026/06/13 17:53:00.267,n,-2.27606,6.097323,5.22898,1.115115,OverRange,OverRange,OverRange,10.648616,14.224556,-3.041561
2026/06/13 17:54:00.268,n,-2.226279,3.541053,4.777196,1.471473,OverRange,OverRange,OverRange,10.617116,14.209504,-3.072874
2026/06/13 17:55:00.272,n,-2.308263,5.957087,5.361689,1.271573,OverRange,OverRange,OverRange,10.664618,14.196602,-3.024156
2026/06/13 17:56:00.273,n,-2.331614,3.652029,4.796133,1.249889,OverRange,OverRange,OverRange,10.595292,14.18264,-3.055212
2026/06/13 17:57:00.275,n,-2.35227,2.962238,5.055691,1.400505,OverRange,OverRange,OverRange,10.620922,14.164378,-3.025947
2026/06/13 17:58:00.277,n,-2.42258,4.144425,4.604002,1.107871,OverRange,OverRange,OverRange,10.605714,14.152538,-3.05726
2026/06/13 17:59:00.280,n,-2.440028,3.49057,5.530533,1.000592,OverRange,OverRange,OverRange,10.640992,14.135352,-3.148726
2026/06/13 18:00:00.280,n,-2.440029,4.735847,4.677113,0.982918,OverRange,OverRange,OverRange,10.623738,14.126718,-3.187718
2026/06/13 18:01:00.265,n,-2.454655,3.413406,5.287284,1.267102,OverRange,OverRange,OverRange,10.632874,14.117024,-3.267408
2026/06/13 18:02:00.267,n,-2.314037,3.482847,4.617007,1.309636,OverRange,OverRange,OverRange,10.610026,14.105198,-3.09813
2026/06/13 18:03:00.269,n,-2.369976,3.457111,4.929861,1.618329,OverRange,OverRange,OverRange,10.626532,14.095554,-3.187718
2026/06/13 18:04:00.271,n,-2.284912,3.74789,4.965143,1.335017,OverRange,OverRange,OverRange,10.651382,14.089088,-3.14864
2026/06/13 18:05:00.274,n,-2.363946,5.041361,4.755658,1.145921,OverRange,OverRange,OverRange,10.677058,14.083712,-3.158538
2026/06/13 18:06:00.276,n,-2.366897,6.191834,5.123553,1.186407,OverRange,OverRange,OverRange,10.667904,14.07832,-3.18567
2026/06/13 18:07:00.278,n,-2.410776,6.231437,5.026807,1.088066,OverRange,OverRange,OverRange,10.675018,14.081546,-3.271333
2026/06/13 18:08:00.279,n,-2.410776,6.168371,6.066517,0.064162,OverRange,OverRange,OverRange,10.683416,14.082652,-3.341553
2026/06/13 18:09:00.281,n,-2.53959,5.907103,5.362306,1.179051,OverRange,OverRange,OverRange,10.685426,14.07726,-3.296845
2026/06/13 18:10:00.266,n,-2.533816,3.4229,5.37813,1.042246,OverRange,OverRange,OverRange,10.68517,14.07726,-3.353157
2026/06/13 18:11:00.269,n,-2.542156,6.280355,5.049835,1.270042,OverRange,OverRange,OverRange,10.72047,14.07726,-3.255805
2026/06/13 18:12:00.270,n,-2.636201,3.365596,4.898651,1.218597,OverRange,OverRange,OverRange,10.69457,14.081546,-3.341553
2026/06/13 18:13:00.271,n,-2.554216,6.258917,5.310608,1.517553,OverRange,OverRange,OverRange,10.710052,14.08047,-3.232512
2026/06/13 18:14:00.275,n,-2.571665,3.139593,4.287228,1.308328,OverRange,OverRange,OverRange,10.688478,14.081546,-3.271333
2026/06/13 18:15:00.277,n,-2.624397,6.248224,5.283813,1.445921,OverRange,OverRange,OverRange,10.756994,14.07726,-3.240362
2026/06/13 18:16:00.278,n,-2.565635,6.261675,4.907058,1.39915,OverRange,OverRange,OverRange,10.730856,14.074036,-3.347526
2026/06/13 18:17:00.281,n,-2.542284,3.407389,4.78433,1.537679,OverRange,OverRange,OverRange,10.677548,14.06975,-3.333789
2026/06/13 18:18:00.282,n,-2.559733,3.465389,5.141128,1.328758,OverRange,OverRange,OverRange,10.72731,14.067536,-3.263569
2026/06/13 18:19:00.266,n,-2.577567,3.612031,4.564365,1.357202,OverRange,OverRange,OverRange,10.712072,14.063284,-3.242153
2026/06/13 18:20:00.268,n,-2.609642,5.919012,5.065084,1.156023,OverRange,OverRange,OverRange,10.720196,14.056816,-3.242324
2026/06/13 18:21:00.272,n,-2.463379,6.673348,5.544809,1.197449,OverRange,OverRange,OverRange,10.691014,14.05035,-3.312373
2026/06/13 18:22:00.273,n,-2.498534,6.084425,5.578678,1.095472,OverRange,OverRange,OverRange,10.617132,14.047124,-3.242153
2026/06/13 18:23:00.277,n,-2.513288,3.578664,5.079044,1.281722,OverRange,OverRange,OverRange,10.616116,14.046066,-3.263654
2026/06/13 18:24:00.278,n,-2.60682,3.247512,5.204278,1.296602,OverRange,OverRange,OverRange,10.602412,14.039632,-3.292834
2026/06/13 18:25:00.279,n,-2.594888,3.139506,4.736508,1.342406,OverRange,OverRange,OverRange,10.593246,14.033132,-3.183878
2026/06/13 18:26:00.280,n,-2.624397,5.839607,4.533673,1.350625,OverRange,OverRange,OverRange,10.569134,14.02673,-3.173981
2026/06/13 18:27:00.285,n,-2.630299,5.853221,5.091523,1.3601,OverRange,OverRange,OverRange,10.601396,14.022398,-3.314165
2026/06/13 18:28:00.269,n,-2.589371,3.572189,4.665375,1.311643,OverRange,OverRange,OverRange,10.607982,14.019188,-3.304524
2026/06/13 18:29:00.271,n,-2.630042,6.184655,4.830282,1.516915,OverRange,OverRange,OverRange,10.63973,14.014902,-3.232512
2026/06/13 18:30:00.273,n,-2.601174,3.432062,4.687248,1.400285,OverRange,OverRange,OverRange,10.604178,14.008406,-3.333618
2026/06/13 18:31:00.274,n,-2.65057,5.948395,5.03952,1.337507,OverRange,OverRange,OverRange,10.60671,14.005178,-3.293005
2026/06/13 18:32:00.276,n,-2.568714,5.756377,4.679533,1.178756,OverRange,OverRange,OverRange,10.584126,13.999788,-3.28507
2026/06/13 18:33:00.279,n,-2.60682,6.223824,4.969059,1.295017,OverRange,OverRange,OverRange,10.564816,13.996578,-3.31425
2026/06/13 18:34:00.264,n,-2.607076,5.747496,5.232095,1.267854,OverRange,OverRange,OverRange,10.622982,13.992278,-3.331741
2026/06/13 18:35:00.269,n,-2.633121,3.665494,4.891297,1.172178,OverRange,OverRange,OverRange,10.624238,13.984736,-3.339591
2026/06/13 18:36:00.270,n,-2.515983,6.35185,5.540811,1.033866,OverRange,OverRange,OverRange,10.655986,13.981526,-3.329864
2026/06/13 18:37:00.272,n,-2.6566,5.260057,4.105029,0.611499,OverRange,OverRange,OverRange,10.63061,13.986886,-3.209304
2026/06/13 18:38:00.273,n,-2.484036,3.646074,4.964845,1.330995,OverRange,OverRange,OverRange,10.674764,13.97506,-3.220908
2026/06/13 18:39:00.335,n,-2.472103,3.546198,4.836762,1.222722,OverRange,OverRange,OverRange,10.685928,13.979346,-3.203331
2026/06/13 18:40:00.311,n,-2.536511,3.519223,4.864783,1.128269,OverRange,OverRange,OverRange,10.683386,13.983678,-3.267579
2026/06/13 18:41:00.262,n,-2.554216,5.807126,4.553599,1.086841,OverRange,OverRange,OverRange,10.70015,13.979346,-3.205294
2026/06/13 18:42:00.266,n,-2.475055,4.136449,4.950126,1.081413,OverRange,OverRange,OverRange,10.684148,13.984736,-3.341468
2026/06/13 18:43:00.265,n,-2.495583,4.601267,5.818982,0.837602,OverRange,OverRange,OverRange,10.741018,13.98907,-3.323806
2026/06/13 18:44:00.267,n,-2.55999,3.939699,5.311941,1.194979,OverRange,OverRange,OverRange,10.724518,13.992278,-3.331741
2026/06/13 18:45:00.268,n,-2.607076,3.883228,4.252164,0.608712,OverRange,OverRange,OverRange,10.715898,13.99767,-3.306486
2026/06/13 18:46:00.273,n,-2.630299,3.865756,4.065222,0.177474,OverRange,OverRange,OverRange,10.704198,14.00197,-3.331827
2026/06/13 18:47:00.256,n,-2.647748,4.024944,3.996345,0.287605,OverRange,OverRange,OverRange,10.764374,14.007362,-3.296845
2026/06/13 18:48:00.259,n,-2.580261,3.867319,4.730446,1.112512,OverRange,OverRange,OverRange,10.798366,14.012722,-3.337543
2026/06/13 18:49:00.261,n,-2.589114,5.985157,6.103901,0.394868,OverRange,OverRange,OverRange,10.832896,14.020264,-3.362884
2026/06/13 18:50:00.262,n,-2.598095,4.800343,4.265394,0.905605,OverRange,OverRange,OverRange,10.778326,14.020264,-3.24804
2026/06/13 18:51:00.264,n,-2.548186,5.790565,6.069445,0.28705,OverRange,OverRange,OverRange,10.797124,14.024548,-3.324062
2026/06/13 18:52:00.267,n,-2.653649,3.387704,4.840971,1.184256,OverRange,OverRange,OverRange,10.819688,14.021306,-3.360921
2026/06/13 18:53:00.270,n,-2.650699,5.889237,5.282314,1.20348,OverRange,OverRange,OverRange,10.852168,14.024548,-3.357252
2026/06/13 18:54:00.269,n,-2.574744,3.993248,4.944279,1.32796,OverRange,OverRange,OverRange,10.794058,14.024548,-3.390272
2026/06/13 18:55:00.274,n,-2.638895,6.101421,5.054301,1.241018,OverRange,OverRange,OverRange,10.848888,14.028866,-3.28507
2026/06/13 18:56:00.258,n,-2.635816,5.275129,4.927865,1.036643,OverRange,OverRange,OverRange,10.844326,14.031046,-3.31425
2026/06/13 18:57:00.261,n,-2.641846,5.596802,5.066969,1.151296,OverRange,OverRange,OverRange,10.85549,14.024548,-3.35512
2026/06/13 18:58:00.261,n,-2.656472,4.117957,4.543999,1.059551,OverRange,OverRange,OverRange,10.881618,14.024548,-3.374573
2026/06/13 18:59:00.264,n,-2.767837,5.892584,5.791156,0.167669,OverRange,OverRange,OverRange,10.889222,14.017006,-3.310326
2026/06/13 19:00:00.265,n,-2.741279,3.644647,4.479524,0.974346,OverRange,OverRange,OverRange,10.849126,14.019188,-3.50904
2026/06/13 19:01:00.268,n,-2.852644,5.64881,5.416934,0.856004,OverRange,OverRange,OverRange,10.908498,14.013796,-3.466209
2026/06/13 19:02:00.270,n,-2.74423,5.969592,5.992386,0.226435,OverRange,OverRange,OverRange,10.90038,14.017006,-3.524655
2026/06/13 19:03:00.271,n,-2.805943,6.107408,4.737839,1.09559,OverRange,OverRange,OverRange,10.872494,14.011646,-3.401961
2026/06/13 19:04:00.257,n,-2.829165,3.659446,4.433134,1.006691,OverRange,OverRange,OverRange,10.878826,14.007362,-3.329779
2026/06/13 19:05:00.260,n,-2.931549,4.271037,4.487873,0.813233,OverRange,OverRange,OverRange,10.884898,14.000862,-3.329864
2026/06/13 19:06:00.260,n,-2.981459,5.720604,4.89839,1.198472,OverRange,OverRange,OverRange,10.917878,14.00197,-3.399828
2026/06/13 19:07:00.263,n,-2.972606,3.895695,5.117503,0.932964,OverRange,OverRange,OverRange,10.872228,14.00197,-3.475935
2026/06/13 19:08:00.265,n,-3.136574,6.057417,5.090865,1.127401,OverRange,OverRange,OverRange,10.907232,13.993386,-3.435066
2026/06/13 19:09:00.266,n,-3.095389,3.907109,5.359017,0.838331,OverRange,OverRange,OverRange,10.894292,13.990144,-3.571325
2026/06/13 19:10:00.271,n,-3.171729,6.10422,5.077706,1.211664,OverRange,OverRange,OverRange,10.912808,13.984736,-3.47585
2026/06/13 19:11:00.270,n,-3.212528,3.849385,4.123571,0.957415,OverRange,OverRange,OverRange,10.867392,13.98042,-3.499314
2026/06/13 19:12:00.272,n,-3.192128,5.628397,5.237309,1.023048,OverRange,OverRange,OverRange,10.914846,13.977242,-3.440612
2026/06/13 19:13:00.257,n,-3.133752,6.0388,5.354992,0.922224,OverRange,OverRange,OverRange,10.909002,13.970744,-3.456397
2026/06/13 19:14:00.260,n,-3.080763,4.289,4.711576,1.112552,OverRange,OverRange,OverRange,10.903168,13.963202,-3.433019
2026/06/13 19:15:00.264,n,-3.12182,4.116635,4.546875,1.214256,OverRange,OverRange,OverRange,10.885152,13.957874,-3.345393
2026/06/13 19:16:00.266,n,-3.153895,6.080765,5.354895,1.271526,OverRange,OverRange,OverRange,10.891998,13.951376,-3.362969
2026/06/13 19:17:00.269,n,-3.165827,3.715094,4.79469,1.342565,OverRange,OverRange,OverRange,10.852942,13.949226,-3.487539
2026/06/13 19:18:00.269,n,-3.265389,4.313824,4.962753,0.952243,OverRange,OverRange,OverRange,10.831112,13.942792,-3.347355
2026/06/13 19:19:00.270,n,-3.183276,6.42497,5.028023,1.367966,OverRange,OverRange,OverRange,10.768688,13.940656,-3.271504
2026/06/13 19:20:00.273,n,-3.12182,6.026057,4.828904,1.336334,OverRange,OverRange,OverRange,10.724518,13.935232,-3.277306
2026/06/13 19:21:00.274,n,-3.042786,3.602293,4.705501,1.17456,OverRange,OverRange,OverRange,10.710556,13.936326,-3.339506
2026/06/13 19:22:00.258,n,-2.978251,3.602749,5.117366,1.209805,OverRange,OverRange,OverRange,10.73264,13.9374,-3.370733
2026/06/13 19:23:00.261,n,-2.931678,3.616969,5.213337,1.224906,OverRange,OverRange,OverRange,10.693294,13.93419,-3.396159
2026/06/13 19:24:00.265,n,-2.902425,6.094734,4.899946,1.352477,OverRange,OverRange,OverRange,10.67068,13.930932,-3.252051
2026/06/13 19:25:00.265,n,-2.800041,6.470883,4.905695,1.524817,OverRange,OverRange,OverRange,10.675274,13.925542,-3.275343
2026/06/13 19:26:00.267,n,-2.811716,6.000042,4.850449,1.447356,OverRange,OverRange,OverRange,10.681372,13.923408,-3.255804
2026/06/13 19:27:00.269,n,-2.793882,5.996296,4.690664,1.106796,OverRange,OverRange,OverRange,10.659542,13.926616,-3.281145
2026/06/13 19:28:00.271,n,-2.802735,4.039043,4.613806,1.139097,OverRange,OverRange,OverRange,10.652416,13.916958,-3.290957
2026/06/13 19:29:00.272,n,-2.84995,6.128444,4.929869,1.306327,OverRange,OverRange,OverRange,10.712606,13.91155,-3.246163
2026/06/13 19:30:00.274,n,-2.811588,5.778685,5.177709,1.217283,OverRange,OverRange,OverRange,10.714854,13.907248,-3.427217
2026/06/13 19:31:00.260,n,-2.808893,3.313873,4.41812,1.307715,OverRange,OverRange,OverRange,10.694322,13.906206,-3.505201
2026/06/13 19:32:00.262,n,-2.729732,4.053588,5.18793,1.029092,OverRange,OverRange,OverRange,10.707764,13.90404,-3.337628
2026/06/13 19:33:00.265,n,-2.785415,3.64271,4.64859,1.161858,OverRange,OverRange,OverRange,10.666902,13.89003,-3.288995
2026/06/13 19:34:00.266,n,-2.887799,4.09366,4.38501,0.986979,OverRange,OverRange,OverRange,10.656494,13.881446,-3.361007
2026/06/13 19:35:00.268,n,-2.98736,3.868917,4.263345,0.870898,OverRange,OverRange,OverRange,10.635916,13.877164,-3.281145
2026/06/13 19:36:00.270,n,-3.180325,5.811208,5.326333,0.877801,OverRange,OverRange,OverRange,10.686692,13.870696,-3.318004
2026/06/13 19:37:00.273,n,-3.446935,3.986659,4.738945,0.905356,OverRange,OverRange,OverRange,10.642004,13.860988,-3.395989
2026/06/13 19:38:00.274,n,-3.759989,5.907892,4.992546,1.185347,OverRange,OverRange,OverRange,10.633892,13.853414,-3.530542
2026/06/13 19:39:00.275,n,-4.058417,5.765336,4.822025,1.130565,OverRange,OverRange,OverRange,10.558476,13.834046,-3.598543
2026/06/13 19:40:00.261,n,-4.125518,3.624739,4.892106,1.103807,OverRange,OverRange,OverRange,10.526982,13.846246,-3.731048
2026/06/13 19:41:00.263,n,-3.882388,5.513128,4.872351,1.015565,OverRange,OverRange,OverRange,10.559652,13.825806,-3.421159
2026/06/13 19:42:00.265,n,-4.020311,5.702581,5.695452,0.097688,OverRange,OverRange,OverRange,10.529684,13.810736,-3.479519
2026/06/13 19:43:00.270,n,-3.929474,3.886981,5.620798,0.870784,OverRange,OverRange,OverRange,10.440252,13.787022,-3.189424
2026/06/13 19:44:00.269,n,-4.090364,3.85981,4.850178,1.049365,OverRange,OverRange,OverRange,10.408478,13.765472,-2.661878
2026/06/13 19:45:00.271,n,-4.072915,4.001295,4.750402,1.157533,OverRange,OverRange,OverRange,10.334784,13.74397,-1.760621
2026/06/13 19:46:00.272,n,-4.151949,6.258546,4.668251,1.220964,OverRange,OverRange,OverRange,10.309886,13.709506,-1.742959
2026/06/13 19:47:00.275,n,-4.113971,6.189121,4.733943,1.223584,OverRange,OverRange,OverRange,10.26997,13.678248,-1.939712
2026/06/13 19:48:00.279,n,-4.005557,5.70545,5.161363,1.156051,OverRange,OverRange,OverRange,10.204102,13.645918,-2.032969
2026/06/13 19:49:00.262,n,-3.978999,3.701708,5.271985,0.990185,OverRange,OverRange,OverRange,10.072322,13.611452,-2.027167
2026/06/13 19:50:00.265,n,-3.976176,4.025863,5.247141,1.156245,OverRange,OverRange,OverRange,10.023454,13.562948,-2.134331
2026/06/13 19:51:00.266,n,-3.993882,5.766493,5.218568,1.096814,OverRange,OverRange,OverRange,10.032654,13.52306,-2.253014
2026/06/13 19:52:00.269,n,-3.81503,3.959636,4.513671,0.759915,OverRange,OverRange,OverRange,9.898556,13.483142,-2.245336
2026/06/13 19:53:00.271,n,-3.806562,4.036209,4.492886,0.983708,OverRange,OverRange,OverRange,9.824208,13.444346,-2.147898
2026/06/13 19:54:00.273,n,-3.662993,4.181048,5.18533,1.098811,OverRange,OverRange,OverRange,9.758774,13.402262,-2.217947
2026/06/13 19:55:00.276,n,-3.636435,3.627168,4.901764,1.298689,OverRange,OverRange,OverRange,9.723354,13.36666,-2.455484
2026/06/13 19:56:00.276,n,-3.572413,4.855498,4.269644,0.502171,OverRange,OverRange,OverRange,9.72135,13.326774,-2.480739
2026/06/13 19:57:00.281,n,-3.545983,3.875095,4.940662,1.221484,OverRange,OverRange,OverRange,9.702226,13.299754,-2.741568
2026/06/13 19:58:00.264,n,-3.490428,3.997442,5.663746,0.822579,OverRange,OverRange,OverRange,9.664058,13.26632,-2.908971
2026/06/13 19:59:00.267,n,-3.461048,5.871739,4.965546,1.091393,OverRange,OverRange,OverRange,9.599606,13.236094,-2.907093
2026/06/13 20:00:00.268,n,-3.461176,6.327585,5.382683,0.874773,OverRange,OverRange,OverRange,9.485596,13.192952,-2.860422
2026/06/13 20:01:00.273,n,-3.437697,6.333593,4.888723,1.143991,OverRange,OverRange,OverRange,9.439428,13.152972,-2.831071
2026/06/13 20:02:00.542,n,-3.519553,5.848272,5.536684,1.083559,OverRange,OverRange,OverRange,9.441702,13.122744,-2.975266
2026/06/13 20:03:00.274,n,-3.467078,4.049298,4.292221,0.932361,OverRange,OverRange,OverRange,9.38445,13.084898,-2.98704
2026/06/13 20:04:00.276,n,-3.435002,5.078816,4.4833,1.081332,OverRange,OverRange,OverRange,9.411058,13.09073,-3.002569
2026/06/13 20:05:00.279,n,-2.887542,4.002504,4.951788,1.026064,OverRange,OverRange,OverRange,9.414058,13.049608,-2.732098
2026/06/13 20:06:00.279,n,-2.922696,4.169391,5.042629,1.270364,OverRange,OverRange,OverRange,9.3882,13.015036,-2.747626
2026/06/13 20:07:00.265,n,-2.905119,5.754174,4.917529,1.336889,OverRange,OverRange,OverRange,9.38648,12.98587,-2.741739
2026/06/13 20:08:00.270,n,-2.937323,5.728144,4.886266,1.409383,OverRange,OverRange,OverRange,9.244446,12.940404,-2.623056
2026/06/13 20:09:00.269,n,-2.934501,4.034242,4.633545,1.108057,OverRange,OverRange,OverRange,9.186864,12.910358,-2.628858
2026/06/13 20:10:00.272,n,-2.925519,4.943596,4.964845,1.274781,OverRange,OverRange,OverRange,9.187378,12.867416,-2.582101
2026/06/13 20:11:00.275,n,-2.937451,3.616627,5.279955,1.172108,OverRange,OverRange,OverRange,9.173428,12.8255,-2.611452
2026/06/13 20:12:00.275,n,-2.893444,3.855666,4.397503,0.964346,OverRange,OverRange,OverRange,9.071458,12.799676,-2.640633
2026/06/13 20:13:00.277,n,-2.928599,5.844677,5.897265,0.195469,OverRange,OverRange,OverRange,9.072728,12.756736,-2.535516
2026/06/13 20:14:00.279,n,-3.013277,3.462309,5.050632,1.152888,OverRange,OverRange,OverRange,8.93896,12.722312,-2.634831
2026/06/13 20:15:00.284,n,-3.007503,3.373203,5.249225,1.377162,OverRange,OverRange,OverRange,8.904922,12.701486,-2.623142
2026/06/13 20:16:00.266,n,-2.718057,3.52191,5.081385,1.184889,OverRange,OverRange,OverRange,8.90057,12.660646,-2.413164
2026/06/13 20:17:00.271,n,-2.706381,6.192135,5.000722,1.410629,OverRange,OverRange,OverRange,8.934332,12.628358,-2.582443
2026/06/13 20:18:00.271,n,-2.697785,6.419345,5.032023,1.321483,OverRange,OverRange,OverRange,8.939648,12.582114,-2.660427
2026/06/13 20:19:00.273,n,-2.659808,4.667908,4.920442,1.086349,OverRange,OverRange,OverRange,8.93153,12.555246,-2.763667
2026/06/13 20:20:00.277,n,-2.609899,5.923458,5.184275,1.34441,OverRange,OverRange,OverRange,8.904862,12.514362,-2.794809
2026/06/13 20:21:00.277,n,-2.624525,5.020388,4.80914,1.223012,OverRange,OverRange,OverRange,8.904618,12.476684,-2.911615
2026/06/13 20:22:00.281,n,-2.697657,4.390448,4.792772,1.104454,OverRange,OverRange,OverRange,8.889126,12.449786,-2.983542
2026/06/13 20:23:00.282,n,-2.624782,3.486178,4.916759,1.321278,OverRange,OverRange,OverRange,8.808874,12.412158,-2.85317
2026/06/13 20:24:00.283,n,-2.694706,6.366078,5.492041,1.117308,OverRange,OverRange,OverRange,8.785782,12.379838,-2.710853
2026/06/13 20:25:00.269,n,-2.648004,4.055579,4.477253,0.989917,OverRange,OverRange,OverRange,8.701442,12.345352,-2.646861
2026/06/13 20:26:00.270,n,-2.712283,3.45628,4.648271,1.406051,OverRange,OverRange,OverRange,8.708558,12.313036,-2.668106
2026/06/13 20:27:00.274,n,-2.747438,5.76394,5.744975,0.446606,OverRange,OverRange,OverRange,8.740062,12.28293,-2.681758
2026/06/13 20:28:00.275,n,-2.685981,3.94013,4.115629,0.315784,OverRange,OverRange,OverRange,8.61173,12.245238,-2.777148
2026/06/13 20:29:00.278,n,-2.741664,4.248908,4.385152,1.069369,OverRange,OverRange,OverRange,8.67273,12.222592,-2.886275
2026/06/13 20:30:00.282,n,-2.794524,6.110976,5.209481,1.038344,OverRange,OverRange,OverRange,8.623948,12.192456,-2.753684
2026/06/13 20:31:00.280,n,-2.767837,6.28332,4.620999,1.166819,OverRange,OverRange,OverRange,8.553268,12.20128,-2.855132
2026/06/13 20:32:00.347,n,-2.518805,3.412247,4.879242,1.542004,OverRange,OverRange,OverRange,8.454122,12.165722,-2.381851
2026/06/13 20:33:00.340,n,-2.583341,4.883108,5.06263,1.15836,OverRange,OverRange,OverRange,8.444734,12.14524,-2.391492
2026/06/13 20:34:00.273,n,-2.550881,3.450448,5.276777,1.407099,OverRange,OverRange,OverRange,8.443706,12.113998,-2.407106
2026/06/13 20:35:00.272,n,-2.626963,6.092922,5.141843,1.362858,OverRange,OverRange,OverRange,8.479554,12.092444,-2.527751
2026/06/13 20:36:00.260,n,-2.530352,5.429867,5.170016,1.128095,OverRange,OverRange,OverRange,8.474716,12.07302,-2.724419
2026/06/13 20:37:00.262,n,-2.65057,3.388454,4.224107,1.090217,OverRange,OverRange,OverRange,8.46407,12.047152,-2.944379
2026/06/13 20:38:00.262,n,-2.668019,5.918388,5.484818,0.831301,OverRange,OverRange,OverRange,8.516954,12.02019,-2.977655
2026/06/13 20:39:00.263,n,-2.653265,4.338583,5.458065,0.751224,OverRange,OverRange,OverRange,8.461258,11.998636,-3.059479
2026/06/13 20:40:00.265,n,-2.668019,6.228646,5.545261,1.076804,OverRange,OverRange,OverRange,8.484676,11.97166,-3.055468
2026/06/13 20:41:00.270,n,-2.712026,3.772096,5.246972,1.121037,OverRange,OverRange,OverRange,8.429998,11.9447,-3.082942
2026/06/13 20:42:00.271,n,-2.776433,3.840017,4.808704,1.135986,OverRange,OverRange,OverRange,8.432286,11.922038,-3.150944
2026/06/13 20:43:00.272,n,-2.793754,3.926224,4.994871,1.322698,OverRange,OverRange,OverRange,8.439656,11.904766,-3.104187
2026/06/13 20:44:00.257,n,-2.805686,6.194098,5.364146,1.333343,OverRange,OverRange,OverRange,8.360214,11.879972,-3.000948
2026/06/13 20:45:00.259,n,-2.875867,6.568311,4.997309,1.326774,OverRange,OverRange,OverRange,8.361573,11.856204,-2.926888
2026/06/13 20:46:00.261,n,-2.820313,5.857922,4.992291,1.056398,OverRange,OverRange,OverRange,8.324947,11.831394,-2.998814
2026/06/13 20:47:00.263,n,-2.884463,6.020949,5.171366,1.119957,OverRange,OverRange,OverRange,8.294673,11.80766,-2.985248
2026/06/13 20:48:00.265,n,-2.861112,5.906444,5.409418,0.994708,OverRange,OverRange,OverRange,8.293147,11.77637,-3.086697
2026/06/13 20:49:00.268,n,-2.957595,3.612796,4.781109,1.198146,OverRange,OverRange,OverRange,8.338944,11.752604,-3.219116
2026/06/13 20:50:00.268,n,-2.904991,6.438971,5.222616,1.40569,OverRange,OverRange,OverRange,8.370458,11.731018,-3.261948
2026/06/13 20:51:00.275,n,-2.902168,6.499362,5.367023,1.428499,OverRange,OverRange,OverRange,8.366913,11.701896,-3.275685
2026/06/13 20:52:00.272,n,-2.972606,5.512893,4.8369,1.192295,OverRange,OverRange,OverRange,8.338181,11.682444,-3.252306
2026/06/13 20:53:00.259,n,-2.858161,3.483183,4.76355,1.349081,OverRange,OverRange,OverRange,8.252945,11.657618,-3.096253
2026/06/13 20:54:00.262,n,-2.852388,3.947569,5.08728,1.271011,OverRange,OverRange,OverRange,8.243282,11.679936,-2.959993
2026/06/13 20:55:00.262,n,-2.504435,6.436627,5.092561,1.510608,OverRange,OverRange,OverRange,8.322881,11.651856,-2.769384
2026/06/13 20:56:00.265,n,-2.565892,6.175597,4.95324,1.297489,OverRange,OverRange,OverRange,8.330506,11.624848,-2.917503
2026/06/13 20:57:00.266,n,-2.527786,4.029544,4.271216,1.141857,OverRange,OverRange,OverRange,8.32365,11.609758,-3.020657
2026/06/13 20:58:00.270,n,-2.571793,6.424639,4.831483,1.255707,OverRange,OverRange,OverRange,8.363841,11.587066,-2.96042
2026/06/13 20:59:00.269,n,-2.463508,6.18225,5.708085,1.053485,OverRange,OverRange,OverRange,8.343994,11.567584,-2.931154
2026/06/13 21:00:00.271,n,-2.56602,3.556691,5.114731,1.250934,OverRange,OverRange,OverRange,8.324651,11.54922,-3.030383
2026/06/13 21:01:00.256,n,-2.621574,6.498924,5.721462,1.181382,OverRange,OverRange,OverRange,8.363057,11.528692,-3.026544
2026/06/13 21:02:00.259,n,-2.533688,4.133657,4.812958,1.220833,OverRange,OverRange,OverRange,8.295146,11.511424,-2.942843
2026/06/13 21:03:00.264,n,-2.580646,4.221712,5.00949,1.457831,OverRange,OverRange,OverRange,8.293122,11.494102,-2.759486
2026/06/13 21:04:00.263,n,-2.598095,6.333513,5.380436,1.401691,OverRange,OverRange,OverRange,8.245525,11.475724,-2.656588
2026/06/13 21:05:00.265,n,-2.480956,3.458192,4.63622,1.433542,OverRange,OverRange,OverRange,8.213725,11.456258,-2.662134
2026/06/13 21:06:00.266,n,-2.565892,3.484591,4.939687,1.47855,OverRange,OverRange,OverRange,8.233587,11.440028,-2.703259
2026/06/13 21:07:00.270,n,-2.463507,6.505877,5.358475,1.477734,OverRange,OverRange,OverRange,8.2827,11.433566,-2.788837
2026/06/13 21:08:00.274,n,-2.525092,3.725084,4.564515,1.24418,OverRange,OverRange,OverRange,8.206874,11.42603,-2.7286
2026/06/13 21:09:00.274,n,-2.60682,6.472894,4.983342,1.608887,OverRange,OverRange,OverRange,8.189037,11.414116,-2.738241
2026/06/13 21:10:00.260,n,-2.548443,3.552601,4.922491,1.376485,OverRange,OverRange,OverRange,8.076549,11.405456,-2.492855
2026/06/13 21:11:00.261,n,-2.621318,3.866278,4.946088,1.375982,OverRange,OverRange,OverRange,8.078308,11.39896,-2.613586
2026/06/13 21:12:00.262,n,-2.674434,6.426763,5.60047,1.107501,OverRange,OverRange,OverRange,8.017217,11.38166,-2.607869
2026/06/13 21:13:00.267,n,-2.633121,3.548422,4.900706,1.466655,OverRange,OverRange,OverRange,7.92246,11.372998,-2.487138
2026/06/13 21:14:00.267,n,-2.662374,6.375736,4.82494,1.288654,OverRange,OverRange,OverRange,7.962464,11.353548,-2.685683
2026/06/13 21:15:00.268,n,-2.744487,3.901296,4.458252,1.014038,OverRange,OverRange,OverRange,7.932134,11.345964,-2.812215
2026/06/13 21:16:00.270,n,-2.806199,6.20087,5.397028,1.403674,OverRange,OverRange,OverRange,7.9823,11.320066,-2.927229
2026/06/13 21:17:00.273,n,-2.756033,6.64705,4.965341,1.609662,OverRange,OverRange,OverRange,7.979182,11.304878,-3.088915
2026/06/13 21:18:00.277,n,-2.814667,3.829863,4.73588,1.318923,OverRange,OverRange,OverRange,7.89413,11.291924,-3.092839
2026/06/13 21:19:00.260,n,-2.89678,5.840637,5.40673,1.061579,OverRange,OverRange,OverRange,7.998342,11.273514,-3.168691
2026/06/13 21:20:00.265,n,-2.738457,3.862876,4.494683,1.530294,OverRange,OverRange,OverRange,7.823568,11.255154,-2.975863
2026/06/13 21:21:00.264,n,-2.835195,3.263515,4.466625,1.194248,OverRange,OverRange,OverRange,7.926992,11.237786,-3.061697
2026/06/13 21:22:00.270,n,-2.820569,5.318826,4.600941,1.085905,OverRange,OverRange,OverRange,7.93187,11.228086,-3.182428
2026/06/13 21:23:00.267,n,-2.844304,6.140909,5.048103,1.301617,OverRange,OverRange,OverRange,7.82844,11.20971,-3.036271
2026/06/13 21:24:00.269,n,-2.820697,3.477711,4.832459,1.553931,OverRange,OverRange,OverRange,7.696376,11.192344,-2.84933
2026/06/13 21:25:00.273,n,-2.94361,5.819351,5.419645,1.261346,OverRange,OverRange,OverRange,7.779699,11.175058,-2.964259
2026/06/13 21:26:00.274,n,-2.946432,5.98577,5.438047,1.183756,OverRange,OverRange,OverRange,7.769542,11.160996,-3.166814
2026/06/13 21:27:00.277,n,-2.905504,3.329032,4.938281,1.510257,OverRange,OverRange,OverRange,7.729991,11.14581,-3.2506
2026/06/13 21:28:00.261,n,-2.917308,6.482517,5.301237,1.139502,OverRange,OverRange,OverRange,7.750417,11.13173,-3.079103
2026/06/13 21:29:00.265,n,-2.858546,3.737797,4.723827,1.233668,OverRange,OverRange,OverRange,7.631388,11.13715,-2.962382
2026/06/13 21:30:00.265,n,-2.447085,6.012268,5.371468,1.334523,OverRange,OverRange,OverRange,7.587042,11.112248,-2.27571
2026/06/13 21:31:00.267,n,-2.393968,5.449126,5.180858,1.153415,OverRange,OverRange,OverRange,7.478455,11.09275,-2.283389
2026/06/13 21:32:00.268,n,-2.362021,6.228322,5.337011,0.984634,OverRange,OverRange,OverRange,7.613409,11.067864,-2.394223
2026/06/13 21:33:00.271,n,-2.326995,3.356773,4.731856,1.29715,OverRange,OverRange,OverRange,7.587143,11.051604,-2.665035
2026/06/13 21:34:00.273,n,-2.312497,6.431009,5.433993,1.451966,OverRange,OverRange,OverRange,7.717158,11.024506,-2.777916
2026/06/13 21:35:00.277,n,-2.326995,3.440311,4.997288,1.31356,OverRange,OverRange,OverRange,7.6978,11.008278,-2.895063
2026/06/13 21:36:00.277,n,-2.341621,6.006047,5.71954,1.072321,OverRange,OverRange,OverRange,7.679459,10.987708,-2.811191
2026/06/13 21:37:00.263,n,-2.29492,6.535198,4.920459,1.535544,OverRange,OverRange,OverRange,7.523855,10.973628,-2.497633
2026/06/13 21:38:00.265,n,-2.344572,6.461862,4.713967,1.369821,OverRange,OverRange,OverRange,7.606008,10.953056,-2.637902
2026/06/13 21:39:00.267,n,-2.283116,3.956629,4.979962,1.298851,OverRange,OverRange,OverRange,7.618246,10.930272,-3.019633
2026/06/13 21:40:00.269,n,-2.26246,6.27225,4.973597,1.392166,OverRange,OverRange,OverRange,7.700872,10.918358,-2.883289
2026/06/13 21:41:00.271,n,-2.332897,4.133565,4.979086,1.320276,OverRange,OverRange,OverRange,7.579992,10.9097,-3.000094
2026/06/13 21:42:00.274,n,-2.318142,6.049976,5.790379,1.107442,OverRange,OverRange,OverRange,7.375885,10.892334,-2.46649
2026/06/13 21:43:00.276,n,-2.283116,5.604324,4.928163,1.461911,OverRange,OverRange,OverRange,7.213511,10.884782,-2.065306
2026/06/13 21:44:00.280,n,-2.253864,3.786101,4.684975,1.236849,OverRange,OverRange,OverRange,7.189041,10.863072,-2.055494
2026/06/13 21:45:00.281,n,-2.291969,6.675198,5.064976,1.561185,OverRange,OverRange,OverRange,7.245713,10.851192,-2.310607
2026/06/13 21:46:00.265,n,-2.285811,6.373681,4.939562,1.360507,OverRange,OverRange,OverRange,7.142004,10.836008,-2.353353
2026/06/13 21:47:00.268,n,-2.382421,4.9675,4.516727,1.165469,OverRange,OverRange,OverRange,7.201035,10.82193,-2.688413
2026/06/13 21:48:00.268,n,-2.408851,3.556235,5.283219,0.991701,OverRange,OverRange,OverRange,7.173956,10.808892,-2.758633
2026/06/13 21:49:00.272,n,-2.505333,3.719647,5.212664,1.235061,OverRange,OverRange,OverRange,7.15507,10.798086,-2.916393
2026/06/13 21:50:00.272,n,-2.400127,3.863569,4.540678,1.113238,OverRange,OverRange,OverRange,7.134619,10.779616,-2.879279
2026/06/13 21:51:00.274,n,-2.505462,3.941218,3.873455,0.109033,OverRange,OverRange,OverRange,7.045487,10.75792,-2.879449
2026/06/13 21:52:00.275,n,-2.493786,6.084011,5.75222,0.947858,OverRange,OverRange,OverRange,6.970098,10.746008,-2.774161
2026/06/13 21:53:00.280,n,-2.607718,6.17606,6.017543,0.23701,OverRange,OverRange,OverRange,6.882935,10.723258,-2.744896
2026/06/13 21:54:00.279,n,-2.558322,5.93056,5.385933,1.227889,OverRange,OverRange,OverRange,6.82312,10.702656,-2.813069
2026/06/13 21:55:00.266,n,-2.625552,3.945982,4.4648,1.299232,OverRange,OverRange,OverRange,6.846868,10.679854,-3.013831
2026/06/13 21:56:00.269,n,-2.669559,4.198931,5.111081,1.464127,OverRange,OverRange,OverRange,6.942744,10.657072,-3.155892
2026/06/13 21:57:00.271,n,-2.637098,3.437155,4.631152,1.459516,OverRange,OverRange,OverRange,6.960378,10.629976,-3.239593
2026/06/13 21:58:00.273,n,-2.640178,3.940808,4.937489,1.438143,OverRange,OverRange,OverRange,6.912583,10.613668,-3.401364
2026/06/13 21:59:00.274,n,-2.722162,3.283687,4.935974,1.69352,OverRange,OverRange,OverRange,6.947312,10.587648,-3.600079
2026/06/13 22:00:00.275,n,-2.766041,6.589469,5.107034,1.617256,OverRange,OverRange,OverRange,6.984655,10.573538,-3.595984
2026/06/13 22:01:00.278,n,-2.784003,3.655341,5.179222,1.450975,OverRange,OverRange,OverRange,6.827947,10.548592,-3.600165
2026/06/13 22:02:00.279,n,-2.810048,3.489379,5.152177,1.310969,OverRange,OverRange,OverRange,6.898255,10.56812,-3.494962
2026/06/13 22:03:00.281,n,-2.244498,3.453749,4.913242,1.583302,OverRange,OverRange,OverRange,6.910807,10.542066,-3.192752
2026/06/13 22:04:00.267,n,-2.279395,4.596444,4.939716,1.288295,OverRange,OverRange,OverRange,6.959941,10.52257,-3.243347
2026/06/13 22:05:00.268,n,-2.349833,6.126159,5.35785,1.429987,OverRange,OverRange,OverRange,7.003342,10.508446,-3.335069
2026/06/13 22:06:00.270,n,-2.361636,3.527495,4.597457,1.449948,OverRange,OverRange,OverRange,7.042933,10.487826,-3.639071
2026/06/13 22:07:00.273,n,-2.370361,3.949367,4.782333,1.42131,OverRange,OverRange,OverRange,6.945313,10.474776,-3.559124
2026/06/13 22:08:00.275,n,-2.379213,6.34848,5.454521,1.239531,OverRange,OverRange,OverRange,6.95634,10.46174,-3.41092
2026/06/13 22:09:00.281,n,-2.399485,3.330709,5.063028,1.458922,OverRange,OverRange,OverRange,6.910568,10.445454,-3.424743
2026/06/13 22:10:00.281,n,-2.417191,6.053553,5.269451,1.351726,OverRange,OverRange,OverRange,7.031988,10.433492,-3.527982
2026/06/13 22:11:00.284,n,-2.446572,3.827077,4.811332,1.537934,OverRange,OverRange,OverRange,6.951701,10.430238,-3.613816
2026/06/13 22:12:00.283,n,-2.43156,4.208598,5.658529,1.008061,OverRange,OverRange,OverRange,7.04066,10.41289,-3.598117
2026/06/13 22:13:00.269,n,-2.461326,3.858766,3.993885,0.333116,OverRange,OverRange,OverRange,7.147222,10.409604,-3.473461
2026/06/13 22:14:00.269,n,-2.554986,5.112446,5.597231,1.188732,OverRange,OverRange,OverRange,7.09228,10.405258,-3.44411
2026/06/13 22:15:00.271,n,-2.554601,4.092311,5.065232,1.276257,OverRange,OverRange,OverRange,7.057017,10.399872,-3.471499
2026/06/13 22:16:00.274,n,-2.613106,3.799268,4.065819,0.547211,OverRange,OverRange,OverRange,7.135468,10.397676,-3.34872
2026/06/13 22:17:00.277,n,-2.665838,5.841654,4.787015,1.087627,OverRange,OverRange,OverRange,7.147486,10.396602,-3.214253
2026/06/13 22:18:00.278,n,-2.616314,3.745145,4.576487,1.111193,OverRange,OverRange,OverRange,6.996211,10.39333,-3.048643
2026/06/13 22:19:00.280,n,-2.701249,4.228061,4.912207,1.325551,OverRange,OverRange,OverRange,6.973974,10.39115,-2.99216
2026/06/13 22:20:00.282,n,-2.759755,6.161798,5.966934,0.16237,OverRange,OverRange,OverRange,7.004145,10.381354,-2.941478
2026/06/13 22:21:00.283,n,-2.657114,6.027163,5.691953,1.093631,OverRange,OverRange,OverRange,7.033005,10.378116,-3.011698
2026/06/13 22:22:00.270,n,-2.727423,5.954423,5.367159,1.353504,OverRange,OverRange,OverRange,7.112213,10.378116,-3.210328
2026/06/13 22:23:00.273,n,-2.745,4.866294,5.413254,1.184169,OverRange,OverRange,OverRange,7.148494,10.375936,-3.302049
2026/06/13 22:24:00.259,n,-2.742049,6.279288,5.377753,1.188959,OverRange,OverRange,OverRange,7.105566,10.374864,-3.241556
2026/06/13 22:25:00.259,n,-2.706894,3.386621,5.389866,1.348151,OverRange,OverRange,OverRange,6.895722,10.375936,-3.202564
2026/06/13 22:26:00.261,n,-2.666095,6.319402,4.970599,1.197012,OverRange,OverRange,OverRange,7.108897,10.371624,-3.107088
2026/06/13 22:27:00.264,n,-2.668917,3.914404,4.485971,1.0791,OverRange,OverRange,OverRange,7.165594,10.368352,-3.173298
2026/06/13 22:28:00.266,n,-2.69817,3.78743,4.25817,1.129754,OverRange,OverRange,OverRange,7.33133,10.362932,-3.420903
2026/06/13 22:29:00.268,n,-2.604382,6.04932,5.071315,1.156941,OverRange,OverRange,OverRange,7.345114,10.358556,-3.424827
2026/06/13 22:30:00.270,n,-2.513801,3.843164,5.251869,1.236179,OverRange,OverRange,OverRange,7.279236,10.359646,-3.496669
2026/06/13 22:31:00.273,n,-2.598608,3.798133,3.98574,0.21005,OverRange,OverRange,OverRange,7.432129,10.348792,-3.444196
2026/06/13 22:32:00.256,n,-2.583982,3.82483,5.014576,1.152856,OverRange,OverRange,OverRange,7.280467,10.354196,-3.32338
2026/06/13 22:33:00.260,n,-2.516752,3.852502,3.95718,0.115535,OverRange,OverRange,OverRange,7.297628,10.349852,-3.062294
2026/06/13 22:34:00.260,n,-2.505205,6.134456,5.516659,1.045838,OverRange,OverRange,OverRange,7.254217,10.343374,-2.937553
2026/06/13 22:35:00.262,n,-2.516752,6.596253,5.421711,1.250638,OverRange,OverRange,OverRange,7.156896,10.335742,-2.838068
2026/06/13 22:36:00.264,n,-2.469922,3.712937,5.207788,1.213849,OverRange,OverRange,OverRange,7.062139,10.331398,-2.795321
2026/06/13 22:37:00.266,n,-2.566533,5.750306,5.118091,1.074655,OverRange,OverRange,OverRange,7.216416,10.324874,-2.779622
2026/06/13 22:38:00.268,n,-2.493145,6.217263,6.113152,0.13287,OverRange,OverRange,OverRange,7.082077,10.311872,-2.840201
2026/06/13 22:39:00.271,n,-2.49353,6.170141,6.162566,0.064495,OverRange,OverRange,OverRange,7.114029,10.307526,-2.896855
2026/06/13 22:40:00.271,n,-2.475824,4.088621,4.796214,1.067307,OverRange,OverRange,OverRange,7.016622,10.296624,-2.914175
2026/06/13 22:41:00.259,n,-2.504949,4.348979,4.45787,1.143644,OverRange,OverRange,OverRange,7.143097,10.287934,-2.904534
2026/06/13 22:42:00.261,n,-2.428866,3.849712,4.899843,1.509764,OverRange,OverRange,OverRange,7.130564,10.28255,-3.029275
2026/06/13 22:43:00.266,n,-2.522526,3.72631,4.60301,1.49812,OverRange,OverRange,OverRange,7.272589,10.272752,-3.229781
2026/06/13 22:44:00.263,n,-2.683544,4.701923,4.134102,0.409175,OverRange,OverRange,OverRange,7.283829,10.262924,-3.389505
2026/06/13 22:45:00.264,n,-2.663015,6.148919,5.691191,0.938426,OverRange,OverRange,OverRange,7.240174,10.257506,-3.416978
2026/06/13 22:46:00.266,n,-2.552163,3.92226,4.471025,1.208686,OverRange,OverRange,OverRange,7.187052,10.252088,-3.247358
2026/06/13 22:47:00.269,n,-2.534201,6.095778,5.124207,1.348696,OverRange,OverRange,OverRange,7.288946,10.247776,-3.307766
2026/06/13 22:48:00.273,n,-2.493402,6.10846,5.755344,0.882207,OverRange,OverRange,OverRange,7.213583,10.242292,-3.272698
2026/06/13 22:49:00.256,n,-2.455296,6.092648,6.093474,0.146565,OverRange,OverRange,OverRange,7.268011,10.242292,-3.321417
2026/06/13 22:50:00.260,n,-2.484549,5.853082,5.382935,1.122552,OverRange,OverRange,OverRange,7.292776,10.231422,-3.311776
2026/06/13 22:51:00.261,n,-2.543182,5.442357,6.058898,0.331751,OverRange,OverRange,OverRange,7.290721,10.233604,-3.255122
2026/06/13 22:52:00.263,n,-2.434768,6.78466,5.739887,1.225728,OverRange,OverRange,OverRange,7.24881,10.229258,-3.272613
2026/06/13 22:53:00.268,n,-2.458119,4.774524,5.097507,1.328685,OverRange,OverRange,OverRange,7.274099,10.228152,-3.218178
2026/06/13 22:54:00.266,n,-2.428995,3.455045,4.90848,1.462818,OverRange,OverRange,OverRange,7.28478,10.231422,-3.111013
2026/06/13 22:55:00.273,n,-2.435025,4.336056,5.075769,0.936616,OverRange,OverRange,OverRange,7.334112,10.224914,-3.184987
2026/06/13 22:56:00.271,n,-2.505077,6.013875,5.196142,1.3536,OverRange,OverRange,OverRange,7.296031,10.230332,-3.095399
2026/06/13 22:57:00.274,n,-2.437847,6.464353,5.391755,1.226112,OverRange,OverRange,OverRange,7.179362,10.237948,-3.001971
2026/06/13 22:58:00.260,n,-2.490451,3.350447,4.895137,1.684614,OverRange,OverRange,OverRange,7.089905,10.242292,-3.011527
2026/06/13 22:59:00.260,n,-2.399742,6.164434,5.81673,0.737977,OverRange,OverRange,OverRange,7.219218,10.242292,-3.0175
2026/06/13 23:00:00.262,n,-2.475824,6.213317,6.062561,0.323955,OverRange,OverRange,OverRange,7.158448,10.247776,-3.103334
2026/06/13 23:01:00.265,n,-2.504949,6.281756,5.050868,1.463133,OverRange,OverRange,OverRange,7.195898,10.25098,-3.101286
2026/06/13 23:02:00.266,n,-2.560631,3.269254,4.44045,1.082432,OverRange,OverRange,OverRange,7.230423,10.259686,-3.144118
2026/06/13 23:03:00.268,n,-2.484805,4.002347,4.336747,1.139793,OverRange,OverRange,OverRange,7.312129,10.259686,-3.126627
2026/06/13 23:04:00.271,n,-2.528428,6.584712,4.407921,1.071036,OverRange,OverRange,OverRange,7.366537,10.257506,-3.175346
2026/06/13 23:05:00.272,n,-2.455296,6.030258,5.326897,1.398214,OverRange,OverRange,OverRange,7.265412,10.259686,-3.09156
2026/06/13 23:06:00.276,n,-2.493273,3.96854,4.361776,0.925094,OverRange,OverRange,OverRange,7.217677,10.26185,-3.247358
2026/06/13 23:07:00.260,n,-2.502126,6.166524,5.340263,1.45776,OverRange,OverRange,OverRange,7.37086,10.257506,-3.227819
2026/06/13 23:08:00.263,n,-2.464149,6.177964,5.851756,0.309127,OverRange,OverRange,OverRange,7.304281,10.26185,-3.243604
2026/06/13 23:09:00.264,n,-2.487756,3.624818,5.265816,1.477438,OverRange,OverRange,OverRange,7.206202,10.262924,-3.097362
2026/06/13 23:10:00.266,n,-2.519703,6.566903,5.086944,1.344097,OverRange,OverRange,OverRange,7.272578,10.262924,-3.027141
2026/06/13 23:11:00.268,n,-2.534201,6.271413,4.908156,1.450412,OverRange,OverRange,OverRange,7.182154,10.260778,-3.074068
2026/06/13 23:12:00.270,n,-2.522397,4.301485,5.306322,1.190931,OverRange,OverRange,OverRange,7.134659,10.257506,-3.257084
2026/06/13 23:13:00.272,n,-2.598737,3.935621,4.605299,1.037375,OverRange,OverRange,OverRange,7.24703,10.255358,-3.358362
2026/06/13 23:14:00.274,n,-2.639665,6.288754,4.763363,1.115792,OverRange,OverRange,OverRange,7.362966,10.258612,-3.368174
2026/06/13 23:15:00.276,n,-2.633763,3.88123,4.647053,1.524149,OverRange,OverRange,OverRange,7.171397,10.258612,-3.270651
2026/06/13 23:16:00.262,n,-2.642359,3.858423,4.71114,1.027073,OverRange,OverRange,OverRange,7.226364,10.257506,-3.258962
2026/06/13 23:17:00.265,n,-2.59848,6.512153,5.462679,1.459698,OverRange,OverRange,OverRange,7.302948,10.259686,-3.370136
2026/06/13 23:18:00.267,n,-2.733324,3.061989,4.87278,1.60446,OverRange,OverRange,OverRange,7.134146,10.256464,-3.342919
2026/06/13 23:19:00.268,n,-2.806456,3.387799,4.666898,1.558205,OverRange,OverRange,OverRange,7.152537,10.258612,-3.274575
2026/06/13 23:20:00.269,n,-2.750902,5.865344,4.979162,1.552832,OverRange,OverRange,OverRange,7.265615,10.260778,-3.336946
2026/06/13 23:21:00.270,n,-2.7654,5.137975,4.803381,1.423196,OverRange,OverRange,OverRange,7.237325,10.26403,-3.362287
2026/06/13 23:22:00.273,n,-2.76835,3.894463,4.549535,1.5076,OverRange,OverRange,OverRange,7.201554,10.260778,-3.292237
2026/06/13 23:23:00.274,n,-2.879844,4.042091,3.965222,0.068041,OverRange,OverRange,OverRange,7.269023,10.26403,-3.266897
2026/06/13 23:24:00.277,n,-2.79786,4.023148,5.41115,1.263242,OverRange,OverRange,OverRange,7.23197,10.26403,-3.280463
2026/06/13 23:25:00.261,n,-2.836093,6.619815,4.825971,1.435296,OverRange,OverRange,OverRange,7.246501,10.270572,-3.276623
2026/06/13 23:26:00.264,n,-2.874071,5.370993,4.438123,1.006701,OverRange,OverRange,OverRange,7.150492,10.272752,-3.27466
2026/06/13 23:27:00.266,n,-2.961572,6.108922,5.075789,1.279058,OverRange,OverRange,OverRange,7.190878,10.273828,-3.331059
2026/06/13 23:28:00.335,n,-2.859316,3.332963,5.52376,1.101727,OverRange,OverRange,OverRange,7.100459,10.27599,-3.235583
2026/06/13 23:29:00.380,n,-2.885489,3.927402,4.792986,1.197878,OverRange,OverRange,OverRange,7.246267,10.284712,-3.194714
2026/06/13 23:30:00.469,n,-2.906017,3.3015,5.318045,1.360149,OverRange,OverRange,OverRange,7.341197,10.286828,-3.350683
2026/06/13 23:31:00.275,n,-2.864961,3.428095,5.433855,1.291676,OverRange,OverRange,OverRange,7.319499,10.2901,-3.440271
2026/06/13 23:32:00.276,n,-2.765784,4.176624,4.364347,1.141549,OverRange,OverRange,OverRange,7.39327,10.304256,-3.403156
2026/06/13 23:33:00.278,n,-2.548699,3.669156,5.01704,1.364897,OverRange,OverRange,OverRange,7.451513,10.304256,-3.35256
2026/06/13 23:34:00.264,n,-2.53728,3.380902,5.010639,1.699687,OverRange,OverRange,OverRange,7.383286,10.31729,-3.243348
2026/06/13 23:35:00.266,n,-2.628117,3.342192,4.981589,1.69028,OverRange,OverRange,OverRange,7.222193,10.324874,-3.144288
2026/06/13 23:36:00.268,n,-2.715876,4.373624,5.001887,1.400019,OverRange,OverRange,OverRange,7.310099,10.331398,-3.188997
2026/06/13 23:37:00.269,n,-2.768735,6.576988,5.114533,1.515271,OverRange,OverRange,OverRange,7.210231,10.334668,-3.112975
2026/06/13 23:38:00.272,n,-2.762705,6.585127,5.053603,1.455404,OverRange,OverRange,OverRange,7.133856,10.336848,-2.968866
2026/06/13 23:39:00.273,n,-2.791958,3.471991,4.580371,1.517629,OverRange,OverRange,OverRange,7.140473,10.34012,-3.093351
2026/06/13 23:40:00.276,n,-2.865218,6.091053,5.448761,1.439943,OverRange,OverRange,OverRange,7.270996,10.333578,-3.190789
2026/06/13 23:41:00.279,n,-2.774252,6.505447,5.206501,1.429252,OverRange,OverRange,OverRange,7.271815,10.337956,-3.109136
2026/06/13 23:42:00.280,n,-2.797731,6.626821,4.996423,1.553405,OverRange,OverRange,OverRange,7.287323,10.328158,-3.243433
2026/06/13 23:43:00.264,n,-2.759754,6.268676,5.232735,1.430036,OverRange,OverRange,OverRange,7.303208,10.323782,-3.280463
2026/06/13 23:44:00.267,n,-2.812486,3.277508,4.940402,1.518323,OverRange,OverRange,OverRange,7.238551,10.32598,-3.31553
2026/06/13 23:45:00.269,n,-2.745,3.60488,4.97459,1.775963,OverRange,OverRange,OverRange,7.294973,10.318364,-3.331229
2026/06/13 23:46:00.272,n,-2.762705,6.463933,5.38976,1.66409,OverRange,OverRange,OverRange,7.283234,10.318364,-3.243348
2026/06/13 23:47:00.275,n,-2.818131,3.939147,4.570487,1.349622,OverRange,OverRange,OverRange,7.317724,10.304256,-3.2942
2026/06/13 23:48:00.276,n,-2.832886,6.409336,4.327525,1.024375,OverRange,OverRange,OverRange,7.432144,10.305346,-3.298039
2026/06/13 23:49:00.277,n,-2.812486,6.017786,5.324841,1.312548,OverRange,OverRange,OverRange,7.465297,10.29773,-3.315445
2026/06/13 23:50:00.283,n,-2.677513,6.303772,5.543752,1.280267,OverRange,OverRange,OverRange,7.312887,10.29773,-3.223979
2026/06/13 23:51:00.280,n,-2.598737,3.784297,4.668549,1.226257,OverRange,OverRange,OverRange,7.25263,10.300968,-3.136354
2026/06/13 23:52:00.266,n,-2.669046,6.395387,5.241552,1.198567,OverRange,OverRange,OverRange,7.387696,10.29555,-3.140193
2026/06/13 23:53:00.268,n,-2.60156,4.037008,4.79111,1.258056,OverRange,OverRange,OverRange,7.244467,10.289042,-3.099324
2026/06/13 23:54:00.272,n,-2.627861,4.050966,4.57363,1.390037,OverRange,OverRange,OverRange,7.307516,10.281442,-3.163657
2026/06/13 23:55:00.276,n,-2.592707,5.928985,5.364617,1.351627,OverRange,OverRange,OverRange,7.32873,10.281442,-2.939516
2026/06/13 23:56:00.274,n,-2.671996,3.561029,5.043943,1.20791,OverRange,OverRange,OverRange,7.192383,10.270572,-2.980556
2026/06/13 23:57:00.276,n,-2.947202,4.417564,4.954035,1.232642,OverRange,OverRange,OverRange,7.219386,10.262924,-3.058455
2026/06/13 23:58:00.279,n,-2.970425,6.253307,6.185784,0.178879,OverRange,OverRange,OverRange,7.240153,10.258612,-3.034991
2026/06/13 23:59:00.280,n,-2.923851,6.593061,5.268984,1.363407,OverRange,OverRange,OverRange,7.146612,10.25098,-2.931751
