"Timestamp","TZ","GHI1_AV (W/m2)","UVB22013 (W/m2)","UVB22013_AV (W/m2)","UVB22013_SD (W/m2)","UVB22012 (W/m2)","UVB22012_AV (W/m2)","UVB22012_SD (W/m2)","TA_AV (degC)","TL (degC)","GTI_AV (W/m2)"
2026/05/29 00:00:00.276,n,-3.300158,3.785123,5.254153,1.204678,OverRange,OverRange,OverRange,11.3756,14.166156,-3.820466
2026/05/29 00:01:00.263,n,-3.235879,5.186705,4.866879,0.876827,OverRange,OverRange,OverRange,11.37233,14.162962,-3.717397
2026/05/29 00:02:00.261,n,-3.209449,3.377839,4.455149,1.271583,OverRange,OverRange,OverRange,11.35636,14.156528,-3.713387
2026/05/29 00:03:00.264,n,-3.191872,5.204209,4.921306,1.130257,OverRange,OverRange,OverRange,11.349,14.16407,-3.726868
2026/05/29 00:04:00.266,n,-3.124771,6.027914,4.917265,1.020593,OverRange,OverRange,OverRange,11.355592,14.154378,-3.606307
2026/05/29 00:05:00.269,n,-3.063186,3.697919,5.178475,1.17365,OverRange,OverRange,OverRange,11.357106,14.15542,-3.66279
2026/05/29 00:06:00.271,n,-3.183276,3.548695,5.003804,1.244766,OverRange,OverRange,OverRange,11.369274,14.154378,-3.725076
2026/05/29 00:07:00.272,n,-3.18597,5.764383,5.245512,1.122368,OverRange,OverRange,OverRange,11.37257,14.146852,-3.662876
2026/05/29 00:08:00.274,n,-3.212401,3.985191,4.488935,1.342124,OverRange,OverRange,OverRange,11.342418,14.148954,-3.832325
2026/05/29 00:09:00.275,n,-3.223947,4.709848,4.82368,0.897319,OverRange,OverRange,OverRange,11.349244,14.148954,-3.795211
2026/05/29 00:10:00.264,n,-3.224204,4.092539,4.750032,1.053899,OverRange,OverRange,OverRange,11.34319,14.145776,-3.814664
2026/05/29 00:11:00.264,n,-3.242038,3.128878,5.179224,1.553435,OverRange,OverRange,OverRange,11.352052,14.148954,-3.859458
2026/05/29 00:12:00.265,n,-3.294384,4.058893,4.844073,1.275542,OverRange,OverRange,OverRange,11.326966,14.146852,-3.904167
2026/05/29 00:13:00.270,n,-3.352761,3.546292,4.833889,1.208809,OverRange,OverRange,OverRange,11.31455,14.136084,-3.880789
2026/05/29 00:14:00.270,n,-3.405621,3.545234,4.930109,1.398978,OverRange,OverRange,OverRange,11.304414,14.134992,-3.902205
2026/05/29 00:15:00.274,n,-3.443855,5.754965,5.329654,1.226388,OverRange,OverRange,OverRange,11.299336,14.132874,-3.982151
2026/05/29 00:16:00.273,n,-3.531357,3.973188,3.818963,0.546409,OverRange,OverRange,OverRange,11.257812,14.119972,-3.987953
2026/05/29 00:17:00.275,n,-3.566639,5.887195,4.72769,1.1982,OverRange,OverRange,OverRange,11.281872,14.116716,-4.114657
2026/05/29 00:18:00.278,n,-3.686601,3.559963,4.904548,1.378014,OverRange,OverRange,OverRange,11.234986,14.108146,-4.252964
2026/05/29 00:19:00.268,n,-3.815543,3.206034,4.693884,1.416346,OverRange,OverRange,OverRange,11.238042,14.100604,-4.180866
2026/05/29 00:20:00.265,n,-3.838894,6.097842,4.954187,1.329527,OverRange,OverRange,OverRange,11.231192,14.087702,-4.093155
2026/05/29 00:21:00.266,n,-3.885852,6.105299,4.568002,1.170603,OverRange,OverRange,OverRange,11.190892,14.07695,-4.223698
2026/05/29 00:22:00.269,n,-3.92075,4.031396,4.463015,0.877823,OverRange,OverRange,OverRange,11.169354,14.065092,-4.284106
2026/05/29 00:23:00.272,n,-3.917927,3.568832,5.168141,1.222686,OverRange,OverRange,OverRange,11.17036,14.057582,-4.251001
2026/05/29 00:24:00.274,n,-3.888675,2.99154,4.447327,1.502174,OverRange,OverRange,OverRange,11.141998,14.050074,-4.233425
2026/05/29 00:25:00.275,n,-3.827218,3.71434,4.959154,1.061645,OverRange,OverRange,OverRange,11.138932,14.032854,-4.247162
2026/05/29 00:26:00.276,n,-3.797838,3.634909,4.888734,1.270101,OverRange,OverRange,OverRange,11.131836,14.023194,-4.216104
2026/05/29 00:27:00.279,n,-3.76589,6.587373,4.748856,1.305938,OverRange,OverRange,OverRange,11.138936,14.007052,-4.1301
2026/05/29 00:28:00.266,n,-3.824396,5.841985,5.880032,0.155172,OverRange,OverRange,OverRange,11.146302,13.995226,-4.379411
2026/05/29 00:29:00.266,n,-3.853392,4.107158,4.631497,1.15217,OverRange,OverRange,OverRange,11.114096,13.988728,-4.30356
2026/05/29 00:30:00.268,n,-3.923829,5.781258,5.786399,0.288201,OverRange,OverRange,OverRange,11.13084,13.982292,-4.231548
2026/05/29 00:31:00.275,n,-3.947308,4.170009,5.471153,0.735818,OverRange,OverRange,OverRange,11.111064,13.99679,-4.436064
2026/05/29 00:32:00.276,n,-3.518783,6.449198,5.927953,0.273393,OverRange,OverRange,OverRange,11.155208,13.97853,-4.07703
2026/05/29 00:33:00.275,n,-3.41935,4.05273,4.597803,1.12715,OverRange,OverRange,OverRange,11.109056,13.968838,-3.958176
2026/05/29 00:34:00.276,n,-3.498511,4.9402,5.085878,1.03293,OverRange,OverRange,OverRange,11.124786,13.952694,-4.004932
2026/05/29 00:35:00.280,n,-3.463229,3.648977,4.401136,0.943939,OverRange,OverRange,OverRange,11.091564,13.943004,-3.903911
2026/05/29 00:36:00.280,n,-3.507236,4.856501,5.409104,0.928012,OverRange,OverRange,OverRange,11.10375,13.933326,-4.012952
2026/05/29 00:37:00.267,n,-3.477855,3.718046,4.722897,1.080818,OverRange,OverRange,OverRange,11.055818,13.929042,-3.888212
2026/05/29 00:38:00.267,n,-3.399206,3.742108,4.350212,0.90694,OverRange,OverRange,OverRange,11.026896,13.915034,-3.802463
2026/05/29 00:39:00.270,n,-3.308241,5.991166,5.680273,0.879096,OverRange,OverRange,OverRange,11.029958,13.906418,-3.83753
2026/05/29 00:40:00.272,n,-3.252687,4.105108,4.691603,1.095116,OverRange,OverRange,OverRange,11.009152,13.890276,-3.862786
2026/05/29 00:41:00.274,n,-3.290536,6.372729,5.25263,1.194613,OverRange,OverRange,OverRange,11.025884,13.88381,-3.640693
2026/05/29 00:42:00.275,n,-3.082816,3.573316,4.821361,1.18064,OverRange,OverRange,OverRange,11.003078,13.870908,-3.714922
2026/05/29 00:43:00.279,n,-3.000832,5.747508,5.922092,0.214943,OverRange,OverRange,OverRange,11.032222,13.868774,-3.601871
2026/05/29 00:44:00.279,n,-2.962598,3.530001,4.72072,1.306461,OverRange,OverRange,OverRange,11.000032,13.8612,-3.667996
2026/05/29 00:45:00.281,n,-2.97453,5.746885,5.315367,1.069224,OverRange,OverRange,OverRange,11.019298,13.851508,-3.54334
2026/05/29 00:46:00.267,n,-3.065239,6.040406,4.69347,1.019549,OverRange,OverRange,OverRange,11.001038,13.847192,-3.613645
2026/05/29 00:47:00.269,n,-3.109246,4.72735,4.677483,1.099062,OverRange,OverRange,OverRange,10.97137,13.840758,-3.621239
2026/05/29 00:48:00.273,n,-3.050741,6.211332,5.550736,0.646758,OverRange,OverRange,OverRange,10.9805,13.828898,-3.609635
2026/05/29 00:49:00.273,n,-3.015586,4.466426,4.260657,0.932748,OverRange,OverRange,OverRange,10.943452,13.820298,-3.623287
2026/05/29 00:50:00.275,n,-3.059466,3.700688,5.172337,1.166922,OverRange,OverRange,OverRange,10.98962,13.811684,-3.346673
2026/05/29 00:51:00.278,n,-3.074092,6.005606,4.908933,0.957175,OverRange,OverRange,OverRange,10.99319,13.807398,-3.315445
2026/05/29 00:52:00.280,n,-2.965806,4.544986,5.275615,1.016477,OverRange,OverRange,OverRange,10.975674,13.803048,-3.352475
2026/05/29 00:53:00.281,n,-2.930651,5.977426,4.901806,1.159646,OverRange,OverRange,OverRange,10.96071,13.792316,-3.566804
2026/05/29 00:54:00.283,n,-2.871889,4.02579,4.682247,1.07921,OverRange,OverRange,OverRange,10.97516,13.792316,-3.541463
2026/05/29 00:55:00.269,n,-2.942327,6.04029,5.263344,1.03396,OverRange,OverRange,OverRange,10.980494,13.784774,-3.488904
2026/05/29 00:56:00.270,n,-2.839942,3.596506,4.955084,1.305097,OverRange,OverRange,OverRange,10.950058,13.776142,-3.594107
2026/05/29 00:57:00.272,n,-2.883822,4.477564,4.729559,1.202281,OverRange,OverRange,OverRange,10.96907,13.769674,-3.51416
2026/05/29 00:58:00.277,n,-2.959776,6.129134,4.681243,1.212155,OverRange,OverRange,OverRange,10.95158,13.76539,-3.543425
2026/05/29 00:59:00.276,n,-2.930523,5.90531,4.741975,1.245393,OverRange,OverRange,OverRange,10.940924,13.763272,-3.514245
2026/05/29 01:00:00.280,n,-2.965677,3.717419,4.843445,1.126239,OverRange,OverRange,OverRange,10.93686,13.7557,-3.652552
2026/05/29 01:01:00.279,n,-2.945021,6.262299,5.528657,1.050533,OverRange,OverRange,OverRange,10.959184,13.760016,-3.64658
2026/05/29 01:02:00.282,n,-2.883821,3.987784,4.581901,1.125577,OverRange,OverRange,OverRange,10.916316,13.753532,-3.652467
2026/05/29 01:03:00.268,n,-2.912946,6.179304,5.109241,1.133357,OverRange,OverRange,OverRange,10.942196,13.744948,-3.535661
2026/05/29 01:04:00.272,n,-2.883693,6.191712,5.149834,1.149183,OverRange,OverRange,OverRange,10.935608,13.747098,-3.592059
2026/05/29 01:05:00.273,n,-2.878176,4.101188,4.476378,1.193103,OverRange,OverRange,OverRange,10.924434,13.739526,-3.594021
2026/05/29 01:06:00.260,n,-2.860214,6.085583,4.93948,1.01639,OverRange,OverRange,OverRange,10.928508,13.739526,-3.531736
2026/05/29 01:07:00.259,n,-2.863422,6.096212,5.39555,1.087806,OverRange,OverRange,OverRange,10.90059,13.7363,-3.638815
2026/05/29 01:08:00.261,n,-2.822237,3.60061,4.980624,1.326363,OverRange,OverRange,OverRange,10.903386,13.733058,-3.568766
2026/05/29 01:09:00.262,n,-2.863422,5.910056,4.864748,1.232017,OverRange,OverRange,OverRange,10.90744,13.7277,-3.165619
2026/05/29 01:10:00.265,n,-2.822365,4.02219,4.822357,1.118046,OverRange,OverRange,OverRange,10.89172,13.725518,-3.171421
2026/05/29 01:11:00.267,n,-2.918847,5.760593,4.840172,0.989013,OverRange,OverRange,OverRange,10.890438,13.7277,-3.007859
2026/05/29 01:12:00.270,n,-2.833912,3.757248,4.382017,0.937242,OverRange,OverRange,OverRange,10.881562,13.71581,-3.268774
2026/05/29 01:13:00.271,n,-2.851618,4.670553,5.198593,1.066532,OverRange,OverRange,OverRange,10.899058,13.708302,-3.171336
2026/05/29 01:14:00.257,n,-2.83109,3.763904,5.119326,0.97585,OverRange,OverRange,OverRange,10.86786,13.711558,-3.29019
2026/05/29 01:15:00.258,n,-2.795807,6.417414,4.923176,1.214037,OverRange,OverRange,OverRange,10.872926,13.704016,-3.23183
2026/05/29 01:16:00.262,n,-2.801966,3.70499,5.007378,1.166855,OverRange,OverRange,OverRange,10.878256,13.698592,-3.44812
2026/05/29 01:17:00.267,n,-2.799014,3.997032,4.736525,1.054936,OverRange,OverRange,OverRange,10.853398,13.6954,-3.453837
2026/05/29 01:18:00.265,n,-2.892289,3.544222,4.832316,1.188814,OverRange,OverRange,OverRange,10.856426,13.687842,-3.557077
2026/05/29 01:19:00.268,n,-2.936553,2.98335,4.367254,1.111689,OverRange,OverRange,OverRange,10.85162,13.686768,-3.469451
2026/05/29 01:20:00.269,n,-2.951051,4.066499,3.882707,0.190503,OverRange,OverRange,OverRange,10.838176,13.68351,-3.529859
2026/05/29 01:21:00.271,n,-2.971579,5.661315,5.51529,0.808503,OverRange,OverRange,OverRange,10.859746,13.687842,-3.638815
2026/05/29 01:22:00.257,n,-2.956824,6.059595,5.225897,0.978607,OverRange,OverRange,OverRange,10.828262,13.679226,-3.664156
2026/05/29 01:23:00.259,n,-2.998009,3.563949,4.767107,1.232657,OverRange,OverRange,OverRange,10.835638,13.676002,-3.724479
2026/05/29 01:24:00.262,n,-3.06819,4.147887,4.659223,1.115229,OverRange,OverRange,OverRange,10.831818,13.670578,-3.669958
2026/05/29 01:25:00.265,n,-3.106295,4.886259,4.848651,0.966462,OverRange,OverRange,OverRange,10.855932,13.660902,-3.613645
2026/05/29 01:26:00.265,n,-3.053435,3.586046,4.569566,1.121028,OverRange,OverRange,OverRange,10.827256,13.661976,-3.65059
2026/05/29 01:27:00.268,n,-3.091669,5.991893,4.883856,0.871841,OverRange,OverRange,OverRange,10.840206,13.657694,-3.670043
2026/05/29 01:28:00.269,n,-3.164801,5.770781,5.093074,1.036026,OverRange,OverRange,OverRange,10.814062,13.65333,-3.751867
2026/05/29 01:29:00.272,n,-3.097314,3.770001,4.856812,1.228581,OverRange,OverRange,OverRange,10.799358,13.649044,-3.806302
2026/05/29 01:30:00.273,n,-3.112197,3.710613,4.843298,1.290979,OverRange,OverRange,OverRange,10.812032,13.645804,-3.644703
2026/05/29 01:31:00.258,n,-3.132597,4.087049,4.732634,1.069241,OverRange,OverRange,OverRange,10.795532,13.641472,-3.640863
2026/05/29 01:32:00.260,n,-3.12105,5.140459,5.044654,1.284806,OverRange,OverRange,OverRange,10.784866,13.635038,-3.541377
2026/05/29 01:33:00.262,n,-3.088846,5.643826,5.496617,0.988962,OverRange,OverRange,OverRange,10.79707,13.636112,-3.607758
2026/05/29 01:34:00.264,n,-3.062416,6.013599,4.359211,0.996635,OverRange,OverRange,OverRange,10.769384,13.628554,-3.531651
2026/05/29 01:35:00.267,n,-3.027005,3.779635,4.433713,1.196095,OverRange,OverRange,OverRange,10.737672,13.616748,-3.557077
2026/05/29 01:36:00.269,n,-2.980304,5.78793,4.62461,0.97072,OverRange,OverRange,OverRange,10.755952,13.616748,-3.373976
2026/05/29 01:37:00.270,n,-2.857391,3.743847,5.078732,1.101715,OverRange,OverRange,OverRange,10.737416,13.604872,-3.366297
2026/05/29 01:38:00.272,n,-2.830961,5.945953,4.951952,0.884624,OverRange,OverRange,OverRange,10.735378,13.601648,-3.274575
2026/05/29 01:39:00.274,n,-2.869067,6.213818,4.894455,1.310238,OverRange,OverRange,OverRange,10.715826,13.593014,-3.368259
2026/05/29 01:40:00.259,n,-2.877663,4.162053,4.021984,0.21761,OverRange,OverRange,OverRange,10.686642,13.583324,-3.44411
2026/05/29 01:41:00.261,n,-2.909866,3.641019,4.988643,1.239754,OverRange,OverRange,OverRange,10.733098,13.582218,-3.475338
2026/05/29 01:42:00.263,n,-2.901399,5.882971,5.158767,1.082714,OverRange,OverRange,OverRange,10.743256,13.581174,-3.473376
2026/05/29 01:43:00.265,n,-2.912946,4.18943,4.962012,0.996725,OverRange,OverRange,OverRange,10.70924,13.571434,-3.634976
2026/05/29 01:44:00.267,n,-2.933474,5.700627,5.239606,1.194499,OverRange,OverRange,OverRange,10.7567,13.571434,-3.490867
2026/05/29 01:45:00.270,n,-2.877791,5.796768,5.196092,0.485737,OverRange,OverRange,OverRange,10.736644,13.566076,-3.603833
2026/05/29 01:46:00.273,n,-2.834169,3.315548,4.796921,1.118763,OverRange,OverRange,OverRange,10.707194,13.562836,-3.549142
2026/05/29 01:47:00.274,n,-2.830961,3.696654,4.741764,1.324547,OverRange,OverRange,OverRange,10.709732,13.562836,-3.465526
2026/05/29 01:48:00.278,n,-2.816335,3.99884,4.356795,0.819127,OverRange,OverRange,OverRange,10.706188,13.558502,-3.446158
2026/05/29 01:49:00.262,n,-2.954002,5.716564,4.515689,1.11799,OverRange,OverRange,OverRange,10.726502,13.546646,-3.299831
2026/05/29 01:50:00.264,n,-2.918847,6.256331,5.698909,0.3271,OverRange,OverRange,OverRange,10.726762,13.54987,-3.280463
2026/05/29 01:51:00.267,n,-2.880999,5.531064,5.206175,1.247573,OverRange,OverRange,OverRange,10.71051,13.54987,-3.255207
2026/05/29 01:52:00.266,n,-2.901399,3.782592,4.8983,1.189588,OverRange,OverRange,OverRange,10.709732,13.54233,-3.187035
2026/05/29 01:53:00.269,n,-2.986205,6.256073,5.101179,1.155867,OverRange,OverRange,OverRange,10.713792,13.54233,-3.183366
2026/05/29 01:54:00.270,n,-2.915897,3.71267,4.732215,1.145805,OverRange,OverRange,OverRange,10.691972,13.534788,-3.2785
2026/05/29 01:55:00.272,n,-3.044711,6.077049,4.9012,1.228125,OverRange,OverRange,OverRange,10.688656,13.534788,-3.132514
2026/05/29 01:56:00.276,n,-2.921927,3.764079,4.821037,1.16866,OverRange,OverRange,OverRange,10.678254,13.534788,-3.350598
2026/05/29 01:57:00.278,n,-2.945406,6.381153,5.060669,1.260935,OverRange,OverRange,OverRange,10.676988,13.528338,-3.210499
2026/05/29 01:58:00.262,n,-3.047662,3.769862,5.267903,0.89226,OverRange,OverRange,OverRange,10.660492,13.524038,-3.432507
2026/05/29 01:59:00.266,n,-3.01533,3.985597,4.210991,0.875824,OverRange,OverRange,OverRange,10.650584,13.525114,-3.321588
2026/05/29 02:00:00.266,n,-3.012508,6.691913,5.199955,1.214937,OverRange,OverRange,OverRange,10.653378,13.514332,-3.251197
2026/05/29 02:01:00.270,n,-2.983255,6.086534,5.169472,1.097809,OverRange,OverRange,OverRange,10.646526,13.511106,-3.32338
2026/05/29 02:02:00.271,n,-2.909995,4.160164,4.455012,0.819947,OverRange,OverRange,OverRange,10.640682,13.506758,-3.461686
2026/05/29 02:03:00.272,n,-2.909994,3.615248,4.276147,0.738648,OverRange,OverRange,OverRange,10.662014,13.507866,-3.508273
2026/05/29 02:04:00.274,n,-2.968628,2.972099,4.924098,1.291106,OverRange,OverRange,OverRange,10.665314,13.498126,-3.638901
2026/05/29 02:05:00.279,n,-2.989157,5.216857,5.34678,0.77875,OverRange,OverRange,OverRange,10.680034,13.502474,-3.537538
2026/05/29 02:06:00.278,n,-2.9481,6.10313,5.505775,1.054838,OverRange,OverRange,OverRange,10.658204,13.495976,-3.48097
2026/05/29 02:07:00.264,n,-2.971579,3.669121,5.077656,1.143811,OverRange,OverRange,OverRange,10.645758,13.49381,-3.711083
2026/05/29 02:08:00.266,n,-2.965677,3.792814,4.835883,1.266066,OverRange,OverRange,OverRange,10.65921,13.488436,-3.611512
2026/05/29 02:09:00.271,n,-2.927444,3.736301,4.921521,1.150535,OverRange,OverRange,OverRange,10.648296,13.484118,-3.55136
2026/05/29 02:10:00.270,n,-2.959647,5.773183,5.059417,1.191673,OverRange,OverRange,OverRange,10.64703,13.48091,-3.533698
2026/05/29 02:11:00.271,n,-3.000704,6.021911,4.840394,1.134716,OverRange,OverRange,OverRange,10.656938,13.474444,-3.58438
2026/05/29 02:12:00.273,n,-3.038937,5.326316,4.62276,0.959992,OverRange,OverRange,OverRange,10.654378,13.47337,-3.590267
2026/05/29 02:13:00.275,n,-3.088718,6.06908,5.010214,0.98447,OverRange,OverRange,OverRange,10.661998,13.470114,-3.650504
2026/05/29 02:14:00.278,n,-3.050613,3.705582,4.571345,1.277073,OverRange,OverRange,OverRange,10.662522,13.466904,-3.726526
2026/05/29 02:15:00.281,n,-3.047662,3.584148,5.072824,1.028426,OverRange,OverRange,OverRange,10.657446,13.470114,-3.738216
2026/05/29 02:16:00.264,n,-3.06819,5.343395,5.192655,1.170194,OverRange,OverRange,OverRange,10.646022,13.49622,-3.648542
2026/05/29 02:17:00.267,n,-2.682389,3.608264,4.834825,1.287882,OverRange,OverRange,OverRange,10.666744,13.491936,-3.553749
2026/05/29 02:18:00.269,n,-2.73217,6.167416,5.434859,0.645343,OverRange,OverRange,OverRange,10.668004,13.487588,-3.485406
2026/05/29 02:19:00.341,n,-2.658781,4.091998,5.465248,1.203376,OverRange,OverRange,OverRange,10.635498,13.480048,-3.64914
2026/05/29 02:20:00.341,n,-2.697015,3.738374,4.57397,1.014321,OverRange,OverRange,OverRange,10.648458,13.477864,-3.477813
2026/05/29 02:21:00.345,n,-2.691113,3.70483,4.634835,1.096997,OverRange,OverRange,OverRange,10.64237,13.472506,-3.495218
2026/05/29 02:22:00.345,n,-2.676615,3.737225,4.984689,1.263458,OverRange,OverRange,OverRange,10.656846,13.473614,-3.47184
2026/05/29 02:23:00.332,n,-2.711513,6.022336,5.009056,1.062514,OverRange,OverRange,OverRange,10.645666,13.471432,-3.425254
2026/05/29 02:24:00.282,n,-2.661861,3.630299,4.674119,1.097382,OverRange,OverRange,OverRange,10.639832,13.469266,-3.469877
2026/05/29 02:25:00.266,n,-2.790547,5.498982,5.174099,1.040385,OverRange,OverRange,OverRange,10.658864,13.467116,-3.481482
2026/05/29 02:26:00.269,n,-2.726268,4.372098,4.786752,1.116494,OverRange,OverRange,OverRange,10.615952,13.462798,-3.452387
2026/05/29 02:27:00.271,n,-2.770275,5.994444,4.86879,1.276052,OverRange,OverRange,OverRange,10.655066,13.463906,-3.47969
2026/05/29 02:28:00.274,n,-2.796448,3.727199,4.604384,1.155046,OverRange,OverRange,OverRange,10.628922,13.459542,-3.543767
2026/05/29 02:29:00.276,n,-2.823135,3.769921,4.85806,1.264881,OverRange,OverRange,OverRange,10.626374,13.455258,-3.553664
2026/05/29 02:30:00.278,n,-2.790675,5.978524,4.979153,1.292674,OverRange,OverRange,OverRange,10.629924,13.453092,-3.471925
2026/05/29 02:31:00.280,n,-2.779128,6.115437,4.9692,1.382028,OverRange,OverRange,OverRange,10.614686,13.449836,-3.565183
2026/05/29 02:32:00.280,n,-2.752698,6.284442,5.329863,1.061786,OverRange,OverRange,OverRange,10.595648,13.444444,-3.502983
2026/05/29 02:33:00.283,n,-2.811203,6.483583,4.8753,1.459833,OverRange,OverRange,OverRange,10.59665,13.444444,-3.557504
2026/05/29 02:34:00.272,n,-2.787596,5.954374,5.08696,1.028196,OverRange,OverRange,OverRange,10.61344,13.445552,-3.465953
2026/05/29 02:35:00.271,n,-2.819927,5.974706,4.811926,1.35724,OverRange,OverRange,OverRange,10.626858,13.439054,-3.539927
2026/05/29 02:36:00.272,n,-2.761422,6.013856,4.744798,1.126087,OverRange,OverRange,OverRange,10.627636,13.44016,-3.487454
2026/05/29 02:37:00.276,n,-2.790675,3.692463,4.952186,1.232402,OverRange,OverRange,OverRange,10.615698,13.437978,-3.547947
2026/05/29 02:38:00.260,n,-2.755264,6.370656,5.323345,1.23664,OverRange,OverRange,OverRange,10.610118,13.431512,-3.434811
2026/05/29 02:39:00.262,n,-2.776049,5.767539,5.252791,1.243471,OverRange,OverRange,OverRange,10.604548,13.42288,-3.563391
2026/05/29 02:40:00.280,n,-2.734992,6.461284,5.174616,1.28978,OverRange,OverRange,OverRange,10.593878,13.423972,-3.586683
2026/05/29 02:41:00.268,n,-2.796577,4.029718,4.097172,0.328569,OverRange,OverRange,OverRange,10.584992,13.423972,-3.493341
2026/05/29 02:42:00.285,n,-2.793626,5.82177,5.137473,1.223429,OverRange,OverRange,OverRange,10.606568,13.419622,-3.430885
2026/05/29 02:43:00.269,n,-2.708562,6.488817,4.697433,1.301152,OverRange,OverRange,OverRange,10.593872,13.423972,-3.464161
2026/05/29 02:44:00.271,n,-2.714464,3.495188,4.723039,1.468193,OverRange,OverRange,OverRange,10.575318,13.421806,-3.440698
2026/05/29 02:45:00.275,n,-2.787724,6.01441,5.393654,1.033526,OverRange,OverRange,OverRange,10.591084,13.419622,-3.485406
2026/05/29 02:46:00.277,n,-2.734992,6.015854,4.945087,1.190736,OverRange,OverRange,OverRange,10.590318,13.419622,-3.497266
2026/05/29 02:47:00.261,n,-2.743845,6.036827,4.821,1.185947,OverRange,OverRange,OverRange,10.58726,13.415372,-3.46399
2026/05/29 02:48:00.263,n,-2.735249,6.013564,4.925503,1.227731,OverRange,OverRange,OverRange,10.599712,13.415372,-3.446499
2026/05/29 02:49:00.266,n,-2.723189,5.847158,4.968123,1.130807,OverRange,OverRange,OverRange,10.598694,13.412098,-3.421073
2026/05/29 02:50:00.268,n,-2.726139,6.243105,5.661177,0.696359,OverRange,OverRange,OverRange,10.61113,13.409948,-3.540012
2026/05/29 02:51:00.269,n,-2.735121,2.990604,5.300723,1.135189,OverRange,OverRange,OverRange,10.584468,13.40345,-3.497352
2026/05/29 02:52:00.271,n,-2.761294,5.765007,4.82335,1.378367,OverRange,OverRange,OverRange,10.570256,13.405632,-3.415442
2026/05/29 02:53:00.256,n,-2.793497,5.930679,4.867642,1.206651,OverRange,OverRange,OverRange,10.546886,13.40241,-3.407593
2026/05/29 02:54:00.258,n,-2.776049,6.144723,4.605566,1.155417,OverRange,OverRange,OverRange,10.554754,13.4013,-3.440783
2026/05/29 02:55:00.260,n,-2.749747,6.235449,4.64518,1.15947,OverRange,OverRange,OverRange,10.520976,13.393776,-3.450424
2026/05/29 02:56:00.264,n,-2.778871,3.804153,4.559348,1.11026,OverRange,OverRange,OverRange,10.487438,13.392668,-3.419282
2026/05/29 02:57:00.268,n,-2.773097,3.179373,5.157788,1.3877,OverRange,OverRange,OverRange,10.497356,13.389444,-3.450509
2026/05/29 02:58:00.268,n,-2.881512,6.230093,5.067079,1.213483,OverRange,OverRange,OverRange,10.505992,13.385128,-3.557589
2026/05/29 02:59:00.270,n,-2.808252,3.820717,4.601878,1.09725,OverRange,OverRange,OverRange,10.480586,13.384054,-3.57124
2026/05/29 03:00:00.270,n,-2.854954,3.728174,4.857232,1.111158,OverRange,OverRange,OverRange,10.492772,13.382962,-3.602298
2026/05/29 03:01:00.271,n,-2.910636,3.757201,5.123138,1.040157,OverRange,OverRange,OverRange,10.497086,13.382962,-3.561428
2026/05/29 03:02:00.257,n,-2.895882,6.282793,4.973048,1.324827,OverRange,OverRange,OverRange,10.469128,13.37757,-3.567486
2026/05/29 03:03:00.261,n,-2.890236,4.936965,5.534771,0.990428,OverRange,OverRange,OverRange,10.477524,13.366774,-3.686169
2026/05/29 03:04:00.261,n,-2.910636,5.71427,5.105443,0.931855,OverRange,OverRange,OverRange,10.470408,13.365714,-3.608185
2026/05/29 03:05:00.265,n,-2.960545,3.82901,5.241667,1.09631,OverRange,OverRange,OverRange,10.436636,13.36034,-3.762106
2026/05/29 03:06:00.266,n,-3.065624,3.85132,5.053489,0.985461,OverRange,OverRange,OverRange,10.445782,13.35599,-3.773795
2026/05/29 03:07:00.267,n,-3.080507,5.702469,5.244333,1.093657,OverRange,OverRange,OverRange,10.41096,13.354918,-3.631563
2026/05/29 03:08:00.269,n,-3.018922,4.04483,4.890656,1.110377,OverRange,OverRange,OverRange,10.409688,13.34521,-3.69965
2026/05/29 03:09:00.271,n,-3.077428,4.257198,5.45282,0.587428,OverRange,OverRange,OverRange,10.427714,13.333354,-3.664668
2026/05/29 03:10:00.261,n,-3.080378,6.013477,4.784967,1.068526,OverRange,OverRange,OverRange,10.42596,13.331186,-3.623798
2026/05/29 03:11:00.261,n,-3.024567,3.9639,4.760963,0.966973,OverRange,OverRange,OverRange,10.40334,13.325796,-3.725076
2026/05/29 03:12:00.263,n,-3.057156,5.439047,4.865237,1.217654,OverRange,OverRange,OverRange,10.390382,13.32254,-3.664583
2026/05/29 03:13:00.264,n,-3.013277,4.62897,5.015439,0.954656,OverRange,OverRange,OverRange,10.375128,13.316074,-3.707414
2026/05/29 03:14:00.265,n,-3.068831,5.537485,5.296985,0.913672,OverRange,OverRange,OverRange,10.374364,13.305292,-3.713387
2026/05/29 03:15:00.268,n,-3.039579,3.639354,4.715877,1.330094,OverRange,OverRange,OverRange,10.366726,13.307442,-3.65878
2026/05/29 03:16:00.273,n,-3.106937,5.945891,5.231487,1.060793,OverRange,OverRange,OverRange,10.388092,13.293436,-3.567145
2026/05/29 03:17:00.274,n,-3.130159,5.583876,4.480415,1.003392,OverRange,OverRange,OverRange,10.374878,13.288014,-3.57124
2026/05/29 03:18:00.274,n,-3.057284,5.366793,4.810478,1.003693,OverRange,OverRange,OverRange,10.375382,13.281548,-3.686255
2026/05/29 03:19:00.259,n,-2.986719,3.649785,4.590443,1.117439,OverRange,OverRange,OverRange,10.36902,13.27399,-3.668422
2026/05/29 03:20:00.261,n,-2.998394,4.409116,5.048678,1.189466,OverRange,OverRange,OverRange,10.370042,13.27399,-3.687876
2026/05/29 03:21:00.263,n,-3.027903,5.90524,4.915869,1.002696,OverRange,OverRange,OverRange,10.377406,13.261058,-3.608185
2026/05/29 03:22:00.266,n,-2.978123,3.891549,4.711153,0.963966,OverRange,OverRange,OverRange,10.352514,13.262134,-3.629601
2026/05/29 03:23:00.266,n,-2.960289,6.080077,5.262267,1.299618,OverRange,OverRange,OverRange,10.360124,13.25456,-3.6453
2026/05/29 03:24:00.269,n,-2.928342,3.803716,4.593155,1.060385,OverRange,OverRange,OverRange,10.331152,13.248064,-3.598629
2026/05/29 03:25:00.272,n,-2.942968,3.774837,5.071053,1.133561,OverRange,OverRange,OverRange,10.329128,13.238388,-3.569363
2026/05/29 03:26:00.274,n,-2.87561,3.654104,4.600759,1.11512,OverRange,OverRange,OverRange,10.364186,13.237282,-3.440612
2026/05/29 03:27:00.276,n,-2.863807,3.900477,4.901787,1.278282,OverRange,OverRange,OverRange,10.366232,13.237282,-3.440698
2026/05/29 03:28:00.260,n,-2.87561,5.434485,5.503012,1.138192,OverRange,OverRange,OverRange,10.37792,13.230816,-3.57124
2026/05/29 03:29:00.262,n,-2.86958,6.203324,5.126791,1.139083,OverRange,OverRange,OverRange,10.34488,13.226468,-3.582759
2026/05/29 03:30:00.267,n,-2.831731,4.708459,4.907944,1.074898,OverRange,OverRange,OverRange,10.353268,13.21896,-3.506822
2026/05/29 03:31:00.266,n,-2.816977,5.821652,4.841866,0.998236,OverRange,OverRange,OverRange,10.38123,13.215718,-3.526446
2026/05/29 03:32:00.269,n,-2.784773,3.741747,4.249077,0.855124,OverRange,OverRange,OverRange,10.34641,13.222186,-3.598458
2026/05/29 03:33:00.270,n,-2.825829,3.549469,4.914785,1.255501,OverRange,OverRange,OverRange,10.366222,13.215718,-3.532333
2026/05/29 03:34:00.273,n,-2.857905,5.745022,5.225379,1.076262,OverRange,OverRange,OverRange,10.400792,13.22111,-3.473888
2026/05/29 03:35:00.277,n,-2.822878,3.804133,4.415612,1.199155,OverRange,OverRange,OverRange,10.38352,13.21137,-3.536088
2026/05/29 03:36:00.277,n,-2.837633,4.544363,4.863644,0.96035,OverRange,OverRange,OverRange,10.377406,13.21137,-3.450509
2026/05/29 03:37:00.265,n,-2.834554,3.791679,4.829262,1.217165,OverRange,OverRange,OverRange,10.37207,13.20598,-3.44266
2026/05/29 03:38:00.263,n,-2.901912,4.03958,4.81521,1.057524,OverRange,OverRange,OverRange,10.385046,13.204906,-3.471755
2026/05/29 03:39:00.266,n,-2.843407,3.829148,4.946407,0.964246,OverRange,OverRange,OverRange,10.37613,13.20598,-3.514757
2026/05/29 03:40:00.269,n,-2.907942,5.838726,5.228169,1.137218,OverRange,OverRange,OverRange,10.3835,13.203798,-3.502983
2026/05/29 03:41:00.271,n,-2.904863,5.498071,4.376639,1.040274,OverRange,OverRange,OverRange,10.402318,13.199532,-3.54991
2026/05/29 03:42:00.272,n,-2.881384,5.468722,5.123379,0.983179,OverRange,OverRange,OverRange,10.399526,13.197366,-3.520474
2026/05/29 03:43:00.275,n,-2.904863,6.335935,4.926638,1.243722,OverRange,OverRange,OverRange,10.3741,13.199532,-3.57508
2026/05/29 03:44:00.276,n,-2.863935,3.759734,4.799429,1.152466,OverRange,OverRange,OverRange,10.38936,13.198408,-3.545814
2026/05/29 03:45:00.279,n,-2.931165,3.715797,4.855976,1.056442,OverRange,OverRange,OverRange,10.419606,13.19305,-3.524484
2026/05/29 03:46:00.264,n,-2.913587,3.885284,4.875844,1.145896,OverRange,OverRange,OverRange,10.419602,13.191942,-3.569192
2026/05/29 03:47:00.265,n,-2.916538,6.237527,5.079167,1.25428,OverRange,OverRange,OverRange,10.432832,13.18976,-3.652979
2026/05/29 03:48:00.267,n,-2.869708,3.746058,4.853717,1.458525,OverRange,OverRange,OverRange,10.41477,13.19305,-3.66663
2026/05/29 03:49:00.269,n,-2.951693,3.833153,4.87586,1.164225,OverRange,OverRange,OverRange,10.439668,13.194122,-3.598458
2026/05/29 03:50:00.271,n,-2.937323,5.955544,5.091266,1.143005,OverRange,OverRange,OverRange,10.45009,13.190868,-3.631563
2026/05/29 03:51:00.273,n,-2.92847,3.926424,4.440066,1.126033,OverRange,OverRange,OverRange,10.434326,13.197366,-3.668678
2026/05/29 03:52:00.275,n,-2.893316,5.765239,5.1887,0.96416,OverRange,OverRange,OverRange,10.432562,13.194122,-3.594448
2026/05/29 03:53:00.278,n,-2.90204,3.75439,4.805439,1.030769,OverRange,OverRange,OverRange,10.39647,13.19305,-3.668678
2026/05/29 03:54:00.278,n,-2.939889,3.68048,4.697717,1.100022,OverRange,OverRange,OverRange,10.42061,13.191942,-3.602383
2026/05/29 03:55:00.265,n,-2.936938,5.02479,4.925651,0.994794,OverRange,OverRange,OverRange,10.433844,13.194122,-3.57508
2026/05/29 03:56:00.267,n,-2.896138,4.306919,4.910666,1.076801,OverRange,OverRange,OverRange,10.433824,13.195184,-3.598543
2026/05/29 03:57:00.268,n,-2.945791,5.777331,5.19182,0.906385,OverRange,OverRange,OverRange,10.469406,13.19305,-3.553749
2026/05/29 03:58:00.270,n,-2.957594,5.701302,5.700678,0.035801,OverRange,OverRange,OverRange,10.447804,13.194122,-3.711254
2026/05/29 03:59:00.276,n,-2.937066,5.70525,5.123734,0.964863,OverRange,OverRange,OverRange,10.442734,13.199532,-3.660828
2026/05/29 04:00:00.275,n,-2.925263,3.679467,4.844372,0.916831,OverRange,OverRange,OverRange,10.44603,13.200574,-3.678405
2026/05/29 04:01:00.275,n,-2.928342,5.908256,5.436737,0.87954,OverRange,OverRange,OverRange,10.469386,13.198408,-3.670555
2026/05/29 04:02:00.280,n,-2.963496,4.127808,4.839737,1.017146,OverRange,OverRange,OverRange,10.476004,13.199532,-3.651102
2026/05/29 04:03:00.279,n,-2.960417,5.67342,5.325039,0.878965,OverRange,OverRange,OverRange,10.4628,13.202756,-3.666545
2026/05/29 04:04:00.265,n,-2.896138,3.861165,5.26458,1.070774,OverRange,OverRange,OverRange,10.46456,13.209222,-3.826438
2026/05/29 04:05:00.267,n,-2.916666,5.75425,5.520649,0.863864,OverRange,OverRange,OverRange,10.486436,13.21137,-3.608099
2026/05/29 04:06:00.271,n,-2.875482,5.787314,5.919786,0.24556,OverRange,OverRange,OverRange,10.496858,13.209222,-3.76603
2026/05/29 04:07:00.272,n,-2.896138,5.607389,5.832584,0.213826,OverRange,OverRange,OverRange,10.502676,13.213538,-3.717226
2026/05/29 04:08:00.274,n,-2.919618,5.996449,5.0357,0.965481,OverRange,OverRange,OverRange,10.505214,13.210328,-3.672518
2026/05/29 04:09:00.276,n,-2.901912,5.680335,5.432722,0.817514,OverRange,OverRange,OverRange,10.516398,13.215718,-3.668507
2026/05/29 04:10:00.276,n,-2.913715,4.05314,5.023762,0.987048,OverRange,OverRange,OverRange,10.509034,13.216794,-3.767908
2026/05/29 04:11:00.279,n,-2.977994,5.851623,4.951882,1.017149,OverRange,OverRange,OverRange,10.526566,13.21896,-3.608014
2026/05/29 04:12:00.283,n,-2.916666,4.7403,4.539115,0.886391,OverRange,OverRange,OverRange,10.52122,13.22111,-3.689923
2026/05/29 04:13:00.267,n,-2.972221,3.462276,4.574705,1.146311,OverRange,OverRange,OverRange,10.528326,13.21896,-3.652979
2026/05/29 04:14:00.270,n,-2.983768,4.043194,4.254924,0.897544,OverRange,OverRange,OverRange,10.52504,13.227574,-3.647006
2026/05/29 04:15:00.270,n,-2.890236,3.952512,4.935048,1.076248,OverRange,OverRange,OverRange,10.536464,13.227574,-3.676272
2026/05/29 04:16:00.272,n,-2.913715,4.685215,4.875962,0.844871,OverRange,OverRange,OverRange,10.536474,13.232966,-3.608099
2026/05/29 04:17:00.274,n,-2.910893,3.803222,4.801682,1.146842,OverRange,OverRange,OverRange,10.532674,13.230816,-3.703489
2026/05/29 04:18:00.276,n,-2.957594,3.595821,4.563321,1.129807,OverRange,OverRange,OverRange,10.525284,13.235132,-3.680282
2026/05/29 04:19:00.278,n,-2.92244,6.030632,5.306888,1.001788,OverRange,OverRange,OverRange,10.51262,13.24702,-3.688131
2026/05/29 04:20:00.281,n,-2.942968,3.74345,4.781846,1.246557,OverRange,OverRange,OverRange,10.524272,13.244854,-3.637365
2026/05/29 04:21:00.282,n,-2.901912,5.717163,4.969834,1.229461,OverRange,OverRange,OverRange,10.550182,13.24702,-3.536173
2026/05/29 04:22:00.269,n,-2.893316,6.233541,5.151329,1.132408,OverRange,OverRange,OverRange,10.541302,13.248064,-3.588646
2026/05/29 04:23:00.270,n,-2.890237,6.007538,5.911408,0.218254,OverRange,OverRange,OverRange,10.564672,13.25132,-3.690009
2026/05/29 04:24:00.272,n,-2.934115,4.179258,4.496615,0.446209,OverRange,OverRange,OverRange,10.551712,13.259952,-3.563305
2026/05/29 04:25:00.275,n,-2.910636,5.923949,5.237269,1.121784,OverRange,OverRange,OverRange,10.573548,13.259952,-3.590779
2026/05/29 04:26:00.276,n,-2.878561,3.761536,4.84408,1.03983,OverRange,OverRange,OverRange,10.54892,13.268584,-3.64129
2026/05/29 04:27:00.279,n,-2.94284,3.868043,4.644171,1.034205,OverRange,OverRange,OverRange,10.547654,13.268584,-3.540012
2026/05/29 04:28:00.280,n,-2.925519,5.942892,5.254646,1.058578,OverRange,OverRange,OverRange,10.560852,13.27399,-3.576957
2026/05/29 04:29:00.280,n,-2.899089,5.883897,4.964876,1.160928,OverRange,OverRange,OverRange,10.557298,13.276156,-3.619874
2026/05/29 04:30:00.284,n,-2.887285,3.949662,4.643572,0.942255,OverRange,OverRange,OverRange,10.561366,13.283664,-3.571069
2026/05/29 04:31:00.269,n,-2.904991,3.824103,4.975963,1.119706,OverRange,OverRange,OverRange,10.588786,13.283664,-3.555541
2026/05/29 04:32:00.272,n,-2.869708,5.754896,5.235974,1.018159,OverRange,OverRange,OverRange,10.599208,13.285846,-3.503153
2026/05/29 04:33:00.272,n,-2.837505,4.003782,5.097131,1.001726,OverRange,OverRange,OverRange,10.558558,13.285846,-3.658866
2026/05/29 04:34:00.275,n,-2.945662,6.118006,4.336336,0.881227,OverRange,OverRange,OverRange,10.53418,13.290194,-3.520559
2026/05/29 04:35:00.261,n,-2.890236,4.169909,4.024653,0.167823,OverRange,OverRange,OverRange,10.492254,13.291268,-3.461943
2026/05/29 04:36:00.262,n,-2.87561,3.918677,4.424023,0.691635,OverRange,OverRange,OverRange,10.512834,13.290194,-3.489416
2026/05/29 04:37:00.267,n,-2.966319,5.384854,5.450646,0.689085,OverRange,OverRange,OverRange,10.510296,13.290194,-3.604431
2026/05/29 04:38:00.283,n,-2.986719,5.869262,4.847746,0.906979,OverRange,OverRange,OverRange,10.423676,13.291268,-3.522521
2026/05/29 04:39:00.284,n,-2.963368,6.171995,5.130628,1.079175,OverRange,OverRange,OverRange,10.431554,13.291268,-3.569107
2026/05/29 04:40:00.270,n,-3.013149,5.719491,4.725568,1.068799,OverRange,OverRange,OverRange,10.444012,13.289088,-3.534295
2026/05/29 04:41:00.273,n,-2.969398,3.768398,4.567652,0.988655,OverRange,OverRange,OverRange,10.406134,13.284772,-3.637365
2026/05/29 04:42:00.259,n,-3.048175,3.962163,4.802006,0.956515,OverRange,OverRange,OverRange,10.412492,13.281548,-3.507078
2026/05/29 04:43:00.260,n,-2.98967,3.766736,4.779051,1.080048,OverRange,OverRange,OverRange,10.460766,13.28259,-3.573117
2026/05/29 04:44:00.263,n,-2.96619,4.208218,4.855124,0.986824,OverRange,OverRange,OverRange,10.410722,13.283664,-3.487454
2026/05/29 04:45:00.263,n,-2.901912,4.142017,4.562519,1.154568,OverRange,OverRange,OverRange,10.400544,13.275048,-3.47568
2026/05/29 04:46:00.267,n,-2.975043,3.886173,5.144961,1.080212,OverRange,OverRange,OverRange,10.417578,13.27399,-3.514671
2026/05/29 04:47:00.268,n,-2.893316,3.798189,5.010506,1.314355,OverRange,OverRange,OverRange,10.413762,13.270766,-3.516634
2026/05/29 04:48:00.272,n,-2.945791,5.848618,5.345503,0.785691,OverRange,OverRange,OverRange,10.40334,13.265342,-3.539927
2026/05/29 04:49:00.274,n,-2.866886,6.327051,4.983744,0.991269,OverRange,OverRange,OverRange,10.359874,13.259952,-3.592571
2026/05/29 04:50:00.260,n,-2.893316,5.590866,5.717934,0.491281,OverRange,OverRange,OverRange,10.362168,13.252412,-3.547777
2026/05/29 04:51:00.259,n,-2.951564,3.854141,4.44747,0.837903,OverRange,OverRange,OverRange,10.334966,13.248064,-3.561428
2026/05/29 04:52:00.262,n,-2.861112,6.277187,4.989237,0.953005,OverRange,OverRange,OverRange,10.338014,13.243746,-3.40563
2026/05/29 04:53:00.262,n,-2.901912,4.458536,5.060937,1.013814,OverRange,OverRange,OverRange,10.323014,13.238388,-3.520474
2026/05/29 04:54:00.266,n,-2.925134,6.221165,5.062276,0.951001,OverRange,OverRange,OverRange,10.329122,13.242672,-3.454179
2026/05/29 04:55:00.267,n,-2.828524,6.211736,5.726118,0.883576,OverRange,OverRange,OverRange,10.318446,13.238388,-3.469877
2026/05/29 04:56:00.269,n,-2.860855,5.351681,4.869402,0.810838,OverRange,OverRange,OverRange,10.295304,13.226468,-3.436772
2026/05/29 04:57:00.270,n,-2.884334,5.67234,4.46769,0.947926,OverRange,OverRange,OverRange,10.279556,13.21896,-3.362798
2026/05/29 04:58:00.273,n,-2.881512,6.329732,5.40965,1.229202,OverRange,OverRange,OverRange,10.300644,13.215718,-3.501106
2026/05/29 04:59:00.258,n,-2.861112,6.142799,5.512041,0.894137,OverRange,OverRange,OverRange,10.277014,13.204906,-3.512795
2026/05/29 05:00:00.260,n,-2.849052,4.770893,5.059664,0.87976,OverRange,OverRange,OverRange,10.27499,13.203798,-3.43865
2026/05/29 05:01:00.262,n,-2.910636,5.907643,4.942978,1.180669,OverRange,OverRange,OverRange,10.318188,13.20598,-3.448462
2026/05/29 05:02:00.264,n,-2.898961,4.049463,4.651881,0.830589,OverRange,OverRange,OverRange,10.277268,13.20168,-3.524484
2026/05/29 05:03:00.268,n,-2.916666,4.028003,4.584568,0.778517,OverRange,OverRange,OverRange,10.266088,13.197366,-3.430885
2026/05/29 05:04:00.269,n,-2.919361,4.02542,4.916813,1.115178,OverRange,OverRange,OverRange,10.240652,13.199532,-3.557418
2026/05/29 05:05:00.270,n,-2.925519,3.879124,5.094354,1.073217,OverRange,OverRange,OverRange,10.27118,13.1887,-3.450509
2026/05/29 05:06:00.271,n,-2.92244,3.278435,4.871014,1.231607,OverRange,OverRange,OverRange,10.271174,13.18976,-3.563476
2026/05/29 05:07:00.258,n,-2.957723,5.957299,4.819439,0.958585,OverRange,OverRange,OverRange,10.275234,13.183294,-3.469792
2026/05/29 05:08:00.260,n,-2.910765,4.078177,4.664371,0.835609,OverRange,OverRange,OverRange,10.254654,13.187626,-3.53421
2026/05/29 05:09:00.261,n,-2.893315,3.794981,5.038858,1.02924,OverRange,OverRange,OverRange,10.280324,13.18437,-3.528323
2026/05/29 05:10:00.265,n,-2.928085,5.863358,5.03232,1.037458,OverRange,OverRange,OverRange,10.280834,13.17898,-3.518597
2026/05/29 05:11:00.265,n,-2.916538,5.609666,5.060757,1.154848,OverRange,OverRange,OverRange,10.268382,13.175738,-3.582844
2026/05/29 05:12:00.270,n,-2.933987,6.452412,4.845407,1.172828,OverRange,OverRange,OverRange,10.255666,13.168198,-3.534381
2026/05/29 05:13:00.269,n,-2.960417,6.180455,4.879146,1.189239,OverRange,OverRange,OverRange,10.264822,13.167092,-3.512795
2026/05/29 05:14:00.271,n,-2.963496,5.932502,4.868186,1.152088,OverRange,OverRange,OverRange,10.254396,13.16603,-3.551787
2026/05/29 05:15:00.273,n,-2.995571,3.707626,4.791598,1.20768,OverRange,OverRange,OverRange,10.27828,13.160626,-3.60426
2026/05/29 05:16:00.261,n,-2.957723,4.686095,4.78083,0.651864,OverRange,OverRange,OverRange,10.242706,13.154142,-3.532248
2026/05/29 05:17:00.261,n,-2.966447,5.936026,4.918885,0.905999,OverRange,OverRange,OverRange,10.229234,13.15307,-3.510747
2026/05/29 05:18:00.265,n,-2.945791,4.029103,4.987403,1.028677,OverRange,OverRange,OverRange,10.214234,13.149812,-3.649054
2026/05/29 05:19:00.265,n,-2.92847,3.996863,4.88157,1.044622,OverRange,OverRange,OverRange,10.195908,13.151994,-3.557503
2026/05/29 05:20:00.267,n,-2.890108,6.46036,6.064564,0.318042,OverRange,OverRange,OverRange,10.197958,13.144422,-3.565353
2026/05/29 05:21:00.268,n,-2.945791,5.59628,4.489472,0.867837,OverRange,OverRange,OverRange,10.164358,13.14336,-3.473888
2026/05/29 05:22:00.270,n,-2.954515,5.974385,5.231942,1.041745,OverRange,OverRange,OverRange,10.19922,13.137988,-3.588817
2026/05/29 05:23:00.272,n,-2.904863,3.872705,4.856888,1.113417,OverRange,OverRange,OverRange,10.205832,13.13364,-3.658866
2026/05/29 05:24:00.275,n,-2.983511,4.055556,5.015574,1.052008,OverRange,OverRange,OverRange,10.188294,13.126084,-3.61612
2026/05/29 05:25:00.260,n,-2.948742,5.683943,5.202984,1.075096,OverRange,OverRange,OverRange,10.194408,13.126084,-3.537965
2026/05/29 05:26:00.262,n,-2.937195,6.050265,4.741106,0.993643,OverRange,OverRange,OverRange,10.153168,13.121784,-3.540183
2026/05/29 05:27:00.264,n,-2.948742,6.114225,5.136187,0.918246,OverRange,OverRange,OverRange,10.169714,13.119618,-3.594619
2026/05/29 05:28:00.266,n,-3.101035,6.040836,4.713236,0.944848,OverRange,OverRange,OverRange,10.199474,13.113088,-3.711424
2026/05/29 05:29:00.267,n,-2.998394,3.723618,4.654553,0.939982,OverRange,OverRange,OverRange,10.192608,13.107698,-3.83608
2026/05/29 05:30:00.271,n,-2.942712,3.812758,4.944068,1.072797,OverRange,OverRange,OverRange,10.21576,13.106622,-3.652893
2026/05/29 05:31:00.272,n,-3.033677,3.721539,4.328333,0.860793,OverRange,OverRange,OverRange,10.184204,13.108806,-3.610062
2026/05/29 05:32:00.273,n,-2.98967,5.822065,5.199494,1.132251,OverRange,OverRange,OverRange,10.18802,13.10019,-3.63728
2026/05/29 05:33:00.276,n,-2.966447,6.041794,5.210233,1.03469,OverRange,OverRange,OverRange,10.157252,13.098008,-3.649054
2026/05/29 05:34:00.262,n,-2.919361,4.028578,5.041343,1.417158,OverRange,OverRange,OverRange,10.161306,13.094768,-3.723028
2026/05/29 05:35:00.264,n,-2.975043,3.794282,4.761738,1.111596,OverRange,OverRange,OverRange,10.142228,13.0926,-3.51672
2026/05/29 05:36:00.268,n,-2.948742,3.944337,4.10175,0.089606,OverRange,OverRange,OverRange,10.129512,13.0926,-3.47184
2026/05/29 05:37:00.269,n,-2.969013,3.919363,3.879769,0.144241,OverRange,OverRange,OverRange,10.13918,13.087178,-3.388139
2026/05/29 05:38:00.270,n,-2.995443,5.9403,4.758121,1.074047,OverRange,OverRange,OverRange,10.16183,13.083954,-3.468086
2026/05/29 05:39:00.272,n,-2.913844,3.6817,4.419707,0.756099,OverRange,OverRange,OverRange,10.151642,13.079638,-3.592571
2026/05/29 05:40:00.275,n,-2.951693,4.192521,4.955516,1.125035,OverRange,OverRange,OverRange,10.123678,13.07749,-3.524655
2026/05/29 05:41:00.277,n,-2.954515,5.889041,5.080797,0.92209,OverRange,OverRange,OverRange,10.14095,13.073174,-3.516634
2026/05/29 05:42:00.278,n,-2.954772,5.956713,4.751139,1.032859,OverRange,OverRange,OverRange,10.091614,13.076382,-3.530286
2026/05/29 05:43:00.264,n,-2.931293,3.881582,5.132079,0.984928,OverRange,OverRange,OverRange,10.079402,13.072066,-3.561428
2026/05/29 05:44:00.267,n,-2.954772,4.378313,4.505614,0.79277,OverRange,OverRange,OverRange,10.069224,13.061252,-3.516549
2026/05/29 05:45:00.269,n,-2.975043,5.682639,5.071825,1.193374,OverRange,OverRange,OverRange,10.0822,13.058044,-3.425169
2026/05/29 05:46:00.270,n,-2.974915,5.931817,4.208746,0.868304,OverRange,OverRange,OverRange,10.080934,13.052652,-3.444452
2026/05/29 05:47:00.272,n,-2.957466,5.853767,5.204763,0.846467,OverRange,OverRange,OverRange,10.085002,13.04723,-3.483615
2026/05/29 05:48:00.274,n,-2.910893,3.958174,4.155728,0.739044,OverRange,OverRange,OverRange,10.056768,13.04505,-3.401876
2026/05/29 05:49:00.276,n,-2.887286,5.919888,5.368254,1.030745,OverRange,OverRange,OverRange,10.063136,13.040732,-3.458359
2026/05/29 05:50:00.278,n,-2.928599,6.071996,4.827643,1.256846,OverRange,OverRange,OverRange,10.062878,13.03316,-3.502983
2026/05/29 05:51:00.279,n,-2.96927,6.049424,4.730299,0.967275,OverRange,OverRange,OverRange,10.061346,13.029952,-3.569278
2026/05/29 05:52:00.266,n,-2.960289,3.762091,4.582369,1.198462,OverRange,OverRange,OverRange,10.051686,13.026664,-3.660828
2026/05/29 05:53:00.268,n,-3.080507,5.508552,4.573558,0.850633,OverRange,OverRange,OverRange,10.052694,13.023456,-3.477813
2026/05/29 05:54:00.270,n,-3.065881,5.892656,4.698403,1.213404,OverRange,OverRange,OverRange,10.037944,13.019108,-3.499229
2026/05/29 05:55:00.272,n,-3.045481,4.02868,4.045011,0.088112,OverRange,OverRange,OverRange,10.03742,13.016992,-3.53805
2026/05/29 05:56:00.278,n,-3.124386,4.116657,4.666539,0.870361,OverRange,OverRange,OverRange,10.03566,13.002934,-3.555541
2026/05/29 05:57:00.278,n,-3.179812,3.800354,4.834155,0.964641,OverRange,OverRange,OverRange,10.034124,13.00507,-3.582673
2026/05/29 05:58:00.278,n,-3.434746,3.7311,4.582511,1.046982,OverRange,OverRange,OverRange,10.028524,12.992138,-3.725076
2026/05/29 05:59:00.281,n,-3.62476,4.190179,4.922144,0.975598,OverRange,OverRange,OverRange,9.990088,13.017852,-3.896488
2026/05/29 06:00:00.282,n,-3.376882,3.863721,5.077962,0.979796,OverRange,OverRange,OverRange,10.012146,13.011324,-3.719786
2026/05/29 06:01:00.267,n,-3.564201,5.802844,5.212649,0.908671,OverRange,OverRange,OverRange,10.009338,12.99836,-3.751014
2026/05/29 06:02:00.269,n,-3.499794,5.640936,5.162474,1.047232,OverRange,OverRange,OverRange,9.994838,12.989728,-3.951692
2026/05/29 06:03:00.273,n,-3.423584,3.791962,4.778185,1.009528,OverRange,OverRange,OverRange,9.931712,12.98219,-3.945719
2026/05/29 06:04:00.272,n,-3.309524,5.939603,5.200484,1.127758,OverRange,OverRange,OverRange,9.965048,12.974618,-3.789835
2026/05/29 06:05:00.275,n,-3.309524,4.06924,4.360839,1.053886,OverRange,OverRange,OverRange,9.937836,12.958364,-3.780194
2026/05/29 06:06:00.278,n,-3.274241,5.731937,5.040663,1.077383,OverRange,OverRange,OverRange,9.959722,12.9519,-3.737362
2026/05/29 06:07:00.280,n,-3.168778,5.712052,4.550707,1.00623,OverRange,OverRange,OverRange,9.920014,12.94117,-3.774392
2026/05/29 06:08:00.281,n,-3.084227,5.593485,5.10265,0.767343,OverRange,OverRange,OverRange,9.917206,12.93796,-3.731561
2026/05/29 06:09:00.284,n,-2.975813,4.143965,4.545296,1.065781,OverRange,OverRange,OverRange,9.883596,12.921838,-3.721663
2026/05/29 06:10:00.269,n,-2.975685,5.456227,4.817168,0.822224,OverRange,OverRange,OverRange,9.909308,12.91324,-3.532845
2026/05/29 06:11:00.271,n,-2.928984,4.188956,5.094278,1.172432,OverRange,OverRange,OverRange,9.933254,12.907866,-3.637962
2026/05/29 06:12:00.273,n,-3.013919,3.983873,3.889346,0.157408,OverRange,OverRange,OverRange,9.92332,12.9057,-3.544364
2026/05/29 06:13:00.274,n,-3.043171,6.146823,5.116991,1.191673,OverRange,OverRange,OverRange,9.95107,12.891794,-3.54061
2026/05/29 06:14:00.278,n,-2.882025,4.176324,5.000898,1.031182,OverRange,OverRange,OverRange,9.90856,12.88852,-3.75673
2026/05/29 06:15:00.281,n,-2.999292,6.338425,5.40572,1.154063,OverRange,OverRange,OverRange,9.93095,12.88748,-3.63216
2026/05/29 06:16:00.283,n,-3.019564,4.109731,4.150502,0.117363,OverRange,OverRange,OverRange,9.880296,12.873508,-3.59112
2026/05/29 06:17:00.282,n,-3.215864,4.688856,4.729657,0.930003,OverRange,OverRange,OverRange,9.916962,12.872432,-3.657501
2026/05/29 06:18:00.267,n,-3.353403,3.896195,5.099083,0.861087,OverRange,OverRange,OverRange,9.900646,12.871326,-3.869782
2026/05/29 06:19:00.270,n,-3.58165,6.33772,4.549079,1.253935,OverRange,OverRange,OverRange,9.901174,12.857368,-3.920634
2026/05/29 06:20:00.274,n,-3.760502,3.916809,4.682726,1.205402,OverRange,OverRange,OverRange,9.86172,12.843396,-4.241872
2026/05/29 06:21:00.259,n,-4.003248,5.750776,5.178463,1.129608,OverRange,OverRange,OverRange,9.833202,12.833742,-4.232146
2026/05/29 06:22:00.259,n,-4.097036,5.93925,5.438505,0.948648,OverRange,OverRange,OverRange,9.807734,12.821952,-4.464136
2026/05/29 06:23:00.261,n,-4.211223,3.749406,5.212079,1.128014,OverRange,OverRange,OverRange,9.761912,12.809022,-4.491439
2026/05/29 06:24:00.263,n,-4.386867,4.101051,4.55394,1.104023,OverRange,OverRange,OverRange,9.726512,12.791842,-4.557648
2026/05/29 06:25:00.265,n,-4.510037,3.674144,5.098735,1.312612,OverRange,OverRange,OverRange,9.735936,12.782154,-4.623944
2026/05/29 06:26:00.267,n,-4.553787,3.92819,4.514338,0.990493,OverRange,OverRange,OverRange,9.714524,12.76066,-4.697833
2026/05/29 06:27:00.270,n,-4.562512,4.071005,4.816642,1.212572,OverRange,OverRange,OverRange,9.699504,12.744572,-4.855679
2026/05/29 06:28:00.271,n,-4.776518,5.689945,4.863919,1.047778,OverRange,OverRange,OverRange,9.721664,12.731674,-4.953287
2026/05/29 06:29:00.257,n,-4.694533,4.002712,4.336602,0.853979,OverRange,OverRange,OverRange,9.694408,12.708032,-5.210533
2026/05/29 06:30:00.259,n,-4.700179,3.460152,4.585563,0.923407,OverRange,OverRange,OverRange,9.69312,12.692986,-5.046715
2026/05/29 06:31:00.263,n,-4.726609,4.270082,5.349705,0.60832,OverRange,OverRange,OverRange,9.68831,12.67685,-5.163862
2026/05/29 06:32:00.265,n,-4.717884,4.034813,5.147612,1.035423,OverRange,OverRange,OverRange,9.670466,12.656414,-5.159766
2026/05/29 06:33:00.265,n,-4.723401,5.811456,5.886334,0.376385,OverRange,OverRange,OverRange,9.643458,12.637036,-5.11702
2026/05/29 06:34:00.268,n,-4.831944,4.222065,4.875975,1.089947,OverRange,OverRange,OverRange,9.586056,12.620916,-5.103198
2026/05/29 06:35:00.271,n,-4.920343,3.891169,4.87267,1.228489,OverRange,OverRange,OverRange,9.570842,12.599422,-4.955335
2026/05/29 06:36:00.271,n,-5.069429,3.864638,4.584523,1.066192,OverRange,OverRange,OverRange,9.534104,12.575764,-5.007723
2026/05/29 06:37:00.256,n,-5.078025,3.829994,4.745836,1.071639,OverRange,OverRange,OverRange,9.480896,12.55748,-5.01361
2026/05/29 06:38:00.260,n,-5.151028,3.708932,4.789123,1.125031,OverRange,OverRange,OverRange,9.446194,12.541374,-5.033064
2026/05/29 06:39:00.260,n,-5.195292,4.630826,5.256655,0.935698,OverRange,OverRange,OverRange,9.41425,12.517634,-5.099188
2026/05/29 06:40:00.262,n,-5.153979,3.792422,4.898711,0.819056,OverRange,OverRange,OverRange,9.40236,12.499414,-5.066254
2026/05/29 06:41:00.263,n,-5.051723,3.929867,4.919979,1.35388,OverRange,OverRange,OverRange,9.3927,12.476814,-5.095348
2026/05/29 06:42:00.266,n,-4.917136,3.627325,4.518901,1.161954,OverRange,OverRange,OverRange,9.38562,12.481488,-4.98443
2026/05/29 06:43:00.267,n,-4.40406,3.944141,5.120056,0.991538,OverRange,OverRange,OverRange,9.435928,12.465352,-4.604064
2026/05/29 06:44:00.269,n,-4.284098,4.002982,4.058536,0.041799,OverRange,OverRange,OverRange,9.416418,12.444918,-4.33129
2026/05/29 06:45:00.271,n,-4.131677,4.015685,4.899039,1.292101,OverRange,OverRange,OverRange,9.41034,12.436322,-4.282656
2026/05/29 06:46:00.258,n,-4.093571,5.681345,5.113126,0.838234,OverRange,OverRange,OverRange,9.406266,12.416928,-4.169604
2026/05/29 06:47:00.259,n,-3.96758,5.632898,5.641689,0.063541,OverRange,OverRange,OverRange,9.436194,12.407256,-4.395622
2026/05/29 06:48:00.260,n,-3.792193,6.040904,5.168549,0.894337,OverRange,OverRange,OverRange,9.467378,12.387866,-4.366357
2026/05/29 06:49:00.263,n,-3.654526,4.267411,5.044279,1.094641,OverRange,OverRange,OverRange,9.470668,12.376044,-4.270966
2026/05/29 06:50:00.264,n,-3.516858,3.81443,4.904639,1.235161,OverRange,OverRange,OverRange,9.493206,12.367398,-4.267127
2026/05/29 06:51:00.267,n,-3.511085,3.946821,4.576997,1.080489,OverRange,OverRange,OverRange,9.497264,12.367398,-4.078139
2026/05/29 06:52:00.270,n,-3.437569,5.446496,4.905421,1.102251,OverRange,OverRange,OverRange,9.528682,12.35237,-4.070289
2026/05/29 06:53:00.270,n,-3.464127,4.377796,4.274497,0.648141,OverRange,OverRange,OverRange,9.52918,12.348022,-4.058685
2026/05/29 06:54:00.272,n,-3.361743,4.088701,4.924591,1.093569,OverRange,OverRange,OverRange,9.58164,12.342652,-4.181208
2026/05/29 06:55:00.259,n,-3.384965,4.000188,4.680029,1.081642,OverRange,OverRange,OverRange,9.601894,12.336188,-4.171651
2026/05/29 06:56:00.259,n,-3.396769,5.719045,5.475001,0.907665,OverRange,OverRange,OverRange,9.649292,12.336188,-4.194859
2026/05/29 06:57:00.263,n,-3.40267,5.703246,4.994035,1.066853,OverRange,OverRange,OverRange,9.639146,12.32759,-4.224295
2026/05/29 06:58:00.264,n,-3.484655,6.220897,5.107133,1.067352,OverRange,OverRange,OverRange,9.62878,12.325442,-4.185303
2026/05/29 06:59:00.265,n,-3.525583,6.107116,5.640293,0.646923,OverRange,OverRange,OverRange,9.645504,12.326484,-4.391783
2026/05/29 07:00:00.267,n,-3.645673,4.023913,4.869463,0.894299,OverRange,OverRange,OverRange,9.632314,12.324366,-4.354753
2026/05/29 07:01:00.269,n,-3.648496,3.966416,4.118427,0.665223,OverRange,OverRange,OverRange,9.634614,12.324366,-4.148102
2026/05/29 07:02:00.271,n,-3.715982,6.12024,4.406996,0.843732,OverRange,OverRange,OverRange,9.663274,12.316812,-4.167556
2026/05/29 07:03:00.272,n,-3.686601,6.354458,5.071611,1.123532,OverRange,OverRange,OverRange,9.65213,12.313524,-4.317723
2026/05/29 07:04:00.261,n,-3.704178,5.757309,5.400823,0.658634,OverRange,OverRange,OverRange,9.700486,12.315704,-4.389735
2026/05/29 07:05:00.260,n,-3.61642,5.860145,5.054701,1.208379,OverRange,OverRange,OverRange,9.727224,12.314632,-4.282741
2026/05/29 07:06:00.263,n,-3.537387,5.80901,5.459789,0.906087,OverRange,OverRange,OverRange,9.746594,12.312482,-4.245456
2026/05/29 07:07:00.266,n,-3.481447,5.164572,5.091355,0.984143,OverRange,OverRange,OverRange,9.767732,12.303916,-4.31576
2026/05/29 07:08:00.268,n,-3.437697,4.624272,5.179589,1.019635,OverRange,OverRange,OverRange,9.79038,12.311422,-4.274806
2026/05/29 07:09:00.269,n,-3.393946,3.94717,4.332417,0.967108,OverRange,OverRange,OverRange,9.815094,12.31038,-4.220285
2026/05/29 07:10:00.270,n,-3.37932,4.088836,5.093554,1.05664,OverRange,OverRange,OverRange,9.852764,12.312482,-4.222248
2026/05/29 07:11:00.275,n,-3.391252,6.072676,4.924768,1.017948,OverRange,OverRange,OverRange,9.890194,12.3082,-3.996315
2026/05/29 07:12:00.274,n,-3.355841,3.827191,4.599958,1.129698,OverRange,OverRange,OverRange,9.861172,12.313524,-4.095629
2026/05/29 07:13:00.260,n,-3.347116,6.494826,5.096357,1.25496,OverRange,OverRange,OverRange,9.900894,12.317904,-4.011758
2026/05/29 07:14:00.262,n,-3.37932,5.7841,5.46899,0.795721,OverRange,OverRange,OverRange,9.910828,12.314632,-4.008004
2026/05/29 07:15:00.264,n,-3.370339,6.352024,5.78936,0.306784,OverRange,OverRange,OverRange,9.900894,12.321126,-4.091705
2026/05/29 07:16:00.265,n,-3.300158,4.23425,4.982307,1.131995,OverRange,OverRange,OverRange,9.904446,12.323276,-4.0429
2026/05/29 07:17:00.268,n,-3.405365,5.667984,4.515595,0.948287,OverRange,OverRange,OverRange,9.929414,12.323276,-3.912528
2026/05/29 07:18:00.271,n,-3.30606,6.328544,4.941136,0.748984,OverRange,OverRange,OverRange,9.92278,12.332948,-4.004079
2026/05/29 07:19:00.272,n,-3.288483,4.224077,4.598346,1.079548,OverRange,OverRange,OverRange,9.95637,12.335128,-4.079845
2026/05/29 07:20:00.277,n,-3.279373,3.533939,5.164836,1.172275,OverRange,OverRange,OverRange,9.98259,12.341592,-3.974899
2026/05/29 07:21:00.277,n,-3.250249,3.703329,4.080521,0.934406,OverRange,OverRange,OverRange,9.977284,12.341592,-3.945719
2026/05/29 07:22:00.261,n,-3.217917,3.452399,3.947277,0.933803,OverRange,OverRange,OverRange,9.970638,12.344768,-3.799306
2026/05/29 07:23:00.264,n,-3.09231,5.852228,4.984472,1.107878,OverRange,OverRange,OverRange,9.99024,12.353412,-3.810995
2026/05/29 07:24:00.265,n,-2.954643,5.776868,5.868342,0.076845,OverRange,OverRange,OverRange,10.010342,12.358802,-3.787702
2026/05/29 07:25:00.267,n,-2.861112,3.392434,4.840256,1.220747,OverRange,OverRange,OverRange,10.014166,12.36201,-3.748795
2026/05/29 07:26:00.270,n,-2.779128,4.060096,5.051493,1.150003,OverRange,OverRange,OverRange,10.053082,12.370656,-3.631819
2026/05/29 07:27:00.272,n,-2.779128,6.170881,5.375872,0.853161,OverRange,OverRange,OverRange,10.065826,12.377136,-3.554005
2026/05/29 07:28:00.273,n,-2.682517,4.056355,5.19691,1.003753,OverRange,OverRange,OverRange,10.060492,12.38355,-3.614242
2026/05/29 07:29:00.275,n,-2.500843,3.978296,4.418963,0.949496,OverRange,OverRange,OverRange,10.102444,12.391138,-3.370733
2026/05/29 07:30:00.277,n,-2.351885,3.948126,3.974685,0.074894,OverRange,OverRange,OverRange,10.09483,12.399686,-3.183878
2026/05/29 07:31:00.263,n,-2.152762,5.627486,4.91304,1.008907,OverRange,OverRange,OverRange,10.119746,12.410498,-2.934567
2026/05/29 07:32:00.265,n,-1.90976,6.088738,5.515446,0.865927,OverRange,OverRange,OverRange,10.128912,12.413688,-2.880132
2026/05/29 07:33:00.267,n,-1.79878,4.081858,4.38002,0.643451,OverRange,OverRange,OverRange,10.138316,12.422318,-2.621094
2026/05/29 07:34:00.270,n,-1.860108,5.880019,4.945674,1.351104,OverRange,OverRange,OverRange,10.156872,12.434138,-2.66785
2026/05/29 07:35:00.272,n,-1.666886,5.297189,4.565484,1.097554,OverRange,OverRange,OverRange,10.145178,12.446026,-2.60949
2026/05/29 07:36:00.273,n,-1.447492,5.638213,5.694294,0.197008,OverRange,OverRange,OverRange,10.165524,12.457812,-2.521694
2026/05/29 07:37:00.275,n,-1.178445,5.443381,4.540041,0.552669,OverRange,OverRange,OverRange,10.15359,12.464278,-2.108991
2026/05/29 07:38:00.278,n,-0.675248,4.026999,4.73208,1.114915,OverRange,OverRange,OverRange,10.165544,12.473966,-1.745007
2026/05/29 07:39:00.280,n,-0.484978,6.250061,5.556187,0.901999,OverRange,OverRange,OverRange,10.20901,12.48043,-1.550473
2026/05/29 07:40:00.265,n,-0.505634,6.004012,5.490418,0.983063,OverRange,OverRange,OverRange,10.22427,12.49546,-1.54851
2026/05/29 07:41:00.266,n,-0.502427,6.392137,6.126887,0.286011,OverRange,OverRange,OverRange,10.237768,12.500848,-1.848076
2026/05/29 07:42:00.270,n,-0.642916,4.21231,4.420605,0.830362,OverRange,OverRange,OverRange,10.226308,12.513776,-1.785961
2026/05/29 07:43:00.272,n,-0.642916,5.78197,4.604462,0.742513,OverRange,OverRange,OverRange,10.249218,12.524554,-1.657296
2026/05/29 07:44:00.274,n,-0.429423,3.881687,5.401747,0.827366,OverRange,OverRange,OverRange,10.243608,12.534242,-1.67692
2026/05/29 07:45:00.275,n,-0.289062,5.956253,5.004103,1.131563,OverRange,OverRange,OverRange,10.258102,12.544958,-1.373088
2026/05/29 07:46:00.276,n,0.147033,5.681743,5.245016,0.784495,OverRange,OverRange,OverRange,10.282018,12.551422,-1.281793
2026/05/29 07:47:00.279,n,0.415824,3.994797,4.004999,0.192911,OverRange,OverRange,OverRange,10.275666,12.560052,-0.880865
2026/05/29 07:48:00.280,n,0.684999,5.674979,5.013629,1.151961,OverRange,OverRange,OverRange,10.303868,12.570782,-0.565771
2026/05/29 07:49:00.265,n,1.062204,6.031225,4.861391,1.141999,OverRange,OverRange,OverRange,10.302862,12.57513,-0.338046
2026/05/29 07:50:00.268,n,1.325093,5.093387,4.726008,0.761687,OverRange,OverRange,OverRange,10.302862,12.591232,-0.211769
2026/05/29 07:51:00.268,n,1.693701,4.30118,4.919207,0.994933,OverRange,OverRange,OverRange,10.325746,12.606278,0.060749
2026/05/29 07:52:00.273,n,2.061925,4.178778,5.140904,1.14663,OverRange,OverRange,OverRange,10.342774,12.61056,0.38557
2026/05/29 07:53:00.273,n,2.321863,6.144482,5.200456,0.981719,OverRange,OverRange,OverRange,10.376042,12.624598,0.743155
2026/05/29 07:54:00.277,n,2.748849,4.058328,4.748351,1.091555,OverRange,OverRange,OverRange,10.358002,12.632102,0.817129
2026/05/29 07:55:00.276,n,2.965164,6.010017,4.625674,1.113818,OverRange,OverRange,OverRange,10.373016,12.646074,1.252698
2026/05/29 07:56:00.278,n,3.184174,4.079077,4.357706,0.692715,OverRange,OverRange,OverRange,10.36614,12.657894,1.279831
2026/05/29 07:57:00.282,n,3.418067,5.716987,5.543339,0.770168,OverRange,OverRange,OverRange,10.391292,12.666492,1.602519
2026/05/29 07:58:00.269,n,3.897271,5.801314,5.374657,1.003979,OverRange,OverRange,OverRange,10.39359,12.68372,1.925207
2026/05/29 07:59:00.270,n,4.489894,5.9304,5.98741,0.167167,OverRange,OverRange,OverRange,10.385716,12.689502,2.309839
2026/05/29 08:00:00.270,n,5.056471,5.842393,5.762036,0.708056,OverRange,OverRange,OverRange,10.420304,12.705606,2.941052
2026/05/29 08:01:00.272,n,5.611115,5.847422,5.895003,0.212329,OverRange,OverRange,OverRange,10.42921,12.71101,3.510235
2026/05/29 08:02:00.274,n,6.26545,4.010003,4.153066,0.627371,OverRange,OverRange,OverRange,10.40303,12.718502,4.214996
2026/05/29 08:03:00.274,n,6.854866,5.882069,5.345722,1.009611,OverRange,OverRange,OverRange,10.457424,12.736788,4.682902
2026/05/29 08:04:00.277,n,7.488159,3.569044,5.567137,1.149623,OverRange,OverRange,OverRange,10.464016,12.748626,5.131184
2026/05/29 08:05:00.280,n,7.762338,3.868817,5.60779,1.010584,OverRange,OverRange,OverRange,10.474178,12.763688,5.466841
2026/05/29 08:06:00.281,n,8.074751,5.745819,5.475398,0.744298,OverRange,OverRange,OverRange,10.478506,12.776586,5.909236
2026/05/29 08:07:00.267,n,8.553314,3.435004,4.879754,1.200019,OverRange,OverRange,OverRange,10.464772,12.789482,6.168359
2026/05/29 08:08:00.567,n,9.198284,3.793531,4.593622,1.336513,OverRange,OverRange,OverRange,10.49323,12.803452,6.885064
2026/05/29 08:09:00.270,n,9.849796,5.933685,4.870192,1.110273,OverRange,OverRange,OverRange,10.50671,12.813092,7.535475
2026/05/29 08:10:00.273,n,10.397128,5.809059,4.991153,1.154799,OverRange,OverRange,OverRange,10.53237,12.822784,7.870363
2026/05/29 08:11:00.275,n,10.751622,5.412444,4.711707,1.165836,OverRange,OverRange,OverRange,10.53619,12.833498,8.300472
2026/05/29 08:12:00.277,n,10.929962,3.563241,4.345831,0.875337,OverRange,OverRange,OverRange,10.503302,12.843184,8.58212
2026/05/29 08:13:00.279,n,11.319226,4.003107,3.976214,0.137237,OverRange,OverRange,OverRange,10.501786,12.849636,9.082192
2026/05/29 08:14:00.281,n,11.761096,3.853557,4.978047,0.88413,OverRange,OverRange,OverRange,10.509898,12.86468,9.405222
2026/05/29 08:15:00.282,n,12.200142,3.990895,4.387298,0.863861,OverRange,OverRange,OverRange,10.527934,12.876504,9.726032
2026/05/29 08:16:00.268,n,12.51897,4.005491,3.87247,0.175164,OverRange,OverRange,OverRange,10.526408,12.887234,10.048806
2026/05/29 08:17:00.271,n,12.738492,5.701929,4.469731,1.054829,OverRange,OverRange,OverRange,10.545462,12.90119,10.406562
2026/05/29 08:18:00.274,n,13.17754,5.752577,5.479004,0.809122,OverRange,OverRange,OverRange,10.58431,12.917312,10.562104
2026/05/29 08:19:00.275,n,13.855992,6.282974,5.231999,1.217737,OverRange,OverRange,OverRange,10.592946,12.923744,11.27949
2026/05/29 08:20:00.277,n,14.824026,4.240311,5.040669,0.944583,OverRange,OverRange,OverRange,10.585598,12.933386,12.081862
2026/05/29 08:21:00.263,n,15.86506,4.033239,4.765259,0.850454,OverRange,OverRange,OverRange,10.563492,12.950614,13.204698
2026/05/29 08:22:00.265,n,16.80063,5.683218,4.754554,0.997823,OverRange,OverRange,OverRange,10.580256,12.956002,14.134624
2026/05/29 08:23:00.268,n,17.484216,5.859337,5.538749,0.97472,OverRange,OverRange,OverRange,10.592204,12.9689,14.476338
2026/05/29 08:24:00.269,n,17.89311,5.75575,4.545813,1.025496,OverRange,OverRange,OverRange,10.599066,12.986048,15.083662
2026/05/29 08:25:00.272,n,18.527304,3.913532,5.642054,0.858897,OverRange,OverRange,OverRange,10.615316,12.99481,15.3456
2026/05/29 08:26:00.256,n,19.260544,6.109286,5.150596,1.032288,OverRange,OverRange,OverRange,10.584072,13.006698,16.14097
2026/05/29 08:27:00.258,n,20.14223,5.853604,4.701332,1.070716,OverRange,OverRange,OverRange,10.56043,13.01212,16.84667
2026/05/29 08:28:00.261,n,21.36545,4.195286,5.214163,0.951451,OverRange,OverRange,OverRange,10.58254,13.026126,17.641446
2026/05/29 08:29:00.262,n,22.375178,5.910156,4.624367,1.017429,OverRange,OverRange,OverRange,10.606404,13.033714,18.780752
2026/05/29 08:30:00.265,n,23.358346,4.406423,5.39482,0.886054,OverRange,OverRange,OverRange,10.600582,13.021224,19.410512
2026/05/29 08:31:00.267,n,23.659342,5.937034,4.339189,0.805282,OverRange,OverRange,OverRange,10.606908,13.035342,19.832772
2026/05/29 08:32:00.269,n,24.20475,6.485053,5.596066,0.97459,OverRange,OverRange,OverRange,10.636612,13.057458,20.070822
2026/05/29 08:33:00.269,n,24.874482,6.228155,5.223966,1.219561,OverRange,OverRange,OverRange,10.628434,13.058566,20.77669
2026/05/29 08:34:00.272,n,25.87446,3.728033,4.286114,0.78874,OverRange,OverRange,OverRange,10.589076,13.070436,21.539214
2026/05/29 08:35:00.257,n,26.984904,5.476787,5.056301,1.016609,OverRange,OverRange,OverRange,10.605586,13.075844,22.49482
2026/05/29 08:36:00.262,n,27.922912,4.109798,5.046042,1.016304,OverRange,OverRange,OverRange,10.628688,13.091006,22.955048
2026/05/29 08:37:00.261,n,28.249312,4.634604,4.451219,0.779704,OverRange,OverRange,OverRange,10.641394,13.095288,23.12134
2026/05/29 08:38:00.263,n,28.217364,6.259362,5.096903,1.099219,OverRange,OverRange,OverRange,10.644176,13.107176,22.862302
2026/05/29 08:39:00.267,n,27.908544,5.852165,5.612324,0.752776,OverRange,OverRange,OverRange,10.614198,13.122306,22.448234
2026/05/29 08:40:00.270,n,27.573294,5.861367,5.351549,0.89574,OverRange,OverRange,OverRange,10.608876,13.128772,22.171792
2026/05/29 08:41:00.270,n,27.395594,4.026538,4.364145,0.558291,OverRange,OverRange,OverRange,10.619044,13.136344,22.256856
2026/05/29 08:42:00.272,n,27.404192,4.273935,4.800874,0.924262,OverRange,OverRange,OverRange,10.630972,13.147156,22.465896
2026/05/29 08:43:00.256,n,27.614222,4.098526,4.881197,0.930373,OverRange,OverRange,OverRange,10.644674,13.15683,22.53731
2026/05/29 08:44:00.258,n,27.966536,5.775589,4.362252,0.703955,OverRange,OverRange,OverRange,10.647726,13.162254,22.823478
2026/05/29 08:45:00.263,n,28.362856,5.740092,5.567185,0.931044,OverRange,OverRange,OverRange,10.647986,13.167678,23.036276
2026/05/29 08:46:00.264,n,28.825898,4.306556,5.26331,0.99004,OverRange,OverRange,OverRange,10.638844,13.183848,23.241218
2026/05/29 08:47:00.265,n,29.140618,4.638356,5.146476,0.783263,OverRange,OverRange,OverRange,10.67033,13.191422,23.565954
2026/05/29 08:48:00.267,n,29.510254,4.003374,4.48588,0.861247,OverRange,OverRange,OverRange,10.65711,13.201096,24.06867
2026/05/29 08:49:00.275,n,29.87732,5.754606,4.899282,1.263823,OverRange,OverRange,OverRange,10.673636,13.2087,24.495536
2026/05/29 08:50:00.270,n,29.731702,5.686686,4.423563,1.112188,OverRange,OverRange,OverRange,10.629196,13.214058,24.331294
2026/05/29 08:51:00.275,n,29.20156,5.917037,5.181357,0.813219,OverRange,OverRange,OverRange,10.621318,13.218406,23.70315
2026/05/29 08:52:00.258,n,29.09674,3.900407,4.554573,0.953564,OverRange,OverRange,OverRange,10.615988,13.220556,23.509898
2026/05/29 08:53:00.262,n,29.172564,6.23206,5.472633,0.967592,OverRange,OverRange,OverRange,10.64469,13.230294,23.70136
2026/05/29 08:54:00.263,n,29.696802,3.302116,5.018225,1.171559,OverRange,OverRange,OverRange,10.613444,13.234578,24.010566
2026/05/29 08:55:00.264,n,29.953278,5.223106,4.909064,1.066708,OverRange,OverRange,OverRange,10.64799,13.24215,24.354584
2026/05/29 08:56:00.266,n,29.688078,3.960366,4.423771,0.664859,OverRange,OverRange,OverRange,10.6589,13.24865,24.192216
2026/05/29 08:57:00.268,n,29.137666,3.538612,3.947656,0.456532,OverRange,OverRange,OverRange,10.659414,13.258356,24.296652
2026/05/29 08:58:00.271,n,28.7416,6.045363,5.425183,0.787775,OverRange,OverRange,OverRange,10.658382,13.261612,24.20783
2026/05/29 08:59:00.272,n,28.651278,3.955822,4.983769,1.025804,OverRange,OverRange,OverRange,10.693426,13.271286,24.192216
2026/05/29 09:00:00.274,n,29.172564,4.076107,5.265178,1.096797,OverRange,OverRange,OverRange,10.689114,13.275602,24.81157
2026/05/29 09:01:00.261,n,29.798546,6.007393,5.100436,0.830647,OverRange,OverRange,OverRange,10.674648,13.281026,25.550118
2026/05/29 09:02:00.261,n,30.590418,4.125469,4.598831,1.004823,OverRange,OverRange,OverRange,10.687602,13.289674,25.837224
2026/05/29 09:03:00.265,n,31.15815,4.943812,4.328554,0.437289,OverRange,OverRange,OverRange,10.691406,13.293958,26.26571
2026/05/29 09:04:00.266,n,31.446442,4.009504,5.078658,0.948908,OverRange,OverRange,OverRange,10.676678,13.302604,26.159148
2026/05/29 09:05:00.267,n,31.33277,6.269122,5.40853,1.130933,OverRange,OverRange,OverRange,10.67921,13.304772,25.878008
2026/05/29 09:06:00.270,n,30.91656,6.31643,4.51632,0.883664,OverRange,OverRange,OverRange,10.686326,13.308012,25.447558
2026/05/29 09:07:00.271,n,30.54975,6.318353,5.07577,0.927337,OverRange,OverRange,OverRange,10.701814,13.322018,25.069328
2026/05/29 09:08:00.274,n,30.223608,4.381469,4.700624,1.106421,OverRange,OverRange,OverRange,10.66956,13.323124,24.820956
2026/05/29 09:09:00.277,n,29.641248,3.86353,5.282423,1.01488,OverRange,OverRange,OverRange,10.699016,13.3242,24.25416
2026/05/29 09:10:00.263,n,28.677322,5.853269,5.144674,1.217799,OverRange,OverRange,OverRange,10.719086,13.328516,23.262376
2026/05/29 09:11:00.264,n,27.273324,6.341353,5.415305,1.197827,OverRange,OverRange,OverRange,10.70689,13.327816,21.926064
2026/05/29 09:12:00.265,n,25.854446,4.191127,4.542941,0.986762,OverRange,OverRange,OverRange,10.68923,13.327816,20.65306
2026/05/29 09:13:00.269,n,24.760934,5.614063,4.904603,0.893439,OverRange,OverRange,OverRange,10.734936,13.337556,19.806922
2026/05/29 09:14:00.270,n,23.976632,5.800561,5.417006,1.101885,OverRange,OverRange,OverRange,10.747894,13.34402,18.881346
2026/05/29 09:15:00.273,n,23.18309,3.357755,5.200063,0.9556,OverRange,OverRange,OverRange,10.746878,13.354836,18.44535
2026/05/29 09:16:00.273,n,22.748662,5.93933,4.423977,0.783138,OverRange,OverRange,OverRange,10.76795,13.362344,18.474444
2026/05/29 09:17:00.275,n,22.687078,4.100727,4.952253,1.069213,OverRange,OverRange,OverRange,10.735948,13.366692,18.381444
2026/05/29 09:18:00.284,n,22.42791,5.800117,5.880173,0.121257,OverRange,OverRange,OverRange,10.781408,13.373158,18.329142
2026/05/29 09:19:00.263,n,22.299224,4.171258,4.64752,0.813247,OverRange,OverRange,OverRange,10.743074,13.376366,18.344672
2026/05/29 09:20:00.267,n,22.3109,3.850396,4.975544,1.050337,OverRange,OverRange,OverRange,10.734436,13.385014,18.5305
2026/05/29 09:21:00.267,n,22.567628,3.656386,4.541663,0.950966,OverRange,OverRange,OverRange,10.747906,13.387148,18.96061
2026/05/29 09:22:00.269,n,23.302666,5.88624,4.807851,0.984996,OverRange,OverRange,OverRange,10.775828,13.39472,19.710078
2026/05/29 09:23:00.272,n,24.51306,5.938334,5.288922,1.091246,OverRange,OverRange,OverRange,10.796896,13.404428,20.610228
2026/05/29 09:24:00.273,n,25.685216,5.767887,5.502152,0.805618,OverRange,OverRange,OverRange,10.778096,13.412002,21.587592
2026/05/29 09:25:00.274,n,26.821962,4.081062,4.420007,0.761793,OverRange,OverRange,OverRange,10.75347,13.41521,22.492856
2026/05/29 09:26:00.278,n,27.524024,6.349361,5.186728,1.050155,OverRange,OverRange,OverRange,10.756786,13.426006,23.250946
2026/05/29 09:27:00.280,n,27.975904,6.009645,4.259006,0.879492,OverRange,OverRange,OverRange,10.753724,13.427098,23.730284
2026/05/29 09:28:00.266,n,28.537858,4.007126,4.014422,0.497632,OverRange,OverRange,OverRange,10.751678,13.437864,24.149726
2026/05/29 09:29:00.268,n,29.079416,6.25565,5.700605,0.830587,OverRange,OverRange,OverRange,10.766678,13.43568,24.621386
2026/05/29 09:30:00.267,n,29.577484,4.428571,4.851737,0.853211,OverRange,OverRange,OverRange,10.75703,13.44389,24.956446
2026/05/29 09:31:00.271,n,29.63291,4.020051,4.309685,0.810479,OverRange,OverRange,OverRange,10.764618,13.446072,25.238694
2026/05/29 09:32:00.272,n,29.81933,5.898613,4.831338,1.060349,OverRange,OverRange,OverRange,10.75523,13.446072,25.638254
2026/05/29 09:33:00.275,n,29.877578,4.871386,5.444706,0.899771,OverRange,OverRange,OverRange,10.777328,13.452538,25.667348
2026/05/29 09:34:00.275,n,29.99972,6.392701,5.312351,1.028135,OverRange,OverRange,OverRange,10.805004,13.46117,25.830058
2026/05/29 09:35:00.278,n,30.203466,3.819297,4.606154,0.995037,OverRange,OverRange,OverRange,10.781388,13.463322,26.161706
2026/05/29 09:36:00.281,n,30.99508,5.877069,6.021352,0.174089,OverRange,OverRange,OverRange,10.834172,13.474102,26.7936
2026/05/29 09:37:00.267,n,31.824674,6.025287,5.094483,0.888139,OverRange,OverRange,OverRange,10.803218,13.476284,27.514572
2026/05/29 09:38:00.268,n,32.694686,4.005725,4.821009,1.066186,OverRange,OverRange,OverRange,10.826818,13.48381,28.074542
2026/05/29 09:39:00.269,n,33.020442,4.34392,5.122209,0.850216,OverRange,OverRange,OverRange,10.836192,13.488142,28.361138
2026/05/29 09:40:00.271,n,33.031986,3.572011,3.710518,0.246966,OverRange,OverRange,OverRange,10.818452,13.492426,28.442536
2026/05/29 09:41:00.273,n,32.889706,5.820589,5.355071,0.559519,OverRange,OverRange,OverRange,10.829866,13.499966,28.12488
2026/05/29 09:42:00.276,n,32.773076,4.035399,4.885414,1.014956,OverRange,OverRange,OverRange,10.817174,13.50645,27.93905
2026/05/29 09:43:00.280,n,32.781674,4.18517,4.844612,1.214988,OverRange,OverRange,OverRange,10.851686,13.512882,28.078378
2026/05/29 09:44:00.279,n,32.98259,5.75955,4.761673,0.882458,OverRange,OverRange,OverRange,10.835196,13.518306,28.469752
2026/05/29 09:45:00.281,n,33.308094,3.948287,4.208743,0.81062,OverRange,OverRange,OverRange,10.85498,13.522636,28.675036
2026/05/29 09:46:00.269,n,33.552762,6.201261,5.617517,0.909381,OverRange,OverRange,OverRange,10.878836,13.533422,29.085526
2026/05/29 09:47:00.270,n,33.674904,5.62839,4.894136,1.323486,OverRange,OverRange,OverRange,10.884664,13.535586,29.09704
2026/05/29 09:48:00.271,n,33.724556,5.929861,5.829958,0.096271,OverRange,OverRange,OverRange,10.913076,13.551744,29.06044
2026/05/29 09:49:00.273,n,33.913416,4.112811,4.861235,1.142203,OverRange,OverRange,OverRange,10.88061,13.554984,29.186118
2026/05/29 09:50:00.276,n,33.997576,5.745794,5.021461,0.940539,OverRange,OverRange,OverRange,10.878592,13.55606,29.40326
2026/05/29 09:51:00.280,n,34.297164,5.95724,5.610327,0.781557,OverRange,OverRange,OverRange,10.894058,13.564692,29.368194
2026/05/29 09:52:00.283,n,34.518096,6.003388,4.676043,1.146688,OverRange,OverRange,OverRange,10.904724,13.571158,29.54831
2026/05/29 09:53:00.281,n,34.777008,5.880748,5.264184,1.19166,OverRange,OverRange,OverRange,10.912334,13.576516,29.614092
2026/05/29 09:54:00.283,n,34.809084,5.208487,5.499595,0.535419,OverRange,OverRange,OverRange,10.939464,13.580848,29.592934
2026/05/29 09:55:00.271,n,35.015264,4.230772,4.186567,0.147923,OverRange,OverRange,OverRange,10.90115,13.587282,29.900604
2026/05/29 09:56:00.271,n,35.250824,4.358978,4.367867,0.829575,OverRange,OverRange,OverRange,10.895834,13.600232,30.30503
2026/05/29 09:57:00.273,n,35.684096,3.897503,4.848967,0.951064,OverRange,OverRange,OverRange,10.88999,13.598098,30.624564
2026/05/29 09:58:00.276,n,36.076312,5.874977,5.189102,0.82059,OverRange,OverRange,OverRange,10.8933,13.60453,31.083166
2026/05/29 09:59:00.260,n,36.692156,5.928065,5.317261,0.991852,OverRange,OverRange,OverRange,10.891266,13.602902,31.588018
2026/05/29 10:00:00.264,n,37.322628,5.695909,4.72235,1.006299,OverRange,OverRange,OverRange,10.897212,13.606128,31.996114
2026/05/29 10:01:00.264,n,37.934752,3.97743,4.471895,1.088371,OverRange,OverRange,OverRange,10.899486,13.610442,32.580226
2026/05/29 10:02:00.266,n,38.45078,5.476143,4.636931,0.827485,OverRange,OverRange,OverRange,10.902548,13.616878,33.16212
2026/05/29 10:03:00.268,n,38.751264,5.725056,5.193493,0.91076,OverRange,OverRange,OverRange,10.90887,13.619042,33.320652
2026/05/29 10:04:00.270,n,38.905736,3.974249,4.170169,0.815538,OverRange,OverRange,OverRange,10.88885,13.635232,33.490704
2026/05/29 10:05:00.261,n,39.066112,5.934112,5.045321,0.958545,OverRange,OverRange,OverRange,10.910136,13.631976,33.761256
2026/05/29 10:06:00.259,n,39.357744,3.859479,5.527181,0.829684,OverRange,OverRange,OverRange,10.913178,13.640624,33.817316
2026/05/29 10:07:00.260,n,39.328616,6.393225,4.659315,0.892267,OverRange,OverRange,OverRange,10.920018,13.644908,34.095548
2026/05/29 10:08:00.261,n,39.302316,6.037166,4.991794,1.180387,OverRange,OverRange,OverRange,10.935772,13.652482,34.080104
2026/05/29 10:09:00.265,n,39.56174,3.971565,4.40978,1.052928,OverRange,OverRange,OverRange,10.942856,13.65569,34.252028
2026/05/29 10:10:00.266,n,40.042864,4.279206,4.573112,1.136131,OverRange,OverRange,OverRange,10.988018,13.6632,34.769848
2026/05/29 10:11:00.268,n,40.669232,4.409348,4.953367,1.073034,OverRange,OverRange,OverRange,10.99232,13.684766,35.050048
2026/05/29 10:12:00.270,n,41.208608,5.683636,4.86693,0.744376,OverRange,OverRange,OverRange,11.017934,13.677238,35.463176
2026/05/29 10:13:00.272,n,41.928248,4.295065,4.896567,1.076733,OverRange,OverRange,OverRange,11.01768,13.686946,35.932444
2026/05/29 10:14:00.257,n,42.697284,3.950561,5.001099,0.934636,OverRange,OverRange,OverRange,11.027822,13.691232,36.625348
2026/05/29 10:15:00.260,n,43.63786,5.792856,4.828525,1.198637,OverRange,OverRange,OverRange,11.083604,13.701998,37.848696
2026/05/29 10:16:00.263,n,45.361328,3.935362,4.996351,1.064943,OverRange,OverRange,OverRange,11.073976,13.711738,39.428088
2026/05/29 10:17:00.263,n,47.272884,5.921352,5.453522,1.155932,OverRange,OverRange,OverRange,11.05623,13.722454,41.353132
2026/05/29 10:18:00.265,n,48.241808,3.66324,4.755242,1.046613,OverRange,OverRange,OverRange,11.053448,13.730028,42.019664
2026/05/29 10:19:00.268,n,48.302496,5.203096,4.786686,0.739438,OverRange,OverRange,OverRange,11.102372,13.734346,42.03502
2026/05/29 10:20:00.271,n,47.982516,3.775983,4.378767,0.492448,OverRange,OverRange,OverRange,11.134562,13.748352,41.58836
2026/05/29 10:21:00.272,n,48.055524,6.398196,5.287764,1.201704,OverRange,OverRange,OverRange,11.177648,13.756954,41.576844
2026/05/29 10:22:00.257,n,48.345992,5.78977,5.209739,1.293008,OverRange,OverRange,OverRange,11.195394,13.769854,41.834772
2026/05/29 10:23:00.259,n,48.738848,6.50944,4.653674,1.262633,OverRange,OverRange,OverRange,11.207048,13.779546,42.25652
2026/05/29 10:24:00.261,n,48.858044,3.902819,4.65964,1.193725,OverRange,OverRange,OverRange,11.19336,13.78707,42.37588
2026/05/29 10:25:00.263,n,48.959528,5.672482,4.800977,1.312866,OverRange,OverRange,OverRange,11.19717,13.799124,42.708892
2026/05/29 10:26:00.264,n,49.094884,5.953018,5.125627,1.178479,OverRange,OverRange,OverRange,11.172918,13.803408,42.81538
2026/05/29 10:27:00.267,n,49.159032,5.853642,4.468558,1.210808,OverRange,OverRange,OverRange,11.183554,13.816308,42.79422
2026/05/29 10:28:00.268,n,48.981472,5.885272,4.770293,0.942445,OverRange,OverRange,OverRange,11.227688,13.827092,42.74422
2026/05/29 10:29:00.272,n,49.051392,3.526215,4.649708,1.129009,OverRange,OverRange,OverRange,11.232244,13.83895,42.647892
2026/05/29 10:30:00.277,n,49.176616,5.839908,4.990504,1.004137,OverRange,OverRange,OverRange,11.241612,13.847566,43.061536
2026/05/29 10:31:00.260,n,49.711244,6.077985,4.819559,1.15749,OverRange,OverRange,OverRange,11.236278,13.852924,43.368268
2026/05/29 10:32:00.261,n,50.475536,3.71809,4.649756,0.819851,OverRange,OverRange,OverRange,11.23021,13.863708,44.007496
2026/05/29 10:33:00.262,n,51.03082,4.642391,4.422415,0.844166,OverRange,OverRange,OverRange,11.240342,13.875566,44.49264
2026/05/29 10:34:00.266,n,51.059688,5.306715,5.128388,1.088362,OverRange,OverRange,OverRange,11.23199,13.888434,44.05374
2026/05/29 10:35:00.270,n,50.190836,3.943083,4.739301,1.048957,OverRange,OverRange,OverRange,11.201314,13.894934,43.231068
2026/05/29 10:36:00.269,n,49.295808,5.924265,4.673044,1.202088,OverRange,OverRange,OverRange,11.2591,13.90676,42.842424
2026/05/29 10:37:00.273,n,50.173512,4.156681,4.460801,0.602927,OverRange,OverRange,OverRange,11.26061,13.91427,43.78148
2026/05/29 10:38:00.273,n,51.806276,3.636927,4.868932,1.224597,OverRange,OverRange,OverRange,11.302678,13.91645,45.42726
2026/05/29 10:39:00.276,n,53.310856,5.763425,5.255632,0.999506,OverRange,OverRange,OverRange,11.303706,13.926128,46.760756
2026/05/29 10:40:00.262,n,54.173168,5.924773,4.917302,0.944397,OverRange,OverRange,OverRange,11.323446,13.93691,47.441972
2026/05/29 10:41:00.264,n,54.312624,6.000212,5.288427,1.042923,OverRange,OverRange,OverRange,11.361706,13.951962,47.51526
2026/05/29 10:42:00.264,n,54.184712,5.665322,5.371577,0.621514,OverRange,OverRange,OverRange,11.397162,13.961638,47.573192
2026/05/29 10:43:00.269,n,54.428356,5.938834,5.011507,0.92635,OverRange,OverRange,OverRange,11.4263,13.966998,47.677288
2026/05/29 10:44:00.268,n,54.388076,4.480604,5.055835,1.13598,OverRange,OverRange,OverRange,11.450868,13.984246,47.546144
2026/05/29 10:45:00.272,n,54.210888,3.695904,4.947569,1.291111,OverRange,OverRange,OverRange,11.436676,13.995014,47.2953
2026/05/29 10:46:00.272,n,54.448884,5.636413,4.970443,1.0011,OverRange,OverRange,OverRange,11.404038,14.007916,47.64452
2026/05/29 10:47:00.274,n,55.516864,3.757329,4.266776,0.741973,OverRange,OverRange,OverRange,11.361466,14.022984,48.629908
2026/05/29 10:48:00.276,n,57.248928,4.276565,4.968333,0.832823,OverRange,OverRange,OverRange,11.354116,14.02945,50.300852
2026/05/29 10:49:00.264,n,59.351008,6.024424,5.283695,1.109605,OverRange,OverRange,OverRange,11.355118,14.042352,52.011048
2026/05/29 10:50:00.268,n,61.05806,3.532271,4.659701,0.791588,OverRange,OverRange,OverRange,11.339412,14.047678,53.07732
2026/05/29 10:51:00.266,n,61.53598,6.047266,4.832924,1.288283,OverRange,OverRange,OverRange,11.427058,14.053072,52.986788
2026/05/29 10:52:00.268,n,61.055104,3.959281,4.48362,1.168587,OverRange,OverRange,OverRange,11.39465,14.063838,52.378696
2026/05/29 10:53:00.276,n,60.208956,3.723181,4.860439,1.303485,OverRange,OverRange,OverRange,11.376658,14.07459,51.705
2026/05/29 10:54:00.272,n,59.304692,5.418444,5.199771,0.931481,OverRange,OverRange,OverRange,11.419968,14.075012,50.678572
2026/05/29 10:55:00.275,n,57.865024,5.947681,4.848168,1.0817,OverRange,OverRange,OverRange,11.33778,14.085796,49.242264
2026/05/29 10:56:00.277,n,56.319132,6.331806,5.072127,0.91599,OverRange,OverRange,OverRange,11.365632,14.092232,47.539568
2026/05/29 10:57:00.278,n,54.659044,6.157595,5.134884,1.292513,OverRange,OverRange,OverRange,11.36993,14.092232,46.0676
2026/05/29 10:58:00.264,n,52.9783,3.695572,4.422671,1.141017,OverRange,OverRange,OverRange,11.310156,14.097624,44.804916
2026/05/29 10:59:00.266,n,51.78446,4.013389,4.576877,0.797071,OverRange,OverRange,OverRange,11.330678,14.107314,43.9976
2026/05/29 11:00:00.580,n,50.895588,3.359822,4.872644,1.050128,OverRange,OverRange,OverRange,11.351452,14.112642,43.415112
2026/05/29 11:01:00.270,n,50.53224,3.528305,4.717258,1.175456,OverRange,OverRange,OverRange,11.383612,14.119142,43.272356
2026/05/29 11:02:00.273,n,50.46822,5.123576,4.922766,1.279575,OverRange,OverRange,OverRange,11.448186,14.125576,43.272192
2026/05/29 11:03:00.275,n,50.418948,3.661248,4.787892,1.065905,OverRange,OverRange,OverRange,11.413998,14.134194,43.281748
2026/05/29 11:04:00.277,n,50.171844,5.705511,5.29158,1.095579,OverRange,OverRange,OverRange,11.350688,14.139586,42.835432
2026/05/29 11:05:00.277,n,49.544192,6.081738,4.901979,1.290874,OverRange,OverRange,OverRange,11.269882,14.138478,42.200124
2026/05/29 11:06:00.281,n,48.64596,3.780985,4.835861,1.319984,OverRange,OverRange,OverRange,11.284852,14.149198,41.508928
2026/05/29 11:07:00.266,n,47.872564,6.026786,5.410816,1.134479,OverRange,OverRange,OverRange,11.356262,14.154622,41.056204
2026/05/29 11:08:00.267,n,47.119184,4.007023,4.304688,0.952381,OverRange,OverRange,OverRange,11.38057,14.163176,40.636164
2026/05/29 11:09:00.272,n,46.449968,3.561262,4.522601,1.254985,OverRange,OverRange,OverRange,11.39526,14.165358,40.435744
2026/05/29 11:10:00.274,n,45.832964,4.232789,5.027997,1.099573,OverRange,OverRange,OverRange,11.36817,14.169674,40.310492
2026/05/29 11:11:00.273,n,45.533252,5.776256,5.418289,0.861097,OverRange,OverRange,OverRange,11.386658,14.17399,40.605364
2026/05/29 11:12:00.277,n,45.521832,4.107839,5.508256,0.764203,OverRange,OverRange,OverRange,11.383372,14.176076,40.759372
2026/05/29 11:13:00.277,n,45.734172,4.19212,4.440388,0.988697,OverRange,OverRange,OverRange,11.38466,14.18901,41.55312
2026/05/29 11:14:00.280,n,46.676924,3.473119,3.958749,0.72975,OverRange,OverRange,OverRange,11.401596,14.18686,42.922368
2026/05/29 11:15:00.281,n,48.680728,4.201453,3.932973,0.194365,OverRange,OverRange,OverRange,11.444402,14.18901,44.859008
2026/05/29 11:16:00.267,n,51.1019,5.656013,5.177866,0.899887,OverRange,OverRange,OverRange,11.501638,14.19973,46.84318
2026/05/29 11:17:00.269,n,53.367308,3.235611,4.215532,0.948693,OverRange,OverRange,OverRange,11.491002,14.210498,48.349712
2026/05/29 11:18:00.271,n,54.961064,3.987685,3.899077,0.211241,OverRange,OverRange,OverRange,11.485428,14.214814,49.506424
2026/05/29 11:19:00.272,n,56.26088,6.428149,4.688781,0.971,OverRange,OverRange,OverRange,11.50821,14.216964,50.359984
2026/05/29 11:20:00.275,n,57.244568,5.693429,5.477728,1.082392,OverRange,OverRange,OverRange,11.487448,14.226608,50.698972
2026/05/29 11:21:00.277,n,57.731856,3.946472,5.568988,0.817674,OverRange,OverRange,OverRange,11.431244,14.232,50.548708
2026/05/29 11:22:00.279,n,57.021196,4.057772,5.022793,0.932946,OverRange,OverRange,OverRange,11.444402,14.239512,49.664348
2026/05/29 11:23:00.283,n,55.872256,6.293922,5.543436,0.735307,OverRange,OverRange,OverRange,11.50112,14.252446,48.315068
2026/05/29 11:24:00.283,n,54.804408,3.997787,4.521708,1.054311,OverRange,OverRange,OverRange,11.474528,14.254596,47.076788
2026/05/29 11:25:00.269,n,53.715776,3.280307,4.856888,1.398935,OverRange,OverRange,OverRange,11.469982,14.265314,45.974852
2026/05/29 11:26:00.270,n,52.519496,4.131402,4.952035,1.123989,OverRange,OverRange,OverRange,11.443136,14.27175,44.878292
2026/05/29 11:27:00.276,n,51.400972,6.377975,5.046534,1.176051,OverRange,OverRange,OverRange,11.430974,14.270154,43.955028
2026/05/29 11:28:00.274,n,50.47348,4.27945,5.638451,0.678524,OverRange,OverRange,OverRange,11.389486,14.274438,43.279872
2026/05/29 11:29:00.277,n,49.796176,6.010054,5.096829,1.118221,OverRange,OverRange,OverRange,11.45607,14.27763,43.123304
2026/05/29 11:30:00.278,n,49.36034,5.794757,5.653887,0.38545,OverRange,OverRange,OverRange,11.472784,14.284098,43.277568
2026/05/29 11:31:00.279,n,49.194704,5.780985,5.812157,0.075219,OverRange,OverRange,OverRange,11.490006,14.290566,43.829092
2026/05/29 11:32:00.281,n,49.406908,3.924214,4.785395,1.211205,OverRange,OverRange,OverRange,11.502168,14.294818,44.649976
2026/05/29 11:33:00.267,n,50.025836,3.68106,5.427921,0.894559,OverRange,OverRange,OverRange,11.52823,14.296968,45.746532
2026/05/29 11:34:00.273,n,51.380056,6.291811,4.694024,1.16216,OverRange,OverRange,OverRange,11.494808,14.308794,47.65476
2026/05/29 11:35:00.272,n,53.746692,5.882242,4.64861,1.1021,OverRange,OverRange,OverRange,11.479626,14.307688,50.309048
2026/05/29 11:36:00.258,n,57.858104,3.653711,4.69905,1.169131,OverRange,OverRange,OverRange,11.443406,14.310946,54.635468
2026/05/29 11:37:00.263,n,63.808184,5.829579,5.463956,0.995732,OverRange,OverRange,OverRange,11.441386,14.31738,60.6313
2026/05/29 11:38:00.262,n,70.986504,4.143281,4.682249,1.057167,OverRange,OverRange,OverRange,11.422894,14.31738,67.472088
2026/05/29 11:39:00.263,n,78.175968,4.568797,4.884812,0.801838,OverRange,OverRange,OverRange,11.379588,14.328132,74.083264
2026/05/29 11:40:00.268,n,84.099624,3.579761,3.90101,0.331827,OverRange,OverRange,OverRange,11.314758,14.33139,79.310264
2026/05/29 11:41:00.270,n,88.316488,2.98396,4.472185,1.340646,OverRange,OverRange,OverRange,11.295746,14.337826,82.88184
2026/05/29 11:42:00.271,n,90.919216,4.059313,3.916137,0.16246,OverRange,OverRange,OverRange,11.357804,14.33675,85.025392
2026/05/29 11:43:00.272,n,91.963192,6.214664,4.954504,1.129413,OverRange,OverRange,OverRange,11.433792,14.343154,85.630072
2026/05/29 11:44:00.259,n,92.660648,4.590075,4.127073,0.518836,OverRange,OverRange,OverRange,11.369976,14.34532,85.675968
2026/05/29 11:45:00.262,n,93.79084,6.030124,4.204359,0.943762,OverRange,OverRange,OverRange,11.39682,14.355044,86.018368
2026/05/29 11:46:00.264,n,95.377288,5.767361,5.124258,0.85913,OverRange,OverRange,OverRange,11.452276,14.352862,86.171448
2026/05/29 11:47:00.263,n,96.04252,5.735776,5.134498,1.260976,OverRange,OverRange,OverRange,11.484192,14.362522,85.243568
2026/05/29 11:48:00.265,n,94.25632,5.865808,5.025759,1.293186,OverRange,OverRange,OverRange,11.540646,14.36899,82.11292
2026/05/29 11:49:00.270,n,89.773624,6.196346,5.515971,0.930342,OverRange,OverRange,OverRange,11.58342,14.374318,77.259552
2026/05/29 11:50:00.268,n,84.093848,3.432258,4.74696,1.357064,OverRange,OverRange,OverRange,11.566972,14.375424,72.36164
2026/05/29 11:51:00.270,n,79.348512,3.349788,4.452677,1.297501,OverRange,OverRange,OverRange,11.587468,14.39258,68.996792
2026/05/29 11:52:00.275,n,76.27404,6.115309,5.356112,1.035893,OverRange,OverRange,OverRange,11.605682,14.395806,67.536248
2026/05/29 11:53:00.259,n,75.210936,6.125058,5.126354,1.208137,OverRange,OverRange,OverRange,11.602158,14.401198,68.065936
2026/05/29 11:54:00.261,n,76.5028,3.549209,4.70133,1.267929,OverRange,OverRange,OverRange,11.626446,14.412992,70.611856
2026/05/29 11:55:00.263,n,79.412288,6.045033,4.902114,1.380985,OverRange,OverRange,OverRange,11.67301,14.414102,74.047352
2026/05/29 11:56:00.264,n,82.663304,6.065016,4.688296,1.159193,OverRange,OverRange,OverRange,11.716772,14.420504,76.678592
2026/05/29 11:57:00.267,n,85.218152,6.487981,4.424935,1.070236,OverRange,OverRange,OverRange,11.709936,14.428046,78.192808
2026/05/29 11:58:00.269,n,87.329488,6.312872,4.900244,1.077421,OverRange,OverRange,OverRange,11.718548,14.437202,79.0834
2026/05/29 11:59:00.271,n,88.09864,4.918844,4.812648,1.267672,OverRange,OverRange,OverRange,11.710394,14.444712,78.581872
2026/05/29 12:00:00.272,n,87.69732,5.843069,5.066029,0.961933,OverRange,OverRange,OverRange,11.650436,14.450072,77.132936
2026/05/29 12:01:00.260,n,85.800136,6.415825,5.064735,1.314389,OverRange,OverRange,OverRange,11.616756,14.462976,74.751168
2026/05/29 12:02:00.261,n,82.167288,6.040283,5.175528,1.182308,OverRange,OverRange,OverRange,11.65978,14.469378,71.239824
2026/05/29 12:03:00.261,n,77.83328,6.327999,4.709361,0.995426,OverRange,OverRange,OverRange,11.718984,14.476952,67.293176
2026/05/29 12:04:00.263,n,73.539936,5.183394,4.50494,0.913702,OverRange,OverRange,OverRange,11.70786,14.482282,63.763136
2026/05/29 12:05:00.266,n,70.195904,3.897467,4.695793,1.070947,OverRange,OverRange,OverRange,11.742004,14.494108,61.1039
2026/05/29 12:06:00.267,n,67.822472,3.692932,4.286895,0.868512,OverRange,OverRange,OverRange,11.738974,14.49947,59.56572
2026/05/29 12:07:00.271,n,66.559088,6.013713,5.541969,0.809752,OverRange,OverRange,OverRange,11.774144,14.508054,58.69048
2026/05/29 12:08:00.270,n,66.52996,4.07995,3.981267,0.150048,OverRange,OverRange,OverRange,11.77617,14.51879,59.36598
2026/05/29 12:09:00.273,n,67.685952,5.699845,4.672897,0.982406,OverRange,OverRange,OverRange,11.812588,14.520924,61.04828
2026/05/29 12:10:00.258,n,69.68848,3.807687,5.05594,1.274108,OverRange,OverRange,OverRange,11.766048,14.533796,62.819304
2026/05/29 12:11:00.260,n,70.869752,4.014246,4.804172,1.036292,OverRange,OverRange,OverRange,11.801708,14.540264,63.624744
2026/05/29 12:12:00.264,n,70.428384,6.225437,4.821076,1.358353,OverRange,OverRange,OverRange,11.867702,14.543456,62.980396
2026/05/29 12:13:00.365,n,68.81808,3.56268,4.440745,1.297151,OverRange,OverRange,OverRange,11.85406,14.549924,61.203648
2026/05/29 12:14:00.266,n,67.113608,3.592296,5.12481,1.222802,OverRange,OverRange,OverRange,11.828268,14.562762,59.876292
2026/05/29 12:15:00.269,n,66.190224,5.453551,5.739894,0.361399,OverRange,OverRange,OverRange,11.848756,14.564962,59.39098
2026/05/29 12:16:00.270,n,66.3556,6.033195,4.31119,0.920528,OverRange,OverRange,OverRange,11.788814,14.572474,60.244716
2026/05/29 12:17:00.272,n,67.642464,5.801728,6.005666,0.218247,OverRange,OverRange,OverRange,11.814358,14.578876,61.598604
2026/05/29 12:18:00.275,n,69.151792,6.113011,5.351353,1.068363,OverRange,OverRange,OverRange,11.806264,14.587462,63.509308
2026/05/29 12:19:00.259,n,70.509864,6.171538,5.102323,1.221474,OverRange,OverRange,OverRange,11.807022,14.591746,65.193564
2026/05/29 12:20:00.265,n,72.107848,3.671462,5.067271,1.152864,OverRange,OverRange,OverRange,11.804236,14.59929,66.930292
2026/05/29 12:21:00.265,n,73.870704,4.17402,3.944519,0.305573,OverRange,OverRange,OverRange,11.894008,14.604632,69.429632
2026/05/29 12:22:00.267,n,76.162288,5.722,5.161909,1.010863,OverRange,OverRange,OverRange,11.944592,14.61752,71.937592
2026/05/29 12:23:00.267,n,78.849176,4.046583,4.553559,0.934874,OverRange,OverRange,OverRange,11.950902,14.625,74.7376
2026/05/29 12:24:00.271,n,81.617656,4.929851,4.10422,0.405285,OverRange,OverRange,OverRange,11.933202,14.634692,77.821224
2026/05/29 12:25:00.271,n,83.7486,4.249144,4.577739,1.039874,OverRange,OverRange,OverRange,11.826254,14.638946,80.030048
2026/05/29 12:26:00.273,n,84.422048,3.6672,4.941031,1.32734,OverRange,OverRange,OverRange,11.767834,14.638946,81.018848
2026/05/29 12:27:00.275,n,84.670568,4.042627,4.291072,0.896383,OverRange,OverRange,OverRange,11.72228,14.647564,81.778208
2026/05/29 12:28:00.262,n,85.375576,6.171709,5.971789,0.223995,OverRange,OverRange,OverRange,11.745296,14.646522,82.992
2026/05/29 12:29:00.263,n,87.24416,5.508588,5.150875,1.154258,OverRange,OverRange,OverRange,11.819922,14.651816,85.192968
2026/05/29 12:30:00.265,n,90.00892,3.600995,4.670067,1.212751,OverRange,OverRange,OverRange,11.840154,14.660466,87.988624
2026/05/29 12:31:00.267,n,92.878112,5.908666,4.700851,0.992201,OverRange,OverRange,OverRange,11.845968,14.664702,90.674064
2026/05/29 12:32:00.269,n,95.893952,5.964402,5.572759,0.925077,OverRange,OverRange,OverRange,11.80095,14.671138,93.255216
2026/05/29 12:33:00.271,n,98.995632,3.489548,4.524344,1.145009,OverRange,OverRange,OverRange,11.81156,14.675456,95.614376
2026/05/29 12:34:00.273,n,102.32838,3.904618,4.914407,1.111476,OverRange,OverRange,OverRange,11.848492,14.682966,98.068152
2026/05/29 12:35:00.276,n,105.32908,3.880049,4.583154,0.937667,OverRange,OverRange,OverRange,11.86115,14.689402,100.13466
2026/05/29 12:36:00.276,n,107.6272,3.769487,5.230383,1.190744,OverRange,OverRange,OverRange,11.89147,14.69688,101.63404
2026/05/29 12:37:00.262,n,109.05648,6.151119,4.88849,1.191458,OverRange,OverRange,OverRange,12.014608,14.702274,102.48084
2026/05/29 12:38:00.264,n,110.10214,4.223731,4.791876,1.05665,OverRange,OverRange,OverRange,11.988052,14.712962,103.09278
2026/05/29 12:39:00.266,n,111.15306,5.930833,4.85948,1.191419,OverRange,OverRange,OverRange,11.908422,14.719432,104.45734
2026/05/29 12:40:00.273,n,112.7536,3.529164,4.543573,1.119699,OverRange,OverRange,OverRange,11.893764,14.72691,105.6689
2026/05/29 12:41:00.270,n,114.66388,6.001875,5.012446,1.1931,OverRange,OverRange,OverRange,11.974392,14.735528,106.75404
2026/05/29 12:42:00.273,n,116.12496,4.100359,4.641829,1.201289,OverRange,OverRange,OverRange,12.005,14.74514,106.92338
2026/05/29 12:43:00.274,n,116.84076,3.637986,4.52683,1.173549,OverRange,OverRange,OverRange,11.98705,14.755878,106.48178
2026/05/29 12:44:00.276,n,116.904,3.600398,4.940992,1.090549,OverRange,OverRange,OverRange,12.029266,14.76342,104.99656
2026/05/29 12:45:00.278,n,116.5304,3.652547,4.692569,1.193892,OverRange,OverRange,OverRange,12.027736,14.771958,103.12324
2026/05/29 12:46:00.263,n,115.83448,3.761796,4.467274,0.872105,OverRange,OverRange,OverRange,11.963548,14.784814,101.24768
2026/05/29 12:47:00.265,n,114.7533,6.011116,4.855454,1.286943,OverRange,OverRange,OverRange,11.922588,14.784814,99.274176
2026/05/29 12:48:00.267,n,113.83582,5.013668,5.378498,0.922654,OverRange,OverRange,OverRange,11.955704,14.764968,97.695304
2026/05/29 12:49:00.269,n,112.66892,6.04585,5.176977,1.146324,OverRange,OverRange,OverRange,12.015132,14.76176,96.62588
2026/05/29 12:50:00.271,n,112.04742,3.556093,4.994111,1.173234,OverRange,OverRange,OverRange,11.974676,14.773522,96.018464
2026/05/29 12:51:00.275,n,111.43148,6.099954,4.954421,1.163824,OverRange,OverRange,OverRange,12.016394,14.777856,95.78988
2026/05/29 12:52:00.277,n,110.87028,3.776958,4.581055,1.08023,OverRange,OverRange,OverRange,12.05101,14.783186,95.04724
2026/05/29 12:53:00.278,n,109.64308,3.580181,4.900219,1.163135,OverRange,OverRange,OverRange,12.061636,14.78962,93.901952
2026/05/29 12:54:00.281,n,107.468,4.01522,5.071857,0.970291,OverRange,OverRange,OverRange,12.0126,14.79925,91.636568
2026/05/29 12:55:00.267,n,104.3508,3.259276,5.163673,1.306476,OverRange,OverRange,OverRange,12.038382,14.805702,88.419592
2026/05/29 12:56:00.266,n,100.76874,3.66626,5.064543,1.181857,OverRange,OverRange,OverRange,12.069958,14.81212,84.754232
2026/05/29 12:57:00.269,n,96.957952,6.408464,5.440459,1.087537,OverRange,OverRange,OverRange,12.099538,14.823916,80.95144
2026/05/29 12:58:00.272,n,93.31344,6.04109,4.856079,1.291053,OverRange,OverRange,OverRange,12.090942,14.830352,77.53924
2026/05/29 12:59:00.275,n,90.074728,6.117822,5.068348,1.073699,OverRange,OverRange,OverRange,12.153092,14.841042,74.51688
2026/05/29 13:00:00.275,n,87.809576,3.534613,4.639847,1.152197,OverRange,OverRange,OverRange,12.098776,14.847478,72.418208
2026/05/29 13:01:00.277,n,85.970512,3.7611,4.841164,1.339655,OverRange,OverRange,OverRange,12.153606,14.846436,70.794952
2026/05/29 13:02:00.281,n,84.959376,3.180833,4.76212,1.755277,OverRange,OverRange,OverRange,12.204626,14.861424,69.857096
2026/05/29 13:03:00.282,n,84.03188,5.334603,5.021573,0.917608,OverRange,OverRange,OverRange,12.251338,14.865726,69.178184
2026/05/29 13:04:00.267,n,82.92208,3.586999,4.610352,1.259358,OverRange,OverRange,OverRange,12.258922,14.865726,68.393304
2026/05/29 13:05:00.269,n,81.953808,6.002178,4.932248,1.234657,OverRange,OverRange,OverRange,12.326848,14.87534,68.0498
2026/05/29 13:06:00.271,n,80.99064,5.183175,4.956973,1.07425,OverRange,OverRange,OverRange,12.333654,14.88821,67.784792
2026/05/29 13:07:00.274,n,80.146032,4.317591,4.402496,0.94312,OverRange,OverRange,OverRange,12.28215,14.892512,67.821392
2026/05/29 13:08:00.277,n,79.74676,5.589447,4.9593,1.464125,OverRange,OverRange,OverRange,12.358664,14.899992,67.617904
2026/05/29 13:09:00.277,n,79.79,6.072357,4.857658,1.315698,OverRange,OverRange,OverRange,12.429326,14.910712,67.337368
2026/05/29 13:10:00.279,n,80.38904,6.01753,4.938365,1.192324,OverRange,OverRange,OverRange,12.34782,14.919268,67.11092
2026/05/29 13:11:00.282,n,81.027976,5.702637,4.810893,1.290281,OverRange,OverRange,OverRange,12.348568,14.928928,66.744116
2026/05/29 13:12:00.283,n,80.863368,5.752271,4.843007,1.194406,OverRange,OverRange,OverRange,12.379628,14.9375,65.568384
2026/05/29 13:13:00.269,n,79.98104,6.532573,4.672495,1.313725,OverRange,OverRange,OverRange,12.355642,14.952522,64.038216
2026/05/29 13:14:00.271,n,78.120296,5.760644,5.08528,1.108555,OverRange,OverRange,OverRange,12.332672,14.966406,61.880508
2026/05/29 13:15:00.274,n,75.549144,3.627378,4.7997,1.252835,OverRange,OverRange,OverRange,12.331656,14.968588,59.49618
2026/05/29 13:16:00.258,n,73.705968,6.081792,4.880894,1.300147,OverRange,OverRange,OverRange,12.361202,14.977142,58.28136
2026/05/29 13:17:00.278,n,72.07116,4.146437,4.154263,0.884627,OverRange,OverRange,OverRange,12.378358,14.98247,57.424988
2026/05/29 13:18:00.263,n,70.406576,5.896032,4.966648,1.078053,OverRange,OverRange,OverRange,12.436676,14.992118,56.777736
2026/05/29 13:19:00.264,n,69.013744,3.930503,4.459844,1.373476,OverRange,OverRange,OverRange,12.400574,14.999628,56.3437
2026/05/29 13:20:00.268,n,67.907664,3.570189,4.974342,1.191883,OverRange,OverRange,OverRange,12.392746,15.001778,56.374332
2026/05/29 13:21:00.270,n,67.135416,3.535286,4.754856,1.401253,OverRange,OverRange,OverRange,12.384944,15.013544,56.846928
2026/05/29 13:22:00.271,n,67.048432,4.362363,5.033564,1.122832,OverRange,OverRange,OverRange,12.379868,15.018904,57.791792
2026/05/29 13:23:00.256,n,67.144144,3.753192,4.905226,1.294718,OverRange,OverRange,OverRange,12.391484,15.02213,59.024264
2026/05/29 13:24:00.260,n,67.518656,5.821274,5.267946,1.465049,OverRange,OverRange,OverRange,12.39326,15.027428,60.349828
2026/05/29 13:25:00.259,n,68.20096,6.501649,4.872108,1.490764,OverRange,OverRange,OverRange,12.389466,15.033896,61.674884
2026/05/29 13:26:00.262,n,69.474984,3.610982,4.390092,1.394375,OverRange,OverRange,OverRange,12.365224,15.038132,63.565188
2026/05/29 13:27:00.265,n,70.873464,3.948643,4.602726,1.319524,OverRange,OverRange,OverRange,12.305146,15.048854,65.418556
2026/05/29 13:28:00.268,n,71.943488,6.34459,4.924968,1.380751,OverRange,OverRange,OverRange,12.305904,15.065018,66.93814
2026/05/29 13:29:00.267,n,72.780024,6.252198,4.950453,1.264581,OverRange,OverRange,OverRange,12.295726,15.066076,67.958856
2026/05/29 13:30:00.269,n,73.97424,6.345218,4.985915,0.855897,OverRange,OverRange,OverRange,12.327786,15.076782,69.233216
2026/05/29 13:31:00.272,n,75.301384,3.860604,4.520938,0.890769,OverRange,OverRange,OverRange,12.273,15.080008,70.690864
2026/05/29 13:32:00.259,n,77.06232,3.198103,4.763489,1.451845,OverRange,OverRange,OverRange,12.296484,15.082142,72.490384
2026/05/29 13:33:00.259,n,78.871488,3.302086,4.387098,1.347298,OverRange,OverRange,OverRange,12.291184,15.087486,74.206472
2026/05/29 13:34:00.263,n,80.43972,6.009968,4.921288,1.1818,OverRange,OverRange,OverRange,12.281078,15.100328,75.557456
2026/05/29 13:35:00.264,n,81.501016,3.611449,4.877409,1.264844,OverRange,OverRange,OverRange,12.169444,15.09495,76.33244
2026/05/29 13:36:00.265,n,81.76724,3.523533,4.87015,1.382577,OverRange,OverRange,OverRange,12.097702,15.101402,76.839008
2026/05/29 13:37:00.266,n,81.45188,4.955546,5.140987,1.079114,OverRange,OverRange,OverRange,12.099722,15.105688,76.688152
2026/05/29 13:38:00.268,n,80.575328,3.434596,4.383295,1.298988,OverRange,OverRange,OverRange,12.09517,15.10673,75.938256
2026/05/29 13:39:00.271,n,79.808864,4.11257,5.295062,1.127394,OverRange,OverRange,OverRange,12.025682,15.103538,75.264808
2026/05/29 13:40:00.273,n,79.146312,3.821498,3.749038,0.234886,OverRange,OverRange,OverRange,12.008246,15.10673,75.333744
2026/05/29 13:41:00.257,n,78.680064,5.796356,4.429833,1.145678,OverRange,OverRange,OverRange,12.058024,15.112092,75.19024
2026/05/29 13:42:00.260,n,78.248976,3.912792,4.412835,1.221039,OverRange,OverRange,OverRange,12.064846,15.107838,75.012176
2026/05/29 13:43:00.263,n,77.812368,6.302335,5.628855,1.139174,OverRange,OverRange,OverRange,12.106288,15.11105,75.52316
2026/05/29 13:44:00.264,n,77.508168,6.111005,4.54014,1.227533,OverRange,OverRange,OverRange,12.093678,15.112092,76.152584
2026/05/29 13:45:00.270,n,77.809416,3.298384,4.410297,1.332547,OverRange,OverRange,OverRange,12.090602,15.121722,77.18336
2026/05/29 13:46:00.270,n,78.61964,3.9468,4.795656,1.057812,OverRange,OverRange,OverRange,12.06157,15.118528,78.61472
2026/05/29 13:47:00.270,n,80.176184,4.506034,4.736006,1.218998,OverRange,OverRange,OverRange,12.0598,15.124966,80.45376
2026/05/29 13:48:00.277,n,81.914536,3.534999,4.588748,1.342933,OverRange,OverRange,OverRange,12.030976,15.124966,81.98588
2026/05/29 13:49:00.260,n,83.360096,3.428883,4.606554,1.248448,OverRange,OverRange,OverRange,12.097682,15.129232,82.69644
2026/05/29 13:50:00.265,n,84.085392,3.539476,4.493032,1.325041,OverRange,OverRange,OverRange,12.161616,15.128158,82.641072
2026/05/29 13:51:00.264,n,84.307864,4.479648,4.608228,1.197114,OverRange,OverRange,OverRange,12.138642,15.13567,82.261728
2026/05/29 13:52:00.267,n,83.8946,4.05853,4.894172,1.16646,OverRange,OverRange,OverRange,12.139146,15.14315,81.492296
2026/05/29 13:53:00.267,n,83.03332,6.009719,5.893974,0.242169,OverRange,OverRange,OverRange,12.146954,15.147436,80.635152
2026/05/29 13:54:00.268,n,82.044632,5.758178,5.699876,1.024515,OverRange,OverRange,OverRange,12.11083,15.14851,80.005384
2026/05/29 13:55:00.272,n,81.47216,4.695453,4.6408,0.96531,OverRange,OverRange,OverRange,12.063832,15.15384,80.005552
2026/05/29 13:56:00.275,n,81.6632,4.813083,4.224748,1.179653,OverRange,OverRange,OverRange,12.092642,15.162426,80.583952
2026/05/29 13:57:00.274,n,82.371152,2.881171,5.081499,1.361936,OverRange,OverRange,OverRange,12.0474,15.16135,81.539728
2026/05/29 13:58:00.260,n,83.411936,3.804087,5.23779,1.106211,OverRange,OverRange,OverRange,12.022146,15.165636,82.474264
2026/05/29 13:59:00.262,n,84.663128,3.473322,5.044961,1.278592,OverRange,OverRange,OverRange,12.008494,15.173084,83.818512
2026/05/29 14:00:00.265,n,86.20864,5.525048,5.211941,1.128741,OverRange,OverRange,OverRange,11.941244,15.172024,85.190664
2026/05/29 14:01:00.267,n,87.198872,5.789772,4.982272,1.451996,OverRange,OverRange,OverRange,11.895228,15.177418,85.92904
2026/05/29 14:02:00.267,n,87.637912,4.030047,4.189009,1.019426,OverRange,OverRange,OverRange,11.899536,15.17952,86.244568
2026/05/29 14:03:00.270,n,87.424288,4.03032,4.679841,0.944978,OverRange,OverRange,OverRange,11.8429,15.177418,86.66324
2026/05/29 14:04:00.270,n,87.256616,6.210086,4.948525,1.273857,OverRange,OverRange,OverRange,11.860856,15.169874,87.527288
2026/05/29 14:05:00.273,n,87.978552,4.063086,4.627656,1.146395,OverRange,OverRange,OverRange,11.876782,15.174192,89.065304
2026/05/29 14:06:00.276,n,89.807992,6.303213,5.69314,1.04707,OverRange,OverRange,OverRange,11.949092,15.160438,92.063608
2026/05/29 14:07:00.260,n,92.781496,6.220294,4.60124,1.270137,OverRange,OverRange,OverRange,11.887654,15.152958,96.21964
2026/05/29 14:08:00.262,n,96.51224,4.082602,4.047359,0.297704,OverRange,OverRange,OverRange,11.84897,15.152958,101.25314
2026/05/29 14:09:00.264,n,100.70768,3.97547,4.213539,0.401583,OverRange,OverRange,OverRange,11.789042,15.15402,106.66444
2026/05/29 14:10:00.266,n,104.8205,3.494279,5.454481,0.989019,OverRange,OverRange,OverRange,11.834576,15.151882,111.80322
2026/05/29 14:11:00.268,n,109.08894,5.98152,4.918944,1.328643,OverRange,OverRange,OverRange,11.838604,15.148658,117.4698
2026/05/29 14:12:00.271,n,114.20136,3.997976,4.78334,1.413722,OverRange,OverRange,OverRange,11.774104,15.152958,123.87868
2026/05/29 14:13:00.271,n,120.28846,4.135141,4.737858,1.004948,OverRange,OverRange,OverRange,11.769816,15.15402,130.87842
2026/05/29 14:14:00.274,n,127.37196,3.350196,4.564721,1.329196,OverRange,OverRange,OverRange,11.765508,15.150808,137.34038
2026/05/29 14:15:00.277,n,134.36604,3.22499,4.391653,1.414344,OverRange,OverRange,OverRange,11.810272,15.149734,141.90704
2026/05/29 14:16:00.262,n,140.25634,6.36327,5.015961,1.392995,OverRange,OverRange,OverRange,11.897782,15.159364,144.52874
2026/05/29 14:17:00.266,n,144.90594,6.141523,4.822583,1.466062,OverRange,OverRange,OverRange,11.959442,15.152958,146.4717
2026/05/29 14:18:00.269,n,145.6673,6.101422,4.798038,1.449419,OverRange,OverRange,OverRange,11.993052,15.158286,144.30136
2026/05/29 14:19:00.267,n,143.19674,5.84048,5.093757,1.221064,OverRange,OverRange,OverRange,11.992794,15.171128,138.23642
2026/05/29 14:20:00.271,n,140.89,6.079777,4.766396,1.111353,OverRange,OverRange,OverRange,11.988766,15.17649,134.2785
2026/05/29 14:21:00.273,n,136.26324,6.129154,5.120373,1.445692,OverRange,OverRange,OverRange,11.98193,15.18933,128.2877
2026/05/29 14:22:00.274,n,127.40006,5.977908,4.816381,1.404011,OverRange,OverRange,OverRange,11.994334,15.200068,118.18274
2026/05/29 14:23:00.275,n,116.94918,6.250415,4.73136,1.225842,OverRange,OverRange,OverRange,11.935696,15.205364,106.9599
2026/05/29 14:24:00.277,n,106.7105,3.451618,4.710202,1.506331,OverRange,OverRange,OverRange,11.97991,15.212876,96.654024
2026/05/29 14:25:00.265,n,98.138712,6.559245,5.270561,1.4069,OverRange,OverRange,OverRange,12.053212,15.222506,88.598336
2026/05/29 14:26:00.264,n,90.744848,3.902741,4.474408,1.420214,OverRange,OverRange,OverRange,11.991792,15.23427,82.226664
2026/05/29 14:27:00.266,n,84.359568,5.874454,5.094448,1.251125,OverRange,OverRange,OverRange,12.046138,15.235348,76.97816
2026/05/29 14:28:00.268,n,79.409584,3.529071,5.518284,1.002496,OverRange,OverRange,OverRange,12.046112,15.239634,72.959656
2026/05/29 14:29:00.270,n,76.978416,5.615495,5.171871,0.979656,OverRange,OverRange,OverRange,12.030966,15.247112,71.741264
2026/05/29 14:30:00.273,n,77.071048,3.959132,5.00227,1.114053,OverRange,OverRange,OverRange,12.105516,15.255634,72.088184
2026/05/29 14:31:00.274,n,78.038048,4.027238,4.517739,1.303441,OverRange,OverRange,OverRange,12.1371,15.251412,73.248992
2026/05/29 14:32:00.279,n,79.348896,3.320404,4.801836,1.469202,OverRange,OverRange,OverRange,12.059526,15.25886,74.430264
2026/05/29 14:33:00.278,n,81.139592,5.029256,4.691087,1.279807,OverRange,OverRange,OverRange,11.993832,15.26955,76.028016
2026/05/29 14:34:00.264,n,81.981136,5.768239,5.149223,1.321637,OverRange,OverRange,OverRange,12.011766,15.264222,76.829352
2026/05/29 14:35:00.265,n,81.295864,6.189783,4.784058,1.112706,OverRange,OverRange,OverRange,11.996084,15.257786,76.439176
2026/05/29 14:36:00.269,n,80.268944,6.085109,4.793566,1.548254,OverRange,OverRange,OverRange,11.92862,15.25886,75.957112
2026/05/29 14:37:00.270,n,80.066616,6.262612,4.854265,1.476978,OverRange,OverRange,OverRange,11.888418,15.25671,76.31692
2026/05/29 14:38:00.272,n,80.511944,4.260515,4.437726,1.141275,OverRange,OverRange,OverRange,11.909638,15.25671,77.435488
2026/05/29 14:39:00.275,n,81.894384,6.094729,4.991155,1.449728,OverRange,OverRange,OverRange,11.961712,15.257786,79.918952
2026/05/29 14:40:00.276,n,87.079936,6.124199,4.953722,1.330986,OverRange,OverRange,OverRange,11.987752,15.251412,86.214448
2026/05/29 14:41:00.278,n,97.124608,6.146376,5.259998,1.403417,OverRange,OverRange,OverRange,12.053462,15.246036,95.91932
2026/05/29 14:42:00.279,n,107.4173,6.17179,4.776951,1.492271,OverRange,OverRange,OverRange,12.09161,15.247112,104.22492
2026/05/29 14:43:00.266,n,112.15314,5.119199,5.136426,1.427736,OverRange,OverRange,OverRange,12.09489,15.251412,107.2187
2026/05/29 14:44:00.269,n,112.77772,6.159282,4.754916,1.20138,OverRange,OverRange,OverRange,11.977636,15.246036,107.20342
2026/05/29 14:45:00.270,n,109.5326,3.912185,5.270282,1.18824,OverRange,OverRange,OverRange,11.974606,15.250306,103.04524
2026/05/29 14:46:00.272,n,103.41778,5.989116,4.671595,1.18708,OverRange,OverRange,OverRange,11.966782,15.251412,97.239848
2026/05/29 14:47:00.276,n,98.983064,4.097291,4.316038,0.863614,OverRange,OverRange,OverRange,11.926834,15.255634,93.017248
2026/05/29 14:48:00.276,n,96.078584,5.848857,5.697581,1.13204,OverRange,OverRange,OverRange,11.97108,15.260996,90.29096
2026/05/29 14:49:00.280,n,92.556336,3.777735,4.683892,1.346048,OverRange,OverRange,OverRange,11.902318,15.253516,86.739512
2026/05/29 14:50:00.280,n,88.80956,3.641956,5.016648,1.375137,OverRange,OverRange,OverRange,11.892456,15.254592,83.79556
2026/05/29 14:51:00.283,n,85.942928,6.108327,4.933922,1.159266,OverRange,OverRange,OverRange,11.948318,15.255634,82.2904
2026/05/29 14:52:00.268,n,85.677216,6.272105,5.757869,1.081387,OverRange,OverRange,OverRange,11.901052,15.250306,82.893704
2026/05/29 14:53:00.270,n,87.735936,3.317465,4.343341,1.179968,OverRange,OverRange,OverRange,11.92684,15.249262,85.144512
2026/05/29 14:54:00.271,n,91.12,3.614667,4.731238,1.348935,OverRange,OverRange,OverRange,11.978892,15.243868,87.431736
2026/05/29 14:55:00.273,n,93.614432,3.523618,3.934518,0.753866,OverRange,OverRange,OverRange,11.891958,15.241718,88.679392
2026/05/29 14:56:00.278,n,93.923768,5.994785,4.517913,1.252518,OverRange,OverRange,OverRange,11.904588,15.237496,87.825504
2026/05/29 14:57:00.279,n,93.594032,6.563837,5.238421,1.105942,OverRange,OverRange,OverRange,11.96021,15.241718,86.22912
2026/05/29 14:58:00.281,n,94.55436,3.746125,4.748109,1.354338,OverRange,OverRange,OverRange,11.969316,15.233196,86.814176
2026/05/29 14:59:00.284,n,97.587528,5.762371,4.411999,0.717772,OverRange,OverRange,OverRange,12.009236,15.23427,89.1834
2026/05/29 15:00:00.287,n,100.95286,3.862657,5.245321,1.269618,OverRange,OverRange,OverRange,12.137848,15.239634,91.024048
2026/05/29 15:01:00.270,n,102.13952,5.806762,4.900126,1.113376,OverRange,OverRange,OverRange,12.18457,15.236422,91.781368
2026/05/29 15:02:00.274,n,98.803944,3.792655,4.209431,0.872372,OverRange,OverRange,OverRange,12.06659,15.240676,89.366752
2026/05/29 15:03:00.258,n,92.822688,6.111159,5.550058,0.866887,OverRange,OverRange,OverRange,12.047658,15.244944,85.73528
2026/05/29 15:04:00.259,n,86.907232,6.539784,6.078363,0.489339,OverRange,OverRange,OverRange,12.067616,15.255634,81.841256
2026/05/29 15:05:00.262,n,82.484192,5.231894,5.728124,0.800011,OverRange,OverRange,OverRange,12.10019,15.270626,78.46916
2026/05/29 15:06:00.357,n,79.0624,4.190854,5.126636,1.270202,OverRange,OverRange,OverRange,12.0383,15.275988,75.10952
2026/05/29 15:07:00.390,n,75.750312,4.45848,4.458954,1.058427,OverRange,OverRange,OverRange,12.13052,15.279212,71.468912
2026/05/29 15:08:00.390,n,74.426504,4.8685,4.920068,0.851251,OverRange,OverRange,OverRange,12.118902,15.290978,69.106608
2026/05/29 15:09:00.343,n,73.864416,3.481248,4.752978,1.346266,OverRange,OverRange,OverRange,12.076202,15.298426,67.480872
2026/05/29 15:10:00.320,n,72.899208,3.656453,5.041678,1.313044,OverRange,OverRange,OverRange,12.102718,15.303788,65.294928
2026/05/29 15:11:00.259,n,73.052784,6.199161,4.886496,1.368524,OverRange,OverRange,OverRange,12.104248,15.317704,64.61474
2026/05/29 15:12:00.260,n,74.571096,3.420837,4.83049,1.445301,OverRange,OverRange,OverRange,12.061554,15.32093,65.43724
2026/05/29 15:13:00.262,n,76.570152,4.225014,4.767531,1.215598,OverRange,OverRange,OverRange,12.049664,15.323016,67.292824
2026/05/29 15:14:00.264,n,77.91924,3.450805,4.344391,1.301524,OverRange,OverRange,OverRange,11.977138,15.321974,68.895424
2026/05/29 15:15:00.266,n,78.391,3.948322,4.398128,1.019361,OverRange,OverRange,OverRange,11.959188,15.323016,70.366808
2026/05/29 15:16:00.269,n,80.083928,3.448455,4.867867,1.244275,OverRange,OverRange,OverRange,11.946554,15.321974,73.080224
2026/05/29 15:17:00.271,n,85.485784,3.329931,4.780921,1.315619,OverRange,OverRange,OverRange,11.973614,15.323016,78.785704
2026/05/29 15:18:00.274,n,92.871952,6.331949,4.665721,1.267785,OverRange,OverRange,OverRange,11.93542,15.321974,85.195784
2026/05/29 15:19:00.258,n,98.42264,3.461228,4.695654,1.41201,OverRange,OverRange,OverRange,11.921276,15.317704,89.618784
2026/05/29 15:20:00.262,n,102.75716,6.391246,5.193482,1.289713,OverRange,OverRange,OverRange,11.94453,15.317002,94.048128
2026/05/29 15:21:00.262,n,107.92204,6.189151,6.12411,0.07925,OverRange,OverRange,OverRange,11.9301,15.314884,99.505832
2026/05/29 15:22:00.265,n,111.93132,6.011437,5.255333,1.228774,OverRange,OverRange,OverRange,11.921246,15.303118,103.38902
2026/05/29 15:23:00.270,n,113.32108,4.814106,4.058512,0.80906,OverRange,OverRange,OverRange,11.94046,15.307388,104.65442
2026/05/29 15:24:00.269,n,112.69394,4.491459,5.38935,1.032637,OverRange,OverRange,OverRange,11.903042,15.301214,103.37382
2026/05/29 15:25:00.270,n,110.06764,5.680949,5.769313,0.550232,OverRange,OverRange,OverRange,11.90449,15.291598,99.097224
2026/05/29 15:26:00.272,n,107.45182,5.352499,5.774258,0.240385,OverRange,OverRange,OverRange,11.921692,15.292672,94.571656
2026/05/29 15:27:00.277,n,105.33896,5.79656,4.474042,0.855897,OverRange,OverRange,OverRange,11.941896,15.290522,91.030704
2026/05/29 15:28:00.261,n,102.09846,3.253082,5.025024,1.429806,OverRange,OverRange,OverRange,11.962372,15.292672,86.386624
2026/05/29 15:29:00.264,n,94.988792,6.186434,4.657071,1.19426,OverRange,OverRange,OverRange,12.015208,15.294808,79.192104
2026/05/29 15:30:00.264,n,86.065192,6.069855,4.565524,1.289276,OverRange,OverRange,OverRange,11.938864,15.291598,71.481024
2026/05/29 15:31:00.265,n,77.79056,3.603795,4.526598,1.503179,OverRange,OverRange,OverRange,11.927502,15.295916,64.14692
2026/05/29 15:32:00.267,n,68.720832,3.536838,5.152367,1.256653,OverRange,OverRange,OverRange,11.98438,15.296992,56.056428
2026/05/29 15:33:00.273,n,60.120816,6.113708,4.876112,1.245126,OverRange,OverRange,OverRange,12.047054,15.296992,49.338076
2026/05/29 15:34:00.274,n,56.671696,6.195669,4.974015,1.361327,OverRange,OverRange,OverRange,12.06094,15.296992,47.900236
2026/05/29 15:35:00.274,n,57.9882,4.643586,4.664622,1.086034,OverRange,OverRange,OverRange,12.016974,15.294808,50.286176
2026/05/29 15:36:00.471,n,60.938476,5.997349,5.343579,1.446377,OverRange,OverRange,OverRange,12.034164,15.289448,53.458452
2026/05/29 15:37:00.268,n,63.949828,3.865624,4.606251,1.382219,OverRange,OverRange,OverRange,11.95303,15.290522,55.612064
2026/05/29 15:38:00.263,n,63.955472,3.821658,3.851296,0.261068,OverRange,OverRange,OverRange,11.91714,15.291598,54.716356
2026/05/29 15:39:00.266,n,61.297592,6.735883,5.359858,1.363906,OverRange,OverRange,OverRange,11.941906,15.278774,51.863352
2026/05/29 15:40:00.267,n,58.179368,3.696952,4.302456,1.247683,OverRange,OverRange,OverRange,11.918652,15.282,49.249772
2026/05/29 15:41:00.270,n,55.12798,5.603843,4.292191,1.28152,OverRange,OverRange,OverRange,11.907786,15.278774,46.666048
2026/05/29 15:42:00.272,n,51.324756,5.065418,5.591698,0.427002,OverRange,OverRange,OverRange,11.845836,15.279848,43.262464
2026/05/29 15:43:00.276,n,47.21194,6.250844,4.467917,1.116465,OverRange,OverRange,OverRange,11.87972,15.279848,40.413136
2026/05/29 15:44:00.277,n,43.84866,5.922476,4.871516,1.323747,OverRange,OverRange,OverRange,11.888052,15.278774,37.758768
2026/05/29 15:45:00.279,n,41.192824,3.323362,5.383669,1.235273,OverRange,OverRange,OverRange,11.89059,15.277746,36.0106
2026/05/29 15:46:00.264,n,40.680008,6.044032,6.101235,0.222985,OverRange,OverRange,OverRange,11.889318,15.279848,36.52006
2026/05/29 15:47:00.267,n,43.158396,5.954619,5.202036,1.226828,OverRange,OverRange,OverRange,11.866064,15.275564,39.64404
2026/05/29 15:48:00.269,n,48.305064,3.879033,4.964577,1.157782,OverRange,OverRange,OverRange,11.835974,15.275564,44.517212
2026/05/29 15:49:00.272,n,52.486908,3.20747,4.530627,1.126102,OverRange,OverRange,OverRange,11.86405,15.269158,47.441284
2026/05/29 15:50:00.273,n,52.004496,6.022,4.426119,1.213778,OverRange,OverRange,OverRange,11.875428,15.262754,45.504048
2026/05/29 15:51:00.274,n,47.814056,5.86816,5.62175,0.834511,OverRange,OverRange,OverRange,11.88174,15.260604,40.983256
2026/05/29 15:52:00.473,n,44.192248,3.716375,4.821538,1.483255,OverRange,OverRange,OverRange,11.858226,15.2542,38.406872
2026/05/29 15:53:00.279,n,44.30284,3.70391,3.700723,0.182585,OverRange,OverRange,OverRange,11.833206,15.247764,39.95854
2026/05/29 15:54:00.282,n,46.979328,6.325675,5.492925,1.119305,OverRange,OverRange,OverRange,11.802098,15.247764,42.606
2026/05/29 15:55:00.265,n,49.372528,3.341571,4.307256,1.115884,OverRange,OverRange,OverRange,11.800572,15.232772,44.172088
2026/05/29 15:56:00.269,n,50.488496,3.886269,5.307909,1.27245,OverRange,OverRange,OverRange,11.829148,15.231696,44.531204
2026/05/29 15:57:00.273,n,50.75292,3.361909,4.693603,1.405082,OverRange,OverRange,OverRange,11.859478,15.218888,44.233856
2026/05/29 15:58:00.273,n,50.09012,3.982043,4.723398,1.320304,OverRange,OverRange,OverRange,11.86025,15.212484,42.991148
2026/05/29 15:59:00.274,n,49.505964,5.302621,5.108177,1.120297,OverRange,OverRange,OverRange,11.883,15.207108,42.408224
2026/05/29 16:00:00.277,n,51.191192,6.134427,5.69808,0.687065,OverRange,OverRange,OverRange,11.901718,15.197494,43.913128
2026/05/29 16:01:00.279,n,54.466464,4.43973,5.209657,1.301168,OverRange,OverRange,OverRange,11.834462,15.195342,46.25676
2026/05/29 16:02:00.280,n,55.813116,3.910993,4.710496,1.11953,OverRange,OverRange,OverRange,11.780086,15.212076,46.550268
2026/05/29 16:03:00.281,n,54.381144,6.046701,5.86618,0.780738,OverRange,OverRange,OverRange,11.8402,15.203554,44.779148
2026/05/29 16:04:00.271,n,51.184008,4.040402,3.825797,0.202978,OverRange,OverRange,OverRange,11.769908,15.196206,41.741772
2026/05/29 16:05:00.270,n,47.051696,5.875581,4.857896,1.367846,OverRange,OverRange,OverRange,11.813046,15.184424,38.121128
2026/05/29 16:06:00.270,n,42.66316,5.86087,4.931353,1.11843,OverRange,OverRange,OverRange,11.740968,15.175884,34.21278
2026/05/29 16:07:00.276,n,38.400232,2.895671,5.333249,1.195332,OverRange,OverRange,OverRange,11.75208,15.166256,30.843414
2026/05/29 16:08:00.275,n,35.854352,4.002448,3.808028,0.171893,OverRange,OverRange,OverRange,11.733632,15.164072,29.266322
2026/05/29 16:09:00.277,n,33.754324,3.285843,4.42248,1.374025,OverRange,OverRange,OverRange,11.734894,15.15449,27.91465
2026/05/29 16:10:00.279,n,30.854204,3.225404,4.721998,1.429312,OverRange,OverRange,OverRange,11.735144,15.143786,26.101042
2026/05/29 16:11:00.282,n,30.196406,3.636895,4.417177,1.266886,OverRange,OverRange,OverRange,11.68607,15.137316,27.071838
2026/05/29 16:12:00.283,n,33.166832,3.899483,4.039561,1.070929,OverRange,OverRange,OverRange,11.699224,15.118104,30.616796
2026/05/29 16:13:00.268,n,37.637992,4.003232,3.911453,0.374087,OverRange,OverRange,OverRange,11.71491,15.11703,34.865412
2026/05/29 16:14:00.271,n,41.696408,3.860832,3.926524,0.850725,OverRange,OverRange,OverRange,11.747294,15.104188,38.433752
2026/05/29 16:15:00.274,n,45.152196,4.942588,4.948907,1.38271,OverRange,OverRange,OverRange,11.751088,15.097752,41.189396
2026/05/29 16:16:00.276,n,48.081312,3.775324,4.505702,1.141037,OverRange,OverRange,OverRange,11.711116,15.090274,42.772976
2026/05/29 16:17:00.276,n,49.578584,4.085079,5.023865,1.397654,OverRange,OverRange,OverRange,11.76295,15.087014,42.638252
2026/05/29 16:18:00.279,n,48.962224,3.768954,4.844219,1.10145,OverRange,OverRange,OverRange,11.756398,15.089196,40.27602
2026/05/29 16:19:00.264,n,44.703784,3.518872,4.83684,1.506288,OverRange,OverRange,OverRange,11.764736,15.090274,35.496708
2026/05/29 16:20:00.282,n,38.723548,3.959448,4.859797,1.397152,OverRange,OverRange,OverRange,11.69037,15.085972,31.123866
2026/05/29 16:21:00.284,n,35.502808,3.327621,4.016479,0.6958,OverRange,OverRange,OverRange,11.711874,15.08488,30.414156
2026/05/29 16:22:00.269,n,36.444152,3.677455,4.652801,1.293317,OverRange,OverRange,OverRange,11.707576,15.090274,32.693958
2026/05/29 16:23:00.272,n,38.712512,5.987668,4.859863,1.156303,OverRange,OverRange,OverRange,11.707576,15.089196,34.886996
2026/05/29 16:24:00.257,n,39.37698,3.520071,4.668851,1.389557,OverRange,OverRange,OverRange,11.649384,15.083838,34.800052
2026/05/29 16:25:00.261,n,38.534432,3.805392,4.364382,1.147183,OverRange,OverRange,OverRange,11.648118,15.083838,34.048792
2026/05/29 16:26:00.264,n,37.225124,3.563787,4.841776,1.296267,OverRange,OverRange,OverRange,11.675192,15.081686,33.03619
2026/05/29 16:27:00.264,n,36.746944,6.26147,4.917287,1.408364,OverRange,OverRange,OverRange,11.682776,15.07525,32.324864
2026/05/29 16:28:00.267,n,36.1583,5.926271,5.636215,1.059334,OverRange,OverRange,OverRange,11.690614,15.067772,30.899558
2026/05/29 16:29:00.267,n,33.919832,3.416086,5.458811,1.446549,OverRange,OverRange,OverRange,11.672918,15.064528,27.930008
2026/05/29 16:30:00.269,n,30.638916,6.084767,5.029478,1.00883,OverRange,OverRange,OverRange,11.712382,15.058142,24.99177
2026/05/29 16:31:00.271,n,28.277664,6.215613,6.006848,0.216443,OverRange,OverRange,OverRange,11.72379,15.056006,23.06571
2026/05/29 16:32:00.258,n,26.206632,3.862599,4.603909,1.158999,OverRange,OverRange,OverRange,11.668106,15.050612,21.468482
2026/05/29 16:33:00.259,n,24.697168,3.943898,4.003106,0.118134,OverRange,OverRange,OverRange,11.662552,15.047452,20.79145
2026/05/29 16:34:00.262,n,24.058486,6.160029,4.601744,1.278639,OverRange,OverRange,OverRange,11.654186,15.035672,20.78164
2026/05/29 16:35:00.262,n,24.50767,6.372019,5.258938,1.686332,OverRange,OverRange,OverRange,11.623078,15.026024,21.309696
2026/05/29 16:36:00.267,n,25.56859,5.132163,4.27048,1.170383,OverRange,OverRange,OverRange,11.593446,15.016362,22.170596
2026/05/29 16:37:00.267,n,26.454512,3.796771,4.410993,1.170525,OverRange,OverRange,OverRange,11.601044,15.007792,22.860938
2026/05/29 16:38:00.269,n,26.786552,3.251677,5.072489,1.305308,OverRange,OverRange,OverRange,11.641796,15.001406,23.228246
2026/05/29 16:39:00.272,n,27.628336,6.267632,5.355707,1.008512,OverRange,OverRange,OverRange,11.61142,14.98964,23.750932
2026/05/29 16:40:00.272,n,27.197372,3.849115,4.665369,1.079438,OverRange,OverRange,OverRange,11.58485,14.983172,22.951722
2026/05/29 16:41:00.257,n,26.08423,3.697263,3.759065,0.098783,OverRange,OverRange,OverRange,11.578532,14.97781,22.160956
2026/05/29 16:42:00.261,n,26.428336,3.797938,4.459876,1.166306,OverRange,OverRange,OverRange,11.594728,14.962852,22.748652
2026/05/29 16:43:00.262,n,27.532364,3.73682,4.238793,1.016409,OverRange,OverRange,OverRange,11.596766,14.95213,23.88233
2026/05/29 16:44:00.268,n,28.1119,3.546916,3.912232,0.459278,OverRange,OverRange,OverRange,11.608664,14.937108,24.334276
2026/05/29 16:45:00.267,n,28.272148,5.956021,5.253931,1.328381,OverRange,OverRange,OverRange,11.64358,14.933914,24.258682
2026/05/29 16:46:00.268,n,28.123322,5.026599,4.058865,0.787235,OverRange,OverRange,OverRange,11.582072,14.931766,23.98079
2026/05/29 16:47:00.271,n,27.235222,3.567506,4.405293,1.276878,OverRange,OverRange,OverRange,11.605362,14.918892,23.193268
2026/05/29 16:48:00.272,n,25.883314,6.196555,4.814068,1.22961,OverRange,OverRange,OverRange,11.610418,14.913564,22.135614
2026/05/29 16:49:00.258,n,24.84292,3.9589,4.66861,0.977237,OverRange,OverRange,OverRange,11.592458,14.90602,21.340842
2026/05/29 16:50:00.261,n,24.551292,3.799222,4.786253,1.14043,OverRange,OverRange,OverRange,11.627122,14.896406,21.45884
2026/05/29 16:51:00.262,n,24.65355,5.877406,4.510876,1.137993,OverRange,OverRange,OverRange,11.652924,14.894256,21.727602
2026/05/29 16:52:00.264,n,24.247988,5.844791,5.478956,1.073332,OverRange,OverRange,OverRange,11.643322,14.893182,20.899642
2026/05/29 16:53:00.266,n,23.098924,6.086063,4.67177,1.431431,OverRange,OverRange,OverRange,11.607884,14.893182,19.82936
2026/05/29 16:54:00.324,n,22.107414,5.961692,4.781521,1.369231,OverRange,OverRange,OverRange,11.606858,14.894256,18.811126
2026/05/29 16:55:00.270,n,21.04534,4.514063,4.988456,1.273998,OverRange,OverRange,OverRange,11.61548,14.890002,17.736066
2026/05/29 16:56:00.272,n,19.90436,5.907792,5.141293,1.263193,OverRange,OverRange,OverRange,11.643586,14.91112,17.125502
2026/05/29 16:57:00.275,n,20.511866,6.461202,4.776394,1.617631,OverRange,OverRange,OverRange,11.65447,14.925556,17.78726
2026/05/29 16:58:00.259,n,21.14131,3.420233,5.128371,1.46883,OverRange,OverRange,OverRange,11.645392,14.92233,18.406442
2026/05/29 16:59:00.261,n,21.795004,6.347253,5.086649,1.315013,OverRange,OverRange,OverRange,11.682338,14.92448,19.020506
2026/05/29 17:00:00.264,n,21.152982,3.299909,5.598678,1.127712,OverRange,OverRange,OverRange,11.650706,14.923406,18.080854
2026/05/29 17:01:00.266,n,19.60888,3.167926,5.215637,1.31807,OverRange,OverRange,OverRange,11.648678,14.927658,16.914416
2026/05/29 17:02:00.268,n,18.765174,3.536331,3.999633,0.610296,OverRange,OverRange,OverRange,11.636532,14.92233,16.728244
2026/05/29 17:03:00.274,n,19.273502,3.690415,3.72489,0.042558,OverRange,OverRange,OverRange,11.645396,14.920212,17.282836
2026/05/29 17:04:00.272,n,20.54009,4.52771,3.944206,0.301701,OverRange,OverRange,OverRange,11.648942,14.918076,18.121724
2026/05/29 17:05:00.276,n,21.287444,6.300401,6.118139,0.123514,OverRange,OverRange,OverRange,11.67095,14.9127,18.158412
2026/05/29 17:06:00.276,n,20.505192,6.108078,4.967401,1.556452,OverRange,OverRange,OverRange,11.614778,14.9127,17.106218
2026/05/29 17:07:00.263,n,18.04361,6.166128,6.113518,0.0675,OverRange,OverRange,OverRange,11.631222,14.910126,14.503642
2026/05/29 17:08:00.263,n,15.07511,4.812823,4.09319,0.579641,OverRange,OverRange,OverRange,11.591584,14.896194,12.149008
2026/05/29 17:09:00.270,n,13.381924,3.468545,3.655219,0.150738,OverRange,OverRange,OverRange,11.60577,14.897204,11.111578
2026/05/29 17:10:00.267,n,12.285204,4.283711,5.632622,1.216864,OverRange,OverRange,OverRange,11.648026,14.884382,9.92398
2026/05/29 17:11:00.270,n,10.9188,5.692938,5.788927,0.863965,OverRange,OverRange,OverRange,11.630818,14.875812,8.451748
2026/05/29 17:12:00.271,n,9.267566,4.364622,4.140998,0.348544,OverRange,OverRange,OverRange,11.59082,14.871478,7.006136
2026/05/29 17:13:00.273,n,8.447722,3.183368,5.723522,1.284264,OverRange,OverRange,OverRange,11.634338,14.864032,6.207778
2026/05/29 17:14:00.276,n,7.929386,5.639758,4.210736,0.926711,OverRange,OverRange,OverRange,11.613358,14.860822,5.966401
2026/05/29 17:15:00.279,n,7.602091,3.529924,5.639153,1.075644,OverRange,OverRange,OverRange,11.635366,14.854354,5.425459
2026/05/29 17:16:00.264,n,6.648429,5.943128,4.591148,1.166991,OverRange,OverRange,OverRange,11.62854,14.84365,4.895268
2026/05/29 17:17:00.263,n,5.431238,6.280332,4.542326,1.335796,OverRange,OverRange,OverRange,11.60524,14.836168,3.7633
2026/05/29 17:18:00.267,n,4.234061,3.687309,4.448997,1.403984,OverRange,OverRange,OverRange,11.588796,14.829702,2.827317
2026/05/29 17:19:00.269,n,3.393048,3.816562,4.684311,1.385043,OverRange,OverRange,OverRange,11.5984,14.821162,2.427242
2026/05/29 17:20:00.272,n,3.147608,3.861733,4.864012,1.239261,OverRange,OverRange,OverRange,11.59666,14.812544,2.25839
2026/05/29 17:21:00.274,n,2.911021,3.616811,5.21334,1.366231,OverRange,OverRange,OverRange,11.582708,14.805066,1.873587
2026/05/29 17:22:00.274,n,2.647747,3.839184,4.545257,1.341264,OverRange,OverRange,OverRange,11.568798,14.799738,1.696885
2026/05/29 17:23:00.277,n,2.455168,6.108587,5.547381,1.092114,OverRange,OverRange,OverRange,11.599178,14.78791,1.467539
2026/05/29 17:24:00.277,n,2.387938,4.230317,4.930004,1.353226,OverRange,OverRange,OverRange,11.54298,14.782534,1.395613
2026/05/29 17:25:00.264,n,2.52522,5.943899,5.536531,0.634356,OverRange,OverRange,OverRange,11.585002,14.773994,1.599703
2026/05/29 17:26:00.266,n,2.957723,3.768427,3.893624,0.86418,OverRange,OverRange,OverRange,11.525524,14.764366,2.056347
2026/05/29 17:27:00.268,n,3.316709,4.141699,4.857885,1.198465,OverRange,OverRange,OverRange,11.579946,14.76541,2.413676
2026/05/29 17:28:00.271,n,3.518526,5.988098,5.525164,0.773248,OverRange,OverRange,OverRange,11.599926,14.755748,2.545584
2026/05/29 17:29:00.273,n,3.585884,6.227767,6.315705,0.108436,OverRange,OverRange,OverRange,11.588044,14.751462,2.45062
2026/05/29 17:30:00.278,n,3.46618,6.35694,5.36265,1.193918,OverRange,OverRange,OverRange,11.56575,14.749344,2.503093
2026/05/29 17:31:00.277,n,3.401644,3.86687,5.292146,1.155647,OverRange,OverRange,OverRange,11.525514,14.749344,2.436969
2026/05/29 17:32:00.278,n,3.144786,3.545834,5.256823,1.402999,OverRange,OverRange,OverRange,11.554124,14.749344,2.279806
2026/05/29 17:33:00.280,n,3.139012,3.6969,5.058377,1.207798,OverRange,OverRange,OverRange,11.535894,14.747194,4.171822
2026/05/29 17:34:00.266,n,2.875867,6.075594,5.179241,1.434002,OverRange,OverRange,OverRange,11.571066,14.750354,6.589337
2026/05/29 17:35:00.269,n,2.247705,6.186175,5.239296,1.435377,OverRange,OverRange,OverRange,11.56577,14.751462,5.700964
2026/05/29 17:36:00.271,n,1.309696,5.075948,4.735091,1.12866,OverRange,OverRange,OverRange,11.551092,14.749344,2.446525
2026/05/29 17:37:00.272,n,0.865134,3.807668,5.173185,1.272217,OverRange,OverRange,OverRange,11.530834,14.747194,-0.143853
2026/05/29 17:38:00.274,n,0.190014,6.028043,5.717145,0.992635,OverRange,OverRange,OverRange,11.561962,14.747194,-0.667048
2026/05/29 17:39:00.277,n,-0.090709,3.915033,5.23442,1.351631,OverRange,OverRange,OverRange,11.49794,14.747194,-1.124118
2026/05/29 17:40:00.280,n,-0.66075,4.030772,3.970833,0.13403,OverRange,OverRange,OverRange,11.468552,14.74074,-1.445185
2026/05/29 17:41:00.281,n,-0.748636,3.725391,4.812902,1.407574,OverRange,OverRange,OverRange,11.513866,14.742908,-1.450902
2026/05/29 17:42:00.284,n,-0.921201,3.760147,4.986904,1.456057,OverRange,OverRange,OverRange,11.522732,14.731144,-1.686305
2026/05/29 17:43:00.268,n,-1.26338,3.951267,3.86759,0.070008,OverRange,OverRange,OverRange,11.504278,14.725752,-1.896453
2026/05/29 17:44:00.271,n,-1.479824,3.806524,3.763204,0.04476,OverRange,OverRange,OverRange,11.525264,14.720358,-2.100971
2026/05/29 17:45:00.272,n,-1.719747,6.459412,4.40333,1.084498,OverRange,OverRange,OverRange,11.54425,14.715016,-2.235353
2026/05/29 17:46:00.274,n,-1.687286,6.574502,4.815439,1.392124,OverRange,OverRange,OverRange,11.538452,14.71394,-2.338592
2026/05/29 17:47:00.278,n,-1.719747,6.107661,6.068708,0.100414,OverRange,OverRange,OverRange,11.562984,14.71073,-2.484322
2026/05/29 17:48:00.279,n,-1.816229,6.095845,5.15127,1.173981,OverRange,OverRange,OverRange,11.534108,14.696784,-2.49806
2026/05/29 17:49:00.279,n,-1.874734,3.696288,4.830089,1.452555,OverRange,OverRange,OverRange,11.518428,14.69786,-2.700443
2026/05/29 17:50:00.283,n,-2.018046,6.26549,5.26036,1.466793,OverRange,OverRange,OverRange,11.552862,14.680688,-2.603091
2026/05/29 17:51:00.285,n,-2.059103,3.807619,4.938714,1.456326,OverRange,OverRange,OverRange,11.521978,14.684988,-2.778257
2026/05/29 17:52:00.268,n,-2.456964,3.777885,4.980789,1.39808,OverRange,OverRange,OverRange,11.521464,14.669966,-3.043097
2026/05/29 17:53:00.271,n,-2.363304,6.04086,5.413994,1.151631,OverRange,OverRange,OverRange,11.525254,14.669966,-2.955471
2026/05/29 17:54:00.274,n,-2.337131,3.641594,4.298436,1.110105,OverRange,OverRange,OverRange,11.466284,14.656052,-2.974839
2026/05/29 17:55:00.275,n,-2.63851,5.054255,4.092116,0.588557,OverRange,OverRange,OverRange,11.497426,14.646374,-3.043097
2026/05/29 17:56:00.277,n,-2.547673,3.757823,4.321276,1.074999,OverRange,OverRange,OverRange,11.48907,14.659912,-3.082174
2026/05/29 17:57:00.263,n,-2.147117,6.070639,5.042518,1.392816,OverRange,OverRange,OverRange,11.54155,14.638618,-2.726125
2026/05/29 17:58:00.267,n,-2.255147,5.27676,5.538426,1.029618,OverRange,OverRange,OverRange,11.501796,14.633226,-2.951717
2026/05/29 17:59:00.268,n,-2.39538,3.916997,3.721404,0.175181,OverRange,OverRange,OverRange,11.451448,14.620372,-2.93798
2026/05/29 18:00:00.270,n,-2.509567,3.86774,4.84132,1.221393,OverRange,OverRange,OverRange,11.509648,14.615044,-3.033541
2026/05/29 18:01:00.274,n,-2.471462,6.082798,6.179747,0.162765,OverRange,OverRange,OverRange,11.53801,14.60429,-3.06656
2026/05/29 18:02:00.257,n,-2.416036,6.008214,5.516659,0.995934,OverRange,OverRange,OverRange,11.490682,14.59678,-3.048813
2026/05/29 18:03:00.258,n,-2.474413,5.044403,4.338024,1.022709,OverRange,OverRange,OverRange,11.442822,14.59142,-3.087891
2026/05/29 18:04:00.261,n,-2.568201,4.512915,4.669575,1.314085,OverRange,OverRange,OverRange,11.458018,14.581726,-3.200942
2026/05/29 18:05:00.263,n,-2.635302,6.050251,5.065002,1.449511,OverRange,OverRange,OverRange,11.489914,14.57855,-3.159903
2026/05/29 18:06:00.266,n,-2.606178,6.056306,4.720806,1.277421,OverRange,OverRange,OverRange,11.465104,14.57855,-3.188997
2026/05/29 18:07:00.268,n,-2.44516,5.968886,4.57061,1.41665,OverRange,OverRange,OverRange,11.470688,14.575292,-3.113232
2026/05/29 18:08:00.269,n,-2.430662,3.521889,4.826518,1.457965,OverRange,OverRange,OverRange,11.443074,14.5764,-3.230123
2026/05/29 18:09:00.272,n,-2.641333,3.958625,3.901121,0.066647,OverRange,OverRange,OverRange,11.415472,14.580684,-3.193178
2026/05/29 18:10:00.256,n,-2.553446,3.368924,4.862896,1.387257,OverRange,OverRange,OverRange,11.454194,14.575292,-3.235839
2026/05/29 18:11:00.261,n,-2.51842,3.393299,4.865273,1.588474,OverRange,OverRange,OverRange,11.467616,14.579624,-3.234048
2026/05/29 18:12:00.263,n,-2.450934,5.514433,5.199413,1.414546,OverRange,OverRange,OverRange,11.483328,14.581726,-3.118948
2026/05/29 18:13:00.265,n,-2.474285,4.276018,5.076074,1.135482,OverRange,OverRange,OverRange,11.464326,14.585018,-3.222273
2026/05/29 18:14:00.266,n,-2.383832,6.205314,5.135868,1.518061,OverRange,OverRange,OverRange,11.437506,14.581726,-3.152139
2026/05/29 18:15:00.268,n,-2.483137,6.530093,4.670836,1.318387,OverRange,OverRange,OverRange,11.449642,14.5764,-3.175602
2026/05/29 18:16:00.270,n,-2.503794,6.515582,5.259167,1.402003,OverRange,OverRange,OverRange,11.470922,14.579624,-3.189254
2026/05/29 18:17:00.274,n,-2.667634,3.570729,4.639543,1.264354,OverRange,OverRange,OverRange,11.445598,14.57319,-3.302134
2026/05/29 18:18:00.274,n,-2.562299,6.029517,5.828108,0.492219,OverRange,OverRange,OverRange,11.513722,14.569964,-3.249491
2026/05/29 18:19:00.261,n,-2.515213,3.743002,4.86183,1.194889,OverRange,OverRange,OverRange,11.440288,14.569964,-3.282681
2026/05/29 18:20:00.263,n,-2.802094,3.793219,3.821368,0.100831,OverRange,OverRange,OverRange,11.4484,14.558134,-3.305889
2026/05/29 18:21:00.264,n,-2.787596,3.754809,3.930159,0.733169,OverRange,OverRange,OverRange,11.4608,14.559242,-3.307936
2026/05/29 18:22:00.265,n,-2.787467,3.082128,4.503538,1.351019,OverRange,OverRange,OverRange,11.460018,14.54955,-3.341041
2026/05/29 18:23:00.267,n,-2.723189,4.935689,4.144743,0.555229,OverRange,OverRange,OverRange,11.459798,14.54204,-3.305974
2026/05/29 18:24:00.270,n,-2.869452,6.170926,5.508069,1.180209,OverRange,OverRange,OverRange,11.50383,14.533486,-3.495047
2026/05/29 18:25:00.273,n,-2.810946,5.934226,5.588885,1.110965,OverRange,OverRange,OverRange,11.47167,14.530244,-3.456056
2026/05/29 18:26:00.273,n,-2.714592,6.26877,5.720217,1.07636,OverRange,OverRange,OverRange,11.46284,14.522766,-3.438479
2026/05/29 18:27:00.277,n,-2.831475,3.391231,5.217025,1.392634,OverRange,OverRange,OverRange,11.4266,14.512012,-3.489075
2026/05/29 18:28:00.262,n,-2.77592,3.509825,4.358786,1.124306,OverRange,OverRange,OverRange,11.4289,14.512012,-3.337202
2026/05/29 18:29:00.263,n,-2.758087,6.187367,5.165995,1.23542,OverRange,OverRange,OverRange,11.481054,14.50882,-3.323551
2026/05/29 18:30:00.269,n,-2.840199,3.831878,4.518391,1.135677,OverRange,OverRange,OverRange,11.414958,14.494824,-3.428752
2026/05/29 18:31:00.268,n,-3.047918,6.020259,5.253668,1.302307,OverRange,OverRange,OverRange,11.464844,14.485196,-3.471669
2026/05/29 18:32:00.269,n,-2.977738,6.161599,4.329798,0.961906,OverRange,OverRange,OverRange,11.394964,14.481938,-3.500764
2026/05/29 18:33:00.271,n,-2.980688,5.244218,5.380316,0.958801,OverRange,OverRange,OverRange,11.442822,14.466902,-3.565097
2026/05/29 18:34:00.276,n,-3.042145,6.277572,4.184415,1.171819,OverRange,OverRange,OverRange,11.387112,14.461592,-3.477386
2026/05/29 18:35:00.277,n,-3.047918,3.725463,4.636815,1.164733,OverRange,OverRange,OverRange,11.359502,14.451914,-3.615522
2026/05/29 18:36:00.280,n,-3.255766,6.744128,4.90177,1.305816,OverRange,OverRange,OverRange,11.400538,14.443296,-3.553323
2026/05/29 18:37:00.263,n,-3.088975,6.354594,5.322347,1.319792,OverRange,OverRange,OverRange,11.373942,14.439042,-3.611768
2026/05/29 18:38:00.267,n,-3.021745,6.061429,5.691594,0.857044,OverRange,OverRange,OverRange,11.416224,14.42614,-3.553493
2026/05/29 18:39:00.266,n,-3.068831,3.212043,5.111535,1.470762,OverRange,OverRange,OverRange,11.359482,14.415388,-3.666289
2026/05/29 18:40:00.269,n,-3.191487,3.735803,3.771282,0.088526,OverRange,OverRange,OverRange,11.352936,14.40576,-3.639072
2026/05/29 18:41:00.270,n,-3.012764,6.526587,5.467082,1.204314,OverRange,OverRange,OverRange,11.390138,14.402516,-3.590352
2026/05/29 18:42:00.272,n,-3.176861,5.949589,4.814048,1.184394,OverRange,OverRange,OverRange,11.36786,14.39504,-3.609806
2026/05/29 18:43:00.274,n,-2.983768,6.125057,5.847231,0.588269,OverRange,OverRange,OverRange,11.37698,14.39504,-3.609805
2026/05/29 18:44:00.276,n,-3.042145,4.889079,5.12176,0.986311,OverRange,OverRange,OverRange,11.35519,14.388538,-3.645044
2026/05/29 18:45:00.280,n,-3.089103,6.05703,5.394702,1.328487,OverRange,OverRange,OverRange,11.355184,14.39504,-3.646836
2026/05/29 18:46:00.264,n,-2.971836,3.707844,4.479348,1.157334,OverRange,OverRange,OverRange,11.292634,14.389648,-3.574738
2026/05/29 18:47:00.267,n,-3.112197,4.44819,4.768357,1.283176,OverRange,OverRange,OverRange,11.350862,14.383148,-3.611683
2026/05/29 18:48:00.268,n,-2.948357,3.3689,5.125665,1.281581,OverRange,OverRange,OverRange,11.33873,14.38424,-3.662535
2026/05/29 18:49:00.271,n,-3.109631,6.321723,5.250883,1.487016,OverRange,OverRange,OverRange,11.346304,14.38424,-3.62158
2026/05/29 18:50:00.345,n,-3.021873,5.237805,4.714499,1.398932,OverRange,OverRange,OverRange,11.319468,14.378912,-3.666289
2026/05/29 18:51:00.323,n,-2.98967,6.31969,5.774435,1.175651,OverRange,OverRange,OverRange,11.371654,14.37352,-3.625505
2026/05/29 18:52:00.326,n,-2.998138,6.14798,5.017924,1.070655,OverRange,OverRange,OverRange,11.334184,14.364934,-3.635232
2026/05/29 18:53:00.278,n,-3.209065,3.759631,3.751923,0.073475,OverRange,OverRange,OverRange,11.307576,14.364934,-3.672091
2026/05/29 18:54:00.280,n,-3.141963,6.168754,4.697165,1.328758,OverRange,OverRange,OverRange,11.384572,14.359542,-3.592229
2026/05/29 18:55:00.336,n,-2.945663,4.517141,5.930806,0.705528,OverRange,OverRange,OverRange,11.357728,14.35094,-3.645044
2026/05/29 18:56:00.317,n,-2.878305,6.162801,5.548981,1.318304,OverRange,OverRange,OverRange,11.34431,14.347778,-3.553323
2026/05/29 18:57:00.333,n,-2.881127,5.010017,5.097579,0.994047,OverRange,OverRange,OverRange,11.32076,14.336994,-3.576701
2026/05/29 18:58:00.338,n,-3.059979,6.333519,4.764611,1.244943,OverRange,OverRange,OverRange,11.35494,14.332726,-3.58839
2026/05/29 18:59:00.340,n,-2.927957,3.534444,5.091234,1.26593,OverRange,OverRange,OverRange,11.368618,14.32305,-3.578663
2026/05/29 19:00:00.276,n,-2.860727,3.557338,4.364895,1.253792,OverRange,OverRange,OverRange,11.35191,14.327366,-3.428582
2026/05/29 19:01:00.280,n,-2.972093,3.457985,5.424798,1.026137,OverRange,OverRange,OverRange,11.391928,14.31554,-3.596154
2026/05/29 19:02:00.264,n,-2.819799,6.004299,4.484651,1.114001,OverRange,OverRange,OverRange,11.37621,14.311222,-3.35273
2026/05/29 19:03:00.480,n,-2.948742,3.465439,4.12283,1.028041,OverRange,OverRange,OverRange,11.354182,14.335886,-3.520388
2026/05/29 19:04:00.453,n,-2.665197,6.190798,5.027158,1.518645,OverRange,OverRange,OverRange,11.44548,14.33157,-3.312458
2026/05/29 19:05:00.390,n,-2.551137,3.531008,5.760418,1.094827,OverRange,OverRange,OverRange,11.381658,14.325558,-3.438735
2026/05/29 19:06:00.271,n,-2.849565,6.165496,5.575581,1.189163,OverRange,OverRange,OverRange,11.422298,14.314838,-3.4837
2026/05/29 19:07:00.274,n,-2.902168,5.001155,5.203464,1.251076,OverRange,OverRange,OverRange,11.384802,14.314838,-3.567401
2026/05/29 19:08:00.275,n,-3.019564,6.042673,4.58662,1.179731,OverRange,OverRange,OverRange,11.375448,14.298712,-3.524484
2026/05/29 19:09:00.278,n,-3.019307,4.714549,4.667092,0.670486,OverRange,OverRange,OverRange,11.347082,14.291184,-3.633525
2026/05/29 19:10:00.279,n,-2.922696,4.554168,5.011251,1.154179,OverRange,OverRange,OverRange,11.363526,14.291184,-3.530286
2026/05/29 19:11:00.281,n,-3.031111,4.497011,4.365901,0.925893,OverRange,OverRange,OverRange,11.371394,14.28765,-3.497351
2026/05/29 19:12:00.284,n,-2.767709,3.74362,4.123747,1.040207,OverRange,OverRange,OverRange,11.35256,14.279048,-3.415698
2026/05/29 19:13:00.269,n,-2.826342,6.225412,4.582481,1.235202,OverRange,OverRange,OverRange,11.443222,14.271538,-3.287032
2026/05/29 19:14:00.272,n,-2.630042,3.960781,3.821016,0.543779,OverRange,OverRange,OverRange,11.3903,14.25971,-3.263654
2026/05/29 19:15:00.258,n,-2.758856,3.730262,4.829614,1.379056,OverRange,OverRange,OverRange,11.433106,14.251094,-3.322015
2026/05/29 19:16:00.259,n,-2.744487,3.642017,3.757203,0.126848,OverRange,OverRange,OverRange,11.40272,14.257528,-3.285241
2026/05/29 19:17:00.261,n,-2.79709,3.732768,3.752156,0.035243,OverRange,OverRange,OverRange,11.414612,14.251094,-3.334045
2026/05/29 19:18:00.263,n,-2.729604,6.283614,5.114815,1.400301,OverRange,OverRange,OverRange,11.45159,14.254334,-3.174151
2026/05/29 19:19:00.266,n,-2.551265,6.151378,6.152218,0.035416,OverRange,OverRange,OverRange,11.420442,14.246808,-3.316213
2026/05/29 19:20:00.267,n,-2.588986,6.105091,5.773243,1.130087,OverRange,OverRange,OverRange,11.395874,14.244658,-3.345563
2026/05/29 19:21:00.271,n,-2.668276,3.866179,4.33611,1.074663,OverRange,OverRange,OverRange,11.341156,14.257528,-3.32611
2026/05/29 19:22:00.271,n,-2.726781,6.0606,5.427807,1.183594,OverRange,OverRange,OverRange,11.4407,14.253276,-3.31826
2026/05/29 19:23:00.257,n,-2.671099,6.287339,4.409828,1.010173,OverRange,OverRange,OverRange,11.396368,14.256486,-3.333874
2026/05/29 19:24:00.260,n,-2.717928,3.360414,4.880003,1.535243,OverRange,OverRange,OverRange,11.39915,14.25541,-3.507078
2026/05/29 19:25:00.261,n,-2.545235,6.24179,5.737702,1.131196,OverRange,OverRange,OverRange,11.4369,14.257528,-3.415698
2026/05/29 19:26:00.263,n,-2.568842,6.32902,5.381703,1.129722,OverRange,OverRange,OverRange,11.39738,14.258846,-3.368771
2026/05/29 19:27:00.264,n,-2.67931,6.213359,5.751047,1.069651,OverRange,OverRange,OverRange,11.39969,14.247054,-3.479519
2026/05/29 19:28:00.267,n,-2.594503,5.320771,6.119021,0.39626,OverRange,OverRange,OverRange,11.366766,14.243796,-3.561428
2026/05/29 19:29:00.270,n,-2.615287,4.282556,4.73295,1.275065,OverRange,OverRange,OverRange,11.34904,14.243796,-3.376365
2026/05/29 19:30:00.273,n,-2.834811,3.965356,3.749001,0.168527,OverRange,OverRange,OverRange,11.330542,14.243796,-3.545814
2026/05/29 19:31:00.272,n,-2.661989,3.345994,5.302799,1.283454,OverRange,OverRange,OverRange,11.39232,14.241694,-3.444452
2026/05/29 19:32:00.257,n,-2.521371,3.088847,5.619347,1.249227,OverRange,OverRange,OverRange,11.417156,14.236318,-3.333277
2026/05/29 19:33:00.260,n,-2.784902,6.658287,4.223593,1.193892,OverRange,OverRange,OverRange,11.41008,14.232,-3.351024
2026/05/29 19:34:00.263,n,-2.573974,4.098262,5.315402,1.115006,OverRange,OverRange,OverRange,11.405534,14.229834,-3.354864
2026/05/29 19:35:00.265,n,-2.539077,4.154552,5.230189,1.359992,OverRange,OverRange,OverRange,11.388536,14.227684,-3.327646
2026/05/29 19:36:00.266,n,-2.550752,6.307703,5.412997,1.207105,OverRange,OverRange,OverRange,11.434124,14.230928,-3.218519
2026/05/29 19:37:00.268,n,-2.63248,3.768378,3.992897,1.230238,OverRange,OverRange,OverRange,11.378902,14.223416,-3.23217
2026/05/29 19:38:00.270,n,-2.682261,6.207783,5.404679,1.448602,OverRange,OverRange,OverRange,11.463984,14.218024,-3.23217
2026/05/29 19:39:00.271,n,-2.755649,3.437073,5.172125,1.322985,OverRange,OverRange,OverRange,11.387512,14.21159,-3.504689
2026/05/29 19:40:00.258,n,-2.763988,3.489406,4.72929,1.19444,OverRange,OverRange,OverRange,11.416652,14.214814,-3.397781
2026/05/29 19:41:00.259,n,-2.670842,6.069131,5.340469,1.367234,OverRange,OverRange,OverRange,11.466024,14.210498,-3.349147
2026/05/29 19:42:00.260,n,-2.536126,3.484872,4.942039,1.46735,OverRange,OverRange,OverRange,11.409556,14.202988,-3.401705
2026/05/29 19:43:00.266,n,-2.635687,3.718539,4.828192,1.322542,OverRange,OverRange,OverRange,11.439678,14.19652,-3.280975
2026/05/29 19:44:00.265,n,-2.694321,6.24389,5.593879,1.094503,OverRange,OverRange,OverRange,11.471086,14.192204,-3.337287
2026/05/29 19:45:00.268,n,-2.617982,3.374258,4.699823,1.373884,OverRange,OverRange,OverRange,11.38853,14.184726,-3.446414
2026/05/29 19:46:00.268,n,-2.746924,6.346789,5.290988,1.181884,OverRange,OverRange,OverRange,11.475398,14.18686,-3.409384
2026/05/29 19:47:00.270,n,-2.881384,3.780385,4.098632,0.987904,OverRange,OverRange,OverRange,11.398936,14.178258,-3.615778
2026/05/29 19:48:00.274,n,-3.077556,5.932541,5.900109,0.564442,OverRange,OverRange,OverRange,11.502228,14.171824,-3.63344
2026/05/29 19:49:00.258,n,-2.945791,6.25047,4.768969,1.24239,OverRange,OverRange,OverRange,11.416652,14.169674,-3.545729
2026/05/29 19:50:00.260,n,-2.937195,3.980517,4.739805,1.051217,OverRange,OverRange,OverRange,11.387024,14.162132,-3.540012
2026/05/29 19:51:00.262,n,-3.074477,3.656014,3.947559,0.425758,OverRange,OverRange,OverRange,11.42654,14.158922,-3.462028
2026/05/29 19:52:00.264,n,-3.212144,6.100337,4.774626,1.385219,OverRange,OverRange,OverRange,11.470582,14.159964,-3.535917
2026/05/29 19:53:00.266,n,-2.943096,6.456235,5.95137,0.790689,OverRange,OverRange,OverRange,11.429562,14.147096,-3.590438
2026/05/29 19:54:00.268,n,-2.89601,6.223868,6.23077,0.019057,OverRange,OverRange,OverRange,11.431352,14.14923,-3.536002
2026/05/29 19:55:00.273,n,-2.928213,3.122097,5.643236,1.246508,OverRange,OverRange,OverRange,11.389038,14.148156,-3.606222
2026/05/29 19:56:00.271,n,-2.960674,5.187454,4.11766,0.703733,OverRange,OverRange,OverRange,11.394114,14.15138,-3.444622
2026/05/29 19:57:00.274,n,-2.957466,3.452342,5.232293,1.227627,OverRange,OverRange,OverRange,11.408804,14.14923,-3.60025
2026/05/29 19:58:00.258,n,-3.112582,6.397437,5.062964,1.416106,OverRange,OverRange,OverRange,11.421464,14.15459,-3.705452
2026/05/29 19:59:00.261,n,-2.928342,3.781042,4.870847,1.430288,OverRange,OverRange,OverRange,11.34725,14.155698,-3.615864
2026/05/29 20:00:00.262,n,-2.98364,6.338486,5.152761,1.378731,OverRange,OverRange,OverRange,11.422964,14.158922,-3.516549
2026/05/29 20:01:00.267,n,-2.887285,6.276811,5.08996,1.041842,OverRange,OverRange,OverRange,11.37917,14.162132,-3.547777
2026/05/29 20:02:00.269,n,-2.691113,3.810179,4.195886,1.126044,OverRange,OverRange,OverRange,11.346502,14.161056,-3.440698
2026/05/29 20:03:00.271,n,-2.714721,3.948992,4.28058,1.056601,OverRange,OverRange,OverRange,11.382966,14.163206,-3.329608
2026/05/29 20:04:00.271,n,-2.840199,3.563524,5.332003,1.259991,OverRange,OverRange,OverRange,11.415624,14.163206,-3.565268
2026/05/29 20:05:00.274,n,-2.7382,3.63306,3.854732,0.177397,OverRange,OverRange,OverRange,11.363974,14.157846,-3.574909
2026/05/29 20:06:00.275,n,-2.606435,6.051335,5.697289,1.160744,OverRange,OverRange,OverRange,11.439184,14.161056,-3.588646
2026/05/29 20:07:00.265,n,-2.5215,3.465323,5.236652,1.252918,OverRange,OverRange,OverRange,11.35968,14.157846,-3.682073
2026/05/29 20:08:00.262,n,-2.509824,6.370618,5.260308,1.408263,OverRange,OverRange,OverRange,11.429292,14.162132,-3.508699
2026/05/29 20:09:00.264,n,-2.471847,3.628494,4.623469,1.220468,OverRange,OverRange,OverRange,11.360678,14.161056,-3.500764
2026/05/29 20:10:00.265,n,-2.468639,5.200655,5.290317,1.16855,OverRange,OverRange,OverRange,11.476152,14.164282,-3.496925
2026/05/29 20:11:00.269,n,-2.451319,3.537361,4.686102,1.240138,OverRange,OverRange,OverRange,11.40678,14.164282,-3.60025
2026/05/29 20:12:00.270,n,-2.398587,3.727323,3.82907,0.064565,OverRange,OverRange,OverRange,11.41388,14.165388,-3.491379
2026/05/29 20:13:00.278,n,-2.345984,6.240819,5.545727,1.303647,OverRange,OverRange,OverRange,11.44249,14.159964,-3.506651
2026/05/29 20:14:00.274,n,-2.322248,6.230227,5.642781,1.181769,OverRange,OverRange,OverRange,11.394868,14.167524,-3.51271
2026/05/29 20:15:00.276,n,-2.278626,3.285266,4.846735,1.397368,OverRange,OverRange,OverRange,11.363698,14.17075,-3.481396
2026/05/29 20:16:00.261,n,-2.278626,6.281734,5.205492,1.305733,OverRange,OverRange,OverRange,11.44373,14.173958,-3.424913
2026/05/29 20:17:00.263,n,-2.351757,5.155344,5.158606,1.100602,OverRange,OverRange,OverRange,11.445252,14.163206,-3.481567
2026/05/29 20:18:00.265,n,-2.40141,6.288898,5.168127,1.296528,OverRange,OverRange,OverRange,11.450588,14.173958,-3.555456
2026/05/29 20:19:00.268,n,-2.21409,4.986494,6.0496,0.527185,OverRange,OverRange,OverRange,11.416148,14.184726,-3.598373
2026/05/29 20:20:00.269,n,-2.290173,6.760661,4.855486,1.355179,OverRange,OverRange,OverRange,11.414368,14.181468,-3.456056
2026/05/29 20:21:00.273,n,-2.269645,3.810109,3.79884,0.163839,OverRange,OverRange,OverRange,11.391582,14.184726,-3.496925
2026/05/29 20:22:00.272,n,-2.339954,6.168564,4.67908,1.202835,OverRange,OverRange,OverRange,11.48959,14.192204,-3.440612
2026/05/29 20:23:00.275,n,-2.211396,5.931036,5.720449,1.130454,OverRange,OverRange,OverRange,11.445282,14.197628,-3.608014
2026/05/29 20:24:00.277,n,-2.252324,6.233134,5.768293,1.040235,OverRange,OverRange,OverRange,11.50829,14.20188,-3.565268
2026/05/29 20:25:00.262,n,-2.199464,3.399524,4.504717,1.423732,OverRange,OverRange,OverRange,11.446788,14.20408,-3.576871
2026/05/29 20:26:00.265,n,-2.489168,3.696377,3.678012,0.075996,OverRange,OverRange,OverRange,11.510336,14.209422,-3.473546
2026/05/29 20:27:00.266,n,-2.319425,6.547404,4.703251,1.313951,OverRange,OverRange,OverRange,11.5678,14.220176,-3.40162
2026/05/29 20:28:00.269,n,-2.281192,6.186974,6.187726,0.024206,OverRange,OverRange,OverRange,11.549332,14.222356,-3.493171
2026/05/29 20:29:00.271,n,-2.184966,6.151836,4.942946,1.523253,OverRange,OverRange,OverRange,11.550578,14.236318,-3.395818
2026/05/29 20:30:00.273,n,-2.24052,3.516477,4.873755,1.215753,OverRange,OverRange,OverRange,11.546788,14.242734,-3.499058
2026/05/29 20:31:00.275,n,-2.249245,5.244954,4.939056,1.36054,OverRange,OverRange,OverRange,11.576138,14.263132,-3.424913
2026/05/29 20:32:00.329,n,-2.290172,3.702928,3.968347,1.202062,OverRange,OverRange,OverRange,11.556142,14.276034,-3.279012
2026/05/29 20:33:00.279,n,-2.486345,6.250327,4.596124,1.38139,OverRange,OverRange,OverRange,11.60551,14.285728,-3.483444
2026/05/29 20:34:00.453,n,-2.240649,3.78581,4.685879,1.227014,OverRange,OverRange,OverRange,11.55034,14.3072,-3.423036
2026/05/29 20:35:00.440,n,-2.348807,6.092787,5.477141,1.269317,OverRange,OverRange,OverRange,11.629298,14.317966,-3.479604
2026/05/29 20:36:00.422,n,-2.222943,6.585864,5.610134,1.193188,OverRange,OverRange,OverRange,11.621456,14.331928,-3.341212
2026/05/29 20:37:00.375,n,-2.226022,3.871998,4.552838,1.199502,OverRange,OverRange,OverRange,11.588802,14.344814,-3.427046
2026/05/29 20:38:00.343,n,-2.299026,3.75812,3.861745,0.151076,OverRange,OverRange,OverRange,11.628032,14.355566,-3.165875
2026/05/29 20:39:00.273,n,-2.354452,6.084203,4.945527,1.263464,OverRange,OverRange,OverRange,11.711548,14.372754,-3.20299
2026/05/29 20:40:00.276,n,-2.219992,6.100769,5.57942,1.231111,OverRange,OverRange,OverRange,11.669536,14.382446,-3.337458
2026/05/29 20:41:00.277,n,-2.228845,3.974703,4.058211,1.107496,OverRange,OverRange,OverRange,11.650824,14.392026,-3.226369
2026/05/29 20:42:00.279,n,-2.263743,3.738009,4.322323,1.235144,OverRange,OverRange,OverRange,11.67308,14.403888,-3.226368
2026/05/29 20:43:00.265,n,-2.509696,3.369729,4.061886,0.921948,OverRange,OverRange,OverRange,11.668004,14.406036,-3.352986
2026/05/29 20:44:00.267,n,-2.38101,6.010894,5.477508,1.250874,OverRange,OverRange,OverRange,11.750752,14.421058,-3.277049
2026/05/29 20:45:00.270,n,-2.28132,3.425219,5.008864,1.557015,OverRange,OverRange,OverRange,11.670538,14.42319,-3.33558
2026/05/29 20:46:00.273,n,-2.331101,3.902897,4.178098,0.502332,OverRange,OverRange,OverRange,11.671566,14.433928,-3.251709
2026/05/29 20:47:00.272,n,-2.33418,3.821423,5.086391,1.556821,OverRange,OverRange,OverRange,11.691544,14.435002,-3.280889
2026/05/29 20:48:00.276,n,-2.363176,6.108502,5.269015,0.937537,OverRange,OverRange,OverRange,11.75734,14.444712,-3.150432
2026/05/29 20:49:00.277,n,-2.436949,3.632591,4.50125,1.143975,OverRange,OverRange,OverRange,11.680344,14.445786,-3.433019
2026/05/29 20:50:00.278,n,-2.513032,3.530195,4.170071,1.1871,OverRange,OverRange,OverRange,11.746394,14.447954,-3.271504
2026/05/29 20:51:00.280,n,-2.504051,6.157658,6.128566,0.167596,OverRange,OverRange,OverRange,11.804556,14.45333,-3.372611
2026/05/29 20:52:00.266,n,-2.469153,3.730261,4.202916,0.994656,OverRange,OverRange,OverRange,11.670726,14.455434,-3.398036
2026/05/29 20:53:00.270,n,-2.659166,6.33531,4.626767,1.424207,OverRange,OverRange,OverRange,11.797974,14.465158,-3.356911
2026/05/29 20:54:00.270,n,-2.559733,3.733743,3.825773,0.273914,OverRange,OverRange,OverRange,11.703884,14.459766,-3.399999
2026/05/29 20:55:00.272,n,-2.498277,6.554871,5.268409,1.347524,OverRange,OverRange,OverRange,11.813396,14.46941,-3.325854
2026/05/29 20:56:00.274,n,-2.48673,6.419912,4.71656,1.259659,OverRange,OverRange,OverRange,11.75826,14.468302,-3.394027
2026/05/29 20:57:00.277,n,-2.392942,6.435946,5.808303,1.153063,OverRange,OverRange,OverRange,11.784822,14.473696,-3.423207
2026/05/29 20:58:00.277,n,-2.41347,6.810199,4.695593,1.437796,OverRange,OverRange,OverRange,11.757248,14.47692,-3.326024
2026/05/29 20:59:00.280,n,-2.416421,3.781574,4.347521,1.066615,OverRange,OverRange,OverRange,11.731944,14.475878,-3.312202
2026/05/29 21:00:00.281,n,-2.489424,5.974963,5.865,0.971733,OverRange,OverRange,OverRange,11.831868,14.482314,-3.469963
2026/05/29 21:01:00.267,n,-2.451575,5.880364,5.725083,0.693702,OverRange,OverRange,OverRange,11.793936,14.497138,-3.487369
2026/05/29 21:02:00.270,n,-2.316988,3.755744,5.707711,1.067034,OverRange,OverRange,OverRange,11.748418,14.491748,-3.458274
2026/05/29 21:03:00.272,n,-2.325712,5.925191,5.979931,0.67337,OverRange,OverRange,OverRange,11.812414,14.49929,-3.207001
2026/05/29 21:04:00.274,n,-2.433741,6.22486,4.727305,1.49758,OverRange,OverRange,OverRange,11.778484,14.498214,-3.236266
2026/05/29 21:05:00.276,n,-2.442594,6.488955,6.140035,0.373961,OverRange,OverRange,OverRange,11.816728,14.501438,-3.41348
2026/05/29 21:06:00.277,n,-2.381395,5.560622,5.58823,1.032251,OverRange,OverRange,OverRange,11.773976,14.510026,-3.292664
2026/05/29 21:07:00.280,n,-2.498149,6.179701,5.644863,1.198689,OverRange,OverRange,OverRange,11.809124,14.51646,-3.362713
2026/05/29 21:08:00.281,n,-2.539205,6.095278,5.747101,0.990724,OverRange,OverRange,OverRange,11.779522,14.527212,-3.304268
2026/05/29 21:09:00.284,n,-2.553831,3.385906,4.806741,1.402593,OverRange,OverRange,OverRange,11.758266,14.533616,-3.436858
2026/05/29 21:10:00.270,n,-2.671099,6.029267,5.540041,1.199861,OverRange,OverRange,OverRange,11.841258,14.540052,-3.360836
2026/05/29 21:11:00.274,n,-2.609386,4.686371,5.074027,1.407272,OverRange,OverRange,OverRange,11.765356,14.54867,-3.456226
2026/05/29 21:12:00.272,n,-2.618238,6.202655,5.086914,1.394814,OverRange,OverRange,OverRange,11.805594,14.563644,-3.395903
2026/05/29 21:13:00.275,n,-2.621061,3.25364,5.15898,1.508004,OverRange,OverRange,OverRange,11.76738,14.561572,-3.487368
2026/05/29 21:14:00.277,n,-2.668147,4.874633,4.918002,1.103452,OverRange,OverRange,OverRange,11.785096,14.56905,-3.510661
2026/05/29 21:15:00.282,n,-2.69137,6.167094,4.905233,1.250255,OverRange,OverRange,OverRange,11.779526,14.57011,-3.481481
2026/05/29 21:16:00.284,n,-2.653393,6.209094,6.071935,0.383851,OverRange,OverRange,OverRange,11.778778,14.571186,-3.594619
2026/05/29 21:17:00.268,n,-2.729347,6.094181,6.103105,0.058931,OverRange,OverRange,OverRange,11.796474,14.56905,-3.590608
2026/05/29 21:18:00.268,n,-2.758728,5.986879,5.063674,1.396362,OverRange,OverRange,OverRange,11.77976,14.571186,-3.557333
2026/05/29 21:19:00.270,n,-2.831859,4.902873,4.419676,1.226103,OverRange,OverRange,OverRange,11.777746,14.561572,-3.579004
2026/05/29 21:20:00.271,n,-2.869836,3.290524,4.735348,1.372711,OverRange,OverRange,OverRange,11.705902,14.560498,-3.656648
2026/05/29 21:21:00.274,n,-2.966319,3.370937,5.717763,1.156045,OverRange,OverRange,OverRange,11.749676,14.55403,-3.769785
2026/05/29 21:22:00.258,n,-3.139269,3.422295,3.905251,0.485747,OverRange,OverRange,OverRange,11.701112,14.550772,-3.73668
2026/05/29 21:23:00.260,n,-3.238445,6.274896,5.715371,1.307303,OverRange,OverRange,OverRange,11.794952,14.54867,-3.880874
2026/05/29 21:24:00.262,n,-3.147865,3.774972,4.197659,1.0895,OverRange,OverRange,OverRange,11.679358,14.543294,-3.908092
2026/05/29 21:25:00.266,n,-3.071782,5.98586,5.811051,1.093126,OverRange,OverRange,OverRange,11.758804,14.533616,-3.812702
2026/05/29 21:26:00.267,n,-3.001602,5.099102,5.34661,0.758796,OverRange,OverRange,OverRange,11.712494,14.522896,-3.841967
2026/05/29 21:27:00.268,n,-2.87561,6.247862,5.74,0.845649,OverRange,OverRange,OverRange,11.742102,14.517504,-3.705281
2026/05/29 21:28:00.270,n,-2.846357,6.342362,4.158556,1.085579,OverRange,OverRange,OverRange,11.679058,14.50895,-3.608099
2026/05/29 21:29:00.273,n,-2.829037,6.272357,4.458199,1.516967,OverRange,OverRange,OverRange,11.703888,14.507874,-3.586598
2026/05/29 21:30:00.257,n,-2.779384,4.803,4.785033,1.23068,OverRange,OverRange,OverRange,11.675304,14.501438,-3.759973
2026/05/29 21:31:00.260,n,-2.653265,5.852027,5.39184,1.08836,OverRange,OverRange,OverRange,11.68163,14.501438,-3.573117
2026/05/29 21:32:00.262,n,-2.650442,6.256974,6.295682,0.124204,OverRange,OverRange,OverRange,11.677598,14.492822,-3.672432
2026/05/29 21:33:00.263,n,-2.559733,3.125759,5.713076,1.268058,OverRange,OverRange,OverRange,11.645442,14.493896,-3.654771
2026/05/29 21:34:00.266,n,-2.831859,5.604517,4.647893,1.151895,OverRange,OverRange,OverRange,11.700856,14.48857,-3.569107
2026/05/29 21:35:00.267,n,-2.621061,5.473799,5.453521,1.185413,OverRange,OverRange,OverRange,11.674806,14.48321,-3.565182
2026/05/29 21:36:00.269,n,-2.574231,3.372969,4.611421,1.614888,OverRange,OverRange,OverRange,11.681088,14.485344,-3.512795
2026/05/29 21:37:00.272,n,-2.744102,3.698726,3.767668,0.11794,OverRange,OverRange,OverRange,11.680874,14.4821,-3.502897
2026/05/29 21:38:00.257,n,-2.779256,3.605921,4.206234,1.282349,OverRange,OverRange,OverRange,11.695796,14.476708,-3.598458
2026/05/29 21:39:00.260,n,-2.550752,3.96328,4.907759,1.391058,OverRange,OverRange,OverRange,11.67097,14.478876,-3.368686
2026/05/29 21:40:00.262,n,-2.521499,3.202125,5.103239,1.433026,OverRange,OverRange,OverRange,11.71374,14.485344,-3.401706
2026/05/29 21:41:00.263,n,-2.436693,6.342559,5.160685,1.461376,OverRange,OverRange,OverRange,11.744604,14.4821,-3.362714
2026/05/29 21:42:00.266,n,-2.463122,3.63825,4.170654,1.100027,OverRange,OverRange,OverRange,11.658586,14.484268,-3.323721
2026/05/29 21:43:00.267,n,-2.474798,6.113612,6.186313,0.089895,OverRange,OverRange,OverRange,11.736802,14.48857,-3.407507
2026/05/29 21:44:00.269,n,-2.410519,3.687031,5.145989,1.311019,OverRange,OverRange,OverRange,11.68038,14.493896,-3.356911
2026/05/29 21:45:00.271,n,-2.606435,3.731068,3.667822,0.135727,OverRange,OverRange,OverRange,11.71959,14.501438,-3.358874
2026/05/29 21:46:00.256,n,-2.533303,5.737247,5.269415,1.100971,OverRange,OverRange,OverRange,11.81165,14.510026,-3.454093
2026/05/29 21:47:00.260,n,-2.436692,6.298485,4.996563,1.415492,OverRange,OverRange,OverRange,11.741578,14.518596,-3.440612
2026/05/29 21:48:00.260,n,-2.378059,3.872141,3.987794,0.095779,OverRange,OverRange,OverRange,11.690994,14.532572,-3.370392
2026/05/29 21:49:00.262,n,-2.392942,6.15252,5.877259,0.354441,OverRange,OverRange,OverRange,11.83365,14.532572,-3.413309
2026/05/29 21:50:00.267,n,-2.211396,3.884742,4.264385,1.071954,OverRange,OverRange,OverRange,11.69959,14.54652,-3.382252
2026/05/29 21:51:00.266,n,-2.228973,4.774667,4.761052,1.524581,OverRange,OverRange,OverRange,11.769394,14.55403,-3.364761
2026/05/29 21:52:01.124,n,-2.159049,6.013711,5.546149,1.320564,OverRange,OverRange,OverRange,11.797746,14.561572,-3.317834
2026/05/29 21:53:00.316,n,-2.144038,4.002614,4.546329,1.582212,OverRange,OverRange,OverRange,11.75879,14.5669,-3.251709
2026/05/29 21:54:00.320,n,-2.132491,3.769295,4.470997,1.706989,OverRange,OverRange,OverRange,11.77799,14.572292,-3.23217
2026/05/29 21:55:00.258,n,-2.179321,5.92834,5.286881,1.291949,OverRange,OverRange,OverRange,11.83721,14.582982,-3.300599
2026/05/29 21:56:00.261,n,-2.255275,6.25164,5.225575,1.630472,OverRange,OverRange,OverRange,11.81745,14.581922,-3.312117
2026/05/29 21:57:00.262,n,-2.135314,3.759455,4.823284,1.32851,OverRange,OverRange,OverRange,11.751202,14.59375,-3.405545
2026/05/29 21:58:00.312,n,-2.366512,6.25164,5.334339,1.557786,OverRange,OverRange,OverRange,11.866756,14.595868,-3.325598
2026/05/29 21:59:00.314,n,-2.255403,5.016064,4.498778,1.20924,OverRange,OverRange,OverRange,11.784572,14.598036,-3.265361
2026/05/29 22:00:00.317,n,-2.208573,3.480077,5.117109,1.537073,OverRange,OverRange,OverRange,11.798238,14.60662,-3.370477
2026/05/29 22:01:00.269,n,-2.439644,6.568761,5.213627,1.686061,OverRange,OverRange,OverRange,11.841466,14.613024,-3.512624
2026/05/29 22:02:00.271,n,-2.264256,3.044664,4.749795,1.674528,OverRange,OverRange,OverRange,11.795712,14.618418,-3.325769
2026/05/29 22:03:00.460,n,-2.246679,4.718752,5.108701,1.107142,OverRange,OverRange,OverRange,11.843756,14.619492,-3.234218
2026/05/29 22:04:00.394,n,-2.307878,3.186873,4.479668,1.628157,OverRange,OverRange,OverRange,11.8263,14.620568,-3.220481
2026/05/29 22:05:00.333,n,-2.404745,6.327173,4.913509,1.454779,OverRange,OverRange,OverRange,11.871324,14.626968,-3.356911
2026/05/29 22:06:00.397,n,-2.261177,3.953059,3.74688,0.22166,OverRange,OverRange,OverRange,11.791672,14.636648,-3.280975
2026/05/29 22:07:00.336,n,-2.235003,6.019367,5.706209,1.326779,OverRange,OverRange,OverRange,11.869558,14.635606,-3.325683
2026/05/29 22:08:00.268,n,-2.237826,3.590666,3.597139,0.21207,OverRange,OverRange,OverRange,11.795976,14.636648,-3.129102
2026/05/29 22:09:00.270,n,-2.31686,6.288152,4.380478,1.130668,OverRange,OverRange,OverRange,11.889288,14.640916,-3.121251
2026/05/29 22:10:00.270,n,-2.340338,3.285545,4.943084,1.431154,OverRange,OverRange,OverRange,11.847296,14.649518,-3.257767
2026/05/29 22:11:00.440,n,-2.471975,3.320263,5.214712,1.35895,OverRange,OverRange,OverRange,11.874844,14.655954,-3.407507
2026/05/29 22:12:00.394,n,-2.433741,5.911887,6.232616,0.190022,OverRange,OverRange,OverRange,11.886272,14.653788,-3.432933
2026/05/29 22:13:00.260,n,-2.424889,3.72473,4.253773,1.311905,OverRange,OverRange,OverRange,11.795706,14.653788,-3.397781
2026/05/29 22:14:00.263,n,-2.574488,3.627188,4.72598,1.616859,OverRange,OverRange,OverRange,11.819988,14.66133,-3.378498
2026/05/29 22:15:00.265,n,-2.641717,3.679052,4.188347,1.150305,OverRange,OverRange,OverRange,11.856146,14.659146,-3.269115
2026/05/29 22:16:00.266,n,-2.52753,6.567628,4.531239,1.628808,OverRange,OverRange,OverRange,11.900914,14.66669,-3.092072
2026/05/29 22:17:00.269,n,-2.530352,6.532198,5.318588,1.325753,OverRange,OverRange,OverRange,11.863226,14.667766,-3.349062
2026/05/29 22:18:00.271,n,-2.471847,5.751083,4.888977,1.605359,OverRange,OverRange,OverRange,11.81214,14.66886,-3.319967
2026/05/29 22:19:00.273,n,-2.4603,6.211009,4.93903,1.278577,OverRange,OverRange,OverRange,11.861466,14.67417,-3.201284
2026/05/29 22:20:00.275,n,-2.328407,4.065167,4.743532,1.021012,OverRange,OverRange,OverRange,11.765884,14.684922,-3.267238
2026/05/29 22:21:00.276,n,-2.392814,3.741262,4.900348,1.393347,OverRange,OverRange,OverRange,11.811398,14.689208,-3.123214
2026/05/29 22:22:00.262,n,-2.357787,3.645495,5.269287,1.380612,OverRange,OverRange,OverRange,11.807588,14.703154,-3.18166
2026/05/29 22:23:00.267,n,-2.425146,3.197729,4.562752,1.313968,OverRange,OverRange,OverRange,11.824534,14.70638,-3.012296
2026/05/29 22:24:00.267,n,-2.436693,3.663867,4.21867,1.323817,OverRange,OverRange,OverRange,11.783306,14.702878,-3.064854
2026/05/29 22:25:00.268,n,-2.617597,4.529052,5.80985,0.709715,OverRange,OverRange,OverRange,11.766632,14.700744,-3.148128
2026/05/29 22:26:00.271,n,-2.693808,3.672753,3.598506,0.184104,OverRange,OverRange,OverRange,11.686452,14.709312,-3.052738
2026/05/29 22:27:00.271,n,-2.851746,3.856322,3.659662,0.100414,OverRange,OverRange,OverRange,11.738592,14.706136,-3.044889
2026/05/29 22:28:00.274,n,-2.673279,6.106221,6.306346,0.278382,OverRange,OverRange,OverRange,11.764126,14.710356,-3.200857
2026/05/29 22:29:00.275,n,-2.679053,4.850193,5.431395,0.745719,OverRange,OverRange,OverRange,11.71075,14.710356,-3.266811
2026/05/29 22:30:00.278,n,-2.73743,6.027116,5.719116,1.15468,OverRange,OverRange,OverRange,11.721116,14.706136,-3.34488
2026/05/29 22:31:00.263,n,-2.682132,3.800168,4.005625,0.98763,OverRange,OverRange,OverRange,11.627748,14.70721,-3.376023
2026/05/29 22:32:00.265,n,-2.714208,6.414929,4.796716,1.303334,OverRange,OverRange,OverRange,11.733252,14.703952,-3.177479
2026/05/29 22:33:00.269,n,-2.740509,6.426587,4.942893,1.585304,OverRange,OverRange,OverRange,11.686688,14.696442,-3.216215
2026/05/29 22:34:00.270,n,-2.728706,3.666853,5.068445,1.326341,OverRange,OverRange,OverRange,11.63027,14.688964,-3.253245
2026/05/29 22:35:00.271,n,-2.763988,4.518029,5.392144,1.208893,OverRange,OverRange,OverRange,11.684678,14.688964,-3.183195
2026/05/29 22:36:00.272,n,-2.714208,3.699053,5.299663,1.484943,OverRange,OverRange,OverRange,11.63204,14.6772,-3.171506
2026/05/29 22:37:00.276,n,-2.73743,3.812188,4.045058,1.255698,OverRange,OverRange,OverRange,11.627492,14.673924,-3.120825
2026/05/29 22:38:00.277,n,-2.646721,3.665805,5.006332,1.411,OverRange,OverRange,OverRange,11.631526,14.664264,-3.12475
2026/05/29 22:39:00.279,n,-2.67328,6.470966,5.160239,1.148822,OverRange,OverRange,OverRange,11.617126,14.65786,-3.140364
2026/05/29 22:40:00.267,n,-2.602842,3.782839,4.603777,1.272608,OverRange,OverRange,OverRange,11.547028,14.650316,-3.157855
2026/05/29 22:41:00.269,n,-2.585137,3.817829,4.115037,1.161382,OverRange,OverRange,OverRange,11.578894,14.63748,-3.117071
2026/05/29 22:42:00.268,n,-2.605793,4.062166,3.868995,0.211937,OverRange,OverRange,OverRange,11.563482,14.62886,-3.044889
2026/05/29 22:43:00.270,n,-2.547288,3.366466,5.446063,1.274373,OverRange,OverRange,OverRange,11.548518,14.623532,-3.212291
2026/05/29 22:44:00.272,n,-2.477107,3.530748,5.288583,1.561826,OverRange,OverRange,OverRange,11.51385,14.621366,-3.262972
2026/05/29 22:45:00.274,n,-2.50033,3.293845,5.395121,1.399727,OverRange,OverRange,OverRange,11.539166,14.610662,-3.231829
2026/05/29 22:46:00.276,n,-2.512133,4.044711,5.016016,1.435531,OverRange,OverRange,OverRange,11.52979,14.598866,-3.224236
2026/05/29 22:47:00.278,n,-2.497507,3.589347,4.360632,1.32031,OverRange,OverRange,OverRange,11.495622,14.589172,-3.122788
2026/05/29 22:48:00.279,n,-2.547288,3.778552,4.592282,1.465531,OverRange,OverRange,OverRange,11.511078,14.582736,-3.150176
2026/05/29 22:49:00.265,n,-2.491605,3.093105,4.964176,1.516114,OverRange,OverRange,OverRange,11.527014,14.57845,-3.097447
2026/05/29 22:50:00.267,n,-2.512133,6.100176,4.994218,1.55598,OverRange,OverRange,OverRange,11.53764,14.568824,-3.068352
2026/05/29 22:51:00.269,n,-2.450806,3.137187,4.647348,1.520483,OverRange,OverRange,OverRange,11.446504,14.561296,-3.177308
2026/05/29 22:52:00.272,n,-2.462353,6.629566,4.954633,1.550114,OverRange,OverRange,OverRange,11.493846,14.55056,-3.002227
2026/05/29 22:53:00.272,n,-2.395251,3.638746,4.781469,1.532472,OverRange,OverRange,OverRange,11.393072,14.544092,-3.212376
2026/05/29 22:54:00.275,n,-2.430406,6.250275,5.212354,1.380692,OverRange,OverRange,OverRange,11.47434,14.539806,-3.066304
2026/05/29 22:55:00.278,n,-2.418602,6.105991,5.739382,1.27049,OverRange,OverRange,OverRange,11.472596,14.535554,-3.15794
2026/05/29 22:56:00.279,n,-2.395123,4.988551,5.440506,1.264337,OverRange,OverRange,OverRange,11.416882,14.53233,-3.198639
2026/05/29 22:57:00.285,n,-2.418859,3.961759,4.831269,1.375536,OverRange,OverRange,OverRange,11.388774,14.535554,-2.984566
2026/05/29 22:58:00.267,n,-2.503281,6.189446,5.378823,1.247312,OverRange,OverRange,OverRange,11.468526,14.530178,-3.157855
2026/05/29 22:59:00.269,n,-2.433357,3.549346,3.885862,0.654573,OverRange,OverRange,OverRange,11.34901,14.530178,-3.10342
2026/05/29 23:00:00.271,n,-2.567816,6.170537,5.737696,0.988939,OverRange,OverRange,OverRange,11.45157,14.530178,-3.257084
2026/05/29 23:01:00.273,n,-2.433228,3.722622,4.600784,1.483732,OverRange,OverRange,OverRange,11.33075,14.529104,-3.243689
2026/05/29 23:02:00.275,n,-2.477236,6.118294,4.843362,1.175892,OverRange,OverRange,OverRange,11.443986,14.526936,-3.046851
2026/05/29 23:03:00.278,n,-2.389349,3.674639,4.796901,1.28265,OverRange,OverRange,OverRange,11.33051,14.523712,-3.187035
2026/05/29 23:04:00.279,n,-2.427327,3.831685,4.185121,1.154037,OverRange,OverRange,OverRange,11.359646,14.521576,-3.153845
2026/05/29 23:05:00.264,n,-2.456579,6.166332,5.814393,0.92164,OverRange,OverRange,OverRange,11.447018,14.517308,-3.076031
2026/05/29 23:06:00.282,n,-2.418474,3.465953,5.284703,1.308162,OverRange,OverRange,OverRange,11.333818,14.511916,-3.237717
2026/05/29 23:07:00.270,n,-2.494685,3.619958,5.391543,1.153224,OverRange,OverRange,OverRange,11.373826,14.50763,-3.22799
2026/05/29 23:08:00.271,n,-2.518164,6.292024,6.085204,0.225117,OverRange,OverRange,OverRange,11.41183,14.494728,-3.259303
2026/05/29 23:09:00.274,n,-2.401153,3.459285,5.01641,1.413848,OverRange,OverRange,OverRange,11.292008,14.493684,-3.317492
2026/05/29 23:10:00.274,n,-2.55011,5.656834,4.433991,1.316176,OverRange,OverRange,OverRange,11.330262,14.482964,-3.202734
2026/05/29 23:11:00.276,n,-2.506488,3.687153,4.203828,1.191965,OverRange,OverRange,OverRange,11.279836,14.482964,-3.274832
2026/05/29 23:12:00.278,n,-2.593989,6.084033,5.709212,0.933675,OverRange,OverRange,OverRange,11.384476,14.471122,-3.2163
2026/05/29 23:13:00.280,n,-2.544337,3.670974,4.670677,1.357642,OverRange,OverRange,OverRange,11.254762,14.463594,-3.403241
2026/05/29 23:14:00.285,n,-2.637997,3.694638,4.224285,1.208276,OverRange,OverRange,OverRange,11.294058,14.453966,-3.235839
2026/05/29 23:15:00.270,n,-2.635174,6.378936,5.333584,1.576743,OverRange,OverRange,OverRange,11.340374,14.452858,-3.336946
2026/05/29 23:16:00.270,n,-2.605793,3.519793,4.596186,1.431567,OverRange,OverRange,OverRange,11.270214,14.44217,-3.354351
2026/05/29 23:17:00.271,n,-2.6498,6.344383,5.112526,1.551663,OverRange,OverRange,OverRange,11.34544,14.43567,-3.300001
2026/05/29 23:18:00.257,n,-2.564865,4.864367,4.947051,1.104392,OverRange,OverRange,OverRange,11.276566,14.423908,-3.229952
2026/05/29 23:19:00.259,n,-2.594118,6.165027,5.209099,1.447577,OverRange,OverRange,OverRange,11.309988,14.416366,-3.272613
2026/05/29 23:20:00.262,n,-2.50636,3.305742,4.732013,1.391103,OverRange,OverRange,OverRange,11.228176,14.409962,-3.350683
2026/05/29 23:21:00.263,n,-2.509311,4.086321,5.030846,1.568401,OverRange,OverRange,OverRange,11.282888,14.402388,-3.249491
2026/05/29 23:22:00.265,n,-2.47159,6.438102,5.232409,1.47674,OverRange,OverRange,OverRange,11.29707,14.398136,-3.196762
2026/05/29 23:23:00.270,n,-2.49199,6.394463,4.815727,1.71022,OverRange,OverRange,OverRange,11.284124,14.395952,-3.276623
2026/05/29 23:24:00.271,n,-2.538564,4.106253,4.808223,1.202073,OverRange,OverRange,OverRange,11.253998,14.406248,-3.259303
2026/05/29 23:25:00.272,n,-2.258354,5.422401,4.953827,1.040159,OverRange,OverRange,OverRange,11.326142,14.39662,-3.029786
2026/05/29 23:26:00.258,n,-2.196898,6.242844,5.092305,1.232435,OverRange,OverRange,OverRange,11.328924,14.39553,-2.980982
2026/05/29 23:27:00.261,n,-2.126461,5.87517,4.777144,1.49928,OverRange,OverRange,OverRange,11.275452,14.386944,-3.039599
2026/05/29 23:28:00.262,n,-2.120687,5.342857,4.676497,1.418514,OverRange,OverRange,OverRange,11.298512,14.379434,-3.027824
2026/05/29 23:29:00.263,n,-2.349191,4.579151,4.679603,1.29041,OverRange,OverRange,OverRange,11.30132,14.377282,-3.041476
2026/05/29 23:30:00.265,n,-2.302105,3.699937,4.512715,1.459328,OverRange,OverRange,OverRange,11.301306,14.372964,-3.08627
2026/05/29 23:31:00.267,n,-2.214347,3.716984,5.240158,1.399539,OverRange,OverRange,OverRange,11.301056,14.369806,-3.018097
2026/05/29 23:32:00.270,n,-2.158664,3.881601,4.810851,1.400284,OverRange,OverRange,OverRange,11.298248,14.376224,-2.975181
2026/05/29 23:33:00.287,n,-2.141215,3.44294,4.920923,1.688213,OverRange,OverRange,OverRange,11.325608,14.378358,-2.959737
2026/05/29 23:34:00.261,n,-2.232052,3.888557,4.715781,1.168175,OverRange,OverRange,OverRange,11.320308,14.384792,-3.076457
2026/05/29 23:35:00.260,n,-2.21717,3.671719,4.61875,0.904869,OverRange,OverRange,OverRange,11.318542,14.39553,-3.136866
2026/05/29 23:36:00.264,n,-2.293252,6.633115,5.007019,1.692495,OverRange,OverRange,OverRange,11.36969,14.386944,-3.123385
2026/05/29 23:37:00.263,n,-2.284527,5.47931,4.884752,1.428675,OverRange,OverRange,OverRange,11.3307,14.39553,-3.134903
2026/05/29 23:38:00.264,n,-2.389863,3.767144,4.666307,1.339337,OverRange,OverRange,OverRange,11.315746,14.390168,-3.271333
2026/05/29 23:39:00.266,n,-2.425017,6.169728,5.417631,1.567093,OverRange,OverRange,OverRange,11.390972,14.390168,-3.166217
2026/05/29 23:40:00.269,n,-2.381138,6.612083,4.83214,1.744186,OverRange,OverRange,OverRange,11.321818,14.393378,-3.158281
2026/05/29 23:41:00.270,n,-2.351757,6.600913,4.935448,1.927453,OverRange,OverRange,OverRange,11.308874,14.388018,-3.175858
2026/05/29 23:42:00.272,n,-2.398844,6.124471,4.982334,1.491755,OverRange,OverRange,OverRange,11.356242,14.38375,-3.179697
2026/05/29 23:43:00.257,n,-2.384089,3.089489,4.580305,1.608875,OverRange,OverRange,OverRange,11.312434,14.388018,-3.203161
2026/05/29 23:44:00.260,n,-2.375365,6.709317,5.010695,1.611242,OverRange,OverRange,OverRange,11.35525,14.377282,-3.132941
2026/05/29 23:45:00.261,n,-2.410519,6.35257,4.743745,1.672547,OverRange,OverRange,OverRange,11.362066,14.374042,-3.138828
2026/05/29 23:46:00.262,n,-2.369591,6.645373,5.029839,1.663699,OverRange,OverRange,OverRange,11.340074,14.36117,-3.134818
2026/05/29 23:47:00.264,n,-2.442594,6.168748,5.068384,1.550393,OverRange,OverRange,OverRange,11.33423,14.354768,-3.142668
2026/05/29 23:48:00.267,n,-2.486602,6.440544,4.91175,1.600998,OverRange,OverRange,OverRange,11.314454,14.349376,-3.275258
2026/05/29 23:49:00.268,n,-2.583084,6.554389,4.804067,1.361964,OverRange,OverRange,OverRange,11.316244,14.344016,-3.313909
2026/05/29 23:50:00.271,n,-2.445545,6.442902,4.857446,1.694935,OverRange,OverRange,OverRange,11.352178,14.336474,-3.222444
2026/05/29 23:51:00.272,n,-2.389734,3.307196,4.842994,1.756344,OverRange,OverRange,OverRange,11.330424,14.330038,-3.236266
2026/05/29 23:52:00.257,n,-2.436693,6.531767,5.093086,1.476911,OverRange,OverRange,OverRange,11.363866,14.323604,-3.168008
2026/05/29 23:53:00.261,n,-2.389734,5.717752,6.097482,0.197333,OverRange,OverRange,OverRange,11.379344,14.320378,-3.24787
2026/05/29 23:54:00.261,n,-2.348935,6.20676,4.993708,1.219392,OverRange,OverRange,OverRange,11.370988,14.311744,-3.138657
2026/05/29 23:55:00.264,n,-2.36664,5.765,5.380056,1.068269,OverRange,OverRange,OverRange,11.365422,14.30855,-3.269371
2026/05/29 23:56:00.265,n,-2.313908,5.078307,5.065453,1.37104,OverRange,OverRange,OverRange,11.34462,14.3064,-3.138828
2026/05/29 23:57:00.269,n,-2.34021,4.544265,5.651344,1.148249,OverRange,OverRange,OverRange,11.344636,14.298874,-3.269371
2026/05/29 23:58:00.268,n,-2.416293,6.190943,4.639578,1.382364,OverRange,OverRange,OverRange,11.38617,14.29454,-3.074581
2026/05/29 23:59:00.272,n,-2.340082,3.967119,5.114492,1.342749,OverRange,OverRange,OverRange,11.307898,14.297832,-3.280975
