"Timestamp","TZ","GHI1_AV (W/m2)","UVB22013 (W/m2)","UVB22013_AV (W/m2)","UVB22013_SD (W/m2)","UVB22012 (W/m2)","UVB22012_AV (W/m2)","UVB22012_SD (W/m2)","TA_AV (degC)","TL (degC)","GTI_AV (W/m2)"
2026/05/25 00:00:00.274,n,-3.044968,6.522801,4.627412,1.533275,OverRange,OverRange,OverRange,10.970776,13.836994,-3.368174
2026/05/25 00:01:00.271,n,-2.995315,3.719896,4.555273,1.214598,OverRange,OverRange,OverRange,10.971278,13.83807,-3.360495
2026/05/25 00:02:00.256,n,-3.150431,3.349634,4.94525,1.396124,OverRange,OverRange,OverRange,11.035182,13.825168,-3.434469
2026/05/25 00:03:00.258,n,-3.04779,6.175654,5.465666,1.341634,OverRange,OverRange,OverRange,11.024786,13.824062,-3.477301
2026/05/25 00:04:00.260,n,-3.024311,6.240961,5.22097,1.353471,OverRange,OverRange,OverRange,10.979878,13.815444,-3.407251
2026/05/25 00:05:00.263,n,-3.02739,6.521603,5.075166,1.516804,OverRange,OverRange,OverRange,11.021988,13.812204,-3.40546
2026/05/25 00:06:00.265,n,-2.974787,5.3734,4.461217,1.184606,OverRange,OverRange,OverRange,11.065608,13.811128,-3.444196
2026/05/25 00:07:00.267,n,-2.945278,3.909835,4.50055,1.118176,OverRange,OverRange,OverRange,11.09376,13.804694,-3.333192
2026/05/25 00:08:00.269,n,-3.255638,3.761586,4.16539,1.114704,OverRange,OverRange,OverRange,11.125698,13.797154,-3.547521
2026/05/25 00:09:00.270,n,-3.097571,3.75281,4.436234,0.992633,OverRange,OverRange,OverRange,11.128988,13.791762,-3.335154
2026/05/25 00:10:00.256,n,-3.053692,3.891867,4.258514,0.609306,OverRange,OverRange,OverRange,11.146734,13.797154,-3.286606
2026/05/25 00:11:00.258,n,-3.138627,6.173459,5.345135,1.080007,OverRange,OverRange,OverRange,11.152298,13.788552,-3.212461
2026/05/25 00:12:00.260,n,-3.156204,3.483417,5.180409,0.981859,OverRange,OverRange,OverRange,11.106436,13.79067,-3.455885
2026/05/25 00:13:00.266,n,-3.161978,6.306853,4.703292,1.108263,OverRange,OverRange,OverRange,11.122662,13.787446,-3.298124
2026/05/25 00:14:00.264,n,-3.267313,6.34257,5.509045,1.125934,OverRange,OverRange,OverRange,11.107194,13.784236,-3.444196
2026/05/25 00:15:00.267,n,-3.305162,3.933522,4.632123,1.216698,OverRange,OverRange,OverRange,11.099574,13.797252,-3.434469
2026/05/25 00:16:00.271,n,-3.078197,6.249625,5.335727,1.23235,OverRange,OverRange,OverRange,11.15332,13.806812,-3.298892
2026/05/25 00:17:00.270,n,-3.288611,4.058482,4.237591,0.610085,OverRange,OverRange,OverRange,11.12344,13.807886,-3.511088
2026/05/25 00:18:00.271,n,-3.253585,3.622115,5.189663,1.393516,OverRange,OverRange,OverRange,11.113318,13.800344,-3.507078
2026/05/25 00:19:00.260,n,-3.180068,4.100587,4.85152,1.185135,OverRange,OverRange,OverRange,11.100872,13.802496,-3.487539
2026/05/25 00:20:00.261,n,-3.510957,3.999829,5.336653,1.325072,OverRange,OverRange,OverRange,11.118394,13.802496,-3.643508
2026/05/25 00:21:00.262,n,-3.271162,4.436872,5.209216,1.430723,OverRange,OverRange,OverRange,11.121176,13.80357,-3.514928
2026/05/25 00:22:00.263,n,-3.326717,6.042157,5.183371,1.309786,OverRange,OverRange,OverRange,11.121934,13.794954,-3.635829
2026/05/25 00:23:00.265,n,-3.385222,5.999485,5.362537,1.316347,OverRange,OverRange,OverRange,11.122946,13.796062,-3.686425
2026/05/25 00:24:00.269,n,-3.349939,4.192721,5.0708,1.12197,OverRange,OverRange,OverRange,11.101644,13.796062,-3.690179
2026/05/25 00:25:00.269,n,-3.525711,3.646474,4.802559,1.135034,OverRange,OverRange,OverRange,11.15032,13.804662,-3.894867
2026/05/25 00:26:00.271,n,-3.508262,3.960817,4.45874,1.188073,OverRange,OverRange,OverRange,11.152874,13.794954,-4.007833
2026/05/25 00:27:00.273,n,-3.64285,3.779308,5.129582,1.26354,OverRange,OverRange,OverRange,11.147538,13.802496,-4.089486
2026/05/25 00:28:00.259,n,-3.534436,6.025674,5.464988,1.420862,OverRange,OverRange,OverRange,11.170864,13.801388,-3.957152
2026/05/25 00:29:00.262,n,-3.455531,3.817432,4.986893,1.602368,OverRange,OverRange,OverRange,11.136368,13.801388,-4.052542
2026/05/25 00:30:00.263,n,-3.657348,5.35336,4.810084,1.501168,OverRange,OverRange,OverRange,11.175674,13.819712,-4.091364
2026/05/25 00:31:00.267,n,-3.396769,5.110796,5.187151,1.242407,OverRange,OverRange,OverRange,11.15412,13.812204,-4.015597
2026/05/25 00:32:00.267,n,-3.531485,6.135942,5.439755,1.291477,OverRange,OverRange,OverRange,11.159958,13.818638,-3.951095
2026/05/25 00:33:00.269,n,-3.428972,6.449649,5.556444,1.183604,OverRange,OverRange,OverRange,11.157684,13.821878,-4.046569
2026/05/25 00:34:00.270,n,-3.449372,6.400464,5.183137,1.191843,OverRange,OverRange,OverRange,11.155396,13.828314,-4.118752
2026/05/25 00:35:00.273,n,-3.560737,6.256864,5.689331,1.06902,OverRange,OverRange,OverRange,11.157176,13.83908,-4.169263
2026/05/25 00:36:00.275,n,-3.552141,4.762088,4.102294,0.384142,OverRange,OverRange,OverRange,11.151596,13.848788,-4.122762
2026/05/25 00:37:00.263,n,-3.552141,6.594826,4.43345,1.062418,OverRange,OverRange,OverRange,11.192394,13.853072,-3.998021
2026/05/25 00:38:00.262,n,-3.493508,6.423529,5.437844,1.216501,OverRange,OverRange,OverRange,11.167054,13.862796,-3.98437
2026/05/25 00:39:00.265,n,-3.478753,5.89085,5.30085,1.194931,OverRange,OverRange,OverRange,11.177948,13.87358,-4.093582
2026/05/25 00:40:00.268,n,-3.467206,6.507593,4.631109,1.523518,OverRange,OverRange,OverRange,11.194672,13.87894,-4.017389
2026/05/25 00:41:00.269,n,-3.68968,3.395759,4.579689,1.451415,OverRange,OverRange,OverRange,11.156414,13.885406,-4.163631
2026/05/25 00:42:00.270,n,-3.61642,6.021656,5.507143,1.241436,OverRange,OverRange,OverRange,11.225094,13.898338,-4.058429
2026/05/25 00:43:00.273,n,-3.604617,4.013318,4.72357,1.04525,OverRange,OverRange,OverRange,11.171356,13.911206,-4.161584
2026/05/25 00:44:00.274,n,-3.727785,4.026982,5.477419,1.226228,OverRange,OverRange,OverRange,11.191132,13.923098,-4.019352
2026/05/25 00:45:00.277,n,-3.616548,3.797616,4.601713,1.367614,OverRange,OverRange,OverRange,11.199244,13.932774,-4.00186
2026/05/25 00:46:00.261,n,-3.856728,3.946435,3.917273,0.07791,OverRange,OverRange,OverRange,11.222076,13.939208,-4.048617
2026/05/25 00:47:00.265,n,-3.716238,6.350497,5.336397,1.372778,OverRange,OverRange,OverRange,11.214696,13.951098,-4.064231
2026/05/25 00:48:00.265,n,-3.713159,6.372361,5.24651,1.273902,OverRange,OverRange,OverRange,11.178706,13.956458,-4.021314
2026/05/25 00:49:00.269,n,-3.984901,6.294176,4.352274,1.032923,OverRange,OverRange,OverRange,11.174764,13.960774,-4.118496
2026/05/25 00:50:00.270,n,-4.166575,5.122089,5.142267,1.31892,OverRange,OverRange,OverRange,11.174504,13.96615,-4.256803
2026/05/25 00:51:00.272,n,-4.105247,6.072739,5.002604,1.452529,OverRange,OverRange,OverRange,11.189972,13.972616,-4.289822
2026/05/25 00:52:00.275,n,-3.96758,3.428305,4.388375,1.25072,OverRange,OverRange,OverRange,11.155244,13.98661,-4.135987
2026/05/25 00:53:00.278,n,-3.897271,3.212338,5.443638,1.285,OverRange,OverRange,OverRange,11.168428,13.987652,-4.075664
2026/05/25 00:54:00.278,n,-4.169654,6.185848,5.484988,1.279852,OverRange,OverRange,OverRange,11.185664,13.99415,-4.18846
2026/05/25 00:55:00.263,n,-4.023006,5.258126,4.491674,1.216306,OverRange,OverRange,OverRange,11.131404,13.998436,-4.093155
2026/05/25 00:56:00.265,n,-3.932297,6.236292,5.355272,1.590955,OverRange,OverRange,OverRange,11.176022,14.005978,-4.062098
2026/05/25 00:57:00.269,n,-3.934992,3.742595,4.1339,1.218649,OverRange,OverRange,OverRange,11.133694,14.005978,-4.019096
2026/05/25 00:58:00.273,n,-3.970402,3.779285,5.158839,1.413722,OverRange,OverRange,OverRange,11.13266,14.010294,-4.075664
2026/05/25 00:59:00.271,n,-3.885595,3.294303,4.286417,1.169111,OverRange,OverRange,OverRange,11.18185,14.01567,-3.894441
2026/05/25 01:00:00.274,n,-3.900093,4.019276,4.241871,1.174524,OverRange,OverRange,OverRange,11.170686,14.027494,-3.952886
2026/05/25 01:01:00.276,n,-3.905867,6.53596,5.088101,1.687516,OverRange,OverRange,OverRange,11.239884,14.025312,-4.021144
2026/05/25 01:02:00.277,n,-3.835687,6.526921,4.654953,1.535445,OverRange,OverRange,OverRange,11.171454,14.026422,-4.073702
2026/05/25 01:03:00.280,n,-3.844539,6.082145,5.411019,1.344078,OverRange,OverRange,OverRange,11.187958,14.028556,-4.120544
2026/05/25 01:04:00.266,n,-3.826834,6.187026,4.803328,1.2618,OverRange,OverRange,OverRange,11.164618,14.031716,-4.009454
2026/05/25 01:05:00.270,n,-3.970018,5.058214,4.766878,0.507142,OverRange,OverRange,OverRange,11.108566,14.02958,-4.133684
2026/05/25 01:06:00.271,n,-4.016976,3.869881,4.947616,1.555516,OverRange,OverRange,OverRange,11.167094,14.03064,-4.147335
2026/05/25 01:07:00.273,n,-4.23342,6.173031,5.083327,1.359465,OverRange,OverRange,OverRange,11.235276,14.03279,-4.211668
2026/05/25 01:08:00.276,n,-4.05213,4.610405,6.008698,0.68905,OverRange,OverRange,OverRange,11.12555,14.0403,-4.357739
2026/05/25 01:09:00.276,n,-4.007994,4.058681,4.544674,1.110418,OverRange,OverRange,OverRange,11.141994,14.039224,-4.149297
2026/05/25 01:10:00.277,n,-4.078303,6.493518,5.118181,1.33416,OverRange,OverRange,OverRange,11.20993,14.043508,-4.096654
2026/05/25 01:11:00.282,n,-4.063549,6.395746,4.809674,1.372098,OverRange,OverRange,OverRange,11.197994,14.048934,-4.159024
2026/05/25 01:12:00.282,n,-4.31271,3.484378,4.398521,1.459301,OverRange,OverRange,OverRange,11.184834,14.04784,-4.330436
2026/05/25 01:13:00.273,n,-4.20699,6.534617,5.667383,1.257921,OverRange,OverRange,OverRange,11.227118,14.05105,-4.316699
2026/05/25 01:14:00.270,n,-4.034424,3.843299,4.392526,1.089198,OverRange,OverRange,OverRange,11.198782,14.054308,-4.196054
2026/05/25 01:15:00.272,n,-4.005172,6.231253,6.05587,0.795647,OverRange,OverRange,OverRange,11.27328,14.04784,-4.297246
2026/05/25 01:16:00.274,n,-3.937814,6.258995,4.982866,1.1373,OverRange,OverRange,OverRange,11.206376,14.052126,-4.240762
2026/05/25 01:17:00.278,n,-3.934991,6.270099,6.130517,0.347525,OverRange,OverRange,OverRange,11.274054,14.04784,-4.301085
2026/05/25 01:18:00.278,n,-3.975791,4.427717,4.786576,0.987739,OverRange,OverRange,OverRange,11.236516,14.05535,-4.273867
2026/05/25 01:19:00.280,n,-4.075225,6.524155,5.343684,1.181173,OverRange,OverRange,OverRange,11.30393,14.057518,-4.3382
2026/05/25 01:20:00.282,n,-4.125262,3.51334,5.168528,1.27285,OverRange,OverRange,OverRange,11.269216,14.06721,-4.464904
2026/05/25 01:21:00.284,n,-4.116409,6.185624,5.666779,1.014227,OverRange,OverRange,OverRange,11.360164,14.06827,-4.332313
2026/05/25 01:22:00.270,n,-4.195442,6.52808,4.565957,1.399551,OverRange,OverRange,OverRange,11.31275,14.06291,-4.394769
2026/05/25 01:23:00.271,n,-4.142711,3.744958,4.705936,1.361838,OverRange,OverRange,OverRange,11.337866,14.066166,-4.455092
2026/05/25 01:24:00.257,n,-4.054953,6.485143,5.230415,1.352427,OverRange,OverRange,OverRange,11.414368,14.069344,-4.334446
2026/05/25 01:25:00.259,n,-4.221744,4.456744,4.635258,1.125039,OverRange,OverRange,OverRange,11.332272,14.073644,-4.494084
2026/05/25 01:26:00.261,n,-4.280249,3.890159,5.01318,1.305252,OverRange,OverRange,OverRange,11.359904,14.077962,-4.505858
2026/05/25 01:27:00.263,n,-4.218793,4.634496,4.470442,1.055716,OverRange,OverRange,OverRange,11.416388,14.077962,-4.441355
2026/05/25 01:28:00.265,n,-4.180688,3.957251,4.970747,1.374281,OverRange,OverRange,OverRange,11.35812,14.080128,-4.560379
2026/05/25 01:29:00.266,n,-4.248046,3.573879,4.565682,1.120216,OverRange,OverRange,OverRange,11.411058,14.07581,-4.451252
2026/05/25 01:30:00.268,n,-4.098832,3.94715,4.042866,0.095571,OverRange,OverRange,OverRange,11.358932,14.08117,-4.34204
2026/05/25 01:31:00.270,n,-4.288974,6.167164,4.713234,1.256944,OverRange,OverRange,OverRange,11.459692,14.074736,-4.478555
2026/05/25 01:32:00.258,n,-4.215842,6.229343,5.153438,1.147689,OverRange,OverRange,OverRange,11.427776,14.079068,-4.589474
2026/05/25 01:33:00.258,n,-4.250869,6.290002,5.215598,1.382822,OverRange,OverRange,OverRange,11.43459,14.080128,-4.537001
2026/05/25 01:34:00.262,n,-4.069323,3.464082,4.798165,1.51199,OverRange,OverRange,OverRange,11.383942,14.07581,-4.583757
2026/05/25 01:35:00.263,n,-4.16016,3.882543,3.809972,0.054604,OverRange,OverRange,OverRange,11.476162,14.071494,-4.509783
2026/05/25 01:36:00.265,n,-4.192363,6.042465,4.439455,0.949204,OverRange,OverRange,OverRange,11.484772,14.070452,-4.675308
2026/05/25 01:37:00.266,n,-4.060726,5.358072,4.502983,0.757188,OverRange,OverRange,OverRange,11.457928,14.071088,-4.624712
2026/05/25 01:38:00.268,n,-3.780774,3.885198,4.586071,1.180218,OverRange,OverRange,OverRange,11.489146,14.067878,-4.40151
2026/05/25 01:39:00.270,n,-3.921135,5.993037,4.71251,1.178681,OverRange,OverRange,OverRange,11.553224,14.063592,-4.310044
2026/05/25 01:40:00.258,n,-3.686986,6.742123,5.781323,1.119241,OverRange,OverRange,OverRange,11.493704,14.06524,-4.53811
2026/05/25 01:41:00.258,n,-3.844539,3.90198,4.450635,1.120236,OverRange,OverRange,OverRange,11.42572,14.064164,-4.570532
2026/05/25 01:42:00.262,n,-3.868018,3.359891,4.850357,1.550688,OverRange,OverRange,OverRange,11.49559,14.059848,-4.584269
2026/05/25 01:43:00.262,n,-3.870841,4.043113,4.874614,1.007908,OverRange,OverRange,OverRange,11.445736,14.050204,-4.730511
2026/05/25 01:44:00.264,n,-4.008636,3.878621,4.665246,1.318881,OverRange,OverRange,OverRange,11.49609,14.053444,-4.683669
2026/05/25 01:45:00.268,n,-3.903045,6.016523,4.934562,1.316079,OverRange,OverRange,OverRange,11.576096,14.04266,-4.54323
2026/05/25 01:46:00.272,n,-3.826962,5.757554,5.653683,1.146143,OverRange,OverRange,OverRange,11.465988,14.041554,-4.599713
2026/05/25 01:47:00.270,n,-3.918055,6.152331,5.594886,1.13546,OverRange,OverRange,OverRange,11.504436,14.035152,-4.547154
2026/05/25 01:48:00.272,n,-3.961678,3.947627,3.884071,0.253975,OverRange,OverRange,OverRange,11.39888,14.034046,-4.498521
2026/05/25 01:49:00.260,n,-4.046613,4.76947,4.388278,1.17296,OverRange,OverRange,OverRange,11.540898,14.028686,-4.352364
2026/05/25 01:50:00.259,n,-4.128598,5.934535,4.554046,1.24598,OverRange,OverRange,OverRange,11.60166,14.024368,-4.527701
2026/05/25 01:51:00.262,n,-3.897271,5.901879,4.766145,0.988111,OverRange,OverRange,OverRange,11.481156,14.020102,-4.449801
2026/05/25 01:52:00.265,n,-3.771279,4.075413,4.556061,0.897955,OverRange,OverRange,OverRange,11.421682,14.021144,-4.348439
2026/05/25 01:53:00.266,n,-3.683393,6.563828,4.573321,1.007778,OverRange,OverRange,OverRange,11.5356,14.022218,-4.163461
2026/05/25 01:54:00.267,n,-3.554835,6.502121,4.596522,1.463359,OverRange,OverRange,OverRange,11.537572,14.015784,-4.151601
2026/05/25 01:55:00.270,n,-3.344037,6.303997,5.784426,1.161437,OverRange,OverRange,OverRange,11.53204,14.013602,-4.196481
2026/05/25 01:56:00.273,n,-3.259102,6.421031,5.198199,1.533745,OverRange,OverRange,OverRange,11.489472,14.011466,-4.102967
2026/05/25 01:57:00.273,n,-3.118484,3.830624,5.378458,1.123401,OverRange,OverRange,OverRange,11.442932,14.011466,-4.013465
2026/05/25 01:58:00.261,n,-3.133367,4.361087,4.96719,1.383131,OverRange,OverRange,OverRange,11.566976,14.01036,-3.962613
2026/05/25 01:59:00.261,n,-3.16865,3.81244,4.096406,0.766034,OverRange,OverRange,OverRange,11.570044,14.011466,-4.009454
2026/05/25 02:00:00.263,n,-2.9753,3.358999,5.391373,1.388543,OverRange,OverRange,OverRange,11.556336,14.013602,-3.943159
2026/05/25 02:01:00.266,n,-2.878433,6.253477,5.74195,0.824382,OverRange,OverRange,OverRange,11.601152,14.016858,-3.80289
2026/05/25 02:02:00.267,n,-2.875482,5.852544,4.957535,1.446829,OverRange,OverRange,OverRange,11.526184,14.021144,-3.787276
2026/05/25 02:03:00.268,n,-2.939889,3.58525,5.744275,1.067322,OverRange,OverRange,OverRange,11.518132,14.028686,-3.986076
2026/05/25 02:04:00.271,n,-3.098212,3.843076,4.588607,1.203162,OverRange,OverRange,OverRange,11.582928,14.027578,-3.812787
2026/05/25 02:05:00.272,n,-3.030726,3.86479,4.4365,1.123037,OverRange,OverRange,OverRange,11.632772,14.035152,-3.668507
2026/05/25 02:06:00.275,n,-2.90807,3.912181,5.766532,0.929295,OverRange,OverRange,OverRange,11.629736,14.040544,-3.71936
2026/05/25 02:07:00.260,n,-2.825701,3.902632,4.980225,1.017066,OverRange,OverRange,OverRange,11.56599,14.043736,-3.680196
2026/05/25 02:08:00.264,n,-2.799785,3.395546,5.25405,1.471716,OverRange,OverRange,OverRange,11.63553,14.059848,-3.561343
2026/05/25 02:09:00.265,n,-2.699838,6.515555,5.406253,1.557038,OverRange,OverRange,OverRange,11.687932,14.064164,-3.481652
2026/05/25 02:10:00.267,n,-2.603484,6.626066,5.057063,1.639584,OverRange,OverRange,OverRange,11.607708,14.06739,-3.530371
2026/05/25 02:11:00.270,n,-2.550881,3.949014,4.447222,1.374906,OverRange,OverRange,OverRange,11.573308,14.077066,-3.456397
2026/05/25 02:12:00.273,n,-2.594631,6.729781,5.347254,1.631218,OverRange,OverRange,OverRange,11.679562,14.082426,-3.409555
2026/05/25 02:13:00.272,n,-2.556654,6.633142,4.625226,1.570095,OverRange,OverRange,OverRange,11.665654,14.096434,-3.353072
2026/05/25 02:14:00.276,n,-2.38704,6.734681,4.622553,1.604443,OverRange,OverRange,OverRange,11.656796,14.111486,-3.283108
2026/05/25 02:15:00.276,n,-2.422195,6.304847,5.399409,1.570531,OverRange,OverRange,OverRange,11.650716,14.114728,-3.329694
2026/05/25 02:16:00.262,n,-2.536126,3.335146,4.556591,1.593481,OverRange,OverRange,OverRange,11.605392,14.127628,-3.450424
2026/05/25 02:17:00.263,n,-2.626963,6.336856,5.278714,1.344335,OverRange,OverRange,OverRange,11.743312,14.135138,-3.440698
2026/05/25 02:18:00.265,n,-2.621189,3.242182,4.791107,1.618763,OverRange,OverRange,OverRange,11.599568,14.141572,-3.619789
2026/05/25 02:19:00.268,n,-2.618238,3.438934,4.955663,1.741235,OverRange,OverRange,OverRange,11.664592,14.153466,-3.53805
2026/05/25 02:20:00.270,n,-2.688291,3.432939,4.979101,1.54636,OverRange,OverRange,OverRange,11.678524,14.16311,-3.709462
2026/05/25 02:21:00.271,n,-2.685468,3.532348,4.982466,1.649041,OverRange,OverRange,OverRange,11.66182,14.17062,-3.662706
2026/05/25 02:22:00.274,n,-2.653264,6.600745,5.096172,1.426053,OverRange,OverRange,OverRange,11.734986,14.17492,-3.635403
2026/05/25 02:23:00.276,n,-2.647363,5.759391,4.914038,1.353084,OverRange,OverRange,OverRange,11.7031,14.182446,-3.656818
2026/05/25 02:24:00.278,n,-2.626963,5.551019,5.034474,1.313265,OverRange,OverRange,OverRange,11.692958,14.192104,-3.64129
2026/05/25 02:25:00.263,n,-2.600276,6.305895,5.309127,1.52672,OverRange,OverRange,OverRange,11.70662,14.20074,-3.584892
2026/05/25 02:26:00.265,n,-2.509824,6.352312,5.267208,1.578049,OverRange,OverRange,OverRange,11.686886,14.209324,-3.571325
2026/05/25 02:27:00.267,n,-2.653136,6.645867,4.560268,1.447058,OverRange,OverRange,OverRange,11.684378,14.216834,-3.615949
2026/05/25 02:28:00.269,n,-2.78195,6.437641,4.688571,1.51532,OverRange,OverRange,OverRange,11.730906,14.226512,-3.629686
2026/05/25 02:29:00.270,n,-2.670842,6.517674,5.028204,1.595986,OverRange,OverRange,OverRange,11.710408,14.235128,-3.604345
2026/05/25 02:30:00.272,n,-2.764373,3.719832,4.074041,1.169989,OverRange,OverRange,OverRange,11.694524,14.230812,-3.582759
2026/05/25 02:31:00.274,n,-2.761422,6.377528,5.199813,1.554121,OverRange,OverRange,OverRange,11.81689,14.241564,-3.627724
2026/05/25 02:32:00.276,n,-2.711641,4.655867,4.199073,1.059959,OverRange,OverRange,OverRange,11.699062,14.25018,-3.717226
2026/05/25 02:33:00.279,n,-2.61208,3.814932,4.491252,1.308303,OverRange,OverRange,OverRange,11.739552,14.252284,-3.518511
2026/05/25 02:34:00.264,n,-2.571409,6.617189,5.194682,1.514116,OverRange,OverRange,OverRange,11.78883,14.25339,-3.423206
2026/05/25 02:35:00.268,n,-2.708947,3.70758,4.572077,1.439024,OverRange,OverRange,OverRange,11.70338,14.25453,-3.664583
2026/05/25 02:36:00.269,n,-2.852516,3.793953,4.401938,1.262934,OverRange,OverRange,OverRange,11.767696,14.258816,-3.684121
2026/05/25 02:37:00.270,n,-2.893187,3.828402,4.653676,1.141073,OverRange,OverRange,OverRange,11.793004,14.26955,-3.717226
2026/05/25 02:38:00.273,n,-2.767709,3.625287,5.182606,1.33825,OverRange,OverRange,OverRange,11.792958,14.273868,-3.627638
2026/05/25 02:39:00.276,n,-2.583212,6.48875,5.508316,1.472992,OverRange,OverRange,OverRange,11.833426,14.279196,-3.600335
2026/05/25 02:40:00.276,n,-2.396021,3.4537,4.791629,1.424228,OverRange,OverRange,OverRange,11.738292,14.286704,-3.483614
2026/05/25 02:41:00.278,n,-2.360866,3.433256,4.834203,1.571519,OverRange,OverRange,OverRange,11.795996,14.298532,-3.440612
2026/05/25 02:42:00.280,n,-2.52445,4.463801,4.90097,1.342015,OverRange,OverRange,OverRange,11.840246,14.303926,-3.598373
2026/05/25 02:43:00.265,n,-2.398844,3.268939,4.761907,1.473666,OverRange,OverRange,OverRange,11.858206,14.311434,-3.551787
2026/05/25 02:44:00.267,n,-2.349191,4.127264,5.076652,1.683577,OverRange,OverRange,OverRange,11.89082,14.32005,-3.516634
2026/05/25 02:45:00.269,n,-2.304927,3.382844,4.887125,1.617635,OverRange,OverRange,OverRange,11.85111,14.332954,-3.540098
2026/05/25 02:46:00.270,n,-2.228973,3.235014,5.122264,1.491507,OverRange,OverRange,OverRange,11.880718,14.343674,-3.429094
2026/05/25 02:47:00.273,n,-2.305056,3.249171,4.987189,1.523229,OverRange,OverRange,OverRange,11.906256,14.350142,-3.448547
2026/05/25 02:48:00.274,n,-2.237826,3.228617,4.960047,1.78104,OverRange,OverRange,OverRange,11.889538,14.37052,-3.409555
2026/05/25 02:49:00.276,n,-2.328534,3.136773,4.739222,1.44472,OverRange,OverRange,OverRange,11.93662,14.37264,-3.425084
2026/05/25 02:50:00.280,n,-2.395893,4.692722,4.19853,0.560407,OverRange,OverRange,OverRange,11.910356,14.379092,-3.454349
2026/05/25 02:51:00.284,n,-2.296331,6.627055,4.93406,1.352349,OverRange,OverRange,OverRange,11.985174,14.39307,-3.314079
2026/05/25 02:52:00.267,n,-2.302361,3.734392,5.118324,1.489739,OverRange,OverRange,OverRange,11.921454,14.402728,-3.331571
2026/05/25 02:53:00.273,n,-2.384217,6.208172,5.913521,1.024607,OverRange,OverRange,OverRange,12.02234,14.411314,-3.345478
2026/05/25 02:54:00.271,n,-2.272981,6.57543,4.511625,1.138839,OverRange,OverRange,OverRange,11.938664,14.420846,-3.261521
2026/05/25 02:55:00.276,n,-2.357146,6.300816,5.680155,1.303649,OverRange,OverRange,OverRange,11.969208,14.423012,-3.346929
2026/05/25 02:56:00.275,n,-2.503794,6.122162,4.805255,1.018516,OverRange,OverRange,OverRange,11.921188,14.432674,-3.417064
2026/05/25 02:57:00.276,n,-2.512647,5.976581,5.92261,1.111475,OverRange,OverRange,OverRange,11.983144,14.43914,-3.379948
2026/05/25 02:58:00.278,n,-2.559348,2.996047,5.634158,1.298551,OverRange,OverRange,OverRange,11.896672,14.445542,-3.545558
2026/05/25 02:59:00.280,n,-2.726011,5.053684,4.835794,1.431868,OverRange,OverRange,OverRange,11.959576,14.454114,-3.535832
2026/05/25 03:00:00.283,n,-2.705611,6.535842,5.495785,1.592284,OverRange,OverRange,OverRange,12.03188,14.457338,-3.605881
2026/05/25 03:01:00.268,n,-2.714464,6.827679,5.006815,1.585733,OverRange,OverRange,OverRange,11.948238,14.457338,-3.568936
2026/05/25 03:02:00.269,n,-2.70266,3.927488,4.355044,1.127566,OverRange,OverRange,OverRange,11.89211,14.46488,-3.623458
2026/05/25 03:03:00.272,n,-2.796577,6.330873,5.366419,1.489142,OverRange,OverRange,OverRange,12.043758,14.468124,-3.652723
2026/05/25 03:04:00.273,n,-2.846229,3.307438,4.775943,1.793581,OverRange,OverRange,OverRange,11.911774,14.469166,-3.794784
2026/05/25 03:05:00.276,n,-2.887157,3.358207,4.951378,1.730128,OverRange,OverRange,OverRange,11.943116,14.483112,-3.648713
2026/05/25 03:06:00.279,n,-2.848924,3.256321,4.90198,1.716442,OverRange,OverRange,OverRange,11.9487,14.492756,-3.602041
2026/05/25 03:07:00.283,n,-2.910636,5.822909,5.259417,1.563701,OverRange,OverRange,OverRange,11.98283,14.488472,-3.676101
2026/05/25 03:08:00.281,n,-2.992492,6.527972,4.948189,1.721806,OverRange,OverRange,OverRange,11.96842,14.488472,-3.767652
2026/05/25 03:09:00.283,n,-2.919104,3.785528,4.627666,1.544377,OverRange,OverRange,OverRange,11.887268,14.488472,-3.747942
2026/05/25 03:10:00.270,n,-2.930908,3.189779,5.00859,1.693409,OverRange,OverRange,OverRange,11.940846,14.488472,-3.629345
2026/05/25 03:11:00.271,n,-2.995315,6.437657,5.200735,1.436282,OverRange,OverRange,OverRange,11.9457,14.48958,-3.74999
2026/05/25 03:12:00.257,n,-2.930908,4.798145,5.302686,1.219763,OverRange,OverRange,OverRange,11.907028,14.48958,-3.689582
2026/05/25 03:13:00.275,n,-3.074477,6.102182,5.417567,1.220472,OverRange,OverRange,OverRange,11.934606,14.494938,-3.847513
2026/05/25 03:14:00.277,n,-3.235366,3.782765,3.764684,0.29086,OverRange,OverRange,OverRange,11.82459,14.482036,-3.929166
2026/05/25 03:15:00.266,n,-3.340701,6.255506,4.355419,0.94523,OverRange,OverRange,OverRange,11.94243,14.483112,-3.882495
2026/05/25 03:16:00.266,n,-3.258717,3.849397,4.57459,1.45443,OverRange,OverRange,OverRange,11.850602,14.480994,-4.048105
2026/05/25 03:17:00.266,n,-3.434489,4.340712,4.516208,0.984244,OverRange,OverRange,OverRange,11.903738,14.474526,-4.094862
2026/05/25 03:18:00.268,n,-3.542903,4.007222,4.908039,1.423483,OverRange,OverRange,OverRange,11.831386,14.472392,-4.320795
2026/05/25 03:19:00.272,n,-3.545726,3.829952,4.619023,1.568147,OverRange,OverRange,OverRange,11.809388,14.458446,-4.25083
2026/05/25 03:20:00.274,n,-3.870712,3.188986,4.882916,1.66374,OverRange,OverRange,OverRange,11.803284,14.44771,-4.529321
2026/05/25 03:21:00.257,n,-3.767944,3.279402,5.148839,1.465945,OverRange,OverRange,OverRange,11.766648,14.43699,-4.542803
2026/05/25 03:22:00.261,n,-3.990418,6.099452,5.178614,1.21457,OverRange,OverRange,OverRange,11.768922,14.414394,-4.562341
2026/05/25 03:23:00.263,n,-4.031602,3.719514,4.612992,1.439336,OverRange,OverRange,OverRange,11.70164,14.40475,-4.696894
2026/05/25 03:24:00.265,n,-4.008123,6.51546,5.487848,1.245511,OverRange,OverRange,OverRange,11.782822,14.387562,-4.696809
2026/05/25 03:25:00.268,n,-3.937814,5.454,4.895219,1.554166,OverRange,OverRange,OverRange,11.675038,14.37039,-4.68128
2026/05/25 03:26:00.271,n,-3.896758,3.20816,5.220593,1.53934,OverRange,OverRange,OverRange,11.647202,14.358564,-4.772831
2026/05/25 03:27:00.270,n,-4.040455,3.964146,4.56076,1.048297,OverRange,OverRange,OverRange,11.686214,14.336016,-4.632476
2026/05/25 03:28:00.274,n,-4.007994,3.42899,4.961617,1.699054,OverRange,OverRange,OverRange,11.648468,14.31774,-4.759179
2026/05/25 03:29:00.260,n,-4.031345,4.215343,4.687348,1.457835,OverRange,OverRange,OverRange,11.64265,14.304852,-4.648005
2026/05/25 03:30:00.260,n,-4.087156,3.230207,5.217637,1.578781,OverRange,OverRange,OverRange,11.60872,14.287684,-4.731876
2026/05/25 03:31:00.261,n,-4.09293,3.854457,4.361303,1.164095,OverRange,OverRange,OverRange,11.554592,14.26727,-4.704488
2026/05/25 03:32:00.263,n,-4.338883,6.664283,4.287398,1.166344,OverRange,OverRange,OverRange,11.621434,14.252234,-4.694847
2026/05/25 03:33:00.265,n,-4.180816,3.195299,5.040898,1.158087,OverRange,OverRange,OverRange,11.518414,14.237182,-4.761057
2026/05/25 03:34:00.267,n,-4.09896,3.675579,5.041826,1.505675,OverRange,OverRange,OverRange,11.499904,14.219996,-4.71046
2026/05/25 03:35:00.272,n,-4.423946,3.053054,4.544088,1.465631,OverRange,OverRange,OverRange,11.54218,14.1974,-4.838956
2026/05/25 03:36:00.271,n,-4.330158,6.524157,4.94541,1.570013,OverRange,OverRange,OverRange,11.51913,14.178064,-4.922912
2026/05/25 03:37:00.256,n,-4.327336,3.860476,4.663895,1.512612,OverRange,OverRange,OverRange,11.436854,14.161952,-5.004737
2026/05/25 03:38:00.259,n,-4.227774,6.326132,5.241644,1.516491,OverRange,OverRange,OverRange,11.5024,14.141508,-4.761057
2026/05/25 03:39:00.261,n,-4.172092,6.667479,5.143152,1.598892,OverRange,OverRange,OverRange,11.452276,14.121098,-4.780595
2026/05/25 03:40:00.265,n,-4.28628,5.845976,4.941322,1.559011,OverRange,OverRange,OverRange,11.451268,14.104954,-4.802097
2026/05/25 03:41:00.264,n,-4.257027,3.335639,4.575817,1.575982,OverRange,OverRange,OverRange,11.369706,14.087768,-4.778633
2026/05/25 03:42:00.268,n,-4.435365,6.542202,5.04753,1.631697,OverRange,OverRange,OverRange,11.419354,14.061932,-4.839041
2026/05/25 03:43:00.270,n,-4.309887,6.591898,4.602241,1.528718,OverRange,OverRange,OverRange,11.356538,14.047988,-4.677356
2026/05/25 03:44:00.271,n,-4.438444,6.528304,4.615824,1.523032,OverRange,OverRange,OverRange,11.33603,14.04864,-4.872146
2026/05/25 03:45:00.272,n,-3.768457,5.673769,4.893865,1.596346,OverRange,OverRange,OverRange,11.354508,14.033556,-4.37011
2026/05/25 03:46:00.260,n,-3.715725,3.96217,4.932682,1.630809,OverRange,OverRange,OverRange,11.327648,14.008828,-4.408932
2026/05/25 03:47:00.260,n,-3.7274,5.611094,4.959368,1.577876,OverRange,OverRange,OverRange,11.307888,13.992684,-4.374036
2026/05/25 03:48:00.264,n,-3.736381,6.624403,5.041246,1.714656,OverRange,OverRange,OverRange,11.275178,13.9913,-4.311751
2026/05/25 03:49:00.265,n,-4.05816,6.654549,4.905808,1.644697,OverRange,OverRange,OverRange,11.265046,13.964392,-4.609525
2026/05/25 03:50:00.266,n,-4.064062,4.735714,4.831289,1.393923,OverRange,OverRange,OverRange,11.273932,13.947172,-4.730085
2026/05/25 03:51:00.268,n,-4.014281,3.619453,4.463774,1.552207,OverRange,OverRange,OverRange,11.270138,13.924562,-4.654233
2026/05/25 03:52:00.273,n,-4.058032,6.57986,4.831803,1.404578,OverRange,OverRange,OverRange,11.303066,13.906304,-4.506114
2026/05/25 03:53:00.272,n,-4.05213,4.192565,4.539892,1.457256,OverRange,OverRange,OverRange,11.184246,13.886904,-4.732047
2026/05/25 03:54:00.273,n,-4.043406,3.283236,4.962243,1.789092,OverRange,OverRange,OverRange,11.24199,13.866462,-4.627101
2026/05/25 03:55:00.259,n,-4.119617,6.113605,5.460057,1.588452,OverRange,OverRange,OverRange,11.26505,13.843852,-4.623006
2026/05/25 03:56:00.262,n,-3.891241,4.70392,4.883933,1.499384,OverRange,OverRange,OverRange,11.172302,13.82771,-4.584099
2026/05/25 03:57:00.267,n,-3.826834,3.217329,4.880017,1.67724,OverRange,OverRange,OverRange,11.19106,13.80942,-4.558587
2026/05/25 03:58:00.266,n,-3.861988,3.311268,4.608143,1.598078,OverRange,OverRange,OverRange,11.196136,13.792168,-4.537342
2026/05/25 03:59:00.268,n,-3.847362,4.540494,5.25808,1.19636,OverRange,OverRange,OverRange,11.181962,13.7728,-4.558758
2026/05/25 04:00:00.270,n,-3.847362,4.088491,4.459846,1.201826,OverRange,OverRange,OverRange,11.136586,13.758794,-4.539219
2026/05/25 04:01:00.272,n,-3.926267,5.033445,5.499517,1.303226,OverRange,OverRange,OverRange,11.194886,13.739394,-4.56857
2026/05/25 04:02:00.273,n,-3.993625,6.516629,4.684119,1.5151,OverRange,OverRange,OverRange,11.167248,13.726006,-4.663874
2026/05/25 04:03:00.278,n,-3.581779,3.263373,4.505452,1.655784,OverRange,OverRange,OverRange,11.158708,13.708756,-4.471815
2026/05/25 04:04:00.260,n,-3.572798,6.510716,5.066053,1.620725,OverRange,OverRange,OverRange,11.201294,13.68939,-4.446389
2026/05/25 04:05:00.262,n,-3.523145,3.894929,4.382007,1.226525,OverRange,OverRange,OverRange,11.165828,13.677516,-4.535977
2026/05/25 04:06:00.264,n,-3.420504,3.35911,4.968025,1.746274,OverRange,OverRange,OverRange,11.206614,13.65815,-4.499032
2026/05/25 04:07:00.266,n,-3.359177,6.680782,5.617625,1.276193,OverRange,OverRange,OverRange,11.270504,13.660902,-4.385981
2026/05/25 04:08:00.272,n,-3.484398,3.299396,4.624486,1.515282,OverRange,OverRange,OverRange,11.157288,13.642548,-4.475398
2026/05/25 04:09:00.271,n,-3.51673,5.014559,5.308923,1.303063,OverRange,OverRange,OverRange,11.218374,13.630722,-4.481115
2026/05/25 04:10:00.275,n,-3.613597,5.850857,4.935105,1.54682,OverRange,OverRange,OverRange,11.248012,13.613504,-4.551335
2026/05/25 04:11:00.274,n,-3.46695,3.448658,4.815552,1.394462,OverRange,OverRange,OverRange,11.215592,13.607008,-4.49306
2026/05/25 04:12:00.278,n,-3.370339,3.15437,4.899271,1.554512,OverRange,OverRange,OverRange,11.26526,13.591908,-4.350657
2026/05/25 04:13:00.262,n,-3.279501,3.835919,4.585249,1.542224,OverRange,OverRange,OverRange,11.23584,13.58326,-4.239653
2026/05/25 04:14:00.264,n,-3.253328,3.184514,5.049319,1.571441,OverRange,OverRange,OverRange,11.255886,13.581174,-4.249295
2026/05/25 04:15:00.267,n,-3.112582,6.471356,5.457529,1.329949,OverRange,OverRange,OverRange,11.32834,13.5693,-4.231804
2026/05/25 04:16:00.268,n,-2.940017,3.507887,4.709488,1.507925,OverRange,OverRange,OverRange,11.271592,13.57251,-4.210473
2026/05/25 04:17:00.270,n,-2.767581,6.476239,5.446257,1.611586,OverRange,OverRange,OverRange,11.344798,13.570392,-4.07592
2026/05/25 04:18:00.275,n,-2.615288,5.367127,5.204869,1.45277,OverRange,OverRange,OverRange,11.339982,13.5693,-4.027201
2026/05/25 04:19:00.276,n,-2.7382,6.524891,5.137876,1.538798,OverRange,OverRange,OverRange,11.335156,13.56601,-4.175235
2026/05/25 04:20:00.275,n,-2.843535,6.507596,5.070086,1.734073,OverRange,OverRange,OverRange,11.335934,13.573584,-4.202538
2026/05/25 04:21:00.277,n,-3.036756,3.621426,4.885998,1.537025,OverRange,OverRange,OverRange,11.293122,13.5693,-4.481115
2026/05/25 04:22:00.262,n,-3.174295,4.901387,4.835298,1.449374,OverRange,OverRange,OverRange,11.389404,13.571434,-4.34477
2026/05/25 04:23:00.266,n,-3.247426,6.422209,4.917101,1.442699,OverRange,OverRange,OverRange,11.413702,13.571434,-4.457736
2026/05/25 04:24:00.267,n,-3.229849,4.93468,4.644331,1.525554,OverRange,OverRange,OverRange,11.406602,13.571434,-4.379838
2026/05/25 04:25:00.268,n,-3.303109,6.332229,5.19284,1.467172,OverRange,OverRange,OverRange,11.469152,13.5693,-4.48905
2026/05/25 04:26:00.271,n,-3.288354,6.119698,5.205833,1.498552,OverRange,OverRange,OverRange,11.42181,13.57251,-4.539646
2026/05/25 04:27:00.274,n,-3.127593,6.495338,5.234104,1.548515,OverRange,OverRange,OverRange,11.38355,13.576826,-4.492889
2026/05/25 04:28:00.278,n,-3.186098,6.547015,5.004926,1.34539,OverRange,OverRange,OverRange,11.402558,13.573584,-4.418915
2026/05/25 04:29:00.277,n,-3.326332,5.208107,4.870334,1.485885,OverRange,OverRange,OverRange,11.411926,13.574692,-4.524203
2026/05/25 04:30:00.280,n,-3.332234,3.461539,4.796387,1.543869,OverRange,OverRange,OverRange,11.383322,13.570392,-4.625479
2026/05/25 04:31:00.263,n,-3.373033,4.019546,4.684114,1.239364,OverRange,OverRange,OverRange,11.416998,13.568226,-4.563024
2026/05/25 04:32:00.265,n,-3.30606,6.500719,5.323619,1.464439,OverRange,OverRange,OverRange,11.45574,13.57251,-4.570874
2026/05/25 04:33:00.267,n,-3.197517,3.413648,4.98391,1.322673,OverRange,OverRange,OverRange,11.407628,13.57251,-4.51422
2026/05/25 04:34:00.270,n,-3.388044,3.905947,3.820509,0.064848,OverRange,OverRange,OverRange,11.457292,13.568226,-4.385639
2026/05/25 04:35:00.271,n,-3.159668,5.12298,4.486123,0.78678,OverRange,OverRange,OverRange,11.458812,13.567152,-4.280267
2026/05/25 04:36:00.274,n,-2.954772,5.974171,6.227786,0.198436,OverRange,OverRange,OverRange,11.427144,13.577932,-4.251257
2026/05/25 04:37:00.275,n,-2.954772,3.794775,4.292361,1.193335,OverRange,OverRange,OverRange,11.398016,13.5693,-4.184962
2026/05/25 04:38:00.280,n,-3.019179,3.855282,3.934557,0.061887,OverRange,OverRange,OverRange,11.453506,13.575816,-4.171395
2026/05/25 04:39:00.281,n,-2.800041,6.179038,6.134492,0.154877,OverRange,OverRange,OverRange,11.540858,13.572168,-3.974899
2026/05/25 04:40:00.265,n,-2.741279,3.744446,5.5861,1.113281,OverRange,OverRange,OverRange,11.3994,13.584676,-4.17916
2026/05/25 04:41:00.267,n,-2.969655,6.358641,5.001104,1.227619,OverRange,OverRange,OverRange,11.532292,13.574968,-4.023191
2026/05/25 04:42:00.270,n,-2.996085,5.019858,5.618344,0.412874,OverRange,OverRange,OverRange,11.494808,13.58142,-4.178989
2026/05/25 04:43:00.272,n,-3.229977,6.562599,4.459284,1.314749,OverRange,OverRange,OverRange,11.480372,13.574968,-4.251001
2026/05/25 04:44:00.272,n,-3.282709,4.401549,5.177181,1.207533,OverRange,OverRange,OverRange,11.473298,13.571744,-4.332825
2026/05/25 04:45:00.277,n,-3.463999,3.783873,3.784644,0.079144,OverRange,OverRange,OverRange,11.443162,13.573926,-4.455689
2026/05/25 04:46:00.278,n,-3.498896,6.294122,4.694782,1.441509,OverRange,OverRange,OverRange,11.514562,13.571744,-4.428386
2026/05/25 04:47:00.280,n,-3.42615,3.695542,5.119962,1.383431,OverRange,OverRange,OverRange,11.433508,13.577134,-4.545362
2026/05/25 04:48:00.281,n,-3.645544,6.581464,5.086523,1.236257,OverRange,OverRange,OverRange,11.431244,13.569562,-4.53939
2026/05/25 04:49:00.266,n,-3.598586,5.591218,5.100425,1.395354,OverRange,OverRange,OverRange,11.430212,13.56746,-4.556967
2026/05/25 04:50:00.269,n,-3.58999,6.576772,4.941845,1.106925,OverRange,OverRange,OverRange,11.430242,13.562036,-4.63495
2026/05/25 04:51:00.271,n,-3.704049,6.469282,4.857889,1.748043,OverRange,OverRange,OverRange,11.429692,13.556678,-4.77522
2026/05/25 04:52:00.272,n,-3.551628,6.352721,5.05711,1.26976,OverRange,OverRange,OverRange,11.399816,13.552346,-4.574457
2026/05/25 04:53:00.276,n,-3.540209,6.675295,4.678222,1.507106,OverRange,OverRange,OverRange,11.36285,13.549104,-4.611487
2026/05/25 04:54:00.276,n,-3.636691,3.179131,4.890644,1.627381,OverRange,OverRange,OverRange,11.336244,13.543714,-4.724624
2026/05/25 04:55:00.281,n,-3.592813,6.188701,5.628801,1.307175,OverRange,OverRange,OverRange,11.383862,13.541532,-4.541437
2026/05/25 04:56:00.281,n,-3.584216,6.096008,5.061758,1.525254,OverRange,OverRange,OverRange,11.318254,13.534022,-4.607562
2026/05/25 04:57:00.282,n,-3.718676,6.368752,5.113105,1.180419,OverRange,OverRange,OverRange,11.321046,13.52215,-4.740324
2026/05/25 04:58:00.268,n,-3.671974,4.033532,4.892228,1.298814,OverRange,OverRange,OverRange,11.320538,13.5157,-4.697235
2026/05/25 04:59:00.272,n,-3.80669,4.37271,5.218694,1.18717,OverRange,OverRange,OverRange,11.380322,13.509216,-4.777268
2026/05/25 05:00:00.275,n,-3.554707,4.88926,4.876307,1.382466,OverRange,OverRange,OverRange,11.351196,13.50275,-4.638876
2026/05/25 05:01:00.276,n,-3.452067,6.610217,5.051041,1.665024,OverRange,OverRange,OverRange,11.416514,13.496286,-4.49451
2026/05/25 05:02:00.277,n,-3.417041,6.413301,5.001161,1.655182,OverRange,OverRange,OverRange,11.388412,13.508908,-4.519851
2026/05/25 05:03:00.262,n,-3.141963,6.181792,4.892426,1.330996,OverRange,OverRange,OverRange,11.372834,13.50244,-4.148188
2026/05/25 05:04:00.280,n,-3.031111,3.370676,4.820045,1.679779,OverRange,OverRange,OverRange,11.37052,13.50425,-4.19904
2026/05/25 05:05:00.283,n,-3.124386,3.553898,5.007527,1.632804,OverRange,OverRange,OverRange,11.377136,13.495602,-4.311665
2026/05/25 05:06:00.284,n,-3.092182,6.476572,5.398436,1.520979,OverRange,OverRange,OverRange,11.381714,13.493468,-4.245285
2026/05/25 05:07:00.270,n,-3.015971,4.013286,4.393586,1.054697,OverRange,OverRange,OverRange,11.341954,13.495602,-4.251172
2026/05/25 05:08:00.273,n,-3.186099,5.793596,5.645186,1.003046,OverRange,OverRange,OverRange,11.402482,13.490242,-4.286154
2026/05/25 05:09:00.274,n,-3.145042,5.303087,5.138065,0.987294,OverRange,OverRange,OverRange,11.363506,13.488076,-4.266701
2026/05/25 05:10:00.276,n,-3.106809,5.110106,5.812663,0.496438,OverRange,OverRange,OverRange,11.398442,13.492392,-4.385725
2026/05/25 05:11:00.261,n,-3.001473,5.680953,5.058539,1.165255,OverRange,OverRange,OverRange,11.397176,13.482684,-4.165508
2026/05/25 05:12:00.263,n,-2.960545,6.484375,5.170144,1.288738,OverRange,OverRange,OverRange,11.363464,13.483728,-4.140168
2026/05/25 05:13:00.265,n,-3.074605,3.95654,4.572435,1.077837,OverRange,OverRange,OverRange,11.32398,13.48482,-4.101175
2026/05/25 05:14:00.267,n,-3.176989,3.73006,4.453276,1.036204,OverRange,OverRange,OverRange,11.38477,13.485894,-4.091364
2026/05/25 05:15:00.268,n,-3.063058,5.597632,5.462722,0.976878,OverRange,OverRange,OverRange,11.404536,13.48482,-4.054419
2026/05/25 05:16:00.271,n,-3.045352,3.778336,3.913386,0.088716,OverRange,OverRange,OverRange,11.323472,13.48161,-4.040767
2026/05/25 05:17:00.273,n,-2.884335,5.778117,5.315767,1.136977,OverRange,OverRange,OverRange,11.389084,13.486968,-3.964831
2026/05/25 05:18:00.258,n,-3.057156,3.979105,3.955468,0.254659,OverRange,OverRange,OverRange,11.355144,13.486968,-4.042815
2026/05/25 05:19:00.262,n,-2.916538,6.515161,5.511601,1.191071,OverRange,OverRange,OverRange,11.438466,13.485894,-4.011673
2026/05/25 05:20:00.265,n,-2.802479,6.31913,5.851544,1.146761,OverRange,OverRange,OverRange,11.387304,13.485894,-4.066023
2026/05/25 05:21:00.267,n,-2.922568,3.982284,4.819586,1.139347,OverRange,OverRange,OverRange,11.33462,13.48482,-4.128308
2026/05/25 05:22:00.267,n,-3.022258,6.436359,4.682277,1.39362,OverRange,OverRange,OverRange,11.424296,13.483728,-3.998021
2026/05/25 05:23:00.269,n,-2.992621,4.186247,4.698049,1.155503,OverRange,OverRange,OverRange,11.353602,13.488076,-4.050495
2026/05/25 05:24:00.571,n,-3.121435,4.524216,4.676374,1.073292,OverRange,OverRange,OverRange,11.375912,13.494576,-3.972595
2026/05/25 05:25:00.256,n,-3.09231,3.339723,4.570712,1.496492,OverRange,OverRange,OverRange,11.395138,13.491318,-4.035051
2026/05/25 05:26:00.260,n,-3.232543,6.57673,5.091166,1.445366,OverRange,OverRange,OverRange,11.415676,13.48482,-4.206293
2026/05/25 05:27:00.259,n,-3.264875,3.526404,4.763644,1.477282,OverRange,OverRange,OverRange,11.36018,13.488076,-4.284277
2026/05/25 05:28:00.263,n,-3.32646,6.477074,5.587374,1.191948,OverRange,OverRange,OverRange,11.391602,13.492392,-4.313542
2026/05/25 05:29:00.266,n,-3.209064,5.926669,4.939307,1.56885,OverRange,OverRange,OverRange,11.367518,13.486968,-4.284363
2026/05/25 05:30:00.271,n,-3.259102,3.323261,4.878415,1.626593,OverRange,OverRange,OverRange,11.369564,13.488076,-4.385725
2026/05/25 05:31:00.268,n,-3.302981,6.395077,4.874192,1.33957,OverRange,OverRange,OverRange,11.417944,13.489152,-4.360298
2026/05/25 05:32:00.270,n,-3.2124,6.461045,5.09082,1.536669,OverRange,OverRange,OverRange,11.382732,13.48482,-4.354412
2026/05/25 05:33:00.273,n,-3.258973,4.603657,4.559067,1.538245,OverRange,OverRange,OverRange,11.35841,13.486968,-4.362261
2026/05/25 05:34:00.259,n,-3.382142,6.106989,4.625512,1.095921,OverRange,OverRange,OverRange,11.409608,13.482684,-4.301853
2026/05/25 05:35:00.262,n,-3.346859,6.088251,6.022068,0.082384,OverRange,OverRange,OverRange,11.392376,13.48482,-4.449802
2026/05/25 05:36:00.261,n,-3.235623,3.278766,4.815979,1.212411,OverRange,OverRange,OverRange,11.373118,13.48161,-4.37395
2026/05/25 05:37:00.263,n,-3.188921,6.609373,5.072941,1.251279,OverRange,OverRange,OverRange,11.426072,13.477294,-4.258851
2026/05/25 05:38:00.265,n,-3.34981,6.133325,5.018022,1.325915,OverRange,OverRange,OverRange,11.409592,13.479462,-4.541523
2026/05/25 05:39:00.267,n,-3.340958,3.786783,4.698419,1.411718,OverRange,OverRange,OverRange,11.337118,13.478386,-4.572751
2026/05/25 05:40:00.268,n,-3.349554,6.302486,5.170372,1.283497,OverRange,OverRange,OverRange,11.382238,13.477294,-4.469426
2026/05/25 05:41:00.270,n,-3.353018,3.812728,4.225131,1.086672,OverRange,OverRange,OverRange,11.330328,13.475144,-4.438283
2026/05/25 05:42:00.274,n,-3.525583,5.181569,4.043382,0.559282,OverRange,OverRange,OverRange,11.424306,13.470828,-4.342722
2026/05/25 05:43:00.258,n,-3.326203,6.080786,6.205725,0.151248,OverRange,OverRange,OverRange,11.396684,13.477294,-4.461747
2026/05/25 05:44:00.259,n,-3.452195,4.861704,4.855503,1.274144,OverRange,OverRange,OverRange,11.35056,13.477294,-4.407141
2026/05/25 05:45:00.261,n,-3.320558,6.224149,5.437264,1.138102,OverRange,OverRange,OverRange,11.387802,13.479462,-4.30774
2026/05/25 05:46:00.263,n,-3.191744,3.370244,5.042744,1.545045,OverRange,OverRange,OverRange,11.35108,13.478386,-4.389479
2026/05/25 05:47:00.266,n,-3.273728,6.507566,4.528953,0.982978,OverRange,OverRange,OverRange,11.428834,13.47622,-4.247247
2026/05/25 05:48:00.271,n,-3.206498,5.166543,5.170603,1.488174,OverRange,OverRange,OverRange,11.416184,13.472996,-4.479067
2026/05/25 05:49:00.269,n,-3.182763,3.875746,4.607888,1.343237,OverRange,OverRange,OverRange,11.38529,13.472996,-4.34076
2026/05/25 05:50:00.272,n,-3.411395,6.062705,5.029832,1.348685,OverRange,OverRange,OverRange,11.491394,13.477294,-4.407141
2026/05/25 05:51:00.275,n,-3.183148,3.916999,4.618201,1.242183,OverRange,OverRange,OverRange,11.42986,13.479462,-4.529748
2026/05/25 05:52:00.262,n,-3.144914,5.963311,5.808613,0.151127,OverRange,OverRange,OverRange,11.50585,13.483728,-4.362176
2026/05/25 05:53:00.261,n,-2.94887,6.768297,5.868837,0.950461,OverRange,OverRange,OverRange,11.481018,13.488076,-4.30774
2026/05/25 05:54:00.264,n,-3.030726,5.748989,5.33304,1.483394,OverRange,OverRange,OverRange,11.46226,13.488076,-4.368149
2026/05/25 05:55:00.265,n,-2.92244,4.001809,4.583349,1.219675,OverRange,OverRange,OverRange,11.459996,13.492392,-4.225746
2026/05/25 05:56:00.267,n,-3.054205,3.371855,4.422327,1.084278,OverRange,OverRange,OverRange,11.5162,13.494576,-4.282314
2026/05/25 05:57:00.270,n,-3.054205,6.207947,4.799959,1.253699,OverRange,OverRange,OverRange,11.545854,13.501008,-4.268748
2026/05/25 05:58:00.271,n,-2.94887,3.976129,4.883347,1.359377,OverRange,OverRange,OverRange,11.462276,13.503174,-4.27839
2026/05/25 05:59:00.273,n,-2.94284,3.867142,5.072315,1.466835,OverRange,OverRange,OverRange,11.51822,13.51179,-4.14213
2026/05/25 06:00:00.274,n,-2.840584,6.721446,5.387055,1.503104,OverRange,OverRange,OverRange,11.545568,13.521464,-4.052457
2026/05/25 06:01:00.261,n,-2.87869,5.040773,4.847038,1.255679,OverRange,OverRange,OverRange,11.540004,13.519348,-4.093412
2026/05/25 06:02:00.264,n,-2.808509,5.862377,5.282558,1.322315,OverRange,OverRange,OverRange,11.56101,13.522574,-4.087524
2026/05/25 06:03:00.264,n,-2.665197,3.495194,4.781227,1.571568,OverRange,OverRange,OverRange,11.522278,13.531206,-4.003994
2026/05/25 06:04:00.266,n,-2.655959,6.498895,5.445603,1.59286,OverRange,OverRange,OverRange,11.615438,13.532312,-4.066108
2026/05/25 06:05:00.270,n,-2.814154,6.826764,5.099716,1.636321,OverRange,OverRange,OverRange,11.567596,13.539822,-4.155867
2026/05/25 06:06:00.270,n,-2.840327,3.999695,4.866813,1.413659,OverRange,OverRange,OverRange,11.556976,13.545212,-4.165423
2026/05/25 06:07:00.273,n,-2.819928,5.127899,5.199523,1.425333,OverRange,OverRange,OverRange,11.57367,13.552784,-4.159707
2026/05/25 06:08:00.276,n,-2.653265,4.290992,5.975825,0.846583,OverRange,OverRange,OverRange,11.604834,13.564642,-4.052457
2026/05/25 06:09:00.276,n,-2.723574,3.8506,4.056785,0.965361,OverRange,OverRange,OverRange,11.60381,13.564642,-4.116705
2026/05/25 06:10:00.261,n,-2.7586,3.991439,4.44299,1.142414,OverRange,OverRange,OverRange,11.641774,13.573276,-3.949217
2026/05/25 06:11:00.263,n,-2.500971,4.119643,4.371808,1.124605,OverRange,OverRange,OverRange,11.605062,13.586176,-3.812872
2026/05/25 06:12:00.266,n,-2.36061,5.95085,5.40443,1.333113,OverRange,OverRange,OverRange,11.657196,13.588356,-3.77388
2026/05/25 06:13:00.267,n,-2.495069,6.250574,5.136333,1.403766,OverRange,OverRange,OverRange,11.645314,13.593716,-3.81091
2026/05/25 06:14:00.270,n,-2.45427,3.270443,5.168527,1.437349,OverRange,OverRange,OverRange,11.622524,13.606682,-3.937528
2026/05/25 06:15:00.273,n,-2.536126,3.871984,5.075054,1.617955,OverRange,OverRange,OverRange,11.65972,13.60453,-3.851779
2026/05/25 06:16:00.275,n,-2.691242,3.287148,4.677786,1.376059,OverRange,OverRange,OverRange,11.658966,13.61204,-3.832326
2026/05/25 06:17:00.274,n,-2.489168,3.770375,4.958445,1.340659,OverRange,OverRange,OverRange,11.67592,13.618506,-3.775928
2026/05/25 06:18:00.277,n,-2.465945,3.715592,5.165028,1.397187,OverRange,OverRange,OverRange,11.666296,13.62932,-3.725161
2026/05/25 06:19:00.263,n,-2.468896,3.831396,5.044415,1.336437,OverRange,OverRange,OverRange,11.656942,13.640102,-3.670726
2026/05/25 06:20:00.264,n,-2.767453,6.114386,6.048737,0.384939,OverRange,OverRange,OverRange,11.704778,13.649778,-3.871232
2026/05/25 06:21:00.266,n,-2.585906,3.951485,4.316606,1.227105,OverRange,OverRange,OverRange,11.615704,13.646538,-3.758266
2026/05/25 06:22:00.268,n,-2.676616,5.888619,5.209408,1.042044,OverRange,OverRange,OverRange,11.737412,13.657318,-3.742823
2026/05/25 06:23:00.270,n,-2.4603,3.552255,4.964724,1.556683,OverRange,OverRange,OverRange,11.648342,13.66807,-3.898536
2026/05/25 06:24:00.274,n,-2.47159,6.500688,5.700169,1.203464,OverRange,OverRange,OverRange,11.703268,13.681002,-3.822514
2026/05/25 06:25:00.274,n,-2.659166,4.04047,4.88184,1.238685,OverRange,OverRange,OverRange,11.639226,13.6875,-3.820722
2026/05/25 06:26:00.276,n,-2.647363,6.143964,5.806583,0.91163,OverRange,OverRange,OverRange,11.704022,13.687614,-3.734973
2026/05/25 06:27:00.277,n,-2.793241,4.029343,4.057058,0.276028,OverRange,OverRange,OverRange,11.618688,13.68869,-3.991878
2026/05/25 06:28:00.264,n,-2.986462,6.373287,5.215728,1.340499,OverRange,OverRange,OverRange,11.685746,13.69299,-4.062013
2026/05/25 06:29:00.265,n,-2.860855,6.506906,5.309855,1.184958,OverRange,OverRange,OverRange,11.637936,13.703772,-4.073787
2026/05/25 06:30:00.269,n,-2.895882,6.693919,5.342101,1.549878,OverRange,OverRange,OverRange,11.636144,13.709164,-4.13795
2026/05/25 06:31:00.271,n,-2.936938,6.64561,5.274433,1.423706,OverRange,OverRange,OverRange,11.622238,13.719914,-4.182829
2026/05/25 06:32:00.271,n,-3.179684,5.279351,4.483493,1.202707,OverRange,OverRange,OverRange,11.63412,13.717764,-4.198357
2026/05/25 06:33:00.273,n,-3.282068,6.169873,5.001845,1.434916,OverRange,OverRange,OverRange,11.625768,13.716722,-4.414649
2026/05/25 06:34:00.275,n,-3.311577,6.702603,4.992784,1.172776,OverRange,OverRange,OverRange,11.613628,13.72423,-4.398949
2026/05/25 06:35:00.278,n,-3.206113,6.179673,5.495002,1.392462,OverRange,OverRange,OverRange,11.610592,13.726412,-4.36977
2026/05/25 06:36:00.279,n,-3.22369,3.469025,5.037438,1.254564,OverRange,OverRange,OverRange,11.592366,13.735014,-4.502275
2026/05/25 06:37:00.264,n,-3.425637,4.04328,4.012874,0.259391,OverRange,OverRange,OverRange,11.633118,13.723156,-4.504237
2026/05/25 06:38:00.268,n,-3.457968,4.044064,4.167318,0.46354,OverRange,OverRange,OverRange,11.598202,13.73288,-4.513964
2026/05/25 06:39:00.272,n,-3.340701,6.209662,5.87777,0.90743,OverRange,OverRange,OverRange,11.603242,13.72423,-4.422498
2026/05/25 06:40:00.272,n,-3.329154,4.939996,5.038473,1.427998,OverRange,OverRange,OverRange,11.550842,13.727488,-4.447754
2026/05/25 06:41:00.273,n,-3.487349,6.206972,5.446907,1.425323,OverRange,OverRange,OverRange,11.602474,13.725306,-4.587938
2026/05/25 06:42:00.275,n,-3.31735,6.305486,5.653862,1.102359,OverRange,OverRange,OverRange,11.580464,13.720988,-4.533588
2026/05/25 06:43:00.278,n,-3.396641,3.846349,4.80319,1.269464,OverRange,OverRange,OverRange,11.534898,13.714556,-4.609525
2026/05/25 06:44:00.279,n,-3.469516,3.614349,5.650637,1.118643,OverRange,OverRange,OverRange,11.552114,13.714556,-4.736057
2026/05/25 06:45:00.283,n,-3.372905,6.154955,4.651246,1.220587,OverRange,OverRange,OverRange,11.606282,13.715662,-4.405008
2026/05/25 06:46:00.266,n,-3.437312,6.31593,5.725916,1.196762,OverRange,OverRange,OverRange,11.524022,13.70809,-4.726416
2026/05/25 06:47:00.270,n,-3.361229,6.351987,6.306572,0.068063,OverRange,OverRange,OverRange,11.500978,13.702698,-4.572409
2026/05/25 06:48:00.269,n,-3.519296,4.431246,5.260429,1.184133,OverRange,OverRange,OverRange,11.49996,13.698412,-4.619252
2026/05/25 06:49:00.271,n,-3.574979,4.343863,4.67738,1.271393,OverRange,OverRange,OverRange,11.518434,13.695188,-4.673687
2026/05/25 06:50:00.275,n,-3.428459,4.557805,4.680281,0.953754,OverRange,OverRange,OverRange,11.538946,13.69084,-4.761398
2026/05/25 06:51:00.276,n,-3.463742,3.785033,4.416587,1.208597,OverRange,OverRange,OverRange,11.49263,13.686522,-4.67582
2026/05/25 06:52:00.278,n,-3.592685,3.799996,3.956389,0.573671,OverRange,OverRange,OverRange,11.506302,13.679014,-4.588109
2026/05/25 06:53:00.286,n,-3.54842,6.214723,5.190873,1.025549,OverRange,OverRange,OverRange,11.546804,13.675756,-4.634695
2026/05/25 06:54:00.281,n,-3.378678,5.970817,5.983208,0.061985,OverRange,OverRange,OverRange,11.515168,13.676832,-4.666008
2026/05/25 06:55:00.265,n,-3.332105,6.031555,6.050265,0.119636,OverRange,OverRange,OverRange,11.48226,13.667156,-4.572324
2026/05/25 06:56:00.268,n,-3.299773,3.731021,4.833819,1.10418,OverRange,OverRange,OverRange,11.4858,13.658508,-4.587938
2026/05/25 06:57:00.270,n,-3.363923,3.254271,4.992961,1.452537,OverRange,OverRange,OverRange,11.460954,13.656374,-4.533417
2026/05/25 06:58:00.276,n,-3.528021,4.169417,4.91519,1.268708,OverRange,OverRange,OverRange,11.459442,13.646684,-4.545021
2026/05/25 06:59:00.274,n,-3.455146,6.031113,4.481504,0.941111,OverRange,OverRange,OverRange,11.474386,13.641294,-4.430263
2026/05/25 07:00:00.275,n,-3.43141,4.590957,4.904817,1.060525,OverRange,OverRange,OverRange,11.412598,13.634826,-4.588023
2026/05/25 07:01:00.277,n,-3.431538,6.513281,5.361557,1.474148,OverRange,OverRange,OverRange,11.47489,13.634826,-4.570447
2026/05/25 07:02:00.280,n,-3.399078,3.460924,4.925428,1.588185,OverRange,OverRange,OverRange,11.460942,13.624044,-4.625053
2026/05/25 07:03:00.281,n,-3.332105,3.564026,5.066158,1.713395,OverRange,OverRange,OverRange,11.44779,13.616504,-4.558928
2026/05/25 07:04:00.266,n,-3.3144,4.396571,5.295942,1.159677,OverRange,OverRange,OverRange,11.458694,13.613326,-4.523776
2026/05/25 07:05:00.269,n,-3.320301,3.834728,5.191086,1.168371,OverRange,OverRange,OverRange,11.411068,13.606828,-4.601761
2026/05/25 07:06:00.272,n,-3.305803,6.134793,5.412524,1.19915,OverRange,OverRange,OverRange,11.480206,13.603586,-4.418403
2026/05/25 07:07:00.272,n,-3.261796,3.831484,4.533276,1.421167,OverRange,OverRange,OverRange,11.384466,13.600328,-4.467293
2026/05/25 07:08:00.275,n,-3.481191,6.147755,5.699868,0.910024,OverRange,OverRange,OverRange,11.466802,13.591728,-4.549031
2026/05/25 07:09:00.372,n,-3.287969,6.192618,5.531382,1.413901,OverRange,OverRange,OverRange,11.425258,13.584156,-4.535465
2026/05/25 07:10:00.326,n,-3.217917,6.277198,6.230418,0.040027,OverRange,OverRange,OverRange,11.416398,13.578764,-4.51021
2026/05/25 07:11:00.281,n,-3.229464,5.072632,5.756726,0.715821,OverRange,OverRange,OverRange,11.420218,13.578764,-4.420365
2026/05/25 07:12:00.285,n,-3.405109,3.930587,4.366488,1.060875,OverRange,OverRange,OverRange,11.412842,13.568014,-4.473095
2026/05/25 07:13:00.270,n,-3.46387,4.03646,4.034752,0.087119,OverRange,OverRange,OverRange,11.40704,13.56259,-4.453641
2026/05/25 07:14:00.320,n,-3.340701,3.858153,4.169953,0.704134,OverRange,OverRange,OverRange,11.414612,13.55508,-4.362005
2026/05/25 07:15:00.274,n,-3.334928,4.803454,4.623105,1.15377,OverRange,OverRange,OverRange,11.398412,13.558322,-4.441696
2026/05/25 07:16:00.275,n,-3.185585,3.767071,5.181566,1.45159,OverRange,OverRange,OverRange,11.405766,13.550782,-4.368063
2026/05/25 07:17:00.261,n,-3.346346,6.537954,4.262404,1.116726,OverRange,OverRange,OverRange,11.43867,13.5443,-4.245114
2026/05/25 07:18:00.262,n,-3.191487,5.972334,5.915445,0.077122,OverRange,OverRange,OverRange,11.447296,13.53461,-4.323183
2026/05/25 07:19:00.324,n,-3.095005,3.803452,5.455088,1.075409,OverRange,OverRange,OverRange,11.410568,13.533502,-4.223698
2026/05/25 07:20:00.269,n,-3.05382,5.927177,6.118593,0.112062,OverRange,OverRange,OverRange,11.442734,13.532442,-4.192385
2026/05/25 07:21:00.269,n,-3.024439,3.720672,3.858259,0.132675,OverRange,OverRange,OverRange,11.395376,13.521628,-3.960479
2026/05/25 07:22:00.272,n,-2.972221,3.936029,4.433605,1.084838,OverRange,OverRange,OverRange,11.393846,13.51951,-3.804852
2026/05/25 07:23:00.275,n,-2.811203,6.190256,6.055723,0.086133,OverRange,OverRange,OverRange,11.447052,13.513044,-3.5924
2026/05/25 07:24:00.257,n,-2.503922,6.092342,4.708701,1.224721,OverRange,OverRange,OverRange,11.40854,13.515162,-3.240106
2026/05/25 07:25:00.260,n,-2.05025,3.372813,4.865534,1.490966,OverRange,OverRange,OverRange,11.371034,13.509788,-2.803683
2026/05/25 07:26:00.264,n,-1.538072,6.421496,5.330908,1.410294,OverRange,OverRange,OverRange,11.424734,13.504364,-2.173068
2026/05/25 07:27:00.266,n,-1.081706,3.477295,5.413749,1.383371,OverRange,OverRange,OverRange,11.36878,13.502262,-1.76045
2026/05/25 07:28:00.265,n,-0.640222,6.190035,5.554579,1.215546,OverRange,OverRange,OverRange,11.423478,13.497932,-1.1591
2026/05/25 07:29:00.269,n,-0.180776,4.105062,4.88046,1.355747,OverRange,OverRange,OverRange,11.340672,13.489298,-0.616281
2026/05/25 07:30:00.269,n,0.125992,5.574937,4.625941,1.197803,OverRange,OverRange,OverRange,11.425772,13.487148,-0.131993
2026/05/25 07:31:00.274,n,0.13215,4.174364,4.121832,0.329524,OverRange,OverRange,OverRange,11.388302,13.481758,0.068343
2026/05/25 07:32:00.257,n,0.33679,3.563814,4.990035,1.288015,OverRange,OverRange,OverRange,11.39562,13.489298,0.486506
2026/05/25 07:33:00.259,n,0.92736,3.908023,5.50856,1.247979,OverRange,OverRange,OverRange,11.400436,13.480682,1.063881
2026/05/25 07:34:00.260,n,1.468405,5.218926,5.412664,1.119074,OverRange,OverRange,OverRange,11.381694,13.478516,1.81992
2026/05/25 07:35:00.263,n,2.047042,4.593596,5.009728,1.46773,OverRange,OverRange,OverRange,11.379654,13.473126,2.474766
2026/05/25 07:36:00.265,n,2.678283,6.601342,5.035216,1.501681,OverRange,OverRange,OverRange,11.428294,13.475292,3.140962
2026/05/25 07:37:00.266,n,3.294769,6.0475,5.078364,1.276235,OverRange,OverRange,OverRange,11.41235,13.477474,3.554603
2026/05/25 07:38:00.268,n,3.963602,5.581292,4.760356,1.527841,OverRange,OverRange,OverRange,11.407516,13.4742,4.245796
2026/05/25 07:39:00.271,n,4.661816,6.055093,6.123715,0.279405,OverRange,OverRange,OverRange,11.412842,13.475292,5.121201
2026/05/25 07:40:00.257,n,5.40917,6.324888,4.532737,1.298808,OverRange,OverRange,OverRange,11.41183,13.49469,6.156328
2026/05/25 07:41:00.263,n,6.60083,5.242301,5.430928,0.979405,OverRange,OverRange,OverRange,11.500978,13.495912,7.239662
2026/05/25 07:42:00.261,n,7.134562,6.47569,5.300905,1.511213,OverRange,OverRange,OverRange,11.446182,13.495912,8.077098
2026/05/25 07:43:00.262,n,7.589516,6.339987,4.945401,1.605573,OverRange,OverRange,OverRange,11.43477,13.495912,8.849434
2026/05/25 07:44:00.264,n,7.919764,3.82364,4.433742,1.577568,OverRange,OverRange,OverRange,11.429214,13.49482,9.349506
2026/05/25 07:45:00.268,n,8.52188,5.35665,4.885721,0.994014,OverRange,OverRange,OverRange,11.479116,13.498028,10.270986
2026/05/25 07:46:00.269,n,9.074602,4.048877,4.96969,1.507062,OverRange,OverRange,OverRange,11.425664,13.506678,11.002026
2026/05/25 07:47:00.270,n,9.57228,6.258698,6.201937,0.2046,OverRange,OverRange,OverRange,11.484432,13.508842,11.6474
2026/05/25 07:48:00.272,n,10.196208,3.916916,4.281741,0.789928,OverRange,OverRange,OverRange,11.428722,13.507736,12.476816
2026/05/25 07:49:00.260,n,10.951386,6.097644,5.590786,0.874808,OverRange,OverRange,OverRange,11.503678,13.515308,16.460334
2026/05/25 07:50:00.260,n,12.0227,6.017754,5.98868,0.114594,OverRange,OverRange,OverRange,11.49432,13.521774,20.517908
2026/05/25 07:51:00.264,n,12.736696,5.574764,5.849622,0.271747,OverRange,OverRange,OverRange,11.47253,13.524218,18.898664
2026/05/25 07:52:00.264,n,13.298268,3.959862,4.273387,0.41,OverRange,OverRange,OverRange,11.441728,13.527474,16.701026
2026/05/25 07:53:00.266,n,15.43012,5.127169,5.14809,1.048441,OverRange,OverRange,OverRange,11.489848,13.52855,26.546594
2026/05/25 07:54:00.270,n,19.823914,3.502185,5.778531,1.153368,OverRange,OverRange,OverRange,11.488832,13.53394,50.551956
2026/05/25 07:55:00.269,n,23.874502,6.195283,5.803768,1.029652,OverRange,OverRange,OverRange,11.509848,13.540408,73.033208
2026/05/25 07:56:00.271,n,26.463362,6.249907,5.211262,1.401573,OverRange,OverRange,OverRange,11.468812,13.552298,80.985136
2026/05/25 07:57:00.275,n,28.965872,6.637586,5.176108,1.355632,OverRange,OverRange,OverRange,11.490596,13.554462,86.886008
2026/05/25 07:58:00.259,n,31.818772,3.753755,4.929649,1.42952,OverRange,OverRange,OverRange,11.47112,13.55979,89.213688
2026/05/25 07:59:00.261,n,34.206968,4.022311,3.977865,0.081994,OverRange,OverRange,OverRange,11.513646,13.57707,73.572704
2026/05/25 08:00:00.265,n,36.80878,3.845245,4.079952,0.145866,OverRange,OverRange,OverRange,11.510854,13.579222,70.043184
2026/05/25 08:01:00.266,n,39.896216,6.448884,4.37186,1.022191,OverRange,OverRange,OverRange,11.573146,13.596436,92.758392
2026/05/25 08:02:00.266,n,43.019836,5.9756,5.090836,1.323859,OverRange,OverRange,OverRange,11.582764,13.61155,119.66906
2026/05/25 08:03:00.275,n,46.268924,3.581413,5.676012,1.03439,OverRange,OverRange,OverRange,11.574922,13.633116,130.14456
2026/05/25 08:04:00.272,n,47.042072,3.845967,4.060059,0.522521,OverRange,OverRange,OverRange,11.58049,13.647122,128.69792
2026/05/25 08:05:00.272,n,36.373332,6.256549,4.891424,1.271494,OverRange,OverRange,OverRange,11.644532,13.676228,72.356096
2026/05/25 08:06:00.274,n,34.436628,3.817799,5.195824,1.320028,OverRange,OverRange,OverRange,11.584554,13.69237,56.92116
2026/05/25 08:07:00.261,n,37.420392,3.95023,4.155019,0.971041,OverRange,OverRange,OverRange,11.652874,13.715012,64.657828
2026/05/25 08:08:00.262,n,48.498288,6.635854,5.452666,1.306967,OverRange,OverRange,OverRange,11.67542,13.745162,107.1611
2026/05/25 08:09:00.265,n,54.583988,4.303175,5.704973,0.80173,OverRange,OverRange,OverRange,11.651368,13.7721,130.52586
2026/05/25 08:10:00.269,n,54.830456,3.963851,3.801885,0.107262,OverRange,OverRange,OverRange,11.678192,13.792562,129.27504
2026/05/25 08:11:00.271,n,52.965088,5.243403,6.086615,0.472133,OverRange,OverRange,OverRange,11.719452,13.817318,118.65926
2026/05/25 08:12:00.270,n,46.795604,3.866751,4.850533,1.293632,OverRange,OverRange,OverRange,11.694642,13.843152,88.358424
2026/05/25 08:13:00.274,n,44.769728,3.356177,5.312413,1.183261,OverRange,OverRange,OverRange,11.731572,13.881936,76.755376
2026/05/25 08:14:00.276,n,43.74204,3.871863,4.617891,1.493416,OverRange,OverRange,OverRange,11.712602,13.90456,67.617048
2026/05/25 08:15:00.280,n,43.392808,3.21246,5.190071,1.590152,OverRange,OverRange,OverRange,11.72372,13.92603,62.606512
2026/05/25 08:16:00.261,n,44.499144,3.715822,4.617711,1.518827,OverRange,OverRange,OverRange,11.736898,13.95408,63.048308
2026/05/25 08:17:00.265,n,44.309768,3.292588,4.857655,1.552814,OverRange,OverRange,OverRange,11.728282,13.983122,58.21072
2026/05/25 08:18:00.267,n,44.968084,3.62133,4.966914,1.361943,OverRange,OverRange,OverRange,11.722464,14.003552,57.064164
2026/05/25 08:19:00.268,n,45.94574,3.455148,4.953406,1.702751,OverRange,OverRange,OverRange,11.734854,14.028294,57.137284
2026/05/25 08:20:00.272,n,47.089032,5.546546,5.201859,1.374658,OverRange,OverRange,OverRange,11.758636,14.047646,57.27158
2026/05/25 08:21:00.274,n,48.366136,6.289739,5.315809,1.477189,OverRange,OverRange,OverRange,11.766744,14.071282,57.880604
2026/05/25 08:22:00.273,n,49.886632,4.035178,4.260905,0.957462,OverRange,OverRange,OverRange,11.724254,14.088534,59.214796
2026/05/25 08:23:00.275,n,51.476408,3.798642,3.91629,0.08087,OverRange,OverRange,OverRange,11.762696,14.10787,61.148868
2026/05/25 08:24:00.277,n,53.245168,5.319783,5.110587,0.991053,OverRange,OverRange,OverRange,11.814316,14.130448,62.955052
2026/05/25 08:25:00.263,n,55.425512,3.597987,5.685941,1.038362,OverRange,OverRange,OverRange,11.767512,14.12095,65.2387
2026/05/25 08:26:00.265,n,56.936512,5.884573,4.971302,1.144434,OverRange,OverRange,OverRange,11.741792,14.128492,67.610912
2026/05/25 08:27:00.267,n,58.664856,4.003941,5.875392,0.919759,OverRange,OverRange,OverRange,11.73522,14.15107,69.336376
2026/05/25 08:28:00.269,n,60.905248,3.91033,3.890501,0.104939,OverRange,OverRange,OverRange,11.768352,14.167196,72.720336
2026/05/25 08:29:00.273,n,62.301288,6.128836,5.74116,0.955062,OverRange,OverRange,OverRange,11.821224,14.18119,73.618776
2026/05/25 08:30:00.274,n,64.096732,6.264005,6.190228,0.395566,OverRange,OverRange,OverRange,11.78152,14.201604,74.520624
2026/05/25 08:31:00.276,n,65.473016,6.433844,5.922814,0.65326,OverRange,OverRange,OverRange,11.786336,14.208038,75.054752
2026/05/25 08:32:00.278,n,66.856484,6.321016,5.890742,1.189367,OverRange,OverRange,OverRange,11.79063,14.222014,75.575208
2026/05/25 08:33:00.283,n,68.075992,4.062207,4.412522,1.140412,OverRange,OverRange,OverRange,11.774684,14.236074,76.40164
2026/05/25 08:34:00.266,n,68.93664,6.236988,4.901369,1.250788,OverRange,OverRange,OverRange,11.852722,14.2479,77.13336
2026/05/25 08:35:00.268,n,69.868096,6.852955,5.803097,1.168052,OverRange,OverRange,OverRange,11.821112,14.258668,77.557744
2026/05/25 08:36:00.269,n,70.352824,5.886934,5.055849,1.296437,OverRange,OverRange,OverRange,11.836534,14.26727,78.037512
2026/05/25 08:37:00.271,n,70.663048,3.457386,5.540731,1.063248,OverRange,OverRange,OverRange,11.842846,14.28444,78.371896
2026/05/25 08:38:00.273,n,70.637136,6.033027,5.296779,1.217882,OverRange,OverRange,OverRange,11.88557,14.297342,78.734944
2026/05/25 08:39:00.275,n,70.596336,3.859618,4.085139,0.362762,OverRange,OverRange,OverRange,11.840062,14.308096,78.99876
2026/05/25 08:40:00.277,n,70.477528,6.165799,5.673908,0.919474,OverRange,OverRange,OverRange,11.922994,14.31668,79.422896
2026/05/25 08:41:00.279,n,70.520896,6.032881,4.256526,0.877971,OverRange,OverRange,OverRange,11.888372,14.330642,80.169712
2026/05/25 08:42:00.282,n,70.973928,3.792732,4.990051,1.177142,OverRange,OverRange,OverRange,11.911358,14.340334,81.668224
2026/05/25 08:43:00.268,n,71.046032,3.146144,5.234759,1.253539,OverRange,OverRange,OverRange,11.937654,14.357522,82.37512
2026/05/25 08:44:00.268,n,71.527672,3.775466,3.906115,0.159493,OverRange,OverRange,OverRange,11.929332,14.36179,83.935832
2026/05/25 08:45:00.271,n,71.922192,5.988197,4.494553,1.108788,OverRange,OverRange,OverRange,11.986954,14.37466,85.14724
2026/05/25 08:46:00.273,n,72.957328,3.790441,4.985299,1.201281,OverRange,OverRange,OverRange,11.95309,14.388654,86.761696
2026/05/25 08:47:00.276,n,73.80656,3.935741,4.611942,1.177744,OverRange,OverRange,OverRange,11.95637,14.398346,88.393736
2026/05/25 08:48:00.278,n,75.516288,3.674664,5.16165,1.301971,OverRange,OverRange,OverRange,11.976584,14.407992,91.939048
2026/05/25 08:49:00.283,n,78.65236,6.186167,5.890902,0.641185,OverRange,OverRange,OverRange,11.999844,14.420894,98.633064
2026/05/25 08:50:00.283,n,82.048864,6.511306,4.590645,1.607096,OverRange,OverRange,OverRange,11.975082,14.430554,106.23338
2026/05/25 08:51:00.287,n,81.837808,3.642032,4.837479,1.4554,OverRange,OverRange,OverRange,11.983424,14.443424,104.1691
2026/05/25 08:52:00.269,n,82.470968,3.793089,4.315063,1.206243,OverRange,OverRange,OverRange,12.002874,14.457402,104.6993
2026/05/25 08:53:00.273,n,82.167552,6.052328,5.145532,1.389908,OverRange,OverRange,OverRange,12.039018,14.449892,103.38432
2026/05/25 08:54:00.258,n,81.91428,3.473168,4.173847,1.187292,OverRange,OverRange,OverRange,11.989854,14.462764,103.50266
2026/05/25 08:55:00.259,n,82.391424,4.087858,4.332385,1.157918,OverRange,OverRange,OverRange,12.035854,14.474558,106.07162
2026/05/25 08:56:00.261,n,80.262792,4.002856,4.136093,0.216217,OverRange,OverRange,OverRange,12.010574,14.48645,102.29902
2026/05/25 08:57:00.264,n,79.528008,6.306946,5.745515,1.207411,OverRange,OverRange,OverRange,12.059856,14.502514,101.23172
2026/05/25 08:58:00.266,n,75.48012,3.91219,3.797266,0.239045,OverRange,OverRange,OverRange,12.013352,14.511086,92.867256
2026/05/25 08:59:00.269,n,72.555616,6.005549,5.081877,1.200122,OverRange,OverRange,OverRange,12.09399,14.528288,86.971592
2026/05/25 09:00:00.269,n,70.807008,3.869604,4.403437,1.131312,OverRange,OverRange,OverRange,12.042172,14.54437,83.314096
2026/05/25 09:01:00.272,n,70.644576,6.581001,5.145553,1.516962,OverRange,OverRange,OverRange,12.099518,14.560466,83.042248
2026/05/25 09:02:00.258,n,71.604656,3.78182,4.436019,1.427652,OverRange,OverRange,OverRange,12.072006,14.576578,83.855968
2026/05/25 09:03:00.259,n,74.355944,6.280236,5.512496,1.176897,OverRange,OverRange,OverRange,12.112172,14.590492,87.29504
2026/05/25 09:04:00.260,n,78.668136,6.191694,5.701648,1.360571,OverRange,OverRange,OverRange,12.093486,14.611948,92.820072
2026/05/25 09:05:00.263,n,83.654552,2.935809,4.583802,1.423384,OverRange,OverRange,OverRange,12.083354,14.618418,100.6005
2026/05/25 09:06:00.264,n,89.10068,6.119691,4.875543,1.110818,OverRange,OverRange,OverRange,12.141476,14.645202,108.92906
2026/05/25 09:07:00.267,n,98.105992,4.073182,5.371073,1.21956,OverRange,OverRange,OverRange,12.096258,14.655936,123.67484
2026/05/25 09:08:00.270,n,105.68114,6.083459,5.018479,1.377427,OverRange,OverRange,OverRange,12.151586,14.668824,135.62582
2026/05/25 09:09:00.271,n,119.8076,6.261598,5.526705,1.437715,OverRange,OverRange,OverRange,12.128856,14.6924,160.84148
2026/05/25 09:10:00.256,n,140.59042,4.038794,4.748816,1.373892,OverRange,OverRange,OverRange,12.12707,14.708516,201.58198
2026/05/25 09:11:00.258,n,153.55614,3.492553,5.469641,1.36962,OverRange,OverRange,OverRange,12.19099,14.723536,223.11216
2026/05/25 09:12:00.261,n,164.18254,4.044655,4.109053,0.085323,OverRange,OverRange,OverRange,12.192006,14.7396,240.13604
2026/05/25 09:13:00.263,n,184.47308,6.520993,4.677649,1.119763,OverRange,OverRange,OverRange,12.268292,14.75995,278.3796
2026/05/25 09:14:00.263,n,192.63276,2.863523,5.078884,1.50799,OverRange,OverRange,OverRange,12.311718,14.785726,297.05088
2026/05/25 09:15:00.267,n,187.15458,6.365319,5.467091,1.39321,OverRange,OverRange,OverRange,12.355652,14.814662,286.2656
2026/05/25 09:16:00.267,n,182.68958,3.946769,4.236732,1.01743,OverRange,OverRange,OverRange,12.33167,14.845702,279.27634
2026/05/25 09:17:00.269,n,176.75694,5.096595,5.579281,0.994126,OverRange,OverRange,OverRange,12.429612,14.85411,267.73294
2026/05/25 09:18:00.274,n,167.08908,6.724107,5.359859,1.498973,OverRange,OverRange,OverRange,12.42571,14.884074,247.9669
2026/05/25 09:19:00.259,n,170.98876,6.474238,5.077607,1.412924,OverRange,OverRange,OverRange,12.43807,14.917312,257.06058
2026/05/25 09:20:00.260,n,166.5901,3.545416,4.862368,1.601328,OverRange,OverRange,OverRange,12.467092,14.948416,248.6417
2026/05/25 09:21:00.263,n,144.43896,6.108133,5.110657,1.329969,OverRange,OverRange,OverRange,12.52892,14.986936,205.04334
2026/05/25 09:22:00.267,n,138.7832,4.63886,5.142803,1.381992,OverRange,OverRange,OverRange,12.504452,15.022278,189.44108
2026/05/25 09:23:00.266,n,148.43206,3.611349,4.567503,1.428997,OverRange,OverRange,OverRange,12.524124,15.055484,210.6623
2026/05/25 09:24:00.267,n,144.38198,6.082814,4.53384,1.340812,OverRange,OverRange,OverRange,12.566768,15.088708,203.17904
2026/05/25 09:25:00.270,n,136.28018,6.046443,5.769394,0.417099,OverRange,OverRange,OverRange,12.566274,15.126464,184.70648
2026/05/25 09:26:00.274,n,132.88106,4.079249,5.381052,1.28677,OverRange,OverRange,OverRange,12.513698,15.154296,174.87116
2026/05/25 09:27:00.273,n,142.95976,3.769675,3.830013,0.122516,OverRange,OverRange,OverRange,12.543208,15.18532,194.06416
2026/05/25 09:28:00.260,n,137.36906,6.567765,4.602346,1.499495,OverRange,OverRange,OverRange,12.585348,15.21527,178.97762
2026/05/25 09:29:00.262,n,149.494,6.419079,6.267523,0.123526,OverRange,OverRange,OverRange,12.570456,15.247356,197.41656
2026/05/25 09:30:00.265,n,163.48242,3.658552,4.323063,1.047354,OverRange,OverRange,OverRange,12.569952,15.27949,224.18628
2026/05/25 09:31:00.266,n,156.89686,5.899786,4.924242,1.267209,OverRange,OverRange,OverRange,12.701344,15.314804,208.5028
2026/05/25 09:32:00.268,n,184.44972,3.957069,4.649111,1.165513,OverRange,OverRange,OverRange,12.643596,15.33822,259.42396
2026/05/25 09:33:00.269,n,214.23262,3.765258,4.221893,1.120163,OverRange,OverRange,OverRange,12.64411,15.36281,315.08566
2026/05/25 09:34:00.271,n,234.77068,3.459475,5.361897,0.974935,OverRange,OverRange,OverRange,12.683456,15.402344,349.64684
2026/05/25 09:35:00.275,n,254.40852,6.35614,5.3098,1.157052,OverRange,OverRange,OverRange,12.689774,15.42801,381.32528
2026/05/25 09:36:00.276,n,282.94822,6.014971,5.280848,1.357917,OverRange,OverRange,OverRange,12.726562,15.477828,432.88844
2026/05/25 09:37:00.260,n,310.88688,3.708052,5.267851,1.238977,OverRange,OverRange,OverRange,12.869024,15.512002,486.74204
2026/05/25 09:38:00.262,n,314.99918,4.027869,5.207602,0.971759,OverRange,OverRange,OverRange,12.979646,15.560092,494.17968
2026/05/25 09:39:00.265,n,321.87832,3.646327,4.613868,1.143776,OverRange,OverRange,OverRange,12.993008,15.603914,503.5894
2026/05/25 09:40:00.269,n,306.09304,6.209318,5.838976,0.961945,OverRange,OverRange,OverRange,13.077124,15.659454,462.2812
2026/05/25 09:41:00.270,n,310.80426,5.577625,4.759556,1.001909,OverRange,OverRange,OverRange,13.08811,15.723536,460.16688
2026/05/25 09:42:00.270,n,329.33658,5.76919,5.610594,1.075362,OverRange,OverRange,OverRange,13.273784,15.774856,488.75584
2026/05/25 09:43:00.273,n,342.26844,5.863102,5.048341,1.110185,OverRange,OverRange,OverRange,13.250916,15.835028,512.21632
2026/05/25 09:44:00.276,n,342.25148,6.537365,5.35113,1.149077,OverRange,OverRange,OverRange,13.339854,15.89947,515.62084
2026/05/25 09:45:00.280,n,326.32394,6.236567,5.47367,1.078327,OverRange,OverRange,OverRange,13.37734,15.947308,490.05056
2026/05/25 09:46:00.262,n,307.90518,3.838425,3.739904,0.183244,OverRange,OverRange,OverRange,13.354402,16.015974,461.04404
2026/05/25 09:47:00.268,n,288.41818,6.78872,5.823828,1.203807,OverRange,OverRange,OverRange,13.490036,16.08037,428.92124
2026/05/25 09:48:00.267,n,277.77176,4.305161,5.343121,1.252323,OverRange,OverRange,OverRange,13.560594,16.14904,411.39392
2026/05/25 09:49:00.269,n,262.36422,3.471474,5.008805,1.346096,OverRange,OverRange,OverRange,13.715856,16.226268,384.45108
2026/05/25 09:50:00.270,n,286.09812,6.187985,5.890307,0.48629,OverRange,OverRange,OverRange,13.666576,16.285634,425.00676
2026/05/25 09:51:00.276,n,309.27582,3.682399,4.739378,1.18097,OverRange,OverRange,OverRange,13.620428,16.347864,463.67928
2026/05/25 09:52:00.276,n,306.6908,6.093568,6.06757,0.249003,OverRange,OverRange,OverRange,13.71195,16.418546,451.52024
2026/05/25 09:53:00.278,n,306.92588,3.849138,5.075165,1.387044,OverRange,OverRange,OverRange,13.786006,16.484988,446.59104
2026/05/25 09:54:00.282,n,307.53028,5.4915,4.540094,1.16709,OverRange,OverRange,OverRange,14.002014,16.532488,440.34508
2026/05/25 09:55:00.266,n,313.19376,3.861489,5.470049,1.186416,OverRange,OverRange,OverRange,13.927052,16.597792,437.23496
2026/05/25 09:56:00.268,n,359.49772,6.13351,4.696152,1.221303,OverRange,OverRange,OverRange,14.01646,16.66952,511.5132
2026/05/25 09:57:00.269,n,412.0344,6.186465,5.439013,1.164766,OverRange,OverRange,OverRange,14.16061,16.744378,602.89064
2026/05/25 09:58:00.271,n,449.2836,6.003988,6.128274,0.194718,OverRange,OverRange,OverRange,14.29007,16.82139,673.96664
2026/05/25 09:59:00.272,n,444.3882,6.812425,5.311947,1.269041,OverRange,OverRange,OverRange,14.423274,16.902188,666.01648
2026/05/25 10:00:00.274,n,474.70632,3.703794,4.098898,1.104866,OverRange,OverRange,OverRange,14.500276,16.978062,722.50632
2026/05/25 10:01:00.278,n,488.20708,3.784499,4.528951,1.359124,OverRange,OverRange,OverRange,14.665894,17.067796,745.36008
2026/05/25 10:02:00.277,n,483.44644,5.344093,5.115853,0.883764,OverRange,OverRange,OverRange,14.974904,17.159652,736.354
2026/05/25 10:03:00.282,n,481.12228,6.65982,5.214216,1.129652,OverRange,OverRange,OverRange,15.106014,17.246816,727.85616
2026/05/25 10:04:00.269,n,515.299,5.811354,5.881117,0.637875,OverRange,OverRange,OverRange,15.20545,17.349308,790.348
2026/05/25 10:05:00.268,n,509.99488,5.155698,4.625677,1.383801,OverRange,OverRange,OverRange,15.008724,17.454154,786.22608
2026/05/25 10:06:00.269,n,480.01892,3.134683,4.929356,1.446911,OverRange,OverRange,OverRange,15.211732,17.569304,723.21336
2026/05/25 10:07:00.272,n,533.60804,5.802346,5.631737,1.022513,OverRange,OverRange,OverRange,15.083714,17.672262,816.90976
2026/05/25 10:08:00.274,n,558.45624,3.845356,4.595675,0.928013,OverRange,OverRange,OverRange,15.235592,17.778778,863.27952
2026/05/25 10:09:00.275,n,548.68232,3.578111,5.283739,1.086578,OverRange,OverRange,OverRange,15.61436,17.88781,842.32008
2026/05/25 10:10:00.277,n,534.38616,3.365554,4.569101,1.318522,OverRange,OverRange,OverRange,15.772152,18.000562,812.72608
2026/05/25 10:11:00.280,n,525.42348,3.017781,4.892875,1.542046,OverRange,OverRange,OverRange,15.845942,18.120754,791.83496
2026/05/25 10:12:00.282,n,535.735,5.903576,5.321543,1.070027,OverRange,OverRange,OverRange,15.817088,18.23384,809.2432
2026/05/25 10:13:00.267,n,537.41856,6.035705,4.928441,1.412117,OverRange,OverRange,OverRange,15.71932,18.35714,819.98896
2026/05/25 10:14:00.270,n,503.91844,3.986703,4.148331,1.105467,OverRange,OverRange,OverRange,15.74316,18.478942,772.43888
2026/05/25 10:15:00.271,n,482.04592,3.542983,4.215214,1.036871,OverRange,OverRange,OverRange,15.687176,18.594326,743.29856
2026/05/25 10:16:00.273,n,468.74828,5.908767,5.154552,1.23906,OverRange,OverRange,OverRange,15.79387,18.695454,739.41632
2026/05/25 10:17:00.276,n,430.05324,5.990275,5.525465,1.190882,OverRange,OverRange,OverRange,15.85404,18.79897,681.28256
2026/05/25 10:18:00.278,n,413.66856,4.247721,4.042555,0.104575,OverRange,OverRange,OverRange,16.125434,18.91635,663.7044
2026/05/25 10:19:00.280,n,401.48716,5.853679,5.603921,0.805478,OverRange,OverRange,OverRange,16.189108,19.01527,651.74128
2026/05/25 10:20:00.282,n,393.92032,5.829681,5.566668,0.405125,OverRange,OverRange,OverRange,16.191824,19.112266,645.60912
2026/05/25 10:21:00.283,n,406.32552,4.000365,5.451582,1.037955,OverRange,OverRange,OverRange,16.290564,19.214524,676.74152
2026/05/25 10:22:00.269,n,406.22208,5.674191,5.468437,0.893162,OverRange,OverRange,OverRange,16.176544,19.293318,681.52024
2026/05/25 10:23:00.271,n,403.34404,4.049144,4.190552,0.475413,OverRange,OverRange,OverRange,15.85435,19.381642,677.79776
2026/05/25 10:24:00.273,n,416.22816,4.368353,5.195167,1.168977,OverRange,OverRange,OverRange,15.737906,19.463316,704.19384
2026/05/25 10:25:00.263,n,418.5948,5.239413,4.507879,0.804731,OverRange,OverRange,OverRange,15.978216,19.542052,710.64016
2026/05/25 10:26:00.261,n,409.90164,6.006521,5.107422,1.282011,OverRange,OverRange,OverRange,16.022354,19.619616,698.14744
2026/05/25 10:27:00.263,n,376.35812,6.154897,5.110056,1.225369,OverRange,OverRange,OverRange,15.946376,19.696368,638.39924
2026/05/25 10:28:00.266,n,334.63552,5.870951,5.479843,1.096538,OverRange,OverRange,OverRange,15.9749,19.758008,562.39448
2026/05/25 10:29:00.268,n,316.25498,3.463172,4.60918,1.121859,OverRange,OverRange,OverRange,15.927242,19.825984,526.18304
2026/05/25 10:30:00.270,n,284.97742,6.292618,5.393293,1.178448,OverRange,OverRange,OverRange,15.801774,19.89073,469.27624
2026/05/25 10:31:00.271,n,273.1202,6.462546,5.245708,1.346147,OverRange,OverRange,OverRange,15.569118,19.95019,440.51228
2026/05/25 10:32:00.259,n,283.49206,6.111873,4.170292,0.980128,OverRange,OverRange,OverRange,15.688334,19.993168,455.47256
2026/05/25 10:33:00.263,n,291.3038,3.530898,4.785455,1.26727,OverRange,OverRange,OverRange,15.791,20.032396,468.52672
2026/05/25 10:34:00.261,n,329.95422,3.836259,3.947502,0.408658,OverRange,OverRange,OverRange,15.639654,20.080176,536.56048
2026/05/25 10:35:00.263,n,346.2632,5.832443,4.960295,1.169015,OverRange,OverRange,OverRange,15.75561,20.110886,572.3742
2026/05/25 10:36:00.265,n,366.46852,5.927665,5.365875,0.998487,OverRange,OverRange,OverRange,15.820354,20.15439,599.82964
2026/05/25 10:37:00.267,n,376.94328,6.285458,5.418209,1.125725,OverRange,OverRange,OverRange,15.650692,20.173972,630.44856
2026/05/25 10:38:00.269,n,379.81632,6.329514,5.973671,0.616723,OverRange,OverRange,OverRange,15.725938,20.204714,637.49864
2026/05/25 10:39:00.271,n,342.83828,4.070649,4.536434,0.870523,OverRange,OverRange,OverRange,15.804982,20.238622,575.5946
2026/05/25 10:40:00.256,n,269.53754,3.984529,4.612113,1.163505,OverRange,OverRange,OverRange,15.91034,20.275732,446.0542
2026/05/25 10:41:00.264,n,304.12314,6.133489,4.741883,1.331939,OverRange,OverRange,OverRange,15.743002,20.30008,497.20644
2026/05/25 10:42:00.262,n,299.44396,6.190321,5.778308,0.220425,OverRange,OverRange,OverRange,15.83132,20.31839,496.51608
2026/05/25 10:43:00.262,n,329.81668,5.855294,5.62769,1.045856,OverRange,OverRange,OverRange,15.85909,20.338498,538.36168
2026/05/25 10:44:00.264,n,386.67632,6.123555,5.289913,1.24651,OverRange,OverRange,OverRange,15.80389,20.362912,648.36156
2026/05/25 10:45:00.266,n,350.80812,4.2484,5.157148,0.762916,OverRange,OverRange,OverRange,15.854076,20.391532,586.3006
2026/05/25 10:46:00.270,n,317.49194,3.846163,4.565161,0.815657,OverRange,OverRange,OverRange,15.771546,20.399954,527.04988
2026/05/25 10:47:00.270,n,382.67128,5.773996,5.229626,0.812096,OverRange,OverRange,OverRange,15.766774,20.423258,632.45404
2026/05/25 10:48:00.272,n,439.81896,4.028303,4.547978,0.676994,OverRange,OverRange,OverRange,15.887422,20.449696,736.3892
2026/05/25 10:49:00.257,n,477.7404,5.152417,4.785815,1.090833,OverRange,OverRange,OverRange,15.925802,20.473588,804.14376
2026/05/25 10:50:00.262,n,468.67236,5.892041,5.415268,1.026205,OverRange,OverRange,OverRange,16.076478,20.494802,790.10864
2026/05/25 10:51:00.261,n,454.05632,4.011582,5.239516,0.796214,OverRange,OverRange,OverRange,16.205558,20.527606,763.38896
2026/05/25 10:52:00.266,n,464.65076,5.840327,5.338503,1.261777,OverRange,OverRange,OverRange,16.532268,20.56573,779.19696
2026/05/25 10:53:00.265,n,464.05968,4.016514,4.180234,1.020919,OverRange,OverRange,OverRange,16.569656,20.611198,777.8348
2026/05/25 10:54:00.268,n,453.44584,6.087677,4.542552,0.879039,OverRange,OverRange,OverRange,16.829356,20.653536,757.8476
2026/05/25 10:55:00.269,n,457.56544,4.079565,4.9051,1.10968,OverRange,OverRange,OverRange,16.843964,20.703212,761.5832
2026/05/25 10:56:00.278,n,445.58896,3.544943,3.865128,0.254929,OverRange,OverRange,OverRange,17.082086,20.7605,740.36352
2026/05/25 10:57:00.274,n,429.96264,5.793217,5.503994,0.776945,OverRange,OverRange,OverRange,17.382696,20.811324,711.32976
2026/05/25 10:58:00.258,n,406.53568,3.78931,4.509171,0.77957,OverRange,OverRange,OverRange,17.112656,20.873672,666.90556
2026/05/25 10:59:00.262,n,405.73264,3.443395,4.173614,0.879391,OverRange,OverRange,OverRange,17.160172,20.93181,661.7744
2026/05/25 11:00:00.263,n,405.06804,3.502608,4.848623,1.285045,OverRange,OverRange,OverRange,17.014628,20.981754,657.01948
2026/05/25 11:01:00.265,n,411.9756,3.878212,4.888371,1.122018,OverRange,OverRange,OverRange,17.084264,21.0271,666.85884
2026/05/25 11:02:00.267,n,410.16696,6.348897,4.893663,1.01976,OverRange,OverRange,OverRange,16.647638,21.070418,660.76276
2026/05/25 11:03:00.270,n,383.45292,6.145724,4.928416,1.41613,OverRange,OverRange,OverRange,16.6318,21.120038,614.83332
2026/05/25 11:04:00.272,n,372.64444,5.926431,5.949776,0.28575,OverRange,OverRange,OverRange,16.947016,21.163296,592.4292
2026/05/25 11:05:00.273,n,306.53864,3.955572,4.218755,0.872222,OverRange,OverRange,OverRange,16.72467,21.207692,478.0962
2026/05/25 11:06:00.276,n,270.07666,3.95876,4.581282,1.220883,OverRange,OverRange,OverRange,16.840652,21.231102,413.15236
2026/05/25 11:07:00.261,n,215.86668,5.819723,4.318731,0.75773,OverRange,OverRange,OverRange,16.812586,21.258752,316.20066
2026/05/25 11:08:00.263,n,184.28026,6.179603,5.567707,1.062187,OverRange,OverRange,OverRange,16.8229,21.28105,257.6037
2026/05/25 11:09:00.266,n,181.69446,3.541117,5.517596,1.058261,OverRange,OverRange,OverRange,16.713486,21.30224,247.94428
2026/05/25 11:10:00.266,n,200.35444,5.999436,4.595541,1.172757,OverRange,OverRange,OverRange,16.850062,21.308606,278.76208
2026/05/25 11:11:00.268,n,196.45446,5.858292,4.624445,1.150614,OverRange,OverRange,OverRange,16.772334,21.31608,268.78906
2026/05/25 11:12:00.273,n,196.56048,3.504241,5.343663,1.047363,OverRange,OverRange,OverRange,16.771582,21.319246,268.39324
2026/05/25 11:13:00.273,n,238.32654,4.279899,5.089855,1.001906,OverRange,OverRange,OverRange,16.722282,21.315002,336.45416
2026/05/25 11:14:00.275,n,222.9091,6.160989,4.187428,0.990706,OverRange,OverRange,OverRange,16.693854,21.30965,315.3092
2026/05/25 11:15:00.277,n,236.29334,4.660839,4.397156,1.142809,OverRange,OverRange,OverRange,16.604248,21.306516,334.87732
2026/05/25 11:16:00.264,n,276.84506,6.334127,4.815756,1.425467,OverRange,OverRange,OverRange,16.354026,21.294858,404.90648
2026/05/25 11:17:00.264,n,294.38146,6.302078,4.804394,1.048384,OverRange,OverRange,OverRange,16.278712,21.28105,436.28612
2026/05/25 11:18:00.267,n,258.28768,6.712195,5.22331,1.404766,OverRange,OverRange,OverRange,16.108892,21.272104,381.09452
2026/05/25 11:19:00.269,n,231.1618,6.248747,4.325559,1.03321,OverRange,OverRange,OverRange,15.983994,21.252974,332.21586
2026/05/25 11:20:00.273,n,274.9584,6.001773,4.951504,1.275938,OverRange,OverRange,OverRange,15.877152,21.233876,405.89144
2026/05/25 11:21:00.276,n,316.48364,4.116883,5.05387,0.98922,OverRange,OverRange,OverRange,15.86137,21.22428,476.38424
2026/05/25 11:22:00.280,n,329.06882,6.179614,4.556381,0.949111,OverRange,OverRange,OverRange,16.037394,21.201978,502.15932
2026/05/25 11:23:00.277,n,299.60682,3.320162,5.491004,1.084706,OverRange,OverRange,OverRange,16.008322,21.192416,457.32024
2026/05/25 11:24:00.279,n,291.98712,4.44065,5.803126,0.852934,OverRange,OverRange,OverRange,16.026094,21.177558,440.64124
2026/05/25 11:25:00.264,n,345.40552,6.229604,4.538035,1.360776,OverRange,OverRange,OverRange,16.161418,21.161596,528.88924
2026/05/25 11:26:00.267,n,369.71468,3.702518,5.062163,1.32314,OverRange,OverRange,OverRange,16.149644,21.156504,571.89124
2026/05/25 11:27:00.269,n,376.3174,5.963038,5.354678,0.981382,OverRange,OverRange,OverRange,16.34606,21.14805,582.13252
2026/05/25 11:28:00.271,n,405.89072,5.992481,6.049827,0.140668,OverRange,OverRange,OverRange,16.45875,21.15226,620.3958
2026/05/25 11:29:00.273,n,444.58008,5.923504,5.523814,1.081456,OverRange,OverRange,OverRange,16.5934,21.149094,680.60528
2026/05/25 11:30:00.275,n,459.93156,6.262649,4.912436,1.311131,OverRange,OverRange,OverRange,16.671442,21.163752,706.54136
2026/05/25 11:31:00.277,n,479.2278,3.519573,5.293134,1.333347,OverRange,OverRange,OverRange,16.60704,21.180728,737.75464
2026/05/25 11:32:00.279,n,515.42548,5.793403,5.452055,0.763597,OverRange,OverRange,OverRange,16.674968,21.20727,794.3732
2026/05/25 11:33:00.280,n,553.2564,6.082967,4.105091,0.994489,OverRange,OverRange,OverRange,16.966456,21.233876,845.35648
2026/05/25 11:34:00.267,n,569.72932,6.481823,5.259914,1.220537,OverRange,OverRange,OverRange,16.9549,21.268906,860.65848
2026/05/25 11:35:00.269,n,589.04864,3.990742,4.403753,1.028729,OverRange,OverRange,OverRange,17.228028,21.313502,890.84424
2026/05/25 11:36:00.272,n,526.38576,6.064384,4.624031,1.148807,OverRange,OverRange,OverRange,17.404322,21.35911,792.23472
2026/05/25 11:37:00.274,n,460.17508,5.909178,5.483257,0.945261,OverRange,OverRange,OverRange,17.678064,21.413304,680.15536
2026/05/25 11:38:00.275,n,475.47472,3.84334,4.770052,1.078585,OverRange,OverRange,OverRange,17.758814,21.468482,699.84528
2026/05/25 11:39:00.276,n,499.38328,3.631318,4.464232,1.140161,OverRange,OverRange,OverRange,17.773614,21.522584,746.69944
2026/05/25 11:40:00.279,n,459.87076,4.066647,4.410748,1.017333,OverRange,OverRange,OverRange,18.098596,21.580926,691.81912
2026/05/25 11:41:00.282,n,384.06716,5.673375,5.314154,0.872784,OverRange,OverRange,OverRange,18.450286,21.644592,572.43584
2026/05/25 11:42:00.283,n,355.61364,4.012852,3.923585,0.984593,OverRange,OverRange,OverRange,18.26322,21.70294,523.6842
2026/05/25 11:43:00.268,n,328.63834,6.054346,5.377308,0.76289,OverRange,OverRange,OverRange,18.259964,21.770268,470.4636
2026/05/25 11:44:00.270,n,347.033,5.712159,4.770988,0.865528,OverRange,OverRange,OverRange,18.26795,21.810528,484.89456
2026/05/25 11:45:00.272,n,370.87132,5.95151,4.678794,0.94746,OverRange,OverRange,OverRange,18.40006,21.862412,520.7032
2026/05/25 11:46:00.276,n,314.21528,4.016724,4.796749,0.987254,OverRange,OverRange,OverRange,18.73945,21.91433,447.94076
2026/05/25 11:47:00.276,n,278.96372,3.643195,4.569146,1.123864,OverRange,OverRange,OverRange,18.429612,21.96194,394.96864
2026/05/25 11:48:00.279,n,219.50658,3.818471,4.278171,0.810011,OverRange,OverRange,OverRange,18.090964,22.004292,301.71604
2026/05/25 11:49:00.280,n,220.47718,5.605336,4.934928,1.114327,OverRange,OverRange,OverRange,17.916082,22.042428,304.49362
2026/05/25 11:50:00.283,n,242.72034,4.020996,4.420489,1.056598,OverRange,OverRange,OverRange,17.830108,22.075216,334.1207
2026/05/25 11:51:00.286,n,241.43986,5.059378,4.296737,1.016462,OverRange,OverRange,OverRange,17.850412,22.069858,322.21166
2026/05/25 11:52:00.270,n,238.74592,6.145952,4.658527,1.044108,OverRange,OverRange,OverRange,17.918168,22.08785,310.05798
2026/05/25 11:53:00.272,n,235.00866,5.741303,4.498466,1.068577,OverRange,OverRange,OverRange,18.089776,22.102646,298.78756
2026/05/25 11:54:00.258,n,238.981,5.738423,5.328745,0.85249,OverRange,OverRange,OverRange,17.964776,22.111102,296.22634
2026/05/25 11:55:00.259,n,230.2229,6.288167,5.663526,1.118312,OverRange,OverRange,OverRange,17.720408,22.12276,279.00894
2026/05/25 11:56:00.262,n,212.39598,3.959745,4.853175,1.316314,OverRange,OverRange,OverRange,17.583974,22.124852,252.50038
2026/05/25 11:57:00.263,n,201.77562,5.767241,4.571032,0.986809,OverRange,OverRange,OverRange,17.562388,22.131218,233.60786
2026/05/25 11:58:00.265,n,204.71986,6.103233,5.21729,1.199041,OverRange,OverRange,OverRange,17.72792,22.12805,228.57336
2026/05/25 11:59:00.267,n,200.91626,6.087675,4.80878,1.227922,OverRange,OverRange,OverRange,17.735184,22.132296,218.1593
2026/05/25 12:00:00.270,n,206.51034,6.291573,5.614504,1.055463,OverRange,OverRange,OverRange,17.461786,22.127004,220.90486
2026/05/25 12:01:00.271,n,211.44874,5.746463,5.136267,1.052177,OverRange,OverRange,OverRange,17.329986,22.118582,225.07842
2026/05/25 12:02:00.258,n,209.30342,6.034638,4.761143,1.367049,OverRange,OverRange,OverRange,17.52337,22.11012,221.30836
2026/05/25 12:03:00.472,n,205.73432,3.857666,4.41871,1.245307,OverRange,OverRange,OverRange,17.55071,22.112212,215.46688
2026/05/25 12:04:00.427,n,203.59582,6.003164,4.176312,0.905356,OverRange,OverRange,OverRange,17.562662,22.109078,215.0104
2026/05/25 12:05:00.434,n,195.34144,5.668819,5.230106,0.883048,OverRange,OverRange,OverRange,17.485116,22.099542,208.04078
2026/05/25 12:06:00.267,n,164.93246,6.394172,5.587332,1.384821,OverRange,OverRange,OverRange,17.387248,22.095264,166.78332
2026/05/25 12:07:00.268,n,153.4544,4.082829,4.838019,1.098728,OverRange,OverRange,OverRange,17.177566,22.082594,154.7622
2026/05/25 12:08:00.269,n,161.54352,6.01329,4.216023,0.930814,OverRange,OverRange,OverRange,16.993652,22.066724,168.40142
2026/05/25 12:09:00.270,n,179.24006,6.255048,4.692631,1.219288,OverRange,OverRange,OverRange,16.78922,22.045562,192.22088
2026/05/25 12:10:00.452,n,189.98488,6.036349,4.633233,1.293138,OverRange,OverRange,OverRange,16.684814,22.019082,200.43738
2026/05/25 12:11:00.260,n,195.70826,6.144304,4.825394,1.174513,OverRange,OverRange,OverRange,16.603806,21.992634,201.42292
2026/05/25 12:12:00.261,n,197.21156,5.896802,4.656551,1.194686,OverRange,OverRange,OverRange,16.531824,21.95237,199.22102
2026/05/25 12:13:00.263,n,200.37174,5.908308,5.895079,0.203688,OverRange,OverRange,OverRange,16.527284,21.922754,199.34392
2026/05/25 12:14:00.333,n,205.56116,3.871024,5.295703,1.260916,OverRange,OverRange,OverRange,16.520732,21.885694,204.62652
2026/05/25 12:15:00.329,n,208.91674,5.840336,4.46641,1.08984,OverRange,OverRange,OverRange,16.4593,21.852876,208.76148
2026/05/25 12:16:00.269,n,211.9458,6.360064,5.963539,0.390953,OverRange,OverRange,OverRange,16.497804,21.82532,212.97222
2026/05/25 12:17:00.456,n,212.44848,5.518268,5.30811,0.905655,OverRange,OverRange,OverRange,16.516214,21.796716,216.45686
2026/05/25 12:18:00.350,n,212.64708,4.62307,4.223182,0.917661,OverRange,OverRange,OverRange,16.513678,21.763868,220.24884
2026/05/25 12:19:00.259,n,210.1139,6.359246,5.996218,0.256293,OverRange,OverRange,OverRange,16.517442,21.738464,221.6807
2026/05/25 12:20:00.261,n,236.74534,4.31979,5.180269,1.294316,OverRange,OverRange,OverRange,16.38678,21.713032,255.2721
2026/05/25 12:21:00.262,n,255.78868,4.623703,5.304292,1.055963,OverRange,OverRange,OverRange,16.44192,21.687596,281.58898
2026/05/25 12:22:00.264,n,254.06446,3.829579,4.034264,0.38507,OverRange,OverRange,OverRange,16.583914,21.668496,285.2853
2026/05/25 12:23:00.266,n,250.83806,3.753729,4.006999,0.376255,OverRange,OverRange,OverRange,16.552192,21.647304,284.6408
2026/05/25 12:24:00.275,n,254.14552,4.643319,4.93091,1.174138,OverRange,OverRange,OverRange,16.580384,21.632448,289.15342
2026/05/25 12:25:00.270,n,270.86892,3.685433,4.503907,1.285064,OverRange,OverRange,OverRange,16.648352,21.609136,312.9591
2026/05/25 12:26:00.273,n,271.87302,3.281091,4.312963,1.276606,OverRange,OverRange,OverRange,16.555704,21.62667,310.76182
2026/05/25 12:27:00.279,n,288.21598,5.761338,5.122119,0.885491,OverRange,OverRange,OverRange,16.47133,21.60966,332.26868
2026/05/25 12:28:00.259,n,249.68346,6.265599,6.006253,0.17336,OverRange,OverRange,OverRange,16.363032,21.592746,274.4368
2026/05/25 12:29:00.263,n,221.30242,5.242831,4.928766,1.232589,OverRange,OverRange,OverRange,16.346588,21.578968,232.4196
2026/05/25 12:30:00.265,n,211.72384,5.93939,5.8337,0.14344,OverRange,OverRange,OverRange,16.342628,21.568358,220.59582
2026/05/25 12:31:00.268,n,213.51042,4.132484,4.429683,0.766373,OverRange,OverRange,OverRange,16.44187,21.545014,225.71166
2026/05/25 12:32:00.268,n,216.50022,3.431485,4.766153,1.098193,OverRange,OverRange,OverRange,16.396606,21.530158,230.2275
2026/05/25 12:33:00.271,n,227.15034,4.491017,4.976498,1.297272,OverRange,OverRange,OverRange,16.322062,21.510012,245.87044
2026/05/25 12:34:00.273,n,226.44032,3.966074,4.403147,0.935864,OverRange,OverRange,OverRange,16.337402,21.48879,244.58198
2026/05/25 12:35:00.273,n,222.0509,3.892382,4.431128,0.996797,OverRange,OverRange,OverRange,16.543082,21.466522,237.27698
2026/05/25 12:36:00.275,n,217.11964,6.472648,5.441725,1.207716,OverRange,OverRange,OverRange,16.608536,21.449516,229.03402
2026/05/25 12:37:00.260,n,215.63598,6.097461,5.201768,0.967178,OverRange,OverRange,OverRange,16.577312,21.42829,225.86706
2026/05/25 12:38:00.263,n,214.56632,6.143956,4.936775,1.241891,OverRange,OverRange,OverRange,16.41417,21.406024,224.14428
2026/05/25 12:39:00.266,n,214.33912,3.761806,3.979343,0.226037,OverRange,OverRange,OverRange,16.345484,21.382682,224.52754
2026/05/25 12:40:00.269,n,213.26896,4.802672,4.755255,1.262697,OverRange,OverRange,OverRange,16.393764,21.361462,224.66998
2026/05/25 12:41:00.268,n,221.11302,3.966873,4.124635,0.541465,OverRange,OverRange,OverRange,16.43104,21.340206,238.23762
2026/05/25 12:42:00.270,n,232.78112,3.534856,5.170848,1.311042,OverRange,OverRange,OverRange,16.591406,21.314744,258.17032
2026/05/25 12:43:00.272,n,238.5648,6.099513,5.068331,1.323753,OverRange,OverRange,OverRange,16.769806,21.296688,270.56878
2026/05/25 12:44:00.275,n,242.59124,6.220128,5.054108,1.32184,OverRange,OverRange,OverRange,16.860596,21.278636,280.82528
2026/05/25 12:45:00.276,n,243.0956,3.580452,4.313335,1.460834,OverRange,OverRange,OverRange,16.90863,21.26055,287.84542
2026/05/25 12:46:00.261,n,250.91528,3.472183,4.747532,1.377319,OverRange,OverRange,OverRange,16.916168,21.245694,304.6896
2026/05/25 12:47:00.263,n,275.31866,5.863192,5.395006,0.942059,OverRange,OverRange,OverRange,17.020486,21.231884,349.991
2026/05/25 12:48:00.265,n,269.31234,3.5505,4.499056,1.362215,OverRange,OverRange,OverRange,17.110458,21.22764,349.1046
2026/05/25 12:49:00.267,n,244.49,5.429551,5.085853,1.047684,OverRange,OverRange,OverRange,17.149648,21.215984,315.09786
2026/05/25 12:50:00.272,n,215.80842,3.943723,5.364855,0.998468,OverRange,OverRange,OverRange,17.303366,21.209588,274.69848
2026/05/25 12:51:00.273,n,218.22048,5.919784,5.220343,1.236274,OverRange,OverRange,OverRange,17.081054,21.207464,281.36936
2026/05/25 12:52:00.273,n,216.1402,4.859712,4.779557,1.099477,OverRange,OverRange,OverRange,16.851288,21.230152,287.74442
2026/05/25 12:53:00.277,n,262.19434,3.852497,5.332268,0.903385,OverRange,OverRange,OverRange,16.938116,21.215266,357.97472
2026/05/25 12:54:00.278,n,358.4386,3.920509,5.325339,1.160682,OverRange,OverRange,OverRange,16.990906,21.207824,502.4344
2026/05/25 12:55:00.264,n,479.52992,6.400026,5.442784,1.049998,OverRange,OverRange,OverRange,16.970286,21.204624,713.0416
2026/05/25 12:56:00.266,n,547.61308,3.941507,4.730695,1.369218,OverRange,OverRange,OverRange,17.154746,21.207824,831.67184
2026/05/25 12:57:00.270,n,542.87848,5.826111,5.41,1.056915,OverRange,OverRange,OverRange,17.415948,21.20887,846.16656
2026/05/25 12:58:00.271,n,571.30976,5.905519,5.907167,0.035545,OverRange,OverRange,OverRange,17.44483,21.229078,909.29096
2026/05/25 12:59:00.271,n,570.455,5.859237,5.116558,0.814466,OverRange,OverRange,OverRange,17.791696,21.250298,920.85336
2026/05/25 13:00:00.273,n,576.38808,6.305419,5.537502,1.125734,OverRange,OverRange,OverRange,18.286246,21.289604,936.10648
2026/05/25 13:01:00.279,n,582.7868,5.940913,4.634829,1.230809,OverRange,OverRange,OverRange,18.631988,21.326788,949.33744
2026/05/25 13:02:00.281,n,509.213,6.325929,5.049853,1.311585,OverRange,OverRange,OverRange,19.046966,21.38833,810.81504
2026/05/25 13:03:00.280,n,250.62956,6.226663,4.956957,1.11511,OverRange,OverRange,OverRange,19.40655,21.44563,406.1516
2026/05/25 13:04:00.266,n,155.10576,3.519473,4.362671,0.684786,OverRange,OverRange,OverRange,19.586554,21.513538,236.76044
2026/05/25 13:05:00.268,n,161.89302,5.720527,4.550804,0.726308,OverRange,OverRange,OverRange,19.662812,21.579328,246.90088
2026/05/25 13:06:00.271,n,193.25746,5.676258,5.323031,0.93097,OverRange,OverRange,OverRange,19.644124,21.622294,298.25646
2026/05/25 13:07:00.271,n,282.15082,4.092369,4.917594,1.089215,OverRange,OverRange,OverRange,19.693964,21.66686,451.901
2026/05/25 13:08:00.274,n,491.99312,5.908783,4.840141,0.875748,OverRange,OverRange,OverRange,19.676514,21.709242,811.63232
2026/05/25 13:09:00.276,n,577.32768,5.477395,4.888469,1.295003,OverRange,OverRange,OverRange,19.92718,21.755836,930.58376
2026/05/25 13:10:00.277,n,541.91808,6.202036,5.162164,1.204597,OverRange,OverRange,OverRange,19.99117,21.812096,862.29672
2026/05/25 13:11:00.279,n,490.97096,5.555472,4.880606,0.861445,OverRange,OverRange,OverRange,20.208358,21.861924,781.25888
2026/05/25 13:12:00.283,n,498.97628,5.62634,5.441225,0.888426,OverRange,OverRange,OverRange,19.868912,21.92011,777.60696
2026/05/25 13:13:00.268,n,570.46168,5.840001,4.360359,0.764876,OverRange,OverRange,OverRange,20.133286,21.978394,883.05448
2026/05/25 13:14:00.269,n,598.58832,4.162089,5.036705,0.803143,OverRange,OverRange,OverRange,20.38797,22.049288,920.8156
2026/05/25 13:15:00.271,n,632.29828,4.78423,4.474781,0.393716,OverRange,OverRange,OverRange,20.709112,22.115936,972.18832
2026/05/25 13:16:00.273,n,641.84544,3.781625,5.001718,0.976523,OverRange,OverRange,OverRange,20.79978,22.181342,985.5652
2026/05/25 13:17:00.275,n,634.51268,5.666703,5.292436,0.443486,OverRange,OverRange,OverRange,21.119746,22.255374,975.84008
2026/05/25 13:18:00.277,n,589.17232,4.588138,5.123767,0.975202,OverRange,OverRange,OverRange,21.484488,22.355792,909.08576
2026/05/25 13:19:00.281,n,525.63392,5.524232,5.024194,0.785962,OverRange,OverRange,OverRange,21.660552,22.441912,804.58304
2026/05/25 13:20:00.281,n,273.52976,4.649652,5.839818,0.627541,OverRange,OverRange,OverRange,21.576248,22.532732,385.54068
2026/05/25 13:21:00.284,n,352.83744,3.601486,4.339712,0.971449,OverRange,OverRange,OverRange,21.415564,22.63303,531.27996
2026/05/25 13:22:00.268,n,582.21052,3.625728,4.398318,0.65256,OverRange,OverRange,OverRange,21.540116,22.71958,906.64456
2026/05/25 13:23:00.273,n,365.32204,6.033691,5.311898,0.80045,OverRange,OverRange,OverRange,21.65095,22.7851,542.54736
2026/05/25 13:24:00.272,n,588.594,6.146142,5.416989,0.91863,OverRange,OverRange,OverRange,21.642694,22.862114,921.81072
2026/05/25 13:25:00.278,n,409.06296,5.725397,5.214588,1.025305,OverRange,OverRange,OverRange,21.843816,22.953796,615.13996
2026/05/25 13:26:00.278,n,413.75724,5.512358,4.891586,0.899123,OverRange,OverRange,OverRange,21.747996,23.036008,644.78264
2026/05/25 13:27:00.262,n,320.84278,4.335935,4.543471,0.702608,OverRange,OverRange,OverRange,21.63,23.1178,481.9252
2026/05/25 13:28:00.265,n,273.307,5.336397,4.829203,0.723954,OverRange,OverRange,OverRange,21.700038,23.19257,401.06472
2026/05/25 13:29:00.268,n,322.56072,4.298697,4.929066,0.890716,OverRange,OverRange,OverRange,21.673142,23.263064,493.0746
2026/05/25 13:30:00.270,n,252.66944,5.447476,4.865705,0.826866,OverRange,OverRange,OverRange,21.515502,23.332542,387.36132
2026/05/25 13:31:00.271,n,187.57964,5.582694,5.042964,0.833321,OverRange,OverRange,OverRange,21.605178,23.389284,248.69598
2026/05/25 13:32:00.258,n,158.19076,3.905061,4.894071,1.127171,OverRange,OverRange,OverRange,21.3396,23.413848,202.08582
2026/05/25 13:33:00.258,n,157.80956,4.035501,4.747257,1.032115,OverRange,OverRange,OverRange,21.126242,23.446452,195.21868
2026/05/25 13:34:00.260,n,160.17726,4.848903,4.695274,1.060723,OverRange,OverRange,OverRange,20.880988,23.470592,196.34218
2026/05/25 13:35:00.263,n,166.2242,5.826167,4.876976,0.959851,OverRange,OverRange,OverRange,20.843542,23.49163,201.69682
2026/05/25 13:36:00.267,n,175.95274,3.872215,4.489427,1.123599,OverRange,OverRange,OverRange,20.740682,23.504272,212.4685
2026/05/25 13:37:00.268,n,200.5338,5.682656,5.160902,1.241384,OverRange,OverRange,OverRange,20.50058,23.510544,247.12744
2026/05/25 13:38:00.269,n,265.36428,3.96074,4.486339,0.93935,OverRange,OverRange,OverRange,20.398362,23.514792,351.70436
2026/05/25 13:39:00.271,n,219.79334,6.519959,5.348027,1.333926,OverRange,OverRange,OverRange,20.215276,23.507574,267.69122
2026/05/25 13:40:00.272,n,229.93,5.841852,5.090477,1.032483,OverRange,OverRange,OverRange,19.971604,23.5013,286.24484
2026/05/25 13:41:00.257,n,332.59488,3.964584,4.757527,1.227434,OverRange,OverRange,OverRange,19.728632,23.49604,435.22036
2026/05/25 13:42:00.260,n,613.64024,4.844033,5.382374,1.025523,OverRange,OverRange,OverRange,19.654654,23.482386,929.4404
2026/05/25 13:43:00.261,n,547.05488,5.719985,4.805691,1.128284,OverRange,OverRange,OverRange,19.77355,23.477128,842.68848
2026/05/25 13:44:00.264,n,379.8376,6.135072,5.193409,1.270428,OverRange,OverRange,OverRange,19.769852,23.4866,560.9198
2026/05/25 13:45:00.268,n,166.76498,3.952335,4.744038,1.230221,OverRange,OverRange,OverRange,19.671844,23.505516,251.58236
2026/05/25 13:46:00.267,n,139.12768,5.491781,4.869061,1.054293,OverRange,OverRange,OverRange,19.645218,23.509696,210.82878
2026/05/25 13:47:00.271,n,125.64696,4.229897,4.648939,0.975104,OverRange,OverRange,OverRange,19.580698,23.514988,196.2852
2026/05/25 13:48:00.272,n,138.36928,5.596335,4.905724,0.885376,OverRange,OverRange,OverRange,19.72963,23.519136,221.94862
2026/05/25 13:49:00.258,n,435.04076,5.033384,4.193063,0.421475,OverRange,OverRange,OverRange,19.63598,23.507574,719.62888
2026/05/25 13:50:00.259,n,207.85876,5.733874,4.175784,0.815388,OverRange,OverRange,OverRange,19.626998,23.50862,338.98912
2026/05/25 13:51:00.263,n,279.2322,5.572423,5.49815,0.680984,OverRange,OverRange,OverRange,19.682332,23.5013,444.8026
2026/05/25 13:52:00.263,n,333.78684,4.097885,4.07062,0.480588,OverRange,OverRange,OverRange,19.75879,23.49287,578.6482
2026/05/25 13:53:00.269,n,394.92416,3.778321,3.898867,0.21364,OverRange,OverRange,OverRange,19.74791,23.487644,650.51728
2026/05/25 13:54:00.268,n,420.39408,4.689696,4.521052,0.846873,OverRange,OverRange,OverRange,19.873988,23.498132,705.81976
2026/05/25 13:55:00.269,n,407.754,5.577011,5.236696,0.94492,OverRange,OverRange,OverRange,19.913808,23.505516,674.7752
2026/05/25 13:56:00.274,n,420.94216,5.99876,4.971802,0.974593,OverRange,OverRange,OverRange,19.962606,23.52126,692.70432
2026/05/25 13:57:00.275,n,258.54496,3.641899,4.796768,1.241796,OverRange,OverRange,OverRange,20.12078,23.534946,432.00632
2026/05/25 13:58:00.260,n,142.22048,5.835593,4.617705,0.996418,OverRange,OverRange,OverRange,20.081756,23.561246,211.08728
2026/05/25 13:59:00.261,n,280.88218,5.884737,4.896763,1.042994,OverRange,OverRange,OverRange,19.823312,23.575946,441.06236
2026/05/25 14:00:00.265,n,218.91612,3.722527,4.946332,1.03681,OverRange,OverRange,OverRange,19.915258,23.595908,360.23744
2026/05/25 14:01:00.266,n,110.59944,5.966727,5.111434,1.333347,OverRange,OverRange,OverRange,19.988654,23.60535,157.48592
2026/05/25 14:02:00.268,n,94.768496,5.670161,4.612993,0.994811,OverRange,OverRange,OverRange,19.809266,23.60744,136.5119
2026/05/25 14:03:00.269,n,93.440072,5.925205,4.910634,1.087218,OverRange,OverRange,OverRange,19.658172,23.593782,133.70378
2026/05/25 14:04:00.271,n,99.80264,3.621486,4.791864,1.20029,OverRange,OverRange,OverRange,19.474298,23.579084,141.05042
2026/05/25 14:05:00.273,n,102.18482,4.041335,4.763191,0.902019,OverRange,OverRange,OverRange,19.30575,23.54648,143.02374
2026/05/25 14:06:00.276,n,114.87916,5.759992,5.638891,0.102876,OverRange,OverRange,OverRange,19.225204,23.50862,158.4987
2026/05/25 14:07:00.265,n,130.07758,5.995957,4.827738,0.93058,OverRange,OverRange,OverRange,19.04629,23.466638,176.46282
2026/05/25 14:08:00.264,n,135.43106,6.106792,4.97182,1.280436,OverRange,OverRange,OverRange,18.686914,23.422444,182.7787
2026/05/25 14:09:00.265,n,143.02624,4.115537,4.770705,1.112199,OverRange,OverRange,OverRange,18.497462,23.369846,194.87926
2026/05/25 14:10:00.266,n,155.80232,5.283935,4.730979,0.962434,OverRange,OverRange,OverRange,18.412674,23.315196,207.58558
2026/05/25 14:11:00.270,n,151.32192,5.857663,5.49501,0.935938,OverRange,OverRange,OverRange,18.07257,23.257278,199.066
2026/05/25 14:12:00.273,n,138.8318,3.641899,4.219813,1.143578,OverRange,OverRange,OverRange,17.840112,23.197306,189.1289
2026/05/25 14:13:00.273,n,158.3673,4.088053,4.90463,1.293005,OverRange,OverRange,OverRange,17.71406,23.136256,227.97944
2026/05/25 14:14:00.275,n,152.92092,3.641445,4.690089,1.173717,OverRange,OverRange,OverRange,17.568124,23.073084,209.18224
2026/05/25 14:15:00.276,n,175.26222,3.695056,4.580559,1.332259,OverRange,OverRange,OverRange,17.429376,23.01932,240.8879
2026/05/25 14:16:00.278,n,276.7999,6.265008,5.361067,1.425577,OverRange,OverRange,OverRange,17.283524,22.952882,401.98104
2026/05/25 14:17:00.267,n,283.5353,5.810122,5.125325,1.356624,OverRange,OverRange,OverRange,17.104974,22.88648,443.95228
2026/05/25 14:18:00.267,n,238.07094,5.824957,5.446315,0.925804,OverRange,OverRange,OverRange,16.94517,22.827428,358.99264
2026/05/25 14:19:00.268,n,185.55852,3.642376,5.405976,0.899198,OverRange,OverRange,OverRange,16.833312,22.774744,256.64764
2026/05/25 14:20:00.270,n,149.56534,4.011126,3.979171,0.114953,OverRange,OverRange,OverRange,16.82048,22.717816,198.95562
2026/05/25 14:21:00.273,n,151.8632,5.842527,5.397309,0.994714,OverRange,OverRange,OverRange,16.74555,22.652364,201.9976
2026/05/25 14:22:00.276,n,187.99572,5.842763,5.073112,1.190507,OverRange,OverRange,OverRange,16.707072,22.59224,256.06064
2026/05/25 14:23:00.277,n,121.65922,5.853547,5.259511,1.21571,OverRange,OverRange,OverRange,16.732478,22.531004,148.71028
2026/05/25 14:24:00.280,n,102.76154,4.022402,4.056498,0.539295,OverRange,OverRange,OverRange,16.68392,22.470782,115.4173
2026/05/25 14:25:00.265,n,94.8428,4.770554,4.935017,1.225481,OverRange,OverRange,OverRange,16.67034,22.44299,103.2118
2026/05/25 14:26:00.267,n,89.387688,3.683805,4.982599,1.1316,OverRange,OverRange,OverRange,16.662842,22.374344,94.39624
2026/05/25 14:27:00.269,n,84.513264,3.72907,5.078309,1.162164,OverRange,OverRange,OverRange,16.569972,22.30988,87.508448
2026/05/25 14:28:00.270,n,79.291168,5.602728,4.549499,1.132488,OverRange,OverRange,OverRange,16.53977,22.238,79.643272
2026/05/25 14:29:00.275,n,77.74116,3.450277,5.207085,1.407476,OverRange,OverRange,OverRange,16.495478,22.162928,76.716392
2026/05/25 14:30:00.276,n,81.007712,3.539418,5.044895,1.288943,OverRange,OverRange,OverRange,16.410868,22.092096,80.627128
2026/05/25 14:31:00.278,n,89.418864,6.069694,4.54088,1.232284,OverRange,OverRange,OverRange,16.365794,22.021172,91.183432
2026/05/25 14:32:00.278,n,103.2329,3.215933,4.894316,1.295462,OverRange,OverRange,OverRange,16.289658,21.973072,106.61888
2026/05/25 14:33:00.281,n,118.88088,6.352953,5.111886,1.418034,OverRange,OverRange,OverRange,16.312776,21.897906,122.0499
2026/05/25 14:34:00.266,n,132.44372,6.204229,5.175735,1.394217,OverRange,OverRange,OverRange,16.265198,21.836454,136.37374
2026/05/25 14:35:00.268,n,145.5735,3.691205,4.428761,1.329798,OverRange,OverRange,OverRange,16.19787,21.76021,151.56492
2026/05/25 14:36:00.270,n,170.16868,4.017385,4.416828,1.085605,OverRange,OverRange,OverRange,16.193604,21.697716,181.01342
2026/05/25 14:37:00.273,n,193.26338,3.29122,4.558942,1.279415,OverRange,OverRange,OverRange,16.15203,21.636204,208.57746
2026/05/25 14:38:00.276,n,214.59342,3.986314,4.509409,0.973083,OverRange,OverRange,OverRange,16.190848,21.574722,238.24804
2026/05/25 14:39:00.277,n,252.3538,3.338197,4.711298,1.228404,OverRange,OverRange,OverRange,16.237452,21.529146,297.86368
2026/05/25 14:40:00.283,n,262.03552,6.163019,5.192939,1.360962,OverRange,OverRange,OverRange,16.346048,21.483532,319.30322
2026/05/25 14:41:00.280,n,282.61692,3.457826,4.721215,1.344377,OverRange,OverRange,OverRange,16.360388,21.4485,359.84432
2026/05/25 14:42:00.283,n,216.54986,4.101799,4.969677,1.354424,OverRange,OverRange,OverRange,16.458536,21.416668,243.22384
2026/05/25 14:43:00.268,n,197.58918,3.750105,4.376666,1.179823,OverRange,OverRange,OverRange,16.497066,21.435898,212.29534
2026/05/25 14:44:00.271,n,185.93006,3.817332,4.225472,1.001855,OverRange,OverRange,OverRange,16.609798,21.416798,192.38502
2026/05/25 14:45:00.274,n,185.859,5.749294,5.736483,0.757875,OverRange,OverRange,OverRange,16.646302,21.396622,192.95796
2026/05/25 14:46:00.275,n,187.08424,6.265099,4.512971,1.342795,OverRange,OverRange,OverRange,16.699646,21.382812,194.17432
2026/05/25 14:47:00.276,n,184.80114,5.850896,5.17567,1.198885,OverRange,OverRange,OverRange,16.78895,21.366912,191.69972
2026/05/25 14:48:00.263,n,185.28022,3.938857,4.052015,0.902749,OverRange,OverRange,OverRange,16.835992,21.348828,193.10498
2026/05/25 14:49:00.281,n,188.7899,4.113326,4.032278,0.063119,OverRange,OverRange,OverRange,16.960486,21.342526,199.6068
2026/05/25 14:50:00.266,n,191.70836,4.390863,3.945749,0.368726,OverRange,OverRange,OverRange,17.01151,21.326528,204.57806
2026/05/25 14:51:00.269,n,190.90532,5.84115,4.99389,1.331587,OverRange,OverRange,OverRange,17.007974,21.310628,202.10322
2026/05/25 14:52:00.270,n,197.12676,3.523574,5.580159,1.038679,OverRange,OverRange,OverRange,17.12885,21.298974,212.49016
2026/05/25 14:53:00.273,n,193.24746,5.788052,4.895028,0.796557,OverRange,OverRange,OverRange,17.17837,21.287254,204.9093
2026/05/25 14:54:00.258,n,203.40312,3.521058,5.456547,0.973415,OverRange,OverRange,OverRange,17.119558,21.270278,222.04614
2026/05/25 14:55:00.259,n,272.48962,3.970491,5.244474,1.331281,OverRange,OverRange,OverRange,17.172826,21.263976,348.51112
2026/05/25 14:56:00.261,n,285.92466,3.629458,4.837327,1.114387,OverRange,OverRange,OverRange,17.238154,21.260742,356.6808
2026/05/25 14:57:00.265,n,252.66108,3.448311,4.521636,1.005045,OverRange,OverRange,OverRange,17.295654,21.294858,295.63052
2026/05/25 14:58:00.266,n,224.30682,3.904381,4.402076,1.167196,OverRange,OverRange,OverRange,17.37707,21.29166,241.86706
2026/05/25 14:59:00.269,n,259.07574,5.755656,5.097519,1.287308,OverRange,OverRange,OverRange,17.300476,21.294858,296.90696
2026/05/25 15:00:00.271,n,344.8896,5.942168,4.438969,1.222668,OverRange,OverRange,OverRange,17.073344,21.301226,446.66536
2026/05/25 15:01:00.273,n,268.48068,3.331512,5.031502,1.230254,OverRange,OverRange,OverRange,17.220084,21.30227,308.91382
2026/05/25 15:02:00.257,n,265.28988,6.333914,5.020073,1.413879,OverRange,OverRange,OverRange,17.138448,21.309682,299.03564
2026/05/25 15:03:00.263,n,439.23536,4.00914,4.353496,0.882146,OverRange,OverRange,OverRange,17.018798,21.318234,599.29024
2026/05/25 15:04:00.263,n,420.33632,6.414725,5.091388,1.410851,OverRange,OverRange,OverRange,16.867172,21.329892,590.35716
2026/05/25 15:05:00.266,n,320.83984,6.091048,5.240984,1.31842,OverRange,OverRange,OverRange,16.936822,21.350068,426.82924
2026/05/25 15:06:00.267,n,202.72762,5.799892,5.091445,1.224514,OverRange,OverRange,OverRange,16.96021,21.371288,213.17914
2026/05/25 15:07:00.269,n,189.16466,3.387788,5.142878,1.34636,OverRange,OverRange,OverRange,17.083384,21.39783,198.91218
2026/05/25 15:08:00.270,n,184.22546,5.719934,5.110254,1.268411,OverRange,OverRange,OverRange,16.772318,21.413794,192.93664
2026/05/25 15:09:00.275,n,220.56672,5.071378,4.61763,1.242975,OverRange,OverRange,OverRange,16.781378,21.41693,245.7718
2026/05/25 15:10:00.258,n,229.65478,6.000834,4.696593,1.249576,OverRange,OverRange,OverRange,16.739386,21.421176,275.97196
2026/05/25 15:11:00.262,n,181.07606,3.939103,4.544072,1.080908,OverRange,OverRange,OverRange,16.692572,21.413794,190.488
2026/05/25 15:12:00.263,n,210.04822,5.626468,4.443397,1.080484,OverRange,OverRange,OverRange,16.722254,21.406318,226.2271
2026/05/25 15:13:00.265,n,439.13516,6.315637,5.807947,0.284191,OverRange,OverRange,OverRange,16.6017,21.402108,635.2458
2026/05/25 15:14:00.268,n,471.84,3.853144,4.616501,1.241202,OverRange,OverRange,OverRange,16.619324,21.393586,726.88088
2026/05/25 15:15:00.268,n,230.33006,5.135158,4.69227,0.925262,OverRange,OverRange,OverRange,16.848058,21.402108,297.04586
2026/05/25 15:16:00.270,n,196.09742,6.286355,4.874912,1.32447,OverRange,OverRange,OverRange,16.735352,21.415884,223.0944
2026/05/25 15:17:00.274,n,154.61796,4.003457,4.92166,1.273345,OverRange,OverRange,OverRange,16.829916,21.431816,154.38242
2026/05/25 15:18:00.276,n,138.59318,3.469072,5.434553,0.994091,OverRange,OverRange,OverRange,17.085404,21.43815,139.10884
2026/05/25 15:19:00.264,n,139.79354,6.085928,5.68833,0.992088,OverRange,OverRange,OverRange,17.101466,21.441318,143.52042
2026/05/25 15:20:00.263,n,145.66512,6.064016,4.5397,0.982741,OverRange,OverRange,OverRange,16.93078,21.437074,151.03192
2026/05/25 15:21:00.266,n,145.73094,4.001686,4.389656,0.91994,OverRange,OverRange,OverRange,16.755224,21.424374,149.69064
2026/05/25 15:22:00.268,n,142.11324,5.640542,4.291243,0.827244,OverRange,OverRange,OverRange,16.505768,21.409518,145.24026
2026/05/25 15:23:00.268,n,130.38536,3.890121,5.16569,1.126079,OverRange,OverRange,OverRange,16.521118,21.388296,133.79532
2026/05/25 15:24:00.270,n,120.32144,5.665041,4.775097,1.141386,OverRange,OverRange,OverRange,16.449946,21.35431,125.22404
2026/05/25 15:25:00.273,n,113.96452,5.8463,5.055301,1.032714,OverRange,OverRange,OverRange,16.405024,21.312882,120.33474
2026/05/25 15:26:00.274,n,115.14,5.752665,5.267834,1.137882,OverRange,OverRange,OverRange,16.400436,21.280004,124.368
2026/05/25 15:27:00.276,n,119.80568,6.249166,5.383706,1.013202,OverRange,OverRange,OverRange,16.418382,21.24282,132.8374
2026/05/25 15:28:00.263,n,125.03382,3.496443,4.783862,1.460115,OverRange,OverRange,OverRange,16.461786,21.193916,140.36732
2026/05/25 15:29:00.264,n,128.71478,5.510632,5.151152,1.216649,OverRange,OverRange,OverRange,16.482864,21.149682,144.77166
2026/05/25 15:30:00.266,n,133.51964,4.068587,5.100122,0.94311,OverRange,OverRange,OverRange,16.33517,21.113804,150.01512
2026/05/25 15:31:00.269,n,139.70784,3.699902,4.983562,1.239744,OverRange,OverRange,OverRange,16.223716,21.073716,156.99892
2026/05/25 15:32:00.269,n,143.9056,3.847684,4.439188,0.996509,OverRange,OverRange,OverRange,16.21369,21.033594,162.62538
2026/05/25 15:33:00.273,n,160.96052,3.856395,4.667142,1.273451,OverRange,OverRange,OverRange,16.237732,20.995532,194.54854
2026/05/25 15:34:00.274,n,137.44834,5.929295,5.28002,1.276999,OverRange,OverRange,OverRange,16.304866,20.9575,160.18176
2026/05/25 15:35:00.276,n,137.07498,3.927002,4.567623,1.243815,OverRange,OverRange,OverRange,16.344646,20.922638,161.88034
2026/05/25 15:36:00.277,n,118.86574,3.296606,5.110226,1.192425,OverRange,OverRange,OverRange,16.279304,20.890972,143.89558
2026/05/25 15:37:00.263,n,98.625096,6.289591,5.25472,1.41333,OverRange,OverRange,OverRange,16.189378,20.866688,103.75906
2026/05/25 15:38:00.265,n,89.355352,4.293941,4.873573,1.234474,OverRange,OverRange,OverRange,16.155814,20.827548,93.295928
2026/05/25 15:39:00.267,n,84.699056,3.382685,3.757942,0.225749,OverRange,OverRange,OverRange,16.143768,20.810312,88.60372
2026/05/25 15:40:00.268,n,82.853056,5.786237,5.019811,1.276752,OverRange,OverRange,OverRange,16.182136,20.764876,84.69648
2026/05/25 15:41:00.272,n,79.682872,3.938721,4.742863,1.156692,OverRange,OverRange,OverRange,16.113226,20.73948,81.237184
2026/05/25 15:42:00.273,n,74.897496,6.019874,5.299263,1.414723,OverRange,OverRange,OverRange,16.07287,20.705694,81.133688
2026/05/25 15:43:00.275,n,72.151856,3.208525,4.681042,1.461001,OverRange,OverRange,OverRange,16.002452,20.670768,82.690216
2026/05/25 15:44:00.277,n,73.420624,5.503002,5.33345,1.05228,OverRange,OverRange,OverRange,15.94981,20.637962,87.031488
2026/05/25 15:45:00.280,n,78.580248,5.828152,5.849968,0.094786,OverRange,OverRange,OverRange,15.8788,20.599872,96.882776
2026/05/25 15:46:00.264,n,84.937952,5.779648,5.747665,0.346346,OverRange,OverRange,OverRange,15.821366,20.559628,108.37438
2026/05/25 15:47:00.266,n,84.966944,3.844298,5.311476,1.315157,OverRange,OverRange,OverRange,15.737794,20.519448,108.85356
2026/05/25 15:48:00.268,n,82.656504,3.854167,4.585894,1.174954,OverRange,OverRange,OverRange,15.716238,20.47287,104.85816
2026/05/25 15:49:00.275,n,102.23344,3.779823,5.14001,1.442463,OverRange,OverRange,OverRange,15.727778,20.428382,137.33056
2026/05/25 15:50:00.272,n,103.91828,4.598222,4.370662,1.194001,OverRange,OverRange,OverRange,15.736816,20.39026,153.47826
2026/05/25 15:51:00.274,n,87.180136,5.004675,5.112926,1.21464,OverRange,OverRange,OverRange,15.654486,20.35106,124.0658
2026/05/25 15:52:00.276,n,92.47396,3.627004,4.497842,1.041086,OverRange,OverRange,OverRange,15.561356,20.314016,138.6527
2026/05/25 15:53:00.278,n,106.81288,3.734698,4.516568,1.340023,OverRange,OverRange,OverRange,15.508632,20.305302,168.58692
2026/05/25 15:54:00.280,n,87.797648,3.22887,5.140008,1.375742,OverRange,OverRange,OverRange,15.4994,20.266104,133.88994
2026/05/25 15:55:00.266,n,89.446448,3.043037,4.852354,1.633709,OverRange,OverRange,OverRange,15.439346,20.236404,136.6739
2026/05/25 15:56:00.267,n,111.91376,6.233732,5.618593,1.079805,OverRange,OverRange,OverRange,15.407476,20.194042,186.39594
2026/05/25 15:57:00.270,n,101.48312,3.55786,4.805565,1.526655,OverRange,OverRange,OverRange,15.352188,20.164308,168.88442
2026/05/25 15:58:00.271,n,64.244668,3.545276,4.2701,1.037696,OverRange,OverRange,OverRange,15.388108,20.126158,90.317592
2026/05/25 15:59:00.274,n,65.57438,5.088558,4.832712,1.142279,OverRange,OverRange,OverRange,15.405956,20.085852,91.467552
2026/05/25 16:00:00.275,n,71.75656,6.022139,5.817967,0.172911,OverRange,OverRange,OverRange,15.36878,20.05299,101.83026
2026/05/25 16:01:00.278,n,79.221112,5.997468,5.907545,0.453499,OverRange,OverRange,OverRange,15.34138,20.014806,114.12576
2026/05/25 16:02:00.279,n,76.738872,6.020306,6.079574,0.106434,OverRange,OverRange,OverRange,15.370794,19.973424,108.11782
2026/05/25 16:03:00.281,n,73.369176,3.96778,5.082515,1.085954,OverRange,OverRange,OverRange,15.346676,19.930934,98.221136
2026/05/25 16:04:00.266,n,79.799104,6.249998,5.491497,0.965833,OverRange,OverRange,OverRange,15.34164,19.894906,106.57478
2026/05/25 16:05:00.268,n,85.594336,5.824358,4.836352,1.009179,OverRange,OverRange,OverRange,15.317526,19.854538,113.8593
2026/05/25 16:06:00.270,n,87.825232,5.926569,4.883173,1.174037,OverRange,OverRange,OverRange,15.28207,19.817368,112.78902
2026/05/25 16:07:00.277,n,89.887792,6.274267,5.388531,1.003655,OverRange,OverRange,OverRange,15.23381,19.782352,112.94662
2026/05/25 16:08:00.275,n,91.035456,6.107065,4.290347,0.914654,OverRange,OverRange,OverRange,15.163432,19.771878,111.5615
2026/05/25 16:09:00.278,n,92.479736,5.05301,5.138811,0.39307,OverRange,OverRange,OverRange,15.183218,19.724104,108.9195
2026/05/25 16:10:00.279,n,90.161336,5.836101,4.945675,1.271653,OverRange,OverRange,OverRange,15.147752,19.679462,105.47342
2026/05/25 16:11:00.280,n,87.250192,3.63666,5.12192,1.256623,OverRange,OverRange,OverRange,15.073298,19.65078,101.10896
2026/05/25 16:12:00.282,n,85.677344,5.300404,5.169677,1.4684,OverRange,OverRange,OverRange,15.050182,19.598702,98.1574
2026/05/25 16:13:00.268,n,84.62336,3.862099,4.812009,1.314872,OverRange,OverRange,OverRange,15.001866,19.55615,96.095512
2026/05/25 16:14:00.270,n,83.632864,6.305412,4.673982,1.236765,OverRange,OverRange,OverRange,15.001608,19.516828,94.311768
2026/05/25 16:15:00.271,n,83.713688,3.892226,4.66853,1.150205,OverRange,OverRange,OverRange,14.950786,19.475358,93.584224
2026/05/25 16:16:00.276,n,83.953496,6.069645,5.040527,1.245337,OverRange,OverRange,OverRange,14.943248,19.434928,92.840984
2026/05/25 16:17:00.278,n,83.557816,3.454964,5.51654,1.018234,OverRange,OverRange,OverRange,14.86848,19.399816,91.600152
2026/05/25 16:18:00.279,n,83.22552,3.894358,5.159595,1.144693,OverRange,OverRange,OverRange,14.831738,19.36151,90.325768
2026/05/25 16:19:00.280,n,82.442752,3.912868,4.537532,1.26621,OverRange,OverRange,OverRange,14.740856,19.323204,89.01676
2026/05/25 16:20:00.267,n,81.679744,3.693221,5.60228,0.962198,OverRange,OverRange,OverRange,14.747392,19.290216,87.64572
2026/05/25 16:21:00.440,n,81.260712,6.157827,4.234606,0.955071,OverRange,OverRange,OverRange,14.685964,19.252988,86.71716
2026/05/25 16:22:00.441,n,81.202984,6.27789,6.00697,0.337528,OverRange,OverRange,OverRange,14.582916,19.214654,85.83988
2026/05/25 16:23:00.459,n,80.725704,6.275528,4.552679,1.34897,OverRange,OverRange,OverRange,14.578384,19.179514,84.641024
2026/05/25 16:24:00.257,n,80.136024,5.610344,5.13851,1.395969,OverRange,OverRange,OverRange,14.57663,19.13266,83.09712
2026/05/25 16:25:00.262,n,79.144264,5.980262,4.956125,1.342313,OverRange,OverRange,OverRange,14.53329,19.093216,81.410216
2026/05/25 16:26:00.263,n,78.1956,6.33519,5.810774,0.588987,OverRange,OverRange,OverRange,14.49876,19.052758,79.539528
2026/05/25 16:27:00.264,n,77.084512,5.925584,5.982742,0.064707,OverRange,OverRange,OverRange,14.48995,19.007994,77.753736
2026/05/25 16:28:00.265,n,76.175496,4.82966,4.803248,0.99451,OverRange,OverRange,OverRange,14.431728,18.9739,76.087312
2026/05/25 16:29:00.268,n,74.927648,5.995365,5.551413,0.96619,OverRange,OverRange,OverRange,14.421124,18.934456,74.503728
2026/05/25 16:30:00.269,n,73.772304,5.824567,5.066784,1.149834,OverRange,OverRange,OverRange,14.396922,18.882192,72.890552
2026/05/25 16:31:00.272,n,72.795936,3.952703,4.124225,0.908976,OverRange,OverRange,OverRange,14.345494,18.843858,71.528896
2026/05/25 16:32:00.259,n,71.865368,6.4136,4.976336,1.442752,OverRange,OverRange,OverRange,14.33162,18.795804,70.373464
2026/05/25 16:33:00.258,n,70.772752,6.226255,4.44194,1.184255,OverRange,OverRange,OverRange,14.276652,18.8037,69.156256
2026/05/25 16:34:00.262,n,69.949824,3.777563,3.985865,0.785963,OverRange,OverRange,OverRange,14.275412,18.758908,68.153296
2026/05/25 16:35:00.263,n,68.336832,3.632251,3.715705,0.137459,OverRange,OverRange,OverRange,14.251944,18.722564,66.473992
2026/05/25 16:36:00.265,n,66.325584,5.951723,4.785342,1.15646,OverRange,OverRange,OverRange,14.225972,18.678818,64.20928
2026/05/25 16:37:00.267,n,64.197196,6.46586,6.078649,0.230634,OverRange,OverRange,OverRange,14.1639,18.629722,61.794332
2026/05/25 16:38:00.269,n,61.707516,5.835766,5.150997,1.080161,OverRange,OverRange,OverRange,14.106614,18.587052,59.458636
2026/05/25 16:39:00.273,n,59.572072,6.101233,5.66765,1.10231,OverRange,OverRange,OverRange,14.054108,18.542198,57.399824
2026/05/25 16:40:00.256,n,57.967024,6.422196,4.226422,1.101695,OverRange,OverRange,OverRange,13.969046,18.497308,55.869396
2026/05/25 16:41:00.260,n,56.60434,3.179708,4.926595,1.411181,OverRange,OverRange,OverRange,13.935726,18.454576,54.380356
2026/05/25 16:42:00.262,n,55.647472,6.085337,4.6826,1.219402,OverRange,OverRange,OverRange,13.867274,18.399482,53.305892
2026/05/25 16:43:00.263,n,54.960164,3.682337,4.697438,1.221739,OverRange,OverRange,OverRange,13.822316,18.351694,52.345936
2026/05/25 16:44:00.266,n,54.148272,5.973913,5.178614,1.052695,OverRange,OverRange,OverRange,13.843786,18.311342,51.39562
2026/05/25 16:45:00.269,n,53.425684,6.524728,4.800944,1.260486,OverRange,OverRange,OverRange,13.76799,18.259318,50.598628
2026/05/25 16:46:00.268,n,52.735168,3.985322,4.63759,1.304284,OverRange,OverRange,OverRange,13.726308,18.212572,49.776552
2026/05/25 16:47:00.271,n,51.927776,6.352469,4.572442,1.419327,OverRange,OverRange,OverRange,13.732382,18.203344,49.13706
2026/05/25 16:48:00.275,n,51.918408,6.320849,4.783926,1.48541,OverRange,OverRange,OverRange,13.725826,18.15445,48.849696
2026/05/25 16:49:00.260,n,51.323216,6.598883,4.841447,1.734881,OverRange,OverRange,OverRange,13.703838,18.111978,48.090328
2026/05/25 16:50:00.263,n,50.837984,3.362864,4.672783,1.567065,OverRange,OverRange,OverRange,13.638134,18.067296,47.413648
2026/05/25 16:51:00.262,n,50.35878,3.165896,5.252022,1.644408,OverRange,OverRange,OverRange,13.635102,18.017326,46.646168
2026/05/25 16:52:00.267,n,50.364424,3.093458,5.07339,1.56031,OverRange,OverRange,OverRange,13.563564,17.976882,46.167684
2026/05/25 16:53:00.267,n,49.841724,3.205536,4.878334,1.706945,OverRange,OverRange,OverRange,13.510952,17.937578,45.26096
2026/05/25 16:54:00.268,n,49.373808,3.307543,4.969497,1.765808,OverRange,OverRange,OverRange,13.475552,17.90141,44.257236
2026/05/25 16:55:00.273,n,48.29596,6.416577,5.287918,1.549198,OverRange,OverRange,OverRange,13.453776,17.854542,42.799084
2026/05/25 16:56:00.272,n,46.746336,4.186535,4.947298,1.235805,OverRange,OverRange,OverRange,13.402196,17.829004,41.02822
2026/05/25 16:57:00.274,n,44.94576,6.342865,4.895396,1.489539,OverRange,OverRange,OverRange,13.397386,17.786412,39.03834
2026/05/25 16:58:00.262,n,42.652636,4.325453,4.403553,1.136055,OverRange,OverRange,OverRange,13.379176,17.749132,36.788228
2026/05/25 16:59:00.263,n,40.246992,3.519362,4.986826,1.134818,OverRange,OverRange,OverRange,13.361218,17.711886,34.4818
2026/05/25 17:00:00.264,n,37.315316,3.679874,3.78955,0.085991,OverRange,OverRange,OverRange,13.344528,17.671416,32.036128
2026/05/25 17:01:00.265,n,34.644344,6.514168,4.752476,1.118891,OverRange,OverRange,OverRange,13.34046,17.633092,29.605302
2026/05/25 17:02:00.269,n,32.04715,5.909204,6.023466,0.106419,OverRange,OverRange,OverRange,13.31213,17.595786,27.260568
2026/05/25 17:03:00.271,n,29.687692,3.858735,4.473585,1.224658,OverRange,OverRange,OverRange,13.27442,17.559552,25.16028
2026/05/25 17:04:00.273,n,27.286158,6.015624,5.620163,0.868257,OverRange,OverRange,OverRange,13.283026,17.517972,23.23678
2026/05/25 17:05:00.275,n,24.96737,6.160986,6.15079,0.0807,OverRange,OverRange,OverRange,13.231664,17.479622,21.137602
2026/05/25 17:06:00.280,n,22.661418,6.182651,6.187933,0.070767,OverRange,OverRange,OverRange,13.208104,17.438042,19.245414
2026/05/25 17:07:00.263,n,20.351358,3.44905,5.304118,1.31151,OverRange,OverRange,OverRange,13.163544,17.43592,17.430956
2026/05/25 17:08:00.265,n,18.638154,5.915751,4.584413,1.310348,OverRange,OverRange,OverRange,13.214966,17.395388,16.18713
2026/05/25 17:09:00.267,n,17.05274,6.285776,4.804292,1.392713,OverRange,OverRange,OverRange,13.206356,17.351656,15.037332
2026/05/25 17:10:00.269,n,15.752666,3.50094,4.747698,1.396556,OverRange,OverRange,OverRange,13.181046,17.30685,14.056042
2026/05/25 17:11:00.273,n,14.756282,6.146567,4.539165,1.19194,OverRange,OverRange,OverRange,13.171422,17.268436,13.664074
2026/05/25 17:12:00.275,n,14.309026,6.087487,4.848783,1.608068,OverRange,OverRange,OverRange,13.110646,17.227904,13.59607
2026/05/25 17:13:00.275,n,13.917194,6.376726,6.145663,0.151198,OverRange,OverRange,OverRange,13.090144,17.189458,13.448634
2026/05/25 17:14:00.278,n,13.256574,3.556618,3.998678,1.150237,OverRange,OverRange,OverRange,13.06632,17.143546,13.097364
2026/05/25 17:15:00.281,n,12.662796,6.006579,5.778748,0.28367,OverRange,OverRange,OverRange,13.10634,17.105134,12.342262
2026/05/25 17:16:00.266,n,12.378994,6.20931,6.114779,0.30186,OverRange,OverRange,OverRange,13.052136,17.065578,11.402268
2026/05/25 17:17:00.268,n,11.881954,3.75792,4.413972,1.32995,OverRange,OverRange,OverRange,13.01553,17.022864,10.741792
2026/05/25 17:18:00.272,n,11.536954,6.247154,5.095457,1.38755,OverRange,OverRange,OverRange,13.041006,16.982268,10.29112
2026/05/25 17:19:00.270,n,11.416864,5.959299,5.759393,0.882586,OverRange,OverRange,OverRange,13.000438,16.964822,9.90828
2026/05/25 17:20:00.274,n,11.520916,6.180028,5.970293,0.304422,OverRange,OverRange,OverRange,13.02496,16.922042,9.767756
2026/05/25 17:21:00.276,n,10.982694,3.86023,4.65428,1.378825,OverRange,OverRange,OverRange,12.982372,16.885722,9.25258
2026/05/25 17:22:00.278,n,10.534794,3.849091,4.62711,1.313287,OverRange,OverRange,OverRange,12.999528,16.853638,8.902504
2026/05/25 17:23:00.278,n,9.882512,3.914533,3.793927,0.074445,OverRange,OverRange,OverRange,12.950206,16.811936,8.375469
2026/05/25 17:24:00.282,n,9.428712,3.705261,4.392372,0.94164,OverRange,OverRange,OverRange,12.955012,16.775548,7.834698
2026/05/25 17:25:00.266,n,8.907426,4.274328,4.191453,1.00412,OverRange,OverRange,OverRange,12.9404,16.742422,7.291964
2026/05/25 17:26:00.270,n,8.526756,5.270828,5.124408,1.271056,OverRange,OverRange,OverRange,12.929312,16.717838,6.916377
2026/05/25 17:27:00.271,n,7.993922,5.307024,5.101248,1.379244,OverRange,OverRange,OverRange,12.914688,16.67715,6.346169
2026/05/25 17:28:00.271,n,7.592724,6.171918,5.50367,1.093432,OverRange,OverRange,OverRange,12.931072,16.64399,5.96461
2026/05/25 17:29:00.273,n,7.074132,6.168351,6.315765,0.091326,OverRange,OverRange,OverRange,12.891786,16.618332,5.421364
2026/05/25 17:30:00.276,n,6.332039,3.541856,5.640107,1.057146,OverRange,OverRange,OverRange,12.861542,16.586216,4.80568
2026/05/25 17:31:00.281,n,5.546452,5.266636,5.29693,1.270755,OverRange,OverRange,OverRange,12.868342,16.590912,4.309703
2026/05/25 17:32:00.281,n,4.819884,3.461881,5.076965,1.381005,OverRange,OverRange,OverRange,12.881374,16.555604,4.382397
2026/05/25 17:33:00.284,n,4.440241,6.390974,5.393482,1.368249,OverRange,OverRange,OverRange,12.876602,16.532032,5.820245
2026/05/25 17:34:00.267,n,3.958471,6.533367,4.681882,1.405132,OverRange,OverRange,OverRange,12.818904,16.509504,5.60566
2026/05/25 17:35:00.271,n,2.971323,3.566686,4.525228,1.478227,OverRange,OverRange,OverRange,12.80956,16.481694,3.234304
2026/05/25 17:36:00.274,n,2.217426,3.48742,5.186071,1.440771,OverRange,OverRange,OverRange,12.803518,16.452776,1.766081
2026/05/25 17:37:00.273,n,1.548593,4.128375,4.780295,1.113413,OverRange,OverRange,OverRange,12.757656,16.43566,1.051253
2026/05/25 17:38:00.276,n,0.96431,3.051574,4.471917,1.378972,OverRange,OverRange,OverRange,12.726894,16.406742,0.46236
2026/05/25 17:39:00.263,n,0.35039,6.106302,5.183474,1.291411,OverRange,OverRange,OverRange,12.709,16.379976,-0.081824
2026/05/25 17:40:00.283,n,-0.102512,6.226536,4.980309,1.543967,OverRange,OverRange,OverRange,12.733196,16.346726,-0.521318
2026/05/25 17:41:00.283,n,-0.482668,3.691618,4.207813,0.991205,OverRange,OverRange,OverRange,12.716802,16.3167,-0.993661
2026/05/25 17:42:00.284,n,-0.871549,3.740104,4.278793,1.069028,OverRange,OverRange,OverRange,12.714284,16.293456,-1.281708
2026/05/25 17:43:00.270,n,-0.599422,6.232376,5.038584,1.326473,OverRange,OverRange,OverRange,12.751292,16.260236,-1.127872
2026/05/25 17:44:00.271,n,-0.739655,3.992417,4.812182,1.086608,OverRange,OverRange,OverRange,12.670086,16.225942,-1.371126
2026/05/25 17:45:00.273,n,-0.950197,3.945515,5.311538,1.264004,OverRange,OverRange,OverRange,12.687764,16.198036,-1.470185
2026/05/25 17:46:00.275,n,-1.172671,3.467657,4.278505,1.152428,OverRange,OverRange,OverRange,12.624218,16.169072,-1.606529
2026/05/25 17:47:00.260,n,-1.283651,3.884996,4.561874,1.225749,OverRange,OverRange,OverRange,12.59875,16.145488,-1.631785
2026/05/25 17:48:00.280,n,-1.312904,3.033604,4.784588,1.57806,OverRange,OverRange,OverRange,12.599736,16.113328,-1.637672
2026/05/25 17:49:00.265,n,-1.201795,3.833089,5.297733,1.289396,OverRange,OverRange,OverRange,12.545772,16.08435,-1.511224
2026/05/25 17:50:00.267,n,-1.485341,6.215034,4.212488,0.983653,OverRange,OverRange,OverRange,12.573278,16.05434,-1.53648
2026/05/25 17:51:00.269,n,-2.167004,4.035794,4.983017,1.229638,OverRange,OverRange,OverRange,12.55714,16.02536,-2.332279
2026/05/25 17:52:00.272,n,-2.568073,4.245723,4.106033,0.245392,OverRange,OverRange,OverRange,12.57127,15.993138,-2.8559
2026/05/25 17:53:00.257,n,-2.681876,3.425096,5.394371,1.349504,OverRange,OverRange,OverRange,12.578578,15.962024,-3.083795
2026/05/25 17:54:00.260,n,-2.830833,6.327491,6.052408,0.946221,OverRange,OverRange,OverRange,12.518804,15.933044,-3.163401
2026/05/25 17:55:00.261,n,-2.933474,3.608739,4.528017,1.056823,OverRange,OverRange,OverRange,12.5294,15.907326,-3.299745
2026/05/25 17:56:00.262,n,-3.170446,5.922944,5.06795,1.390829,OverRange,OverRange,OverRange,12.538972,15.878316,-3.379436
2026/05/25 17:57:00.266,n,-3.223306,6.402006,4.93333,1.675727,OverRange,OverRange,OverRange,12.549062,15.853608,-3.543084
2026/05/25 17:58:00.267,n,-3.272958,4.71001,5.210511,1.113791,OverRange,OverRange,OverRange,12.55209,15.82675,-3.669531
2026/05/25 17:59:00.270,n,-3.281683,3.979953,4.497823,1.142672,OverRange,OverRange,OverRange,12.48901,15.79989,-3.724223
2026/05/25 18:00:00.276,n,-3.583319,3.815159,3.866481,0.096864,OverRange,OverRange,OverRange,12.488266,15.766578,-3.807923
2026/05/25 18:01:00.257,n,-3.615522,3.765495,3.692681,0.075654,OverRange,OverRange,OverRange,12.448654,15.742962,-3.745553
2026/05/25 18:02:00.260,n,-3.662224,5.884886,5.140136,1.385798,OverRange,OverRange,OverRange,12.436524,15.717148,-3.829425
2026/05/25 18:03:00.260,n,-3.878796,5.977742,4.93326,1.520065,OverRange,OverRange,OverRange,12.44158,15.69029,-3.942306
2026/05/25 18:04:00.262,n,-3.785264,6.58311,4.188543,1.26276,OverRange,OverRange,OverRange,12.396408,15.668012,-3.920805
2026/05/25 18:05:00.265,n,-3.817468,6.109082,4.757485,1.423975,OverRange,OverRange,OverRange,12.344426,15.645602,-3.981469
2026/05/25 18:06:00.266,n,-3.855445,6.006869,4.568551,1.373128,OverRange,OverRange,OverRange,12.347448,15.624236,-4.010479
2026/05/25 18:07:00.383,n,-3.966682,5.693568,4.487165,1.466328,OverRange,OverRange,OverRange,12.34138,15.663008,-4.02012
2026/05/25 18:08:00.270,n,-3.779362,6.231993,5.321854,1.504344,OverRange,OverRange,OverRange,12.40181,15.640598,-4.071057
2026/05/25 18:09:00.274,n,-3.650548,3.871796,5.211905,1.335442,OverRange,OverRange,OverRange,12.404592,15.620244,-4.082746
2026/05/25 18:10:00.258,n,-3.63605,3.545475,4.881504,1.429044,OverRange,OverRange,OverRange,12.426042,15.609586,-4.069009
2026/05/25 18:11:00.311,n,-3.659529,3.24122,5.304642,1.18872,OverRange,OverRange,OverRange,12.434114,15.588236,-4.111926
2026/05/25 18:12:00.266,n,-3.674155,6.128705,4.671373,1.295744,OverRange,OverRange,OverRange,12.435628,15.577578,-4.106039
2026/05/25 18:13:00.266,n,-3.644775,5.923712,5.64731,1.120962,OverRange,OverRange,OverRange,12.416708,15.559424,-4.133342
2026/05/25 18:14:00.267,n,-3.650805,5.729119,5.626692,1.275753,OverRange,OverRange,OverRange,12.40534,15.539102,-4.203563
2026/05/25 18:15:00.268,n,-3.601152,3.374446,5.833899,1.211186,OverRange,OverRange,OverRange,12.362692,15.523066,-4.217213
2026/05/25 18:16:00.327,n,-3.720985,4.396723,4.420043,1.118312,OverRange,OverRange,OverRange,12.34248,15.504894,-4.071228
2026/05/25 18:17:00.361,n,-3.814645,3.803982,4.034846,0.891205,OverRange,OverRange,OverRange,12.33491,15.49422,-4.133342
2026/05/25 18:18:00.348,n,-3.855701,6.612229,5.388331,1.517568,OverRange,OverRange,OverRange,12.344762,15.472824,-4.240506
2026/05/25 18:19:00.365,n,-3.943074,6.283384,4.966242,1.41553,OverRange,OverRange,OverRange,12.30363,15.45146,-4.228903
2026/05/25 18:20:00.336,n,-3.999014,3.375269,4.880011,1.677569,OverRange,OverRange,OverRange,12.259934,15.433306,-4.35936
2026/05/25 18:21:00.264,n,-4.05444,3.35351,4.872498,1.715867,OverRange,OverRange,OverRange,12.283168,15.412984,-4.403984
2026/05/25 18:22:00.267,n,-4.051745,6.134231,5.266167,1.104628,OverRange,OverRange,OverRange,12.274822,15.394832,-4.281291
2026/05/25 18:23:00.268,n,-3.858396,6.221072,5.989625,0.747234,OverRange,OverRange,OverRange,12.259176,15.381958,-4.367124
2026/05/25 18:24:00.269,n,-3.931399,3.327101,3.933374,0.726526,OverRange,OverRange,OverRange,12.218526,15.360592,-4.299038
2026/05/25 18:25:00.465,n,-4.104349,3.784167,4.876817,1.525564,OverRange,OverRange,OverRange,12.2435,15.34239,-4.361152
2026/05/25 18:26:00.468,n,-3.978485,3.824259,4.835843,1.417147,OverRange,OverRange,OverRange,12.23492,15.32955,-4.322245
2026/05/25 18:27:00.279,n,-4.118847,6.290487,5.782992,1.069575,OverRange,OverRange,OverRange,12.234166,15.310322,-4.370964
2026/05/25 18:28:00.261,n,-4.051745,5.690846,5.218781,1.356981,OverRange,OverRange,OverRange,12.219518,15.292118,-4.452788
2026/05/25 18:29:00.263,n,-4.022364,3.719977,4.508911,1.47785,OverRange,OverRange,OverRange,12.151338,15.268638,-4.398182
2026/05/25 18:30:00.267,n,-4.174657,6.389787,5.028593,1.220087,OverRange,OverRange,OverRange,12.109152,15.274096,-4.357312
2026/05/25 18:31:00.267,n,-3.672488,5.334823,5.130973,1.278432,OverRange,OverRange,OverRange,12.14147,15.2527,-4.142045
2026/05/25 18:32:00.269,n,-3.689937,3.778523,4.766081,1.24559,OverRange,OverRange,OverRange,12.16799,15.238166,-4.190678
2026/05/25 18:33:00.271,n,-3.96758,6.174349,5.692024,1.25985,OverRange,OverRange,OverRange,12.157064,15.219962,-4.307143
2026/05/25 18:34:00.275,n,-3.806562,4.193615,5.046071,1.229032,OverRange,OverRange,OverRange,12.078248,15.197526,-4.295625
2026/05/25 18:35:00.277,n,-3.937942,3.965351,4.317179,1.1108,OverRange,OverRange,OverRange,12.05778,15.186788,-4.207999
2026/05/25 18:36:00.280,n,-4.175299,4.41359,3.915374,0.266663,OverRange,OverRange,OverRange,12.081772,15.164316,-4.225319
2026/05/25 18:37:00.263,n,-4.043663,3.340833,5.559027,1.09376,OverRange,OverRange,OverRange,12.019848,15.148298,-4.326597
2026/05/25 18:38:00.265,n,-4.0257,6.2764,5.414057,1.226852,OverRange,OverRange,OverRange,12.014802,15.131158,-4.19631
2026/05/25 18:39:00.266,n,-4.072915,4.437901,4.760181,1.156005,OverRange,OverRange,OverRange,11.947576,15.110804,-4.291785
2026/05/25 18:40:00.269,n,-4.169397,3.698952,5.140839,1.340789,OverRange,OverRange,OverRange,12.008728,15.09477,-4.350146
2026/05/25 18:41:00.270,n,-4.160802,3.406634,5.006137,1.158353,OverRange,OverRange,OverRange,12.004696,15.08193,-4.281888
2026/05/25 18:42:00.272,n,-4.13142,6.184554,5.772589,1.092918,OverRange,OverRange,OverRange,12.044134,15.072268,-4.377278
2026/05/25 18:43:00.274,n,-4.137194,6.03232,6.108404,0.085546,OverRange,OverRange,OverRange,11.969824,15.056186,-4.355947
2026/05/25 18:44:00.279,n,-4.107941,6.292348,5.406673,1.135026,OverRange,OverRange,OverRange,11.97968,15.049812,-4.426082
2026/05/25 18:45:00.279,n,-4.222129,3.800028,4.691614,1.239403,OverRange,OverRange,OverRange,11.888188,15.035866,-4.540925
2026/05/25 18:46:00.264,n,-4.257284,3.437796,5.145167,1.310499,OverRange,OverRange,OverRange,11.852514,15.030504,-4.441611
2026/05/25 18:47:00.266,n,-4.259978,6.395422,6.375387,0.231684,OverRange,OverRange,OverRange,11.84342,15.015514,-4.394768
2026/05/25 18:48:00.268,n,-4.289488,6.28411,6.218312,0.083195,OverRange,OverRange,OverRange,11.929372,15.010172,-4.542973
2026/05/25 18:49:00.271,n,-4.17825,5.895067,5.906518,0.477854,OverRange,OverRange,OverRange,11.972096,14.994088,-4.556539
2026/05/25 18:50:00.275,n,-4.189797,4.581892,3.868438,0.418607,OverRange,OverRange,OverRange,11.997372,14.981248,-4.537086
2026/05/25 18:51:00.275,n,-4.099088,6.078102,6.289527,0.199234,OverRange,OverRange,OverRange,12.030732,14.969468,-4.541011
2026/05/25 18:52:00.275,n,-4.286408,3.876175,3.915038,0.697082,OverRange,OverRange,OverRange,11.920792,14.956596,-4.632561
2026/05/25 18:53:00.280,n,-4.131164,3.351544,4.861598,1.417321,OverRange,OverRange,OverRange,11.926346,14.948042,-4.31303
2026/05/25 18:54:00.280,n,-4.145918,6.516582,5.130579,1.441725,OverRange,OverRange,OverRange,11.96048,14.935202,-4.35791
2026/05/25 18:55:00.265,n,-4.034681,3.838548,4.70377,1.273285,OverRange,OverRange,OverRange,11.92331,14.923438,-4.412431
2026/05/25 18:56:00.267,n,-4.289231,6.268908,5.830406,0.70202,OverRange,OverRange,OverRange,11.984976,14.908382,-4.466952
2026/05/25 18:57:00.269,n,-4.014281,3.881866,4.995792,1.417286,OverRange,OverRange,OverRange,11.933422,14.903054,-4.472839
2026/05/25 18:58:00.271,n,-4.067013,6.146375,5.391515,1.224063,OverRange,OverRange,OverRange,11.929382,14.89129,-4.35407
2026/05/25 18:59:00.275,n,-4.113971,6.394216,4.55114,1.321454,OverRange,OverRange,OverRange,11.976898,14.878404,-4.455348
2026/05/25 19:00:00.275,n,-4.274733,3.615882,3.591938,0.238796,OverRange,OverRange,OverRange,11.984996,14.892204,-4.548775
2026/05/25 19:01:00.278,n,-3.712518,3.948246,4.03877,0.297389,OverRange,OverRange,OverRange,12.04364,14.885766,-4.198016
2026/05/25 19:02:00.282,n,-3.55753,4.568928,5.580511,1.297282,OverRange,OverRange,OverRange,12.03529,14.871054,-4.14742
2026/05/25 19:03:00.281,n,-3.730223,6.767282,4.536995,1.162077,OverRange,OverRange,OverRange,12.01032,14.858182,-4.235046
2026/05/25 19:04:00.268,n,-3.867505,6.344898,4.381724,1.136993,OverRange,OverRange,OverRange,12.02269,14.847462,-4.244687
2026/05/25 19:05:00.271,n,-3.847105,3.544215,4.485771,1.326203,OverRange,OverRange,OverRange,12.03153,14.838876,-4.373439
2026/05/25 19:06:00.272,n,-3.706488,3.910817,5.262726,1.264321,OverRange,OverRange,OverRange,12.018896,14.83032,-4.127882
2026/05/25 19:07:00.273,n,-3.65119,6.168774,5.90798,0.749524,OverRange,OverRange,OverRange,12.057312,14.820642,-4.201856
2026/05/25 19:08:00.275,n,-3.551628,3.846635,4.892338,1.023013,OverRange,OverRange,OverRange,12.026994,14.81313,-4.258339
2026/05/25 19:09:00.277,n,-3.782827,3.53718,5.364164,1.29829,OverRange,OverRange,OverRange,11.998932,14.804544,-4.307058
2026/05/25 19:10:00.279,n,-3.674412,3.295858,4.878596,1.551324,OverRange,OverRange,OverRange,11.974412,14.797068,-4.133683
2026/05/25 19:11:00.283,n,-3.706616,4.018647,5.440104,1.221876,OverRange,OverRange,OverRange,11.953198,14.786378,-4.18044
2026/05/25 19:12:00.283,n,-3.771023,3.201809,4.86838,1.438781,OverRange,OverRange,OverRange,11.958238,14.783152,-4.172676
2026/05/25 19:13:00.268,n,-3.776796,6.207279,5.843231,1.139153,OverRange,OverRange,OverRange,11.91475,14.77564,-4.137523
2026/05/25 19:14:00.272,n,-3.648111,6.266703,6.284172,0.089929,OverRange,OverRange,OverRange,11.82982,14.771356,-4.036331
2026/05/25 19:15:00.272,n,-3.750494,5.884537,5.436826,1.106046,OverRange,OverRange,OverRange,11.85787,14.760618,-3.917392
2026/05/25 19:16:00.274,n,-3.724065,6.527732,6.055714,0.645291,OverRange,OverRange,OverRange,11.86521,14.761694,-4.071313
2026/05/25 19:17:00.280,n,-3.841332,6.51405,5.306384,1.580698,OverRange,OverRange,OverRange,11.811102,14.758452,-4.063634
2026/05/25 19:18:00.280,n,-3.844283,3.86722,4.345987,1.112303,OverRange,OverRange,OverRange,11.87354,14.749866,-4.129929
2026/05/25 19:19:00.282,n,-3.771151,6.100378,5.372887,1.295121,OverRange,OverRange,OverRange,11.93953,14.747748,-4.049897
2026/05/25 19:20:00.286,n,-3.694684,2.876837,4.911092,1.741126,OverRange,OverRange,OverRange,11.881634,14.744506,-4.094776
2026/05/25 19:21:00.271,n,-3.896757,6.405267,5.059647,1.24733,OverRange,OverRange,OverRange,11.849788,14.747748,-4.227196
2026/05/25 19:22:00.270,n,-3.750238,3.832498,4.682408,1.379786,OverRange,OverRange,OverRange,11.830552,14.750972,-4.199979
2026/05/25 19:23:00.272,n,-3.712646,4.659889,5.103546,1.333744,OverRange,OverRange,OverRange,11.926392,14.750972,-4.201941
2026/05/25 19:24:00.260,n,-3.66851,3.377672,4.085132,1.207409,OverRange,OverRange,OverRange,11.933468,14.752016,-4.301171
2026/05/25 19:25:00.261,n,-3.62771,6.257812,4.981254,1.199076,OverRange,OverRange,OverRange,11.970114,14.743428,-4.236838
2026/05/25 19:26:00.262,n,-3.577801,3.7545,4.699415,1.380826,OverRange,OverRange,OverRange,11.904394,14.752016,-4.139485
2026/05/25 19:27:00.263,n,-3.589605,3.783315,4.911909,1.390576,OverRange,OverRange,OverRange,11.92538,14.743428,-4.061586
2026/05/25 19:28:00.265,n,-3.43744,6.171604,6.032495,0.402931,OverRange,OverRange,OverRange,12.028244,14.755258,-4.032321
2026/05/25 19:29:00.268,n,-3.31132,6.240401,5.78569,1.055372,OverRange,OverRange,OverRange,12.010818,14.754184,-4.026689
2026/05/25 19:30:00.269,n,-3.340701,6.586198,4.972199,1.786537,OverRange,OverRange,OverRange,12.001714,14.755258,-4.020802
2026/05/25 19:31:00.272,n,-3.326203,3.239788,4.511513,1.692246,OverRange,OverRange,OverRange,12.044684,14.756332,-4.131806
2026/05/25 19:32:00.257,n,-3.419606,3.432529,4.882706,1.667819,OverRange,OverRange,OverRange,12.007268,14.749866,-4.188375
2026/05/25 19:33:00.259,n,-3.440391,6.191005,5.710511,1.172368,OverRange,OverRange,OverRange,12.04417,14.752016,-4.160987
2026/05/25 19:34:00.261,n,-3.302981,6.24907,5.22382,1.428027,OverRange,OverRange,OverRange,12.039872,14.754184,-4.145201
2026/05/25 19:35:00.263,n,-3.232415,3.685085,4.505524,1.604059,OverRange,OverRange,OverRange,12.01611,14.755258,-4.051945
2026/05/25 19:36:00.268,n,-3.34378,3.794325,4.678944,1.471281,OverRange,OverRange,OverRange,12.0477,14.769758,-3.989659
2026/05/25 19:37:00.270,n,-3.07422,6.534699,5.248853,1.399596,OverRange,OverRange,OverRange,12.063188,14.767642,-3.748198
2026/05/25 19:38:00.268,n,-2.930651,6.749527,5.084406,1.555098,OverRange,OverRange,OverRange,12.050044,14.774972,-3.785228
2026/05/25 19:39:00.271,n,-3.203163,3.950757,4.633695,1.442948,OverRange,OverRange,OverRange,12.01889,14.771748,-3.80451
2026/05/25 19:40:00.255,n,-3.352248,3.292717,5.030594,1.509932,OverRange,OverRange,OverRange,12.04595,14.770672,-3.917477
2026/05/25 19:41:00.258,n,-3.252943,6.58632,5.414164,1.388724,OverRange,OverRange,OverRange,12.098002,14.771748,-3.825927
2026/05/25 19:42:00.262,n,-3.194438,6.493818,4.7974,1.388166,OverRange,OverRange,OverRange,12.087378,14.78144,-3.839663
2026/05/25 19:43:00.262,n,-3.068447,6.186995,5.748442,1.179296,OverRange,OverRange,OverRange,12.093684,14.77929,-3.754085
2026/05/25 19:44:00.265,n,-3.018794,3.476634,4.955759,1.389646,OverRange,OverRange,OverRange,12.080322,14.784586,-3.777207
2026/05/25 19:45:00.266,n,-3.071526,6.248767,5.407538,1.176299,OverRange,OverRange,OverRange,12.072994,14.783526,-3.590267
2026/05/25 19:46:00.269,n,-3.12105,5.974496,4.353452,1.015366,OverRange,OverRange,OverRange,12.097744,14.778216,-3.730621
2026/05/25 19:47:00.274,n,-3.191615,3.943448,4.653359,1.161393,OverRange,OverRange,OverRange,12.101528,14.791054,-3.818247
2026/05/25 19:48:00.272,n,-3.173653,3.867881,4.07148,1.233769,OverRange,OverRange,OverRange,12.083588,14.785694,-3.695469
2026/05/25 19:49:00.257,n,-3.247042,3.893934,3.849495,0.115983,OverRange,OverRange,OverRange,12.080308,14.798534,-3.670214
2026/05/25 19:50:00.260,n,-3.217917,3.7447,3.867096,0.08958,OverRange,OverRange,OverRange,12.052532,14.800716,-3.539671
2026/05/25 19:51:00.263,n,-3.35212,3.714403,3.733191,0.015771,OverRange,OverRange,OverRange,12.030782,14.800716,-3.658695
2026/05/25 19:52:00.264,n,-3.217917,6.184496,4.494129,0.881767,OverRange,OverRange,OverRange,12.029256,14.802834,-3.613731
2026/05/25 19:53:00.267,n,-3.044968,5.894092,5.048172,1.127448,OverRange,OverRange,OverRange,12.028,14.810362,-3.557247
2026/05/25 19:54:00.268,n,-2.960289,3.983637,5.365949,1.308984,OverRange,OverRange,OverRange,12.008546,14.815706,-3.607844
2026/05/25 19:55:00.466,n,-2.969013,6.600563,4.926757,1.196115,OverRange,OverRange,OverRange,12.01409,14.826428,-3.547521
2026/05/25 19:56:00.271,n,-2.910508,3.268261,5.079809,1.473927,OverRange,OverRange,OverRange,12.052008,14.833938,-3.574738
2026/05/25 19:57:00.274,n,-2.992492,3.149597,5.03568,1.439074,OverRange,OverRange,OverRange,12.09548,14.839298,-3.685657
2026/05/25 19:58:00.260,n,-2.974658,6.184349,5.792473,0.669229,OverRange,OverRange,OverRange,12.151814,14.850036,-3.625334
2026/05/25 19:59:00.261,n,-2.84315,3.341838,4.711078,1.467213,OverRange,OverRange,OverRange,12.159394,14.860692,-3.584465
2026/05/25 20:00:00.263,n,-2.899089,3.959333,4.338721,1.13292,OverRange,OverRange,OverRange,12.15865,14.869278,-3.557247
2026/05/25 20:01:00.264,n,-2.810818,3.921341,4.910071,1.267829,OverRange,OverRange,OverRange,12.198808,14.883258,-3.607758
2026/05/25 20:02:00.267,n,-2.644412,6.271108,5.577181,1.476513,OverRange,OverRange,OverRange,12.198548,14.889906,-3.450168
2026/05/25 20:03:00.269,n,-2.674178,5.997198,6.046481,0.070226,OverRange,OverRange,OverRange,12.193548,14.89634,-3.472181
2026/05/25 20:04:00.273,n,-2.589242,6.625694,4.967909,1.296622,OverRange,OverRange,OverRange,12.194296,14.900318,-3.468171
2026/05/25 20:05:00.273,n,-2.626578,3.409907,5.602241,1.20761,OverRange,OverRange,OverRange,12.191768,14.906786,-3.446072
2026/05/25 20:06:00.276,n,-2.617725,5.483358,5.101908,1.197189,OverRange,OverRange,OverRange,12.215016,14.912098,-3.284302
2026/05/25 20:07:00.261,n,-2.626835,6.160797,5.286508,1.466691,OverRange,OverRange,OverRange,12.214508,14.91749,-3.327305
2026/05/25 20:08:00.264,n,-2.752441,6.785616,4.540352,1.337951,OverRange,OverRange,OverRange,12.19456,14.923926,-3.424657
2026/05/25 20:09:00.265,n,-2.708562,3.696345,4.922188,1.28494,OverRange,OverRange,OverRange,12.189266,14.933556,-3.403241
2026/05/25 20:10:00.267,n,-2.714336,6.302645,4.937396,1.344915,OverRange,OverRange,OverRange,12.216786,14.93465,-3.338993
2026/05/25 20:11:00.268,n,-2.673151,6.731953,4.635899,1.455293,OverRange,OverRange,OverRange,12.214768,14.943202,-3.41493
2026/05/25 20:12:00.270,n,-2.655702,5.17093,6.050921,0.443076,OverRange,OverRange,OverRange,12.229422,14.952832,-3.527811
2026/05/25 20:13:00.275,n,-2.667249,6.74036,4.429522,1.26234,OverRange,OverRange,OverRange,12.220058,14.951756,-3.397354
2026/05/25 20:14:00.275,n,-2.802094,3.958838,4.673671,1.162738,OverRange,OverRange,OverRange,12.2193,14.957086,-3.46382
2026/05/25 20:15:00.276,n,-2.743588,3.170858,5.042835,1.391927,OverRange,OverRange,OverRange,12.250362,14.958194,-3.463649
2026/05/25 20:16:00.262,n,-2.696758,6.307717,5.050464,1.448041,OverRange,OverRange,OverRange,12.255666,14.966746,-3.465612
2026/05/25 20:17:00.266,n,-2.676231,3.898837,4.422477,1.332452,OverRange,OverRange,OverRange,12.222088,14.964596,-3.533698
2026/05/25 20:18:00.266,n,-2.767067,3.481129,5.01109,1.208208,OverRange,OverRange,OverRange,12.229666,14.971032,-3.516293
2026/05/25 20:19:00.268,n,-2.734736,6.197006,5.710069,1.027399,OverRange,OverRange,OverRange,12.248592,14.973184,-3.527897
2026/05/25 20:20:00.270,n,-2.758471,6.096133,6.140715,0.035588,OverRange,OverRange,OverRange,12.276872,14.977436,-3.648627
2026/05/25 20:21:00.272,n,-2.755264,6.147724,6.026852,0.304106,OverRange,OverRange,OverRange,12.280168,14.981736,-3.662279
2026/05/25 20:22:00.275,n,-2.720109,6.067478,6.14028,0.079615,OverRange,OverRange,OverRange,12.304652,14.994576,-3.67977
2026/05/25 20:23:00.275,n,-2.699709,3.973294,5.270004,1.214912,OverRange,OverRange,OverRange,12.294042,14.991416,-3.720724
2026/05/25 20:24:00.280,n,-2.635559,5.799575,5.252722,0.951683,OverRange,OverRange,OverRange,12.334956,14.995686,-3.549398
2026/05/25 20:25:00.263,n,-2.576797,3.839584,4.837994,1.148537,OverRange,OverRange,OverRange,12.290768,14.99997,-3.594277
2026/05/25 20:26:00.265,n,-2.629785,3.6874,4.518209,1.395347,OverRange,OverRange,OverRange,12.317032,15.003182,-3.565012
2026/05/25 20:27:00.268,n,-2.74949,3.751042,4.742416,1.285304,OverRange,OverRange,OverRange,12.314748,15.006342,-3.578493
2026/05/25 20:28:00.269,n,-2.731913,3.863399,4.18548,1.113819,OverRange,OverRange,OverRange,12.344788,15.01281,-3.62141
2026/05/25 20:29:00.272,n,-2.802222,6.187369,5.369278,1.419338,OverRange,OverRange,OverRange,12.373836,15.024574,-3.60972
2026/05/25 20:30:00.273,n,-2.491862,6.280498,5.583851,1.237093,OverRange,OverRange,OverRange,12.364248,15.034204,-3.520132
2026/05/25 20:31:00.278,n,-2.497764,3.353007,4.501901,1.418506,OverRange,OverRange,OverRange,12.344784,15.043866,-3.533698
2026/05/25 20:32:00.277,n,-2.69971,4.885683,5.10125,1.234853,OverRange,OverRange,OverRange,12.366252,15.058858,-3.453837
2026/05/25 20:33:00.280,n,-2.591552,6.110116,5.267071,1.170783,OverRange,OverRange,OverRange,12.390488,15.07173,-3.457847
2026/05/25 20:34:00.266,n,-2.465817,3.48269,4.999405,1.436415,OverRange,OverRange,OverRange,12.359944,15.08242,-3.455799
2026/05/25 20:35:00.267,n,-2.395123,6.338666,4.724334,1.306074,OverRange,OverRange,OverRange,12.410666,15.096334,-3.32338
2026/05/25 20:36:00.269,n,-2.433613,6.655872,4.726353,1.2714,OverRange,OverRange,OverRange,12.394522,15.113478,-3.340871
2026/05/25 20:37:00.271,n,-2.407055,6.403448,5.059547,1.539281,OverRange,OverRange,OverRange,12.410426,15.12203,-3.387627
2026/05/25 20:38:00.274,n,-2.383576,3.702255,4.935979,1.376654,OverRange,OverRange,OverRange,12.404618,15.132722,-3.411091
2026/05/25 20:39:00.276,n,-2.579492,3.50544,5.42574,1.120984,OverRange,OverRange,OverRange,12.425064,15.1402,-3.539585
2026/05/25 20:40:00.279,n,-2.518292,6.309387,4.75157,1.396546,OverRange,OverRange,OverRange,12.430868,15.150924,-3.338994
2026/05/25 20:41:00.279,n,-2.360353,3.397687,4.934958,1.584981,OverRange,OverRange,OverRange,12.42304,15.162704,-3.38191
2026/05/25 20:42:00.281,n,-2.363304,3.720304,5.269638,1.344953,OverRange,OverRange,OverRange,12.432384,15.166988,-3.362372
2026/05/25 20:43:00.267,n,-2.550496,3.882409,4.969715,1.540917,OverRange,OverRange,OverRange,12.435162,15.170214,-3.428752
2026/05/25 20:44:00.270,n,-2.527145,3.710062,4.677984,1.344062,OverRange,OverRange,OverRange,12.443234,15.178738,-3.352645
2026/05/25 20:45:00.270,n,-2.664683,6.149733,4.652978,1.283285,OverRange,OverRange,OverRange,12.460144,15.179796,-3.362457
2026/05/25 20:46:00.274,n,-2.615031,5.573242,5.012584,1.209477,OverRange,OverRange,OverRange,12.435414,15.185142,-3.409043
2026/05/25 20:47:00.274,n,-2.670585,3.853119,4.578301,1.359187,OverRange,OverRange,OverRange,12.43365,15.190502,-3.387542
2026/05/25 20:48:00.277,n,-2.793369,3.424168,4.641221,1.296357,OverRange,OverRange,OverRange,12.420772,15.195864,-3.430459
2026/05/25 20:49:00.280,n,-2.869452,6.169712,5.084309,1.325661,OverRange,OverRange,OverRange,12.43842,15.192654,-3.3936
2026/05/25 20:50:00.282,n,-2.73217,3.994752,4.064584,0.499204,OverRange,OverRange,OverRange,12.407894,15.195864,-3.485065
2026/05/25 20:51:00.282,n,-2.758215,3.532975,4.228251,0.656637,OverRange,OverRange,OverRange,12.43718,15.195864,-3.457847
2026/05/25 20:52:00.269,n,-2.723189,6.149618,6.067137,0.146856,OverRange,OverRange,OverRange,12.444494,15.19697,-3.471413
2026/05/25 20:53:00.271,n,-2.568329,5.2882,5.437255,1.117777,OverRange,OverRange,OverRange,12.408916,15.198618,-3.383873
2026/05/25 20:54:00.272,n,-2.826214,3.826579,5.359376,1.339436,OverRange,OverRange,OverRange,12.392742,15.196482,-3.551701
2026/05/25 20:55:00.274,n,-2.852516,3.867485,4.79087,1.066096,OverRange,OverRange,OverRange,12.399054,15.196482,-3.493256
2026/05/25 20:56:00.259,n,-2.931549,6.596878,5.423864,1.24951,OverRange,OverRange,OverRange,12.416972,15.19008,-3.489416
2026/05/25 20:57:00.279,n,-2.870093,3.855845,4.813351,1.153056,OverRange,OverRange,OverRange,12.391728,15.187896,-3.543852
2026/05/25 20:58:00.281,n,-2.946432,6.359014,4.820558,1.425009,OverRange,OverRange,OverRange,12.421254,15.191138,-3.458188
2026/05/25 20:59:00.282,n,-2.881769,4.701616,4.623993,1.320443,OverRange,OverRange,OverRange,12.39476,15.18682,-3.53805
2026/05/25 21:00:00.284,n,-2.916795,6.167448,5.700099,1.145704,OverRange,OverRange,OverRange,12.418976,15.187896,-3.530286
2026/05/25 21:01:00.271,n,-2.858418,3.739653,4.71889,1.405044,OverRange,OverRange,OverRange,12.382884,15.18045,-3.653064
2026/05/25 21:02:00.272,n,-2.919618,3.164157,5.349902,1.427469,OverRange,OverRange,OverRange,12.382402,15.18682,-3.590608
2026/05/25 21:03:00.258,n,-3.057156,3.706856,4.709377,1.305765,OverRange,OverRange,OverRange,12.377568,15.171894,-3.615864
2026/05/25 21:04:00.260,n,-3.227026,6.16307,4.597767,1.285943,OverRange,OverRange,OverRange,12.431596,15.168684,-3.580967
2026/05/25 21:05:00.262,n,-3.194951,6.492801,4.620441,1.2798,OverRange,OverRange,OverRange,12.378596,15.165458,-3.752293
2026/05/25 21:06:00.264,n,-3.347116,3.881082,4.476074,1.554028,OverRange,OverRange,OverRange,12.369014,15.16117,-4.013209
2026/05/25 21:07:00.266,n,-3.478753,6.35316,4.34599,1.029483,OverRange,OverRange,OverRange,12.388438,15.164382,-3.925668
2026/05/25 21:08:00.268,n,-3.508006,3.826373,4.653027,1.230118,OverRange,OverRange,OverRange,12.351344,15.162264,-4.021058
2026/05/25 21:09:00.270,n,-3.516602,3.913722,4.585238,1.331733,OverRange,OverRange,OverRange,12.351344,15.164382,-4.083343
2026/05/25 21:10:00.271,n,-3.815415,3.798266,3.805535,0.06513,OverRange,OverRange,OverRange,12.32104,15.162264,-4.143837
2026/05/25 21:11:00.257,n,-3.929346,6.273423,4.815852,1.32416,OverRange,OverRange,OverRange,12.33139,15.16117,-4.266444
2026/05/25 21:12:00.259,n,-3.882516,6.593276,5.553617,1.261657,OverRange,OverRange,OverRange,12.324082,15.156902,-4.385127
2026/05/25 21:13:00.260,n,-3.964629,3.779941,5.299906,1.334926,OverRange,OverRange,OverRange,12.302868,15.149392,-4.706621
2026/05/25 21:14:00.264,n,-4.1141,6.300477,5.094664,1.475062,OverRange,OverRange,OverRange,12.303376,15.14618,-4.589815
2026/05/25 21:15:00.267,n,-4.058289,4.01663,5.195266,1.212799,OverRange,OverRange,OverRange,12.275334,15.139776,-4.72215
2026/05/25 21:16:00.267,n,-4.084847,3.720432,5.2433,1.240913,OverRange,OverRange,OverRange,12.288986,15.134398,-4.695017
2026/05/25 21:17:00.269,n,-4.105247,4.192828,5.514553,1.161487,OverRange,OverRange,OverRange,12.272564,15.12156,-4.847147
2026/05/25 21:18:00.271,n,-4.119745,3.41759,5.482306,1.183211,OverRange,OverRange,OverRange,12.237718,15.10872,-4.808069
2026/05/25 21:19:00.257,n,-4.196084,6.477154,4.633913,1.121405,OverRange,OverRange,OverRange,12.236706,15.096954,-4.737934
2026/05/25 21:20:00.260,n,-4.289488,6.368587,5.322104,1.436689,OverRange,OverRange,OverRange,12.237706,15.086248,-4.813785
2026/05/25 21:21:00.261,n,-4.34517,6.269277,4.936353,1.383056,OverRange,OverRange,OverRange,12.213716,15.076602,-4.891855
2026/05/25 21:22:00.262,n,-4.310272,4.74596,5.105937,1.524659,OverRange,OverRange,OverRange,12.188208,15.06373,-4.858835
2026/05/25 21:23:00.265,n,-4.339268,6.450886,5.327402,1.556613,OverRange,OverRange,OverRange,12.21751,15.048738,-4.796551
2026/05/25 21:24:00.266,n,-4.248688,5.257031,4.716469,1.142431,OverRange,OverRange,OverRange,12.193034,15.034856,-4.888016
2026/05/25 21:25:00.268,n,-4.298468,6.095939,5.364445,1.024338,OverRange,OverRange,OverRange,12.212712,15.015564,-4.796294
2026/05/25 21:26:00.270,n,-4.342219,4.021015,4.611733,1.253522,OverRange,OverRange,OverRange,12.182414,14.996288,-4.897742
2026/05/25 21:27:00.271,n,-4.345298,3.669968,4.526212,1.564399,OverRange,OverRange,OverRange,12.185704,14.984524,-4.802181
2026/05/25 21:28:00.258,n,-4.32169,3.478365,5.835294,1.158906,OverRange,OverRange,OverRange,12.18543,14.964172,-5.045862
2026/05/25 21:29:00.260,n,-4.362619,6.303426,4.99877,1.209991,OverRange,OverRange,OverRange,12.178868,14.94379,-4.882044
2026/05/25 21:30:00.261,n,-4.339396,3.735062,5.082614,1.374707,OverRange,OverRange,OverRange,12.13593,14.946722,-5.049701
2026/05/25 21:31:00.264,n,-4.274476,6.154886,4.559355,1.189516,OverRange,OverRange,OverRange,12.198512,14.933882,-4.743651
2026/05/25 21:32:00.267,n,-4.002221,3.315106,5.709402,1.178819,OverRange,OverRange,OverRange,12.178044,14.890704,-4.881958
2026/05/25 21:33:00.271,n,-4.204167,3.729321,5.270267,1.205432,OverRange,OverRange,OverRange,12.176056,14.871428,-4.819417
2026/05/25 21:34:00.270,n,-4.368136,6.040838,4.619143,1.286825,OverRange,OverRange,OverRange,12.16443,14.861798,-4.788274
2026/05/25 21:35:00.273,n,-4.394694,6.489356,4.918952,1.59049,OverRange,OverRange,OverRange,12.157364,14.844626,-4.848597
2026/05/25 21:36:00.275,n,-4.371087,6.549896,4.627004,1.381584,OverRange,OverRange,OverRange,12.16089,14.825352,-4.887674
2026/05/25 21:37:00.261,n,-4.309631,6.479278,4.924358,1.336783,OverRange,OverRange,OverRange,12.153088,14.813522,-4.84288
2026/05/25 21:38:00.262,n,-4.236242,3.779113,4.660528,1.404976,OverRange,OverRange,OverRange,12.128072,14.804968,-4.938355
2026/05/25 21:39:00.264,n,-4.373909,3.620789,3.882555,0.34044,OverRange,OverRange,OverRange,12.141954,14.78677,-4.737508
2026/05/25 21:40:00.356,n,-4.411886,4.044092,4.859899,1.205004,OverRange,OverRange,OverRange,12.125036,14.773898,-4.815407
2026/05/25 21:41:00.453,n,-4.306679,3.851474,3.915763,0.163046,OverRange,OverRange,OverRange,12.088908,14.761024,-4.74732
2026/05/25 21:42:00.271,n,-4.449992,3.624862,5.197658,1.300317,OverRange,OverRange,OverRange,12.08461,14.751364,-4.881787
2026/05/25 21:43:00.272,n,-4.344657,3.996087,4.104906,0.37052,OverRange,OverRange,OverRange,12.05101,14.741752,-4.725733
2026/05/25 21:44:00.275,n,-4.368136,3.251383,4.614538,1.653618,OverRange,OverRange,OverRange,12.047232,14.731014,-4.636145
2026/05/25 21:45:00.276,n,-4.619991,6.283998,4.132776,1.060305,OverRange,OverRange,OverRange,12.066662,14.72458,-4.768821
2026/05/25 21:46:00.261,n,-4.511576,6.052351,6.12873,0.048254,OverRange,OverRange,OverRange,11.957226,14.715992,-4.92095
2026/05/25 21:47:00.263,n,-4.48784,5.129555,5.21472,1.38243,OverRange,OverRange,OverRange,11.881892,14.710632,-4.850559
2026/05/25 21:48:00.265,n,-4.763431,3.400624,5.105811,1.151715,OverRange,OverRange,OverRange,11.95015,14.695626,-5.154732
2026/05/25 21:49:00.268,n,-4.710699,6.436309,5.139305,1.181166,OverRange,OverRange,OverRange,11.97466,14.692432,-5.098079
2026/05/25 21:50:00.272,n,-4.558277,3.630411,4.074204,0.676646,OverRange,OverRange,OverRange,11.92008,14.68489,-4.981272
2026/05/25 21:51:00.271,n,-4.611266,3.673639,4.491645,1.408957,OverRange,OverRange,OverRange,11.90363,14.672018,-5.00448
2026/05/25 21:52:00.275,n,-4.625892,6.087245,5.052823,1.411802,OverRange,OverRange,OverRange,11.963786,14.654894,-5.018132
2026/05/25 21:53:00.276,n,-4.447169,4.394029,4.608283,1.384434,OverRange,OverRange,OverRange,11.901104,14.652712,-5.01634
2026/05/25 21:54:00.278,n,-4.534927,6.19893,5.810222,0.873111,OverRange,OverRange,OverRange,11.954712,14.632362,-4.981188
2026/05/25 21:55:00.263,n,-4.397517,4.606116,4.937378,1.298981,OverRange,OverRange,OverRange,11.904898,14.622702,-5.018217
2026/05/25 21:56:00.266,n,-4.455893,6.188455,6.030117,0.292677,OverRange,OverRange,OverRange,11.894024,14.614164,-4.879825
2026/05/25 21:57:00.266,n,-4.385841,6.265601,6.01976,0.458598,OverRange,OverRange,OverRange,11.943584,14.59911,-5.010367
2026/05/25 21:58:00.269,n,-4.426512,3.59698,4.514679,1.262702,OverRange,OverRange,OverRange,11.93574,14.57977,-5.025897
2026/05/25 21:59:00.271,n,-4.599462,6.048931,4.920509,1.406882,OverRange,OverRange,OverRange,11.989578,14.573336,-5.138948
2026/05/25 22:00:00.273,n,-4.368007,3.762602,4.206817,1.121596,OverRange,OverRange,OverRange,11.92335,14.559392,-5.037756
2026/05/25 22:01:00.275,n,-4.599462,6.433931,4.184506,1.103938,OverRange,OverRange,OverRange,12.019928,14.578696,-5.031869
2026/05/25 22:02:00.276,n,-4.043406,3.605476,4.820883,1.17571,OverRange,OverRange,OverRange,11.980084,14.560466,-4.907554
2026/05/25 22:03:00.282,n,-4.00838,6.423194,5.12168,1.262271,OverRange,OverRange,OverRange,12.008144,14.561898,-4.677611
2026/05/25 22:04:00.265,n,-4.149254,5.779981,5.020558,1.254782,OverRange,OverRange,OverRange,11.957688,14.54471,-4.905762
2026/05/25 22:05:00.265,n,-4.310529,6.196828,5.003006,1.55202,OverRange,OverRange,OverRange,11.975392,14.535082,-4.917367
2026/05/25 22:06:00.269,n,-4.184409,5.961734,5.299088,1.182495,OverRange,OverRange,OverRange,11.965282,14.52648,-4.958406
2026/05/25 22:07:00.270,n,-4.248816,4.0096,3.771776,0.316008,OverRange,OverRange,OverRange,11.910426,14.510384,-4.886309
2026/05/25 22:08:00.272,n,-4.43049,6.726753,4.346258,1.166804,OverRange,OverRange,OverRange,11.887676,14.506066,-4.738105
2026/05/25 22:09:00.273,n,-4.284227,6.637569,6.048178,0.656792,OverRange,OverRange,OverRange,11.860606,14.491046,-4.855167
2026/05/25 22:10:00.276,n,-4.322204,3.198748,5.580277,1.264937,OverRange,OverRange,OverRange,11.817104,14.483566,-4.942878
2026/05/25 22:11:00.278,n,-4.436392,3.661042,4.32898,0.916953,OverRange,OverRange,OverRange,11.840118,14.472816,-4.736398
2026/05/25 22:12:00.280,n,-4.52415,6.268672,4.240203,1.030594,OverRange,OverRange,OverRange,11.88766,14.465304,-4.790834
2026/05/25 22:13:00.265,n,-4.486301,6.285725,5.721331,0.832854,OverRange,OverRange,OverRange,11.848724,14.450254,-5.018814
2026/05/25 22:14:00.267,n,-4.550708,6.23804,6.067484,0.094593,OverRange,OverRange,OverRange,11.795106,14.429872,-5.1183
2026/05/25 22:15:00.269,n,-4.585734,4.318056,4.61725,1.277733,OverRange,OverRange,OverRange,11.707072,14.420194,-4.975897
2026/05/25 22:16:00.273,n,-4.673236,6.138237,5.910004,0.784404,OverRange,OverRange,OverRange,11.764004,14.407324,-4.929226
2026/05/25 22:17:00.277,n,-4.644111,4.640204,4.178701,1.022384,OverRange,OverRange,OverRange,11.69039,14.397646,-4.927093
2026/05/25 22:18:00.275,n,-4.664639,3.796858,5.430221,1.205212,OverRange,OverRange,OverRange,11.783484,14.382594,-4.925301
2026/05/25 22:19:00.278,n,-4.614858,6.516422,4.76386,1.070109,OverRange,OverRange,OverRange,11.816854,14.378326,-4.897913
2026/05/25 22:20:00.281,n,-4.550708,6.499439,4.621303,1.408493,OverRange,OverRange,OverRange,11.712408,14.370832,-4.859006
2026/05/25 22:21:00.282,n,-4.574059,4.016065,3.729028,0.280097,OverRange,OverRange,OverRange,11.713918,14.364362,-4.98187
2026/05/25 22:22:00.272,n,-4.696843,6.507829,4.815649,1.450958,OverRange,OverRange,OverRange,11.6919,14.356854,-4.933237
2026/05/25 22:23:00.269,n,-4.682088,4.859942,5.009738,1.431893,OverRange,OverRange,OverRange,11.682272,14.353596,-4.966171
2026/05/25 22:24:00.271,n,-4.623583,3.756063,4.66717,1.368973,OverRange,OverRange,OverRange,11.671164,14.338592,-4.972058
2026/05/25 22:25:00.278,n,-4.679266,3.372442,4.53564,1.378277,OverRange,OverRange,OverRange,11.590932,14.333198,-5.018815
2026/05/25 22:26:00.275,n,-4.717371,3.883783,4.563946,1.268536,OverRange,OverRange,OverRange,11.610414,14.342566,-4.983577
2026/05/25 22:27:00.276,n,-4.532361,6.534269,4.704283,1.407312,OverRange,OverRange,OverRange,11.66304,14.339406,-4.73418
2026/05/25 22:28:00.278,n,-4.40406,6.584953,5.150314,1.257163,OverRange,OverRange,OverRange,11.66362,14.324368,-4.855337
2026/05/25 22:29:00.280,n,-4.295645,5.677758,4.785918,1.573173,OverRange,OverRange,OverRange,11.708426,14.312574,-4.991596
2026/05/25 22:30:00.283,n,-4.246121,6.139489,4.90503,1.20526,OverRange,OverRange,OverRange,11.649456,14.302882,-4.757729
2026/05/25 22:31:00.268,n,-4.298725,6.516004,4.61426,1.530482,OverRange,OverRange,OverRange,11.647182,14.292162,-4.769503
2026/05/25 22:32:00.270,n,-4.257925,4.098096,5.054138,1.018425,OverRange,OverRange,OverRange,11.627452,14.27926,-4.907896
2026/05/25 22:33:00.272,n,-4.330929,4.577326,5.743818,0.967374,OverRange,OverRange,OverRange,11.631744,14.27061,-4.903971
2026/05/25 22:34:00.274,n,-4.392385,3.535783,4.027152,0.676244,OverRange,OverRange,OverRange,11.618342,14.255606,-4.835713
2026/05/25 22:35:00.275,n,-4.430619,6.223014,4.863262,1.147274,OverRange,OverRange,OverRange,11.620886,14.243796,-4.890404
2026/05/25 22:36:00.277,n,-4.292951,5.788776,5.168024,1.172172,OverRange,OverRange,OverRange,11.64796,14.229834,-4.872828
2026/05/25 22:37:00.265,n,-4.234446,3.572296,4.765912,1.403909,OverRange,OverRange,OverRange,11.693242,14.220142,-4.898169
2026/05/25 22:38:00.266,n,-4.202242,3.203441,4.878,1.629205,OverRange,OverRange,OverRange,11.687408,14.209358,-4.804656
2026/05/25 22:39:00.285,n,-4.193133,6.143916,5.850613,0.904317,OverRange,OverRange,OverRange,11.690476,14.200806,-4.763787
2026/05/25 22:40:00.270,n,-4.093957,3.385538,5.31141,1.499305,OverRange,OverRange,OverRange,11.615784,14.185736,-4.826157
2026/05/25 22:41:00.273,n,-4.082153,3.942568,4.639396,1.384245,OverRange,OverRange,OverRange,11.691208,14.181436,-4.627271
2026/05/25 22:42:00.274,n,-4.087927,6.599531,4.824663,1.35053,OverRange,OverRange,OverRange,11.73726,14.165324,-4.752098
2026/05/25 22:43:00.275,n,-4.082152,6.331867,4.897516,1.520603,OverRange,OverRange,OverRange,11.715262,14.15454,-4.781107
2026/05/25 22:44:00.279,n,-4.020825,3.909702,4.479584,1.474169,OverRange,OverRange,OverRange,11.724614,14.151348,-4.829911
2026/05/25 22:45:00.280,n,-4.029421,3.275307,5.502464,1.16611,OverRange,OverRange,OverRange,11.692236,14.14273,-4.783155
2026/05/25 22:46:00.281,n,-4.014923,3.843344,4.277697,1.164736,OverRange,OverRange,OverRange,11.627972,14.134162,-4.586488
2026/05/25 22:47:00.265,n,-4.12013,6.11457,4.521364,1.227515,OverRange,OverRange,OverRange,11.711186,14.122302,-4.537683
2026/05/25 22:48:00.270,n,-4.076251,3.781873,4.450699,1.016495,OverRange,OverRange,OverRange,11.642396,14.115868,-4.601846
2026/05/25 22:49:00.269,n,-4.082153,6.150547,5.5065,1.240627,OverRange,OverRange,OverRange,11.634028,14.100784,-4.627442
2026/05/25 22:50:00.271,n,-4.105375,5.92189,5.994365,0.417837,OverRange,OverRange,OverRange,11.591512,14.094348,-4.670189
2026/05/25 22:51:00.258,n,-4.164265,6.139749,5.560265,1.103262,OverRange,OverRange,OverRange,11.62441,14.08684,-4.67983
2026/05/25 22:52:00.258,n,-4.122952,6.615757,5.243208,1.238127,OverRange,OverRange,OverRange,11.65327,14.081448,-4.691434
2026/05/25 22:53:00.277,n,-4.058801,3.982433,4.943938,1.381932,OverRange,OverRange,OverRange,11.635046,14.068546,-4.576675
2026/05/25 22:54:00.262,n,-4.076251,3.895816,4.617914,1.529345,OverRange,OverRange,OverRange,11.633006,14.059944,-4.576676
2026/05/25 22:55:00.264,n,-4.058674,6.362321,5.605837,1.131902,OverRange,OverRange,OverRange,11.668194,14.057762,-4.58444
2026/05/25 22:56:00.266,n,-3.950131,6.280912,6.170897,0.110153,OverRange,OverRange,OverRange,11.613032,14.052402,-4.670103
2026/05/25 22:57:00.271,n,-3.95321,6.300196,5.634024,1.224493,OverRange,OverRange,OverRange,11.613536,14.054552,-4.539561
2026/05/25 22:58:00.271,n,-3.862501,6.392721,4.670198,1.389134,OverRange,OverRange,OverRange,11.626678,14.048118,-4.502616
2026/05/25 22:59:00.256,n,-3.909331,3.709676,4.866802,1.609659,OverRange,OverRange,OverRange,11.62795,14.050284,-4.660376
2026/05/25 23:00:00.259,n,-3.888803,6.258362,5.575473,1.171845,OverRange,OverRange,OverRange,11.663386,14.056686,-4.512343
2026/05/25 23:01:00.261,n,-3.86558,6.613714,4.924268,1.484638,OverRange,OverRange,OverRange,11.624406,14.051328,-4.520107
2026/05/25 23:02:00.262,n,-3.838894,6.220875,5.861432,1.256592,OverRange,OverRange,OverRange,11.566712,14.059944,-4.52207
2026/05/25 23:03:00.265,n,-3.891882,3.390251,5.760948,1.162424,OverRange,OverRange,OverRange,11.580638,14.050284,-4.605856
2026/05/25 23:04:00.267,n,-4.123337,3.870824,3.897054,0.145526,OverRange,OverRange,OverRange,11.545712,14.047044,-4.560976
2026/05/25 23:05:00.269,n,-4.164265,4.266423,4.920783,1.227992,OverRange,OverRange,OverRange,11.519624,14.04486,-4.522155
2026/05/25 23:06:00.272,n,-4.33683,6.775189,4.411485,1.216806,OverRange,OverRange,OverRange,11.568746,14.033066,-4.7422
2026/05/25 23:07:00.257,n,-4.225465,6.090153,5.612254,0.881751,OverRange,OverRange,OverRange,11.601126,14.04815,-4.826157
2026/05/25 23:08:00.260,n,-3.739076,3.819453,4.816954,1.151939,OverRange,OverRange,OverRange,11.64185,14.042744,-4.543656
2026/05/25 23:09:00.263,n,-3.783211,3.65304,4.50516,1.313882,OverRange,OverRange,OverRange,11.702342,14.027676,-4.545533
2026/05/25 23:10:00.263,n,-3.774615,6.513457,5.08833,1.252471,OverRange,OverRange,OverRange,11.675528,14.0266,-4.557137
2026/05/25 23:11:00.265,n,-3.648239,3.357556,4.809106,1.436266,OverRange,OverRange,OverRange,11.637798,14.020166,-4.481115
2026/05/25 23:12:00.266,n,-3.765762,6.32306,5.12158,1.318324,OverRange,OverRange,OverRange,11.699056,14.012624,-4.500654
2026/05/25 23:13:00.269,n,-3.578186,6.469988,4.722783,1.423905,OverRange,OverRange,OverRange,11.709172,14.0129,-4.332996
2026/05/25 23:14:00.271,n,-3.894833,6.047431,5.14054,1.385781,OverRange,OverRange,OverRange,11.70345,14.0043,-4.580601
2026/05/25 23:15:00.274,n,-3.953339,6.13101,5.064034,1.44731,OverRange,OverRange,OverRange,11.69283,13.998908,-4.603979
2026/05/25 23:16:00.260,n,-3.798222,4.08809,4.430482,1.192411,OverRange,OverRange,OverRange,11.688024,13.991364,-4.526165
2026/05/25 23:17:00.260,n,-3.938584,6.740287,5.22445,1.540686,OverRange,OverRange,OverRange,11.680172,13.986006,-4.555345
2026/05/25 23:18:00.263,n,-3.997217,6.21611,5.392764,1.560522,OverRange,OverRange,OverRange,11.656388,13.984932,-4.650735
2026/05/25 23:19:00.264,n,-3.891882,3.691206,4.80328,1.557176,OverRange,OverRange,OverRange,11.66804,13.975924,-4.623517
2026/05/25 23:20:00.265,n,-3.777823,3.769434,5.118602,1.359635,OverRange,OverRange,OverRange,11.677638,13.96949,-4.440416
2026/05/25 23:21:00.269,n,-3.7954,6.781749,4.371524,1.181132,OverRange,OverRange,OverRange,11.685486,13.971688,-4.30612
2026/05/25 23:22:00.270,n,-3.78026,6.17284,6.186016,0.075725,OverRange,OverRange,OverRange,11.656302,13.95768,-4.455603
2026/05/25 23:23:00.274,n,-3.639899,5.537304,6.134461,0.29275,OverRange,OverRange,OverRange,11.630494,13.95447,-4.47318
2026/05/25 23:24:00.274,n,-3.730223,6.182161,5.364454,1.437568,OverRange,OverRange,OverRange,11.659088,13.949078,-4.321306
2026/05/25 23:25:00.259,n,-3.727657,6.174598,5.013655,1.47338,OverRange,OverRange,OverRange,11.679348,13.942644,-4.410895
2026/05/25 23:26:00.262,n,-3.698276,3.638887,4.395346,1.092684,OverRange,OverRange,OverRange,11.602922,13.932954,-4.455518
2026/05/25 23:27:00.264,n,-3.926652,5.476059,4.926129,1.298771,OverRange,OverRange,OverRange,11.644414,13.92217,-4.554918
2026/05/25 23:28:00.266,n,-3.888803,6.244304,5.197712,1.441507,OverRange,OverRange,OverRange,11.52647,13.91681,-4.313542
2026/05/25 23:29:00.424,n,-4.111021,6.226821,5.781388,1.159847,OverRange,OverRange,OverRange,11.415298,13.910344,-4.436321
2026/05/25 23:30:00.269,n,-4.114099,3.941459,4.631367,1.237093,OverRange,OverRange,OverRange,11.410732,13.903876,-4.496558
2026/05/25 23:31:00.272,n,-4.219178,3.451429,4.975591,1.315851,OverRange,OverRange,OverRange,11.500896,13.902802,-4.523947
2026/05/25 23:32:00.273,n,-4.333366,3.699119,3.807794,0.108809,OverRange,OverRange,OverRange,11.396312,13.896336,-4.481115
2026/05/25 23:33:00.276,n,-4.310272,6.608721,4.893569,1.455411,OverRange,OverRange,OverRange,11.454042,13.890976,-4.46533
2026/05/25 23:34:00.261,n,-4.090492,6.108835,5.378429,1.462005,OverRange,OverRange,OverRange,11.552822,13.892052,-4.705086
2026/05/25 23:35:00.265,n,-4.096265,6.440692,4.874718,1.663877,OverRange,OverRange,OverRange,11.552786,13.882342,-4.769247
2026/05/25 23:36:00.266,n,-4.023263,6.177554,5.716182,1.201704,OverRange,OverRange,OverRange,11.570012,13.88881,-4.759606
2026/05/25 23:37:00.267,n,-3.856343,3.254122,5.42739,1.079672,OverRange,OverRange,OverRange,11.469258,13.885616,-4.745954
2026/05/25 23:38:00.269,n,-4.058289,6.580547,5.002805,1.191601,OverRange,OverRange,OverRange,11.48875,13.88345,-4.566949
2026/05/25 23:39:00.273,n,-3.955904,3.691197,4.711965,1.415844,OverRange,OverRange,OverRange,11.423672,13.885616,-4.553126
2026/05/25 23:40:00.272,n,-3.938584,6.528939,5.430688,1.619466,OverRange,OverRange,OverRange,11.368948,13.881236,-4.455775
2026/05/25 23:41:00.274,n,-4.078817,6.130931,4.751314,1.279016,OverRange,OverRange,OverRange,11.33781,13.874834,-4.537428
2026/05/25 23:42:00.277,n,-4.289744,3.871171,4.887181,1.488965,OverRange,OverRange,OverRange,11.283082,13.865126,-4.666093
2026/05/25 23:43:00.264,n,-4.351072,6.507565,5.662416,1.158767,OverRange,OverRange,OverRange,11.24609,13.860826,-4.650394
2026/05/25 23:44:00.267,n,-4.234061,6.813895,4.593853,1.140016,OverRange,OverRange,OverRange,11.170064,13.853298,-4.430348
2026/05/25 23:45:00.265,n,-4.149254,3.998409,5.404363,1.304009,OverRange,OverRange,OverRange,11.172344,13.843608,-4.445877
2026/05/25 23:46:00.269,n,-4.178506,6.25782,6.239822,0.142222,OverRange,OverRange,OverRange,11.381368,13.833932,-4.54323
2026/05/25 23:47:00.272,n,-4.266265,6.248566,5.439686,1.390164,OverRange,OverRange,OverRange,11.416554,13.815608,-4.862931
2026/05/25 23:48:00.272,n,-4.073043,3.33127,5.148144,1.355505,OverRange,OverRange,OverRange,11.367926,13.81235,-4.942707
2026/05/25 23:49:00.274,n,-4.213533,6.213431,5.577658,1.431576,OverRange,OverRange,OverRange,11.342358,13.79409,-4.812164
2026/05/25 23:50:00.276,n,-4.055594,5.546604,5.223659,1.470468,OverRange,OverRange,OverRange,11.28509,13.78549,-4.781022
2026/05/25 23:51:00.278,n,-4.046613,3.529101,5.020339,1.501293,OverRange,OverRange,OverRange,11.318792,13.784382,-4.642629
2026/05/25 23:52:00.263,n,-4.140401,3.86858,5.241835,1.34489,OverRange,OverRange,OverRange,11.46545,13.767166,-4.843392
2026/05/25 23:53:00.265,n,-4.005685,3.389005,4.44703,1.09287,OverRange,OverRange,OverRange,11.54038,13.763908,-4.84928
2026/05/25 23:54:00.267,n,-4.043663,6.214059,5.222183,1.349501,OverRange,OverRange,OverRange,11.60999,13.7607,-4.858835
2026/05/25 23:55:00.269,n,-3.874048,6.586929,4.990439,1.234394,OverRange,OverRange,OverRange,11.527218,13.747768,-4.829826
2026/05/25 23:56:00.273,n,-3.929731,4.654763,4.692693,1.523827,OverRange,OverRange,OverRange,11.4781,13.751008,-4.687423
2026/05/25 23:57:00.272,n,-3.835815,4.611929,5.042977,1.193896,OverRange,OverRange,OverRange,11.515306,13.741268,-4.588194
2026/05/25 23:58:00.276,n,-4.029036,3.356351,5.065881,1.590967,OverRange,OverRange,OverRange,11.510254,13.738092,-4.638705
2026/05/25 23:59:00.277,n,-3.917927,3.623296,4.994369,1.633159,OverRange,OverRange,OverRange,11.539632,13.73376,-4.594082
