"Timestamp","TZ","GHI1_AV (W/m2)","UVB22013 (W/m2)","UVB22013_AV (W/m2)","UVB22013_SD (W/m2)","UVB22012 (W/m2)","UVB22012_AV (W/m2)","UVB22012_SD (W/m2)","TA_AV (degC)","TL (degC)","GTI_AV (W/m2)"
2026/06/04 00:00:00.281,n,-3.638488,6.085021,5.491692,0.877794,OverRange,OverRange,OverRange,12.939458,15.562552,-3.840943
2026/06/04 00:01:00.266,n,-3.632714,3.628462,5.009536,1.245865,OverRange,OverRange,OverRange,12.80864,15.549744,-3.817479
2026/06/04 00:02:00.269,n,-3.767045,6.108158,5.041838,1.568298,OverRange,OverRange,OverRange,12.847926,15.541188,-3.807753
2026/06/04 00:03:00.271,n,-3.814003,6.535054,4.742497,1.435434,OverRange,OverRange,OverRange,12.86519,15.534782,-3.852632
2026/06/04 00:04:00.273,n,-3.702895,4.086581,5.116689,1.167952,OverRange,OverRange,OverRange,12.872182,15.528364,-3.969353
2026/06/04 00:05:00.331,n,-3.729197,4.026302,4.381367,1.069341,OverRange,OverRange,OverRange,13.008032,15.519822,-4.056808
2026/06/04 00:06:00.339,n,-3.620782,3.235418,5.207188,1.461828,OverRange,OverRange,OverRange,12.931164,15.516598,-3.951777
2026/06/04 00:07:00.329,n,-3.699816,3.369009,4.906945,1.630351,OverRange,OverRange,OverRange,12.908168,15.511234,-3.901266
2026/06/04 00:08:00.281,n,-3.632586,6.335733,4.993707,1.606258,OverRange,OverRange,OverRange,12.926946,15.50271,-3.91688
2026/06/04 00:09:00.282,n,-3.612058,4.339155,4.836468,1.373975,OverRange,OverRange,OverRange,12.863266,15.499486,-3.924644
2026/06/04 00:10:00.365,n,-3.740872,6.492427,5.46214,1.409668,OverRange,OverRange,OverRange,12.962952,15.499486,-4.029761
2026/06/04 00:11:00.328,n,-3.650035,3.36185,4.936355,1.632896,OverRange,OverRange,OverRange,12.848288,15.489902,-3.911078
2026/06/04 00:12:00.365,n,-3.705846,6.427352,5.387354,1.526494,OverRange,OverRange,OverRange,12.934306,15.485634,-3.798026
2026/06/04 00:13:00.275,n,-3.711491,5.13774,4.698431,1.300588,OverRange,OverRange,OverRange,12.841324,15.475986,-3.831046
2026/06/04 00:14:00.276,n,-3.743951,5.960025,6.164213,0.214382,OverRange,OverRange,OverRange,12.901704,15.472758,-3.858435
2026/06/04 00:15:00.342,n,-3.761528,6.308482,4.917323,1.239412,OverRange,OverRange,OverRange,12.818874,15.470642,-3.905106
2026/06/04 00:16:00.329,n,-3.758321,5.482478,5.211015,1.397564,OverRange,OverRange,OverRange,12.883862,15.461058,-3.903228
2026/06/04 00:17:00.329,n,-3.752676,6.199162,4.631958,1.36695,OverRange,OverRange,OverRange,12.891394,15.452502,-3.872086
2026/06/04 00:18:00.347,n,-3.776027,6.224829,5.358522,1.421341,OverRange,OverRange,OverRange,12.855408,15.451428,-3.926692
2026/06/04 00:19:00.343,n,-3.770381,3.994414,4.104662,0.467867,OverRange,OverRange,OverRange,12.757234,15.443916,-3.926521
2026/06/04 00:20:00.271,n,-3.83466,6.152201,5.565331,1.205545,OverRange,OverRange,OverRange,12.876272,15.430032,-3.893417
2026/06/04 00:21:00.274,n,-3.80823,5.95485,5.032788,1.438767,OverRange,OverRange,OverRange,12.848924,15.43218,-4.082405
2026/06/04 00:22:00.259,n,-3.814003,4.056315,4.964642,1.110733,OverRange,OverRange,OverRange,12.8485,15.418282,-4.090254
2026/06/04 00:23:00.260,n,-3.831324,6.040547,5.496149,1.295347,OverRange,OverRange,OverRange,12.91946,15.421508,-3.87968
2026/06/04 00:24:00.279,n,-3.843385,5.795906,5.139926,1.175196,OverRange,OverRange,OverRange,12.82459,15.40974,-3.938125
2026/06/04 00:25:00.264,n,-3.822856,6.106989,5.93946,0.314753,OverRange,OverRange,OverRange,12.780202,15.406516,-3.979165
2026/06/04 00:26:00.268,n,-3.834532,6.031919,5.199955,1.298387,OverRange,OverRange,OverRange,12.812506,15.395842,-3.94606
2026/06/04 00:27:00.269,n,-3.811053,3.953228,4.456421,1.070251,OverRange,OverRange,OverRange,12.814448,15.388362,-3.924644
2026/06/04 00:28:00.270,n,-3.951671,3.150036,4.943459,1.701765,OverRange,OverRange,OverRange,12.836044,15.417678,-3.998704
2026/06/04 00:29:00.256,n,-3.379448,3.277881,4.948993,1.686891,OverRange,OverRange,OverRange,12.835042,15.410198,-3.625761
2026/06/04 00:30:00.259,n,-3.350195,4.332071,4.74857,1.40019,OverRange,OverRange,OverRange,12.832546,15.401642,-3.567401
2026/06/04 00:31:00.261,n,-3.353275,4.116234,5.333174,1.204082,OverRange,OverRange,OverRange,12.869374,15.399524,-3.544108
2026/06/04 00:32:00.263,n,-3.397025,4.262424,5.205449,1.149392,OverRange,OverRange,OverRange,12.805238,15.39061,-3.614328
2026/06/04 00:33:00.264,n,-3.527892,3.957955,5.453072,1.196919,OverRange,OverRange,OverRange,12.872574,15.384172,-3.673968
2026/06/04 00:34:00.267,n,-3.469259,6.121379,5.771563,0.835961,OverRange,OverRange,OverRange,12.928212,15.372424,-3.644702
2026/06/04 00:35:00.268,n,-3.481062,3.380919,5.507191,1.079742,OverRange,OverRange,OverRange,12.823406,15.371348,-3.71296
2026/06/04 00:36:00.271,n,-3.49261,4.089935,4.798595,1.219635,OverRange,OverRange,OverRange,12.856282,15.360658,-3.714923
2026/06/04 00:37:00.272,n,-3.537002,3.708885,5.400692,1.161961,OverRange,OverRange,OverRange,12.751134,15.355296,-3.705196
2026/06/04 00:38:00.258,n,-3.557145,3.407316,4.694647,1.167613,OverRange,OverRange,OverRange,12.8641,15.354222,-3.691544
2026/06/04 00:39:00.260,n,-3.498768,3.507494,4.871591,1.404468,OverRange,OverRange,OverRange,12.811992,15.345698,-3.736339
2026/06/04 00:40:00.263,n,-3.650805,5.949847,4.94177,1.519988,OverRange,OverRange,OverRange,12.915136,15.336068,-3.835568
2026/06/04 00:41:00.263,n,-3.551243,4.12093,4.634441,1.367512,OverRange,OverRange,OverRange,12.765652,15.330708,-3.853144
2026/06/04 00:42:00.268,n,-3.539824,3.859536,4.344528,1.031684,OverRange,OverRange,OverRange,12.88591,15.324336,-3.83352
2026/06/04 00:43:00.268,n,-3.525198,5.784338,5.259357,1.328014,OverRange,OverRange,OverRange,12.92268,15.317864,-3.816115
2026/06/04 00:44:00.269,n,-3.495689,6.484884,5.195845,1.27856,OverRange,OverRange,OverRange,12.837866,15.316792,-3.744017
2026/06/04 00:45:00.271,n,-3.513394,3.805027,4.236406,1.151128,OverRange,OverRange,OverRange,12.849514,15.312554,-3.814152
2026/06/04 00:46:00.256,n,-3.448859,3.718552,5.157881,1.140464,OverRange,OverRange,OverRange,12.812678,15.305058,-3.775245
2026/06/04 00:47:00.259,n,-3.43141,5.410757,5.316208,1.373777,OverRange,OverRange,OverRange,12.915956,15.304016,-3.80818
2026/06/04 00:48:00.263,n,-3.381501,5.103649,4.288621,0.891339,OverRange,OverRange,OverRange,12.866598,15.295426,-3.718677
2026/06/04 00:49:00.262,n,-3.451939,6.097111,5.722286,1.125202,OverRange,OverRange,OverRange,12.87003,15.295426,-3.697347
2026/06/04 00:50:00.267,n,-3.460663,3.835415,4.096272,1.21636,OverRange,OverRange,OverRange,12.860112,15.290098,-3.742055
2026/06/04 00:51:00.266,n,-3.469387,5.942071,5.411105,1.016426,OverRange,OverRange,OverRange,12.977056,15.279362,-3.751782
2026/06/04 00:52:00.269,n,-3.407803,3.909838,5.024889,1.228159,OverRange,OverRange,OverRange,12.816976,15.282586,-3.773283
2026/06/04 00:53:00.270,n,-3.633227,6.229279,4.632863,0.950271,OverRange,OverRange,OverRange,13.045564,15.275106,-3.847257
2026/06/04 00:54:00.273,n,-3.481062,6.416951,4.909359,1.469514,OverRange,OverRange,OverRange,12.824092,15.272956,-3.77917
2026/06/04 00:55:00.260,n,-3.475417,4.632302,4.548577,1.096681,OverRange,OverRange,OverRange,12.86694,15.26766,-3.745809
2026/06/04 00:56:00.262,n,-3.460534,4.09051,5.082431,1.083235,OverRange,OverRange,OverRange,12.849884,15.266552,-3.699309
2026/06/04 00:57:00.262,n,-3.466693,6.090099,5.289696,1.240112,OverRange,OverRange,OverRange,12.951024,15.26119,-3.742055
2026/06/04 00:58:00.264,n,-3.460534,3.942682,4.391649,1.138619,OverRange,OverRange,OverRange,12.851186,15.262266,-3.851097
2026/06/04 00:59:00.270,n,-3.490044,5.925483,5.00354,1.444313,OverRange,OverRange,OverRange,12.986852,15.260116,-3.740178
2026/06/04 01:00:00.267,n,-3.551499,6.506942,4.274754,1.141231,OverRange,OverRange,OverRange,12.873688,15.257964,-3.673883
2026/06/04 01:01:00.270,n,-3.551371,3.595606,4.724412,1.509129,OverRange,OverRange,OverRange,12.802516,15.253712,-3.732499
2026/06/04 01:02:00.273,n,-3.557273,6.521031,5.279049,1.594352,OverRange,OverRange,OverRange,12.902084,15.254786,-3.730281
2026/06/04 01:03:00.274,n,-3.562919,3.834828,4.631941,1.390954,OverRange,OverRange,OverRange,12.899684,15.254786,-3.80434
2026/06/04 01:04:00.259,n,-3.58922,6.070805,5.344593,1.331392,OverRange,OverRange,OverRange,12.989284,15.250518,-3.761509
2026/06/04 01:05:00.261,n,-3.501591,3.644894,4.341371,1.031845,OverRange,OverRange,OverRange,12.82249,15.253712,-3.666033
2026/06/04 01:06:00.262,n,-3.513394,3.50442,4.926298,1.395288,OverRange,OverRange,OverRange,12.876766,15.250518,-3.67977
2026/06/04 01:07:00.265,n,-3.551243,6.519665,5.292048,1.467594,OverRange,OverRange,OverRange,12.988832,15.253712,-3.747857
2026/06/04 01:08:00.267,n,-3.551372,3.09332,4.897504,1.482337,OverRange,OverRange,OverRange,12.93192,15.24835,-3.757754
2026/06/04 01:09:00.269,n,-3.566126,6.507446,5.206555,1.307805,OverRange,OverRange,OverRange,13.00731,15.252668,-3.812275
2026/06/04 01:10:00.271,n,-3.5719,3.876045,4.903,1.501415,OverRange,OverRange,OverRange,12.928498,15.246198,-3.855022
2026/06/04 01:11:00.274,n,-3.5923,3.485177,4.985431,1.643899,OverRange,OverRange,OverRange,12.926778,15.24835,-3.921231
2026/06/04 01:12:00.275,n,-3.554451,4.025981,4.993732,1.520832,OverRange,OverRange,OverRange,12.916922,15.253712,-3.899815
2026/06/04 01:13:00.261,n,-3.551243,6.402919,4.962154,1.310212,OverRange,OverRange,OverRange,13.031384,15.250518,-3.800415
2026/06/04 01:14:00.262,n,-3.557658,6.089517,5.035424,1.239877,OverRange,OverRange,OverRange,12.981648,15.25156,-3.839663
2026/06/04 01:15:00.266,n,-3.536617,3.562226,4.276554,1.218002,OverRange,OverRange,OverRange,12.914332,15.25156,-3.796661
2026/06/04 01:16:00.267,n,-3.554322,5.863144,5.554641,1.014692,OverRange,OverRange,OverRange,12.952124,15.254786,-3.839578
2026/06/04 01:17:00.268,n,-3.54547,6.150971,5.629687,0.736914,OverRange,OverRange,OverRange,12.888332,15.249442,-3.732414
2026/06/04 01:18:00.270,n,-3.534051,4.005869,4.399253,1.174669,OverRange,OverRange,OverRange,12.939982,15.249442,-3.825756
2026/06/04 01:19:00.273,n,-3.548549,4.068003,5.373256,1.324115,OverRange,OverRange,OverRange,12.937714,15.256922,-3.932921
2026/06/04 01:20:00.275,n,-3.487093,3.46201,4.910424,1.284843,OverRange,OverRange,OverRange,13.034414,15.257964,-3.860824
2026/06/04 01:21:00.278,n,-3.583447,3.941165,4.23105,1.116586,OverRange,OverRange,OverRange,13.0707,15.255878,-3.940599
2026/06/04 01:22:00.261,n,-3.484013,3.947464,5.004996,1.455083,OverRange,OverRange,OverRange,12.973216,15.255878,-3.995206
2026/06/04 01:23:00.262,n,-3.706488,5.978323,5.381552,1.14053,OverRange,OverRange,OverRange,13.066488,15.255878,-4.073275
2026/06/04 01:24:00.264,n,-3.498896,3.276869,5.610979,1.146572,OverRange,OverRange,OverRange,12.916912,15.257964,-3.87456
2026/06/04 01:25:00.266,n,-3.566126,6.415385,5.386354,1.237668,OverRange,OverRange,OverRange,13.024496,15.26119,-3.868758
2026/06/04 01:26:00.273,n,-3.527892,6.359118,4.978136,1.56344,OverRange,OverRange,OverRange,12.968648,15.260116,-3.775246
2026/06/04 01:27:00.270,n,-3.551628,5.51635,5.224546,1.526419,OverRange,OverRange,OverRange,12.991558,15.262266,-3.876437
2026/06/04 01:28:00.273,n,-3.504542,3.544666,4.538095,1.458713,OverRange,OverRange,OverRange,12.97144,15.26119,-3.796576
2026/06/04 01:29:00.276,n,-3.534051,6.630613,5.220621,1.282894,OverRange,OverRange,OverRange,12.99204,15.269762,-3.792822
2026/06/04 01:30:00.276,n,-3.551243,6.188869,5.01707,1.170534,OverRange,OverRange,OverRange,13.020676,15.263326,-3.781047
2026/06/04 01:31:00.261,n,-3.484142,3.390016,4.984163,1.439043,OverRange,OverRange,OverRange,12.867772,15.269762,-3.817992
2026/06/04 01:32:00.267,n,-3.545726,3.554622,4.884396,1.472859,OverRange,OverRange,OverRange,12.935324,15.263326,-3.656306
2026/06/04 01:33:00.266,n,-3.513394,3.944254,4.88944,1.334052,OverRange,OverRange,OverRange,12.893936,15.274032,-3.607673
2026/06/04 01:34:00.270,n,-3.519296,4.113176,4.683472,0.881122,OverRange,OverRange,OverRange,12.9274,15.270838,-3.730281
2026/06/04 01:35:00.271,n,-3.563047,6.39245,5.040472,1.476887,OverRange,OverRange,OverRange,13.007466,15.268704,-3.730451
2026/06/04 01:36:00.272,n,-3.466308,6.465585,5.558464,0.93214,OverRange,OverRange,OverRange,12.882096,15.271914,-3.742141
2026/06/04 01:37:00.276,n,-3.516217,4.142123,4.26105,0.869127,OverRange,OverRange,OverRange,12.83426,15.270838,-3.773112
2026/06/04 01:38:00.276,n,-3.600895,6.130252,5.327791,1.107785,OverRange,OverRange,OverRange,13.003918,15.270838,-3.759717
2026/06/04 01:39:00.277,n,-3.551499,6.270739,5.130611,1.331056,OverRange,OverRange,OverRange,12.905046,15.268704,-3.716885
2026/06/04 01:40:00.265,n,-3.5719,3.802267,4.473385,1.120598,OverRange,OverRange,OverRange,12.914618,15.272956,-3.746065
2026/06/04 01:41:00.267,n,-3.481062,6.577224,4.922365,1.326705,OverRange,OverRange,OverRange,13.018636,15.264368,-3.806388
2026/06/04 01:42:00.268,n,-3.472467,3.626512,4.590891,1.168876,OverRange,OverRange,OverRange,12.866838,15.264368,-3.788812
2026/06/04 01:43:00.269,n,-3.375728,3.867456,4.943164,1.41126,OverRange,OverRange,OverRange,12.852504,15.266552,-3.710913
2026/06/04 01:44:00.270,n,-3.650676,3.94996,4.950909,1.027936,OverRange,OverRange,OverRange,12.96168,15.26551,-3.726612
2026/06/04 01:45:00.272,n,-3.618729,3.562486,4.472709,1.128861,OverRange,OverRange,OverRange,13.015996,15.26766,-3.781047
2026/06/04 01:46:00.276,n,-3.609748,4.009817,4.514304,1.007697,OverRange,OverRange,OverRange,12.873494,15.269762,-3.689582
2026/06/04 01:47:00.278,n,-3.528021,3.844757,4.122069,0.550954,OverRange,OverRange,OverRange,12.991374,15.268704,-3.611597
2026/06/04 01:48:00.279,n,-3.536617,3.938786,4.519059,1.277361,OverRange,OverRange,OverRange,12.86822,15.26119,-3.670214
2026/06/04 01:49:00.264,n,-3.577673,3.876425,3.930618,0.104502,OverRange,OverRange,OverRange,12.959026,15.262266,-3.732243
2026/06/04 01:50:00.267,n,-3.533666,6.012146,5.722349,0.892102,OverRange,OverRange,OverRange,12.99942,15.25904,-3.748113
2026/06/04 01:51:00.268,n,-3.413833,3.986907,4.48295,0.862891,OverRange,OverRange,OverRange,12.791402,15.262266,-3.722772
2026/06/04 01:52:00.270,n,-3.393305,3.366037,4.593861,1.253493,OverRange,OverRange,OverRange,12.96429,15.25904,-3.668166
2026/06/04 01:53:00.274,n,-3.425508,6.099871,5.058822,1.256327,OverRange,OverRange,OverRange,13.024282,15.256922,-3.595984
2026/06/04 01:54:00.274,n,-3.469515,4.50247,5.007704,1.314463,OverRange,OverRange,OverRange,12.853822,15.260116,-3.648798
2026/06/04 01:55:00.276,n,-3.378678,4.406022,4.974131,1.428585,OverRange,OverRange,OverRange,12.856242,15.253712,-3.74598
2026/06/04 01:56:00.278,n,-3.428459,5.723567,4.877946,1.359121,OverRange,OverRange,OverRange,12.901978,15.254786,-3.730451
2026/06/04 01:57:00.282,n,-3.434233,5.669017,5.13498,1.322962,OverRange,OverRange,OverRange,12.891068,15.254786,-3.689582
2026/06/04 01:58:00.265,n,-3.363923,3.458133,4.839072,1.524526,OverRange,OverRange,OverRange,12.83223,15.250518,-3.707158
2026/06/04 01:59:00.269,n,-3.33172,3.958127,4.549162,1.224743,OverRange,OverRange,OverRange,12.885026,15.25156,-3.699223
2026/06/04 02:00:00.269,n,-3.343524,3.886525,4.544813,1.191365,OverRange,OverRange,OverRange,12.946432,15.25156,-3.74598
2026/06/04 02:01:00.272,n,-3.331848,3.770251,4.383927,1.011925,OverRange,OverRange,OverRange,12.962448,15.256922,-3.617484
2026/06/04 02:02:00.273,n,-3.305418,6.370551,5.052131,1.465633,OverRange,OverRange,OverRange,13.008816,15.253712,-3.580455
2026/06/04 02:03:00.277,n,-3.276166,3.951423,4.822681,1.365196,OverRange,OverRange,OverRange,12.79831,15.253712,-3.642655
2026/06/04 02:04:00.276,n,-3.279245,3.964501,3.969861,0.144711,OverRange,OverRange,OverRange,12.96635,15.247274,-3.631221
2026/06/04 02:05:00.280,n,-3.47824,4.000894,4.359012,1.136306,OverRange,OverRange,OverRange,12.982504,15.24835,-3.64658
2026/06/04 02:06:00.281,n,-3.326075,3.514129,4.928964,1.361195,OverRange,OverRange,OverRange,12.982402,15.255878,-3.578578
2026/06/04 02:07:00.266,n,-3.291177,3.898295,4.684162,1.288017,OverRange,OverRange,OverRange,12.902436,15.253712,-3.699138
2026/06/04 02:08:00.268,n,-3.197132,3.960595,4.566786,1.244997,OverRange,OverRange,OverRange,12.882864,15.253712,-3.656477
2026/06/04 02:09:00.270,n,-3.243962,3.406356,4.2754,1.076123,OverRange,OverRange,OverRange,12.873974,15.255878,-3.600079
2026/06/04 02:10:00.272,n,-3.276037,5.840488,4.87921,1.044897,OverRange,OverRange,OverRange,13.075302,15.254786,-3.673883
2026/06/04 02:11:00.277,n,-3.293615,6.050816,5.64028,1.106086,OverRange,OverRange,OverRange,12.959728,15.249442,-3.757754
2026/06/04 02:12:00.276,n,-3.363923,3.751049,4.295667,1.084969,OverRange,OverRange,OverRange,12.950974,15.256922,-3.613389
2026/06/04 02:13:00.278,n,-3.290664,4.77399,4.277699,0.705392,OverRange,OverRange,OverRange,13.031866,15.253712,-3.559039
2026/06/04 02:14:00.281,n,-3.320045,6.470778,4.950923,1.379243,OverRange,OverRange,OverRange,13.04599,15.256922,-3.609635
2026/06/04 02:15:00.283,n,-3.26757,3.659104,4.419935,0.899132,OverRange,OverRange,OverRange,12.79242,15.252668,-3.633099
2026/06/04 02:16:00.267,n,-3.361101,3.459592,4.599771,1.319469,OverRange,OverRange,OverRange,12.985814,15.257964,-3.558954
2026/06/04 02:17:00.271,n,-3.337622,4.05818,4.926814,1.478509,OverRange,OverRange,OverRange,12.89055,15.253712,-3.662193
2026/06/04 02:18:00.272,n,-3.334799,3.742503,5.3044,1.338239,OverRange,OverRange,OverRange,12.916912,15.256922,-3.726526
2026/06/04 02:19:00.274,n,-3.393305,3.89193,4.274194,1.05729,OverRange,OverRange,OverRange,12.900112,15.250518,-3.648798
2026/06/04 02:20:00.276,n,-3.469387,3.789974,4.786114,1.203565,OverRange,OverRange,OverRange,12.864726,15.25156,-3.709035
2026/06/04 02:21:00.277,n,-3.451938,3.951746,4.354809,1.061028,OverRange,OverRange,OverRange,12.901002,15.247274,-3.880277
2026/06/04 02:22:00.279,n,-3.407802,6.026489,5.335944,0.974767,OverRange,OverRange,OverRange,13.02881,15.245156,-3.765433
2026/06/04 02:23:00.281,n,-3.247042,5.996591,4.942375,0.968055,OverRange,OverRange,OverRange,12.858816,15.249442,-3.681732
2026/06/04 02:24:00.283,n,-3.267698,4.870157,4.684132,1.105905,OverRange,OverRange,OverRange,12.789608,15.252668,-3.701271
2026/06/04 02:25:00.269,n,-3.264619,4.033498,4.606447,1.007009,OverRange,OverRange,OverRange,12.918112,15.246198,-3.710998
2026/06/04 02:26:00.273,n,-3.375856,4.986484,5.18368,1.36343,OverRange,OverRange,OverRange,13.004202,15.247274,-3.751782
2026/06/04 02:27:00.428,n,-3.328769,6.513372,4.718072,1.312199,OverRange,OverRange,OverRange,12.907538,15.247274,-3.650675
2026/06/04 02:28:00.361,n,-3.396384,3.413508,4.869543,1.694293,OverRange,OverRange,OverRange,12.793656,15.253712,-3.714752
2026/06/04 02:29:00.309,n,-3.302596,6.099367,5.051076,1.46301,OverRange,OverRange,OverRange,13.020894,15.247274,-3.755792
2026/06/04 02:30:00.262,n,-3.328898,4.934887,5.157037,1.194503,OverRange,OverRange,OverRange,12.897238,15.25156,-3.679941
2026/06/04 02:31:00.265,n,-3.349297,3.410235,4.741424,1.323433,OverRange,OverRange,OverRange,12.852276,15.246198,-3.648372
2026/06/04 02:32:00.267,n,-3.375856,6.401938,4.371099,1.007803,OverRange,OverRange,OverRange,13.062104,15.245156,-3.695299
2026/06/04 02:33:00.453,n,-3.31132,3.829064,4.793743,1.231194,OverRange,OverRange,OverRange,12.91744,15.240888,-3.784887
2026/06/04 02:34:00.404,n,-3.343524,6.245016,5.048503,1.068339,OverRange,OverRange,OverRange,12.995036,15.250518,-3.736168
2026/06/04 02:35:00.375,n,-3.328898,5.736216,6.054051,0.166114,OverRange,OverRange,OverRange,12.90032,15.249442,-3.642655
2026/06/04 02:36:00.259,n,-3.287841,5.866212,5.104626,1.059588,OverRange,OverRange,OverRange,12.926,15.25156,-3.685743
2026/06/04 02:37:00.260,n,-3.326203,6.102434,5.031481,1.355634,OverRange,OverRange,OverRange,12.922644,15.247274,-3.598031
2026/06/04 02:38:00.266,n,-3.255766,6.435718,5.068175,1.068979,OverRange,OverRange,OverRange,12.96661,15.25156,-3.61356
2026/06/04 02:39:00.266,n,-3.235366,3.897677,4.508533,1.085414,OverRange,OverRange,OverRange,12.877584,15.246198,-3.640778
2026/06/04 02:40:00.478,n,-3.249864,4.463048,4.809315,1.309967,OverRange,OverRange,OverRange,12.939866,15.25156,-3.568851
2026/06/04 02:41:00.269,n,-3.258845,3.647172,4.669165,0.960544,OverRange,OverRange,OverRange,12.873556,15.246198,-3.582418
2026/06/04 02:42:00.271,n,-3.284762,5.201856,4.134771,0.534691,OverRange,OverRange,OverRange,12.993648,15.246198,-3.578493
2026/06/04 02:43:00.257,n,-3.255638,3.990663,4.508675,1.021971,OverRange,OverRange,OverRange,12.8709,15.246198,-3.553152
2026/06/04 02:44:00.261,n,-3.294,5.395502,5.646162,0.997724,OverRange,OverRange,OverRange,12.945836,15.247274,-3.572691
2026/06/04 02:45:00.453,n,-3.290792,3.826992,4.52134,0.994942,OverRange,OverRange,OverRange,12.77527,15.244048,-3.570899
2026/06/04 02:46:00.266,n,-3.290792,4.084382,4.509872,1.018938,OverRange,OverRange,OverRange,12.852376,15.246198,-3.597861
2026/06/04 02:47:00.265,n,-3.3144,3.637324,5.442303,0.980266,OverRange,OverRange,OverRange,12.96693,15.246198,-3.539501
2026/06/04 02:48:00.266,n,-3.381629,3.916633,4.302408,0.889848,OverRange,OverRange,OverRange,12.953182,15.240888,-3.681732
2026/06/04 02:49:00.267,n,-3.311577,4.11284,4.872006,1.198887,OverRange,OverRange,OverRange,12.898474,15.239794,-3.621324
2026/06/04 02:50:00.270,n,-3.211887,5.959617,6.104709,0.135395,OverRange,OverRange,OverRange,12.99442,15.24193,-3.564927
2026/06/04 02:51:00.271,n,-3.229464,6.175043,4.856106,1.298838,OverRange,OverRange,OverRange,12.91711,15.239794,-3.516293
2026/06/04 02:52:00.256,n,-3.229336,5.931197,5.508653,1.007635,OverRange,OverRange,OverRange,12.886932,15.24193,-3.565011
2026/06/04 02:53:00.258,n,-3.197389,3.366164,4.70387,1.364431,OverRange,OverRange,OverRange,12.842534,15.240888,-3.55119
2026/06/04 02:54:00.260,n,-3.255894,5.933009,4.332644,0.793415,OverRange,OverRange,OverRange,13.041896,15.243006,-3.646665
2026/06/04 02:55:00.262,n,-3.229464,4.133266,4.851931,1.190126,OverRange,OverRange,OverRange,12.95368,15.244048,-3.590352
2026/06/04 02:56:00.264,n,-3.408059,3.978569,4.380751,0.984366,OverRange,OverRange,OverRange,13.069692,15.237678,-3.705111
2026/06/04 02:57:00.267,n,-3.285018,6.113906,5.724928,1.056857,OverRange,OverRange,OverRange,13.015442,15.24193,-3.629089
2026/06/04 02:58:00.270,n,-3.197004,3.954152,5.216864,1.229335,OverRange,OverRange,OverRange,12.90332,15.243006,-3.586342
2026/06/04 02:59:00.270,n,-3.141578,5.697018,5.420503,1.157996,OverRange,OverRange,OverRange,12.990972,15.245156,-3.413139
2026/06/04 03:00:00.272,n,-3.191359,3.517197,4.735693,1.287145,OverRange,OverRange,OverRange,12.96633,15.245156,-3.607758
2026/06/04 03:01:00.257,n,-3.14748,3.454079,4.863034,1.45893,OverRange,OverRange,OverRange,12.938426,15.250518,-3.469622
2026/06/04 03:02:00.259,n,-3.118099,6.351567,5.308475,1.520753,OverRange,OverRange,OverRange,13.016454,15.253712,-3.471243
2026/06/04 03:03:00.261,n,-3.282196,3.935333,4.620833,1.375641,OverRange,OverRange,OverRange,12.944306,15.252668,-3.652552
2026/06/04 03:04:00.264,n,-3.229336,6.390203,5.010731,1.614372,OverRange,OverRange,OverRange,12.981044,15.256922,-3.568766
2026/06/04 03:05:00.266,n,-3.23806,3.784763,3.870869,0.244433,OverRange,OverRange,OverRange,12.986218,15.252668,-3.504519
2026/06/04 03:06:00.269,n,-3.276037,4.077978,4.839775,1.155655,OverRange,OverRange,OverRange,13.010234,15.257964,-3.459639
2026/06/04 03:07:00.270,n,-3.320301,3.871455,3.943136,0.13964,OverRange,OverRange,OverRange,13.118074,15.260116,-3.537538
2026/06/04 03:08:00.272,n,-3.270264,5.921977,5.720348,0.953605,OverRange,OverRange,OverRange,13.076538,15.263326,-3.522009
2026/06/04 03:09:00.274,n,-3.156333,6.271765,5.187357,1.21243,OverRange,OverRange,OverRange,12.98204,15.268704,-3.490952
2026/06/04 03:10:00.260,n,-3.208936,6.388319,4.981345,1.583385,OverRange,OverRange,OverRange,12.969316,15.268704,-3.401194
2026/06/04 03:11:00.263,n,-3.264619,6.40648,4.958491,1.551081,OverRange,OverRange,OverRange,13.00267,15.266552,-3.586342
2026/06/04 03:12:00.265,n,-3.16788,3.478975,4.533824,1.404769,OverRange,OverRange,OverRange,12.910446,15.266552,-3.584465
2026/06/04 03:13:00.269,n,-3.296694,3.371751,5.130105,1.347874,OverRange,OverRange,OverRange,12.943782,15.270838,-3.57653
2026/06/04 03:14:00.269,n,-3.173653,4.316934,4.76962,1.13582,OverRange,OverRange,OverRange,12.936824,15.274032,-3.566718
2026/06/04 03:15:00.274,n,-3.381501,3.819218,4.068568,0.542813,OverRange,OverRange,OverRange,13.057756,15.271914,-3.673968
2026/06/04 03:16:00.273,n,-3.449116,6.387757,4.369647,0.991936,OverRange,OverRange,OverRange,13.107656,15.269762,-3.691374
2026/06/04 03:17:00.275,n,-3.267441,3.960802,5.319402,1.027063,OverRange,OverRange,OverRange,12.94161,15.274032,-3.580625
2026/06/04 03:18:00.274,n,-3.322996,4.852642,4.657234,1.14369,OverRange,OverRange,OverRange,13.019548,15.27615,-3.523972
2026/06/04 03:19:00.260,n,-3.20868,3.357862,4.584398,1.357271,OverRange,OverRange,OverRange,12.907908,15.277242,-3.500593
2026/06/04 03:20:00.263,n,-3.355328,4.120559,4.910799,1.313775,OverRange,OverRange,OverRange,13.044424,15.28151,-3.592229
2026/06/04 03:21:00.264,n,-3.249736,6.202713,4.717271,1.289684,OverRange,OverRange,OverRange,13.122884,15.279362,-3.502556
2026/06/04 03:22:00.453,n,-3.223691,6.427515,5.279939,1.397299,OverRange,OverRange,OverRange,13.04483,15.279362,-3.623201
2026/06/04 03:23:00.269,n,-3.346218,6.008806,5.448754,1.069231,OverRange,OverRange,OverRange,12.926626,15.278318,-3.609806
2026/06/04 03:24:00.270,n,-3.396384,6.108217,5.384926,1.139773,OverRange,OverRange,OverRange,12.934602,15.279362,-3.570728
2026/06/04 03:25:00.272,n,-3.331849,3.87608,4.844752,1.520735,OverRange,OverRange,OverRange,12.971426,15.289022,-3.551275
2026/06/04 03:26:00.273,n,-3.308369,3.797028,4.209099,0.77671,OverRange,OverRange,OverRange,12.997784,15.28151,-3.523972
2026/06/04 03:27:00.278,n,-3.252815,5.022684,5.22904,1.171517,OverRange,OverRange,OverRange,13.018402,15.291142,-3.539586
2026/06/04 03:28:00.264,n,-3.12708,3.799516,4.830215,1.08603,OverRange,OverRange,OverRange,12.956456,15.290098,-3.455714
2026/06/04 03:29:00.263,n,-3.317094,6.180382,4.497039,1.000103,OverRange,OverRange,OverRange,13.070466,15.283678,-3.512112
2026/06/04 03:30:00.266,n,-3.203291,5.667644,5.115334,1.038955,OverRange,OverRange,OverRange,12.96629,15.290098,-3.463649
2026/06/04 03:31:00.266,n,-3.170702,5.32333,5.114239,1.093305,OverRange,OverRange,OverRange,12.918396,15.290098,-3.517999
2026/06/04 03:32:00.268,n,-3.197261,3.440778,4.909682,1.613196,OverRange,OverRange,OverRange,12.928304,15.284756,-3.473376
2026/06/04 03:33:00.270,n,-3.214582,4.918737,5.356584,0.95361,OverRange,OverRange,OverRange,12.995656,15.289022,-3.449998
2026/06/04 03:34:00.273,n,-3.144529,3.558044,4.593739,1.509535,OverRange,OverRange,OverRange,12.904176,15.28583,-3.598031
2026/06/04 03:35:00.274,n,-3.363924,6.420586,5.379116,1.413478,OverRange,OverRange,OverRange,12.952032,15.291142,-3.500593
2026/06/04 03:36:00.276,n,-3.194182,3.822502,4.534643,1.312881,OverRange,OverRange,OverRange,12.919918,15.283678,-3.508358
2026/06/04 03:37:00.262,n,-3.387403,5.616929,5.573941,1.101046,OverRange,OverRange,OverRange,12.985912,15.283678,-3.638815
2026/06/04 03:38:00.263,n,-3.287969,5.975787,6.065346,0.103453,OverRange,OverRange,OverRange,13.020488,15.283678,-3.496839
2026/06/04 03:39:00.265,n,-3.326075,4.148741,4.50377,1.245426,OverRange,OverRange,OverRange,12.873272,15.291142,-3.652638
2026/06/04 03:40:00.268,n,-3.299645,5.914582,5.284897,0.951101,OverRange,OverRange,OverRange,13.084036,15.28583,-3.525849
2026/06/04 03:41:00.272,n,-3.252943,4.431317,4.903065,1.394762,OverRange,OverRange,OverRange,12.88908,15.283678,-3.607587
2026/06/04 03:42:00.274,n,-3.273472,3.349979,4.81267,1.193202,OverRange,OverRange,OverRange,12.96788,15.284756,-3.55136
2026/06/04 03:43:00.276,n,-3.211887,5.827945,5.448118,1.037694,OverRange,OverRange,OverRange,13.037404,15.283678,-3.486942
2026/06/04 03:44:00.276,n,-3.205857,6.49584,5.326025,1.247908,OverRange,OverRange,OverRange,12.869432,15.289022,-3.424657
2026/06/04 03:45:00.279,n,-3.194053,6.318723,4.40583,1.02648,OverRange,OverRange,OverRange,12.999858,15.286872,-3.387627
2026/06/04 03:46:00.263,n,-3.170574,3.480642,4.928443,1.224804,OverRange,OverRange,OverRange,12.829144,15.28151,-3.438309
2026/06/04 03:47:00.265,n,-3.361101,6.053017,5.784878,0.828792,OverRange,OverRange,OverRange,13.00085,15.283678,-3.424572
2026/06/04 03:48:00.268,n,-3.252943,6.043073,5.54419,0.954327,OverRange,OverRange,OverRange,12.913594,15.282586,-3.535746
2026/06/04 03:49:00.268,n,-3.191231,3.492966,4.819561,1.269936,OverRange,OverRange,OverRange,12.858318,15.277242,-3.541548
2026/06/04 03:50:00.273,n,-3.451939,3.847891,3.946285,0.073309,OverRange,OverRange,OverRange,13.015194,15.27615,-3.730366
2026/06/04 03:51:00.276,n,-3.323124,5.023595,5.074774,1.264692,OverRange,OverRange,OverRange,12.926204,15.277242,-3.596154
2026/06/04 03:52:00.274,n,-3.408059,3.907023,4.552938,1.351293,OverRange,OverRange,OverRange,12.935848,15.270838,-3.658269
2026/06/04 03:53:00.277,n,-3.29092,3.556914,5.415431,1.36899,OverRange,OverRange,OverRange,12.982616,15.271914,-3.605625
2026/06/04 03:54:00.278,n,-3.232287,6.122301,5.134615,1.173166,OverRange,OverRange,OverRange,13.009466,15.275106,-3.658354
2026/06/04 03:55:00.263,n,-3.202906,3.822813,4.807734,1.264285,OverRange,OverRange,OverRange,12.834432,15.272956,-3.58037
2026/06/04 03:56:00.267,n,-3.29092,3.922632,4.939012,1.450323,OverRange,OverRange,OverRange,12.980306,15.26551,-3.629174
2026/06/04 03:57:00.268,n,-3.372776,6.407236,5.087985,1.190136,OverRange,OverRange,OverRange,12.99232,15.268704,-3.648542
2026/06/04 03:58:00.269,n,-3.26449,5.18023,4.906328,1.183341,OverRange,OverRange,OverRange,12.936992,15.269762,-3.537538
2026/06/04 03:59:00.271,n,-3.150174,6.149277,5.008064,1.510867,OverRange,OverRange,OverRange,12.876308,15.274032,-3.461601
2026/06/04 04:00:00.273,n,-3.164672,3.710384,4.890501,1.351949,OverRange,OverRange,OverRange,12.871374,15.26766,-3.459725
2026/06/04 04:01:00.275,n,-3.214581,6.481151,5.221969,1.473192,OverRange,OverRange,OverRange,12.950146,15.25904,-3.52218
2026/06/04 04:02:00.278,n,-3.29092,3.755038,4.841747,1.091998,OverRange,OverRange,OverRange,12.88947,15.264368,-3.555114
2026/06/04 04:03:00.278,n,-3.173653,3.757189,4.21435,0.96267,OverRange,OverRange,OverRange,12.870616,15.25904,-3.317748
2026/06/04 04:04:00.264,n,-3.179684,6.574134,4.966967,1.263794,OverRange,OverRange,OverRange,12.934586,15.25904,-3.265019
2026/06/04 04:05:00.267,n,-3.176861,3.935263,4.425089,1.065137,OverRange,OverRange,OverRange,12.803884,15.255878,-3.307766
2026/06/04 04:06:00.269,n,-3.171087,4.052778,4.999349,1.374813,OverRange,OverRange,OverRange,12.821706,15.254786,-3.358532
2026/06/04 04:07:00.270,n,-3.381501,3.513036,5.049303,1.281695,OverRange,OverRange,OverRange,12.864288,15.25156,-3.502556
2026/06/04 04:08:00.272,n,-3.337494,3.459094,4.936228,1.543896,OverRange,OverRange,OverRange,12.804272,15.244048,-3.440356
2026/06/04 04:09:00.497,n,-3.255638,5.9297,5.48366,0.831796,OverRange,OverRange,OverRange,12.854376,15.245156,-3.473291
2026/06/04 04:10:00.278,n,-3.220483,4.589883,4.679329,1.363674,OverRange,OverRange,OverRange,12.72281,15.239794,-3.356485
2026/06/04 04:11:00.278,n,-3.440391,6.374019,5.016506,1.583697,OverRange,OverRange,OverRange,12.808594,15.23875,-3.520047
2026/06/04 04:12:00.280,n,-3.326203,3.56791,4.59972,1.332682,OverRange,OverRange,OverRange,12.74081,15.239794,-3.539671
2026/06/04 04:13:00.464,n,-3.375728,6.15702,5.176726,1.228397,OverRange,OverRange,OverRange,12.85342,15.2469,-3.527982
2026/06/04 04:14:00.458,n,-3.162491,6.330165,4.92251,1.576109,OverRange,OverRange,OverRange,12.807312,15.226954,-3.386092
2026/06/04 04:15:00.269,n,-3.185714,3.717723,4.664581,1.178064,OverRange,OverRange,OverRange,12.715424,15.218432,-3.494877
2026/06/04 04:16:00.272,n,-3.097827,3.49134,4.795239,1.453529,OverRange,OverRange,OverRange,12.754548,15.216282,-3.565012
2026/06/04 04:17:00.275,n,-3.080378,6.325775,5.242733,1.320849,OverRange,OverRange,OverRange,12.80215,15.209846,-3.502727
2026/06/04 04:18:00.276,n,-3.17391,6.36377,4.268315,1.034181,OverRange,OverRange,OverRange,12.875998,15.203474,-3.436517
2026/06/04 04:19:00.278,n,-3.252943,5.405495,5.404615,0.980768,OverRange,OverRange,OverRange,12.813304,15.199172,-3.72866
2026/06/04 04:20:00.280,n,-3.135933,5.992503,5.434833,0.959005,OverRange,OverRange,OverRange,12.832948,15.195928,-3.642825
2026/06/04 04:21:00.281,n,-3.097956,6.298588,4.903659,1.350807,OverRange,OverRange,OverRange,12.711844,15.192704,-3.510406
2026/06/04 04:22:00.269,n,-3.343652,6.435825,4.349087,1.037397,OverRange,OverRange,OverRange,12.872472,15.189558,-3.512539
2026/06/04 04:23:00.269,n,-3.22677,4.118077,4.829143,1.350524,OverRange,OverRange,OverRange,12.675166,15.1906,-3.547435
2026/06/04 04:24:00.271,n,-3.109631,4.086364,4.672616,1.212927,OverRange,OverRange,OverRange,12.78717,15.185256,-3.36058
2026/06/04 04:25:00.274,n,-3.252943,3.455502,5.252501,1.226173,OverRange,OverRange,OverRange,12.781108,15.182012,-3.448206
2026/06/04 04:26:00.275,n,-3.150816,3.695834,4.504253,1.30653,OverRange,OverRange,OverRange,12.824956,15.177712,-3.448206
2026/06/04 04:27:00.279,n,-3.103857,6.266936,4.660169,1.314503,OverRange,OverRange,OverRange,12.7886,15.17882,-3.333362
2026/06/04 04:28:00.279,n,-3.10668,5.401949,5.569172,1.127103,OverRange,OverRange,OverRange,12.71371,15.17564,-3.35674
2026/06/04 04:29:00.281,n,-3.118356,6.173565,5.344229,0.995167,OverRange,OverRange,OverRange,12.661282,15.177712,-3.350853
2026/06/04 04:30:00.282,n,-3.100907,4.212992,4.552708,1.159421,OverRange,OverRange,OverRange,12.619874,15.172416,-3.358532
2026/06/04 04:31:00.270,n,-3.176989,6.275171,5.066791,1.331199,OverRange,OverRange,OverRange,12.844056,15.170264,-3.274917
2026/06/04 04:32:00.271,n,-3.15351,3.44489,4.862603,1.295036,OverRange,OverRange,OverRange,12.634594,15.165948,-3.368344
2026/06/04 04:33:00.272,n,-3.159412,6.186844,5.045873,1.491241,OverRange,OverRange,OverRange,12.790524,15.162766,-3.366382
2026/06/04 04:34:00.274,n,-3.150559,4.691726,4.899786,1.071022,OverRange,OverRange,OverRange,12.74144,15.157424,-3.465697
2026/06/04 04:35:00.276,n,-3.24717,6.092494,5.01919,1.428635,OverRange,OverRange,OverRange,12.743764,15.15529,-3.384044
2026/06/04 04:36:00.278,n,-3.244219,4.322887,5.132969,0.937933,OverRange,OverRange,OverRange,12.608836,15.149912,-3.477386
2026/06/04 04:37:00.281,n,-3.308626,3.981524,4.884574,1.372135,OverRange,OverRange,OverRange,12.703854,15.145658,-3.496839
2026/06/04 04:38:00.282,n,-3.288098,6.406698,4.966199,1.413863,OverRange,OverRange,OverRange,12.769664,15.144616,-3.422865
2026/06/04 04:39:00.284,n,-3.136061,6.340142,5.24251,1.320705,OverRange,OverRange,OverRange,12.648362,15.142402,-3.510405
2026/06/04 04:40:00.270,n,-3.191487,6.369922,4.583082,1.288953,OverRange,OverRange,OverRange,12.657696,15.135996,-3.405289
2026/06/04 04:41:00.272,n,-3.191487,4.031548,4.588244,1.271278,OverRange,OverRange,OverRange,12.623418,15.137072,-3.494877
2026/06/04 04:42:00.275,n,-3.22074,4.473201,4.851751,1.089062,OverRange,OverRange,OverRange,12.72225,15.128518,-3.504604
2026/06/04 04:43:00.260,n,-3.247298,3.889808,4.214157,1.015895,OverRange,OverRange,OverRange,12.709666,15.129626,-3.627212
2026/06/04 04:44:00.261,n,-3.270521,6.410816,4.39011,1.009338,OverRange,OverRange,OverRange,12.768204,15.119964,-3.533955
2026/06/04 04:45:00.262,n,-3.197517,3.875567,5.53302,0.860495,OverRange,OverRange,OverRange,12.692592,15.115676,-3.510491
2026/06/04 04:46:00.265,n,-3.223434,4.004862,4.348712,1.079648,OverRange,OverRange,OverRange,12.638072,15.114602,-3.48515
2026/06/04 04:47:00.266,n,-3.194438,6.253374,4.675634,1.138588,OverRange,OverRange,OverRange,12.651928,15.115676,-3.350853
2026/06/04 04:48:00.269,n,-3.141835,3.641045,4.946888,1.110978,OverRange,OverRange,OverRange,12.658238,15.114602,-3.339079
2026/06/04 04:49:00.270,n,-3.182763,3.406889,4.381469,1.004023,OverRange,OverRange,OverRange,12.701106,15.108166,-3.370307
2026/06/04 04:50:00.258,n,-3.141963,3.613788,5.599364,0.997351,OverRange,OverRange,OverRange,12.678412,15.104988,-3.420988
2026/06/04 04:51:00.258,n,-3.13016,6.400669,4.836964,1.167136,OverRange,OverRange,OverRange,12.742214,15.102838,-3.448206
2026/06/04 04:52:00.262,n,-3.150559,3.839391,3.980095,0.182853,OverRange,OverRange,OverRange,12.640392,15.095324,-3.493085
2026/06/04 04:53:00.264,n,-3.273343,5.951202,5.431419,1.170772,OverRange,OverRange,OverRange,12.716252,15.097476,-3.481311
2026/06/04 04:54:00.265,n,-3.144786,3.950488,4.564272,0.836903,OverRange,OverRange,OverRange,12.570506,15.092164,-3.424742
2026/06/04 04:55:00.266,n,-3.118356,4.037327,5.27317,1.250826,OverRange,OverRange,OverRange,12.660492,15.087846,-3.500679
2026/06/04 04:56:00.268,n,-3.138884,3.976943,4.879432,1.160369,OverRange,OverRange,OverRange,12.680944,15.082486,-3.430629
2026/06/04 04:57:00.270,n,-3.150688,4.438393,5.263822,1.022226,OverRange,OverRange,OverRange,12.616908,15.080366,-3.391637
2026/06/04 04:58:00.271,n,-3.305803,5.825355,4.734391,1.099208,OverRange,OverRange,OverRange,12.641374,15.078198,-3.48899
2026/06/04 04:59:00.258,n,-3.26757,5.725891,5.615542,1.074634,OverRange,OverRange,OverRange,12.64113,15.084636,-3.483188
2026/06/04 05:00:00.259,n,-3.191487,3.862693,4.943554,1.413469,OverRange,OverRange,OverRange,12.5389,15.080366,-3.456056
2026/06/04 05:01:00.261,n,-3.212015,4.177358,5.31106,1.159634,OverRange,OverRange,OverRange,12.552048,15.077124,-3.442319
2026/06/04 05:02:00.263,n,-3.229721,6.35508,4.697692,1.235544,OverRange,OverRange,OverRange,12.666554,15.07178,-3.479349
2026/06/04 05:03:00.265,n,-3.214966,3.64434,4.350542,1.162996,OverRange,OverRange,OverRange,12.57422,15.069676,-3.535832
2026/06/04 05:04:00.268,n,-3.273472,4.10172,4.767,1.156689,OverRange,OverRange,OverRange,12.634054,15.06109,-3.529944
2026/06/04 05:05:00.269,n,-3.355456,6.473006,4.681872,1.377611,OverRange,OverRange,OverRange,12.72731,15.054654,-3.570728
2026/06/04 05:06:00.273,n,-3.334928,4.857287,5.469863,0.658483,OverRange,OverRange,OverRange,12.53951,15.05573,-3.603918
2026/06/04 05:07:00.256,n,-3.255766,4.027306,4.64067,1.226182,OverRange,OverRange,OverRange,12.641562,15.04825,-3.598117
2026/06/04 05:08:00.259,n,-3.22074,4.145318,4.679398,1.306003,OverRange,OverRange,OverRange,12.645864,15.042856,-3.590182
2026/06/04 05:09:00.263,n,-3.147737,4.051433,4.529705,1.232872,OverRange,OverRange,OverRange,12.696804,15.042856,-3.483273
2026/06/04 05:10:00.263,n,-3.311577,4.197361,4.46574,1.092862,OverRange,OverRange,OverRange,12.76794,15.041814,-3.679855
2026/06/04 05:11:00.265,n,-3.194567,6.183284,5.087475,1.207855,OverRange,OverRange,OverRange,12.761398,15.039664,-3.533869
2026/06/04 05:12:00.268,n,-3.141706,4.518506,4.481133,1.069761,OverRange,OverRange,OverRange,12.54095,15.042856,-3.543682
2026/06/04 05:13:00.268,n,-3.349554,4.776156,4.455188,1.03318,OverRange,OverRange,OverRange,12.692286,15.040738,-3.561087
2026/06/04 05:14:00.272,n,-3.258717,3.944649,4.272553,1.001901,OverRange,OverRange,OverRange,12.708186,15.05643,-3.524142
2026/06/04 05:15:00.272,n,-2.998009,4.796835,5.334381,1.001348,OverRange,OverRange,OverRange,12.747784,15.053204,-3.294285
2026/06/04 05:16:00.259,n,-2.860471,5.989324,4.756403,1.053725,OverRange,OverRange,OverRange,12.67564,15.05573,-3.202649
2026/06/04 05:17:00.259,n,-3.109759,5.91239,4.356406,0.961491,OverRange,OverRange,OverRange,12.746994,15.05146,-3.282681
2026/06/04 05:18:00.262,n,-3.089231,4.75521,4.943959,0.739568,OverRange,OverRange,OverRange,12.665554,15.054622,-3.380119
2026/06/04 05:19:00.265,n,-3.133367,6.515362,4.686294,1.328668,OverRange,OverRange,OverRange,12.74823,15.05146,-3.49701
2026/06/04 05:20:00.269,n,-3.144786,6.255125,5.205155,1.164939,OverRange,OverRange,OverRange,12.727062,15.04395,-3.395733
2026/06/04 05:21:00.268,n,-3.08333,6.434924,4.956727,1.461519,OverRange,OverRange,OverRange,12.71819,15.04395,-3.508699
2026/06/04 05:22:00.271,n,-3.074477,5.345613,4.904577,1.064504,OverRange,OverRange,OverRange,12.709942,15.044992,-3.473546
2026/06/04 05:23:00.275,n,-3.059979,3.632019,5.690916,1.014478,OverRange,OverRange,OverRange,12.689236,15.03963,-3.465782
2026/06/04 05:24:00.274,n,-3.021873,3.827416,4.710956,1.127601,OverRange,OverRange,OverRange,12.73766,15.040738,-3.376194
2026/06/04 05:25:00.259,n,-3.074605,3.883263,4.654164,1.292837,OverRange,OverRange,OverRange,12.728566,15.044992,-3.325513
2026/06/04 05:26:00.261,n,-3.089231,3.642192,4.771107,1.339153,OverRange,OverRange,OverRange,12.72755,15.042856,-3.442404
2026/06/04 05:27:00.264,n,-3.036371,3.69207,4.834519,1.500196,OverRange,OverRange,OverRange,12.67629,15.04395,-3.52235
2026/06/04 05:28:00.265,n,-3.191615,5.810254,5.252389,1.409821,OverRange,OverRange,OverRange,12.81273,15.041814,-3.50085
2026/06/04 05:29:00.268,n,-3.209193,6.370839,4.931997,1.496747,OverRange,OverRange,OverRange,12.691956,15.040738,-3.537879
2026/06/04 05:30:00.269,n,-3.206114,6.427531,4.615894,1.217751,OverRange,OverRange,OverRange,12.72753,15.041814,-3.430715
2026/06/04 05:31:00.271,n,-3.153638,5.976288,5.362058,1.186981,OverRange,OverRange,OverRange,12.670064,15.03963,-3.370392
2026/06/04 05:32:00.274,n,-3.133239,5.989042,5.765303,0.620838,OverRange,OverRange,OverRange,12.724838,15.03963,-3.405459
2026/06/04 05:33:00.275,n,-3.147865,5.840108,5.320861,1.193523,OverRange,OverRange,OverRange,12.635732,15.040738,-3.335325
2026/06/04 05:34:00.262,n,-3.130159,4.140801,4.369593,0.962809,OverRange,OverRange,OverRange,12.600434,15.038556,-3.313909
2026/06/04 05:35:00.263,n,-3.188665,5.771454,5.012364,1.325212,OverRange,OverRange,OverRange,12.728054,15.036438,-3.409299
2026/06/04 05:36:00.266,n,-3.139012,6.17544,5.07001,1.243916,OverRange,OverRange,OverRange,12.613816,15.038556,-3.420988
2026/06/04 05:37:00.267,n,-3.217917,3.838184,4.192136,0.842428,OverRange,OverRange,OverRange,12.538432,15.035378,-3.456141
2026/06/04 05:38:00.268,n,-3.326332,5.683074,5.344386,1.109718,OverRange,OverRange,OverRange,12.702602,15.03963,-3.520303
2026/06/04 05:39:00.270,n,-3.150816,3.490935,4.589082,1.428303,OverRange,OverRange,OverRange,12.479564,15.03963,-3.493
2026/06/04 05:40:00.272,n,-3.136061,3.891358,4.696749,1.319082,OverRange,OverRange,OverRange,12.566386,15.038556,-3.345051
2026/06/04 05:41:00.274,n,-3.124386,4.124288,4.401381,1.018613,OverRange,OverRange,OverRange,12.604228,15.032184,-3.461943
2026/06/04 05:42:00.277,n,-3.165442,4.138357,4.581149,1.078941,OverRange,OverRange,OverRange,12.60877,15.030034,-3.494963
2026/06/04 05:43:00.262,n,-3.153767,3.798065,4.551667,1.092941,OverRange,OverRange,OverRange,12.638006,15.030034,-3.399657
2026/06/04 05:44:00.266,n,-3.288226,6.292498,4.300211,0.984284,OverRange,OverRange,OverRange,12.715734,15.021462,-3.51834
2026/06/04 05:45:00.266,n,-3.305803,3.915242,3.784703,0.188571,OverRange,OverRange,OverRange,12.613094,15.023564,-3.506651
2026/06/04 05:46:00.268,n,-3.270905,5.505858,5.237899,1.0037,OverRange,OverRange,OverRange,12.658006,15.017162,-3.553323
2026/06/04 05:47:00.270,n,-3.188665,5.434529,4.985166,1.029003,OverRange,OverRange,OverRange,12.555294,15.017162,-3.530029
2026/06/04 05:48:00.272,n,-3.162235,6.224314,4.913935,1.361927,OverRange,OverRange,OverRange,12.584046,15.008638,-3.528238
2026/06/04 05:49:00.275,n,-3.141963,6.613053,5.483077,1.119217,OverRange,OverRange,OverRange,12.51593,15.007548,-3.512539
2026/06/04 05:50:00.275,n,-3.194695,6.390634,4.969778,1.42977,OverRange,OverRange,OverRange,12.566082,15.006472,-3.485406
2026/06/04 05:51:00.278,n,-3.086537,3.801002,4.785161,1.429068,OverRange,OverRange,OverRange,12.501282,15.00217,-3.565182
2026/06/04 05:52:00.264,n,-3.232543,4.11233,4.512656,1.0121,OverRange,OverRange,OverRange,12.616638,15.000034,-3.436517
2026/06/04 05:53:00.265,n,-3.17391,3.925459,4.544302,0.846647,OverRange,OverRange,OverRange,12.561376,14.997918,-3.531992
2026/06/04 05:54:00.267,n,-3.296694,5.652732,4.612136,1.093123,OverRange,OverRange,OverRange,12.662272,14.997918,-3.489075
2026/06/04 05:55:00.270,n,-3.203419,6.086135,5.242579,1.132753,OverRange,OverRange,OverRange,12.469996,14.995734,-3.469622
2026/06/04 05:56:00.272,n,-3.217917,6.418616,4.705872,1.407211,OverRange,OverRange,OverRange,12.449764,14.992558,-3.458018
2026/06/04 05:57:00.274,n,-3.250121,5.863357,5.66661,0.701063,OverRange,OverRange,OverRange,12.55711,14.991482,-3.489246
2026/06/04 05:58:00.275,n,-3.244347,6.015741,5.303035,1.253547,OverRange,OverRange,OverRange,12.535568,14.98933,-3.551446
2026/06/04 05:59:00.278,n,-3.261924,3.954232,4.236421,0.879425,OverRange,OverRange,OverRange,12.487656,14.980744,-3.574824
2026/06/04 06:00:00.279,n,-3.241396,6.084948,5.689395,0.827469,OverRange,OverRange,OverRange,12.559602,14.978642,-3.557333
2026/06/04 06:01:00.264,n,-3.314528,4.69218,4.80369,1.258357,OverRange,OverRange,OverRange,12.507802,14.973266,-3.489075
2026/06/04 06:02:00.266,n,-3.232543,6.131104,4.934441,1.399242,OverRange,OverRange,OverRange,12.51767,14.975416,-3.549568
2026/06/04 06:03:00.269,n,-3.299517,4.332321,4.951897,1.335836,OverRange,OverRange,OverRange,12.445232,14.970056,-3.508614
2026/06/04 06:04:00.271,n,-3.279245,3.46931,4.924555,1.360198,OverRange,OverRange,OverRange,12.512364,14.965736,-3.574824
2026/06/04 06:05:00.273,n,-3.261796,3.923951,4.81855,1.181327,OverRange,OverRange,OverRange,12.429128,14.963652,-3.643082
2026/06/04 06:06:00.275,n,-3.387531,3.518281,4.934917,1.646736,OverRange,OverRange,OverRange,12.47194,14.956108,-3.717141
2026/06/04 06:07:00.279,n,-3.26757,3.495288,5.23367,1.439241,OverRange,OverRange,OverRange,12.458324,14.95829,-3.635061
2026/06/04 06:08:00.278,n,-3.27052,6.468477,5.036436,1.537979,OverRange,OverRange,OverRange,12.516872,14.952896,-3.602041
2026/06/04 06:09:00.281,n,-3.249992,4.023542,4.204311,1.157266,OverRange,OverRange,OverRange,12.442708,14.95078,-3.627468
2026/06/04 06:10:00.265,n,-3.244219,5.757631,6.023747,0.243281,OverRange,OverRange,OverRange,12.493744,14.95182,-3.594278
2026/06/04 06:11:00.269,n,-3.261796,6.172179,5.64884,1.101473,OverRange,OverRange,OverRange,12.46043,14.942192,-3.666545
2026/06/04 06:12:00.271,n,-3.24114,6.126121,5.186881,1.376549,OverRange,OverRange,OverRange,12.465206,14.93468,-3.652723
2026/06/04 06:13:00.271,n,-3.235495,3.947262,4.585381,1.415757,OverRange,OverRange,OverRange,12.386938,14.930428,-3.650846
2026/06/04 06:14:00.273,n,-3.212016,3.373406,4.86776,1.235893,OverRange,OverRange,OverRange,12.449804,14.922916,-3.650846
2026/06/04 06:15:00.276,n,-3.290921,3.764578,4.977915,1.374417,OverRange,OverRange,OverRange,12.499242,14.92396,-3.691886
2026/06/04 06:16:00.277,n,-3.264748,3.583452,5.26387,1.272669,OverRange,OverRange,OverRange,12.497982,14.917556,-3.574824
2026/06/04 06:17:00.279,n,-3.302724,3.546209,4.866818,1.500258,OverRange,OverRange,OverRange,12.427598,14.913286,-3.566974
2026/06/04 06:18:00.281,n,-3.26757,6.300839,5.16055,1.183627,OverRange,OverRange,OverRange,12.45512,14.90897,-3.528067
2026/06/04 06:19:00.267,n,-3.358278,3.550307,4.743948,1.366933,OverRange,OverRange,OverRange,12.406388,14.902566,-3.69564
2026/06/04 06:20:00.268,n,-3.340829,3.867011,5.094031,1.486218,OverRange,OverRange,OverRange,12.425274,14.902566,-3.664583
2026/06/04 06:21:00.270,n,-3.291177,3.44328,4.93421,1.46518,OverRange,OverRange,OverRange,12.449032,14.89613,-3.613731
2026/06/04 06:22:00.274,n,-3.270649,5.651594,5.315826,1.130439,OverRange,OverRange,OverRange,12.508866,14.887576,-3.539756
2026/06/04 06:23:00.274,n,-3.2736,3.847489,4.639372,1.165679,OverRange,OverRange,OverRange,12.284216,14.882182,-3.602212
2026/06/04 06:24:00.277,n,-3.34083,6.549485,4.842211,1.416147,OverRange,OverRange,OverRange,12.4213,14.883258,-3.553408
2026/06/04 06:25:00.279,n,-3.2736,6.183716,5.268215,1.226184,OverRange,OverRange,OverRange,12.31833,14.881106,-3.584636
2026/06/04 06:26:00.281,n,-3.276551,3.541474,4.525099,1.328206,OverRange,OverRange,OverRange,12.265498,14.878956,-3.493
2026/06/04 06:27:00.283,n,-3.343524,6.085441,5.047867,1.2227,OverRange,OverRange,OverRange,12.338314,14.870402,-3.481311
2026/06/04 06:28:00.270,n,-3.434617,5.921878,4.950713,1.136344,OverRange,OverRange,OverRange,12.339768,14.862874,-3.586513
2026/06/04 06:29:00.271,n,-3.499025,3.52931,4.211776,1.093285,OverRange,OverRange,OverRange,12.250378,14.852202,-3.600079
2026/06/04 06:30:00.271,n,-3.554322,6.337571,5.034401,1.53711,OverRange,OverRange,OverRange,12.371542,14.851096,-3.668422
2026/06/04 06:31:00.278,n,-3.381886,6.215322,5.049722,1.30398,OverRange,OverRange,OverRange,12.28416,14.844692,-3.555285
2026/06/04 06:32:00.279,n,-3.314528,6.265473,5.01523,1.333298,OverRange,OverRange,OverRange,12.264004,14.840374,-3.602041
2026/06/04 06:33:00.262,n,-3.287841,6.434256,4.428592,1.04461,OverRange,OverRange,OverRange,12.212524,14.835044,-3.502812
2026/06/04 06:34:00.283,n,-3.337879,3.835839,4.320063,1.106237,OverRange,OverRange,OverRange,12.190746,14.825418,-3.586428
2026/06/04 06:35:00.283,n,-3.539952,5.94308,4.767802,1.179307,OverRange,OverRange,OverRange,12.259232,14.81683,-3.711254
2026/06/04 06:36:00.285,n,-3.443214,6.082332,5.380639,1.153721,OverRange,OverRange,OverRange,12.231984,14.812544,-3.572862
2026/06/04 06:37:00.269,n,-3.402286,5.999739,4.79309,1.108413,OverRange,OverRange,OverRange,12.191788,14.802884,-3.535746
2026/06/04 06:38:00.274,n,-3.34083,3.916888,4.88181,1.181904,OverRange,OverRange,OverRange,12.068274,14.798566,-3.600165
2026/06/04 06:39:00.256,n,-3.344037,3.840702,4.964801,1.339269,OverRange,OverRange,OverRange,12.114976,14.791086,-3.440526
2026/06/04 06:40:00.275,n,-3.349554,6.242769,5.839566,0.748864,OverRange,OverRange,OverRange,12.056626,14.7825,-3.477471
2026/06/04 06:41:00.260,n,-3.373033,6.299336,5.657902,1.126698,OverRange,OverRange,OverRange,12.006084,14.770736,-3.559124
2026/06/04 06:42:00.262,n,-3.440391,3.8686,4.576398,1.273856,OverRange,OverRange,OverRange,12.00581,14.7643,-3.633355
2026/06/04 06:43:00.266,n,-3.405365,3.53575,4.816809,0.810224,OverRange,OverRange,OverRange,12.056422,14.754656,-3.524313
2026/06/04 06:44:00.266,n,-3.440391,3.697741,4.801811,1.439736,OverRange,OverRange,OverRange,12.05276,14.747144,-3.524228
2026/06/04 06:45:00.268,n,-3.346731,5.123901,5.34522,0.910133,OverRange,OverRange,OverRange,12.05537,14.739634,-3.461772
2026/06/04 06:46:00.272,n,-3.440519,5.765201,5.649921,1.030027,OverRange,OverRange,OverRange,12.038178,14.737452,-3.574738
2026/06/04 06:47:00.271,n,-3.352505,5.859213,4.624136,1.280598,OverRange,OverRange,OverRange,11.99877,14.72246,-3.5924
2026/06/04 06:48:00.258,n,-3.411267,4.064327,5.270618,1.232616,OverRange,OverRange,OverRange,11.955084,14.710698,-3.570899
2026/06/04 06:49:00.261,n,-3.460791,5.909257,4.953511,1.178579,OverRange,OverRange,OverRange,12.081192,14.702112,-3.578834
2026/06/04 06:50:00.261,n,-3.592556,6.110745,4.98299,1.275823,OverRange,OverRange,OverRange,12.005356,14.693508,-3.71296
2026/06/04 06:51:00.263,n,-3.592685,3.874261,4.18088,0.970572,OverRange,OverRange,OverRange,12.015224,14.68388,-3.744274
2026/06/04 06:52:00.265,n,-3.583703,5.913532,5.291601,1.030611,OverRange,OverRange,OverRange,12.023312,14.67637,-3.676186
2026/06/04 06:53:00.268,n,-3.539952,6.06154,5.313944,1.254826,OverRange,OverRange,OverRange,11.963628,14.671008,-3.676187
2026/06/04 06:54:00.270,n,-3.434617,4.05018,5.03992,1.117914,OverRange,OverRange,OverRange,11.891842,14.662422,-3.699479
2026/06/04 06:55:00.271,n,-3.572156,6.0405,5.241312,1.246231,OverRange,OverRange,OverRange,12.076056,14.647418,-3.773454
2026/06/04 06:56:00.258,n,-3.48427,5.917257,5.651121,0.629389,OverRange,OverRange,OverRange,11.91412,14.640982,-3.826012
2026/06/04 06:57:00.258,n,-3.446422,5.977045,5.407016,1.164761,OverRange,OverRange,OverRange,11.94339,14.633472,-3.779341
2026/06/04 06:58:00.265,n,-3.466693,6.392489,5.632303,1.122527,OverRange,OverRange,OverRange,12.080388,14.631288,-3.853315
2026/06/04 06:59:00.264,n,-3.41101,4.635685,5.074374,1.440932,OverRange,OverRange,OverRange,11.956224,14.6206,-3.763812
2026/06/04 07:00:00.264,n,-3.539824,3.462526,4.921283,1.498142,OverRange,OverRange,OverRange,12.021428,14.606652,-3.9313
2026/06/04 07:01:00.267,n,-3.551499,3.510308,4.999087,1.228666,OverRange,OverRange,OverRange,12.047226,14.606652,-3.81637
2026/06/04 07:02:00.269,n,-3.481447,3.42817,4.662237,1.371932,OverRange,OverRange,OverRange,12.01083,14.603428,-3.822173
2026/06/04 07:03:00.270,n,-3.677491,6.008561,5.138586,1.040832,OverRange,OverRange,OverRange,12.175924,14.600218,-4.020717
2026/06/04 07:04:00.256,n,-3.466693,5.632336,5.340216,0.962562,OverRange,OverRange,OverRange,12.090038,14.592738,-3.767652
2026/06/04 07:05:00.258,n,-3.522375,3.917404,3.913341,0.227782,OverRange,OverRange,OverRange,12.041276,14.611394,-3.703404
2026/06/04 07:06:00.262,n,-3.007119,3.860096,4.859619,1.359585,OverRange,OverRange,OverRange,12.063798,14.598492,-3.331485
2026/06/04 07:07:00.262,n,-3.188536,3.909133,3.906981,0.115251,OverRange,OverRange,OverRange,12.14115,14.595282,-3.56723
2026/06/04 07:08:00.265,n,-3.188408,4.012087,3.922698,0.105085,OverRange,OverRange,OverRange,12.12497,14.586696,-3.520388
2026/06/04 07:09:00.266,n,-3.142091,3.541834,4.235828,1.019903,OverRange,OverRange,OverRange,12.113064,14.583454,-3.510576
2026/06/04 07:10:00.267,n,-3.150559,6.091263,5.451777,1.20243,OverRange,OverRange,OverRange,12.057734,14.581304,-3.35674
2026/06/04 07:11:00.271,n,-3.06293,6.023402,5.433893,1.161735,OverRange,OverRange,OverRange,12.019282,14.593782,-3.312117
2026/06/04 07:12:00.271,n,-3.296565,3.347227,4.503875,1.501043,OverRange,OverRange,OverRange,11.945806,14.58091,-3.500593
2026/06/04 07:13:00.258,n,-3.322996,3.542439,4.86686,1.534787,OverRange,OverRange,OverRange,11.972066,14.57876,-3.554944
2026/06/04 07:14:00.260,n,-3.155948,3.942284,4.921247,1.289736,OverRange,OverRange,OverRange,12.101518,14.570176,-3.564927
2026/06/04 07:15:00.262,n,-3.302596,6.08875,5.357839,1.22261,OverRange,OverRange,OverRange,12.121792,14.56589,-3.617484
2026/06/04 07:16:00.263,n,-3.185329,3.89875,4.281708,0.635953,OverRange,OverRange,OverRange,11.95222,14.564782,-3.523972
2026/06/04 07:17:00.265,n,-3.167879,6.337332,5.201134,1.260624,OverRange,OverRange,OverRange,12.058848,14.558348,-3.418855
2026/06/04 07:18:00.267,n,-3.246913,6.091756,4.971037,1.280665,OverRange,OverRange,OverRange,12.048168,14.555156,-3.543425
2026/06/04 07:19:00.269,n,-3.164929,6.104508,6.04868,0.069175,OverRange,OverRange,OverRange,12.024058,14.555156,-3.469536
2026/06/04 07:20:00.272,n,-3.19431,3.466515,5.293356,1.234107,OverRange,OverRange,OverRange,11.915044,14.5444,-3.371928
2026/06/04 07:21:00.272,n,-3.19431,4.388253,5.470175,1.235929,OverRange,OverRange,OverRange,11.954708,14.543326,-3.317492
2026/06/04 07:22:00.258,n,-3.217533,5.960936,5.131692,1.166506,OverRange,OverRange,OverRange,12.033116,14.537998,-3.239679
2026/06/04 07:23:00.261,n,-3.126695,4.980255,4.673398,1.268211,OverRange,OverRange,OverRange,11.93628,14.53153,-3.243518
2026/06/04 07:24:00.261,n,-3.059594,4.115492,4.518076,0.952295,OverRange,OverRange,OverRange,12.00883,14.525096,-3.2163
2026/06/04 07:25:00.265,n,-3.036115,3.924561,4.904307,1.269177,OverRange,OverRange,OverRange,12.041622,14.52081,-3.272784
2026/06/04 07:26:00.266,n,-2.989285,3.765133,5.130032,1.274263,OverRange,OverRange,OverRange,12.000744,14.512224,-3.031152
2026/06/04 07:27:00.268,n,-3.012764,4.030868,4.239317,0.986319,OverRange,OverRange,OverRange,12.048528,14.510074,-3.082004
2026/06/04 07:28:00.270,n,-2.913331,3.376764,4.52433,1.152024,OverRange,OverRange,OverRange,12.077276,14.507908,-2.918356
2026/06/04 07:29:00.272,n,-2.770018,5.849642,4.717128,1.119608,OverRange,OverRange,OverRange,12.17513,14.503606,-2.696519
2026/06/04 07:30:00.274,n,-2.60297,6.110648,5.31135,1.283942,OverRange,OverRange,OverRange,12.06748,14.50579,-2.385008
2026/06/04 07:31:00.259,n,-2.395251,3.546023,5.588136,1.006723,OverRange,OverRange,OverRange,11.944174,14.497172,-2.127932
2026/06/04 07:32:00.262,n,-2.245909,4.520025,5.433692,1.109353,OverRange,OverRange,OverRange,11.997952,14.498214,-1.980069
2026/06/04 07:33:00.264,n,-2.000212,3.860439,4.953252,1.492699,OverRange,OverRange,OverRange,12.02799,14.49507,-1.871113
2026/06/04 07:34:00.268,n,-1.853821,4.057177,5.144663,1.267094,OverRange,OverRange,OverRange,12.037588,14.49608,-1.602434
2026/06/04 07:35:00.269,n,-1.722441,4.134746,4.376242,0.953119,OverRange,OverRange,OverRange,12.050812,14.49507,-1.513102
2026/06/04 07:36:00.271,n,-1.740018,3.902462,5.706855,0.904772,OverRange,OverRange,OverRange,12.031036,14.488602,-1.610454
2026/06/04 07:37:00.272,n,-1.722184,4.047034,4.756239,1.031509,OverRange,OverRange,OverRange,12.070004,14.489662,-1.68639
2026/06/04 07:38:00.273,n,-1.652003,3.803298,4.020095,0.279653,OverRange,OverRange,OverRange,12.160742,14.484302,-1.491771
2026/06/04 07:39:00.275,n,-1.529348,6.044384,5.470644,1.130269,OverRange,OverRange,OverRange,12.198854,14.490738,-1.427438
2026/06/04 07:40:00.261,n,-1.289297,3.89758,4.565007,1.155519,OverRange,OverRange,OverRange,12.121568,14.488602,-1.238706
2026/06/04 07:41:00.266,n,-1.128536,5.84029,5.73543,0.872398,OverRange,OverRange,OverRange,12.1645,14.479982,-0.974293
2026/06/04 07:42:00.266,n,-0.909013,5.800408,5.631966,1.00583,OverRange,OverRange,OverRange,12.103364,14.485344,-0.612442
2026/06/04 07:43:00.267,n,-0.619565,5.137718,4.797939,1.292807,OverRange,OverRange,OverRange,12.074224,14.482166,-0.157334
2026/06/04 07:44:00.271,n,-0.239538,3.553315,5.218006,1.272175,OverRange,OverRange,OverRange,12.025036,14.485344,0.276443
2026/06/04 07:45:00.270,n,0.196429,3.944058,4.232217,1.105849,OverRange,OverRange,OverRange,12.09073,14.489662,0.814826
2026/06/04 07:46:00.279,n,0.532449,6.023602,5.440319,0.993013,OverRange,OverRange,OverRange,12.195568,14.488602,1.281281
2026/06/04 07:47:00.275,n,0.935827,5.824615,5.381279,1.139426,OverRange,OverRange,OverRange,12.033086,14.484302,1.718642
2026/06/04 07:48:00.278,n,1.462118,6.230916,4.642592,1.323463,OverRange,OverRange,OverRange,12.071248,14.484302,2.351903
2026/06/04 07:49:00.264,n,2.034725,3.60707,5.210809,1.253662,OverRange,OverRange,OverRange,12.048512,14.484302,3.243518
2026/06/04 07:50:00.265,n,2.78272,6.07751,4.561105,1.313597,OverRange,OverRange,OverRange,12.159628,14.488602,4.245114
2026/06/04 07:51:00.268,n,3.501591,6.056933,5.970294,0.090521,OverRange,OverRange,OverRange,12.105658,14.481058,5.42947
2026/06/04 07:52:00.268,n,4.25228,4.896759,5.456568,1.099337,OverRange,OverRange,OverRange,12.036174,14.483226,6.568264
2026/06/04 07:53:00.271,n,4.89186,3.380375,5.131893,1.215202,OverRange,OverRange,OverRange,12.141522,14.481058,8.335368
2026/06/04 07:54:00.273,n,5.543116,6.003622,5.478975,0.860993,OverRange,OverRange,OverRange,12.175878,14.489662,10.083874
2026/06/04 07:55:00.276,n,6.36899,6.148457,5.062807,0.990501,OverRange,OverRange,OverRange,12.161978,14.48645,10.905952
2026/06/04 07:56:00.278,n,7.391804,3.939447,5.209046,1.184683,OverRange,OverRange,OverRange,12.05005,14.488602,12.580312
2026/06/04 07:57:00.281,n,8.887026,3.931751,3.999555,0.092604,OverRange,OverRange,OverRange,12.215062,14.484302,17.52464
2026/06/04 07:58:00.262,n,10.796144,3.482268,5.109332,1.302303,OverRange,OverRange,OverRange,12.183386,14.487526,26.4425
2026/06/04 07:59:00.264,n,12.42595,3.994631,4.362932,1.039934,OverRange,OverRange,OverRange,12.153108,14.487526,34.066536
2026/06/04 08:00:00.268,n,13.730388,3.462571,5.167111,1.355686,OverRange,OverRange,OverRange,12.123042,14.487526,38.645092
2026/06/04 08:01:00.269,n,14.751022,6.022961,5.227221,1.186208,OverRange,OverRange,OverRange,12.232702,14.492888,42.62076
2026/06/04 08:02:00.271,n,14.052294,3.776003,5.385166,1.040072,OverRange,OverRange,OverRange,12.112738,14.499322,31.932292
2026/06/04 08:03:00.274,n,16.157202,5.855732,5.607699,0.951085,OverRange,OverRange,OverRange,12.219818,14.503606,42.462828
2026/06/04 08:04:00.276,n,17.632406,6.17376,4.61845,1.315253,OverRange,OverRange,OverRange,12.158458,14.503606,47.978472
2026/06/04 08:05:00.278,n,19.197934,3.448627,5.502918,1.101766,OverRange,OverRange,OverRange,12.072552,14.507908,51.279496
2026/06/04 08:06:00.278,n,20.397932,6.084834,6.037319,0.274624,OverRange,OverRange,OverRange,12.209988,14.509,48.939364
2026/06/04 08:07:00.265,n,21.693514,4.481955,4.705515,0.861868,OverRange,OverRange,OverRange,12.15266,14.514342,40.422176
2026/06/04 08:08:00.269,n,24.607232,6.262088,4.967114,1.391708,OverRange,OverRange,OverRange,12.270046,14.521852,47.68428
2026/06/04 08:09:00.269,n,29.245824,6.555274,4.654516,1.472,OverRange,OverRange,OverRange,12.194036,14.528288,73.377224
2026/06/04 08:10:00.272,n,32.927036,5.970746,5.595455,1.001333,OverRange,OverRange,OverRange,12.200872,14.528288,95.628624
2026/06/04 08:11:00.273,n,35.0381,3.587499,4.385569,1.241913,OverRange,OverRange,OverRange,12.190228,14.539042,103.50872
2026/06/04 08:12:00.276,n,36.848432,4.220108,4.668781,1.293338,OverRange,OverRange,OverRange,12.225118,14.548718,108.68334
2026/06/04 08:13:00.276,n,38.87892,3.897167,5.139331,1.272435,OverRange,OverRange,OverRange,12.24935,14.56589,113.67594
2026/06/04 08:14:00.277,n,40.4007,6.198056,4.675636,1.268891,OverRange,OverRange,OverRange,12.378428,14.568026,117.06716
2026/06/04 08:15:00.281,n,42.352412,5.915786,5.340748,1.132272,OverRange,OverRange,OverRange,12.242056,14.579836,122.27266
2026/06/04 08:16:00.266,n,43.913328,6.429561,5.191494,1.488174,OverRange,OverRange,OverRange,12.368724,14.592674,125.81216
2026/06/04 08:17:00.268,n,45.607024,6.01345,5.309752,1.262895,OverRange,OverRange,OverRange,12.347112,14.602354,130.17018
2026/06/04 08:18:00.269,n,47.87038,6.017388,5.077257,1.268747,OverRange,OverRange,OverRange,12.386128,14.617406,136.86324
2026/06/04 08:19:00.272,n,36.510996,3.646121,5.435868,0.995524,OverRange,OverRange,OverRange,12.239788,14.63453,86.500096
2026/06/04 08:20:00.273,n,51.71518,4.579902,4.820116,1.191406,OverRange,OverRange,OverRange,12.334942,14.644224,145.52438
2026/06/04 08:21:00.275,n,53.786212,6.169701,5.400748,1.110311,OverRange,OverRange,OverRange,12.43066,14.658138,152.33324
2026/06/04 08:22:00.277,n,56.403804,4.015376,4.355963,1.10998,OverRange,OverRange,OverRange,12.394506,14.674234,159.77852
2026/06/04 08:23:00.279,n,59.094792,6.111603,4.986767,1.282415,OverRange,OverRange,OverRange,12.588074,14.690348,167.81272
2026/06/04 08:24:00.280,n,60.433744,6.095493,5.392356,1.029455,OverRange,OverRange,OverRange,12.438676,14.717134,170.26844
2026/06/04 08:25:00.267,n,59.624936,3.471486,4.603691,1.32657,OverRange,OverRange,OverRange,12.37254,14.729972,167.064
2026/06/04 08:26:00.268,n,52.949688,6.513381,5.407162,1.349546,OverRange,OverRange,OverRange,12.511312,14.754672,140.17468
2026/06/04 08:27:00.271,n,51.459728,4.091879,4.143933,0.5733,OverRange,OverRange,OverRange,12.511638,14.775022,129.53886
2026/06/04 08:28:00.272,n,61.111164,4.020374,4.795073,1.270753,OverRange,OverRange,OverRange,12.626134,14.79112,158.66534
2026/06/04 08:29:00.273,n,70.974696,6.003508,5.395166,1.452661,OverRange,OverRange,OverRange,12.687668,14.816862,191.75954
2026/06/04 08:30:00.276,n,75.557864,6.503055,5.403832,1.264555,OverRange,OverRange,OverRange,12.591284,14.83832,205.57652
2026/06/04 08:31:00.278,n,78.360984,6.481756,5.212664,1.355733,OverRange,OverRange,OverRange,12.661702,14.860788,213.08876
2026/06/04 08:32:00.280,n,78.763328,3.299653,4.712902,1.55892,OverRange,OverRange,OverRange,12.664454,14.885426,211.3221
2026/06/04 08:33:00.284,n,77.347664,3.287782,4.90743,1.553149,OverRange,OverRange,OverRange,12.757782,14.91117,203.01794
2026/06/04 08:34:00.268,n,82.300968,3.517867,4.948066,1.733459,OverRange,OverRange,OverRange,12.784444,14.949736,216.01036
2026/06/04 08:35:00.271,n,80.316416,3.877706,4.907408,1.597097,OverRange,OverRange,OverRange,12.84522,14.972238,208.69616
2026/06/04 08:36:00.274,n,81.290744,6.02956,5.401622,1.227705,OverRange,OverRange,OverRange,12.911836,14.985534,206.40294
2026/06/04 08:37:00.273,n,90.366616,5.121171,4.437208,1.281966,OverRange,OverRange,OverRange,12.813202,15.011246,232.81934
2026/06/04 08:38:00.278,n,93.654976,6.15915,6.144379,0.133076,OverRange,OverRange,OverRange,12.898356,15.041196,240.2868
2026/06/04 08:39:00.278,n,93.81368,3.669518,5.264118,1.146564,OverRange,OverRange,OverRange,12.802052,15.07442,237.74804
2026/06/04 08:40:00.263,n,95.519312,3.244274,4.589142,1.585474,OverRange,OverRange,OverRange,12.931886,15.101924,240.32032
2026/06/04 08:41:00.282,n,97.646544,3.220767,4.575597,1.555485,OverRange,OverRange,OverRange,12.961782,15.129722,244.44104
2026/06/04 08:42:00.268,n,102.40344,6.53637,5.207508,1.573292,OverRange,OverRange,OverRange,12.965698,15.162948,255.97506
2026/06/04 08:43:00.269,n,101.42784,4.555465,4.82862,1.381426,OverRange,OverRange,OverRange,12.825572,15.196108,250.45736
2026/06/04 08:44:00.271,n,106.42452,6.182405,5.252332,1.226361,OverRange,OverRange,OverRange,13.114324,15.229252,262.34756
2026/06/04 08:45:00.256,n,110.5367,6.512365,4.190317,1.177391,OverRange,OverRange,OverRange,13.02238,15.267806,271.09446
2026/06/04 08:46:00.258,n,113.81196,6.00195,5.461555,1.156284,OverRange,OverRange,OverRange,13.04745,15.304162,277.93594
2026/06/04 08:47:00.260,n,115.64114,6.019049,5.279695,1.421667,OverRange,OverRange,OverRange,13.136918,15.341594,279.51242
2026/06/04 08:48:00.262,n,118.64418,4.354097,4.34585,0.966728,OverRange,OverRange,OverRange,13.01347,15.369604,283.56402
2026/06/04 08:49:00.265,n,121.461,6.097409,6.194612,0.231605,OverRange,OverRange,OverRange,13.235698,15.396346,288.74136
2026/06/04 08:50:00.267,n,123.26826,3.468934,5.472214,1.22436,OverRange,OverRange,OverRange,13.15094,15.430552,289.65696
2026/06/04 08:51:00.270,n,126.49912,6.082787,5.190611,1.023236,OverRange,OverRange,OverRange,13.346314,15.471194,296.07046
2026/06/04 08:52:00.269,n,128.0789,6.030734,5.834177,0.844417,OverRange,OverRange,OverRange,13.150864,15.511788,299.19476
2026/06/04 08:53:00.274,n,130.94038,6.078923,5.210812,1.307579,OverRange,OverRange,OverRange,13.163956,15.548978,305.07764
2026/06/04 08:54:00.258,n,132.92048,3.215474,4.475611,1.488743,OverRange,OverRange,OverRange,13.18599,15.580968,308.68942
2026/06/04 08:55:00.260,n,134.28468,3.770876,4.764105,1.321607,OverRange,OverRange,OverRange,13.334514,15.629076,310.8374
2026/06/04 08:56:00.261,n,137.4967,3.518636,4.86424,1.31656,OverRange,OverRange,OverRange,13.393254,15.66216,317.79504
2026/06/04 08:57:00.263,n,139.56786,6.528753,4.550139,1.558564,OverRange,OverRange,OverRange,13.576646,15.703784,321.95096
2026/06/04 08:58:00.265,n,141.11006,3.632724,4.152235,1.132416,OverRange,OverRange,OverRange,13.444886,15.746548,323.93186
2026/06/04 08:59:00.267,n,143.95204,3.453642,3.993014,0.665522,OverRange,OverRange,OverRange,13.471008,15.797478,329.2866
2026/06/04 09:00:00.271,n,147.5704,6.027474,5.192574,1.273288,OverRange,OverRange,OverRange,13.510702,15.833984,338.16024
2026/06/04 09:01:00.534,n,150.02632,6.467855,4.16889,1.129797,OverRange,OverRange,OverRange,13.446656,15.881266,342.93948
2026/06/04 09:02:00.257,n,152.95634,4.125936,4.862497,1.43013,OverRange,OverRange,OverRange,13.49146,15.93065,348.03676
2026/06/04 09:03:00.258,n,156.61662,3.779819,5.357752,1.362051,OverRange,OverRange,OverRange,13.552334,15.97146,355.28416
2026/06/04 09:04:00.259,n,160.22152,3.717601,4.563334,1.348929,OverRange,OverRange,OverRange,13.376796,16.014392,362.83604
2026/06/04 09:05:00.261,n,162.51322,6.089121,5.373776,1.206071,OverRange,OverRange,OverRange,13.610082,16.064822,367.20488
2026/06/04 09:06:00.265,n,164.9635,6.09758,6.199865,0.076347,OverRange,OverRange,OverRange,13.449254,16.106676,370.77408
2026/06/04 09:07:00.266,n,167.82284,3.679448,4.443041,1.300817,OverRange,OverRange,OverRange,13.28359,16.153896,375.41964
2026/06/04 09:08:00.268,n,170.63122,3.731189,4.744075,1.451043,OverRange,OverRange,OverRange,13.424316,16.19678,379.22168
2026/06/04 09:09:00.271,n,173.8599,3.546778,4.435875,1.627534,OverRange,OverRange,OverRange,13.453938,16.249348,384.64616
2026/06/04 09:10:00.272,n,176.93388,6.27238,4.674563,1.447934,OverRange,OverRange,OverRange,13.60144,16.261736,389.62868
2026/06/04 09:11:00.257,n,180.07094,3.123213,4.490554,1.635649,OverRange,OverRange,OverRange,13.403534,16.300302,395.66556
2026/06/04 09:12:00.260,n,182.37318,6.038906,5.195035,1.32787,OverRange,OverRange,OverRange,13.619366,16.348516,399.21324
2026/06/04 09:13:00.261,n,185.59508,5.50911,5.331831,1.18028,OverRange,OverRange,OverRange,13.35256,16.39031,404.7458
2026/06/04 09:14:00.263,n,188.7768,6.828185,5.850096,1.361766,OverRange,OverRange,OverRange,13.526886,16.42901,409.8068
2026/06/04 09:15:00.266,n,191.64998,3.716428,4.014445,1.165185,OverRange,OverRange,OverRange,13.341782,16.46435,413.77556
2026/06/04 09:16:00.270,n,195.03674,3.540574,4.016039,1.259024,OverRange,OverRange,OverRange,13.609538,16.501842,419.14372
2026/06/04 09:17:00.271,n,197.91992,2.721298,4.714865,1.46634,OverRange,OverRange,OverRange,13.752782,16.54791,422.60616
2026/06/04 09:18:00.271,n,199.64466,5.436546,5.327255,1.150611,OverRange,OverRange,OverRange,13.76497,16.59287,423.92896
2026/06/04 09:19:00.257,n,201.9138,6.301386,5.371588,1.275681,OverRange,OverRange,OverRange,13.735632,16.639978,426.44328
2026/06/04 09:20:00.260,n,206.1457,3.368228,4.638098,1.602035,OverRange,OverRange,OverRange,13.67215,16.68279,433.7146
2026/06/04 09:21:00.262,n,209.04914,6.183831,5.451869,1.487855,OverRange,OverRange,OverRange,13.956944,16.72873,438.69216
2026/06/04 09:22:00.263,n,212.5153,3.155483,4.854456,1.499428,OverRange,OverRange,OverRange,13.808914,16.766678,445.78396
2026/06/04 09:23:00.265,n,214.26574,3.616542,4.400206,1.62295,OverRange,OverRange,OverRange,13.819342,16.804112,449.48584
2026/06/04 09:24:00.268,n,215.93556,6.198531,5.836175,1.02259,OverRange,OverRange,OverRange,14.04804,16.845846,451.47148
2026/06/04 09:25:00.270,n,218.935,3.188276,4.39019,1.136534,OverRange,OverRange,OverRange,13.861882,16.898208,455.83152
2026/06/04 09:26:00.270,n,222.76232,3.671025,4.531762,1.182444,OverRange,OverRange,OverRange,14.157628,16.93988,462.4738
2026/06/04 09:27:00.272,n,223.14466,3.241799,5.451998,1.182252,OverRange,OverRange,OverRange,14.13506,16.995444,462.46484
2026/06/04 09:28:00.259,n,226.89644,6.209065,6.025208,0.324886,OverRange,OverRange,OverRange,14.267212,17.037114,469.7466
2026/06/04 09:29:00.263,n,227.33782,6.180283,5.455392,1.427604,OverRange,OverRange,OverRange,14.131532,17.081624,469.47884
2026/06/04 09:30:00.263,n,232.22558,4.967316,4.541354,1.029724,OverRange,OverRange,OverRange,14.03473,17.124372,479.42876
2026/06/04 09:31:00.265,n,234.22822,3.569453,4.287654,1.262833,OverRange,OverRange,OverRange,14.169282,17.170282,484.12772
2026/06/04 09:32:00.267,n,233.61274,4.869468,5.043322,1.277376,OverRange,OverRange,OverRange,14.352956,17.222622,481.8584
2026/06/04 09:33:00.268,n,234.11248,6.187067,4.773042,1.643124,OverRange,OverRange,OverRange,14.367992,17.26423,480.08224
2026/06/04 09:34:00.271,n,239.74746,3.787006,4.144009,1.142238,OverRange,OverRange,OverRange,14.3756,17.320806,489.77952
2026/06/04 09:35:00.274,n,242.67684,6.273782,4.475445,1.464331,OverRange,OverRange,OverRange,14.488644,17.342068,495.2042
2026/06/04 09:36:00.275,n,244.38862,3.134446,4.674884,1.75616,OverRange,OverRange,OverRange,14.314458,17.388962,496.67008
2026/06/04 09:37:00.260,n,242.96654,6.518548,4.809439,1.513052,OverRange,OverRange,OverRange,14.521338,17.43377,491.88028
2026/06/04 09:38:00.261,n,244.13984,3.233418,4.691914,1.628392,OverRange,OverRange,OverRange,14.393458,17.476392,490.59684
2026/06/04 09:39:00.263,n,244.36872,5.499658,4.451109,0.951695,OverRange,OverRange,OverRange,14.67864,17.522246,488.67748
2026/06/04 09:40:00.266,n,244.19372,3.656164,4.269233,1.156361,OverRange,OverRange,OverRange,14.488078,17.56702,486.95464
2026/06/04 09:41:00.268,n,243.9619,5.992652,5.880749,0.532805,OverRange,OverRange,OverRange,14.737326,17.616038,483.38816
2026/06/04 09:42:00.272,n,247.1798,5.978894,5.120178,1.457402,OverRange,OverRange,OverRange,14.629664,17.653314,485.86528
2026/06/04 09:43:00.271,n,250.4412,5.939883,4.319957,1.417826,OverRange,OverRange,OverRange,14.638774,17.694862,489.40932
2026/06/04 09:44:00.275,n,255.30316,6.231475,4.578238,1.333208,OverRange,OverRange,OverRange,14.647288,17.739576,496.29112
2026/06/04 09:45:00.276,n,248.99604,6.374104,4.579374,1.427611,OverRange,OverRange,OverRange,14.679866,17.764198,480.06608
2026/06/04 09:46:00.262,n,255.27354,6.080367,6.132976,0.079211,OverRange,OverRange,OverRange,14.774358,17.799294,488.53504
2026/06/04 09:47:00.263,n,260.99732,5.846186,5.640608,0.881559,OverRange,OverRange,OverRange,14.893906,17.84404,497.48104
2026/06/04 09:48:00.265,n,274.63876,6.188955,5.40235,1.23469,OverRange,OverRange,OverRange,14.917546,17.88445,522.99688
2026/06/04 09:49:00.267,n,283.0884,2.717294,4.79652,1.616747,OverRange,OverRange,OverRange,14.973892,17.925936,538.11212
2026/06/04 09:50:00.270,n,224.04946,6.115671,4.637657,1.347943,OverRange,OverRange,OverRange,14.974762,17.971696,414.41948
2026/06/04 09:51:00.271,n,243.87606,3.428044,4.242872,1.359371,OverRange,OverRange,OverRange,14.862396,18.017454,439.80608
2026/06/04 09:52:00.273,n,295.1128,6.727951,4.156057,1.26252,OverRange,OverRange,OverRange,14.95484,18.056794,550.34252
2026/06/04 09:53:00.274,n,288.35544,3.484507,4.884072,1.454022,OverRange,OverRange,OverRange,14.901982,18.097204,534.31732
2026/06/04 09:54:00.277,n,279.5499,4.855406,4.453127,1.160526,OverRange,OverRange,OverRange,14.90118,18.146098,509.71096
2026/06/04 09:55:00.263,n,285.4852,6.467817,4.926024,1.556539,OverRange,OverRange,OverRange,15.052862,18.180116,513.87456
2026/06/04 09:56:00.264,n,306.63898,6.149814,5.268333,1.480606,OverRange,OverRange,OverRange,15.034236,18.204484,555.877
2026/06/04 09:57:00.268,n,306.20432,3.195709,3.942679,1.311151,OverRange,OverRange,OverRange,14.84456,18.240626,549.073
2026/06/04 09:58:00.269,n,303.60416,4.266141,4.344563,1.211649,OverRange,OverRange,OverRange,15.001466,18.291608,537.32984
2026/06/04 09:59:00.270,n,315.29696,6.24283,4.654513,1.509586,OverRange,OverRange,OverRange,15.224686,18.317148,552.1978
2026/06/04 10:00:00.273,n,334.92382,5.098089,4.142106,1.265893,OverRange,OverRange,OverRange,15.067358,18.358544,586.47492
2026/06/04 10:01:00.276,n,334.858,6.194396,5.841789,0.808898,OverRange,OverRange,OverRange,15.394032,18.4063,581.6114
2026/06/04 10:02:00.279,n,330.77048,6.411371,4.925867,1.544217,OverRange,OverRange,OverRange,15.373776,18.454936,566.60432
2026/06/04 10:03:00.279,n,332.90116,3.016994,5.222181,1.662261,OverRange,OverRange,OverRange,15.354696,18.500898,560.99616
2026/06/04 10:04:00.266,n,333.6825,6.458483,4.840917,1.668713,OverRange,OverRange,OverRange,15.551438,18.548656,555.54132
2026/06/04 10:05:00.268,n,327.9776,3.720721,4.80016,1.086898,OverRange,OverRange,OverRange,15.3932,18.595632,534.94868
2026/06/04 10:06:00.268,n,335.23584,4.093145,4.71833,1.528372,OverRange,OverRange,OverRange,15.626164,18.647954,540.59596
2026/06/04 10:07:00.272,n,344.00188,3.777959,4.115739,0.513093,OverRange,OverRange,OverRange,15.726996,18.700282,550.2918
2026/06/04 10:08:00.275,n,348.88888,6.455747,4.479124,1.516845,OverRange,OverRange,OverRange,16.144126,18.753622,554.19548
2026/06/04 10:09:00.276,n,356.2196,2.889971,4.778669,1.57428,OverRange,OverRange,OverRange,16.429276,18.811234,564.14076
2026/06/04 10:10:00.276,n,361.26244,3.362975,4.332268,1.656237,OverRange,OverRange,OverRange,16.807876,18.87097,570.62764
2026/06/04 10:11:00.279,n,357.18492,3.115778,4.960442,1.498271,OverRange,OverRange,OverRange,17.047256,18.938176,564.0254
2026/06/04 10:12:00.281,n,340.38352,6.180064,5.808852,0.822208,OverRange,OverRange,OverRange,16.862036,18.995336,529.08844
2026/06/04 10:13:00.266,n,333.42118,5.931669,4.308004,1.439183,OverRange,OverRange,OverRange,16.655086,19.05925,514.64776
2026/06/04 10:14:00.267,n,331.11896,6.207436,6.057789,0.148005,OverRange,OverRange,OverRange,16.98819,19.137062,511.28352
2026/06/04 10:15:00.270,n,321.0137,6.286952,6.30278,0.069241,OverRange,OverRange,OverRange,17.265676,19.2232,492.27028
2026/06/04 10:16:00.271,n,327.79236,6.151538,5.669081,1.233709,OverRange,OverRange,OverRange,17.401932,19.293448,504.77724
2026/06/04 10:17:00.275,n,323.45642,6.639346,5.848867,1.051718,OverRange,OverRange,OverRange,16.957926,19.379684,496.89596
2026/06/04 10:18:00.276,n,319.32554,6.41854,4.475569,1.505376,OverRange,OverRange,OverRange,17.052434,19.457312,489.313
2026/06/04 10:19:00.279,n,310.62246,4.626976,4.962722,1.140522,OverRange,OverRange,OverRange,17.15153,19.531774,472.64664
2026/06/04 10:20:00.281,n,292.36112,6.234309,5.699164,1.221266,OverRange,OverRange,OverRange,17.530294,19.588944,438.4244
2026/06/04 10:21:00.281,n,282.40908,6.356472,6.292039,0.062598,OverRange,OverRange,OverRange,17.598562,19.669772,419.42564
2026/06/04 10:22:00.269,n,264.3171,5.956851,4.683727,1.189429,OverRange,OverRange,OverRange,17.420282,19.74303,386.843
2026/06/04 10:23:00.270,n,232.76082,3.517359,4.536374,1.197175,OverRange,OverRange,OverRange,17.77714,19.813126,327.98954
2026/06/04 10:24:00.272,n,199.17986,6.108193,4.634452,1.491154,OverRange,OverRange,OverRange,18.037318,19.888542,262.89764
2026/06/04 10:25:00.277,n,190.21314,6.196606,5.887583,0.357186,OverRange,OverRange,OverRange,18.036398,19.944966,244.33022
2026/06/04 10:26:00.276,n,184.0801,6.454874,5.746113,1.407504,OverRange,OverRange,OverRange,17.776346,19.999074,233.41162
2026/06/04 10:27:00.278,n,176.79888,3.600789,3.877286,1.058846,OverRange,OverRange,OverRange,17.512192,20.060592,219.70372
2026/06/04 10:28:00.289,n,177.01454,6.324197,4.714619,1.505379,OverRange,OverRange,OverRange,17.590728,20.1179,217.89982
2026/06/04 10:29:00.287,n,188.05088,6.15865,5.356995,1.254599,OverRange,OverRange,OverRange,17.571152,20.171948,235.8184
2026/06/04 10:30:00.268,n,204.6284,6.249419,4.600482,1.478906,OverRange,OverRange,OverRange,17.536994,20.214668,263.18442
2026/06/04 10:31:00.269,n,235.44026,2.755705,4.71479,1.69988,OverRange,OverRange,OverRange,17.41033,20.25073,315.06348
2026/06/04 10:32:00.272,n,250.3813,3.535203,3.409128,0.10154,OverRange,OverRange,OverRange,17.129568,20.28882,349.38988
2026/06/04 10:33:00.257,n,195.81374,6.160045,4.91491,1.311157,OverRange,OverRange,OverRange,17.308182,20.329128,255.9341
2026/06/04 10:34:00.260,n,160.1444,3.12767,4.017886,1.206264,OverRange,OverRange,OverRange,17.281052,20.36193,196.7636
2026/06/04 10:35:00.261,n,136.58462,6.531048,4.309147,1.694325,OverRange,OverRange,OverRange,17.273748,20.38298,158.53198
2026/06/04 10:36:00.264,n,122.31934,3.026908,5.38158,1.18123,OverRange,OverRange,OverRange,17.146154,20.405208,136.73074
2026/06/04 10:37:00.266,n,119.40808,6.075872,5.435833,1.305349,OverRange,OverRange,OverRange,17.187362,20.426424,131.53386
2026/06/04 10:38:00.267,n,119.9037,3.738163,4.877565,1.513143,OverRange,OverRange,OverRange,17.069738,20.44232,131.9156
2026/06/04 10:39:00.269,n,117.8582,3.050406,5.31078,1.490366,OverRange,OverRange,OverRange,16.814524,20.450806,129.81026
2026/06/04 10:40:00.273,n,137.42282,3.775226,3.709276,0.258079,OverRange,OverRange,OverRange,16.623546,20.452928,156.24406
2026/06/04 10:41:00.258,n,190.00878,6.059288,4.432304,0.948877,OverRange,OverRange,OverRange,16.514354,20.456092,241.13558
2026/06/04 10:42:00.260,n,173.09292,5.880226,5.444529,1.228651,OverRange,OverRange,OverRange,16.53483,20.447574,217.0843
2026/06/04 10:43:00.261,n,149.00492,3.670848,5.040548,1.50157,OverRange,OverRange,OverRange,16.337922,20.440196,177.34352
2026/06/04 10:44:00.263,n,148.61424,6.318298,6.396227,0.132939,OverRange,OverRange,OverRange,16.365626,20.425348,173.25096
2026/06/04 10:45:00.267,n,157.73004,3.730548,4.008821,1.114754,OverRange,OverRange,OverRange,16.108726,20.405208,189.23518
2026/06/04 10:46:00.267,n,163.39582,3.468774,5.294112,1.602112,OverRange,OverRange,OverRange,16.105448,20.38938,202.27804
2026/06/04 10:47:00.269,n,176.01124,6.117046,4.696319,1.423983,OverRange,OverRange,OverRange,16.00196,20.366076,229.56966
2026/06/04 10:48:00.270,n,198.3337,3.693993,4.759562,1.29726,OverRange,OverRange,OverRange,15.921948,20.342706,271.83036
2026/06/04 10:49:00.272,n,246.11976,6.407546,4.444252,1.220392,OverRange,OverRange,OverRange,15.909414,20.317344,365.98244
2026/06/04 10:50:00.261,n,256.85116,6.112662,5.393481,1.222986,OverRange,OverRange,OverRange,15.977606,20.289798,389.32836
2026/06/04 10:51:00.261,n,296.64292,3.522717,4.753633,1.517007,OverRange,OverRange,OverRange,15.890584,20.271784,462.41332
2026/06/04 10:52:00.263,n,304.67596,5.839931,4.976664,1.539444,OverRange,OverRange,OverRange,16.108932,20.246358,474.26468
2026/06/04 10:53:00.264,n,292.8012,6.512607,4.539687,1.345483,OverRange,OverRange,OverRange,16.161586,20.233632,454.1638
2026/06/04 10:54:00.267,n,309.03306,6.08762,5.668993,1.291394,OverRange,OverRange,OverRange,16.240274,20.227266,482.3654
2026/06/04 10:55:00.267,n,286.08054,3.587129,4.657183,1.643524,OverRange,OverRange,OverRange,16.190664,20.22407,445.8738
2026/06/04 10:56:00.269,n,315.57028,3.439459,4.214577,1.006886,OverRange,OverRange,OverRange,16.387248,20.229354,495.22456
2026/06/04 10:57:00.271,n,359.3694,6.235898,5.298165,1.751747,OverRange,OverRange,OverRange,16.421144,20.22508,575.91124
2026/06/04 10:58:00.258,n,377.60208,6.299799,4.365385,1.551045,OverRange,OverRange,OverRange,16.41916,20.22508,605.15092
2026/06/04 10:59:00.259,n,346.83696,6.416057,4.705992,1.51794,OverRange,OverRange,OverRange,16.588648,20.241006,558.6186
2026/06/04 11:00:00.261,n,290.29188,4.95626,5.591041,1.32962,OverRange,OverRange,OverRange,16.808248,20.252692,453.68852
2026/06/04 11:01:00.263,n,287.8262,3.648312,4.962242,1.299382,OverRange,OverRange,OverRange,16.98858,20.270704,450.4612
2026/06/04 11:02:00.265,n,280.5278,3.60217,4.871272,1.575299,OverRange,OverRange,OverRange,16.99408,20.29401,429.40792
2026/06/04 11:03:00.269,n,292.58038,6.438316,4.022855,1.192061,OverRange,OverRange,OverRange,17.120788,20.312026,452.17992
2026/06/04 11:04:00.268,n,257.55624,6.258571,5.172537,1.731067,OverRange,OverRange,OverRange,17.232062,20.336374,395.21204
2026/06/04 11:05:00.273,n,266.6926,3.281429,4.771938,1.668269,OverRange,OverRange,OverRange,17.251684,20.360722,408.55712
2026/06/04 11:06:00.273,n,272.73672,5.938093,5.661192,1.021484,OverRange,OverRange,OverRange,17.383036,20.385104,416.72888
2026/06/04 11:07:00.257,n,277.9755,3.074047,5.027747,1.248096,OverRange,OverRange,OverRange,17.385544,20.409484,404.79696
2026/06/04 11:08:00.260,n,240.0042,6.442606,5.302156,1.720253,OverRange,OverRange,OverRange,17.531632,20.432788,339.0586
2026/06/04 11:09:00.261,n,272.38404,6.506537,4.873122,1.63914,OverRange,OverRange,OverRange,17.51856,20.460334,392.19668
2026/06/04 11:10:00.265,n,267.70254,6.205867,5.242085,1.507765,OverRange,OverRange,OverRange,17.592584,20.494182,370.96884
2026/06/04 11:11:00.266,n,246.16752,3.148964,4.83763,1.670379,OverRange,OverRange,OverRange,17.799536,20.519576,330.98422
2026/06/04 11:12:00.269,n,252.35162,6.202635,5.365241,1.409181,OverRange,OverRange,OverRange,17.92865,20.556654,350.7828
2026/06/04 11:13:00.270,n,232.2104,3.612315,4.917633,1.322728,OverRange,OverRange,OverRange,17.507304,20.577806,319.67752
2026/06/04 11:14:00.272,n,259.07358,3.464728,3.545339,0.050766,OverRange,OverRange,OverRange,17.483978,20.611686,356.69688
2026/06/04 11:15:00.277,n,349.05272,3.959827,4.048867,1.188125,OverRange,OverRange,OverRange,17.538396,20.645568,530.47224
2026/06/04 11:16:00.259,n,282.6027,5.956534,5.018375,1.46618,OverRange,OverRange,OverRange,17.705774,20.678308,418.36112
2026/06/04 11:17:00.263,n,198.16112,3.438927,3.890733,1.005465,OverRange,OverRange,OverRange,17.419656,20.708992,262.24124
2026/06/04 11:18:00.263,n,193.87678,6.342166,4.065544,1.247485,OverRange,OverRange,OverRange,17.272532,20.74075,251.51478
2026/06/04 11:19:00.265,n,231.53684,6.092417,5.485914,1.402578,OverRange,OverRange,OverRange,17.190378,20.757954,329.78088
2026/06/04 11:20:00.268,n,348.96084,3.315549,3.925437,1.082863,OverRange,OverRange,OverRange,16.853342,20.768594,533.48024
2026/06/04 11:21:00.269,n,374.4662,3.623273,4.385845,1.670539,OverRange,OverRange,OverRange,16.853318,20.781262,583.56684
2026/06/04 11:22:00.271,n,354.98876,6.374344,5.392088,1.419617,OverRange,OverRange,OverRange,16.98059,20.801334,551.84752
2026/06/04 11:23:00.273,n,411.77212,3.516397,3.681071,0.541238,OverRange,OverRange,OverRange,16.975576,20.823532,621.25068
2026/06/04 11:24:00.275,n,478.78452,6.127252,5.267964,1.460396,OverRange,OverRange,OverRange,17.165582,20.847198,731.4416
2026/06/04 11:25:00.260,n,486.57724,3.211167,4.644869,1.658472,OverRange,OverRange,OverRange,17.1108,20.867308,746.71192
2026/06/04 11:26:00.262,n,482.86576,6.157337,5.837599,1.434969,OverRange,OverRange,OverRange,17.212814,20.904226,753.66952
2026/06/04 11:27:00.264,n,462.46836,6.463166,5.550372,1.27756,OverRange,OverRange,OverRange,17.12737,20.939122,738.19608
2026/06/04 11:28:00.266,n,463.86068,3.426584,3.580664,0.243172,OverRange,OverRange,OverRange,17.155288,20.982472,751.96688
2026/06/04 11:29:00.270,n,470.07644,2.762904,5.593941,1.400906,OverRange,OverRange,OverRange,17.275878,21.024746,756.13288
2026/06/04 11:30:00.270,n,455.56844,5.833491,4.918853,1.272947,OverRange,OverRange,OverRange,17.394904,21.053084,731.82864
2026/06/04 11:31:00.275,n,459.11572,6.496065,4.295378,1.766754,OverRange,OverRange,OverRange,17.278372,21.091052,744.51016
2026/06/04 11:32:00.274,n,448.93968,3.572148,4.717766,1.577995,OverRange,OverRange,OverRange,17.354258,21.139626,734.34424
2026/06/04 11:33:00.277,n,457.26796,6.153169,5.675228,1.119827,OverRange,OverRange,OverRange,17.551032,21.187126,751.29904
2026/06/04 11:34:00.262,n,452.25472,3.601032,3.762844,0.800025,OverRange,OverRange,OverRange,17.271378,21.242136,744.8836
2026/06/04 11:35:00.263,n,451.99924,6.059265,5.952366,0.748458,OverRange,OverRange,OverRange,17.5091,21.282454,742.73872
2026/06/04 11:36:00.265,n,453.97664,3.551751,4.831682,1.652265,OverRange,OverRange,OverRange,17.77926,21.341906,744.41312
2026/06/04 11:37:00.268,n,456.5762,4.34393,4.889218,1.762523,OverRange,OverRange,OverRange,17.742624,21.402304,745.6872
2026/06/04 11:38:00.269,n,447.65128,6.350023,4.591684,1.738096,OverRange,OverRange,OverRange,17.752768,21.441514,725.57176
2026/06/04 11:39:00.272,n,389.89364,6.406719,4.745484,1.923502,OverRange,OverRange,OverRange,17.68303,21.502012,626.65416
2026/06/04 11:40:00.273,n,380.2944,2.995741,4.080778,1.231971,OverRange,OverRange,OverRange,17.786102,21.555068,602.946
2026/06/04 11:41:00.277,n,355.53792,6.107024,5.526193,1.318858,OverRange,OverRange,OverRange,17.978628,21.61126,564.7408
2026/06/04 11:42:00.277,n,385.00264,6.100696,5.202635,1.468907,OverRange,OverRange,OverRange,18.001658,21.669572,607.31224
2026/06/04 11:43:00.263,n,370.69656,6.747453,4.732087,1.699814,OverRange,OverRange,OverRange,18.29798,21.717926,579.47972
2026/06/04 11:44:00.264,n,398.55252,6.148027,5.251369,1.73821,OverRange,OverRange,OverRange,18.322158,21.768834,631.07788
2026/06/04 11:45:00.266,n,460.82852,4.806914,5.764628,0.628681,OverRange,OverRange,OverRange,18.514062,21.81967,732.0432
2026/06/04 11:46:00.269,n,467.06088,6.109476,5.756787,0.516311,OverRange,OverRange,OverRange,18.78457,21.870544,744.90792
2026/06/04 11:47:00.270,n,466.04808,6.270984,6.055575,0.135192,OverRange,OverRange,OverRange,19.058074,21.936176,742.24344
2026/06/04 11:48:00.274,n,474.226,6.427508,4.239576,1.638163,OverRange,OverRange,OverRange,19.117732,21.988028,755.51376
2026/06/04 11:49:00.275,n,471.61008,3.33885,4.965717,1.492169,OverRange,OverRange,OverRange,18.933726,22.03828,749.56808
2026/06/04 11:50:00.276,n,473.67504,5.854179,4.678475,1.406275,OverRange,OverRange,OverRange,19.235956,22.098596,750.80416
2026/06/04 11:51:00.278,n,480.75192,6.687462,5.619138,1.28247,OverRange,OverRange,OverRange,19.66929,22.170534,761.93008
2026/06/04 11:52:00.263,n,483.98572,3.329249,3.843009,1.296115,OverRange,OverRange,OverRange,19.361684,22.24035,764.91584
2026/06/04 11:53:00.265,n,496.5226,3.290883,4.469141,1.378766,OverRange,OverRange,OverRange,19.33877,22.294138,782.61744
2026/06/04 11:54:00.267,n,498.37504,6.089237,6.112503,0.287193,OverRange,OverRange,OverRange,19.530832,22.370228,784.71224
2026/06/04 11:55:00.269,n,498.6228,3.72114,4.667183,1.287256,OverRange,OverRange,OverRange,19.227122,22.436818,782.38992
2026/06/04 11:56:00.271,n,493.81944,6.115251,4.166293,0.993141,OverRange,OverRange,OverRange,19.246064,22.50945,771.09416
2026/06/04 11:57:00.273,n,500.47752,6.236694,5.934231,0.282641,OverRange,OverRange,OverRange,19.216782,22.575976,777.67936
2026/06/04 11:58:00.277,n,510.43944,5.587972,5.333562,1.180472,OverRange,OverRange,OverRange,19.117242,22.645638,793.20584
2026/06/04 11:59:00.277,n,502.40408,6.194486,5.368006,1.514058,OverRange,OverRange,OverRange,19.258956,22.712068,777.29632
2026/06/04 12:00:00.279,n,458.69824,3.917401,4.771482,1.626117,OverRange,OverRange,OverRange,19.31218,22.775268,702.80904
2026/06/04 12:01:00.266,n,428.9908,3.611648,3.90578,1.228744,OverRange,OverRange,OverRange,19.19719,22.847024,642.9668
2026/06/04 12:02:00.267,n,394.12744,3.119083,3.817148,1.238335,OverRange,OverRange,OverRange,19.122842,22.904966,578.47624
2026/06/04 12:03:00.270,n,385.93568,2.940762,4.903437,1.525445,OverRange,OverRange,OverRange,19.464798,22.985058,557.94036
2026/06/04 12:04:00.272,n,391.87984,6.055186,4.937637,1.474459,OverRange,OverRange,OverRange,19.567712,23.034606,562.29704
2026/06/04 12:05:00.274,n,391.2286,3.315727,3.757312,1.146135,OverRange,OverRange,OverRange,19.670904,23.086214,560.80708
2026/06/04 12:06:00.276,n,406.00792,6.235533,5.097804,1.309664,OverRange,OverRange,OverRange,19.704294,23.142332,572.73332
2026/06/04 12:07:00.278,n,386.15916,5.9902,4.767901,1.494458,OverRange,OverRange,OverRange,19.434678,23.189698,548.68648
2026/06/04 12:08:00.279,n,370.63144,3.453255,4.338614,1.453595,OverRange,OverRange,OverRange,19.196986,23.246532,511.45292
2026/06/04 12:09:00.281,n,378.68528,3.260236,3.369017,0.107155,OverRange,OverRange,OverRange,19.061228,23.287594,522.13216
2026/06/04 12:10:00.266,n,336.48344,3.294538,4.709203,1.568228,OverRange,OverRange,OverRange,19.007818,23.330746,450.16056
2026/06/04 12:11:00.268,n,321.67832,3.462243,4.276194,1.4312,OverRange,OverRange,OverRange,18.980596,23.37266,419.60432
2026/06/04 12:12:00.272,n,319.43482,6.23829,3.836951,1.177487,OverRange,OverRange,OverRange,18.72466,23.394772,412.04176
2026/06/04 12:13:00.274,n,322.7814,6.379188,4.066519,1.188064,OverRange,OverRange,OverRange,18.610208,23.422116,415.68532
2026/06/04 12:14:00.274,n,311.11846,6.004645,5.083116,1.692965,OverRange,OverRange,OverRange,18.666442,23.442074,396.15316
2026/06/04 12:15:00.276,n,300.324,3.109941,4.303713,1.369913,OverRange,OverRange,OverRange,18.526712,23.452592,374.79252
2026/06/04 12:16:00.279,n,303.7626,3.047609,4.49655,1.515678,OverRange,OverRange,OverRange,18.536942,23.465172,378.5988
2026/06/04 12:17:00.280,n,307.7593,6.120198,6.053492,0.228674,OverRange,OverRange,OverRange,18.58721,23.466248,384.74388
2026/06/04 12:18:00.282,n,309.93192,4.022855,4.145642,1.184717,OverRange,OverRange,OverRange,18.443442,23.466544,387.10548
2026/06/04 12:19:00.267,n,364.0928,3.305493,3.462336,0.095922,OverRange,OverRange,OverRange,18.575232,23.460206,473.94704
2026/06/04 12:20:00.270,n,411.99888,5.176409,4.211877,1.129669,OverRange,OverRange,OverRange,18.73165,23.457036,565.7376
2026/06/04 12:21:00.272,n,414.34288,3.038079,4.723093,1.756998,OverRange,OverRange,OverRange,18.973414,23.462328,570.86748
2026/06/04 12:22:00.273,n,385.83864,2.929051,5.501127,1.267437,OverRange,OverRange,OverRange,19.242406,23.475982,524.87212
2026/06/04 12:23:00.276,n,354.49512,6.321151,4.732461,1.427293,OverRange,OverRange,OverRange,19.43663,23.482256,468.1588
2026/06/04 12:24:00.281,n,342.11232,6.078792,6.035868,0.090436,OverRange,OverRange,OverRange,19.423682,23.502282,448.3324
2026/06/04 12:25:00.280,n,314.5127,3.466294,3.826237,1.081628,OverRange,OverRange,OverRange,19.366598,23.507018,402.63844
2026/06/04 12:26:00.282,n,281.5043,6.161164,4.946154,1.518569,OverRange,OverRange,OverRange,18.951102,23.518516,347.33228
2026/06/04 12:27:00.283,n,263.8175,6.276059,4.718888,1.497085,OverRange,OverRange,OverRange,18.690848,23.536386,314.561
2026/06/04 12:28:00.268,n,251.08106,3.974824,4.860281,1.609196,OverRange,OverRange,OverRange,18.809504,23.54831,293.04886
2026/06/04 12:29:00.273,n,243.10624,6.227105,6.150365,0.221564,OverRange,OverRange,OverRange,19.066864,23.539914,279.14016
2026/06/04 12:30:00.272,n,238.05852,3.536499,5.255072,1.497204,OverRange,OverRange,OverRange,18.772714,23.534654,271.51554
2026/06/04 12:31:00.275,n,239.1642,6.093827,4.849851,1.490317,OverRange,OverRange,OverRange,18.698786,23.516818,271.5227
2026/06/04 12:32:00.277,n,247.6128,6.082964,5.387181,1.346902,OverRange,OverRange,OverRange,18.690308,23.497838,282.003
2026/06/04 12:33:00.278,n,266.5072,3.435663,4.447113,1.510446,OverRange,OverRange,OverRange,18.615546,23.471606,311.80948
2026/06/04 12:34:00.281,n,274.95248,6.051446,5.069059,1.324839,OverRange,OverRange,OverRange,18.641326,23.45478,326.38162
2026/06/04 12:35:00.266,n,276.9346,4.202783,4.929229,1.061217,OverRange,OverRange,OverRange,18.524328,23.427406,329.85208
2026/06/04 12:36:00.268,n,288.85196,6.131176,6.011648,0.400005,OverRange,OverRange,OverRange,18.7208,23.399054,349.44876
2026/06/04 12:37:00.270,n,299.30398,6.281677,5.103068,1.450165,OverRange,OverRange,OverRange,18.536326,23.36851,366.98876
2026/06/04 12:38:00.272,n,311.2201,6.431296,4.393058,1.457846,OverRange,OverRange,OverRange,18.283942,23.346426,387.62312
2026/06/04 12:39:00.257,n,328.0397,6.165371,5.617437,0.593416,OverRange,OverRange,OverRange,18.166834,23.313858,416.06148
2026/06/04 12:40:00.260,n,352.06236,3.448869,5.643948,1.076927,OverRange,OverRange,OverRange,18.216156,23.288574,458.45224
2026/06/04 12:41:00.262,n,354.92428,4.56619,4.242052,1.188429,OverRange,OverRange,OverRange,18.271438,23.2612,467.2682
2026/06/04 12:42:00.264,n,353.74484,5.904324,5.749768,0.870116,OverRange,OverRange,OverRange,18.390772,23.237028,466.04784
2026/06/04 12:43:00.265,n,343.64112,3.393533,4.225851,1.475299,OverRange,OverRange,OverRange,18.170568,23.213868,452.311
2026/06/04 12:44:00.268,n,324.93818,5.100729,5.419974,1.450894,OverRange,OverRange,OverRange,18.098474,23.193846,421.88208
2026/06/04 12:45:00.269,n,320.42658,6.385351,4.61538,1.596086,OverRange,OverRange,OverRange,18.018106,23.169674,412.59852
2026/06/04 12:46:00.271,n,323.63746,3.669685,4.622353,1.559046,OverRange,OverRange,OverRange,17.959754,23.145436,420.00304
2026/06/04 12:47:00.256,n,293.7528,6.409405,5.064835,1.46318,OverRange,OverRange,OverRange,17.869298,23.128612,369.68224
2026/06/04 12:48:00.259,n,288.96332,3.147633,4.352312,1.551209,OverRange,OverRange,OverRange,17.846994,23.099148,358.1346
2026/06/04 12:49:00.263,n,298.12018,5.845001,5.0609,1.494484,OverRange,OverRange,OverRange,17.955718,23.066452,374.9894
2026/06/04 12:50:00.263,n,275.35302,3.451678,4.302949,1.280615,OverRange,OverRange,OverRange,18.093476,23.036956,337.36112
2026/06/04 12:51:00.266,n,275.04386,3.228972,3.553793,0.51161,OverRange,OverRange,OverRange,18.288722,23.042476,331.7844
2026/06/04 12:52:00.268,n,286.12186,5.865394,5.008073,1.36391,OverRange,OverRange,OverRange,18.48321,23.01406,350.2642
2026/06/04 12:53:00.269,n,303.41784,4.495381,5.661921,0.60058,OverRange,OverRange,OverRange,18.303594,22.990838,378.24132
2026/06/04 12:54:00.271,n,321.31238,5.300713,4.202625,1.370256,OverRange,OverRange,OverRange,18.382888,22.966634,409.02452
2026/06/04 12:55:00.258,n,299.3053,3.39364,4.533036,1.353399,OverRange,OverRange,OverRange,18.049494,22.949748,376.2994
2026/06/04 12:56:00.258,n,308.0563,2.955701,3.880889,1.195718,OverRange,OverRange,OverRange,17.943278,22.924466,386.23376
2026/06/04 12:57:00.262,n,336.06776,5.911322,5.600376,1.249572,OverRange,OverRange,OverRange,18.188446,22.899186,436.53916
2026/06/04 12:58:00.263,n,339.9754,3.643802,4.932908,1.212205,OverRange,OverRange,OverRange,18.188944,22.87495,443.0178
2026/06/04 12:59:00.265,n,345.18816,3.211174,4.890817,1.328986,OverRange,OverRange,OverRange,17.9543,22.855942,450.63152
2026/06/04 13:00:00.267,n,338.43376,4.342834,4.449047,1.090404,OverRange,OverRange,OverRange,17.962306,22.836996,443.43272
2026/06/04 13:01:00.270,n,289.23172,2.674513,5.375821,1.333661,OverRange,OverRange,OverRange,18.065252,22.811686,354.77104
2026/06/04 13:02:00.270,n,335.49566,6.158914,5.37451,1.167918,OverRange,OverRange,OverRange,18.279044,22.792676,430.0154
2026/06/04 13:03:00.272,n,340.92448,6.63199,4.513445,1.638048,OverRange,OverRange,OverRange,18.273814,22.77899,444.29472
2026/06/04 13:04:00.257,n,352.1404,5.920843,4.928114,1.267365,OverRange,OverRange,OverRange,18.217524,22.759982,462.79468
2026/06/04 13:05:00.259,n,352.06444,3.629295,4.85933,1.422651,OverRange,OverRange,OverRange,18.041976,22.746266,468.2954
2026/06/04 13:06:00.261,n,322.85708,6.602642,4.610949,1.414393,OverRange,OverRange,OverRange,17.958318,22.730456,424.31308
2026/06/04 13:07:00.263,n,299.26272,2.935685,5.240359,1.768997,OverRange,OverRange,OverRange,18.117086,22.736986,380.776
2026/06/04 13:08:00.266,n,329.60098,2.851565,5.206075,1.803232,OverRange,OverRange,OverRange,18.258744,22.72007,431.63376
2026/06/04 13:09:00.269,n,335.44062,3.650295,4.610927,1.452363,OverRange,OverRange,OverRange,18.332346,22.70743,447.93132
2026/06/04 13:10:00.269,n,322.76126,3.482885,4.365267,1.466247,OverRange,OverRange,OverRange,18.25825,22.694726,427.49856
2026/06/04 13:11:00.270,n,326.62546,3.447134,4.31217,1.689641,OverRange,OverRange,OverRange,18.127328,22.692668,433.57996
2026/06/04 13:12:00.272,n,341.07736,3.095137,4.384885,1.559135,OverRange,OverRange,OverRange,18.179154,22.675782,460.94912
2026/06/04 13:13:00.260,n,329.21878,6.31082,5.412472,1.282011,OverRange,OverRange,OverRange,18.4069,22.66837,441.2764
2026/06/04 13:14:00.261,n,314.1139,6.059847,5.49227,1.297389,OverRange,OverRange,OverRange,18.5852,22.656806,415.58396
2026/06/04 13:15:00.263,n,317.72788,2.883505,4.887676,1.66609,OverRange,OverRange,OverRange,18.663198,22.655696,421.61
2026/06/04 13:16:00.264,n,354.4642,6.281915,5.740358,1.407453,OverRange,OverRange,OverRange,18.834372,22.653638,482.60116
2026/06/04 13:17:00.266,n,362.48972,2.926541,4.619012,1.855276,OverRange,OverRange,OverRange,18.961984,22.64727,500.69408
2026/06/04 13:18:00.269,n,359.11808,6.404581,5.23877,1.376317,OverRange,OverRange,OverRange,19.034414,22.651516,497.11288
2026/06/04 13:19:00.271,n,330.44418,3.336325,4.255935,1.769234,OverRange,OverRange,OverRange,19.03514,22.658896,454.20924
2026/06/04 13:20:00.273,n,294.23536,2.950544,4.261256,1.725647,OverRange,OverRange,OverRange,19.040396,22.672616,390.91676
2026/06/04 13:21:00.275,n,277.95574,5.682959,5.127312,1.70713,OverRange,OverRange,OverRange,19.036154,22.679996,365.12028
2026/06/04 13:22:00.260,n,285.97286,6.405675,4.646232,1.921932,OverRange,OverRange,OverRange,19.232768,22.690514,375.3218
2026/06/04 13:23:00.261,n,307.88016,3.486068,5.212431,1.283013,OverRange,OverRange,OverRange,19.216054,22.69897,415.58228
2026/06/04 13:24:00.268,n,319.6677,6.345864,4.414933,1.535899,OverRange,OverRange,OverRange,19.269912,22.708476,435.72288
2026/06/04 13:25:00.268,n,322.51328,3.126383,5.175582,1.603395,OverRange,OverRange,OverRange,19.5557,22.713768,443.87068
2026/06/04 13:26:00.268,n,312.9089,3.322236,3.953977,1.335139,OverRange,OverRange,OverRange,19.202352,22.72007,431.18712
2026/06/04 13:27:00.270,n,307.04456,6.15841,6.155928,0.119086,OverRange,OverRange,OverRange,19.117026,22.726406,422.97728
2026/06/04 13:28:00.277,n,317.11234,5.997024,6.063791,0.09831,OverRange,OverRange,OverRange,18.889572,22.732774,444.10576
2026/06/04 13:29:00.274,n,302.19754,3.481219,3.864805,1.254408,OverRange,OverRange,OverRange,18.9298,22.732774,421.65768
2026/06/04 13:30:00.276,n,295.10254,3.056368,4.280857,1.585283,OverRange,OverRange,OverRange,18.736658,22.737998,410.7474
2026/06/04 13:31:00.263,n,333.6058,6.364169,6.161,0.211176,OverRange,OverRange,OverRange,18.862864,22.736986,474.2162
2026/06/04 13:32:00.262,n,350.04652,3.110259,5.13674,1.736127,OverRange,OverRange,OverRange,18.658166,22.734898,510.21176
2026/06/04 13:33:00.266,n,308.94672,6.145491,5.15079,1.468498,OverRange,OverRange,OverRange,18.509684,22.736986,449.11584
2026/06/04 13:34:00.267,n,314.26632,6.073589,4.928397,1.440782,OverRange,OverRange,OverRange,18.641958,22.731698,451.91664
2026/06/04 13:35:00.269,n,399.2324,3.642561,4.311338,1.448371,OverRange,OverRange,OverRange,18.741678,22.73382,602.92708
2026/06/04 13:36:00.271,n,384.93672,3.065595,4.780027,1.561772,OverRange,OverRange,OverRange,18.8116,22.726406,585.9082
2026/06/04 13:37:00.273,n,418.54744,3.460974,4.150193,1.240112,OverRange,OverRange,OverRange,18.927026,22.732774,643.68256
2026/06/04 13:38:00.274,n,440.28832,3.363522,4.876889,1.28317,OverRange,OverRange,OverRange,19.110026,22.739078,686.20864
2026/06/04 13:39:00.277,n,453.77708,3.445084,4.107582,1.136389,OverRange,OverRange,OverRange,19.166434,22.739078,711.2068
2026/06/04 13:40:00.263,n,460.60976,2.902365,4.576861,1.463494,OverRange,OverRange,OverRange,19.146952,22.752796,725.53104
2026/06/04 13:41:00.265,n,463.98912,5.97036,4.960678,1.490554,OverRange,OverRange,OverRange,18.950736,22.765406,733.10696
2026/06/04 13:42:00.266,n,451.97316,3.630472,4.44714,1.347622,OverRange,OverRange,OverRange,19.186594,22.790748,713.98776
2026/06/04 13:43:00.268,n,442.18164,3.455718,3.590739,0.106326,OverRange,OverRange,OverRange,18.719202,22.803422,697.14632
2026/06/04 13:44:00.272,n,426.876,6.208266,5.310553,1.277574,OverRange,OverRange,OverRange,18.501868,22.822364,669.22264
2026/06/04 13:45:00.273,n,411.38136,3.73366,4.528645,1.326622,OverRange,OverRange,OverRange,18.126338,22.8319,641.10052
2026/06/04 13:46:00.275,n,411.3708,6.144171,5.356846,1.144014,OverRange,OverRange,OverRange,18.353858,22.839282,639.06636
2026/06/04 13:47:00.276,n,423.95572,4.052673,3.437496,0.345218,OverRange,OverRange,OverRange,18.639924,22.847712,659.92604
2026/06/04 13:48:00.280,n,434.8104,6.345564,5.296597,1.553781,OverRange,OverRange,OverRange,19.038864,22.854048,678.81768
2026/06/04 13:49:00.265,n,438.59512,4.660837,4.458489,1.31556,OverRange,OverRange,OverRange,19.26896,22.861392,684.71928
2026/06/04 13:50:00.270,n,440.29616,3.591537,4.729546,1.496558,OverRange,OverRange,OverRange,19.011392,22.874036,687.72088
2026/06/04 13:51:00.268,n,440.97264,3.723049,4.447834,1.489021,OverRange,OverRange,OverRange,19.241256,22.895104,688.24856
2026/06/04 13:52:00.270,n,446.11524,6.269659,5.200117,1.572552,OverRange,OverRange,OverRange,19.390588,22.918358,697.21504
2026/06/04 13:53:00.275,n,447.46084,3.612035,4.251814,1.277777,OverRange,OverRange,OverRange,19.308614,22.945762,699.73552
2026/06/04 13:54:00.274,n,457.55336,6.367158,5.191472,1.695573,OverRange,OverRange,OverRange,19.203034,22.962582,715.41408
2026/06/04 13:55:00.276,n,467.20176,3.029234,4.46811,1.462827,OverRange,OverRange,OverRange,19.350226,22.993154,731.71136
2026/06/04 13:56:00.279,n,474.73792,6.341051,4.913613,1.60991,OverRange,OverRange,OverRange,19.307556,23.023728,743.58664
2026/06/04 13:57:00.283,n,475.85924,6.012429,5.273291,1.442364,OverRange,OverRange,OverRange,19.2585,23.054268,744.4888
2026/06/04 13:58:00.266,n,467.78012,6.282968,4.85244,1.445733,OverRange,OverRange,OverRange,18.944992,23.082654,727.98056
2026/06/04 13:59:00.269,n,463.36184,5.917245,4.753895,1.591601,OverRange,OverRange,OverRange,18.953278,23.10689,717.35576
2026/06/04 14:00:00.270,n,464.01292,4.756157,5.225811,1.20701,OverRange,OverRange,OverRange,18.939286,23.137462,716.014
2026/06/04 14:01:00.273,n,462.2972,3.440326,4.267574,1.637329,OverRange,OverRange,OverRange,19.18215,23.159512,710.264
2026/06/04 14:02:00.276,n,458.47432,6.16352,5.641087,1.194236,OverRange,OverRange,OverRange,19.59401,23.193224,701.08488
2026/06/04 14:03:00.280,n,449.98812,6.019726,5.119665,1.407472,OverRange,OverRange,OverRange,19.915442,23.218474,683.05024
2026/06/04 14:04:00.278,n,458.325,4.7922,4.969949,1.373907,OverRange,OverRange,OverRange,19.523768,23.253262,694.44752
2026/06/04 14:05:00.281,n,463.32912,3.645805,5.106768,1.334272,OverRange,OverRange,OverRange,19.48934,23.280604,701.00216
2026/06/04 14:06:00.283,n,461.95592,5.283509,4.765844,1.460667,OverRange,OverRange,OverRange,18.86434,23.3069,698.90232
2026/06/04 14:07:00.271,n,452.69644,6.524912,5.530901,1.251579,OverRange,OverRange,OverRange,19.315318,23.328034,682.16736
2026/06/04 14:08:00.272,n,453.09972,6.014517,4.771486,1.654433,OverRange,OverRange,OverRange,19.670202,23.350182,681.74464
2026/06/04 14:09:00.272,n,455.48544,3.389185,5.040338,1.422255,OverRange,OverRange,OverRange,19.46766,23.37328,688.51728
2026/06/04 14:10:00.273,n,450.45116,6.099479,4.761175,1.654952,OverRange,OverRange,OverRange,19.559992,23.40062,682.04032
2026/06/04 14:11:00.277,n,447.948,2.968792,4.410423,1.530523,OverRange,OverRange,OverRange,19.11383,23.422736,680.28352
2026/06/04 14:12:00.278,n,443.15752,3.294387,4.88055,1.494047,OverRange,OverRange,OverRange,19.621774,23.44165,674.6304
2026/06/04 14:13:00.280,n,437.81468,6.086572,5.079056,1.467899,OverRange,OverRange,OverRange,19.765518,23.464778,668.6878
2026/06/04 14:14:00.266,n,431.13224,6.112069,5.911691,0.460871,OverRange,OverRange,OverRange,19.852244,23.48791,660.14068
2026/06/04 14:15:00.285,n,408.80284,5.989531,6.111974,0.124253,OverRange,OverRange,OverRange,19.669714,23.512114,626.21004
2026/06/04 14:16:00.270,n,383.50488,5.998719,5.961263,0.071667,OverRange,OverRange,OverRange,19.711726,23.53841,582.53316
2026/06/04 14:17:00.272,n,373.40952,3.303422,4.679056,1.703599,OverRange,OverRange,OverRange,19.334634,23.559386,566.1452
2026/06/04 14:18:00.257,n,367.54076,3.130679,5.019293,1.605606,OverRange,OverRange,OverRange,19.581412,23.566114,556.22968
2026/06/04 14:19:00.261,n,353.91172,6.364144,4.847695,1.603034,OverRange,OverRange,OverRange,19.537286,23.576666,532.216
2026/06/04 14:20:00.261,n,366.75136,6.27797,5.370343,1.470581,OverRange,OverRange,OverRange,19.569932,23.589212,553.4864
2026/06/04 14:21:00.263,n,376.88296,5.853674,5.009596,1.210873,OverRange,OverRange,OverRange,19.203162,23.605022,574.66292
2026/06/04 14:22:00.265,n,369.81704,6.413672,4.634197,1.828607,OverRange,OverRange,OverRange,18.643228,23.61028,560.83588
2026/06/04 14:23:00.267,n,366.83932,3.573157,4.208779,1.632661,OverRange,OverRange,OverRange,18.500238,23.605022,556.39136
2026/06/04 14:24:00.269,n,338.96632,3.722264,4.540066,1.463049,OverRange,OverRange,OverRange,18.226526,23.601886,508.38444
2026/06/04 14:25:00.272,n,326.2109,2.7,4.258053,1.543945,OverRange,OverRange,OverRange,18.206004,23.59555,483.7096
2026/06/04 14:26:00.256,n,328.30826,6.26616,4.645264,1.635918,OverRange,OverRange,OverRange,18.681756,23.581894,489.73912
2026/06/04 14:27:00.265,n,339.15376,3.329234,4.556679,1.467708,OverRange,OverRange,OverRange,18.94007,23.564024,509.77788
2026/06/04 14:28:00.261,n,348.91056,6.318272,5.025898,1.568248,OverRange,OverRange,OverRange,19.142762,23.551446,530.16612
2026/06/04 14:29:00.264,n,324.06122,6.016577,3.962302,1.046141,OverRange,OverRange,OverRange,19.14651,23.545108,485.93876
2026/06/04 14:30:00.268,n,309.86868,3.071779,5.511933,1.257708,OverRange,OverRange,OverRange,18.645026,23.537758,458.36836
2026/06/04 14:31:00.267,n,293.61578,4.348611,3.826077,0.598833,OverRange,OverRange,OverRange,18.410394,23.520966,426.75096
2026/06/04 14:32:00.268,n,298.25516,2.612619,4.373517,1.479622,OverRange,OverRange,OverRange,18.033972,23.507246,430.51944
2026/06/04 14:33:00.270,n,294.46536,2.87947,4.504184,1.54809,OverRange,OverRange,OverRange,17.872382,23.472586,422.28212
2026/06/04 14:34:00.256,n,289.0715,3.671227,3.832951,0.822051,OverRange,OverRange,OverRange,17.691396,23.448412,410.3342
2026/06/04 14:35:00.260,n,296.18002,3.521899,3.57987,0.111332,OverRange,OverRange,OverRange,17.73881,23.41372,421.69188
2026/06/04 14:36:00.260,n,294.16812,3.577129,3.539448,0.09331,OverRange,OverRange,OverRange,17.582316,23.375826,418.6176
2026/06/04 14:37:00.264,n,287.31814,5.914403,5.193944,1.502424,OverRange,OverRange,OverRange,17.490234,23.34009,406.14944
2026/06/04 14:38:00.264,n,283.4465,3.783583,4.709275,1.57186,OverRange,OverRange,OverRange,17.163122,23.294846,397.6028
2026/06/04 14:39:00.268,n,270.86442,5.922023,5.275187,1.140787,OverRange,OverRange,OverRange,17.29069,23.24539,374.15428
2026/06/04 14:40:00.269,n,286.70602,3.709475,4.463006,1.499387,OverRange,OverRange,OverRange,17.103576,23.20436,397.89152
2026/06/04 14:41:00.270,n,290.44816,2.776391,4.656688,1.619335,OverRange,OverRange,OverRange,17.04452,23.146414,405.36564
2026/06/04 14:42:00.273,n,284.43942,3.745934,4.053535,1.127326,OverRange,OverRange,OverRange,17.023688,23.099052,394.39908
2026/06/04 14:43:00.258,n,248.74726,3.533643,3.901105,1.22318,OverRange,OverRange,OverRange,17.159866,23.051688,333.81762
2026/06/04 14:44:00.261,n,207.92086,5.994621,4.461724,1.362687,OverRange,OverRange,OverRange,16.99051,22.997958,256.43912
2026/06/04 14:45:00.264,n,196.12434,6.322649,4.773709,1.800431,OverRange,OverRange,OverRange,16.999032,22.946286,231.633
2026/06/04 14:46:00.264,n,185.65638,6.165258,5.671237,1.324182,OverRange,OverRange,OverRange,16.92365,22.898858,211.1797
2026/06/04 14:47:00.266,n,177.43874,6.119137,6.080888,0.093211,OverRange,OverRange,OverRange,16.94251,22.835624,197.62612
2026/06/04 14:48:00.267,n,171.08154,2.781253,5.506295,1.336285,OverRange,OverRange,OverRange,16.946244,22.810606,186.47802
2026/06/04 14:49:00.270,n,169.48342,3.465366,4.363945,1.78635,OverRange,OverRange,OverRange,16.630178,22.74205,183.0205
2026/06/04 14:50:00.273,n,165.87408,3.020771,3.619646,0.528341,OverRange,OverRange,OverRange,16.659134,22.675588,178.95772
2026/06/04 14:51:00.274,n,168.67308,3.702074,3.613435,0.228009,OverRange,OverRange,OverRange,16.4696,22.606968,186.41862
2026/06/04 14:52:00.260,n,166.05586,5.868485,5.612347,1.493108,OverRange,OverRange,OverRange,16.473886,22.536262,185.92878
2026/06/04 14:53:00.263,n,159.5746,6.140675,5.252711,1.66806,OverRange,OverRange,OverRange,16.51316,22.465522,172.9417
2026/06/04 14:54:00.263,n,156.05532,6.173334,5.710552,0.68371,OverRange,OverRange,OverRange,16.404144,22.390508,168.97548
2026/06/04 14:55:00.265,n,152.15972,6.162735,5.62762,1.444864,OverRange,OverRange,OverRange,16.326686,22.322874,164.24822
2026/06/04 14:56:00.269,n,150.71222,6.248251,5.84721,1.035463,OverRange,OverRange,OverRange,16.364716,22.293484,163.0375
2026/06/04 14:57:00.273,n,149.3916,3.473046,3.712134,0.755224,OverRange,OverRange,OverRange,16.184154,22.21315,162.03426
2026/06/04 14:58:00.272,n,146.23016,6.288652,4.926173,1.551653,OverRange,OverRange,OverRange,16.267814,22.13912,157.7099
2026/06/04 14:59:00.273,n,144.74944,6.215268,5.146849,1.571073,OverRange,OverRange,OverRange,16.328288,22.076652,156.23178
2026/06/04 15:00:00.276,n,144.58932,6.055337,5.082636,1.770116,OverRange,OverRange,OverRange,16.461356,22.006868,156.6932
2026/06/04 15:01:00.311,n,143.8712,6.437406,4.782002,1.750195,OverRange,OverRange,OverRange,16.462854,21.944404,156.67998
2026/06/04 15:02:00.417,n,144.15734,6.618565,3.917502,1.341521,OverRange,OverRange,OverRange,16.265818,21.89144,157.40504
2026/06/04 15:03:00.265,n,144.61792,4.408629,4.166442,1.190058,OverRange,OverRange,OverRange,16.175436,21.83002,158.23906
2026/06/04 15:04:00.266,n,145.74414,6.506873,5.606622,1.460651,OverRange,OverRange,OverRange,16.233012,21.775982,159.2816
2026/06/04 15:05:00.268,n,144.49476,6.735457,4.379075,1.660651,OverRange,OverRange,OverRange,16.200796,21.748912,155.70244
2026/06/04 15:06:00.274,n,142.44284,3.442526,3.76494,1.161989,OverRange,OverRange,OverRange,16.224014,21.68962,150.86886
2026/06/04 15:07:00.273,n,139.1351,3.071447,5.49763,1.435541,OverRange,OverRange,OverRange,16.253526,21.64084,145.2178
2026/06/04 15:08:00.274,n,135.37948,6.034143,5.396945,1.22163,OverRange,OverRange,OverRange,16.337534,21.59415,139.89688
2026/06/04 15:09:00.276,n,132.23752,6.473738,5.061946,1.547566,OverRange,OverRange,OverRange,16.223658,21.549646,136.57836
2026/06/04 15:10:00.262,n,132.99822,6.009293,4.663354,1.359357,OverRange,OverRange,OverRange,16.167878,21.501914,140.0605
2026/06/04 15:11:00.264,n,133.04994,2.87134,4.781622,1.657562,OverRange,OverRange,OverRange,16.167364,21.459438,141.94674
2026/06/04 15:12:00.266,n,133.83334,5.927956,5.385048,1.455543,OverRange,OverRange,OverRange,16.119014,21.409616,144.46758
2026/06/04 15:13:00.268,n,135.95888,6.165014,4.945336,1.531801,OverRange,OverRange,OverRange,16.04632,21.36502,148.44886
2026/06/04 15:14:00.270,n,140.8677,5.057353,4.591841,1.510375,OverRange,OverRange,OverRange,16.10972,21.318302,155.2882
2026/06/04 15:15:00.271,n,145.44946,3.13601,4.331966,1.094397,OverRange,OverRange,OverRange,16.18634,21.26734,161.91064
2026/06/04 15:16:00.279,n,151.08212,3.570382,4.460356,1.517471,OverRange,OverRange,OverRange,16.270624,21.224832,170.1106
2026/06/04 15:17:00.277,n,154.81914,3.806152,4.136676,1.174357,OverRange,OverRange,OverRange,16.271668,21.22379,176.4031
2026/06/04 15:18:00.278,n,155.29372,3.598862,4.898926,1.256115,OverRange,OverRange,OverRange,16.269678,21.180236,177.18122
2026/06/04 15:19:00.268,n,163.42172,6.430562,4.904883,1.731424,OverRange,OverRange,OverRange,16.292808,21.14965,192.65764
2026/06/04 15:20:00.265,n,178.34056,3.449535,4.387741,1.548284,OverRange,OverRange,OverRange,16.112372,21.111648,224.49708
2026/06/04 15:21:00.267,n,168,6.33377,5.278866,1.410779,OverRange,OverRange,OverRange,16.201778,21.086348,198.76942
2026/06/04 15:22:00.270,n,171.85814,3.39211,5.078971,1.472593,OverRange,OverRange,OverRange,16.110374,21.048316,206.26464
2026/06/04 15:23:00.271,n,172.26268,6.053877,5.600675,1.084177,OverRange,OverRange,OverRange,16.235174,21.019786,207.36998
2026/06/04 15:24:00.273,n,164.03988,3.450419,4.989334,1.371864,OverRange,OverRange,OverRange,16.08932,20.984954,190.9483
2026/06/04 15:25:00.276,n,162.27444,3.527696,3.925293,1.184889,OverRange,OverRange,OverRange,16.226914,20.957468,187.66108
2026/06/04 15:26:00.278,n,166.07536,6.433651,4.796921,1.80769,OverRange,OverRange,OverRange,16.217102,20.924726,196.381
2026/06/04 15:27:00.279,n,169.161,5.005978,4.608968,1.182572,OverRange,OverRange,OverRange,16.149232,20.89515,204.89846
2026/06/04 15:28:00.266,n,194.77436,6.610392,5.08408,1.396863,OverRange,OverRange,OverRange,15.955456,20.861334,252.61352
2026/06/04 15:29:00.267,n,213.40662,3.528197,5.351776,1.569977,OverRange,OverRange,OverRange,15.962972,20.831726,293.87854
2026/06/04 15:30:00.269,n,174.95072,2.772232,5.00519,1.583708,OverRange,OverRange,OverRange,15.846364,20.83166,220.34168
2026/06/04 15:31:00.271,n,152.22476,4.771462,4.630194,1.105701,OverRange,OverRange,OverRange,15.905096,20.795722,174.96516
2026/06/04 15:32:00.273,n,146.09222,3.617202,3.620208,0.147577,OverRange,OverRange,OverRange,15.908386,20.766118,163.46162
2026/06/04 15:33:00.275,n,142.45002,6.31999,4.597548,1.477244,OverRange,OverRange,OverRange,15.975082,20.73122,157.16698
2026/06/04 15:34:00.277,n,140.41388,6.198227,5.633589,1.245223,OverRange,OverRange,OverRange,15.834866,20.697368,154.26324
2026/06/04 15:35:00.279,n,139.41724,6.324262,5.009665,1.479126,OverRange,OverRange,OverRange,15.754542,20.659312,153.21136
2026/06/04 15:36:00.281,n,138.52594,3.568222,4.427496,1.465318,OverRange,OverRange,OverRange,15.744538,20.624384,152.5707
2026/06/04 15:37:00.269,n,137.89238,4.413074,3.759481,0.325138,OverRange,OverRange,OverRange,15.61025,20.57993,152.88818
2026/06/04 15:38:00.270,n,138.80372,6.119725,5.068092,1.415438,OverRange,OverRange,OverRange,15.610718,20.53123,156.78654
2026/06/04 15:39:00.273,n,142.02354,4.679219,5.173298,1.365447,OverRange,OverRange,OverRange,15.437688,20.497414,164.47398
2026/06/04 15:40:00.274,n,142.31262,6.162591,5.170321,1.41168,OverRange,OverRange,OverRange,15.40627,20.455048,168.5568
2026/06/04 15:41:00.279,n,143.50658,4.765466,5.418278,0.636982,OverRange,OverRange,OverRange,15.42715,20.41056,173.16596
2026/06/04 15:42:00.276,n,148.5329,3.200569,5.614511,1.18456,OverRange,OverRange,OverRange,15.383438,20.373516,185.20064
2026/06/04 15:43:00.279,n,191.7154,6.078833,5.373406,1.290129,OverRange,OverRange,OverRange,15.440716,20.3258,271.62314
2026/06/04 15:44:00.282,n,166.9138,6.412421,5.140181,1.421426,OverRange,OverRange,OverRange,15.50502,20.286634,226.10848
2026/06/04 15:45:00.284,n,163.42866,6.347364,4.360562,1.42372,OverRange,OverRange,OverRange,15.37261,20.252724,218.40648
2026/06/04 15:46:00.270,n,204.68462,3.177332,4.695737,1.691994,OverRange,OverRange,OverRange,15.360784,20.226222,303.91528
2026/06/04 15:47:00.273,n,210.31854,3.770304,4.51144,1.462769,OverRange,OverRange,OverRange,15.271586,20.194436,323.05456
2026/06/04 15:48:00.274,n,200.8149,4.696981,3.810856,0.438531,OverRange,OverRange,OverRange,15.253506,20.178506,307.2219
2026/06/04 15:49:00.275,n,190.0122,4.114456,5.906741,0.900192,OverRange,OverRange,OverRange,15.171032,20.176354,286.94626
2026/06/04 15:50:00.263,n,187.57758,3.52348,4.990638,1.450662,OverRange,OverRange,OverRange,15.204708,20.144564,283.3775
2026/06/04 15:51:00.265,n,181.9303,3.074975,4.648634,1.285155,OverRange,OverRange,OverRange,15.130774,20.121198,274.40426
2026/06/04 15:52:00.264,n,169.4502,3.546921,4.333744,1.543623,OverRange,OverRange,OverRange,15.108394,20.096852,251.75274
2026/06/04 15:53:00.269,n,162.94714,3.489451,4.233681,1.249628,OverRange,OverRange,OverRange,15.123982,20.07244,239.79842
2026/06/04 15:54:00.269,n,160.44284,3.758454,4.875521,1.257682,OverRange,OverRange,OverRange,15.141338,20.04271,237.43738
2026/06/04 15:55:00.271,n,151.11804,2.981597,4.166487,0.914741,OverRange,OverRange,OverRange,15.158956,20.018328,220.12586
2026/06/04 15:56:00.259,n,135.47674,6.451988,4.787338,1.444065,OverRange,OverRange,OverRange,15.165986,19.986512,189.45824
2026/06/04 15:57:00.259,n,120.6309,4.53344,4.731653,1.321976,OverRange,OverRange,OverRange,15.175304,19.9621,159.74806
2026/06/04 15:58:00.261,n,110.70542,2.960696,4.747305,1.753583,OverRange,OverRange,OverRange,15.165986,19.932336,140.97842
2026/06/04 15:59:00.263,n,100.46944,3.08433,5.024643,1.496321,OverRange,OverRange,OverRange,15.187114,19.90055,121.22696
2026/06/04 16:00:00.264,n,98.74352,3.377133,4.756386,1.742362,OverRange,OverRange,OverRange,15.132782,19.859138,119.34662
2026/06/04 16:01:00.266,n,98.229032,6.573712,4.927176,1.901285,OverRange,OverRange,OverRange,15.107626,19.818804,120.49276
2026/06/04 16:02:00.269,n,92.969328,3.495108,3.436545,0.174911,OverRange,OverRange,OverRange,15.027176,19.774162,112.00534
2026/06/04 16:03:00.271,n,89.609128,6.167905,5.204026,1.22797,OverRange,OverRange,OverRange,15.118968,19.74228,105.92614
2026/06/04 16:04:00.258,n,86.030944,6.101491,5.817477,0.940284,OverRange,OverRange,OverRange,15.115454,19.695584,100.93932
2026/06/04 16:05:00.259,n,81.358104,5.356586,4.868255,1.402502,OverRange,OverRange,OverRange,15.101608,19.650944,95.247312
2026/06/04 16:06:00.260,n,79.779992,5.919852,5.056877,1.344586,OverRange,OverRange,OverRange,15.067922,19.60947,94.447936
2026/06/04 16:07:00.262,n,77.197032,6.418223,4.872195,1.456492,OverRange,OverRange,OverRange,15.048046,19.571226,90.842064
2026/06/04 16:08:00.265,n,74.562888,6.529313,5.683111,1.367993,OverRange,OverRange,OverRange,15.009808,19.523388,87.490864
2026/06/04 16:09:00.267,n,72.819664,5.524434,5.191517,1.178426,OverRange,OverRange,OverRange,14.964006,19.479792,86.07904
2026/06/04 16:10:00.269,n,71.466088,5.641286,5.444345,1.213876,OverRange,OverRange,OverRange,14.954956,19.474996,85.092632
2026/06/04 16:11:00.271,n,70.306112,3.486576,3.945722,1.318838,OverRange,OverRange,OverRange,14.93009,19.42925,83.501032
2026/06/04 16:12:00.273,n,68.948952,5.577056,5.908079,0.171813,OverRange,OverRange,OverRange,14.988734,19.390974,81.313288
2026/06/04 16:13:00.259,n,68.781008,6.176786,5.756218,0.75218,OverRange,OverRange,OverRange,14.91475,19.347352,80.552808
2026/06/04 16:14:00.261,n,68.331304,3.147112,4.982013,1.552535,OverRange,OverRange,OverRange,14.838954,19.301572,79.836192
2026/06/04 16:15:00.261,n,67.547648,2.885204,5.144093,1.518291,OverRange,OverRange,OverRange,14.856594,19.257916,78.958656
2026/06/04 16:16:00.263,n,67.324144,2.949497,5.318777,1.486436,OverRange,OverRange,OverRange,14.904156,19.218534,78.674616
2026/06/04 16:17:00.268,n,68.444216,2.951391,4.777482,1.904839,OverRange,OverRange,OverRange,14.86262,19.178076,80.705968
2026/06/04 16:18:00.269,n,70.744008,6.507191,4.858667,1.373524,OverRange,OverRange,OverRange,14.827642,19.142936,84.442632
2026/06/04 16:19:00.634,n,73.054072,6.02052,5.173536,1.716109,OverRange,OverRange,OverRange,14.860626,19.113082,87.525848
2026/06/04 16:20:00.272,n,74.826544,6.01465,5.364807,1.236245,OverRange,OverRange,OverRange,14.835186,19.08646,90.09156
2026/06/04 16:21:00.274,n,76.022312,6.51228,4.805979,1.79111,OverRange,OverRange,OverRange,14.805736,19.050278,91.75876
2026/06/04 16:22:00.261,n,76.942744,6.209205,5.249277,1.353285,OverRange,OverRange,OverRange,14.841996,19.024666,93.11572
2026/06/04 16:23:00.261,n,76.720008,6.108229,6.0893,0.215411,OverRange,OverRange,OverRange,14.841746,18.99589,92.061736
2026/06/04 16:24:00.263,n,76.155232,3.771594,4.898484,1.374986,OverRange,OverRange,OverRange,14.779568,18.966038,90.406488
2026/06/04 16:25:00.268,n,76.430304,6.58632,5.710377,1.143634,OverRange,OverRange,OverRange,14.818074,18.937262,90.475088
2026/06/04 16:26:00.267,n,77.446064,6.164095,6.243732,0.120905,OverRange,OverRange,OverRange,14.826152,18.914882,91.472584
2026/06/04 16:27:00.270,n,77.941056,6.241326,4.87298,1.539411,OverRange,OverRange,OverRange,14.784332,18.888226,91.922736
2026/06/04 16:28:00.447,n,78.684424,3.539617,4.641674,1.691166,OverRange,OverRange,OverRange,14.77854,18.857266,92.805056
2026/06/04 16:29:00.410,n,81.170528,4.147119,4.489042,1.135605,OverRange,OverRange,OverRange,14.799948,18.830612,98.672648
2026/06/04 16:30:00.276,n,87.302024,3.604573,4.049853,1.256596,OverRange,OverRange,OverRange,14.784596,18.845032,113.8111
2026/06/04 16:31:00.262,n,85.915736,6.192787,6.096988,0.093685,OverRange,OverRange,OverRange,14.925262,18.817336,110.9843
2026/06/04 16:32:00.262,n,80.926872,3.061162,4.872766,1.632205,OverRange,OverRange,OverRange,14.8487,18.793816,99.098752
2026/06/04 16:33:00.265,n,78.500952,3.637888,3.671858,0.062974,OverRange,OverRange,OverRange,14.847982,18.773586,93.635672
2026/06/04 16:34:00.403,n,78.08116,3.510531,4.983285,1.539412,OverRange,OverRange,OverRange,14.918428,18.75649,93.913912
2026/06/04 16:35:00.270,n,77.140712,3.656654,3.778858,0.325857,OverRange,OverRange,OverRange,14.874142,18.72664,92.353024
2026/06/04 16:36:00.421,n,75.444312,2.815102,5.507267,1.402646,OverRange,OverRange,OverRange,14.909374,18.708504,89.400368
2026/06/04 16:37:00.332,n,74.381848,3.09862,4.538349,1.409501,OverRange,OverRange,OverRange,14.891496,18.681784,87.987432
2026/06/04 16:38:00.276,n,72.817352,6.21459,4.984732,1.576526,OverRange,OverRange,OverRange,14.964,18.664722,85.78604
2026/06/04 16:39:00.278,n,72.07256,6.101595,6.160261,0.209231,OverRange,OverRange,OverRange,14.968796,18.641202,84.919936
2026/06/04 16:40:00.265,n,71.600168,3.692851,5.351958,1.316289,OverRange,OverRange,OverRange,14.919206,18.631026,85.277432
2026/06/04 16:41:00.461,n,72.696624,3.194683,5.282913,1.671962,OverRange,OverRange,OverRange,14.994044,18.607538,89.316152
2026/06/04 16:42:00.434,n,77.113256,6.327009,5.426683,1.217652,OverRange,OverRange,OverRange,15.016444,18.59687,102.54636
2026/06/04 16:43:00.379,n,78.120288,3.620673,4.59823,1.633105,OverRange,OverRange,OverRange,14.974646,18.575502,105.73554
2026/06/04 16:44:00.328,n,72.171872,3.01019,4.720282,1.763663,OverRange,OverRange,OverRange,15.001832,18.559454,89.874928
2026/06/04 16:45:00.326,n,71.343048,3.168182,4.782081,1.509669,OverRange,OverRange,OverRange,15.047634,18.549862,88.469672
2026/06/04 16:46:00.277,n,70.385928,3.502532,3.953348,1.269381,OverRange,OverRange,OverRange,15.073558,18.531724,88.419344
2026/06/04 16:47:00.276,n,64.154852,3.465902,4.358412,1.694417,OverRange,OverRange,OverRange,15.080084,18.518906,74.196664
2026/06/04 16:48:00.280,n,61.2795,6.183221,5.516518,1.362411,OverRange,OverRange,OverRange,15.160594,18.509282,69.469392
2026/06/04 16:49:00.264,n,58.730032,6.141237,6.25346,0.066014,OverRange,OverRange,OverRange,15.139958,18.504976,65.604468
2026/06/04 16:50:00.267,n,55.749988,3.550133,4.323831,1.444334,OverRange,OverRange,OverRange,15.075074,18.48899,62.119672
2026/06/04 16:51:00.268,n,52.497424,3.320722,3.558814,0.143881,OverRange,OverRange,OverRange,15.066768,18.476172,58.282564
2026/06/04 16:52:00.270,n,48.936696,3.557716,3.67455,0.114979,OverRange,OverRange,OverRange,15.092692,18.462274,54.370456
2026/06/04 16:53:00.272,n,46.079044,3.88034,3.755208,0.150261,OverRange,OverRange,OverRange,15.08489,18.447334,51.142812
2026/06/04 16:54:00.275,n,43.63568,3.451268,4.906275,1.452427,OverRange,OverRange,OverRange,15.134436,18.447334,48.571888
2026/06/04 16:55:00.277,n,41.676396,3.448405,4.579183,1.585932,OverRange,OverRange,OverRange,15.143962,18.429132,46.478168
2026/06/04 16:56:00.278,n,39.867992,6.04966,5.285694,0.904745,OverRange,OverRange,OverRange,15.183722,18.423816,44.693572
2026/06/04 16:57:00.281,n,38.192252,3.567404,4.008052,1.139041,OverRange,OverRange,OverRange,15.076336,18.41031,42.988496
2026/06/04 16:58:00.269,n,36.51292,6.546842,5.284121,1.555483,OverRange,OverRange,OverRange,15.176164,18.40819,41.451932
2026/06/04 16:59:00.268,n,35.253132,4.491196,4.042154,1.121039,OverRange,OverRange,OverRange,15.07431,18.39436,40.065876
2026/06/04 17:00:00.271,n,33.774592,5.084724,3.954162,0.605342,OverRange,OverRange,OverRange,15.040864,18.382716,38.742188
2026/06/04 17:01:00.272,n,32.53867,3.494898,3.619742,0.678258,OverRange,OverRange,OverRange,15.021236,18.37211,37.419692
2026/06/04 17:02:00.276,n,31.41655,3.669494,4.119345,1.354825,OverRange,OverRange,OverRange,15.057942,18.359326,36.136968
2026/06/04 17:03:00.276,n,30.328298,3.629839,4.871549,1.368393,OverRange,OverRange,OverRange,15.062734,18.341288,34.94638
2026/06/04 17:04:00.278,n,29.438018,4.250564,4.535267,1.132644,OverRange,OverRange,OverRange,15.074062,18.330684,33.851612
2026/06/04 17:05:00.280,n,28.335016,5.740237,3.922692,0.902323,OverRange,OverRange,OverRange,15.05041,18.307332,32.54559
2026/06/04 17:06:00.281,n,27.01018,3.740606,4.14743,0.953235,OverRange,OverRange,OverRange,15.011658,18.28926,30.881378
2026/06/04 17:07:00.271,n,25.70536,3.233289,5.423796,1.500272,OverRange,OverRange,OverRange,15.05545,18.275428,29.37647
2026/06/04 17:08:00.270,n,24.437874,3.592076,3.694784,0.118063,OverRange,OverRange,OverRange,14.975434,18.254194,27.91294
2026/06/04 17:09:00.270,n,23.280726,3.530448,3.837388,0.318353,OverRange,OverRange,OverRange,14.984234,18.236156,26.501032
2026/06/04 17:10:00.273,n,22.10575,3.527956,3.778799,0.649558,OverRange,OverRange,OverRange,14.994314,18.218086,24.991342
2026/06/04 17:11:00.276,n,21.038282,5.08881,5.135769,1.309485,OverRange,OverRange,OverRange,15.040854,18.20109,23.631906
2026/06/04 17:12:00.277,n,20.040486,6.101608,5.287155,1.54962,OverRange,OverRange,OverRange,14.998318,18.179826,22.28527
2026/06/04 17:13:00.279,n,18.92568,2.706863,4.63418,1.700702,OverRange,OverRange,OverRange,14.94873,18.161788,20.88445
2026/06/04 17:14:00.280,n,17.959314,3.694792,4.496294,1.597735,OverRange,OverRange,OverRange,14.938412,18.18002,19.64455
2026/06/04 17:15:00.282,n,17.439568,2.978223,4.566523,1.433968,OverRange,OverRange,OverRange,14.915152,18.162992,18.807032
2026/06/04 17:16:00.271,n,16.283062,5.998722,5.169609,1.372157,OverRange,OverRange,OverRange,14.916438,18.138532,17.49981
2026/06/04 17:17:00.269,n,15.254602,3.452745,4.342734,1.646925,OverRange,OverRange,OverRange,14.790528,18.119418,16.246174
2026/06/04 17:18:00.272,n,14.170074,6.647436,4.9191,1.714021,OverRange,OverRange,OverRange,14.834596,18.093908,15.051836
2026/06/04 17:19:00.276,n,13.050392,5.559795,4.259643,1.275421,OverRange,OverRange,OverRange,14.765616,18.076916,13.814324
2026/06/04 17:20:00.277,n,12.000634,5.454175,5.733526,0.537586,OverRange,OverRange,OverRange,14.789048,18.053498,12.578178
2026/06/04 17:21:00.278,n,10.833222,6.10192,5.808722,0.346575,OverRange,OverRange,OverRange,14.766378,18.031154,11.321812
2026/06/04 17:22:00.281,n,9.715466,6.624376,4.784977,1.982223,OverRange,OverRange,OverRange,14.674404,18.00141,10.220218
2026/06/04 17:23:00.282,n,8.802346,3.712596,4.214843,1.599044,OverRange,OverRange,OverRange,14.615956,17.979102,9.297118
2026/06/04 17:24:00.267,n,7.839062,5.932556,6.091849,0.287273,OverRange,OverRange,OverRange,14.709712,17.954606,8.301411
2026/06/04 17:25:00.272,n,7.183059,6.656032,4.802599,1.968576,OverRange,OverRange,OverRange,14.60815,17.92587,7.540935
2026/06/04 17:26:00.271,n,6.377457,4.686123,4.518255,1.33413,OverRange,OverRange,OverRange,14.558782,17.904606,6.770476
2026/06/04 17:27:00.275,n,5.485509,3.689384,4.027212,1.270461,OverRange,OverRange,OverRange,14.518214,17.881222,5.923826
2026/06/04 17:28:00.275,n,4.874284,5.160852,5.382765,1.333172,OverRange,OverRange,OverRange,14.583226,17.857738,5.18178
2026/06/04 17:29:00.261,n,4.101398,5.991817,5.554472,1.239581,OverRange,OverRange,OverRange,14.54921,17.8354,4.303389
2026/06/04 17:30:00.264,n,3.514549,4.524404,3.98588,1.074511,OverRange,OverRange,OverRange,14.451672,17.81524,3.630539
2026/06/04 17:31:00.264,n,2.822365,6.223538,5.548857,0.970728,OverRange,OverRange,OverRange,14.50462,17.798184,2.943099
2026/06/04 17:32:00.267,n,2.045503,3.49969,4.135632,1.532842,OverRange,OverRange,OverRange,14.385356,17.774734,2.028446
2026/06/04 17:33:00.269,n,1.221554,3.006365,4.822875,1.791664,OverRange,OverRange,OverRange,14.411302,17.7641,1.315666
2026/06/04 17:34:00.270,n,0.651897,5.290031,4.610614,1.352668,OverRange,OverRange,OverRange,14.376028,17.743912,0.705443
2026/06/04 17:35:00.272,n,0.081728,6.105097,5.313581,1.485728,OverRange,OverRange,OverRange,14.362158,17.731128,0.052302
2026/06/04 17:36:00.258,n,-0.426729,6.323622,4.992905,1.515368,OverRange,OverRange,OverRange,14.311214,17.70341,-0.482155
2026/06/04 17:37:00.260,n,-0.742606,5.147221,5.953413,0.406877,OverRange,OverRange,OverRange,14.309718,17.68319,-0.876855
2026/06/04 17:38:00.261,n,-0.985352,6.177611,6.241242,0.054464,OverRange,OverRange,OverRange,14.30063,17.66512,-1.178212
2026/06/04 17:39:00.264,n,-1.213214,3.598971,5.393683,1.028269,OverRange,OverRange,OverRange,14.243368,17.642714,-1.429059
2026/06/04 17:40:00.267,n,-1.470586,6.104275,6.049347,0.688983,OverRange,OverRange,OverRange,14.275396,17.62566,-1.654736
2026/06/04 17:41:00.268,n,-1.757339,6.204084,5.717844,1.122143,OverRange,OverRange,OverRange,14.22167,17.60221,-1.936896
2026/06/04 17:42:00.269,n,-1.874221,3.287778,5.714782,1.192245,OverRange,OverRange,OverRange,14.175508,17.581954,-2.199432
2026/06/04 17:43:00.273,n,-1.997133,3.166968,4.964844,1.424875,OverRange,OverRange,OverRange,14.180034,17.559586,-2.306511
2026/06/04 17:44:00.257,n,-2.14314,3.715716,5.541693,1.276175,OverRange,OverRange,OverRange,14.181306,17.534016,-2.467941
2026/06/04 17:45:00.260,n,-2.277727,5.743577,4.627494,1.558796,OverRange,OverRange,OverRange,14.164388,17.512754,-2.518707
2026/06/04 17:46:00.261,n,-2.35381,6.156348,4.479851,1.271953,OverRange,OverRange,OverRange,14.135376,17.493514,-2.687816
2026/06/04 17:47:00.264,n,-2.429893,5.760947,4.140649,0.822418,OverRange,OverRange,OverRange,14.08665,17.471144,-2.837727
2026/06/04 17:48:00.264,n,-2.576028,6.669865,5.002405,1.737334,OverRange,OverRange,OverRange,14.12527,17.450858,-2.954447
2026/06/04 17:49:00.267,n,-2.614004,3.194882,4.39899,1.713171,OverRange,OverRange,OverRange,14.069738,17.428488,-3.018695
2026/06/04 17:50:00.269,n,-2.733837,6.389234,5.080782,1.648098,OverRange,OverRange,OverRange,14.102066,17.411398,-3.082942
2026/06/04 17:51:00.271,n,-2.807226,6.506548,4.574766,1.561967,OverRange,OverRange,OverRange,14.054118,17.397542,-3.193861
2026/06/04 17:52:00.257,n,-2.924364,3.704391,4.686024,1.317081,OverRange,OverRange,OverRange,14.029378,17.367734,-3.326281
2026/06/04 17:53:00.258,n,-3.020847,6.186286,5.980549,0.641246,OverRange,OverRange,OverRange,14.110916,17.353874,-3.357338
2026/06/04 17:54:00.261,n,-3.055745,3.590063,4.066519,1.473095,OverRange,OverRange,OverRange,13.987462,17.372526,-3.480031
2026/06/04 17:55:00.264,n,-2.804403,6.449498,4.158165,1.13248,OverRange,OverRange,OverRange,14.104742,17.351168,-3.1977
2026/06/04 17:56:00.266,n,-2.871505,3.619102,3.744232,0.165696,OverRange,OverRange,OverRange,14.042624,17.3256,-3.386774
2026/06/04 17:57:00.268,n,-2.985821,6.159459,4.961996,1.615315,OverRange,OverRange,OverRange,14.110006,17.313798,-3.419708
2026/06/04 17:58:00.269,n,-2.874456,3.057961,5.112815,1.593491,OverRange,OverRange,OverRange,14.082748,17.297818,-3.411944
2026/06/04 17:59:00.272,n,-2.921414,2.83794,5.224132,1.548289,OverRange,OverRange,OverRange,14.076946,17.276456,-3.437199
2026/06/04 18:00:00.273,n,-3.017768,5.918793,4.924034,1.527243,OverRange,OverRange,OverRange,14.102708,17.270068,-3.392491
2026/06/04 18:01:00.258,n,-2.976839,3.793997,4.409652,1.206618,OverRange,OverRange,OverRange,14.02673,17.245544,-3.530712
2026/06/04 18:02:00.261,n,-3.073194,6.09047,5.290954,1.469067,OverRange,OverRange,OverRange,14.108246,17.22738,-3.419708
2026/06/04 18:03:00.262,n,-2.88921,3.827811,5.257729,1.380062,OverRange,OverRange,OverRange,14.036068,17.213524,-3.47039
2026/06/04 18:04:00.264,n,-2.962213,6.00578,5.479252,1.383973,OverRange,OverRange,OverRange,14.099916,17.202828,-3.433189
2026/06/04 18:05:00.267,n,-2.833784,3.865719,4.919615,1.422996,OverRange,OverRange,OverRange,14.018642,17.191056,-3.416039
2026/06/04 18:06:00.276,n,-2.994417,6.039144,5.587983,0.997805,OverRange,OverRange,OverRange,14.115322,17.181502,-3.445134
2026/06/04 18:07:00.270,n,-2.941813,3.607237,3.677728,0.521307,OverRange,OverRange,OverRange,13.995158,17.169728,-3.400255
2026/06/04 18:08:00.272,n,-2.973889,6.166344,5.008213,1.517487,OverRange,OverRange,OverRange,14.08933,17.16549,-3.449059
2026/06/04 18:09:00.274,n,-2.912689,6.197485,5.703363,1.006411,OverRange,OverRange,OverRange,14.047928,17.161186,-3.497607
2026/06/04 18:10:00.260,n,-2.839429,3.770101,5.051898,1.378733,OverRange,OverRange,OverRange,14.017634,17.159068,-3.509211
2026/06/04 18:11:00.263,n,-2.909738,5.120049,4.932757,1.107986,OverRange,OverRange,OverRange,14.055252,17.150522,-3.478069
2026/06/04 18:12:00.263,n,-2.856878,6.597594,5.066376,1.637659,OverRange,OverRange,OverRange,14.074162,17.145176,-3.443172
2026/06/04 18:13:00.265,n,-2.886259,2.964417,5.67508,1.33327,OverRange,OverRange,OverRange,14.057526,17.138782,-3.476192
2026/06/04 18:14:00.267,n,-3.000447,3.355834,3.906349,1.3323,OverRange,OverRange,OverRange,14.020146,17.130208,-3.497608
2026/06/04 18:15:00.269,n,-2.903836,3.124491,5.38432,1.351555,OverRange,OverRange,OverRange,14.089828,17.124894,-3.43737
2026/06/04 18:16:00.271,n,-2.900886,3.813918,3.728747,0.22177,OverRange,OverRange,OverRange,14.049194,17.118502,-3.396501
2026/06/04 18:17:00.273,n,-2.889082,6.263366,5.168251,1.409697,OverRange,OverRange,OverRange,14.109258,17.108914,-3.384726
2026/06/04 18:18:00.277,n,-2.897934,4.832185,4.529307,1.176783,OverRange,OverRange,OverRange,14.053502,17.105686,-3.435237
2026/06/04 18:19:00.263,n,-2.965421,6.501658,5.010886,1.649359,OverRange,OverRange,OverRange,14.104202,17.093914,-3.439247
2026/06/04 18:20:00.262,n,-2.821724,6.162667,5.44825,1.181593,OverRange,OverRange,OverRange,14.102696,17.08433,-3.443001
2026/06/04 18:21:00.266,n,-2.836606,3.233922,5.09125,1.339159,OverRange,OverRange,OverRange,14.064068,17.07259,-3.458615
2026/06/04 18:22:00.267,n,-2.822109,4.431959,5.662885,0.976211,OverRange,OverRange,OverRange,14.09641,17.061862,-3.491891
2026/06/04 18:23:00.268,n,-2.839558,6.310269,5.86043,1.064441,OverRange,OverRange,OverRange,14.108266,17.054396,-3.476191
2026/06/04 18:24:00.275,n,-2.82198,3.933194,5.754272,0.897865,OverRange,OverRange,OverRange,14.095394,17.052244,-3.452813
2026/06/04 18:25:00.274,n,-2.842508,6.047847,5.397035,1.099009,OverRange,OverRange,OverRange,14.123918,17.040504,-3.431483
2026/06/04 18:26:00.274,n,-2.848282,5.978254,4.830772,1.567835,OverRange,OverRange,OverRange,14.122386,17.031962,-3.48387
2026/06/04 18:27:00.278,n,-2.827882,3.336773,4.094333,0.914183,OverRange,OverRange,OverRange,14.065602,17.031962,-3.427558
2026/06/04 18:28:00.265,n,-2.877278,6.370947,4.781605,1.323056,OverRange,OverRange,OverRange,14.142838,17.01807,-3.375085
2026/06/04 18:29:00.264,n,-2.780924,6.424404,4.950073,1.507339,OverRange,OverRange,OverRange,14.131226,17.012722,-3.357423
2026/06/04 18:30:00.266,n,-2.839686,6.369622,5.104002,1.575604,OverRange,OverRange,OverRange,14.127438,17.00418,-3.448974
2026/06/04 18:31:00.268,n,-2.824803,2.86081,5.430276,1.277334,OverRange,OverRange,OverRange,14.113552,16.994562,-3.456653
2026/06/04 18:32:00.270,n,-2.865859,3.452099,5.044265,1.285046,OverRange,OverRange,OverRange,14.13829,17.016212,-3.390528
2026/06/04 18:33:00.272,n,-2.549469,5.270654,4.860716,1.242943,OverRange,OverRange,OverRange,14.193258,16.999126,-3.176285
2026/06/04 18:34:00.274,n,-2.497122,2.991048,4.928921,1.586876,OverRange,OverRange,OverRange,14.174058,16.99381,-3.242409
2026/06/04 18:35:00.278,n,-2.546518,6.147041,5.386729,1.581563,OverRange,OverRange,OverRange,14.218486,16.992734,-3.172274
2026/06/04 18:36:00.278,n,-2.576027,6.150828,6.050732,0.062646,OverRange,OverRange,OverRange,14.225332,16.97992,-3.225003
2026/06/04 18:37:00.264,n,-2.649031,6.522752,4.111256,1.215286,OverRange,OverRange,OverRange,14.166494,16.978876,-3.262033
2026/06/04 18:38:00.265,n,-2.649031,6.165722,6.027943,0.08268,OverRange,OverRange,OverRange,14.21901,16.972422,-3.236693
2026/06/04 18:39:00.268,n,-2.602073,3.706367,4.69784,1.208551,OverRange,OverRange,OverRange,14.161464,16.968182,-3.246419
2026/06/04 18:40:00.434,n,-2.631197,6.534744,5.089789,1.671895,OverRange,OverRange,OverRange,14.228338,16.962834,-3.195823
2026/06/04 18:41:00.465,n,-2.634276,6.503504,4.718654,1.795394,OverRange,OverRange,OverRange,14.199032,16.970302,-3.166472
2026/06/04 18:42:00.273,n,-2.587446,6.289203,5.505516,1.309714,OverRange,OverRange,OverRange,14.202846,16.96391,-3.242409
2026/06/04 18:43:00.275,n,-2.558194,6.199368,4.608934,1.433892,OverRange,OverRange,OverRange,14.179368,16.967076,-3.139511
2026/06/04 18:44:00.277,n,-2.543567,6.044851,5.193659,1.513342,OverRange,OverRange,OverRange,14.204866,16.972422,-3.182172
2026/06/04 18:45:00.279,n,-2.537922,3.784367,4.749999,1.542494,OverRange,OverRange,OverRange,14.165996,16.974574,-3.240532
2026/06/04 18:46:00.264,n,-2.578722,4.096735,5.160826,1.021899,OverRange,OverRange,OverRange,14.221268,16.98204,-3.164681
2026/06/04 18:47:00.266,n,-2.593348,6.337165,4.942704,1.389012,OverRange,OverRange,OverRange,14.193762,16.98204,-3.226966
2026/06/04 18:48:00.268,n,-2.569997,3.566065,5.368485,1.050578,OverRange,OverRange,OverRange,14.205876,16.985236,-3.221078
2026/06/04 18:49:00.271,n,-2.602072,3.042985,4.679277,1.597815,OverRange,OverRange,OverRange,14.161962,16.988464,-3.236692
2026/06/04 18:50:00.272,n,-2.660706,3.089134,4.863445,1.659984,OverRange,OverRange,OverRange,14.16977,16.98416,-3.250429
2026/06/04 18:51:00.274,n,-2.6634,3.225336,4.851944,1.906675,OverRange,OverRange,OverRange,14.16978,16.97992,-3.246333
2026/06/04 18:52:00.276,n,-2.637355,3.006498,4.953285,1.522585,OverRange,OverRange,OverRange,14.176346,16.98204,-3.180209
2026/06/04 18:53:00.279,n,-2.654933,4.429528,5.39241,1.386599,OverRange,OverRange,OverRange,14.201324,16.975648,-3.244372
2026/06/04 18:54:00.280,n,-2.63697,5.507694,4.679601,1.710847,OverRange,OverRange,OverRange,14.144792,16.975648,-3.291128
2026/06/04 18:55:00.268,n,-2.701506,3.107549,4.681625,1.62501,OverRange,OverRange,OverRange,14.156912,16.964954,-3.339762
2026/06/04 18:56:00.268,n,-2.701506,3.402925,4.498175,1.518936,OverRange,OverRange,OverRange,14.144288,16.967076,-3.289251
2026/06/04 18:57:00.269,n,-2.651725,6.16143,5.484352,1.4256,OverRange,OverRange,OverRange,14.197286,16.966032,-3.250259
2026/06/04 18:58:00.272,n,-2.613876,3.26617,4.639477,1.640541,OverRange,OverRange,OverRange,14.105408,16.95853,-3.308704
2026/06/04 18:59:00.275,n,-2.645823,3.287925,4.841647,1.581745,OverRange,OverRange,OverRange,14.15388,16.953216,-3.236693
2026/06/04 19:00:00.275,n,-2.681234,3.483607,4.609775,1.600942,OverRange,OverRange,OverRange,14.149826,16.95853,-3.205379
2026/06/04 19:01:00.277,n,-2.605152,6.497021,4.799563,1.840292,OverRange,OverRange,OverRange,14.175578,16.94464,-3.151029
2026/06/04 19:02:00.279,n,-2.628374,3.652546,4.640908,1.55272,OverRange,OverRange,OverRange,14.121578,16.942552,-3.2134
2026/06/04 19:03:00.281,n,-2.628374,3.781065,4.442031,1.387676,OverRange,OverRange,OverRange,14.138234,16.93825,-3.238655
2026/06/04 19:04:00.267,n,-2.68983,4.329481,5.102102,1.3552,OverRange,OverRange,OverRange,14.154144,16.937174,-3.263825
2026/06/04 19:05:00.273,n,-2.616827,3.438459,3.900501,0.413085,OverRange,OverRange,OverRange,14.109732,16.926512,-3.203673
2026/06/04 19:06:00.272,n,-2.590269,6.425743,5.19607,1.382869,OverRange,OverRange,OverRange,14.183926,16.925436,-3.234645
2026/06/04 19:07:00.273,n,-2.608103,3.720698,4.403865,1.521465,OverRange,OverRange,OverRange,14.13091,16.92436,-3.263996
2026/06/04 19:08:00.274,n,-2.666351,4.340944,4.960265,1.458069,OverRange,OverRange,OverRange,14.165746,16.915784,-3.223041
2026/06/04 19:09:00.276,n,-2.634276,6.273221,5.366632,1.493066,OverRange,OverRange,OverRange,14.176342,16.913666,-3.211267
2026/06/04 19:10:00.279,n,-2.584495,6.380183,5.611719,1.331713,OverRange,OverRange,OverRange,14.173574,16.915784,-3.205465
2026/06/04 19:11:00.280,n,-2.584624,6.213984,5.304291,1.271538,OverRange,OverRange,OverRange,14.148586,16.909362,-3.117924
2026/06/04 19:12:00.283,n,-2.602072,6.230645,5.682497,1.265654,OverRange,OverRange,OverRange,14.161194,16.908318,-3.215191
2026/06/04 19:13:00.268,n,-2.622472,3.383358,5.576225,1.085481,OverRange,OverRange,OverRange,14.134196,16.898698,-3.320393
2026/06/04 19:14:00.270,n,-2.540616,6.157192,6.135674,0.282371,OverRange,OverRange,OverRange,14.209168,16.898698,-3.145142
2026/06/04 19:15:00.272,n,-2.581544,3.624708,4.516992,1.276407,OverRange,OverRange,OverRange,14.12209,16.892274,-3.123726
2026/06/04 19:16:00.274,n,-2.669431,3.667158,4.291819,1.165247,OverRange,OverRange,OverRange,14.160458,16.894428,-3.145227
2026/06/04 19:17:00.276,n,-2.602073,6.162011,5.877661,1.032838,OverRange,OverRange,OverRange,14.188218,16.88908,-3.158708
2026/06/04 19:18:00.263,n,-2.596171,3.865127,4.744362,1.145142,OverRange,OverRange,OverRange,14.126888,16.888002,-3.238655
2026/06/04 19:19:00.281,n,-2.716389,4.199881,3.854564,0.23287,OverRange,OverRange,OverRange,14.13144,16.894428,-3.2134
2026/06/04 19:20:00.281,n,-2.645823,6.12637,5.48068,1.543351,OverRange,OverRange,OverRange,14.201838,16.90085,-3.164851
2026/06/04 19:21:00.286,n,-2.540873,3.112046,5.213709,1.346869,OverRange,OverRange,OverRange,14.152618,16.899774,-3.254184
2026/06/04 19:22:00.272,n,-2.789392,5.861627,4.367106,1.4082,OverRange,OverRange,OverRange,14.157914,16.906166,-3.240532
2026/06/04 19:23:00.271,n,-2.684185,6.264557,5.058089,1.550816,OverRange,OverRange,OverRange,14.19048,16.913666,-3.156831
2026/06/04 19:24:00.257,n,-2.56974,3.202075,4.471256,1.520607,OverRange,OverRange,OverRange,14.108186,16.914742,-3.242324
2026/06/04 19:25:00.261,n,-2.687136,2.950362,4.908401,1.717447,OverRange,OverRange,OverRange,14.153622,16.921134,-3.29693
2026/06/04 19:26:00.260,n,-2.689702,6.494107,4.88008,1.786123,OverRange,OverRange,OverRange,14.160176,16.91901,-3.230805
2026/06/04 19:27:00.263,n,-2.601944,6.029807,4.840864,1.658265,OverRange,OverRange,OverRange,14.13823,16.925436,-3.220993
2026/06/04 19:28:00.265,n,-2.681106,6.583878,4.820331,1.755239,OverRange,OverRange,OverRange,14.119802,16.917966,-3.324318
2026/06/04 19:29:00.267,n,-2.637098,3.692742,4.765919,1.647928,OverRange,OverRange,OverRange,14.092276,16.91901,-3.425425
2026/06/04 19:30:00.271,n,-2.888953,6.528403,4.925478,1.615301,OverRange,OverRange,OverRange,14.14909,16.92009,-3.542316
2026/06/04 19:31:00.272,n,-2.742562,4.13405,4.159653,1.273963,OverRange,OverRange,OverRange,14.067806,16.92009,-3.55392
2026/06/04 19:32:00.272,n,-2.724728,5.358453,4.520609,1.206433,OverRange,OverRange,OverRange,14.102392,16.915784,-3.411858
2026/06/04 19:33:00.258,n,-2.718954,6.589726,4.871733,1.702699,OverRange,OverRange,OverRange,14.117788,16.909362,-3.485833
2026/06/04 19:34:00.260,n,-2.695604,6.124267,4.64732,1.618749,OverRange,OverRange,OverRange,14.095826,16.904046,-3.499484
2026/06/04 19:35:00.261,n,-2.786441,6.108225,5.287576,1.280134,OverRange,OverRange,OverRange,14.120814,16.896548,-3.511173
2026/06/04 19:36:00.263,n,-2.756932,6.404454,5.218147,1.708113,OverRange,OverRange,OverRange,14.098328,16.895504,-3.483785
2026/06/04 19:37:00.265,n,-2.684057,3.133041,5.549979,1.186145,OverRange,OverRange,OverRange,14.088516,16.895504,-3.487795
2026/06/04 19:38:00.268,n,-2.707279,6.248592,5.80818,1.035448,OverRange,OverRange,OverRange,14.135982,16.888002,-3.351621
2026/06/04 19:39:00.269,n,-2.692781,4.614383,5.002381,1.593041,OverRange,OverRange,OverRange,14.049866,16.882688,-3.437199
2026/06/04 19:40:00.271,n,-2.692781,3.585023,5.242463,1.575758,OverRange,OverRange,OverRange,14.078404,16.869874,-3.481994
2026/06/04 19:41:00.257,n,-2.730887,3.861974,3.712159,0.172911,OverRange,OverRange,OverRange,14.04686,16.867724,-3.435237
2026/06/04 19:42:00.261,n,-2.736532,6.224688,6.316498,0.211746,OverRange,OverRange,OverRange,14.144064,16.861268,-3.522777
2026/06/04 19:43:00.263,n,-2.727936,3.725681,3.927177,0.548825,OverRange,OverRange,OverRange,14.031464,16.861268,-3.45853
2026/06/04 19:44:00.263,n,-2.745641,3.062246,4.541656,1.460315,OverRange,OverRange,OverRange,14.084458,16.853802,-3.415698
2026/06/04 19:45:00.266,n,-2.660449,3.270763,4.766004,1.516049,OverRange,OverRange,OverRange,14.080658,16.846302,-3.42551
2026/06/04 19:46:00.267,n,-2.757317,3.047412,4.79428,1.712571,OverRange,OverRange,OverRange,14.094804,16.840986,-3.518852
2026/06/04 19:47:00.269,n,-2.804275,3.625551,4.369981,1.404334,OverRange,OverRange,OverRange,14.076894,16.833488,-3.536514
2026/06/04 19:48:00.270,n,-2.760011,3.262472,5.262237,1.714338,OverRange,OverRange,OverRange,14.110448,16.83564,-3.548118
2026/06/04 19:49:00.256,n,-2.660578,5.006633,5.566508,1.380525,OverRange,OverRange,OverRange,14.136714,16.830324,-3.472181
2026/06/04 19:50:00.258,n,-2.611054,3.26739,4.710432,1.599202,OverRange,OverRange,OverRange,14.08521,16.827064,-3.429264
2026/06/04 19:51:00.262,n,-2.596171,4.407771,4.954656,1.632421,OverRange,OverRange,OverRange,14.113988,16.828172,-3.353498
2026/06/04 19:52:00.263,n,-2.640306,3.776074,5.145882,1.338082,OverRange,OverRange,OverRange,14.118556,16.81849,-3.390357
2026/06/04 19:53:00.265,n,-2.666351,6.43112,5.048149,1.222845,OverRange,OverRange,OverRange,14.147334,16.822792,-3.355461
2026/06/04 19:54:00.266,n,-2.637227,3.639799,4.132768,1.190387,OverRange,OverRange,OverRange,14.079408,16.819564,-3.427302
2026/06/04 19:55:00.269,n,-2.765913,3.69041,4.40192,1.457095,OverRange,OverRange,OverRange,14.116028,16.830324,-3.417831
2026/06/04 19:56:00.271,n,-2.830192,6.424793,5.07019,1.67903,OverRange,OverRange,OverRange,14.154378,16.827064,-3.439076
2026/06/04 19:57:00.273,n,-2.75706,3.746132,4.104093,1.271964,OverRange,OverRange,OverRange,14.087504,16.83564,-3.532419
2026/06/04 19:58:00.258,n,-2.771686,5.780737,4.939163,1.570753,OverRange,OverRange,OverRange,14.154866,16.83776,-3.404094
2026/06/04 19:59:00.262,n,-2.751415,6.348794,6.145733,0.112171,OverRange,OverRange,OverRange,14.173844,16.840986,-3.483785
2026/06/04 20:00:00.262,n,-2.754109,3.830251,3.712019,0.290463,OverRange,OverRange,OverRange,14.056442,16.843138,-3.512966
2026/06/04 20:01:00.264,n,-2.804018,3.695837,3.825002,0.103423,OverRange,OverRange,OverRange,14.095094,16.849496,-3.454605
2026/06/04 20:02:00.266,n,-2.827241,6.703149,4.324845,1.189269,OverRange,OverRange,OverRange,14.145814,16.851648,-3.470219
2026/06/04 20:03:00.267,n,-2.786312,3.607501,4.137822,1.265839,OverRange,OverRange,OverRange,14.083714,16.858104,-3.481908
2026/06/04 20:04:00.270,n,-2.797988,6.082,6.236443,0.24978,OverRange,OverRange,OverRange,14.200852,16.853802,-3.419623
2026/06/04 20:05:00.271,n,-2.736789,6.271398,5.347876,1.495015,OverRange,OverRange,OverRange,14.125108,16.858104,-3.497522
2026/06/04 20:06:00.276,n,-2.686751,3.820096,5.319618,1.347761,OverRange,OverRange,OverRange,14.103668,16.852726,-3.464502
2026/06/04 20:07:00.260,n,-2.762834,6.340466,5.231968,1.459574,OverRange,OverRange,OverRange,14.146546,16.853802,-3.478068
2026/06/04 20:08:00.262,n,-2.713181,5.971656,5.403516,1.251163,OverRange,OverRange,OverRange,14.141006,16.855952,-3.519023
2026/06/04 20:09:00.265,n,-2.815565,6.492679,4.842683,1.847751,OverRange,OverRange,OverRange,14.11197,16.846302,-3.485833
2026/06/04 20:10:00.264,n,-2.882923,6.482339,4.886217,1.673411,OverRange,OverRange,OverRange,14.112228,16.847348,-3.511088
2026/06/04 20:11:00.267,n,-2.777717,4.440767,5.047623,1.427245,OverRange,OverRange,OverRange,14.100882,16.846302,-3.505372
2026/06/04 20:12:00.270,n,-2.756932,6.446021,5.388028,1.134071,OverRange,OverRange,OverRange,14.127122,16.847348,-3.472352
2026/06/04 20:13:00.272,n,-2.824418,5.527849,4.812465,1.623259,OverRange,OverRange,OverRange,14.09252,16.836684,-3.557845
2026/06/04 20:14:00.272,n,-2.675204,4.78971,5.165035,1.401035,OverRange,OverRange,OverRange,14.115006,16.83991,-3.466209
2026/06/04 20:15:00.274,n,-2.85367,5.999196,5.213943,1.160735,OverRange,OverRange,OverRange,14.13497,16.830324,-3.505287
2026/06/04 20:16:00.260,n,-2.716132,3.882887,4.498307,1.515153,OverRange,OverRange,OverRange,14.063752,16.833488,-3.48771
2026/06/04 20:17:00.262,n,-2.85367,4.038994,5.004883,1.462693,OverRange,OverRange,OverRange,14.095068,16.823868,-3.555967
2026/06/04 20:18:00.264,n,-2.800811,6.533076,4.660971,1.005895,OverRange,OverRange,OverRange,14.106176,16.819564,-3.419623
2026/06/04 20:19:00.266,n,-2.792086,6.145376,5.537085,1.284325,OverRange,OverRange,OverRange,14.133688,16.82064,-3.474143
2026/06/04 20:20:00.269,n,-2.818644,5.979001,4.814545,1.416204,OverRange,OverRange,OverRange,14.101396,16.8164,-3.534467
2026/06/04 20:21:00.272,n,-2.792343,6.081411,5.641166,1.208436,OverRange,OverRange,OverRange,14.128144,16.806752,-3.575251
2026/06/04 20:22:00.274,n,-2.777588,3.700032,4.424755,1.512458,OverRange,OverRange,OverRange,14.069326,16.805676,-3.542316
2026/06/04 20:23:00.275,n,-2.897421,5.926309,4.987612,1.317619,OverRange,OverRange,OverRange,14.140774,16.803556,-3.509126
2026/06/04 20:24:00.275,n,-2.713181,6.236624,4.322621,1.659447,OverRange,OverRange,OverRange,14.08672,16.807826,-3.417661
2026/06/04 20:25:00.262,n,-2.698554,5.723883,4.396775,1.403037,OverRange,OverRange,OverRange,14.079158,16.79824,-3.470304
2026/06/04 20:26:00.264,n,-2.800939,6.416604,4.943795,1.461222,OverRange,OverRange,OverRange,14.107926,16.79283,-3.507334
2026/06/04 20:27:00.265,n,-2.792343,6.251022,5.677251,1.243796,OverRange,OverRange,OverRange,14.130162,16.790678,-3.528579
2026/06/04 20:28:00.267,n,-2.786569,5.868321,4.696991,1.670533,OverRange,OverRange,OverRange,14.08572,16.81598,-3.497522
2026/06/04 20:29:00.270,n,-2.336874,3.758163,4.424625,1.592439,OverRange,OverRange,OverRange,14.072606,16.81063,-3.196421
2026/06/04 20:30:00.272,n,-2.365742,6.30593,5.600386,1.092421,OverRange,OverRange,OverRange,14.144592,16.814578,-3.159561
2026/06/04 20:31:00.273,n,-2.494813,3.451007,4.624126,1.396759,OverRange,OverRange,OverRange,14.059994,16.815652,-3.315274
2026/06/04 20:32:00.275,n,-2.614775,6.583839,4.30454,1.172926,OverRange,OverRange,OverRange,14.117306,16.817804,-3.282169
2026/06/04 20:33:00.280,n,-2.518035,3.793747,4.488992,1.426959,OverRange,OverRange,OverRange,14.065272,16.822074,-3.367662
2026/06/04 20:34:00.263,n,-2.439002,6.172012,4.635397,1.360164,OverRange,OverRange,OverRange,14.11578,16.834888,-3.284046
2026/06/04 20:35:00.264,n,-2.491733,6.136554,5.730613,1.28603,OverRange,OverRange,OverRange,14.116776,16.832772,-3.297783
2026/06/04 20:36:00.267,n,-2.456707,3.579788,4.693444,1.391099,OverRange,OverRange,OverRange,14.084474,16.843432,-3.295821
2026/06/04 20:37:00.270,n,-2.494941,6.184682,6.160151,0.224811,OverRange,OverRange,OverRange,14.162486,16.84451,-3.356058
2026/06/04 20:38:00.272,n,-2.450934,6.052988,4.514007,1.497318,OverRange,OverRange,OverRange,14.081936,16.852008,-3.334727
2026/06/04 20:39:00.273,n,-2.421425,6.538756,4.939811,1.57668,OverRange,OverRange,OverRange,14.106192,16.854126,-3.30367
2026/06/04 20:40:00.278,n,-2.521243,3.825458,4.189774,1.403722,OverRange,OverRange,OverRange,14.067052,16.853084,-3.418429
2026/06/04 20:41:00.278,n,-2.582443,3.806886,4.437327,1.461118,OverRange,OverRange,OverRange,14.112498,16.850964,-3.385494
2026/06/04 20:42:00.283,n,-2.509183,6.306391,4.417637,1.105076,OverRange,OverRange,OverRange,14.138246,16.853084,-3.287971
2026/06/04 20:43:00.265,n,-2.398202,3.869894,4.490935,1.34133,OverRange,OverRange,OverRange,14.086746,16.852008,-3.441721
2026/06/04 20:44:00.266,n,-2.579492,6.292897,4.690954,1.397984,OverRange,OverRange,OverRange,14.148108,16.849888,-3.371672
2026/06/04 20:45:00.268,n,-2.503409,3.635906,4.654814,1.565288,OverRange,OverRange,OverRange,14.091538,16.847768,-3.381399
2026/06/04 20:46:00.269,n,-2.676102,4.065514,5.068352,1.502604,OverRange,OverRange,OverRange,14.141516,16.84451,-3.480543
2026/06/04 20:47:00.272,n,-2.497764,3.749089,4.729443,1.500002,OverRange,OverRange,OverRange,14.123836,16.84666,-3.283876
2026/06/04 20:48:00.274,n,-2.573846,6.125042,5.78683,1.324002,OverRange,OverRange,OverRange,14.172054,16.840204,-3.336519
2026/06/04 20:49:00.276,n,-2.518035,3.761089,4.406809,1.469078,OverRange,OverRange,OverRange,14.07312,16.833846,-3.398804
2026/06/04 20:50:00.278,n,-2.646978,6.597322,4.74398,1.406483,OverRange,OverRange,OverRange,14.152874,16.835996,-3.356058
2026/06/04 20:51:00.280,n,-2.479802,6.291989,6.271569,0.086274,OverRange,OverRange,OverRange,14.169312,16.840204,-3.350341
2026/06/04 20:52:00.264,n,-2.568073,3.867751,3.694723,0.266583,OverRange,OverRange,OverRange,14.060496,16.833846,-3.352133
2026/06/04 20:53:00.267,n,-2.547673,6.799596,5.037516,1.556205,OverRange,OverRange,OverRange,14.157176,16.826314,-3.326963
2026/06/04 20:54:00.269,n,-2.605922,3.824526,3.639673,0.228764,OverRange,OverRange,OverRange,14.085496,16.823152,-3.412541
2026/06/04 20:55:00.272,n,-2.597069,6.016146,4.350156,0.9004,OverRange,OverRange,OverRange,14.13852,16.822074,-3.377474
2026/06/04 20:56:00.275,n,-2.526888,3.382513,4.695752,1.522676,OverRange,OverRange,OverRange,14.12056,16.81888,-3.377644
2026/06/04 20:57:00.275,n,-2.585393,4.589154,5.074472,1.245634,OverRange,OverRange,OverRange,14.168026,16.817902,-3.330717
2026/06/04 20:58:00.277,n,-2.749105,3.497956,4.043419,1.170181,OverRange,OverRange,OverRange,14.104676,16.817902,-3.449315
2026/06/04 20:59:00.281,n,-2.605793,3.164204,5.345014,1.36542,OverRange,OverRange,OverRange,14.151362,16.810404,-3.365614
2026/06/04 21:00:00.281,n,-2.599763,3.187732,5.081221,1.50603,OverRange,OverRange,OverRange,14.131434,16.81148,-3.310923
2026/06/04 21:01:00.267,n,-2.561786,6.586135,4.7242,1.570872,OverRange,OverRange,OverRange,14.1241,16.802934,-3.279951
2026/06/04 21:02:00.269,n,-2.661348,2.906391,5.129161,1.718895,OverRange,OverRange,OverRange,14.08928,16.794328,-3.441551
2026/06/04 21:03:00.270,n,-2.602714,3.032835,4.957145,1.596005,OverRange,OverRange,OverRange,14.096832,16.79648,-3.281999
2026/06/04 21:04:00.272,n,-2.7518,4.806887,5.019756,1.402956,OverRange,OverRange,OverRange,14.115784,16.795404,-3.348208
2026/06/04 21:05:00.275,n,-2.681747,5.444126,5.048352,1.276151,OverRange,OverRange,OverRange,14.111242,16.79648,-3.353925
2026/06/04 21:06:00.278,n,-2.669944,3.077522,4.596289,1.379119,OverRange,OverRange,OverRange,14.07842,16.791134,-3.365614
2026/06/04 21:07:00.282,n,-2.775535,3.453873,5.090949,1.412384,OverRange,OverRange,OverRange,14.095326,16.79648,-3.377218
2026/06/04 21:08:00.281,n,-2.661219,6.251274,5.157891,1.603159,OverRange,OverRange,OverRange,14.118312,16.789046,-3.237204
2026/06/04 21:09:00.284,n,-2.640691,6.631059,4.925625,1.340139,OverRange,OverRange,OverRange,14.074632,16.801858,-3.309216
2026/06/04 21:10:00.269,n,-2.550239,5.752496,5.104576,1.462998,OverRange,OverRange,OverRange,14.082718,16.807142,-3.291555
2026/06/04 21:11:00.271,n,-2.754879,6.59581,5.299819,1.386541,OverRange,OverRange,OverRange,14.082958,16.798634,-3.402644
2026/06/04 21:12:00.272,n,-2.822109,6.367703,5.16935,1.739526,OverRange,OverRange,OverRange,14.07285,16.797556,-3.465014
2026/06/04 21:13:00.275,n,-2.725498,2.956403,4.977012,1.528072,OverRange,OverRange,OverRange,14.037526,16.801858,-3.499911
2026/06/04 21:14:00.276,n,-2.707536,6.623955,4.925069,1.822193,OverRange,OverRange,OverRange,14.071336,16.805056,-3.340273
2026/06/04 21:15:00.261,n,-2.602457,6.598937,4.800677,1.934481,OverRange,OverRange,OverRange,14.04532,16.8061,-3.299489
2026/06/04 21:16:00.280,n,-2.491349,4.901372,5.306284,1.401273,OverRange,OverRange,OverRange,14.021596,16.802934,-3.351877
2026/06/04 21:17:00.282,n,-2.637869,6.555699,4.843532,1.482492,OverRange,OverRange,OverRange,14.028422,16.800786,-3.312971
2026/06/04 21:18:00.284,n,-2.699581,3.112301,4.404323,1.761368,OverRange,OverRange,OverRange,13.976634,16.8061,-3.410493
2026/06/04 21:19:00.270,n,-2.587959,3.124253,4.822386,1.891408,OverRange,OverRange,OverRange,14.011242,16.793288,-3.38319
2026/06/04 21:20:00.273,n,-2.523809,3.141435,5.057974,1.664471,OverRange,OverRange,OverRange,14.019568,16.791134,-3.398719
2026/06/04 21:21:00.274,n,-2.544209,6.584033,5.398323,1.766505,OverRange,OverRange,OverRange,14.010234,16.784742,-3.303329
2026/06/04 21:22:00.276,n,-2.602586,6.542587,4.778106,1.649842,OverRange,OverRange,OverRange,13.983232,16.77617,-3.377303
2026/06/04 21:23:00.278,n,-2.611438,3.565698,4.560585,1.338033,OverRange,OverRange,OverRange,13.955948,16.777212,-3.460919
2026/06/04 21:24:00.262,n,-2.509054,3.255219,5.733542,1.233462,OverRange,OverRange,OverRange,13.998138,16.770822,-3.414333
2026/06/04 21:25:00.283,n,-2.476722,6.198616,5.941273,1.091383,OverRange,OverRange,OverRange,13.998648,16.765474,-3.342236
2026/06/04 21:26:00.267,n,-2.485447,3.640813,5.091371,1.398525,OverRange,OverRange,OverRange,13.94006,16.759084,-3.324659
2026/06/04 21:27:00.268,n,-2.725626,5.108747,4.08703,0.872435,OverRange,OverRange,OverRange,13.94183,16.759084,-3.462881
2026/06/04 21:28:00.270,n,-2.579235,3.531604,4.58313,1.248343,OverRange,OverRange,OverRange,13.932206,16.7494,-3.373378
2026/06/04 21:29:00.257,n,-2.538435,3.692326,3.939381,0.355026,OverRange,OverRange,OverRange,13.926412,16.748324,-3.348038
2026/06/04 21:30:00.258,n,-2.631838,3.738444,3.866678,0.365283,OverRange,OverRange,OverRange,13.933238,16.74516,-3.404692
2026/06/04 21:31:00.259,n,-2.628888,6.091953,4.998293,1.291151,OverRange,OverRange,OverRange,13.983232,16.740892,-3.418258
2026/06/04 21:32:00.262,n,-2.573205,3.733262,3.739858,0.214503,OverRange,OverRange,OverRange,13.905458,16.734468,-3.427985
2026/06/04 21:33:00.265,n,-2.690215,6.082479,5.733482,1.033795,OverRange,OverRange,OverRange,14.005978,16.726968,-3.455202
2026/06/04 21:34:00.266,n,-2.550367,6.16563,5.518862,1.380049,OverRange,OverRange,OverRange,13.95874,16.722696,-3.456994
2026/06/04 21:35:00.269,n,-2.485832,6.117221,5.462561,1.283103,OverRange,OverRange,OverRange,13.96985,16.725892,-3.367576
2026/06/04 21:36:00.270,n,-2.681491,3.348872,4.369078,1.234458,OverRange,OverRange,OverRange,13.90266,16.713078,-3.499911
2026/06/04 21:37:00.271,n,-2.82198,6.092987,4.31783,1.270627,OverRange,OverRange,OverRange,13.956966,16.710926,-3.523204
2026/06/04 21:38:00.257,n,-2.728192,4.760113,4.576717,1.060226,OverRange,OverRange,OverRange,13.94891,16.7077,-3.462967
2026/06/04 21:39:00.260,n,-2.503281,3.041626,4.828985,1.641976,OverRange,OverRange,OverRange,13.93574,16.703428,-3.299404
2026/06/04 21:40:00.262,n,-2.529582,5.86582,4.645025,1.351089,OverRange,OverRange,OverRange,13.962774,16.700232,-3.166984
2026/06/04 21:41:00.272,n,-2.514828,3.685596,4.473238,1.543328,OverRange,OverRange,OverRange,13.906444,16.695962,-3.279951
2026/06/04 21:42:00.265,n,-2.51765,4.936553,4.819605,1.49067,OverRange,OverRange,OverRange,13.938264,16.698112,-3.285668
2026/06/04 21:43:00.267,n,-2.512005,3.687964,4.704714,1.490427,OverRange,OverRange,OverRange,13.944346,16.697004,-3.423974
2026/06/04 21:44:00.270,n,-2.514828,5.721168,4.901427,1.57861,OverRange,OverRange,OverRange,13.967062,16.698112,-3.297527
2026/06/04 21:45:00.271,n,-2.465175,3.154134,4.787512,1.485294,OverRange,OverRange,OverRange,13.925894,16.700232,-3.293517
2026/06/04 21:46:00.257,n,-2.488526,6.640736,5.08259,1.666229,OverRange,OverRange,OverRange,13.975636,16.708776,-3.314933
2026/06/04 21:47:00.258,n,-2.50033,6.592483,4.827463,1.890657,OverRange,OverRange,OverRange,13.953156,16.720546,-3.350085
2026/06/04 21:48:00.260,n,-2.44747,6.555338,4.739645,1.90084,OverRange,OverRange,OverRange,13.952382,16.720546,-3.363652
2026/06/04 21:49:00.263,n,-2.456323,6.600016,4.87442,1.886177,OverRange,OverRange,OverRange,13.961752,16.732316,-3.353925
2026/06/04 21:50:00.264,n,-2.424119,3.658062,4.366034,1.780303,OverRange,OverRange,OverRange,13.922872,16.734468,-3.381228
2026/06/04 21:51:00.267,n,-2.44747,3.649735,3.663318,0.077665,OverRange,OverRange,OverRange,13.939046,16.731272,-3.328669
2026/06/04 21:52:00.270,n,-2.412444,3.851753,5.352738,1.470315,OverRange,OverRange,OverRange,13.968816,16.729118,-3.361604
2026/06/04 21:53:00.270,n,-2.488526,3.699898,4.345143,0.81037,OverRange,OverRange,OverRange,13.944356,16.73551,-3.338311
2026/06/04 21:54:00.272,n,-2.529454,5.998008,5.087019,1.195565,OverRange,OverRange,OverRange,14.030706,16.733424,-3.278244
2026/06/04 21:55:00.257,n,-2.479673,6.466648,4.284332,1.396053,OverRange,OverRange,OverRange,13.971848,16.734468,-3.346075
2026/06/04 21:56:00.259,n,-2.564608,3.752339,4.909647,1.170149,OverRange,OverRange,OverRange,13.966304,16.732316,-3.466806
2026/06/04 21:57:00.261,n,-2.49725,6.022225,5.298666,1.288029,OverRange,OverRange,OverRange,14.051148,16.740892,-3.433872
2026/06/04 21:58:00.264,n,-2.391916,3.037928,4.445466,1.52101,OverRange,OverRange,OverRange,13.991812,16.734468,-3.439588
2026/06/04 21:59:00.265,n,-2.523809,6.606266,4.876968,1.549031,OverRange,OverRange,OverRange,14.05543,16.737662,-3.435749
2026/06/04 22:00:00.267,n,-2.339312,4.303322,4.043269,1.338048,OverRange,OverRange,OverRange,14.018316,16.736586,-3.361604
2026/06/04 22:01:00.268,n,-2.482496,3.016106,4.683281,1.694533,OverRange,OverRange,OverRange,14.075364,16.740892,-3.346075
2026/06/04 22:02:00.270,n,-2.558707,6.083166,5.32594,1.591049,OverRange,OverRange,OverRange,14.124864,16.736586,-3.414248
2026/06/04 22:03:00.274,n,-2.412444,3.124785,4.704336,1.872634,OverRange,OverRange,OverRange,14.06098,16.739814,-3.377218
2026/06/04 22:04:00.257,n,-2.497507,6.645102,4.944234,1.5082,OverRange,OverRange,OverRange,14.121334,16.738738,-3.311093
2026/06/04 22:05:00.262,n,-2.599763,3.822338,4.896506,1.833478,OverRange,OverRange,OverRange,14.101624,16.738738,-3.398634
2026/06/04 22:06:00.262,n,-2.549854,3.012599,4.832513,1.902503,OverRange,OverRange,OverRange,14.098836,16.734468,-3.344198
2026/06/04 22:07:00.267,n,-2.544209,6.503681,5.430174,1.659047,OverRange,OverRange,OverRange,14.148326,16.731272,-3.318858
2026/06/04 22:08:00.265,n,-2.535484,3.063593,4.723494,1.884986,OverRange,OverRange,OverRange,14.089528,16.738738,-3.482591
2026/06/04 22:09:00.269,n,-2.529582,6.195808,5.065249,1.552378,OverRange,OverRange,OverRange,14.168284,16.738738,-3.305377
2026/06/04 22:10:00.270,n,-2.500458,3.008871,4.27326,1.614575,OverRange,OverRange,OverRange,14.109712,16.737662,-3.317066
2026/06/04 22:11:00.271,n,-2.509182,6.57234,5.111985,1.671123,OverRange,OverRange,OverRange,14.168026,16.737662,-3.299489
2026/06/04 22:12:00.274,n,-2.547031,6.597387,4.870041,1.93766,OverRange,OverRange,OverRange,14.16094,16.739814,-3.42406
2026/06/04 22:13:00.261,n,-2.567559,3.218457,4.634545,1.666329,OverRange,OverRange,OverRange,14.137218,16.739814,-3.457079
2026/06/04 22:14:00.263,n,-2.50033,5.996144,5.665634,1.278336,OverRange,OverRange,OverRange,14.216472,16.744116,-3.423974
2026/06/04 22:15:00.263,n,-2.549982,5.509015,4.811778,1.326586,OverRange,OverRange,OverRange,14.182414,16.743042,-3.422012
2026/06/04 22:16:00.265,n,-2.476723,3.810303,4.077466,1.208631,OverRange,OverRange,OverRange,14.15744,16.746238,-3.404606
2026/06/04 22:17:00.268,n,-2.412315,6.80891,5.146952,1.307821,OverRange,OverRange,OverRange,14.230358,16.752628,-3.322697
2026/06/04 22:18:00.270,n,-2.459273,6.18097,5.071774,1.347318,OverRange,OverRange,OverRange,14.211446,16.75478,-3.352048
2026/06/04 22:19:00.271,n,-2.429764,3.694855,4.684915,1.309998,OverRange,OverRange,OverRange,14.193762,16.76228,-3.35785
2026/06/04 22:20:00.273,n,-2.438874,6.522263,4.922098,1.817664,OverRange,OverRange,OverRange,14.269948,16.772972,-3.260412
2026/06/04 22:21:00.276,n,-2.485703,6.162081,4.89905,1.66816,OverRange,OverRange,OverRange,14.260632,16.780406,-3.293602
2026/06/04 22:22:00.261,n,-2.450549,6.581884,4.129141,1.226538,OverRange,OverRange,OverRange,14.239944,16.792178,-3.387115
2026/06/04 22:23:00.263,n,-2.418345,6.75396,5.675154,1.409734,OverRange,OverRange,OverRange,14.290402,16.802934,-3.371416
2026/06/04 22:24:00.265,n,-2.412444,6.450008,5.233818,1.545717,OverRange,OverRange,OverRange,14.301494,16.809294,-3.332509
2026/06/04 22:25:00.267,n,-2.450549,6.559463,4.710759,1.279465,OverRange,OverRange,OverRange,14.289642,16.824292,-3.398634
2026/06/04 22:26:00.269,n,-2.424247,6.574439,4.854751,1.781658,OverRange,OverRange,OverRange,14.311086,16.830716,-3.375255
2026/06/04 22:27:00.270,n,-2.418217,3.201503,4.880297,1.707055,OverRange,OverRange,OverRange,14.302008,16.838182,-3.402729
2026/06/04 22:28:00.272,n,-2.383319,3.139872,4.744631,1.578447,OverRange,OverRange,OverRange,14.31714,16.84891,-3.262545
2026/06/04 22:29:00.279,n,-2.397817,6.587273,5.304473,1.68211,OverRange,OverRange,OverRange,14.364808,16.855298,-3.268261
2026/06/04 22:30:00.277,n,-2.462353,6.234059,4.810792,1.780142,OverRange,OverRange,OverRange,14.340832,16.861756,-3.248723
2026/06/04 22:31:00.262,n,-2.439002,3.198117,4.628817,1.539081,OverRange,OverRange,OverRange,14.33456,16.86919,-3.301281
2026/06/04 22:32:00.265,n,-2.42707,5.223171,5.480597,1.33763,OverRange,OverRange,OverRange,14.386754,16.876656,-3.227307
2026/06/04 22:33:00.267,n,-2.509182,6.40715,5.157579,1.141414,OverRange,OverRange,OverRange,14.364574,16.877766,-3.305292
2026/06/04 22:34:00.269,n,-2.4535,6.606735,5.489846,1.257486,OverRange,OverRange,OverRange,14.366084,16.880962,-3.227478
2026/06/04 22:35:00.269,n,-2.485703,3.082839,5.275026,1.239055,OverRange,OverRange,OverRange,14.35323,16.883114,-3.334557
2026/06/04 22:36:00.272,n,-2.479802,3.570171,4.252965,1.203992,OverRange,OverRange,OverRange,14.355474,16.889536,-3.351962
2026/06/04 22:37:00.274,n,-2.541386,3.788944,4.50873,1.435187,OverRange,OverRange,OverRange,14.37794,16.889536,-3.348038
2026/06/04 22:38:00.275,n,-2.561786,3.108927,4.512555,1.616722,OverRange,OverRange,OverRange,14.389522,16.893776,-3.268262
2026/06/04 22:39:00.279,n,-2.491605,6.529583,5.32451,1.737819,OverRange,OverRange,OverRange,14.435176,16.898078,-3.281913
2026/06/04 22:40:00.263,n,-2.415395,3.626169,4.505843,1.704478,OverRange,OverRange,OverRange,14.38347,16.9045,-3.262374
2026/06/04 22:41:00.265,n,-2.415395,4.036171,4.980967,1.753403,OverRange,OverRange,OverRange,14.415746,16.900198,-3.276026
2026/06/04 22:42:00.267,n,-2.61734,3.486775,3.810122,0.330751,OverRange,OverRange,OverRange,14.383744,16.907698,-3.301366
2026/06/04 22:43:00.269,n,-2.588088,5.874689,5.273306,1.255619,OverRange,OverRange,OverRange,14.483856,16.9045,-3.379094
2026/06/04 22:44:00.272,n,-2.520729,4.404917,4.173943,0.94172,OverRange,OverRange,OverRange,14.411236,16.913014,-3.270224
2026/06/04 22:45:00.273,n,-2.544209,3.398519,5.099211,1.300903,OverRange,OverRange,OverRange,14.459408,16.911968,-3.270224
2026/06/04 22:46:00.276,n,-2.4943,2.819597,4.302352,1.410463,OverRange,OverRange,OverRange,14.449056,16.919436,-3.244883
2026/06/04 22:47:00.279,n,-2.678668,5.341903,4.020424,0.696679,OverRange,OverRange,OverRange,14.441234,16.917316,-3.297356
2026/06/04 22:48:00.281,n,-2.628887,3.714168,3.778919,0.152504,OverRange,OverRange,OverRange,14.428142,16.918392,-3.297442
2026/06/04 22:49:00.266,n,-2.605665,3.758825,5.257411,1.349245,OverRange,OverRange,OverRange,14.479814,16.925828,-3.363481
2026/06/04 22:50:00.268,n,-2.535484,3.533751,4.321164,1.229279,OverRange,OverRange,OverRange,14.457886,16.924784,-3.313055
2026/06/04 22:51:00.272,n,-2.459145,6.389556,5.144507,1.579986,OverRange,OverRange,OverRange,14.516866,16.931206,-3.25461
2026/06/04 22:52:00.271,n,-2.535612,3.027094,4.788476,1.53429,OverRange,OverRange,OverRange,14.457612,16.93013,-3.363737
2026/06/04 22:53:00.272,n,-2.482881,6.741154,5.067712,1.730649,OverRange,OverRange,OverRange,14.509552,16.934434,-3.219628
2026/06/04 22:54:00.407,n,-2.383191,6.510156,5.215048,1.654823,OverRange,OverRange,OverRange,14.504994,16.937272,-3.250686
2026/06/04 22:55:00.363,n,-2.535228,3.722004,4.163228,1.069856,OverRange,OverRange,OverRange,14.426606,16.93939,-3.302988
2026/06/04 22:56:00.280,n,-2.69894,6.199057,4.61576,1.46368,OverRange,OverRange,OverRange,14.485596,16.94262,-3.355546
2026/06/04 22:57:00.329,n,-2.567303,3.818488,4.766556,1.413929,OverRange,OverRange,OverRange,14.459118,16.95651,-3.330291
2026/06/04 22:58:00.266,n,-2.622729,6.390515,5.987605,1.136046,OverRange,OverRange,OverRange,14.525682,16.97141,-3.396415
2026/06/04 22:59:00.268,n,-2.634661,3.564106,4.131149,1.076009,OverRange,OverRange,OverRange,14.438202,16.977868,-3.435408
2026/06/04 23:00:00.269,n,-2.643385,6.341057,5.55391,1.384657,OverRange,OverRange,OverRange,14.543828,16.992832,-3.40034
2026/06/04 23:01:00.271,n,-2.646208,3.694697,3.924614,1.035018,OverRange,OverRange,OverRange,14.460652,16.994954,-3.365358
2026/06/04 23:02:00.273,n,-2.663913,3.606009,3.838839,0.148945,OverRange,OverRange,OverRange,14.481328,17.005648,-3.299148
2026/06/04 23:03:00.276,n,-2.707792,6.048272,5.720184,0.605691,OverRange,OverRange,OverRange,14.564,17.02058,-3.404265
2026/06/04 23:04:00.278,n,-2.599378,6.494201,4.682129,1.66266,OverRange,OverRange,OverRange,14.516836,17.025898,-3.308789
2026/06/04 23:05:00.281,n,-2.658012,2.972811,4.006841,1.226355,OverRange,OverRange,OverRange,14.476776,17.034474,-3.345905
2026/06/04 23:06:00.281,n,-2.573077,6.331707,4.71829,1.549207,OverRange,OverRange,OverRange,14.528688,17.035548,-3.357509
2026/06/04 23:07:00.268,n,-2.572948,3.371733,4.239754,1.403539,OverRange,OverRange,OverRange,14.475506,17.03979,-3.244627
2026/06/04 23:08:00.269,n,-2.643514,3.663086,4.47205,1.447226,OverRange,OverRange,OverRange,14.492656,17.04194,-3.332168
2026/06/04 23:09:00.270,n,-2.681234,3.642336,4.940867,1.594464,OverRange,OverRange,OverRange,14.495662,17.048362,-3.355546
2026/06/04 23:10:00.273,n,-2.716645,6.346008,4.830168,1.478542,OverRange,OverRange,OverRange,14.51736,17.048362,-3.318687
2026/06/04 23:11:00.275,n,-2.681491,6.760068,4.842384,1.607738,OverRange,OverRange,OverRange,14.505774,17.050514,-3.322356
2026/06/04 23:12:00.277,n,-2.602457,3.593846,3.587733,0.197217,OverRange,OverRange,OverRange,14.462148,17.054754,-3.28362
2026/06/04 23:13:00.280,n,-2.628759,5.47097,4.745808,1.417823,OverRange,OverRange,OverRange,14.512558,17.056876,-3.322526
2026/06/04 23:14:00.281,n,-2.567431,6.416582,5.9156,1.090552,OverRange,OverRange,OverRange,14.5277,17.05795,-3.349659
2026/06/04 23:15:00.284,n,-2.628631,6.23159,4.667173,1.389023,OverRange,OverRange,OverRange,14.475246,17.05795,-3.236863
2026/06/04 23:16:00.270,n,-2.693294,6.447825,4.624161,1.298881,OverRange,OverRange,OverRange,14.45837,17.062254,-3.363396
2026/06/04 23:17:00.271,n,-2.646336,3.544315,4.222189,1.242443,OverRange,OverRange,OverRange,14.448288,17.053676,-3.295223
2026/06/04 23:18:00.273,n,-2.693038,6.416639,5.306372,1.6968,OverRange,OverRange,OverRange,14.51028,17.0558,-3.234815
2026/06/04 23:19:00.275,n,-2.663785,6.565903,4.696745,1.593174,OverRange,OverRange,OverRange,14.475764,17.053676,-3.246504
2026/06/04 23:20:00.276,n,-2.643385,6.559349,4.712711,1.609018,OverRange,OverRange,OverRange,14.471716,17.061178,-3.260241
2026/06/04 23:21:00.278,n,-2.669559,4.860449,4.530046,1.755413,OverRange,OverRange,OverRange,14.450526,17.056876,-3.252477
2026/06/04 23:22:00.281,n,-2.886259,6.548855,4.767839,1.608873,OverRange,OverRange,OverRange,14.474716,17.048362,-3.315018
2026/06/04 23:23:00.283,n,-2.780924,6.111393,4.802632,1.763879,OverRange,OverRange,OverRange,14.449768,17.051558,-3.332338
2026/06/04 23:24:00.284,n,-2.708049,6.762244,5.164743,1.591302,OverRange,OverRange,OverRange,14.464132,17.047286,-3.36732
2026/06/04 23:25:00.270,n,-2.789905,6.115464,5.203931,1.370001,OverRange,OverRange,OverRange,14.473724,17.045168,-3.423889
2026/06/04 23:26:00.271,n,-2.763732,3.173728,4.507486,1.494874,OverRange,OverRange,OverRange,14.439688,17.04194,-3.422012
2026/06/04 23:27:00.273,n,-2.75783,6.586081,5.141686,1.560846,OverRange,OverRange,OverRange,14.473964,17.042982,-3.388822
2026/06/04 23:28:00.279,n,-2.68457,6.595063,4.891265,1.426861,OverRange,OverRange,OverRange,14.470704,17.03979,-3.281657
2026/06/04 23:29:00.261,n,-2.804531,6.166873,5.525204,1.341994,OverRange,OverRange,OverRange,14.474722,17.035514,-3.369454
2026/06/04 23:30:00.263,n,-2.798758,3.675401,4.75806,1.649232,OverRange,OverRange,OverRange,14.43036,17.03659,-3.396671
2026/06/04 23:31:00.265,n,-2.751671,4.947197,4.491684,0.959157,OverRange,OverRange,OverRange,14.443222,17.03979,-3.272101
2026/06/04 23:32:00.269,n,-2.740252,3.995997,4.317977,1.162502,OverRange,OverRange,OverRange,14.440954,17.048362,-3.359727
2026/06/04 23:33:00.269,n,-2.789905,3.147726,4.524148,1.61799,OverRange,OverRange,OverRange,14.443722,17.049406,-3.322612
2026/06/04 23:34:00.270,n,-2.757958,3.051409,4.948898,1.502743,OverRange,OverRange,OverRange,14.472204,17.053676,-3.388907
2026/06/04 23:35:00.274,n,-2.702275,6.231033,6.334179,0.121144,OverRange,OverRange,OverRange,14.509274,17.068676,-3.451107
2026/06/04 23:36:00.258,n,-2.748849,6.599572,4.577342,1.12485,OverRange,OverRange,OverRange,14.433904,17.069688,-3.422012
2026/06/04 23:37:00.261,n,-2.743204,6.221911,6.158923,0.072112,OverRange,OverRange,OverRange,14.4828,17.07507,-3.410152
2026/06/04 23:38:00.263,n,-2.781052,3.586401,4.433319,1.3923,OverRange,OverRange,OverRange,14.40387,17.07507,-3.418002
2026/06/04 23:39:00.264,n,-2.863165,3.545089,4.824419,1.314979,OverRange,OverRange,OverRange,14.419002,17.081492,-3.478325
2026/06/04 23:40:00.266,n,-2.936168,6.186156,5.423606,1.260091,OverRange,OverRange,OverRange,14.459118,17.087882,-3.515354
2026/06/04 23:41:00.268,n,-2.740124,3.858535,4.228502,1.27794,OverRange,OverRange,OverRange,14.384456,17.088958,-3.449144
2026/06/04 23:42:00.272,n,-2.953617,3.505899,4.44911,1.491788,OverRange,OverRange,OverRange,14.40741,17.084656,-3.501873
2026/06/04 23:43:00.273,n,-2.91564,3.119124,4.627576,1.529834,OverRange,OverRange,OverRange,14.390508,17.08361,-3.571838
2026/06/04 23:44:00.259,n,-2.909738,6.498758,5.661817,1.264367,OverRange,OverRange,OverRange,14.437668,17.084656,-3.517402
2026/06/04 23:45:00.259,n,-2.84841,3.709857,4.770243,1.474673,OverRange,OverRange,OverRange,14.366822,17.07507,-3.439588
2026/06/04 23:46:00.262,n,-3.009171,5.275424,4.654351,1.547196,OverRange,OverRange,OverRange,14.390498,17.07507,-3.581649
2026/06/04 23:47:00.264,n,-2.833784,3.683106,4.878401,1.461474,OverRange,OverRange,OverRange,14.408662,17.072916,-3.400596
2026/06/04 23:48:00.265,n,-2.766554,6.561481,4.568843,1.556001,OverRange,OverRange,OverRange,14.400844,17.068676,-3.299319
2026/06/04 23:49:00.267,n,-2.757958,3.545301,4.26645,0.94761,OverRange,OverRange,OverRange,14.344372,17.069688,-3.392661
2026/06/04 23:50:00.274,n,-2.769377,6.667041,5.39797,1.781446,OverRange,OverRange,OverRange,14.420004,17.065448,-3.363396
2026/06/04 23:51:00.273,n,-2.73743,4.855923,5.12264,1.676016,OverRange,OverRange,OverRange,14.418504,17.057982,-3.365444
2026/06/04 23:52:00.257,n,-2.862652,6.575753,4.833252,1.956629,OverRange,OverRange,OverRange,14.401082,17.056876,-3.488051
2026/06/04 23:53:00.260,n,-2.863037,6.483383,4.853999,1.897794,OverRange,OverRange,OverRange,14.413438,17.052634,-3.460833
2026/06/04 23:54:00.261,n,-2.75783,3.485459,4.74112,1.31306,OverRange,OverRange,OverRange,14.385732,17.049406,-3.413906
2026/06/04 23:55:00.263,n,-2.745898,3.123087,4.939584,1.709838,OverRange,OverRange,OverRange,14.402364,17.046212,-3.359641
2026/06/04 23:56:00.267,n,-2.710615,4.852908,4.552952,1.002918,OverRange,OverRange,OverRange,14.415996,17.040864,-3.320564
2026/06/04 23:57:00.269,n,-2.845716,6.475694,4.355688,1.385672,OverRange,OverRange,OverRange,14.415478,17.038742,-3.379095
2026/06/04 23:58:00.270,n,-2.705226,6.221054,6.12182,0.155202,OverRange,OverRange,OverRange,14.449276,17.031276,-3.382934
2026/06/04 23:59:00.271,n,-2.629016,3.18081,5.405707,1.183947,OverRange,OverRange,OverRange,14.394054,17.029126,-3.318687
