"Timestamp","TZ","GHI1_AV (W/m2)","UVB22013 (W/m2)","UVB22013_AV (W/m2)","UVB22013_SD (W/m2)","UVB22012 (W/m2)","UVB22012_AV (W/m2)","UVB22012_SD (W/m2)","TA_AV (degC)","TL (degC)","GTI_AV (W/m2)"
2026/06/06 00:00:00.276,n,-3.785521,6.842763,4.81624,1.628039,OverRange,OverRange,OverRange,13.896612,16.390574,-3.993243
2026/06/06 00:01:00.259,n,-3.811694,6.598094,4.866331,1.776785,OverRange,OverRange,OverRange,13.890758,16.379848,-4.000922
2026/06/06 00:02:00.263,n,-3.879052,6.684861,5.162441,1.585887,OverRange,OverRange,OverRange,13.889772,16.378804,-4.098189
2026/06/06 00:03:00.263,n,-3.767815,3.205998,4.601935,1.62358,OverRange,OverRange,OverRange,13.793468,16.375576,-4.069009
2026/06/06 00:04:00.265,n,-3.797068,6.250107,5.539913,1.36114,OverRange,OverRange,OverRange,13.952474,16.361624,-4.080954
2026/06/06 00:05:00.359,n,-3.765121,3.102419,5.244574,1.642561,OverRange,OverRange,OverRange,13.786428,16.356276,-4.14887
2026/06/06 00:06:00.270,n,-3.803098,6.526273,4.636311,1.539144,OverRange,OverRange,OverRange,13.90621,16.355232,-4.05732
2026/06/06 00:07:00.272,n,-3.87315,3.232627,4.703478,1.363601,OverRange,OverRange,OverRange,13.793518,16.351974,-4.135219
2026/06/06 00:08:00.275,n,-3.782698,3.218114,4.732102,1.552204,OverRange,OverRange,OverRange,13.808136,16.347702,-4.094435
2026/06/06 00:09:00.276,n,-3.879181,6.089459,5.758254,1.327191,OverRange,OverRange,OverRange,13.921108,16.343368,-4.228732
2026/06/06 00:10:00.261,n,-3.852879,4.685062,5.467814,1.291645,OverRange,OverRange,OverRange,13.800874,16.339128,-4.224978
2026/06/06 00:11:00.262,n,-3.888033,3.748778,4.161046,1.169869,OverRange,OverRange,OverRange,13.710888,16.335902,-4.139144
2026/06/06 00:12:00.266,n,-3.758963,6.115988,5.859831,1.295547,OverRange,OverRange,OverRange,13.834728,16.330556,-4.100237
2026/06/06 00:13:00.266,n,-3.785649,4.691461,5.183147,1.381655,OverRange,OverRange,OverRange,13.723536,16.3241,-4.026092
2026/06/06 00:14:00.269,n,-3.773717,3.509419,5.645605,1.24325,OverRange,OverRange,OverRange,13.744808,16.31556,-4.067047
2026/06/06 00:15:00.272,n,-3.91998,6.66636,4.70312,1.608849,OverRange,OverRange,OverRange,13.76772,16.301608,-4.152795
2026/06/06 00:16:00.272,n,-3.896758,4.054478,4.422633,1.478055,OverRange,OverRange,OverRange,13.726014,16.297336,-4.141106
2026/06/06 00:17:00.276,n,-3.937814,6.582389,5.022963,1.72794,OverRange,OverRange,OverRange,13.832378,16.289804,-4.084708
2026/06/06 00:18:00.276,n,-3.890984,6.048672,5.195016,1.374841,OverRange,OverRange,OverRange,13.85143,16.276928,-4.113804
2026/06/06 00:19:00.262,n,-3.744465,3.654124,5.372912,1.301378,OverRange,OverRange,OverRange,13.684368,16.272656,-3.981298
2026/06/06 00:20:00.263,n,-3.735612,3.107354,5.485833,1.477339,OverRange,OverRange,OverRange,13.794316,16.265158,-3.950155
2026/06/06 00:21:00.266,n,-3.908562,3.656362,3.737776,0.209591,OverRange,OverRange,OverRange,13.788128,16.251206,-4.059368
2026/06/06 00:22:00.268,n,-3.779619,3.807267,4.789093,1.398811,OverRange,OverRange,OverRange,13.746822,16.249054,-4.043668
2026/06/06 00:23:00.272,n,-3.87315,3.152413,5.152647,1.379155,OverRange,OverRange,OverRange,13.785742,16.241554,-4.061074
2026/06/06 00:24:00.273,n,-3.809,3.203245,4.563116,1.678059,OverRange,OverRange,OverRange,13.680496,16.234026,-3.891795
2026/06/06 00:25:00.274,n,-3.937557,3.844949,4.196487,1.159577,OverRange,OverRange,OverRange,13.679596,16.229788,-3.922938
2026/06/06 00:26:00.275,n,-4.007995,3.73891,4.462174,1.253276,OverRange,OverRange,OverRange,13.720556,16.215834,-4.069009
2026/06/06 00:27:00.277,n,-4.089851,6.168952,5.206716,1.211041,OverRange,OverRange,OverRange,13.830312,16.214758,-4.100237
2026/06/06 00:28:00.263,n,-3.922803,5.122708,5.533306,1.057554,OverRange,OverRange,OverRange,13.723866,16.205126,-4.035989
2026/06/06 00:29:00.265,n,-4.089851,6.613227,4.341797,1.243876,OverRange,OverRange,OverRange,13.722332,16.19225,-4.053566
2026/06/06 00:30:00.267,n,-4.09293,4.37398,4.900266,1.127873,OverRange,OverRange,OverRange,13.705444,16.182566,-4.12754
2026/06/06 00:31:00.268,n,-4.010946,4.237635,4.544236,1.176064,OverRange,OverRange,OverRange,13.714478,16.175086,-4.137096
2026/06/06 00:32:00.271,n,-3.996319,3.574337,5.373108,1.178478,OverRange,OverRange,OverRange,13.685638,16.167572,-4.215166
2026/06/06 00:33:00.272,n,-4.081126,6.196302,5.279487,1.384826,OverRange,OverRange,OverRange,13.79681,16.162226,-4.176088
2026/06/06 00:34:00.274,n,-4.057647,4.297436,4.639981,1.349802,OverRange,OverRange,OverRange,13.67625,16.15362,-4.244346
2026/06/06 00:35:00.279,n,-4.063677,3.192371,5.188475,1.486065,OverRange,OverRange,OverRange,13.69721,16.149318,-4.189825
2026/06/06 00:36:00.280,n,-3.940637,3.71732,4.238812,1.141422,OverRange,OverRange,OverRange,13.701324,16.145062,-4.016451
2026/06/06 00:37:00.264,n,-3.811822,6.595924,5.326024,1.617613,OverRange,OverRange,OverRange,13.8481,16.140774,-3.946316
2026/06/06 00:38:00.265,n,-3.820418,6.121584,5.032676,1.376617,OverRange,OverRange,OverRange,13.784176,16.130002,-3.926863
2026/06/06 00:39:00.271,n,-3.817596,4.438938,4.670541,1.549485,OverRange,OverRange,OverRange,13.716904,16.127898,-3.952289
2026/06/06 00:40:00.270,n,-3.961165,3.830778,4.915647,1.260528,OverRange,OverRange,OverRange,13.799916,16.118234,-4.117728
2026/06/06 00:41:00.271,n,-3.808743,3.097406,5.302381,1.466304,OverRange,OverRange,OverRange,13.804394,16.120384,-4.012441
2026/06/06 00:42:00.275,n,-3.925882,6.087358,4.685427,1.273277,OverRange,OverRange,OverRange,13.87346,16.123594,-3.979421
2026/06/06 00:43:00.275,n,-3.931784,6.178534,4.995334,1.294619,OverRange,OverRange,OverRange,13.824398,16.113914,-4.135304
2026/06/06 00:44:00.277,n,-3.893807,3.861047,4.443165,1.556743,OverRange,OverRange,OverRange,13.684078,16.11499,-4.108001
2026/06/06 00:45:00.279,n,-3.984772,6.092945,6.284405,0.210278,OverRange,OverRange,OverRange,13.963924,16.118234,-4.096312
2026/06/06 00:46:00.267,n,-3.896629,3.04194,4.819277,1.68132,OverRange,OverRange,OverRange,13.71843,16.121788,-4.090425
2026/06/06 00:47:00.268,n,-3.545085,3.645748,4.844845,1.699249,OverRange,OverRange,OverRange,13.812668,16.118542,-3.708609
2026/06/06 00:48:00.271,n,-3.460278,3.97219,4.900328,1.575243,OverRange,OverRange,OverRange,13.833934,16.122274,-3.815688
2026/06/06 00:49:00.271,n,-3.647469,4.357618,5.003241,1.23167,OverRange,OverRange,OverRange,13.901658,16.122274,-3.877888
2026/06/06 00:50:00.272,n,-3.834916,6.20665,5.04908,1.523895,OverRange,OverRange,OverRange,13.893814,16.11903,-3.973278
2026/06/06 00:51:00.275,n,-3.811309,6.121479,4.665627,1.330179,OverRange,OverRange,OverRange,13.890016,16.112594,-4.014232
2026/06/06 00:52:00.277,n,-3.805407,3.663872,4.431442,1.076547,OverRange,OverRange,OverRange,13.766714,16.114744,-3.998789
2026/06/06 00:53:00.279,n,-3.896244,3.716859,4.514745,1.479804,OverRange,OverRange,OverRange,13.837414,16.117956,-4.107746
2026/06/06 00:54:00.280,n,-3.91395,6.595877,4.190466,1.183364,OverRange,OverRange,OverRange,13.916326,16.11155,-4.090254
2026/06/06 00:55:00.268,n,-3.779234,4.642417,4.602268,1.19155,OverRange,OverRange,OverRange,13.817754,16.11155,-4.076688
2026/06/06 00:56:00.267,n,-3.661967,3.349026,5.86947,1.247751,OverRange,OverRange,OverRange,13.876378,16.11688,-4.041536
2026/06/06 00:57:00.272,n,-3.624118,4.704279,5.582464,1.022762,OverRange,OverRange,OverRange,13.870596,16.121202,-3.899389
2026/06/06 00:58:00.275,n,-3.738178,3.786483,4.855568,1.437507,OverRange,OverRange,OverRange,13.869008,16.11688,-3.948022
2026/06/06 00:59:00.276,n,-3.88752,3.7537,3.651807,0.20187,OverRange,OverRange,OverRange,13.858516,16.115806,-3.985137
2026/06/06 01:00:00.276,n,-3.822985,6.236754,5.472914,1.212306,OverRange,OverRange,OverRange,14.079254,16.12014,-4.096141
2026/06/06 01:01:00.279,n,-3.641567,3.302656,5.18683,1.59384,OverRange,OverRange,OverRange,13.907212,16.123318,-4.146652
2026/06/06 01:02:00.281,n,-3.671076,3.652682,4.863753,1.638897,OverRange,OverRange,OverRange,14.00592,16.131908,-4.023959
2026/06/06 01:03:00.285,n,-3.600511,6.327547,5.508947,1.254777,OverRange,OverRange,OverRange,14.047124,16.128714,-4.002543
2026/06/06 01:04:00.267,n,-3.647469,6.576123,5.206548,1.593104,OverRange,OverRange,OverRange,14.055684,16.135154,-4.024044
2026/06/06 01:05:00.270,n,-3.811437,6.001591,4.336234,1.226401,OverRange,OverRange,OverRange,14.018332,16.139422,-4.090254
2026/06/06 01:06:00.273,n,-3.788087,6.590113,5.081016,1.630412,OverRange,OverRange,OverRange,14.040538,16.145894,-4.115595
2026/06/06 01:07:00.274,n,-3.738306,3.701853,4.408723,1.28234,OverRange,OverRange,OverRange,13.944372,16.158738,-3.96176
2026/06/06 01:08:00.277,n,-3.79091,6.359361,5.412464,1.516345,OverRange,OverRange,OverRange,14.120316,16.156586,-3.96193
2026/06/06 01:09:00.261,n,-3.817339,3.045587,5.671463,1.288782,OverRange,OverRange,OverRange,14.036306,16.167326,-4.000751
2026/06/06 01:10:00.280,n,-3.931399,3.651807,3.906302,0.585015,OverRange,OverRange,OverRange,13.994442,16.165144,-4.004676
2026/06/06 01:11:00.282,n,-3.908048,3.053978,4.582804,1.686423,OverRange,OverRange,OverRange,14.067032,16.173798,-3.934542
2026/06/06 01:12:00.268,n,-3.785136,3.104806,4.454283,1.785308,OverRange,OverRange,OverRange,14.033702,16.181248,-3.91688
2026/06/06 01:13:00.270,n,-3.814516,6.087628,5.72583,1.328093,OverRange,OverRange,OverRange,14.225094,16.18449,-4.022082
2026/06/06 01:14:00.272,n,-3.761657,5.338418,5.105055,1.475051,OverRange,OverRange,OverRange,14.103206,16.181248,-4.300659
2026/06/06 01:15:00.276,n,-3.869943,3.315254,4.268571,1.306838,OverRange,OverRange,OverRange,14.074662,16.188762,-4.209108
2026/06/06 01:16:00.258,n,-3.910871,2.860863,4.747828,1.674074,OverRange,OverRange,OverRange,14.197586,16.194124,-4.286836
2026/06/06 01:17:00.261,n,-3.688397,3.437103,5.044911,1.232688,OverRange,OverRange,OverRange,14.200186,16.194124,-3.924815
2026/06/06 01:18:00.262,n,-3.82029,6.236385,4.928345,1.698603,OverRange,OverRange,OverRange,14.270524,16.202698,-4.092131
2026/06/06 01:19:00.281,n,-3.495304,6.583142,5.861374,1.356734,OverRange,OverRange,OverRange,14.2476,16.212704,-4.283083
2026/06/06 01:20:00.282,n,-3.477983,3.778746,5.18198,1.369004,OverRange,OverRange,OverRange,14.14269,16.216962,-4.035904
2026/06/06 01:21:00.268,n,-3.410625,3.116576,5.106233,1.668757,OverRange,OverRange,OverRange,14.264512,16.220172,-3.899475
2026/06/06 01:22:00.270,n,-3.559839,2.920315,4.606104,1.656354,OverRange,OverRange,OverRange,14.302862,16.2277,-3.973534
2026/06/06 01:23:00.273,n,-3.504028,4.68015,5.106314,1.678864,OverRange,OverRange,OverRange,14.383322,16.240578,-3.91688
2026/06/06 01:24:00.257,n,-3.627197,6.532993,4.873135,1.807853,OverRange,OverRange,OverRange,14.397716,16.248044,-3.860482
2026/06/06 01:25:00.260,n,-3.422301,6.606473,4.719599,1.501354,OverRange,OverRange,OverRange,14.403554,16.26519,-3.73011
2026/06/06 01:26:00.262,n,-3.363795,5.026446,4.574146,1.686893,OverRange,OverRange,OverRange,14.392182,16.27807,-3.586001
2026/06/06 01:27:00.264,n,-3.407418,6.406387,5.077092,1.631972,OverRange,OverRange,OverRange,14.476696,16.288794,-3.558613
2026/06/06 01:28:00.265,n,-3.451425,5.845124,5.153178,1.291264,OverRange,OverRange,OverRange,14.466126,16.302746,-3.65204
2026/06/06 01:29:00.268,n,-3.430897,3.282029,4.427264,1.606081,OverRange,OverRange,OverRange,14.41391,16.314514,-3.714411
2026/06/06 01:30:00.271,n,-3.390226,3.18607,4.683134,1.552816,OverRange,OverRange,OverRange,14.46936,16.325272,-3.580199
2026/06/06 01:31:00.270,n,-3.422301,4.326716,4.745868,1.363107,OverRange,OverRange,OverRange,14.498668,16.336,-3.62286
2026/06/06 01:32:00.256,n,-3.407546,6.686056,5.089713,1.702216,OverRange,OverRange,OverRange,14.52708,16.345616,-3.572179
2026/06/06 01:33:00.259,n,-3.527636,6.253214,4.986362,1.714922,OverRange,OverRange,OverRange,14.487524,16.359538,-3.634464
2026/06/06 01:34:00.260,n,-3.387275,3.108855,4.776315,1.897925,OverRange,OverRange,OverRange,14.447658,16.367068,-3.796319
2026/06/06 01:35:00.262,n,-3.436927,3.208628,4.702963,1.672957,OverRange,OverRange,OverRange,14.514242,16.37349,-3.899474
2026/06/06 01:36:00.265,n,-3.25551,6.693379,4.578424,1.5991,OverRange,OverRange,OverRange,14.571244,16.391712,-3.739751
2026/06/06 01:37:00.270,n,-3.337366,4.776988,4.553179,1.649051,OverRange,OverRange,OverRange,14.546032,16.403516,-3.862444
2026/06/06 01:38:00.268,n,-3.188408,6.514642,5.093096,1.517958,OverRange,OverRange,OverRange,14.638546,16.415286,-3.581991
2026/06/06 01:39:00.271,n,-3.249607,3.655146,4.131545,1.426614,OverRange,OverRange,OverRange,14.533184,16.421706,-3.556735
2026/06/06 01:40:00.256,n,-3.343267,6.426674,4.400344,1.397261,OverRange,OverRange,OverRange,14.667522,16.433508,-3.387286
2026/06/06 01:41:00.258,n,-3.293486,3.741525,4.686039,1.251068,OverRange,OverRange,OverRange,14.571284,16.443094,-3.434042
2026/06/06 01:42:00.260,n,-3.361101,3.578391,3.613903,0.125232,OverRange,OverRange,OverRange,14.552918,16.453822,-3.513904
2026/06/06 01:43:00.262,n,-3.281683,6.161765,4.502429,1.208076,OverRange,OverRange,OverRange,14.644878,16.46885,-3.301878
2026/06/06 01:44:00.263,n,-3.249607,4.865223,4.635988,1.363579,OverRange,OverRange,OverRange,14.620168,16.479544,-3.360153
2026/06/06 01:45:00.266,n,-3.164801,3.635037,4.259992,1.25892,OverRange,OverRange,OverRange,14.575598,16.485964,-3.408787
2026/06/06 01:46:00.267,n,-3.068447,6.264091,5.689296,1.353084,OverRange,OverRange,OverRange,14.688452,16.49454,-3.375596
2026/06/06 01:47:00.271,n,-2.936553,3.541654,4.071421,1.161359,OverRange,OverRange,OverRange,14.48406,16.505264,-3.301793
2026/06/06 01:48:00.272,n,-3.044968,3.152571,5.286864,1.732235,OverRange,OverRange,OverRange,14.631948,16.514916,-3.36587
2026/06/06 01:49:00.261,n,-3.003911,4.011477,5.003195,1.614754,OverRange,OverRange,OverRange,14.607784,16.523426,-3.321161
2026/06/06 01:50:00.260,n,-2.875097,3.961894,4.732823,1.320518,OverRange,OverRange,OverRange,14.540776,16.511656,-3.256914
2026/06/06 01:51:00.263,n,-3.187382,6.151165,5.247124,1.455688,OverRange,OverRange,OverRange,14.620586,16.511656,-3.365358
2026/06/06 01:52:00.265,n,-3.155178,6.224884,4.913699,1.450833,OverRange,OverRange,OverRange,14.543992,16.524502,-3.423889
2026/06/06 01:53:00.265,n,-2.944765,3.312878,4.667552,1.684183,OverRange,OverRange,OverRange,14.513714,16.541652,-3.338226
2026/06/06 01:54:00.266,n,-3.161208,6.413704,4.982874,1.591853,OverRange,OverRange,OverRange,14.609986,16.542694,-3.451021
2026/06/06 01:55:00.268,n,-3.003013,6.50136,4.915063,1.363733,OverRange,OverRange,OverRange,14.557618,16.556614,-3.482249
2026/06/06 01:56:00.272,n,-2.900629,6.013748,5.104432,1.522825,OverRange,OverRange,OverRange,14.609762,16.56842,-3.328413
2026/06/06 01:57:00.273,n,-2.894855,3.032467,4.358816,1.621976,OverRange,OverRange,OverRange,14.505392,16.580154,-3.346075
2026/06/06 01:58:00.258,n,-2.956183,6.113239,5.69369,1.048254,OverRange,OverRange,OverRange,14.661724,16.582338,-3.398548
2026/06/06 01:59:00.260,n,-2.991594,3.302415,4.240422,1.181122,OverRange,OverRange,OverRange,14.54328,16.593032,-3.567827
2026/06/06 02:00:00.263,n,-2.982613,4.759183,4.116976,0.849815,OverRange,OverRange,OverRange,14.660722,16.606954,-3.324574
2026/06/06 02:01:00.264,n,-3.105654,3.185424,4.394049,1.337485,OverRange,OverRange,OverRange,14.625662,16.612334,-3.532931
2026/06/06 02:02:00.266,n,-2.912176,3.629295,4.905603,1.676946,OverRange,OverRange,OverRange,14.64832,16.622996,-3.353584
2026/06/06 02:03:00.267,n,-2.938862,6.611985,5.122036,1.545206,OverRange,OverRange,OverRange,14.710298,16.628342,-3.24275
2026/06/06 02:04:00.270,n,-3.00327,3.103778,4.629534,1.746672,OverRange,OverRange,OverRange,14.595128,16.645492,-3.322697
2026/06/06 02:05:00.275,n,-2.894855,3.112193,5.476156,1.370812,OverRange,OverRange,OverRange,14.672268,16.649762,-3.27978
2026/06/06 02:06:00.273,n,-2.947587,3.634489,4.231401,1.171563,OverRange,OverRange,OverRange,14.6176,16.65938,-3.285668
2026/06/06 02:07:00.259,n,-3.117458,6.424292,4.794847,1.328066,OverRange,OverRange,OverRange,14.698476,16.667954,-3.297356
2026/06/06 02:08:00.260,n,-3.000062,6.175305,5.542626,1.347644,OverRange,OverRange,OverRange,14.710826,16.671148,-3.248638
2026/06/06 02:09:00.263,n,-3.003013,3.665682,4.796633,1.418137,OverRange,OverRange,OverRange,14.576788,16.68077,-3.256316
2026/06/06 02:10:00.266,n,-3.164159,3.778901,3.888307,0.301731,OverRange,OverRange,OverRange,14.573544,16.691494,-3.285582
2026/06/06 02:11:00.268,n,-3.093978,6.194317,5.460823,1.100885,OverRange,OverRange,OverRange,14.66069,16.688268,-3.254269
2026/06/06 02:12:00.269,n,-3.023413,3.967143,5.116244,1.323168,OverRange,OverRange,OverRange,14.543752,16.695734,-3.316724
2026/06/06 02:13:00.270,n,-3.178657,3.206148,4.666903,1.579879,OverRange,OverRange,OverRange,14.569188,16.695734,-3.334216
2026/06/06 02:14:00.274,n,-3.052922,3.614956,4.757285,1.614233,OverRange,OverRange,OverRange,14.575984,16.700006,-3.266214
2026/06/06 02:15:00.277,n,-3.058696,6.720246,5.04762,1.839596,OverRange,OverRange,OverRange,14.6032,16.701406,-3.330376
2026/06/06 02:16:00.259,n,-3.228823,4.242572,4.980618,1.688621,OverRange,OverRange,OverRange,14.548696,16.703558,-3.422268
2026/06/06 02:17:00.261,n,-3.246529,6.524647,5.014542,1.622223,OverRange,OverRange,OverRange,14.560558,16.706786,-3.388992
2026/06/06 02:18:00.264,n,-3.369697,3.018525,4.783611,1.853676,OverRange,OverRange,OverRange,14.502544,16.700364,-3.537197
2026/06/06 02:19:00.267,n,-3.314143,6.523423,5.311234,1.715054,OverRange,OverRange,OverRange,14.576422,16.701406,-3.611085
2026/06/06 02:20:00.267,n,-3.336981,6.059597,4.7142,1.464162,OverRange,OverRange,OverRange,14.510138,16.708904,-3.576104
2026/06/06 02:21:00.270,n,-3.252559,3.808474,4.894395,1.300888,OverRange,OverRange,OverRange,14.492752,16.708904,-3.52346
2026/06/06 02:22:00.271,n,-3.384195,4.067063,5.81594,0.886677,OverRange,OverRange,OverRange,14.561092,16.712132,-3.607161
2026/06/06 02:23:00.274,n,-3.32569,3.568675,4.415266,1.289619,OverRange,OverRange,OverRange,14.475892,16.713208,-3.51945
2026/06/06 02:24:00.275,n,-3.46618,6.503058,5.079141,1.491944,OverRange,OverRange,OverRange,14.563848,16.708904,-3.613048
2026/06/06 02:25:00.261,n,-3.431281,3.13686,4.38967,1.732582,OverRange,OverRange,OverRange,14.47987,16.714252,-3.611
2026/06/06 02:26:00.262,n,-3.469131,3.652829,4.374053,1.148358,OverRange,OverRange,OverRange,14.525548,16.720708,-3.632587
2026/06/06 02:27:00.266,n,-3.48953,3.25705,4.907549,1.610498,OverRange,OverRange,OverRange,14.532064,16.715328,-3.546838
2026/06/06 02:28:00.267,n,-3.443085,6.595658,4.540529,1.592644,OverRange,OverRange,OverRange,14.51796,16.718524,-3.488478
2026/06/06 02:29:00.271,n,-3.407546,3.343509,4.965461,1.375726,OverRange,OverRange,OverRange,14.496796,16.718524,-3.6267
2026/06/06 02:30:00.271,n,-3.477727,3.798279,4.51957,1.601135,OverRange,OverRange,OverRange,14.49577,16.718524,-3.546838
2026/06/06 02:31:00.274,n,-3.433848,3.303864,5.265936,1.582641,OverRange,OverRange,OverRange,14.5303,16.713208,-3.55665
2026/06/06 02:32:00.277,n,-3.486579,3.115601,4.838165,1.854815,OverRange,OverRange,OverRange,14.495234,16.728174,-3.513733
2026/06/06 02:33:00.276,n,-3.556888,3.021628,5.040105,1.617046,OverRange,OverRange,OverRange,14.502066,16.716372,-3.595472
2026/06/06 02:34:00.261,n,-3.39292,6.607302,5.001176,1.664254,OverRange,OverRange,OverRange,14.540914,16.721784,-3.511771
2026/06/06 02:35:00.265,n,-3.393048,5.339183,4.692723,1.738737,OverRange,OverRange,OverRange,14.473058,16.72498,-3.509723
2026/06/06 02:36:00.266,n,-3.29926,3.264271,4.724451,1.73218,OverRange,OverRange,OverRange,14.492218,16.721784,-3.506054
2026/06/06 02:37:00.268,n,-3.334158,6.079873,5.329432,1.661252,OverRange,OverRange,OverRange,14.593582,16.726022,-3.562537
2026/06/06 02:38:00.270,n,-3.249479,3.597695,4.315285,1.308958,OverRange,OverRange,OverRange,14.50967,16.733522,-3.468768
2026/06/06 02:39:00.271,n,-3.293486,5.068921,4.672154,1.12562,OverRange,OverRange,OverRange,14.54446,16.728174,-3.466977
2026/06/06 02:40:00.274,n,-3.345962,3.736716,4.383818,1.357424,OverRange,OverRange,OverRange,14.506394,16.735674,-3.484553
2026/06/06 02:41:00.276,n,-3.328513,6.238647,4.966169,1.701718,OverRange,OverRange,OverRange,14.579728,16.736684,-3.492317
2026/06/06 02:42:00.277,n,-3.234853,3.94431,4.841252,1.374606,OverRange,OverRange,OverRange,14.47813,16.735674,-3.455202
2026/06/06 02:43:00.263,n,-3.228951,6.65449,4.934953,1.813101,OverRange,OverRange,OverRange,14.518952,16.743142,-3.412371
2026/06/06 02:44:00.266,n,-3.246657,6.351513,5.069579,1.643891,OverRange,OverRange,OverRange,14.51595,16.736684,-3.478666
2026/06/06 02:45:00.268,n,-3.229207,3.091028,5.178622,1.582567,OverRange,OverRange,OverRange,14.454418,16.736684,-3.572179
2026/06/06 02:46:00.270,n,-3.372392,4.042711,4.969815,1.756432,OverRange,OverRange,OverRange,14.476344,16.732446,-3.585659
2026/06/06 02:47:00.273,n,-3.363539,3.035448,4.983498,1.576131,OverRange,OverRange,OverRange,14.463746,16.736684,-3.480628
2026/06/06 02:48:00.273,n,-3.252302,6.200343,5.603226,1.24378,OverRange,OverRange,OverRange,14.503098,16.736684,-3.48643
2026/06/06 02:49:00.275,n,-3.214453,6.591307,4.872096,1.784582,OverRange,OverRange,OverRange,14.434988,16.732446,-3.459298
2026/06/06 02:50:00.281,n,-3.278989,3.031002,4.34275,1.363469,OverRange,OverRange,OverRange,14.3697,16.722858,-3.492317
2026/06/06 02:51:00.280,n,-3.340317,5.852889,5.303899,1.679932,OverRange,OverRange,OverRange,14.443828,16.72713,-3.552725
2026/06/06 02:52:00.266,n,-3.316837,5.406236,5.370949,0.984287,OverRange,OverRange,OverRange,14.398962,16.718524,-3.638474
2026/06/06 02:53:00.269,n,-3.413704,6.494802,5.133,1.553479,OverRange,OverRange,OverRange,14.407538,16.721784,-3.572265
2026/06/06 02:54:00.271,n,-3.340188,3.306915,4.4734,1.662752,OverRange,OverRange,OverRange,14.339926,16.722858,-3.575933
2026/06/06 02:55:00.273,n,-3.384195,5.483906,5.013337,1.412091,OverRange,OverRange,OverRange,14.402232,16.721784,-3.548715
2026/06/06 02:56:00.274,n,-3.395871,3.198373,4.860176,1.732585,OverRange,OverRange,OverRange,14.369172,16.714252,-3.632501
2026/06/06 02:57:00.276,n,-3.454247,4.085032,5.061191,1.557986,OverRange,OverRange,OverRange,14.431982,16.713208,-3.663473
2026/06/06 02:58:00.278,n,-3.568564,5.919679,5.217538,1.466439,OverRange,OverRange,OverRange,14.506134,16.715328,-3.819357
2026/06/06 02:59:00.279,n,-3.410369,6.511725,5.240407,1.677021,OverRange,OverRange,OverRange,14.505356,16.707862,-3.800074
2026/06/06 03:00:00.283,n,-3.498126,5.196828,3.993105,0.597905,OverRange,OverRange,OverRange,14.485226,16.706786,-3.838896
2026/06/06 03:01:00.270,n,-3.504156,3.075924,5.148473,1.621372,OverRange,OverRange,OverRange,14.570918,16.713208,-3.901181
2026/06/06 03:02:00.269,n,-3.451553,3.257014,5.038481,1.525783,OverRange,OverRange,OverRange,14.588832,16.70998,-3.745468
2026/06/06 03:03:00.270,n,-3.451425,3.580423,4.735459,1.475023,OverRange,OverRange,OverRange,14.605194,16.708904,-3.766798
2026/06/06 03:04:00.272,n,-3.609363,3.013996,4.76633,1.670487,OverRange,OverRange,OverRange,14.67072,16.70998,-3.844783
2026/06/06 03:05:00.276,n,-3.580111,6.672862,4.788361,1.585868,OverRange,OverRange,OverRange,14.747314,16.708904,-3.809715
2026/06/06 03:06:00.276,n,-3.615137,4.002675,4.908003,1.602861,OverRange,OverRange,OverRange,14.766454,16.716372,-3.934456
2026/06/06 03:07:00.279,n,-3.662224,6.589196,5.186081,1.690974,OverRange,OverRange,OverRange,14.841772,16.711056,-3.959541
2026/06/06 03:08:00.282,n,-3.618472,6.553027,4.74552,1.660105,OverRange,OverRange,OverRange,14.785594,16.719632,-3.840773
2026/06/06 03:09:00.283,n,-3.591915,5.581397,5.108366,1.547737,OverRange,OverRange,OverRange,14.806,16.728174,-3.844697
2026/06/06 03:10:00.267,n,-3.653499,6.102974,5.364834,1.561554,OverRange,OverRange,OverRange,14.893414,16.731372,-3.860226
2026/06/06 03:11:00.270,n,-3.612314,3.146737,4.811517,1.753235,OverRange,OverRange,OverRange,14.761404,16.73991,-3.782327
2026/06/06 03:12:00.272,n,-3.732532,6.326851,4.581805,1.440444,OverRange,OverRange,OverRange,14.874258,16.742096,-3.799818
2026/06/06 03:13:00.274,n,-3.691476,3.226255,4.287132,1.359078,OverRange,OverRange,OverRange,14.81457,16.749596,-3.912955
2026/06/06 03:14:00.276,n,-3.69725,6.425611,5.344885,1.61534,OverRange,OverRange,OverRange,14.915548,16.75491,-3.889577
2026/06/06 03:15:00.277,n,-3.849415,6.57495,4.872767,1.733245,OverRange,OverRange,OverRange,14.777792,16.749596,-3.969353
2026/06/06 03:16:00.281,n,-3.849543,6.051895,5.279099,1.615123,OverRange,OverRange,OverRange,14.809276,16.757062,-3.94205
2026/06/06 03:17:00.283,n,-3.849543,3.252915,4.663153,1.485938,OverRange,OverRange,OverRange,14.789648,16.757062,-3.951777
2026/06/06 03:18:00.267,n,-4.07484,6.51877,4.625379,1.490284,OverRange,OverRange,OverRange,14.848318,16.758106,-4.094094
2026/06/06 03:19:00.272,n,-3.934606,3.192062,4.246662,1.264468,OverRange,OverRange,OverRange,14.787374,16.75491,-3.979165
2026/06/06 03:20:00.272,n,-3.942946,6.542132,5.08999,1.384221,OverRange,OverRange,OverRange,14.84932,16.758106,-3.959626
2026/06/06 03:21:00.258,n,-3.86109,3.807442,5.152532,1.299331,OverRange,OverRange,OverRange,14.831204,16.76241,-4.053224
2026/06/06 03:22:00.260,n,-3.890343,3.966914,5.426373,1.497587,OverRange,OverRange,OverRange,14.874014,16.753834,-3.930361
2026/06/06 03:23:00.261,n,-3.831966,3.686932,4.619143,1.401216,OverRange,OverRange,OverRange,14.87001,16.753834,-4.049129
2026/06/06 03:24:00.264,n,-3.966682,3.149639,5.226114,1.646877,OverRange,OverRange,OverRange,14.920564,16.757062,-4.123359
2026/06/06 03:25:00.265,n,-3.978229,6.147043,5.028312,1.523102,OverRange,OverRange,OverRange,14.948788,16.75491,-4.031724
2026/06/06 03:26:00.268,n,-3.785136,6.071649,5.273285,1.2634,OverRange,OverRange,OverRange,14.998892,16.757062,-4.142642
2026/06/06 03:27:00.268,n,-3.74703,3.592398,4.390118,1.670142,OverRange,OverRange,OverRange,14.919826,16.75918,-4.082405
2026/06/06 03:28:00.274,n,-3.793861,5.943213,4.764281,1.545878,OverRange,OverRange,OverRange,14.987538,16.761334,-4.019863
2026/06/06 03:29:00.257,n,-3.805408,3.291255,4.444292,1.633602,OverRange,OverRange,OverRange,14.945242,16.765636,-4.056979
2026/06/06 03:30:00.262,n,-3.72971,4.70635,5.171701,1.498071,OverRange,OverRange,OverRange,15.012986,16.770984,-3.852462
2026/06/06 03:31:00.260,n,-3.697378,6.503325,4.827267,1.361424,OverRange,OverRange,OverRange,14.967402,16.767756,-3.872001
2026/06/06 03:32:00.262,n,-3.708925,3.301277,4.749209,1.719666,OverRange,OverRange,OverRange,14.939438,16.770984,-3.959626
2026/06/06 03:33:00.264,n,-3.676722,4.301558,4.673718,1.297301,OverRange,OverRange,OverRange,14.927144,16.776334,-3.796064
2026/06/06 03:34:00.265,n,-3.82029,6.163945,5.372741,1.48851,OverRange,OverRange,OverRange,15.017258,16.773104,-3.903228
2026/06/06 03:35:00.273,n,-3.849671,4.454958,4.627054,1.534524,OverRange,OverRange,OverRange,14.947484,16.785948,-3.916624
2026/06/06 03:36:00.269,n,-3.78783,6.275671,4.946309,1.569749,OverRange,OverRange,OverRange,14.972178,16.78272,-3.953824
2026/06/06 03:37:00.272,n,-3.779362,3.813839,5.34155,1.35705,OverRange,OverRange,OverRange,14.906994,16.79345,-4.012355
2026/06/06 03:38:00.257,n,-3.881618,6.566031,4.686857,1.554074,OverRange,OverRange,OverRange,14.991048,16.79449,-3.977202
2026/06/06 03:39:00.260,n,-3.723551,3.331857,5.530315,1.152771,OverRange,OverRange,OverRange,14.951324,16.79022,-3.994779
2026/06/06 03:40:00.262,n,-3.922675,5.923223,5.096114,1.342354,OverRange,OverRange,OverRange,15.025784,16.79345,-4.021911
2026/06/06 03:41:00.263,n,-3.785264,5.67712,5.548085,1.203117,OverRange,OverRange,OverRange,15.034374,16.800914,-3.988892
2026/06/06 03:42:00.265,n,-3.828886,6.457586,4.56762,1.556686,OverRange,OverRange,OverRange,15.012436,16.79984,-3.984882
2026/06/06 03:43:00.268,n,-3.726759,3.450575,4.540509,1.38334,OverRange,OverRange,OverRange,14.983276,16.800914,-3.9342
2026/06/06 03:44:00.270,n,-3.78488,3.788502,4.752088,1.440491,OverRange,OverRange,OverRange,15.002148,16.805188,-3.961503
2026/06/06 03:45:00.273,n,-3.846592,6.627519,5.429961,1.714059,OverRange,OverRange,OverRange,15.04743,16.806262,-4.021912
2026/06/06 03:46:00.257,n,-3.776155,6.311738,4.994975,1.592311,OverRange,OverRange,OverRange,15.04093,16.80838,-3.910993
2026/06/06 03:47:00.259,n,-3.711876,2.998158,4.807795,1.746402,OverRange,OverRange,OverRange,15.03887,16.819108,-3.848622
2026/06/06 03:48:00.260,n,-3.7002,6.166048,5.477673,1.302992,OverRange,OverRange,OverRange,15.073152,16.819108,-3.854509
2026/06/06 03:49:00.264,n,-3.641695,3.284878,4.665144,1.567598,OverRange,OverRange,OverRange,15.002894,16.82126,-3.981042
2026/06/06 03:50:00.266,n,-3.656193,6.27476,5.946514,1.063577,OverRange,OverRange,OverRange,15.128754,16.822304,-3.951777
2026/06/06 03:51:00.266,n,-3.618344,5.582482,6.028565,0.237216,OverRange,OverRange,OverRange,15.105618,16.831922,-3.984967
2026/06/06 03:52:00.269,n,-3.589092,3.125922,4.627326,1.68085,OverRange,OverRange,OverRange,15.055226,16.828726,-4.004335
2026/06/06 03:53:00.270,n,-3.635922,3.843839,4.660177,1.475074,OverRange,OverRange,OverRange,15.09252,16.834076,-3.955787
2026/06/06 03:54:00.271,n,-3.705974,3.196815,4.896437,1.900168,OverRange,OverRange,OverRange,15.118138,16.840466,-3.922682
2026/06/06 03:55:00.258,n,-3.635922,3.164749,4.930673,1.852085,OverRange,OverRange,OverRange,15.095738,16.846858,-3.858349
2026/06/06 03:56:00.261,n,-3.650677,6.520664,5.164008,1.585194,OverRange,OverRange,OverRange,15.107076,16.844766,-3.790347
2026/06/06 03:57:00.262,n,-3.694427,3.857157,4.54795,1.212767,OverRange,OverRange,OverRange,15.004696,16.849008,-3.930446
2026/06/06 03:58:00.263,n,-3.869814,5.786021,5.733013,0.935767,OverRange,OverRange,OverRange,15.131526,16.851192,-3.914747
2026/06/06 03:59:00.268,n,-3.758834,5.989276,4.922226,1.378079,OverRange,OverRange,OverRange,15.122956,16.864006,-3.969353
2026/06/06 04:00:00.269,n,-3.629763,3.842668,4.653542,1.440078,OverRange,OverRange,OverRange,14.966152,16.858658,-3.889492
2026/06/06 04:01:00.270,n,-3.817211,6.446247,4.564233,1.539027,OverRange,OverRange,OverRange,15.10231,16.86078,-4.018157
2026/06/06 04:02:00.273,n,-3.703408,4.691689,5.498179,0.895004,OverRange,OverRange,OverRange,15.022308,16.864006,-4.010137
2026/06/06 04:03:00.274,n,-3.688653,4.329185,3.861342,0.237691,OverRange,OverRange,OverRange,15.058824,16.869352,-3.926607
2026/06/06 04:04:00.259,n,-3.720729,6.125911,4.936073,1.42958,OverRange,OverRange,OverRange,15.078146,16.868278,-3.924644
2026/06/06 04:05:00.263,n,-3.802713,6.424513,5.170652,1.657039,OverRange,OverRange,OverRange,15.076614,16.873658,-4.080357
2026/06/06 04:06:00.263,n,-3.794117,3.151851,4.309039,1.51021,OverRange,OverRange,OverRange,15.04214,16.87258,-4.010222
2026/06/06 04:07:00.265,n,-3.688525,3.9324,4.47079,1.313474,OverRange,OverRange,OverRange,15.108342,16.87679,-4.101773
2026/06/06 04:08:00.267,n,-3.793604,6.494388,4.715277,1.357469,OverRange,OverRange,OverRange,15.110856,16.87679,-3.983005
2026/06/06 04:09:00.270,n,-3.688525,5.713452,4.955625,1.321293,OverRange,OverRange,OverRange,15.13176,16.87832,-3.97908
2026/06/06 04:10:00.271,n,-3.773332,6.008975,4.616066,1.35944,OverRange,OverRange,OverRange,15.044394,16.874048,-4.008175
2026/06/06 04:11:00.273,n,-3.822856,4.465944,3.716367,0.440169,OverRange,OverRange,OverRange,15.025814,16.8762,-4.062695
2026/06/06 04:12:00.275,n,-3.758321,3.246174,4.909157,1.52216,OverRange,OverRange,OverRange,15.055466,16.88585,-4.156123
2026/06/06 04:13:00.333,n,-3.849158,6.273365,4.18462,1.026005,OverRange,OverRange,OverRange,15.073864,16.883734,-4.058856
2026/06/06 04:14:00.318,n,-3.7614,3.865888,3.712609,0.178862,OverRange,OverRange,OverRange,15.022542,16.889046,-4.086074
2026/06/06 04:15:00.328,n,-3.743823,3.803111,5.171404,1.418956,OverRange,OverRange,OverRange,15.036102,16.89544,-4.138631
2026/06/06 04:16:00.357,n,-3.735099,3.924707,5.111866,1.461674,OverRange,OverRange,OverRange,15.094462,16.896548,-4.13283
2026/06/06 04:17:00.333,n,-3.650035,3.827116,4.349973,0.82426,OverRange,OverRange,OverRange,15.051702,16.896548,-3.967391
2026/06/06 04:18:00.270,n,-3.720472,6.362258,6.072853,0.597189,OverRange,OverRange,OverRange,15.169734,16.898666,-4.060818
2026/06/06 04:19:00.272,n,-3.696864,6.038866,6.161452,0.065737,OverRange,OverRange,OverRange,15.13529,16.909362,-3.978994
2026/06/06 04:20:00.277,n,-3.635665,3.233492,5.258968,1.302327,OverRange,OverRange,OverRange,15.058528,16.906164,-3.994694
2026/06/06 04:21:00.277,n,-3.673514,4.672197,4.294613,1.21343,OverRange,OverRange,OverRange,15.080638,16.910404,-3.918501
2026/06/06 04:22:00.262,n,-3.685318,6.087264,5.173268,1.281462,OverRange,OverRange,OverRange,15.113088,16.915752,-3.98292
2026/06/06 04:23:00.265,n,-3.679544,3.674386,4.430202,1.584437,OverRange,OverRange,OverRange,15.044134,16.913632,-3.994438
2026/06/06 04:24:00.266,n,-3.764351,6.583123,5.13699,1.286273,OverRange,OverRange,OverRange,15.133958,16.916828,-4.109452
2026/06/06 04:25:00.271,n,-3.7818,4.267858,4.420458,1.528447,OverRange,OverRange,OverRange,15.005382,16.916828,-4.064658
2026/06/06 04:26:00.273,n,-3.600254,3.229092,5.726949,1.234583,OverRange,OverRange,OverRange,15.058224,16.921096,-4.010307
2026/06/06 04:27:00.272,n,-3.632586,3.277423,4.990939,1.416951,OverRange,OverRange,OverRange,15.127416,16.920056,-4.04529
2026/06/06 04:28:00.274,n,-3.585628,6.302398,4.964169,1.310321,OverRange,OverRange,OverRange,15.143052,16.918978,-3.947767
2026/06/06 04:29:00.275,n,-3.506851,6.02139,6.147595,0.103997,OverRange,OverRange,OverRange,15.160172,16.920056,-3.955445
2026/06/06 04:30:00.277,n,-3.45707,6.181609,6.153344,0.047937,OverRange,OverRange,OverRange,15.096772,16.920056,-3.89717
2026/06/06 04:31:00.265,n,-3.696864,5.523526,3.946516,0.807645,OverRange,OverRange,OverRange,14.968898,16.922144,-3.9342
2026/06/06 04:32:00.265,n,-3.688269,3.86903,4.090933,1.086865,OverRange,OverRange,OverRange,15.00793,16.92322,-4.041194
2026/06/06 04:33:00.268,n,-3.667741,3.625693,3.73601,0.109242,OverRange,OverRange,OverRange,15.017268,16.925372,-3.980871
2026/06/06 04:34:00.270,n,-3.576903,5.032644,4.794834,1.260672,OverRange,OverRange,OverRange,15.107564,16.927522,-3.932238
2026/06/06 04:35:00.271,n,-3.591786,3.556523,4.94245,1.076638,OverRange,OverRange,OverRange,15.082388,16.92322,-4.093838
2026/06/06 04:36:00.275,n,-3.653114,6.160112,5.368719,1.490749,OverRange,OverRange,OverRange,15.07482,16.924296,-4.025837
2026/06/06 04:37:00.275,n,-3.47747,6.164834,4.890229,1.765215,OverRange,OverRange,OverRange,14.989212,16.928566,-4.031638
2026/06/06 04:38:00.277,n,-3.533281,4.054912,4.514332,1.448561,OverRange,OverRange,OverRange,14.970398,16.921096,-4.012014
2026/06/06 04:39:00.279,n,-3.586013,3.861838,4.802383,1.224026,OverRange,OverRange,OverRange,14.979198,16.925372,-3.912614
2026/06/06 04:40:00.264,n,-3.594481,6.665016,5.414683,1.658493,OverRange,OverRange,OverRange,15.034552,16.918978,-3.910822
2026/06/06 04:41:00.266,n,-3.696993,6.457342,4.902459,1.589898,OverRange,OverRange,OverRange,14.988954,16.920056,-4.043327
2026/06/06 04:42:00.268,n,-3.632714,6.119479,5.369135,1.344598,OverRange,OverRange,OverRange,15.003616,16.922144,-3.936077
2026/06/06 04:43:00.271,n,-3.571386,6.035759,5.777018,1.096556,OverRange,OverRange,OverRange,15.003876,16.916828,-3.871915
2026/06/06 04:44:00.271,n,-3.699687,6.074469,5.22557,1.121189,OverRange,OverRange,OverRange,15.010432,16.916828,-3.947766
2026/06/06 04:45:00.274,n,-3.626684,3.921589,4.437608,0.956707,OverRange,OverRange,OverRange,14.926128,16.91148,-4.025837
2026/06/06 04:46:00.275,n,-3.556504,6.227227,5.88473,0.810238,OverRange,OverRange,OverRange,15.060288,16.912588,-4.002373
2026/06/06 04:47:00.278,n,-3.644646,3.522008,4.277636,0.955654,OverRange,OverRange,OverRange,14.934668,16.91148,-4.017987
2026/06/06 04:48:00.279,n,-3.691091,4.262851,4.623818,1.507651,OverRange,OverRange,OverRange,14.976934,16.90721,-3.951692
2026/06/06 04:49:00.264,n,-3.553424,5.978379,5.291458,1.033067,OverRange,OverRange,OverRange,15.043422,16.901862,-3.916624
2026/06/06 04:50:00.267,n,-3.530073,6.24672,5.66123,0.933304,OverRange,OverRange,OverRange,14.952572,16.902936,-3.887529
2026/06/06 04:51:00.268,n,-3.556375,6.644166,5.016253,1.551844,OverRange,OverRange,OverRange,14.912716,16.90721,-3.916624
2026/06/06 04:52:00.270,n,-3.723423,3.675921,3.921632,0.504779,OverRange,OverRange,OverRange,14.831706,16.901862,-4.043156
2026/06/06 04:53:00.272,n,-3.623862,3.710676,4.596039,1.348673,OverRange,OverRange,OverRange,14.939926,16.899774,-4.021741
2026/06/06 04:54:00.273,n,-3.738049,3.864792,4.389199,1.246221,OverRange,OverRange,OverRange,14.941198,16.893318,-4.019864
2026/06/06 04:55:00.276,n,-3.694042,3.654613,4.542652,1.354857,OverRange,OverRange,OverRange,14.926098,16.889046,-4.094008
2026/06/06 04:56:00.279,n,-3.679416,3.042202,4.75775,1.430996,OverRange,OverRange,OverRange,14.92357,16.8912,-4.082063
2026/06/06 04:57:00.282,n,-3.743694,6.113218,5.001456,1.370811,OverRange,OverRange,OverRange,14.998592,16.88797,-4.101602
2026/06/06 04:58:00.267,n,-3.723295,3.168641,4.431302,1.673841,OverRange,OverRange,OverRange,14.85553,16.88585,-4.185474
2026/06/06 04:59:00.272,n,-3.726503,4.895985,4.707731,1.557631,OverRange,OverRange,OverRange,14.91118,16.890124,-4.037525
2026/06/06 05:00:00.270,n,-3.620911,3.875138,4.159786,1.231877,OverRange,OverRange,OverRange,14.792126,16.880472,-4.023703
2026/06/06 05:01:00.272,n,-3.650292,6.512787,5.353252,1.672556,OverRange,OverRange,OverRange,14.9522,16.879396,-4.033516
2026/06/06 05:02:00.275,n,-3.661967,6.534811,4.89685,1.839603,OverRange,OverRange,OverRange,14.835384,16.873004,-4.062866
2026/06/06 05:03:00.275,n,-3.720472,6.558023,5.030927,1.66184,OverRange,OverRange,OverRange,14.864842,16.871962,-4.039403
2026/06/06 05:04:00.277,n,-3.544956,3.853622,5.133438,1.31829,OverRange,OverRange,OverRange,14.760396,16.874048,-4.043157
2026/06/06 05:05:00.279,n,-3.814003,6.522013,4.635426,1.420045,OverRange,OverRange,OverRange,14.859624,16.855918,-3.994608
2026/06/06 05:06:00.283,n,-3.705589,3.746624,4.746784,1.390179,OverRange,OverRange,OverRange,14.781302,16.856994,-4.035221
2026/06/06 05:07:00.267,n,-3.679416,6.525687,4.633474,1.110288,OverRange,OverRange,OverRange,14.830934,16.854844,-4.033516
2026/06/06 05:08:00.269,n,-3.600382,3.975789,3.864989,0.229274,OverRange,OverRange,OverRange,14.749604,16.856994,-3.984796
2026/06/06 05:09:00.272,n,-3.527508,4.500686,4.416741,0.972887,OverRange,OverRange,OverRange,14.791886,16.844182,-4.021911
2026/06/06 05:10:00.272,n,-3.500821,6.146263,5.681257,0.986824,OverRange,OverRange,OverRange,14.856878,16.841998,-3.955445
2026/06/06 05:11:00.276,n,-3.369312,3.306186,5.11571,1.438937,OverRange,OverRange,OverRange,14.744732,16.840922,-3.965343
2026/06/06 05:12:00.276,n,-3.430897,3.764797,5.090484,1.350308,OverRange,OverRange,OverRange,14.794378,16.839846,-3.975155
2026/06/06 05:13:00.278,n,-3.477598,3.216164,4.74639,1.55366,OverRange,OverRange,OverRange,14.779994,16.829184,-4.019778
2026/06/06 05:14:00.283,n,-3.378037,4.629005,5.33274,1.291416,OverRange,OverRange,OverRange,14.848018,16.82703,-3.957579
2026/06/06 05:15:00.283,n,-3.284634,6.246493,5.664313,1.004667,OverRange,OverRange,OverRange,14.846818,16.829184,-3.903057
2026/06/06 05:16:00.268,n,-3.310807,6.083955,5.673819,1.255338,OverRange,OverRange,OverRange,14.801448,16.822762,-3.869953
2026/06/06 05:17:00.270,n,-3.2464,3.480627,4.753671,1.376512,OverRange,OverRange,OverRange,14.75209,16.821684,-3.829169
2026/06/06 05:18:00.274,n,-3.187895,6.183801,6.093447,0.627709,OverRange,OverRange,OverRange,14.884304,16.818456,-3.725758
2026/06/06 05:19:00.274,n,-3.267185,6.113246,5.062035,1.51191,OverRange,OverRange,OverRange,14.777206,16.81314,-3.895208
2026/06/06 05:20:00.276,n,-3.170318,5.995803,5.534775,1.21964,OverRange,OverRange,OverRange,14.821844,16.808838,-3.850499
2026/06/06 05:21:00.280,n,-3.100009,5.38162,5.201883,1.322636,OverRange,OverRange,OverRange,14.81099,16.802414,-3.737448
2026/06/06 05:22:00.265,n,-3.094107,5.108766,4.42361,1.246939,OverRange,OverRange,OverRange,14.741984,16.801368,-3.696749
2026/06/06 05:23:00.265,n,-3.164416,6.555088,5.534384,1.243245,OverRange,OverRange,OverRange,14.874722,16.798176,-3.74342
2026/06/06 05:24:00.286,n,-3.070884,3.820933,4.098934,0.992039,OverRange,OverRange,OverRange,14.720846,16.798176,-3.714155
2026/06/06 05:25:00.270,n,-3.205344,5.988073,4.985753,1.281735,OverRange,OverRange,OverRange,14.869218,16.792798,-3.723881
2026/06/06 05:26:00.273,n,-3.000704,3.671803,4.85176,1.202205,OverRange,OverRange,OverRange,14.72084,16.792798,-3.680965
2026/06/06 05:27:00.257,n,-3.070884,6.415326,4.441206,0.982922,OverRange,OverRange,OverRange,14.86521,16.788526,-3.628406
2026/06/06 05:28:00.261,n,-3.170189,6.083204,5.026748,1.467404,OverRange,OverRange,OverRange,14.853588,16.78957,-3.698455
2026/06/06 05:29:00.262,n,-3.132084,6.204463,4.72325,1.335522,OverRange,OverRange,OverRange,14.803456,16.791722,-3.593424
2026/06/06 05:30:00.265,n,-3.111941,6.137675,5.983359,0.26884,OverRange,OverRange,OverRange,14.87351,16.786438,-3.680965
2026/06/06 05:31:00.265,n,-3.149917,3.711388,4.637755,1.204728,OverRange,OverRange,OverRange,14.745316,16.788526,-3.741372
2026/06/06 05:32:00.266,n,-3.275781,3.275271,5.663085,1.188484,OverRange,OverRange,OverRange,14.851548,16.784284,-3.813384
2026/06/06 05:33:00.268,n,-3.342882,6.467235,4.992665,1.505671,OverRange,OverRange,OverRange,14.867356,16.785362,-3.897085
2026/06/06 05:34:00.272,n,-3.299132,6.511195,5.025513,1.536525,OverRange,OverRange,OverRange,14.824046,16.7778,-3.891369
2026/06/06 05:35:00.257,n,-3.342754,3.158756,4.944994,1.511642,OverRange,OverRange,OverRange,14.748028,16.775682,-3.94205
2026/06/06 05:36:00.257,n,-3.422172,3.283298,5.023705,1.480729,OverRange,OverRange,OverRange,14.802914,16.77995,-3.827036
2026/06/06 05:37:00.259,n,-3.594737,5.265599,5.01525,1.212553,OverRange,OverRange,OverRange,14.773976,16.771442,-3.901096
2026/06/06 05:38:00.261,n,-3.603462,3.363186,5.138827,1.496435,OverRange,OverRange,OverRange,14.796372,16.767136,-3.903058
2026/06/06 05:39:00.263,n,-3.679544,6.436802,4.83312,1.423856,OverRange,OverRange,OverRange,14.801662,16.763942,-3.889406
2026/06/06 05:40:00.267,n,-3.726374,6.068146,5.156731,1.314909,OverRange,OverRange,OverRange,14.778764,16.763942,-3.963466
2026/06/06 05:41:00.268,n,-3.746646,4.879256,5.412768,1.145215,OverRange,OverRange,OverRange,14.77676,16.764984,-3.998363
2026/06/06 05:42:00.270,n,-3.606413,3.903885,5.222173,1.310677,OverRange,OverRange,OverRange,14.74352,16.75755,-4.07063
2026/06/06 05:43:00.272,n,-3.679672,5.827971,5.032427,1.266659,OverRange,OverRange,OverRange,14.800172,16.745716,-4.06662
2026/06/06 05:44:00.257,n,-3.691219,3.098278,4.21756,1.199242,OverRange,OverRange,OverRange,14.69311,16.742552,-4.041194
2026/06/06 05:45:00.259,n,-3.78488,6.339932,5.484349,1.02621,OverRange,OverRange,OverRange,14.787862,16.7404,-4.187351
2026/06/06 05:46:00.459,n,-3.778849,3.242034,4.333937,1.205251,OverRange,OverRange,OverRange,14.621044,16.743792,-4.148273
2026/06/06 05:47:00.264,n,-3.491583,6.126456,5.977196,0.253996,OverRange,OverRange,OverRange,14.850862,16.737564,-3.936163
2026/06/06 05:48:00.264,n,-3.689167,5.529679,5.215368,1.491824,OverRange,OverRange,OverRange,14.70723,16.733292,-4.063207
2026/06/06 05:49:00.268,n,-3.627454,6.493373,4.80625,1.398038,OverRange,OverRange,OverRange,14.733998,16.72899,-4.024215
2026/06/06 05:50:00.268,n,-3.70931,3.262775,4.479296,1.693339,OverRange,OverRange,OverRange,14.615998,16.717252,-4.142983
2026/06/06 05:51:00.271,n,-3.762298,6.497124,5.33947,1.626268,OverRange,OverRange,OverRange,14.84022,16.715068,-4.224892
2026/06/06 05:52:00.256,n,-3.644903,6.395469,5.488721,1.143906,OverRange,OverRange,OverRange,14.767258,16.70757,-4.139314
2026/06/06 05:53:00.258,n,-3.656706,3.428586,5.192671,1.471445,OverRange,OverRange,OverRange,14.65511,16.708646,-4.146993
2026/06/06 05:54:00.260,n,-3.542519,6.225071,5.184798,1.335427,OverRange,OverRange,OverRange,14.701228,16.702254,-4.008772
2026/06/06 05:55:00.264,n,-3.484398,4.607145,5.971863,0.677078,OverRange,OverRange,OverRange,14.731782,16.697984,-4.053566
2026/06/06 05:56:00.265,n,-3.612827,6.113458,4.780097,1.184483,OverRange,OverRange,OverRange,14.745088,16.68944,-4.119605
2026/06/06 05:57:00.795,n,-3.48427,4.680543,5.791399,0.552104,OverRange,OverRange,OverRange,14.756206,16.68944,-4.117813
2026/06/06 05:58:00.269,n,-3.618986,6.638908,4.933176,1.649979,OverRange,OverRange,OverRange,14.732906,16.679758,-4.174126
2026/06/06 05:59:00.273,n,-3.548421,6.416682,5.194464,1.588826,OverRange,OverRange,OverRange,14.72989,16.676592,-4.178051
2026/06/06 06:00:00.274,n,-3.62168,3.792457,4.210699,1.215753,OverRange,OverRange,OverRange,14.630702,16.672292,-4.106039
2026/06/06 06:01:00.258,n,-3.647982,6.064746,5.529268,0.934208,OverRange,OverRange,OverRange,14.826472,16.671216,-4.201344
2026/06/06 06:02:00.260,n,-3.48427,3.790514,4.405994,1.150946,OverRange,OverRange,OverRange,14.674068,16.662672,-4.084708
2026/06/06 06:03:00.262,n,-3.709566,3.729404,3.789602,0.064954,OverRange,OverRange,OverRange,14.67131,16.660554,-4.117728
2026/06/06 06:04:00.264,n,-3.639129,5.979846,4.293598,0.888167,OverRange,OverRange,OverRange,14.682908,16.653024,-4.09836
2026/06/06 06:05:00.267,n,-3.472209,6.170143,6.118143,0.064139,OverRange,OverRange,OverRange,14.717174,16.660554,-4.067217
2026/06/06 06:06:00.268,n,-3.443214,6.042998,6.072766,0.256697,OverRange,OverRange,OverRange,14.687944,16.6541,-3.993243
2026/06/06 06:07:00.270,n,-3.527764,3.689016,3.744859,0.280783,OverRange,OverRange,OverRange,14.58989,16.647676,-4.002714
2026/06/06 06:08:00.272,n,-3.680185,3.618586,4.506092,1.470092,OverRange,OverRange,OverRange,14.697438,16.641286,-4.065255
2026/06/06 06:09:00.274,n,-3.542647,6.720012,5.005099,1.585673,OverRange,OverRange,OverRange,14.711528,16.639102,-3.895549
2026/06/06 06:10:00.260,n,-3.504542,6.234331,5.321049,1.486725,OverRange,OverRange,OverRange,14.678818,16.630558,-3.901607
2026/06/06 06:11:00.261,n,-3.542647,6.169999,5.380873,1.428286,OverRange,OverRange,OverRange,14.63295,16.628438,-3.895635
2026/06/06 06:12:00.263,n,-3.513266,3.215212,4.866295,1.686814,OverRange,OverRange,OverRange,14.559056,16.625212,-3.952118
2026/06/06 06:13:00.266,n,-3.484013,6.515058,5.319605,1.550917,OverRange,OverRange,OverRange,14.682812,16.621984,-3.888041
2026/06/06 06:14:00.268,n,-3.583447,5.185316,4.672918,1.615757,OverRange,OverRange,OverRange,14.60162,16.61129,-4.078821
2026/06/06 06:15:00.269,n,-3.662737,3.420097,5.215535,1.537533,OverRange,OverRange,OverRange,14.610708,16.606988,-4.104333
2026/06/06 06:16:00.271,n,-3.565997,6.406576,5.081779,1.297566,OverRange,OverRange,OverRange,14.7317,16.60164,-4.09452
2026/06/06 06:17:00.470,n,-3.618858,5.924835,4.93891,1.551262,OverRange,OverRange,OverRange,14.676208,16.588794,-4.133342
2026/06/06 06:18:00.276,n,-3.574722,4.709636,4.817818,1.048119,OverRange,OverRange,OverRange,14.640514,16.589902,-4.230695
2026/06/06 06:19:00.262,n,-3.650677,4.135857,4.549184,0.996216,OverRange,OverRange,OverRange,14.657904,16.584522,-4.203477
2026/06/06 06:20:00.263,n,-3.621552,6.443044,4.897982,1.541479,OverRange,OverRange,OverRange,14.692876,16.583448,-4.170201
2026/06/06 06:21:00.266,n,-3.565869,6.364896,5.022473,1.51504,OverRange,OverRange,OverRange,14.630366,16.587718,-4.100152
2026/06/06 06:22:00.271,n,-3.43744,6.090963,5.731959,1.157839,OverRange,OverRange,OverRange,14.724416,16.58022,-4.123701
2026/06/06 06:23:00.269,n,-3.437312,6.430205,4.638703,1.475844,OverRange,OverRange,OverRange,14.69312,16.58022,-4.168324
2026/06/06 06:24:00.273,n,-3.504542,6.24244,5.276107,1.559343,OverRange,OverRange,OverRange,14.66388,16.57272,-4.217043
2026/06/06 06:25:00.272,n,-3.528149,6.535519,4.866017,1.7346,OverRange,OverRange,OverRange,14.641902,16.569558,-4.259875
2026/06/06 06:26:00.279,n,-3.460791,6.537797,4.903027,1.730539,OverRange,OverRange,OverRange,14.63236,16.567406,-4.123615
2026/06/06 06:27:00.278,n,-3.402542,3.301868,4.592497,1.560126,OverRange,OverRange,OverRange,14.529048,16.567406,-3.999045
2026/06/06 06:28:00.262,n,-3.659785,6.510036,5.009676,1.683886,OverRange,OverRange,OverRange,14.618002,16.563104,-4.057491
2026/06/06 06:29:00.264,n,-3.594994,3.409641,4.837416,1.632661,OverRange,OverRange,OverRange,14.49349,16.557722,-4.148871
2026/06/06 06:30:00.266,n,-3.525198,3.283397,4.997191,1.634083,OverRange,OverRange,OverRange,14.553982,16.555638,-4.078821
2026/06/06 06:31:00.268,n,-3.627325,3.675217,4.90781,1.483619,OverRange,OverRange,OverRange,14.553792,16.553484,-4.148956
2026/06/06 06:32:00.271,n,-3.63605,3.694677,4.59276,1.606753,OverRange,OverRange,OverRange,14.543386,16.548136,-4.11952
2026/06/06 06:33:00.275,n,-3.606926,5.999576,5.289744,1.620354,OverRange,OverRange,OverRange,14.619258,16.549182,-4.110049
2026/06/06 06:34:00.274,n,-3.612828,3.251886,4.444048,1.661632,OverRange,OverRange,OverRange,14.451834,16.535262,-4.166532
2026/06/06 06:35:00.278,n,-3.618858,3.12665,4.892777,1.780574,OverRange,OverRange,OverRange,14.521414,16.535262,-4.096227
2026/06/06 06:36:00.278,n,-3.52802,5.87359,5.335603,1.515696,OverRange,OverRange,OverRange,14.568356,16.529914,-4.065169
2026/06/06 06:37:00.265,n,-3.534051,3.197912,4.828167,1.722802,OverRange,OverRange,OverRange,14.43568,16.53099,-4.119605
2026/06/06 06:38:00.268,n,-3.469515,3.358653,4.872832,1.500982,OverRange,OverRange,OverRange,14.520228,16.526718,-4.080699
2026/06/06 06:39:00.268,n,-3.609877,3.64165,3.923049,0.351708,OverRange,OverRange,OverRange,14.49109,16.514916,-4.127455
2026/06/06 06:40:00.270,n,-3.54547,3.788881,4.56966,1.299779,OverRange,OverRange,OverRange,14.505122,16.52134,-4.032065
2026/06/06 06:41:00.272,n,-3.466693,6.440771,4.603209,1.486312,OverRange,OverRange,OverRange,14.589102,16.511722,-3.938466
2026/06/06 06:42:00.273,n,-3.393561,5.955476,5.997139,0.243244,OverRange,OverRange,OverRange,14.620916,16.50533,-3.95408
2026/06/06 06:43:00.275,n,-3.455017,3.101645,4.762992,1.471361,OverRange,OverRange,OverRange,14.46726,16.500994,-4.117728
2026/06/06 06:44:00.278,n,-3.486964,3.455371,4.544451,1.567954,OverRange,OverRange,OverRange,14.506588,16.49995,-3.977458
2026/06/06 06:45:00.279,n,-3.475417,3.210548,4.882847,1.613768,OverRange,OverRange,OverRange,14.486654,16.498842,-4.073019
2026/06/06 06:46:00.264,n,-3.490044,6.588645,5.349291,1.649034,OverRange,OverRange,OverRange,14.572886,16.504222,-4.051518
2026/06/06 06:47:00.267,n,-3.317094,6.431533,5.022811,1.535514,OverRange,OverRange,OverRange,14.526526,16.498842,-3.973619
2026/06/06 06:48:00.268,n,-3.323381,3.540546,4.90004,1.53287,OverRange,OverRange,OverRange,14.456166,16.498842,-3.997083
2026/06/06 06:49:00.466,n,-3.349425,3.282644,5.106061,1.498499,OverRange,OverRange,OverRange,14.529042,16.4903,-3.948193
2026/06/06 06:50:00.273,n,-3.373033,3.368057,4.903648,1.728185,OverRange,OverRange,OverRange,14.502026,16.487074,-3.973705
2026/06/06 06:51:00.274,n,-3.516474,6.086549,5.238958,1.253348,OverRange,OverRange,OverRange,14.568676,16.487074,-3.996912
2026/06/06 06:52:00.276,n,-3.419606,3.64792,4.636783,1.489046,OverRange,OverRange,OverRange,14.437252,16.48818,-4.037696
2026/06/06 06:53:00.279,n,-3.413704,6.596538,4.775286,1.467838,OverRange,OverRange,OverRange,14.527548,16.48176,-3.938722
2026/06/06 06:54:00.279,n,-3.493122,3.835221,4.630734,1.390936,OverRange,OverRange,OverRange,14.400706,16.48818,-4.059197
2026/06/06 06:55:00.265,n,-3.539568,5.920159,5.396768,1.2137,OverRange,OverRange,OverRange,14.57576,16.482804,-4.034113
2026/06/06 06:56:00.268,n,-3.5719,3.892534,4.229126,0.988967,OverRange,OverRange,OverRange,14.39172,16.476412,-4.121653
2026/06/06 06:57:00.270,n,-3.536617,6.052333,5.022501,1.189816,OverRange,OverRange,OverRange,14.672246,16.475302,-4.121653
2026/06/06 06:58:00.272,n,-3.387659,6.051579,6.009284,0.085403,OverRange,OverRange,OverRange,14.604762,16.466764,-4.22677
2026/06/06 06:59:00.273,n,-3.522247,4.065045,3.945421,0.728439,OverRange,OverRange,OverRange,14.35789,16.466764,-4.224808
2026/06/06 07:00:00.276,n,-3.522247,3.665619,4.999793,1.269499,OverRange,OverRange,OverRange,14.496304,16.463534,-4.152881
2026/06/06 07:01:00.278,n,-3.574979,5.83705,4.629653,1.26521,OverRange,OverRange,OverRange,14.547964,16.48916,-4.168409
2026/06/06 07:02:00.279,n,-3.124257,6.329213,5.869612,0.705101,OverRange,OverRange,OverRange,14.588064,16.477684,-3.924985
2026/06/06 07:03:00.282,n,-3.252687,6.632956,4.179653,1.240793,OverRange,OverRange,OverRange,14.455022,16.468066,-3.992987
2026/06/06 07:04:00.269,n,-3.190974,5.961646,6.097017,0.110223,OverRange,OverRange,OverRange,14.498754,16.465916,-3.940429
2026/06/06 07:05:00.268,n,-3.167751,6.470728,5.37953,1.478167,OverRange,OverRange,OverRange,14.442638,16.465916,-3.948108
2026/06/06 07:06:00.271,n,-3.144273,3.822983,4.494307,1.413733,OverRange,OverRange,OverRange,14.402562,16.461612,-4.004676
2026/06/06 07:07:00.273,n,-3.290536,6.091447,5.34889,1.460821,OverRange,OverRange,OverRange,14.571774,16.458416,-4.028055
2026/06/06 07:08:00.274,n,-3.275909,4.030473,4.558638,1.434545,OverRange,OverRange,OverRange,14.414384,16.460538,-4.127284
2026/06/06 07:09:00.276,n,-3.311192,3.871975,4.969769,1.626083,OverRange,OverRange,OverRange,14.477162,16.460538,-4.022167
2026/06/06 07:10:00.280,n,-3.167751,6.143717,6.117358,0.276462,OverRange,OverRange,OverRange,14.630066,16.451962,-3.917051
2026/06/06 07:11:00.281,n,-3.156076,3.846785,4.448018,1.368458,OverRange,OverRange,OverRange,14.334976,16.447692,-3.913126
2026/06/06 07:12:00.282,n,-3.23806,5.949129,4.952847,1.567527,OverRange,OverRange,OverRange,14.530624,16.44554,-3.85468
2026/06/06 07:13:00.268,n,-3.229208,6.144264,5.269513,1.265881,OverRange,OverRange,OverRange,14.548844,16.446616,-3.862359
2026/06/06 07:14:00.270,n,-3.200083,3.569462,4.805198,1.068619,OverRange,OverRange,OverRange,14.45836,16.446616,-3.883946
2026/06/06 07:15:00.273,n,-3.384452,3.648363,4.393716,1.070782,OverRange,OverRange,OverRange,14.521632,16.44554,-3.985309
2026/06/06 07:16:00.276,n,-3.170702,4.531832,5.059796,1.068458,OverRange,OverRange,OverRange,14.54532,16.443454,-3.854765
2026/06/06 07:17:00.276,n,-3.068318,3.354153,5.749464,1.182526,OverRange,OverRange,OverRange,14.4457,16.436996,-3.807924
2026/06/06 07:18:00.277,n,-3.120921,2.955097,4.926594,1.522487,OverRange,OverRange,OverRange,14.4976,16.436996,-3.835141
2026/06/06 07:19:00.282,n,-3.141578,3.788413,4.496796,1.589686,OverRange,OverRange,OverRange,14.447378,16.440192,-3.788385
2026/06/06 07:20:00.284,n,-3.240883,3.043025,5.334488,1.455699,OverRange,OverRange,OverRange,14.516232,16.431618,-3.858605
2026/06/06 07:21:00.283,n,-3.220483,6.022477,5.833138,1.172919,OverRange,OverRange,OverRange,14.568208,16.430542,-3.827292
2026/06/06 07:22:00.270,n,-3.176604,6.3522,4.512307,1.051048,OverRange,OverRange,OverRange,14.39504,16.430542,-3.776696
2026/06/06 07:23:00.270,n,-3.240883,3.718693,3.777291,0.257478,OverRange,OverRange,OverRange,14.386984,16.425226,-3.776781
2026/06/06 07:24:00.272,n,-3.237932,3.741808,3.811336,0.093506,OverRange,OverRange,OverRange,14.420838,16.424152,-3.601359
2026/06/06 07:25:00.274,n,-3.024439,6.636173,5.713452,1.218012,OverRange,OverRange,OverRange,14.506938,16.424152,-3.570302
2026/06/06 07:26:00.277,n,-2.954259,6.190258,6.147051,0.131612,OverRange,OverRange,OverRange,14.454636,16.424152,-3.463138
2026/06/06 07:27:00.278,n,-2.93681,3.393135,3.943131,0.735549,OverRange,OverRange,OverRange,14.379344,16.41985,-3.288227
2026/06/06 07:28:00.280,n,-2.971836,6.736665,4.474751,1.261875,OverRange,OverRange,OverRange,14.502706,16.420924,-3.247187
2026/06/06 07:29:00.283,n,-2.828139,6.16942,5.279046,1.378108,OverRange,OverRange,OverRange,14.376796,16.41985,-3.093522
2026/06/06 07:30:00.284,n,-2.863422,5.886068,4.347057,0.77362,OverRange,OverRange,OverRange,14.446996,16.417666,-3.003763
2026/06/06 07:31:00.269,n,-2.635174,5.349069,4.790197,1.153858,OverRange,OverRange,OverRange,14.433848,16.420924,-2.787813
2026/06/06 07:32:00.272,n,-2.474285,6.321441,5.181118,1.44694,OverRange,OverRange,OverRange,14.460806,16.414534,-2.589269
2026/06/06 07:33:00.256,n,-2.252067,6.527611,4.868458,1.704339,OverRange,OverRange,OverRange,14.334326,16.417666,-2.303269
2026/06/06 07:34:00.258,n,-1.857157,3.7889,4.960325,1.09915,OverRange,OverRange,OverRange,14.280792,16.414534,-2.057883
2026/06/06 07:35:00.261,n,-1.675739,6.480432,5.278724,1.152961,OverRange,OverRange,OverRange,14.408376,16.410232,-1.62786
2026/06/06 07:36:00.263,n,-1.175622,6.246387,5.285234,1.268188,OverRange,OverRange,OverRange,14.352372,16.411306,-1.194253
2026/06/06 07:37:00.264,n,-0.655362,4.006069,3.796355,0.250999,OverRange,OverRange,OverRange,14.165208,16.406972,-0.707917
2026/06/06 07:38:00.267,n,-0.432888,6.611405,4.729971,1.437802,OverRange,OverRange,OverRange,14.391408,16.406972,-0.410399
2026/06/06 07:39:00.269,n,0.023094,3.347302,5.248787,1.511548,OverRange,OverRange,OverRange,14.30539,16.39846,-0.114843
2026/06/06 07:40:00.271,n,0.239538,6.118305,5.67632,1.048112,OverRange,OverRange,OverRange,14.387178,16.39846,0.023208
2026/06/06 07:41:00.256,n,0.315492,3.360748,4.763202,1.369075,OverRange,OverRange,OverRange,14.220576,16.396278,0.149484
2026/06/06 07:42:00.259,n,0.598781,3.895852,5.413307,0.902109,OverRange,OverRange,OverRange,14.313558,16.396278,0.530533
2026/06/06 07:43:00.262,n,0.856024,3.890208,4.654631,1.233931,OverRange,OverRange,OverRange,14.24289,16.385552,0.847163
2026/06/06 07:44:00.263,n,1.189222,3.289168,4.827118,1.246832,OverRange,OverRange,OverRange,14.31073,16.384476,1.309864
2026/06/06 07:45:00.266,n,1.902319,3.940411,4.560317,1.334529,OverRange,OverRange,OverRange,14.22014,16.379132,2.108052
2026/06/06 07:46:00.267,n,2.673664,6.305604,4.931588,1.273669,OverRange,OverRange,OverRange,14.3246,16.379132,2.844211
2026/06/06 07:47:00.268,n,3.392279,3.251412,4.758957,1.477946,OverRange,OverRange,OverRange,14.098664,16.379132,3.612963
2026/06/06 07:48:00.270,n,3.786419,3.966139,4.295467,1.152656,OverRange,OverRange,OverRange,14.149236,16.36736,4.283168
2026/06/06 07:49:00.276,n,4.519402,6.526191,4.713879,1.11331,OverRange,OverRange,OverRange,14.284536,16.366318,5.115313
2026/06/06 07:50:00.258,n,5.246356,5.553252,4.680364,1.128524,OverRange,OverRange,OverRange,14.19241,16.358818,5.950787
2026/06/06 07:51:00.260,n,6.007822,6.199116,5.544197,1.207723,OverRange,OverRange,OverRange,14.207348,16.359862,6.873375
2026/06/06 07:52:00.262,n,6.848194,6.618525,4.432183,1.183495,OverRange,OverRange,OverRange,14.046754,16.349136,7.813197
2026/06/06 07:53:00.264,n,7.768112,3.279336,5.589442,1.171844,OverRange,OverRange,OverRange,14.081604,16.343758,8.766416
2026/06/06 07:54:00.266,n,8.722672,3.867484,3.916675,0.180953,OverRange,OverRange,OverRange,13.984198,16.336292,9.92526
2026/06/06 07:55:00.268,n,9.759216,3.95082,4.235296,1.214201,OverRange,OverRange,OverRange,13.983044,16.32987,10.906634
2026/06/06 07:56:00.269,n,10.257152,3.245511,4.868132,1.480708,OverRange,OverRange,OverRange,13.99789,16.327718,10.939652
2026/06/06 07:57:00.272,n,11.242888,6.138489,6.075506,0.414339,OverRange,OverRange,OverRange,14.098832,16.323382,11.351418
2026/06/06 07:58:00.258,n,11.435852,6.417486,4.342449,1.025523,OverRange,OverRange,OverRange,13.961056,16.328176,11.458326
2026/06/06 07:59:00.259,n,11.7729,3.112747,4.96956,1.490955,OverRange,OverRange,OverRange,13.941564,16.321166,11.63554
2026/06/06 08:00:00.260,n,14.171102,5.736556,4.971379,1.147266,OverRange,OverRange,OverRange,13.97553,16.316894,13.670386
2026/06/06 08:01:00.267,n,14.884454,6.040105,5.559542,1.118651,OverRange,OverRange,OverRange,13.9436,16.306168,13.71501
2026/06/06 08:02:00.265,n,14.79118,6.298907,4.461949,1.140465,OverRange,OverRange,OverRange,13.956772,16.309364,13.683866
2026/06/06 08:03:00.266,n,15.588956,3.27138,5.54966,1.120695,OverRange,OverRange,OverRange,13.973476,16.306168,14.093584
2026/06/06 08:04:00.269,n,16.039034,6.478755,4.677941,1.434856,OverRange,OverRange,OverRange,14.016586,16.304016,14.865578
2026/06/06 08:05:00.271,n,17.225306,6.388627,5.560884,1.044388,OverRange,OverRange,OverRange,13.99116,16.306168,15.839102
2026/06/06 08:06:00.272,n,16.491938,6.641588,4.272547,1.209437,OverRange,OverRange,OverRange,13.89439,16.30079,14.807302
2026/06/06 08:07:00.257,n,16.825006,4.501899,5.635366,0.712012,OverRange,OverRange,OverRange,13.825222,16.314874,15.016852
2026/06/06 08:08:00.260,n,18.367186,5.180735,6.038821,0.43957,OverRange,OverRange,OverRange,13.918606,16.306302,16.569972
2026/06/06 08:09:00.261,n,19.248998,6.287746,4.865454,1.236256,OverRange,OverRange,OverRange,13.989986,16.31168,17.59503
2026/06/06 08:10:00.264,n,21.271406,6.333308,4.9106,1.285724,OverRange,OverRange,OverRange,13.94574,16.312754,19.661274
2026/06/06 08:11:00.265,n,22.3449,4.116305,4.524827,1.124774,OverRange,OverRange,OverRange,13.899034,16.314874,20.698792
2026/06/06 08:12:00.268,n,23.488318,5.761339,5.761923,0.902401,OverRange,OverRange,OverRange,14.048594,16.314874,21.745352
2026/06/06 08:13:00.269,n,24.814566,3.5526,4.737117,1.447509,OverRange,OverRange,OverRange,13.8101,16.321298,22.860252
2026/06/06 08:14:00.272,n,27.81822,6.180851,5.28429,1.366869,OverRange,OverRange,OverRange,14.043468,16.313766,25.961282
2026/06/06 08:15:00.275,n,29.236204,3.256457,4.269602,1.155161,OverRange,OverRange,OverRange,13.713664,16.319146,27.170724
2026/06/06 08:16:00.258,n,32.312092,6.57877,5.09593,1.475539,OverRange,OverRange,OverRange,13.946584,16.3181,30.068858
2026/06/06 08:17:00.261,n,34.0829,3.444055,4.308486,1.130574,OverRange,OverRange,OverRange,13.787518,16.3256,32.39542
2026/06/06 08:18:00.266,n,36.414388,3.470306,4.30369,1.276629,OverRange,OverRange,OverRange,13.941696,16.324524,35.300892
2026/06/06 08:19:00.266,n,37.13454,6.178718,5.38286,1.311673,OverRange,OverRange,OverRange,14.039454,16.330944,35.138868
2026/06/06 08:20:00.267,n,40.446248,5.973434,4.694386,1.263396,OverRange,OverRange,OverRange,13.95278,16.334142,38.198772
2026/06/06 08:21:00.270,n,47.6021,5.968562,4.911421,1.194449,OverRange,OverRange,OverRange,13.779246,16.33525,46.178004
2026/06/06 08:22:00.271,n,49.179184,6.571761,4.881032,1.266441,OverRange,OverRange,OverRange,13.827144,16.336326,47.7208
2026/06/06 08:23:00.275,n,51.541072,6.14355,6.100489,0.078437,OverRange,OverRange,OverRange,13.958018,16.342748,49.873476
2026/06/06 08:24:00.276,n,49.618092,6.332713,5.862678,0.809588,OverRange,OverRange,OverRange,13.838924,16.348096,48.274028
2026/06/06 08:25:00.263,n,50.890332,3.203746,5.383076,1.312744,OverRange,OverRange,OverRange,13.825002,16.359864,49.516744
2026/06/06 08:26:00.263,n,50.646816,6.654865,4.385996,1.138472,OverRange,OverRange,OverRange,14.029134,16.354548,49.185352
2026/06/06 08:27:00.265,n,49.08334,3.300112,4.802711,1.72749,OverRange,OverRange,OverRange,13.749608,16.359864,46.403428
2026/06/06 08:28:00.267,n,50.565216,6.464438,5.170675,1.414892,OverRange,OverRange,OverRange,13.96839,16.368468,48.325728
2026/06/06 08:29:00.268,n,55.04228,3.646883,4.446522,1.398434,OverRange,OverRange,OverRange,13.776322,16.373816,52.892168
2026/06/06 08:30:00.272,n,59.099028,3.884699,5.061977,1.161443,OverRange,OverRange,OverRange,13.889328,16.379162,57.807404
2026/06/06 08:31:00.274,n,58.67512,6.17777,5.056189,1.523081,OverRange,OverRange,OverRange,13.949626,16.383466,57.912688
2026/06/06 08:32:00.276,n,54.09054,3.94589,3.956795,0.499374,OverRange,OverRange,OverRange,13.742152,16.388814,53.159656
2026/06/06 08:33:00.278,n,53.260304,3.284514,5.109435,1.373338,OverRange,OverRange,OverRange,13.880066,16.392008,52.645936
2026/06/06 08:34:00.262,n,55.909724,6.094228,6.12524,0.152224,OverRange,OverRange,OverRange,13.92709,16.402734,56.535168
2026/06/06 08:35:00.264,n,57.19722,4.055436,4.962595,1.505172,OverRange,OverRange,OverRange,13.848836,16.40169,58.239992
2026/06/06 08:36:00.267,n,61.427948,3.198639,4.908158,1.675629,OverRange,OverRange,OverRange,13.85581,16.402734,64.4871
2026/06/06 08:37:00.268,n,58.821,3.736065,4.871168,1.413823,OverRange,OverRange,OverRange,13.946614,16.402734,61.1359
2026/06/06 08:38:00.270,n,62.412916,6.560402,4.622168,1.424447,OverRange,OverRange,OverRange,14.01114,16.409188,65.116004
2026/06/06 08:39:00.272,n,66.068208,3.697207,4.12301,0.847417,OverRange,OverRange,OverRange,13.758282,16.410264,68.728024
2026/06/06 08:40:00.276,n,65.673164,5.87906,5.348346,1.386271,OverRange,OverRange,OverRange,14.01062,16.423436,67.04966
2026/06/06 08:41:00.277,n,66.060768,4.027874,3.843092,0.281922,OverRange,OverRange,OverRange,13.84013,16.419164,66.928412
2026/06/06 08:42:00.279,n,68.830664,4.591402,5.215627,1.253398,OverRange,OverRange,OverRange,13.927506,16.42236,70.337456
2026/06/06 08:43:00.265,n,70.52512,3.861485,4.831638,1.453584,OverRange,OverRange,OverRange,13.829738,16.426662,71.351768
2026/06/06 08:44:00.266,n,73.780384,6.084725,5.509381,1.226045,OverRange,OverRange,OverRange,13.94194,16.428814,76.556752
2026/06/06 08:45:00.268,n,78.587952,4.344848,5.4268,1.328685,OverRange,OverRange,OverRange,13.711162,16.437358,84.386936
2026/06/06 08:46:00.270,n,76.101216,3.178669,4.565416,1.465805,OverRange,OverRange,OverRange,13.927536,16.437358,81.272928
2026/06/06 08:47:00.273,n,75.458424,3.757091,4.153097,1.224643,OverRange,OverRange,OverRange,13.957356,16.442702,79.426392
2026/06/06 08:48:00.274,n,75.826144,3.1484,4.809882,1.370424,OverRange,OverRange,OverRange,14.01083,16.448082,79.1078
2026/06/06 08:49:00.277,n,77.887168,3.694492,4.206251,1.189041,OverRange,OverRange,OverRange,13.798696,16.448082,81.88
2026/06/06 08:50:00.280,n,80.462168,3.948394,4.290081,1.155797,OverRange,OverRange,OverRange,13.912628,16.45131,86.735328
2026/06/06 08:51:00.280,n,84.014696,5.431117,6.085617,0.380213,OverRange,OverRange,OverRange,13.92384,16.463078,92.185456
2026/06/06 08:52:00.266,n,87.936472,5.103966,4.805353,1.495245,OverRange,OverRange,OverRange,13.923718,16.463078,97.798008
2026/06/06 08:53:00.267,n,89.318392,3.804204,4.316435,1.23582,OverRange,OverRange,OverRange,13.899776,16.471686,98.427104
2026/06/06 08:54:00.269,n,91.492832,3.700418,3.81505,0.116253,OverRange,OverRange,OverRange,14.067342,16.471686,101.6701
2026/06/06 08:55:00.272,n,94.70908,4.191214,4.70418,1.480912,OverRange,OverRange,OverRange,14.045762,16.479118,106.19592
2026/06/06 08:56:00.273,n,95.166104,6.017504,5.796423,1.171953,OverRange,OverRange,OverRange,14.041,16.489844,105.62512
2026/06/06 08:57:00.275,n,95.449648,4.688277,4.381358,1.147401,OverRange,OverRange,OverRange,13.855332,16.494116,105.53726
2026/06/06 08:58:00.278,n,100.7422,3.152209,5.715487,1.272073,OverRange,OverRange,OverRange,13.914902,16.496268,115.87206
2026/06/06 08:59:00.279,n,101.2164,6.258414,4.564992,1.098945,OverRange,OverRange,OverRange,14.07665,16.509146,117.6459
2026/06/06 09:00:00.285,n,99.905672,4.359434,4.641947,1.302852,OverRange,OverRange,OverRange,14.02327,16.509146,115.5393
2026/06/06 09:01:00.267,n,103.21636,4.749112,5.745147,0.871344,OverRange,OverRange,OverRange,13.995814,16.519806,122.0051
2026/06/06 09:02:00.268,n,104.99884,6.159474,5.728533,1.083855,OverRange,OverRange,OverRange,14.109182,16.528412,127.61894
2026/06/06 09:03:00.270,n,103.61434,4.032755,5.087453,1.242462,OverRange,OverRange,OverRange,13.985458,16.534804,125.76192
2026/06/06 09:04:00.272,n,105.01334,3.595678,4.788955,1.156415,OverRange,OverRange,OverRange,14.150066,16.549802,128.8545
2026/06/06 09:05:00.274,n,105.8147,3.8917,4.451086,1.15598,OverRange,OverRange,OverRange,14.08012,16.565874,130.65974
2026/06/06 09:06:00.276,n,105.55272,6.517802,4.276008,1.100684,OverRange,OverRange,OverRange,14.22429,16.569102,129.7427
2026/06/06 09:07:00.278,n,102.9246,3.832385,4.623282,1.289344,OverRange,OverRange,OverRange,14.1294,16.579796,122.8462
2026/06/06 09:08:00.281,n,101.79658,3.687928,4.499631,1.324116,OverRange,OverRange,OverRange,14.203532,16.589416,118.62966
2026/06/06 09:09:00.283,n,103.97218,3.710254,5.134008,1.388585,OverRange,OverRange,OverRange,14.209874,16.609756,121.09666
2026/06/06 09:10:00.267,n,106.55268,3.838595,5.37565,1.472381,OverRange,OverRange,OverRange,14.161678,16.615136,124.72626
2026/06/06 09:11:00.269,n,108.41998,3.659178,3.818308,0.11748,OverRange,OverRange,OverRange,14.189,16.62583,126.93338
2026/06/06 09:12:00.271,n,111.03488,3.787748,5.405905,1.333405,OverRange,OverRange,OverRange,14.129048,16.64513,130.45462
2026/06/06 09:13:00.275,n,116.41056,3.069318,4.9492,1.590257,OverRange,OverRange,OverRange,14.22549,16.652566,140.96194
2026/06/06 09:14:00.276,n,121.15976,3.446893,5.506399,1.196207,OverRange,OverRange,OverRange,14.248464,16.671834,149.96992
2026/06/06 09:15:00.277,n,126.8802,3.782202,4.111974,1.252524,OverRange,OverRange,OverRange,14.276744,16.678292,161.432
2026/06/06 09:16:00.280,n,133.58968,3.109435,4.800149,1.461782,OverRange,OverRange,OverRange,14.305996,16.703948,174.44198
2026/06/06 09:17:00.281,n,139.84154,4.443834,4.076618,0.871916,OverRange,OverRange,OverRange,14.366604,16.715718,185.95072
2026/06/06 09:18:00.284,n,148.70136,3.701102,4.505814,1.393357,OverRange,OverRange,OverRange,14.345338,16.732838,202.3289
2026/06/06 09:19:00.271,n,157.60314,3.871811,3.861481,0.192638,OverRange,OverRange,OverRange,14.445582,16.749922,218.96346
2026/06/06 09:20:00.271,n,159.97682,6.157813,5.807656,0.72519,OverRange,OverRange,OverRange,14.59633,16.771342,220.64924
2026/06/06 09:21:00.274,n,139.76098,3.844178,4.95994,1.232736,OverRange,OverRange,OverRange,14.503262,16.782852,169.02932
2026/06/06 09:22:00.275,n,138.95242,6.137666,5.572263,1.37194,OverRange,OverRange,OverRange,14.641342,16.80535,160.54224
2026/06/06 09:23:00.276,n,142.9359,3.624331,4.687074,1.424825,OverRange,OverRange,OverRange,14.573634,16.832054,164.08056
2026/06/06 09:24:00.280,n,147.0831,3.85442,3.761995,0.119144,OverRange,OverRange,OverRange,14.723378,16.85667,168.77302
2026/06/06 09:25:00.264,n,150.9329,3.679799,4.175748,1.260657,OverRange,OverRange,OverRange,14.67975,16.885526,173.22136
2026/06/06 09:26:00.286,n,155.21328,3.869935,4.000091,0.604765,OverRange,OverRange,OverRange,14.80045,16.915456,178.71662
2026/06/06 09:27:00.268,n,159.84366,6.251785,6.121929,0.393365,OverRange,OverRange,OverRange,14.898158,16.946468,184.91484
2026/06/06 09:28:00.271,n,163.1591,6.081471,5.109147,1.237444,OverRange,OverRange,OverRange,15.02325,16.983834,189.4685
2026/06/06 09:29:00.272,n,170.45826,3.866861,4.538108,1.447478,OverRange,OverRange,OverRange,14.843954,17.010602,200.86768
2026/06/06 09:30:00.257,n,200.68946,6.062156,5.722621,1.295004,OverRange,OverRange,OverRange,14.99902,17.050092,262.54374
2026/06/06 09:31:00.261,n,213.95266,6.665142,5.794413,1.292638,OverRange,OverRange,OverRange,14.852804,17.08534,291.0043
2026/06/06 09:32:00.261,n,216.5849,3.680079,4.421364,1.499951,OverRange,OverRange,OverRange,14.897294,17.118502,295.8458
2026/06/06 09:33:00.263,n,217.29182,3.127656,4.6699,1.30576,OverRange,OverRange,OverRange,14.973654,17.156948,296.50004
2026/06/06 09:34:00.265,n,216.34652,3.876113,4.205898,1.169772,OverRange,OverRange,OverRange,14.986248,17.186718,294.39318
2026/06/06 09:35:00.267,n,209.45072,3.15655,4.940381,1.681788,OverRange,OverRange,OverRange,15.122686,17.227284,279.47598
2026/06/06 09:36:00.268,n,208.83604,3.669222,4.502238,1.467188,OverRange,OverRange,OverRange,15.098628,17.26785,277.98386
2026/06/06 09:37:00.272,n,203.1101,3.614468,4.420473,1.507923,OverRange,OverRange,OverRange,15.131842,17.31373,266.95956
2026/06/06 09:38:00.256,n,196.47846,3.435584,4.98028,1.423017,OverRange,OverRange,OverRange,15.19748,17.351038,253.64192
2026/06/06 09:39:00.258,n,190.3249,6.112411,5.28796,1.434231,OverRange,OverRange,OverRange,15.413728,17.40116,241.48728
2026/06/06 09:40:00.261,n,183.91102,6.071324,5.297071,1.482868,OverRange,OverRange,OverRange,15.26416,17.437486,227.74932
2026/06/06 09:41:00.264,n,180.97906,6.633755,4.982231,1.502503,OverRange,OverRange,OverRange,15.196712,17.484382,221.60828
2026/06/06 09:42:00.264,n,176.65136,6.541589,4.487586,1.639865,OverRange,OverRange,OverRange,15.33018,17.525964,213.40814
2026/06/06 09:43:00.266,n,172.90238,3.123444,5.414372,1.267539,OverRange,OverRange,OverRange,15.32219,17.551172,206.12684
2026/06/06 09:44:00.268,n,170.62054,5.960952,5.667094,0.998999,OverRange,OverRange,OverRange,15.633032,17.586296,203.10124
2026/06/06 09:45:00.269,n,166.41306,6.252721,5.668331,1.226731,OverRange,OverRange,OverRange,15.478268,17.627908,195.3191
2026/06/06 09:46:00.258,n,162.07802,6.626072,4.378402,1.4707,OverRange,OverRange,OverRange,15.285198,17.670502,187.3495
2026/06/06 09:47:00.257,n,158.44696,6.430431,4.4781,1.436292,OverRange,OverRange,OverRange,15.400824,17.704582,181.51238
2026/06/06 09:48:00.260,n,155.9043,3.22007,5.574027,1.153917,OverRange,OverRange,OverRange,15.510722,17.746098,177.73182
2026/06/06 09:49:00.262,n,153.8466,3.68981,4.746307,1.486921,OverRange,OverRange,OverRange,15.360092,17.7823,174.93504
2026/06/06 09:50:00.263,n,149.9537,3.110403,4.704124,1.462391,OverRange,OverRange,OverRange,15.273352,17.804346,168.48154
2026/06/06 09:51:00.266,n,147.35948,3.461935,4.972337,1.749683,OverRange,OverRange,OverRange,15.30064,17.835202,164.01922
2026/06/06 09:52:00.267,n,146.76466,3.531026,4.567919,1.443859,OverRange,OverRange,OverRange,15.41747,17.866054,163.44244
2026/06/06 09:53:00.269,n,147.29376,6.250253,6.22029,0.568007,OverRange,OverRange,OverRange,15.60574,17.906466,164.26144
2026/06/06 09:54:00.271,n,148.58346,5.605047,5.611431,1.239433,OverRange,OverRange,OverRange,15.491374,17.93308,166.40022
2026/06/06 09:55:00.258,n,149.01596,3.818414,5.010831,1.277283,OverRange,OverRange,OverRange,15.371288,17.963934,166.47896
2026/06/06 09:56:00.258,n,150.56648,6.021695,5.286972,1.260791,OverRange,OverRange,OverRange,15.547196,17.997952,168.4522
2026/06/06 09:57:00.261,n,153.05,6.536519,4.589763,1.588396,OverRange,OverRange,OverRange,15.38173,18.033082,171.80988
2026/06/06 09:58:00.262,n,155.87608,6.35976,4.603181,1.530054,OverRange,OverRange,OverRange,15.517446,18.0565,175.72546
2026/06/06 09:59:00.264,n,157.25662,6.3842,5.644917,1.310483,OverRange,OverRange,OverRange,15.433354,18.078026,176.29322
2026/06/06 10:00:00.267,n,159.67238,6.472064,4.772006,1.576802,OverRange,OverRange,OverRange,15.305862,18.094988,179.15644
2026/06/06 10:01:00.269,n,163.0303,4.678076,4.232009,1.091227,OverRange,OverRange,OverRange,15.273178,18.125842,183.6455
2026/06/06 10:02:00.270,n,166.93858,3.527444,4.769651,1.708068,OverRange,OverRange,OverRange,15.386108,18.141792,188.7993
2026/06/06 10:03:00.272,n,169.37092,6.095462,6.206819,0.216401,OverRange,OverRange,OverRange,15.54566,18.16518,191.95092
2026/06/06 10:04:00.258,n,172.43358,3.285286,4.931494,1.494257,OverRange,OverRange,OverRange,15.265066,18.185338,195.3852
2026/06/06 10:05:00.260,n,174.91042,3.564419,4.895596,1.608128,OverRange,OverRange,OverRange,15.243958,18.214074,198.28276
2026/06/06 10:06:00.261,n,179.78882,6.06201,5.834965,1.273974,OverRange,OverRange,OverRange,15.357184,18.244636,205.6556
2026/06/06 10:07:00.264,n,183.47504,3.264737,4.586258,1.401189,OverRange,OverRange,OverRange,15.211736,18.260586,210.83782
2026/06/06 10:08:00.266,n,187.0431,3.769351,4.150997,1.127631,OverRange,OverRange,OverRange,15.326416,18.283944,215.83528
2026/06/06 10:09:00.267,n,190.21174,4.849415,3.85486,0.489731,OverRange,OverRange,OverRange,15.490596,18.30945,219.97802
2026/06/06 10:10:00.269,n,192.64546,6.172221,5.800714,1.148763,OverRange,OverRange,OverRange,15.716614,18.330684,222.54596
2026/06/06 10:11:00.272,n,196.73558,3.184958,5.356317,1.228527,OverRange,OverRange,OverRange,15.442318,18.352996,228.07814
2026/06/06 10:12:00.275,n,199.83776,3.570678,3.594008,0.065644,OverRange,OverRange,OverRange,15.442358,18.386954,232.12722
2026/06/06 10:13:00.261,n,202.82154,5.945054,4.095232,1.020814,OverRange,OverRange,OverRange,15.562664,18.404994,236.0765
2026/06/06 10:14:00.263,n,204.43864,3.532536,4.502388,1.50927,OverRange,OverRange,OverRange,15.53475,18.43047,237.1454
2026/06/06 10:15:00.266,n,204.22862,6.276452,5.476689,1.441025,OverRange,OverRange,OverRange,15.588558,18.459992,234.81954
2026/06/06 10:16:00.265,n,205.49932,3.809921,5.885128,1.020871,OverRange,OverRange,OverRange,15.403082,18.490982,235.23078
2026/06/06 10:17:00.267,n,205.50792,6.134387,5.372328,1.611587,OverRange,OverRange,OverRange,15.564626,18.518776,234.00318
2026/06/06 10:18:00.270,n,206.56304,6.448356,5.595742,1.234923,OverRange,OverRange,OverRange,15.53323,18.542262,234.58992
2026/06/06 10:19:00.270,n,207.19198,3.057078,4.859177,1.447183,OverRange,OverRange,OverRange,15.454052,18.570022,234.64556
2026/06/06 10:20:00.272,n,206.97294,6.344136,5.266875,1.691861,OverRange,OverRange,OverRange,15.616064,18.594554,233.47136
2026/06/06 10:21:00.277,n,206.01122,3.310295,4.811405,1.508641,OverRange,OverRange,OverRange,15.494766,18.619118,231.0346
2026/06/06 10:22:00.260,n,203.9507,6.500077,4.201074,1.169062,OverRange,OverRange,OverRange,15.66716,18.650078,226.7665
2026/06/06 10:23:00.264,n,201.60408,6.200416,5.822161,0.979446,OverRange,OverRange,OverRange,15.662634,18.67784,221.998
2026/06/06 10:24:00.264,n,201.38584,3.6118,4.002024,1.130912,OverRange,OverRange,OverRange,15.317384,18.703448,221.46954
2026/06/06 10:25:00.266,n,203.04582,3.738794,4.44201,1.15718,OverRange,OverRange,OverRange,15.435246,18.73444,224.78412
2026/06/06 10:26:00.269,n,205.47492,6.18855,6.246487,0.12992,OverRange,OverRange,OverRange,15.781602,18.75897,229.3631
2026/06/06 10:27:00.270,n,207.3426,5.62012,5.50603,1.335101,OverRange,OverRange,OverRange,15.662552,18.765626,232.12122
2026/06/06 10:28:00.272,n,208.48284,6.644924,5.127363,1.561219,OverRange,OverRange,OverRange,15.454346,18.794466,234.19328
2026/06/06 10:29:00.273,n,212.14748,4.044743,4.002347,1.267782,OverRange,OverRange,OverRange,15.392268,18.814724,239.78546
2026/06/06 10:30:00.276,n,217.91924,4.634153,4.961058,1.549548,OverRange,OverRange,OverRange,15.529994,18.839258,249.04406
2026/06/06 10:31:00.262,n,229.97234,3.198791,4.813049,1.305736,OverRange,OverRange,OverRange,15.440832,18.864868,269.72004
2026/06/06 10:32:00.264,n,239.7763,5.731284,4.67357,1.341075,OverRange,OverRange,OverRange,15.762482,18.8926,286.90966
2026/06/06 10:33:00.265,n,251.15624,6.181753,5.086667,1.460248,OverRange,OverRange,OverRange,15.800634,18.924898,306.37916
2026/06/06 10:34:00.267,n,260.6709,4.158638,5.574113,1.003997,OverRange,OverRange,OverRange,15.71575,18.948356,323.17966
2026/06/06 10:35:00.271,n,266.18054,4.298897,4.118382,0.730705,OverRange,OverRange,OverRange,15.938778,18.981436,333.24308
2026/06/06 10:36:00.271,n,272.55994,5.091919,4.496567,1.054287,OverRange,OverRange,OverRange,16.149934,19.013376,344.06996
2026/06/06 10:37:00.274,n,275.79258,3.210836,5.211565,1.672977,OverRange,OverRange,OverRange,16.177894,19.051744,349.2598
2026/06/06 10:38:00.275,n,278.27532,5.310869,5.491352,1.270286,OverRange,OverRange,OverRange,16.087198,19.090016,352.76712
2026/06/06 10:39:00.277,n,280.22372,3.727164,5.338359,1.439222,OverRange,OverRange,OverRange,16.034358,19.128354,354.57876
2026/06/06 10:40:00.263,n,277.35104,2.949782,4.399008,1.552882,OverRange,OverRange,OverRange,16.030864,19.17315,348.99736
2026/06/06 10:41:00.265,n,274.51716,6.327865,5.105733,1.56338,OverRange,OverRange,OverRange,16.090372,19.21785,341.92528
2026/06/06 10:42:00.265,n,260.76022,3.075664,4.626601,1.57928,OverRange,OverRange,OverRange,15.792038,19.25511,315.95944
2026/06/06 10:43:00.268,n,246.78516,5.181949,5.476357,1.242312,OverRange,OverRange,OverRange,16.021434,19.29743,288.19052
2026/06/06 10:44:00.270,n,238.268,6.17739,5.255063,1.613516,OverRange,OverRange,OverRange,16.192744,19.332602,270.67258
2026/06/06 10:45:00.272,n,232.91724,4.478643,4.015811,1.362781,OverRange,OverRange,OverRange,16.070262,19.367744,259.1475
2026/06/06 10:46:00.275,n,232.5785,2.968428,4.684891,1.762383,OverRange,OverRange,OverRange,16.27717,19.404974,257.5588
2026/06/06 10:47:00.276,n,235.8108,6.325641,6.203503,0.154778,OverRange,OverRange,OverRange,16.447348,19.45284,262.82718
2026/06/06 10:48:00.281,n,233.68486,5.676646,4.965159,1.368836,OverRange,OverRange,OverRange,16.19752,19.493268,258.63488
2026/06/06 10:49:00.263,n,231.79328,4.790122,3.634376,0.584899,OverRange,OverRange,OverRange,16.313666,19.53047,254.8022
2026/06/06 10:50:00.266,n,230.1657,5.479111,4.782076,1.556811,OverRange,OverRange,OverRange,16.387344,19.547304,251.29154
2026/06/06 10:51:00.267,n,228.38076,3.349981,4.331807,1.650872,OverRange,OverRange,OverRange,16.496902,19.573836,247.50666
2026/06/06 10:52:00.269,n,226.81112,6.4634,4.84258,1.825843,OverRange,OverRange,OverRange,16.475718,19.613188,244.29942
2026/06/06 10:53:00.272,n,224.38288,6.483446,4.825156,1.858767,OverRange,OverRange,OverRange,16.343238,19.649346,239.40412
2026/06/06 10:54:00.274,n,222.0495,6.415118,4.755843,1.895075,OverRange,OverRange,OverRange,16.408118,19.68762,234.12776
2026/06/06 10:55:00.277,n,220.50512,3.43953,4.754165,1.672736,OverRange,OverRange,OverRange,16.520712,19.71735,230.50342
2026/06/06 10:56:00.278,n,218.44396,3.213637,4.185177,1.401881,OverRange,OverRange,OverRange,16.475368,19.741824,226.15388
2026/06/06 10:57:00.279,n,216.94452,5.914899,3.995029,1.062503,OverRange,OverRange,OverRange,16.679042,19.762054,222.5009
2026/06/06 10:58:00.266,n,216.81698,3.609666,3.657822,0.292969,OverRange,OverRange,OverRange,16.2474,19.794948,221.04558
2026/06/06 10:59:00.269,n,217.18572,6.612686,5.300776,1.401139,OverRange,OverRange,OverRange,16.375992,19.826802,220.36146
2026/06/06 11:00:00.272,n,218.1585,3.369503,5.640238,1.185267,OverRange,OverRange,OverRange,16.356904,19.856562,220.91964
2026/06/06 11:01:00.271,n,218.33158,3.212711,4.823484,1.565754,OverRange,OverRange,OverRange,16.35589,19.884106,220.87508
2026/06/06 11:02:00.274,n,216.80828,3.742931,4.670053,1.323692,OverRange,OverRange,OverRange,16.470084,19.908546,217.8053
2026/06/06 11:03:00.275,n,214.58906,6.290734,5.425943,1.186527,OverRange,OverRange,OverRange,16.810502,19.941442,214.15838
2026/06/06 11:04:00.277,n,213.04406,6.01035,6.145643,0.244882,OverRange,OverRange,OverRange,16.842498,19.969084,211.9167
2026/06/06 11:05:00.279,n,210.9276,3.440539,4.274583,1.563203,OverRange,OverRange,OverRange,16.638,19.989252,209.23786
2026/06/06 11:06:00.280,n,209.3355,3.358075,4.174477,1.074709,OverRange,OverRange,OverRange,16.503348,20.013662,207.25488
2026/06/06 11:07:00.266,n,208.54798,2.974371,4.676326,1.680548,OverRange,OverRange,OverRange,16.617178,20.03912,206.792
2026/06/06 11:08:00.268,n,207.71172,4.814788,5.380677,1.280896,OverRange,OverRange,OverRange,16.60054,20.06562,206.2921
2026/06/06 11:09:00.269,n,206.47388,3.442996,3.88676,0.869261,OverRange,OverRange,OverRange,16.670878,20.084744,205.28814
2026/06/06 11:10:00.272,n,204.52102,4.05525,3.618967,0.219165,OverRange,OverRange,OverRange,16.832178,20.112288,203.4013
2026/06/06 11:11:00.273,n,202.09356,3.31462,4.996602,1.51643,OverRange,OverRange,OverRange,16.87439,20.128214,200.65624
2026/06/06 11:12:00.279,n,199.61544,6.037383,5.219844,1.548963,OverRange,OverRange,OverRange,16.783692,20.142314,198.1238
2026/06/06 11:13:00.279,n,197.32166,5.291034,5.132281,1.61404,OverRange,OverRange,OverRange,16.576264,20.163526,195.86402
2026/06/06 11:14:00.279,n,195.70146,4.029564,4.289239,1.492322,OverRange,OverRange,OverRange,16.58695,20.18363,194.67586
2026/06/06 11:15:00.613,n,192.96276,3.631277,4.331617,1.480466,OverRange,OverRange,OverRange,16.628138,20.206968,191.47124
2026/06/06 11:16:00.267,n,190.54658,5.055275,6.182476,0.574795,OverRange,OverRange,OverRange,16.897208,20.217866,188.27764
2026/06/06 11:17:00.269,n,190.50746,6.239345,5.006214,1.314849,OverRange,OverRange,OverRange,16.703242,20.22955,188.84086
2026/06/06 11:18:00.270,n,190.53608,6.492563,5.161973,1.686375,OverRange,OverRange,OverRange,16.626318,20.244402,188.79418
2026/06/06 11:19:00.273,n,192.33448,2.990693,4.803793,1.628417,OverRange,OverRange,OverRange,16.68072,20.258142,190.68286
2026/06/06 11:20:00.276,n,195.17042,6.487608,4.861889,1.824562,OverRange,OverRange,OverRange,16.659414,20.267672,193.93056
2026/06/06 11:21:00.276,n,201.01622,6.129113,5.215809,1.668014,OverRange,OverRange,OverRange,16.738382,20.284674,201.45214
2026/06/06 11:22:00.280,n,207.40968,3.163368,4.712216,1.7247,OverRange,OverRange,OverRange,16.688956,20.292052,209.33776
2026/06/06 11:23:00.264,n,213.50286,6.401318,5.053029,1.272801,OverRange,OverRange,OverRange,16.66511,20.301582,216.93304
2026/06/06 11:24:00.282,n,219.30884,4.153301,4.828707,1.682143,OverRange,OverRange,OverRange,16.538122,20.318554,223.61982
2026/06/06 11:25:00.269,n,222.02934,6.383321,5.662506,1.051398,OverRange,OverRange,OverRange,16.655116,20.328084,225.5662
2026/06/06 11:26:00.269,n,225.00824,3.314657,4.619463,1.71535,OverRange,OverRange,OverRange,16.668386,20.343978,228.39164
2026/06/06 11:27:00.272,n,232.1804,6.685637,4.956712,1.806223,OverRange,OverRange,OverRange,16.67682,20.354588,239.87632
2026/06/06 11:28:00.275,n,245.44568,5.007385,4.989839,1.589604,OverRange,OverRange,OverRange,16.609702,20.367282,263.10928
2026/06/06 11:29:00.276,n,252.21882,2.999299,4.965181,1.682437,OverRange,OverRange,OverRange,16.638498,20.382134,274.92716
2026/06/06 11:30:00.278,n,259.12308,2.892107,4.692343,1.86307,OverRange,OverRange,OverRange,16.678274,20.401162,286.00314
2026/06/06 11:31:00.262,n,270.39332,6.385627,5.596468,1.489827,OverRange,OverRange,OverRange,16.771266,20.40648,304.22538
2026/06/06 11:32:00.281,n,291.55002,6.660449,4.47571,1.42986,OverRange,OverRange,OverRange,16.760492,20.425542,338.947
2026/06/06 11:33:00.283,n,333.51612,3.654578,3.482701,0.199203,OverRange,OverRange,OverRange,16.611414,20.438208,409.19432
2026/06/06 11:34:00.270,n,382.9602,6.395175,3.971571,1.192382,OverRange,OverRange,OverRange,16.876236,20.456254,499.45456
2026/06/06 11:35:00.271,n,394.34556,3.140609,4.486846,1.298606,OverRange,OverRange,OverRange,16.85311,20.480572,517.9528
2026/06/06 11:36:00.273,n,432.00664,5.24652,4.439939,1.325394,OverRange,OverRange,OverRange,17.090936,20.503878,585.34136
2026/06/06 11:37:00.258,n,465.3632,3.206592,4.263856,1.434532,OverRange,OverRange,OverRange,17.198938,20.523102,643.12944
2026/06/06 11:38:00.278,n,497.74392,6.535424,5.669808,1.423145,OverRange,OverRange,OverRange,17.496072,20.555938,704.68088
2026/06/06 11:39:00.279,n,476.32024,6.305021,4.813022,1.840561,OverRange,OverRange,OverRange,17.522882,20.605682,674.48624
2026/06/06 11:40:00.283,n,435.24852,6.652452,5.723175,1.294091,OverRange,OverRange,OverRange,17.661504,20.65115,604.08412
2026/06/06 11:41:00.267,n,438.97888,3.578432,4.346453,1.597504,OverRange,OverRange,OverRange,17.732682,20.70932,607.00952
2026/06/06 11:42:00.268,n,503.48192,4.538119,4.873369,1.395613,OverRange,OverRange,OverRange,18.075888,20.769608,718.1044
2026/06/06 11:43:00.270,n,517.55568,5.764982,4.350902,1.436092,OverRange,OverRange,OverRange,18.188848,20.838352,749.51776
2026/06/06 11:44:00.272,n,500.56656,3.702538,5.124466,1.524064,OverRange,OverRange,OverRange,18.41687,20.900082,720.598
2026/06/06 11:45:00.258,n,502.64608,3.267835,4.418912,1.344889,OverRange,OverRange,OverRange,18.383306,20.977218,722.63144
2026/06/06 11:46:00.260,n,484.35264,3.157396,4.361901,1.666655,OverRange,OverRange,OverRange,18.815592,21.055338,691.3936
2026/06/06 11:47:00.264,n,423.94508,6.385792,4.926663,1.688202,OverRange,OverRange,OverRange,19.192032,21.142988,589.04876
2026/06/06 11:48:00.264,n,400.5286,6.396462,4.731666,1.86683,OverRange,OverRange,OverRange,19.165502,21.23071,544.70344
2026/06/06 11:49:00.265,n,357.28372,3.527978,4.821586,1.732813,OverRange,OverRange,OverRange,19.140142,21.319902,468.81192
2026/06/06 11:50:00.267,n,356.86524,6.350155,4.778616,1.798672,OverRange,OverRange,OverRange,19.30807,21.411378,465.4236
2026/06/06 11:51:00.269,n,369.21828,6.327523,4.480757,1.556949,OverRange,OverRange,OverRange,19.44518,21.492054,483.64812
2026/06/06 11:52:00.271,n,413.70756,6.278503,5.201593,1.326968,OverRange,OverRange,OverRange,19.762522,21.577988,558.21528
2026/06/06 11:53:00.256,n,421.38972,2.829939,4.671915,1.708056,OverRange,OverRange,OverRange,19.662836,21.6713,575.2068
2026/06/06 11:54:00.259,n,417.35476,2.884645,4.662828,1.814272,OverRange,OverRange,OverRange,19.658468,21.759296,565.62896
2026/06/06 11:55:00.260,n,385.57848,6.266495,4.825107,1.725952,OverRange,OverRange,OverRange,19.782684,21.836224,507.40856
2026/06/06 11:56:00.262,n,378.0768,6.580628,4.670917,1.71033,OverRange,OverRange,OverRange,20.017068,21.92308,486.96672
2026/06/06 11:57:00.265,n,418.68552,6.530312,4.642458,1.536786,OverRange,OverRange,OverRange,20.3422,22.017288,548.08012
2026/06/06 11:58:00.269,n,452.69936,4.185265,4.50566,1.566055,OverRange,OverRange,OverRange,20.886938,22.108264,604.6064
2026/06/06 11:59:00.269,n,451.24852,6.520854,5.221913,1.81043,OverRange,OverRange,OverRange,21.20989,22.205278,597.87004
2026/06/06 12:00:00.270,n,425.79592,3.619064,4.256398,1.690113,OverRange,OverRange,OverRange,21.221206,22.298284,555.38208
2026/06/06 12:01:00.271,n,371.50808,6.007205,4.625172,1.542529,OverRange,OverRange,OverRange,21.548742,22.401872,458.41188
2026/06/06 12:02:00.258,n,358.41484,6.30952,4.884506,1.588556,OverRange,OverRange,OverRange,21.310008,22.507686,432.47464
2026/06/06 12:03:00.261,n,354.53128,3.256561,3.705259,1.297383,OverRange,OverRange,OverRange,21.338028,22.612226,425.75664
2026/06/06 12:04:00.262,n,341.30348,3.028114,5.110291,1.372616,OverRange,OverRange,OverRange,21.8332,22.717782,409.9364
2026/06/06 12:05:00.264,n,325.09274,6.082682,4.86894,1.489859,OverRange,OverRange,OverRange,22.082392,22.81802,388.91012
2026/06/06 12:06:00.269,n,319.07136,6.342713,5.363701,1.370438,OverRange,OverRange,OverRange,21.966018,22.918162,386.00832
2026/06/06 12:07:00.269,n,304.08262,6.426786,4.464698,1.600117,OverRange,OverRange,OverRange,22.02916,22.993352,367.4796
2026/06/06 12:08:00.270,n,301.97574,6.163186,6.260616,0.108759,OverRange,OverRange,OverRange,22.166534,23.077688,366.68076
2026/06/06 12:09:00.271,n,296.33024,5.08245,5.974547,0.450318,OverRange,OverRange,OverRange,21.918344,23.173492,363.22668
2026/06/06 12:10:00.257,n,311.86172,5.883365,4.882707,1.20951,OverRange,OverRange,OverRange,21.630168,23.243986,390.65616
2026/06/06 12:11:00.261,n,335.26306,5.945735,4.417909,1.199282,OverRange,OverRange,OverRange,21.379832,23.316634,430.014
2026/06/06 12:12:00.262,n,330.71362,3.026749,3.700742,1.288451,OverRange,OverRange,OverRange,21.16918,23.380724,420.83916
2026/06/06 12:13:00.265,n,375.8788,6.17284,4.782114,1.415425,OverRange,OverRange,OverRange,21.061244,23.435442,502.47916
2026/06/06 12:14:00.265,n,431.72964,3.66844,4.100665,1.09381,OverRange,OverRange,OverRange,20.955714,23.479574,607.39964
2026/06/06 12:15:00.268,n,305.16556,3.491241,4.476836,1.408986,OverRange,OverRange,OverRange,20.976908,23.529006,403.34232
2026/06/06 12:16:00.270,n,272.9025,6.071589,5.675072,1.026538,OverRange,OverRange,OverRange,20.878104,23.57,352.59164
2026/06/06 12:17:00.272,n,265.5769,5.912561,4.908111,1.369367,OverRange,OverRange,OverRange,20.606898,23.584084,346.57728
2026/06/06 12:18:00.274,n,264.4408,6.069197,4.707736,1.185235,OverRange,OverRange,OverRange,20.43251,23.60512,350.1118
2026/06/06 12:19:00.259,n,258.51548,6.060534,4.756771,1.207213,OverRange,OverRange,OverRange,20.320002,23.619792,342.27652
2026/06/06 12:20:00.265,n,308.95776,3.159757,5.165209,1.582133,OverRange,OverRange,OverRange,20.163416,23.62505,425.78284
2026/06/06 12:21:00.263,n,363.9952,6.00965,4.850309,1.573347,OverRange,OverRange,OverRange,20.174674,23.635274,524.01448
2026/06/06 12:22:00.267,n,404.7844,6.375943,6.162884,0.110995,OverRange,OverRange,OverRange,20.200616,23.631058,590.67144
2026/06/06 12:23:00.269,n,428.26024,3.522909,4.609216,1.470243,OverRange,OverRange,OverRange,20.063482,23.631058,638.846
2026/06/06 12:24:00.270,n,336.3026,3.101379,4.527844,1.526225,OverRange,OverRange,OverRange,20.09574,23.646806,494.2756
2026/06/06 12:25:00.273,n,354.90848,6.089965,5.208551,1.521137,OverRange,OverRange,OverRange,20.154062,23.655236,516.9112
2026/06/06 12:26:00.276,n,347.94048,3.548282,5.072367,1.360424,OverRange,OverRange,OverRange,20.051722,23.655236,521.99476
2026/06/06 12:27:00.275,n,275.3397,6.358412,5.048135,1.409607,OverRange,OverRange,OverRange,20.028168,23.662584,393.71452
2026/06/06 12:28:00.326,n,264.35702,6.003362,4.872307,1.463262,OverRange,OverRange,OverRange,19.94877,23.67412,374.7274
2026/06/06 12:29:00.263,n,297.9281,3.5603,4.7975,1.413581,OverRange,OverRange,OverRange,20.132532,23.685716,430.25936
2026/06/06 12:30:00.265,n,393.30984,3.460137,4.779611,1.520026,OverRange,OverRange,OverRange,20.238108,23.686728,592.38544
2026/06/06 12:31:00.268,n,326.77902,3.319949,5.110008,1.526167,OverRange,OverRange,OverRange,20.45112,23.698262,489.41488
2026/06/06 12:32:00.270,n,298.3433,3.378113,4.136425,1.304562,OverRange,OverRange,OverRange,20.622046,23.709826,437.20492
2026/06/06 12:33:00.270,n,275.12284,6.200689,4.851427,1.260549,OverRange,OverRange,OverRange,20.854258,23.727728,394.76684
2026/06/06 12:34:00.272,n,405.97268,2.978407,4.461159,1.617827,OverRange,OverRange,OverRange,20.613532,23.744488,608.55644
2026/06/06 12:35:00.274,n,492.62728,6.185708,4.633206,1.296661,OverRange,OverRange,OverRange,20.99349,23.763404,761.08352
2026/06/06 12:36:00.276,n,544.9134,6.350389,4.962489,1.512748,OverRange,OverRange,OverRange,20.790588,23.799084,855.79904
2026/06/06 12:37:00.263,n,474.82796,4.016893,4.773818,1.497074,OverRange,OverRange,OverRange,20.868234,23.832668,746.02784
2026/06/06 12:38:00.263,n,424.1116,4.778425,4.698385,1.352393,OverRange,OverRange,OverRange,20.906408,23.871514,654.18964
2026/06/06 12:39:00.266,n,398.93192,3.255947,5.044806,1.488935,OverRange,OverRange,OverRange,21.087042,23.920098,610.93
2026/06/06 12:40:00.267,n,463.81076,5.433587,4.608551,1.546456,OverRange,OverRange,OverRange,21.424048,23.969694,721.77152
2026/06/06 12:41:00.270,n,451.77328,5.539558,4.60636,1.561949,OverRange,OverRange,OverRange,21.420816,24.027784,706.59928
2026/06/06 12:42:00.272,n,369.95524,5.419399,4.666816,1.099513,OverRange,OverRange,OverRange,21.397156,24.078068,570.89044
2026/06/06 12:43:00.273,n,337.20268,6.156,5.038287,1.505896,OverRange,OverRange,OverRange,21.498164,24.12025,504.50412
2026/06/06 12:44:00.275,n,447.6804,6.200773,4.700743,1.704285,OverRange,OverRange,OverRange,21.76626,24.17086,693.5276
2026/06/06 12:45:00.278,n,375.50684,5.991171,4.844842,1.533556,OverRange,OverRange,OverRange,22.013758,24.225788,575.80004
2026/06/06 12:46:00.263,n,405.84424,4.248507,4.502968,1.371396,OverRange,OverRange,OverRange,22.197698,24.277446,627.03548
2026/06/06 12:47:00.267,n,360.56016,5.871626,4.899242,1.263362,OverRange,OverRange,OverRange,22.37555,24.332276,555.50348
2026/06/06 12:48:00.267,n,440.09608,3.134907,5.05089,1.201682,OverRange,OverRange,OverRange,22.042368,24.383938,683.73952
2026/06/06 12:49:00.269,n,451.54768,6.117135,3.919867,1.078641,OverRange,OverRange,OverRange,21.950622,24.425306,723.00552
2026/06/06 12:50:00.275,n,461.41568,5.973745,5.494931,1.130793,OverRange,OverRange,OverRange,21.998774,24.46115,735.75848
2026/06/06 12:51:00.274,n,431.00932,3.478097,4.886454,1.376535,OverRange,OverRange,OverRange,22.136252,24.505398,690.1652
2026/06/06 12:52:00.275,n,467.34084,3.473491,4.521777,1.416667,OverRange,OverRange,OverRange,22.361792,24.55386,752.94488
2026/06/06 12:53:00.277,n,411.7574,3.352829,4.335145,1.508683,OverRange,OverRange,OverRange,22.480988,24.600588,670.48028
2026/06/06 12:54:00.280,n,354.28636,3.414611,3.971047,1.027339,OverRange,OverRange,OverRange,22.197448,24.64274,567.716
2026/06/06 12:55:00.264,n,393.88492,3.298042,4.67098,1.399793,OverRange,OverRange,OverRange,22.161422,24.684834,630.17864
2026/06/06 12:56:00.266,n,486.77652,3.648874,4.518191,1.49558,OverRange,OverRange,OverRange,22.250116,24.72797,797.42608
2026/06/06 12:57:00.267,n,443.22316,3.518965,3.591938,0.056255,OverRange,OverRange,OverRange,22.636688,24.765878,731.12864
2026/06/06 12:58:00.270,n,458.95752,6.070826,4.533414,1.216225,OverRange,OverRange,OverRange,22.349244,24.805976,753.54392
2026/06/06 12:59:00.274,n,491.02236,6.097986,4.277068,1.40143,OverRange,OverRange,OverRange,22.37825,24.84699,812.65072
2026/06/06 13:00:00.273,n,486.56544,5.859668,4.718586,1.46993,OverRange,OverRange,OverRange,22.720688,24.882712,809.54392
2026/06/06 13:01:00.276,n,480.4706,5.98956,4.910128,1.513349,OverRange,OverRange,OverRange,23.009292,24.92585,800.19168
2026/06/06 13:02:00.281,n,479.34572,3.350871,4.367522,1.491247,OverRange,OverRange,OverRange,23.029124,24.977358,798.77128
2026/06/06 13:03:00.280,n,479.84724,6.059619,4.709833,1.447703,OverRange,OverRange,OverRange,22.92157,25.015594,801.0432
2026/06/06 13:04:00.265,n,484.01076,3.679921,4.344289,1.283919,OverRange,OverRange,OverRange,22.89186,25.057658,808.55648
2026/06/06 13:05:00.270,n,481.03272,3.007877,4.249191,1.365629,OverRange,OverRange,OverRange,22.88642,25.102856,804.6684
2026/06/06 13:06:00.269,n,483.05592,5.82698,5.200323,1.303096,OverRange,OverRange,OverRange,23.043752,25.146814,809.11544
2026/06/06 13:07:00.271,n,480.18828,6.003979,4.190214,1.28421,OverRange,OverRange,OverRange,23.22672,25.18146,804.83552
2026/06/06 13:08:00.273,n,475.98088,6.539522,4.180845,1.175457,OverRange,OverRange,OverRange,22.980148,25.23333,797.79712
2026/06/06 13:09:00.275,n,465.14124,5.839022,5.64402,0.713173,OverRange,OverRange,OverRange,22.766296,25.270068,783.9392
2026/06/06 13:10:00.277,n,422.05652,6.513532,5.105526,1.333763,OverRange,OverRange,OverRange,22.678742,25.31419,713.6572
2026/06/06 13:11:00.280,n,452.8246,3.598585,3.963806,1.014134,OverRange,OverRange,OverRange,22.77497,25.346682,761.88424
2026/06/06 13:12:00.282,n,478.66316,3.101754,5.457616,1.157322,OverRange,OverRange,OverRange,22.883566,25.385544,810.09032
2026/06/06 13:13:00.269,n,477.85124,6.164552,4.989496,1.297193,OverRange,OverRange,OverRange,22.9383,25.427478,810.60392
2026/06/06 13:14:00.268,n,475.40028,3.369879,4.426181,1.272495,OverRange,OverRange,OverRange,22.736532,25.464186,807.04104
2026/06/06 13:15:00.272,n,475.02104,3.439948,4.811999,1.559347,OverRange,OverRange,OverRange,22.684464,25.509294,806.8508
2026/06/06 13:16:00.272,n,474.5602,3.293098,4.238524,1.247528,OverRange,OverRange,OverRange,22.767298,25.543874,803.42752
2026/06/06 13:17:00.275,n,472.45812,5.070846,4.870597,1.070204,OverRange,OverRange,OverRange,22.985648,25.568162,797.022
2026/06/06 13:18:00.276,n,469.85652,6.318389,6.107638,0.201708,OverRange,OverRange,OverRange,22.953034,25.605884,790.55568
2026/06/06 13:19:00.278,n,476.98856,3.770843,4.154356,0.989853,OverRange,OverRange,OverRange,22.767892,25.65413,794.18816
2026/06/06 13:20:00.280,n,503.8826,3.524605,3.951391,1.013457,OverRange,OverRange,OverRange,22.726968,25.692868,830.81008
2026/06/06 13:21:00.281,n,524.18872,6.083572,5.227296,1.306665,OverRange,OverRange,OverRange,22.816202,25.736898,854.68328
2026/06/06 13:22:00.268,n,544.34864,3.638998,4.560753,1.334911,OverRange,OverRange,OverRange,23.072196,25.781944,876.43872
2026/06/06 13:23:00.268,n,563.63116,4.367535,4.377903,1.477953,OverRange,OverRange,OverRange,23.211608,25.8333,898.71584
2026/06/06 13:24:00.271,n,582.95228,5.823975,5.291816,1.155488,OverRange,OverRange,OverRange,23.429718,25.874132,925.27056
2026/06/06 13:25:00.276,n,595.46424,6.255305,4.850501,1.520551,OverRange,OverRange,OverRange,23.401682,25.93693,942.38088
2026/06/06 13:26:00.274,n,568.323,6.074139,4.712583,1.225993,OverRange,OverRange,OverRange,23.46261,25.995544,906.78048
2026/06/06 13:27:00.277,n,343.29308,6.026684,4.400559,1.428428,OverRange,OverRange,OverRange,23.47927,26.065636,524.85808
2026/06/06 13:28:00.281,n,304.93746,4.046429,4.815141,1.326889,OverRange,OverRange,OverRange,23.773676,26.12422,446.69432
2026/06/06 13:29:00.282,n,355.2308,3.073248,4.327878,1.407711,OverRange,OverRange,OverRange,23.94252,26.180648,534.1056
2026/06/06 13:30:00.282,n,328.68494,3.358256,4.425249,1.323162,OverRange,OverRange,OverRange,23.71012,26.219454,502.04112
2026/06/06 13:31:00.269,n,256.94956,3.571755,4.511055,1.25936,OverRange,OverRange,OverRange,23.786576,26.258132,385.85912
2026/06/06 13:32:00.270,n,193.2096,3.435082,4.996473,0.914089,OverRange,OverRange,OverRange,23.863122,26.291548,279.57342
2026/06/06 13:33:00.273,n,173.12102,6.006649,4.747756,1.33769,OverRange,OverRange,OverRange,23.61325,26.304036,250.62136
2026/06/06 13:34:00.276,n,162.81704,5.993031,4.760961,1.297353,OverRange,OverRange,OverRange,23.25971,26.307174,240.34542
2026/06/06 13:35:00.277,n,152.60198,3.475354,4.318027,1.353248,OverRange,OverRange,OverRange,22.770758,26.304036,228.42498
2026/06/06 13:36:00.283,n,149.1957,3.264969,5.046097,1.402073,OverRange,OverRange,OverRange,22.118556,26.281084,227.6435
2026/06/06 13:37:00.279,n,148.83966,3.612368,3.527317,0.243081,OverRange,OverRange,OverRange,21.491562,26.236128,233.41316
2026/06/06 13:38:00.281,n,147.50648,4.000404,3.691535,0.155428,OverRange,OverRange,OverRange,20.975534,26.173456,235.89546
2026/06/06 13:39:00.283,n,181.23708,5.865405,4.934851,1.24444,OverRange,OverRange,OverRange,20.675348,26.09921,294.10522
2026/06/06 13:40:00.269,n,292.38294,6.321691,4.97848,1.35159,OverRange,OverRange,OverRange,20.316142,25.998748,486.7872
2026/06/06 13:41:00.270,n,425.68116,3.001186,5.523811,1.240559,OverRange,OverRange,OverRange,19.836828,25.899398,720.91992
2026/06/06 13:42:00.273,n,470.01696,3.276505,4.130891,1.115625,OverRange,OverRange,OverRange,19.540054,25.810418,815.59664
2026/06/06 13:43:00.275,n,447.83604,6.48055,4.944996,1.525847,OverRange,OverRange,OverRange,19.584442,25.721406,776.4028
2026/06/06 13:44:00.278,n,445.10228,3.467522,4.420968,1.408921,OverRange,OverRange,OverRange,19.685044,25.638638,774.97992
2026/06/06 13:45:00.263,n,437.93336,3.972509,4.511489,1.394728,OverRange,OverRange,OverRange,19.72338,25.570518,758.8308
2026/06/06 13:46:00.280,n,450.4396,3.288262,4.649348,1.389692,OverRange,OverRange,OverRange,19.774292,25.51498,782.3996
2026/06/06 13:47:00.285,n,450.73804,6.235221,4.923644,1.410853,OverRange,OverRange,OverRange,19.998286,25.504652,782.616
2026/06/06 13:48:00.269,n,450.7188,3.588901,4.478317,1.378042,OverRange,OverRange,OverRange,20.05099,25.47213,779.2552
2026/06/06 13:49:00.270,n,449.53944,6.248593,5.072962,1.363202,OverRange,OverRange,OverRange,20.275568,25.438558,776.15008
2026/06/06 13:50:00.273,n,448.32032,3.203175,4.664047,1.570378,OverRange,OverRange,OverRange,20.255564,25.422836,772.58304
2026/06/06 13:51:00.257,n,442.85484,3.353027,4.78149,1.205606,OverRange,OverRange,OverRange,20.310068,25.416528,763.1972
2026/06/06 13:52:00.260,n,447.36824,6.253383,4.824171,1.5721,OverRange,OverRange,OverRange,20.420008,25.419668,771.5532
2026/06/06 13:53:00.262,n,443.95988,6.217056,4.601373,1.477928,OverRange,OverRange,OverRange,20.224808,25.421792,765.9472
2026/06/06 13:54:00.265,n,437.95436,3.292285,5.086079,1.379203,OverRange,OverRange,OverRange,20.239562,25.411234,756.6896
2026/06/06 13:55:00.266,n,433.54932,6.236357,4.777848,1.5843,OverRange,OverRange,OverRange,20.518426,25.408098,748.18256
2026/06/06 13:56:00.268,n,435.48256,3.438462,3.971555,1.142114,OverRange,OverRange,OverRange,20.479218,25.409208,746.44136
2026/06/06 13:57:00.269,n,429.46328,5.752423,5.088201,1.401298,OverRange,OverRange,OverRange,20.810786,25.419668,732.73592
2026/06/06 13:58:00.271,n,441.55968,5.757608,4.632799,1.418344,OverRange,OverRange,OverRange,20.606608,25.427022,743.75368
2026/06/06 13:59:00.257,n,459.91092,3.435522,4.760333,1.478234,OverRange,OverRange,OverRange,20.612616,25.434374,767.32176
2026/06/06 14:00:00.261,n,462.50148,5.940763,4.839031,1.435285,OverRange,OverRange,OverRange,20.662546,25.446928,765.91472
2026/06/06 14:01:00.261,n,468.43164,3.49682,4.649047,1.367135,OverRange,OverRange,OverRange,20.791824,25.460558,771.45672
2026/06/06 14:02:00.264,n,467.82376,6.236726,5.207154,1.467184,OverRange,OverRange,OverRange,21.095398,25.481576,770.18792
2026/06/06 14:03:00.264,n,481.13156,3.312409,4.763534,1.508177,OverRange,OverRange,OverRange,20.945022,25.50354,795.4172
2026/06/06 14:04:00.266,n,487.78288,6.014632,4.969992,1.325899,OverRange,OverRange,OverRange,21.224,25.529788,806.57104
2026/06/06 14:05:00.268,n,474.19352,6.228052,5.390229,1.074513,OverRange,OverRange,OverRange,21.458914,25.552864,782.8916
2026/06/06 14:06:00.273,n,409.86596,5.848504,5.514772,1.03645,OverRange,OverRange,OverRange,21.683432,25.588494,668.6396
2026/06/06 14:07:00.271,n,322.68954,3.820689,4.148685,0.766974,OverRange,OverRange,OverRange,21.422522,25.615756,504.4852
2026/06/06 14:08:00.260,n,275.93038,6.018422,5.865232,0.144848,OverRange,OverRange,OverRange,21.585124,25.651386,419.34624
2026/06/06 14:09:00.259,n,300.74984,3.658887,4.4501,1.109392,OverRange,OverRange,OverRange,21.85083,25.670278,460.49916
2026/06/06 14:10:00.261,n,328.01352,3.566883,3.626732,0.046054,OverRange,OverRange,OverRange,21.56547,25.694338,488.35048
2026/06/06 14:11:00.264,n,358.61372,3.686896,4.128902,1.100864,OverRange,OverRange,OverRange,21.068146,25.701662,544.86248
2026/06/06 14:12:00.266,n,317.9931,5.975007,5.448742,0.883574,OverRange,OverRange,OverRange,20.722968,25.701662,475.62444
2026/06/06 14:13:00.269,n,291.16406,6.20878,5.081674,1.409882,OverRange,OverRange,OverRange,20.385758,25.684892,423.54588
2026/06/06 14:14:00.271,n,278.57122,6.068254,4.435542,0.971066,OverRange,OverRange,OverRange,20.12229,25.65557,389.02708
2026/06/06 14:15:00.271,n,251.93824,3.144463,4.993047,1.414859,OverRange,OverRange,OverRange,19.886078,25.609448,324.4971
2026/06/06 14:16:00.257,n,266.86782,3.146673,5.068053,1.470812,OverRange,OverRange,OverRange,19.745606,25.560186,336.29364
2026/06/06 14:17:00.260,n,279.39298,3.515935,4.342376,1.163889,OverRange,OverRange,OverRange,19.598628,25.500434,353.48568
2026/06/06 14:18:00.263,n,304.9784,6.338503,4.509251,1.486886,OverRange,OverRange,OverRange,19.398194,25.436466,396.66896
2026/06/06 14:19:00.262,n,303.05886,6.194285,4.788909,1.660453,OverRange,OverRange,OverRange,19.327672,25.36302,389.17344
2026/06/06 14:20:00.264,n,295.87824,3.266949,4.671187,1.50005,OverRange,OverRange,OverRange,19.2202,25.296902,369.91328
2026/06/06 14:21:00.267,n,305.80502,3.267634,4.642464,1.449204,OverRange,OverRange,OverRange,19.068802,25.232874,380.65464
2026/06/06 14:22:00.268,n,290.48562,6.35849,4.849776,1.638915,OverRange,OverRange,OverRange,18.949768,25.165672,346.84096
2026/06/06 14:23:00.270,n,236.01734,3.330621,4.760438,1.636289,OverRange,OverRange,OverRange,18.571924,25.098476,235.54222
2026/06/06 14:24:00.272,n,264.46398,6.300709,5.187481,1.464975,OverRange,OverRange,OverRange,18.345704,25.019646,260.94326
2026/06/06 14:25:00.258,n,264.37342,6.144054,4.788646,1.348046,OverRange,OverRange,OverRange,18.054708,24.932386,257.67938
2026/06/06 14:26:00.260,n,232.49702,3.111435,4.582331,1.596794,OverRange,OverRange,OverRange,17.906724,24.884214,221.46516
2026/06/06 14:27:00.262,n,197.90466,3.134056,4.769239,1.76471,OverRange,OverRange,OverRange,17.678628,24.782184,186.5072
2026/06/06 14:28:00.265,n,205.8737,3.602397,4.447508,1.218287,OverRange,OverRange,OverRange,17.439416,24.673788,198.1621
2026/06/06 14:29:00.267,n,237.05828,3.207773,4.771725,1.734279,OverRange,OverRange,OverRange,17.45397,24.57376,241.76618
2026/06/06 14:30:00.271,n,282.48938,6.153997,4.907631,1.610964,OverRange,OverRange,OverRange,17.419608,24.475824,322.1423
2026/06/06 14:31:00.271,n,273.65726,3.420866,4.034402,1.245049,OverRange,OverRange,OverRange,17.228118,24.375736,309.7102
2026/06/06 14:32:00.273,n,282.561,6.142273,5.673251,1.281537,OverRange,OverRange,OverRange,17.205276,24.31156,326.18088
2026/06/06 14:33:00.274,n,292.7963,3.191435,4.719562,1.406875,OverRange,OverRange,OverRange,17.140112,24.217716,347.83836
2026/06/06 14:34:00.259,n,297.74856,4.374456,4.49443,1.568194,OverRange,OverRange,OverRange,17.106726,24.133352,355.01196
2026/06/06 14:35:00.260,n,308.50138,6.471781,5.237569,1.711629,OverRange,OverRange,OverRange,17.147894,24.046834,377.2682
2026/06/06 14:36:00.264,n,294.80436,2.999449,4.890738,1.505043,OverRange,OverRange,OverRange,17.03238,23.968648,361.41316
2026/06/06 14:37:00.266,n,297.71204,3.537178,4.300237,1.407071,OverRange,OverRange,OverRange,17.065516,23.89579,369.34212
2026/06/06 14:38:00.266,n,286.32586,3.982578,5.337378,1.417608,OverRange,OverRange,OverRange,17.16648,23.823914,349.63452
2026/06/06 14:39:00.271,n,283.344,3.317923,4.792235,1.742912,OverRange,OverRange,OverRange,17.145624,23.766214,343.50364
2026/06/06 14:40:00.273,n,283.37238,3.278827,4.440809,1.585368,OverRange,OverRange,OverRange,17.173528,23.75357,343.66004
2026/06/06 14:41:00.273,n,284.801,5.910533,5.176703,1.615077,OverRange,OverRange,OverRange,17.246018,23.698916,345.54604
2026/06/06 14:42:00.275,n,288.37582,6.300805,4.9933,1.585884,OverRange,OverRange,OverRange,17.23523,23.6422,352.92604
2026/06/06 14:43:00.260,n,292.33176,2.970649,4.672394,1.794378,OverRange,OverRange,OverRange,17.238744,23.591792,362.05784
2026/06/06 14:44:00.264,n,298.25784,3.594389,3.800981,0.528941,OverRange,OverRange,OverRange,17.303792,23.54132,375.55
2026/06/06 14:45:00.265,n,305.2872,3.084804,4.175606,1.197003,OverRange,OverRange,OverRange,17.153366,23.502412,394.31736
2026/06/06 14:46:00.266,n,289.46112,3.122989,5.134015,1.537809,OverRange,OverRange,OverRange,17.253068,23.45305,371.56592
2026/06/06 14:47:00.268,n,274.64596,6.477353,4.569158,1.452666,OverRange,OverRange,OverRange,17.218644,23.412022,347.1542
2026/06/06 14:48:00.271,n,269.12518,3.434532,4.92503,1.302179,OverRange,OverRange,OverRange,17.279688,23.365762,339.30664
2026/06/06 14:49:00.272,n,274.1915,3.526854,3.626798,0.071379,OverRange,OverRange,OverRange,17.44007,23.357828,351.55112
2026/06/06 14:50:00.275,n,271.22226,5.979953,5.397702,1.036341,OverRange,OverRange,OverRange,17.529184,23.317844,349.28944
2026/06/06 14:51:00.277,n,265.10192,6.046638,4.831986,1.634285,OverRange,OverRange,OverRange,17.215194,23.281026,339.78636
2026/06/06 14:52:00.261,n,245.73308,5.880121,4.753228,1.561437,OverRange,OverRange,OverRange,16.939826,23.2368,299.92922
2026/06/06 14:53:00.264,n,252.8134,5.534407,3.924569,0.811876,OverRange,OverRange,OverRange,16.881002,23.187376,307.91964
2026/06/06 14:54:00.528,n,264.22294,3.516347,4.682341,1.572962,OverRange,OverRange,OverRange,16.883016,23.132598,329.33472
2026/06/06 14:55:00.268,n,247.1743,3.079706,4.798978,1.531202,OverRange,OverRange,OverRange,16.795492,23.079976,301.44888
2026/06/06 14:56:00.269,n,228.04052,3.123163,4.421489,1.582957,OverRange,OverRange,OverRange,16.681306,23.019908,268.55442
2026/06/06 14:57:00.273,n,206.86006,3.545804,4.814021,1.651681,OverRange,OverRange,OverRange,16.627976,22.957718,232.87188
2026/06/06 14:58:00.273,n,206.6667,6.411822,5.128693,1.5231,OverRange,OverRange,OverRange,16.663208,22.898728,236.32922
2026/06/06 14:59:00.276,n,189.90136,3.085998,4.80124,1.592851,OverRange,OverRange,OverRange,16.487024,22.834384,214.43696
2026/06/06 15:00:00.278,n,190.94252,3.378799,4.702266,1.588704,OverRange,OverRange,OverRange,16.292542,22.803518,223.34968
2026/06/06 15:01:00.263,n,222.94812,6.375423,5.241167,1.564419,OverRange,OverRange,OverRange,16.488282,22.734964,283.1644
2026/06/06 15:02:00.267,n,223.7777,6.241998,4.774674,1.54904,OverRange,OverRange,OverRange,16.532852,22.665298,298.624
2026/06/06 15:03:00.317,n,198.8596,6.30296,5.362581,1.503456,OverRange,OverRange,OverRange,16.553976,22.602004,246.5196
2026/06/06 15:04:00.351,n,183.53304,6.381107,4.808274,1.648297,OverRange,OverRange,OverRange,16.53863,22.541782,220.87858
2026/06/06 15:05:00.271,n,180.5359,3.78797,4.161362,1.296651,OverRange,OverRange,OverRange,16.3659,22.492204,218.53208
2026/06/06 15:06:00.272,n,182.11236,5.748212,4.866878,1.305613,OverRange,OverRange,OverRange,16.299058,22.434072,219.05994
2026/06/06 15:07:00.277,n,235.36174,5.713969,5.864664,0.498698,OverRange,OverRange,OverRange,16.380762,22.385478,293.29782
2026/06/06 15:08:00.276,n,304.03076,3.335113,4.309643,1.717914,OverRange,OverRange,OverRange,16.188212,22.329472,384.57504
2026/06/06 15:09:00.279,n,247.69686,6.148027,6.164367,0.174509,OverRange,OverRange,OverRange,16.135728,22.27768,334.22162
2026/06/06 15:10:00.267,n,225.51386,6.47986,3.947279,1.254419,OverRange,OverRange,OverRange,16.004644,22.234344,304.13516
2026/06/06 15:11:00.266,n,176.86768,2.964784,4.910487,1.587825,OverRange,OverRange,OverRange,16.064296,22.18461,240.55384
2026/06/06 15:12:00.268,n,143.52544,6.11173,4.568171,1.360316,OverRange,OverRange,OverRange,16.095144,22.141276,178.92208
2026/06/06 15:13:00.271,n,187.57758,6.142145,5.156059,1.761369,OverRange,OverRange,OverRange,15.91036,22.115478,227.70068
2026/06/06 15:14:00.272,n,281.70868,3.072724,5.119191,1.561338,OverRange,OverRange,OverRange,15.800228,22.05732,323.23966
2026/06/06 15:15:00.274,n,213.50862,3.029652,5.364521,1.29753,OverRange,OverRange,OverRange,15.886998,22.008602,239.91146
2026/06/06 15:16:00.277,n,195.07152,6.254324,5.16065,1.467146,OverRange,OverRange,OverRange,16.058228,21.944044,215.77258
2026/06/06 15:17:00.279,n,279.03384,5.984176,5.367485,0.700893,OverRange,OverRange,OverRange,16.11438,21.899572,346.90788
2026/06/06 15:18:00.283,n,313.36618,3.338188,4.566839,1.66992,OverRange,OverRange,OverRange,16.29455,21.860356,392.29136
2026/06/06 15:19:00.265,n,282.29514,3.068388,4.402875,1.432505,OverRange,OverRange,OverRange,16.47522,21.824338,339.27908
2026/06/06 15:20:00.436,n,183.92666,3.464535,4.42196,1.339318,OverRange,OverRange,OverRange,16.390656,21.811608,195.3051
2026/06/06 15:21:00.271,n,153.96942,5.95555,5.644552,1.191752,OverRange,OverRange,OverRange,16.606858,21.79257,151.88734
2026/06/06 15:22:00.272,n,170.23104,6.303313,4.916452,1.805392,OverRange,OverRange,OverRange,16.371058,21.77879,164.62952
2026/06/06 15:23:00.275,n,180.18592,3.826994,4.19379,1.206625,OverRange,OverRange,OverRange,16.369818,21.78741,179.05098
2026/06/06 15:24:00.276,n,155.29436,6.626455,4.848835,1.798892,OverRange,OverRange,OverRange,16.427088,21.764064,154.59854
2026/06/06 15:25:00.277,n,147.33162,6.38233,4.816712,1.772055,OverRange,OverRange,OverRange,16.367838,21.74715,143.18014
2026/06/06 15:26:00.280,n,171.34558,6.268414,4.956749,1.61557,OverRange,OverRange,OverRange,16.451294,21.720668,165.88368
2026/06/06 15:27:00.282,n,187.51034,3.22912,3.999733,1.288199,OverRange,OverRange,OverRange,16.126068,21.690992,187.95162
2026/06/06 15:28:00.269,n,174.41198,3.05326,4.915528,1.670524,OverRange,OverRange,OverRange,16.187414,21.654946,175.78044
2026/06/06 15:29:00.269,n,162.88116,3.357082,4.788913,1.42797,OverRange,OverRange,OverRange,16.153626,21.6189,157.49284
2026/06/06 15:30:00.272,n,144.65218,3.678981,4.432564,1.519638,OverRange,OverRange,OverRange,16.171098,21.576518,140.0577
2026/06/06 15:31:00.273,n,137.88302,6.3118,4.854802,1.646347,OverRange,OverRange,OverRange,16.163652,21.538316,129.53416
2026/06/06 15:32:00.275,n,145.199,6.006226,6.120851,0.067861,OverRange,OverRange,OverRange,16.23783,21.494796,136.43664
2026/06/06 15:33:00.277,n,140.6946,6.456386,4.524061,1.440958,OverRange,OverRange,OverRange,16.132086,21.452354,133.50874
2026/06/06 15:34:00.281,n,122.5059,3.524326,5.70605,1.129204,OverRange,OverRange,OverRange,16.173676,21.412034,116.74354
2026/06/06 15:35:00.280,n,116.60996,6.32197,4.971644,1.379269,OverRange,OverRange,OverRange,16.145868,21.373802,108.9021
2026/06/06 15:36:00.283,n,127.85298,6.209498,6.205267,0.144626,OverRange,OverRange,OverRange,16.156404,21.337726,118.07848
2026/06/06 15:37:00.269,n,139.02104,4.709843,4.199829,1.235732,OverRange,OverRange,OverRange,16.116044,21.32911,131.43736
2026/06/06 15:38:00.271,n,131.18186,6.463392,4.917889,1.72078,OverRange,OverRange,OverRange,16.230592,21.289834,124.26878
2026/06/06 15:39:00.273,n,120.97552,6.323039,5.305273,1.67579,OverRange,OverRange,OverRange,16.172492,21.253726,113.3205
2026/06/06 15:40:00.258,n,116.01604,4.06329,3.997682,1.379184,OverRange,OverRange,OverRange,16.091278,21.229306,108.88052
2026/06/06 15:41:00.277,n,124.85508,3.616697,4.485757,1.637595,OverRange,OverRange,OverRange,16.113338,21.197444,116.48492
2026/06/06 15:42:00.278,n,141.0069,5.826731,4.665845,1.266598,OverRange,OverRange,OverRange,16.087036,21.177234,131.7672
2026/06/06 15:43:00.280,n,131.30786,6.209729,5.130431,1.191957,OverRange,OverRange,OverRange,16.04065,21.143576,126.25642
2026/06/06 15:44:00.265,n,108.43628,2.996116,5.360703,1.209382,OverRange,OverRange,OverRange,15.96694,21.119288,103.49242
2026/06/06 15:45:00.267,n,110.89658,3.362876,4.818372,1.695379,OverRange,OverRange,OverRange,15.934316,21.098166,101.9939
2026/06/06 15:46:00.270,n,126.67888,6.150942,6.269487,0.211097,OverRange,OverRange,OverRange,15.94162,21.06017,118.09682
2026/06/06 15:47:00.272,n,130.1552,6.032051,5.20171,1.587964,OverRange,OverRange,OverRange,15.930558,21.036924,123.74472
2026/06/06 15:48:00.258,n,116.86656,6.129781,5.928795,0.605832,OverRange,OverRange,OverRange,15.968446,20.99677,111.8289
2026/06/06 15:49:00.261,n,108.80592,6.135703,5.506593,1.308825,OverRange,OverRange,OverRange,16.01333,20.96514,102.29612
2026/06/06 15:50:00.262,n,107.1026,3.492449,4.056744,1.315991,OverRange,OverRange,OverRange,15.906744,20.932364,99.874592
2026/06/06 15:51:00.264,n,101.20754,2.995018,4.761923,1.952725,OverRange,OverRange,OverRange,15.970662,20.898546,94.72472
2026/06/06 15:52:00.264,n,106.60632,3.424437,3.925839,1.324619,OverRange,OverRange,OverRange,15.863104,20.867898,98.566264
2026/06/06 15:53:00.266,n,116.17066,6.079481,5.182548,1.540336,OverRange,OverRange,OverRange,15.939856,20.83623,110.435
2026/06/06 15:54:00.270,n,120.13,3.740814,4.83948,1.290878,OverRange,OverRange,OverRange,15.819962,20.80976,119.89022
2026/06/06 15:55:00.270,n,106.20486,3.756775,3.610071,0.096691,OverRange,OverRange,OverRange,15.73844,20.779076,105.21976
2026/06/06 15:56:00.257,n,93.475608,5.661362,5.238068,1.139462,OverRange,OverRange,OverRange,15.810176,20.745288,88.630768
2026/06/06 15:57:00.258,n,76.9974,4.097411,3.571745,0.285437,OverRange,OverRange,OverRange,15.61319,20.723744,76.49728
2026/06/06 15:58:00.260,n,60.536896,3.60273,3.51946,0.069713,OverRange,OverRange,OverRange,15.713054,20.690974,58.64612
2026/06/06 15:59:00.262,n,68.424064,3.054545,3.926968,0.936427,OverRange,OverRange,OverRange,15.670624,20.64655,64.83692
2026/06/06 16:00:00.264,n,62.372372,6.24576,4.553756,1.49666,OverRange,OverRange,OverRange,15.711778,20.606334,60.079448
2026/06/06 16:01:00.265,n,60.635816,3.109512,4.360086,1.665308,OverRange,OverRange,OverRange,15.590516,20.569286,57.811156
2026/06/06 16:02:00.269,n,52.528092,6.594484,4.912326,1.774387,OverRange,OverRange,OverRange,15.665584,20.522708,49.824504
2026/06/06 16:03:00.271,n,44.522752,4.599407,5.025517,1.700895,OverRange,OverRange,OverRange,15.630422,20.488864,41.660204
2026/06/06 16:04:00.272,n,37.835444,3.66729,4.523527,1.700313,OverRange,OverRange,OverRange,15.550842,20.442286,35.582628
2026/06/06 16:05:00.257,n,37.795032,3.097759,4.746218,1.679504,OverRange,OverRange,OverRange,15.534526,20.396756,34.838276
2026/06/06 16:06:00.258,n,36.69896,3.019378,5.301688,1.622899,OverRange,OverRange,OverRange,15.479534,20.348026,33.994868
2026/06/06 16:07:00.260,n,32.484398,3.783879,4.506756,1.265986,OverRange,OverRange,OverRange,15.345144,20.30142,30.366206
2026/06/06 16:08:00.264,n,32.486576,4.832794,5.547546,1.308252,OverRange,OverRange,OverRange,15.36549,20.2569,29.5408
2026/06/06 16:09:00.265,n,34.346044,3.620367,4.322287,1.528704,OverRange,OverRange,OverRange,15.171474,20.24329,31.507048
2026/06/06 16:10:00.266,n,37.399612,6.509916,4.887185,1.806909,OverRange,OverRange,OverRange,15.254476,20.192378,33.849652
2026/06/06 16:11:00.268,n,44.696728,3.039293,5.127642,1.589014,OverRange,OverRange,OverRange,15.163986,20.135102,40.49018
2026/06/06 16:12:00.270,n,61.661072,6.239291,5.603963,1.374915,OverRange,OverRange,OverRange,15.179092,20.0821,55.403624
2026/06/06 16:13:00.273,n,79.66388,6.579614,4.885583,1.623933,OverRange,OverRange,OverRange,14.979858,20.031188,70.832152
2026/06/06 16:14:00.259,n,84.752936,6.612105,5.617179,1.137669,OverRange,OverRange,OverRange,15.022914,19.978124,78.053568
2026/06/06 16:15:00.263,n,82.261592,3.222989,4.497987,1.365885,OverRange,OverRange,OverRange,14.856344,19.933574,75.608312
2026/06/06 16:16:00.262,n,77.840984,3.639399,4.852863,1.522877,OverRange,OverRange,OverRange,14.836462,19.879436,72.111904
2026/06/06 16:17:00.267,n,75.230816,6.048701,5.353526,1.350742,OverRange,OverRange,OverRange,14.879742,19.843314,69.610176
2026/06/06 16:18:00.265,n,74.295376,6.469826,4.862734,1.646598,OverRange,OverRange,OverRange,14.692872,19.791262,68.624536
2026/06/06 16:19:00.268,n,79.674008,6.183248,4.531964,1.437893,OverRange,OverRange,OverRange,14.688096,19.754094,72.630832
2026/06/06 16:20:00.271,n,63.50424,5.105879,5.085279,1.314379,OverRange,OverRange,OverRange,14.623364,19.720124,59.173064
2026/06/06 16:21:00.273,n,62.319896,4.241227,5.163283,1.225507,OverRange,OverRange,OverRange,14.53999,19.674468,56.076724
2026/06/06 16:22:00.257,n,60.415784,6.629407,4.511839,1.593836,OverRange,OverRange,OverRange,14.540142,19.640436,54.51858
2026/06/06 16:23:00.259,n,54.42066,3.717717,3.970745,1.161717,OverRange,OverRange,OverRange,14.301794,19.603238,49.297972
2026/06/06 16:24:00.264,n,41.709368,6.280255,5.226065,1.474317,OverRange,OverRange,OverRange,14.625122,19.56499,38.394244
2026/06/06 16:25:00.264,n,29.731316,6.496229,4.474404,1.662634,OverRange,OverRange,OverRange,14.496614,19.561826,27.492816
2026/06/06 16:26:00.266,n,22.350546,3.44122,4.766722,1.401791,OverRange,OverRange,OverRange,14.429692,19.519276,20.088568
2026/06/06 16:27:00.269,n,21.283208,4.795994,4.235469,0.788767,OverRange,OverRange,OverRange,14.462246,19.478848,18.921874
2026/06/06 16:28:00.270,n,20.66775,6.067879,5.023823,1.390553,OverRange,OverRange,OverRange,14.550904,19.43421,18.089472
2026/06/06 16:29:00.271,n,21.11411,3.577957,4.407728,1.393305,OverRange,OverRange,OverRange,14.206244,19.384222,18.159008
2026/06/06 16:30:00.274,n,21.64784,6.344784,5.726556,1.277842,OverRange,OverRange,OverRange,14.403652,19.344806,18.941328
2026/06/06 16:31:00.261,n,21.078952,5.999473,5.209051,1.591641,OverRange,OverRange,OverRange,14.299754,19.293744,18.298426
2026/06/06 16:32:00.266,n,25.257074,4.987952,4.731863,0.885741,OverRange,OverRange,OverRange,14.214616,19.246888,21.541944
2026/06/06 16:33:00.263,n,40.551192,3.668684,4.697311,1.049975,OverRange,OverRange,OverRange,14.177776,19.218564,35.336644
2026/06/06 16:34:00.265,n,49.56986,6.145218,5.149876,1.500455,OverRange,OverRange,OverRange,14.231924,19.16532,44.905596
2026/06/06 16:35:00.266,n,49.19804,5.197022,4.677682,1.526131,OverRange,OverRange,OverRange,14.204132,19.115236,43.446248
2026/06/06 16:36:00.270,n,52.688596,3.618774,4.516219,1.313434,OverRange,OverRange,OverRange,14.149944,19.069462,47.131908
2026/06/06 16:37:00.270,n,46.659988,3.071541,4.650807,1.549171,OverRange,OverRange,OverRange,14.181616,19.02359,43.052152
2026/06/06 16:38:00.273,n,43.783872,3.884664,4.413723,1.662969,OverRange,OverRange,OverRange,14.168758,18.978828,39.772536
2026/06/06 16:39:00.276,n,44.583052,3.270665,4.707264,1.467827,OverRange,OverRange,OverRange,14.182522,18.93302,39.679536
2026/06/06 16:40:00.260,n,46.012324,6.606791,4.994757,1.539768,OverRange,OverRange,OverRange,14.091096,18.892472,41.392804
2026/06/06 16:41:00.261,n,47.329468,6.113564,4.591175,1.358429,OverRange,OverRange,OverRange,14.033066,18.846632,41.955244
2026/06/06 16:42:00.263,n,48.006504,6.061842,5.117477,1.428772,OverRange,OverRange,OverRange,14.013866,18.809278,43.26494
2026/06/06 16:43:00.265,n,48.889728,5.918269,5.392256,0.952979,OverRange,OverRange,OverRange,14.064454,18.763408,43.376628
2026/06/06 16:44:00.269,n,45.255352,5.427396,4.858582,1.391808,OverRange,OverRange,OverRange,13.991624,18.719662,41.736052
2026/06/06 16:45:00.269,n,39.279604,3.579785,3.799003,0.589267,OverRange,OverRange,OverRange,14.005116,18.678066,35.256696
2026/06/06 16:46:00.271,n,39.099208,6.296106,4.881118,1.481261,OverRange,OverRange,OverRange,14.06036,18.675294,34.189316
2026/06/06 16:47:00.273,n,40.823192,2.900874,5.049534,1.532597,OverRange,OverRange,OverRange,13.948274,18.626132,35.822812
2026/06/06 16:48:00.275,n,35.938132,4.435453,3.835673,0.481246,OverRange,OverRange,OverRange,13.960272,18.587734,31.29101
2026/06/06 16:49:00.262,n,36.367044,6.476963,4.205565,1.125612,OverRange,OverRange,OverRange,14.017242,18.545,31.72223
2026/06/06 16:50:00.262,n,35.914908,6.218201,4.864454,1.553895,OverRange,OverRange,OverRange,13.981456,18.505464,31.927176
2026/06/06 16:51:00.264,n,31.046914,5.282592,4.966697,1.300423,OverRange,OverRange,OverRange,13.92387,18.467038,27.196406
2026/06/06 16:52:00.267,n,30.988794,3.554346,5.123778,1.228412,OverRange,OverRange,OverRange,13.866826,18.428512,26.797526
2026/06/06 16:53:00.270,n,29.272126,3.387616,4.040368,0.545668,OverRange,OverRange,OverRange,13.86404,18.388486,25.809242
2026/06/06 16:54:00.270,n,27.266526,6.187408,4.775072,1.531159,OverRange,OverRange,OverRange,13.935994,18.348136,23.938386
2026/06/06 16:55:00.272,n,26.372398,3.613406,3.918918,0.765002,OverRange,OverRange,OverRange,13.701564,18.316268,23.115794
2026/06/06 16:56:00.274,n,26.264496,3.686861,4.212421,1.043076,OverRange,OverRange,OverRange,13.760174,18.280158,23.055642
2026/06/06 16:57:00.276,n,23.843454,5.330058,4.948481,1.294344,OverRange,OverRange,OverRange,13.844296,18.249368,20.793582
2026/06/06 16:58:00.262,n,25.154564,6.362126,5.64584,1.132298,OverRange,OverRange,OverRange,13.89708,18.215348,21.669928
2026/06/06 16:59:00.265,n,23.312418,6.736494,4.381098,1.471865,OverRange,OverRange,OverRange,13.807948,18.184522,20.482156
2026/06/06 17:00:00.266,n,21.391112,3.786496,5.12295,1.408004,OverRange,OverRange,OverRange,13.659292,18.159048,18.543214
2026/06/06 17:01:00.268,n,22.268944,5.276195,4.876969,1.071938,OverRange,OverRange,OverRange,13.822358,18.12291,19.228522
2026/06/06 17:02:00.269,n,21.939468,6.427584,5.713068,1.304752,OverRange,OverRange,OverRange,13.772822,18.088856,19.02315
2026/06/06 17:03:00.274,n,20.11336,3.735086,4.309841,1.13603,OverRange,OverRange,OverRange,13.519578,18.080504,17.249392
2026/06/06 17:04:00.274,n,18.589788,6.342564,6.194352,0.123539,OverRange,OverRange,OverRange,13.870942,18.050726,15.964868
2026/06/06 17:05:00.276,n,19.456974,3.372407,4.938104,1.570736,OverRange,OverRange,OverRange,13.57364,18.012436,16.1664
2026/06/06 17:06:00.278,n,18.51396,6.078246,5.044216,1.141701,OverRange,OverRange,OverRange,13.864426,17.980504,15.85062
2026/06/06 17:07:00.263,n,16.934188,3.157972,4.700327,1.805661,OverRange,OverRange,OverRange,13.681046,17.9518,14.351598
2026/06/06 17:08:00.267,n,13.696774,3.183285,4.830407,1.803548,OverRange,OverRange,OverRange,13.65679,17.917782,11.677008
2026/06/06 17:09:00.267,n,11.149484,3.135986,4.705666,1.248671,OverRange,OverRange,OverRange,13.68773,17.88585,9.170672
2026/06/06 17:10:00.269,n,10.172088,6.525897,5.359526,1.646406,OverRange,OverRange,OverRange,13.789836,17.849682,8.402688
2026/06/06 17:11:00.271,n,9.455142,6.245045,5.192192,1.573095,OverRange,OverRange,OverRange,13.71455,17.818826,7.72378
2026/06/06 17:12:00.273,n,8.837628,6.366259,5.086935,1.584301,OverRange,OverRange,OverRange,13.617372,17.780474,7.179169
2026/06/06 17:13:00.275,n,8.339693,3.870713,4.538185,0.603721,OverRange,OverRange,OverRange,13.46983,17.755982,6.74906
2026/06/06 17:14:00.278,n,7.745531,4.106401,5.398777,1.440598,OverRange,OverRange,OverRange,13.742544,17.716582,6.247025
2026/06/06 17:15:00.281,n,7.30905,3.947255,5.335645,1.404511,OverRange,OverRange,OverRange,13.484416,17.692092,5.785604
2026/06/06 17:16:00.266,n,6.831899,6.095761,5.44299,1.476647,OverRange,OverRange,OverRange,13.669312,17.655858,5.370939
2026/06/06 17:17:00.273,n,6.910805,4.292902,5.438526,1.315906,OverRange,OverRange,OverRange,13.53647,17.623898,5.333738
2026/06/06 17:18:00.269,n,6.535781,4.683372,4.098274,0.78402,OverRange,OverRange,OverRange,13.474584,17.597286,5.421364
2026/06/06 17:19:00.274,n,6.987015,6.289286,6.108439,0.410911,OverRange,OverRange,OverRange,13.553524,17.561052,5.760348
2026/06/06 17:20:00.274,n,6.925431,3.629271,4.314266,1.130706,OverRange,OverRange,OverRange,13.368368,17.531214,5.684412
2026/06/06 17:21:00.275,n,6.626618,4.513244,3.955075,0.710976,OverRange,OverRange,OverRange,13.443522,17.494984,5.365137
2026/06/06 17:22:00.278,n,6.348333,4.143376,4.963984,1.576369,OverRange,OverRange,OverRange,13.437282,17.45663,4.936735
2026/06/06 17:23:00.281,n,6.134455,4.047886,5.087838,1.609569,OverRange,OverRange,OverRange,13.525066,17.435302,4.755511
2026/06/06 17:24:00.281,n,5.438038,6.255763,5.04324,1.562094,OverRange,OverRange,OverRange,13.511744,17.406506,4.147676
2026/06/06 17:25:00.268,n,4.77857,6.58128,4.562366,1.394405,OverRange,OverRange,OverRange,13.464392,17.425584,3.569704
2026/06/06 17:26:00.268,n,4.165933,4.363512,4.578755,1.231345,OverRange,OverRange,OverRange,13.488826,17.399986,3.050093
2026/06/06 17:27:00.272,n,3.745876,6.547324,5.684507,1.157921,OverRange,OverRange,OverRange,13.660254,17.377614,2.686962
2026/06/06 17:28:00.443,n,3.243577,3.006856,4.882509,1.493871,OverRange,OverRange,OverRange,13.476832,17.354136,2.145338
2026/06/06 17:29:00.275,n,2.539461,3.528435,4.191409,1.203363,OverRange,OverRange,OverRange,13.388124,17.328536,1.795688
2026/06/06 17:30:00.278,n,2.162898,3.904331,4.789495,1.276122,OverRange,OverRange,OverRange,13.4268,17.307178,1.521975
2026/06/06 17:31:00.279,n,1.891157,4.435103,5.087212,1.395066,OverRange,OverRange,OverRange,13.269404,17.288558,1.205174
2026/06/06 17:32:00.281,n,1.581181,5.266537,5.520594,1.239827,OverRange,OverRange,OverRange,13.260748,17.26397,0.723104
2026/06/06 17:33:00.282,n,1.353062,6.354309,6.129706,0.356938,OverRange,OverRange,OverRange,13.359222,17.247992,0.458777
2026/06/06 17:34:00.270,n,1.142649,3.379768,4.185316,0.888964,OverRange,OverRange,OverRange,13.050364,17.229796,0.141891
2026/06/06 17:35:00.271,n,0.686924,3.74988,4.972128,1.384895,OverRange,OverRange,OverRange,13.18663,17.21385,-0.134126
2026/06/06 17:36:00.272,n,0.438661,6.571962,4.370901,1.166507,OverRange,OverRange,OverRange,13.39565,17.192458,-0.273969
2026/06/06 17:37:00.276,n,0.275077,3.632396,4.423804,1.311804,OverRange,OverRange,OverRange,13.20776,17.177524,-0.534543
2026/06/06 17:38:00.278,n,0.131765,3.337752,5.001101,1.576388,OverRange,OverRange,OverRange,13.29067,17.159424,-0.71918
2026/06/06 17:39:00.278,n,-0.023222,3.321399,4.90507,1.751828,OverRange,OverRange,OverRange,13.287994,17.1455,-0.779417
2026/06/06 17:40:00.280,n,-0.221961,3.154312,4.630064,1.620119,OverRange,OverRange,OverRange,13.205704,17.12199,-0.872759
2026/06/06 17:41:00.282,n,-0.335892,6.154752,5.791243,1.37474,OverRange,OverRange,OverRange,13.330282,17.104936,-0.966102
2026/06/06 17:42:00.286,n,-0.549257,6.210154,4.882305,1.616441,OverRange,OverRange,OverRange,13.269934,17.086774,-1.306451
2026/06/06 17:43:00.270,n,-0.756848,5.984411,6.009575,0.228921,OverRange,OverRange,OverRange,13.290422,17.068612,-1.51259
2026/06/06 17:44:00.272,n,-1.081577,6.17425,4.411083,1.549607,OverRange,OverRange,OverRange,13.213848,17.057916,-1.703455
2026/06/06 17:45:00.273,n,-1.22489,2.993539,5.032707,1.606694,OverRange,OverRange,OverRange,13.172934,17.02906,-1.835534
2026/06/06 17:46:00.258,n,-1.537816,4.730149,3.82636,0.445676,OverRange,OverRange,OverRange,13.24054,17.01517,-2.024266
2026/06/06 17:47:00.260,n,-1.567068,3.612258,4.632247,1.407412,OverRange,OverRange,OverRange,13.253124,17.002388,-2.113769
2026/06/06 17:48:00.279,n,-1.581438,6.571437,4.760967,1.559817,OverRange,OverRange,OverRange,13.35788,16.979924,-2.030068
2026/06/06 17:49:00.283,n,-1.616592,4.726437,5.018692,1.30416,OverRange,OverRange,OverRange,13.018718,16.960714,-2.101994
2026/06/06 17:50:00.283,n,-1.838938,6.169415,4.665358,1.357844,OverRange,OverRange,OverRange,13.235652,16.97754,-2.127506
2026/06/06 17:51:00.268,n,-1.467635,3.608463,3.613954,0.308554,OverRange,OverRange,OverRange,13.042394,16.952988,-2.01872
2026/06/06 17:52:00.270,n,-1.461733,3.304224,4.364721,1.191411,OverRange,OverRange,OverRange,13.183156,16.93349,-1.974011
2026/06/06 17:53:00.273,n,-1.777482,3.418491,4.28527,1.252513,OverRange,OverRange,OverRange,13.154614,16.908906,-2.269396
2026/06/06 17:54:00.259,n,-1.926824,6.145623,5.86311,1.103159,OverRange,OverRange,OverRange,13.27972,16.892894,-2.32204
2026/06/06 17:55:00.259,n,-1.93542,3.626764,4.23194,1.250323,OverRange,OverRange,OverRange,12.93829,16.87043,-2.503179
2026/06/06 17:56:00.262,n,-2.181117,4.739408,5.212328,1.533486,OverRange,OverRange,OverRange,13.230342,16.847998,-2.608125
2026/06/06 17:57:00.264,n,-2.219222,3.114995,4.372016,1.42854,OverRange,OverRange,OverRange,13.097636,16.828726,-2.65855
2026/06/06 17:58:00.266,n,-2.225253,6.165683,5.380094,1.4816,OverRange,OverRange,OverRange,13.099788,16.808446,-2.78312
2026/06/06 17:59:00.269,n,-2.16354,3.926771,5.735984,0.897641,OverRange,OverRange,OverRange,13.030278,16.79345,-2.829877
2026/06/06 18:00:00.269,n,-2.344829,3.683952,4.100864,1.135395,OverRange,OverRange,OverRange,13.043992,16.77845,-2.79498
2026/06/06 18:01:00.273,n,-2.347908,6.477876,5.099415,1.56497,OverRange,OverRange,OverRange,13.098994,16.762442,-2.716996
2026/06/06 18:02:00.258,n,-2.464919,6.491237,5.066323,1.474078,OverRange,OverRange,OverRange,13.062262,16.742096,-2.796943
2026/06/06 18:03:00.260,n,-2.456323,6.430354,4.894033,1.728191,OverRange,OverRange,OverRange,13.010188,16.72498,-2.726723
2026/06/06 18:04:00.262,n,-2.53202,5.996031,4.836966,1.220314,OverRange,OverRange,OverRange,13.0256,16.712164,-2.870832
2026/06/06 18:05:00.263,n,-2.695732,4.488598,5.028264,1.362576,OverRange,OverRange,OverRange,12.998164,16.692928,-2.921513
2026/06/06 18:06:00.266,n,-2.687008,6.506839,5.31221,1.629283,OverRange,OverRange,OverRange,13.05985,16.68432,-2.964259
2026/06/06 18:07:00.267,n,-2.544081,6.191762,6.120823,0.099942,OverRange,OverRange,OverRange,13.016638,16.67578,-2.942928
2026/06/06 18:08:00.268,n,-2.564352,4.772077,5.353013,1.086247,OverRange,OverRange,OverRange,12.908276,16.661858,-3.04395
2026/06/06 18:09:00.270,n,-2.608231,6.076395,5.735881,0.853133,OverRange,OverRange,OverRange,13.033514,16.66401,-2.88235
2026/06/06 18:10:00.274,n,-2.695989,6.140455,4.526958,1.430635,OverRange,OverRange,OverRange,12.922394,16.664338,-3.057772
2026/06/06 18:11:00.259,n,-2.199207,6.049289,5.455384,1.175415,OverRange,OverRange,OverRange,12.969112,16.668542,-2.641656
2026/06/06 18:12:00.261,n,-2.24283,6.094978,5.376344,1.446797,OverRange,OverRange,OverRange,12.914444,16.653608,-2.635513
2026/06/06 18:13:00.262,n,-2.204724,3.576129,4.971155,1.205558,OverRange,OverRange,OverRange,12.83493,16.642914,-2.639523
2026/06/06 18:14:00.267,n,-2.292482,5.444416,4.818466,0.672914,OverRange,OverRange,OverRange,13.025132,16.633266,-2.45847
2026/06/06 18:15:00.268,n,-2.348165,6.741348,4.54143,1.634064,OverRange,OverRange,OverRange,12.893072,16.628342,-2.598654
2026/06/06 18:16:00.268,n,-2.432715,5.926556,6.107189,0.117914,OverRange,OverRange,OverRange,12.918208,16.615496,-2.826123
2026/06/06 18:17:00.270,n,-2.479288,6.231278,6.172913,0.133351,OverRange,OverRange,OverRange,12.937236,16.600532,-2.901974
2026/06/06 18:18:00.272,n,-2.388836,3.137535,5.618241,1.21871,OverRange,OverRange,OverRange,12.932068,16.589836,-2.909738
2026/06/06 18:19:00.258,n,-2.426813,3.644743,4.69124,1.347291,OverRange,OverRange,OverRange,13.009308,16.575948,-2.806584
2026/06/06 18:20:00.260,n,-2.432587,3.804337,4.67666,1.209901,OverRange,OverRange,OverRange,12.994828,16.56519,-2.851293
2026/06/06 18:21:00.265,n,-2.418089,3.336144,4.858419,1.002411,OverRange,OverRange,OverRange,13.033494,16.552312,-2.849416
2026/06/06 18:22:00.263,n,-2.453115,3.648781,4.331786,1.137185,OverRange,OverRange,OverRange,12.99738,16.541652,-2.748309
2026/06/06 18:23:00.266,n,-2.505847,4.047547,5.02095,1.364786,OverRange,OverRange,OverRange,12.893948,16.532032,-2.859228
2026/06/06 18:24:00.267,n,-2.654804,3.741532,4.081404,0.930997,OverRange,OverRange,OverRange,13.057466,16.519184,-2.946854
2026/06/06 18:25:00.270,n,-2.55845,3.928766,4.244397,1.207486,OverRange,OverRange,OverRange,12.953736,16.511656,-2.89421
2026/06/06 18:26:00.271,n,-2.637227,6.209443,4.59536,1.32888,OverRange,OverRange,OverRange,13.078736,16.502006,-2.976034
2026/06/06 18:27:00.273,n,-2.520473,6.56766,5.456987,1.273775,OverRange,OverRange,OverRange,12.88733,16.490236,-2.95257
2026/06/06 18:28:00.258,n,-2.646079,5.014468,4.552452,1.205019,OverRange,OverRange,OverRange,12.889938,16.479544,-3.065537
2026/06/06 18:29:00.260,n,-2.616827,3.390947,4.425267,1.246776,OverRange,OverRange,OverRange,12.899882,16.474196,-2.913578
2026/06/06 18:30:00.262,n,-2.754494,3.612342,4.922232,1.554019,OverRange,OverRange,OverRange,12.883082,16.464544,-2.773479
2026/06/06 18:31:00.264,n,-2.716645,6.158454,5.093608,1.351257,OverRange,OverRange,OverRange,13.055716,16.4517,-2.57502
2026/06/06 18:32:00.268,n,-2.614004,5.954499,5.629494,1.129244,OverRange,OverRange,OverRange,12.821492,16.436704,-2.717166
2026/06/06 18:33:00.270,n,-2.660962,5.495754,5.40041,1.12666,OverRange,OverRange,OverRange,12.84932,16.423826,-2.876719
2026/06/06 18:34:00.271,n,-2.655061,3.629402,4.889964,1.55672,OverRange,OverRange,OverRange,12.77735,16.410982,-2.86119
2026/06/06 18:35:00.272,n,-2.727936,6.482779,5.040447,1.262941,OverRange,OverRange,OverRange,12.900784,16.407752,-2.845491
2026/06/06 18:36:00.276,n,-2.821724,3.620714,3.959603,0.619539,OverRange,OverRange,OverRange,12.752976,16.395984,-2.966222
2026/06/06 18:37:00.260,n,-2.707792,6.061325,5.985523,0.38461,OverRange,OverRange,OverRange,12.979584,16.382066,-2.861105
2026/06/06 18:38:00.262,n,-2.710615,5.991097,6.021448,0.091892,OverRange,OverRange,OverRange,12.828918,16.370232,-2.847453
2026/06/06 18:39:00.265,n,-2.754366,6.514795,5.39873,1.431363,OverRange,OverRange,OverRange,12.904028,16.374598,-2.853426
2026/06/06 18:40:00.268,n,-2.333538,6.311713,5.322026,1.364022,OverRange,OverRange,OverRange,12.91416,16.360646,-2.666911
2026/06/06 18:41:00.269,n,-2.210626,6.202889,6.145845,0.083232,OverRange,OverRange,OverRange,12.875092,16.357742,-2.552068
2026/06/06 18:42:00.270,n,-2.465175,6.653861,5.586637,1.115375,OverRange,OverRange,OverRange,12.830836,16.352366,-2.750612
2026/06/06 18:43:00.272,n,-2.479802,3.065242,4.925627,1.401103,OverRange,OverRange,OverRange,12.724202,16.343822,-2.612391
2026/06/06 18:44:00.274,n,-2.555884,6.254083,4.541445,1.119079,OverRange,OverRange,OverRange,12.906642,16.340596,-2.834314
2026/06/06 18:45:00.276,n,-2.450934,3.322561,4.324359,1.183903,OverRange,OverRange,OverRange,12.785146,16.333066,-2.894551
2026/06/06 18:46:00.262,n,-2.59694,5.924288,5.752691,1.182643,OverRange,OverRange,OverRange,12.949936,16.336292,-2.933628
2026/06/06 18:47:00.264,n,-2.45953,3.861385,4.465585,1.251659,OverRange,OverRange,OverRange,12.758266,16.333066,-2.865456
2026/06/06 18:48:00.265,n,-2.506232,6.499106,4.848097,1.429628,OverRange,OverRange,OverRange,12.905,16.330944,-2.814775
2026/06/06 18:49:00.267,n,-2.494556,6.003807,5.224581,1.582069,OverRange,OverRange,OverRange,12.838806,16.32775,-2.861702
2026/06/06 18:50:00.270,n,-2.459273,6.245821,5.581907,1.18955,OverRange,OverRange,OverRange,12.716782,16.324492,-2.927741
2026/06/06 18:51:00.272,n,-2.368565,6.045895,5.762863,1.244131,OverRange,OverRange,OverRange,12.76743,16.318102,-2.78167
2026/06/06 18:52:00.272,n,-2.444647,3.893183,4.154296,0.941169,OverRange,OverRange,OverRange,12.842256,16.31057,-2.826379
2026/06/06 18:53:00.274,n,-2.47993,5.842908,5.676278,1.028798,OverRange,OverRange,OverRange,13.070226,16.304146,-2.816908
2026/06/06 18:54:00.284,n,-2.558707,6.08215,4.694099,1.115387,OverRange,OverRange,OverRange,12.876018,16.30203,-2.863494
2026/06/06 18:55:00.307,n,-2.479802,6.021511,5.758873,0.846521,OverRange,OverRange,OverRange,12.915254,16.293424,-2.810935
2026/06/06 18:56:00.314,n,-2.567816,3.229691,4.82612,1.51529,OverRange,OverRange,OverRange,12.838918,16.283804,-2.836276
2026/06/06 18:57:00.271,n,-2.549982,6.162697,5.445758,1.401235,OverRange,OverRange,OverRange,12.853002,16.283804,-2.838324
2026/06/06 18:58:00.267,n,-2.506232,4.353836,4.795741,1.315643,OverRange,OverRange,OverRange,12.951132,16.272036,-2.840116
2026/06/06 18:59:00.274,n,-2.494428,4.630011,5.067582,1.150458,OverRange,OverRange,OverRange,12.96758,16.262352,-2.750613
2026/06/06 19:00:00.322,n,-2.526888,5.866161,5.305475,1.380291,OverRange,OverRange,OverRange,12.898122,16.255932,-2.783718
2026/06/06 19:01:00.330,n,-2.514956,3.32872,5.242112,1.51247,OverRange,OverRange,OverRange,12.824534,16.247326,-2.808973
2026/06/06 19:02:00.275,n,-2.558707,4.129256,4.74608,1.442292,OverRange,OverRange,OverRange,12.801834,16.246284,-2.754452
2026/06/06 19:03:00.282,n,-2.635046,3.344557,4.566969,1.394668,OverRange,OverRange,OverRange,12.898642,16.23018,-2.888749
2026/06/06 19:04:00.270,n,-2.497635,6.57006,5.471642,1.489349,OverRange,OverRange,OverRange,12.803096,16.223758,-2.851719
2026/06/06 19:05:00.313,n,-2.474156,6.223955,5.15467,1.468421,OverRange,OverRange,OverRange,12.863124,16.221604,-2.746688
2026/06/06 19:06:00.339,n,-2.430149,3.135627,4.719507,1.313373,OverRange,OverRange,OverRange,12.814198,16.214076,-2.769981
2026/06/06 19:07:00.324,n,-2.538692,6.568073,4.619806,1.486945,OverRange,OverRange,OverRange,12.969956,16.205518,-2.772114
2026/06/06 19:08:00.271,n,-2.483009,3.473416,4.781503,1.27974,OverRange,OverRange,OverRange,12.832846,16.21365,-2.816822
2026/06/06 19:09:00.274,n,-2.178807,6.297227,5.322387,1.424785,OverRange,OverRange,OverRange,12.940472,16.20185,-2.599081
2026/06/06 19:10:00.275,n,-2.038446,6.617792,4.763359,1.49023,OverRange,OverRange,OverRange,12.890564,16.20405,-2.468538
2026/06/06 19:11:00.276,n,-2.46479,5.917787,5.229317,1.59797,OverRange,OverRange,OverRange,12.862656,16.196504,-2.730647
2026/06/06 19:12:00.279,n,-2.426428,3.299935,4.572955,1.485902,OverRange,OverRange,OverRange,12.836422,16.187962,-2.783376
2026/06/06 19:13:00.265,n,-2.558193,6.462157,5.17426,1.510349,OverRange,OverRange,OverRange,12.952592,16.181524,-2.834058
2026/06/06 19:14:00.266,n,-2.41501,6.358649,4.684348,1.24132,OverRange,OverRange,OverRange,13.016644,16.182618,-2.666571
2026/06/06 19:15:00.268,n,-2.409364,4.183283,5.274436,1.126698,OverRange,OverRange,OverRange,12.887524,16.18045,-2.75795
2026/06/06 19:16:00.271,n,-2.470821,3.988141,5.367666,1.454022,OverRange,OverRange,OverRange,12.908738,16.17406,-2.746261
2026/06/06 19:17:00.358,n,-2.488141,3.092434,5.29574,1.686734,OverRange,OverRange,OverRange,12.924882,16.177254,-2.715034
2026/06/06 19:18:00.274,n,-2.538178,3.626808,4.490079,1.512972,OverRange,OverRange,OverRange,12.952846,16.178328,-2.771602
2026/06/06 19:19:00.329,n,-2.570125,6.070274,5.062138,1.446123,OverRange,OverRange,OverRange,13.059856,16.177254,-2.530226
2026/06/06 19:20:00.447,n,-2.534843,6.522431,4.506998,1.440952,OverRange,OverRange,OverRange,12.976248,16.177254,-2.553519
2026/06/06 19:21:00.283,n,-2.599507,6.618274,5.172724,1.38814,OverRange,OverRange,OverRange,12.933676,16.177254,-2.709317
2026/06/06 19:22:00.266,n,-2.473771,6.49893,5.098283,1.545866,OverRange,OverRange,OverRange,12.813706,16.18045,-2.646861
2026/06/06 19:23:00.268,n,-2.482496,3.916674,4.354604,1.24986,OverRange,OverRange,OverRange,12.87764,16.18366,-2.697627
2026/06/06 19:24:00.270,n,-2.576027,6.167226,5.615254,0.81309,OverRange,OverRange,OverRange,12.962942,16.177254,-2.707354
2026/06/06 19:25:00.272,n,-2.424119,3.963173,5.038434,1.293264,OverRange,OverRange,OverRange,12.857178,16.181524,-2.74046
2026/06/06 19:26:00.273,n,-2.432459,3.378759,4.989555,1.268195,OverRange,OverRange,OverRange,12.944346,16.181524,-2.680051
2026/06/06 19:27:00.277,n,-2.432459,6.113232,5.74093,0.977592,OverRange,OverRange,OverRange,13.043304,16.168666,-2.713156
2026/06/06 19:28:00.277,n,-2.429764,6.512711,4.94308,1.505743,OverRange,OverRange,OverRange,12.949326,16.172934,-2.722883
2026/06/06 19:29:00.279,n,-2.500073,6.586051,4.684277,1.39681,OverRange,OverRange,OverRange,13.004156,16.163302,-2.652663
2026/06/06 19:30:00.448,n,-2.619778,3.631687,4.682371,1.197681,OverRange,OverRange,OverRange,12.813634,16.163302,-2.783291
2026/06/06 19:31:00.267,n,-2.46479,3.266198,5.231694,1.304881,OverRange,OverRange,OverRange,12.942658,16.155788,-2.7658
2026/06/06 19:32:00.270,n,-2.555243,5.876343,5.626951,1.237078,OverRange,OverRange,OverRange,12.979696,16.150392,-2.615804
2026/06/06 19:33:00.271,n,-2.482111,4.937903,4.727877,1.59038,OverRange,OverRange,OverRange,12.809962,16.14291,-2.717081
2026/06/06 19:34:00.272,n,-2.584495,3.120986,4.877072,1.64266,OverRange,OverRange,OverRange,12.913992,16.137548,-2.831839
2026/06/06 19:35:00.466,n,-2.432587,6.527666,4.976789,1.696238,OverRange,OverRange,OverRange,12.96338,16.136506,-2.736535
2026/06/06 19:36:00.277,n,-2.654804,6.161272,5.242746,1.621867,OverRange,OverRange,OverRange,12.943426,16.124672,-2.826123
2026/06/06 19:37:00.278,n,-2.53202,6.282027,5.010122,1.382681,OverRange,OverRange,OverRange,12.928966,16.118234,-2.744384
2026/06/06 19:38:00.280,n,-2.587703,4.019854,4.49549,1.64941,OverRange,OverRange,OverRange,12.833634,16.108602,-2.682099
2026/06/06 19:39:00.282,n,-2.534843,3.547862,4.780117,1.494476,OverRange,OverRange,OverRange,12.87082,16.108602,-2.654711
2026/06/06 19:40:00.268,n,-2.552292,6.316387,5.441104,1.460395,OverRange,OverRange,OverRange,12.954286,16.097876,-2.619814
2026/06/06 19:41:00.270,n,-2.508541,3.223498,4.794129,1.782912,OverRange,OverRange,OverRange,12.785222,16.092512,-2.666314
2026/06/06 19:42:00.271,n,-2.482239,3.340748,4.650525,1.195558,OverRange,OverRange,OverRange,12.921408,16.085032,-2.680137
2026/06/06 19:43:00.274,n,-2.508798,3.942619,4.78867,1.441702,OverRange,OverRange,OverRange,12.806392,16.076378,-2.672287
2026/06/06 19:44:00.276,n,-2.555499,6.006623,5.360953,1.017906,OverRange,OverRange,OverRange,12.95635,16.071048,-2.771431
2026/06/06 19:45:00.278,n,-2.59925,6.18504,4.789085,1.268593,OverRange,OverRange,OverRange,12.947316,16.072726,-2.802574
2026/06/06 19:46:00.279,n,-2.257199,3.708218,5.131762,1.031647,OverRange,OverRange,OverRange,12.791596,16.070558,-2.666741
2026/06/06 19:47:00.282,n,-2.274777,6.248662,5.411799,1.138245,OverRange,OverRange,OverRange,13.034434,16.060894,-2.579201
2026/06/06 19:48:00.287,n,-2.125563,6.092491,5.551659,1.149464,OverRange,OverRange,OverRange,12.84402,16.056606,-2.637646
2026/06/06 19:49:00.269,n,-2.140189,3.287382,4.082355,1.249292,OverRange,OverRange,OverRange,12.813436,16.049094,-2.544133
2026/06/06 19:50:00.273,n,-2.192664,4.24171,4.648732,1.381269,OverRange,OverRange,OverRange,12.926632,16.044838,-2.52067
2026/06/06 19:51:00.272,n,-2.180989,3.619616,5.04306,1.170701,OverRange,OverRange,OverRange,12.899426,16.036216,-2.493452
2026/06/06 19:52:00.277,n,-2.139932,3.805329,4.539498,1.105439,OverRange,OverRange,OverRange,12.960338,16.03299,-2.503264
2026/06/06 19:53:00.278,n,-2.227947,3.640493,4.665298,1.451721,OverRange,OverRange,OverRange,12.989558,16.034098,-2.489698
2026/06/06 19:54:00.279,n,-2.151608,4.329865,4.662716,1.547156,OverRange,OverRange,OverRange,12.949966,16.034098,-2.401902
2026/06/06 19:55:00.281,n,-2.198566,6.422879,5.34392,1.510828,OverRange,OverRange,OverRange,13.003494,16.03946,-2.499169
2026/06/06 19:56:00.285,n,-2.081427,6.669535,4.940704,1.817427,OverRange,OverRange,OverRange,12.81007,16.037326,-2.400025
2026/06/06 19:57:00.270,n,-2.145963,3.149544,4.654781,1.547907,OverRange,OverRange,OverRange,12.900758,16.04373,-2.508981
2026/06/06 19:58:00.271,n,-2.283501,3.782248,4.529928,1.441565,OverRange,OverRange,OverRange,12.939326,16.04588,-2.604371
2026/06/06 19:59:00.275,n,-2.248603,6.591305,4.633358,1.57513,OverRange,OverRange,OverRange,12.9823,16.049094,-2.470074
2026/06/06 20:00:00.258,n,-2.231026,3.698462,5.052555,1.220597,OverRange,OverRange,OverRange,12.90236,16.06068,-2.608295
2026/06/06 20:01:00.259,n,-2.351372,3.253303,4.59347,1.475934,OverRange,OverRange,OverRange,12.9074,16.062864,-2.501728
2026/06/06 20:02:00.261,n,-2.406927,3.513487,4.554491,1.60571,OverRange,OverRange,OverRange,12.90361,16.065002,-2.530652
2026/06/06 20:03:00.262,n,-2.421681,6.582231,5.408867,1.517478,OverRange,OverRange,OverRange,12.894684,16.066076,-2.484152
2026/06/06 20:04:00.265,n,-2.360225,3.883497,4.481636,1.388479,OverRange,OverRange,OverRange,12.757544,16.068228,-2.536625
2026/06/06 20:05:00.267,n,-2.389349,3.571744,4.518292,1.357712,OverRange,OverRange,OverRange,12.915762,16.05964,-2.534748
2026/06/06 20:06:00.268,n,-2.398202,3.914613,4.358017,1.098823,OverRange,OverRange,OverRange,12.809672,16.056394,-2.558041
2026/06/06 20:07:00.272,n,-2.573718,3.929931,3.899524,0.171163,OverRange,OverRange,OverRange,12.89472,16.052124,-2.632015
2026/06/06 20:08:00.272,n,-2.541771,6.127895,4.70735,1.305568,OverRange,OverRange,OverRange,13.00853,16.045688,-2.657356
2026/06/06 20:09:00.258,n,-2.301848,3.382269,5.612912,1.097761,OverRange,OverRange,OverRange,12.769192,16.049956,-2.678857
2026/06/06 20:10:00.259,n,-2.310573,6.07121,5.293196,1.177919,OverRange,OverRange,OverRange,12.95837,16.045688,-2.548314
2026/06/06 20:11:00.266,n,-2.234234,6.244339,5.550392,1.165594,OverRange,OverRange,OverRange,12.767956,16.038172,-2.546437
2026/06/06 20:12:00.264,n,-2.32212,5.877433,4.796092,1.314519,OverRange,OverRange,OverRange,12.82924,16.03708,-2.645837
2026/06/06 20:13:00.266,n,-2.307494,6.182811,5.359731,1.386034,OverRange,OverRange,OverRange,12.88649,16.027448,-2.596948
2026/06/06 20:14:00.268,n,-2.31609,3.701548,4.477693,1.479526,OverRange,OverRange,OverRange,12.7511,16.025296,-2.649591
2026/06/06 20:15:00.269,n,-2.389606,5.875931,5.035748,1.144345,OverRange,OverRange,OverRange,12.953802,16.018858,-2.597033
2026/06/06 20:16:00.272,n,-2.591295,3.779245,3.718094,0.232424,OverRange,OverRange,OverRange,12.882864,16.012422,-2.883203
2026/06/06 20:17:00.258,n,-2.515213,5.336675,4.942378,1.39424,OverRange,OverRange,OverRange,13.00733,16.015614,-2.717764
2026/06/06 20:18:00.258,n,-2.345471,3.893025,4.078404,0.879506,OverRange,OverRange,OverRange,12.960404,16.012422,-2.60292
2026/06/06 20:19:00.264,n,-2.439002,4.041786,4.075733,1.004109,OverRange,OverRange,OverRange,12.939448,16.011346,-2.670922
2026/06/06 20:20:00.263,n,-2.377802,4.96434,4.79415,1.403106,OverRange,OverRange,OverRange,12.918742,16.008102,-2.667168
2026/06/06 20:21:00.268,n,-2.339825,6.371944,4.245769,1.06979,OverRange,OverRange,OverRange,12.941986,16.00595,-2.567768
2026/06/06 20:22:00.269,n,-2.459787,6.669273,4.618698,1.307137,OverRange,OverRange,OverRange,12.897578,16.00595,-2.538587
2026/06/06 20:23:00.270,n,-2.474541,4.909393,4.800106,1.008186,OverRange,OverRange,OverRange,12.761578,15.998468,-2.462821
2026/06/06 20:24:00.271,n,-2.456836,6.248019,6.131244,0.211602,OverRange,OverRange,OverRange,12.765686,15.991998,-2.412225
2026/06/06 20:25:00.257,n,-2.374852,3.2861,4.512784,1.534424,OverRange,OverRange,OverRange,12.627626,15.987744,-2.423829
2026/06/06 20:26:00.259,n,-2.424504,6.067744,4.686889,1.297705,OverRange,OverRange,OverRange,12.825634,15.980198,-2.530994
2026/06/06 20:27:00.261,n,-2.483009,6.178734,5.797941,0.627011,OverRange,OverRange,OverRange,12.835256,15.972718,-2.589183
2026/06/06 20:28:00.263,n,-2.354452,3.569033,5.367175,1.133844,OverRange,OverRange,OverRange,12.64388,15.97376,-2.538587
2026/06/06 20:29:00.265,n,-2.459659,4.76798,5.615741,1.331866,OverRange,OverRange,OverRange,12.738832,15.96411,-2.583467
2026/06/06 20:30:00.267,n,-2.357274,5.584338,5.174598,1.265773,OverRange,OverRange,OverRange,12.77446,15.963002,-2.513417
2026/06/06 20:31:00.269,n,-2.515469,6.581762,4.467034,1.187764,OverRange,OverRange,OverRange,12.804592,15.954446,-2.620326
2026/06/06 20:32:00.270,n,-2.544722,3.222163,5.174491,1.517329,OverRange,OverRange,OverRange,12.711386,15.958716,-2.616401
2026/06/06 20:33:00.276,n,-2.45953,4.518631,5.044266,1.365044,OverRange,OverRange,OverRange,12.708862,15.960884,-2.696262
2026/06/06 20:34:00.258,n,-2.447855,6.481303,5.525088,1.291308,OverRange,OverRange,OverRange,12.848048,15.955554,-2.585344
2026/06/06 20:35:00.260,n,-2.412828,6.582926,4.692237,1.26901,OverRange,OverRange,OverRange,12.739656,15.956596,-2.51137
2026/06/06 20:36:00.263,n,-2.342648,4.099952,5.239152,1.250197,OverRange,OverRange,OverRange,12.657238,15.958716,-2.614609
2026/06/06 20:37:00.264,n,-2.526888,3.356674,3.983874,0.619299,OverRange,OverRange,OverRange,12.837006,15.95764,-2.707952
2026/06/06 20:38:00.265,n,-2.451062,6.026198,5.540726,0.952669,OverRange,OverRange,OverRange,12.803482,15.955554,-2.713754
2026/06/06 20:39:00.269,n,-2.465432,3.374581,4.536615,1.168933,OverRange,OverRange,OverRange,12.798436,15.956596,-2.719726
2026/06/06 20:40:00.270,n,-2.637997,6.020252,5.635062,0.934719,OverRange,OverRange,OverRange,12.874268,15.95337,-2.867589
2026/06/06 20:41:00.272,n,-2.509568,3.779586,4.287267,0.973831,OverRange,OverRange,OverRange,12.731354,15.952278,-2.709914
2026/06/06 20:42:00.275,n,-2.562171,6.432961,4.465421,1.00809,OverRange,OverRange,OverRange,12.904058,15.949082,-2.589269
2026/06/06 20:43:00.259,n,-2.483137,3.778229,5.256093,1.11418,OverRange,OverRange,OverRange,12.644628,15.941538,-2.762472
2026/06/06 20:44:00.262,n,-2.576925,6.010572,4.721026,1.24063,OverRange,OverRange,OverRange,12.827516,15.94043,-2.678771
2026/06/06 20:45:00.263,n,-2.526888,5.598188,4.512491,1.260683,OverRange,OverRange,OverRange,12.795644,15.937284,-2.739094
2026/06/06 20:46:00.267,n,-2.500715,5.13111,5.941452,0.41915,OverRange,OverRange,OverRange,12.648686,15.92651,-2.822966
2026/06/06 20:47:00.267,n,-2.503409,6.11593,5.101942,1.337536,OverRange,OverRange,OverRange,12.737626,15.930812,-2.708037
2026/06/06 20:48:00.270,n,-2.562171,5.460094,4.51001,1.12814,OverRange,OverRange,OverRange,12.736354,15.92333,-2.626213
2026/06/06 20:49:00.272,n,-2.626578,3.741531,4.698972,1.280956,OverRange,OverRange,OverRange,12.74523,15.905094,-2.6943
2026/06/06 20:50:00.274,n,-2.717287,5.450878,4.551898,1.185484,OverRange,OverRange,OverRange,12.6731,15.907196,-2.633978
2026/06/06 20:51:00.275,n,-2.61208,6.046004,4.741576,1.302636,OverRange,OverRange,OverRange,12.773708,15.895364,-2.587306
2026/06/06 20:52:00.263,n,-2.468511,3.275494,4.904041,1.286553,OverRange,OverRange,OverRange,12.668538,15.891078,-2.57758
2026/06/06 20:53:00.262,n,-2.433357,3.212368,4.775526,1.415303,OverRange,OverRange,OverRange,12.721756,15.885714,-2.649677
2026/06/06 20:54:00.264,n,-2.421553,3.811228,4.203398,1.157219,OverRange,OverRange,OverRange,12.687486,15.873882,-2.639865
2026/06/06 20:55:00.267,n,-2.398202,3.661025,5.389611,1.051362,OverRange,OverRange,OverRange,12.674626,15.865326,-2.709999
2026/06/06 20:56:00.268,n,-2.433485,5.923229,5.52192,0.896952,OverRange,OverRange,OverRange,12.729136,15.863174,-2.709999
2026/06/06 20:57:00.270,n,-2.363176,4.028926,4.226897,0.906228,OverRange,OverRange,OverRange,12.648408,15.85563,-2.76836
2026/06/06 20:58:00.272,n,-2.532918,3.893242,4.910193,1.342924,OverRange,OverRange,OverRange,12.737386,15.846012,-2.86375
2026/06/06 20:59:00.276,n,-2.532918,6.500614,5.070911,1.308812,OverRange,OverRange,OverRange,12.705624,15.846012,-2.814946
2026/06/06 21:00:00.276,n,-2.451062,3.703681,4.464237,1.30872,OverRange,OverRange,OverRange,12.709198,15.841678,-2.764521
2026/06/06 21:01:00.263,n,-2.480187,6.164783,5.948742,0.585343,OverRange,OverRange,OverRange,12.756322,15.838468,-2.659318
2026/06/06 21:02:00.265,n,-2.436051,5.764464,4.851835,1.261927,OverRange,OverRange,OverRange,12.738912,15.830954,-2.66896
2026/06/06 21:03:00.265,n,-2.456964,4.026581,3.870836,0.223695,OverRange,OverRange,OverRange,12.704412,15.82556,-2.618449
2026/06/06 21:04:00.267,n,-2.456836,3.924177,4.096966,0.620742,OverRange,OverRange,OverRange,12.725322,15.822332,-2.476388
2026/06/06 21:05:00.409,n,-2.538692,3.545697,4.372672,1.074684,OverRange,OverRange,OverRange,12.753286,15.826634,-2.529031
2026/06/06 21:06:00.272,n,-2.611952,3.931368,4.803536,1.273875,OverRange,OverRange,OverRange,12.698334,15.815894,-2.659403
2026/06/06 21:07:00.273,n,-2.646978,4.100458,4.43736,1.11247,OverRange,OverRange,OverRange,12.719778,15.814836,-2.729453
2026/06/06 21:08:00.275,n,-2.526888,3.829101,4.750372,1.295028,OverRange,OverRange,OverRange,12.619618,15.81912,-2.581504
2026/06/06 21:09:00.278,n,-2.550367,5.916742,6.049358,0.262888,OverRange,OverRange,OverRange,12.683492,15.81808,-2.678857
2026/06/06 21:10:00.263,n,-2.483009,6.450074,4.561811,1.532242,OverRange,OverRange,OverRange,12.6158,15.81912,-2.600958
2026/06/06 21:11:00.267,n,-2.474541,3.294257,4.831633,1.500894,OverRange,OverRange,OverRange,12.624928,15.822332,-2.748821
2026/06/06 21:12:00.269,n,-2.63248,6.238282,5.078152,1.258224,OverRange,OverRange,OverRange,12.756348,15.826634,-2.760425
2026/06/06 21:13:00.272,n,-2.591295,6.420106,4.611275,1.498584,OverRange,OverRange,OverRange,12.657452,15.82771,-2.694301
2026/06/06 21:14:00.271,n,-2.477236,5.936008,5.489729,1.047963,OverRange,OverRange,OverRange,12.639852,15.82771,-2.657356
2026/06/06 21:15:00.273,n,-2.480315,5.15742,5.022489,1.173148,OverRange,OverRange,OverRange,12.670854,15.830954,-2.595241
2026/06/06 21:16:00.277,n,-2.556269,6.448981,5.112862,1.250059,OverRange,OverRange,OverRange,12.641038,15.82556,-2.596948
2026/06/06 21:17:00.276,n,-2.544465,3.318997,4.558619,1.175839,OverRange,OverRange,OverRange,12.616116,15.826634,-2.671007
2026/06/06 21:18:00.280,n,-2.53279,3.24733,4.737411,1.357836,OverRange,OverRange,OverRange,12.607234,15.828802,-2.569645
2026/06/06 21:19:00.265,n,-2.512518,3.208731,5.183998,1.493418,OverRange,OverRange,OverRange,12.610036,15.828802,-2.63995
2026/06/06 21:20:00.267,n,-2.52676,3.750735,4.804336,1.322628,OverRange,OverRange,OverRange,12.640096,15.817002,-2.653516
2026/06/06 21:21:00.269,n,-2.53882,6.45181,5.381075,1.505803,OverRange,OverRange,OverRange,12.690782,15.8105,-2.612562
2026/06/06 21:22:00.271,n,-2.655702,4.035879,4.28653,0.777388,OverRange,OverRange,OverRange,12.551312,15.806246,-2.561966
2026/06/06 21:23:00.272,n,-2.556269,6.356895,5.397664,1.513512,OverRange,OverRange,OverRange,12.627976,15.793338,-2.416065
2026/06/06 21:24:00.275,n,-2.476979,3.309636,4.483935,1.525401,OverRange,OverRange,OverRange,12.496292,15.790112,-2.573655
2026/06/06 21:25:00.277,n,-2.529839,3.534131,4.988307,1.77425,OverRange,OverRange,OverRange,12.630474,15.784782,-2.661281
2026/06/06 21:26:00.278,n,-2.509311,6.221157,5.382175,1.569153,OverRange,OverRange,OverRange,12.637554,15.778312,-2.612647
2026/06/06 21:27:00.281,n,-2.494813,3.499113,4.657684,1.501182,OverRange,OverRange,OverRange,12.561138,15.76433,-2.742934
2026/06/06 21:28:00.266,n,-2.576669,3.190066,4.901827,1.604247,OverRange,OverRange,OverRange,12.598466,15.761086,-2.809229
2026/06/06 21:29:00.269,n,-2.526888,5.308185,5.022734,1.304897,OverRange,OverRange,OverRange,12.539424,15.75253,-2.717678
2026/06/06 21:30:00.271,n,-2.573846,6.570118,5.015087,1.589905,OverRange,OverRange,OverRange,12.550538,15.743922,-2.737217
2026/06/06 21:31:00.271,n,-2.547673,6.520796,4.907427,1.746067,OverRange,OverRange,OverRange,12.578242,15.740696,-2.770408
2026/06/06 21:32:00.273,n,-2.532918,3.822019,4.475821,0.859202,OverRange,OverRange,OverRange,12.432256,15.735366,-2.803256
2026/06/06 21:33:00.276,n,-2.535997,6.334204,6.156025,0.415167,OverRange,OverRange,OverRange,12.575546,15.72779,-2.746858
2026/06/06 21:34:00.277,n,-2.600148,3.999264,5.25169,1.375004,OverRange,OverRange,OverRange,12.54274,15.720276,-2.782097
2026/06/06 21:35:00.280,n,-2.746668,3.694884,3.77192,0.118996,OverRange,OverRange,OverRange,12.538972,15.714914,-2.854023
2026/06/06 21:36:00.281,n,-2.623627,3.820429,4.397085,1.147944,OverRange,OverRange,OverRange,12.58486,15.705234,-2.71401
2026/06/06 21:37:00.267,n,-2.573846,4.189831,5.627224,0.917279,OverRange,OverRange,OverRange,12.545736,15.704158,-2.746944
2026/06/06 21:38:00.269,n,-2.600276,3.887321,3.924851,0.154146,OverRange,OverRange,OverRange,12.54601,15.698812,-2.717849
2026/06/06 21:39:00.273,n,-2.608872,5.830914,6.111727,0.296937,OverRange,OverRange,OverRange,12.595448,15.689376,-2.641742
2026/06/06 21:40:00.276,n,-2.650185,4.461059,5.340394,1.058404,OverRange,OverRange,OverRange,12.558162,15.692602,-2.614694
2026/06/06 21:41:00.279,n,-2.594374,3.720051,3.878289,0.487097,OverRange,OverRange,OverRange,12.559932,15.684048,-2.653516
2026/06/06 21:42:00.277,n,-2.732041,4.326838,3.929498,0.21468,OverRange,OverRange,OverRange,12.594218,15.674416,-2.774161
2026/06/06 21:43:00.281,n,-2.617725,6.320059,5.601621,1.183484,OverRange,OverRange,OverRange,12.571524,15.677642,-2.669045
2026/06/06 21:44:00.283,n,-2.573974,6.116478,6.047512,0.200014,OverRange,OverRange,OverRange,12.46961,15.675524,-2.647629
2026/06/06 21:45:00.284,n,-2.620676,4.027872,4.642247,1.091927,OverRange,OverRange,OverRange,12.478398,15.679778,-2.618364
2026/06/06 21:46:00.268,n,-2.781566,3.754934,5.728321,0.998798,OverRange,OverRange,OverRange,12.514958,15.677642,-2.815202
2026/06/06 21:47:00.271,n,-2.796192,6.160174,5.00019,1.187338,OverRange,OverRange,OverRange,12.43603,15.679778,-2.898817
2026/06/06 21:48:00.273,n,-2.658525,3.14643,4.827162,1.559909,OverRange,OverRange,OverRange,12.403224,15.686182,-2.772199
2026/06/06 21:49:00.276,n,-2.606178,6.400631,4.903538,1.299087,OverRange,OverRange,OverRange,12.498364,15.678736,-2.692508
2026/06/06 21:50:00.277,n,-2.503409,5.956136,5.164096,1.347094,OverRange,OverRange,OverRange,12.443578,15.683004,-2.698396
2026/06/06 21:51:00.267,n,-2.518164,5.347286,5.165003,1.190088,OverRange,OverRange,OverRange,12.448628,15.674416,-2.729453
2026/06/06 21:52:00.281,n,-2.47159,4.111972,4.563235,0.939147,OverRange,OverRange,OverRange,12.450668,15.675524,-2.663243
2026/06/06 21:53:00.266,n,-2.538948,3.53692,5.204339,1.318931,OverRange,OverRange,OverRange,12.45899,15.668042,-2.707952
2026/06/06 21:54:00.269,n,-2.521371,5.428086,4.746652,0.903278,OverRange,OverRange,OverRange,12.448416,15.671222,-2.72348
2026/06/06 21:55:00.273,n,-2.497507,3.92839,5.299223,1.196273,OverRange,OverRange,OverRange,12.42947,15.67016,-2.684659
2026/06/06 21:56:00.277,n,-2.477364,3.785009,5.042352,1.393298,OverRange,OverRange,OverRange,12.447628,15.658412,-2.682782
2026/06/06 21:57:00.257,n,-2.529967,4.393389,5.29413,1.021825,OverRange,OverRange,OverRange,12.480206,15.657336,-2.708122
2026/06/06 21:58:00.260,n,-2.547416,3.981208,4.619867,1.386503,OverRange,OverRange,OverRange,12.475902,15.647752,-2.762558
2026/06/06 21:59:00.263,n,-2.714464,6.102988,5.400308,1.234062,OverRange,OverRange,OverRange,12.474148,15.641334,-2.846088
2026/06/06 22:00:00.264,n,-2.600148,6.012701,4.454955,1.078772,OverRange,OverRange,OverRange,12.46985,15.641334,-2.819041
2026/06/06 22:01:00.267,n,-2.550367,3.882567,4.172896,0.978459,OverRange,OverRange,OverRange,12.456716,15.630672,-2.859825
2026/06/06 22:02:00.269,n,-2.620676,6.309257,5.330849,1.218815,OverRange,OverRange,OverRange,12.490042,15.628524,-2.647629
2026/06/06 22:03:00.269,n,-2.524194,3.77966,4.182207,0.972232,OverRange,OverRange,OverRange,12.428452,15.62427,-2.782097
2026/06/06 22:04:00.275,n,-2.611952,6.181556,5.436501,1.405279,OverRange,OverRange,OverRange,12.48348,15.618892,-2.698225
2026/06/06 22:05:00.259,n,-2.567816,6.642205,4.953895,1.660074,OverRange,OverRange,OverRange,12.397914,15.615712,-2.758548
2026/06/06 22:06:00.261,n,-2.550496,3.869422,5.230712,1.26819,OverRange,OverRange,OverRange,12.409042,15.608232,-2.741057
2026/06/06 22:07:00.521,n,-2.635174,3.960531,4.339745,1.156084,OverRange,OverRange,OverRange,12.437542,15.600752,-2.593108
2026/06/06 22:08:00.266,n,-2.810818,6.136873,5.041329,1.313718,OverRange,OverRange,OverRange,12.449916,15.611084,-2.711962
2026/06/06 22:09:00.266,n,-2.116966,4.674663,5.814732,0.569131,OverRange,OverRange,OverRange,12.379018,15.610286,-2.37895
2026/06/06 22:10:00.266,n,-2.234362,3.849709,4.181209,1.192626,OverRange,OverRange,OverRange,12.401464,15.598504,-2.457105
2026/06/06 22:11:00.269,n,-2.307622,6.589451,5.028264,1.544223,OverRange,OverRange,OverRange,12.393138,15.593176,-2.437566
2026/06/06 22:12:00.271,n,-2.24052,6.354687,5.444744,1.35798,OverRange,OverRange,OverRange,12.381012,15.588922,-2.509663
2026/06/06 22:13:00.256,n,-2.18766,3.289723,5.018252,1.705319,OverRange,OverRange,OverRange,12.363342,15.57929,-2.579542
2026/06/06 22:14:00.262,n,-2.240136,4.413687,4.868145,1.178484,OverRange,OverRange,OverRange,12.474916,15.573994,-2.527154
2026/06/06 22:15:00.261,n,-2.275418,3.485632,4.952572,1.637052,OverRange,OverRange,OverRange,12.390106,15.571842,-2.431849
2026/06/06 22:16:00.262,n,-2.310701,6.307431,5.29805,1.365499,OverRange,OverRange,OverRange,12.443884,15.563286,-2.408386
2026/06/06 22:17:00.264,n,-2.386655,6.302049,5.355401,1.361189,OverRange,OverRange,OverRange,12.39971,15.56221,-2.544731
2026/06/06 22:18:00.266,n,-2.272596,4.542596,5.858389,0.652119,OverRange,OverRange,OverRange,12.413606,15.553638,-2.546608
2026/06/06 22:19:00.269,n,-2.272467,3.44598,5.01376,1.450814,OverRange,OverRange,OverRange,12.348958,15.553638,-2.468794
2026/06/06 22:20:00.271,n,-2.152634,4.051716,4.546626,1.476274,OverRange,OverRange,OverRange,12.422648,15.5494,-2.451218
2026/06/06 22:21:00.273,n,-2.155713,3.617648,4.621989,1.370405,OverRange,OverRange,OverRange,12.396902,15.553638,-2.385008
2026/06/06 22:22:00.257,n,-2.325199,6.493681,5.416953,1.418071,OverRange,OverRange,OverRange,12.471364,15.555806,-2.571948
2026/06/06 22:23:00.259,n,-2.231411,4.128726,5.481831,1.212392,OverRange,OverRange,OverRange,12.414104,15.553638,-2.44917
2026/06/06 22:24:00.264,n,-2.193562,3.662419,4.922717,1.479593,OverRange,OverRange,OverRange,12.405782,15.553638,-2.472719
2026/06/06 22:25:00.263,n,-2.214219,3.884968,4.613207,1.315315,OverRange,OverRange,OverRange,12.436804,15.551486,-2.464869
2026/06/06 22:26:00.265,n,-2.18766,3.286492,5.008446,1.481158,OverRange,OverRange,OverRange,12.365352,15.5494,-2.558211
2026/06/06 22:27:00.269,n,-2.225894,6.089453,4.772186,1.228385,OverRange,OverRange,OverRange,12.449906,15.550444,-2.48236
2026/06/06 22:28:00.269,n,-2.196641,3.867064,4.312248,1.197516,OverRange,OverRange,OverRange,12.287848,15.5494,-2.597289
2026/06/06 22:29:00.276,n,-2.325199,6.585899,5.125585,1.384016,OverRange,OverRange,OverRange,12.437298,15.548294,-2.636281
2026/06/06 22:30:00.277,n,-2.351629,6.175379,4.672971,1.069211,OverRange,OverRange,OverRange,12.489284,15.538678,-2.696519
2026/06/06 22:31:00.259,n,-2.336874,3.866374,4.763253,1.285427,OverRange,OverRange,OverRange,12.398442,15.530154,-2.748906
2026/06/06 22:32:00.265,n,-2.369206,5.060699,5.542067,0.973161,OverRange,OverRange,OverRange,12.4292,15.528004,-2.717764
2026/06/06 22:33:00.264,n,-2.196641,6.187742,5.579314,1.190652,OverRange,OverRange,OverRange,12.424942,15.530154,-2.605139
2026/06/06 22:34:00.267,n,-2.205366,3.729279,4.957742,1.500858,OverRange,OverRange,OverRange,12.359512,15.51948,-2.63995
2026/06/06 22:35:00.270,n,-2.19074,3.652977,5.083813,1.334747,OverRange,OverRange,OverRange,12.395916,15.516254,-2.628431
2026/06/06 22:36:00.270,n,-2.170211,6.470856,5.170612,1.440383,OverRange,OverRange,OverRange,12.434256,15.51948,-2.558297
2026/06/06 22:37:00.271,n,-2.23449,3.703849,4.073158,1.303597,OverRange,OverRange,OverRange,12.358276,15.505564,-2.620667
2026/06/06 22:38:00.273,n,-2.427455,3.967854,4.995401,1.410434,OverRange,OverRange,OverRange,12.37442,15.501278,-2.743104
2026/06/06 22:39:00.276,n,-2.251939,3.906365,4.643144,1.427582,OverRange,OverRange,OverRange,12.344906,15.492754,-2.540806
2026/06/06 22:40:00.262,n,-2.269516,6.661809,5.02756,1.416426,OverRange,OverRange,OverRange,12.35019,15.490602,-2.425792
2026/06/06 22:41:00.263,n,-2.243343,6.511767,4.939424,1.629515,OverRange,OverRange,OverRange,12.366634,15.478854,-2.462907
2026/06/06 22:42:00.265,n,-2.246294,3.640076,4.90481,1.160744,OverRange,OverRange,OverRange,12.361328,15.470314,-2.509578
2026/06/06 22:43:00.266,n,-2.231667,6.421156,5.357567,1.474022,OverRange,OverRange,OverRange,12.388078,15.46176,-2.529031
2026/06/06 22:44:00.271,n,-2.19369,3.411652,4.824266,1.528159,OverRange,OverRange,OverRange,12.362082,15.45431,-2.554372
2026/06/06 22:45:00.272,n,-2.284271,3.797707,4.599858,1.453453,OverRange,OverRange,OverRange,12.374954,15.44895,-2.499936
2026/06/06 22:46:00.273,n,-2.340082,6.213121,4.741177,1.132891,OverRange,OverRange,OverRange,12.421672,15.448444,-2.490039
2026/06/06 22:47:00.274,n,-2.205494,6.028399,5.25975,1.507515,OverRange,OverRange,OverRange,12.394486,15.430308,-2.433812
2026/06/06 22:48:00.276,n,-1.956847,6.587868,4.562688,1.304751,OverRange,OverRange,OverRange,12.36797,15.418592,-2.348234
2026/06/06 22:49:00.264,n,-2.298256,6.436638,4.578021,1.324627,OverRange,OverRange,OverRange,12.40416,15.405782,-2.59089
2026/06/06 22:50:00.264,n,-2.277984,5.532911,5.090191,1.35345,OverRange,OverRange,OverRange,12.369564,15.397226,-2.660939
2026/06/06 22:51:00.266,n,-2.383063,6.130758,6.042784,0.109723,OverRange,OverRange,OverRange,12.325644,15.387628,-2.655137
2026/06/06 22:52:00.268,n,-2.292482,3.804711,4.601837,1.219229,OverRange,OverRange,OverRange,12.266052,15.384418,-2.579286
2026/06/06 22:53:00.270,n,-2.380112,6.04445,4.717417,1.215168,OverRange,OverRange,OverRange,12.412476,15.382268,-2.598654
2026/06/06 22:54:00.272,n,-2.339055,3.745556,4.173002,1.245768,OverRange,OverRange,OverRange,12.289012,15.37697,-2.588928
2026/06/06 22:55:00.274,n,-2.409364,3.677675,5.05207,1.456935,OverRange,OverRange,OverRange,12.389252,15.380116,-2.54601
2026/06/06 22:56:00.277,n,-2.386142,3.793472,5.09591,1.288904,OverRange,OverRange,OverRange,12.349122,15.370502,-2.423659
2026/06/06 22:57:00.277,n,-2.397946,6.239408,5.788411,1.195277,OverRange,OverRange,OverRange,12.282176,15.375896,-2.343797
2026/06/06 22:58:00.263,n,-2.500073,5.038707,4.302976,1.319732,OverRange,OverRange,OverRange,12.267528,15.371576,-2.596692
2026/06/06 22:59:00.265,n,-2.403463,3.957648,4.689023,1.291958,OverRange,OverRange,OverRange,12.227162,15.380116,-2.621947
2026/06/06 23:00:00.268,n,-2.368308,4.791603,4.511318,1.082854,OverRange,OverRange,OverRange,12.402888,15.375896,-2.592767
2026/06/06 23:01:00.269,n,-2.503152,6.246402,6.178311,0.114194,OverRange,OverRange,OverRange,12.313778,15.373712,-2.738838
2026/06/06 23:02:00.270,n,-2.409364,5.964653,5.32193,1.335811,OverRange,OverRange,OverRange,12.256694,15.37697,-2.614097
2026/06/06 23:03:00.275,n,-2.324557,3.460393,5.659,1.079569,OverRange,OverRange,OverRange,12.227158,15.37697,-2.635513
2026/06/06 23:04:00.274,n,-2.356504,4.681676,4.865954,1.398122,OverRange,OverRange,OverRange,12.302388,15.364114,-2.606504
2026/06/06 23:05:00.275,n,-2.280679,6.358689,4.310598,1.028683,OverRange,OverRange,OverRange,12.342556,15.364114,-2.612306
2026/06/06 23:06:00.278,n,-2.348036,6.741022,5.201886,1.321597,OverRange,OverRange,OverRange,12.25089,15.360902,-2.647288
2026/06/06 23:07:00.263,n,-2.339055,4.203013,4.41302,1.097484,OverRange,OverRange,OverRange,12.315796,15.354498,-2.600616
2026/06/06 23:08:00.267,n,-2.353938,3.613079,4.518974,1.390472,OverRange,OverRange,OverRange,12.34257,15.350198,-2.63739
2026/06/06 23:09:00.267,n,-2.289531,6.466787,5.55513,0.895297,OverRange,OverRange,OverRange,12.301434,15.345912,-2.614183
2026/06/06 23:10:00.269,n,-2.310059,3.430194,4.803181,1.469247,OverRange,OverRange,OverRange,12.223114,15.336314,-2.643363
2026/06/06 23:11:00.274,n,-2.339184,6.011923,5.375704,1.561473,OverRange,OverRange,OverRange,12.330174,15.333102,-2.553774
2026/06/06 23:12:00.274,n,-2.444519,3.773259,3.748161,0.262664,OverRange,OverRange,OverRange,12.293086,15.319218,-2.688157
2026/06/06 23:13:00.274,n,-2.49725,3.800335,4.19104,1.183375,OverRange,OverRange,OverRange,12.323644,15.311708,-2.670666
2026/06/06 23:14:00.277,n,-2.461968,4.018801,4.69522,1.268847,OverRange,OverRange,OverRange,12.21073,15.305304,-2.71546
2026/06/06 23:15:00.279,n,-2.4943,6.16122,5.484766,1.00812,OverRange,OverRange,OverRange,12.309256,15.301,-2.705563
2026/06/06 23:16:00.264,n,-2.386142,3.3911,4.984185,1.312485,OverRange,OverRange,OverRange,12.204174,15.293552,-2.719299
2026/06/06 23:17:00.266,n,-2.435666,3.995135,5.133652,1.268502,OverRange,OverRange,OverRange,12.223862,15.28601,-2.690119
2026/06/06 23:18:00.268,n,-2.432587,3.289065,5.010698,1.471123,OverRange,OverRange,OverRange,12.217036,15.278562,-2.699846
2026/06/06 23:19:00.270,n,-2.406542,5.93573,5.015504,1.503905,OverRange,OverRange,OverRange,12.27715,15.272126,-2.72331
2026/06/06 23:20:00.272,n,-2.418089,3.544991,4.634027,1.445749,OverRange,OverRange,OverRange,12.274638,15.266796,-2.756244
2026/06/06 23:21:00.274,n,-2.423991,6.096139,5.079941,1.417414,OverRange,OverRange,OverRange,12.324392,15.25288,-2.729026
2026/06/06 23:22:00.278,n,-2.435794,6.012886,4.543742,1.390615,OverRange,OverRange,OverRange,12.313788,15.250762,-2.80684
2026/06/06 23:23:00.278,n,-2.450164,6.370971,5.417641,1.250505,OverRange,OverRange,OverRange,12.306718,15.244326,-2.822625
2026/06/06 23:24:00.279,n,-2.403591,6.570965,5.263198,1.47748,OverRange,OverRange,OverRange,12.270106,15.241114,-2.78952
2026/06/06 23:25:00.265,n,-2.432844,6.305762,5.423918,1.492122,OverRange,OverRange,OverRange,12.278442,15.236846,-2.760254
2026/06/06 23:26:00.267,n,-2.406157,3.546914,4.740288,1.613199,OverRange,OverRange,OverRange,12.242558,15.228258,-2.787557
2026/06/06 23:27:00.270,n,-2.552805,6.491868,5.06517,1.440633,OverRange,OverRange,OverRange,12.301158,15.221854,-2.791397
2026/06/06 23:28:00.272,n,-2.602457,4.928445,4.81815,1.073599,OverRange,OverRange,OverRange,12.234508,15.21545,-2.787387
2026/06/06 23:29:00.273,n,-2.567303,6.250009,6.083137,0.439532,OverRange,OverRange,OverRange,12.316052,15.216492,-2.742678
2026/06/06 23:30:00.275,n,-2.520601,6.202418,6.041413,0.199418,OverRange,OverRange,OverRange,12.20574,15.212256,-2.682269
2026/06/06 23:31:00.277,n,-2.520473,3.774401,4.857524,1.074574,OverRange,OverRange,OverRange,12.20216,15.209046,-2.684232
2026/06/06 23:32:00.278,n,-2.526503,6.42057,4.253779,1.068284,OverRange,OverRange,OverRange,12.331712,15.207972,-2.688157
2026/06/06 23:33:00.280,n,-2.552933,3.862197,4.432029,1.586324,OverRange,OverRange,OverRange,12.216274,15.210088,-2.69012
2026/06/06 23:34:00.267,n,-2.473643,3.189663,4.564744,1.102386,OverRange,OverRange,OverRange,12.325146,15.21545,-2.709658
2026/06/06 23:35:00.269,n,-2.470821,3.759057,4.833431,1.304004,OverRange,OverRange,OverRange,12.31632,15.212256,-2.746602
2026/06/06 23:36:00.270,n,-2.491349,6.495149,4.668957,1.48146,OverRange,OverRange,OverRange,12.314794,15.21545,-2.742678
2026/06/06 23:37:00.272,n,-2.421168,5.965003,5.331619,1.180642,OverRange,OverRange,OverRange,12.252162,15.218644,-2.828426
2026/06/06 23:38:00.274,n,-2.391787,4.246264,4.970056,1.240638,OverRange,OverRange,OverRange,12.230942,15.221854,-2.785595
2026/06/06 23:39:00.278,n,-2.453371,3.317088,4.606518,1.350997,OverRange,OverRange,OverRange,12.329188,15.226188,-2.834229
2026/06/06 23:40:00.278,n,-2.447342,3.769106,4.309465,1.132509,OverRange,OverRange,OverRange,12.29308,15.228258,-2.834228
2026/06/06 23:41:00.280,n,-2.634789,6.14045,4.87491,1.168688,OverRange,OverRange,OverRange,12.368826,15.222898,-2.87305
2026/06/06 23:42:00.282,n,-2.459017,6.233287,6.143315,0.09084,OverRange,OverRange,OverRange,12.264802,15.222898,-2.898391
2026/06/06 23:43:00.270,n,-2.526631,5.835315,5.720623,1.093556,OverRange,OverRange,OverRange,12.32868,15.228258,-2.84387
2026/06/06 23:44:00.272,n,-2.426942,3.308334,5.284926,1.486234,OverRange,OverRange,OverRange,12.280706,15.229334,-2.840116
2026/06/06 23:45:00.273,n,-2.438745,5.992971,5.684849,1.005624,OverRange,OverRange,OverRange,12.424592,15.224038,-2.836105
2026/06/06 23:46:00.274,n,-2.485319,6.320951,5.656785,1.247472,OverRange,OverRange,OverRange,12.303666,15.22508,-2.832351
2026/06/06 23:47:00.276,n,-2.485575,4.228434,5.323906,0.984373,OverRange,OverRange,OverRange,12.31631,15.22078,-2.807096
2026/06/06 23:48:00.277,n,-2.476594,3.710346,5.293427,1.374179,OverRange,OverRange,OverRange,12.309734,15.216492,-2.882862
2026/06/06 23:49:00.279,n,-2.458888,4.19373,4.669815,1.610108,OverRange,OverRange,OverRange,12.326656,15.217568,-2.81085
2026/06/06 23:50:00.268,n,-2.47082,6.47251,4.756449,1.456007,OverRange,OverRange,OverRange,12.346578,15.221854,-2.799246
2026/06/06 23:51:00.283,n,-2.453243,6.428702,5.137168,1.37516,OverRange,OverRange,OverRange,12.377136,15.214342,-2.875183
2026/06/06 23:52:00.271,n,-2.464919,3.234964,4.105661,1.093204,OverRange,OverRange,OverRange,12.396322,15.207972,-2.882947
2026/06/06 23:53:00.272,n,-2.494428,3.731054,4.300404,1.202105,OverRange,OverRange,OverRange,12.350606,15.205804,-2.845918
2026/06/06 23:54:00.274,n,-2.491349,3.954355,4.651799,1.303439,OverRange,OverRange,OverRange,12.377136,15.206862,-2.859569
2026/06/06 23:55:00.280,n,-2.485447,3.973714,4.969604,1.47694,OverRange,OverRange,OverRange,12.370586,15.207972,-2.900438
2026/06/06 23:56:00.278,n,-2.728064,6.465363,5.058051,1.435559,OverRange,OverRange,OverRange,12.466986,15.209046,-2.952911
2026/06/06 23:57:00.280,n,-2.53805,6.096524,5.913743,0.778903,OverRange,OverRange,OverRange,12.345352,15.209046,-2.808973
2026/06/06 23:58:00.280,n,-2.535228,4.318413,5.052335,1.367942,OverRange,OverRange,OverRange,12.379654,15.203684,-2.871173
2026/06/06 23:59:00.283,n,-2.596684,6.682199,5.328221,1.410366,OverRange,OverRange,OverRange,12.362248,15.228176,-2.908117
